file_id,filename,file_path,rank1_dir,rank1_score,rank2_dir,rank2_score,rank3_dir,rank3_score,rank4_dir,rank4_score,rank5_dir,rank5_score,rank6_dir,rank6_score,rank7_dir,rank7_score,rank8_dir,rank8_score,rank9_dir,rank9_score,rank10_dir,rank10_score
0,BAV1341.13v.1.txt,canon_unlabelled/BAV1341.13v.1.txt,CGAN.355.1,0.712335,CGAN.355.2,0.273007,CANT.328.22,0.23355,CAUX.561.35,0.208375,CTOL.638.11,0.207799,CGAN.355.14,0.198553,RPWO.758.5,0.190277,CTOL.589.10,0.183224,CGAN.355.9,0.183129,CGAN.355.4,0.181504
1,BAV1341.13v.2.txt,canon_unlabelled/BAV1341.13v.2.txt,CGAN.355.2,0.834574,CANC.314.13,0.263519,Can.apost.12,0.246116,CGAN.355.19,0.245795,CGAN.355.20,0.224316,CGAN.355.6,0.210964,"(ed. MOMMSEN, as Gildas, Epist.deperd.fragm. 3, in Chronica minora, 86, lines 21–4; trans. WINTERBOTTOM, Gildas, 80)",0.209632,CGAN.355.14,0.208189,CGAN.355.18,0.20526,Can.apost.35,0.205108
2,BAV1341.13v.3.txt,canon_unlabelled/BAV1341.13v.3.txt,CGAN.355.3,0.752752,CGAN.355.16,0.300018,CGAN.355.15,0.233239,Can.apost.6,0.195876,CTOL.633.12,0.195446,CNEO.315.1,0.182949,CARL.501?.13,0.177514,RPWO.758.20,0.176279,RPWO.758.11,0.163443,CCHA.451.13,0.160571
3,BAV1341.13v.4.txt,canon_unlabelled/BAV1341.13v.4.txt,CGAN.355.4,0.79882,CARL.501?.22,0.429944,CGAN.355.10,0.324984,Can.apost.9,0.301608,CORA.441.21,0.279122,CGAN.355.1,0.237645,CNIC.325.13,0.223268,CTOL.638.15,0.22315,CORL.511.2,0.210331,CTOL.655.1,0.208752
4,BAV1341.14r.1.txt,canon_unlabelled/BAV1341.14r.1.txt,CGAN.355.5,0.848537,CNEO.315.1,0.257544,CGAN.355.6,0.230376,CGAN.355.11,0.222181,CVER.755.5,0.211721,CNIC.325.5,0.20124,CGAN.355.20,0.195318,Can.apost.11,0.180951,CGAN.355.3,0.180114,CORL.511.22,0.178481
5,BAV1341.14r.10.txt,canon_unlabelled/BAV1341.14r.10.txt,CGAN.355.14,0.697971,Can.apost.12,0.279115,CCHA.451.13,0.249768,CNEO.315.7,0.247112,"CTOL.653.13  (excerpta canonum cap. 13)  Martinez Diez, vol. 5, pp. 475-476; text modified in W",0.246257,CARL.501?.15,0.232015,CTOL.633.67,0.220408,CAUX.561.34,0.211675,CTOL.589.10,0.197163,CNEO.315.2,0.192973
6,BAV1341.14r.11.txt,canon_unlabelled/BAV1341.14r.11.txt,CGAN.355.15,0.798152,CGAN.355.19,0.25151,CGAN.355.9,0.23396,Capit.Martini.16,0.221808,CGAN.355.18,0.220552,CHIP.393.18,0.205676,CGAN.355.8,0.203229,"Gregory of Nazianzus- Rufinus, De Pentecoste et de spiritu sancto 2 (in Tyranni Rufini
orationum Gregorii Nazianzeni novem interpretatio, ed. Engelbrecht, 143, lines 8–16)",0.198166,CTOL.638.5,0.188349,CORL.511.23,0.176062
7,BAV1341.14r.12.txt,canon_unlabelled/BAV1341.14r.12.txt,CGAN.355.16,0.771748,RPCO.757.6,0.239764,CGAN.355.15,0.227953,CTOL.633.63,0.184707,CTOL.633.60,0.173265,CNIC.325.20,0.172894,CTOL.633.61,0.170937,CNIC.325.11,0.170634,CHIP.393.14,0.166663,CNEO.315.12,0.165088
8,BAV1341.14r.13.txt,canon_unlabelled/BAV1341.14r.13.txt,CGAN.355.17,0.700657,CGAN.355.10,0.209716,CGAN.355.2,0.205547,CANT.328.4,0.203398,CANT.328.22,0.194503,CGAN.355.18,0.191566,CGAN.355.13,0.191003,CANC.314.9,0.179545,CLAO.300.20,0.179167,CORA.441.25,0.178346
9,BAV1341.14r.14.txt,canon_unlabelled/BAV1341.14r.14.txt,CGAN.355.18,0.700898,"Jerome, Epistola 52, ad Nepotianum (ed. Hilberg, I, 435, line )",0.266767,CAUX.561.42,0.253111,CGAN.355.19,0.250462,CTOU.567.18 (17),0.250381,CORL.511.31,0.241873,CTOU.567.19 (18),0.235452,CLAO.300.51,0.214274,CMAC.581.9,0.202888,CORL.511.27,0.200237
10,BAV1341.14r.15.txt,canon_unlabelled/BAV1341.14r.15.txt,CGAN.355.19,0.698927,CGAN.355.18,0.300988,CGAN.355.9,0.266413,CGAN.355.12,0.206486,CGAN.355.15,0.199774,CCHA.451.26,0.198917,Can.apost.48,0.181468,CGAN.355.3,0.177169,"Unidentified, but cf. Jerome, Epistola 107, ad Laetam (ed. Hilberg, II, 301, lines 6–8)",0.174577,CGAN.355.17,0.17322
11,BAV1341.14r.16.txt,canon_unlabelled/BAV1341.14r.16.txt,CGAN.355.20,0.664873,CGAN.355.5,0.202483,CGAN.355.1,0.19615,CGAN.355.6,0.193594,CORL.511.17,0.192061,Can.apost.23,0.186893,CGAN.355.11,0.18545,CLAO.300.51,0.179388,CAUX.561.12,0.171168,CORL.538.5,0.171083
12,BAV1341.14r.2.txt,canon_unlabelled/BAV1341.14r.2.txt,CGAN.355.6,0.657424,CGAN.355.7,0.275512,CGAN.355.14,0.243823,CANT.328.5,0.230439,CGAN.355.11,0.229182,CGAN.355.4,0.228009,"Gregorius Magnus, Hom.in ev. 2.33 (ed. Étaix, 297, lines 240–48)",0.220531,CTOL.589.3,0.219816,CAUX.561.10,0.217568,RPWO.758.5,0.215368
13,BAV1341.14r.3.txt,canon_unlabelled/BAV1341.14r.3.txt,CGAN.355.7,0.620381,CGAN.355.8,0.293923,Can.apost.35,0.243481,CTOL.655.6,0.222051,CGAN.355.18,0.218917,CARL.501?.22,0.203468,CGAN.355.15,0.196825,CGAN.355.9,0.188755,CNIC.325.13,0.184676,CGAN.355.19,0.184304
14,BAV1341.14r.4.txt,canon_unlabelled/BAV1341.14r.4.txt,CGAN.355.8,0.887139,CAGD.506.4,0.294734,CGAN.355.7,0.286046,CTOL.633.67,0.279899,CORL.511.14,0.238522,CGAN.355.11,0.233711,CGAN.355.10,0.223786,CGAN.355.4,0.214138,RPWO.758.13,0.213494,CGAN.355.9,0.204097
15,BAV1341.14r.5.txt,canon_unlabelled/BAV1341.14r.5.txt,CGAN.355.9,0.500622,CTOL.589.10,0.28018,CANC.314.18,0.268035,CGAN.355.10,0.255478,CANC.314.9,0.218137,CGAN.355.18,0.206968,CGAN.355.1,0.204889,CCHA.451.26,0.194767,CGAN.355.19,0.191479,CANC.314.2,0.190165
16,BAV1341.14r.6.txt,canon_unlabelled/BAV1341.14r.6.txt,CGAN.355.10,0.558603,CGAN.355.9,0.310095,CGAN.355.19,0.246827,CGAN.355.18,0.240115,CGAN.355.12,0.224059,CNIC.325.10,0.196018,CANC.314.18,0.186225,CORA.441.26,0.17683,Can.apost.25,0.160332,CNIC.325.6,0.156905
17,BAV1341.14r.7.txt,canon_unlabelled/BAV1341.14r.7.txt,CGAN.355.11,0.781536,CTOL.633.48,0.23327,CGAN.355.6,0.229467,CGAN.355.3,0.196899,CNEO.315.1,0.196344,Can.apost.32,0.195932,RPWO.758.8,0.18597,CANC.314.17,0.184604,CTOL.589.0 Conc. Toletana III; anno 589; PL 84 col. 384-386; combined canons?,0.182797,Can.apost.49,0.179937
18,BAV1341.14r.8.txt,canon_unlabelled/BAV1341.14r.8.txt,CGAN.355.12,0.651313,CGAN.355.13,0.293798,CGAN.355.19,0.272804,CGAN.355.9,0.242373,CHIP.393.18,0.192392,CHIP.393.20,0.176911,CNIC.325.7,0.17432,CANT.328.25,0.171825,CANT.328.18,0.171508,CTOL.638.6,0.167668
19,BAV1341.14r.9.txt,canon_unlabelled/BAV1341.14r.9.txt,CGAN.355.13,0.656925,"Caesarius, Sermo 192.2 (ed. Morin, 780, lines 21–4)",0.303662,CGAN.355.12,0.248862,RPCO.757.5,0.238608,"Jerome, Advers.Iovin.libri II, 1.14 (PL 23, col. 233A) Source (igitur ... alio uiro) Jerome, Advers.Iovin.libri II, 1.14 (PL 23, col. 233B)",0.223515,"Isidore, De eccl.offic. 2.20 (ed. Lawson, 91, lines 40–43)",0.20404,CORA.441.24,0.198673,CNIC.325.6,0.195038,CGAN.355.9,0.181938,CAUX.561.38,0.181353
20,BAV1341.14v.22.txt,canon_unlabelled/BAV1341.14v.22.txt,CSAR.347.1,0.66725,CSAR.347.2,0.572083,CSAR.347.6,0.322802,CSAR.347.18,0.306108,CNIC.325.15,0.293918,CHIP.393.38,0.240235,CSAR.347.11,0.231783,CSAR.347.14,0.225417,"CMEA.845.0 ""Canon extravagans 2"", Conc. Meaux, a. 845; unique to this ms, apud MGH Conc. III p. 129",0.22476,CSAR.347.4,0.211801
21,BAV1341.14v.23.txt,canon_unlabelled/BAV1341.14v.23.txt,CSAR.347.3,0.364247,CANT.328.11,0.224077,Stat.Eccl.Antiq. 20,0.20941,"Caesarius, Sermo 43.5 (ed. Morin, 192, lines 17–23)",0.208647,CTOL.527.5,0.206564,CANT.328.13,0.201485,CORL.511.3,0.192915,CANT.328.20,0.192601,CANT.328.14,0.192089,CSAR.347.4,0.187585
22,BAV1341.14v.24.txt,canon_unlabelled/BAV1341.14v.24.txt,CSAR.347.3,0.313333,CANT.328.14,0.294748,CARL.501?.5,0.270326,CANT.328.20,0.269531,CTOL.633.34,0.252615,CEPA.517.9,0.250589,CAGD.506.8,0.206426,CTOL.633.3,0.202562,CAGD.506.32,0.202542,Can.apost.1,0.194923
23,BAV1341.15r.1.txt,canon_unlabelled/BAV1341.15r.1.txt,CSAR.347.3,0.723964,CSAR.347.7,0.369285,CSAR.347.4,0.340916,CHIP.393.7,0.291871,"Caesarius, Sermo 54.4 (ed. Morin, 238, lines 15–16)",0.269282,CTOL.589.18,0.258614,CSAR.347.6,0.252323,CHIP.393.20,0.249199,CSAR.347.17,0.247106,"Gregorius Nazianzus-Rufinus, Apologeticus 73 (ed. Engelbrecht, 57, lines 7–9)",0.246608
24,BAV1341.15r.2.txt,canon_unlabelled/BAV1341.15r.2.txt,CSAR.347.4,0.737154,CSAR.347.3,0.260522,CVAI.442.5,0.254665,CANT.328.14,0.232786,CTOL.633.4,0.226932,"Eusebius-Rufinus, HE 10.5 (eds Mommsen–Schwartz, II, 963, line 21)",0.225522,CANT.328.6,0.220856,CSAR.347.7,0.219533,CMAC.581.7,0.214908,CTOL.636.7,0.204957
25,BAV1341.15r.3.txt,canon_unlabelled/BAV1341.15r.3.txt,CSAR.347.5,0.478453,CSAR.347.6,0.414113,CHIP.393.38,0.251991,CSAR.347.12,0.251865,CAGD.506.63,0.251,CTOL.589.18,0.237448,CARL.501?.5,0.235074,CSAR.347.11,0.225693,"Gregorius Nazianzus-Rufinus, Apologeticus 73 (ed. Engelbrecht, 57, lines 7–9)",0.224389,CANT.328.20,0.222898
26,BAV1341.15r.4.txt,canon_unlabelled/BAV1341.15r.4.txt,CSAR.347.7,0.766147,CSAR.347.4,0.356729,CSAR.347.3,0.318618,CTOL.589.18,0.27031,CANT.328.14,0.265513,CAGD.506.32,0.259667,CHIP.393.7,0.234917,CSAR.347.9,0.231488,CHIP.393.8,0.231211,CTOL.397.11,0.227416
27,BAV1341.15r.5.txt,canon_unlabelled/BAV1341.15r.5.txt,CSAR.347.8,0.814917,CSAR.347.10,0.310522,CSAR.347.9,0.256687,CTOL.527.5,0.199562,Can.apost.19,0.194944,CNIC.325.11,0.192642,CHIP.393.38,0.181979,"Jerome, Comm.in Mat.libri IV, lib. 3, vers. 19:9 (eds Hurst–Adriaen, 167, lines 761–80)",0.18135,CANT.328.12,0.179075,CTOL.589.17,0.178359
28,BAV1341.15r.6.txt,canon_unlabelled/BAV1341.15r.6.txt,CSAR.347.9,0.764547,CSAR.347.10,0.433427,CTOL.655.17,0.330904,CSAR.347.8,0.317124,CTOL.638.2,0.311645,CSAR.347.11,0.293089,CTOL.646.6,0.290581,CTOL.527.5,0.288278,CTUR.439.6,0.284833,"Eusebius-Rufinus, HE 10.5 (eds Mommsen–Schwartz, II, 963, line 21)",0.282375
29,BAV1341.15v.1.txt,canon_unlabelled/BAV1341.15v.1.txt,CSAR.347.10,0.523237,CSAR.347.8,0.26242,"Gregorius Nazianzus-Rufinus, Apologeticus 72 (ed. Engelbrecht, 56, lines 20–3",0.208059,CANC.314.16,0.207761,Can.apost.41,0.185658,CNIC.325.11,0.183645,CHIP.393.15,0.176182,CCHA.451.21,0.163149,Can.apost.12,0.161814,CNIC.325.17,0.154477
30,BAV1341.15v.2.txt,canon_unlabelled/BAV1341.15v.2.txt,CSAR.347.11,0.672043,CSAR.347.2,0.367764,CSAR.347.9,0.275118,CTOL.656.4,0.251626,CNIC.325.12,0.245549,CSAR.347.13,0.237639,CTOL.646.5,0.233162,"Jerome, Epistola 22, ad Eustochium (ed. Hilberg, I, p. 182, line 20–p. 183, line 4)",0.23208,CTOL.636.3,0.231801,CARL.314.16,0.227675
31,BAV1341.15v.3.txt,canon_unlabelled/BAV1341.15v.3.txt,CSAR.347.12,0.795149,CSAR.347.7,0.251488,CAGD.506.35,0.249328,"Ps.-Clemens-Rufinus, Recognitiones 2.72 (eds Rehm–Paschke, 94,
lines 4–8)",0.24718,CSAR.347.9,0.2442,RPCO.757.9,0.243484,CHIP.393.38,0.242071,CAGD.506.63,0.239953,CVAI.442.6,0.238246,CTOL.589.18,0.232725
32,BAV1341.15v.4.txt,canon_unlabelled/BAV1341.15v.4.txt,CSAR.347.13,0.766036,DSIR.384.255  cap. 13,0.316353,CTOL.646.5,0.287652,CVAI.442.8,0.270222,CNEO.315.11,0.262141,CNEO.315.,0.257032,CNEO.315.12,0.256802,CTOL.638.13,0.256241,CCHA.451.2,0.256064,CORA.441.24,0.245618
33,BAV1341.15v.5.txt,canon_unlabelled/BAV1341.15v.5.txt,CSAR.347.14,0.659899,CSAR.347.15,0.286162,CAGD.506.63,0.237748,CANT.328.1,0.236217,CTOL.646.1,0.228864,CSAR.347.1,0.227277,CANT.328.3,0.222429,CTOU.567.18 (17),0.217362,CANT.328.22,0.217114,CCHA.451.4,0.210977
34,BAV1341.16r.1.txt,canon_unlabelled/BAV1341.16r.1.txt,CSAR.347.15,0.714419,CSAR.347.14,0.282082,CHIP.393.38,0.24834,CTOL.527.5,0.233507,CSAR.347.9,0.213058,Can.apost.40,0.206817,CSAR.347.10,0.190393,CSAR.347.8,0.188557,CORL.511.27,0.186674,CAGD.506.63,0.184074
35,BAV1341.16r.2.txt,canon_unlabelled/BAV1341.16r.2.txt,CSAR.347.16,0.663858,CARL.501?.8,0.250848,CTUR.439.5,0.233707,CTOL.633.4,0.222043,CSAR.347.17,0.198431,CVAI.442.9,0.189558,CSAR.347.3,0.187131,CTOL.397.15,0.183124,CTOL.633.10,0.178844,CSAR.347.11,0.178778
36,BAV1341.16r.3.txt,canon_unlabelled/BAV1341.16r.3.txt,CSAR.347.17,0.754694,"Jerome, Comm.in Mat.libri IV, lib. 3, vers. 19:9 (eds Hurst–Adriaen, 167, lines 761–80)",0.275025,CTOL.397.11,0.245215,CTOL.589.17,0.234808,CSAR.347.7,0.230123,CVAI.442.7,0.224426,CAUX.561.43,0.219732,CTOL.633.32,0.205997,CAGD.506.38,0.205588,CSAR.347.13,0.198596
37,BAV1341.16r.4.txt,canon_unlabelled/BAV1341.16r.4.txt,CSAR.347.18,0.726915,CANT.328.13,0.248221,CTUR.439.7,0.243319,CMAC.585.1,0.228539,CTOL.589.23,0.226958,"Jerome, Comm.in Mat.libri IV, lib. 3, vers. 19:9 (eds Hurst–Adriaen, 167, lines 761–80)",0.213527,CAUX.561.10,0.205031,CARL.314.20,0.203408,CTOL.636.5,0.198422,CLAO.300.57,0.19177
38,BAV1341.16r.5.txt,canon_unlabelled/BAV1341.16r.5.txt,CSAR.347.19,0.606696,CGAN.355.8,0.267895,CANT.328.22,0.253146,CANT.328.19,0.206913,CSAR.347.9,0.203573,CANT.328.23,0.198831,CSAR.347.18,0.193275,CARL.314.20,0.18184,CANC.314.9,0.179581,CANC.314.12,0.177603
39,BAV1341.16r.6.txt,canon_unlabelled/BAV1341.16r.6.txt,CSAR.347.20,0.590342,CSAR.347.15,0.292958,CSAR.347.14,0.285866,"Ps.-Clemens-Rufinus, Recognitiones 2.72 (eds Rehm–Paschke, 94,
lines 4–8)",0.263906,CTOL.646.3,0.262827,CAGD.506.63,0.257484,"Gregory of Nazianzus- Rufinus, De Pentecoste et de spiritu sancto 2 (in Tyranni Rufini
orationum Gregorii Nazianzeni novem interpretatio, ed. Engelbrecht, 143, lines 8–16)",0.228791,CTOU.567.18 (17),0.223994,CTOL.397.18,0.207894,CNEO.315.13,0.206515
40,BAV1341.16r.7.txt,canon_unlabelled/BAV1341.16r.7.txt,CSAR.347.21,0.552168,CTUR.439.5,0.239884,CARL.501?.11,0.232616,Can.apost.21,0.1959,"Augustine, De serm.dom.in monte, 1.20.63 (ed. Mutzenbecher, 72, lines 1569–82)",0.193304,CSAR.347.8,0.190841,CANT.328.21,0.187847,CTOL.589.17,0.18651,CTOL.646.6,0.184106,CSAR.347.9,0.182335
41,BAV1341.20r.15.txt,canon_unlabelled/BAV1341.20r.15.txt,CARL.314.9,0.312825,CARL.501?.16,0.306595,CNIC.325.19,0.284983,CTOL.589.0 Conc. Toletana III; anno 589; PL 84 col. 384-386; combined canons?,0.235876,CANT.328.25,0.215059,CORL.511.15,0.205949,"(ed. MOMMSEN, as Gildas, Epist.deperd.fragm. 3, in Chronica minora, 86, lines 17–21; trans. WINTERBOTTOM, Gildas, 80)",0.198382,CGAN.355.2,0.188378,CORL.511.20,0.186579,CNIC.325.8,0.185006
42,BAV1341.20r.16.txt,canon_unlabelled/BAV1341.20r.16.txt,CANT.328.21,0.373099,CANT.328.9,0.30132,CTOL.633.34,0.266292,CCHA.451.17,0.226622,CANT.328.10,0.223056,CCHA.451.25,0.219087,CNIC.325.6,0.217564,CNEO.315.13,0.202787,CANT.328.1,0.177745,CANC.314.11,0.172623
43,BAV1341.20r.17.txt,canon_unlabelled/BAV1341.20r.17.txt,CANT.328.9,0.359848,CANT.328.21,0.33401,CTOL.633.34,0.30906,CANT.328.13,0.283055,CANT.328.19,0.242302,CANT.328.20,0.199508,CANC.314.12,0.182791,CTOL.598.12,0.174231,CANT.328.25,0.172102,"Gregorius Magnus, Hom.in ev. 2.26 (ed. Étaix, 222, lines 116–19) Ps (G) 50:19",0.167025
44,BAV1341.20v.1.txt,canon_unlabelled/BAV1341.20v.1.txt,CANT.328.10,0.212415,CANC.314.7,0.208899,CNIC.325.1,0.19967,CANT.328.21,0.183246,CORL.538.31,0.174686,CCHA.451.17,0.174208,CANC.314.11,0.17063,CANC.314.4,0.160807,CORL.511.17,0.159068,CLAO.300.10,0.15558
45,BAV1341.20v.2.txt,canon_unlabelled/BAV1341.20v.2.txt,CNIC.325.6,0.274082,CCHA.451.17,0.263062,CSAR.347.4,0.255037,CTOL.646.6,0.212128,CTOL.589.2,0.202113,CCHA.451.9,0.192451,"Caesarius, Sermo 192.2 (ed. Morin, 780, lines 21–4)",0.18926,CTOL.638.13,0.184963,CANT.328.11,0.178989,CNIC.325.7,0.178138
46,BAV1341.20v.3.txt,canon_unlabelled/BAV1341.20v.3.txt,CNIC.325.2,0.248651,CORA.441.15,0.237528,CARL.501?.25,0.230559,CNIC.325.1,0.219054,CTOL.633.46,0.210469,CAGD.506.41,0.205681,CTOL.527.3,0.19705,DSIR.384.255  cap. 11,0.196142,CTOL.646.1,0.19518,CEPA.517.3,0.175158
47,BAV1341.20v.4.txt,canon_unlabelled/BAV1341.20v.4.txt,CTOL.638.1,0.568908,Can.apost.49,0.279504,CTOL.633.13,0.246828,"Augustine, Serm.de vet.test. 9.20 (ed. Lambot, 146, line 694–96)",0.246019,CTOL.633.15,0.23415,CTOL.633.7,0.227152,Can.apost.50,0.225191,Can.apost.48,0.212931,CAUX.561.42,0.207931,CTOL.589.2,0.205906
48,BAV1341.22v.1.txt,canon_unlabelled/BAV1341.22v.1.txt,CTOL.638.1,0.467504,CGAN.355.2,0.244904,CTOL.633.7,0.240121,CTOL.656.1,0.237862,CGAN.355.9,0.218417,CCHA.451.16,0.20508,Can.apost.13,0.195127,CAUX.561.10,0.182167,CTOL.589.8,0.180935,CTOL.589.2,0.174656
49,BAV1341.22v.10.txt,canon_unlabelled/BAV1341.22v.10.txt,CGAN.355.7,0.275072,CGAN.355.8,0.256514,CTOL.638.1,0.238291,Can.apost.40,0.235284,Can.apost.22,0.235086,Can.apost.35,0.234289,CTOL.633.13,0.214717,Can.apost.9,0.208256,Can.apost.23,0.2075,CGAN.355.2,0.205374
50,BAV1341.22v.11.txt,canon_unlabelled/BAV1341.22v.11.txt,CTOL.638.1,0.37155,CANT.328.2,0.241852,CTOL.633.57,0.210716,CGAN.355.7,0.206861,RPCO.757.1,0.203172,CGAN.355.8,0.194787,CAUX.561.36,0.190152,CANT.328.4,0.189886,CGAN.355.9,0.186726,CHIP.393.23,0.186362
51,BAV1341.22v.12.txt,canon_unlabelled/BAV1341.22v.12.txt,CTOL.638.1,0.308474,CGAN.355.2,0.306663,CAUX.561.14,0.226928,"Gregory of Nazianzus- Rufinus, In semet.de agr.regr. 13 (ed. Engelbrecht, 182, lines 9–11)",0.215426,Can.apost.8,0.213207,CTOL.633.7,0.212273,Can.apost.48,0.21111,CANC.314.13,0.191389,Can.apost.11,0.186596,CHIP.393.4,0.185478
52,BAV1341.22v.2.txt,canon_unlabelled/BAV1341.22v.2.txt,CTOL.638.1,0.579804,CTOL.633.57,0.276153,CGAN.355.2,0.273259,"Gregory of Nazianzus- Rufinus, In semet.de agr.regr. 13 (ed. Engelbrecht, 182, lines 9–11)",0.244937,CGAN.355.9,0.237987,CANT.328.6,0.237261,CANT.328.2,0.229706,CCHA.451.16,0.226995,CHIP.393.23,0.220717,CTOL.589.4,0.220241
53,BAV1341.22v.3.txt,canon_unlabelled/BAV1341.22v.3.txt,CTOL.638.1,0.278957,RPWO.758.1,0.266456,CGAN.355.19,0.246404,"(ed. WARE, S. Patricio adscripta opuscula, 47) 
Source unidentified",0.226911,CTOL.633.2,0.220042,CGAN.355.17,0.209854,CORL.511.14,0.20227,RPCO.757.1,0.193024,CGAN.355.9,0.184728,Can.apost.9,0.181059
54,BAV1341.22v.4.txt,canon_unlabelled/BAV1341.22v.4.txt,CGAN.355.9,0.266833,CGAN.355.19,0.244836,CNIC.325.19,0.214161,Can.apost.40,0.202174,CTOL.638.1,0.200785,CGAN.355.18,0.189812,CARL.314.9,0.178644,CCHA.451.10,0.176963,CTOL.633.13,0.170391,CANT.328.25,0.170205
55,BAV1341.22v.5.txt,canon_unlabelled/BAV1341.22v.5.txt,CTOL.638.1,0.450644,CGAN.355.2,0.261574,CGAN.355.9,0.248903,CTOL.633.57,0.245113,CGAN.355.19,0.232915,CHIP.393.23,0.213836,CGAN.355.6,0.212877,CCHA.451.16,0.193595,Can.apost.35,0.190142,CTOL.589.4,0.188812
56,BAV1341.22v.6.txt,canon_unlabelled/BAV1341.22v.6.txt,CTOL.638.1,0.471131,CGAN.355.6,0.231405,CGAN.355.2,0.231391,CGAN.355.9,0.209087,CGAN.355.5,0.206206,CTOL.633.57,0.20079,CCHA.451.16,0.188891,CTOL.633.10,0.188481,Can.apost.35,0.188108,Can.apost.40,0.186972
57,BAV1341.22v.7.txt,canon_unlabelled/BAV1341.22v.7.txt,CTOL.638.1,0.276806,CGAN.355.14,0.249401,CGAN.355.8,0.22833,CGAN.355.17,0.217272,CGAN.355.2,0.203977,CGAN.355.11,0.193287,CGAN.355.18,0.182927,CANT.328.23,0.177094,CANT.328.22,0.171566,RPWO.758.3,0.165269
58,BAV1341.22v.8.txt,canon_unlabelled/BAV1341.22v.8.txt,CTOL.638.1,0.330477,CGAN.355.3,0.195656,CORA.441.7,0.187825,CGAN.355.2,0.181161,CANT.328.23,0.177937,Can.apost.12,0.175527,CGAN.355.14,0.175316,CANT.328.3,0.173259,CTOL.656.1,0.170759,CTOL.646.2,0.165393
59,BAV1341.22v.9.txt,canon_unlabelled/BAV1341.22v.9.txt,CTOL.638.1,0.287922,CNEO.315.10,0.223292,CARL.501?.15,0.200847,CSOI.744.3,0.193808,CTOL.633.21,0.185316,CLAO.300.41,0.184262,CNEO.315.4,0.180764,CTOL.633.57,0.180659,CAUX.561.36,0.175103,CANT.328.15,0.173739
60,BAV1341.25r.19.txt,canon_unlabelled/BAV1341.25r.19.txt,CCHA.451.1,0.308377,CANT.328.15,0.212892,"Source unidentified, but cf. Ps.-Clemens–Rufinus, Recognitiones 4.21 (eds Rehm–Paschke, 157,
line 20)",0.207914,CSOI.744.3,0.191453,CTOL.589.4,0.191363,CANT.328.6,0.188535,CNIC.325.20,0.187862,CTOL.638.19,0.183509,CCHA.451.5,0.183185,CCHA.451.7,0.168943
61,BAV1341.25r.20.txt,canon_unlabelled/BAV1341.25r.20.txt,CCHA.451.2,0.578699,CTOL.638.4,0.251742,CANT.328.10,0.235678,CHIP.393.22,0.226765,Can.apost.30,0.213539,Can.apost.23,0.202874,Can.apost.32,0.190832,CTOL.633.19,0.188686,CNIC.325.12,0.176985,CCHA.451.3,0.176285
62,BAV1341.25r.21.txt,canon_unlabelled/BAV1341.25r.21.txt,CCHA.451.3,0.546739,CNIC.325.2,0.285716,CCHA.451.26,0.254261,CCHA.451.2,0.239761,CHIP.393.12,0.239232,"Gregorius Nazianzus-Rufinus, Apologeticus 72 (ed. Engelbrecht, 56, lines 20–3",0.232744,CANT.328.25,0.225186,Can.apost.7,0.21985,Can.apost.39,0.218479,CNIC.325.10,0.211651
63,BAV1341.25r.22.txt,canon_unlabelled/BAV1341.25r.22.txt,CCHA.451.4,0.535343,CANC.314.3,0.238226,CANT.328.2,0.236976,CNIC.325.8,0.233679,CNEO.315.13,0.230999,CCHA.451.7,0.218362,CTOL.633.27,0.201019,CAGD.506.38,0.198529,CANT.328.22,0.191851,CORA.441.2,0.184585
64,BAV1341.25v.1.txt,canon_unlabelled/BAV1341.25v.1.txt,CCHA.451.5,0.574921,CNIC.325.15,0.249576,Can.apost.36,0.218679,CSAR.347.6,0.215934,CORL.538.5,0.214333,CNIC.325.14,0.188078,CSAR.347.1,0.187839,"(ed. MOMMSEN, as Gildas, Epist.deperd.fragm. 3, in Chronica minora, 86, lines 21–4; trans. WINTERBOTTOM, Gildas, 80)",0.187142,CAGD.506.14,0.184873,CARL.501?.20,0.180936
65,BAV1341.25v.10.txt,canon_unlabelled/BAV1341.25v.10.txt,CHIP.393.12,0.342174,CLAO.300.10,0.305105,CNIC.325.8,0.277647,Can.apost.46,0.261269,CARL.314.9,0.256135,CTOL.633.58,0.255741,CLAO.300.32,0.252574,CTOL.633.63,0.238268,CAUX.561.31,0.232245,CORA.441.1,0.221668
66,BAV1341.25v.2.txt,canon_unlabelled/BAV1341.25v.2.txt,CCHA.451.6,0.637463,CANC.314.9,0.345026,CARL.501?.1,0.219622,CNIC.325.6,0.219017,CANT.328.13,0.218653,CANT.328.23,0.216805,CORL.541.6,0.203977,CORA.441.7,0.199717,CLAO.300.13,0.197693,CANT.328.19,0.188414
67,BAV1341.25v.3.txt,canon_unlabelled/BAV1341.25v.3.txt,CCHA.451.7,0.402594,CGAN.355.11,0.206225,CTOL.633.55,0.200405,CTOL.633.53,0.19909,CTOL.633.52,0.196833,CARL.314.14,0.191076,CTOL.638.6,0.18779,CCHL.647.16,0.187568,CTOL.397.11,0.185996,CAGD.506.27; anno 506,0.185941
68,BAV1341.25v.4.txt,canon_unlabelled/BAV1341.25v.4.txt,CCHA.451.8,0.431084,CGAN.355.2,0.234364,CNIC.325.19,0.197114,CANC.314.2,0.186035,CAGD.506.50 (addit.),0.183703,CHIP.393.14,0.18133,CANT.328.1,0.176896,CTOL.633.21,0.176382,Can.apost.11,0.172565,CGAN.355.6,0.172553
69,BAV1341.25v.5.txt,canon_unlabelled/BAV1341.25v.5.txt,CCHA.451.9,0.641846,CANT.328.14,0.38058,CAUX.561.35,0.287681,CAGD.506.32,0.280914,CANT.328.9,0.255111,CAUX.561.43,0.23998,CCHA.451.3,0.238741,CSAR.347.4,0.237385,CANT.328.11,0.220294,"Hermas, Libell.sanct.past., mandatum 4.1.4–8 (eds de Gebhardt– Harnack–Zahn, 79, lines 1–19)",0.216918
70,BAV1341.25v.6.txt,canon_unlabelled/BAV1341.25v.6.txt,CCHA.451.10,0.468681,CANT.328.1,0.277945,CANT.328.3,0.242857,CANT.328.13,0.210714,CANT.328.23,0.190121,CANC.314.5,0.189744,CANT.328.5,0.186737,CAUX.561.9,0.184419,CNEO.315.1,0.177279,CANT.328.16,0.168539
71,BAV1341.25v.7.txt,canon_unlabelled/BAV1341.25v.7.txt,CCHA.451.11,0.679491,Can.apost.34,0.355916,CANT.328.8,0.302037,CAGD.506.52,0.291981,CANT.328.7,0.247393,Can.apost.13,0.220496,CARL.314.10,0.216835,CTOL.589.6,0.20529,CLAO.300.32,0.197715,CAGD.506.38,0.191902
72,BAV1341.25v.8.txt,canon_unlabelled/BAV1341.25v.8.txt,CTOL.636.3,0.272042,CANT.328.9,0.231358,CNIC.325.6,0.209589,CANT.328.19,0.202543,CTOL.646.6,0.198495,CARL.501?.5,0.193749,CRIZ.439.6,0.189057,CANT.328.11,0.177854,CANC.314.1,0.172497,CANT.328.13,0.170004
73,BAV1341.25v.9.txt,canon_unlabelled/BAV1341.25v.9.txt,CCHA.451.13,0.458486,Can.apost.15,0.21034,CANT.328.7,0.18707,CTOL.633.41,0.182404,CARL.501?.8,0.175764,CCHA.451.6,0.171108,CANT.328.3,0.169598,CANT.328.15,0.169077,CANT.328.8,0.166547,CORA.441.11,0.165751
74,BAV1341.26r.1.txt,canon_unlabelled/BAV1341.26r.1.txt,CANC.314.9,0.305458,CNEO.315.7,0.24955,CANC.314.24,0.234626,"Caesarius, Sermo 43.5 (ed. Morin, 192, lines 17–23)",0.215801,CAGD.506.63,0.209962,CGAN.355.8,0.207044,CNEO.315.2,0.201516,CAGD.506.21,0.1949,CGAN.355.14,0.183895,CTOL.589.19,0.182147
75,BAV1341.26r.10.txt,canon_unlabelled/BAV1341.26r.10.txt,CORL.511.17,0.239944,CANT.328.24,0.238303,CORL.511.15,0.225125,CORL.549.19,0.213923,CGAN.355.14,0.197377,CTOL.589.19,0.196529,CANC.314.13,0.193441,CTOL.638.15,0.191904,CNIC.325.8,0.187933,CSEV.619.10,0.187495
76,BAV1341.26r.11.txt,canon_unlabelled/BAV1341.26r.11.txt,CCHA.451.25,0.569619,CVAI.442.4,0.184712,CANT.328.20,0.183503,CTOL.397.17,0.181247,CANT.328.9,0.180068,CTOL.633.44,0.161789,CANC.314.14,0.161069,CTOL.633.48,0.157737,CCHA.451.26,0.149676,CNIC.325.6,0.149641
77,BAV1341.26r.2.txt,canon_unlabelled/BAV1341.26r.2.txt,CCHA.451.16,0.359913,CANT.328.6,0.27477,CTOL.589.4,0.265242,CTOL.397.12,0.231588,RPWO.758.17,0.211516,CANC.314.9,0.199039,RPCO.757.2,0.198705,CTUR.439.8,0.196097,CARL.314.14,0.177248,CANC.314.13,0.175134
78,BAV1341.26r.3.txt,canon_unlabelled/BAV1341.26r.3.txt,CCHA.451.17,0.531642,CCHA.451.9,0.297505,CANT.328.9,0.293002,CANT.328.11,0.219616,CNIC.325.6,0.21391,CSAR.347.14,0.209122,CNEO.315.13,0.207084,CORA.441.9,0.187281,Can.apost.36,0.177854,CANT.328.22,0.17776
79,BAV1341.26r.4.txt,canon_unlabelled/BAV1341.26r.4.txt,CCHA.451.18,0.402502,CNIC.325.11,0.267509,CTOL.397.2,0.211586,CVAI.442.7,0.194484,CANC.314.3,0.19221,CTOL.589.17,0.190562,"cf. Jerome, Epistola 22, ad Eustochium (ed. Hilberg, I, 160, line 3)",0.190493,CORL.511.1,0.18542,CTOL.633.53,0.184112,CARL.314.14,0.17274
80,BAV1341.26r.5.txt,canon_unlabelled/BAV1341.26r.5.txt,CTOL.589.18,0.338636,CTOL.633.3,0.262626,CANT.328.20,0.248643,CCHA.451.25,0.243474,CTOL.633.24,0.199619,CANC.314.12,0.195204,CANT.328.11,0.193593,CLAO.300.2,0.193166,CCHA.451.11,0.19066,"Ps.-Clemens-Rufinus, Recognitiones 2.72 (eds Rehm–Paschke, 94,
lines 4–8)",0.190524
81,BAV1341.26r.6.txt,canon_unlabelled/BAV1341.26r.6.txt,CCHA.451.20,0.465807,Can.apost.13,0.312573,CANT.328.21,0.26247,CCHA.451.10,0.240045,CNIC.325.16,0.228428,CANT.328.3,0.223083,CARL.314.5,0.220795,CORL.549.19,0.211282,CCHA.451.7,0.210285,CANT.328.1,0.204497
82,BAV1341.26r.7.txt,canon_unlabelled/BAV1341.26r.7.txt,CCHA.451.21,0.55597,CTOL.638.11,0.309745,CGAN.355.1,0.280896,CAUX.561.35,0.2243,CNIC.325.9,0.217704,CANT.328.14,0.212286,CNEO.315.12,0.197976,CANT.328.22,0.19671,CTOL.633.22,0.192065,CCHA.451.9,0.187588
83,BAV1341.26r.8.txt,canon_unlabelled/BAV1341.26r.8.txt,CTOL.589.13,0.209728,CARL.314.20,0.209377,CARL.501?.7,0.208607,CAGD.506.4,0.185066,CCHA.451.27,0.183428,CTOL.633.62,0.177982,Can.apost.17,0.176768,RPWO.758.17,0.175867,CHIP.393.13,0.173713,Can.apost.33,0.173593
84,BAV1341.26r.9.txt,canon_unlabelled/BAV1341.26r.9.txt,CTOL.646.6,0.314943,CANT.328.1,0.304068,CANT.328.2,0.223006,CORL.541.29,0.210603,CNIC.325.15,0.210026,CTUR.439.6,0.202857,CCHA.451.27,0.200655,CLAO.300.53,0.196959,CTOL.633.14,0.193569,CTUR.439.5,0.188845
85,BAV1341.26v.1.txt,canon_unlabelled/BAV1341.26v.1.txt,CCHA.451.26,0.359088,CTOL.633.48,0.315701,CANT.328.25,0.203372,CANT.328.24,0.197537,CNIC.325.16,0.185134,Capit.Martini.16,0.170813,Can.apost.39,0.163415,CNIC.325.9,0.160687,Can.apost.41,0.160129,CORL.538.12,0.15808
86,BAV1341.26v.2.txt,canon_unlabelled/BAV1341.26v.2.txt,CCHA.451.27,0.363558,RPWO.758.16,0.209879,CNIC.325.20,0.197901,CANT.328.6,0.186211,CAGD.506.4,0.184601,CGAN.355.8,0.17612,Can.apost.27,0.170168,CCHA.451.16,0.170002,CLAO.300.32,0.166644,CCHA.451.7,0.166626
87,BAV1341.45v.6.txt,canon_unlabelled/BAV1341.45v.6.txt,RPWO.758.21,0.236292,CARL.314.18,0.186523,RPWO.758.16,0.183451,Can.apost.8,0.177136,Can.apost.48,0.174498,Can.apost.14,0.169259,Can.apost.15,0.166817,CGAN.355.2,0.165569,Can.apost.32,0.164438,CANC.314.16,0.163368
88,BAV1341.46v.16.txt,canon_unlabelled/BAV1341.46v.16.txt,CNEO.315.11,0.366884,CTOL.633.20,0.26579,CTOL.633.19,0.241201,CTOL.527.1,0.238105,CANC.314.15,0.226786,CANT.328.13,0.214448,CTOL.646.5,0.208436,Can.apost.27,0.196704,"Caesarius, Sermo 43.4 (ed. Morin, 191, lines 1–3)",0.189689,CTOL.655.8,0.189547
89,BAV1341.46v.17.txt,canon_unlabelled/BAV1341.46v.17.txt,CARL.314.20,0.340605,CSAR.347.18,0.292927,CANT.328.13,0.268737,CTOL.527.5,0.26709,"Caesarius, Sermo 43.4 (ed. Morin, 191, lines 1–3)",0.266892,CTUR.439.3,0.245356,CANC.314.18,0.219312,CARL.314.14,0.216176,CTOL.589.13,0.212099,CTOL.589.10,0.209601
90,BAV1341.46v.18.txt,canon_unlabelled/BAV1341.46v.18.txt,CTOL.646.2,0.247611,CTOL.589.1,0.247198,CTOL.638.8,0.241734,CNEO.315.11,0.220645,CORA.441.21,0.216967,CORA.441.24,0.211225,CTOL.638.4,0.20964,CRIZ.439.3,0.202178,CTOL.633.19,0.200929,CEPA.517.37,0.191506
91,BAV1341.47r.1.txt,canon_unlabelled/BAV1341.47r.1.txt,CORL.511.11,0.222348,Can.apost.37,0.213644,Can.apost.13,0.205786,Can.apost.11,0.188683,Can.apost.16,0.188105,CMAC.585.5,0.176632,DSIR.384.255  cap. 11,0.175906,CORL.511.1,0.175758,CTOL.527.2,0.165051,CTOL.589.13,0.162178
92,BAV1341.47r.6.txt,canon_unlabelled/BAV1341.47r.6.txt,CTOL.633.19,0.251991,CTOL.646.2,0.231264,CARL.501?.7,0.228145,CTOL.646.1,0.2229,Can.apost.17,0.213825,CANT.328.13,0.20547,CTOL.633.26,0.189068,CANT.328.22,0.185486,CTOL.527.1,0.183485,"Augustine, Speculum 7 (ed. Weihrich, 63, lines 2–3)",0.182601
93,BAV1341.47r.7.txt,canon_unlabelled/BAV1341.47r.7.txt,Can.apost.27,0.209521,CTOL.633.55,0.209516,CORA.441.14,0.197062,CNIC.325.12,0.195037,CANC.314.10,0.194595,CORL.511.12,0.194512,CANT.328.3,0.194321,CANC.314.18,0.193191,CANC.314.9,0.192194,CARL.501?.25,0.180322
94,BAV1341.47r.8.txt,canon_unlabelled/BAV1341.47r.8.txt,"John Cassian, Collationes 20.8 (ed. Petschenig, p. 561, line 9–p. 562, line 4)",0.248432,Can.apost.50,0.19999,CTOL.589.22,0.197175,CTOL.638.18,0.187388,"Ambrose, Exp.ev.sec.Luc., lib. 10, c. 87 (ed. Adriaen, 371, lines 846–49]",0.181061,CTOL.633.7,0.180075,CTOL.655.9,0.177349,CTOL.636.1,0.177235,CTOL.655.5,0.176801,DSIR.384.255 cap 7,0.176781
95,BAV1341.47r.9.txt,canon_unlabelled/BAV1341.47r.9.txt,CAGD.506.37,0.269207,CVAL.374.4,0.237957,CAGD.506.62,0.22643,CORL.511.1,0.211902,RPWO.758.15,0.201422,CNEO.315.9,0.193375,CORL.538.9,0.18558,CTOL.589.17,0.185095,CNIC.325.4,0.176673,CTOL.638.11,0.173045
96,BAV1341.47v.8.txt,canon_unlabelled/BAV1341.47v.8.txt,CTOL.646.6,0.337893,CANT.328.9,0.280874,CTOL.638.13,0.260455,CTOL.655.17,0.245659,CARL.501?.5,0.212047,CTOL.636.9,0.209971,CRIZ.439.2,0.204425,CTOL.646.1,0.202887,CTOL.646.4,0.202802,CRIZ.439.4,0.198081
97,BAV1341.50r.5.txt,canon_unlabelled/BAV1341.50r.5.txt,CRIZ.439.2,0.259092,CARL.314.20,0.24812,Can.apost.12,0.245053,CARL.314.21,0.20522,CTOL.646.2,0.201198,CTUR.439.3,0.186783,CTOL.636.5,0.185469,CTOL.655.2,0.18334,CAGD.506.26,0.17962,CARL.314.14,0.175515
98,BAV1341.56r.38.txt,canon_unlabelled/BAV1341.56r.38.txt,CANC.314.11,0.477596,CANC.314.4,0.312081,CANC.314.7,0.250657,CGAN.355.2,0.222106,CNEO.315.5,0.194751,CANC.314.1,0.194004,CORL.511.15,0.190924,CANC.314.6,0.188154,CNIC.325.2,0.186963,CHIP.393.11,0.179045
99,BAV1341.56r.39.txt,canon_unlabelled/BAV1341.56r.39.txt,CANC.314.11,0.329752,CTOL.633.33,0.240094,CANC.314.21,0.226166,CCHA.451.10,0.212013,CTOL.633.54,0.195189,CTOL.655.14,0.194031,CANC.314.1,0.191914,CANC.314.7,0.186411,Can.apost.18,0.182981,CANC.314.9,0.181601
100,BAV1341.56r.40.txt,canon_unlabelled/BAV1341.56r.40.txt,CANC.314.9,0.236462,CANC.314.1,0.232839,CTOL.633.51,0.216949,CARL.314.22,0.212838,CTUR.439.3,0.210772,CARL.314.3,0.193184,CANC.314.7,0.191452,CANC.314.4,0.190762,CARL.314.13,0.186468,Can.apost.9,0.182293
101,BAV1341.56r.41.txt,canon_unlabelled/BAV1341.56r.41.txt,CANC.314.11,0.463008,CORA.441.18,0.410371,CARL.501?.11,0.283708,CANC.314.9,0.252364,CORA.441.19,0.240697,CANC.314.13,0.236972,CTOL.397.8,0.22379,CANC.314.2,0.212322,Can.apost.17,0.198705,CTOL.633.74,0.188594
102,BAV1341.56v.1.txt,canon_unlabelled/BAV1341.56v.1.txt,CARL.501?.10,0.258715,CTOL.633.24,0.250379,CTOL.636.1,0.248774,CAGD.506.62,0.237549,CARL.501?.11,0.225962,"Ambrose, De spirit.sanct.3.6 (ed. Faller, 164–65, lines 12–22) Source (et ideo ... caritatis affectu)",0.211221,CAGD.506.55,0.189779,CANC.314.15,0.178637,RPWO.758.7,0.177494,CAGD.506.35,0.175256
103,BAV1341.56v.10.txt,canon_unlabelled/BAV1341.56v.10.txt,CANC.314.9,0.277536,CARL.501?.21,0.274292,CANC.314.18,0.271964,CHIP.393.18,0.244155,CNEO.315.2,0.24249,CTOL.589.10,0.238059,CARL.314.22,0.23023,CTOL.397.19,0.224835,CTOL.397.16,0.218444,CGAN.355.9,0.21653
104,BAV1341.56v.11.txt,canon_unlabelled/BAV1341.56v.11.txt,CHIP.393.12,0.303227,CTOL.633.60,0.252461,CNIC.325.2,0.250973,CAGD.506.25,0.215807,CARL.314.11,0.203174,CTOL.633.63,0.193569,CORL.541.29,0.168094,CANC.314.23,0.163399,CTOL.633.11,0.159208,CARL.314.16,0.158337
105,BAV1341.56v.12.txt,canon_unlabelled/BAV1341.56v.12.txt,Can.apost.46,0.411911,CHIP.393.12,0.333845,CTOL.633.64,0.3167,CTOL.633.63,0.271177,CNIC.325.8,0.268938,CORA.441.1,0.235695,CTOL.397.12,0.222398,CLAO.300.10,0.21846,CTOL.636.6,0.217189,CTOL.633.58,0.214624
106,BAV1341.56v.2.txt,canon_unlabelled/BAV1341.56v.2.txt,CMAC.581.7,0.31488,CANC.314.23,0.301547,"Caesarius, Sermo 43.5 (ed. Morin, 192, lines 2–7)",0.218082,CTOL.633.29,0.215177,CCHA.451.18,0.205066,CTOL.589.17,0.205028,"cf. Jerome, Epistola 22, ad Eustochium (ed. Hilberg, I, 160, line 3)",0.194627,Can.apost.30,0.181061,CTOL.589.16,0.17659,CNIC.325.4,0.168624
107,BAV1341.56v.3.txt,canon_unlabelled/BAV1341.56v.3.txt,CTOL.589.12,0.225318,CARL.501?.21,0.22336,CNIC.325.12,0.213966,"Gregory of Nazianzus- Rufinus, De Pentecoste et de spiritu sancto 2 (in Tyranni Rufini
orationum Gregorii Nazianzeni novem interpretatio, ed. Engelbrecht, 143, lines 8–16)",0.207394,"Jerome, Comm.in IV ep.Paul., ad Tit. vers. 2:9–10 (PL 26, col. 585C–D)",0.202379,"Hermas, Libell.sanct.past., mandatum 4.1.4–8 (eds de Gebhardt– Harnack–Zahn, 79, lines 1–19)",0.19928,CNIC.325.13,0.197134,CTOL.636.1,0.191132,"Jerome, Comm.in Mat.libri IV, lib. 3, vers. 19:9 (eds Hurst–Adriaen, 167, lines 761–80)",0.190215,CARL.314.22,0.185654
108,BAV1341.56v.4.txt,canon_unlabelled/BAV1341.56v.4.txt,CARL.314.21,0.24527,CORA.441.28,0.218159,RPCO.757.4,0.208903,Can.apost.48,0.205287,CTOL.638.6,0.186823,Can.apost.26,0.185739,CGAN.355.13,0.179988,CTOL.655.6,0.176619,CARL.314.2,0.172934,CAGD.506.25,0.169408
109,BAV1341.56v.5.txt,canon_unlabelled/BAV1341.56v.5.txt,CNIC.325.13,0.206683,CTOL.397.19,0.196031,RPWO.758.9,0.189578,CTOL.589.10,0.187947,CORA.441.28,0.18357,RPWO.758.8,0.172121,CAGD.506.46,0.166338,RPCO.757.4,0.165193,CTOL.589.22,0.16432,CTOL.638.8,0.159852
110,BAV1341.56v.6.txt,canon_unlabelled/BAV1341.56v.6.txt,CNEO.315.5,0.2851,CORA.441.18,0.275779,CNIC.325.14,0.247866,CORA.441.17,0.237297,CANC.314.11,0.207182,CAGD.506.54,0.183058,CGAN.355.15,0.181616,CARL.501?.10,0.175279,Can.apost.17,0.173551,CTOL.397.8,0.171162
111,BAV1341.56v.7.txt,canon_unlabelled/BAV1341.56v.7.txt,CNIC.325.14,0.431978,CNEO.315.5,0.389441,CORA.441.17,0.312078,CNEO.315.12,0.255905,CNEO.315.6,0.251218,RPWO.758.15,0.222094,CAUX.561.14,0.189695,CNIC.325.2,0.188157,CEPA.517.29,0.187886,Can.apost.47,0.17403
112,BAV1341.56v.8.txt,canon_unlabelled/BAV1341.56v.8.txt,CORL.511.28,0.213137,CTOL.527.2,0.197729,CAGD.506.2,0.189301,CARL.501?.23,0.184148,CNIC.325.16,0.180861,CNIC.325.19,0.176563,CARL.501?.14,0.171665,CAUX.561.17,0.170184,CTOL.397.19,0.169029,CANC.314.4,0.165653
113,BAV1341.56v.9.txt,canon_unlabelled/BAV1341.56v.9.txt,CANC.314.9,0.296553,CARL.314.22,0.250558,CARL.501?.10,0.224906,CTOL.397.16,0.220763,CTOL.633.33,0.206586,CARL.314.13,0.202764,CTOL.397.19,0.19662,CHIP.393.18,0.194235,CARL.314.7,0.193409,CNEO.315.13,0.191631
114,BAV1341.57r.1.txt,canon_unlabelled/BAV1341.57r.1.txt,CARL.501?.22,0.275748,CARL.314.22,0.273559,CNEO.315.13,0.200154,CARL.314.13,0.193917,CGAN.355.7,0.193698,CTOL.633.33,0.189729,CTOL.589.19,0.189028,Can.apost.4,0.181973,CARL.314.16,0.180214,CANC.314.4,0.180074
115,BAV1341.57r.10.txt,canon_unlabelled/BAV1341.57r.10.txt,CAGD.506.26,0.182863,RPWO.758.16,0.167654,Can.apost.42,0.166103,CLAO.300.26,0.165059,Can.apost.48,0.162004,CNEO.315.9,0.154456,CTOL.633.72,0.150634,CORA.441.17,0.147907,CGAN.355.18,0.145545,CTOL.397.7,0.145472
116,BAV1341.57r.11.txt,canon_unlabelled/BAV1341.57r.11.txt,CARL.501?.3,0.366072,CTOL.633.42,0.289761,Can.apost.19,0.284528,CNIC.325.3,0.242221,CTOL.527.5,0.231099,CORL.511.26,0.230165,CARL.501?.8,0.226683,CTOL.646.6,0.213703,CANC.314.18,0.204986,CTOL.633.58,0.198152
117,BAV1341.57r.12.txt,canon_unlabelled/BAV1341.57r.12.txt,CARL.314.16,0.249904,CARL.314.10,0.228676,CTOL.655.5,0.226358,"Caesarius, Sermo 43.5 (ed. Morin, 192, lines 17–23)",0.219093,Can.apost.26,0.203217,CTOL.655.9,0.20097,CORA.441.25,0.187212,CGAN.355.8,0.18407,CARL.314.6,0.18298,CTOL.397.18,0.173494
118,BAV1341.57r.13.txt,canon_unlabelled/BAV1341.57r.13.txt,CAUX.561.12,0.23917,CORA.441.14,0.227413,CORA.441.6,0.188586,CTOL.633.28,0.185952,CAUX.561.36,0.17512,CAGD.506.27; anno 506,0.171883,CORA.441.15,0.165146,"Eusebius-Rufinus, HE 10.5 (eds Mommsen–Schwartz, II, 963, line 21)",0.162812,CTOL.397.8,0.162545,CORA.441.19,0.161233
119,BAV1341.57r.14.txt,canon_unlabelled/BAV1341.57r.14.txt,CNIC.325.10,0.348557,CTOL.633.19,0.25047,CTOL.646.1,0.247319,CORA.441.24,0.23696,CCHA.451.6,0.230916,CTOL.655.2,0.230197,CNIC.325.2,0.226089,CTOL.646.2,0.21968,CANT.328.13,0.217612,CARL.501?.1,0.21718
120,BAV1341.57r.15.txt,canon_unlabelled/BAV1341.57r.15.txt,CANC.314.11,0.283341,CTOL.633.24,0.25268,CTOL.636.1,0.215207,CARL.314.22,0.197303,CARL.501?.21,0.194737,CARL.501?.10,0.194552,CARL.314.1,0.194094,CARL.501?.12,0.191968,CTOL.633.31,0.191916,CTOL.397.18,0.189274
121,BAV1341.57r.16.txt,canon_unlabelled/BAV1341.57r.16.txt,CARL.314.6,0.281265,CAGD.506.35,0.23881,RPWO.758.15,0.226178,CTOL.589.12,0.206463,CARL.501?.11,0.19218,CARL.314.22,0.178638,CNEO.315.7,0.170643,CORL.511.16,0.162954,CTOL.638.19,0.162933,CARL.314.7,0.162666
122,BAV1341.57r.17.txt,canon_unlabelled/BAV1341.57r.17.txt,CORA.441.24,0.2319,CAUX.561.22,0.225379,CORA.441.15,0.210053,CARL.314.13,0.195304,CORL.538.26 (23),0.192648,CTOL.633.46,0.191341,CTOL.397.1,0.190743,Can.apost.43,0.189493,CNIC.325.2,0.182078,CTOL.527.1,0.181128
123,BAV1341.57r.18.txt,canon_unlabelled/BAV1341.57r.18.txt,CARL.314.15,0.194046,CAGD.506.62,0.193257,CMAC.581.7,0.1829,CORL.511.17,0.181082,CORA.441.14,0.175627,CNEO.315.13,0.175039,CARL.501?.23,0.17279,CARL.501?.20,0.17184,CARL.314.4,0.168025,"Augustine, De serm.dom.in monte, 1.20.63 (ed. Mutzenbecher, 72, lines 1569–82)",0.164263
124,BAV1341.57r.19.txt,canon_unlabelled/BAV1341.57r.19.txt,CARL.314.15,0.226636,CNIC.325.3,0.212902,CORL.511.9,0.194668,CTOL.633.36,0.194466,CARL.314.11,0.192357,CNEO.315.9,0.190328,CANC.314.16,0.190199,CVAN.461.8,0.18469,CAUX.561.11,0.179637,CVAI.442.7,0.178416
125,BAV1341.57r.2.txt,canon_unlabelled/BAV1341.57r.2.txt,CARL.314.16,0.262493,CARL.314.15,0.208111,Can.apost.29,0.203033,CAGD.506.39,0.196177,CARL.314.18,0.186313,CORL.538.26 (23),0.1851,"Gregory of Nazianzus–Rufinius, In semet.de agr.regr. 6 (ed. Engelbrecht, 173, lines 18–19)",0.184288,CTOL.589.17,0.18358,Can.apost.5,0.172006,CORA.441.21,0.170424
126,BAV1341.57r.20.txt,canon_unlabelled/BAV1341.57r.20.txt,CCHA.451.17,0.154884,CGAN.355.16,0.150454,CORA.441.7,0.147224,CORL.511.19,0.144617,RPWO.758.17,0.14449,Can.apost.36,0.141729,Can.apost.43,0.140628,"Ambrose, Exp.ev.sec.Luc. lib. 9, vers. 20:24 (ed. Adriaen, 343, line 326) Source (quęrit de ... alia mundi)",0.138178,CGAN.355.5,0.137352,CGAN.355.15,0.133704
127,BAV1341.57r.3.txt,canon_unlabelled/BAV1341.57r.3.txt,CCHA.451.4,0.271603,CHIP.393.15,0.25852,CANC.314.23,0.254869,CCHA.451.3,0.246801,CEPA.517.8,0.18883,CAGD.506.56,0.185888,CNIC.325.17,0.184332,CAGD.506.54,0.182402,CCHA.451.9,0.181372,CNIC.325.12,0.179227
128,BAV1341.57r.4.txt,canon_unlabelled/BAV1341.57r.4.txt,Can.apost.44,0.323863,CNIC.325.17,0.280457,"Caesarius, Sermo 54.4 (ed. Morin, 238, lines 15–16)",0.203428,CGAN.355.8,0.202895,CNEO.315.1,0.179286,"Gregory of Nazianzus- Rufinus, De Pentecoste et de spiritu sancto 2 (in Tyranni Rufini
orationum Gregorii Nazianzeni novem interpretatio, ed. Engelbrecht, 143, lines 8–16)",0.174794,CEPA.517.29,0.172442,"Ambrose, Exp.ev.sec.Luc. lib. 9, vers. 20:24 (ed. Adriaen, 343, line 326) Source (quęrit de ... alia mundi)",0.167747,CNEO.315.11,0.166963,CANT.328.3,0.166523
129,BAV1341.57r.5.txt,canon_unlabelled/BAV1341.57r.5.txt,CTOL.397.15,0.260741,CORL.511.31,0.256559,Can.apost.21,0.240418,CAGD.506.63,0.236372,CNEO.315.11,0.233898,CNEO.315.,0.219124,CARL.501?.21,0.201463,CTOL.397.16,0.200898,CORL.511.27,0.199627,CANT.328.17,0.199061
130,BAV1341.57r.6.txt,canon_unlabelled/BAV1341.57r.6.txt,CTOL.397.16,0.334105,CTOL.589.12,0.293288,CAGD.506.46,0.228948,CTOL.397.19,0.227607,CARL.314.22,0.227161,CARL.501?.25,0.224572,CANC.314.14,0.197275,CTOL.655.12,0.193874,CORL.538.12,0.189424,CARL.501?.12,0.184659
131,BAV1341.57r.7.txt,canon_unlabelled/BAV1341.57r.7.txt,Can.apost.38,0.268314,CTOL.633.8,0.259,CLAO.300.51,0.238914,"Gratian, D. 5 de cons. c. 19",0.210043,CTOU.567.18 (17),0.205857,CANT.328.20,0.195264,CAGD.506.41,0.18333,CTOL.633.5,0.182536,CGAN.355.18,0.175005,CORA.441.28,0.17361
132,BAV1341.57r.8.txt,canon_unlabelled/BAV1341.57r.8.txt,Can.apost.17,0.257979,RPCO.757.2,0.228464,CHIP.393.15,0.209252,CTOL.633.62,0.199072,CANT.328.24,0.185187,CNIC.325.10,0.181608,CNEO.315.12,0.176761,Can.apost.21,0.176217,CORA.441.23,0.170476,Can.apost.47,0.168531
133,BAV1341.57r.9.txt,canon_unlabelled/BAV1341.57r.9.txt,CARL.314.10,0.376331,CTOL.656.4,0.206355,CTOL.633.16,0.203006,CTOL.655.9,0.192632,Can.apost.49,0.192111,CANC.314.16,0.190406,CAGD.506.38,0.182988,"Eusebius-Rufinus, HE 10.5 (eds Mommsen–Schwartz, II, 963, line 21)",0.182326,Can.apost.50,0.181421,CTOL.633.6,0.175334
134,BAV1341.57v.1.txt,canon_unlabelled/BAV1341.57v.1.txt,CTOL.397.1,0.22472,Can.apost.47,0.215774,CARL.314.3,0.207821,CSAR.347.18,0.206875,CTOL.633.65,0.201783,Can.apost.10,0.190263,CSAR.347.1,0.189714,CORA.441.13,0.18389,Can.apost.49,0.17906,CAGD.506.12,0.177599
135,BAV1341.57v.10.txt,canon_unlabelled/BAV1341.57v.10.txt,CARL.501?.25,0.276594,CNIC.325.12,0.253517,CANC.314.5,0.245043,CANC.314.4,0.229753,CNEO.315.5,0.210663,Can.apost.16,0.207744,CTOL.397.16,0.207661,"Caesarius, Sermo 54.4 (ed. Morin, 238, lines 15–16)",0.203728,CANC.314.7,0.198338,CGAN.355.20,0.182167
136,BAV1341.57v.11.txt,canon_unlabelled/BAV1341.57v.11.txt,CTOL.655.17,0.218164,Can.apost.47,0.203187,CNEO.315.11,0.201403,CTOL.638.17,0.195645,CAGD.506.31,0.183987,CTOL.397.4,0.176932,Can.apost.38,0.174219,CTOL.655.12,0.173225,CARL.314.20,0.173187,CTOL.397.17,0.171756
137,BAV1341.57v.12.txt,canon_unlabelled/BAV1341.57v.12.txt,Can.apost.47,0.25601,"Caesarius, Sermo 2, ammonitio (ed. Morin, 18, lines 7–15)",0.253952,CANC.314.14,0.247517,CANT.328.8,0.202292,CAGD.506.45,0.19858,CMAC.585.5,0.19797,CLAO.300.28,0.197512,Can.apost.50,0.191691,CAGD.506.31,0.184989,CTOL.397.7,0.183088
138,BAV1341.57v.13.txt,canon_unlabelled/BAV1341.57v.13.txt,CAGD.506.44,0.264385,RPWO.758.8,0.253554,CORL.511.26,0.244972,RPWO.758.21,0.243334,CLAO.300.32,0.216598,Can.apost.49,0.209317,"Gregory of Nazianzus- Rufinus, Apologeticus 115 (ed. Engelbrecht, 82, lines 11–12)",0.200744,CAUX.561.18,0.195941,RPWO.758.20,0.19468,CORA.441.22,0.192677
139,BAV1341.57v.14.txt,canon_unlabelled/BAV1341.57v.14.txt,CLAO.300.29,0.264354,"Ps.-Clemens-Rufinus, Recognitiones 2.72 (eds Rehm–Paschke, 94,
lines 4–8)",0.236034,CTOL.397.15,0.218577,CTOL.589.14,0.206342,CTOL.527.2,0.199631,CTOL.397.14,0.188915,CAUX.561.38,0.185295,Can.apost.22,0.181874,CTOL.633.63,0.179757,CNIC.325.2,0.175785
140,BAV1341.57v.15.txt,canon_unlabelled/BAV1341.57v.15.txt,CNIC.325.10,0.348879,CTOL.633.73,0.27762,CTOL.633.64,0.231121,Can.apost.17,0.231023,CTOL.633.62,0.22907,CTOL.397.3,0.218792,CNIC.325.2,0.204666,CTOL.397.2,0.199894,CTOL.656.6,0.194476,CARL.314.2,0.194333
141,BAV1341.57v.16.txt,canon_unlabelled/BAV1341.57v.16.txt,RPCO.757.2,0.247033,CCHA.451.27,0.198932,CCHA.451.7,0.198266,RPCO.757.3,0.193155,"Caesarius, Sermo 2, ammonitio (ed. Morin, 18, lines 7–15)",0.185768,"CMEA.845.0 ""Canon extravagans 2"", Conc. Meaux, a. 845; unique to this ms, apud MGH Conc. III p. 129",0.175984,CGAN.355.20,0.159694,Can.apost.49,0.158968,CARL.501?.24,0.15874,CAUX.561.4,0.157088
142,BAV1341.57v.17.txt,canon_unlabelled/BAV1341.57v.17.txt,RPWO.758.18,0.211713,CTUR.439.7,0.20066,CTOL.397.19,0.19826,CNIC.325.13,0.195121,RPWO.758.2,0.190381,CARL.501?.19,0.187166,CTOL.638.17,0.186625,CGAN.355.4,0.186243,CARL.314.17,0.18198,CTOL.633.73,0.180493
143,BAV1341.57v.18.txt,canon_unlabelled/BAV1341.57v.18.txt,CTOL.527.1,0.263165,CARL.314.12,0.217113,CORL.511.13,0.210988,CORL.511.9,0.199027,CORL.511.8,0.198896,CTOL.633.21,0.186663,CTOL.397.13,0.180579,CTUR.439.4,0.174856,CTOL.638.10,0.172639,CAGD.506.25,0.17168
144,BAV1341.57v.19.txt,canon_unlabelled/BAV1341.57v.19.txt,CANC.314.7,0.305008,CANC.314.11,0.290843,CANC.314.4,0.271899,CARL.501?.11,0.246993,CARL.314.16,0.218192,CAGD.506.52,0.209928,CANC.314.8,0.202946,CANC.314.1,0.201295,CANC.314.6,0.194691,"Caesarius, Sermo 43.5 (ed. Morin, 192, lines 2–7)",0.185158
145,BAV1341.57v.2.txt,canon_unlabelled/BAV1341.57v.2.txt,Can.apost.47,0.283519,CNIC.325.14,0.243438,CNEO.315.5,0.232854,CNEO.315.12,0.230633,CNIC.325.2,0.22877,CNEO.315.7,0.220661,CHIP.393.27,0.21489,CORA.441.14,0.210383,CORL.511.16,0.208797,CNEO.315.11,0.207501
146,BAV1341.57v.20.txt,canon_unlabelled/BAV1341.57v.20.txt,CANT.328.16,0.251812,CNEO.315.10,0.226791,"Gregory of Nazianzus- Rufinus, De Pentecoste et de spiritu sancto 2 (in Tyranni Rufini
orationum Gregorii Nazianzeni novem interpretatio, ed. Engelbrecht, 143, lines 8–16)",0.195096,CAGD.506.56,0.19396,CRIZ.439.6,0.18485,Can.apost.7,0.170002,CARL.314.7,0.169495,CTOL.633.29,0.165816,CTOL.633.32,0.165749,CNIC.325.15,0.159234
147,BAV1341.57v.21.txt,canon_unlabelled/BAV1341.57v.21.txt,CANC.314.4,0.250348,CAGD.506.39,0.227614,CTOL.633.24,0.216954,CGAN.355.13,0.210353,CTOL.633.44,0.197088,CHIP.393.11,0.194189,CTOL.633.40,0.186884,CTOL.633.46,0.18667,CTOL.633.32,0.177904,CANT.328.11,0.174388
148,BAV1341.57v.3.txt,canon_unlabelled/BAV1341.57v.3.txt,CARL.314.6,0.510819,CORL.511.16,0.189346,CARL.501?.17,0.18766,CANC.314.3,0.184693,CORL.511.31,0.175133,Can.apost.47,0.170013,CHIP.393.17,0.169938,Unidentified,0.165167,CLAO.300.53,0.162328,CTOL.633.63,0.153474
149,BAV1341.57v.4.txt,canon_unlabelled/BAV1341.57v.4.txt,CANC.314.4,0.227741,CTOL.633.35,0.21337,CTOL.633.51,0.205132,CTOL.633.33,0.205037,CAUX.561.18,0.19622,CAUX.561.8,0.191761,RPWO.758.16,0.188928,CARL.501?.11,0.18817,CAGD.506.4,0.184866,CANC.314.8,0.17908
150,BAV1341.57v.5.txt,canon_unlabelled/BAV1341.57v.5.txt,CARL.501?.23,0.246621,CTOL.589.15,0.244741,RPWO.758.17,0.228949,RPWO.758.16,0.225019,CTOL.589.16,0.222677,CTOL.633.62,0.219882,CARL.314.12,0.206147,Can.apost.25,0.190371,CTOL.633.33,0.187662,CTOL.633.27,0.186403
151,BAV1341.57v.6.txt,canon_unlabelled/BAV1341.57v.6.txt,CNEO.315.12,0.266842,CARL.314.6,0.256664,CARL.501?.9,0.237079,CORA.441.14,0.211232,CORA.441.2,0.195461,CTOL.633.74,0.189483,CTOL.655.15,0.185713,CLAO.300.45,0.184001,CTOL.646.2,0.183808,CEPA.517.29,0.172543
152,BAV1341.57v.7.txt,canon_unlabelled/BAV1341.57v.7.txt,CTOL.633.17,0.24691,CTOL.589.7,0.219823,CTOL.589.19,0.208876,CTOL.589.1,0.208626,CTOL.633.20,0.192702,Can.apost.38,0.189633,"CMEA.845.0 ""Canon extravagans 2"", Conc. Meaux, a. 845; unique to this ms, apud MGH Conc. III p. 129",0.179166,CARL.501?.23,0.179009,CANC.314.19,0.176016,Can.apost.43,0.171942
153,BAV1341.57v.8.txt,canon_unlabelled/BAV1341.57v.8.txt,CTOL.397.16,0.271715,CTOL.397.18,0.238965,CTOL.397.19,0.233959,CTOL.633.52,0.21054,CORA.441.14,0.205175,CNIC.325.12,0.203246,CTOL.638.14,0.194478,CTOL.655.5,0.169396,CANC.314.5,0.168014,CTOL.656.5,0.167082
154,BAV1341.57v.9.txt,canon_unlabelled/BAV1341.57v.9.txt,CNEO.315.5,0.239581,CTOL.397.8,0.219821,CORA.441.17,0.218551,CARL.314.16,0.213667,CTOL.633.49,0.201713,CTOL.397.18,0.199193,"Caesarius, Sermo 43.4 (ed. Morin, 191, lines 1–3)",0.198796,CNEO.315.12,0.196902,CNIC.325.8,0.189534,RPWO.758.17,0.181212
155,BAV1341.58r.1.txt,canon_unlabelled/BAV1341.58r.1.txt,CHIP.393.20,0.231353,CARL.314.7,0.202974,CARL.314.10,0.195484,CTOL.646.5,0.177618,CANC.314.19,0.172941,"Caesarius, Sermo 2, ammonitio (ed. Morin, 18, lines 7–15)",0.169485,CTOL.397.9,0.165473,CHIP.393.32,0.155616,Can.apost.42,0.152439,CARL.314.1,0.149349
156,BAV1341.58r.10.txt,canon_unlabelled/BAV1341.58r.10.txt,CHIP.393.33,0.263308,CANC.314.23,0.260909,CAGD.506.39,0.2223,CORA.441.17,0.205541,CTOL.633.65,0.205291,CTOL.633.29,0.184779,CAUX.561.8,0.182844,CARL.314.15,0.182761,CTOL.636.5,0.177138,CNIC.325.14,0.174111
157,BAV1341.58r.11.txt,canon_unlabelled/BAV1341.58r.11.txt,CORA.441.17,0.387542,CNIC.325.14,0.383226,CNEO.315.5,0.355513,CNEO.315.6,0.349897,Can.apost.47,0.287477,CARL.501?.16,0.217983,Can.apost.49,0.207113,CTOL.633.30,0.200005,RPWO.758.21,0.198589,CORA.441.9,0.184677
158,BAV1341.58r.12.txt,canon_unlabelled/BAV1341.58r.12.txt,CTOL.589.12,0.238063,RPCO.757.8,0.226833,CNEO.315.2,0.214759,CEPA.517.29,0.210139,CCHA.451.25,0.201471,CORL.511.25,0.172876,CTOL.638.8,0.168546,CAGD.506.63,0.168315,CNEO.315.11,0.161229,CANC.314.15,0.156323
159,BAV1341.58r.13.txt,canon_unlabelled/BAV1341.58r.13.txt,RPWO.758.12,0.287256,CTOL.397.19,0.254293,CNEO.315.13,0.228073,CARL.501?.10,0.213845,CANC.314.19,0.202184,CARL.314.22,0.200494,Unidentified,0.198244,"Gregory of Nazianzus- Rufinus, Apologeticus 115 (ed. Engelbrecht, 82, lines 11–12)",0.193399,RPWO.758.20,0.185559,"Hermas, Libell.sanct.past., mandatum 4.1.4–8 (eds de Gebhardt– Harnack–Zahn, 79, lines 1–19)",0.185212
160,BAV1341.58r.14.txt,canon_unlabelled/BAV1341.58r.14.txt,CARL.501?.22,0.250043,CTOL.633.62,0.202768,CARL.314.22,0.193228,CANC.314.5,0.183303,CTOL.633.24,0.179929,CRIZ.439.1,0.179113,CNEO.315.13,0.174666,Can.apost.29,0.167707,CNIC.325.17,0.165333,CANC.314.10,0.158649
161,BAV1341.58r.15.txt,canon_unlabelled/BAV1341.58r.15.txt,CTOL.397.18,0.300172,CTOL.397.19,0.294757,CARL.314.22,0.274173,CNEO.315.2,0.261792,CTOL.636.1,0.261416,CARL.501?.12,0.242156,CORL.511.25,0.23588,CTOL.397.16,0.226292,CNIC.325.13,0.225861,CANC.314.15,0.222336
162,BAV1341.58r.16.txt,canon_unlabelled/BAV1341.58r.16.txt,CTOL.397.8,0.267498,CNIC.325.14,0.226283,CANC.314.15,0.225926,Can.apost.34,0.222292,CTOL.397.19,0.218157,CTOL.397.16,0.209372,CNEO.315.5,0.206788,CORA.441.17,0.205109,CNEO.315.12,0.203016,CARL.501?.11,0.192641
163,BAV1341.58r.17.txt,canon_unlabelled/BAV1341.58r.17.txt,CTOL.397.15,0.242746,CARL.501?.11,0.228419,CANC.314.4,0.22361,CVAI.442.8,0.213349,CHIP.393.20,0.199723,"Gratian, D. 5 de cons. c. 19",0.18642,CTOL.633.11,0.185896,CTOL.656.4,0.184758,"Caesarius, Sermo 43.4 (ed. Morin, 191, lines 1–3)",0.1821,CRIZ.439.2,0.166351
164,BAV1341.58r.18.txt,canon_unlabelled/BAV1341.58r.18.txt,CAGD.506.37,0.321022,CTOL.397.10,0.199283,Can.apost.29,0.182438,CORL.541.19,0.182229,CARL.501?.22,0.173361,"Gregory of Nazianzus–Rufinius, In semet.de agr.regr. 6 (ed. Engelbrecht, 173, lines 18–19)",0.171951,CARL.501?.24,0.171899,CHIP.393.33,0.170933,Can.apost.30,0.16575,CAGD.506.41,0.159831
165,BAV1341.58r.19.txt,canon_unlabelled/BAV1341.58r.19.txt,CTOL.397.8,0.308685,CEPA.517.22,0.256025,CARL.501?.11,0.249729,CANC.314.15,0.248059,CTOL.633.24,0.244572,CANC.314.5,0.241849,CARL.501?.10,0.240422,CTOL.589.12,0.237063,CARL.501?.25,0.230606,CARL.501?.12,0.226905
166,BAV1341.58r.2.txt,canon_unlabelled/BAV1341.58r.2.txt,CARL.314.19,0.252539,CANC.314.4,0.22538,CARL.501?.11,0.212933,CTOL.633.59,0.208024,CTOL.633.66,0.196262,CORL.511.30,0.195513,CTOL.633.75,0.190533,CEPA.517.29,0.190378,CORL.538.31,0.186366,CNEO.315.5,0.182472
167,BAV1341.58r.20.txt,canon_unlabelled/BAV1341.58r.20.txt,CAGD.506.44,0.281709,CNEO.315.11,0.208482,Can.apost.47,0.199623,CTOL.397.19,0.190869,Can.apost.17,0.186608,CAGD.506.18,0.181066,CORA.441.14,0.178903,CNEO.315.2,0.176926,CNIC.325.13,0.175727,CTOL.589.15,0.175545
168,BAV1341.58r.21.txt,canon_unlabelled/BAV1341.58r.21.txt,CTOL.636.1,0.208239,CORL.511.31,0.202252,CARL.314.1,0.181152,Can.apost.8,0.17679,Galatians.4:16,0.17601,CORL.511.18,0.170078,CCLE.535.12,0.169209,CTOL.397.17,0.161797,CLAO.300.29,0.15579,CARL.501?.12,0.154494
169,BAV1341.58r.22.txt,canon_unlabelled/BAV1341.58r.22.txt,CARL.501?.23,0.235235,CTOL.638.9,0.193609,CANT.328.18,0.193603,CTOL.655.12,0.193024,RPWO.758.20,0.187223,RPCO.757.7,0.18677,Can.apost.42,0.176717,CTOL.397.16,0.174844,CTOL.397.4,0.17327,CTOL.633.49,0.166969
170,BAV1341.58r.23.txt,canon_unlabelled/BAV1341.58r.23.txt,CTOL.633.72,0.28918,CTOL.633.73,0.230248,CTOL.655.13,0.227315,Can.apost.17,0.222863,CTOL.633.70,0.21854,CTOL.589.6,0.217517,CTOL.633.68,0.20969,CTOL.633.74,0.200076,CTOL.633.53,0.186898,CANC.314.11,0.185428
171,BAV1341.58r.3.txt,canon_unlabelled/BAV1341.58r.3.txt,CHIP.393.36,0.232654,CTOL.633.13,0.23118,Can.apost.21,0.223681,CGAN.355.20,0.207199,CTOL.633.17,0.204138,CORL.511.28,0.197072,"Source unidentified, but cf. Ps.-Clemens–Rufinus, Recognitiones 4.21 (eds Rehm–Paschke, 157,
line 20)",0.196069,CTOL.397.9,0.188977,"Caesarius, Sermo 54.4 (ed. Morin, 238, lines 15–16)",0.187578,CARL.314.16,0.183015
172,BAV1341.58r.4.txt,canon_unlabelled/BAV1341.58r.4.txt,CORL.511.25,0.232074,CNEO.315.12,0.210192,CTOL.638.8,0.2068,CTOL.638.19,0.194754,CORL.511.31,0.193927,CTOL.636.9,0.187465,Can.apost.19,0.186149,CTOL.646.6,0.184844,CTOL.646.3,0.183739,CEPA.517.29,0.183026
173,BAV1341.58r.5.txt,canon_unlabelled/BAV1341.58r.5.txt,CNIC.325.12,0.240579,CTOL.633.52,0.223088,CHIP.393.11,0.219242,CANT.328.5,0.214199,CTOL.633.55,0.214168,CANC.314.2,0.208836,CANC.314.17,0.208592,CORA.441.23,0.202562,CTOL.633.45,0.192118,CTOL.633.4,0.188659
174,BAV1341.58r.6.txt,canon_unlabelled/BAV1341.58r.6.txt,CAGD.506.62,0.253597,CRIZ.439.6,0.244497,CTOL.589.17,0.239335,CTOL.397.18,0.234171,CTOL.636.1,0.22209,"Eusebius-Rufinus, HE 10.5 (eds Mommsen–Schwartz, II, 963, line 21)",0.221942,CRIZ.439.2,0.215413,CRIZ.439.1,0.213231,CNEO.315.13,0.213055,CTOL.633.65,0.200301
175,BAV1341.58r.7.txt,canon_unlabelled/BAV1341.58r.7.txt,CARL.314.22,0.321254,CAGD.506.62,0.242685,CTOL.397.18,0.237423,CTOL.397.19,0.237196,CTOL.633.14,0.230193,CNIC.325.13,0.223425,CARL.501?.22,0.220392,CTOL.636.1,0.217855,CARL.501?.12,0.207906,RPCO.757.6,0.204082
176,BAV1341.58r.8.txt,canon_unlabelled/BAV1341.58r.8.txt,"Jerome, Comm.in Mat.libri IV, lib. 3, vers. 19:9 (eds Hurst–Adriaen, 167, lines 761–80)",0.230565,CAGD.506.39,0.210419,"Jerome, Advers.Iovin.libri II, 1.14 (PL 23, col. 233C)",0.1946,"Hermas, Libell.sanct.past., mandatum 4.1.4–8 (eds de Gebhardt– Harnack–Zahn, 79, lines 1–19)",0.180865,CTOL.638.17,0.1712,"Isidore, De eccl.offic. 2.20 (ed. Lawson, 91, lines 40–43)",0.165759,CANC.314.19,0.159228,"GREG.MAG. Hom.in ev. 2.26 (ed. Étaix, 222, lines 98–102) Gregorius Magnus, Hom.in ev. 2.26 (ed. Étaix, 222, lines 109–11) GREG.MAG. Hom.in ev. 2.22 (ed. Étaix, 191, lines 272–76)",0.157706,CSAR.347.17,0.152999,CNEO.315.8,0.151292
177,BAV1341.58r.9.txt,canon_unlabelled/BAV1341.58r.9.txt,CARL.501?.22,0.326935,CARL.314.22,0.248526,CTOL.589.19,0.225723,Can.apost.48,0.222723,CNIC.325.13,0.207071,CTOL.655.5,0.197846,CARL.314.13,0.194917,CTOL.638.19,0.186173,RPWO.758.21,0.182714,CNEO.315.6,0.16171
178,BAV1341.58v.1.txt,canon_unlabelled/BAV1341.58v.1.txt,CANT.328.8,0.247411,CCHA.451.13,0.199421,CTOL.636.7,0.188486,CHIP.393.12,0.185036,CLAO.300.10,0.180553,CTOL.589.23,0.170874,"CMEA.845.0 ""Canon extravagans 2"", Conc. Meaux, a. 845; unique to this ms, apud MGH Conc. III p. 129",0.167472,CAUX.561.21,0.164367,CTOL.589.2,0.163336,"John Cassian, De inst.coenob. 12.11 (ed. Petschenig, 213, lines 4–6)",0.16285
179,BAV1341.58v.14.txt,canon_unlabelled/BAV1341.58v.14.txt,CEPA.517.38,0.289438,CAGD.506.38,0.277624,"Eusebius-Rufinus, HE 10.5 (eds Mommsen–Schwartz, II, 963, line 21)",0.235163,CAUX.561.26,0.232226,"Gratian, D. 5 de cons. c. 19",0.230032,CANT.328.12,0.229213,CTOL.646.6,0.221753,"Ps.-Clemens-Rufinus, Recognitiones 2.72 (eds Rehm–Paschke, 94,
lines 4–8)",0.21067,CSAR.347.12,0.208629,CTOL.633.4,0.207824
180,BAV1341.58v.15.txt,canon_unlabelled/BAV1341.58v.15.txt,CANC.314.13,0.211954,CTOL.646.5,0.195307,CORA.441.7,0.192804,CNIC.325.17,0.184561,CTOL.656.6,0.184166,CANC.314.14,0.183166,CNIC.325.1,0.176447,Can.apost.27,0.171789,CNEO.315.1,0.171119,CNIC.325.5,0.154689
181,BAV1341.58v.16.txt,canon_unlabelled/BAV1341.58v.16.txt,CAUX.561.8,0.223314,CTOL.638.5,0.217432,CANC.314.14,0.208577,CHIP.393.34,0.199684,RPWO.758.3,0.198484,RPCO.757.2,0.198049,CNIC.325.13,0.196654,CTOL.397.18,0.192613,CNIC.325.17,0.18872,CORA.441.2,0.185097
182,BAV1341.58v.17.txt,canon_unlabelled/BAV1341.58v.17.txt,CHIP.393.28,0.246096,CHIP.393.9,0.231688,CMAC.581.9,0.222235,CAGD.506.32,0.218255,CHIP.393.24,0.217397,CGAN.355.18,0.194292,CHIP.393.30,0.193899,CTOL.636.1,0.191926,CORL.538.32,0.18909,"Augustine, Sermo 392 (PL 39, col. 1710)",0.187987
183,BAV1341.58v.18.txt,canon_unlabelled/BAV1341.58v.18.txt,CAGD.506.35,0.402702,CARL.501?.5,0.374276,CORL.538.1,0.368563,CRIZ.439.6,0.355474,CTOL.589.18,0.318491,CSAR.347.9,0.294068,CANT.328.19,0.288129,CNIC.325.6,0.287712,CANT.328.9,0.286937,CAGD.506.63,0.269815
184,BAV1341.58v.19.txt,canon_unlabelled/BAV1341.58v.19.txt,CAGD.506.35,0.352183,CVER.755.5,0.236878,CAUX.561.8,0.232495,CARL.501?.18,0.22658,CMAC.585.5,0.221429,CTOL.633.3,0.213051,Can.apost.45,0.210574,CORL.511.25,0.209746,CTOL.527.5,0.207696,CTUR.439.6,0.206725
185,BAV1341.59r.1.txt,canon_unlabelled/BAV1341.59r.1.txt,CTOU.567.18 (17),0.359077,CTOL.636.1,0.266971,CORL.511.26,0.257373,CANT.328.20,0.240864,CTOU.567.19 (18),0.233381,"Gregory of Nazianzus- Rufinus, De Pentecoste et de spiritu sancto 2 (in Tyranni Rufini
orationum Gregorii Nazianzeni novem interpretatio, ed. Engelbrecht, 143, lines 8–16)",0.231146,CMAC.581.9,0.226392,CSAR.347.15,0.224421,CSAR.347.14,0.212825,CARL.314.1,0.212669
186,BAV1341.59r.19.txt,canon_unlabelled/BAV1341.59r.19.txt,CTOL.633.2,0.332871,CRIZ.439.6,0.222985,CORL.511.26,0.196701,CTOL.633.3,0.187779,CANT.328.9,0.177979,CTOL.646.3,0.167781,CANT.328.19,0.16559,CNIC.325.7,0.159431,CORL.538.15,0.159413,"Isidore, De eccl.offic. 2.20 (ed. Lawson, 91, lines 40–43)",0.156435
187,BAV1341.59r.2.txt,canon_unlabelled/BAV1341.59r.2.txt,CTOL.633.36,0.3043,CTOL.589.19,0.223518,CTOL.636.1,0.217849,CTOL.397.9,0.212186,CTOL.589.20,0.205329,"Gregorius Magnus, Hom.in ev. 1.17 (ed. Étaix, 121, lines 115–19)",0.188803,CTOL.397.20,0.188371,CRIZ.439.2,0.184694,CNIC.325.19,0.182942,CTOL.655.2,0.177631
188,BAV1341.59r.20.txt,canon_unlabelled/BAV1341.59r.20.txt,CTOU.567.18 (17),0.426194,CANT.328.20,0.362319,CTOL.636.1,0.354125,Can.apost.38,0.315734,CMAC.581.9,0.303126,CLAO.300.46,0.297536,CORL.511.27,0.287337,CORL.511.25,0.273677,CORL.511.18,0.256317,"Gregory of Nazianzus- Rufinus, De Pentecoste et de spiritu sancto 2 (in Tyranni Rufini
orationum Gregorii Nazianzeni novem interpretatio, ed. Engelbrecht, 143, lines 8–16)",0.255187
189,BAV1341.59r.3.txt,canon_unlabelled/BAV1341.59r.3.txt,CANC.314.19,0.293497,CNEO.315.8,0.233242,RPWO.758.12,0.1965,CLAO.300.23,0.187211,CARL.501?.9,0.184055,RPWO.758.11,0.183309,CTOL.397.9,0.170321,CTOL.527.3,0.167096,CNIC.325.3,0.162912,"CMEA.845.0 ""Canon extravagans 2"", Conc. Meaux, a. 845; unique to this ms, apud MGH Conc. III p. 129",0.161228
190,BAV1341.59r.4.txt,canon_unlabelled/BAV1341.59r.4.txt,CTOL.638.4,0.242672,Can.apost.44,0.231512,CTOL.656.3,0.217423,CORA.441.26,0.211885,CNIC.325.17,0.204327,CGAN.355.8,0.203449,CTOL.633.19,0.196966,Can.apost.9,0.195605,CNIC.325.9,0.182469,CHIP.393.20,0.176692
191,BAV1341.59r.5.txt,canon_unlabelled/BAV1341.59r.5.txt,CTAR.516.11,0.626861,"Poen. Theod. II.6.1- 5, II.6.9-13",0.196674,CCHL.647.15,0.19658,CTOU.567.17 (16),0.190702,CCHL.647.12,0.187125,Can.apost.7,0.186005,CNEO.315.8,0.182446,CTOL.397.3,0.180626,CAGD.506.27; anno 506,0.17033,CTOL.527.4,0.168102
192,BAV1341.59r.6.txt,canon_unlabelled/BAV1341.59r.6.txt,"Eusebius-Rufinus, HE 10.5 (eds Mommsen–Schwartz, II, 963, line 21)",0.24169,CVAI.442.9,0.231746,"Gratian, D. 5 de cons. c. 19",0.209299,CNIC.325.12,0.190654,CRIZ.439.2,0.188325,CARL.314.15,0.187088,CHIP.393.8,0.179436,CTOL.655.9,0.178693,CORA.441.21,0.171561,CARL.501?.24,0.170313
193,BAV1341.59r.7.txt,canon_unlabelled/BAV1341.59r.7.txt,CORL.538.32,0.202605,CNEO.315.1,0.200152,CTOL.589.20,0.180876,CORA.441.24,0.178755,CANT.328.8,0.177206,CHIP.393.12,0.176023,CNEO.315.8,0.17355,Can.apost.15,0.169116,CTOL.633.61,0.16821,CHIP.393.27,0.163103
194,BAV1341.59r.8.txt,canon_unlabelled/BAV1341.59r.8.txt,CTOL.636.9,0.256527,CAGD.506.62,0.215234,CTOL.646.6,0.209102,CTOL.638.19,0.192851,CHIP.393.39,0.192738,CTOL.633.68,0.187918,CGAN.355.17,0.1809,CAGD.506.37,0.178711,CAGD.506.26,0.177752,CORL.511.2,0.167587
195,BAV1341.59v.1.txt,canon_unlabelled/BAV1341.59v.1.txt,CTOL.636.1,0.460871,CTOU.567.18 (17),0.444744,CTOL.633.11,0.318755,CANT.328.20,0.305768,CMAC.581.9,0.298316,CTOL.655.17,0.296019,CLAO.300.46,0.271455,CTOL.656.2,0.268716,Can.apost.38,0.263575,CTOU.567.19 (18),0.260634
196,BAV1341.59v.18.txt,canon_unlabelled/BAV1341.59v.18.txt,CNIC.325.14,0.271199,CTOL.633.25,0.246477,CORA.441.28,0.194208,CMAC.585.5,0.188358,CHIP.393.36,0.18301,CORL.511.1,0.181992,CTOL.633.20,0.181888,CTOL.589.1,0.179937,CGAN.355.6,0.179222,CMAC.585.1,0.176417
197,BAV1341.59v.19.txt,canon_unlabelled/BAV1341.59v.19.txt,CORL.511.9,0.257808,CTOL.633.4,0.234104,CTOU.567.18 (17),0.185033,CORL.511.27,0.181068,CORL.541.6,0.17953,CTOL.636.1,0.179526,CMAC.581.7,0.173088,CTOL.589.18,0.166124,CHIP.393.6,0.164034,CARL.314.2,0.163349
198,BAV1341.59v.2.txt,canon_unlabelled/BAV1341.59v.2.txt,Can.apost.47,0.325111,CNEO.315.6,0.301234,CTOL.633.6,0.291863,CAUX.561.18,0.285257,CORA.441.2,0.233059,Can.apost.50,0.227646,CNIC.325.14,0.204569,CORL.511.25,0.203261,CAGD.506.21,0.200899,Can.apost.46,0.194085
199,BAV1341.59v.20.txt,canon_unlabelled/BAV1341.59v.20.txt,CTOL.397.14,0.249058,CTOL.655.6,0.23485,CGAN.355.4,0.208107,CTOL.397.3,0.206418,DSIR.384.255  cap. 11,0.204149,RPWO.758.18,0.201542,CGAN.355.17,0.19433,CSAR.347.2,0.194147,CGAN.355.7,0.193518,CARL.501?.8,0.18996
200,BAV1341.59v.21.txt,canon_unlabelled/BAV1341.59v.21.txt,CTOU.567.19 (18),0.283585,CTOU.567.18 (17),0.254656,CGAN.355.18,0.226385,CNEO.315.5,0.223971,CAUX.561.1,0.220355,CAUX.561.2,0.216783,CTOL.397.11,0.200355,CGAN.355.14,0.199946,CAUX.561.11,0.197358,CAGD.506.12,0.196577
201,BAV1341.59v.3.txt,canon_unlabelled/BAV1341.59v.3.txt,CTOL.633.22,0.300015,CHIP.393.20,0.282991,CTOL.638.13,0.267844,CTOL.527.1,0.261718,CTOL.633.21,0.231204,CTOL.638.19,0.215163,CORA.441.24,0.211822,CARL.501?.1,0.208529,CANC.314.11,0.203138,CSAR.347.13,0.198135
202,BAV1341.59v.4.txt,canon_unlabelled/BAV1341.59v.4.txt,CNEO.315.6,0.26236,CAUX.561.31,0.223681,CHIP.393.16,0.1936,CMAC.581.12,0.192605,CHIP.393.23,0.192077,CVAI.442.3,0.189969,CTOL.655.10,0.187139,CTOL.655.2,0.183085,CTOL.633.42,0.182586,CAGD.506.4,0.181286
203,BAV1341.59v.5.txt,canon_unlabelled/BAV1341.59v.5.txt,CHIP.393.16,0.30197,CTOL.633.22,0.271853,CTOL.638.1,0.256753,CCHA.451.4,0.247671,CTOL.397.17,0.212294,CTOL.589.23,0.196388,CAUX.561.42,0.194686,CARL.501?.3,0.19381,CTOL.633.42,0.174739,CTOL.397.6,0.168659
204,BAV1341.59v.6.txt,canon_unlabelled/BAV1341.59v.6.txt,CORL.538.32,0.237355,"Source unidentified, but cf. Ps.-Clemens–Rufinus, Recognitiones 4.21 (eds Rehm–Paschke, 157,
line 20)",0.201884,CTOL.656.6,0.195466,CTOL.633.54,0.189132,CARL.501?.8,0.184485,CORL.538.2,0.181735,CGAN.355.17,0.17667,CAUX.561.42,0.174784,CTOL.638.8,0.171893,CTOL.655.3,0.165255
205,BAV1341.59v.7.txt,canon_unlabelled/BAV1341.59v.7.txt,CVAI.442.2,0.190975,CTOL.397.16,0.186327,Can.apost.17,0.18186,CTOL.397.8,0.181353,CTOL.397.19,0.178497,CAGD.506.44,0.178148,CANT.328.3,0.175341,CTOL.397.2,0.17356,CTOL.655.11,0.171611,CTOL.636.8,0.170763
206,BAV1341.59v.8.txt,canon_unlabelled/BAV1341.59v.8.txt,CTOL.633.18,0.311286,CTOL.633.4,0.308759,CORL.511.26,0.301109,CNIC.325.20,0.286012,CTOU.567.19 (18),0.267405,CARL.314.1,0.252044,CTOL.636.1,0.251149,CTOL.633.10,0.250013,CLAO.300.51,0.217891,CTOU.567.18 (17),0.214117
207,BAV1341.59v.9.txt,canon_unlabelled/BAV1341.59v.9.txt,CTOL.636.9,0.24025,CTOL.646.6,0.205324,CAGD.506.37,0.193546,CAGD.506.62,0.188108,CTOL.633.68,0.180981,CARL.501?.11,0.179223,CAGD.506.52,0.171456,CAGD.506.56,0.167929,CAGD.506.26,0.166676,CANC.314.7,0.163325
208,BAV1341.60r.1.txt,canon_unlabelled/BAV1341.60r.1.txt,CORL.511.28,0.210224,CANT.328.2,0.200904,CTOL.397.7,0.186592,CARL.501?.20,0.180122,Can.apost.10,0.17888,CSAR.347.16,0.176616,CTOL.397.11,0.167336,CARL.314.5,0.163502,CTUR.439.7,0.161056,CHIP.393.1,0.160357
209,BAV1341.60r.2.txt,canon_unlabelled/BAV1341.60r.2.txt,CZAR.380.6,0.733108,CRIZ.439.2,0.260471,CANT.328.5,0.244665,CANT.328.3,0.234245,CTOL.656.6,0.233228,CTOL.656.5,0.232617,CNIC.325.12,0.228195,CTOL.646.1,0.227253,Can.apost.27,0.219546,CEPA.517.29,0.218674
210,BAV1341.60r.21.txt,canon_unlabelled/BAV1341.60r.21.txt,CORL.538.8,0.24552,CEPA.517.4,0.231347,CTOL.633.21,0.21754,CORA.441.14,0.216302,CORL.538.2,0.202006,CANT.328.2,0.200293,CTOL.646.3,0.185876,CTOL.633.47,0.185865,"Ps.-Clemens–Rufinus, Recognitiones 6.18 (eds Rehm–Paschke, 155, lines 17–20)",0.185597,CORL.511.8,0.18413
211,BAV1341.60r.22.txt,canon_unlabelled/BAV1341.60r.22.txt,CTOL.646.5,0.28849,CTOL.633.39,0.263988,CTOL.633.60,0.239798,Can.apost.17,0.229606,CNIC.325.11,0.224795,CTOL.655.10,0.219118,CTOL.633.52,0.201298,CTOL.633.54,0.201297,CTOL.638.6,0.197671,CANC.314.19,0.196288
212,BAV1341.60r.23.txt,canon_unlabelled/BAV1341.60r.23.txt,CCHL.647.12,0.294202,CTOL.589.19,0.243287,CNEO.315.12,0.229034,CANT.328.22,0.213527,CTOL.589.4,0.208487,Can.apost.6,0.20768,CORA.441.9,0.194728,CNEO.315.8,0.192485,CANC.314.9,0.189345,CANT.328.18,0.188858
213,BAV1341.60r.3.txt,canon_unlabelled/BAV1341.60r.3.txt,CTOL.633.13,0.22813,CVAI.442.9,0.212736,CARL.314.14,0.207174,"Caesarius, Sermo 2, ammonitio (ed. Morin, 18, lines 7–15)",0.204387,CSAR.347.2,0.197888,CSAR.347.16,0.188212,CSAR.347.4,0.185409,"CMEA.845.0 ""Canon extravagans 2"", Conc. Meaux, a. 845; unique to this ms, apud MGH Conc. III p. 129",0.180783,CGAN.355.8,0.166425,CSAR.347.19,0.163538
214,BAV1341.60r.4.txt,canon_unlabelled/BAV1341.60r.4.txt,CANC.314.18,0.255581,CTOL.397.10,0.25235,CNEO.315.11,0.239383,CSAR.347.3,0.228598,CTOL.397.9,0.222378,CTOL.655.12,0.212411,CHIP.393.20,0.199514,CARL.314.14,0.183164,CTOL.656.6,0.179079,CANC.314.10,0.178608
215,BAV1341.60v.1.txt,canon_unlabelled/BAV1341.60v.1.txt,CNIC.325.14,0.280204,CAUX.561.38,0.261117,CAGD.506.61,0.254053,CTOL.633.62,0.242954,CAGD.506.39,0.22811,CTOL.589.13,0.224993,CNEO.315.5,0.216903,DSIR.384.255  cap. 14,0.206931,CTOL.589.14,0.201604,CTOL.527.3,0.201111
216,BAV1341.60v.10.txt,canon_unlabelled/BAV1341.60v.10.txt,CTOL.633.6,0.276497,CARL.501?.12,0.26687,CORL.511.3,0.231065,CTOL.589.14,0.227559,CARL.314.9,0.211859,"Source unidentified, but cf. Augustine, In Iohannis euangelium tractatus, tract. 73.1 (ed. R. Willems,
CCSL 36 [Turnhout, 1954], 510, lines 23–4)",0.210679,Can.apost.46,0.204537,Can.apost.50,0.199429,CAUX.561.18,0.196317,Can.apost.47,0.190151
217,BAV1341.60v.11.txt,canon_unlabelled/BAV1341.60v.11.txt,CTOL.589.14,0.23651,CAUX.561.31,0.23618,CHIP.393.12,0.209194,CARL.314.9,0.207271,CHIP.393.14,0.204591,CTOL.633.62,0.193666,CTOL.633.63,0.188596,CTOL.633.19,0.183414,Capit.Martini.61,0.18144,CTOL.633.38,0.177896
218,BAV1341.60v.12.txt,canon_unlabelled/BAV1341.60v.12.txt,CAGD.506.2,0.295571,CTOL.656.2,0.256669,CARL.501?.23,0.24832,CTOL.655.17,0.23196,CTOL.527.3,0.220908,CVAI.442.6,0.219923,CTOL.589.1,0.212931,CANC.314.19,0.211933,CARL.501?.21,0.20654,CORA.441.13,0.203135
219,BAV1341.60v.13.txt,canon_unlabelled/BAV1341.60v.13.txt,CTOL.656.4,0.312299,CTOL.636.2,0.308382,CTOL.638.3,0.295703,CTOL.646.1,0.283088,CTOL.646.5,0.27563,CTOL.638.17,0.273969,CTOL.655.9,0.261128,CTOL.589.1,0.247788,CTOL.646.2,0.246874,CTOL.638.18,0.246467
220,BAV1341.60v.2.txt,canon_unlabelled/BAV1341.60v.2.txt,CTOL.633.21,0.28202,CTOL.655.2,0.232594,CANT.328.5,0.20556,CORL.511.19,0.196108,CTOL.638.7,0.189444,CVAI.442.2,0.189191,CTOL.633.6,0.187869,CTOL.656.5,0.186411,"(ed. MOMMSEN, as Gildas, Epist.deperd.fragm. 5, in Chronica minora, p. 87, line 36–p. 88, line 1; trans.
WINTERBOTTOM, Gildas, 82)",0.184853,CTOL.633.28,0.184231
221,BAV1341.60v.3.txt,canon_unlabelled/BAV1341.60v.3.txt,CANT.328.6,0.273458,CTOL.633.75,0.259189,CORL.511.1,0.245278,CANT.328.2,0.231904,CTOL.633.18,0.230916,CAUX.561.10,0.228346,CTOL.638.6,0.226813,"Gennadius, Lib.eccl.dogm. 22 (ed. Turner, 94, lines 13–18; cf. recensio vulgata, c. 23
[PL 42, col. 1218])",0.224235,CTOL.633.6,0.223854,CTOL.397.15,0.222901
222,BAV1341.60v.4.txt,canon_unlabelled/BAV1341.60v.4.txt,CORL.511.1,0.272933,"John Cassian, Collationes 20.8 (ed. Petschenig, p. 561, line 9–p. 562, line 4)",0.254934,CTOL.633.8,0.224589,CAGD.506.62,0.207139,CTOL.527.5,0.205924,Can.apost.50,0.203862,CNIC.325.4,0.192233,CORL.511.26,0.188894,Can.apost.1,0.18429,CTOL.633.31,0.179475
223,BAV1341.60v.5.txt,canon_unlabelled/BAV1341.60v.5.txt,CORL.538.32,0.323648,CTOL.527.2,0.2797,CTOL.589.13,0.279694,CARL.314.20,0.233037,CTOL.633.30,0.221192,CHIP.393.19,0.21349,CTUR.439.7,0.211461,CTOL.397.11,0.198755,CARL.501?.3,0.195179,CARL.501?.8,0.189998
224,BAV1341.60v.6.txt,canon_unlabelled/BAV1341.60v.6.txt,CANC.314.7,0.231189,CNIC.325.11,0.228949,CARL.501?.11,0.225763,CORA.441.27,0.189428,CEPA.517.40,0.169543,CTOL.636.6,0.169325,CHIP.393.37,0.167328,CARL.501?.10,0.167013,CTOL.638.14,0.165636,CARL.314.12,0.164397
225,BAV1341.60v.7.txt,canon_unlabelled/BAV1341.60v.7.txt,CAGD.506.2,0.296009,CORL.511.3,0.284781,CTOL.397.11,0.247502,CTOL.633.32,0.240816,CTOL.633.7,0.222436,CTOU.567.17 (16),0.220655,CAUX.561.18,0.215283,CTOL.636.1,0.211078,CTOL.636.8,0.206618,CTOL.638.12,0.203756
226,BAV1341.60v.8.txt,canon_unlabelled/BAV1341.60v.8.txt,CTOL.638.4,0.218088,"(ed. MOMMSEN, as Gildas, Epist.deperd.fragm. 5, in Chronica minora, p. 87, line 36–p. 88, line 1; trans.
WINTERBOTTOM, Gildas, 82)",0.206965,CTOL.527.5,0.204573,CTOL.656.3,0.186717,CTOL.646.2,0.180226,DSIR.384.255  cap. 13,0.17811,CAGD.506.2,0.177869,CNEO.315.10,0.176521,Can.apost.22,0.174777,CTOL.655.11,0.168356
227,BAV1341.60v.9.txt,canon_unlabelled/BAV1341.60v.9.txt,CNIC.325.10,0.306363,CTUR.439.8,0.259499,CCHA.451.6,0.255254,CTOL.656.6,0.222529,CTUR.439.3,0.219861,CLAO.300.26,0.208257,CANC.314.9,0.203147,CVER.755.11,0.202157,CTOL.633.51,0.195669,CTOL.397.15,0.192747
228,BAV1341.8r.21.txt,canon_unlabelled/BAV1341.8r.21.txt,CNIC.325.1,0.852683,Can.apost.23,0.404339,Can.apost.21,0.35439,Can.apost.22,0.312683,CARL.501?.7,0.248905,CANC.314.3,0.244059,CNEO.315.12,0.242597,CNIC.325.2,0.223485,CANT.328.1,0.213705,CNEO.315.1,0.206512
229,BAV1341.8r.22.txt,canon_unlabelled/BAV1341.8r.22.txt,CNIC.325.2,0.664261,CANC.314.11,0.240545,CNEO.315.12,0.228427,Can.apost.17,0.226349,CNEO.315.5,0.225875,CNIC.325.14,0.22061,CORA.441.24,0.218671,CTOL.397.8,0.216287,CTOL.656.6,0.214853,CANC.314.5,0.209033
230,BAV1341.8r.23.txt,canon_unlabelled/BAV1341.8r.23.txt,CNIC.325.3,0.668361,CHIP.393.16,0.324432,CTOL.633.42,0.301138,CAGD.506.61,0.27769,CARL.501?.3,0.249705,CTOL.397.6,0.236224,CTOL.636.2,0.230969,CTOL.527.3,0.20028,CRIZ.439.2,0.199426,CANC.314.13,0.197307
231,BAV1341.8r.24.txt,canon_unlabelled/BAV1341.8r.24.txt,CNIC.325.4,0.675987,Capit.Martini.2,0.30881,CTOL.397.20,0.252671,CARL.501?.5,0.251944,CANT.328.19,0.231949,CANT.328.9,0.220723,CORL.541.6,0.218143,CTOL.589.19,0.208107,CORL.511.8,0.194804,CORA.441.2,0.19102
232,BAV1341.8v.1.txt,canon_unlabelled/BAV1341.8v.1.txt,CNIC.325.5,0.617936,Can.apost.11,0.308529,CANT.328.6,0.29441,CORA.441.10,0.273395,CTOL.397.12,0.268545,CANT.328.20,0.245887,CNIC.325.11,0.23677,CANT.328.2,0.234275,CSAR.347.17,0.210088,CAUX.561.38,0.204236
233,BAV1341.8v.2.txt,canon_unlabelled/BAV1341.8v.2.txt,CNIC.325.6,0.768897,CNIC.325.7,0.306849,CANT.328.9,0.280132,CARL.501?.5,0.23989,CARL.501?.6,0.230921,CTOL.633.3,0.227134,CANT.328.19,0.211157,CNIC.325.4,0.201999,CNEO.315.12,0.19836,CAUX.561.21,0.197801
234,BAV1341.8v.3.txt,canon_unlabelled/BAV1341.8v.3.txt,CNIC.325.7,0.807914,CNIC.325.6,0.255746,"John Cassian, Collationes, 5.24 (ed. Petschenig, 148, lines 14–21)",0.226954,CTOL.633.15,0.226148,CTOL.638.13,0.189002,CTOL.589.3,0.187518,CARL.314.19,0.186092,"Source unidentified, but cf. Eucherius of Lyon, Instructionum ad Salonium libri II, lib. 2 (ed. C.
Mandolfo, CCSL 66 [Turnhout, 2004], 201–03, lines 263–65)",0.184407,CLAO.300.29,0.181316,CLAO.300.12,0.180586
235,BAV1341.8v.4.txt,canon_unlabelled/BAV1341.8v.4.txt,CNIC.325.8,0.666384,CNIC.325.1,0.241666,CHIP.393.17,0.234552,CTOL.397.12,0.229085,CNIC.325.16,0.211109,CANT.328.2,0.209047,CTOL.633.2,0.205055,CTOL.633.63,0.198024,CAGD.506.18,0.196802,CNIC.325.19,0.196615
236,BAV1341.8v.5.txt,canon_unlabelled/BAV1341.8v.5.txt,CNIC.325.9,0.609354,CSAR.347.13,0.22442,CHIP.393.20,0.220667,CNIC.325.10,0.216402,CVAI.442.7,0.214676,CARL.501?.17,0.210588,CCHA.451.21,0.210077,"CTOL.653.13  (excerpta canonum cap. 13)  Martinez Diez, vol. 5, pp. 475-476; text modified in W",0.208953,CNEO.315.9,0.206164,CORA.441.21,0.202206
237,BAV1341.8v.6.txt,canon_unlabelled/BAV1341.8v.6.txt,CNIC.325.10,0.82071,CLAO.300.26,0.30606,CHIP.393.2,0.237258,CCHA.451.6,0.234685,RPWO.758.14,0.233491,CARL.314.21,0.215964,CARL.314.2,0.207575,CANT.328.13,0.204121,CORA.441.15,0.200758,CARL.314.14,0.198649
238,BAV1341.9r.1.txt,canon_unlabelled/BAV1341.9r.1.txt,CNIC.325.12,0.583487,CNIC.325.11,0.472978,CTOL.633.55,0.297545,CANC.314.4,0.251706,CTOL.656.5,0.241185,CTOL.589.11,0.239333,CTOL.397.2,0.232818,CANC.314.5,0.232498,CTOL.638.7,0.225316,CTOL.656.6,0.219791
239,BAV1341.9r.2.txt,canon_unlabelled/BAV1341.9r.2.txt,CNIC.325.13,0.627594,CANT.328.2,0.272135,CTOL.527.4,0.260794,CTOL.397.12,0.23619,CORA.441.1,0.213712,CORL.538.8,0.208662,Can.apost.11,0.208165,CORA.441.3,0.201515,CORL.511.31,0.198694,CVAI.442.2,0.194431
240,BAV1341.9r.3.txt,canon_unlabelled/BAV1341.9r.3.txt,CNIC.325.14,0.916744,CNEO.315.5,0.581782,CORA.441.17,0.48472,CHIP.393.3,0.261964,CNIC.325.11,0.197554,CTOL.397.7,0.192146,"Augustine, Quaestiones evangeliorum 1.23 (ed. A. Mutzenbecher, CCSL 44B [Turnhout 1980],
20, lines 2–5)",0.18592,CAUX.561.18,0.185264,CMAC.585.5,0.183658,CNIC.325.2,0.180427
241,BAV1341.9r.4.txt,canon_unlabelled/BAV1341.9r.4.txt,CNIC.325.18,0.780628,CARL.501?.15,0.359889,Can.apost.5,0.259187,CAUX.561.22,0.253597,CTOL.397.1,0.252846,CLAO.300.20,0.238682,CAUX.561.19,0.228511,CTOL.633.33,0.222246,CNEO.315.14,0.215384,CGAN.355.9,0.20759
242,BAV1341.9r.5.txt,canon_unlabelled/BAV1341.9r.5.txt,CNIC.325.15,0.769388,CANT.328.5,0.232569,Can.apost.42,0.230329,CTOL.633.51,0.215345,CSAR.347.1,0.213719,CAGD.506.63,0.201734,CRIZ.439.5,0.198248,CANT.328.12,0.19698,CTOL.589.12,0.189712,Can.apost.25,0.189005
243,BAV1341.9r.6.txt,canon_unlabelled/BAV1341.9r.6.txt,CNIC.325.16,0.684595,CTOL.633.63,0.240479,CANT.328.24,0.228422,CTOL.633.27,0.211047,CTOL.397.1,0.210529,CCHA.451.7,0.2038,"(ed. MOMMSEN, as Gildas, Epist.deperd.fragm. 3, in Chronica minora, 86, lines 21–4; trans. WINTERBOTTOM, Gildas, 80)",0.203019,CAUX.561.7,0.197787,CTOL.633.26,0.191459,CSOI.744.3,0.184221
244,BAV1341.9v.1.txt,canon_unlabelled/BAV1341.9v.1.txt,CNIC.325.16,0.527885,CARL.501?.13,0.317142,CANT.328.22,0.287923,CCHA.451.6,0.266197,CSAR.347.19,0.259138,CANT.328.13,0.24666,CNIC.325.6,0.228989,CARL.314.20,0.223006,CLAO.300.26,0.217194,CORA.441.7,0.207868
245,BAV1341.9v.2.txt,canon_unlabelled/BAV1341.9v.2.txt,CNIC.325.17,0.83619,Can.apost.44,0.386677,CARL.501?.14,0.381148,CCHA.451.3,0.291859,CCHA.451.2,0.264073,"Jerome, Comm.in IV ep.Paul., ad Tit. vers. 2:9–10 (PL 26, col. 585C–D)",0.226726,CHIP.393.22,0.21982,CANC.314.23,0.216026,"Gregorius Nazianzus-Rufinus, Apologeticus 72 (ed. Engelbrecht, 56, lines 20–3",0.214978,CTOL.633.25,0.193016
246,BAV1341.9v.3.txt,canon_unlabelled/BAV1341.9v.3.txt,CNIC.325.19,0.668669,CTOL.633.6,0.27414,CARL.314.9,0.26493,CANC.314.3,0.253836,CNIC.325.8,0.251007,CARL.501?.16,0.221013,CNIC.325.1,0.218148,CHIP.393.37,0.214695,CNIC.325.9,0.202734,CTOL.656.5,0.187743
247,BAV1341.9v.4.txt,canon_unlabelled/BAV1341.9v.4.txt,CNIC.325.20,0.744924,CTOL.633.18,0.326946,CTOU.567.18 (17),0.266745,CTOL.633.4,0.24762,CORL.511.26,0.232065,CAGD.506.21,0.230044,CANT.328.20,0.220392,CAUX.561.42,0.218637,CANT.328.6,0.20782,CTOL.589.2,0.207109
248,BAV3827.195r.2.txt,canon_unlabelled/BAV3827.195r.2.txt,CTOL.633.64,0.342995,"Gregory of Nazianzus- Rufinus, In semet.de agr.regr. 13 (ed. Engelbrecht, 182, lines 9–11)",0.231819,CTOL.633.22,0.222942,"Source unidentified, but cf. Ambrosiaster, Comm.in Pauli epist., ad Rom. (recensio gamma), vers. 7:24–5 (ed. Vogels, I, 245, lines 19–21)",0.206428,"Gennadius, Lib.eccl.dogm. 46 (ed. Turner, 98, lines 1–7; cf. recensio vulgata, c. 47 [PL
42, col. 1220])",0.20112,CTOL.633.25,0.200102,CTOL.397.3,0.198993,"Ambrose, Exp.ev.sec.Luc. lib. 9, vers. 20:24 (ed. Adriaen, 343, line 326) Source (quęrit de ... alia mundi)",0.192503,CTOL.633.6,0.190488,CNIC.325.2,0.1808
249,BAV3827.195r.3.txt,canon_unlabelled/BAV3827.195r.3.txt,CTOL.638.1,0.383829,CAGD.506.61,0.327165,CTOL.527.5,0.266405,CTOL.656.1,0.244671,CMAC.585.3,0.229011,"Augustine, Quaestiones evangeliorum 1.23 (ed. A. Mutzenbecher, CCSL 44B [Turnhout 1980],
20, lines 2–5)",0.226898,CEPA.517.30,0.225218,CHIP.393.16,0.225044,CAGD.506.25,0.2093,RPWO.758.2,0.20717
250,BAV3827.195r.4.txt,canon_unlabelled/BAV3827.195r.4.txt,CTOL.527.5,0.341835,CTOL.633.4,0.294403,CAGD.506.61,0.284923,CTOL.655.17,0.264043,CTOL.638.17,0.262871,CANC.314.9,0.260463,CTOL.646.2,0.253544,CTOL.656.5,0.245433,CTOL.633.43,0.241944,CTOL.589.10,0.240206
251,BAV3827.195v.1.txt,canon_unlabelled/BAV3827.195v.1.txt,CTOL.633.11,0.35496,CTOL.527.5,0.333261,CTOL.633.8,0.281581,CTOL.397.15,0.267979,CTOL.638.8,0.239188,CTOU.567.18 (17),0.238559,"Gratian, D. 5 de cons. c. 19",0.238112,CANC.314.13,0.237266,CTOL.638.17,0.22924,CTOL.527.3,0.22224
252,BAV3827.196r.1.txt,canon_unlabelled/BAV3827.196r.1.txt,CTOL.656.1,0.418633,CAUX.561.11,0.337601,CTOU.567.18 (17),0.335887,CTOL.633.7,0.310872,CTOL.589.22,0.304721,CTOL.633.8,0.297019,CTOL.633.11,0.295307,CTOL.527.5,0.283554,"Eusebius-Rufinus, HE 10.5 (eds Mommsen–Schwartz, II, 963, line 21)",0.263879,CTOL.655.17,0.262689
253,BAV3827.196r.2.txt,canon_unlabelled/BAV3827.196r.2.txt,CTOL.636.2,0.261043,CTOL.633.10,0.236713,CTOL.638.17,0.234414,CTOL.655.17,0.227515,CANC.314.13,0.222989,CGAN.355.19,0.217622,Can.apost.12,0.217308,CTOL.527.5,0.217053,CTOL.397.15,0.209979,CTOL.589.1,0.203346
254,BAV3827.196v.1.txt,canon_unlabelled/BAV3827.196v.1.txt,CAUX.561.12,0.292324,CNIC.325.5,0.286812,CTOL.633.6,0.268907,"(ed. MOMMSEN, as Gildas, Epist.deperd.fragm. 7, in Chronica minora, 88, lines 13–24; trans. WINTERBOTTOM,
Gildas, 82)",0.248036,CTOL.638.1,0.24397,"Caesarius, Sermo 2, ammonitio (ed. Morin, 18, lines 7–15)",0.221995,CTOL.527.5,0.216589,CTOL.633.7,0.21223,CAGD.506.38,0.206841,CCHA.451.27,0.206653
255,BAV3827.196v.2.txt,canon_unlabelled/BAV3827.196v.2.txt,CTOL.636.2,0.244962,CTOL.656.2,0.24198,CTOL.638.12,0.239845,CTOL.656.4,0.237487,CTOL.633.30,0.229056,CTOL.527.3,0.228567,CNIC.325.3,0.228262,CAUX.561.36,0.220235,CORL.511.3,0.219664,CTOL.527.5,0.212409
256,BAV3827.196v.3.txt,canon_unlabelled/BAV3827.196v.3.txt,CTOL.527.5,0.330275,CHIP.393.38,0.285214,CTOL.633.6,0.28177,"(ed. MOMMSEN, as Gildas, Epist.deperd.fragm. 7, in Chronica minora, 88, lines 13–24; trans. WINTERBOTTOM,
Gildas, 82)",0.276101,"Gennadius, Lib.eccl.dogm. 22 (ed. Turner, 94, lines 13–18; cf. recensio vulgata, c. 23
[PL 42, col. 1218])",0.269907,CTOL.633.10,0.265879,CTOL.633.21,0.259755,"Isidore, De eccl.offic. 2.20 (ed. Lawson, 91, lines 40–43)",0.259675,CAGD.506.61,0.239055,CTOL.656.2,0.235425
257,BAV3827.197r.1.txt,canon_unlabelled/BAV3827.197r.1.txt,"Jerome, Comm.in IV ep.Paul., ad Tit. vers. 3:1–2 (PL 26, col. 590D)",0.322987,"Source unidentified, but cf. Ambrosiaster, Comm.in Pauli epist., ad Rom. (recensio gamma), vers. 7:24–5 (ed. Vogels, I, 245, lines 19–21)",0.285374,CMAC.581.9,0.270392,CLAO.300.29,0.264291,CTOU.567.18 (17),0.254194,CORL.511.3,0.253437,CVAI.442.4,0.24795,Can.apost.8,0.241502,"Jerome, Comm.in Mat.libri IV, lib. 3, vers. 19:9 (eds Hurst–Adriaen, 167, lines 761–80)",0.238091,"Hermas, Libell.sanct.past., mandatum 4.1.4–8 (eds de Gebhardt– Harnack–Zahn, 79, lines 1–19)",0.238058
258,BAV3827.197r.2.txt,canon_unlabelled/BAV3827.197r.2.txt,CTOL.633.13,0.3584,CTOL.589.22,0.2778,CHIP.393.36,0.254771,CAUX.561.11,0.242852,CLAO.300.51,0.232708,CARL.501?.25,0.231317,"Caesarius, Sermo 192.4 (ed. Morin, 781, lines 7–9)",0.227036,CTOL.633.10,0.226741,CTOL.633.12,0.222219,CVAI.442.6,0.219757
259,BAV3827.197r.3.txt,canon_unlabelled/BAV3827.197r.3.txt,CTOL.589.23,0.253342,CHIP.393.11,0.244617,CORL.538.32,0.23752,CTOL.633.11,0.228363,CTOL.633.22,0.225855,CAGD.506.25,0.224119,CCHA.451.3,0.221583,CCHA.451.4,0.209496,CTOL.656.1,0.202674,CTOL.646.1,0.199947
260,BAV3827.197v.1.txt,canon_unlabelled/BAV3827.197v.1.txt,CORA.441.28,0.268561,"Caesarius, Sermo 2, ammonitio (ed. Morin, 18, lines 7–15)",0.241911,CTOL.636.4,0.236481,CTUR.439.6,0.235474,"Ps.-Clemens-Rufinus, Recognitiones 2.72 (eds Rehm–Paschke, 94,
lines 4–8)",0.223247,CSAR.347.2,0.215148,CHIP.393.38,0.208336,CTOL.646.1,0.200987,CARL.314.16,0.199774,CSAR.347.11,0.199
261,BAV3827.197v.2.txt,canon_unlabelled/BAV3827.197v.2.txt,CTOL.633.12,0.31141,CVAI.442.4,0.243077,CRIZ.439.2,0.237201,Can.apost.28,0.213034,"Jerome, Comm.in IV ep.Paul., ad Tit. vers. 3:1–2 (PL 26, col. 590D)",0.20641,CLAO.300.29,0.203208,"Augustine, De serm.dom.in monte, 1.20.63 (ed. Mutzenbecher, 72, lines 1569–82)",0.200809,CNIC.325.7,0.192693,CVER.755.20,0.191736,CTOL.633.17,0.190958
262,BAV3827.197v.3.txt,canon_unlabelled/BAV3827.197v.3.txt,CTOL.633.6,0.385328,CTOL.646.2,0.24348,CTOL.638.1,0.221154,"Jerome, Advers.Iovin.libri II, 1.14 (PL 23, col. 233C)",0.218176,CNEO.315.6,0.216098,CRIZ.439.2,0.211185,Can.apost.50,0.210669,CORA.441.2,0.210143,CTOL.655.9,0.208618,Can.apost.23,0.204573
263,BAV3827.198r.1.txt,canon_unlabelled/BAV3827.198r.1.txt,CTOL.633.6,0.371937,CTOL.646.1,0.333733,CRIZ.439.2,0.297261,"Ambrose, De spirit.sanct.3.6 (ed. Faller, 164–65, lines 12–22) Source (et ideo ... caritatis affectu)",0.262725,CTOL.638.1,0.251743,CTOL.636.3,0.239823,CANT.328.3,0.232719,"Gregorius Magnus, Hom.in ev. 2.39 (ed. Étaix, 382, lines 66–7)",0.232395,"Gregorius Magnus, Hom.in ev. 2.26 (ed. Étaix, 222, lines 116–19) Ps (G) 50:19",0.220743,"Caesarius, Sermo 2, ammonitio (ed. Morin, 18, lines 7–15)",0.220087
264,BAV3827.198r.2.txt,canon_unlabelled/BAV3827.198r.2.txt,Unidentified,0.366167,"Source unidentified, but cf. Eucherius of Lyon, Instructionum ad Salonium libri II, lib. 2 (ed. C.
Mandolfo, CCSL 66 [Turnhout, 2004], 201–03, lines 263–65)",0.353028,"Augustine, Serm.de vet.test. 9.20 (ed. Lambot, 146, line 694–96)",0.346221,"Gregorius Magnus, Hom.in ev. 2.33 (ed. Étaix, 297, lines 240–48)",0.338493,"Gregory of Nazianzus- Rufinus, Apologeticus 115 (ed. Engelbrecht, 82, lines 11–12)",0.307663,CTOL.633.75,0.295004,"Jerome, De perpetua virginitate beatae Mariae, adversus Helvidium, c. 4 (in PL 23, cols
186C–87A)",0.288541,"John Cassian, Collationes 20.8 (ed. Petschenig, p. 561, line 9–p. 562, line 4)",0.286026,Unidenfied,0.281341,CAGD.506.5,0.260681
265,BAVPal575.19r.1.txt,canon_unlabelled/BAVPal575.19r.1.txt,CTOL.633.29,0.857469,CANC.314.23,0.364257,CAUX.561.4,0.263853,"Caesarius, Sermo 192.4 (ed. Morin, 781, lines 7–9)",0.239212,CORL.511.30,0.227156,Can.apost.42,0.213922,"cf. Jerome, Epistola 22, ad Eustochium (ed. Hilberg, I, 160, line 3)",0.202427,CTOL.633.40,0.197169,CHIP.393.36,0.177507,CLAO.300.23,0.175648
266,BAVPal575.19r.2.txt,canon_unlabelled/BAVPal575.19r.2.txt,CTOL.633.30,0.807936,CORL.511.26,0.271193,CAUX.561.2,0.238948,Can.apost.28,0.18643,CNIC.325.12,0.182821,CARL.501?.5,0.179426,CORL.511.29,0.177422,CTOL.397.8,0.174881,Can.apost.5,0.171546,CORA.441.6,0.170645
267,BAVPal575.19r.3.txt,canon_unlabelled/BAVPal575.19r.3.txt,CTOL.633.31,0.916601,CAGD.506.62,0.266849,CHIP.393.9,0.25524,"Gregorius Nazianzus-Rufinus, Apologeticus 91 (ed. Engelbrecht, 68, lines 20–3)",0.231082,"Caesarius, Sermo 43.5 (ed. Morin, 192, lines 2–7)",0.224807,CHIP.393.10,0.224673,CTOL.633.75,0.21482,CTOL.638.11,0.204156,CANT.328.14,0.195232,"Augustine, Speculum 7 (ed. Weihrich, 63, lines 2–3)",0.188702
268,BAVPal575.19r.4.txt,canon_unlabelled/BAVPal575.19r.4.txt,CTOL.633.32,0.869412,CVAI.442.7,0.3038,Can.apost.28,0.248894,CAGD.506.38,0.233011,CTOL.638.18,0.213342,CTOL.589.20,0.206928,CTOL.589.18,0.200571,"Caesarius, Sermo 43.5 (ed. Morin, 192, lines 2–7)",0.196135,CTOL.589.17,0.191817,CTOL.638.12,0.19029
269,BAVPal575.19r.5.txt,canon_unlabelled/BAVPal575.19r.5.txt,CTOL.633.33,0.784441,CORL.511.17,0.28735,CVAI.442.4,0.283114,CAGD.506.4,0.228917,"(ed. MOMMSEN, as Gildas, Epist.deperd.fragm. 3, in Chronica minora, 86, lines 21–4; trans. WINTERBOTTOM, Gildas, 80)",0.226395,CTOL.589.9,0.220726,CGAN.355.4,0.219992,CPAR.614.10,0.219215,"John Cassian, Collationes, 5.24 (ed. Petschenig, 148, lines 14–21)",0.210437,CORL.538.5,0.186819
270,BAVPal575.19r.6.txt,canon_unlabelled/BAVPal575.19r.6.txt,CTOL.633.34,0.777867,CANT.328.21,0.278836,CCHA.451.17,0.225314,Can.apost.15,0.218211,CANT.328.22,0.205292,CTOL.633.36,0.198907,CTOL.598.12,0.195903,CTOL.589.20,0.192627,CORL.511.17,0.172943,CANT.328.9,0.171073
271,BAVPal575.19r.7.txt,canon_unlabelled/BAVPal575.19r.7.txt,CTOL.633.35,0.680517,CORA.441.9,0.264984,CORL.511.17,0.253484,CTOL.633.34,0.228724,CANT.328.22,0.222772,CCHA.451.17,0.201229,CSAR.347.5,0.199568,CANT.328.21,0.176299,CARL.314.17,0.167207,CTOL.633.52,0.157999
272,BAVPal575.19r.8.txt,canon_unlabelled/BAVPal575.19r.8.txt,CTOL.633.36,0.848116,CANC.314.23,0.259932,CANT.328.9,0.248297,CEPA.517.38,0.240955,CANC.314.15,0.236363,CORA.441.14,0.229839,Can.apost.14,0.208289,CORL.538.5,0.202449,CVAN.461.8,0.198664,CHIP.393.6,0.197078
273,BAVPal575.6v.1.txt,canon_unlabelled/BAVPal575.6v.1.txt,CTOL.527.5,0.388827,CTUR.439.6,0.281941,CTOL.638.19,0.280448,CAGD.506.35,0.250564,CSAR.347.9,0.245136,CTOL.397.19,0.238643,CTOL.397.9,0.235185,"Caesarius, Sermo 192.4 (ed. Morin, 781, lines 7–9)",0.229947,CSAR.347.21,0.22189,CTOL.655.17,0.202111
274,BAVPal575.6v.2.txt,canon_unlabelled/BAVPal575.6v.2.txt,CTOL.655.17,0.338398,CTOL.636.9,0.293213,CTOL.646.6,0.278474,CTOL.638.19,0.262891,CTUR.439.6,0.247766,CTOL.589.0 Conc. Toletana III; anno 589; PL 84 col. 384-386; combined canons?,0.241502,CARL.501?.18,0.229925,CTOL.589.2,0.224055,CTOL.636.7,0.223838,CANT.328.11,0.222647
275,BAVPal575.7r.1.txt,canon_unlabelled/BAVPal575.7r.1.txt,CTOL.655.17,0.336266,CSAR.347.9,0.302669,CTOL.638.3,0.27767,CTUR.439.6,0.276648,CSAR.347.10,0.247833,CTOL.636.7,0.246058,CTOL.638.19,0.244399,"Ps.-Clemens-Rufinus, Recognitiones 2.72 (eds Rehm–Paschke, 94,
lines 4–8)",0.242085,"Caesarius, Sermo 43.3 (ed. Morin, 191, lines 13–19)",0.236744,CTOL.397.9,0.220313
276,BAVPal575.7v.1.txt,canon_unlabelled/BAVPal575.7v.1.txt,CTOL.527.3,0.280938,CTOL.633.2,0.262468,CTOL.397.12,0.259751,CHIP.393.12,0.254343,CNIC.325.8,0.224527,CSEV.619.10,0.213854,CARL.501?.17,0.209629,CTOL.646.1,0.202533,CTOL.638.3,0.200165,CTOL.638.1,0.189765
277,BN1454.53r.2.txt,canon_unlabelled/BN1454.53r.2.txt,Can.apost.8,0.213595,CTOL.397.7,0.20495,CNIC.325.6,0.199971,CGAN.355.4,0.186617,CANT.328.24,0.184057,CNEO.315.3,0.179837,"Ps.-Clemens-Rufinus, Recognitiones 2.72 (eds Rehm–Paschke, 94,
lines 4–8)",0.174474,CORL.511.25,0.171839,CORL.538.31,0.170744,CAGD.506.44,0.170064
278,BN1454.53r.3.txt,canon_unlabelled/BN1454.53r.3.txt,CORL.511.1,0.233044,CSAR.347.4,0.222563,Can.apost.36,0.210699,CORL.511.3,0.194954,CLAO.300.57,0.187576,CORL.511.25,0.184532,CAGD.506.26,0.183336,CAGD.506.2,0.179154,CLAO.300.6,0.15669,Can.apost.37,0.156014
279,BN1454.53r.4.txt,canon_unlabelled/BN1454.53r.4.txt,CNIC.325.16,0.214139,CORL.538.26 (23),0.194581,Can.apost.25,0.187496,CNIC.325.6,0.186649,CORL.511.17,0.175629,CTOL.397.7,0.174311,CSAR.347.18,0.172282,CNEO.315.3,0.170763,CTOL.589.13,0.170138,CARL.314.20,0.167625
280,BN1454.53r.5.txt,canon_unlabelled/BN1454.53r.5.txt,CHIP.393.39,0.241382,CHIP.393.37,0.227304,CORL.511.17,0.210593,Can.apost.14,0.19884,CGAN.355.4,0.18912,CNIC.325.16,0.18851,CORA.441.1,0.183672,CSAR.347.21,0.167046,CNEO.315.3,0.164115,CNIC.325.19,0.162312
281,BN1454.53r.6.txt,canon_unlabelled/BN1454.53r.6.txt,CNIC.325.6,0.263384,CORL.511.17,0.222346,CHIP.393.25,0.221814,Can.apost.35,0.203565,CTOL.397.7,0.179532,CHIP.393.39,0.172426,CNIC.325.4,0.17143,CSAR.347.3,0.170733,CNIC.325.11,0.166816,CGAN.355.7,0.165903
282,BN1454.59v.1.txt,canon_unlabelled/BN1454.59v.1.txt,Colossians.3:21;cf.Ephesians.6:4,1.0,Ephesians.6:1,1.0,CNIC.325.19,0.241977,CNIC.325.2,0.221657,CNIC.325.1,0.208975,CAGD.506.50 (addit.),0.205407,CNIC.325.16,0.20232,CNEO.315.3,0.198273,CNIC.325.10,0.197197,CNIC.325.4,0.186409
283,BN1454.71v.2.txt,canon_unlabelled/BN1454.71v.2.txt,"Gregory of Nazianzus- Rufinus, In semet.de agr.regr. 13 (ed. Engelbrecht, 182, lines 9–11)",0.267162,CTOL.638.1,0.217232,CNEO.315.12,0.21017,CGAN.355.19,0.199379,CNIC.325.2,0.190946,RPWO.758.15,0.182513,CNEO.315.5,0.182489,CAUX.561.14,0.181603,CGAN.355.14,0.175711,CNIC.325.6,0.173538
284,BN1454.71v.3.txt,canon_unlabelled/BN1454.71v.3.txt,CHIP.393.37,0.331743,"John Cassian, Collationes 20.8 (ed. Petschenig, p. 561, line 9–p. 562, line 4)",0.328794,CTOL.589.3,0.261819,CNIC.325.19,0.244496,CTOL.633.6,0.242623,DSIR.384.255  cap. 14,0.242241,CORL.538.32,0.233765,Can.apost.47,0.218377,CANC.314.11,0.216083,CORA.441.2,0.210683
285,BN1454.72r.1.txt,canon_unlabelled/BN1454.72r.1.txt,"Augustine, Quaestiones evangeliorum 1.23 (ed. A. Mutzenbecher, CCSL 44B [Turnhout 1980],
20, lines 2–5)",0.329169,"Augustine, Serm.de vet.test. 9.20 (ed. Lambot, 146, line 694–96)",0.311007,Can.apost.50,0.308411,CTOL.638.1,0.270014,"John Cassian, Collationes 20.8 (ed. Petschenig, p. 561, line 9–p. 562, line 4)",0.223308,Can.apost.11,0.220527,CTOL.397.12,0.215924,CTOL.633.61,0.215485,"Gregory of Nazianzus- Rufinus, In semet.de agr.regr. 13 (ed. Engelbrecht, 182, lines 9–11)",0.214795,CTOL.633.35,0.204115
286,BN1454.72r.2.txt,canon_unlabelled/BN1454.72r.2.txt,"John Cassian, Collationes 20.8 (ed. Petschenig, p. 561, line 9–p. 562, line 4)",0.3974,CTOL.633.7,0.232121,CLAO.300.48,0.221458,CHIP.393.37,0.219123,CTOL.633.61,0.21753,"Gennadius, Lib.eccl.dogm. 46 (ed. Turner, 98, lines 1–7; cf. recensio vulgata, c. 47 [PL
42, col. 1220])",0.212066,CGAN.355.8,0.209307,CTOL.397.7,0.195538,Can.apost.10,0.194264,CANC.314.11,0.193951
287,BN1454.72r.3.txt,canon_unlabelled/BN1454.72r.3.txt,"Caesarius, Sermo 2, ammonitio (ed. Morin, 18, lines 7–15)",0.262415,"(ed. MOMMSEN, as Gildas, Epist.deperd.fragm. 3, in Chronica minora, 86, lines 21–4; trans. WINTERBOTTOM, Gildas, 80)",0.228537,CANT.328.8,0.224482,CSAR.347.17,0.223218,CAGD.506.51,0.218523,"John Cassian, Collationes 20.8 (ed. Petschenig, p. 561, line 9–p. 562, line 4)",0.217095,CCHL.647.7,0.216284,CNEO.315.4,0.21566,CSAR.347.6,0.213303,RPWO.758.8,0.207735
288,BN1454.72r.4.txt,canon_unlabelled/BN1454.72r.4.txt,"John Cassian, Collationes 20.8 (ed. Petschenig, p. 561, line 9–p. 562, line 4)",0.247947,"Ambrose, Exp.ev.sec.Luc. lib. 9, vers. 20:24 (ed. Adriaen, 343, line 326) Source (quęrit de ... alia mundi)",0.196963,"Caesarius, Sermo 54.4 (ed. Morin, 238, lines 15–16)",0.196411,CSAR.347.13,0.194971,CNEO.315.8,0.190048,CAGD.506.56,0.189412,CTOL.397.2,0.189288,"Augustine, Quaestiones evangeliorum 1.23 (ed. A. Mutzenbecher, CCSL 44B [Turnhout 1980],
20, lines 2–5)",0.188289,"Augustine, Speculum 7 (ed. Weihrich, 63, lines 2–3)",0.185201,CEPA.517.3,0.184027
289,BN1454.72r.5.txt,canon_unlabelled/BN1454.72r.5.txt,"John Cassian, Collationes 20.8 (ed. Petschenig, p. 561, line 9–p. 562, line 4)",0.305855,CTOL.633.10,0.272793,"Caesarius, Sermo 2, ammonitio (ed. Morin, 18, lines 7–15)",0.237272,CAGD.506.5,0.233788,CVAI.442.4,0.230983,CTOL.633.64,0.229805,"Caesarius, Sermo 54.4 (ed. Morin, 238, lines 15–16)",0.228361,CNIC.325.9,0.216847,"Augustine, Serm.de vet.test. 9.20 (ed. Lambot, 146, line 694–96)",0.216285,"Eusebius-Rufinus, HE 10.2 (eds Mommsen–Schwartz, II, 961, lines 10–19)",0.214999
290,BN1454.72v.1.txt,canon_unlabelled/BN1454.72v.1.txt,CTOL.633.10,0.412639,"John Cassian, Collationes 20.8 (ed. Petschenig, p. 561, line 9–p. 562, line 4)",0.386238,"Eusebius-Rufinus, HE 10.2 (eds Mommsen–Schwartz, II, 961, lines 10–19)",0.325049,"Augustine, Serm.de vet.test. 9.20 (ed. Lambot, 146, line 694–96)",0.31832,Unidenfied,0.313074,CHIP.393.36,0.30437,"Gregorius Magnus, Hom.in ev. 2.33 (ed. Étaix, 297, lines 240–48)",0.293315,"Gregory of Nazianzus- Rufinus, Apologeticus 115 (ed. Engelbrecht, 82, lines 11–12)",0.288337,CTOL.633.13,0.281375,"Hermas, Libell.sanct.past., mandatum 4.1.4–8 (eds de Gebhardt– Harnack–Zahn, 79, lines 1–19)",0.279448
291,BN1454.72v.2.txt,canon_unlabelled/BN1454.72v.2.txt,RPWO.758.8,0.287671,CTOL.633.10,0.27003,CAUX.561.10,0.232486,"Caesarius, Sermo 2, ammonitio (ed. Morin, 18, lines 7–15)",0.225959,"John Cassian, Collationes 20.8 (ed. Petschenig, p. 561, line 9–p. 562, line 4)",0.223604,CNIC.325.20,0.217529,"Augustine, Serm.de vet.test. 9.20 (ed. Lambot, 146, line 694–96)",0.217195,CHIP.393.7,0.203986,CVER.755.11,0.202999,"Caesarius, Sermo 54.4 (ed. Morin, 238, lines 15–16)",0.202418
292,BN2123.100v.3.txt,canon_unlabelled/BN2123.100v.3.txt,CHIP.393.20,0.302604,CARL.314.15,0.292684,Can.apost.48,0.195467,"Jerome, De perpetua virginitate beatae Mariae, adversus Helvidium, c. 4 (in PL 23, cols
186C–87A)",0.178206,CANC.314.21,0.174852,CTOL.633.22,0.164034,CLAO.300.12,0.163556,CTOL.633.64,0.162492,Can.apost.49,0.158904,CAGD.506.50 (addit.),0.156947
293,BN2123.100v.4.txt,canon_unlabelled/BN2123.100v.4.txt,CAGD.506.37,0.429709,CNEO.315.1,0.299697,"(ed. MOMMSEN, as Gildas, Epist.deperd.fragm. 3, in Chronica minora, 86, lines 17–21; trans. WINTERBOTTOM, Gildas, 80)",0.260212,Stat.Eccl.Antiq. 20,0.254441,CAGD.506.38,0.248635,CANC.314.21,0.24016,CARL.501?.25,0.224516,CARL.314.15,0.221341,CORL.541.29,0.219717,CAGD.506.44,0.216134
294,BN2123.100v.5.txt,canon_unlabelled/BN2123.100v.5.txt,CORL.541.29,0.362933,CARL.314.15,0.359601,CTOL.636.5,0.325756,CARL.314.11,0.303928,CORA.441.10,0.253259,CNEO.315.13,0.241801,CAGD.506.2,0.235105,CTOL.633.75,0.223876,Can.apost.28,0.222659,CORL.549.19,0.220693
295,BN2123.100v.6.txt,canon_unlabelled/BN2123.100v.6.txt,CORA.441.14,0.238668,CTOL.633.52,0.228636,CARL.314.22,0.222278,CNEO.315.1,0.217239,CANC.314.4,0.21291,Unidentified,0.206684,CTOL.397.19,0.20658,CORL.549.19,0.190499,Can.apost.48,0.188806,CANC.314.24,0.18544
296,BN2123.101r.1.txt,canon_unlabelled/BN2123.101r.1.txt,CAGD.506.62,0.603417,CORL.511.18,0.253262,CARL.314.18,0.23369,CORL.511.13,0.221008,"(ed. MOMMSEN, as Gildas, Epist.deperd.fragm. 5, in Chronica minora, 88, lines 1–2; trans. WINTERBOTTOM, Gildas,
82)",0.21247,CVAI.442.7,0.209142,CORA.441.10,0.19717,CGAN.355.3,0.19501,CTOL.636.5,0.190653,CORA.441.6,0.180275
297,BN2123.101r.2.txt,canon_unlabelled/BN2123.101r.2.txt,CAGD.506.4,0.284246,CGAN.355.8,0.223635,CNEO.315.13,0.216071,CAGD.506.37,0.214222,CAGD.506.12,0.213743,Can.apost.39,0.208545,CAGD.506.50 (addit.),0.194384,CARL.501?.28,0.193308,CGAN.355.4,0.191188,CORL.511.16,0.185612
298,BN2123.101r.4.txt,canon_unlabelled/BN2123.101r.4.txt,CVAI.442.9,0.507981,Can.apost.23,0.289368,CARL.501?.18,0.208496,Can.apost.32,0.203143,CANT.328.5,0.200714,"Caesarius, Sermo 54.4 (ed. Morin, 238, lines 15–16)",0.200472,CARL.501?.28,0.194266,Can.apost.31,0.178099,CTOL.397.18,0.177726,Can.apost.22,0.168414
299,BN2123.101r.6.txt,canon_unlabelled/BN2123.101r.6.txt,CTOL.589.6,0.468235,CTOL.633.70,0.393392,CTOL.633.72,0.389587,CTOL.633.71,0.302538,CTOL.633.73,0.273336,CTOL.638.9,0.247195,CTOL.633.68,0.238489,CTOL.655.14,0.238448,CTOL.397.19,0.227791,CHIP.393.13,0.221611
300,BN2123.101r.8.txt,canon_unlabelled/BN2123.101r.8.txt,CORL.511.1,0.515333,CORL.511.3,0.282342,CMAC.581.7,0.268849,CTOL.633.75,0.258208,CMAC.585.4,0.22927,Capit.Martini.14,0.226399,CNEO.315.1,0.215408,CLAO.300.12,0.213585,CAGD.506.37,0.206927,CARL.314.15,0.197654
301,BN2123.101v.3.txt,canon_unlabelled/BN2123.101v.3.txt,CLAO.300.29,0.441846,CTOL.589.14,0.366923,CTOL.633.63,0.34835,CTOL.633.64,0.313507,CTOL.633.66,0.254113,CTOL.633.59,0.245031,CTOL.633.61,0.2088,CHIP.393.14,0.208611,CTOL.633.62,0.203347,CGAN.355.16,0.187621
302,BN2123.101v.4.txt,canon_unlabelled/BN2123.101v.4.txt,Can.apost.31,0.245954,CTOL.589.14,0.244841,CTOL.633.58,0.236717,CTOL.527.5,0.236599,CTOL.633.66,0.233553,CTOL.633.60,0.225178,CTOL.633.63,0.223668,CTOL.633.62,0.21581,CTOL.397.15,0.200361,CHIP.393.12,0.198495
303,BN2123.101v.5.txt,canon_unlabelled/BN2123.101v.5.txt,CTOL.633.66,0.335057,CTOL.589.14,0.252682,RPWO.758.6,0.246131,CVER.755.10,0.237365,CTOL.655.16,0.206137,RPCO.757.7,0.204998,"Eusebius–Rufinus, HE 9.10 (eds Mommsen–Schwartz, II, 845, lines 13–
19)",0.203427,CAGD.506.46,0.202425,CTOL.633.73,0.192337,CORL.511.3,0.19153
304,BN2123.101v.6.txt,canon_unlabelled/BN2123.101v.6.txt,CLAO.300.29,0.495366,CTOL.589.14,0.326583,CTOL.633.59,0.259189,CTOL.633.58,0.230285,CORL.538.32,0.22672,CHIP.393.12,0.218106,CTOL.633.63,0.217244,CTOL.633.64,0.208329,CTOL.397.15,0.204522,"Eusebius-Rufinus, HE 10.2 (eds Mommsen–Schwartz, II, 961, lines 10–19)",0.203262
305,BN2123.102r.5.txt,canon_unlabelled/BN2123.102r.5.txt,CTOL.397.20,0.251937,CVAI.442.3,0.213173,CTOL.633.33,0.19841,CAGD.506.14,0.189605,CANT.328.1,0.1723,CGAN.355.4,0.162626,CAUX.561.11,0.160897,RPWO.758.16,0.156406,RPCO.757.6,0.153174,CLAO.300.58,0.1443
306,BN2123.102r.7.txt,canon_unlabelled/BN2123.102r.7.txt,CTOL.589.22,0.414516,CAGD.506.39,0.250886,CHIP.393.4,0.24942,CAGD.506.61,0.237121,CARL.314.7,0.233755,CVAN.461.8,0.229371,CTOL.589.21,0.229243,CTOL.646.3,0.225097,CORL.538.5,0.223614,CEPA.517.22,0.214156
307,BN2123.102v.2.txt,canon_unlabelled/BN2123.102v.2.txt,CTOL.589.11,0.306031,CNIC.325.11,0.280419,"Gregorius Magnus, Hom.in ev. 2.26 (ed. Étaix, 222, lines 116–19) Ps (G) 50:19",0.276683,CLYO.567.5,0.255368,CHIP.393.30,0.251743,Stat.Eccl.Antiq. 20,0.251557,CTOL.598.12,0.245995,CTOL.638.7,0.24289,CNEO.315.1,0.228005,"John Cassian, Collationes 20.8 (ed. Petschenig, p. 561, line 9–p. 562, line 4)",0.21944
308,BN2123.102v.4.txt,canon_unlabelled/BN2123.102v.4.txt,CORA.441.3,0.288916,CNIC.325.13,0.251974,CAGD.506.15,0.209705,Can.apost.18,0.191193,CGAN.355.7,0.179439,CVAI.442.2,0.176821,CNIC.325.14,0.173455,CTOL.633.55,0.171208,CMAC.581.12,0.165765,Can.apost.20,0.162279
309,BN2123.102v.5.txt,canon_unlabelled/BN2123.102v.5.txt,Stat.Eccl.Antiq. 20,0.281404,CMAC.585.5,0.257306,"Gennadius, Lib.eccl.dogm. 46 (ed. Turner, 98, lines 1–7; cf. recensio vulgata, c. 47 [PL
42, col. 1220])",0.249815,"John Cassian, Collationes 20.8 (ed. Petschenig, p. 561, line 9–p. 562, line 4)",0.243132,CVAI.442.2,0.242301,CORA.441.3,0.226132,CNIC.325.11,0.223766,CTOL.633.18,0.218892,CANC.314.21,0.200325,CNEO.315.13,0.195967
310,BN2123.104r.1.txt,canon_unlabelled/BN2123.104r.1.txt,CMAC.585.4,0.353914,CORA.441.28,0.21026,"(ed. MOMMSEN, as Gildas, Epist.deperd.fragm. 7, in Chronica minora, 88, lines 13–24; trans. WINTERBOTTOM,
Gildas, 82)",0.174474,CTOL.636.5,0.173401,CORL.511.2,0.171532,CCHA.451.10,0.165198,Can.apost.25,0.165057,CGAN.355.17,0.1606,CGAN.355.18,0.156914,CCHA.451.27,0.154058
311,BN2123.71r.1.txt,canon_unlabelled/BN2123.71r.1.txt,CTOL.638.1,0.343131,CTOL.589.2,0.278309,CCHA.451.16,0.228306,"Source unidentified, but cf. Augustine, In Iohannis euangelium tractatus, tract. 73.1 (ed. R. Willems,
CCSL 36 [Turnhout, 1954], 510, lines 23–4)",0.224794,CTOL.589.0 Conc. Toletana III; anno 589; PL 84 col. 384-386; combined canons?,0.2196,CANT.328.1,0.213627,CCHA.451.25,0.201373,CGAN.355.9,0.199828,Can.apost.46,0.196824,CNIC.325.6,0.1935
312,BN2123.71v.1.txt,canon_unlabelled/BN2123.71v.1.txt,CTOL.638.1,0.518817,CGAN.355.2,0.270717,CTOL.633.57,0.262022,CGAN.355.9,0.242361,CANT.328.6,0.206427,Can.apost.13,0.205264,CAUX.561.38,0.201145,"Gregory of Nazianzus- Rufinus, In semet.de agr.regr. 13 (ed. Engelbrecht, 182, lines 9–11)",0.199688,CANT.328.2,0.193377,Can.apost.24,0.191951
313,BN2123.71v.2.txt,canon_unlabelled/BN2123.71v.2.txt,CAGD.506.14,0.283876,RPWO.758.1,0.247657,CNIC.325.18,0.232577,CTOL.638.1,0.23151,CANT.328.19,0.20732,CCHA.451.26,0.198363,CORL.538.5,0.196378,CANT.328.2,0.195795,CGAN.355.11,0.193772,Can.apost.9,0.184568
314,BN2123.71v.3.txt,canon_unlabelled/BN2123.71v.3.txt,CARL.314.9,0.223183,CTOL.638.1,0.218847,CHIP.393.33,0.207159,CMEA.845.10,0.205864,CTOL.633.57,0.202461,CTOL.633.13,0.201934,"Gregorius Magnus, Hom.in ev. 2.39 (ed. Étaix, 381, lines 45–49)",0.196827,Ephesians.5:22,0.195642,CANC.314.3,0.193401,CHIP.393.12,0.188813
315,BN2123.71v.4.txt,canon_unlabelled/BN2123.71v.4.txt,CTOL.638.1,0.409883,CGAN.355.2,0.313148,CGAN.355.6,0.234058,CGAN.355.9,0.225013,CGAN.355.19,0.211706,Can.apost.9,0.208405,CCHA.451.16,0.207567,CTOL.589.2,0.203285,Can.apost.35,0.190072,CANT.328.1,0.187243
316,BN2123.71v.5.txt,canon_unlabelled/BN2123.71v.5.txt,CTOL.638.1,0.436366,CGAN.355.2,0.232234,CGAN.355.9,0.230257,CNEO.315.5,0.191892,CORL.538.32,0.191429,CAUX.561.10,0.184279,CTOL.589.4,0.182381,CTOL.633.57,0.180626,CGAN.355.14,0.180228,CGAN.355.5,0.177406
317,BN2123.71v.6.txt,canon_unlabelled/BN2123.71v.6.txt,CTOL.638.1,0.252285,CGAN.355.6,0.226099,CGAN.355.2,0.206812,CANT.328.23,0.198712,CGAN.355.8,0.188227,CGAN.355.14,0.180565,CGAN.355.17,0.179992,CGAN.355.7,0.178788,CORA.441.18,0.168156,CTOL.397.14,0.16627
318,BN2123.72r.1.txt,canon_unlabelled/BN2123.72r.1.txt,CTOL.638.1,0.217875,CGAN.355.14,0.194404,CGAN.355.3,0.193464,CANT.328.22,0.188877,Can.apost.35,0.185617,CGAN.355.9,0.179434,CGAN.355.18,0.178475,CCHA.451.2,0.174577,CANT.328.2,0.172442,CGAN.355.2,0.169957
319,BN2123.72r.2.txt,canon_unlabelled/BN2123.72r.2.txt,CTOL.638.1,0.277314,"Source unidentified, but cf. Augustine, In Iohannis euangelium tractatus, tract. 73.1 (ed. R. Willems,
CCSL 36 [Turnhout, 1954], 510, lines 23–4)",0.223514,CANT.328.2,0.217608,CGAN.355.11,0.184931,CGAN.355.5,0.183369,CLAO.300.48,0.17949,Can.apost.35,0.179204,CORL.538.32,0.17531,CCHA.451.26,0.174473,CANT.328.1,0.173065
320,BN2123.72r.3.txt,canon_unlabelled/BN2123.72r.3.txt,CTOL.633.10,0.275202,Can.apost.40,0.257591,"Eusebius-Rufinus, HE 10.2 (eds Mommsen–Schwartz, II, 961, lines 10–19)",0.253644,Can.apost.35,0.231337,CMAC.585.2,0.215812,CTOL.633.13,0.211585,"Augustine, Serm.de vet.test. 9.20 (ed. Lambot, 146, line 694–96)",0.206916,CANT.328.23,0.195784,"(ed. MOMMSEN, as Gildas, Epist.deperd.fragm. 3, in Chronica minora, 86, lines 21–4; trans. WINTERBOTTOM, Gildas, 80)",0.194509,CTOL.633.21,0.188321
321,BN2123.72r.4.txt,canon_unlabelled/BN2123.72r.4.txt,CAGD.506.51,0.225213,CORL.511.17,0.196719,CTOL.633.72,0.181977,"Jerome, Advers.Iovin.libri II, 1.14 (PL 23, col. 233A) Source (igitur ... alio uiro) Jerome, Advers.Iovin.libri II, 1.14 (PL 23, col. 233B)",0.17406,CGAN.355.15,0.17362,RPWO.758.4,0.169105,CNEO.315.4,0.168727,CANC.314.17,0.165632,Ephesians.5:22,0.163467,CANC.314.22,0.163153
322,BN2123.72v.1.txt,canon_unlabelled/BN2123.72v.1.txt,CGAN.355.2,0.304066,CTOL.638.1,0.265455,Can.apost.8,0.241932,CGAN.355.18,0.210705,Can.apost.40,0.205395,"Source unidentified, but cf. Ambrosiaster, Comm.in Pauli epist., ad Rom. (recensio gamma), vers. 7:24–5 (ed. Vogels, I, 245, lines 19–21)",0.202403,CAUX.561.14,0.201748,CTOL.633.7,0.188586,CGAN.355.8,0.180743,Can.apost.15,0.180645
323,BN2123.72v.2.txt,canon_unlabelled/BN2123.72v.2.txt,CCHA.451.25,0.283576,CAGD.506.52,0.277594,Can.apost.20,0.206715,CNIC.325.17,0.195848,CCHA.451.27,0.189515,CEPA.517.19,0.188764,CTOL.589.2,0.18753,CAGD.506.45,0.187446,CNIC.325.19,0.186781,CTOL.589.0 Conc. Toletana III; anno 589; PL 84 col. 384-386; combined canons?,0.185327
324,BN2123.72v.3.txt,canon_unlabelled/BN2123.72v.3.txt,CTOL.589.2,0.631528,RPWO.758.5,0.30574,CMEA.845.10,0.281055,CTOL.636.7,0.270109,CTOL.633.64,0.256234,CNIC.325.6,0.241336,CNIC.325.8,0.23361,CNEO.315.12,0.233436,Can.apost.46,0.213361,CSAV.859.12,0.212585
325,BN2123.73r.2.txt,canon_unlabelled/BN2123.73r.2.txt,CHIP.393.36,0.819396,Unidenfied,0.294885,"Augustine, De serm.dom.in monte, 1.20.63 (ed. Mutzenbecher, 72, lines 1569–82)",0.291145,CTOL.633.13,0.28704,CTOL.633.17,0.273972,CVAI.442.4,0.265224,"Source unidentified, but cf. Ambrosiaster, Comm.in Pauli epist., ad Rom. (recensio gamma), vers. 7:24–5 (ed. Vogels, I, 245, lines 19–21)",0.245458,CTOL.589.3,0.237102,CTOL.633.61,0.234927,CORA.441.17,0.233614
326,BN2123.76r.1.txt,canon_unlabelled/BN2123.76r.1.txt,CHIP.393.36,0.239618,CNIC.325.11,0.221104,CTOL.589.9,0.21306,CVAL.374.4,0.192131,CNIC.325.6,0.188624,CGAN.355.20,0.188071,Can.apost.21,0.184969,CCHA.451.21,0.183637,Galatians.4:16,0.174305,CLAO.300.51,0.171415
327,BN2123.77v.4.txt,canon_unlabelled/BN2123.77v.4.txt,Can.apost.18,0.168491,CORA.441.14,0.158841,Can.apost.34,0.150923,CNIC.325.16,0.150453,RPWO.758.7,0.149303,CARL.314.22,0.144859,CTOL.633.12,0.143202,CARL.314.14,0.142797,CORA.441.2,0.140753,CTOL.397.10,0.137725
328,BN2123.78r.1.txt,canon_unlabelled/BN2123.78r.1.txt,Can.apost.31,0.39259,Can.apost.7,0.37546,CORL.538.32,0.339101,CCHL.647.15,0.311651,CNIC.325.12,0.303257,CARL.501?.25,0.284317,CTOL.633.56,0.24241,Can.apost.41,0.240957,CAGD.506.32,0.235894,CLAO.300.12,0.213629
329,BN2123.78r.3.txt,canon_unlabelled/BN2123.78r.3.txt,CANC.314.11,0.264275,CARL.314.7,0.237541,CTOL.397.8,0.208405,CARL.314.22,0.19584,CANC.314.9,0.192966,CORL.541.6,0.187564,CANC.314.3,0.178529,Capit.Martini.16,0.176118,CNEO.315.3,0.175993,CTOL.397.5,0.174563
330,BN2123.81r.1.txt,canon_unlabelled/BN2123.81r.1.txt,CLAO.300.57,0.222025,Can.apost.47,0.178256,Pen. Theod. Can. Greg.; Wasserschleben p.162,0.174037,CLAO.300.42,0.171261,CLAO.300.26,0.169626,CARL.501?.18,0.163439,CHIP.393.12,0.160847,CAGD.506.45,0.150986,CLAO.300.12,0.150946,CAGD.506.41,0.150306
331,BN2123.81r.2.txt,canon_unlabelled/BN2123.81r.2.txt,CNIC.325.17,0.263081,CLAO.300.12,0.209018,Can.apost.44,0.194728,CCHA.451.21,0.185028,CAGD.506.5,0.182168,CCHA.451.9,0.177856,CNIC.325.6,0.176605,CTOL.638.12,0.174583,CLAO.300.32,0.170414,CTOL.633.75,0.169612
332,BN2123.81r.3.txt,canon_unlabelled/BN2123.81r.3.txt,CNIC.325.10,0.25316,CNEO.315.12,0.233608,CHIP.393.30,0.211135,Can.apost.20,0.196587,"Gennadius, Lib.eccl.dogm. 46 (ed. Turner, 98, lines 1–7; cf. recensio vulgata, c. 47 [PL
42, col. 1220])",0.191673,"Source unidentified, but cf. Ps.-Clemens–Rufinus, Recognitiones 4.21 (eds Rehm–Paschke, 157,
line 20)",0.185342,CNIC.325.11,0.183943,CTOL.633.19,0.176662,CORL.538.2,0.175814,Can.apost.47,0.168956
333,BN2123.81v.1.txt,canon_unlabelled/BN2123.81v.1.txt,CHIP.393.38,0.497475,"Gregorius Magnus, Hom.in ev. 2.26 (ed. Étaix, 222, lines 116–19) Ps (G) 50:19",0.293022,CVAI.442.7,0.290374,CORL.511.2,0.250382,CNIC.325.5,0.243613,CHIP.393.7,0.238573,CHIP.393.8,0.210759,"Poen. Theod. II.6.1- 5, II.6.9-13",0.202961,CSAR.347.17,0.193148,CTOL.633.4,0.191802
334,BN2123.81v.2.txt,canon_unlabelled/BN2123.81v.2.txt,Can.apost.1,0.266413,CSAR.347.1,0.213749,CNIC.325.4,0.200986,CAGD.506.55,0.199663,"Augustine, Sermo 392 (PL 39, col. 1710)",0.190917,CORL.511.2,0.188549,CORL.541.6,0.178986,CNIC.325.16,0.165633,CORL.511.8,0.164689,CNEO.315.13,0.161636
335,BN2123.81v.4.txt,canon_unlabelled/BN2123.81v.4.txt,CORL.538.1,0.295456,CEPA.517.3,0.29403,CANT.328.11,0.26583,CNIC.325.6,0.196289,CEPA.517.9,0.187422,CARL.501?.5,0.17958,CNIC.325.18,0.173838,CEPA.517.19,0.173753,CARL.501?.6,0.169027,CRIZ.439.6,0.167123
336,BN2123.82r.3.txt,canon_unlabelled/BN2123.82r.3.txt,CTOL.638.1,0.619061,"Gregory of Nazianzus- Rufinus, In semet.de agr.regr. 13 (ed. Engelbrecht, 182, lines 9–11)",0.324473,CNIC.325.6,0.323681,CNIC.325.18,0.262441,CTOL.633.57,0.258227,CMEA.845.10,0.247186,CARL.314.9,0.246885,CGAN.355.9,0.241122,CTOL.633.6,0.239022,CTOL.656.1,0.232642
337,BN2123.82v.1.txt,canon_unlabelled/BN2123.82v.1.txt,CORL.538.1,0.364337,CANT.328.9,0.305479,CNIC.325.6,0.304569,CARL.501?.5,0.299335,Capit.Martini.2,0.261509,CAGD.506.35,0.256237,CANT.328.19,0.229334,CEPA.517.30,0.211374,CEPA.517.3,0.210244,CEPA.517.19,0.202985
338,BN2123.83r.1.txt,canon_unlabelled/BN2123.83r.1.txt,CARL.314.15,0.28673,CORL.541.19,0.247411,CARL.501?.25,0.233982,CORL.538.9,0.231032,CARL.314.11,0.219124,CORL.511.31,0.21505,CVAL.374.4,0.213609,CORL.511.2,0.213358,Can.apost.11,0.211038,CTOL.636.5,0.208297
339,BN2123.83v.1.txt,canon_unlabelled/BN2123.83v.1.txt,CAUX.561.12,0.202298,CMAC.585.5,0.197154,CHIP.393.37,0.195103,CTUR.439.6,0.19441,CGAN.355.8,0.174251,CAGD.506.44,0.170834,"Gregory of Nazianzus- Rufinus, Apologeticus 115 (ed. Engelbrecht, 82, lines 11–12)",0.168526,CVAI.442.9,0.16831,RPWO.758.20,0.166838,RPWO.758.21,0.164831
340,BN2123.83v.2.txt,canon_unlabelled/BN2123.83v.2.txt,CAUX.561.36,0.274001,CAUX.561.12,0.240338,Unidentified,0.229858,"cf. Poen. Theodori, capp. III.3, III.4, III.5; Wasserschleben, p. 204",0.220693,CAGD.506.44,0.212627,CGAN.355.17,0.196408,CGAN.355.2,0.19317,CAGD.506.54,0.177855,"Eusebius-Rufinus, HE 10.5 (eds Mommsen–Schwartz, II, 963, line 21)",0.175515,CTOL.633.18,0.174878
341,BN2123.83v.3.txt,canon_unlabelled/BN2123.83v.3.txt,CANT.328.17,0.247294,CORL.538.16,0.229971,CANC.314.9,0.212344,CARL.501?.1,0.20364,CNIC.325.6,0.202473,CARL.501?.2,0.202426,CCHA.451.6,0.201641,CANT.328.13,0.196103,CNEO.315.8,0.19288,CLAO.300.13,0.192112
342,BN2123.83v.4.txt,canon_unlabelled/BN2123.83v.4.txt,CTOL.633.28,0.419495,CAUX.561.36,0.344789,CNIC.325.4,0.206637,CAUX.561.32,0.192249,CAUX.561.6,0.189402,RPWO.758.20,0.186765,CAUX.561.22,0.178846,CHIP.393.8,0.178576,Unidentified,0.17632,"Jerome, Comm.in Mat.libri IV, lib. 1, vers. 6:2 (eds Hurst–Adriaen, 35, lines 723–24)",0.176121
343,BN2123.83v.5.txt,canon_unlabelled/BN2123.83v.5.txt,CHIP.393.23,0.220028,CTOL.633.6,0.189313,CORL.511.26,0.180808,CLAO.300.6,0.173737,"Source unidentified, but cf. Augustine, In Iohannis euangelium tractatus, tract. 73.1 (ed. R. Willems,
CCSL 36 [Turnhout, 1954], 510, lines 23–4)",0.170551,CAUX.561.32,0.167598,Stat.Eccl.Antiq. 20,0.167162,CTOL.589.10,0.16407,CTOL.633.26,0.162845,Can.apost.4,0.156585
344,BN2123.83v.6.txt,canon_unlabelled/BN2123.83v.6.txt,CORA.441.14,0.326607,CNEO.315.5,0.24508,CAGD.506.27; anno 506,0.232999,CNIC.325.9,0.208119,CAUX.561.36,0.193176,CHIP.393.39,0.192185,"John Cassian, Collationes 20.8 (ed. Petschenig, p. 561, line 9–p. 562, line 4)",0.183896,CORA.441.6,0.172915,CNIC.325.14,0.170486,CARL.314.9,0.170064
345,BN2123.83v.7.txt,canon_unlabelled/BN2123.83v.7.txt,CTOL.397.3,0.260448,"Eusebius-Rufinus, HE 10.5 (eds Mommsen–Schwartz, II, 963, line 21)",0.241775,CHIP.393.18,0.23381,CHIP.393.1,0.233207,CLAO.300.23,0.227521,Stat.Eccl.Antiq. 20,0.227458,CTOL.633.25,0.21317,CARL.501?.55,0.211906,CNIC.325.14,0.210352,"Hermas, Libell.sanct.past., mandatum 4.1.4–8 (eds de Gebhardt– Harnack–Zahn, 79, lines 1–19)",0.205787
346,BN2123.84r.1.txt,canon_unlabelled/BN2123.84r.1.txt,CTOL.633.26,0.231272,CAUX.561.23,0.229411,CAUX.561.6,0.206271,CTOL.633.4,0.204066,CTOL.633.49,0.189657,"Jerome, Comm.in IV ep.Paul., ad Tit. vers. 3:1–2 (PL 26, col. 590D)",0.18747,CANT.328.16,0.181585,CPAR.614.10,0.181569,CHIP.393.6,0.17659,Stat.Eccl.Antiq. 20,0.173906
347,BN2123.84r.2.txt,canon_unlabelled/BN2123.84r.2.txt,CTOL.633.27,0.228706,CTOL.633.25,0.215345,"Caesarius, Sermo 2, ammonitio (ed. Morin, 18, lines 7–15)",0.208989,CLAO.300.23,0.200967,CVAI.442.6,0.198784,CHIP.393.1,0.194092,CTOL.646.5,0.191343,CORL.549.19,0.19072,Can.apost.37,0.187301,CTOL.633.13,0.180068
348,BN2123.84r.3.txt,canon_unlabelled/BN2123.84r.3.txt,CORA.441.2,0.263357,CANC.314.9,0.241347,CNEO.315.6,0.217777,CORA.441.19,0.207212,CARL.314.9,0.206769,CORL.511.8,0.203867,CAGD.506.14,0.203024,CGAN.355.9,0.199774,CMAC.581.12,0.191018,CORA.441.14,0.189201
349,BN2123.84r.4.txt,canon_unlabelled/BN2123.84r.4.txt,Can.apost.2,0.272704,CNIC.325.6,0.258815,CCHA.451.21,0.250444,CHIP.393.12,0.242914,CHIP.393.20,0.22457,"(ed. MOMMSEN, as Gildas, Epist.deperd.fragm. 3, in Chronica minora, 86, lines 21–4; trans. WINTERBOTTOM, Gildas, 80)",0.201993,CNEO.315.13,0.201423,CLAO.300.29,0.199616,CTOL.589.2,0.197705,CEPA.517.26,0.196879
350,BN2123.84r.5.txt,canon_unlabelled/BN2123.84r.5.txt,CORA.441.12,0.274922,CANT.328.13,0.225046,CANT.328.8,0.208045,Can.apost.1,0.205714,CORA.441.7,0.189096,CLAO.300.26,0.184,CORA.441.25,0.182618,CCHA.451.6,0.182413,CTOL.633.65,0.182085,CLAO.300.13,0.179895
351,BN2123.84r.6.txt,canon_unlabelled/BN2123.84r.6.txt,CORL.541.29,0.171673,CNIC.325.6,0.170712,CARL.501?.55,0.162434,CANC.314.23,0.155498,CORL.538.31,0.150712,CAGD.506.14,0.146562,CORL.511.8,0.145757,CCHA.451.25,0.142337,Can.apost.1,0.141535,CORL.511.2,0.139739
352,BN2123.85r.3.txt,canon_unlabelled/BN2123.85r.3.txt,CORL.511.8,0.292459,CANC.314.9,0.251888,CEPA.517.8,0.225471,CORL.511.3,0.223669,CGAN.355.3,0.20997,CAGD.506.14,0.207888,CSAR.347.3,0.204985,CTOL.633.73,0.194661,CORL.511.25,0.189176,CNIC.325.10,0.188541
353,BN2123.85v.5.txt,canon_unlabelled/BN2123.85v.5.txt,CNIC.325.15,0.232662,CTOL.589.3,0.229003,CNIC.325.16,0.224773,CNEO.315.1,0.220331,CNIC.325.10,0.210618,CTOL.638.4,0.210492,CNIC.325.7,0.210288,CCHA.451.6,0.199342,CAGD.506.44,0.199323,RPWO.758.15,0.198357
354,BN2123.86r.3.txt,canon_unlabelled/BN2123.86r.3.txt,CEPA.517.37,0.434745,CEPA.517.9,0.416101,CEPA.517.3,0.26569,CEPA.517.9; anno 517,0.234387,CEPA.517.26,0.223493,CLAO.300.57,0.206471,CNIC.325.17,0.205703,CCHA.451.25,0.181766,CHIP.393.37,0.17191,CLAO.300.28,0.162768
355,BN2123.86r.5.txt,canon_unlabelled/BN2123.86r.5.txt,CARL.314.2,0.509471,CARL.314.21,0.426329,CNIC.325.10,0.291086,CORA.441.23,0.23879,Can.apost.20,0.204512,CORA.441.15,0.2001,CORL.538.5,0.198268,CTOL.633.62,0.192542,CTUR.439.8,0.17799,CNEO.315.13,0.174804
356,BN2123.86r.6.txt,canon_unlabelled/BN2123.86r.6.txt,CSAR.347.1,0.290397,CCHA.451.5,0.248768,Can.apost.21,0.232005,CNIC.325.3,0.200826,CNIC.325.20,0.187248,Can.apost.48,0.182923,CANT.328.1,0.178035,CLAO.300.48,0.176888,CNIC.325.4,0.168409,CNIC.325.16,0.168026
357,BN2123.86r.8.txt,canon_unlabelled/BN2123.86r.8.txt,CSAR.347.15,0.446698,CTOL.397.5,0.256105,CSAR.347.6,0.24516,CSAR.347.14,0.236584,CSAR.347.5,0.23463,"John Cassian, Collationes, 5.24 (ed. Petschenig, 148, lines 14–21)",0.214453,CNIC.325.15,0.212458,Can.apost.15,0.208754,CCHA.451.20,0.207035,CSAR.347.1,0.206124
358,BN2123.87v.1.txt,canon_unlabelled/BN2123.87v.1.txt,CNIC.325.10,0.301801,CCHA.451.6,0.282114,CORL.538.16,0.280965,CTOL.633.19,0.235142,RPWO.758.15,0.221745,CORL.541.6,0.221639,CTOL.633.26,0.216572,CTOL.589.19,0.196746,CAGD.506.2,0.19182,CHIP.393.30,0.189791
359,BN2123.87v.10.txt,canon_unlabelled/BN2123.87v.10.txt,CTOL.638.19,0.217218,CNEO.315.2,0.203896,CAGD.506.44,0.196866,CNIC.325.6,0.196286,CORL.511.1,0.192012,CORA.441.14,0.185628,CORA.441.1,0.184816,CVAL.374.4,0.18278,CORA.441.10,0.172534,CNEO.315.12,0.170875
360,BN2123.87v.2.txt,canon_unlabelled/BN2123.87v.2.txt,CORA.441.26,0.249746,CTOL.633.44,0.248444,"Jerome, Comm.in Mat.libri IV, lib. 3, vers. 19:9 (eds Hurst–Adriaen, 167, lines 761–80)",0.218332,CNEO.315.3,0.197768,RPWO.758.21,0.191381,CAUX.561.32,0.177233,CNIC.325.20,0.170169,CCHA.451.3,0.169402,CTOL.397.3,0.169144,CORL.538.16,0.166625
361,BN2123.87v.3.txt,canon_unlabelled/BN2123.87v.3.txt,CNIC.325.17,0.509121,Can.apost.44,0.309664,CCHA.451.3,0.219857,CARL.501?.14,0.210717,CNIC.325.9,0.18746,CCHA.451.2,0.187266,CEPA.517.37,0.179323,CANC.314.19,0.177475,CNIC.325.12,0.177297,CORL.511.24,0.174316
362,BN2123.87v.5.txt,canon_unlabelled/BN2123.87v.5.txt,Can.apost.42,0.453349,Can.apost.20,0.260101,Can.apost.43,0.20868,CAGD.506.41,0.191512,CSAR.347.14,0.183694,CANT.328.3,0.183358,Can.apost.32,0.181132,CHIP.393.26,0.175497,CTOL.633.8,0.173755,CNEO.315.4,0.163923
363,BN2123.87v.6.txt,canon_unlabelled/BN2123.87v.6.txt,CAUX.561.19,0.233667,Can.apost.3,0.228607,CANT.328.4,0.181341,CTOL.397.14,0.176552,CAUX.561.21,0.174711,CAUX.561.8,0.174389,CANC.314.13,0.161897,"CTOL.653.13  (excerpta canonum cap. 13)  Martinez Diez, vol. 5, pp. 475-476; text modified in W",0.16109,CNIC.325.4,0.159955,CANT.328.11,0.154524
364,BN2123.87v.9.txt,canon_unlabelled/BN2123.87v.9.txt,CNIC.325.6,0.212563,CNIC.325.18,0.192662,CTUR.439.6,0.164344,CORA.441.14,0.156204,CNIC.325.7,0.154616,CGAN.355.13,0.152755,CNIC.325.11,0.149842,CANC.314.12,0.146898,CARL.501?.10,0.144599,CORL.511.8,0.143839
365,BN2123.88r.1.txt,canon_unlabelled/BN2123.88r.1.txt,CHIP.393.21,0.583641,CTOL.638.1,0.370372,CTOL.633.4,0.264843,Can.apost.49,0.257431,"Augustine, Serm.de vet.test. 9.20 (ed. Lambot, 146, line 694–96)",0.248269,CTOL.633.10,0.238748,CTOL.633.13,0.226873,"John Cassian, Collationes 20.8 (ed. Petschenig, p. 561, line 9–p. 562, line 4)",0.215789,"cf. Poen. Theodori, capp. III.3, III.4, III.5; Wasserschleben, p. 204",0.215034,Can.apost.50,0.214639
366,BN2123.88r.2.txt,canon_unlabelled/BN2123.88r.2.txt,CMAC.585.4,0.507794,CAGD.506.12,0.275788,CHIP.393.23,0.210871,CMAC.585.2,0.200386,CNIC.325.5,0.18901,Can.apost.22,0.187393,CMEA.845.10,0.175949,CMAC.585.5,0.174708,CGAN.355.2,0.172148,CORL.511.1,0.170889
367,BN2123.88r.3.txt,canon_unlabelled/BN2123.88r.3.txt,CANT.328.16,0.213006,CTOU.567.18 (17),0.212416,Can.apost.5,0.20766,"Gratian, D. 5 de cons. c. 19",0.205429,"Gregory of Nazianzus- Rufinus, De Pentecoste et de spiritu sancto 2 (in Tyranni Rufini
orationum Gregorii Nazianzeni novem interpretatio, ed. Engelbrecht, 143, lines 8–16)",0.194678,CAUX.561.8,0.192346,CRIZ.439.2,0.18528,CANT.328.12,0.176589,CANT.328.20,0.172265,CANT.328.4,0.167997
368,BN2123.89r.1.txt,canon_unlabelled/BN2123.89r.1.txt,CORA.441.24,0.200918,CLAO.300.48,0.194065,Can.apost.24,0.18484,CNIC.325.9,0.174197,CEPA.517.26,0.163751,CCHA.451.21,0.151902,CNEO.315.12,0.15125,CTOL.397.2,0.150845,CANT.328.7,0.148705,CORL.549.20,0.144322
369,BN2123.89r.2.txt,canon_unlabelled/BN2123.89r.2.txt,CANC.314.6,0.22721,Can.apost.27,0.215589,CTOL.633.24,0.197177,CMAC.585.2,0.185199,Can.apost.1,0.180573,CAGD.506.39,0.179536,CLAO.300.28,0.163434,CORL.511.28,0.156258,CTOL.646.5,0.153257,"Ps.-Clemens-Rufinus, Recognitiones 2.72 (eds Rehm–Paschke, 94,
lines 4–8)",0.148166
370,BN2123.89r.3.txt,canon_unlabelled/BN2123.89r.3.txt,RPWO.758.15,0.225736,Can.apost.49,0.223398,CARL.501?.25,0.210268,CARL.314.20,0.202319,CLAO.300.45,0.198366,CAGD.506.32,0.196562,CANT.328.8,0.186739,CTOL.633.30,0.184459,CANT.328.13,0.180552,CORL.538.32,0.169615
371,BN2123.89v.5.txt,canon_unlabelled/BN2123.89v.5.txt,Can.apost.47,0.359212,CARL.314.9,0.207085,CHIP.393.37,0.195523,CNEO.315.12,0.192533,CTOL.589.3,0.191399,CMAC.585.5,0.188715,CNIC.325.10,0.187899,CORL.538.16,0.168133,Can.apost.20,0.166446,Can.apost.49,0.161613
372,BN2123.90r.5.txt,canon_unlabelled/BN2123.90r.5.txt,CNIC.325.20,0.689738,CAUX.561.3,0.269389,CAUX.561.7,0.227216,CORL.511.3,0.208544,CORL.511.27,0.207569,CANT.328.15,0.194747,CTOU.567.18 (17),0.193473,CORL.511.25,0.192738,CCHA.451.25,0.192621,Can.apost.10,0.191095
373,BN2123.91r.2.txt,canon_unlabelled/BN2123.91r.2.txt,CGAN.355.18,0.381132,CLAO.300.29,0.249283,CTOL.397.3,0.226041,CTOL.589.1,0.215782,CNIC.325.19,0.214942,CORL.511.31,0.203372,CNIC.325.2,0.200016,CNIC.325.1,0.199313,CNIC.325.17,0.196638,CAUX.561.42,0.196124
374,BN2123.91r.3.txt,canon_unlabelled/BN2123.91r.3.txt,CORL.511.25,0.314481,CORL.511.26,0.276571,CORL.538.15,0.267035,CTOL.636.1,0.262547,Can.apost.8,0.262184,CAUX.561.11,0.237631,CMAC.581.9,0.222888,CARL.314.1,0.222148,CAGD.506.21,0.221441,CAGD.506.63,0.21907
375,BN2123.91r.4.txt,canon_unlabelled/BN2123.91r.4.txt,CLAO.300.45,0.345151,Can.apost.42,0.294425,CORL.511.27,0.241332,"Gregorius Nazianzus-Rufinus, Apologeticus 72 (ed. Engelbrecht, 56, lines 20–3",0.186385,CLAO.300.51,0.185952,CANT.328.20,0.184219,"Caesarius, Sermo 192.4 (ed. Morin, 781, lines 7–9)",0.18255,CLAO.300.52,0.181465,CORL.511.31,0.173392,"Gratian, D. 5 de cons. c. 19",0.16943
376,BN2123.91r.5.txt,canon_unlabelled/BN2123.91r.5.txt,CORL.511.25,0.348777,CORL.511.31,0.316659,CLAO.300.45,0.311857,CORL.511.28,0.284964,Can.apost.8,0.258651,CARL.314.15,0.238509,CORL.511.26,0.236042,CORL.538.32,0.229136,CORL.538.36,0.225914,CORL.541.29,0.220907
377,BN2123.91v.2.txt,canon_unlabelled/BN2123.91v.2.txt,CTOU.567.18 (17),0.419801,CANT.328.20,0.390379,CAUX.561.11,0.327045,CTOL.636.1,0.301534,CORL.511.27,0.29446,CSAR.347.15,0.280482,Can.apost.38,0.273878,CLAO.300.46,0.242652,CAGD.506.21,0.229826,CAGD.506.35,0.225228
378,BN2123.92r.5.txt,canon_unlabelled/BN2123.92r.5.txt,Can.apost.5,0.349268,CEPA.517.37,0.289756,CEPA.517.9,0.269777,CEPA.517.26,0.251257,CHIP.393.23,0.227377,CEPA.517.19,0.211986,CORL.511.15,0.200195,Can.apost.4,0.178901,Can.apost.32,0.176808,CNEO.315.13,0.163647
379,BN2123.92v.1.txt,canon_unlabelled/BN2123.92v.1.txt,CAGD.506.18,0.257774,CAGD.506.32,0.230904,CARL.501?.3,0.18146,Can.apost.31,0.178906,CEPA.517.4,0.178607,CAGD.506.21,0.170548,CTOL.397.13,0.169687,CAUX.561.10,0.1683,CAUX.561.27,0.166551,RPWO.758.2,0.16495
380,BN2123.92v.4.txt,canon_unlabelled/BN2123.92v.4.txt,CTOL.589.7,0.217752,CHIP.393.28,0.207503,CANC.314.12,0.199843,CAUX.561.9,0.199315,CTOL.633.25,0.196655,CORL.541.29,0.196329,CCHA.451.21,0.195506,CAGD.506.38,0.189908,CLAO.300.12,0.187505,CLAO.300.28,0.186078
381,BN2123.92v.5.txt,canon_unlabelled/BN2123.92v.5.txt,CORL.511.26,0.387631,Can.apost.6,0.251744,CTOL.633.18,0.224473,Can.apost.11,0.216224,CTOL.633.12,0.211243,CNEO.315.5,0.210513,CTOU.567.16 (15),0.21041,CARL.501?.13,0.200076,CAUX.561.43,0.199007,CANT.328.2,0.192249
382,BN2123.92v.6.txt,canon_unlabelled/BN2123.92v.6.txt,CGAN.355.5,0.304099,CORL.511.26,0.239875,CNIC.325.16,0.203701,CTOL.633.18,0.194896,CTOL.656.1,0.192206,Can.apost.31,0.184825,CGAN.355.6,0.175643,CAUX.561.13,0.175162,Can.apost.10,0.170816,CAUX.561.26,0.163111
383,BN2123.92v.7.txt,canon_unlabelled/BN2123.92v.7.txt,"Jerome, Advers.Iovin.libri II, 1.14 (PL 23, col. 233A) Source (igitur ... alio uiro) Jerome, Advers.Iovin.libri II, 1.14 (PL 23, col. 233B)",0.217491,"Origen.–Rufinus, In Gen.hom.XVI, 4.4 (ed. Baehrens, 54, line 3–7)",0.20152,CAGD.506.32,0.198953,CAUX.561.21,0.19482,CAUX.561.19,0.187687,CANT.328.13,0.183083,RPCO.757.8,0.172941,CNEO.315.8,0.168053,CGAN.355.6,0.164922,CHIP.393.24,0.164216
384,BN2123.92v.8.txt,canon_unlabelled/BN2123.92v.8.txt,"Eusebius–Rufinus HE 6.19.17 (eds Mommsen–Schwartz, II, 565, lines 11–12)",0.257844,CTOL.646.5,0.243354,CCHA.451.27,0.200571,CANC.314.3,0.200359,CTOL.656.6,0.194124,CTOL.633.19,0.192239,CHIP.393.24,0.190312,CAGD.506.32,0.187484,CANC.314.13,0.18158,CORA.441.23,0.177234
385,BN2123.93r.1.txt,canon_unlabelled/BN2123.93r.1.txt,CAUX.561.7,0.254297,"Caesarius, Sermo 43.5 (ed. Morin, 192, lines 17–23)",0.247687,CCHA.451.20,0.232207,CSAR.347.6,0.199724,CTOL.397.5,0.198523,CHIP.393.37,0.194163,CVER.755.5,0.194104,CGAN.355.8,0.193325,CGAN.355.7,0.188255,CMAC.585.4,0.187611
386,BN2123.93r.5.txt,canon_unlabelled/BN2123.93r.5.txt,CTOL.397.3,0.258451,CCHA.451.3,0.25252,CCHA.451.25,0.252057,Can.apost.18,0.23885,CANT.328.25,0.210873,CORL.511.16,0.20667,CTOL.589.3,0.18691,CCHA.451.26,0.186704,CTOL.633.38,0.178959,Can.apost.12,0.174185
387,BN2123.93r.6.txt,canon_unlabelled/BN2123.93r.6.txt,Can.apost.39,0.274435,CAGD.506.4,0.208564,CTOL.633.32,0.194815,CANT.328.25,0.185971,CTOL.589.15,0.171418,CGAN.355.15,0.168727,CANC.314.22,0.167729,CEPA.517.9; anno 517,0.166876,CGAN.355.8,0.163685,CTOL.397.7,0.161232
388,BN2123.93v.2.txt,canon_unlabelled/BN2123.93v.2.txt,CNIC.325.6,0.183674,CAUX.561.20,0.181286,CCHA.451.3,0.179202,Can.apost.18,0.17533,CNEO.315.6,0.173328,CNEO.315.13,0.164391,CMAC.585.12,0.15802,CAUX.561.6,0.156725,CANT.328.9,0.153921,CCHA.451.26,0.153155
389,BN2123.93v.9.txt,canon_unlabelled/BN2123.93v.9.txt,CLAO.300.57,0.275844,RPWO.758.5,0.185732,CLAO.300.45,0.183085,CEPA.517.26,0.181436,CMAC.585.5,0.180973,CTOL.638.19,0.180865,CANC.314.24,0.180321,CORL.511.16,0.175364,RPCO.757.6,0.171913,CTOL.636.9,0.170236
390,BN2123.94r.1.txt,canon_unlabelled/BN2123.94r.1.txt,CORL.549.19,0.289254,Can.apost.13,0.247572,CCHA.451.11,0.203532,CANT.328.8,0.194776,CMAC.585.4,0.178785,Can.apost.39,0.176622,CARL.314.15,0.175167,CORA.441.12,0.165211,CORL.511.17,0.16323,Can.apost.41,0.161398
391,BN2123.94r.7.txt,canon_unlabelled/BN2123.94r.7.txt,CNIC.325.16,0.304184,CLAO.300.12,0.233427,CNIC.325.6,0.229834,CTOL.589.3,0.222709,Capit.Martini.14,0.213989,CANT.328.24,0.208647,CHIP.393.14,0.201418,CNEO.315.8,0.194031,CORA.441.24,0.190711,CCHA.451.10,0.188349
392,BN2123.94r.8.txt,canon_unlabelled/BN2123.94r.8.txt,CVAI.442.4,0.29231,CAGD.506.4,0.256681,CANC.314.7,0.199358,CTOU.567.17 (16),0.190088,CGAN.355.2,0.171369,CTOL.633.67,0.168694,CNIC.325.13,0.167296,CTOL.633.33,0.166145,CAGD.506.26,0.162947,CGAN.355.7,0.16069
393,BN2123.94r.9.txt,canon_unlabelled/BN2123.94r.9.txt,CORL.538.26 (23),0.541953,CORL.538.9,0.241103,CANT.328.13,0.219926,CTOL.655.10,0.217972,Can.apost.18,0.209856,RPWO.758.15,0.205513,Can.apost.17,0.20249,CNIC.325.16,0.202278,CTOL.633.47,0.201817,CORL.538.16,0.192411
394,BN2123.94v.1.txt,canon_unlabelled/BN2123.94v.1.txt,CORL.538.8,0.32871,CORL.538.12,0.283563,CORL.541.19,0.271752,CORL.549.19,0.271265,Can.apost.10,0.247988,CTOL.527.4,0.235696,CANC.314.14,0.224335,CANC.314.24,0.206459,CANC.314.9,0.20073,CNIC.325.13,0.198427
395,BN2123.94v.10.txt,canon_unlabelled/BN2123.94v.10.txt,CLAO.300.12,0.320022,"Eusebius-Rufinus, HE 10.2 (eds Mommsen–Schwartz, II, 961, lines 10–19)",0.274417,CORL.511.1,0.25041,CAGD.506.62,0.243847,Can.apost.46,0.241047,CMAC.581.7,0.233033,"(ed. MOMMSEN, as Gildas, Epist.deperd.fragm. 5, in Chronica minora, 88, lines 1–2; trans. WINTERBOTTOM, Gildas,
82)",0.224838,Unidenfied,0.22091,CTOU.567.16 (15),0.214693,CCHA.451.9,0.213942
396,BN2123.94v.11.txt,canon_unlabelled/BN2123.94v.11.txt,CLAO.300.12,0.411651,CTOL.638.11,0.270123,CNEO.315.1,0.244216,Stat.Eccl.Antiq. 20,0.242236,CVAI.442.7,0.241444,"Gregorius Magnus, Hom.in ev. 2.26 (ed. Étaix, 222, lines 116–19) Ps (G) 50:19",0.237865,"Hermas, Libell.sanct.past., mandatum 4.1.4–8 (eds de Gebhardt– Harnack–Zahn, 79, lines 1–19)",0.229202,"Eusebius-Rufinus, HE 10.2 (eds Mommsen–Schwartz, II, 961, lines 10–19)",0.228201,"Gennadius, Lib.eccl.dogm. 46 (ed. Turner, 98, lines 1–7; cf. recensio vulgata, c. 47 [PL
42, col. 1220])",0.216365,CCHA.451.21,0.210873
397,BN2123.94v.8.txt,canon_unlabelled/BN2123.94v.8.txt,CHIP.393.20,0.220136,CTUR.439.7,0.209512,CTUR.439.6,0.189419,CARL.501?.8,0.187505,CSAR.347.18,0.187375,"CTOL.653.13  (excerpta canonum cap. 13)  Martinez Diez, vol. 5, pp. 475-476; text modified in W",0.185015,CTOL.397.18,0.17798,CAGD.506.37,0.177808,CARL.314.18,0.176259,DSIR.384.255  cap. 14,0.174554
398,BN2123.94v.9.txt,canon_unlabelled/BN2123.94v.9.txt,Can.apost.19,0.223315,CARL.314.15,0.201583,CTOU.567.16 (15),0.187446,CNEO.315.5,0.177715,CARL.314.1,0.176208,CTOL.638.11,0.174324,CTOL.397.7,0.169551,CTOL.589.5,0.163619,CCHA.451.21,0.161517,CARL.501?.8,0.159003
399,BN2123.95r.1.txt,canon_unlabelled/BN2123.95r.1.txt,CTOL.397.9,0.291127,"Gregorius Nazianzus-Rufinus, Apologeticus 73 (ed. Engelbrecht, 57, lines 7–9)",0.241953,CSAR.347.3,0.241214,CANT.328.12,0.237501,CANT.328.14,0.237484,CAUX.561.35,0.210453,"CTOL.653.13  (excerpta canonum cap. 13)  Martinez Diez, vol. 5, pp. 475-476; text modified in W",0.195232,CAGD.506.32,0.194891,CMAC.581.7,0.193909,CSAR.347.7,0.193797
400,BN2123.95r.10.txt,canon_unlabelled/BN2123.95r.10.txt,CSAR.347.4,0.359517,CHIP.393.20,0.30517,CANT.328.7,0.257144,CORA.441.28,0.238305,CNIC.325.9,0.236036,CTOL.638.11,0.210555,CSAR.347.7,0.205935,CSAR.347.3,0.203986,CNIC.325.5,0.195847,"CTOL.653.13  (excerpta canonum cap. 13)  Martinez Diez, vol. 5, pp. 475-476; text modified in W",0.191633
401,BN2123.95r.7.txt,canon_unlabelled/BN2123.95r.7.txt,CAGD.506.32,0.26478,Pen. Theod. Can. Greg.; Wasserschleben p.162,0.218451,CARL.501?.5,0.185238,CVAI.442.5,0.185045,CANT.328.22,0.183875,CANT.328.11,0.182599,CMAC.585.12,0.182159,CAUX.561.34,0.179871,CSAR.347.4,0.173558,CAUX.561.24,0.171476
402,BN2123.95r.9.txt,canon_unlabelled/BN2123.95r.9.txt,CSAR.347.3,0.580067,CSAR.347.7,0.462585,CHIP.393.20,0.299494,CHIP.393.7,0.277247,"Eusebius-Rufinus, HE 10.2 (eds Mommsen–Schwartz, II, 961, lines 10–19)",0.270506,CSAR.347.4,0.252813,CHIP.393.10,0.235343,CTOL.589.18,0.22906,"Augustine, Serm.de vet.test. 9.20 (ed. Lambot, 146, line 694–96)",0.226412,CARL.501?.18,0.211785
403,BN2123.95v.1.txt,canon_unlabelled/BN2123.95v.1.txt,CANT.328.14,0.483966,CSAR.347.5,0.264674,CANT.328.12,0.246817,CTOL.638.11,0.236323,CSAR.347.8,0.22511,CHIP.393.8,0.223864,CMAC.581.7,0.221438,CHIP.393.20,0.216976,CSAR.347.7,0.216542,CANT.328.15,0.215959
404,BN2123.95v.2.txt,canon_unlabelled/BN2123.95v.2.txt,CSAR.347.3,0.235481,CSAR.347.7,0.209748,CNIC.325.5,0.193557,CGAN.355.8,0.172219,CARL.314.22,0.171894,CANT.328.15,0.170701,CAGD.506.62,0.169504,Can.apost.47,0.156295,CORA.441.2,0.152459,CANT.328.14,0.152167
405,BN2123.95v.3.txt,canon_unlabelled/BN2123.95v.3.txt,CHIP.393.8,0.645922,CHIP.393.6,0.249837,Can.apost.2,0.23843,CANC.314.15,0.233241,CMAC.585.12,0.224568,CHIP.393.7,0.203481,CANC.314.4,0.19635,CAGD.506.38,0.192498,CEPA.517.38,0.18864,CTOL.633.24,0.188066
406,BN2123.95v.4.txt,canon_unlabelled/BN2123.95v.4.txt,CCHA.451.21,0.300088,CORA.441.14,0.2062,CNEO.315.12,0.198585,RPWO.758.5,0.196814,Capit.Martini.61,0.194689,CNIC.325.6,0.189119,CORL.538.32,0.18804,CEPA.517.19,0.185052,CTOL.636.9,0.184907,CAGD.506.8,0.184295
407,BN2123.95v.5.txt,canon_unlabelled/BN2123.95v.5.txt,CHIP.393.6,0.26136,CTOU.567.17 (16),0.193702,"Gregorius Nazianzus-Rufinus, Apologeticus 73 (ed. Engelbrecht, 57, lines 7–9)",0.191686,"Gregorius Magnus, Hom.in ev. 2.39 (ed. Étaix, 382, lines 66–7)",0.185791,CVER.755.10,0.171282,CARL.501?.18,0.168392,CARL.501?.23,0.165757,CSAR.347.3,0.159721,CORL.511.3,0.150095,CORL.511.28,0.143332
408,BN2123.95v.6.txt,canon_unlabelled/BN2123.95v.6.txt,CHIP.393.9,0.630616,CLAO.300.12,0.31637,CHIP.393.10,0.29641,CAGD.506.32,0.274201,CNIC.325.6,0.262935,"Eusebius-Rufinus, HE 10.2 (eds Mommsen–Schwartz, II, 961, lines 10–19)",0.261093,CNIC.325.8,0.237546,CHIP.393.28,0.231798,"CTOL.653.13  (excerpta canonum cap. 13)  Martinez Diez, vol. 5, pp. 475-476; text modified in W",0.229913,CAUX.561.34,0.221163
409,BN2123.96r.1.txt,canon_unlabelled/BN2123.96r.1.txt,CTOL.638.11,0.437847,CCHA.451.21,0.398935,CAGD.506.37,0.267923,CTOL.397.6,0.245248,CGAN.355.1,0.221103,CHIP.393.8,0.21669,CARL.501?.25,0.214475,CVAI.442.7,0.207983,"(ed. MOMMSEN, as Gildas, Epist.deperd.fragm. 4, in Chronica minora, 87, lines 19–35; trans. WINTERBOTTOM, Gildas, 81)",0.19804,CARL.314.14,0.192587
410,BN2123.96r.2.txt,canon_unlabelled/BN2123.96r.2.txt,CTOL.638.11,0.350695,CHIP.393.6,0.306649,CHIP.393.7,0.258815,"Eusebius-Rufinus, HE 10.5 (eds Mommsen–Schwartz, II, 963, line 21)",0.255153,CHIP.393.8,0.253829,CVAI.442.7,0.231763,CSAR.347.7,0.217425,CARL.501?.25,0.214022,CTOL.633.4,0.213572,"Caesarius, Sermo 2, ammonitio (ed. Morin, 18, lines 7–15)",0.212133
411,BN2123.96v.1.txt,canon_unlabelled/BN2123.96v.1.txt,CHIP.393.22,0.657352,CNEO.315.8,0.379619,CNEO.315.1,0.292672,CCHA.451.13,0.246792,CLAO.300.29,0.236633,CCHA.451.2,0.228046,CNIC.325.6,0.222893,CANT.328.7,0.215448,CNEO.315.12,0.210445,"Source unidentified, but cf. Augustine, In Iohannis euangelium tractatus, tract. 73.1 (ed. R. Willems,
CCSL 36 [Turnhout, 1954], 510, lines 23–4)",0.206857
412,BN2123.96v.10.txt,canon_unlabelled/BN2123.96v.10.txt,CARL.501?.4,0.529874,CARL.314.18,0.219863,CTOL.397.8,0.20418,CTOL.633.42,0.18315,CTOL.589.7,0.182207,CARL.501?.15,0.174105,CANC.314.9,0.172869,CNEO.315.6,0.171562,CEPA.517.22,0.164845,CHIP.393.6,0.160073
413,BN2123.96v.11.txt,canon_unlabelled/BN2123.96v.11.txt,"Caesarius, Sermo 43.3 (ed. Morin, 191, lines 13–19)",0.206613,CAUX.561.34,0.203492,CTOL.638.1,0.192383,Can.apost.16,0.191202,CARL.314.2,0.184268,CNEO.315.10,0.175818,"Gregory of Nazianzus-Rufinus, In semet.de agr.regr. 15 (ed. Engelbrecht, 185, lines 11–13)",0.174988,CAGD.506.5,0.172752,CARL.501?.18,0.17132,RPCO.757.8,0.167293
414,BN2123.96v.12.txt,canon_unlabelled/BN2123.96v.12.txt,CTOL.633.4,0.286548,CTOU.567.17 (16),0.24508,CNIC.325.3,0.243719,CAGD.506.39,0.233746,CARL.501?.4,0.229762,CLAO.300.20,0.207747,CEPA.517.38,0.206289,CAGD.506.32,0.202857,CHIP.393.11,0.194566,CARL.501?.15,0.186199
415,BN2123.96v.13.txt,canon_unlabelled/BN2123.96v.13.txt,CARL.314.12,0.271388,CNIC.325.16,0.251628,RPCO.757.2,0.238974,CCHA.451.20,0.215272,CORL.511.13,0.19624,CARL.314.17,0.188053,CTOL.633.63,0.173606,CORL.511.2,0.166664,CANC.314.10,0.16469,CAUX.561.22,0.159026
416,BN2123.96v.2.txt,canon_unlabelled/BN2123.96v.2.txt,CNIC.325.17,0.591541,Can.apost.44,0.36102,CCHA.451.3,0.226719,CANC.314.15,0.216861,CARL.501?.14,0.192717,CANT.328.25,0.191962,CLAO.300.52,0.175849,CNIC.325.12,0.169964,CNEO.315.13,0.168001,CTOL.633.38,0.166892
417,BN2123.96v.3.txt,canon_unlabelled/BN2123.96v.3.txt,CARL.501?.14,0.697138,CNIC.325.17,0.352079,CCHA.451.2,0.251296,Can.apost.30,0.215126,CGAN.355.8,0.213913,"Gregorius Nazianzus-Rufinus, Apologeticus 72 (ed. Engelbrecht, 56, lines 20–3",0.208296,CLAO.300.12,0.207779,CHIP.393.22,0.190279,Can.apost.44,0.189772,CANC.314.22,0.188967
418,BN2123.96v.4.txt,canon_unlabelled/BN2123.96v.4.txt,CHIP.393.26,0.38499,CLAO.300.24,0.284734,CAGD.506.38,0.196863,CORL.511.22,0.172092,CMAC.581.18,0.171041,CTOL.633.49,0.170658,CLAO.300.6,0.170514,CTOL.633.4,0.164494,CORL.511.21,0.16339,CCHA.451.4,0.159041
419,BN2123.96v.5.txt,canon_unlabelled/BN2123.96v.5.txt,CAGD.506.38,0.383792,CNEO.315.7,0.322366,CNEO.315.8,0.258167,CLAO.300.28,0.234758,CAGD.506.39,0.229357,CHIP.393.29,0.222585,Can.apost.39,0.213126,CLAO.300.57,0.211965,CLYO.583.6,0.198469,Can.apost.30,0.196248
420,BN2123.96v.6.txt,canon_unlabelled/BN2123.96v.6.txt,CAGD.506.39,0.397969,CTOL.656.2,0.213898,CTOL.646.2,0.197505,CANT.328.19,0.183191,Can.apost.2,0.178329,CLAO.300.20,0.172575,CTOL.397.6,0.168673,CTOL.656.4,0.167634,CANC.314.1,0.162572,CORA.441.11,0.161597
421,BN2123.96v.9.txt,canon_unlabelled/BN2123.96v.9.txt,CNIC.325.3,0.342699,CORA.441.7,0.251963,CORL.511.29,0.249435,CAGD.506.5,0.227309,Can.apost.23,0.215994,CTOL.527.3,0.20931,CTOL.633.42,0.206833,CANC.314.20,0.202639,CARL.501?.13,0.183972,CNEO.315.5,0.183048
422,BN2123.97r.1.txt,canon_unlabelled/BN2123.97r.1.txt,CAGD.506.5,0.654723,CORL.538.9,0.389538,Can.apost.25,0.275524,CORL.538.8,0.2384,DSIR.384.255  cap. 11,0.209336,"Jerome, Comm.in IV ep.Paul., ad Tit. vers. 2:9–10 (PL 26, col. 585C–D)",0.207881,RPWO.758.17,0.20427,CTOL.397.12,0.184918,RPCO.757.2,0.178674,"(ed. MOMMSEN, as Gildas, Epist.deperd.fragm. 6, in Chronica minora, 88, lines 11–12; trans. WINTERBOTTOM,
Gildas, 82)",0.170619
423,BN2123.97r.2.txt,canon_unlabelled/BN2123.97r.2.txt,CLAO.300.20,0.260222,CEPA.517.6,0.232784,Can.apost.37,0.221267,"DGEL492.636 cap. 7,8",0.209718,CORL.511.8,0.208994,CARL.501?.15,0.208899,Can.apost.41,0.193619,CNEO.315.7,0.179072,CAGD.506.54,0.178315,"Jerome, Advers.Iovin.libri II, 1.14 (PL 23, col. 233A) Source (igitur ... alio uiro) Jerome, Advers.Iovin.libri II, 1.14 (PL 23, col. 233B)",0.17578
424,BN2123.97r.3.txt,canon_unlabelled/BN2123.97r.3.txt,CANC.314.15,0.193387,CANC.314.16,0.179382,CANC.314.4,0.165684,CHIP.393.8,0.16299,CGAN.355.7,0.162306,CTOL.655.12,0.160021,Can.apost.9,0.16001,CVAI.442.2,0.156202,CGAN.355.12,0.156183,CTOL.636.7,0.155464
425,BN2123.97r.4.txt,canon_unlabelled/BN2123.97r.4.txt,CORA.441.28,0.270305,CGAN.355.5,0.267908,CTOL.633.4,0.228909,CLAO.300.20,0.190275,CARL.501?.18,0.185429,CNEO.315.6,0.176993,Stat.Eccl.Antiq. 20,0.171822,CNEO.315.5,0.164255,Can.apost.32,0.16288,CANT.328.11,0.14704
426,BN2123.97r.5.txt,canon_unlabelled/BN2123.97r.5.txt,DSIR.384.255  cap. 13,0.217393,"Gregory of Nazianzus- Rufinus, In semet.de agr.regr. 14 (ed. Engelbrecht, 184, lines 17–18)",0.204908,CTOL.397.13,0.198545,CARL.501?.3,0.196315,CNIC.325.3,0.178594,CTOL.527.3,0.178451,CAUX.561.25,0.176927,CTOL.636.3,0.175497,CTOL.656.4,0.172292,CTOL.656.2,0.168206
427,BN2123.97r.6.txt,canon_unlabelled/BN2123.97r.6.txt,CAUX.561.23,0.217674,CTOL.397.13,0.198908,CANT.328.2,0.182467,CTOL.633.6,0.162149,CNEO.315.6,0.159458,CCHA.451.27,0.150823,Can.apost.37,0.150027,CARL.501?.17,0.146394,CORA.441.13,0.14616,CANT.328.5,0.142775
428,BN2123.97r.7.txt,canon_unlabelled/BN2123.97r.7.txt,CEPA.517.37,0.206946,CGAN.355.13,0.191452,CTOL.656.4,0.18681,CTOL.656.6,0.172966,CORA.441.7,0.164425,"Caesarius, Sermo 43.1 (ed. Morin, 190, lines 21–25)",0.160857,CHIP.393.26,0.156995,CANC.314.4,0.151986,CORL.541.6,0.151413,CAGD.506.41,0.150873
429,BN2123.97r.9.txt,canon_unlabelled/BN2123.97r.9.txt,CNEO.315.14,0.718529,"Caesarius, Sermo 192.2 (ed. Morin, 780, lines 21–4)",0.210012,"Gregorius Nazianzus-Rufinus, Apologeticus 73 (ed. Engelbrecht, 57, lines 7–9)",0.194166,CNIC.325.6,0.161974,CTOL.633.17,0.159825,CLYO.583.6,0.159614,CNIC.325.18,0.158172,CGAN.355.14,0.157518,CNEO.315.2,0.156402,CNIC.325.2,0.154673
430,BN2123.97v.1.txt,canon_unlabelled/BN2123.97v.1.txt,"Poen. Theod. II.6.1- 5, II.6.9-13",0.284932,CARL.501?.19,0.239917,CAUX.561.23,0.228918,CANT.328.3,0.227565,"(ed. MOMMSEN, as Gildas, Epist.deperd.fragm. 5, in Chronica minora, p. 87, line 36–p. 88, line 1; trans.
WINTERBOTTOM, Gildas, 82)",0.222227,CTOL.633.52,0.217205,CANT.328.5,0.205986,CTOL.397.12,0.195781,CTOL.633.49,0.194485,CAGD.506.38,0.193777
431,BN2123.97v.3.txt,canon_unlabelled/BN2123.97v.3.txt,CEPA.517.37,0.288017,CNIC.325.9,0.202897,CANC.314.11,0.19868,CCHA.451.11,0.180691,CNIC.325.11,0.177951,CARL.501?.55,0.171845,CLAO.300.29,0.164711,CANC.314.3,0.164399,CARL.314.16,0.151143,RPCO.757.4,0.148696
432,BN2123.97v.4.txt,canon_unlabelled/BN2123.97v.4.txt,CAGD.506.28,0.210223,Can.apost.39,0.193729,CORL.511.19,0.182761,CNEO.315.5,0.182718,Can.apost.42,0.181534,CARL.314.7,0.180414,CARL.501?.1,0.180079,CTOL.589.4,0.177372,CNIC.325.15,0.176025,CSAR.347.18,0.17347
433,BN2123.97v.5.txt,canon_unlabelled/BN2123.97v.5.txt,CNEO.315.11,0.230941,CTOL.633.23,0.229481,CTOL.633.20,0.226483,CTOL.397.10,0.196789,CTOL.527.1,0.18981,CNEO.315.,0.183214,DSIR.384.255  cap. 13,0.179601,"Gregory of Nazianzus- Rufinus, De Pentecoste et de spiritu sancto 2 (in Tyranni Rufini
orationum Gregorii Nazianzeni novem interpretatio, ed. Engelbrecht, 143, lines 8–16)",0.174988,CNIC.325.20,0.174876,CTOL.638.19,0.170318
434,BN2123.97v.6.txt,canon_unlabelled/BN2123.97v.6.txt,CHIP.393.8,0.266289,RPCO.757.8,0.25669,CHIP.393.24,0.250291,CHIP.393.28,0.24333,RPCO.757.4,0.239677,CMAC.585.12,0.22888,"Eusebius-Rufinus, HE 10.2 (eds Mommsen–Schwartz, II, 961, lines 10–19)",0.211999,CHIP.393.30,0.208636,"Augustine, Sermo 392 (PL 39, col. 1710)",0.207063,CTOU.567.19 (18),0.206168
435,BN2123.98r.2.txt,canon_unlabelled/BN2123.98r.2.txt,CCHA.451.27,0.477287,CARL.501?.28,0.23335,CORL.541.29,0.208146,CNEO.315.13,0.201151,CARL.501?.18,0.181484,CNIC.325.16,0.177655,CEPA.517.26,0.170492,Can.apost.23,0.167436,CORA.441.24,0.161415,CARL.501?.20,0.161029
436,BN2123.98r.7.txt,canon_unlabelled/BN2123.98r.7.txt,Can.apost.37,0.214046,CAUX.561.31,0.191701,Can.apost.19,0.185429,CGAN.355.7,0.184906,CAGD.506.18,0.18079,CMAC.581.18,0.180266,Can.apost.48,0.175514,CTOL.589.8,0.167335,CANC.314.16,0.166959,CAGD.506.63,0.163951
437,BN2123.98v.1.txt,canon_unlabelled/BN2123.98v.1.txt,CAGD.506.25,0.480489,CAGD.506.31,0.194428,CLAO.300.12,0.186543,CTOL.633.56,0.179502,CTOL.633.43,0.179026,CTOL.589.5,0.178529,CGAN.355.13,0.172554,Unidenfied,0.169892,CNIC.325.6,0.163965,CCHA.451.9,0.160514
438,BN2123.99r.1.txt,canon_unlabelled/BN2123.99r.1.txt,CANC.314.19,0.556754,CLAO.300.20,0.215884,CANC.314.11,0.202115,CTOL.633.50,0.196473,CNEO.315.1,0.195731,CARL.501?.1,0.194604,CTOL.638.4,0.192676,CORL.538.9,0.19242,CANC.314.22,0.190589,CLAO.300.47,0.177795
439,BN2123.99r.2.txt,canon_unlabelled/BN2123.99r.2.txt,CANC.314.20,0.472927,CEPA.517.3,0.200779,CARL.314.15,0.200184,CCHA.451.10,0.161695,CCHA.451.20,0.161299,CORL.511.14,0.154914,"Gregorius Magnus, Hom.in ev. 2.33 (ed. Étaix, 297, lines 240–48)",0.150537,CANT.328.2,0.146576,CAGD.506.5,0.144189,"John Cassian, Collationes, 5.24 (ed. Petschenig, 148, lines 14–21)",0.140375
440,Bod718.129r.1.txt,canon_unlabelled/Bod718.129r.1.txt,CSAR.347.17,0.329155,"Jerome, Epistola 52, ad Nepotianum (ed. Hilberg, I, 435, line )",0.249145,"Augustine, Sermo 392 (PL 39, col. 1710)",0.238979,CHIP.393.38,0.238349,CTOL.633.10,0.237359,"Gregorius Magnus, Hom.in ev. 2.26 (ed. Étaix, 222, lines 116–19) Ps (G) 50:19",0.235951,CSAR.347.18,0.221155,Can.apost.12,0.218072,"Augustine, De serm.dom.in monte, 1.20.63 (ed. Mutzenbecher, 72, lines 1569–82)",0.212719,CTOL.633.3,0.212278
441,Bod718.129v.1.txt,canon_unlabelled/Bod718.129v.1.txt,CSAR.347.17,0.257142,Stat.Eccl.Antiq. 20,0.253376,"Gregory of Nazianzus- Rufinus, Apologeticus 115 (ed. Engelbrecht, 82, lines 11–12)",0.242292,"Augustine, De serm.dom.in monte, 1.20.63 (ed. Mutzenbecher, 72, lines 1569–82)",0.231446,CTOL.633.15,0.227175,CHIP.393.23,0.227165,"Augustine, Serm.de vet.test. 9.20 (ed. Lambot, 146, line 694–96)",0.218087,Can.apost.40,0.213034,CNIC.325.18,0.212939,CGAN.355.18,0.208013
442,Bod718.130r.1.txt,canon_unlabelled/Bod718.130r.1.txt,"John Cassian, Collationes 20.8 (ed. Petschenig, p. 561, line 9–p. 562, line 4)",0.2136,CTOL.527.4,0.208215,CGAN.355.8,0.20773,Can.apost.39,0.197936,Can.apost.41,0.19707,CORA.441.14,0.196572,CORA.441.13,0.196486,Ephesians.5:22,0.195826,CORL.511.8,0.192326,CAGD.506.62,0.184315
443,Bod718.130r.2.txt,canon_unlabelled/Bod718.130r.2.txt,CTOL.598.12,0.261029,CANC.314.7,0.260419,CSAR.347.10,0.20969,CAGD.506.52,0.202331,CNIC.325.13,0.201499,CNIC.325.4,0.19483,CORA.441.14,0.181817,"John Cassian, Collationes 20.8 (ed. Petschenig, p. 561, line 9–p. 562, line 4)",0.181149,Capit.Martini.2,0.177896,CSAR.347.3,0.17669
444,Bod718.130r.3.txt,canon_unlabelled/Bod718.130r.3.txt,"John Cassian, Collationes 20.8 (ed. Petschenig, p. 561, line 9–p. 562, line 4)",0.355973,"Gennadius, Lib.eccl.dogm. 46 (ed. Turner, 98, lines 1–7; cf. recensio vulgata, c. 47 [PL
42, col. 1220])",0.29382,Stat.Eccl.Antiq. 20,0.251753,CSAR.347.8,0.250445,CHIP.393.33,0.248237,"Caesarius, Sermo 54.4 (ed. Morin, 238, lines 15–16)",0.223986,CTOL.589.3,0.223889,"Gregorius Magnus, Hom.in ev. 2.26 (ed. Étaix, 222, lines 116–19) Ps (G) 50:19",0.219066,CSAR.347.7,0.214198,CORA.441.10,0.213994
445,Bod718.130v.1.txt,canon_unlabelled/Bod718.130v.1.txt,CNIC.325.13,0.268897,"Gennadius, Lib.eccl.dogm. 46 (ed. Turner, 98, lines 1–7; cf. recensio vulgata, c. 47 [PL
42, col. 1220])",0.253501,Stat.Eccl.Antiq. 20,0.244752,"Ambrose, De spirit.sanct.3.6 (ed. Faller, 164–65, lines 12–22) Source (et ideo ... caritatis affectu)",0.226207,"John Cassian, Collationes 20.8 (ed. Petschenig, p. 561, line 9–p. 562, line 4)",0.217062,CTOL.636.8,0.203158,"Gennadius, Lib.eccl.dogm. 22 (ed. Turner, 94, lines 13–18; cf. recensio vulgata, c. 23
[PL 42, col. 1218])",0.195436,"Gregorius Magnus, Hom.in ev. 2.26 (ed. Étaix, 222, lines 116–19) Ps (G) 50:19",0.187545,CNIC.325.4,0.182943,CSAR.347.7,0.181059
446,Bod718.131r.1.txt,canon_unlabelled/Bod718.131r.1.txt,CNIC.325.13,0.698497,CARL.314.17,0.22416,CVAI.442.2,0.21893,Can.apost.10,0.207449,CANT.328.21,0.20427,Can.apost.17,0.185388,CGAN.355.7,0.182316,CANC.314.15,0.18004,Can.apost.9,0.161434,CORL.538.8,0.161304
447,Bod718.131r.2.txt,canon_unlabelled/Bod718.131r.2.txt,CORA.441.3,0.262538,CARL.314.6,0.254339,CNIC.325.13,0.224094,CTOL.598.12,0.195363,CORL.511.16,0.1942,CNIC.325.4,0.194049,CTOL.527.4,0.183625,CANC.314.5,0.180599,CNEO.315.2,0.175901,CMAC.581.12,0.173195
448,Bod718.131r.3.txt,canon_unlabelled/Bod718.131r.3.txt,CANC.314.7,0.34262,CHIP.393.30,0.325274,CHIP.393.34,0.18612,"Jerome, Advers.Iovin.libri II, 1.14 (PL 23, col. 233A) Source (igitur ... alio uiro) Jerome, Advers.Iovin.libri II, 1.14 (PL 23, col. 233B)",0.18296,CGAN.355.14,0.179387,Can.apost.14,0.165911,CHIP.393.39,0.160342,CNIC.325.4,0.160335,"Augustine, Sermo 392 (PL 39, col. 1710)",0.160014,CSAR.347.8,0.159135
449,Bod718.131r.4.txt,canon_unlabelled/Bod718.131r.4.txt,CSAR.347.10,0.255673,Stat.Eccl.Antiq. 20,0.223047,CNIC.325.8,0.19881,CTOL.598.12,0.194237,CANC.314.7,0.190697,CANT.328.24,0.174732,CSAR.347.8,0.174654,CTOL.636.9,0.17406,CAGD.506.52,0.168055,Can.apost.46,0.16093
450,Bod718.131v.1.txt,canon_unlabelled/Bod718.131v.1.txt,CNIC.325.13,0.287924,CAGD.506.35,0.246811,"(ed. MOMMSEN, as Gildas, Epist.deperd.fragm. 6, in Chronica minora, 88, lines 11–12; trans. WINTERBOTTOM,
Gildas, 82)",0.240431,CNEO.315.2,0.234999,CAGD.506.52,0.228013,CORA.441.3,0.194873,CORL.511.31,0.193172,CMAC.581.12,0.187765,CTOL.638.19,0.187152,CTOL.527.4,0.184622
451,Bod718.131v.2.txt,canon_unlabelled/Bod718.131v.2.txt,"John Cassian, Collationes 20.8 (ed. Petschenig, p. 561, line 9–p. 562, line 4)",0.336128,CTOL.636.8,0.314337,"Gennadius, Lib.eccl.dogm. 46 (ed. Turner, 98, lines 1–7; cf. recensio vulgata, c. 47 [PL
42, col. 1220])",0.267634,"(ed. MOMMSEN, as Gildas, Epist.deperd.fragm. 5, in Chronica minora, p. 87, line 36–p. 88, line 1; trans.
WINTERBOTTOM, Gildas, 82)",0.247062,CTOL.589.11,0.243233,"Hermas, Libell.sanct.past., mandatum 4.1.4–8 (eds de Gebhardt– Harnack–Zahn, 79, lines 1–19)",0.242899,CTOL.638.8,0.232036,CTOL.598.12,0.222277,CLAO.300.2,0.213825,CVAI.442.2,0.211353
452,Bod718.131v.3.txt,canon_unlabelled/Bod718.131v.3.txt,CHIP.393.30,0.654298,CORA.441.10,0.200002,CSAR.347.5,0.166644,CTOL.397.6,0.162894,CTOL.397.20,0.1627,CORA.441.3,0.158961,CARL.501?.13,0.150475,CHIP.393.24,0.146455,CNIC.325.11,0.145278,Capit.Martini.2,0.142975
453,Bod718.132r.1.txt,canon_unlabelled/Bod718.132r.1.txt,CVAI.442.2,0.394996,CTOL.527.4,0.232036,CARL.501?.12,0.212071,CVAI.442.4,0.210121,CNIC.325.13,0.208209,"Source unidentified, but cf. Augustine, In Iohannis euangelium tractatus, tract. 73.1 (ed. R. Willems,
CCSL 36 [Turnhout, 1954], 510, lines 23–4)",0.197039,CANC.314.15,0.19329,CTOL.397.19,0.189252,CORA.441.3,0.17337,CANC.314.7,0.161292
454,Bod718.132r.2.txt,canon_unlabelled/Bod718.132r.2.txt,CARL.314.16,0.189961,CTOL.655.17,0.188741,CAGD.506.52,0.179785,"Hermas, Libell.sanct.past., mandatum 4.1.4–8 (eds de Gebhardt– Harnack–Zahn, 79, lines 1–19)",0.171821,CANT.328.20,0.16461,CARL.501?.8,0.157434,CANC.314.7,0.157305,CVAI.442.6,0.155263,CNEO.315.14,0.153678,DSIR.384.255 cap 7,0.153459
455,Bod718.132r.3.txt,canon_unlabelled/Bod718.132r.3.txt,CANC.314.12,0.200655,CAGD.506.52,0.187661,CTOL.633.51,0.183835,Can.apost.30,0.179899,DSIR.384.255  cap. 11,0.179146,CTOL.589.13,0.172695,CTOL.397.7,0.164097,CAGD.506.38,0.161851,CHIP.393.36,0.159586,CANT.328.8,0.157201
456,Bod718.132r.4.txt,canon_unlabelled/Bod718.132r.4.txt,CHIP.393.30,0.293681,Can.apost.41,0.191651,"Gennadius, Lib.eccl.dogm. 46 (ed. Turner, 98, lines 1–7; cf. recensio vulgata, c. 47 [PL
42, col. 1220])",0.186634,"Gregorius Magnus, Hom.in ev. 2.26 (ed. Étaix, 222, lines 116–19) Ps (G) 50:19",0.186595,"Eusebius-Rufinus, HE 10.2 (eds Mommsen–Schwartz, II, 961, lines 10–19)",0.186131,"(ed. MOMMSEN, as Gildas, Epist.deperd.fragm. 5, in Chronica minora, 88, lines 1–2; trans. WINTERBOTTOM, Gildas,
82)",0.184397,CTOL.598.12,0.171415,CTOL.636.8,0.170912,CLYO.567.5,0.17054,CNIC.325.11,0.166876
457,Bod718.132r.5.txt,canon_unlabelled/Bod718.132r.5.txt,CANC.314.14,0.233769,CARL.501?.25,0.199345,CANC.314.19,0.17027,CHIP.393.1,0.169764,CARL.314.18,0.163081,CTOL.655.5,0.15932,CANC.314.20,0.147093,Can.apost.33,0.146578,CGAN.355.18,0.145837,CSAR.347.13,0.139519
458,Bod718.132v.1.txt,canon_unlabelled/Bod718.132v.1.txt,CLAO.300.2,0.268713,CTOL.598.12,0.230247,CTOL.589.12,0.214186,"John Cassian, Collationes 20.8 (ed. Petschenig, p. 561, line 9–p. 562, line 4)",0.209859,CTOL.636.1,0.207937,"Gregorius Magnus, Hom.in ev. 2.26 (ed. Étaix, 222, lines 116–19) Ps (G) 50:19",0.19057,CNEO.315.9,0.189784,CTOL.636.8,0.188822,"Gregorius Magnus, Reg.past. 3.28 (eds Rommel–Judic–Morel, 458–60, lines 32–41)",0.183551,CLYO.567.5,0.17455
459,Bod718.132v.2.txt,canon_unlabelled/Bod718.132v.2.txt,Stat.Eccl.Antiq. 20,0.190125,"Gregorius Magnus, Hom.in ev. 2.26 (ed. Étaix, 222, lines 116–19) Ps (G) 50:19",0.189526,CLYO.567.5,0.187444,Can.apost.41,0.176542,CARL.501?.22,0.165999,CGAN.355.8,0.160919,"(ed. MOMMSEN, as Gildas, Epist.deperd.fragm. 5, in Chronica minora, 88, lines 1–2; trans. WINTERBOTTOM, Gildas,
82)",0.160014,CEPA.517.3,0.159001,CNIC.325.6,0.14974,CTOL.655.5,0.146392
460,Bod718.132v.3.txt,canon_unlabelled/Bod718.132v.3.txt,CTOL.589.12,0.228971,CTOL.598.12,0.225281,CAGD.506.2,0.216814,CARL.501?.9,0.205244,CARL.501?.23,0.203027,CAGD.506.15,0.186385,CTOL.589.11,0.183047,CANC.314.15,0.171998,CNIC.325.11,0.170853,"John Cassian, De inst.coenob. 12.11 (ed. Petschenig, 213, lines 4–6)",0.162554
461,Bod718.132v.4.txt,canon_unlabelled/Bod718.132v.4.txt,CTOL.638.7,0.241152,CTOL.656.2,0.233713,CTOL.636.7,0.186921,CNIC.325.11,0.173243,CTOL.589.11,0.170715,Can.apost.2,0.157635,CTOL.636.1,0.157067,CORA.441.14,0.156583,CTUR.439.4,0.156013,CAUX.561.33,0.149809
462,Bod718.132v.5.txt,canon_unlabelled/Bod718.132v.5.txt,Unidentified,0.294678,"John Cassian, Collationes 20.8 (ed. Petschenig, p. 561, line 9–p. 562, line 4)",0.270266,"Gregorius Magnus, Hom.in ev. 2.33 (ed. Étaix, 297, lines 240–48)",0.239577,CSAR.347.9,0.223609,CANT.328.8,0.216903,"Gregory of Nazianzus- Rufinus, Apologeticus 115 (ed. Engelbrecht, 82, lines 11–12)",0.21518,"Jerome, De perpetua virginitate beatae Mariae, adversus Helvidium, c. 4 (in PL 23, cols
186C–87A)",0.212022,"Hermas, Libell.sanct.past., mandatum 4.1.4–8 (eds de Gebhardt– Harnack–Zahn, 79, lines 1–19)",0.209052,"Augustine, Serm.de vet.test. 9.20 (ed. Lambot, 146, line 694–96)",0.205326,CSAR.347.5,0.204162
463,Bod718.132v.6.txt,canon_unlabelled/Bod718.132v.6.txt,"Gregorius Magnus, Hom.in ev. 2.33 (ed. Étaix, 297, lines 240–48)",0.201973,CTOL.589.11,0.195945,"Eusebius-Rufinus, HE 10.2 (eds Mommsen–Schwartz, II, 961, lines 10–19)",0.194843,"Augustine, De serm.dom.in monte, 1.20.63 (ed. Mutzenbecher, 72, lines 1569–82)",0.193427,CTOL.598.12,0.185603,CANC.314.24,0.183781,"(ed. MOMMSEN, as Gildas, Epist.deperd.fragm. 3, in Chronica minora, 86, lines 21–4; trans. WINTERBOTTOM, Gildas, 80)",0.178852,"Hermas, Libell.sanct.past., mandatum 4.1.4–8 (eds de Gebhardt– Harnack–Zahn, 79, lines 1–19)",0.178782,CAGD.506.35,0.175542,CAGD.506.62,0.173928
464,Bod718.133r.1.txt,canon_unlabelled/Bod718.133r.1.txt,CTOL.633.64,0.228773,CLAO.300.29,0.199429,Can.apost.28,0.197389,CGAN.355.15,0.193558,CVAI.442.4,0.193128,CLAO.300.48,0.191685,CCHA.451.13,0.190128,Can.apost.11,0.187572,CTOL.633.15,0.184073,CLAO.300.12,0.181429
465,Bod718.133r.2.txt,canon_unlabelled/Bod718.133r.2.txt,CARL.501?.22,0.607203,CARL.501?.28,0.254514,CGAN.355.4,0.219126,CORL.511.17,0.199546,CTOL.589.8,0.193745,CANC.314.7,0.189052,CGAN.355.10,0.183706,CARL.501?.18,0.181286,CORA.441.21,0.157746,CARL.314.7,0.157556
466,Bod718.133r.3.txt,canon_unlabelled/Bod718.133r.3.txt,CARL.501?.14,0.242208,CNIC.325.17,0.222048,CCHA.451.9,0.219881,"Ambrose, De spirit.sanct.3.6 (ed. Faller, 164–65, lines 12–22) Source (et ideo ... caritatis affectu)",0.219723,CCHA.451.2,0.21878,CCHA.451.3,0.212951,Can.apost.44,0.204106,CSAR.347.10,0.196583,"Jerome, Comm.in IV ep.Paul., ad Tit. vers. 2:9–10 (PL 26, col. 585C–D)",0.18659,CCHA.451.21,0.18091
467,Bod718.133v.1.txt,canon_unlabelled/Bod718.133v.1.txt,CORL.538.32,0.374679,CNIC.325.12,0.300444,CARL.501?.25,0.278407,Can.apost.7,0.27746,Can.apost.31,0.274708,Can.apost.41,0.271983,CCHA.451.9,0.238208,CAGD.506.32,0.235479,CCHA.451.3,0.228983,"Augustine, Quaestiones evangeliorum 1.23 (ed. A. Mutzenbecher, CCSL 44B [Turnhout 1980],
20, lines 2–5)",0.216147
468,Bod718.133v.2.txt,canon_unlabelled/Bod718.133v.2.txt,CTOL.633.52,0.292369,CTOL.638.7,0.243656,CTOL.655.14,0.234944,CTOL.397.7,0.224349,"Gregorius Magnus, Reg.past. 3.28 (eds Rommel–Judic–Morel, 458–60, lines 32–41)",0.207916,CTOL.656.5,0.201942,"John Cassian, Collationes, 5.24 (ed. Petschenig, 148, lines 14–21)",0.199806,"Gregorius Magnus, Hom.in ev. 2.26 (ed. Étaix, 222, lines 116–19) Ps (G) 50:19",0.199547,"Jerome, Comm.in IV ep.Paul., ad Tit. vers. 3:1–2 (PL 26, col. 590D)",0.190466,"Eusebius-Rufinus, HE 10.5 (eds Mommsen–Schwartz, II, 963, line 21)",0.175783
469,Bod718.133v.3.txt,canon_unlabelled/Bod718.133v.3.txt,CARL.501?.25,0.609759,CEPA.517.3,0.338828,CTOL.527.4,0.298585,CNIC.325.12,0.28783,Can.apost.41,0.240795,CTOL.397.16,0.228657,CNIC.325.4,0.223382,CANC.314.7,0.218579,CTOL.633.73,0.212001,Can.apost.7,0.211962
470,Bod718.133v.4.txt,canon_unlabelled/Bod718.133v.4.txt,"(ed. MOMMSEN, as Gildas, Epist.deperd.fragm. 4, in Chronica minora, 87, lines 19–35; trans. WINTERBOTTOM, Gildas, 81)",0.252715,CTOL.598.12,0.21893,CTOL.638.4,0.218388,CANC.314.3,0.205579,Can.apost.29,0.201708,CORA.441.14,0.197134,CTOL.633.24,0.196642,CTOL.646.5,0.195997,CTOL.589.12,0.189064,"(ed. MOMMSEN, as Gildas, Epist.deperd.fragm. 3, in Chronica minora, 86, lines 17–21; trans. WINTERBOTTOM, Gildas, 80)",0.187836
471,Bod718.134r.1.txt,canon_unlabelled/Bod718.134r.1.txt,CNEO.315.1,0.720318,"Gregorius Magnus, Hom.in ev. 2.33 (ed. Étaix, 297, lines 240–48)",0.280402,"Ambrose, Exp.ev.sec.Luc. lib. 9, vers. 20:24 (ed. Adriaen, 343, line 326) Source (quęrit de ... alia mundi)",0.184623,CNIC.325.5,0.182534,CANC.314.19,0.181118,CAGD.506.35,0.165925,CANC.314.1,0.165134,RPWO.758.14,0.162767,Can.apost.8,0.160257,CANC.314.20,0.15869
472,Bod718.134r.2.txt,canon_unlabelled/Bod718.134r.2.txt,CNEO.315.10,0.789575,CLAO.300.20,0.238669,Can.apost.26,0.217451,Can.apost.2,0.203866,CTOL.527.1,0.197431,CAGD.506.39,0.194237,CTOL.655.13,0.190691,Can.apost.17,0.187988,CANC.314.4,0.186503,CTOL.646.2,0.183681
473,Bod718.134r.3.txt,canon_unlabelled/Bod718.134r.3.txt,CTOL.633.21,0.317561,DSIR.384.255 cap 7,0.247061,CTOL.397.15,0.240758,"Isidore, De eccl.offic. 2.20 (ed. Lawson, 91, lines 40–43)",0.230535,"(ed. MOMMSEN, as Gildas, Epist.deperd.fragm. 7, in Chronica minora, 88, lines 13–24; trans. WINTERBOTTOM,
Gildas, 82)",0.224003,CTOL.589.17,0.207225,"(ed. MOMMSEN, as Gildas, Epist.deperd.fragm. 1, in Chronica minora, 86, lines 1–10; trans. WINTERBOTTOM, Gildas, 80)",0.191069,"Caesarius, Sermo 43.1 (ed. Morin, 190, lines 21–25)",0.184398,CANC.314.12,0.183247,CANC.314.16,0.177976
474,Bod718.134v.1.txt,canon_unlabelled/Bod718.134v.1.txt,Capit.Martini.16,0.314787,DSIR.384.255 cap 7,0.297183,CTOL.589.21,0.248279,CTOL.633.65,0.246479,Can.apost.41,0.227894,CANC.314.7,0.216652,CLAO.300.58,0.216076,CAGD.506.62,0.211852,CANT.328.1,0.20401,CHIP.393.36,0.202479
475,Bod718.134v.2.txt,canon_unlabelled/Bod718.134v.2.txt,CLAO.300.58,0.287549,Capit.Martini.16,0.24952,CCHA.451.26,0.218867,CNEO.315.4,0.210525,CORA.441.14,0.210268,CANC.314.12,0.209037,CARL.501?.1,0.206943,CTOL.633.20,0.201922,DSIR.384.255 cap 7,0.201158,Can.apost.2,0.200901
476,Bod718.134v.3.txt,canon_unlabelled/Bod718.134v.3.txt,CANC.314.13,0.2519,CORA.441.14,0.211621,CORA.441.13,0.183841,CARL.314.3,0.17894,CVAI.442.7,0.177894,CGAN.355.13,0.175456,Can.apost.7,0.172187,CANT.328.25,0.171324,CGAN.355.4,0.17003,CTOL.633.43,0.167649
477,Bod718.134v.4.txt,canon_unlabelled/Bod718.134v.4.txt,CNEO.315.9,0.583487,CANC.314.3,0.174246,CANT.328.9,0.172392,CORL.538.36,0.167066,CNIC.325.9,0.166154,CTOL.633.31,0.163821,CTUR.439.4,0.153913,CSAR.347.13,0.151905,CLAO.300.13,0.150235,CVAI.442.8,0.144825
478,Bod718.135r.1.txt,canon_unlabelled/Bod718.135r.1.txt,Can.apost.25,0.467937,CAGD.506.5,0.288454,"Jerome, Comm.in IV ep.Paul., ad Tit. vers. 2:9–10 (PL 26, col. 585C–D)",0.254497,CVAI.442.4,0.251339,Can.apost.40,0.200505,CANT.328.7,0.180531,Capit.Martini.14,0.177172,CORL.541.29,0.175757,CTOL.633.65,0.172761,CLAO.300.58,0.172569
479,Bod718.135r.2.txt,canon_unlabelled/Bod718.135r.2.txt,CLAO.300.58,0.188683,CHIP.393.8,0.185222,CVER.755.5,0.168647,CMEA.845.60,0.156936,CAGD.506.5,0.154319,CTOL.589.3,0.154051,CAGD.506.62,0.145539,CHIP.393.20,0.143568,CANC.314.12,0.139362,CORL.511.2,0.138994
480,Bod718.135r.3.txt,canon_unlabelled/Bod718.135r.3.txt,CTOL.656.4,0.313301,CTOL.646.1,0.244197,"Caesarius, Sermo 43.3 (ed. Morin, 191, lines 13–19)",0.233928,Can.apost.29,0.206966,CTOL.633.2,0.195552,CTOL.646.5,0.19378,CTOL.646.2,0.185717,CTOL.633.42,0.176534,"Gennadius, Lib.eccl.dogm. 22 (ed. Turner, 94, lines 13–18; cf. recensio vulgata, c. 23
[PL 42, col. 1218])",0.166528,CTOL.633.64,0.166075
481,Bod718.135r.4.txt,canon_unlabelled/Bod718.135r.4.txt,CNIC.325.3,0.361924,CANC.314.12,0.219967,CLAO.300.58,0.202048,CTOL.633.65,0.188957,CCHA.451.3,0.178812,CSAR.347.21,0.169984,CAUX.561.35,0.169754,CNEO.315.3,0.166991,CSAR.347.6,0.166267,Capit.Martini.16,0.164395
482,Bod718.135v.1.txt,canon_unlabelled/Bod718.135v.1.txt,CTOL.633.17,0.249717,RPCO.757.6,0.223729,CTOL.589.0 Conc. Toletana III; anno 589; PL 84 col. 384-386; combined canons?,0.21787,CTOL.589.10,0.201348,CHIP.393.3,0.196506,CNEO.315.14,0.182279,CTOL.589.2,0.17968,CTOL.589.19,0.174082,RPWO.758.5,0.172584,CARL.501?.18,0.171701
483,Bod718.135v.2.txt,canon_unlabelled/Bod718.135v.2.txt,"John Cassian, Collationes 20.8 (ed. Petschenig, p. 561, line 9–p. 562, line 4)",0.214341,Unidentified,0.208025,RPWO.758.12,0.206304,"Gregory of Nazianzus- Rufinus, Apologeticus 115 (ed. Engelbrecht, 82, lines 11–12)",0.199314,"Gregorius Magnus, Hom.in ev. 2.39 (ed. Étaix, 382, lines 66–7)",0.197052,CTUR.439.6,0.195107,CHIP.393.16,0.193261,CCLE.535.12,0.192392,"Hermas, Libell.sanct.past., mandatum 4.1.4–8 (eds de Gebhardt– Harnack–Zahn, 79, lines 1–19)",0.191642,CANC.314.24,0.18926
484,Bod718.135v.3.txt,canon_unlabelled/Bod718.135v.3.txt,CNEO.315.2,0.333552,"Jerome, Advers.Iovin.libri II, 1.14 (PL 23, col. 233A) Source (igitur ... alio uiro) Jerome, Advers.Iovin.libri II, 1.14 (PL 23, col. 233B)",0.256501,"Isidore, De eccl.offic. 2.20 (ed. Lawson, 91, lines 40–43)",0.240982,CANC.314.9,0.226857,CANT.328.24,0.225684,CANC.314.13,0.224131,CTOL.589.10,0.220451,Can.apost.10,0.218808,Can.apost.41,0.216175,CNEO.315.7,0.197923
485,Bod718.135v.4.txt,canon_unlabelled/Bod718.135v.4.txt,CNEO.315.2,0.241604,CTOL.527.1,0.23539,CANC.314.9,0.230581,CANC.314.18,0.227318,CORL.549.19,0.222294,CTOL.633.56,0.200164,CNIC.325.19,0.195703,CAUX.561.33,0.188067,CNIC.325.12,0.186057,Can.apost.34,0.176895
486,Bod718.136r.1.txt,canon_unlabelled/Bod718.136r.1.txt,Can.apost.41,0.257389,CTOL.655.1,0.254515,CNIC.325.4,0.198555,Can.apost.3,0.196217,CEPA.517.30,0.184656,CMEA.845.60,0.179329,CNEO.315.2,0.174689,CANT.328.9,0.173026,CANT.328.11,0.160494,CHIP.393.24,0.158054
487,Bod718.136r.2.txt,canon_unlabelled/Bod718.136r.2.txt,Can.apost.41,0.311187,CTOL.527.4,0.264309,CTOL.655.1,0.240453,Can.apost.40,0.23438,CTOL.633.56,0.222245,Can.apost.3,0.211026,Can.apost.35,0.210217,CANT.328.1,0.209011,Can.apost.39,0.197091,CTOL.589.3,0.193899
488,Bod718.136r.3.txt,canon_unlabelled/Bod718.136r.3.txt,CTOL.527.4,0.265839,CORL.549.19,0.244219,Can.apost.5,0.210925,CNEO.315.2,0.210188,Can.apost.8,0.205976,CTOL.633.56,0.196717,CTOL.633.52,0.195556,Can.apost.7,0.191244,CANC.314.7,0.190491,CNIC.325.12,0.190029
489,Bod718.136v.1.txt,canon_unlabelled/Bod718.136v.1.txt,CHIP.393.24,0.752672,CANC.314.3,0.19775,Can.apost.40,0.197043,CNIC.325.4,0.189698,"Jerome, Advers.Iovin.libri II, 1.14 (PL 23, col. 233A) Source (igitur ... alio uiro) Jerome, Advers.Iovin.libri II, 1.14 (PL 23, col. 233B)",0.188995,CGAN.355.9,0.184686,CTOL.633.56,0.180591,CTOL.589.10,0.178314,CTOL.397.1,0.171187,CHIP.393.34,0.164063
490,Bod718.136v.2.txt,canon_unlabelled/Bod718.136v.2.txt,CANC.314.19,0.440449,CNIC.325.7,0.174781,CAUX.561.20,0.149614,CLAO.300.6,0.148951,CTOL.598.12,0.140081,CAUX.561.26,0.138976,Can.apost.7,0.136721,CTOL.655.14,0.136067,CNIC.325.6,0.135652,Can.apost.8,0.133715
491,Bod718.136v.3.txt,canon_unlabelled/Bod718.136v.3.txt,CANC.314.16,0.228879,RPWO.758.5,0.225653,CCHA.451.25,0.223037,CAGD.506.62,0.222611,CNIC.325.5,0.194947,CARL.314.18,0.187142,"John Cassian, De inst.coenob. 12.11 (ed. Petschenig, 213, lines 4–6)",0.184294,CORL.511.1,0.177381,RPWO.758.10,0.176975,"Isidore, De eccl.offic. 2.20 (ed. Lawson, 91, lines 40–43)",0.174773
492,Bod718.137r.1.txt,canon_unlabelled/Bod718.137r.1.txt,CTOL.397.19,0.303213,CARL.501?.22,0.225593,CARL.314.22,0.221492,CNEO.315.13,0.213875,CARL.501?.10,0.20089,Capit.Martini.16,0.176824,RPCO.757.6,0.176491,CARL.314.17,0.170724,RPCO.757.8,0.165761,CANC.314.15,0.164034
493,Bod718.137r.2.txt,canon_unlabelled/Bod718.137r.2.txt,"Jerome, Comm.in Mat.libri IV, lib. 3, vers. 19:9 (eds Hurst–Adriaen, 167, lines 761–80)",0.180958,CAUX.561.11,0.17911,CTOL.638.17,0.177389,CTOL.655.17,0.176895,CLAO.300.53,0.172719,CAGD.506.31,0.167646,CVAI.442.5,0.164163,CTOL.636.2,0.160473,RPWO.758.10,0.159949,Can.apost.28,0.157415
494,Bod718.137r.3.txt,canon_unlabelled/Bod718.137r.3.txt,CEPA.517.29,0.225646,CTOL.589.11,0.213507,CTOL.589.12,0.213475,CNIC.325.11,0.199362,RPCO.757.8,0.197182,CNEO.315.11,0.19476,CLAO.300.58,0.189043,CAGD.506.8,0.18385,CNEO.315.12,0.18189,CTOL.638.8,0.179262
495,Bod718.137r.4.txt,canon_unlabelled/Bod718.137r.4.txt,CLAO.300.29,0.213288,CLAO.300.58,0.203309,CTOL.633.61,0.189847,CLAO.300.12,0.186603,CTOL.633.75,0.148638,Can.apost.46,0.147817,CTOL.633.64,0.142109,CORL.511.31,0.139216,"Source unidentified, but cf. Ambrosiaster, Comm.in Pauli epist., ad Rom. (recensio gamma), vers. 7:24–5 (ed. Vogels, I, 245, lines 19–21)",0.138766,CTOL.633.58,0.135725
496,Bod718.137r.5.txt,canon_unlabelled/Bod718.137r.5.txt,"Augustine, Sermo 392 (PL 39, col. 1710)",0.35915,"Hermas, Libell.sanct.past., mandatum 4.1.4–8 (eds de Gebhardt– Harnack–Zahn, 79, lines 1–19)",0.24113,RPCO.757.5,0.224174,"Jerome, Advers.Iovin.libri II, 1.14 (PL 23, col. 233A) Source (igitur ... alio uiro) Jerome, Advers.Iovin.libri II, 1.14 (PL 23, col. 233B)",0.200111,RPWO.758.10,0.19821,CANT.328.12,0.190944,"Jerome, Comm.in Mat.libri IV, lib. 3, vers. 19:9 (eds Hurst–Adriaen, 167, lines 761–80)",0.190103,"Isidore, De eccl.offic. 2.20 (ed. Lawson, 91, lines 40–43)",0.179884,CNIC.325.20,0.17646,CAGD.506.52,0.176223
497,Bod718.137v.1.txt,canon_unlabelled/Bod718.137v.1.txt,"Jerome, Comm.in Mat.libri IV, lib. 3, vers. 19:9 (eds Hurst–Adriaen, 167, lines 761–80)",0.857427,"Augustine, Sermo 392 (PL 39, col. 1710)",0.349163,"Jerome, Comm.in IV ep.Paul., ad Tit. vers. 2:9–10 (PL 26, col. 585C–D)",0.330722,"Gregorius Magnus, Hom.in ev. 2.33 (ed. Étaix, 297, lines 240–48)",0.29325,"Isidore, De eccl.offic. 2.20 (ed. Lawson, 91, lines 40–43)",0.27092,CTOL.589.17,0.252679,"Hermas, Libell.sanct.past., mandatum 4.1.4–8 (eds de Gebhardt– Harnack–Zahn, 79, lines 1–19)",0.249136,CSAR.347.17,0.240224,CAGD.506.31,0.225731,CANT.328.20,0.220688
498,Bod718.138r.1.txt,canon_unlabelled/Bod718.138r.1.txt,CVER.755.5,0.223389,CNIC.325.20,0.219221,"Augustine, Sermo 392 (PL 39, col. 1710)",0.207025,CTOL.589.18,0.202211,CAGD.506.35,0.193862,RPWO.758.21,0.180054,CTOL.589.12,0.178301,CARL.314.22,0.170766,Can.apost.48,0.159198,CSAR.347.3,0.154697
499,Bod718.138r.2.txt,canon_unlabelled/Bod718.138r.2.txt,RPWO.758.21,0.388141,"Jerome, Comm.in Mat.libri IV, lib. 3, vers. 19:9 (eds Hurst–Adriaen, 167, lines 761–80)",0.303638,RPWO.758.8,0.290179,Can.apost.48,0.289199,RPWO.758.20,0.246405,CNEO.315.1,0.238844,CORL.511.26,0.211271,Can.apost.15,0.191691,CAUX.561.10,0.1886,"Augustine, Sermo 392 (PL 39, col. 1710)",0.184454
500,Bod718.138r.3.txt,canon_unlabelled/Bod718.138r.3.txt,Can.apost.48,0.217502,CGAN.355.13,0.191516,CTOL.655.14,0.173377,RPWO.758.21,0.167232,CHIP.393.31,0.164469,Can.apost.26,0.164157,CTOL.633.69,0.160169,CCHA.451.27,0.159707,RPCO.757.4,0.158217,CARL.314.21,0.156589
501,Bod718.138r.4.txt,canon_unlabelled/Bod718.138r.4.txt,RPWO.758.8,0.217853,CNIC.325.13,0.215365,RPWO.758.9,0.210655,RPCO.757.6,0.199957,RPWO.758.21,0.186256,CAGD.506.46,0.170159,CLAO.300.58,0.164671,CANT.328.5,0.161407,CANT.328.21,0.151383,RPCO.757.9,0.146258
502,Bod718.138r.5.txt,canon_unlabelled/Bod718.138r.5.txt,CARL.501?.11,0.200434,CORL.541.29,0.19937,CSAR.347.17,0.191542,CANC.314.7,0.188837,CORA.441.14,0.187869,CTOL.638.11,0.182206,CNIC.325.11,0.175227,CORL.541.6,0.173715,CAGD.506.62,0.173431,CSAR.347.10,0.171952
503,Bod718.138v.1.txt,canon_unlabelled/Bod718.138v.1.txt,CTOL.527.5,0.711473,CTOL.646.2,0.312759,CAGD.506.61,0.297303,CORL.511.18,0.25071,CTOL.527.3,0.240045,CTOL.638.17,0.233499,CTOL.656.3,0.218169,CEPA.517.30,0.217991,CTOL.633.21,0.217815,CVAI.442.2,0.215186
504,Bod718.138v.2.txt,canon_unlabelled/Bod718.138v.2.txt,CNEO.315.2,0.74527,CNIC.325.4,0.237457,CAGD.506.63,0.207003,CNEO.315.7,0.201832,Can.apost.34,0.199638,Can.apost.10,0.198725,CCHA.451.25,0.196442,CSAR.347.9,0.190687,"Caesarius, Sermo 43.5 (ed. Morin, 192, lines 17–23)",0.183699,CNIC.325.13,0.181937
505,Bod718.139r.1.txt,canon_unlabelled/Bod718.139r.1.txt,CNIC.325.14,0.286823,CTOL.633.62,0.240516,CORA.441.17,0.192132,CTOL.589.13,0.188812,CNEO.315.5,0.187094,CHIP.393.9,0.181879,CANC.314.16,0.181251,DSIR.384.255  cap. 14,0.175466,CAUX.561.8,0.174605,CAGD.506.39,0.171169
506,Bod718.139r.2.txt,canon_unlabelled/Bod718.139r.2.txt,CGAN.355.7,0.264801,CAGD.506.61,0.262929,CGAN.355.4,0.245075,CGAN.355.11,0.232196,CGAN.355.15,0.231082,CGAN.355.10,0.229099,CGAN.355.8,0.223324,CTOL.589.0 Conc. Toletana III; anno 589; PL 84 col. 384-386; combined canons?,0.21948,CGAN.355.2,0.213262,CGAN.355.18,0.211249
507,Bod718.139v.1.txt,canon_unlabelled/Bod718.139v.1.txt,CTOL.397.17,0.769906,RPWO.758.7,0.245745,Can.apost.6,0.23234,CTOL.397.16,0.209505,CANC.314.13,0.179472,CNIC.325.6,0.15936,CANT.328.24,0.156684,CAUX.561.42,0.15555,CANT.328.19,0.152577,CTOU.567.16 (15),0.15174
508,Bod718.139v.2.txt,canon_unlabelled/Bod718.139v.2.txt,CORL.511.2,0.346223,CTOL.589.17,0.287849,CANC.314.3,0.275235,CSAR.347.8,0.260308,"Caesarius, Sermo 43.5 (ed. Morin, 192, lines 2–7)",0.257658,CCHA.451.27,0.249271,CNIC.325.15,0.22847,CMAC.585.12,0.217332,CAGD.506.61,0.216486,CSAR.347.1,0.214093
509,Bod718.139v.3.txt,canon_unlabelled/Bod718.139v.3.txt,CCHA.451.27,0.770659,CORL.511.2,0.381314,CTOL.589.0 Conc. Toletana III; anno 589; PL 84 col. 384-386; combined canons?,0.281412,CCHA.451.7,0.256458,CANC.314.10,0.237039,"CTOL.653.13  (excerpta canonum cap. 13)  Martinez Diez, vol. 5, pp. 475-476; text modified in W",0.219614,CCHA.451.21,0.213575,Can.apost.12,0.209812,CCHA.451.10,0.20306,CNIC.325.5,0.196739
510,Bod718.139v.4.txt,canon_unlabelled/Bod718.139v.4.txt,CANC.314.10,0.771534,CORL.511.2,0.291999,CANC.314.24,0.228294,CCHA.451.27,0.214676,CLAO.300.26,0.196716,CLAO.300.58,0.179933,CANT.328.15,0.175323,CARL.314.22,0.168654,CAGD.506.4,0.162535,CORL.549.19,0.161212
511,Bod718.139v.5.txt,canon_unlabelled/Bod718.139v.5.txt,CTOL.527.5,0.194345,CANC.314.24,0.192828,CGAN.355.17,0.184176,Can.apost.28,0.180775,CNEO.315.2,0.17227,"Caesarius, Sermo 43.5 (ed. Morin, 192, lines 17–23)",0.170627,CAUX.561.36,0.163468,CANC.314.10,0.1617,"Jerome, Comm.in Mat.libri IV, lib. 3, vers. 19:9 (eds Hurst–Adriaen, 167, lines 761–80)",0.151566,CARL.314.6,0.148161
512,Bod718.140r.1.txt,canon_unlabelled/Bod718.140r.1.txt,CTOL.397.5,0.268192,CTOL.397.15,0.213864,CHIP.393.29,0.198231,"Ambrose, Exp.ev.sec.Luc. lib. 9, vers. 20:24 (ed. Adriaen, 343, line 326) Source (quęrit de ... alia mundi)",0.189347,"(ed. MOMMSEN, as Gildas, Epist.deperd.fragm. 6, in Chronica minora, 88, lines 11–12; trans. WINTERBOTTOM,
Gildas, 82)",0.175538,CANC.314.19,0.169656,CAGD.506.8,0.165183,CNEO.315.7,0.163572,Can.apost.12,0.161378,CAGD.506.39,0.156284
513,Bod718.140r.2.txt,canon_unlabelled/Bod718.140r.2.txt,CHIP.393.24,0.542239,CTOL.589.10,0.207255,CTOL.633.56,0.191513,CTOL.397.9,0.190232,CGAN.355.9,0.189596,"Jerome, Advers.Iovin.libri II, 1.14 (PL 23, col. 233A) Source (igitur ... alio uiro) Jerome, Advers.Iovin.libri II, 1.14 (PL 23, col. 233B)",0.18229,CORA.441.27,0.177262,CHIP.393.20,0.171529,CTOL.397.1,0.164763,CTOL.633.44,0.162552
514,Bod718.140r.3.txt,canon_unlabelled/Bod718.140r.3.txt,CCHA.451.7,0.801956,CCHA.451.27,0.295908,CTOL.633.50,0.246193,CCHA.451.5,0.224062,CNIC.325.12,0.182913,CNIC.325.8,0.180006,"(ed. MOMMSEN, as Gildas, Epist.deperd.fragm. 3, in Chronica minora, 86, lines 21–4; trans. WINTERBOTTOM, Gildas, 80)",0.170604,CANC.314.1,0.170603,CCHA.451.2,0.169333,CCHA.451.13,0.168085
515,Bod718.140r.4.txt,canon_unlabelled/Bod718.140r.4.txt,CCHA.451.16,0.779251,CTOL.589.19,0.215441,CCHA.451.27,0.192857,CCHA.451.1,0.184967,CTOL.655.6,0.172212,Capit.Martini.16,0.168155,CTOL.633.50,0.165841,CANC.314.18,0.161353,CANC.314.7,0.158888,CANC.314.1,0.158024
516,Bod718.140v.1.txt,canon_unlabelled/Bod718.140v.1.txt,CORA.441.21,0.281782,CARL.501?.22,0.252475,CNIC.325.8,0.247415,CORL.549.19,0.246566,CGAN.355.4,0.231776,"Source unidentified, but cf. Augustine, In Iohannis euangelium tractatus, tract. 73.1 (ed. R. Willems,
CCSL 36 [Turnhout, 1954], 510, lines 23–4)",0.207919,"Augustine, Sermo 392 (PL 39, col. 1710)",0.200158,"Isidore, De eccl.offic. 2.20 (ed. Lawson, 91, lines 40–43)",0.197697,CVER.755.11,0.19453,"Jerome, Advers.Iovin.libri II, 1.14 (PL 23, col. 233A) Source (igitur ... alio uiro) Jerome, Advers.Iovin.libri II, 1.14 (PL 23, col. 233B)",0.192289
517,Bod718.140v.2.txt,canon_unlabelled/Bod718.140v.2.txt,CANC.314.15,0.79125,CANC.314.16,0.415272,CANC.314.8,0.31151,CNIC.325.11,0.251141,CANC.314.4,0.234834,CANC.314.5,0.213799,Can.apost.7,0.200897,CNIC.325.5,0.193679,Can.apost.34,0.188376,CHIP.393.18,0.18502
518,Bod718.141r.1.txt,canon_unlabelled/Bod718.141r.1.txt,CANC.314.16,0.542569,CLAO.300.58,0.216095,Can.apost.28,0.181981,CHIP.393.12,0.181325,Unidenfied,0.181152,CNIC.325.6,0.180449,CTOL.397.7,0.174982,CORL.511.1,0.172375,CANC.314.15,0.169946,CORL.541.29,0.169325
519,Bod718.141r.2.txt,canon_unlabelled/Bod718.141r.2.txt,"Gratian, D. 5 de cons. c. 19",0.335304,CAGD.506.38,0.320634,CTOL.633.24,0.309123,CTOL.633.4,0.289864,CHIP.393.8,0.27883,CAGD.506.39,0.274778,CVAI.442.7,0.266652,"Ambrose, De spirit.sanct.3.6 (ed. Faller, 164–65, lines 12–22) Source (et ideo ... caritatis affectu)",0.253669,CANC.314.3,0.244482,CANC.314.15,0.234655
520,Bod718.141v.1.txt,canon_unlabelled/Bod718.141v.1.txt,CNIC.325.9,0.24178,CTOL.646.5,0.185129,CHIP.393.30,0.184784,"Ambrose, De spirit.sanct.3.6 (ed. Faller, 164–65, lines 12–22) Source (et ideo ... caritatis affectu)",0.184006,Can.apost.34,0.174459,"(ed. MOMMSEN, as Gildas, Epist.deperd.fragm. 4, in Chronica minora, 87, lines 19–35; trans. WINTERBOTTOM, Gildas, 81)",0.16739,CLAO.300.20,0.166789,CAUX.561.20,0.162545,CTOL.656.4,0.159581,"Jerome, Comm.in Mat.libri IV, lib. 1, vers. 6:2 (eds Hurst–Adriaen, 35, lines 723–24)",0.158756
521,Bod718.141v.2.txt,canon_unlabelled/Bod718.141v.2.txt,CTOL.633.24,0.203901,CTOL.633.32,0.198197,CTOL.638.13,0.191915,CVAI.442.7,0.188959,CTOL.527.2,0.187745,"(ed. MOMMSEN, as Gildas, Epist.deperd.fragm. 7, in Chronica minora, 88, lines 13–24; trans. WINTERBOTTOM,
Gildas, 82)",0.187444,CNEO.315.,0.17734,CTOL.638.12,0.174909,CNEO.315.11,0.168283,CNEO.315.12,0.164233
522,Bod718.141v.3.txt,canon_unlabelled/Bod718.141v.3.txt,"Gregorius Magnus, Hom.in ev. 2.33 (ed. Étaix, 297, lines 240–48)",0.211688,CANC.314.15,0.194136,"Gregorius Nazianzus-Rufinus, Apologeticus 72 (ed. Engelbrecht, 56, lines 20–3",0.18986,CAUX.561.40,0.180308,RPCO.757.7,0.173266,CORL.511.22,0.171073,CAGD.506.5,0.166796,Can.apost.32,0.165881,Can.apost.25,0.162085,CAGD.506.31,0.154777
523,Bod718.141v.4.txt,canon_unlabelled/Bod718.141v.4.txt,CTOL.633.20,0.241341,CLAO.300.42,0.238458,CTOL.633.42,0.214256,"CMEA.845.0 ""Canon extravagans 2"", Conc. Meaux, a. 845; unique to this ms, apud MGH Conc. III p. 129",0.198909,CTOL.633.17,0.185977,CTOL.636.3,0.179292,CTOL.589.1,0.17503,CAGD.506.37,0.17131,CORA.441.11,0.17101,CARL.314.18,0.168066
524,Bod718.142r.1.txt,canon_unlabelled/Bod718.142r.1.txt,CANC.314.21,0.700796,CANC.314.22,0.297309,"cf. Jerome, Epistola 22, ad Eustochium (ed. Hilberg, I, 160, line 3)",0.255444,CTOL.633.70,0.253062,CTOL.655.13,0.252239,CTOL.655.15,0.208322,CTOL.633.72,0.203883,CTOL.633.74,0.196062,CTOL.589.6,0.194935,CORL.511.15,0.18155
525,Bod718.142r.2.txt,canon_unlabelled/Bod718.142r.2.txt,CANC.314.22,0.700038,CANC.314.21,0.256767,CTOL.638.14,0.226102,CTOL.636.6,0.199425,CTOL.638.16,0.198838,Can.apost.43,0.175349,CARL.501?.5,0.171425,CTOL.655.13,0.15628,CTOL.655.17,0.154211,CTOL.633.50,0.153306
526,Bod718.142r.3.txt,canon_unlabelled/Bod718.142r.3.txt,CANC.314.21,0.253252,CAGD.506.37,0.252571,Can.apost.42,0.210437,CANC.314.7,0.207827,"cf. Jerome, Epistola 22, ad Eustochium (ed. Hilberg, I, 160, line 3)",0.181847,CANC.314.22,0.17932,CAGD.506.50 (addit.),0.17306,CORL.541.6,0.169917,CNIC.325.11,0.159259,CAUX.561.40,0.153039
527,Bod718.142r.4.txt,canon_unlabelled/Bod718.142r.4.txt,CANC.314.21,0.358506,CANC.314.22,0.302412,"cf. Jerome, Epistola 22, ad Eustochium (ed. Hilberg, I, 160, line 3)",0.275868,CAGD.506.37,0.244752,Can.apost.42,0.21418,CAGD.506.5,0.197835,RPWO.758.5,0.189817,Can.apost.44,0.187508,CTOL.638.12,0.182866,Can.apost.24,0.177903
528,Bod718.142r.5.txt,canon_unlabelled/Bod718.142r.5.txt,Can.apost.42,0.209434,CHIP.393.1,0.195973,CORA.441.14,0.190083,Can.apost.41,0.185344,CANC.314.7,0.174577,Can.apost.37,0.169961,CORL.511.16,0.166206,CANC.314.15,0.164616,CAGD.506.45,0.160417,Can.apost.44,0.158455
529,Bod718.142r.6.txt,canon_unlabelled/Bod718.142r.6.txt,CANC.314.20,0.701491,CANT.328.13,0.168701,CARL.314.5,0.168625,CARL.314.15,0.155834,"John Cassian, Collationes, 5.24 (ed. Petschenig, 148, lines 14–21)",0.15221,CANC.314.23,0.149915,CNIC.325.3,0.149107,CNEO.315.5,0.147649,CTOL.633.2,0.146849,CANC.314.10,0.141245
530,Bod718.142v.1.txt,canon_unlabelled/Bod718.142v.1.txt,CAGD.506.62,0.251674,CARL.501?.11,0.238167,"Augustine, De serm.dom.in monte, 1.20.63 (ed. Mutzenbecher, 72, lines 1569–82)",0.201322,"Ambrose, De spirit.sanct.3.6 (ed. Faller, 164–65, lines 12–22) Source (et ideo ... caritatis affectu)",0.192993,RPWO.758.7,0.189807,CARL.501?.10,0.188159,CTOL.633.24,0.179667,CORA.441.14,0.175694,Can.apost.8,0.174828,CORA.441.6,0.161494
531,Bod718.142v.2.txt,canon_unlabelled/Bod718.142v.2.txt,CMAC.581.7,0.262741,CANC.314.23,0.218608,CARL.501?.7,0.179526,CAUX.561.8,0.176754,CNEO.315.4,0.176553,CANC.314.22,0.172852,"Caesarius, Sermo 43.5 (ed. Morin, 192, lines 2–7)",0.163252,CNEO.315.3,0.158824,CANC.314.16,0.158141,Can.apost.3,0.154996
532,Bod718.142v.3.txt,canon_unlabelled/Bod718.142v.3.txt,"Caesarius, Sermo 54.4 (ed. Morin, 238, lines 15–16)",0.270065,CARL.314.18,0.204295,RPCO.757.9,0.198683,CLAO.300.47,0.190334,CGAN.355.6,0.186717,CSAR.347.8,0.181086,RPWO.758.5,0.179173,CTOL.633.75,0.177856,RPWO.758.8,0.176169,RPCO.757.7,0.174944
533,Bod718.142v.4.txt,canon_unlabelled/Bod718.142v.4.txt,CANC.314.3,0.196462,Can.apost.25,0.189502,CANC.314.7,0.184927,CGAN.355.20,0.183182,CLAO.300.58,0.179981,"Augustine, De serm.dom.in monte, 1.20.63 (ed. Mutzenbecher, 72, lines 1569–82)",0.176461,CANC.314.17,0.171434,Can.apost.12,0.168162,"Caesarius, Sermo 43.5 (ed. Morin, 192, lines 2–7)",0.167386,CAUX.561.8,0.166616
534,Bod718.143r.1.txt,canon_unlabelled/Bod718.143r.1.txt,CAGD.506.37,0.797053,CARL.501?.25,0.296466,CTOL.638.11,0.270117,CCHA.451.21,0.233797,CVAI.442.7,0.219726,CARL.501?.24,0.216848,"cf. Jerome, Epistola 22, ad Eustochium (ed. Hilberg, I, 160, line 3)",0.210848,CORL.511.1,0.205407,CHIP.393.20,0.204385,CANT.328.15,0.188117
535,Bod718.143r.2.txt,canon_unlabelled/Bod718.143r.2.txt,CAGD.506.62,0.588293,CARL.314.18,0.210557,"(ed. MOMMSEN, as Gildas, Epist.deperd.fragm. 5, in Chronica minora, 88, lines 1–2; trans. WINTERBOTTOM, Gildas,
82)",0.200425,CGAN.355.3,0.192308,CTOL.633.68,0.190448,CTOL.397.9,0.19033,CORL.511.1,0.169056,CORL.511.2,0.166781,CORA.441.10,0.165032,CAGD.506.56,0.164365
536,Bod718.143r.3.txt,canon_unlabelled/Bod718.143r.3.txt,CGAN.355.3,0.252484,Can.apost.20,0.236925,Can.apost.6,0.208645,RPWO.758.5,0.186309,CGAN.355.15,0.183146,"Eusebius-Rufinus, HE 10.2 (eds Mommsen–Schwartz, II, 961, lines 10–19)",0.173086,"Gregorius Nazianzus-Rufinus, Apologeticus 72 (ed. Engelbrecht, 56, lines 20–3",0.172153,CLAO.300.51,0.157886,CAGD.506.62,0.156445,CANC.314.7,0.154002
537,Bod718.143r.4.txt,canon_unlabelled/Bod718.143r.4.txt,CTOL.633.24,0.253417,Can.apost.42,0.25261,CAUX.561.17,0.228917,CTOL.633.29,0.227087,CARL.314.7,0.214782,CANC.314.23,0.203421,CARL.501?.10,0.192377,CORL.541.6,0.181295,CANC.314.22,0.175856,RPWO.758.5,0.172804
538,Bod718.143r.5.txt,canon_unlabelled/Bod718.143r.5.txt,RPCO.757.6,0.247045,CAGD.506.62,0.228094,"Augustine, Serm.de vet.test. 9.20 (ed. Lambot, 146, line 694–96)",0.227011,Can.apost.23,0.20674,CARL.314.1,0.202694,RPWO.758.17,0.200299,CAGD.506.12,0.191731,Can.apost.8,0.190194,CTOL.633.14,0.189764,CORL.511.31,0.187373
539,Bod718.143r.6.txt,canon_unlabelled/Bod718.143r.6.txt,CNIC.325.11,0.233378,DSIR.384.255  cap. 11,0.197362,CANC.314.7,0.195495,"Gregorius Nazianzus-Rufinus, Apologeticus 72 (ed. Engelbrecht, 56, lines 20–3",0.169228,CTOL.598.12,0.149268,CTOL.633.24,0.146343,Can.apost.7,0.146311,Can.apost.38,0.14607,Can.apost.41,0.145099,CORL.541.29,0.140966
540,Bod718.143r.7.txt,canon_unlabelled/Bod718.143r.7.txt,CANC.314.7,0.198741,RPWO.758.5,0.196403,CNIC.325.11,0.173266,CNEO.315.6,0.169135,CSAR.347.7,0.162981,"Jerome, Comm.in proph.minor., in Ionam 1:4 (ed. Adriaen, I, 384–85, lines 165–76)",0.162924,CANC.314.20,0.144654,CHIP.393.17,0.140919,CAUX.561.43,0.13663,Can.apost.24,0.136593
541,Bod718.143r.8.txt,canon_unlabelled/Bod718.143r.8.txt,CAGD.506.45,0.221276,Can.apost.42,0.215226,CAUX.561.14,0.179653,"Source unidentified, but cf. Eucherius of Lyon, Instructionum ad Salonium libri II, lib. 2 (ed. C.
Mandolfo, CCSL 66 [Turnhout, 2004], 201–03, lines 263–65)",0.176302,CNEO.315.3,0.169669,CTOL.598.12,0.165555,Can.apost.46,0.160121,CAUX.561.42,0.158699,"Ps.-Clemens-Rufinus, Recognitiones 2.72 (eds Rehm–Paschke, 94,
lines 4–8)",0.152746,CNEO.315.6,0.149364
542,Bod718.143r.9.txt,canon_unlabelled/Bod718.143r.9.txt,CAUX.561.8,0.255355,RPWO.758.5,0.230904,CAGD.506.62,0.221376,CAUX.561.42,0.214453,Can.apost.24,0.19737,Can.apost.48,0.19071,CAGD.506.37,0.174474,CARL.501?.10,0.171154,CTOL.397.15,0.167755,CAGD.506.18,0.165106
543,Bod718.143v.1.txt,canon_unlabelled/Bod718.143v.1.txt,RPWO.758.13,0.261749,CNEO.315.12,0.201303,CANC.314.21,0.193478,"Source unidentified, but cf. Eucherius of Lyon, Instructionum ad Salonium libri II, lib. 2 (ed. C.
Mandolfo, CCSL 66 [Turnhout, 2004], 201–03, lines 263–65)",0.177736,Can.apost.3,0.169366,CCHA.451.5,0.16589,CNEO.315.3,0.151927,CMAC.581.12,0.149159,CAGD.506.37,0.146129,CAUX.561.4,0.146126
544,Bod718.143v.2.txt,canon_unlabelled/Bod718.143v.2.txt,CAGD.506.37,0.277113,CANC.314.21,0.240553,"cf. Jerome, Epistola 22, ad Eustochium (ed. Hilberg, I, 160, line 3)",0.239313,CORL.511.1,0.198036,CCHL.647.15,0.196996,CAGD.506.26,0.186259,CANC.314.22,0.182906,CORA.441.14,0.173912,CTOL.633.52,0.170846,CNIC.325.4,0.170701
545,Bod718.143v.3.txt,canon_unlabelled/Bod718.143v.3.txt,CORL.511.1,0.294019,"John Cassian, Collationes 20.8 (ed. Petschenig, p. 561, line 9–p. 562, line 4)",0.248779,CAGD.506.62,0.242964,CNIC.325.4,0.226844,CTOL.633.75,0.210088,CORL.511.2,0.193732,CTOL.397.7,0.192766,"Ambrose, Exp.ev.sec.Luc., lib. 10, c. 87 (ed. Adriaen, 371, lines 846–49]",0.189015,CSAR.347.12,0.188173,CORA.441.10,0.187229
546,Bod718.143v.4.txt,canon_unlabelled/Bod718.143v.4.txt,CEPA.517.8,0.219104,CSAR.347.3,0.214743,Can.apost.3,0.206853,CCHA.451.10,0.197526,CNIC.325.17,0.190231,"Eusebius-Rufinus, HE 10.2 (eds Mommsen–Schwartz, II, 961, lines 10–19)",0.187238,CANT.328.23,0.187024,"Jerome, Comm.in proph.minor., in Ionam 1:4 (ed. Adriaen, I, 384–85, lines 165–76)",0.180457,CNEO.315.4,0.17863,CCHA.451.7,0.175297
547,Bod718.143v.5.txt,canon_unlabelled/Bod718.143v.5.txt,"Gregorius Magnus, Hom.in ev. 2.33 (ed. Étaix, 297, lines 240–48)",0.213955,"Jerome, Comm.in IV ep.Paul., ad Tit. vers. 3:1–2 (PL 26, col. 590D)",0.207565,CTOL.527.4,0.196272,CNIC.325.7,0.193274,CARL.501?.28,0.188027,CTOL.633.75,0.177058,CNEO.315.11,0.172467,CSAR.347.9,0.17165,CLAO.300.13,0.162371,CVER.755.5,0.162077
548,Bod718.143v.6.txt,canon_unlabelled/Bod718.143v.6.txt,CTOL.633.75,0.357353,"Jerome, Comm.in Mat.libri IV, lib. 3, vers. 19:9 (eds Hurst–Adriaen, 167, lines 761–80)",0.310613,"Jerome, Comm.in IV ep.Paul., ad Tit. vers. 2:9–10 (PL 26, col. 585C–D)",0.298049,CSAR.347.8,0.290973,CAUX.561.11,0.282242,"Augustine, De serm.dom.in monte, 1.20.63 (ed. Mutzenbecher, 72, lines 1569–82)",0.280203,CTOL.636.5,0.264181,"Gregorius Nazianzus-Rufinus, Apologeticus 73 (ed. Engelbrecht, 57, lines 7–9)",0.257118,CSAR.347.17,0.250972,"cf. Jerome, Epistola 22, ad Eustochium (ed. Hilberg, I, 160, line 3)",0.237037
549,Bod718.144r.1.txt,canon_unlabelled/Bod718.144r.1.txt,CAGD.506.62,0.23175,CANC.314.22,0.20639,CAGD.506.56,0.190183,CANC.314.7,0.174659,CTOL.397.18,0.172341,CORL.538.12,0.166851,CARL.314.18,0.160605,CANC.314.15,0.160019,CARL.501?.25,0.158706,CAGD.506.52,0.158676
550,Bod718.144r.2.txt,canon_unlabelled/Bod718.144r.2.txt,CANC.314.7,0.221757,Can.apost.25,0.195314,CAGD.506.44,0.193038,CORA.441.27,0.192798,CTOL.589.12,0.172796,CTOL.633.66,0.171733,CAUX.561.4,0.169005,CAGD.506.62,0.168127,CAGD.506.51,0.158917,"Caesarius, Sermo 43.3 (ed. Morin, 191, lines 13–19)",0.157951
551,Bod718.144r.3.txt,canon_unlabelled/Bod718.144r.3.txt,CAUX.561.4,0.206111,CAUX.561.8,0.193368,CNEO.315.12,0.185642,CLAO.300.47,0.176144,CARL.501?.11,0.175785,RPWO.758.9,0.174737,CARL.501?.7,0.166673,CAGD.506.62,0.156321,CANT.328.21,0.155228,CORA.441.27,0.153425
552,Bod718.144r.4.txt,canon_unlabelled/Bod718.144r.4.txt,CTOL.633.75,0.216299,Can.apost.25,0.186933,CTOL.638.15,0.183731,"Eusebius-Rufinus, HE 10.2 (eds Mommsen–Schwartz, II, 961, lines 10–19)",0.177563,CORL.511.3,0.169155,CANC.314.7,0.166697,CTOL.633.68,0.162888,CTOL.589.13,0.156453,CEPA.517.19,0.149471,"Jerome, Comm.in proph.minor., in Ionam 1:4 (ed. Adriaen, I, 384–85, lines 165–76)",0.149056
553,Bod718.144r.5.txt,canon_unlabelled/Bod718.144r.5.txt,CANC.314.7,0.207947,"Caesarius, Sermo 192.4 (ed. Morin, 781, lines 7–9)",0.199161,Can.apost.25,0.197427,CNIC.325.11,0.194248,CEPA.517.8,0.193782,CAUX.561.7,0.187478,CSAR.347.7,0.186216,CTOL.589.6,0.183948,CSAR.347.1,0.182857,Unidenfied,0.181929
554,Bod718.144v.1.txt,canon_unlabelled/Bod718.144v.1.txt,CARL.314.18,0.275764,Can.apost.25,0.243051,CAGD.506.62,0.235682,CAGD.506.5,0.231059,RPWO.758.16,0.226482,RPWO.758.14,0.211437,CNEO.315.3,0.20034,CTOL.633.75,0.199793,CAGD.506.52,0.199268,CORL.511.31,0.191389
555,Bod718.144v.2.txt,canon_unlabelled/Bod718.144v.2.txt,CNIC.325.5,0.335768,CAGD.506.38,0.246292,CTOL.397.15,0.244208,Can.apost.28,0.215467,CORA.441.10,0.211572,"(ed. MOMMSEN, as Gildas, Epist.deperd.fragm. 7, in Chronica minora, 88, lines 13–24; trans. WINTERBOTTOM,
Gildas, 82)",0.206779,CTOL.636.5,0.20517,CVAI.442.7,0.200038,CARL.501?.8,0.198132,CSAR.347.17,0.195794
556,Bod718.144v.3.txt,canon_unlabelled/Bod718.144v.3.txt,Can.apost.25,0.301435,CAGD.506.5,0.283963,"Jerome, Comm.in IV ep.Paul., ad Tit. vers. 2:9–10 (PL 26, col. 585C–D)",0.247073,CAGD.506.41,0.217058,Can.apost.44,0.213101,CANC.314.10,0.209528,"(ed. MOMMSEN, as Gildas, Epist.deperd.fragm. 6, in Chronica minora, 88, lines 11–12; trans. WINTERBOTTOM,
Gildas, 82)",0.201988,CANC.314.14,0.201757,CNIC.325.17,0.198621,Can.apost.42,0.196682
557,Bod718.144v.4.txt,canon_unlabelled/Bod718.144v.4.txt,"Jerome, Comm.in IV ep.Paul., ad Tit. vers. 2:9–10 (PL 26, col. 585C–D)",0.330303,CVAI.442.4,0.310506,CAGD.506.5,0.300303,CNIC.325.17,0.268512,Can.apost.25,0.238208,CMEA.845.60,0.213742,CCHA.451.3,0.198665,CANC.314.19,0.185445,Capit.Martini.14,0.185316,CCHA.451.26,0.183828
558,Bod718.144v.5.txt,canon_unlabelled/Bod718.144v.5.txt,CAGD.506.5,0.340836,Can.apost.25,0.280611,"Jerome, Comm.in IV ep.Paul., ad Tit. vers. 2:9–10 (PL 26, col. 585C–D)",0.216237,RPWO.758.17,0.199019,CAGD.506.37,0.195301,CANC.314.7,0.178924,CANC.314.14,0.172978,RPWO.758.16,0.171791,"Gregorius Nazianzus-Rufinus, Apologeticus 72 (ed. Engelbrecht, 56, lines 20–3",0.168371,CTOL.633.75,0.161688
559,Bod718.144v.6.txt,canon_unlabelled/Bod718.144v.6.txt,"Jerome, Comm.in IV ep.Paul., ad Tit. vers. 2:9–10 (PL 26, col. 585C–D)",0.336032,CAGD.506.5,0.236905,CANT.328.12,0.228496,CORL.511.9,0.22653,CVAI.442.4,0.225113,CORL.538.9,0.218758,Can.apost.25,0.216292,CARL.501?.23,0.191243,"Gregory of Nazianzus-Rufinus, In semet.de agr.regr. 16 (ed. Engelbrecht, 186, lines 7–10)",0.182946,RPWO.758.17,0.182494
560,Bod718.144v.7.txt,canon_unlabelled/Bod718.144v.7.txt,CAGD.506.5,0.221866,CORL.511.6,0.2215,CANC.314.14,0.20248,CTOL.633.52,0.200561,Can.apost.38,0.200151,Can.apost.42,0.195977,"Gratian, D. 5 de cons. c. 19",0.188353,Can.apost.44,0.186251,CORL.538.12,0.184978,CANC.314.7,0.17797
561,Bod718.144v.8.txt,canon_unlabelled/Bod718.144v.8.txt,CAGD.506.37,0.237339,CAUX.561.40,0.222409,"Augustine, Serm.de vet.test. 9.20 (ed. Lambot, 146, line 694–96)",0.189707,Unidentified,0.182215,CANC.314.7,0.178576,"Jerome, Comm.in proph.minor., in Ionam 1:4 (ed. Adriaen, I, 384–85, lines 165–76)",0.172642,"Ambrose, Exp.ev.sec.Luc. lib. 9, vers. 20:24 (ed. Adriaen, 343, line 326) Source (quęrit de ... alia mundi)",0.164255,CTOL.633.52,0.164035,"Gregory of Nazianzus- Rufinus, In semet.de agr.regr. 14 (ed. Engelbrecht, 184, lines 17–18)",0.162879,CAUX.561.4,0.158851
562,Bod718.144v.9.txt,canon_unlabelled/Bod718.144v.9.txt,CTOL.633.46,0.654996,"cf. Jerome, Epistola 22, ad Eustochium (ed. Hilberg, I, 160, line 3)",0.235323,CNIC.325.11,0.232329,Can.apost.1,0.215898,"Caesarius, Sermo 43.5 (ed. Morin, 192, lines 2–7)",0.215793,CANC.314.3,0.205035,CARL.501?.11,0.200124,CORL.541.29,0.177504,CANC.314.16,0.176181,CTOL.589.17,0.168372
563,Bod718.145r.1.txt,canon_unlabelled/Bod718.145r.1.txt,CAGD.506.5,0.508897,CTOL.527.4,0.263692,Capit.Martini.16,0.225598,CTOL.397.5,0.188669,Can.apost.40,0.182956,CAGD.506.52,0.174262,Capit.Martini.14,0.170479,Can.apost.31,0.168095,Can.apost.10,0.167743,CAGD.506.50 (addit.),0.16533
564,Bod718.145r.2.txt,canon_unlabelled/Bod718.145r.2.txt,CTOL.633.46,0.302975,CEPA.517.3,0.246634,"cf. Jerome, Epistola 22, ad Eustochium (ed. Hilberg, I, 160, line 3)",0.228245,Can.apost.1,0.225764,CAGD.506.41,0.218007,CAGD.506.37,0.198822,CORL.538.9,0.197131,CSAR.347.13,0.196556,CARL.501?.25,0.195111,CNIC.325.4,0.193907
565,Bod718.145r.3.txt,canon_unlabelled/Bod718.145r.3.txt,"Jerome, Comm.in IV ep.Paul., ad Tit. vers. 2:9–10 (PL 26, col. 585C–D)",0.802154,CVAI.442.4,0.443651,Can.apost.25,0.355561,CAGD.506.5,0.330328,CANC.314.19,0.2844,"Jerome, Comm.in Mat.libri IV, lib. 3, vers. 19:9 (eds Hurst–Adriaen, 167, lines 761–80)",0.253022,CORL.538.9,0.248501,CNIC.325.17,0.248275,CORL.541.29,0.230448,CMAC.581.7,0.224313
566,Bod718.145r.4.txt,canon_unlabelled/Bod718.145r.4.txt,"Augustine, De serm.dom.in monte, 1.20.63 (ed. Mutzenbecher, 72, lines 1569–82)",0.301057,CVER.755.5,0.259139,CAGD.506.62,0.253325,"Jerome, Comm.in IV ep.Paul., ad Tit. vers. 3:1–2 (PL 26, col. 590D)",0.231097,CLAO.300.58,0.230488,Can.apost.28,0.228961,"Augustine, Serm.de vet.test. 9.20 (ed. Lambot, 146, line 694–96)",0.228419,CLAO.300.28,0.226365,CEPA.517.8,0.20465,CHIP.393.36,0.204554
567,Bod718.145v.1.txt,canon_unlabelled/Bod718.145v.1.txt,CVAI.442.4,0.390947,"Jerome, Comm.in IV ep.Paul., ad Tit. vers. 2:9–10 (PL 26, col. 585C–D)",0.371344,Can.apost.25,0.330584,CTOL.655.1,0.270624,Capit.Martini.14,0.267662,CORL.511.2,0.263032,CAGD.506.5,0.244013,"Augustine, De serm.dom.in monte, 1.20.63 (ed. Mutzenbecher, 72, lines 1569–82)",0.235631,"Augustine, Speculum 7 (ed. Weihrich, 63, lines 2–3)",0.227451,Can.apost.40,0.209631
568,Bod718.145v.2.txt,canon_unlabelled/Bod718.145v.2.txt,CAGD.506.37,0.713407,CARL.501?.25,0.312749,CARL.314.15,0.246982,CARL.501?.24,0.229819,CTOL.638.11,0.214502,CTOL.397.9,0.204625,CHIP.393.20,0.197684,CCHA.451.21,0.196534,CHIP.393.33,0.182537,"John Cassian, Collationes 20.8 (ed. Petschenig, p. 561, line 9–p. 562, line 4)",0.17899
569,Bod718.145v.3.txt,canon_unlabelled/Bod718.145v.3.txt,"Jerome, Comm.in IV ep.Paul., ad Tit. vers. 2:9–10 (PL 26, col. 585C–D)",0.265244,Can.apost.25,0.235074,CVAI.442.4,0.210378,CAGD.506.5,0.202656,CARL.314.15,0.199893,CTOL.633.65,0.197986,"Caesarius, Sermo 192.4 (ed. Morin, 781, lines 7–9)",0.195681,CANC.314.7,0.18755,CPAR.614.10,0.184031,"Jerome, Comm.in IV ep.Paul., ad Tit. vers. 3:1–2 (PL 26, col. 590D)",0.182021
570,Bod718.145v.4.txt,canon_unlabelled/Bod718.145v.4.txt,CTOL.638.13,0.230951,CTOL.638.1,0.223137,Can.apost.26,0.221137,CORA.441.11,0.219234,CAUX.561.40,0.216231,"(ed. MOMMSEN, as Gildas, Epist.deperd.fragm. 7, in Chronica minora, 88, lines 13–24; trans. WINTERBOTTOM,
Gildas, 82)",0.215493,CTOL.655.10,0.212232,"CTOL.653.13  (excerpta canonum cap. 13)  Martinez Diez, vol. 5, pp. 475-476; text modified in W",0.200772,CTOL.656.4,0.19777,CANT.328.15,0.19248
571,Bod718.146r.1.txt,canon_unlabelled/Bod718.146r.1.txt,Can.apost.34,0.24604,CTOL.397.19,0.228436,CNIC.325.14,0.224855,CANC.314.15,0.202867,CNEO.315.10,0.185088,CHIP.393.6,0.179969,CNEO.315.12,0.179384,CARL.501?.11,0.177309,CORA.441.17,0.171403,"Gregory of Nazianzus- Rufinus, De Pentecoste et de spiritu sancto 2 (in Tyranni Rufini
orationum Gregorii Nazianzeni novem interpretatio, ed. Engelbrecht, 143, lines 8–16)",0.169873
572,Bod718.146r.2.txt,canon_unlabelled/Bod718.146r.2.txt,CLAO.300.12,0.23582,CTOL.397.6,0.234317,CNEO.315.1,0.214183,CTOL.527.3,0.208356,Can.apost.26,0.206703,CSAR.347.17,0.1999,CVAI.442.6,0.198319,"CTOL.653.13  (excerpta canonum cap. 13)  Martinez Diez, vol. 5, pp. 475-476; text modified in W",0.197396,CSAR.347.15,0.183446,CTOL.527.5,0.183007
573,Bod718.146v.1.txt,canon_unlabelled/Bod718.146v.1.txt,CANC.314.23,0.308361,CCHA.451.18,0.261305,CEPA.517.8,0.233502,CTOL.633.29,0.220136,CORL.538.31,0.217202,CANC.314.13,0.184394,CTOL.633.59,0.180368,CVAI.442.7,0.179841,"Caesarius, Sermo 192.4 (ed. Morin, 781, lines 7–9)",0.176881,Ephesians.5:22,0.170994
574,Bod718.146v.2.txt,canon_unlabelled/Bod718.146v.2.txt,CHIP.393.36,0.29253,CTOL.589.0 Conc. Toletana III; anno 589; PL 84 col. 384-386; combined canons?,0.264866,CLAO.300.23,0.211574,CGAN.355.13,0.192585,CANT.328.8,0.187417,CGAN.355.20,0.185449,"Caesarius, Sermo 192.4 (ed. Morin, 781, lines 7–9)",0.184144,CTOL.633.29,0.17889,CGAN.355.16,0.178106,CTOL.633.17,0.172366
575,Bod718.146v.3.txt,canon_unlabelled/Bod718.146v.3.txt,CANC.314.23,0.765545,CANC.314.22,0.277618,CANC.314.20,0.250805,CTOL.633.36,0.230541,CANC.314.7,0.219787,CANC.314.15,0.210136,CTOL.633.29,0.209732,CANC.314.8,0.201534,"Augustine, Speculum 7 (ed. Weihrich, 63, lines 2–3)",0.195126,CVAI.442.7,0.192471
576,Bod718.146v.4.txt,canon_unlabelled/Bod718.146v.4.txt,CANC.314.23,0.323166,CTOL.633.29,0.235294,CCHA.451.18,0.220218,CAUX.561.4,0.216681,CHIP.393.36,0.189926,CNIC.325.2,0.187648,"Caesarius, Sermo 192.4 (ed. Morin, 781, lines 7–9)",0.185137,CCHA.451.3,0.181477,"Caesarius, Sermo 192.2 (ed. Morin, 780, lines 21–4)",0.175363,CTOL.633.63,0.174718
577,Bod718.146v.5.txt,canon_unlabelled/Bod718.146v.5.txt,CTOU.567.18 (17),0.34208,CSAR.347.14,0.290597,"Gregory of Nazianzus- Rufinus, De Pentecoste et de spiritu sancto 2 (in Tyranni Rufini
orationum Gregorii Nazianzeni novem interpretatio, ed. Engelbrecht, 143, lines 8–16)",0.286492,"Caesarius, Sermo 192.4 (ed. Morin, 781, lines 7–9)",0.266888,CAUX.561.11,0.261924,CSAR.347.15,0.24832,CEPA.517.29,0.23939,Can.apost.38,0.230483,CORL.541.6,0.229617,CTOL.638.2,0.222374
578,Bod718.147r.1.txt,canon_unlabelled/Bod718.147r.1.txt,CHIP.393.36,0.272078,CORL.541.29,0.251612,CLAO.300.23,0.221392,CANC.314.19,0.219419,CCHA.451.9,0.209186,CLAO.300.32,0.206239,"(ed. MOMMSEN, as Gildas, Epist.deperd.fragm. 5, in Chronica minora, p. 87, line 36–p. 88, line 1; trans.
WINTERBOTTOM, Gildas, 82)",0.198838,CAGD.506.52,0.192371,"Gregorius Magnus, Hom.in ev. 2.39 (ed. Étaix, 382, lines 66–7)",0.187858,Can.apost.38,0.185147
579,Bod718.147v.1.txt,canon_unlabelled/Bod718.147v.1.txt,CTOL.633.29,0.729723,CANC.314.23,0.270494,CLAO.300.23,0.24704,CAUX.561.4,0.242217,"cf. Jerome, Epistola 22, ad Eustochium (ed. Hilberg, I, 160, line 3)",0.238828,CORL.511.30,0.229673,CTOL.589.17,0.226503,CHIP.393.36,0.224993,CSAR.347.13,0.220666,CTOL.633.75,0.204509
580,Bod718.147v.2.txt,canon_unlabelled/Bod718.147v.2.txt,CANC.314.23,0.257607,CANC.314.11,0.204965,Ephesians.5:22,0.193721,CORA.441.28,0.188665,CEPA.517.8,0.184086,CLAO.300.13,0.183293,"Isidore, De eccl.offic. 1.43 (ed. Lawson, 48, lines 16–20)",0.179671,CPAR.614.10,0.172673,Can.apost.21,0.171553,CANC.314.7,0.17055
581,Bod718.147v.3.txt,canon_unlabelled/Bod718.147v.3.txt,"(ed. MOMMSEN, as Gildas, Epist.deperd.fragm. 3, in Chronica minora, 86, lines 21–4; trans. WINTERBOTTOM, Gildas, 80)",0.247439,CTOL.633.63,0.212916,CARL.314.1,0.207969,CANC.314.23,0.201699,CTOL.633.75,0.190343,"Gregorius Magnus, Hom.in ev. 2.31 (ed. Étaix, 271, lines 43–51",0.189434,Ephesians.5:22,0.181528,CAUX.561.33,0.178845,CTOL.589.14,0.174593,CAUX.561.1,0.173257
582,Bod718.147v.4.txt,canon_unlabelled/Bod718.147v.4.txt,CANC.314.23,0.206056,CHIP.393.36,0.189496,CTOL.589.7,0.177659,"Caesarius, Sermo 192.4 (ed. Morin, 781, lines 7–9)",0.161677,CTOL.633.29,0.159943,CLAO.300.32,0.159565,CAUX.561.42,0.157754,CTOL.633.13,0.14885,CANT.328.2,0.146664,CAUX.561.36,0.144929
583,Bod718.148r.1.txt,canon_unlabelled/Bod718.148r.1.txt,CCHA.451.3,0.214337,"(ed. MOMMSEN, as Gildas, Epist.deperd.fragm. 3, in Chronica minora, 86, lines 21–4; trans. WINTERBOTTOM, Gildas, 80)",0.209762,CLAO.300.26,0.195897,CGAN.355.17,0.182889,CLAO.300.23,0.16927,CNEO.315.13,0.167906,CLAO.300.6,0.165456,CLAO.300.13,0.163753,Unidenfied,0.16262,CAGD.506.4,0.160089
584,Bod718.148r.2.txt,canon_unlabelled/Bod718.148r.2.txt,CVAI.442.4,0.205163,CCHA.451.3,0.183639,"(ed. MOMMSEN, as Gildas, Epist.deperd.fragm. 3, in Chronica minora, 86, lines 17–21; trans. WINTERBOTTOM, Gildas, 80)",0.175796,CAGD.506.14,0.17284,CANT.328.6,0.164729,CTOL.638.15,0.162764,Can.apost.41,0.156318,CCHA.451.21,0.155252,"Jerome, Comm.in proph.minor., in Ionam 1:4 (ed. Adriaen, I, 384–85, lines 165–76)",0.154983,Can.apost.46,0.151029
585,Bod718.148r.3.txt,canon_unlabelled/Bod718.148r.3.txt,CAGD.506.31,0.677656,CORA.441.10,0.250824,"Augustine, Sermo 392 (PL 39, col. 1710)",0.238932,CNIC.325.5,0.221898,CSAR.347.8,0.219363,CAGD.506.25,0.208036,CANT.328.20,0.199793,CTOL.633.75,0.197583,CANT.328.7,0.18853,CTOU.567.19 (18),0.186448
586,Bod718.148r.4.txt,canon_unlabelled/Bod718.148r.4.txt,CTOL.636.8,0.297057,CLAO.300.2,0.224776,CTOL.655.1,0.22207,CTOL.655.13,0.213682,CTOL.638.8,0.199254,CHIP.393.30,0.180427,Can.apost.44,0.175414,CTOL.646.2,0.175386,"Caesarius, Sermo 154.4 (ed. Morin, 630, lines 3–6 [codd. ZG8])",0.17522,CTOL.656.1,0.161281
587,Bod718.148r.5.txt,canon_unlabelled/Bod718.148r.5.txt,CAGD.506.31,0.278859,"Terentius, Andria (in P. Terenti Afri comoediae, revised edition, ed. A. Fleckeisen
[Leipzig, 1916], 5, line 68)",0.260586,CTOL.656.1,0.193649,CORL.511.18,0.181416,CTOL.655.17,0.165242,CORA.441.10,0.162404,CANT.328.14,0.159745,CAUX.561.19,0.150123,CNIC.325.5,0.146722,CTOL.638.1,0.145902
588,Bod718.148r.6.txt,canon_unlabelled/Bod718.148r.6.txt,CAGD.506.31,0.292974,CTOU.567.16 (15),0.27819,Can.apost.11,0.247459,CVAI.442.4,0.201405,CORL.511.26,0.1997,CORA.441.10,0.197315,CMAC.585.5,0.194523,CNIC.325.16,0.194004,CGAN.355.6,0.193941,Can.apost.10,0.193219
589,Bod718.148r.7.txt,canon_unlabelled/Bod718.148r.7.txt,Can.apost.20,0.201907,CVAI.442.4,0.187314,Can.apost.49,0.180774,"(ed. MOMMSEN, as Gildas, Epist.deperd.fragm. 3, in Chronica minora, 86, lines 17–21; trans. WINTERBOTTOM, Gildas, 80)",0.172291,Can.apost.41,0.165508,"Jerome, Comm.in IV ep.Paul., ad Tit. vers. 2:9–10 (PL 26, col. 585C–D)",0.1557,Can.apost.48,0.15535,CANC.314.17,0.150415,CHIP.393.2,0.142045,CCHA.451.8,0.140674
590,Bod718.148v.1.txt,canon_unlabelled/Bod718.148v.1.txt,"Jerome, Comm.in IV ep.Paul., ad Tit. vers. 2:9–10 (PL 26, col. 585C–D)",0.220076,CVAI.442.4,0.191766,CHIP.393.36,0.183839,CNEO.315.13,0.180983,"(ed. MOMMSEN, as Gildas, Epist.deperd.fragm. 3, in Chronica minora, 86, lines 17–21; trans. WINTERBOTTOM, Gildas, 80)",0.171623,"Jerome, Comm.in IV ep.Paul., ad Tit. vers. 3:1–2 (PL 26, col. 590D)",0.167736,Can.apost.5,0.165776,"(ed. MOMMSEN, as Gildas, Epist.deperd.fragm. 3, in Chronica minora, 86, lines 21–4; trans. WINTERBOTTOM, Gildas, 80)",0.162987,CTOL.636.5,0.160316,CAGD.506.2,0.157867
591,Bod718.148v.2.txt,canon_unlabelled/Bod718.148v.2.txt,"(ed. MOMMSEN, as Gildas, Epist.deperd.fragm. 7, in Chronica minora, 88, lines 13–24; trans. WINTERBOTTOM,
Gildas, 82)",0.242526,"John Cassian, Collationes 20.8 (ed. Petschenig, p. 561, line 9–p. 562, line 4)",0.23908,CVAI.442.7,0.238447,CTOL.636.8,0.234594,CANT.328.8,0.216484,CCHA.451.11,0.215394,"(ed. MOMMSEN, as Gildas, Epist.deperd.fragm. 4, in Chronica minora, 87, lines 19–35; trans. WINTERBOTTOM, Gildas, 81)",0.202886,CTOL.589.11,0.196448,CTOL.636.5,0.192729,CTOL.638.11,0.191871
592,Bod718.148v.3.txt,canon_unlabelled/Bod718.148v.3.txt,CTOL.636.5,0.313914,"Augustine, Quaestiones evangeliorum 1.23 (ed. A. Mutzenbecher, CCSL 44B [Turnhout 1980],
20, lines 2–5)",0.248867,CTOL.633.54,0.204308,CTOL.633.65,0.19052,CLAO.300.48,0.180764,"Augustine, Serm.de vet.test. 9.20 (ed. Lambot, 146, line 694–96)",0.174428,"cf. Jerome, Epistola 22, ad Eustochium (ed. Hilberg, I, 160, line 3)",0.172858,"Caesarius, Sermo 43.5 (ed. Morin, 192, lines 2–7)",0.170372,CARL.501?.25,0.170173,CORL.538.9,0.169369
593,Bod718.148v.4.txt,canon_unlabelled/Bod718.148v.4.txt,CTOL.527.5,0.20226,"Gratian, D. 5 de cons. c. 19",0.198989,CTOL.655.1,0.193113,CTOL.527.3,0.192438,CGAN.355.19,0.180324,CAUX.561.8,0.174167,CORL.511.22,0.173447,CARL.501?.25,0.171984,"Jerome, Comm.in IV ep.Paul., ad Tit. vers. 2:9–10 (PL 26, col. 585C–D)",0.170752,"Ambrose, Exp.ev.sec.Luc. lib. 9, vers. 20:24 (ed. Adriaen, 343, line 326) Source (quęrit de ... alia mundi)",0.169664
594,Bod718.148v.5.txt,canon_unlabelled/Bod718.148v.5.txt,"(ed. MOMMSEN, as Gildas, Epist.deperd.fragm. 3, in Chronica minora, 86, lines 17–21; trans. WINTERBOTTOM, Gildas, 80)",0.211701,"GREG.MAG. Hom.in ev. 2.26 (ed. Étaix, 222, lines 98–102) Gregorius Magnus, Hom.in ev. 2.26 (ed. Étaix, 222, lines 109–11) GREG.MAG. Hom.in ev. 2.22 (ed. Étaix, 191, lines 272–76)",0.177065,CHIP.393.25,0.174085,CNEO.315.5,0.16751,CAGD.506.55,0.166308,CAGD.506.52,0.164794,CNEO.315.6,0.164283,CORL.511.28,0.160313,CANC.314.12,0.155382,CTOL.636.8,0.154424
595,Bod718.148v.6.txt,canon_unlabelled/Bod718.148v.6.txt,CNIC.325.7,0.220504,"Source unidentified, but cf. Eucherius of Lyon, Instructionum ad Salonium libri II, lib. 2 (ed. C.
Mandolfo, CCSL 66 [Turnhout, 2004], 201–03, lines 263–65)",0.17214,CHIP.393.36,0.171928,Can.apost.19,0.161768,CLAO.300.58,0.157552,"Gregory of Nazianzus- Rufinus, Apologeticus 114 (ed. Engelbrecht, 81, lines 17–19)",0.15661,CNIC.325.16,0.147936,CGAN.355.5,0.138995,RPWO.758.12,0.138466,CGAN.355.15,0.132118
596,Bod718.149r.1.txt,canon_unlabelled/Bod718.149r.1.txt,CAGD.506.31,0.221642,"Jerome, Comm.in IV ep.Paul., ad Tit. vers. 2:9–10 (PL 26, col. 585C–D)",0.20733,CANC.314.12,0.197715,CNIC.325.9,0.193615,CANC.314.24,0.192046,CAGD.506.2,0.183769,"Gregorius Magnus, Hom.in ev. 2.31 (ed. Étaix, 271, lines 43–51",0.181887,CVAI.442.7,0.180289,CHIP.393.8,0.180007,CLAO.300.58,0.179557
597,Bod718.149r.2.txt,canon_unlabelled/Bod718.149r.2.txt,CTOL.646.5,0.216338,CTOL.656.4,0.211862,CTOL.633.23,0.200723,CTOL.633.74,0.188665,CTOL.655.13,0.183077,CTOL.636.8,0.178233,CLAO.300.2,0.171556,CAGD.506.2,0.168742,CNEO.315.12,0.168514,CVAI.442.8,0.165422
598,Bod718.149r.3.txt,canon_unlabelled/Bod718.149r.3.txt,CTOL.397.5,0.197518,CLAO.300.6,0.190527,CANC.314.19,0.18917,CNIC.325.7,0.172852,CNIC.325.17,0.170216,CNIC.325.6,0.166969,"Caesarius, Sermo 54.4 (ed. Morin, 238, lines 15–16)",0.166413,Can.apost.25,0.162977,CNIC.325.2,0.162068,CVAI.442.4,0.160655
599,Bod718.149r.4.txt,canon_unlabelled/Bod718.149r.4.txt,CNEO.315.3,0.203112,Can.apost.42,0.198262,CAGD.506.2,0.1878,CLAO.300.6,0.184136,CAGD.506.41,0.184131,Can.apost.37,0.176441,"Gregory of Nazianzus- Rufinus, In semet.de agr.regr. 14 (ed. Engelbrecht, 184, lines 17–18)",0.174922,CARL.314.7,0.170654,Can.apost.7,0.161459,CNEO.315.1,0.159172
600,Bod718.149r.5.txt,canon_unlabelled/Bod718.149r.5.txt,CORL.511.27,0.244821,CTOL.636.1,0.181779,"Gratian, D. 5 de cons. c. 19",0.181062,"Ps.-Clemens-Rufinus, Recognitiones 2.72 (eds Rehm–Paschke, 94,
lines 4–8)",0.172083,CAGD.506.2,0.16057,CAGD.506.55,0.153139,Can.apost.42,0.15108,CTOU.567.18 (17),0.150695,Can.apost.6,0.14634,CEPA.517.29,0.144044
601,Bod718.149r.6.txt,canon_unlabelled/Bod718.149r.6.txt,CAGD.506.41,0.57533,Can.apost.1,0.207474,CORL.511.25,0.191844,CTOL.633.35,0.187226,CORL.511.31,0.176385,CAGD.506.37,0.174961,CNEO.315.,0.170013,CARL.314.17,0.169604,CARL.314.12,0.168719,CNEO.315.11,0.166629
602,Bod718.149r.7.txt,canon_unlabelled/Bod718.149r.7.txt,CNEO.315.3,0.205442,CAUX.561.26,0.174751,Can.apost.1,0.169796,Can.apost.31,0.163165,CTOL.633.52,0.15965,CTOL.527.2,0.158485,Capit.Martini.14,0.156303,CANC.314.14,0.153069,Can.apost.47,0.150817,"Gregorius Magnus, Hom.in ev. 2.39 (ed. Étaix, 381, lines 45–49)",0.148391
603,Bod718.149r.8.txt,canon_unlabelled/Bod718.149r.8.txt,CAGD.506.41,0.331884,"Gratian, D. 5 de cons. c. 19",0.290923,Can.apost.42,0.276459,CTOL.656.4,0.207583,"(ed. MOMMSEN, as Gildas, Epist.deperd.fragm. 4, in Chronica minora, 87, lines 19–35; trans. WINTERBOTTOM, Gildas, 81)",0.201096,CGAN.355.19,0.197311,CRIZ.439.1,0.193193,"Gregory of Nazianzus- Rufinus, In semet.de agr.regr. 13 (ed. Engelbrecht, 182, lines 9–11)",0.191114,CTOL.646.1,0.189423,CTOL.638.3,0.187298
604,Bod718.149v.1.txt,canon_unlabelled/Bod718.149v.1.txt,Can.apost.42,0.286603,Can.apost.20,0.220633,CAGD.506.41,0.206153,Can.apost.31,0.180043,Can.apost.43,0.15784,CAGD.506.31,0.157682,CHIP.393.26,0.157382,"Gratian, D. 5 de cons. c. 19",0.155745,CNEO.315.3,0.151079,CNEO.315.11,0.150683
605,Bod718.149v.2.txt,canon_unlabelled/Bod718.149v.2.txt,Can.apost.42,0.1789,CAUX.561.42,0.171149,CNEO.315.6,0.168622,Can.apost.24,0.167372,CAGD.506.41,0.16029,Can.apost.47,0.159679,Can.apost.43,0.156747,Can.apost.11,0.1553,CORL.511.1,0.153996,CAGD.506.18,0.153995
606,Bod718.149v.3.txt,canon_unlabelled/Bod718.149v.3.txt,Can.apost.3,0.295952,"Jerome, Comm.in IV ep.Paul., ad Tit. vers. 2:9–10 (PL 26, col. 585C–D)",0.271899,"(ed. MOMMSEN, as Gildas, Epist.deperd.fragm. 3, in Chronica minora, 86, lines 17–21; trans. WINTERBOTTOM, Gildas, 80)",0.259793,Can.apost.42,0.259296,CVAI.442.4,0.245271,CAGD.506.41,0.240074,CTOL.636.5,0.210031,CAUX.561.8,0.208389,"Gregorius Magnus, Hom.in ev. 2.33 (ed. Étaix, 297, lines 240–48)",0.192238,"(ed. MOMMSEN, as Gildas, Epist.deperd.fragm. 1, in Chronica minora, 86, lines 1–10; trans. WINTERBOTTOM, Gildas, 80)",0.184924
607,Bod718.150Br.1.txt,canon_unlabelled/Bod718.150Br.1.txt,CVAI.442.4,0.457057,CAGD.506.4,0.319825,Can.apost.10,0.272927,CTOL.633.33,0.259576,Can.apost.41,0.233751,CORL.511.15,0.232458,Can.apost.39,0.231002,CTOL.589.9,0.223544,Can.apost.40,0.202242,CTOL.527.4,0.19946
608,Bod718.150Br.2.txt,canon_unlabelled/Bod718.150Br.2.txt,CAGD.506.4,0.295777,CVAI.442.4,0.274582,CLAO.300.58,0.201972,CANC.314.19,0.180696,CEPA.517.19,0.176527,CANT.328.20,0.17559,CNIC.325.16,0.171949,CTOL.655.16,0.16149,CGAN.355.4,0.16099,CTOL.633.33,0.15944
609,Bod718.150Br.3.txt,canon_unlabelled/Bod718.150Br.3.txt,CAGD.506.4,0.573137,Can.apost.10,0.310866,CTOL.633.33,0.310347,Can.apost.40,0.298881,CEPA.517.8,0.291914,CORL.549.19,0.275041,CTOL.527.4,0.273049,Can.apost.39,0.257867,CVAI.442.4,0.255311,CTOL.589.9,0.252913
610,Bod718.150Br.4.txt,canon_unlabelled/Bod718.150Br.4.txt,Can.apost.12,0.373792,CAGD.506.26,0.317109,Can.apost.40,0.255441,CTOL.655.6,0.237071,Capit.Martini.14,0.215602,CTOL.527.4,0.209909,CTOL.638.15,0.208954,CTOL.589.0 Conc. Toletana III; anno 589; PL 84 col. 384-386; combined canons?,0.208253,Can.apost.45,0.19545,CTOL.397.5,0.190801
611,Bod718.150Bv.1.txt,canon_unlabelled/Bod718.150Bv.1.txt,CTOL.633.45,0.54977,RPWO.758.16,0.234698,CANC.314.17,0.232803,CARL.314.7,0.208883,CARL.314.3,0.20547,"(ed. WARE, S. Patricio adscripta opuscula, 47) 
Source unidentified",0.175682,Can.apost.37,0.162628,CNIC.325.20,0.162534,CCHA.451.27,0.161865,CTOL.633.75,0.161067
612,Bod718.150Bv.2.txt,canon_unlabelled/Bod718.150Bv.2.txt,CTOL.638.4,0.209705,CORL.511.14,0.178847,CNIC.325.4,0.172221,DSIR.384.255  cap. 13,0.168656,CTOL.633.67,0.158871,CAGD.506.2,0.156016,CNIC.325.7,0.155974,CNIC.325.2,0.155385,CTOL.633.15,0.146457,DSIR.384.255  cap. 11,0.1457
613,Bod718.150Bv.3.txt,canon_unlabelled/Bod718.150Bv.3.txt,CAGD.506.8,0.687525,CSAR.347.21,0.227273,CORA.441.5,0.200385,"Ambrose, De spirit.sanct.3.6 (ed. Faller, 164–65, lines 12–22) Source (et ideo ... caritatis affectu)",0.175,CNIC.325.4,0.174444,Can.apost.48,0.174038,CANC.314.7,0.169095,CNIC.325.16,0.168324,CANC.314.3,0.168273,CAGD.506.18,0.156583
614,Bod718.150Bv.4.txt,canon_unlabelled/Bod718.150Bv.4.txt,CNIC.325.17,0.372051,DSIR.384.255  cap. 11,0.166587,CAGD.506.52,0.155614,CNIC.325.8,0.155312,CTOU.567.19 (18),0.153929,CAGD.506.5,0.150506,CANC.314.4,0.144526,CNIC.325.11,0.143895,CEPA.517.3,0.142189,CLAO.300.52,0.141746
615,Bod718.150Bv.5.txt,canon_unlabelled/Bod718.150Bv.5.txt,CTOL.633.19,0.277207,CTOL.638.4,0.259979,CAGD.506.39,0.246992,CTOL.646.5,0.242162,Can.apost.30,0.226729,CTOL.633.24,0.219947,CTOL.638.17,0.217576,CNIC.325.17,0.216979,Can.apost.7,0.215816,CCHA.451.2,0.210725
616,Bod718.150r.1.txt,canon_unlabelled/Bod718.150r.1.txt,CGAN.355.19,0.644348,"Isidore, De eccl.offic. 1.43 (ed. Lawson, 48, lines 16–20)",0.241635,Can.apost.41,0.214787,CNEO.315.4,0.212174,"Gregorius Magnus, Hom.in ev. 2.39 (ed. Étaix, 381, lines 45–49)",0.202963,"Gregory of Nazianzus- Rufinus, In semet.de agr.regr. 13 (ed. Engelbrecht, 182, lines 9–11)",0.198614,Can.apost.7,0.190042,Can.apost.39,0.173403,CCHA.451.3,0.167864,CTOL.633.3,0.165774
617,Bod718.150r.2.txt,canon_unlabelled/Bod718.150r.2.txt,CORA.441.14,0.222403,CTOL.598.12,0.187726,Can.apost.41,0.164544,CANC.314.16,0.153623,CLAO.300.58,0.15134,"Gregory of Nazianzus- Rufinus, In semet.de agr.regr. 14 (ed. Engelbrecht, 184, lines 17–18)",0.147691,CARL.314.6,0.14541,RPWO.758.9,0.143863,"Caesarius, Sermo 43.1 (ed. Morin, 190, lines 21–25)",0.14305,CANC.314.7,0.137813
618,Bod718.150r.3.txt,canon_unlabelled/Bod718.150r.3.txt,CANC.314.13,0.277563,CTOL.638.8,0.268175,CTOL.646.2,0.208309,CTOL.646.3,0.195531,CTOL.633.3,0.19531,CTOL.655.8,0.195283,CRIZ.439.1,0.19075,CTOL.589.1,0.184526,CTOL.636.8,0.180052,CTOL.527.1,0.179196
619,Bod718.150r.4.txt,canon_unlabelled/Bod718.150r.4.txt,CARL.501?.25,0.528368,CARL.501?.24,0.409584,CAGD.506.37,0.33372,CARL.314.15,0.268474,CTOU.567.7,0.193374,CORL.511.16,0.192689,CTOL.589.0 Conc. Toletana III; anno 589; PL 84 col. 384-386; combined canons?,0.185656,CANC.314.10,0.183951,CTOL.633.56,0.181417,CTOL.638.15,0.181038
620,Bod718.150v.1.txt,canon_unlabelled/Bod718.150v.1.txt,CARL.501?.11,0.249451,CHIP.393.20,0.240772,CVAI.442.8,0.234544,CAGD.506.62,0.228348,CARL.501?.25,0.213467,CTOL.397.15,0.206319,CVAI.442.7,0.198677,"Gregorius Nazianzus-Rufinus, Apologeticus 73 (ed. Engelbrecht, 57, lines 7–9)",0.191004,CHIP.393.6,0.189724,"Gratian, D. 5 de cons. c. 19",0.178411
621,Bod718.150v.2.txt,canon_unlabelled/Bod718.150v.2.txt,CARL.314.15,0.266731,"Gregorius Nazianzus-Rufinus, Apologeticus 73 (ed. Engelbrecht, 57, lines 7–9)",0.250512,CTOL.636.3,0.234408,"Caesarius, Sermo 2, ammonitio (ed. Morin, 18, lines 7–15)",0.221153,"Caesarius, Sermo 43.3 (ed. Morin, 191, lines 13–19)",0.214453,CAUX.561.8,0.204162,CARL.501?.28,0.193684,RPWO.758.17,0.191469,CVAI.442.6,0.18236,CTOL.636.6,0.179119
622,Bod718.150v.3.txt,canon_unlabelled/Bod718.150v.3.txt,CVAL.374.4,0.284215,CAGD.506.37,0.243736,CTOL.397.6,0.230194,CARL.314.15,0.210356,CTOL.656.4,0.205282,CHIP.393.20,0.20333,"Source unidentified, but cf. Ps.-Clemens–Rufinus, Recognitiones 4.21 (eds Rehm–Paschke, 157,
line 20)",0.197296,CHIP.393.6,0.174389,CANT.328.15,0.171842,"Ambrose, De spirit.sanct.3.6 (ed. Faller, 164–65, lines 12–22) Source (et ideo ... caritatis affectu)",0.163133
623,Bod718.150v.4.txt,canon_unlabelled/Bod718.150v.4.txt,CAGD.506.32,0.308625,"CTOL.653.13  (excerpta canonum cap. 13)  Martinez Diez, vol. 5, pp. 475-476; text modified in W",0.269785,"Eusebius-Rufinus, HE 10.2 (eds Mommsen–Schwartz, II, 961, lines 10–19)",0.268723,CNIC.325.9,0.256871,CNIC.325.6,0.251809,CNIC.325.17,0.245644,CCHA.451.9,0.232348,CCHA.451.21,0.223072,CHIP.393.20,0.220627,Can.apost.7,0.220151
624,Bod718.150v.5.txt,canon_unlabelled/Bod718.150v.5.txt,CTOL.633.31,0.504734,CAGD.506.62,0.283981,CHIP.393.9,0.193025,CORA.441.1,0.190646,CARL.314.15,0.167336,CTOL.638.11,0.163737,CTOL.636.6,0.157631,CTOL.397.9,0.156222,CAGD.506.37,0.155871,"Gregory of Nazianzus-Rufinus, In semet.de agr.regr. 16 (ed. Engelbrecht, 186, lines 7–10)",0.154844
625,Bod718.151r.1.txt,canon_unlabelled/Bod718.151r.1.txt,CAGD.506.8,0.243484,CCHA.451.27,0.194859,CHIP.393.2,0.194247,CSAR.347.17,0.18942,CCHA.451.2,0.18465,Can.apost.44,0.1721,CHIP.393.26,0.171243,CAGD.506.5,0.166831,CVER.755.11,0.164435,CORL.538.9,0.163631
626,Bod718.151r.2.txt,canon_unlabelled/Bod718.151r.2.txt,"Gennadius, Lib.eccl.dogm. 22 (ed. Turner, 94, lines 13–18; cf. recensio vulgata, c. 23
[PL 42, col. 1218])",0.251199,CTOL.397.5,0.226964,CTOL.589.11,0.212774,CORL.538.9,0.208152,CAGD.506.37,0.200444,CARL.501?.28,0.196569,Can.apost.1,0.179366,CORL.511.6,0.178289,CVAI.442.7,0.157351,CAGD.506.31,0.148145
627,Bod718.151r.3.txt,canon_unlabelled/Bod718.151r.3.txt,CNIC.325.5,0.230965,CAGD.506.5,0.224698,CORA.441.10,0.213906,Can.apost.20,0.211384,CAGD.506.8,0.210644,CCHA.451.21,0.184504,CLAO.300.23,0.18404,Can.apost.12,0.178934,CCHA.451.27,0.175515,CAGD.506.62,0.174111
628,Bod718.151r.4.txt,canon_unlabelled/Bod718.151r.4.txt,CAGD.506.31,0.241091,CNIC.325.5,0.228784,CVER.755.11,0.225412,CAGD.506.38,0.202036,CORL.541.29,0.193882,CNIC.325.6,0.193481,CTOL.638.11,0.191167,CSAR.347.17,0.190607,CAGD.506.37,0.182153,CARL.501?.25,0.176408
629,Bod718.151r.5.txt,canon_unlabelled/Bod718.151r.5.txt,CAUX.561.40,0.287388,CAGD.506.39,0.25563,CLAO.300.23,0.236735,CAGD.506.38,0.229997,CTOL.589.23,0.220643,CTOL.633.16,0.219646,CAGD.506.5,0.214521,CAGD.506.2,0.210637,"Jerome, Comm.in IV ep.Paul., ad Tit. vers. 2:9–10 (PL 26, col. 585C–D)",0.210413,CORL.538.9,0.210357
630,Bod718.151r.6.txt,canon_unlabelled/Bod718.151r.6.txt,CORL.541.29,0.238617,CCHA.451.27,0.207325,CTOL.633.13,0.200343,CAUX.561.40,0.195422,Can.apost.12,0.195094,CCHA.451.21,0.191386,CNIC.325.6,0.182165,CTOL.638.4,0.180726,CTOL.633.15,0.177409,CAGD.506.31,0.173858
631,Bod718.151r.7.txt,canon_unlabelled/Bod718.151r.7.txt,CLAO.300.23,0.240747,CORL.541.29,0.240087,CAGD.506.26,0.197488,"(ed. MOMMSEN, as Gildas, Epist.deperd.fragm. 3, in Chronica minora, 86, lines 17–21; trans. WINTERBOTTOM, Gildas, 80)",0.186208,CCHA.451.21,0.182323,CAGD.506.8,0.181655,CORL.538.9,0.177967,CCHA.451.2,0.169511,CAGD.506.28,0.164404,CAGD.506.55,0.164016
632,Bod718.151r.8.txt,canon_unlabelled/Bod718.151r.8.txt,CAGD.506.55,0.72363,CEPA.517.4,0.431434,CORA.441.14,0.196448,CARL.314.4,0.196088,"Gratian, D. 5 de cons. c. 19",0.160921,CANC.314.15,0.152552,Can.apost.7,0.148972,Can.apost.13,0.148428,CANC.314.3,0.145802,"Gregorius Magnus, Hom.in ev. 2.39 (ed. Étaix, 381, lines 45–49)",0.142418
633,Bod718.151v.1.txt,canon_unlabelled/Bod718.151v.1.txt,"Augstine, De consensu evangelistarum 2.30 (ed. F. Weihrich, CSEL 43 [Vienna, 1904], 177,
lines 14–24)",0.217989,CGAN.355.13,0.198988,CORL.511.16,0.189614,CGAN.355.12,0.189063,CCHA.451.21,0.187075,CTOL.633.41,0.174005,CAUX.561.35,0.171829,"Caesarius, Sermo 192.2 (ed. Morin, 780, lines 21–4)",0.168342,CHIP.393.8,0.166071,CANC.314.24,0.163255
634,Bod718.151v.2.txt,canon_unlabelled/Bod718.151v.2.txt,CANC.314.12,0.197151,CAGD.506.39,0.191131,CTOL.633.25,0.190024,CAGD.506.38,0.184453,CNEO.315.5,0.166461,CANT.328.10,0.160896,CGAN.355.12,0.153682,CCHA.451.3,0.148934,CNIC.325.10,0.146186,"Augstine, De consensu evangelistarum 2.30 (ed. F. Weihrich, CSEL 43 [Vienna, 1904], 177,
lines 14–24)",0.145965
635,Bod718.151v.3.txt,canon_unlabelled/Bod718.151v.3.txt,CCHA.451.3,0.468712,Can.apost.39,0.284824,CCHA.451.9,0.264058,CANT.328.9,0.247622,Can.apost.41,0.237642,CNIC.325.17,0.22985,CMEA.845.60,0.213935,Capit.Martini.16,0.207954,CTOL.397.3,0.204926,Can.apost.15,0.200279
636,Bod718.151v.4.txt,canon_unlabelled/Bod718.151v.4.txt,CORL.538.32,0.373429,CCHA.451.3,0.33141,CCHA.451.9,0.282455,Can.apost.39,0.281791,Can.apost.41,0.279609,CCHA.451.4,0.253942,Can.apost.31,0.250447,Can.apost.7,0.226729,CAGD.506.32,0.211709,CTOL.633.56,0.205195
637,Bod718.152r.1.txt,canon_unlabelled/Bod718.152r.1.txt,CORL.538.32,0.189589,Can.apost.41,0.187179,Can.apost.32,0.172269,Can.apost.12,0.167352,CAGD.506.56,0.165157,CNIC.325.16,0.163712,"(ed. MOMMSEN, as Gildas, Epist.deperd.fragm. 3, in Chronica minora, 86, lines 21–4; trans. WINTERBOTTOM, Gildas, 80)",0.157758,Can.apost.3,0.153809,CORL.541.29,0.15193,CNIC.325.17,0.151016
638,Bod718.152r.2.txt,canon_unlabelled/Bod718.152r.2.txt,CANC.314.14,0.209867,CORL.538.31,0.194282,CNIC.325.5,0.190823,CTOL.589.12,0.188945,CARL.501?.28,0.186941,CAGD.506.46,0.17896,"Isidore, De eccl.offic. 2.20 (ed. Lawson, 91, lines 40–43)",0.170264,CCHA.451.19,0.167756,CTOL.633.3,0.16688,CNIC.325.17,0.166131
639,Bod718.152r.3.txt,canon_unlabelled/Bod718.152r.3.txt,CORL.538.29,0.222393,CORL.511.1,0.222363,CTOL.527.4,0.21774,Capit.Martini.16,0.203762,CHIP.393.25,0.194518,CARL.501?.1,0.192298,CAGD.506.52,0.189135,"Gregorius Magnus, Hom.in ev. 2.39 (ed. Étaix, 381, lines 45–49)",0.186932,CAGD.506.35,0.183289,Can.apost.41,0.182841
640,Bod718.152r.4.txt,canon_unlabelled/Bod718.152r.4.txt,CARL.501?.1,0.223718,CNEO.315.8,0.201452,CTOL.397.15,0.179668,CLYO.567.5,0.178444,CTOL.527.4,0.178163,DSIR.384.255  cap. 13,0.176323,CTOL.527.5,0.17423,CNEO.315.12,0.172841,CTOL.589.1,0.171637,CTOL.397.10,0.170205
641,Bod718.152v.1.txt,canon_unlabelled/Bod718.152v.1.txt,CCHA.451.2,0.760727,CARL.501?.14,0.285261,CTOL.638.4,0.276117,CANT.328.10,0.221121,Can.apost.30,0.217679,CCHA.451.3,0.210107,CNIC.325.17,0.206337,CNIC.325.9,0.200605,CANC.314.22,0.199818,CTOL.397.10,0.196246
642,Bod718.152v.2.txt,canon_unlabelled/Bod718.152v.2.txt,CNIC.325.5,0.23807,"Poen. Theod. II.6.1- 5, II.6.9-13",0.207443,CNIC.325.6,0.201456,CTOL.589.5,0.193407,CLAO.300.13,0.179624,CANC.314.23,0.173009,CMEA.845.10,0.172479,CNIC.325.9,0.169972,CORL.511.19,0.162651,"Gregorius Magnus, Hom.in ev. 2.39 (ed. Étaix, 381, lines 45–49)",0.161229
643,Bod718.153r.1.txt,canon_unlabelled/Bod718.153r.1.txt,CORL.511.19,0.187954,CAGD.506.37,0.170703,CTOU.567.16 (15),0.164984,CTOU.567.7,0.164273,CHIP.393.8,0.158356,CEPA.517.19,0.157165,"Poen. Theod. II.6.1- 5, II.6.9-13",0.156655,CTOL.589.18,0.154776,"Caesarius, Sermo 192.4 (ed. Morin, 781, lines 7–9)",0.154545,CSAR.347.13,0.151432
644,Bod718.153r.2.txt,canon_unlabelled/Bod718.153r.2.txt,CTOU.567.7,0.209653,CTOL.589.8,0.185834,CEPA.517.9; anno 517,0.17664,CANC.314.12,0.175303,CVER.755.5,0.168015,CTOL.655.17,0.164294,CHIP.393.2,0.161714,CCHA.451.27,0.161575,CNIC.325.6,0.160228,"Poen. Theod. II.6.1- 5, II.6.9-13",0.157361
645,Bod718.153r.3.txt,canon_unlabelled/Bod718.153r.3.txt,CAGD.506.52,0.24847,CLYO.583.6,0.224812,CANC.314.12,0.197278,Stat.Eccl.Antiq. 20,0.18091,"Hermas, Libell.sanct.past., mandatum 4.1.4–8 (eds de Gebhardt– Harnack–Zahn, 79, lines 1–19)",0.174031,CCHA.451.11,0.172646,CSAR.347.9,0.170154,CNEO.315.2,0.170101,RPCO.757.5,0.167855,CTOU.567.16 (15),0.162558
646,Bod718.153v.1.txt,canon_unlabelled/Bod718.153v.1.txt,CTOL.527.4,0.255093,Ephesians.5:22,0.248429,Can.apost.41,0.233424,CHIP.393.36,0.232504,CTOL.633.51,0.208782,"Caesarius, Sermo 192.4 (ed. Morin, 781, lines 7–9)",0.20637,Capit.Martini.16,0.206051,"Hermas, Libell.sanct.past., mandatum 4.1.4–8 (eds de Gebhardt– Harnack–Zahn, 79, lines 1–19)",0.203162,CLAO.300.29,0.198793,"Gregorius Magnus, Hom.in ev. 1.17 (ed. Étaix, 121, lines 115–19)",0.194743
647,Bod718.153v.2.txt,canon_unlabelled/Bod718.153v.2.txt,CAUX.561.5,0.242926,"Caesarius, Sermo 43.5 (ed. Morin, 192, lines 2–7)",0.204525,CTOL.589.6,0.201787,CTOL.589.8,0.18914,CTOL.633.75,0.184965,CANT.328.23,0.18445,CTOL.633.51,0.182162,CAGD.506.56,0.182095,RPWO.758.17,0.176621,"Augustine, De serm.dom.in monte, 1.20.63 (ed. Mutzenbecher, 72, lines 1569–82)",0.176329
648,Bod718.153v.3.txt,canon_unlabelled/Bod718.153v.3.txt,"Augustine, Speculum 7 (ed. Weihrich, 63, lines 2–3)",0.311546,Can.apost.25,0.260907,Can.apost.35,0.229031,CTOL.397.9,0.21496,CARL.314.15,0.21158,Can.apost.40,0.200366,CHIP.393.24,0.193323,CNIC.325.2,0.193297,"Augustine, De serm.dom.in monte, 1.20.63 (ed. Mutzenbecher, 72, lines 1569–82)",0.183618,CMEA.845.60,0.169883
649,Bod718.153v.4.txt,canon_unlabelled/Bod718.153v.4.txt,CCHL.647.12,0.240359,Can.apost.6,0.206353,CEPA.517.8,0.199245,CTOL.633.51,0.19073,CTOL.589.4,0.189744,CAGD.506.50 (addit.),0.186369,CORL.549.19,0.183216,CCHA.451.4,0.182665,Can.apost.25,0.172819,CNIC.325.16,0.159981
650,Bod718.153v.5.txt,canon_unlabelled/Bod718.153v.5.txt,CNIC.325.2,0.27689,CARL.501?.25,0.269775,CEPA.517.3,0.262816,CORA.441.15,0.232672,CNEO.315.8,0.226571,CORA.441.24,0.225959,CTOL.633.46,0.214862,CNIC.325.8,0.206215,"Caesarius, Sermo 43.5 (ed. Morin, 192, lines 17–23)",0.201812,"(ed. MOMMSEN, as Gildas, Epist.deperd.fragm. 6, in Chronica minora, 88, lines 11–12; trans. WINTERBOTTOM,
Gildas, 82)",0.194439
651,Bod718.154r.1.txt,canon_unlabelled/Bod718.154r.1.txt,CVER.755.11,0.295861,CTOL.589.1,0.247173,CMEA.845.10,0.228575,CTOL.646.5,0.224002,CTOL.633.60,0.210428,CTOL.638.8,0.194219,"Poen. Theod. II.6.1- 5, II.6.9-13",0.192478,CANC.314.19,0.182357,CHIP.393.18,0.180035,CNIC.325.9,0.177965
652,Bod718.154r.2.txt,canon_unlabelled/Bod718.154r.2.txt,CCHA.451.4,0.829151,Can.apost.39,0.313455,Can.apost.40,0.30299,CCHA.451.3,0.292923,CNIC.325.2,0.246502,CANC.314.23,0.242845,CSAR.347.14,0.234307,CNIC.325.8,0.233182,Capit.Martini.16,0.228719,CCHA.451.7,0.223007
653,Bod718.154v.1.txt,canon_unlabelled/Bod718.154v.1.txt,CTOL.527.1,0.22414,CNIC.325.12,0.191765,CTOL.527.4,0.191457,CORL.541.6,0.177486,"Caesarius, Sermo 192.2 (ed. Morin, 780, lines 21–4)",0.177422,CSAR.347.13,0.176321,CLAO.300.13,0.174755,CEPA.517.3,0.171633,CARL.501?.25,0.167904,CGAN.355.9,0.166971
654,Bod718.155r.1.txt,canon_unlabelled/Bod718.155r.1.txt,CNIC.325.5,0.255061,CTOL.527.3,0.245577,CVAI.442.2,0.213716,CTOL.646.4,0.213339,CLAO.300.2,0.208784,DSIR.384.255 cap 7,0.206194,DSIR.384.255  cap. 14,0.204195,CEPA.517.30,0.197748,Can.apost.2,0.197467,CTOL.636.8,0.197112
655,Bod718.155r.2.txt,canon_unlabelled/Bod718.155r.2.txt,CTOL.633.52,0.273499,"Eusebius-Rufinus, HE 10.5 (eds Mommsen–Schwartz, II, 963, line 21)",0.227406,CAGD.506.46,0.226439,CNIC.325.15,0.194364,"Hermas, Libell.sanct.past., mandatum 4.1.4–8 (eds de Gebhardt– Harnack–Zahn, 79, lines 1–19)",0.188394,CVER.755.10,0.185879,CARL.314.11,0.183731,CTOU.567.17 (16),0.182446,CVAN.461.8,0.178767,CPAR.614.10,0.176771
656,Bod718.155r.3.txt,canon_unlabelled/Bod718.155r.3.txt,CTOL.655.6,0.225355,CVAI.442.3,0.202101,CANC.314.24,0.192101,CTUR.439.6,0.191557,CANC.314.7,0.189511,CMEA.845.60,0.181996,Can.apost.18,0.174609,CVAI.442.2,0.162885,CTOL.655.17,0.154903,Can.apost.17,0.154176
657,Bod718.155v.1.txt,canon_unlabelled/Bod718.155v.1.txt,CGAN.355.9,0.286675,CGAN.355.10,0.246698,CANC.314.9,0.215506,Can.apost.17,0.212569,CTOL.655.5,0.206165,CTOL.397.18,0.196121,RPCO.757.2,0.193738,CNEO.315.7,0.193704,DSIR.384.255  cap. 13,0.191545,CORA.441.16,0.184224
658,Bod718.155v.2.txt,canon_unlabelled/Bod718.155v.2.txt,CHIP.393.34,0.205931,CANC.314.18,0.203542,CNEO.315.11,0.197573,RPWO.758.14,0.18343,CAGD.506.4,0.18267,CARL.501?.11,0.176201,Can.apost.34,0.172295,CTOL.589.10,0.170529,CNIC.325.11,0.169367,CARL.314.12,0.165469
659,Bod718.155v.3.txt,canon_unlabelled/Bod718.155v.3.txt,"DGEL492.636 cap. 7,8",0.222855,CGAN.355.9,0.216242,CTOL.633.5,0.212788,CTOL.638.19,0.205794,CTOL.527.4,0.190314,CTOL.656.1,0.187853,CNEO.315.12,0.170333,CANC.314.24,0.17011,DSIR.384.255  cap. 13,0.169725,CNEO.315.2,0.168804
660,Bod718.155v.4.txt,canon_unlabelled/Bod718.155v.4.txt,CLAO.300.58,0.198462,Can.apost.18,0.175545,CAGD.506.52,0.174468,CTOL.633.20,0.169618,"CTOL.653.13  (excerpta canonum cap. 13)  Martinez Diez, vol. 5, pp. 475-476; text modified in W",0.169477,Can.apost.34,0.162719,CNEO.315.14,0.160938,CLAO.300.20,0.16032,CHIP.393.34,0.159128,CTOL.589.10,0.158336
661,Bod718.155v.5.txt,canon_unlabelled/Bod718.155v.5.txt,CTOL.638.10,0.205271,CANC.314.7,0.184996,Can.apost.2,0.183806,CTOL.638.15,0.17435,Can.apost.26,0.169998,CNIC.325.11,0.169001,Can.apost.5,0.16691,CANC.314.22,0.166263,CANC.314.4,0.157682,CTOL.633.71,0.150425
662,Bod718.156r.1.txt,canon_unlabelled/Bod718.156r.1.txt,RPWO.758.17,0.237591,RPCO.757.9,0.229143,CTOL.397.18,0.226635,"Eusebius-Rufinus, HE 10.5 (eds Mommsen–Schwartz, II, 963, line 21)",0.225849,CMAC.581.12,0.212565,"Gregory of Nazianzus- Rufinus, Apologeticus 114 (ed. Engelbrecht, 81, lines 17–19)",0.211941,CNEO.315.11,0.210036,CNEO.315.,0.206231,CARL.314.16,0.191584,CORA.441.14,0.186482
663,Bod718.156r.2.txt,canon_unlabelled/Bod718.156r.2.txt,CTOL.656.6,0.678268,CARL.501?.25,0.312605,CTOL.527.1,0.301937,CORL.541.6,0.263401,CTOL.656.4,0.257297,CNIC.325.12,0.253587,CTOL.656.5,0.24633,CTOL.638.6,0.239448,CTOL.633.56,0.23694,CTOL.633.55,0.236519
664,Bod718.156v.1.txt,canon_unlabelled/Bod718.156v.1.txt,CEPA.517.37,0.196107,CNIC.325.9,0.181578,CNIC.325.17,0.171321,CNIC.325.6,0.160354,CMAC.581.18,0.15912,Can.apost.24,0.153723,CEPA.517.3,0.151585,CCHA.451.2,0.145045,CGAN.355.12,0.142713,CVAL.374.4,0.141707
665,Bod718.156v.2.txt,canon_unlabelled/Bod718.156v.2.txt,CTOL.655.6,0.244818,CTOL.527.3,0.205698,CGAN.355.7,0.196496,CORL.511.3,0.191211,RPWO.758.8,0.191116,CNEO.315.8,0.189696,CCLE.535.12,0.189657,CTOL.527.4,0.186662,CTOL.527.5,0.182533,RPWO.758.18,0.181254
666,Bod718.156v.3.txt,canon_unlabelled/Bod718.156v.3.txt,CTOL.655.6,0.19831,CCHA.451.16,0.194978,RPWO.758.21,0.183416,CANC.314.19,0.171325,CNIC.325.19,0.171164,Capit.Martini.16,0.170993,"Eusebius–Rufinus, HE 9.10 (eds Mommsen–Schwartz, II, 845, lines 13–
19)",0.169585,CNEO.315.1,0.167771,RPWO.758.18,0.161188,CTOL.527.4,0.15742
667,Bod718.156v.4.txt,canon_unlabelled/Bod718.156v.4.txt,CHIP.393.2,0.464412,CVER.755.5,0.219384,CTOL.589.0 Conc. Toletana III; anno 589; PL 84 col. 384-386; combined canons?,0.212087,CNIC.325.6,0.211409,CTOL.589.18,0.202173,"Gregorius Magnus, Hom.in ev. 2.26 (ed. Étaix, 222, lines 116–19) Ps (G) 50:19",0.197144,CSAR.347.3,0.196743,CCHA.451.25,0.18907,CNIC.325.2,0.18374,CANC.314.14,0.178236
668,Bod718.157r.1.txt,canon_unlabelled/Bod718.157r.1.txt,CORL.538.36,0.205919,CORL.511.25,0.174711,CTOL.633.20,0.167076,CANC.314.13,0.16699,CARL.314.6,0.154797,CORL.538.32,0.154683,CARL.314.20,0.152788,CAGD.506.45,0.15276,CARL.501?.10,0.151509,CSAR.347.18,0.1503
669,Bod718.157r.2.txt,canon_unlabelled/Bod718.157r.2.txt,CORL.538.36,0.252496,CEPA.517.29,0.206537,CAGD.506.62,0.199937,CORL.511.24,0.197822,"Caesarius, Sermo 43.4 (ed. Morin, 191, lines 1–3)",0.196207,CORL.511.31,0.188831,CTOL.633.34,0.176085,Can.apost.16,0.174263,CTOL.633.20,0.169832,CTOL.636.5,0.164349
670,Bod718.157r.3.txt,canon_unlabelled/Bod718.157r.3.txt,"Caesarius, Sermo 2, ammonitio (ed. Morin, 18, lines 7–15)",0.240729,CAGD.506.46,0.208766,CTOL.633.52,0.190364,CSAR.347.11,0.186206,CARL.501?.23,0.178884,CTOL.633.41,0.16651,CNIC.325.12,0.156625,"Ambrose, Exp.ev.sec.Luc. lib. 9, vers. 20:24 (ed. Adriaen, 343, line 326) Source (quęrit de ... alia mundi)",0.144727,CNEO.315.5,0.140653,"Eusebius-Rufinus, HE 10.5 (eds Mommsen–Schwartz, II, 963, line 21)",0.137979
671,Bod718.157r.4.txt,canon_unlabelled/Bod718.157r.4.txt,CAGD.506.52,0.2485,CNIC.325.11,0.216227,CANC.314.7,0.200138,CANC.314.12,0.18381,CAGD.506.5,0.168505,CAGD.506.56,0.167873,CTOL.633.65,0.16378,CAGD.506.31,0.162324,CLAO.300.42,0.162256,CNEO.315.11,0.161316
672,Bod718.157r.5.txt,canon_unlabelled/Bod718.157r.5.txt,CANT.328.23,0.201459,CRIZ.439.2,0.190456,"Augustine, De serm.dom.in monte, 1.20.63 (ed. Mutzenbecher, 72, lines 1569–82)",0.182164,CTOL.655.7,0.180037,CANC.314.22,0.16318,CGAN.355.8,0.1609,CTOL.655.9,0.160238,"Gregory of Nazianzus- Rufinus, De Pentecoste et de spiritu sancto 2 (in Tyranni Rufini
orationum Gregorii Nazianzeni novem interpretatio, ed. Engelbrecht, 143, lines 8–16)",0.149468,RPCO.757.4,0.147716,"Eusebius-Rufinus, HE 10.5 (eds Mommsen–Schwartz, II, 963, line 21)",0.145362
673,Bod718.157v.1.txt,canon_unlabelled/Bod718.157v.1.txt,CNIC.325.6,0.295835,CAGD.506.37,0.210249,CTOL.589.1,0.200901,CTOL.636.6,0.192826,CTOL.633.20,0.190179,CORL.538.36,0.18705,CGAN.355.4,0.184011,CARL.501?.28,0.182168,CTOL.638.4,0.181086,CTOL.397.9,0.180244
674,Bod718.157v.2.txt,canon_unlabelled/Bod718.157v.2.txt,CNIC.325.2,0.516534,Can.apost.26,0.205613,CTOL.527.4,0.19208,CMEA.845.60,0.189574,CNIC.325.6,0.185258,CANT.328.11,0.156073,CTOL.633.75,0.151112,CANT.328.12,0.145347,CAGD.506.52,0.14279,CNIC.325.17,0.14102
675,Bod718.157v.3.txt,canon_unlabelled/Bod718.157v.3.txt,Can.apost.28,0.218207,CNEO.315.5,0.206447,CORA.441.10,0.187374,RPWO.758.5,0.186514,CTOL.633.61,0.176133,CTOL.633.75,0.175177,CTOL.638.12,0.174251,CHIP.393.14,0.173201,CANT.328.8,0.168174,CORL.511.1,0.165635
676,Bod718.157v.4.txt,canon_unlabelled/Bod718.157v.4.txt,CVAI.442.7,0.333848,Can.apost.28,0.321179,CNEO.315.5,0.302803,"Augustine, De serm.dom.in monte, 1.20.63 (ed. Mutzenbecher, 72, lines 1569–82)",0.297602,CAGD.506.38,0.266497,CTOL.636.5,0.266096,CTOL.633.32,0.264381,"(ed. MOMMSEN, as Gildas, Epist.deperd.fragm. 7, in Chronica minora, 88, lines 13–24; trans. WINTERBOTTOM,
Gildas, 82)",0.253219,"Hermas, Libell.sanct.past., mandatum 4.1.4–8 (eds de Gebhardt– Harnack–Zahn, 79, lines 1–19)",0.231108,"Poen. Theod. II.6.1- 5, II.6.9-13",0.23033
677,Bod718.157v.5.txt,canon_unlabelled/Bod718.157v.5.txt,CTOL.589.8,0.2056,CAGD.506.35,0.200874,CORL.511.28,0.198433,CTOL.633.65,0.193587,CORL.541.6,0.18807,CTOL.397.5,0.187341,CARL.314.6,0.187167,CAGD.506.62,0.184582,CAUX.561.32,0.178835,CAGD.506.52,0.171351
678,Bod718.158r.1.txt,canon_unlabelled/Bod718.158r.1.txt,CTOL.633.59,0.25045,Can.apost.20,0.224361,CMEA.845.60,0.224197,CNIC.325.9,0.204787,CTOL.397.15,0.192219,CANC.314.13,0.191655,CTOL.589.1,0.188146,CANC.314.20,0.181311,Can.apost.26,0.174275,CGAN.355.2,0.173427
679,Bod718.158r.2.txt,canon_unlabelled/Bod718.158r.2.txt,"(ed. MOMMSEN, as Gildas, Epist.deperd.fragm. 5, in Chronica minora, p. 87, line 36–p. 88, line 1; trans.
WINTERBOTTOM, Gildas, 82)",0.299556,"Jerome, Comm.in Mat.libri IV, lib. 1, vers. 6:2 (eds Hurst–Adriaen, 35, lines 723–24)",0.235545,CTOL.633.49,0.227006,CZAR.380.6,0.210871,CAGD.506.2,0.197573,CNIC.325.12,0.195724,CANT.328.16,0.189478,CTOL.527.3,0.185848,CNIC.325.7,0.180186,Can.apost.38,0.178023
680,Bod718.158r.3.txt,canon_unlabelled/Bod718.158r.3.txt,CAGD.506.46,0.248099,CAGD.506.8,0.223574,"(ed. MOMMSEN, as Gildas, Epist.deperd.fragm. 5, in Chronica minora, p. 87, line 36–p. 88, line 1; trans.
WINTERBOTTOM, Gildas, 82)",0.217456,CORL.511.28,0.208481,"Augustine, De serm.dom.in monte, 1.20.63 (ed. Mutzenbecher, 72, lines 1569–82)",0.192044,CAGD.506.62,0.188529,CTOL.633.55,0.184115,CAGD.506.2,0.174025,RPWO.758.16,0.173825,Can.apost.20,0.16797
681,Bod718.158r.4.txt,canon_unlabelled/Bod718.158r.4.txt,"Gregorius Magnus, Hom.in ev. 2.33 (ed. Étaix, 297, lines 240–48)",0.203307,Can.apost.33,0.197696,"Source unidentified, but cf. Augustine, In Iohannis euangelium tractatus, tract. 73.1 (ed. R. Willems,
CCSL 36 [Turnhout, 1954], 510, lines 23–4)",0.197051,Can.apost.46,0.196161,CARL.501?.8,0.193041,"Ambrose, Exp.ev.sec.Luc. lib. 9, vers. 20:24 (ed. Adriaen, 343, line 326) Source (quęrit de ... alia mundi)",0.192312,"John Cassian, De inst.coenob., 6.12 (ed. Petschenig, 122, lines 4–6) Source (itaque si ... conprobantur)",0.186347,RPWO.758.10,0.183138,CORL.511.22,0.172285,CAGD.506.27; anno 506,0.17198
682,Bod718.158r.5.txt,canon_unlabelled/Bod718.158r.5.txt,CARL.501?.8,0.224157,CTOL.589.22,0.216899,CANT.328.7,0.215555,"(ed. MOMMSEN, as Gildas, Epist.deperd.fragm. 4, in Chronica minora, 87, lines 19–35; trans. WINTERBOTTOM, Gildas, 81)",0.200151,CAGD.506.5,0.200109,CAGD.506.28,0.199562,CTOL.633.50,0.192345,Can.apost.43,0.188229,CTOL.633.41,0.175687,CNIC.325.16,0.175225
683,Bod718.158v.1.txt,canon_unlabelled/Bod718.158v.1.txt,CHIP.393.19,0.187444,CANC.314.7,0.183104,CTUR.439.6,0.178884,Can.apost.16,0.177806,CTOL.633.57,0.165173,CHIP.393.34,0.162008,CCHA.451.20,0.159203,CANT.328.7,0.158905,CLAO.300.42,0.156348,CTOL.633.47,0.149826
684,Bod718.158v.2.txt,canon_unlabelled/Bod718.158v.2.txt,CNEO.315.9,0.200738,CEPA.517.3,0.200688,CTOL.633.46,0.199658,CANT.328.23,0.188077,CAUX.561.23,0.186774,CAGD.506.27; anno 506,0.18084,CTOL.397.5,0.173707,CNIC.325.2,0.173665,CHIP.393.39,0.167268,"Augustine, De serm.dom.in monte, 1.20.63 (ed. Mutzenbecher, 72, lines 1569–82)",0.163693
685,Bod718.158v.3.txt,canon_unlabelled/Bod718.158v.3.txt,"Eusebius-Rufinus, HE 10.5 (eds Mommsen–Schwartz, II, 963, line 21)",0.243389,"Ambrose, Exp.ev.sec.Luc. lib. 9, vers. 20:24 (ed. Adriaen, 343, line 326) Source (quęrit de ... alia mundi)",0.222834,"Jerome, Comm.in IV ep.Paul., ad Tit. vers. 3:1–2 (PL 26, col. 590D)",0.205389,RPWO.758.8,0.205089,RPCO.757.9,0.198788,CTOL.655.17,0.193767,CTOU.567.19 (18),0.192686,CTOL.633.39,0.191697,RPWO.758.17,0.190142,CARL.501?.8,0.187247
686,Bod718.159r.1.txt,canon_unlabelled/Bod718.159r.1.txt,CVAI.442.6,0.238106,CAGD.506.31,0.215649,CTOL.589.16,0.215335,CARL.501?.8,0.213631,CTOL.636.2,0.209198,CAGD.506.5,0.206512,CTOL.655.17,0.206447,RPWO.758.8,0.205413,CTOL.638.16,0.18573,"Caesarius, Sermo 154.4 (ed. Morin, 630, lines 3–6 [codd. ZG8])",0.18133
687,Bod718.159r.2.txt,canon_unlabelled/Bod718.159r.2.txt,CGAN.355.16,0.252792,CNEO.315.10,0.233407,CGAN.355.17,0.192623,Can.apost.26,0.180545,CTOL.655.9,0.177673,CTOL.655.6,0.174089,CAGD.506.44,0.171123,Can.apost.33,0.165082,CTOL.636.3,0.164336,CTOL.633.70,0.162672
688,Bod718.159r.3.txt,canon_unlabelled/Bod718.159r.3.txt,CTOL.636.8,0.268201,CTOL.589.11,0.227409,"Poen. Theod. II.6.1- 5, II.6.9-13",0.21254,CAGD.506.2,0.211447,CORL.511.22,0.195366,CAGD.506.38,0.195135,CVAI.442.7,0.184315,CTOL.638.7,0.179891,CARL.314.21,0.178112,CORA.441.3,0.178089
689,Bod718.159v.1.txt,canon_unlabelled/Bod718.159v.1.txt,Can.apost.11,0.277681,CAUX.561.38,0.220217,CMAC.581.7,0.197646,CANT.328.23,0.187034,CNIC.325.3,0.181581,CTOL.397.7,0.170955,"Caesarius, Sermo 43.4 (ed. Morin, 191, lines 1–3)",0.153227,CTOL.646.3,0.151598,CANC.314.22,0.15052,"Caesarius, Sermo 43.5 (ed. Morin, 192, lines 2–7)",0.144064
690,Bod718.159v.2.txt,canon_unlabelled/Bod718.159v.2.txt,Can.apost.11,0.378915,CORA.441.10,0.285902,CANT.328.6,0.279191,CTOL.633.18,0.27469,CAUX.561.10,0.226417,CAUX.561.38,0.221227,CARL.501?.8,0.218575,CTOL.633.4,0.209884,CNIC.325.5,0.205746,"cf. Poen. Theodori, capp. III.3, III.4, III.5; Wasserschleben, p. 204",0.205513
691,Bod718.159v.3.txt,canon_unlabelled/Bod718.159v.3.txt,CTOL.638.15,0.203456,CVAL.374.4,0.200397,CTOL.397.5,0.194326,CAGD.506.37,0.192643,CTOL.638.11,0.190967,CANC.314.7,0.185857,CAUX.561.8,0.177324,CNIC.325.11,0.175721,CAGD.506.52,0.175655,CTOL.633.52,0.174278
692,Bod718.159v.4.txt,canon_unlabelled/Bod718.159v.4.txt,Can.apost.11,0.213461,Can.apost.28,0.20601,CCHA.451.27,0.18848,CORL.541.29,0.182626,CANC.314.24,0.182391,CORL.511.16,0.170668,CAGD.506.5,0.161142,CTOL.638.12,0.158382,CNIC.325.3,0.155413,CNIC.325.5,0.15509
693,Bod718.160r.1.txt,canon_unlabelled/Bod718.160r.1.txt,CANT.328.2,0.47815,Can.apost.10,0.411887,Capit.Martini.16,0.306098,Can.apost.39,0.282254,CANT.328.24,0.276144,CTOL.397.13,0.237651,Can.apost.31,0.232789,CNIC.325.5,0.222713,Can.apost.40,0.218597,CORA.441.10,0.207708
694,Bod718.160r.2.txt,canon_unlabelled/Bod718.160r.2.txt,DSIR.384.255 cap 7,0.185674,CMAC.585.1,0.182402,CVAI.442.7,0.178015,CAGD.506.62,0.177081,CTOL.633.61,0.173567,CTOL.598.12,0.173078,CTOL.589.17,0.170424,"Caesarius, Sermo 43.5 (ed. Morin, 192, lines 2–7)",0.164701,CTOL.397.7,0.161153,CMEA.845.60,0.154103
695,Bod718.160r.3.txt,canon_unlabelled/Bod718.160r.3.txt,Can.apost.11,0.192423,CAUX.561.38,0.173708,CTOL.397.12,0.173527,RPWO.758.5,0.173042,CORL.511.31,0.171892,CORA.441.14,0.166185,"cf. Poen. Theodori, capp. III.3, III.4, III.5; Wasserschleben, p. 204",0.156896,Can.apost.40,0.156782,CLAO.300.58,0.153926,CORL.511.3,0.153199
696,Bod718.160r.4.txt,canon_unlabelled/Bod718.160r.4.txt,"Jerome, Comm.in IV ep.Paul., ad Tit. vers. 2:9–10 (PL 26, col. 585C–D)",0.253408,CTOL.636.2,0.247248,CNIC.325.5,0.245322,CVAI.442.4,0.239456,CAGD.506.32,0.22663,CANT.328.14,0.21599,Can.apost.25,0.210457,CTOL.636.5,0.208512,CVAI.442.7,0.206372,CSAR.347.10,0.20633
697,Bod718.160v.1.txt,canon_unlabelled/Bod718.160v.1.txt,CSAR.347.3,0.223474,CHIP.393.2,0.217171,CLAO.300.23,0.214917,CARL.314.18,0.210106,Can.apost.3,0.209782,CTOL.638.18,0.207647,CNIC.325.6,0.205422,CTOL.589.18,0.204826,CTOL.633.20,0.195011,CTOL.397.3,0.190086
698,Bod718.160v.2.txt,canon_unlabelled/Bod718.160v.2.txt,Can.apost.12,0.190399,CLAO.300.58,0.185826,CNIC.325.6,0.182588,CORL.511.1,0.18214,CTOL.397.9,0.170166,CSAR.347.3,0.169863,CHIP.393.12,0.163327,CANT.328.12,0.160746,Can.apost.46,0.159376,RPCO.757.5,0.157679
699,Bod718.161r.1.txt,canon_unlabelled/Bod718.161r.1.txt,CTOL.397.6,0.169132,CNIC.325.11,0.168218,CARL.314.12,0.165229,CTOL.589.4,0.164983,CNIC.325.6,0.163185,CARL.501?.22,0.161016,CANT.328.19,0.156762,CANT.328.23,0.151581,CARL.501?.11,0.150995,CCHA.451.16,0.147595
700,Bod718.161r.2.txt,canon_unlabelled/Bod718.161r.2.txt,CSAR.347.8,0.239708,CMEA.845.60,0.223598,CHIP.393.10,0.216749,CAGD.506.62,0.215593,"Gregorius Nazianzus-Rufinus, Apologeticus 72 (ed. Engelbrecht, 56, lines 20–3",0.21184,DSIR.384.255 cap 7,0.210467,CTOL.633.24,0.195059,"Augustine, De serm.dom.in monte, 1.20.63 (ed. Mutzenbecher, 72, lines 1569–82)",0.19086,CLAO.300.52,0.185726,CNIC.325.11,0.18276
701,Bod718.161r.3.txt,canon_unlabelled/Bod718.161r.3.txt,CTOL.633.55,0.210906,CNIC.325.12,0.21085,CARL.501?.25,0.207693,CAGD.506.2,0.198237,CANC.314.7,0.189585,CEPA.517.3,0.188391,"Gennadius, Lib.eccl.dogm. 22 (ed. Turner, 94, lines 13–18; cf. recensio vulgata, c. 23
[PL 42, col. 1218])",0.181299,Can.apost.31,0.174991,CTOL.636.4,0.169685,CNIC.325.4,0.157075
702,Bod718.161r.4.txt,canon_unlabelled/Bod718.161r.4.txt,CORL.538.9,0.346792,Can.apost.25,0.313587,CAGD.506.5,0.285813,CORL.511.1,0.233707,CAGD.506.50 (addit.),0.226657,CORL.511.2,0.223208,Capit.Martini.14,0.21993,CTOL.633.75,0.218389,CAUX.561.8,0.206134,"Source unidentified, but cf. Ps.-Clemens–Rufinus, Recognitiones 4.21 (eds Rehm–Paschke, 157,
line 20)",0.204235
703,Bod718.161r.5.txt,canon_unlabelled/Bod718.161r.5.txt,CORL.511.29,0.304193,CTOL.527.3,0.273151,CNIC.325.3,0.241941,CTOL.633.42,0.239826,CANC.314.23,0.233317,CHIP.393.16,0.230143,CSAR.347.14,0.213731,CSAR.347.1,0.182402,CARL.501?.3,0.178285,CAUX.561.35,0.177826
704,Bod718.161v.1.txt,canon_unlabelled/Bod718.161v.1.txt,CARL.501?.4,0.327372,RPWO.758.7,0.286626,CORA.441.14,0.268049,RPWO.758.20,0.259432,CNEO.315.14,0.226107,CNEO.315.10,0.168795,CTOL.655.13,0.163536,Can.apost.16,0.163097,CTOL.397.9,0.1585,CARL.501?.20,0.155898
705,Bod718.161v.2.txt,canon_unlabelled/Bod718.161v.2.txt,CORL.511.29,0.31134,CNIC.325.3,0.210411,CANC.314.23,0.207406,CORL.541.29,0.203099,CTOL.397.6,0.201947,CTOL.527.3,0.199956,CTOL.527.5,0.183064,CNIC.325.5,0.182989,"Ps.-Clemens-Rufinus, Recognitiones 2.72 (eds Rehm–Paschke, 94,
lines 4–8)",0.182584,CVAI.442.6,0.181678
706,Bod718.162r.1.txt,canon_unlabelled/Bod718.162r.1.txt,CTOL.527.3,0.29506,CORL.511.29,0.245148,CAGD.506.39,0.218158,CTOL.589.13,0.21782,CORA.441.14,0.203054,CNIC.325.3,0.200087,CTOL.589.23,0.189117,CORL.541.29,0.189026,CAGD.506.28,0.185901,CAGD.506.8,0.184597
707,Bod718.162r.2.txt,canon_unlabelled/Bod718.162r.2.txt,Can.apost.45,0.243413,CORL.511.31,0.217983,CTOU.567.19 (18),0.182414,CARL.501?.17,0.173051,CTOL.646.6,0.165677,CTOL.633.11,0.162087,CORL.541.6,0.156032,CLAO.300.6,0.153485,CSAR.347.10,0.151663,CEPA.517.19,0.149397
708,Bod718.162r.3.txt,canon_unlabelled/Bod718.162r.3.txt,CAGD.506.8,0.308309,CTOL.633.75,0.231242,CORL.538.32,0.217446,CMAC.581.9,0.208335,CLAO.300.23,0.203331,CAGD.506.18,0.201513,CARL.314.7,0.193243,CTOU.567.19 (18),0.188619,Can.apost.12,0.188208,CAGD.506.52,0.173916
709,Bod718.162r.4.txt,canon_unlabelled/Bod718.162r.4.txt,CORL.511.1,0.635675,Capit.Martini.14,0.395658,Can.apost.10,0.381921,Can.apost.40,0.312561,CTOL.397.5,0.302275,CTOL.527.4,0.277787,Can.apost.39,0.266842,Can.apost.41,0.266537,CORL.511.3,0.263627,Can.apost.36,0.251881
710,Bod718.162v.1.txt,canon_unlabelled/Bod718.162v.1.txt,CORL.511.11,0.490652,CTOL.527.2,0.18871,CCHA.451.20,0.183443,Can.apost.48,0.181532,CTOL.633.52,0.175854,"Caesarius, Sermo 43.5 (ed. Morin, 192, lines 2–7)",0.175484,CARL.314.3,0.173949,CTOL.633.71,0.168628,Can.apost.24,0.167911,CARL.314.5,0.167012
711,Bod718.162v.2.txt,canon_unlabelled/Bod718.162v.2.txt,CORL.511.12,0.516688,CNIC.325.11,0.189913,CNIC.325.13,0.18869,"Gennadius, Lib.eccl.dogm. 22 (ed. Turner, 94, lines 13–18; cf. recensio vulgata, c. 23
[PL 42, col. 1218])",0.187614,CORA.441.14,0.18437,CTOL.638.9,0.183563,CNEO.315.12,0.174963,CANC.314.7,0.174489,CORA.441.2,0.166665,CORA.441.1,0.156295
712,Bod718.163r.1.txt,canon_unlabelled/Bod718.163r.1.txt,CORL.511.2,0.525468,CCHA.451.27,0.261955,CARL.501?.22,0.2393,CANC.314.10,0.228444,CNIC.325.9,0.224065,Can.apost.12,0.205647,CANT.328.15,0.193764,CTOL.397.9,0.193686,CTOL.589.0 Conc. Toletana III; anno 589; PL 84 col. 384-386; combined canons?,0.191218,CARL.501?.28,0.190712
713,Bod718.163r.2.txt,canon_unlabelled/Bod718.163r.2.txt,CGAN.355.8,0.257193,CGAN.355.7,0.228513,CGAN.355.4,0.221983,CAGD.506.4,0.213443,CTOL.633.33,0.21092,CVAI.442.4,0.204262,CARL.501?.28,0.203892,CARL.501?.22,0.194514,CGAN.355.10,0.192006,CNIC.325.13,0.190203
714,Bod718.163r.3.txt,canon_unlabelled/Bod718.163r.3.txt,CVAI.442.5,0.269753,CAGD.506.31,0.25299,Can.apost.38,0.175392,CLAO.300.58,0.156754,CARL.314.22,0.151742,CHIP.393.33,0.148173,CGAN.355.4,0.147389,CEPA.517.4,0.147125,CTOL.397.7,0.146966,RPWO.758.18,0.145684
715,Bod718.163r.4.txt,canon_unlabelled/Bod718.163r.4.txt,CVAI.442.9,0.461718,CGAN.355.8,0.218059,CTOL.589.1,0.212806,Can.apost.23,0.197447,CTOL.589.18,0.184647,"Caesarius, Sermo 54.4 (ed. Morin, 238, lines 15–16)",0.182043,CORL.538.36,0.179115,CTOL.397.9,0.174159,CAGD.506.35,0.172428,CVAI.442.6,0.1719
716,Bod718.163r.5.txt,canon_unlabelled/Bod718.163r.5.txt,CTOL.397.3,0.184954,CEPA.517.29,0.177026,CARL.314.16,0.174665,RPWO.758.8,0.172023,CAGD.506.62,0.167985,CORL.538.36,0.158687,CNIC.325.14,0.154548,CAGD.506.37,0.154462,CMEA.845.60,0.152942,RPWO.758.7,0.152829
717,Bod718.163r.6.txt,canon_unlabelled/Bod718.163r.6.txt,Ephesians.5:22,0.264331,Capit.Martini.16,0.243308,Can.apost.41,0.229333,CANC.314.7,0.214693,CNIC.325.8,0.202923,Can.apost.40,0.199564,CTOL.638.15,0.194839,CNIC.325.11,0.191088,CTOL.527.4,0.187035,Can.apost.10,0.186163
718,Bod718.163v.1.txt,canon_unlabelled/Bod718.163v.1.txt,CANC.314.23,0.29015,CAUX.561.4,0.289494,CORL.511.30,0.272293,"Augustine, Speculum 7 (ed. Weihrich, 63, lines 2–3)",0.239519,CTOL.633.58,0.230842,CTOL.633.29,0.228643,CEPA.517.3,0.219685,CNIC.325.17,0.202454,CNIC.325.8,0.196756,CARL.501?.25,0.187007
719,Bod718.163v.2.txt,canon_unlabelled/Bod718.163v.2.txt,CORL.549.20,0.367621,Can.apost.39,0.256505,CTOL.527.4,0.224974,Can.apost.41,0.213332,CTOL.633.38,0.199181,Can.apost.40,0.192131,CANC.314.7,0.189818,CTOL.636.8,0.188471,"Gregorius Magnus, Hom.in ev. 1.17 (ed. Étaix, 121, lines 115–19)",0.185224,CLAO.300.58,0.180379
720,Bod718.163v.3.txt,canon_unlabelled/Bod718.163v.3.txt,CARL.314.13,0.561257,CNIC.325.17,0.236629,CARL.501?.22,0.186914,"Augustine, Speculum 7 (ed. Weihrich, 63, lines 2–3)",0.176628,CAGD.506.4,0.167858,CARL.501?.28,0.162527,CGAN.355.8,0.159686,CNIC.325.19,0.154195,CGAN.355.7,0.15382,CARL.314.2,0.153125
721,Bod718.164r.1.txt,canon_unlabelled/Bod718.164r.1.txt,CARL.314.12,0.443744,CANC.314.7,0.247536,CNIC.325.11,0.241019,CLAO.300.58,0.222549,CTOL.638.15,0.215113,CTOL.636.6,0.200387,CTOL.633.63,0.197009,Can.apost.31,0.185802,CAGD.506.4,0.178219,CANC.314.6,0.177325
722,Bod718.164r.2.txt,canon_unlabelled/Bod718.164r.2.txt,CHIP.393.12,0.446044,Can.apost.46,0.243589,CAGD.506.25,0.230508,CNIC.325.6,0.224248,CGAN.355.4,0.216746,CLAO.300.12,0.212162,CTOL.589.0 Conc. Toletana III; anno 589; PL 84 col. 384-386; combined canons?,0.197307,CLAO.300.10,0.195835,CORA.441.1,0.191223,CHIP.393.14,0.188792
723,Bod718.164r.3.txt,canon_unlabelled/Bod718.164r.3.txt,CORA.441.5,0.668585,CORL.511.15,0.249064,CTOL.633.66,0.233467,CORL.511.23,0.21255,CTOL.397.5,0.202405,CORL.511.3,0.199701,CMEA.845.60,0.194771,CNIC.325.11,0.186151,CEPA.517.8,0.183565,Can.apost.31,0.180326
724,Bod718.164r.4.txt,canon_unlabelled/Bod718.164r.4.txt,CORA.441.6,0.418573,CEPA.517.8,0.295771,CORL.511.8,0.224965,CANC.314.7,0.2119,CORL.538.5,0.207023,CTOL.633.73,0.205068,CANC.314.9,0.198239,CAGD.506.51,0.19759,CPAR.614.10,0.193776,CORL.511.3,0.190924
725,Bod718.164r.5.txt,canon_unlabelled/Bod718.164r.5.txt,CLAO.300.12,0.275296,"Eusebius-Rufinus, HE 10.2 (eds Mommsen–Schwartz, II, 961, lines 10–19)",0.252027,CAGD.506.62,0.25184,CORL.511.1,0.233517,CCHA.451.9,0.229627,CTOL.633.64,0.222231,"Augustine, Sermo 392 (PL 39, col. 1710)",0.21989,CHIP.393.17,0.214291,Can.apost.46,0.211169,CSAR.347.3,0.207287
726,Bod718.164r.6.txt,canon_unlabelled/Bod718.164r.6.txt,CORL.511.26,0.296006,CTOL.527.4,0.210022,CORL.511.3,0.192167,CLAO.300.12,0.174826,CTOU.567.19 (18),0.170136,"Source unidentified, but cf. Ps.-Clemens–Rufinus, Recognitiones 4.21 (eds Rehm–Paschke, 157,
line 20)",0.167002,CLAO.300.13,0.165483,CTOL.633.13,0.162277,CORA.441.10,0.160782,Can.apost.28,0.160116
727,Bod718.164v.1.txt,canon_unlabelled/Bod718.164v.1.txt,CORL.511.26,0.520152,"cf. Poen. Theodori, capp. III.3, III.4, III.5; Wasserschleben, p. 204",0.270141,CTOL.633.18,0.244204,RPCO.757.9,0.239416,CAGD.506.44,0.237528,"Caesarius, Sermo 43.5 (ed. Morin, 192, lines 17–23)",0.235508,RPWO.758.3,0.221226,CTOL.633.52,0.212844,RPWO.758.21,0.199734,Unidentified,0.197257
728,Bod718.164v.2.txt,canon_unlabelled/Bod718.164v.2.txt,CTOL.589.23,0.551825,CANC.314.23,0.265242,CAGD.506.39,0.235296,CANC.314.16,0.22408,CCHA.451.18,0.199749,CTOL.589.17,0.19763,CHIP.393.9,0.193039,"Ambrose, De spirit.sanct.3.6 (ed. Faller, 164–65, lines 12–22) Source (et ideo ... caritatis affectu)",0.187712,CARL.314.11,0.186378,CAUX.561.5,0.182902
729,Bod718.164v.3.txt,canon_unlabelled/Bod718.164v.3.txt,CLAO.300.58,0.525219,CGAN.355.4,0.292791,CAGD.506.4,0.261076,CNIC.325.20,0.160443,CTOL.638.15,0.159652,CGAN.355.7,0.157975,CLAO.300.13,0.155863,CLAO.300.26,0.155621,Can.apost.48,0.15316,CPAR.614.10,0.146853
730,Bod718.164v.4.txt,canon_unlabelled/Bod718.164v.4.txt,CTOL.655.3,0.248163,"Gregorius Magnus, Hom.in ev. 2.26 (ed. Étaix, 222, lines 116–19) Ps (G) 50:19",0.205879,Can.apost.34,0.204103,CTOL.655.6,0.181167,CVAI.442.2,0.180753,CHIP.393.8,0.178944,CTUR.439.6,0.173158,CORL.549.19,0.162069,"Ambrose, Exp.ev.sec.Luc., lib. 10, c. 87 (ed. Adriaen, 371, lines 846–49]",0.16184,CORA.441.3,0.161621
731,Bod718.165r.1.txt,canon_unlabelled/Bod718.165r.1.txt,CTOU.567.18 (17),0.485903,CGAN.355.18,0.354507,CMAC.581.9,0.33332,CAUX.561.11,0.331486,CSAR.347.14,0.315643,Can.apost.8,0.30835,CTOU.567.19 (18),0.283446,"Gregory of Nazianzus- Rufinus, De Pentecoste et de spiritu sancto 2 (in Tyranni Rufini
orationum Gregorii Nazianzeni novem interpretatio, ed. Engelbrecht, 143, lines 8–16)",0.280005,CSAR.347.10,0.275719,CANT.328.20,0.267753
732,Bod718.165r.2.txt,canon_unlabelled/Bod718.165r.2.txt,CGAN.355.18,0.285672,CAGD.506.26,0.273692,"Jerome, Comm.in IV ep.Paul., ad Tit. vers. 3:1–2 (PL 26, col. 590D)",0.261429,Can.apost.8,0.25469,CORA.441.5,0.247704,CMAC.581.9,0.239447,CTOU.567.18 (17),0.235472,CTOU.567.19 (18),0.224647,CLAO.300.46,0.211425,"Caesarius, Sermo 192.4 (ed. Morin, 781, lines 7–9)",0.21019
733,Bod718.165v.1.txt,canon_unlabelled/Bod718.165v.1.txt,CTOU.567.19 (18),0.339117,CTOL.633.13,0.279813,CTOL.633.10,0.258223,CANT.328.16,0.245465,CARL.314.7,0.227867,CORL.511.31,0.2231,CTOL.589.21,0.222621,"Ambrose, Exp.ev.sec.Luc. lib. 9, vers. 20:24 (ed. Adriaen, 343, line 326) Source (quęrit de ... alia mundi)",0.208141,CLAO.300.51,0.208117,CAUX.561.9,0.197041
734,Bod718.165v.2.txt,canon_unlabelled/Bod718.165v.2.txt,CTOL.527.3,0.27014,CTOL.655.17,0.266994,CVAI.442.6,0.266611,CTOL.633.75,0.254837,Unidentified,0.243034,CTUR.439.6,0.240683,CTOL.633.17,0.234887,CTOL.636.7,0.231708,CORL.511.26,0.219601,CTOL.638.17,0.213237
735,Bod718.166r.1.txt,canon_unlabelled/Bod718.166r.1.txt,Capit.Martini.16,0.280892,Can.apost.41,0.28,CTOL.397.5,0.266444,Can.apost.39,0.256823,Can.apost.40,0.232841,CCHA.451.25,0.222044,Capit.Martini.14,0.216172,CTOL.655.16,0.215315,Can.apost.30,0.21099,Can.apost.31,0.208791
736,Bod718.166r.2.txt,canon_unlabelled/Bod718.166r.2.txt,Capit.Martini.14,0.189449,Can.apost.26,0.184725,CANC.314.7,0.183915,"(ed. WARE, S. Patricio adscripta opuscula, 47) 
Source unidentified",0.176439,CTOL.589.9,0.175807,CHIP.393.34,0.167028,CANC.314.10,0.158579,CORL.538.12,0.155399,CORL.538.26 (23),0.155025,CHIP.393.33,0.154874
737,Bod718.166r.3.txt,canon_unlabelled/Bod718.166r.3.txt,CORL.538.26 (23),0.289281,CEPA.517.8,0.28834,CPAR.614.10,0.246381,CTOL.655.4,0.242302,CLAO.300.58,0.241836,CTOL.638.5,0.230566,CANC.314.14,0.214909,CTOL.655.16,0.21488,CTOL.638.15,0.210896,CANC.314.7,0.210759
738,Bod718.166v.1.txt,canon_unlabelled/Bod718.166v.1.txt,Can.apost.40,0.299032,CPAR.614.10,0.2305,CEPA.517.8,0.227354,Capit.Martini.14,0.227311,CORL.538.26 (23),0.22716,CTOL.655.1,0.222152,Can.apost.25,0.216444,Can.apost.26,0.215238,CTOL.527.4,0.212757,CTOL.655.5,0.209353
739,Bod718.167r.1.txt,canon_unlabelled/Bod718.167r.1.txt,Can.apost.40,0.397193,Capit.Martini.16,0.336621,Capit.Martini.14,0.327101,Can.apost.39,0.32299,Can.apost.41,0.306437,CTOL.527.4,0.288667,CTOL.589.9,0.279644,Can.apost.10,0.275136,CTOL.397.5,0.259082,CANT.328.24,0.25585
740,Bod718.167r.2.txt,canon_unlabelled/Bod718.167r.2.txt,CAGD.506.56,0.590202,CEPA.517.8,0.540243,Ephesians.5:22,0.21646,CTOL.633.66,0.208878,CVER.755.20,0.20499,CTOL.589.6,0.197616,CORL.511.2,0.197367,CSAR.347.3,0.19133,CTOL.633.68,0.186406,CORL.511.19,0.185563
741,Bod718.167r.3.txt,canon_unlabelled/Bod718.167r.3.txt,CAGD.506.56,0.226643,CAGD.506.62,0.220638,CSOI.744.3,0.219492,CGAN.355.3,0.21641,CTOL.633.68,0.209054,CEPA.517.8,0.193338,CGAN.355.18,0.192754,CNIC.325.6,0.188165,CTOL.633.47,0.181282,CTOL.633.51,0.176461
742,Bod718.167v.1.txt,canon_unlabelled/Bod718.167v.1.txt,CTOL.655.1,0.336728,CTOL.527.4,0.274184,Can.apost.26,0.247073,Can.apost.41,0.242778,CTOL.655.14,0.215368,Can.apost.39,0.212609,Can.apost.40,0.209673,Capit.Martini.14,0.206181,CGAN.355.4,0.197082,CCHA.451.10,0.190329
743,Bod718.167v.2.txt,canon_unlabelled/Bod718.167v.2.txt,CTOL.633.67,0.367615,Can.apost.39,0.318982,Can.apost.40,0.296798,CTOL.527.4,0.288343,Can.apost.10,0.255584,Capit.Martini.14,0.25216,CTOL.397.5,0.245168,CTOL.655.16,0.24515,Can.apost.41,0.242517,CTOL.655.14,0.242167
744,Bod718.167v.3.txt,canon_unlabelled/Bod718.167v.3.txt,Can.apost.45,0.290749,CARL.314.7,0.252399,CANC.314.23,0.231354,CORA.441.7,0.205662,CMAC.581.12,0.190143,CAUX.561.9,0.188331,CAGD.506.21,0.184044,CAUX.561.7,0.174241,CTOL.655.3,0.167097,CHIP.393.28,0.164696
745,Bod718.167v.4.txt,canon_unlabelled/Bod718.167v.4.txt,"Jerome, Epistola 52, ad Nepotianum (ed. Hilberg, I, 435, line )",0.229872,"Isidore, De eccl.offic. 1.43 (ed. Lawson, 48, lines 16–20)",0.223765,CTOL.633.4,0.194054,CANT.328.3,0.193725,CAUX.561.3,0.193079,CANC.314.4,0.187389,CNIC.325.20,0.187033,"Gennadius, Lib.eccl.dogm. 22 (ed. Turner, 94, lines 13–18; cf. recensio vulgata, c. 23
[PL 42, col. 1218])",0.184947,CTOL.633.10,0.183914,CARL.314.7,0.176537
746,Bod718.168r.1.txt,canon_unlabelled/Bod718.168r.1.txt,CCHL.647.15,0.226152,"Poen. Theod. II.6.1- 5, II.6.9-13",0.224443,CAGD.506.27; anno 506,0.22382,CTOL.589.4,0.220428,CVER.755.10,0.219328,CTOL.633.52,0.206193,CAUX.561.23,0.205303,CHIP.393.4,0.203518,CGAN.355.17,0.199498,CCHL.647.12,0.199043
747,Bod718.168r.2.txt,canon_unlabelled/Bod718.168r.2.txt,CHIP.393.29,0.615538,CMEA.845.60,0.256051,CTOL.527.4,0.241924,CHIP.393.26,0.216272,Can.apost.41,0.208875,CNEO.315.7,0.204789,CLAO.300.28,0.199962,Can.apost.31,0.189944,Can.apost.36,0.178957,CORL.511.3,0.177862
748,Bod718.168r.3.txt,canon_unlabelled/Bod718.168r.3.txt,"Augstine, De consensu evangelistarum 2.30 (ed. F. Weihrich, CSEL 43 [Vienna, 1904], 177,
lines 14–24)",0.237235,CLAO.300.58,0.18918,CGAN.355.7,0.172555,CLAO.300.28,0.170627,Can.apost.14,0.17042,CTOL.589.8,0.162026,Can.apost.36,0.158725,Capit.Martini.16,0.154849,CGAN.355.2,0.154125,CGAN.355.11,0.152673
749,Bod718.168r.4.txt,canon_unlabelled/Bod718.168r.4.txt,CGAN.355.6,0.264309,Can.apost.3,0.260341,"Eusebius-Rufinus, HE 10.2 (eds Mommsen–Schwartz, II, 961, lines 10–19)",0.247769,"Gregorius Magnus, Hom.in ev. 2.33 (ed. Étaix, 297, lines 240–48)",0.239038,CVAI.442.4,0.233058,CTOL.397.5,0.23177,"Jerome, Comm.in IV ep.Paul., ad Tit. vers. 3:1–2 (PL 26, col. 590D)",0.227857,CMEA.845.60,0.225396,CGAN.355.5,0.221595,CSAR.347.16,0.220762
750,Bod718.168v.1.txt,canon_unlabelled/Bod718.168v.1.txt,CSAR.347.9,0.24696,CAGD.506.62,0.241241,CANC.314.11,0.228041,CEPA.517.3,0.223511,CANC.314.9,0.217862,CLAO.300.58,0.213567,CARL.501?.1,0.211062,CSAR.347.10,0.209434,CANC.314.12,0.196267,CAGD.506.14,0.195351
751,Bod718.168v.2.txt,canon_unlabelled/Bod718.168v.2.txt,Can.apost.7,0.342569,CORL.538.32,0.319528,Can.apost.31,0.279145,CCHA.451.3,0.254689,CTOL.633.56,0.242798,Can.apost.41,0.214915,Can.apost.40,0.214632,CNIC.325.2,0.198947,CNIC.325.17,0.192704,CANC.314.7,0.192122
752,Bod718.168v.3.txt,canon_unlabelled/Bod718.168v.3.txt,Can.apost.7,0.286766,Can.apost.41,0.284311,Ephesians.5:22,0.273747,Can.apost.39,0.262778,CCHA.451.3,0.259033,CORL.538.32,0.230192,CTOL.633.56,0.22952,Can.apost.40,0.227061,"Isidore, De eccl.offic. 1.43 (ed. Lawson, 48, lines 16–20)",0.212268,Can.apost.31,0.207898
753,Bod718.169r.1.txt,canon_unlabelled/Bod718.169r.1.txt,Can.apost.41,0.354955,Can.apost.39,0.329001,Can.apost.40,0.309536,CTOL.633.56,0.292736,CTOL.527.4,0.274886,Capit.Martini.16,0.256325,CNIC.325.2,0.22774,CANT.328.1,0.225773,Can.apost.7,0.211927,CLAO.300.12,0.206103
754,Bod718.169r.2.txt,canon_unlabelled/Bod718.169r.2.txt,CNIC.325.17,0.742477,CARL.501?.14,0.302073,Can.apost.44,0.289844,CCHA.451.3,0.241697,CCHA.451.2,0.237322,CCHA.451.7,0.195067,CAGD.506.45,0.188315,CHIP.393.22,0.187622,"John Cassian, De inst.coenob., 6.12 (ed. Petschenig, 122, lines 4–6)",0.181335,"(ed. MOMMSEN, as Gildas, Epist.deperd.fragm. 3, in Chronica minora, 86, lines 17–21; trans. WINTERBOTTOM, Gildas, 80)",0.17523
755,Bod718.169r.3.txt,canon_unlabelled/Bod718.169r.3.txt,CCHA.451.2,0.278403,CHIP.393.22,0.261719,CCHA.451.3,0.251789,CNIC.325.17,0.249953,CHIP.393.15,0.248451,CEPA.517.8,0.198751,CHIP.393.8,0.19589,Ephesians.5:22,0.191671,CAGD.506.52,0.186912,CSAR.347.10,0.184399
756,Bod718.169v.1.txt,canon_unlabelled/Bod718.169v.1.txt,CORL.538.32,0.225934,CLAO.300.53,0.217937,CTOL.636.4,0.216625,CNIC.325.17,0.202708,CTOL.633.58,0.196349,CTOL.633.50,0.192914,CLAO.300.52,0.19196,CTOL.636.5,0.189516,CTOL.589.20,0.18928,CTOL.638.4,0.184382
757,Bod718.169v.2.txt,canon_unlabelled/Bod718.169v.2.txt,CHIP.393.26,0.670313,CHIP.393.27,0.170197,CHIP.393.29,0.169117,CORL.511.3,0.167843,CEPA.517.3,0.154462,CANT.328.11,0.154097,CMAC.581.12,0.153925,CCHA.451.10,0.143646,Can.apost.12,0.142212,CANC.314.5,0.140309
758,Bod718.169v.3.txt,canon_unlabelled/Bod718.169v.3.txt,CLAO.300.24,0.514236,CLAO.300.23,0.192237,CORA.441.24,0.18431,CORA.441.17,0.179711,Can.apost.41,0.174802,CORA.441.14,0.173899,CNIC.325.14,0.169903,CTOL.633.50,0.164442,CAGD.506.62,0.158481,CNEO.315.5,0.158084
759,Bod718.170r.1.txt,canon_unlabelled/Bod718.170r.1.txt,CTOL.589.1,0.188567,CAGD.506.62,0.163243,CGAN.355.8,0.162631,CTOL.638.11,0.16245,CTOL.633.20,0.161333,CAGD.506.41,0.1543,CGAN.355.7,0.151647,CARL.314.18,0.150305,Can.apost.29,0.150224,CTOL.638.4,0.1499
760,Bod718.170r.2.txt,canon_unlabelled/Bod718.170r.2.txt,CTOL.633.4,0.397254,CAGD.506.38,0.277319,"Eusebius-Rufinus, HE 10.5 (eds Mommsen–Schwartz, II, 963, line 21)",0.274312,"Gratian, D. 5 de cons. c. 19",0.269398,CLAO.300.23,0.267842,CNIC.325.12,0.262367,CSAR.347.11,0.249704,CEPA.517.38,0.236553,CANT.328.16,0.234769,CTOL.633.18,0.233331
761,Bod718.170r.3.txt,canon_unlabelled/Bod718.170r.3.txt,CORL.511.26,0.235829,CTOL.633.49,0.212465,CORL.511.31,0.177164,"Eusebius-Rufinus, HE 10.5 (eds Mommsen–Schwartz, II, 963, line 21)",0.174901,Unidentified,0.173999,CNEO.315.11,0.173117,CRIZ.439.6,0.165436,CTOL.397.5,0.165267,CTOL.397.11,0.165249,CLAO.300.42,0.164026
762,Bod718.170r.4.txt,canon_unlabelled/Bod718.170r.4.txt,CORL.511.3,0.229626,RPWO.758.17,0.219193,CORL.511.26,0.218754,CARL.314.15,0.212726,CANT.328.16,0.190313,"Caesarius, Sermo 43.3 (ed. Morin, 191, lines 13–19)",0.190253,CAGD.506.37,0.187948,CEPA.517.38,0.186554,CTOU.567.17 (16),0.173581,CTOL.589.17,0.166316
763,Bod718.170r.5.txt,canon_unlabelled/Bod718.170r.5.txt,CTOL.397.5,0.652349,CNIC.325.8,0.258746,CTOL.527.4,0.23336,Can.apost.10,0.217437,Can.apost.31,0.206962,Can.apost.36,0.198705,CSAR.347.6,0.18889,CSAR.347.5,0.186807,CLAO.300.57,0.180417,CTOL.397.16,0.179856
764,Bod718.170v.1.txt,canon_unlabelled/Bod718.170v.1.txt,CAGD.506.2,0.86617,CANC.314.19,0.23511,CTOL.633.71,0.213141,CORL.511.28,0.206791,CTOL.638.13,0.199082,CANC.314.4,0.191147,CNIC.325.7,0.182104,CARL.501?.23,0.17671,DSIR.384.255  cap. 13,0.1755,CTOL.527.1,0.172118
765,Bod718.170v.2.txt,canon_unlabelled/Bod718.170v.2.txt,CAGD.506.37,0.4325,CHIP.393.20,0.36225,CARL.501?.25,0.339226,CCHA.451.21,0.312391,CARL.314.15,0.298341,CTOL.397.6,0.282709,CTOL.633.64,0.280723,CTOL.638.11,0.275461,CARL.501?.24,0.267292,CORL.511.1,0.259023
766,Bod718.170v.3.txt,canon_unlabelled/Bod718.170v.3.txt,CEPA.517.22,0.574319,CORL.511.9,0.515506,CSAR.347.9,0.18928,CARL.501?.25,0.178327,CAGD.506.63,0.175214,Can.apost.37,0.168708,CAGD.506.52,0.167093,CNEO.315.13,0.162324,CNEO.315.7,0.160729,CHIP.393.28,0.159347
767,Bod718.171r.1.txt,canon_unlabelled/Bod718.171r.1.txt,CEPA.517.19,0.457242,CAGD.506.37,0.260743,CARL.501?.28,0.231625,CAGD.506.5,0.227774,CCHA.451.27,0.187079,CORL.511.3,0.177613,CCHA.451.21,0.166617,CANT.328.11,0.160489,CTOL.638.11,0.159985,CNEO.315.12,0.158015
768,Bod718.171r.2.txt,canon_unlabelled/Bod718.171r.2.txt,CVAN.461.8,0.512839,CAGD.506.38,0.383946,"Eusebius-Rufinus, HE 10.5 (eds Mommsen–Schwartz, II, 963, line 21)",0.224242,CEPA.517.9; anno 517,0.198988,"Gratian, D. 5 de cons. c. 19",0.198848,CTOL.655.5,0.183474,CANT.328.9,0.183006,CTOL.633.52,0.180073,CANC.314.17,0.169321,CHIP.393.31,0.16818
769,Bod718.171r.3.txt,canon_unlabelled/Bod718.171r.3.txt,CEPA.517.9; anno 517,0.346031,CEPA.517.9,0.289056,CCHL.647.12,0.213617,CAGD.506.62,0.198606,CAGD.506.56,0.193178,CAGD.506.52,0.172332,CARL.501?.11,0.164631,CORL.511.31,0.16339,Can.apost.28,0.161751,CGAN.355.4,0.156476
770,Bod718.171r.4.txt,canon_unlabelled/Bod718.171r.4.txt,CCHL.647.16,0.277138,"Poen. Theod. II.6.1- 5, II.6.9-13",0.220299,CEPA.517.9,0.209496,CAUX.561.23,0.202792,CEPA.517.9; anno 517,0.20046,CTOU.567.7,0.181893,CHIP.393.21,0.175253,CORL.511.16,0.169689,"cf. Poen. Theodori, capp. III.3, III.4, III.5; Wasserschleben, p. 204",0.167945,Can.apost.48,0.166782
771,Bod718.171r.5.txt,canon_unlabelled/Bod718.171r.5.txt,CAGD.506.55,0.244104,CAGD.506.27; anno 506,0.221172,CGAN.355.7,0.219422,"Gregorius Magnus, Hom.in ev. 2.39 (ed. Étaix, 381, lines 45–49)",0.209243,RPWO.758.6,0.206876,CLYO.583.6,0.20466,CCHA.451.5,0.199929,RPWO.758.5,0.168961,CTOL.589.0 Conc. Toletana III; anno 589; PL 84 col. 384-386; combined canons?,0.168415,CNEO.315.13,0.165357
772,Bod718.171r.6.txt,canon_unlabelled/Bod718.171r.6.txt,"cf. Poen. Theodori, capp. III.3, III.4, III.5; Wasserschleben, p. 204",0.261497,CAGD.506.27; anno 506,0.219573,CAGD.506.52,0.21032,CVER.755.20,0.190111,CORL.511.31,0.185546,"Poen. Theod. II.6.1- 5, II.6.9-13",0.183017,CTOL.397.5,0.169816,CAGD.506.35,0.168964,CARL.501?.1,0.167867,Can.apost.34,0.162547
773,Bod718.171r.7.txt,canon_unlabelled/Bod718.171r.7.txt,CAGD.506.27; anno 506,0.262222,CHIP.393.33,0.195177,"Poen. Theod. II.6.1- 5, II.6.9-13",0.18186,CSAR.347.19,0.167474,CARL.501?.22,0.16083,CTOL.633.50,0.154095,CARL.314.6,0.15282,CNEO.315.12,0.152527,CTOL.589.4,0.151362,CNIC.325.16,0.148883
774,Bod718.171v.1.txt,canon_unlabelled/Bod718.171v.1.txt,CGAN.355.19,0.190135,CCHA.451.3,0.176368,CGAN.355.4,0.170547,CNIC.325.17,0.170495,CCHA.451.21,0.170301,CAGD.506.26,0.161667,CNIC.325.11,0.159022,CORA.441.14,0.158836,CORL.541.29,0.146344,CNEO.315.12,0.14401
775,Bod718.171v.2.txt,canon_unlabelled/Bod718.171v.2.txt,CGAN.355.18,0.395661,CORL.511.31,0.32679,CAUX.561.42,0.261724,CAGD.506.18,0.209675,Can.apost.23,0.172486,CAGD.506.12,0.16909,CARL.314.1,0.168812,CTOL.527.4,0.163625,CLAO.300.51,0.163132,Can.apost.33,0.162912
776,Bod718.171v.3.txt,canon_unlabelled/Bod718.171v.3.txt,CLAO.300.12,0.216709,CCHA.451.2,0.214925,"Caesarius, Sermo 43.1 (ed. Morin, 190, lines 21–25)",0.201314,CNIC.325.11,0.186127,CNIC.325.17,0.179636,CNIC.325.2,0.178846,Can.apost.23,0.177931,CSAR.347.13,0.177791,CTOL.636.3,0.173228,CGAN.355.13,0.173202
777,Bod718.171v.4.txt,canon_unlabelled/Bod718.171v.4.txt,CORL.511.16,0.233597,Can.apost.24,0.229639,CANC.314.7,0.202405,CAGD.506.4,0.194036,RPWO.758.16,0.184038,CLAO.300.26,0.179974,CTOL.633.61,0.179558,CLAO.300.13,0.178805,CORA.441.14,0.177368,Can.apost.34,0.17691
778,Bod718.171v.5.txt,canon_unlabelled/Bod718.171v.5.txt,CORL.511.16,0.305257,CNIC.325.11,0.270211,CNIC.325.8,0.245002,CTOL.589.21,0.231636,CTOL.633.38,0.22627,CHIP.393.17,0.21996,CARL.501?.11,0.205522,CANT.328.25,0.200175,CORA.441.14,0.195277,CTOL.633.66,0.190615
779,Bod718.171v.6.txt,canon_unlabelled/Bod718.171v.6.txt,Can.apost.20,0.281583,CLAO.300.23,0.228855,CANC.314.9,0.201609,CLAO.300.42,0.200796,CARL.501?.1,0.198575,Can.apost.2,0.194103,CORA.441.22,0.192415,CTOL.633.24,0.177133,CTOL.589.23,0.174801,CTOL.638.13,0.17056
780,Bod718.171v.7.txt,canon_unlabelled/Bod718.171v.7.txt,CNIC.325.10,0.292204,CAGD.506.2,0.260173,Can.apost.20,0.223573,CORL.541.29,0.210201,CNIC.325.6,0.210048,CORL.538.32,0.197364,CTOL.638.13,0.196991,CCHA.451.21,0.189722,CLAO.300.20,0.18532,CARL.501?.1,0.182966
781,Bod718.171v.8.txt,canon_unlabelled/Bod718.171v.8.txt,CORL.541.29,0.26422,CNIC.325.17,0.239094,CCHA.451.21,0.209266,CANT.328.8,0.2018,CVAI.442.4,0.196512,"(ed. MOMMSEN, as Gildas, Epist.deperd.fragm. 3, in Chronica minora, 86, lines 21–4; trans. WINTERBOTTOM, Gildas, 80)",0.193002,CLAO.300.58,0.19056,CTOL.633.75,0.188141,CLAO.300.12,0.187734,CCHA.451.13,0.176761
782,Bod718.172r.1.txt,canon_unlabelled/Bod718.172r.1.txt,CORL.511.16,0.234752,CCHA.451.11,0.227139,CNIC.325.11,0.216624,Can.apost.40,0.212491,Can.apost.41,0.205831,CCHA.451.21,0.20382,Capit.Martini.16,0.199538,Can.apost.39,0.181498,CORL.541.29,0.180781,CGAN.355.11,0.178482
783,Bod718.172r.2.txt,canon_unlabelled/Bod718.172r.2.txt,CAGD.506.38,0.276181,"Augustine, De serm.dom.in monte, 1.20.63 (ed. Mutzenbecher, 72, lines 1569–82)",0.262056,CVAI.442.7,0.238964,"Gregorius Magnus, Hom.in ev. 2.26 (ed. Étaix, 222, lines 116–19) Ps (G) 50:19",0.234204,CTOL.598.12,0.229831,Can.apost.28,0.221979,"GREG.MAG. Hom.in ev. 2.26 (ed. Étaix, 222, lines 98–102) Gregorius Magnus, Hom.in ev. 2.26 (ed. Étaix, 222, lines 109–11) GREG.MAG. Hom.in ev. 2.22 (ed. Étaix, 191, lines 272–76)",0.219373,CTOL.589.20,0.207023,"Caesarius, Sermo 154.4 (ed. Morin, 630, lines 3–6 [codd. ZG8])",0.203151,CAGD.506.2,0.200558
784,Bod718.172r.3.txt,canon_unlabelled/Bod718.172r.3.txt,CCHA.451.21,0.197345,CARL.314.6,0.191501,CORA.441.14,0.186697,CAGD.506.52,0.174577,CVAI.442.7,0.172855,CAGD.506.26,0.169129,RPWO.758.5,0.168796,CLAO.300.58,0.159609,CEPA.517.37,0.156131,CARL.501?.28,0.152181
785,Bod718.172r.4.txt,canon_unlabelled/Bod718.172r.4.txt,CORL.538.32,0.257595,CAGD.506.32,0.198094,CORL.541.29,0.185922,Capit.Martini.61,0.173375,CLAO.300.42,0.160853,Can.apost.28,0.158971,CLAO.300.20,0.157715,CLAO.300.58,0.155858,CCHA.451.21,0.155199,CNEO.315.11,0.151097
786,Bod718.172r.5.txt,canon_unlabelled/Bod718.172r.5.txt,CGAN.355.5,0.277325,"Jerome, Advers.Iovin.libri II, 1.14 (PL 23, col. 233A) Source (igitur ... alio uiro) Jerome, Advers.Iovin.libri II, 1.14 (PL 23, col. 233B)",0.2272,CLAO.300.58,0.227092,RPCO.757.5,0.205641,CORA.441.28,0.184497,CLAO.300.42,0.180818,RPWO.758.5,0.179346,CAUX.561.35,0.178053,"Hermas, Libell.sanct.past., mandatum 4.1.4–8 (eds de Gebhardt– Harnack–Zahn, 79, lines 1–19)",0.174203,CAGD.506.5,0.167343
787,Bod718.172r.6.txt,canon_unlabelled/Bod718.172r.6.txt,RPWO.758.15,0.205501,CCHA.451.27,0.196376,CAGD.506.44,0.188689,CNIC.325.6,0.18501,CAGD.506.37,0.181577,CHIP.393.34,0.179597,CORL.511.16,0.178774,CGAN.355.4,0.177218,CORL.538.32,0.175838,RPWO.758.5,0.174435
788,Bod718.172r.7.txt,canon_unlabelled/Bod718.172r.7.txt,"Caesarius, Sermo 43.5 (ed. Morin, 192, lines 17–23)",0.293391,CAGD.506.44,0.282083,CORL.511.26,0.223072,CTOL.636.9,0.218173,CANC.314.24,0.20841,CORL.511.14,0.200055,CAGD.506.14,0.192563,CORA.441.19,0.19231,CANC.314.10,0.191814,CGAN.355.10,0.188904
789,Bod718.172v.1.txt,canon_unlabelled/Bod718.172v.1.txt,CTOL.527.4,0.35657,Can.apost.41,0.342699,Can.apost.39,0.298017,Capit.Martini.16,0.262983,CTOL.638.5,0.254935,CTOL.397.5,0.252651,Can.apost.40,0.250818,Can.apost.10,0.232187,Capit.Martini.14,0.23058,CTOL.397.16,0.229954
790,Bod718.172v.2.txt,canon_unlabelled/Bod718.172v.2.txt,Can.apost.41,0.253898,CORL.511.16,0.216421,Can.apost.40,0.215007,CLAO.300.12,0.200491,CTOL.633.56,0.188753,CNIC.325.11,0.182224,CTOL.527.4,0.182003,Capit.Martini.16,0.178525,Can.apost.39,0.178318,CANC.314.4,0.166146
791,Bod718.172v.3.txt,canon_unlabelled/Bod718.172v.3.txt,CLAO.300.13,0.203497,CLAO.300.12,0.199417,CNIC.325.11,0.199228,CTOL.633.56,0.186643,Can.apost.40,0.184961,CTOL.397.15,0.176833,CHIP.393.12,0.176284,Can.apost.41,0.167679,CTOL.655.2,0.16732,CANC.314.4,0.163084
792,Bod718.172v.4.txt,canon_unlabelled/Bod718.172v.4.txt,CORA.441.27,0.522325,CORA.441.21,0.216504,CNIC.325.9,0.21614,CANC.314.23,0.214276,CHIP.393.18,0.212397,CEPA.517.3,0.205537,CORL.541.6,0.196699,CTOL.633.56,0.19295,CANC.314.18,0.191207,Can.apost.46,0.189717
793,Bod718.172v.5.txt,canon_unlabelled/Bod718.172v.5.txt,CORA.441.12,0.368665,CNIC.325.11,0.210865,CARL.501?.28,0.208557,CANC.314.7,0.199284,Can.apost.14,0.18272,CARL.501?.22,0.167781,CORA.441.14,0.166533,CORL.538.26 (23),0.155799,CAUX.561.8,0.15472,Can.apost.36,0.147765
794,Bod718.172v.6.txt,canon_unlabelled/Bod718.172v.6.txt,CORA.441.14,0.512698,CARL.314.6,0.252677,Can.apost.41,0.216046,CAGD.506.50 (addit.),0.209929,CAGD.506.8,0.19608,Can.apost.20,0.190401,CORL.511.15,0.181853,CVER.755.11,0.178431,CORL.511.20,0.172335,Unidenfied,0.17083
795,Bod718.173r.1.txt,canon_unlabelled/Bod718.173r.1.txt,CORA.441.14,0.216596,CEPA.517.9,0.214702,CEPA.517.3,0.205445,CEPA.517.37,0.187574,CHIP.393.17,0.180565,CNIC.325.11,0.176314,CAGD.506.62,0.174417,Can.apost.46,0.173455,CNEO.315.10,0.170654,CAGD.506.56,0.170468
796,Bod718.173r.2.txt,canon_unlabelled/Bod718.173r.2.txt,CORA.441.13,0.792714,CORA.441.14,0.647912,CTOL.638.19,0.211917,"John Cassian, Collationes 20.8 (ed. Petschenig, p. 561, line 9–p. 562, line 4)",0.183469,CHIP.393.32,0.180273,"(ed. MOMMSEN, as Gildas, Epist.deperd.fragm. 7, in Chronica minora, 88, lines 13–24; trans. WINTERBOTTOM,
Gildas, 82)",0.17893,CAGD.506.62,0.175717,"Ps.-Clemens–Rufinus, Recognitiones 6.18 (eds Rehm–Paschke, 155, lines 17–20)",0.173816,CANC.314.11,0.173764,CANC.314.16,0.172541
797,Bod718.173r.3.txt,canon_unlabelled/Bod718.173r.3.txt,CORA.441.14,0.481027,CNIC.325.14,0.326366,CORA.441.17,0.251305,CAGD.506.8,0.235299,CNEO.315.5,0.206148,Can.apost.46,0.201363,CNEO.315.12,0.199926,CNEO.315.6,0.184082,Can.apost.47,0.182189,CTOL.633.57,0.172499
798,Bod718.173r.4.txt,canon_unlabelled/Bod718.173r.4.txt,CORA.441.15,0.56524,CARL.501?.25,0.249706,CTOL.633.73,0.217944,CCHA.451.10,0.21772,CANT.328.13,0.189916,CNIC.325.1,0.187082,CORA.441.14,0.180974,Can.apost.16,0.179061,CNIC.325.10,0.167196,Can.apost.7,0.164731
799,Bod718.173r.5.txt,canon_unlabelled/Bod718.173r.5.txt,CORA.441.14,0.517083,Can.apost.41,0.26878,CTOL.397.5,0.197949,Can.apost.39,0.196834,CTOL.589.8,0.189294,CANT.328.25,0.186803,CORL.511.15,0.184809,Capit.Martini.16,0.18159,CTOL.589.21,0.17268,CTOL.397.10,0.17077
800,Bod718.173v.1.txt,canon_unlabelled/Bod718.173v.1.txt,CARL.314.5,0.568057,CARL.501?.20,0.498373,CARL.314.4,0.484091,CARL.501?.18,0.218165,CTOL.636.9,0.202986,CORL.511.16,0.191118,CNEO.315.13,0.174565,CARL.314.7,0.163336,CARL.501?.22,0.162879,CNIC.325.2,0.16114
801,Bod718.173v.2.txt,canon_unlabelled/Bod718.173v.2.txt,CNEO.315.10,0.213893,CAGD.506.2,0.189457,CANC.314.7,0.180269,CTOL.655.16,0.174988,CGAN.355.8,0.169632,CANC.314.4,0.166125,CTOL.397.5,0.165504,CTOL.397.19,0.164402,CARL.314.7,0.163512,CLAO.300.58,0.161982
802,Bod718.173v.3.txt,canon_unlabelled/Bod718.173v.3.txt,Can.apost.10,0.354909,CORL.511.3,0.320693,CTOL.397.5,0.30983,Can.apost.31,0.274694,CORA.441.5,0.256748,Can.apost.40,0.254731,CAGD.506.8,0.232037,CTOL.527.4,0.226617,CNIC.325.9,0.215358,Capit.Martini.14,0.208019
803,Bod718.173v.4.txt,canon_unlabelled/Bod718.173v.4.txt,Can.apost.10,0.271025,CORL.511.3,0.269225,CTOL.655.16,0.258451,CTOL.655.14,0.247576,CTOL.633.72,0.229274,Can.apost.31,0.215262,CNIC.325.9,0.211538,CEPA.517.8,0.205015,Capit.Martini.16,0.200069,CORA.441.5,0.188859
804,Bod718.173v.5.txt,canon_unlabelled/Bod718.173v.5.txt,CTOL.397.11,0.572861,CSAV.859.12,0.227083,CTOL.589.16,0.221308,RPWO.758.8,0.220178,CVER.755.5,0.21908,CTOL.397.5,0.217552,RPCO.757.6,0.206609,CANT.328.16,0.202695,CSAR.347.17,0.182308,"Gregorius Magnus, Hom.in ev. 2.33 (ed. Étaix, 297, lines 240–48)",0.179871
805,Bod718.174r.1.txt,canon_unlabelled/Bod718.174r.1.txt,CORL.511.30,0.514613,CAUX.561.4,0.247606,"Augustine, Speculum 7 (ed. Weihrich, 63, lines 2–3)",0.220648,CTOL.527.4,0.189907,CAGD.506.18,0.186816,CARL.314.9,0.185907,CNIC.325.8,0.18132,RPWO.758.10,0.170626,"Caesarius, Sermo 192.4 (ed. Morin, 781, lines 7–9)",0.164525,CANC.314.23,0.161975
806,Bod718.174r.2.txt,canon_unlabelled/Bod718.174r.2.txt,CCHA.451.18,0.855853,CCHA.451.27,0.224787,CANC.314.3,0.216566,CANC.314.4,0.194852,"cf. Jerome, Epistola 22, ad Eustochium (ed. Hilberg, I, 160, line 3)",0.191933,CANC.314.1,0.177911,"Augustine, Speculum 7 (ed. Weihrich, 63, lines 2–3)",0.174384,"(ed. MOMMSEN, as Gildas, Epist.deperd.fragm. 3, in Chronica minora, 86, lines 17–21; trans. WINTERBOTTOM, Gildas, 80)",0.173733,CTOL.638.11,0.173582,CTOL.633.29,0.170909
807,Bod718.174r.3.txt,canon_unlabelled/Bod718.174r.3.txt,CAGD.506.52,0.203084,CAGD.506.62,0.196523,CORA.441.14,0.181548,Can.apost.31,0.166174,CTOL.636.8,0.163855,CANC.314.19,0.163334,CTOL.633.65,0.158997,CGAN.355.12,0.157522,CTOL.638.11,0.144801,CTOL.655.11,0.14439
808,Bod718.174r.4.txt,canon_unlabelled/Bod718.174r.4.txt,RPWO.758.8,0.178796,CTOL.633.4,0.172846,CTOU.567.17 (16),0.172039,"Gregorius Magnus, Hom.in ev. 2.33 (ed. Étaix, 297, lines 240–48)",0.169622,CORL.511.22,0.166934,"Hermas, Libell.sanct.past., mandatum 4.1.4–8 (eds de Gebhardt– Harnack–Zahn, 79, lines 1–19)",0.163178,CSAR.347.11,0.152159,"Ambrose, Exp.ev.sec.Luc. lib. 9, vers. 20:24 (ed. Adriaen, 343, line 326) Source (quęrit de ... alia mundi)",0.151523,CTOU.567.19 (18),0.14846,CORL.511.3,0.148399
809,Bod718.174v.1.txt,canon_unlabelled/Bod718.174v.1.txt,CAGD.506.39,0.313496,CNEO.315.10,0.274463,"Jerome, Comm.in IV ep.Paul., ad Tit. vers. 2:9–10 (PL 26, col. 585C–D)",0.265929,CNEO.315.4,0.262959,"(ed. MOMMSEN, as Gildas, Epist.deperd.fragm. 4, in Chronica minora, 87, lines 19–35; trans. WINTERBOTTOM, Gildas, 81)",0.257422,CGAN.355.19,0.23758,CTOL.633.6,0.236315,"Caesarius, Sermo 2, ammonitio (ed. Morin, 18, lines 7–15)",0.234364,CTOL.656.4,0.231239,"Gregory of Nazianzus- Rufinus, In semet.de agr.regr. 13 (ed. Engelbrecht, 182, lines 9–11)",0.2289
810,Bod718.175r.1.txt,canon_unlabelled/Bod718.175r.1.txt,CANC.314.16,0.263006,CNEO.315.10,0.235714,"Gregory of Nazianzus- Rufinus, In semet.de agr.regr. 14 (ed. Engelbrecht, 184, lines 17–18)",0.23057,CAGD.506.39,0.22819,CTOL.633.52,0.224809,CTOL.527.5,0.216485,"Caesarius, Sermo 43.5 (ed. Morin, 192, lines 2–7)",0.208533,CHIP.393.29,0.205209,"Jerome, Comm.in Mat.libri IV, lib. 1, vers. 6:2 (eds Hurst–Adriaen, 35, lines 723–24)",0.204247,CAGD.506.61,0.200594
811,Bod718.175v.1.txt,canon_unlabelled/Bod718.175v.1.txt,CNIC.325.11,0.285246,CARL.501?.11,0.231657,CANC.314.7,0.231328,CHIP.393.37,0.230878,CARL.501?.16,0.198744,CTOL.633.58,0.182972,CNIC.325.14,0.182606,CNIC.325.13,0.178566,Can.apost.12,0.176275,CSEV.619.10,0.175056
812,Bod718.175v.2.txt,canon_unlabelled/Bod718.175v.2.txt,CANC.314.14,0.222721,RPWO.758.15,0.195048,Can.apost.47,0.193778,CORL.541.19,0.188806,CGAN.355.8,0.18689,CANC.314.7,0.186388,CNIC.325.13,0.180936,Can.apost.34,0.180827,CAGD.506.4,0.175424,Can.apost.50,0.17437
813,Bod718.176r.1.txt,canon_unlabelled/Bod718.176r.1.txt,CHIP.393.39,0.630065,CORA.441.14,0.249899,CHIP.393.37,0.24619,CHIP.393.32,0.228022,CARL.314.9,0.227029,CORA.441.13,0.217515,"Caesarius, Sermo 43.3 (ed. Morin, 191, lines 13–19)",0.214458,CARL.501?.11,0.202839,RPWO.758.6,0.198778,CHIP.393.28,0.19418
814,Bod718.176r.2.txt,canon_unlabelled/Bod718.176r.2.txt,"John Cassian, Collationes 20.8 (ed. Petschenig, p. 561, line 9–p. 562, line 4)",0.260888,CTOL.589.3,0.247955,CTOL.397.20,0.244809,CCHA.451.11,0.241051,CANT.328.8,0.217229,CSAR.347.8,0.208909,CORA.441.2,0.207858,CNEO.315.7,0.193617,CSAR.347.9,0.192111,CANC.314.12,0.183701
815,Bod718.176v.1.txt,canon_unlabelled/Bod718.176v.1.txt,"John Cassian, Collationes 20.8 (ed. Petschenig, p. 561, line 9–p. 562, line 4)",0.34125,CCHA.451.11,0.234751,CHIP.393.39,0.216225,CSAR.347.8,0.216036,CVER.755.11,0.21573,Can.apost.11,0.213798,"Gregorius Magnus, Hom.in ev. 2.26 (ed. Étaix, 222, lines 116–19) Ps (G) 50:19",0.211466,"Gregory of Nazianzus- Rufinus, Apologeticus 115 (ed. Engelbrecht, 82, lines 11–12)",0.189148,CORL.511.31,0.186244,CHIP.393.28,0.186008
816,Bod718.177r.1.txt,canon_unlabelled/Bod718.177r.1.txt,CTOL.589.22,0.304258,CAUX.561.14,0.265589,Can.apost.48,0.261214,RPWO.758.20,0.235505,CARL.501?.19,0.219815,"Poen. Theod. II.6.1- 5, II.6.9-13",0.216521,CAUX.561.12,0.208956,CTOL.633.6,0.2007,CORL.511.18,0.193258,CHIP.393.4,0.190389
817,Bod718.177r.2.txt,canon_unlabelled/Bod718.177r.2.txt,CGAN.355.7,0.203345,CANT.328.2,0.193588,CORL.511.16,0.185958,Can.apost.39,0.179306,CAGD.506.55,0.175201,CNIC.325.13,0.173407,CANC.314.7,0.172846,CORL.511.31,0.170272,Can.apost.10,0.168376,CAGD.506.18,0.16775
818,Bod718.177v.1.txt,canon_unlabelled/Bod718.177v.1.txt,Capit.Martini.14,0.226516,"Augustine, Sermo 392 (PL 39, col. 1710)",0.220609,Can.apost.46,0.206516,CTOL.397.5,0.198795,CSAR.347.15,0.195696,CSAR.347.8,0.189752,Can.apost.45,0.189171,CTOL.598.12,0.186653,"Gregorius Magnus, Hom.in ev. 2.39 (ed. Étaix, 381, lines 45–49)",0.184811,CSAR.347.6,0.178292
819,Bod718.178r.1.txt,canon_unlabelled/Bod718.178r.1.txt,CHIP.393.39,0.223658,Can.apost.50,0.206221,CAGD.506.37,0.20169,CVAI.442.4,0.191546,CORL.511.16,0.178119,CCHA.451.5,0.176794,RPWO.758.20,0.176742,CAGD.506.62,0.169756,RPWO.758.15,0.167623,CANT.328.8,0.167346
820,Bod718.178r.2.txt,canon_unlabelled/Bod718.178r.2.txt,CANT.328.12,0.234168,CNEO.315.7,0.224631,CTOL.633.36,0.218227,CANT.328.4,0.217348,CHIP.393.24,0.20532,CTOL.589.18,0.19345,CANT.328.20,0.189884,CNIC.325.15,0.185724,CTOL.397.20,0.182764,CNEO.315.12,0.17773
821,Bod718.178v.1.txt,canon_unlabelled/Bod718.178v.1.txt,CVER.755.20,0.221629,Unidenfied,0.212229,CTOL.638.14,0.195939,CAGD.506.5,0.192142,CSAR.347.8,0.189013,"Source unidentified, but cf. Eucherius of Lyon, Instructionum ad Salonium libri II, lib. 2 (ed. C.
Mandolfo, CCSL 66 [Turnhout, 2004], 201–03, lines 263–65)",0.181931,Can.apost.12,0.180297,CCHA.451.27,0.173334,"Eusebius-Rufinus, HE 10.2 (eds Mommsen–Schwartz, II, 961, lines 10–19)",0.172787,CTOL.633.67,0.172586
822,Bod718.178v.2.txt,canon_unlabelled/Bod718.178v.2.txt,CANC.314.3,0.277463,CCHA.451.18,0.239031,CAUX.561.12,0.205031,CAUX.561.17,0.201321,CHIP.393.4,0.190839,"CMEA.845.0 ""Canon extravagans 2"", Conc. Meaux, a. 845; unique to this ms, apud MGH Conc. III p. 129",0.190724,"Caesarius, Sermo 43.5 (ed. Morin, 192, lines 2–7)",0.189741,CTOL.589.17,0.185869,CTOL.589.22,0.180255,"cf. Jerome, Epistola 22, ad Eustochium (ed. Hilberg, I, 160, line 3)",0.175979
823,Bod718.178v.3.txt,canon_unlabelled/Bod718.178v.3.txt,CORL.541.29,0.195212,CTOU.567.7,0.189523,CNEO.315.4,0.189342,"Hermas, Libell.sanct.past., mandatum 4.1.4–8 (eds de Gebhardt– Harnack–Zahn, 79, lines 1–19)",0.189062,"cf. Jerome, Epistola 22, ad Eustochium (ed. Hilberg, I, 160, line 3)",0.184878,"(ed. MOMMSEN, as Gildas, Epist.deperd.fragm. 3, in Chronica minora, 86, lines 21–4; trans. WINTERBOTTOM, Gildas, 80)",0.174327,CANC.314.12,0.172932,"Augustine, Serm.de vet.test. 9.20 (ed. Lambot, 146, line 694–96)",0.171566,CNIC.325.3,0.160823,"Gregorius Magnus, Hom.in ev. 2.33 (ed. Étaix, 297, lines 240–48)",0.159391
824,Bod718.178v.4.txt,canon_unlabelled/Bod718.178v.4.txt,"cf. Jerome, Epistola 22, ad Eustochium (ed. Hilberg, I, 160, line 3)",0.196947,CNEO.315.1,0.188852,CTOL.527.4,0.182696,CAUX.561.43,0.179614,"Hermas, Libell.sanct.past., mandatum 4.1.4–8 (eds de Gebhardt– Harnack–Zahn, 79, lines 1–19)",0.174003,CANC.314.7,0.166295,CANT.328.24,0.163945,Can.apost.40,0.161761,CORL.541.29,0.148941,CNIC.325.11,0.14887
825,Bod718.178v.5.txt,canon_unlabelled/Bod718.178v.5.txt,"cf. Jerome, Epistola 22, ad Eustochium (ed. Hilberg, I, 160, line 3)",0.423376,CNIC.325.10,0.295736,CNIC.325.19,0.288338,CHIP.393.39,0.264649,CNIC.325.15,0.262854,CNIC.325.5,0.258872,CNIC.325.16,0.257931,CNIC.325.3,0.248806,CSAR.347.11,0.242479,CNIC.325.18,0.238156
826,Brn425.14r.2.txt,canon_unlabelled/Brn425.14r.2.txt,CTOL.638.8,0.816369,CTOL.646.2,0.295745,DSIR.384.255 cap 7,0.293821,CTOL.527.1,0.282457,CAGD.506.61,0.275194,CTOL.656.4,0.255625,CTOL.655.17,0.254535,"Isidore, De eccl.offic. 2.20 (ed. Lawson, 91, lines 40–43)",0.253361,CTOL.655.8,0.252322,CTOL.638.6,0.244825
827,Brn425.14v.2.txt,canon_unlabelled/Brn425.14v.2.txt,CHIP.393.30,0.36266,"Gregorius Magnus, Hom.in ev. 2.26 (ed. Étaix, 222, lines 116–19) Ps (G) 50:19",0.257304,CTOL.638.8,0.235483,CARL.501?.22,0.231097,CTOL.633.3,0.228828,CTOL.636.8,0.217291,"Gennadius, Lib.eccl.dogm. 46 (ed. Turner, 98, lines 1–7; cf. recensio vulgata, c. 47 [PL
42, col. 1220])",0.208305,CTOL.397.2,0.207407,CLAO.300.2,0.20379,CLYO.567.5,0.198613
828,Brn425.14v.3.txt,canon_unlabelled/Brn425.14v.3.txt,"Gregorius Magnus, Hom.in ev. 2.26 (ed. Étaix, 222, lines 116–19) Ps (G) 50:19",0.243819,Stat.Eccl.Antiq. 20,0.228879,CNIC.325.11,0.210279,Can.apost.6,0.193984,CTOL.633.32,0.188086,"cf. Poen. Theodori, capp. III.3, III.4, III.5; Wasserschleben, p. 204",0.186231,CSAV.859.12,0.185801,CARL.314.11,0.178729,CNIC.325.5,0.177386,"Gregorius Magnus, Hom.in ev. 2.39 (ed. Étaix, 381, lines 45–49)",0.174094
829,Brn425.15v.2.txt,canon_unlabelled/Brn425.15v.2.txt,CTOL.589.12,0.187324,CAGD.506.15,0.179206,CANC.314.5,0.176207,CNIC.325.2,0.166935,CARL.501?.9,0.154398,CTOL.638.7,0.152363,CARL.501?.23,0.152201,CANC.314.15,0.149823,CTOL.589.11,0.148185,CTOL.633.55,0.144907
830,Brn425.15v.3.txt,canon_unlabelled/Brn425.15v.3.txt,CORA.441.3,0.288474,CNIC.325.13,0.284825,CAGD.506.15,0.246383,CARL.501?.17,0.232022,CARL.314.6,0.219102,CORA.441.16,0.195232,CVAI.442.2,0.187073,CORL.538.8,0.184806,CORA.441.17,0.174669,CNIC.325.14,0.168664
831,Brn425.15v.5.txt,canon_unlabelled/Brn425.15v.5.txt,CHIP.393.30,0.758104,"Gennadius, Lib.eccl.dogm. 46 (ed. Turner, 98, lines 1–7; cf. recensio vulgata, c. 47 [PL
42, col. 1220])",0.266382,CTOL.397.2,0.261979,CTOL.589.11,0.254503,CORA.441.3,0.247708,CANT.328.14,0.222283,CSAR.347.5,0.206533,CARL.501?.18,0.202276,CTOL.636.8,0.20077,CTOL.598.12,0.185502
832,Brn425.16r.1.txt,canon_unlabelled/Brn425.16r.1.txt,CHIP.393.38,0.320551,CSAR.347.9,0.267078,CSAR.347.12,0.26205,CSAR.347.7,0.249118,CSAR.347.3,0.247158,CSAR.347.18,0.23504,CSAR.347.17,0.231771,RPWO.758.6,0.229631,"Caesarius, Sermo 192.4 (ed. Morin, 781, lines 7–9)",0.227249,RPWO.758.5,0.222337
833,Brn425.16v.1.txt,canon_unlabelled/Brn425.16v.1.txt,CTOL.638.7,0.722864,CTOL.589.11,0.249014,CNIC.325.12,0.22027,CLAO.300.2,0.21926,CTOL.636.8,0.208603,CTOL.656.5,0.20498,"Gennadius, Lib.eccl.dogm. 46 (ed. Turner, 98, lines 1–7; cf. recensio vulgata, c. 47 [PL
42, col. 1220])",0.194107,CTOL.633.52,0.18496,CVAI.442.2,0.178651,CANT.328.2,0.17747
834,Brn425.16v.2.txt,canon_unlabelled/Brn425.16v.2.txt,DSIR.384.255  cap. 14,0.506609,CEPA.517.3,0.299886,CARL.501?.25,0.267188,DSIR.384.255 cap 7,0.245064,CNIC.325.11,0.239512,CANC.314.15,0.237766,CORA.441.24,0.229596,CNEO.315.8,0.224353,"Gennadius, Lib.eccl.dogm. 46 (ed. Turner, 98, lines 1–7; cf. recensio vulgata, c. 47 [PL
42, col. 1220])",0.21294,"Gregorius Magnus, Hom.in ev. 2.26 (ed. Étaix, 222, lines 116–19) Ps (G) 50:19",0.210634
835,Brn425.18r.1.txt,canon_unlabelled/Brn425.18r.1.txt,CNIC.325.8,0.268653,CARL.314.9,0.220102,CAGD.506.46,0.212501,CTOL.397.16,0.19963,CTOL.589.12,0.197505,Can.apost.33,0.1943,CARL.501?.25,0.184242,CARL.501?.7,0.182597,"(ed. MOMMSEN, as Gildas, Epist.deperd.fragm. 5, in Chronica minora, p. 87, line 36–p. 88, line 1; trans.
WINTERBOTTOM, Gildas, 82)",0.180801,CHIP.393.18,0.178775
836,Brn425.19r.1.txt,canon_unlabelled/Brn425.19r.1.txt,CLAO.300.32,0.285621,CHIP.393.12,0.271699,CHIP.393.14,0.259722,CTOL.633.58,0.206294,CORL.538.32,0.206183,CORA.441.1,0.203812,CTOL.633.64,0.192522,CTOL.633.63,0.191901,CTOL.589.14,0.183727,Can.apost.45,0.18016
837,Brn425.20r.1.txt,canon_unlabelled/Brn425.20r.1.txt,CNIC.325.6,0.248282,CAUX.561.21,0.19855,CANT.328.4,0.196159,CTUR.439.6,0.19167,CNIC.325.20,0.189323,CTOL.397.6,0.186439,CCHA.451.11,0.185653,CANT.328.1,0.181952,CMEA.845.60,0.174297,CNIC.325.18,0.163529
838,Brn425.20r.5.txt,canon_unlabelled/Brn425.20r.5.txt,CTOL.397.8,0.300298,CEPA.517.22,0.28932,CARL.501?.11,0.25983,CARL.314.16,0.245389,CANC.314.22,0.242679,CARL.501?.1,0.232289,CANC.314.15,0.22307,CARL.501?.10,0.212847,CANC.314.8,0.21188,"Caesarius, Sermo 43.4 (ed. Morin, 191, lines 1–3)",0.208938
839,Brn425.22r.1.txt,canon_unlabelled/Brn425.22r.1.txt,CTOL.638.10,0.210191,CTOL.633.64,0.20211,CAGD.506.25,0.193984,CORL.511.2,0.192118,CGAN.355.16,0.191828,CTOL.589.10,0.188914,CAGD.506.8,0.18642,CTOL.527.1,0.184728,Galatians.4:16,0.183915,CNIC.325.11,0.182859
840,Brn425.22r.2.txt,canon_unlabelled/Brn425.22r.2.txt,"Caesarius, Sermo 43.5 (ed. Morin, 192, lines 17–23)",0.319883,CAGD.506.44,0.272513,CTOL.633.9,0.248615,CANC.314.24,0.241766,CTOL.589.10,0.238852,"Gregory of Nazianzus- Rufinus, Apologeticus 115 (ed. Engelbrecht, 82, lines 11–12)",0.215683,CORL.511.26,0.213346,Can.apost.13,0.206395,CORL.511.14,0.198538,CTOL.636.9,0.198401
841,Brn425.24r.1.txt,canon_unlabelled/Brn425.24r.1.txt,CTOL.589.18,0.245114,RPWO.758.21,0.239129,CTOL.633.69,0.230666,CNIC.325.20,0.227887,Can.apost.48,0.217961,"Augustine, Sermo 392 (PL 39, col. 1710)",0.191982,Can.apost.3,0.191062,CVER.755.5,0.185958,RPWO.758.8,0.179048,CTOL.589.8,0.178139
842,Brn425.24r.2.txt,canon_unlabelled/Brn425.24r.2.txt,CNEO.315.10,0.209147,Can.apost.48,0.188199,Can.apost.26,0.182374,CARL.314.21,0.177267,CTOL.397.19,0.169007,CTOL.655.4,0.161477,CNIC.325.20,0.154385,Can.apost.2,0.154095,CTOL.655.14,0.151572,CTOL.589.6,0.143949
843,Brn425.24r.3.txt,canon_unlabelled/Brn425.24r.3.txt,CAGD.506.46,0.208581,CNEO.315.10,0.196955,CNIC.325.13,0.184445,CLAO.300.1,0.180359,RPWO.758.9,0.177727,CVAI.442.3,0.177075,CORA.441.28,0.173596,CTOL.589.22,0.173102,RPWO.758.8,0.172377,CARL.501?.19,0.163695
844,Brn425.24v.3.txt,canon_unlabelled/Brn425.24v.3.txt,CGAN.355.9,0.323523,"Caesarius, Sermo 43.5 (ed. Morin, 192, lines 17–23)",0.31304,CANC.314.18,0.292794,CTOL.397.19,0.24166,CANC.314.9,0.238607,CNIC.325.12,0.222208,CTOL.397.16,0.220925,CAGD.506.63,0.220358,"Jerome, Advers.Iovin.libri II, 1.14 (PL 23, col. 233A) Source (igitur ... alio uiro) Jerome, Advers.Iovin.libri II, 1.14 (PL 23, col. 233B)",0.214082,CNEO.315.2,0.210306
845,Brn425.24v.5.txt,canon_unlabelled/Brn425.24v.5.txt,CTOL.397.17,0.824099,RPWO.758.7,0.243728,Can.apost.6,0.227578,CORA.441.22,0.197268,"Caesarius, Sermo 43.4 (ed. Morin, 191, lines 1–3)",0.186458,CTOU.567.16 (15),0.165449,CAUX.561.42,0.165115,CORL.538.16,0.155842,CANT.328.11,0.154957,CTOL.638.16,0.154143
846,Brn425.25r.1.txt,canon_unlabelled/Brn425.25r.1.txt,"Jerome, Comm.in Mat.libri IV, lib. 3, vers. 19:9 (eds Hurst–Adriaen, 167, lines 761–80)",0.204901,Can.apost.50,0.185655,CNIC.325.13,0.17803,CTOL.397.17,0.173422,CMAC.585.5,0.172272,CAGD.506.31,0.168308,CHIP.393.3,0.167807,CVAI.442.5,0.165424,CAUX.561.11,0.163442,CNEO.315.3,0.154495
847,Brn425.25r.2.txt,canon_unlabelled/Brn425.25r.2.txt,CTOL.638.8,0.242611,CEPA.517.29,0.224188,CNEO.315.12,0.216601,CARL.501?.22,0.207075,CNEO.315.2,0.199617,RPCO.757.8,0.190667,CORA.441.21,0.18334,CTOL.589.11,0.178254,CNIC.325.11,0.177577,RPWO.758.15,0.171816
848,Brn425.25r.4.txt,canon_unlabelled/Brn425.25r.4.txt,CTOL.397.19,0.203941,CNEO.315.10,0.195023,Can.apost.18,0.177952,CANC.314.9,0.173159,CANC.314.21,0.172439,CTOL.527.2,0.165438,CARL.314.7,0.156095,CTOL.527.3,0.15103,CARL.501?.14,0.149458,RPWO.758.6,0.148432
849,Brn425.25r.5.txt,canon_unlabelled/Brn425.25r.5.txt,CTOL.397.19,0.26002,CARL.501?.22,0.239004,CNEO.315.13,0.207599,CGAN.355.7,0.196114,CNIC.325.13,0.194307,CARL.501?.10,0.191905,CARL.314.22,0.181265,CANC.314.24,0.175813,CARL.314.17,0.17431,RPCO.757.6,0.165249
850,Brn425.25v.1.txt,canon_unlabelled/Brn425.25v.1.txt,CGAN.355.4,0.181677,Can.apost.28,0.154389,CANC.314.4,0.150669,CTOL.636.1,0.147723,CARL.501?.22,0.147154,CANT.328.22,0.14519,CNIC.325.13,0.14167,CLAO.300.52,0.141394,"Jerome, Advers.Iovin.libri II, 1.14 (PL 23, col. 233A) Source (igitur ... alio uiro) Jerome, Advers.Iovin.libri II, 1.14 (PL 23, col. 233B)",0.140293,CNEO.315.11,0.138168
851,Brn425.25v.2.txt,canon_unlabelled/Brn425.25v.2.txt,CANC.314.19,0.299216,CTOL.589.12,0.232004,CNEO.315.1,0.222815,"Source unidentified, but cf. Eucherius of Lyon, Instructionum ad Salonium libri II, lib. 2 (ed. C.
Mandolfo, CCSL 66 [Turnhout, 2004], 201–03, lines 263–65)",0.217559,CAGD.506.12,0.206379,CARL.314.18,0.200997,CCHA.451.25,0.184092,CNEO.315.2,0.178253,CAGD.506.62,0.176457,CANC.314.15,0.175477
852,Brn425.25v.4.txt,canon_unlabelled/Brn425.25v.4.txt,CNIC.325.14,0.307488,CAGD.506.61,0.243014,CNEO.315.5,0.212905,CTOL.633.62,0.20858,CORA.441.17,0.208368,CTOL.589.13,0.207678,CAGD.506.39,0.194611,CAUX.561.38,0.186116,CARL.501?.11,0.180064,CCLE.535.12,0.176528
853,Brn425.25v.5.txt,canon_unlabelled/Brn425.25v.5.txt,CTOL.527.5,0.801418,CAGD.506.61,0.335299,CTOL.527.3,0.308282,CTOL.646.2,0.307122,CTOL.656.3,0.289705,CTOL.638.17,0.283791,CTOL.638.18,0.26995,CTOL.638.3,0.255359,CORL.511.18,0.255224,CCLE.535.12,0.247393
854,Brn425.26r.2.txt,canon_unlabelled/Brn425.26r.2.txt,CTOL.589.0 Conc. Toletana III; anno 589; PL 84 col. 384-386; combined canons?,0.268345,CTOL.527.5,0.260814,CGAN.355.17,0.242414,CTOU.567.16 (15),0.238131,"Jerome, Comm.in IV ep.Paul., ad Tit. vers. 3:1–2 (PL 26, col. 590D)",0.223911,CTOL.656.3,0.217731,CGAN.355.18,0.212042,CNIC.325.20,0.209381,CGAN.355.14,0.207972,CGAN.355.7,0.201275
855,Brn425.26v.2.txt,canon_unlabelled/Brn425.26v.2.txt,CANC.314.23,0.366611,CTOL.633.29,0.261756,CAUX.561.4,0.22333,CMAC.581.7,0.187159,CAUX.561.2,0.180373,CCHA.451.18,0.178656,CCHA.451.3,0.17337,CHIP.393.36,0.17287,CNEO.315.3,0.167729,CAUX.561.6,0.164762
856,Brn425.26v.3.txt,canon_unlabelled/Brn425.26v.3.txt,CANC.314.23,0.291703,CTOL.633.63,0.238737,"Gregorius Magnus, Hom.in ev. 2.31 (ed. Étaix, 271, lines 43–51",0.231018,CTOL.589.14,0.223248,"(ed. MOMMSEN, as Gildas, Epist.deperd.fragm. 3, in Chronica minora, 86, lines 21–4; trans. WINTERBOTTOM, Gildas, 80)",0.216383,CAUX.561.1,0.205788,CTOL.633.62,0.196213,CARL.314.1,0.192822,CAUX.561.30,0.190189,CORL.538.31,0.187521
857,Brn425.27r.1.txt,canon_unlabelled/Brn425.27r.1.txt,CGAN.355.17,0.204882,"Caesarius, Sermo 192.2 (ed. Morin, 780, lines 21–4)",0.182522,"(ed. MOMMSEN, as Gildas, Epist.deperd.fragm. 3, in Chronica minora, 86, lines 21–4; trans. WINTERBOTTOM, Gildas, 80)",0.181309,CANT.328.8,0.171989,CTOL.633.25,0.168157,CTOL.633.63,0.16431,CTOL.633.56,0.149803,CLAO.300.13,0.145532,CORA.441.14,0.140178,CLAO.300.26,0.139972
858,Brn425.27r.2.txt,canon_unlabelled/Brn425.27r.2.txt,CANC.314.23,0.299946,CCHA.451.18,0.247237,CTOL.633.63,0.22857,CORL.538.31,0.211665,CTOL.633.29,0.191511,CEPA.517.8,0.191149,CVAI.442.7,0.187069,CHIP.393.12,0.184188,CANC.314.13,0.178297,Ephesians.5:22,0.175533
859,Brn425.27r.6.txt,canon_unlabelled/Brn425.27r.6.txt,CAGD.506.62,0.247121,CARL.501?.11,0.218177,RPWO.758.7,0.21199,CAGD.506.55,0.196677,CTOL.633.24,0.19361,CANC.314.22,0.182749,CTOU.567.18 (17),0.182583,"Augustine, De serm.dom.in monte, 1.20.63 (ed. Mutzenbecher, 72, lines 1569–82)",0.180065,"Ambrose, De spirit.sanct.3.6 (ed. Faller, 164–65, lines 12–22) Source (et ideo ... caritatis affectu)",0.177122,CSAR.347.1,0.175301
860,Brn425.27r.7.txt,canon_unlabelled/Brn425.27r.7.txt,CANC.314.23,0.31031,CMAC.581.7,0.307565,CTOL.633.29,0.23039,"Caesarius, Sermo 43.5 (ed. Morin, 192, lines 2–7)",0.216293,CCHA.451.18,0.204546,"cf. Jerome, Epistola 22, ad Eustochium (ed. Hilberg, I, 160, line 3)",0.191921,CANC.314.21,0.186646,CTOL.633.46,0.178385,CANT.328.13,0.177887,CNIC.325.4,0.177513
861,Brn425.27v.1.txt,canon_unlabelled/Brn425.27v.1.txt,CANC.314.3,0.253119,CGAN.355.20,0.234419,CCHA.451.18,0.225612,CLAO.300.51,0.213312,"Augustine, De serm.dom.in monte, 1.20.63 (ed. Mutzenbecher, 72, lines 1569–82)",0.204962,"Caesarius, Sermo 43.5 (ed. Morin, 192, lines 2–7)",0.187447,CTOL.589.17,0.186458,"cf. Jerome, Epistola 22, ad Eustochium (ed. Hilberg, I, 160, line 3)",0.184371,"CMEA.845.0 ""Canon extravagans 2"", Conc. Meaux, a. 845; unique to this ms, apud MGH Conc. III p. 129",0.180876,CVAI.442.4,0.178949
862,Brn425.27v.5.txt,canon_unlabelled/Brn425.27v.5.txt,CAGD.506.31,0.296615,CANT.328.6,0.272462,Capit.Martini.61,0.271557,CHIP.393.12,0.269981,CNIC.325.6,0.238694,"(ed. MOMMSEN, as Gildas, Epist.deperd.fragm. 7, in Chronica minora, 88, lines 13–24; trans. WINTERBOTTOM,
Gildas, 82)",0.227293,CORL.538.32,0.225348,CTOL.397.15,0.218662,CCHA.451.21,0.198348,CCHA.451.9,0.181072
863,Brn425.28r.1.txt,canon_unlabelled/Brn425.28r.1.txt,CORL.511.1,0.305275,"John Cassian, Collationes 20.8 (ed. Petschenig, p. 561, line 9–p. 562, line 4)",0.285188,CAGD.506.62,0.242135,Can.apost.50,0.242124,CNIC.325.4,0.223091,"Ambrose, Exp.ev.sec.Luc., lib. 10, c. 87 (ed. Adriaen, 371, lines 846–49]",0.213197,CORL.511.8,0.206447,CORA.441.10,0.203432,CSAR.347.12,0.201735,CTOL.397.7,0.198476
864,Brn425.28r.2.txt,canon_unlabelled/Brn425.28r.2.txt,CVAI.442.4,0.259038,CARL.501?.19,0.1851,Can.apost.46,0.177884,CCHA.451.21,0.177086,CTOL.589.0 Conc. Toletana III; anno 589; PL 84 col. 384-386; combined canons?,0.164318,Can.apost.49,0.157604,"Source unidentified, but cf. Augustine, In Iohannis euangelium tractatus, tract. 73.1 (ed. R. Willems,
CCSL 36 [Turnhout, 1954], 510, lines 23–4)",0.15367,CCHA.451.27,0.151442,CNIC.325.9,0.145002,CAGD.506.4,0.143128
865,Brn425.28r.4.txt,canon_unlabelled/Brn425.28r.4.txt,CAUX.561.11,0.305224,CHIP.393.31,0.233814,CLAO.300.51,0.192225,CNIC.325.3,0.182302,CAGD.506.8,0.177696,CAUX.561.5,0.173779,CAUX.561.3,0.172955,CLAO.300.52,0.169534,CLAO.300.20,0.157009,CANC.314.23,0.1507
866,Brn425.28r.5.txt,canon_unlabelled/Brn425.28r.5.txt,CTOL.633.32,0.786575,CVAI.442.7,0.340575,CTOL.589.17,0.280083,Can.apost.28,0.26241,CTOL.589.18,0.254244,CTOL.638.12,0.236467,CTOL.589.20,0.235668,CORL.541.29,0.235229,CCHA.451.21,0.230946,CARL.314.11,0.224553
867,Brn425.28v.1.txt,canon_unlabelled/Brn425.28v.1.txt,CORL.511.31,0.262615,CNEO.315.,0.21872,CTOL.397.16,0.210582,CORL.511.25,0.199805,CAGD.506.54,0.195232,CNEO.315.2,0.194767,CNEO.315.11,0.189107,CORL.511.3,0.188097,CAUX.561.7,0.186444,CAUX.561.2,0.186233
868,Brn425.28v.4.txt,canon_unlabelled/Brn425.28v.4.txt,CTOL.633.14,0.223183,CANT.328.2,0.221,RPWO.758.7,0.198099,CTOL.589.1,0.196228,CNIC.325.8,0.194222,CAUX.561.42,0.18673,CARL.314.1,0.184119,CORL.538.36,0.179393,CNIC.325.6,0.171003,CNIC.325.9,0.169507
869,Brn425.28v.5.txt,canon_unlabelled/Brn425.28v.5.txt,CTOL.656.3,0.773133,CTOL.655.1,0.276862,CTOL.589.17,0.252727,"Jerome, Comm.in Mat.libri IV, lib. 3, vers. 19:9 (eds Hurst–Adriaen, 167, lines 761–80)",0.249479,CTOL.589.20,0.220431,CTOL.527.5,0.2197,CRIZ.439.1,0.218338,CHIP.393.38,0.213979,CTOL.598.12,0.206142,"Augustine, Sermo 392 (PL 39, col. 1710)",0.204198
870,Brn425.29v.2.txt,canon_unlabelled/Brn425.29v.2.txt,CNIC.325.14,0.221866,Can.apost.34,0.21943,CHIP.393.6,0.214518,CANC.314.15,0.201637,CNEO.315.5,0.191447,CAGD.506.55,0.188951,CTOL.397.19,0.188219,CHIP.393.8,0.172462,CTOL.397.8,0.171203,CANC.314.5,0.166723
871,Brn425.29v.3.txt,canon_unlabelled/Brn425.29v.3.txt,CTOL.638.11,0.467146,CCHA.451.21,0.409922,CVAI.442.7,0.304699,CHIP.393.8,0.287923,CANT.328.14,0.27538,CSAR.347.4,0.262599,CHIP.393.7,0.256504,CNIC.325.9,0.22599,CLAO.300.12,0.219577,CGAN.355.1,0.218973
872,Brn425.29v.4.txt,canon_unlabelled/Brn425.29v.4.txt,CCHA.451.21,0.328971,CTOL.638.11,0.316774,CGAN.355.1,0.266834,Can.apost.11,0.247355,"Gregorius Magnus, Hom.in ev. 2.26 (ed. Étaix, 222, lines 116–19) Ps (G) 50:19",0.220433,CSAR.347.17,0.204017,"Eusebius-Rufinus, HE 10.2 (eds Mommsen–Schwartz, II, 961, lines 10–19)",0.199703,CNIC.325.5,0.199234,CVAI.442.7,0.196961,CLAO.300.32,0.196732
873,Brn425.29v.5.txt,canon_unlabelled/Brn425.29v.5.txt,CTOL.638.11,0.418513,CCHA.451.21,0.297027,CVAI.442.7,0.259768,CANC.314.23,0.256067,CAGD.506.37,0.253626,CCHA.451.18,0.224705,CTOL.633.24,0.2224,"CTOL.653.13  (excerpta canonum cap. 13)  Martinez Diez, vol. 5, pp. 475-476; text modified in W",0.221406,CTOL.633.72,0.219233,CTOL.655.13,0.209675
874,Brn425.30r.1.txt,canon_unlabelled/Brn425.30r.1.txt,CTOL.638.11,0.324387,CHIP.393.7,0.281535,CHIP.393.6,0.268886,"Caesarius, Sermo 2, ammonitio (ed. Morin, 18, lines 7–15)",0.254624,CCHA.451.21,0.249759,CARL.501?.25,0.241407,CNIC.325.9,0.240761,CSAR.347.3,0.238205,CAGD.506.37,0.237372,CVAI.442.7,0.222992
875,Brn425.30r.2.txt,canon_unlabelled/Brn425.30r.2.txt,CTOL.638.11,0.332757,CCHA.451.21,0.315864,CHIP.393.20,0.281078,CORA.441.18,0.268127,CTOL.633.64,0.243561,CGAN.355.1,0.235643,CAGD.506.37,0.226186,CHIP.393.8,0.217275,CTOL.397.6,0.214455,CTOL.633.22,0.204189
876,Brn425.30r.3.txt,canon_unlabelled/Brn425.30r.3.txt,RPWO.758.17,0.223726,Can.apost.35,0.214278,CORL.511.6,0.209039,CARL.501?.28,0.208046,CTOL.397.12,0.196442,"Ambrose, De spirit.sanct.3.6 (ed. Faller, 164–65, lines 12–22) Source (et ideo ... caritatis affectu)",0.195819,CARL.314.6,0.194431,CNEO.315.9,0.185519,CARL.501?.25,0.184856,CARL.314.20,0.182064
877,Brn425.30r.4.txt,canon_unlabelled/Brn425.30r.4.txt,CTOL.397.12,0.234917,Can.apost.11,0.21993,CANT.328.2,0.216825,CSAV.859.12,0.170641,CTOL.397.20,0.167347,CGAN.355.18,0.167091,CORA.441.10,0.166214,CNIC.325.5,0.1654,Can.apost.9,0.157513,CTOL.589.6,0.156323
878,Brn425.30r.5.txt,canon_unlabelled/Brn425.30r.5.txt,CTOL.638.11,0.377093,CSAR.347.8,0.303025,CCHA.451.21,0.279903,CARL.501?.25,0.277748,CAGD.506.37,0.267933,CVAI.442.7,0.2392,CORL.511.25,0.218764,CHIP.393.7,0.217831,"cf. Jerome, Epistola 22, ad Eustochium (ed. Hilberg, I, 160, line 3)",0.205331,CTOL.633.24,0.204788
879,Brn425.30r.6.txt,canon_unlabelled/Brn425.30r.6.txt,CGAN.355.7,0.226423,CVAL.374.4,0.219524,CARL.501?.25,0.214547,CORL.511.13,0.204578,CTOL.638.15,0.202119,CTOL.589.9,0.201003,CANC.314.7,0.195024,CTOL.655.14,0.194912,CTOU.567.7,0.192348,CAGD.506.37,0.18889
880,Brn425.30v.1.txt,canon_unlabelled/Brn425.30v.1.txt,CHIP.393.38,0.310852,CANT.328.8,0.219718,CNIC.325.8,0.209602,"Ps.-Clemens-Rufinus, Recognitiones 2.72 (eds Rehm–Paschke, 94,
lines 4–8)",0.194678,CSAR.347.12,0.194007,CVAL.374.4,0.191391,"Gregorius Magnus, Hom.in ev. 2.26 (ed. Étaix, 222, lines 116–19) Ps (G) 50:19",0.185776,"Gregorius Magnus, Hom.in ev. 1.17 (ed. Étaix, 121, lines 115–19)",0.172345,CHIP.393.25,0.171253,CSAR.347.1,0.170976
881,Brn425.30v.2.txt,canon_unlabelled/Brn425.30v.2.txt,CARL.501?.18,0.228931,"Gratian, D. 5 de cons. c. 19",0.21741,CHIP.393.38,0.209938,"Ps.-Clemens-Rufinus, Recognitiones 2.72 (eds Rehm–Paschke, 94,
lines 4–8)",0.191909,CORL.511.31,0.189991,CAGD.506.37,0.187401,CANC.314.6,0.184191,CANT.328.20,0.180557,Can.apost.38,0.179331,RPWO.758.12,0.174469
882,Brn425.30v.3.txt,canon_unlabelled/Brn425.30v.3.txt,CHIP.393.10,0.658262,CHIP.393.9,0.548117,CHIP.393.11,0.3278,CTOL.633.24,0.307001,CTOL.589.21,0.298625,CTOL.633.31,0.290325,CHIP.393.28,0.277794,CTOL.638.11,0.245686,CORL.538.31,0.237176,CANT.328.14,0.234598
883,Brn425.31r.1.txt,canon_unlabelled/Brn425.31r.1.txt,CHIP.393.6,0.766865,CHIP.393.7,0.735113,CTOL.638.11,0.37291,CSAR.347.7,0.34257,CSAR.347.3,0.320302,CHIP.393.8,0.303021,CANT.328.14,0.287339,CTOU.567.18 (17),0.27297,CARL.501?.18,0.257597,CVAI.442.7,0.256045
884,Brn425.31r.2.txt,canon_unlabelled/Brn425.31r.2.txt,CHIP.393.8,0.680187,CTOL.638.11,0.393408,CANT.328.14,0.299346,CHIP.393.7,0.280411,CVAI.442.7,0.276218,CCHA.451.21,0.273271,CHIP.393.6,0.271961,CSAR.347.7,0.243698,CANT.328.15,0.243586,CORL.511.13,0.237531
885,Brn425.31v.1.txt,canon_unlabelled/Brn425.31v.1.txt,CTOL.638.11,0.461615,CVAI.442.7,0.289726,CCHA.451.21,0.28617,CHIP.393.7,0.272545,CHIP.393.6,0.269834,CANT.328.14,0.255607,CHIP.393.8,0.242896,CARL.314.15,0.236962,CARL.501?.25,0.235088,"Gregorius Nazianzus-Rufinus, Apologeticus 73 (ed. Engelbrecht, 57, lines 7–9)",0.231863
886,Brn425.31v.2.txt,canon_unlabelled/Brn425.31v.2.txt,CSAR.347.7,0.274712,CHIP.393.27,0.268493,CANT.328.14,0.241375,CSAR.347.5,0.23965,CSAR.347.4,0.225283,CSAR.347.3,0.213235,Unidentified,0.212384,CANT.328.8,0.196507,CANC.314.23,0.195507,CNEO.315.13,0.192026
887,Brn425.31v.5.txt,canon_unlabelled/Brn425.31v.5.txt,CCHA.451.21,0.334607,CTOL.638.11,0.242767,CVAI.442.7,0.229709,CARL.314.15,0.183754,CORL.541.29,0.181574,CAGD.506.38,0.180177,Can.apost.19,0.172188,CCHA.451.18,0.166714,CARL.501?.25,0.165611,CANC.314.16,0.164103
888,Brn425.32r.1.txt,canon_unlabelled/Brn425.32r.1.txt,CTOL.638.11,0.789144,CCHA.451.21,0.469065,CVAI.442.7,0.377059,CANT.328.14,0.362383,CHIP.393.7,0.345068,CGAN.355.1,0.296931,CAGD.506.37,0.294258,CARL.501?.25,0.293534,CANT.328.15,0.291475,"CTOL.653.13  (excerpta canonum cap. 13)  Martinez Diez, vol. 5, pp. 475-476; text modified in W",0.261097
889,Brn425.32r.2.txt,canon_unlabelled/Brn425.32r.2.txt,CCHA.451.21,0.349161,CTOL.638.11,0.338847,CAGD.506.32,0.260681,CVAI.442.7,0.224799,CTOL.397.6,0.223694,CORL.511.1,0.221199,CSAR.347.4,0.219736,CSAR.347.17,0.215123,CGAN.355.1,0.203943,Can.apost.12,0.202321
890,Brn425.32r.4.txt,canon_unlabelled/Brn425.32r.4.txt,CHIP.393.20,0.302842,CVAI.442.8,0.274777,CARL.501?.11,0.245662,CTOL.397.15,0.228299,CSAR.347.3,0.221862,CAGD.506.37,0.219534,CHIP.393.6,0.211868,CTOL.633.68,0.197782,CTOL.638.11,0.194186,CVAI.442.7,0.186057
891,Brn425.32r.5.txt,canon_unlabelled/Brn425.32r.5.txt,CAUX.561.7,0.309314,CMAC.581.9,0.280181,CGAN.355.18,0.271618,CLAO.300.51,0.261212,CAGD.506.32,0.259048,"Eusebius-Rufinus, HE 10.2 (eds Mommsen–Schwartz, II, 961, lines 10–19)",0.255435,CHIP.393.9,0.252237,CHIP.393.28,0.228961,CTOU.567.18 (17),0.215936,CAUX.561.11,0.209526
892,Brn425.32v.1.txt,canon_unlabelled/Brn425.32v.1.txt,CGAN.355.8,0.250637,CNIC.325.17,0.231077,"Caesarius, Sermo 43.5 (ed. Morin, 192, lines 17–23)",0.229367,Can.apost.44,0.207731,Can.apost.9,0.20675,CHIP.393.20,0.205493,"CTOL.653.13  (excerpta canonum cap. 13)  Martinez Diez, vol. 5, pp. 475-476; text modified in W",0.202007,CAUX.561.31,0.192534,CTOL.638.4,0.190109,CORA.441.26,0.186756
893,Brn425.32v.2.txt,canon_unlabelled/Brn425.32v.2.txt,CTOL.636.7,0.252922,CANT.328.7,0.227868,CORA.441.11,0.220463,CSAR.347.3,0.219536,"CTOL.653.13  (excerpta canonum cap. 13)  Martinez Diez, vol. 5, pp. 475-476; text modified in W",0.217423,CHIP.393.20,0.209547,CANT.328.19,0.203695,CORL.511.29,0.201906,CNIC.325.6,0.201774,CTUR.439.6,0.200368
894,Brn425.32v.3.txt,canon_unlabelled/Brn425.32v.3.txt,CTOL.633.31,0.897014,CHIP.393.10,0.302038,CHIP.393.9,0.301609,CAGD.506.62,0.278513,"Eusebius-Rufinus, HE 10.2 (eds Mommsen–Schwartz, II, 961, lines 10–19)",0.241491,CANT.328.14,0.239467,"Caesarius, Sermo 43.5 (ed. Morin, 192, lines 2–7)",0.236075,CTOL.633.32,0.231516,"(ed. MOMMSEN, as Gildas, Epist.deperd.fragm. 5, in Chronica minora, 88, lines 1–2; trans. WINTERBOTTOM, Gildas,
82)",0.223533,"Gregorius Nazianzus-Rufinus, Apologeticus 91 (ed. Engelbrecht, 68, lines 20–3)",0.215049
895,Brn425.33r.1.txt,canon_unlabelled/Brn425.33r.1.txt,CSAR.347.3,0.722132,CSAR.347.7,0.424596,CSAR.347.4,0.330734,CHIP.393.7,0.327633,CSAR.347.5,0.326592,"Augustine, Serm.de vet.test. 9.20 (ed. Lambot, 146, line 694–96)",0.296814,"Eusebius-Rufinus, HE 10.2 (eds Mommsen–Schwartz, II, 961, lines 10–19)",0.291996,CANT.328.14,0.287973,"Augustine, De serm.dom.in monte, 1.20.63 (ed. Mutzenbecher, 72, lines 1569–82)",0.287723,CSAR.347.17,0.280989
896,Brn425.33r.2.txt,canon_unlabelled/Brn425.33r.2.txt,CSAR.347.4,0.844993,CSAR.347.3,0.319137,CANT.328.14,0.252246,CSAR.347.7,0.252024,CAGD.506.32,0.246326,"Eusebius-Rufinus, HE 10.5 (eds Mommsen–Schwartz, II, 963, line 21)",0.238986,CSAR.347.6,0.231295,"Jerome, De perpetua virginitate beatae Mariae, adversus Helvidium, c. 4 (in PL 23, cols
186C–87A)",0.217058,CHIP.393.7,0.21337,CVAI.442.5,0.208423
897,Brn425.33r.3.txt,canon_unlabelled/Brn425.33r.3.txt,CSAR.347.16,0.838912,CANT.328.16,0.22597,"Augustine, Serm.de vet.test. 9.20 (ed. Lambot, 146, line 694–96)",0.219292,"Eusebius-Rufinus, HE 10.5 (eds Mommsen–Schwartz, II, 963, line 21)",0.212795,CSAR.347.3,0.203786,CTOL.633.4,0.198818,"Caesarius, Sermo 2, ammonitio (ed. Morin, 18, lines 7–15)",0.19568,Stat.Eccl.Antiq. 20,0.191807,CSAR.347.17,0.191538,CGAN.355.8,0.187722
898,Brn425.33v.1.txt,canon_unlabelled/Brn425.33v.1.txt,CSAR.347.17,0.811462,CVAI.442.7,0.270065,"Jerome, Comm.in Mat.libri IV, lib. 3, vers. 19:9 (eds Hurst–Adriaen, 167, lines 761–80)",0.26413,CSAR.347.8,0.246443,"Ambrose, De spirit.sanct.3.6 (ed. Faller, 164–65, lines 12–22) Source (et ideo ... caritatis affectu)",0.230353,CSAR.347.7,0.223909,CNIC.325.5,0.212813,CTOL.589.17,0.204254,CSAR.347.3,0.201311,"Gregorius Nazianzus-Rufinus, Apologeticus 73 (ed. Engelbrecht, 57, lines 7–9)",0.199126
899,Brn425.34r.1.txt,canon_unlabelled/Brn425.34r.1.txt,CAUX.561.43,0.359764,CORA.441.10,0.355401,CNIC.325.5,0.295905,CAUX.561.38,0.291301,Can.apost.11,0.247074,CANT.328.6,0.236304,"CTOL.653.13  (excerpta canonum cap. 13)  Martinez Diez, vol. 5, pp. 475-476; text modified in W",0.225711,CSAR.347.17,0.219341,CLAO.300.32,0.213929,CARL.501?.8,0.212519
900,Brn425.34r.2.txt,canon_unlabelled/Brn425.34r.2.txt,CHIP.393.9,0.292164,CNIC.325.6,0.266932,CSAR.347.7,0.251035,CHIP.393.20,0.244566,CTOL.633.64,0.231311,CCHA.451.21,0.230337,CORA.441.11,0.230178,CAGD.506.32,0.229687,CHIP.393.7,0.229537,CGAN.355.13,0.225178
901,Brn425.34r.3.txt,canon_unlabelled/Brn425.34r.3.txt,Can.apost.12,0.305667,"CTOL.653.13  (excerpta canonum cap. 13)  Martinez Diez, vol. 5, pp. 475-476; text modified in W",0.225844,CTOL.638.11,0.19574,RPCO.757.4,0.192723,RPWO.758.15,0.190724,CAGD.506.37,0.185869,CSAR.347.10,0.184732,"Caesarius, Sermo 43.3 (ed. Morin, 191, lines 13–19)",0.183218,CTOL.633.47,0.181536,CORL.511.2,0.180849
902,Brn425.34r.4.txt,canon_unlabelled/Brn425.34r.4.txt,"Ps.-Clemens-Rufinus, Recognitiones 2.72 (eds Rehm–Paschke, 94,
lines 4–8)",0.211852,"Ambrose, De spirit.sanct.3.6 (ed. Faller, 164–65, lines 12–22) Source (et ideo ... caritatis affectu)",0.201494,CANC.314.15,0.19371,CTOL.655.14,0.190647,Can.apost.45,0.190143,CHIP.393.6,0.189111,CORL.511.3,0.185691,Unidentified,0.18561,CANC.314.20,0.182918,CAUX.561.43,0.180742
903,Brn425.34v.1.txt,canon_unlabelled/Brn425.34v.1.txt,CHIP.393.10,0.394825,CTOL.589.18,0.244408,CTOL.633.3,0.229686,CANT.328.15,0.218377,CGAN.355.18,0.217844,CSAR.347.3,0.21508,CHIP.393.20,0.206385,CTOL.397.11,0.191491,"Gregorius Nazianzus-Rufinus, Apologeticus 73 (ed. Engelbrecht, 57, lines 7–9)",0.191347,CNIC.325.20,0.180991
904,Brn425.34v.2.txt,canon_unlabelled/Brn425.34v.2.txt,CANT.328.14,0.254657,CTOL.589.18,0.250949,CTOL.589.21,0.223161,CHIP.393.10,0.218259,CNEO.315.13,0.210011,CHIP.393.27,0.207998,CSAR.347.7,0.201308,Unidentified,0.199084,CHIP.393.24,0.198192,"CTOL.653.13  (excerpta canonum cap. 13)  Martinez Diez, vol. 5, pp. 475-476; text modified in W",0.195441
905,Brn425.35v.1.txt,canon_unlabelled/Brn425.35v.1.txt,CANC.314.15,0.257901,CHIP.393.6,0.255551,CARL.501?.18,0.250546,CARL.314.21,0.220309,CAUX.561.3,0.218657,CANT.328.12,0.217867,Can.apost.38,0.211916,CHIP.393.7,0.209971,CHIP.393.38,0.208333,"Gratian, D. 5 de cons. c. 19",0.207921
906,Brn425.35v.2.txt,canon_unlabelled/Brn425.35v.2.txt,CTOL.633.46,0.260876,CORA.441.15,0.208812,CCHL.647.12,0.195804,CNIC.325.2,0.194607,CTOL.633.51,0.189967,CVER.755.5,0.188849,CNEO.315.9,0.183405,CAUX.561.23,0.175531,CANT.328.23,0.174108,CAGD.506.27; anno 506,0.170024
907,Brn425.35v.3.txt,canon_unlabelled/Brn425.35v.3.txt,CTOL.633.28,0.849255,CSAV.859.12,0.258652,CTOL.633.4,0.214654,"Source unidentified, but cf. Augustine, In Iohannis euangelium tractatus, tract. 73.1 (ed. R. Willems,
CCSL 36 [Turnhout, 1954], 510, lines 23–4)",0.213848,CTOL.656.5,0.210721,CANT.328.3,0.209862,CTOL.589.0 Conc. Toletana III; anno 589; PL 84 col. 384-386; combined canons?,0.209827,CANT.328.12,0.19546,CTOL.638.1,0.193534,CTOL.527.4,0.192005
908,Brn425.36r.1.txt,canon_unlabelled/Brn425.36r.1.txt,CCHA.451.3,0.258362,CORL.538.32,0.258159,CTOL.633.56,0.231531,CHIP.393.12,0.231054,CAGD.506.25,0.230641,CGAN.355.6,0.222878,CANT.328.8,0.222546,CNEO.315.1,0.222521,"(ed. MOMMSEN, as Gildas, Epist.deperd.fragm. 3, in Chronica minora, 86, lines 21–4; trans. WINTERBOTTOM, Gildas, 80)",0.222438,Can.apost.7,0.206113
909,Brn425.36r.3.txt,canon_unlabelled/Brn425.36r.3.txt,CSAR.347.8,0.262425,CSAR.347.21,0.238207,CORL.511.16,0.213168,CTOL.589.21,0.208856,CNIC.325.11,0.201344,CORL.511.27,0.197221,CSAR.347.10,0.19292,CNIC.325.20,0.192783,CANT.328.12,0.190345,Can.apost.45,0.187055
910,Brn425.36v.4.txt,canon_unlabelled/Brn425.36v.4.txt,CTOL.397.11,0.67139,CSAV.859.12,0.24466,CTOL.589.16,0.224253,CSAR.347.7,0.211834,RPWO.758.8,0.208505,CCHA.451.9,0.198886,CVER.755.5,0.193271,Can.apost.47,0.186099,CSAR.347.17,0.1815,RPCO.757.6,0.174629
911,Brn425.37r.1.txt,canon_unlabelled/Brn425.37r.1.txt,CSAR.347.3,0.306637,CSAR.347.16,0.298645,CSAR.347.6,0.257221,CSAR.347.11,0.253131,CTOL.636.7,0.236318,CHIP.393.38,0.219074,"Caesarius, Sermo 43.5 (ed. Morin, 192, lines 17–23)",0.218916,"Caesarius, Sermo 2, ammonitio (ed. Morin, 18, lines 7–15)",0.218762,CSAR.347.18,0.211003,CTOL.633.4,0.201082
912,Brn425.37v.1.txt,canon_unlabelled/Brn425.37v.1.txt,CSAR.347.5,0.259603,CTOL.655.16,0.256807,"Augstine, De consensu evangelistarum 2.30 (ed. F. Weihrich, CSEL 43 [Vienna, 1904], 177,
lines 14–24)",0.247595,CHIP.393.37,0.239933,CHIP.393.28,0.239156,CTOL.589.18,0.228329,CHIP.393.7,0.227698,CORL.511.2,0.226072,CAGD.506.31,0.223398,CSAR.347.7,0.222704
913,Brn425.37v.4.txt,canon_unlabelled/Brn425.37v.4.txt,CTOL.589.19,0.755727,CANT.328.23,0.26362,CANC.314.9,0.252297,CORA.441.9,0.221977,CANT.328.22,0.210052,CORL.511.17,0.206485,CTOL.633.33,0.206466,CANT.328.10,0.205369,CANT.328.24,0.202902,"Caesarius, Sermo 43.5 (ed. Morin, 192, lines 17–23)",0.192922
914,Brn425.38r.2.txt,canon_unlabelled/Brn425.38r.2.txt,CTOL.397.7,0.251696,"Hermas, Libell.sanct.past., mandatum 4.1.4–8 (eds de Gebhardt– Harnack–Zahn, 79, lines 1–19)",0.21171,CCHA.451.9,0.204127,CTOL.633.25,0.198822,"John Cassian, Collationes 20.8 (ed. Petschenig, p. 561, line 9–p. 562, line 4)",0.188925,CMAC.581.9,0.185589,CHIP.393.28,0.175934,CLAO.300.23,0.169833,CTOL.633.6,0.169685,CHIP.393.22,0.169277
915,Brn425.38r.3.txt,canon_unlabelled/Brn425.38r.3.txt,RPCO.757.3,0.224761,CAGD.506.4,0.196954,CNIC.325.5,0.192732,"Augustine, Serm.de vet.test. 9.20 (ed. Lambot, 146, line 694–96)",0.18773,CANT.328.20,0.184992,CTOL.633.67,0.184345,CORL.511.27,0.177804,CORA.441.5,0.176275,CNIC.325.16,0.173887,Can.apost.48,0.172945
916,Brn425.38v.1.txt,canon_unlabelled/Brn425.38v.1.txt,CTOL.646.4,0.72997,CTOL.633.36,0.429561,CTOL.633.5,0.244348,CANT.328.9,0.240052,CTOL.646.1,0.222875,CORL.538.5,0.196793,CTOL.655.1,0.195033,CRIZ.439.1,0.194159,CEPA.517.38,0.193303,CTOL.589.20,0.186474
917,Brn425.39r.2.txt,canon_unlabelled/Brn425.39r.2.txt,CHIP.393.6,0.236776,CORL.511.16,0.224736,CANT.328.11,0.216902,CHIP.393.7,0.204452,CANC.314.23,0.201671,CCHA.451.11,0.199711,CHIP.393.10,0.198106,CSAR.347.7,0.191283,CSAR.347.21,0.185692,CTOL.638.11,0.184911
918,Brn425.41r.1.txt,canon_unlabelled/Brn425.41r.1.txt,CLAO.300.12,0.252351,CGAN.355.13,0.251367,CANC.314.4,0.244569,CHIP.393.12,0.23388,CORA.441.24,0.232608,CANC.314.15,0.230635,CNIC.325.11,0.218266,CCHA.451.2,0.218135,CTOL.638.4,0.197867,CTOL.633.38,0.193592
919,Brn425.41r.2.txt,canon_unlabelled/Brn425.41r.2.txt,CANT.328.24,0.194273,CTOL.655.1,0.173046,CAGD.506.55,0.160871,CTOL.655.7,0.160837,CTOL.589.9,0.159098,Capit.Martini.14,0.159086,CAGD.506.51,0.158657,CARL.314.18,0.155323,Can.apost.15,0.154583,CNIC.325.16,0.154385
920,Brn425.41v.1.txt,canon_unlabelled/Brn425.41v.1.txt,Pen. Theod. Can. Greg.; Wasserschleben p.162,0.300754,CSAR.347.6,0.286488,RPWO.758.8,0.266111,RPWO.758.9,0.254265,CSAR.347.3,0.25225,RPWO.758.15,0.246671,RPWO.758.6,0.227555,CTOL.655.6,0.214661,CTOL.589.18,0.204048,CTOL.589.3,0.200175
921,Brn425.42r.1.txt,canon_unlabelled/Brn425.42r.1.txt,CTOL.655.1,0.876211,CTOL.655.9,0.404739,CTOL.646.2,0.340399,CTOL.655.5,0.274915,CANT.328.19,0.253028,CANT.328.9,0.247598,CORL.511.13,0.231832,CTOL.656.3,0.217948,"Ambrose, De spirit.sanct.3.6 (ed. Faller, 164–65, lines 12–22) Source (et ideo ... caritatis affectu)",0.216365,CSAR.347.9,0.205458
922,Brn425.42v.5.txt,canon_unlabelled/Brn425.42v.5.txt,CTOL.633.67,0.679902,CANT.328.24,0.347401,CTOL.655.16,0.270659,CTOL.633.69,0.251533,CGAN.355.8,0.24051,"Augustine, Serm.de vet.test. 9.20 (ed. Lambot, 146, line 694–96)",0.238053,CVAI.442.4,0.235826,Can.apost.39,0.230987,CGAN.355.7,0.218175,CANC.314.14,0.211275
923,Brn425.42v.6.txt,canon_unlabelled/Brn425.42v.6.txt,CTOL.633.68,0.823151,CTOL.633.72,0.33897,CAGD.506.51,0.31257,CEPA.517.8,0.286817,CTOL.589.6,0.261923,CTOL.633.73,0.259168,CAGD.506.56,0.246484,CTOL.633.70,0.21434,CTOL.633.74,0.197144,CORA.441.11,0.19071
924,Brn425.43r.1.txt,canon_unlabelled/Brn425.43r.1.txt,CTOL.633.72,0.810614,CTOL.589.6,0.469882,CTOL.633.70,0.363676,CTOL.633.68,0.362263,CTOL.633.71,0.345313,CTOL.633.73,0.341183,CTOL.655.14,0.29091,CTOL.655.16,0.289641,CTOL.633.74,0.2882,CTOL.655.13,0.285381
925,Brn425.43r.2.txt,canon_unlabelled/Brn425.43r.2.txt,CSAR.347.3,0.288758,CHIP.393.2,0.27524,"Caesarius, Sermo 2, ammonitio (ed. Morin, 18, lines 7–15)",0.270616,CNIC.325.6,0.251065,CTOL.636.7,0.244751,CHIP.393.7,0.233291,CNIC.325.17,0.232345,CSAR.347.20,0.221444,CORL.511.2,0.197959,CNIC.325.9,0.197113
926,Brn425.43v.3.txt,canon_unlabelled/Brn425.43v.3.txt,CTOL.589.15,0.574579,CTOL.397.7,0.247622,CAGD.506.56,0.190093,CTOL.633.69,0.183727,RPWO.758.17,0.1811,Can.apost.41,0.180267,CANC.314.9,0.177298,CHIP.393.13,0.176197,CTOL.633.47,0.17427,CORL.511.16,0.170934
927,Brn425.43v.4.txt,canon_unlabelled/Brn425.43v.4.txt,CTOL.589.23,0.575763,CANC.314.23,0.253397,CAUX.561.9,0.223083,CAGD.506.39,0.21219,CCHA.451.18,0.186873,"Jerome, De perpetua virginitate beatae Mariae, adversus Helvidium, c. 4 (in PL 23, cols
186C–87A)",0.183017,CAGD.506.63,0.179038,CAGD.506.55,0.178234,CAUX.561.5,0.176483,CAUX.561.11,0.174785
928,Brn425.43v.5.txt,canon_unlabelled/Brn425.43v.5.txt,CGAN.355.19,0.76988,Can.apost.41,0.221695,CCHA.451.3,0.209459,CAGD.506.45,0.208576,"Gregory of Nazianzus- Rufinus, In semet.de agr.regr. 13 (ed. Engelbrecht, 182, lines 9–11)",0.201147,Can.apost.7,0.193469,CGAN.355.4,0.191537,"Isidore, De eccl.offic. 1.43 (ed. Lawson, 48, lines 16–20)",0.187308,"Gregorius Magnus, Hom.in ev. 2.39 (ed. Étaix, 381, lines 45–49)",0.180948,CORA.441.14,0.175859
929,Brn425.44r.6.txt,canon_unlabelled/Brn425.44r.6.txt,CHIP.393.39,0.63036,CHIP.393.37,0.27453,RPWO.758.6,0.256302,CNEO.315.6,0.233717,"Caesarius, Sermo 43.3 (ed. Morin, 191, lines 13–19)",0.231879,CORA.441.2,0.224835,CARL.314.9,0.223582,CHIP.393.32,0.223197,CTOL.633.6,0.217749,CNIC.325.4,0.209428
930,Brn425.44v.1.txt,canon_unlabelled/Brn425.44v.1.txt,Can.apost.47,0.277887,CAGD.506.44,0.247168,CAGD.506.51,0.241414,CANC.314.11,0.206995,CTOL.397.19,0.203644,CNIC.325.13,0.197955,Can.apost.17,0.196636,CAGD.506.54,0.191903,CNEO.315.11,0.190355,CNEO.315.2,0.185796
931,Brn425.44v.2.txt,canon_unlabelled/Brn425.44v.2.txt,CNIC.325.11,0.306414,CARL.501?.11,0.281417,CNIC.325.14,0.229833,CARL.501?.16,0.22195,CARL.501?.10,0.22073,CORL.511.15,0.206717,CANC.314.11,0.192092,CORA.441.18,0.181837,CORL.538.5,0.181415,CARL.314.12,0.174896
932,Brn425.46v.2.txt,canon_unlabelled/Brn425.46v.2.txt,"John Cassian, Collationes 20.8 (ed. Petschenig, p. 561, line 9–p. 562, line 4)",0.184205,Can.apost.34,0.181541,CNIC.325.2,0.179138,CLAO.300.52,0.176924,CTOL.397.8,0.168979,CNEO.315.12,0.165479,Can.apost.30,0.16531,CANC.314.15,0.163167,"(ed. MOMMSEN, as Gildas, Epist.deperd.fragm. 6, in Chronica minora, 88, lines 11–12; trans. WINTERBOTTOM,
Gildas, 82)",0.16308,CRIZ.439.2,0.145734
933,Brn425.51r.3.txt,canon_unlabelled/Brn425.51r.3.txt,CSAR.347.3,0.262647,CNIC.325.6,0.240921,CCHA.451.11,0.233966,CCHA.451.21,0.2325,CNIC.325.17,0.227815,CLAO.300.23,0.227324,CSAR.347.13,0.214266,CSAR.347.10,0.212779,CCHA.451.3,0.212607,CTOL.636.7,0.209704
934,Brn425.51v.1.txt,canon_unlabelled/Brn425.51v.1.txt,CORA.441.15,0.312121,DSIR.384.255  cap. 14,0.2978,CARL.501?.25,0.29489,CHIP.393.37,0.291303,CEPA.517.3,0.270177,CNIC.325.2,0.242376,CNIC.325.10,0.227827,CNIC.325.19,0.221655,CORA.441.2,0.218654,DSIR.384.255  cap. 13,0.214369
935,Brn425.51v.2.txt,canon_unlabelled/Brn425.51v.2.txt,Can.apost.17,0.256916,Can.apost.47,0.212628,Can.apost.21,0.190045,CHIP.393.13,0.188471,CARL.501?.7,0.185353,CMAC.585.5,0.18264,CANC.314.6,0.175806,Can.apost.39,0.171016,CHIP.393.15,0.169907,CNEO.315.12,0.165199
936,Brn425.51v.3.txt,canon_unlabelled/Brn425.51v.3.txt,CTOL.633.54,0.744466,CARL.501?.7,0.242515,CCHA.451.6,0.239104,"Caesarius, Sermo 192.2 (ed. Morin, 780, lines 21–4)",0.229165,Capit.Martini.61,0.208669,CTOL.397.2,0.200016,DSIR.384.255 cap 7,0.197845,CMAC.585.3,0.197344,CTOL.638.4,0.195621,"Gregorius Magnus, Hom.in ev. 2.39 (ed. Étaix, 382, lines 66–7)",0.195509
937,Brn425.51v.4.txt,canon_unlabelled/Brn425.51v.4.txt,CTOL.633.73,0.7439,CTOL.655.13,0.327692,CORA.441.15,0.318591,CTOL.638.10,0.307625,CTOL.633.72,0.274864,CTOL.633.71,0.273841,CTOL.638.9,0.268571,CTOL.633.70,0.259457,CORL.511.8,0.257706,CTOL.655.16,0.247576
938,Brn425.51v.5.txt,canon_unlabelled/Brn425.51v.5.txt,CORL.541.29,0.209005,CNIC.325.17,0.208537,CCHA.451.21,0.203591,CANT.328.8,0.200678,CORL.538.32,0.189408,CLAO.300.12,0.189094,CAUX.561.40,0.187717,CCHA.451.3,0.185204,CHIP.393.36,0.182228,CAGD.506.5,0.178603
939,Brn425.52r.2.txt,canon_unlabelled/Brn425.52r.2.txt,CLAO.300.23,0.350273,"Gregorius Magnus, Hom.in ev. 2.26 (ed. Étaix, 222, lines 116–19) Ps (G) 50:19",0.276635,CTOL.633.25,0.276078,"Caesarius, Sermo 2, ammonitio (ed. Morin, 18, lines 7–15)",0.251809,CVAI.442.7,0.227673,CSAR.347.7,0.203674,CTOL.646.5,0.201519,CTOL.638.17,0.199995,CVAI.442.6,0.199769,"(ed. MOMMSEN, as Gildas, Epist.deperd.fragm. 7, in Chronica minora, 88, lines 13–24; trans. WINTERBOTTOM,
Gildas, 82)",0.199697
940,Brn425.52r.3.txt,canon_unlabelled/Brn425.52r.3.txt,CLAO.300.24,0.208681,CNEO.315.6,0.201729,CTOL.633.26,0.187179,CANT.328.25,0.182743,CVAI.442.9,0.167775,CLAO.300.6,0.165124,Stat.Eccl.Antiq. 20,0.164141,CORA.441.14,0.159322,"Ambrose, Exp.ev.sec.Luc. lib. 9, vers. 20:24 (ed. Adriaen, 343, line 326) Source (quęrit de ... alia mundi)",0.158983,CNIC.325.9,0.15728
941,Brn425.52r.4.txt,canon_unlabelled/Brn425.52r.4.txt,CLAO.300.23,0.314279,CTOL.397.3,0.271673,CHIP.393.18,0.263401,CHIP.393.1,0.257757,"Caesarius, Sermo 2, ammonitio (ed. Morin, 18, lines 7–15)",0.244384,CTOL.633.25,0.235859,Can.apost.27,0.232582,CARL.501?.55,0.21937,CNIC.325.12,0.219239,CSAR.347.12,0.213726
942,Brn425.52r.5.txt,canon_unlabelled/Brn425.52r.5.txt,CORA.441.14,0.349027,CNIC.325.14,0.308317,CNEO.315.5,0.229103,Can.apost.50,0.203991,CLAO.300.26,0.184154,CORA.441.17,0.179772,"John Cassian, Collationes 20.8 (ed. Petschenig, p. 561, line 9–p. 562, line 4)",0.177868,CNEO.315.6,0.177832,CAGD.506.27; anno 506,0.175818,CVER.755.11,0.172002
943,Brn425.52v.1.txt,canon_unlabelled/Brn425.52v.1.txt,CTOU.567.16 (15),0.177431,"Source unidentified, but cf. Augustine, In Iohannis euangelium tractatus, tract. 73.1 (ed. R. Willems,
CCSL 36 [Turnhout, 1954], 510, lines 23–4)",0.177121,CORL.511.26,0.165199,Can.apost.4,0.161392,CARL.501?.4,0.156326,CTOL.589.10,0.154787,CNEO.315.5,0.154417,CNEO.315.8,0.14851,CORL.538.2,0.147316,Can.apost.18,0.147312
944,Brn425.52v.2.txt,canon_unlabelled/Brn425.52v.2.txt,CTOL.633.28,0.377211,CAUX.561.36,0.216995,CAUX.561.22,0.204687,RPWO.758.20,0.198042,CAUX.561.6,0.184353,"Gregorius Magnus, Hom.in ev. 2.31 (ed. Étaix, 271, lines 43–51",0.178963,CAGD.506.27; anno 506,0.177357,CAUX.561.20,0.173772,"Gratian, D. 5 de cons. c. 19",0.173585,CANT.328.16,0.168704
945,Brn425.52v.4.txt,canon_unlabelled/Brn425.52v.4.txt,CAGD.506.46,0.233133,RPWO.758.6,0.192857,CANC.314.9,0.192128,CCHA.451.19,0.189035,CANC.314.4,0.177764,CAGD.506.55,0.153952,CARL.501?.14,0.151383,CANC.314.13,0.150042,"Caesarius, Sermo 43.3 (ed. Morin, 191, lines 13–19)",0.145331,CAGD.506.41,0.143391
946,Brn425.53r.3.txt,canon_unlabelled/Brn425.53r.3.txt,CTOL.397.5,0.691107,CSAR.347.5,0.255146,CNIC.325.8,0.215234,CSAR.347.12,0.20265,CHIP.393.22,0.195478,CSAR.347.6,0.188012,CTOL.589.18,0.184107,CAUX.561.43,0.183349,CSAR.347.14,0.178606,"Gregorius Magnus, Hom.in ev. 2.39 (ed. Étaix, 382, lines 66–7)",0.171807
947,Brn425.53r.5.txt,canon_unlabelled/Brn425.53r.5.txt,CORL.511.14,0.223102,CTOL.638.4,0.198622,CTOL.656.3,0.165975,"cf. Jerome, Epistola 22, ad Eustochium (ed. Hilberg, I, 160, line 3)",0.160475,CTOL.527.5,0.15997,CTOL.633.15,0.148859,DSIR.384.255  cap. 13,0.147761,CLYO.567.5,0.147413,CNEO.315.10,0.146964,"(ed. MOMMSEN, as Gildas, Epist.deperd.fragm. 5, in Chronica minora, p. 87, line 36–p. 88, line 1; trans.
WINTERBOTTOM, Gildas, 82)",0.146426
948,Brn425.53r.7.txt,canon_unlabelled/Brn425.53r.7.txt,CCHA.451.3,0.257362,CHIP.393.15,0.25702,CCHA.451.4,0.243928,CANC.314.23,0.214193,CCHA.451.9,0.213453,CNIC.325.17,0.198074,CTOL.633.50,0.190327,CAGD.506.52,0.179055,CANC.314.5,0.178852,CHIP.393.26,0.177199
949,Brn425.53v.2.txt,canon_unlabelled/Brn425.53v.2.txt,CTOL.633.24,0.793798,CTOL.646.5,0.270515,CANC.314.23,0.23877,Can.apost.2,0.230569,CANC.314.3,0.224084,"(ed. MOMMSEN, as Gildas, Epist.deperd.fragm. 3, in Chronica minora, 86, lines 17–21; trans. WINTERBOTTOM, Gildas, 80)",0.213703,"Jerome, Epistola 52, ad Nepotianum (ed. Hilberg, I, 435, line )",0.212473,CVAI.442.7,0.208411,CAGD.506.39,0.194006,CANC.314.15,0.191951
950,Brn425.54r.1.txt,canon_unlabelled/Brn425.54r.1.txt,CTOL.633.29,0.790828,CANC.314.23,0.305757,CORL.511.30,0.270711,CHIP.393.36,0.263068,CTOL.633.75,0.237431,CLAO.300.23,0.233392,"cf. Jerome, Epistola 22, ad Eustochium (ed. Hilberg, I, 160, line 3)",0.233286,CAUX.561.4,0.226887,CTOL.638.18,0.220297,"Caesarius, Sermo 192.4 (ed. Morin, 781, lines 7–9)",0.21306
951,Brn425.54r.2.txt,canon_unlabelled/Brn425.54r.2.txt,CHIP.393.26,0.772903,CLAO.300.24,0.185881,CHIP.393.29,0.173071,CHIP.393.27,0.166356,CAGD.506.8,0.15662,Can.apost.41,0.153966,Capit.Martini.2,0.153678,CORL.541.29,0.150176,CSAR.347.10,0.149571,CORL.511.16,0.143472
952,Brn425.54r.3.txt,canon_unlabelled/Brn425.54r.3.txt,CTOL.633.45,0.598735,CARL.314.7,0.192795,RPCO.757.2,0.192116,CTOL.633.52,0.186796,CCHA.451.10,0.164496,CAGD.506.46,0.163315,CANC.314.8,0.159108,CTOL.633.55,0.158016,CANC.314.17,0.154737,CORA.441.23,0.151809
953,Brn425.54r.4.txt,canon_unlabelled/Brn425.54r.4.txt,CTOL.633.41,0.234682,CTOL.636.7,0.195604,Can.apost.23,0.190504,CTOL.636.1,0.190237,CAGD.506.31,0.185032,DSIR.384.255  cap. 11,0.182306,CTOL.589.2,0.177093,CHIP.393.26,0.17448,CAGD.506.52,0.173208,CORL.511.20,0.169294
954,Brn425.54r.5.txt,canon_unlabelled/Brn425.54r.5.txt,CORL.538.9,0.289293,CAGD.506.2,0.248127,RPWO.758.15,0.226952,CAGD.506.8,0.225083,CNIC.325.16,0.216302,CTOL.589.11,0.198143,Can.apost.44,0.194414,DSIR.384.255  cap. 13,0.193286,CANC.314.20,0.188721,CAGD.506.5,0.185957
955,Brn425.54r.6.txt,canon_unlabelled/Brn425.54r.6.txt,CTOL.638.5,0.255656,Can.apost.41,0.188978,Can.apost.12,0.180722,CAGD.506.8,0.17271,Can.apost.23,0.172388,CAUX.561.3,0.167277,CCHA.451.11,0.165003,CAGD.506.52,0.16304,CHIP.393.26,0.155949,"CTOL.653.13  (excerpta canonum cap. 13)  Martinez Diez, vol. 5, pp. 475-476; text modified in W",0.153422
956,Brn425.54r.7.txt,canon_unlabelled/Brn425.54r.7.txt,CORL.538.9,0.245113,RPWO.758.15,0.240708,CTOL.636.5,0.2058,CTOL.589.11,0.195065,CAGD.506.2,0.192387,CORL.538.26 (23),0.191867,"Gennadius, Lib.eccl.dogm. 22 (ed. Turner, 94, lines 13–18; cf. recensio vulgata, c. 23
[PL 42, col. 1218])",0.176152,CTOL.397.5,0.168697,CAGD.506.38,0.167718,"Ambrose, Exp.ev.sec.Luc., lib. 10, c. 87 (ed. Adriaen, 371, lines 846–49]",0.16366
957,Brn425.54r.8.txt,canon_unlabelled/Brn425.54r.8.txt,CTOL.633.46,0.790095,"cf. Jerome, Epistola 22, ad Eustochium (ed. Hilberg, I, 160, line 3)",0.266066,"Caesarius, Sermo 43.5 (ed. Morin, 192, lines 2–7)",0.248954,CTOL.589.22,0.221541,CARL.501?.11,0.218347,"Augustine, De serm.dom.in monte, 1.20.63 (ed. Mutzenbecher, 72, lines 1569–82)",0.208852,CEPA.517.3,0.196325,"Source unidentified, but cf. Eucherius of Lyon, Instructionum ad Salonium libri II, lib. 2 (ed. C.
Mandolfo, CCSL 66 [Turnhout, 2004], 201–03, lines 263–65)",0.195838,CHIP.393.26,0.192474,CORA.441.15,0.192385
958,Brn425.54r.9.txt,canon_unlabelled/Brn425.54r.9.txt,CORA.441.14,0.213275,CCHA.451.27,0.20165,CHIP.393.12,0.199694,CAGD.506.31,0.179588,"Gregorius Magnus, Hom.in ev. 2.39 (ed. Étaix, 381, lines 45–49)",0.178376,Can.apost.20,0.177046,CANC.314.16,0.170103,CNIC.325.2,0.170057,CLAO.300.12,0.169856,"Caesarius, Sermo 192.4 (ed. Morin, 781, lines 7–9)",0.161139
959,Brn425.54v.1.txt,canon_unlabelled/Brn425.54v.1.txt,CORL.538.9,0.293758,"(ed. MOMMSEN, as Gildas, Epist.deperd.fragm. 3, in Chronica minora, 86, lines 17–21; trans. WINTERBOTTOM, Gildas, 80)",0.239343,RPWO.758.15,0.225084,CLAO.300.23,0.206212,"CMEA.845.0 ""Canon extravagans 2"", Conc. Meaux, a. 845; unique to this ms, apud MGH Conc. III p. 129",0.197736,CTOL.589.23,0.195156,Can.apost.12,0.18584,CAGD.506.28,0.181087,CTOL.633.16,0.179351,CNIC.325.5,0.160675
960,Brn425.54v.2.txt,canon_unlabelled/Brn425.54v.2.txt,"Augstine, De consensu evangelistarum 2.30 (ed. F. Weihrich, CSEL 43 [Vienna, 1904], 177,
lines 14–24)",0.284133,CGAN.355.13,0.214879,CORL.511.16,0.212983,CCHA.451.21,0.206942,"Jerome, Epistola 22, ad Eustochium (ed. Hilberg, I, p. 182, line 20–p. 183, line 4)",0.20085,CGAN.355.12,0.194363,CHIP.393.8,0.193726,CORL.549.19,0.166702,CTOL.633.28,0.160372,CORA.441.7,0.157774
961,Brn425.54v.3.txt,canon_unlabelled/Brn425.54v.3.txt,CAGD.506.38,0.289985,CORL.541.29,0.239065,CAUX.561.40,0.236177,CNIC.325.6,0.230609,CVAI.442.7,0.209084,CCHA.451.27,0.206772,CTOL.589.23,0.205006,"(ed. MOMMSEN, as Gildas, Epist.deperd.fragm. 7, in Chronica minora, 88, lines 13–24; trans. WINTERBOTTOM,
Gildas, 82)",0.201625,CLAO.300.23,0.188214,CTOL.636.5,0.187836
962,Brn425.54v.4.txt,canon_unlabelled/Brn425.54v.4.txt,CNIC.325.5,0.302828,CVER.755.11,0.236419,Can.apost.20,0.204906,CORA.441.10,0.189114,CTOL.636.5,0.185709,CARL.501?.8,0.184728,CTOL.397.15,0.180771,CSAR.347.17,0.179826,CTOL.633.51,0.172564,CANC.314.16,0.171091
963,Brn425.54v.5.txt,canon_unlabelled/Brn425.54v.5.txt,Capit.Martini.61,0.31193,CORL.538.32,0.248618,CCHA.451.21,0.242637,CNIC.325.6,0.233427,CANT.328.1,0.181639,CGAN.355.5,0.181593,Can.apost.12,0.179426,CMEA.845.10,0.176585,CANT.328.6,0.174625,CTOL.633.22,0.173265
964,Brn425.54v.6.txt,canon_unlabelled/Brn425.54v.6.txt,CTOL.656.6,0.845661,CTOL.656.4,0.43502,CTOL.656.5,0.368531,CTOL.646.5,0.352822,CTOL.527.1,0.310998,CTOL.633.55,0.277034,CTOL.633.19,0.265974,CTOL.633.41,0.261101,CTOL.646.2,0.25593,CTOL.638.6,0.2537
965,Brn425.55r.1.txt,canon_unlabelled/Brn425.55r.1.txt,CTOL.397.2,0.709864,CTOL.397.4,0.273849,CARL.501?.25,0.21512,CTOL.589.11,0.210685,CHIP.393.18,0.197632,CNIC.325.12,0.190488,CHIP.393.36,0.189782,CORA.441.14,0.182471,Can.apost.9,0.181681,Can.apost.43,0.181548
966,Brn425.55r.2.txt,canon_unlabelled/Brn425.55r.2.txt,CHIP.393.36,0.259717,CLAO.300.23,0.248351,CTOL.397.3,0.204469,CLAO.300.24,0.192645,CTOL.633.25,0.187631,CTOL.633.41,0.185014,"Caesarius, Sermo 2, ammonitio (ed. Morin, 18, lines 7–15)",0.184809,CCHA.451.21,0.182532,CHIP.393.19,0.177025,CCHA.451.27,0.167721
967,Brn425.55r.3.txt,canon_unlabelled/Brn425.55r.3.txt,CTOL.397.3,0.581344,CLAO.300.23,0.294542,CHIP.393.18,0.252914,CNEO.315.7,0.250167,CEPA.517.29,0.227348,Can.apost.27,0.218875,CSAR.347.13,0.216152,CTOL.397.4,0.204598,Can.apost.43,0.187597,RPWO.758.4,0.179552
968,Brn425.55r.6.txt,canon_unlabelled/Brn425.55r.6.txt,RPWO.758.14,0.290054,CHIP.393.34,0.284444,CANC.314.18,0.22178,CTOL.589.10,0.218754,CCHA.451.25,0.188289,CARL.314.12,0.183763,CNIC.325.11,0.181923,CTOL.633.23,0.175629,CAGD.506.18,0.170198,CHIP.393.18,0.16754
969,Brn425.55v.2.txt,canon_unlabelled/Brn425.55v.2.txt,CANC.314.12,0.279605,CNIC.325.18,0.223091,CLAO.300.20,0.213081,Can.apost.2,0.196625,CTOL.397.9,0.194563,CCHA.451.21,0.193346,CNEO.315.14,0.190139,CAUX.561.20,0.187143,CCHA.451.13,0.185543,CORL.511.29,0.183137
970,Brn425.55v.3.txt,canon_unlabelled/Brn425.55v.3.txt,CNIC.325.18,0.261551,CORL.511.12,0.240665,Can.apost.41,0.205797,CNEO.315.12,0.205586,RPWO.758.15,0.185372,CAUX.561.41,0.176883,CNEO.315.4,0.172406,CAGD.506.51,0.166924,CGAN.355.6,0.160635,CNEO.315.6,0.151502
971,Brn425.55v.4.txt,canon_unlabelled/Brn425.55v.4.txt,CLAO.300.20,0.254604,CARL.501?.15,0.233335,CAUX.561.41,0.198574,CAUX.561.34,0.187483,CORL.511.17,0.177181,CTOL.633.68,0.171649,CNIC.325.18,0.168095,CARL.314.17,0.166206,CAGD.506.46,0.162264,CNEO.315.10,0.158637
972,Brn425.55v.5.txt,canon_unlabelled/Brn425.55v.5.txt,CORA.441.28,0.220072,CHIP.393.32,0.176985,CNEO.315.6,0.175168,CORL.549.20,0.165784,CTOL.633.4,0.162438,CNEO.315.10,0.161749,CNEO.315.9,0.16076,CANC.314.24,0.160014,CNEO.315.11,0.152446,Stat.Eccl.Antiq. 20,0.148936
973,Brn425.55v.6.txt,canon_unlabelled/Brn425.55v.6.txt,CTOL.633.28,0.218544,CNIC.325.6,0.174389,CGAN.355.7,0.169994,CTOL.638.19,0.161402,CCHA.451.27,0.154564,CNIC.325.19,0.152135,CAGD.506.55,0.150886,Can.apost.30,0.14786,CORL.511.14,0.147115,CGAN.355.4,0.143514
974,Brn425.56r.2.txt,canon_unlabelled/Brn425.56r.2.txt,"CTOL.653.13  (excerpta canonum cap. 13)  Martinez Diez, vol. 5, pp. 475-476; text modified in W",0.391692,"Augustine, De serm.dom.in monte, 1.20.63 (ed. Mutzenbecher, 72, lines 1569–82)",0.216501,CANT.328.13,0.214353,CLAO.300.13,0.199077,CNIC.325.9,0.194127,CSAR.347.4,0.19343,CCHA.451.21,0.189892,CHIP.393.38,0.187666,"Eusebius-Rufinus, HE 10.2 (eds Mommsen–Schwartz, II, 961, lines 10–19)",0.182956,Can.apost.12,0.179473
975,Brn425.56r.3.txt,canon_unlabelled/Brn425.56r.3.txt,CTOL.633.20,0.240567,CRIZ.439.5,0.209973,CAGD.506.14,0.208806,CAUX.561.36,0.20341,CSAR.347.12,0.20135,CNEO.315.6,0.193506,CMEA.845.10,0.193152,Can.apost.28,0.191535,"Source unidentified, but cf. Ambrosiaster, Comm.in Pauli epist., ad Rom. (recensio gamma), vers. 7:24–5 (ed. Vogels, I, 245, lines 19–21)",0.181186,CAGD.506.35,0.176888
976,Brn425.56v.1.txt,canon_unlabelled/Brn425.56v.1.txt,CSAR.347.9,0.32209,CHIP.393.30,0.263748,CSAR.347.7,0.244998,CORA.441.28,0.232394,CSAR.347.17,0.230131,CSAR.347.18,0.227232,CHIP.393.38,0.224094,CSAR.347.8,0.222671,CTOL.646.3,0.22128,CMAC.585.2,0.218334
977,Brn425.56v.3.txt,canon_unlabelled/Brn425.56v.3.txt,CANT.328.24,0.279551,CGAN.355.7,0.205603,CCHA.451.25,0.19144,Can.apost.41,0.191403,"Gregorius Magnus, Hom.in ev. 2.39 (ed. Étaix, 381, lines 45–49)",0.191011,Capit.Martini.14,0.176796,CLYO.583.6,0.176538,CNEO.315.8,0.175845,CORL.549.19,0.174014,Capit.Martini.16,0.165589
978,Brn425.57r.2.txt,canon_unlabelled/Brn425.57r.2.txt,CANT.328.17,0.239016,CLAO.300.13,0.216537,CAGD.506.44,0.212884,CGAN.355.4,0.179522,CGAN.355.17,0.173228,CNEO.315.8,0.173122,CTOL.633.68,0.171836,CTOL.655.8,0.167051,CCHA.451.6,0.164774,CAUX.561.13,0.161416
979,Brn425.57r.5.txt,canon_unlabelled/Brn425.57r.5.txt,CORL.511.26,0.227923,"cf. Poen. Theodori, capp. III.3, III.4, III.5; Wasserschleben, p. 204",0.223916,CTUR.439.6,0.212531,CAGD.506.44,0.21074,CAUX.561.36,0.208527,Unidentified,0.208427,CAUX.561.12,0.204961,CGAN.355.17,0.204512,RPCO.757.9,0.20147,CCHA.451.18,0.190729
980,Brn425.57v.4.txt,canon_unlabelled/Brn425.57v.4.txt,CLAO.300.13,0.364299,CHIP.393.20,0.205264,Can.apost.1,0.201722,CORL.538.32,0.188586,CNIC.325.6,0.187151,"Gennadius, Lib.eccl.dogm. 46 (ed. Turner, 98, lines 1–7; cf. recensio vulgata, c. 47 [PL
42, col. 1220])",0.177703,Stat.Eccl.Antiq. 20,0.177401,CTOL.397.10,0.175523,CNEO.315.9,0.171104,CEPA.517.3,0.165752
981,Brn425.57v.6.txt,canon_unlabelled/Brn425.57v.6.txt,CHIP.393.38,0.605725,CVAI.442.7,0.259849,CHIP.393.7,0.234643,CSAR.347.17,0.234457,CTOL.633.4,0.223841,CSAR.347.6,0.221137,"Gregorius Magnus, Hom.in ev. 2.26 (ed. Étaix, 222, lines 116–19) Ps (G) 50:19",0.217539,CHIP.393.2,0.207465,CHIP.393.39,0.204782,"Caesarius, Sermo 2, ammonitio (ed. Morin, 18, lines 7–15)",0.201731
982,Brn425.59r.3.txt,canon_unlabelled/Brn425.59r.3.txt,CHIP.393.18,0.408683,CTOL.589.10,0.284059,CTOL.397.3,0.25197,CSAR.347.13,0.249028,CANC.314.9,0.246814,CTOL.655.8,0.23989,CORL.541.6,0.238957,CNEO.315.11,0.233625,CHIP.393.22,0.22839,CANC.314.18,0.225225
983,Brn425.59v.1.txt,canon_unlabelled/Brn425.59v.1.txt,CTOL.655.16,0.241904,CGAN.355.7,0.232007,CARL.314.21,0.230463,CLAO.300.20,0.229675,CANC.314.17,0.22083,RPWO.758.14,0.218436,CANT.328.5,0.209002,CAGD.506.63,0.20184,CANC.314.2,0.198409,CTOL.633.71,0.197738
984,Brn425.59v.2.txt,canon_unlabelled/Brn425.59v.2.txt,CANT.328.9,0.262274,CANT.328.17,0.177949,"Jerome, Comm.in Mat.libri IV, lib. 1, vers. 6:2 (eds Hurst–Adriaen, 35, lines 723–24)",0.176731,CANT.328.21,0.165102,Can.apost.39,0.163944,CANC.314.23,0.162844,CLAO.300.52,0.161125,CAGD.506.44,0.151006,CGAN.355.15,0.149487,CNIC.325.20,0.148021
985,Brn425.59v.3.txt,canon_unlabelled/Brn425.59v.3.txt,CHIP.393.2,0.265334,CCHA.451.11,0.227883,CTOL.589.18,0.19853,CHIP.393.8,0.196681,CANC.314.4,0.195311,RPWO.758.14,0.192885,Can.apost.2,0.177407,"Gregory of Nazianzus- Rufinus, De Pentecoste et de spiritu sancto 2 (in Tyranni Rufini
orationum Gregorii Nazianzeni novem interpretatio, ed. Engelbrecht, 143, lines 8–16)",0.175066,CCHA.451.2,0.173693,CANC.314.23,0.173606
986,Brn425.59v.4.txt,canon_unlabelled/Brn425.59v.4.txt,CHIP.393.39,0.206759,CORL.511.31,0.203488,CAGD.506.51,0.202424,"Caesarius, Sermo 2, ammonitio (ed. Morin, 18, lines 7–15)",0.199515,CAGD.506.44,0.191227,CAGD.506.50 (addit.),0.186061,CHIP.393.36,0.183398,CGAN.355.7,0.176993,CEPA.517.3,0.174482,CHIP.393.18,0.170144
987,Brn425.59v.5.txt,canon_unlabelled/Brn425.59v.5.txt,CHIP.393.38,0.322026,CSAR.347.3,0.307424,CSAR.347.17,0.242601,RPCO.757.9,0.241312,CSAR.347.7,0.236474,"Augustine, De serm.dom.in monte, 1.20.63 (ed. Mutzenbecher, 72, lines 1569–82)",0.2302,CORL.511.27,0.228661,CAGD.506.35,0.216922,CSAR.347.16,0.214946,CORL.511.8,0.211
988,Brn425.60r.2.txt,canon_unlabelled/Brn425.60r.2.txt,CTOL.638.1,0.666487,"Gregory of Nazianzus- Rufinus, In semet.de agr.regr. 13 (ed. Engelbrecht, 182, lines 9–11)",0.323711,CARL.314.9,0.259801,CTOL.633.6,0.254019,CTOL.633.57,0.248083,CTOL.656.1,0.238279,"Gregorius Magnus, Hom.in ev. 2.26 (ed. Étaix, 222, lines 116–19) Ps (G) 50:19",0.228589,CARL.501?.17,0.213132,CMEA.845.10,0.211854,CNIC.325.6,0.209305
989,Brn425.60v.1.txt,canon_unlabelled/Brn425.60v.1.txt,CAUX.561.12,0.277595,RPWO.758.14,0.244465,"Gregory of Nazianzus- Rufinus, Apologeticus 115 (ed. Engelbrecht, 82, lines 11–12)",0.211272,CAGD.506.44,0.208571,CORA.441.25,0.19082,CVAI.442.9,0.185157,"Eusebius-Rufinus, HE 10.5 (eds Mommsen–Schwartz, II, 963, line 21)",0.184408,Can.apost.5,0.179509,"Caesarius, Sermo 2, ammonitio (ed. Morin, 18, lines 7–15)",0.178969,CTOL.633.52,0.178642
990,Brn425.61v.1.txt,canon_unlabelled/Brn425.61v.1.txt,CORL.511.16,0.211367,CORL.511.31,0.209754,CAGD.506.52,0.188422,CTOL.527.3,0.176685,Capit.Martini.2,0.173643,RPWO.758.20,0.158481,RPWO.758.18,0.153551,CCHA.451.10,0.153151,CAGD.506.44,0.153088,CTOL.397.12,0.140264
991,Brn425.61v.10.txt,canon_unlabelled/Brn425.61v.10.txt,CANT.328.16,0.237567,CTOL.633.25,0.226758,Can.apost.39,0.181772,CARL.314.7,0.174109,CHIP.393.18,0.16618,"Hermas, Libell.sanct.past., mandatum 4.1.4–8 (eds de Gebhardt– Harnack–Zahn, 79, lines 1–19)",0.162799,CLAO.300.23,0.153528,Can.apost.6,0.152399,Can.apost.45,0.150451,"Ps.-Clemens-Rufinus, Recognitiones 2.72 (eds Rehm–Paschke, 94,
lines 4–8)",0.147011
992,Brn425.61v.11.txt,canon_unlabelled/Brn425.61v.11.txt,CCHA.451.27,0.188823,CORL.511.16,0.18311,CCHA.451.5,0.171905,CGAN.355.17,0.170245,CGAN.355.4,0.16011,CARL.314.18,0.159165,CLAO.300.58,0.155902,CANC.314.20,0.155793,CORL.511.17,0.155041,RPWO.758.14,0.148059
993,Brn425.61v.12.txt,canon_unlabelled/Brn425.61v.12.txt,CTOL.633.4,0.260604,CTOL.633.39,0.251129,CLAO.300.20,0.221502,"Gregory of Nazianzus-Rufinus, In semet.de agr.regr. 16 (ed. Engelbrecht, 186, lines 7–10)",0.212214,CVAN.461.8,0.207084,CARL.314.18,0.187913,CAGD.506.39,0.18265,CARL.501?.15,0.179563,CTOL.633.31,0.175276,CHIP.393.8,0.17441
994,Brn425.61v.3.txt,canon_unlabelled/Brn425.61v.3.txt,CGAN.355.3,0.186757,CANC.314.24,0.166123,CGAN.355.12,0.159002,CSAR.347.6,0.156504,CGAN.355.5,0.156331,CNIC.325.6,0.156152,CNIC.325.11,0.156023,CNEO.315.3,0.153423,"CTOL.653.13  (excerpta canonum cap. 13)  Martinez Diez, vol. 5, pp. 475-476; text modified in W",0.151747,Can.apost.35,0.150178
995,Brn425.61v.4.txt,canon_unlabelled/Brn425.61v.4.txt,CHIP.393.12,0.301179,CNIC.325.2,0.253566,CHIP.393.36,0.217147,CLAO.300.32,0.213051,CGAN.355.15,0.197956,CTOL.633.58,0.1925,CNEO.315.10,0.191469,CORL.538.32,0.166279,CORL.511.31,0.165334,CNEO.315.12,0.162345
996,Brn425.61v.5.txt,canon_unlabelled/Brn425.61v.5.txt,CANT.328.7,0.175154,CANT.328.24,0.173113,CANT.328.9,0.157563,CTOL.397.9,0.154967,Can.apost.13,0.145968,Can.apost.15,0.139401,Can.apost.34,0.136159,CNIC.325.10,0.130222,CNIC.325.9,0.129892,CNEO.315.6,0.126495
997,Brn425.61v.6.txt,canon_unlabelled/Brn425.61v.6.txt,CGAN.355.8,0.17847,CANC.314.21,0.177575,CNEO.315.10,0.169287,CTUR.439.7,0.163667,CAGD.506.51,0.161981,RPWO.758.14,0.157368,Can.apost.17,0.152761,CGAN.355.7,0.1517,Can.apost.49,0.146384,Can.apost.34,0.145229
998,Brn425.61v.7.txt,canon_unlabelled/Brn425.61v.7.txt,CORL.511.31,0.172025,CORA.441.11,0.161247,CTOL.636.4,0.155408,"Eusebius–Rufinus HE 6.19.17 (eds Mommsen–Schwartz, II, 565, lines 11–12)",0.155245,CANT.328.7,0.153792,CCHA.451.13,0.152922,CGAN.355.8,0.148145,CAUX.561.4,0.14627,Can.apost.19,0.13138,CNIC.325.12,0.125169
999,Brn425.61v.8.txt,canon_unlabelled/Brn425.61v.8.txt,CHIP.393.2,0.663142,CTOL.636.7,0.221171,CTOL.589.18,0.219221,CORA.441.7,0.199483,CNIC.325.6,0.193773,CTOL.589.11,0.188313,CNIC.325.16,0.187879,CTOL.589.0 Conc. Toletana III; anno 589; PL 84 col. 384-386; combined canons?,0.184777,CLAO.300.23,0.179335,CARL.314.11,0.178862
1000,Brn425.62r.1.txt,canon_unlabelled/Brn425.62r.1.txt,CSAR.347.14,0.871384,CSAR.347.1,0.354096,CSAR.347.5,0.33577,CSAR.347.15,0.330081,CCHA.451.4,0.321469,CTOU.567.18 (17),0.308145,CAGD.506.63,0.294561,CNIC.325.15,0.288929,"Ps.-Clemens-Rufinus, Recognitiones 2.72 (eds Rehm–Paschke, 94,
lines 4–8)",0.279575,CAUX.561.11,0.27926
1001,Brn425.62r.2.txt,canon_unlabelled/Brn425.62r.2.txt,CSAR.347.15,0.84919,CSAR.347.14,0.343654,CHIP.393.38,0.276781,CSAR.347.8,0.276633,CSAR.347.20,0.270981,CSAR.347.9,0.269408,CSAR.347.6,0.26001,CAGD.506.63,0.250522,CANT.328.20,0.250254,CORL.511.27,0.24651
1002,Brn425.62v.1.txt,canon_unlabelled/Brn425.62v.1.txt,CSAR.347.13,0.798797,DSIR.384.255  cap. 13,0.319045,CNEO.315.12,0.266916,CVAI.442.8,0.265257,CCHA.451.2,0.260742,CNEO.315.,0.235385,CANC.314.4,0.234493,CARL.501?.1,0.227641,CHIP.393.20,0.220947,CTOL.646.5,0.220787
1003,Brn425.62v.2.txt,canon_unlabelled/Brn425.62v.2.txt,CSAR.347.8,0.887995,CSAR.347.10,0.373906,CSAR.347.9,0.345016,CSAR.347.5,0.287432,"Augustine, De serm.dom.in monte, 1.20.63 (ed. Mutzenbecher, 72, lines 1569–82)",0.262534,"Caesarius, Sermo 192.4 (ed. Morin, 781, lines 7–9)",0.256357,CNIC.325.4,0.243524,CSAR.347.15,0.237278,CNIC.325.11,0.233474,CANT.328.12,0.232663
1004,Brn425.63r.1.txt,canon_unlabelled/Brn425.63r.1.txt,CSAR.347.9,0.876319,CSAR.347.10,0.375314,"Eusebius-Rufinus, HE 10.5 (eds Mommsen–Schwartz, II, 963, line 21)",0.274202,CTUR.439.6,0.244262,CSAR.347.8,0.240401,CTOL.655.17,0.239765,CSAR.347.7,0.235627,CANT.328.11,0.231609,CSAR.347.15,0.229878,CAGD.506.52,0.223944
1005,Brn425.63r.2.txt,canon_unlabelled/Brn425.63r.2.txt,CSAR.347.10,0.781275,CSAR.347.8,0.4291,CSAR.347.9,0.32385,CANT.328.12,0.241653,CSAR.347.7,0.233273,CNIC.325.11,0.228046,CNIC.325.4,0.205199,CANT.328.11,0.204437,CTOL.589.17,0.199674,CSAR.347.11,0.19827
1006,Brn425.64v.3.txt,canon_unlabelled/Brn425.64v.3.txt,CEPA.517.37,0.327267,CNIC.325.11,0.238377,CEPA.517.3,0.214147,CNIC.325.17,0.207947,CAGD.506.52,0.19233,CARL.314.15,0.188739,CMAC.585.1,0.184397,CANC.314.7,0.182447,DSIR.384.255 cap 7,0.178606,CANC.314.15,0.177874
1007,Brn425.65r.2.txt,canon_unlabelled/Brn425.65r.2.txt,CANT.328.7,0.331604,"Caesarius, Sermo 2, ammonitio (ed. Morin, 18, lines 7–15)",0.231616,CANT.328.8,0.223249,"Jerome, Comm.in IV ep.Paul., ad Tit. vers. 3:1–2 (PL 26, col. 590D)",0.219559,CSAR.347.20,0.218329,CHIP.393.6,0.213454,Can.apost.34,0.208629,CANC.314.15,0.207302,CVAI.442.6,0.201059,CNIC.325.17,0.199598
1008,C1525.140v.1.txt,canon_unlabelled/C1525.140v.1.txt,CTOL.638.3,0.301413,CTOL.633.20,0.276975,DSIR.384.255 cap 7,0.273437,CTOL.589.1,0.273227,CTOL.638.8,0.26484,CAGD.506.61,0.231083,CTUR.439.3,0.230787,CAGD.506.35,0.227853,CTOL.656.2,0.226184,CRIZ.439.1,0.216617
1009,C1525.141r.1.txt,canon_unlabelled/C1525.141r.1.txt,CTOL.397.2,0.296922,CTOL.646.1,0.21813,CNIC.325.2,0.198778,CANT.328.13,0.178961,Can.apost.14,0.178742,CTOL.633.19,0.169868,CTOL.397.18,0.169735,CSAR.347.20,0.165341,CNIC.325.15,0.164488,CTOL.633.62,0.163207
1010,C1525.141r.2.txt,canon_unlabelled/C1525.141r.2.txt,CTOL.638.19,0.34647,CSAR.347.9,0.285021,CTOL.636.9,0.274808,CTOL.646.6,0.265439,CTOL.638.2,0.25566,CTOL.636.7,0.244498,CTOL.655.17,0.235018,CSAR.347.21,0.226655,CTUR.439.6,0.214922,CTOL.636.1,0.203899
1011,C1525.141v.1.txt,canon_unlabelled/C1525.141v.1.txt,CSAR.347.9,0.308109,"Eusebius-Rufinus, HE 10.5 (eds Mommsen–Schwartz, II, 963, line 21)",0.283661,CTUR.439.6,0.270637,CHIP.393.38,0.262891,CTOL.655.17,0.250533,CSAR.347.11,0.232139,CTOL.638.19,0.228782,RPCO.757.9,0.221239,CTOL.527.5,0.221005,"Caesarius, Sermo 192.4 (ed. Morin, 781, lines 7–9)",0.218872
1012,C1525.142r.1.txt,canon_unlabelled/C1525.142r.1.txt,CHIP.393.38,0.343816,CRIZ.439.2,0.32002,CTOL.646.1,0.286622,CTOL.527.5,0.277326,CTOL.636.1,0.275027,CRIZ.439.1,0.268352,CSAR.347.21,0.246064,CTOL.655.17,0.230749,"Eusebius-Rufinus, HE 10.5 (eds Mommsen–Schwartz, II, 963, line 21)",0.228883,CTOL.638.19,0.224528
1013,C1525.170v.1.txt,canon_unlabelled/C1525.170v.1.txt,CGAN.355.17,0.302174,CGAN.355.14,0.275616,CTOL.589.0 Conc. Toletana III; anno 589; PL 84 col. 384-386; combined canons?,0.26358,CGAN.355.10,0.219124,CGAN.355.4,0.215471,CTOU.567.16 (15),0.212626,CGAN.355.7,0.19907,CTOL.397.11,0.188073,CANT.328.6,0.18029,CGAN.355.1,0.17306
1014,C1525.170v.2.txt,canon_unlabelled/C1525.170v.2.txt,CTOL.589.0 Conc. Toletana III; anno 589; PL 84 col. 384-386; combined canons?,0.295673,CGAN.355.17,0.282495,CGAN.355.14,0.253249,CGAN.355.10,0.221237,CTOU.567.16 (15),0.21396,CGAN.355.4,0.207904,CTOL.397.11,0.195074,CANC.314.9,0.188852,CNIC.325.20,0.185909,CGAN.355.7,0.178662
1015,C1525.170v.3.txt,canon_unlabelled/C1525.170v.3.txt,CTOL.589.0 Conc. Toletana III; anno 589; PL 84 col. 384-386; combined canons?,0.282032,CGAN.355.17,0.241434,CVER.755.11,0.19998,CGAN.355.14,0.197771,CTOU.567.16 (15),0.194244,CGAN.355.8,0.192892,CGAN.355.3,0.192371,CORA.441.6,0.191991,CGAN.355.11,0.190656,CTOL.638.9,0.190171
1016,C1525.170v.4.txt,canon_unlabelled/C1525.170v.4.txt,CTOL.589.0 Conc. Toletana III; anno 589; PL 84 col. 384-386; combined canons?,0.247724,CGAN.355.17,0.237455,CGAN.355.14,0.235706,CGAN.355.7,0.227572,CGAN.355.4,0.223312,RPCO.757.6,0.189324,CGAN.355.8,0.18599,CARL.501?.8,0.184751,CARL.501?.3,0.180676,CTOL.589.19,0.17831
1017,C1525.170v.5.txt,canon_unlabelled/C1525.170v.5.txt,CTOL.589.0 Conc. Toletana III; anno 589; PL 84 col. 384-386; combined canons?,0.245948,CGAN.355.17,0.235885,CTOU.567.16 (15),0.234643,CARL.501?.8,0.234023,CTOL.527.5,0.223932,CAGD.506.61,0.223923,CGAN.355.14,0.218572,CANT.328.6,0.217083,CORL.511.18,0.214029,CGAN.355.7,0.208859
1018,C1525.170v.6.txt,canon_unlabelled/C1525.170v.6.txt,CARL.501?.3,0.276355,CTOL.589.0 Conc. Toletana III; anno 589; PL 84 col. 384-386; combined canons?,0.252292,CGAN.355.17,0.248397,CGAN.355.14,0.228701,CTOL.397.11,0.215577,CTOL.397.12,0.212708,CTOU.567.16 (15),0.210765,CARL.501?.8,0.205645,CANT.328.6,0.19983,CGAN.355.7,0.199152
1019,C1525.170v.7.txt,canon_unlabelled/C1525.170v.7.txt,CAUX.561.27,0.305822,CTOL.589.0 Conc. Toletana III; anno 589; PL 84 col. 384-386; combined canons?,0.239216,CTOU.567.16 (15),0.203527,Can.apost.11,0.196637,CGAN.355.14,0.191533,CGAN.355.18,0.186163,CTOL.589.20,0.178053,CGAN.355.17,0.177853,CORL.511.18,0.172685,CARL.501?.3,0.170156
1020,C1525.171r.1.txt,canon_unlabelled/C1525.171r.1.txt,CGAN.355.17,0.25341,RPWO.758.18,0.245972,CARL.501?.8,0.239925,CTOL.589.0 Conc. Toletana III; anno 589; PL 84 col. 384-386; combined canons?,0.22567,CAGD.506.61,0.222656,CGAN.355.14,0.208743,CTOL.527.5,0.203157,CTOL.397.11,0.202213,CGAN.355.7,0.199982,CTOU.567.16 (15),0.199847
1021,C1525.171r.10.txt,canon_unlabelled/C1525.171r.10.txt,CGAN.355.17,0.281467,CAUX.561.25,0.223063,CGAN.355.18,0.209296,CGAN.355.16,0.200712,CGAN.355.5,0.197369,CGAN.355.14,0.19243,RPWO.758.16,0.18867,RPWO.758.17,0.188588,CTOL.589.13,0.186956,CNIC.325.20,0.186652
1022,C1525.171r.2.txt,canon_unlabelled/C1525.171r.2.txt,CTOL.589.0 Conc. Toletana III; anno 589; PL 84 col. 384-386; combined canons?,0.218985,CTOL.397.11,0.205009,CGAN.355.7,0.202437,CGAN.355.14,0.199347,CGAN.355.16,0.193711,CGAN.355.18,0.1917,RPCO.757.9,0.190011,CGAN.355.11,0.189379,CARL.501?.8,0.187128,CTOL.633.18,0.184265
1023,C1525.171r.3.txt,canon_unlabelled/C1525.171r.3.txt,Can.apost.14,0.238637,CGAN.355.16,0.226452,CGAN.355.5,0.217082,CAGD.506.4,0.203658,CGAN.355.14,0.198045,CNEO.315.13,0.195223,CGAN.355.7,0.191438,CGAN.355.17,0.189958,CGAN.355.2,0.182397,CANC.314.10,0.180886
1024,C1525.171r.4.txt,canon_unlabelled/C1525.171r.4.txt,CANC.314.10,0.308756,CTOL.397.11,0.253316,CGAN.355.7,0.246305,CGAN.355.17,0.221319,CGAN.355.18,0.214465,CTOL.589.0 Conc. Toletana III; anno 589; PL 84 col. 384-386; combined canons?,0.208249,Can.apost.11,0.192952,CANT.328.15,0.191775,CGAN.355.14,0.18973,CTOL.397.12,0.186643
1025,C1525.171r.5.txt,canon_unlabelled/C1525.171r.5.txt,CTOL.633.29,0.25684,CHIP.393.36,0.207962,"Caesarius, Sermo 192.4 (ed. Morin, 781, lines 7–9)",0.195709,CANC.314.23,0.188271,CGAN.355.20,0.186292,CAUX.561.4,0.186252,CORL.511.30,0.176556,CORL.511.20,0.176359,CEPA.517.29,0.166385,CLAO.300.23,0.164482
1026,C1525.171r.6.txt,canon_unlabelled/C1525.171r.6.txt,CTOL.633.51,0.252424,CNEO.315.13,0.236679,CEPA.517.29,0.221218,CPAR.614.10,0.21365,CNIC.325.16,0.211386,CANT.328.4,0.206744,Can.apost.5,0.203463,CGAN.355.17,0.197744,Can.apost.14,0.19217,CGAN.355.7,0.187046
1027,C1525.171r.7.txt,canon_unlabelled/C1525.171r.7.txt,CTOL.636.9,0.237222,CSAV.859.12,0.23615,CTOL.638.19,0.236116,CGAN.355.10,0.215036,CGAN.355.17,0.199475,CGAN.355.3,0.185462,RPWO.758.13,0.181327,CCHA.451.16,0.178479,CTOL.633.70,0.17816,CORL.511.8,0.177127
1028,C1525.171r.8.txt,canon_unlabelled/C1525.171r.8.txt,CSAV.859.12,0.211393,CGAN.355.3,0.197869,CTOL.633.71,0.195681,CTOL.589.0 Conc. Toletana III; anno 589; PL 84 col. 384-386; combined canons?,0.187405,CGAN.355.16,0.187005,CTOL.638.19,0.178774,CGAN.355.10,0.178131,CGAN.355.17,0.17783,CTOL.633.49,0.173931,CTOL.636.9,0.173805
1029,C1525.171r.9.txt,canon_unlabelled/C1525.171r.9.txt,CTOL.589.0 Conc. Toletana III; anno 589; PL 84 col. 384-386; combined canons?,0.260089,CGAN.355.14,0.22865,CGAN.355.17,0.221887,CGAN.355.15,0.221518,CGAN.355.18,0.205679,CTOL.589.16,0.196362,RPCO.757.6,0.196133,CGAN.355.7,0.191839,CTOL.397.12,0.18942,CTOL.397.11,0.188995
1030,C1525.32r.22.txt,canon_unlabelled/C1525.32r.22.txt,CLAO.300.1,0.869021,CNEO.315.7,0.372523,Can.apost.17,0.305212,CANC.314.9,0.252034,CAUX.561.7,0.203329,CTOL.589.10,0.193581,CNEO.315.3,0.191787,CTOL.633.26,0.18684,CCHA.451.16,0.184508,CTOL.589.3,0.176253
1031,C1525.32r.23.txt,canon_unlabelled/C1525.32r.23.txt,CLAO.300.2,0.847062,CTOL.636.8,0.268752,CANC.314.15,0.239627,"John Cassian, Collationes 20.8 (ed. Petschenig, p. 561, line 9–p. 562, line 4)",0.235125,CNIC.325.12,0.234995,Can.apost.2,0.21852,CLYO.567.5,0.215413,CANC.314.16,0.212873,CNEO.315.9,0.206109,"Gregorius Magnus, Reg.past. 3.28 (eds Rommel–Judic–Morel, 458–60, lines 32–41)",0.201035
1032,C1525.32v.1.txt,canon_unlabelled/C1525.32v.1.txt,CANC.314.11,0.331251,CNEO.315.12,0.304418,Can.apost.47,0.261672,CTOL.397.8,0.221569,CORA.441.14,0.219664,Can.apost.17,0.206089,CORA.441.2,0.204825,CLAO.300.42,0.197901,CARL.501?.1,0.192191,CNEO.315.8,0.183683
1033,C1525.32v.2.txt,canon_unlabelled/C1525.32v.2.txt,CLAO.300.58,0.2448,CANT.328.13,0.208415,CLAO.300.48,0.198699,Can.apost.1,0.198362,CLAO.300.13,0.194671,CCHA.451.6,0.180831,CANT.328.19,0.173541,CANT.328.17,0.170933,CNEO.315.12,0.169578,CGAN.355.4,0.162164
1034,C1525.32v.3.txt,canon_unlabelled/C1525.32v.3.txt,CNIC.325.17,0.435179,Can.apost.44,0.385018,CANC.314.14,0.204184,CANT.328.9,0.190549,Can.apost.49,0.185175,CGAN.355.17,0.181345,CORA.441.27,0.165741,CVAI.442.4,0.159198,CHIP.393.22,0.157706,CTOL.633.33,0.15591
1035,C1525.32v.4.txt,canon_unlabelled/C1525.32v.4.txt,CLAO.300.6,0.651151,Can.apost.10,0.260765,CLAO.300.32,0.222422,Can.apost.46,0.219948,CANT.328.24,0.212398,CORL.511.17,0.20709,CNIC.325.8,0.206324,CORL.538.5,0.19577,CCHA.451.8,0.194006,CTOL.633.33,0.185449
1036,C1525.32v.5.txt,canon_unlabelled/C1525.32v.5.txt,CNIC.325.8,0.353917,CTOL.633.57,0.275613,CORA.441.1,0.266798,CHIP.393.12,0.262022,CLAO.300.6,0.259731,CNIC.325.19,0.255261,CARL.314.9,0.253817,CANT.328.2,0.253687,Can.apost.46,0.252819,CTOL.633.6,0.252588
1037,C1525.32v.6.txt,canon_unlabelled/C1525.32v.6.txt,CLAO.300.6,0.333512,CTOL.633.53,0.255184,CNIC.325.8,0.252572,CNEO.315.5,0.212986,CNIC.325.2,0.195922,CNEO.315.12,0.195865,CNIC.325.19,0.192196,CORL.511.20,0.183984,CARL.314.9,0.176693,CLAO.300.32,0.175815
1038,C1525.32v.7.txt,canon_unlabelled/C1525.32v.7.txt,Can.apost.10,0.255383,Can.apost.46,0.232731,CLAO.300.6,0.229973,CTOL.633.54,0.227182,CANT.328.2,0.206995,CNIC.325.9,0.187901,CCHA.451.8,0.186622,CTOL.638.12,0.181759,CLAO.300.24,0.173375,CCHA.451.4,0.165009
1039,C1525.33r.1.txt,canon_unlabelled/C1525.33r.1.txt,CLAO.300.10,0.761043,CTOL.633.43,0.245465,CAGD.506.25,0.235085,CHIP.393.12,0.223519,CGAN.355.14,0.221162,RPWO.758.1,0.217044,CLAO.300.32,0.21315,CORA.441.1,0.203238,CTOL.638.15,0.194088,Can.apost.17,0.19393
1040,C1525.33r.2.txt,canon_unlabelled/C1525.33r.2.txt,Can.apost.14,0.263296,Can.apost.41,0.248715,CLAO.300.58,0.235524,Can.apost.35,0.231017,Can.apost.25,0.227042,Can.apost.42,0.226226,Can.apost.7,0.225721,CANT.328.10,0.205147,CNIC.325.16,0.200924,CNIC.325.1,0.199549
1041,C1525.33r.3.txt,canon_unlabelled/C1525.33r.3.txt,CLAO.300.12,0.90554,Can.apost.39,0.199688,CLAO.300.13,0.199601,CHIP.393.12,0.193717,CANT.328.25,0.193703,CCHA.451.3,0.192817,CNEO.315.12,0.185933,CCHA.451.21,0.17762,CTOL.633.56,0.17507,CCHA.451.26,0.174779
1042,C1525.33r.4.txt,canon_unlabelled/C1525.33r.4.txt,CLAO.300.13,0.736286,CANT.328.13,0.214137,Can.apost.21,0.189493,Can.apost.1,0.184209,CORA.441.15,0.181811,CNIC.325.10,0.180814,CORA.441.12,0.179293,CNEO.315.14,0.177522,CLAO.300.12,0.172973,CNEO.315.3,0.164685
1043,C1525.33r.5.txt,canon_unlabelled/C1525.33r.5.txt,CLAO.300.32,0.354194,Can.apost.15,0.221578,CANT.328.8,0.197997,CORL.538.15,0.196469,CNEO.315.11,0.180145,CANT.328.3,0.175208,CANT.328.21,0.170178,CANT.328.22,0.169464,Can.apost.14,0.169166,CGAN.355.14,0.164144
1044,C1525.33r.6.txt,canon_unlabelled/C1525.33r.6.txt,CLAO.300.23,0.360696,CNIC.325.16,0.203988,"CMEA.845.0 ""Canon extravagans 2"", Conc. Meaux, a. 845; unique to this ms, apud MGH Conc. III p. 129",0.198689,CNIC.325.10,0.197995,CTOL.633.16,0.196889,CTOL.633.13,0.194514,CAGD.506.32,0.174747,CLAO.300.53,0.172523,Can.apost.28,0.172507,CNEO.315.5,0.168998
1045,C1525.33r.7.txt,canon_unlabelled/C1525.33r.7.txt,CORA.441.17,0.277157,CHIP.393.36,0.268532,CMAC.581.9,0.246195,CLAO.300.29,0.234468,CGAN.355.18,0.188443,CNIC.325.19,0.185881,CTOL.633.12,0.165815,CTOL.633.71,0.165464,CORL.538.31,0.164787,CTOU.567.19 (18),0.16291
1046,C1525.33v.1.txt,canon_unlabelled/C1525.33v.1.txt,CTOU.567.19 (18),0.300819,CTOL.633.10,0.236987,CTOL.589.22,0.21172,CLAO.300.23,0.209878,CAUX.561.9,0.196777,CANC.314.15,0.194696,CTOL.397.5,0.185141,CLAO.300.51,0.184017,CORA.441.28,0.168833,"John Cassian, Collationes 20.8 (ed. Petschenig, p. 561, line 9–p. 562, line 4)",0.168394
1047,C1525.33v.2.txt,canon_unlabelled/C1525.33v.2.txt,CTOU.567.19 (18),0.308297,Can.apost.4,0.217529,CMAC.585.2,0.208143,RPCO.757.8,0.198269,CANT.328.16,0.186674,CARL.314.18,0.184838,CTOL.633.10,0.184538,"Jerome, Comm.in Mat.libri IV, lib. 1, vers. 6:2 (eds Hurst–Adriaen, 35, lines 723–24)",0.183047,CSAR.347.5,0.182203,CORL.511.26,0.177969
1048,C1525.33v.3.txt,canon_unlabelled/C1525.33v.3.txt,CTOL.633.4,0.435751,CTOL.633.18,0.410262,CORL.511.26,0.302839,CNIC.325.12,0.259533,CANT.328.2,0.255511,CNEO.315.5,0.25062,CANT.328.5,0.244857,CNIC.325.14,0.23199,CAUX.561.12,0.228417,CAUX.561.36,0.222249
1049,C1525.33v.4.txt,canon_unlabelled/C1525.33v.4.txt,CLAO.300.20,0.809826,CAUX.561.22,0.342659,CARL.501?.15,0.339612,CNIC.325.18,0.320231,CNEO.315.14,0.293215,CARL.314.18,0.27801,CANC.314.2,0.257247,Can.apost.2,0.217859,CLAO.300.42,0.217459,CARL.501?.1,0.215394
1050,C1525.33v.5.txt,canon_unlabelled/C1525.33v.5.txt,CAUX.561.22,0.351812,CLAO.300.20,0.335247,CNEO.315.14,0.333163,CARL.501?.15,0.327406,CNIC.325.18,0.249378,CLAO.300.24,0.248346,CGAN.355.19,0.2374,CNEO.315.10,0.194365,CVAI.442.3,0.190479,CANT.328.10,0.182083
1051,C1525.33v.6.txt,canon_unlabelled/C1525.33v.6.txt,CAUX.561.22,0.266524,CORL.511.20,0.259152,CLAO.300.23,0.254094,CLAO.300.24,0.2447,CLAO.300.20,0.232791,CTOL.397.4,0.208858,CVAI.442.3,0.198069,CNEO.315.10,0.18606,CGAN.355.3,0.184096,CTOL.633.40,0.182693
1052,C1525.34r.1.txt,canon_unlabelled/C1525.34r.1.txt,CLAO.300.23,0.882893,Can.apost.27,0.314022,CTOL.633.25,0.306035,CHIP.393.18,0.287064,CTOL.397.3,0.283623,CSAR.347.13,0.259289,Can.apost.43,0.25795,CLAO.300.24,0.256636,CTOL.589.23,0.250795,CTOL.646.5,0.228891
1053,C1525.34r.2.txt,canon_unlabelled/C1525.34r.2.txt,CLAO.300.24,0.88699,CORA.441.24,0.274161,Can.apost.24,0.210586,CLAO.300.23,0.199074,CORA.441.15,0.196941,CHIP.393.26,0.190437,CTOL.633.61,0.180196,CTOL.589.23,0.173053,CCHA.451.3,0.171632,CGAN.355.1,0.17145
1054,C1525.34r.3.txt,canon_unlabelled/C1525.34r.3.txt,CAGD.506.44,0.273667,CLAO.300.32,0.253162,Can.apost.27,0.238564,CLAO.300.20,0.228241,CGAN.355.14,0.220938,CAUX.561.22,0.204318,Can.apost.26,0.199153,CSAV.859.12,0.187947,RPWO.758.21,0.181198,Can.apost.30,0.17247
1055,C1525.34r.4.txt,canon_unlabelled/C1525.34r.4.txt,CLAO.300.26,0.736118,Can.apost.26,0.29251,CNIC.325.10,0.292021,CORA.441.15,0.25281,Can.apost.11,0.243328,CARL.314.14,0.215498,CLAO.300.58,0.201684,Can.apost.31,0.193879,CGAN.355.20,0.189084,CORL.511.31,0.184495
1056,C1525.34r.5.txt,canon_unlabelled/C1525.34r.5.txt,CGAN.355.11,0.251503,Can.apost.27,0.200159,CLAO.300.28,0.198147,CAUX.561.38,0.187109,Can.apost.26,0.184018,CNEO.315.7,0.174102,CNIC.325.7,0.170451,CLAO.300.10,0.166752,CGAN.355.5,0.16352,Can.apost.22,0.159973
1057,C1525.34r.6.txt,canon_unlabelled/C1525.34r.6.txt,CLAO.300.28,0.333787,CHIP.393.29,0.292829,CNEO.315.7,0.27212,CAGD.506.63,0.234583,CLAO.300.58,0.217328,"Jerome, De perpetua virginitate beatae Mariae, adversus Helvidium, c. 4 (in PL 23, cols
186C–87A)",0.21704,CAUX.561.9,0.211552,Can.apost.28,0.208333,Unidentified,0.202634,CGAN.355.11,0.197678
1058,C1525.34r.7.txt,canon_unlabelled/C1525.34r.7.txt,CLAO.300.29,0.462346,CTOL.589.14,0.310566,CORL.511.20,0.250973,CTOL.633.63,0.219941,CNIC.325.19,0.217655,Can.apost.22,0.214537,CNIC.325.7,0.213835,Can.apost.23,0.211399,CTOL.633.66,0.204245,CTOL.633.59,0.198106
1059,C1525.34r.8.txt,canon_unlabelled/C1525.34r.8.txt,CLAO.300.45,0.255099,CLAO.300.57,0.22201,CGAN.355.13,0.220075,Can.apost.31,0.219364,Capit.Martini.61,0.212724,CTOL.589.23,0.208778,CLAO.300.41,0.191754,CNIC.325.3,0.189533,"Isidore, De eccl.offic. 2.20 (ed. Lawson, 91, lines 40–43)",0.180406,Can.apost.10,0.178852
1060,C1525.34v.1.txt,canon_unlabelled/C1525.34v.1.txt,CLAO.300.10,0.632679,CLAO.300.32,0.242357,CLAO.300.53,0.206721,Can.apost.31,0.19005,CCHA.451.16,0.18365,CTOL.633.75,0.181503,CARL.314.3,0.179217,CGAN.355.14,0.176205,CNEO.315.7,0.171873,CTOL.633.30,0.169045
1061,C1525.34v.2.txt,canon_unlabelled/C1525.34v.2.txt,CLAO.300.32,0.888491,CLAO.300.6,0.24113,Can.apost.45,0.230098,Can.apost.46,0.215085,CVAI.442.4,0.210693,Can.apost.44,0.210097,CLAO.300.10,0.209297,Can.apost.28,0.186925,Can.apost.11,0.17943,CLAO.300.26,0.178414
1062,C1525.34v.3.txt,canon_unlabelled/C1525.34v.3.txt,CLAO.300.32,0.525165,CHIP.393.12,0.273113,Can.apost.33,0.264793,Can.apost.45,0.249172,CORA.441.1,0.249105,CLAO.300.10,0.230989,CTOL.633.58,0.216758,Can.apost.11,0.199258,Can.apost.46,0.195484,CGAN.355.19,0.195107
1063,C1525.34v.4.txt,canon_unlabelled/C1525.34v.4.txt,CTOL.633.58,0.27296,CTOL.633.64,0.249889,CHIP.393.14,0.241014,Can.apost.46,0.24073,Can.apost.23,0.22333,CNIC.325.1,0.220538,CTOL.589.9,0.204982,CLAO.300.32,0.204909,CORA.441.1,0.199066,CTOL.633.61,0.19533
1064,C1525.34v.5.txt,canon_unlabelled/C1525.34v.5.txt,CGAN.355.3,0.247182,CGAN.355.11,0.210515,"Gregorius Magnus, Hom.in ev. 2.33 (ed. Étaix, 297, lines 240–48)",0.203873,CCHA.451.9,0.198796,CTOL.633.34,0.191027,CNEO.315.5,0.185482,CGAN.355.2,0.18183,CGAN.355.17,0.180883,CGAN.355.15,0.180746,"Jerome, Comm.in proph.minor., in Ionam 1:4 (ed. Adriaen, I, 384–85, lines 165–76)",0.175045
1065,C1525.34v.6.txt,canon_unlabelled/C1525.34v.6.txt,Can.apost.30,0.251661,CLAO.300.26,0.240382,CANC.314.23,0.236737,CNEO.315.1,0.221191,CTAR.516.11,0.213803,Can.apost.46,0.206728,Can.apost.41,0.202176,CTOL.633.25,0.199566,CLAO.300.32,0.194476,CTOL.633.32,0.190212
1066,C1525.34v.7.txt,canon_unlabelled/C1525.34v.7.txt,CLAO.300.32,0.280994,CLAO.300.10,0.251444,CORL.538.15,0.24159,CAGD.506.63,0.240802,Can.apost.37,0.239515,Can.apost.8,0.233802,CAGD.506.21,0.227989,CORL.511.25,0.208845,CLAO.300.52,0.207879,Can.apost.45,0.203958
1067,C1525.34v.8.txt,canon_unlabelled/C1525.34v.8.txt,Can.apost.23,0.242165,CLAO.300.29,0.226846,CTOL.633.63,0.196373,CNIC.325.7,0.194757,"Source unidentified, but cf. Eucherius of Lyon, Instructionum ad Salonium libri II, lib. 2 (ed. C.
Mandolfo, CCSL 66 [Turnhout, 2004], 201–03, lines 263–65)",0.194652,Can.apost.22,0.194575,"Eusebius–Jerome, Chronicon (Jerome’s translation of Eusebius’s Chronicon, in
Eusebius Werke VII, second edition, ed. R. Helm, Die Griechischen christlichen Schriftsteller 47 [Berlin, 1956], 187, lines 11–13)",0.191473,CLAO.300.32,0.190659,"Source unidentified, but cf. Ambrosiaster, Comm.in Pauli epist., ad Rom. (recensio gamma), vers. 7:24–5 (ed. Vogels, I, 245, lines 19–21)",0.18982,CNIC.325.6,0.183518
1068,C1525.35r.1.txt,canon_unlabelled/C1525.35r.1.txt,Can.apost.31,0.237374,CTOL.633.5,0.215624,CTOL.633.60,0.211619,CTOL.633.62,0.206992,CTOL.589.23,0.202396,CANC.314.23,0.200229,CNEO.315.3,0.199667,CORL.511.25,0.196783,Capit.Martini.61,0.194978,CGAN.355.11,0.190995
1069,C1525.35r.2.txt,canon_unlabelled/C1525.35r.2.txt,CLAO.300.42,0.251345,CVAI.442.7,0.21821,CTOL.633.32,0.209214,Can.apost.42,0.205995,CLAO.300.45,0.201165,CANT.328.16,0.200767,Can.apost.45,0.185064,CANC.314.17,0.184696,CTOL.589.15,0.174925,Pen. Theod. Can. Greg.; Wasserschleben p.162,0.173679
1070,C1525.35r.3.txt,canon_unlabelled/C1525.35r.3.txt,CLAO.300.42,0.545125,CLAO.300.41,0.334326,CCHA.451.13,0.235967,CORL.538.32,0.228219,CLAO.300.23,0.199489,Can.apost.41,0.189307,CCHA.451.9,0.188339,Can.apost.20,0.188255,Can.apost.39,0.185125,CNEO.315.8,0.179378
1071,C1525.35r.4.txt,canon_unlabelled/C1525.35r.4.txt,CLAO.300.42,0.775419,CORL.538.32,0.257386,CANT.328.17,0.234322,CCHA.451.13,0.224659,Can.apost.42,0.219518,CAGD.506.52,0.186536,CANT.328.23,0.18547,CLAO.300.45,0.184897,CLAO.300.26,0.183335,CAGD.506.35,0.183305
1072,C1525.35r.5.txt,canon_unlabelled/C1525.35r.5.txt,Can.apost.43,0.296285,CANT.328.16,0.245328,CLAO.300.20,0.2336,Can.apost.44,0.233428,"Jerome, Comm.in Mat.libri IV, lib. 1, vers. 6:2 (eds Hurst–Adriaen, 35, lines 723–24)",0.215286,CLAO.300.42,0.207882,CTOL.633.49,0.191575,CTOL.646.1,0.182626,CNEO.315.10,0.181619,CANT.328.21,0.178375
1073,C1525.35r.6.txt,canon_unlabelled/C1525.35r.6.txt,CLAO.300.42,0.280678,"Gregorius Magnus, Hom.in ev. 2.33 (ed. Étaix, 297, lines 240–48)",0.248293,Can.apost.32,0.228371,Can.apost.43,0.226087,CORL.541.29,0.219913,CTOU.567.17 (16),0.216214,CTOL.633.42,0.216085,CLAO.300.58,0.213548,Can.apost.28,0.205702,CORL.511.17,0.200911
1074,C1525.35r.7.txt,canon_unlabelled/C1525.35r.7.txt,CLAO.300.45,0.418846,Can.apost.14,0.270924,CNEO.315.12,0.248451,CLAO.300.46,0.247004,CLAO.300.52,0.211859,CARL.501?.25,0.20409,CORL.511.24,0.203695,CTOL.397.16,0.200972,CTOL.636.1,0.189972,CANT.328.20,0.189123
1075,C1525.35r.8.txt,canon_unlabelled/C1525.35r.8.txt,CLAO.300.46,0.527747,Can.apost.46,0.292051,Can.apost.50,0.266624,CAGD.506.44,0.238161,CTOL.633.6,0.222648,Can.apost.47,0.211758,CHIP.393.39,0.191755,Can.apost.14,0.17344,"Gregorius Magnus, Hom.in ev. 2.26 (ed. Étaix, 222, lines 116–19) Ps (G) 50:19",0.173091,RPWO.758.15,0.172631
1076,C1525.35r.9.txt,canon_unlabelled/C1525.35r.9.txt,CLAO.300.47,0.608025,CNEO.315.12,0.31552,Can.apost.47,0.27945,CTOL.646.5,0.199435,CANC.314.3,0.198292,CAGD.506.41,0.196124,CTOL.397.8,0.190719,CTOL.633.62,0.187703,CNIC.325.1,0.18376,CANC.314.22,0.179874
1077,C1525.35v.1.txt,canon_unlabelled/C1525.35v.1.txt,CLAO.300.48,0.377932,CORA.441.2,0.362665,CTOL.397.20,0.290918,CHIP.393.34,0.29048,CAUX.561.6,0.282339,CGAN.355.4,0.24373,Can.apost.47,0.236654,CVAI.442.3,0.236306,CLAO.300.47,0.214037,CLAO.300.45,0.210505
1078,C1525.35v.2.txt,canon_unlabelled/C1525.35v.2.txt,CLAO.300.58,0.469112,Can.apost.49,0.303401,CLAO.300.51,0.296747,CORL.511.24,0.28846,CLAO.300.52,0.277444,CGAN.355.18,0.216838,Can.apost.4,0.197774,CLAO.300.45,0.197154,CAGD.506.44,0.190092,Can.apost.14,0.186846
1079,C1525.35v.3.txt,canon_unlabelled/C1525.35v.3.txt,CTOU.567.18 (17),0.425402,CLAO.300.46,0.36838,CORL.511.27,0.352035,CORL.511.24,0.338867,CANT.328.20,0.314567,CSAR.347.14,0.311752,"Jerome, Epistola 52, ad Nepotianum (ed. Hilberg, I, 435, line )",0.303519,CTOL.633.8,0.287291,CGAN.355.18,0.263006,"Gregory of Nazianzus- Rufinus, De Pentecoste et de spiritu sancto 2 (in Tyranni Rufini
orationum Gregorii Nazianzeni novem interpretatio, ed. Engelbrecht, 143, lines 8–16)",0.247183
1080,C1525.35v.4.txt,canon_unlabelled/C1525.35v.4.txt,CLAO.300.51,0.861415,CLAO.300.52,0.373855,CTOU.567.18 (17),0.29335,CTOL.633.10,0.27705,CTOL.589.22,0.247916,CTOL.656.1,0.24626,CAGD.506.63,0.242822,CTOL.589.21,0.240475,CORL.511.27,0.240045,CORL.511.31,0.238656
1081,C1525.35v.5.txt,canon_unlabelled/C1525.35v.5.txt,CLAO.300.52,0.800368,CLAO.300.51,0.44248,CORL.511.25,0.294849,CAGD.506.63,0.254001,CTOU.567.18 (17),0.2489,CAGD.506.21,0.244657,CORL.511.24,0.239954,CLAO.300.58,0.218053,CNEO.315.,0.217266,CMAC.581.9,0.215465
1082,C1525.35v.6.txt,canon_unlabelled/C1525.35v.6.txt,CLAO.300.53,0.955266,CTOL.633.66,0.210901,CNEO.315.7,0.192242,CTOL.589.22,0.187462,CGAN.355.1,0.185334,CLAO.300.52,0.184461,CAGD.506.8,0.181043,Can.apost.47,0.180193,CCHA.451.9,0.179858,CORL.511.3,0.173734
1083,C1525.35v.7.txt,canon_unlabelled/C1525.35v.7.txt,CHIP.393.11,0.374311,CAGD.506.39,0.351633,CLAO.300.53,0.282577,CNEO.315.7,0.244183,CLAO.300.52,0.234524,CLAO.300.42,0.20196,CANT.328.13,0.195759,Can.apost.18,0.187285,CNEO.315.10,0.183024,CANC.314.1,0.17009
1084,C1525.35v.8.txt,canon_unlabelled/C1525.35v.8.txt,CLAO.300.53,0.267388,CNEO.315.7,0.250757,CTOL.589.23,0.209665,Capit.Martini.61,0.203836,CAGD.506.63,0.201456,CAGD.506.39,0.19898,CLAO.300.28,0.19518,CHIP.393.26,0.183627,CNEO.315.8,0.181193,CGAN.355.11,0.181098
1085,C1525.35v.9.txt,canon_unlabelled/C1525.35v.9.txt,CLAO.300.20,0.320811,CTOL.633.4,0.319131,CARL.501?.15,0.279976,CLAO.300.42,0.264101,CTOU.567.17 (16),0.24933,CANC.314.1,0.246178,CANC.314.17,0.239982,CNEO.315.5,0.232634,CANT.328.9,0.222428,CLAO.300.53,0.21488
1086,C1525.36r.1.txt,canon_unlabelled/C1525.36r.1.txt,CANC.314.12,0.352641,CLAO.300.58,0.25647,CAGD.506.62,0.255482,CARL.314.18,0.252701,Can.apost.47,0.2079,Can.apost.36,0.204737,CNEO.315.13,0.204298,"(ed. MOMMSEN, as Gildas, Epist.deperd.fragm. 3, in Chronica minora, 86, lines 21–4; trans. WINTERBOTTOM, Gildas, 80)",0.19809,CORL.538.31,0.191633,CAGD.506.63,0.191376
1087,C1525.36r.2.txt,canon_unlabelled/C1525.36r.2.txt,CLAO.300.58,0.919084,CLAO.300.52,0.278868,CGAN.355.4,0.238734,CLAO.300.45,0.2183,Can.apost.48,0.205888,CLAO.300.51,0.196633,CGAN.355.7,0.180826,CANC.314.12,0.177797,"Eusebius–Jerome, Chronicon (Jerome’s translation of Eusebius’s Chronicon, in
Eusebius Werke VII, second edition, ed. R. Helm, Die Griechischen christlichen Schriftsteller 47 [Berlin, 1956], 187, lines 11–13)",0.17279,CAGD.506.4,0.172176
1088,C1525.36r.3.txt,canon_unlabelled/C1525.36r.3.txt,CHIP.393.36,0.318177,CLAO.300.23,0.310674,"Caesarius, Sermo 2, ammonitio (ed. Morin, 18, lines 7–15)",0.251368,"Augustine, De serm.dom.in monte, 1.20.63 (ed. Mutzenbecher, 72, lines 1569–82)",0.226365,CAGD.506.51,0.212604,CEPA.517.3,0.210625,CHIP.393.18,0.206675,"Jerome, Advers.Iovin.libri II, 1.14 (PL 23, col. 233A) Source (igitur ... alio uiro) Jerome, Advers.Iovin.libri II, 1.14 (PL 23, col. 233B)",0.200177,"Gregorius Nazianzus-Rufinus, Apologeticus 73 (ed. Engelbrecht, 57, lines 7–9)",0.194922,CHIP.393.10,0.17632
1089,C1525.36v.3.txt,canon_unlabelled/C1525.36v.3.txt,CARL.314.9,0.255318,CTOL.589.0 Conc. Toletana III; anno 589; PL 84 col. 384-386; combined canons?,0.247653,CTOL.638.1,0.233671,CNIC.325.19,0.231814,CARL.501?.16,0.216173,CANT.328.25,0.215917,CVAI.442.4,0.202466,"(ed. MOMMSEN, as Gildas, Epist.deperd.fragm. 3, in Chronica minora, 86, lines 17–21; trans. WINTERBOTTOM, Gildas, 80)",0.198676,CTOL.633.28,0.195443,CANT.328.1,0.188899
1090,C1525.36v.4.txt,canon_unlabelled/C1525.36v.4.txt,CCHA.451.17,0.355342,CNIC.325.6,0.309577,CANT.328.9,0.297236,CANT.328.10,0.248774,"Gregory of Nazianzus- Rufinus, Apologeticus 114 (ed. Engelbrecht, 81, lines 17–19)",0.207213,CNIC.325.4,0.201704,CCHA.451.9,0.198799,CNIC.325.16,0.195767,CANT.328.21,0.186549,CANC.314.12,0.186474
1091,C1525.37r.1.txt,canon_unlabelled/C1525.37r.1.txt,CNIC.325.10,0.285276,CTOL.646.1,0.239397,Can.apost.14,0.220271,CNIC.325.1,0.203348,CANT.328.13,0.194593,CCHA.451.7,0.189641,CORA.441.15,0.184377,CCHA.451.6,0.179043,CTOL.638.4,0.173931,Can.apost.35,0.171574
1092,C1525.42v.1.txt,canon_unlabelled/C1525.42v.1.txt,CTOL.638.1,0.421348,CGAN.355.9,0.224693,CGAN.355.2,0.217773,CCHA.451.16,0.216866,CAUX.561.10,0.20576,Can.apost.8,0.195435,CTOL.656.1,0.192979,CGAN.355.6,0.191732,CORL.511.26,0.186861,CAGD.506.27; anno 506,0.184047
1093,C1525.42v.2.txt,canon_unlabelled/C1525.42v.2.txt,CTOL.638.1,0.565231,CGAN.355.2,0.259903,CTOL.633.57,0.256475,CGAN.355.9,0.233986,CANT.328.2,0.229309,CANT.328.6,0.223712,"Gregory of Nazianzus- Rufinus, In semet.de agr.regr. 13 (ed. Engelbrecht, 182, lines 9–11)",0.221432,CCHA.451.16,0.216659,CHIP.393.23,0.215768,CAUX.561.38,0.210294
1094,C1525.42v.3.txt,canon_unlabelled/C1525.42v.3.txt,RPWO.758.1,0.26288,CGAN.355.19,0.232917,CTOL.638.1,0.217544,CGAN.355.9,0.212922,CNIC.325.4,0.202388,CGAN.355.8,0.193594,"(ed. WARE, S. Patricio adscripta opuscula, 47) 
Source unidentified",0.192456,CNIC.325.18,0.191396,Capit.Martini.16,0.187448,CORL.538.5,0.187444
1095,C1525.42v.4.txt,canon_unlabelled/C1525.42v.4.txt,CGAN.355.9,0.249627,Ephesians.5:22,0.207978,CNIC.325.19,0.203043,Can.apost.12,0.198669,CHIP.393.33,0.191697,Can.apost.40,0.18605,CHIP.393.24,0.185488,CARL.314.9,0.179498,Can.apost.49,0.177458,CANC.314.21,0.176273
1096,C1525.42v.5.txt,canon_unlabelled/C1525.42v.5.txt,CTOL.638.1,0.421539,CGAN.355.9,0.258674,CGAN.355.2,0.245719,CGAN.355.19,0.229374,CHIP.393.23,0.220106,CTOL.633.57,0.219578,CNIC.325.11,0.211574,Can.apost.9,0.207716,CGAN.355.6,0.18658,CCHA.451.16,0.182725
1097,C1525.42v.6.txt,canon_unlabelled/C1525.42v.6.txt,CTOL.638.1,0.405803,CGAN.355.6,0.216362,CGAN.355.7,0.211988,CGAN.355.2,0.207871,CTOL.633.10,0.187483,CGAN.355.9,0.182397,CAUX.561.10,0.180969,CGAN.355.5,0.179039,CNEO.315.5,0.178042,Can.apost.40,0.177754
1098,C1525.43r.1.txt,canon_unlabelled/C1525.43r.1.txt,CGAN.355.8,0.274655,CTOL.638.1,0.265062,CGAN.355.7,0.259294,Ephesians.5:22,0.248444,CGAN.355.14,0.237112,"Augstine, De consensu evangelistarum 2.30 (ed. F. Weihrich, CSEL 43 [Vienna, 1904], 177,
lines 14–24)",0.206939,CGAN.355.11,0.193749,CGAN.355.2,0.186201,Can.apost.35,0.184529,Can.apost.49,0.181935
1099,C1525.43r.2.txt,canon_unlabelled/C1525.43r.2.txt,CTOL.638.1,0.347662,CGAN.355.9,0.214127,CANT.328.3,0.207741,CORA.441.7,0.196229,CTOL.633.57,0.194082,CGAN.355.3,0.193351,CANT.328.22,0.192833,CGAN.355.17,0.187301,CTOL.589.2,0.18424,CGAN.355.14,0.183665
1100,C1525.43r.3.txt,canon_unlabelled/C1525.43r.3.txt,CAUX.561.36,0.212698,CNEO.315.4,0.207577,CTOL.638.1,0.206952,CARL.501?.15,0.203778,CGAN.355.8,0.189253,"DGEL492.636 cap. 7,8",0.18879,CTOL.633.7,0.179017,CGAN.355.1,0.168407,"Gregorius Nazianzus-Rufinus, Apologeticus 91 (ed. Engelbrecht, 68, lines 20–3)",0.164851,"Augustine, Speculum 7 (ed. Weihrich, 63, lines 2–3)",0.161114
1101,C1525.43r.4.txt,canon_unlabelled/C1525.43r.4.txt,CGAN.355.7,0.297039,CGAN.355.8,0.271278,Can.apost.9,0.263766,Can.apost.40,0.215323,Can.apost.22,0.208059,CTOL.638.1,0.204769,CHIP.393.23,0.204231,Can.apost.35,0.198008,CGAN.355.9,0.185408,Can.apost.3,0.184669
1102,C1525.43r.5.txt,canon_unlabelled/C1525.43r.5.txt,CGAN.355.7,0.232325,CTOL.638.1,0.225741,CAGD.506.51,0.217348,RPCO.757.3,0.200863,CGAN.355.8,0.192826,CCHA.451.1,0.178152,RPCO.757.1,0.177178,Can.apost.10,0.176008,Can.apost.15,0.168788,"Jerome, Advers.Iovin.libri II, 1.14 (PL 23, col. 233A) Source (igitur ... alio uiro) Jerome, Advers.Iovin.libri II, 1.14 (PL 23, col. 233B)",0.166721
1103,C1525.43r.6.txt,canon_unlabelled/C1525.43r.6.txt,CGAN.355.2,0.265048,CTOL.638.1,0.24841,Can.apost.8,0.195054,CAUX.561.14,0.189734,"Source unidentified, but cf. Ambrosiaster, Comm.in Pauli epist., ad Rom. (recensio gamma), vers. 7:24–5 (ed. Vogels, I, 245, lines 19–21)",0.181882,CANT.328.1,0.171829,"Gregory of Nazianzus- Rufinus, In semet.de agr.regr. 13 (ed. Engelbrecht, 182, lines 9–11)",0.170098,CCHA.451.9,0.164102,"Augustine, De serm.dom.in monte, 1.20.63 (ed. Mutzenbecher, 72, lines 1569–82)",0.16075,Can.apost.40,0.160323
1104,C1525.44v.4.txt,canon_unlabelled/C1525.44v.4.txt,CCHA.451.1,0.645708,CNIC.325.20,0.254822,CCHA.451.5,0.230415,CCHA.451.7,0.184196,CTOL.589.0 Conc. Toletana III; anno 589; PL 84 col. 384-386; combined canons?,0.179215,CCHA.451.16,0.179187,CANC.314.24,0.177348,CTOL.655.6,0.175816,CGAN.355.7,0.168853,CANT.328.4,0.16772
1105,C1525.44v.5.txt,canon_unlabelled/C1525.44v.5.txt,CCHA.451.2,0.887108,Can.apost.30,0.284496,CARL.501?.14,0.282901,CNIC.325.17,0.279239,CTOL.638.4,0.278789,CCHA.451.3,0.269937,CCHA.451.7,0.239168,CNIC.325.2,0.202499,CORA.441.24,0.198052,CHIP.393.22,0.19752
1106,C1525.44v.6.txt,canon_unlabelled/C1525.44v.6.txt,CCHA.451.3,0.931954,CNIC.325.17,0.336813,Can.apost.39,0.30522,CCHA.451.4,0.29316,Can.apost.7,0.27693,CNIC.325.2,0.262765,CCHA.451.26,0.248636,CANT.328.25,0.248625,CCHA.451.2,0.240086,CCHA.451.9,0.235985
1107,C1525.45r.1.txt,canon_unlabelled/C1525.45r.1.txt,CCHA.451.4,0.926449,CCHA.451.3,0.31955,CNIC.325.8,0.210439,CSAR.347.14,0.209212,CANC.314.23,0.207742,CCHA.451.7,0.204137,Can.apost.39,0.200825,CORL.538.32,0.194141,CANT.328.22,0.193962,CTOL.633.22,0.193174
1108,C1525.45r.2.txt,canon_unlabelled/C1525.45r.2.txt,CCHA.451.5,0.844632,CSAR.347.6,0.335915,CSAR.347.1,0.280698,CNIC.325.15,0.213119,"Jerome, De perpetua virginitate beatae Mariae, adversus Helvidium, c. 4 (in PL 23, cols
186C–87A)",0.203159,CNIC.325.8,0.193121,CAGD.506.44,0.187107,CMAC.585.5,0.182566,CAGD.506.63,0.176521,CAGD.506.14,0.174705
1109,C1525.45r.3.txt,canon_unlabelled/C1525.45r.3.txt,CCHA.451.6,0.921646,CARL.501?.1,0.262697,CNIC.325.10,0.228936,CANT.328.13,0.215851,CANT.328.19,0.209084,CANC.314.9,0.206953,CORA.441.7,0.200156,CTOL.633.19,0.185122,CARL.314.20,0.184025,CTOL.633.54,0.183685
1110,C1525.45v.1.txt,canon_unlabelled/C1525.45v.1.txt,CCHA.451.7,0.866734,CTOL.633.50,0.247811,Can.apost.23,0.225623,Can.apost.12,0.215555,CNIC.325.12,0.201131,CCHA.451.27,0.193604,CTOL.633.55,0.188802,CNIC.325.17,0.188682,CCHA.451.4,0.188263,CNIC.325.16,0.187684
1111,C1525.45v.2.txt,canon_unlabelled/C1525.45v.2.txt,CCHA.451.8,0.838019,CANT.328.10,0.234458,CCHA.451.10,0.209953,CHIP.393.12,0.205806,CANC.314.6,0.201068,CANC.314.3,0.188335,CANC.314.2,0.187776,CCHA.451.5,0.186003,CGAN.355.20,0.183234,CHIP.393.17,0.178676
1112,C1525.45v.3.txt,canon_unlabelled/C1525.45v.3.txt,CCHA.451.9,0.9027,CANT.328.9,0.294178,CAUX.561.35,0.274055,CCHA.451.3,0.268039,CAGD.506.32,0.252207,CANT.328.11,0.226908,CLAO.300.42,0.216856,CANT.328.14,0.210674,CORL.538.32,0.20753,CLAO.300.53,0.206879
1113,C1525.45v.4.txt,canon_unlabelled/C1525.45v.4.txt,CCHA.451.10,0.802024,CNIC.325.15,0.218501,CNIC.325.6,0.215148,CNEO.315.13,0.212402,CANT.328.4,0.18874,CANT.328.13,0.179291,CCHA.451.6,0.172777,Can.apost.15,0.165778,CCHA.451.8,0.162307,CTOL.589.3,0.160274
1114,C1525.46r.1.txt,canon_unlabelled/C1525.46r.1.txt,CCHA.451.11,0.896615,Can.apost.34,0.372706,CANT.328.8,0.334711,CANT.328.7,0.2906,CCHA.451.13,0.244921,CAGD.506.52,0.206737,CNIC.325.11,0.197487,Can.apost.13,0.195415,CORA.441.24,0.193574,CARL.314.10,0.190452
1115,C1525.46r.2.txt,canon_unlabelled/C1525.46r.2.txt,CANT.328.9,0.325774,CANT.328.11,0.267995,CNIC.325.4,0.266349,CSAR.347.9,0.25396,CARL.501?.6,0.23048,CNIC.325.6,0.220743,CCHA.451.17,0.217487,CANT.328.19,0.213859,CGAN.355.10,0.20654,CRIZ.439.6,0.202673
1116,C1525.46r.3.txt,canon_unlabelled/C1525.46r.3.txt,CCHA.451.13,0.792081,CANT.328.7,0.426252,CCHA.451.11,0.30642,CANT.328.8,0.265093,CCHA.451.6,0.258016,Can.apost.15,0.233479,CNIC.325.3,0.22451,CORL.511.29,0.205041,CNEO.315.14,0.20323,CLAO.300.42,0.192774
1117,C1525.46r.4.txt,canon_unlabelled/C1525.46r.4.txt,CHIP.393.12,0.280604,CTOL.589.14,0.276037,CARL.314.9,0.253368,CLAO.300.10,0.249627,CNIC.325.8,0.242428,Can.apost.46,0.234193,CTOL.633.59,0.224954,CORL.538.32,0.216356,CTOL.633.64,0.214401,CTOL.633.63,0.206562
1118,C1525.46v.1.txt,canon_unlabelled/C1525.46v.1.txt,CORA.441.25,0.289469,CANC.314.9,0.288188,CANC.314.2,0.237874,CNIC.325.19,0.235861,CNIC.325.18,0.212906,CAUX.561.22,0.211302,CLAO.300.20,0.210163,CNIC.325.15,0.206381,CNEO.315.10,0.205807,DSIR.384.255  cap. 13,0.20575
1119,C1525.46v.2.txt,canon_unlabelled/C1525.46v.2.txt,CCHA.451.16,0.914474,CTOL.655.6,0.234639,CTOL.589.19,0.23056,CNIC.325.18,0.201876,CAGD.506.50 (addit.),0.200057,CAGD.506.51,0.188286,CANC.314.18,0.185018,CGAN.355.9,0.169951,CGAN.355.4,0.164875,CNEO.315.8,0.163517
1120,C1525.46v.3.txt,canon_unlabelled/C1525.46v.3.txt,CCHA.451.17,0.803357,CANT.328.9,0.309964,CANT.328.22,0.27124,CANT.328.3,0.258364,CCHA.451.9,0.243146,Can.apost.15,0.223587,CANT.328.20,0.216069,CANT.328.21,0.208603,CTOL.633.34,0.194893,CANT.328.10,0.192051
1121,C1525.46v.4.txt,canon_unlabelled/C1525.46v.4.txt,CCHA.451.18,0.940821,CANC.314.3,0.251629,CANC.314.23,0.220983,CTOL.633.31,0.206502,CANC.314.17,0.198093,CTOL.633.29,0.19499,"Caesarius, Sermo 43.5 (ed. Morin, 192, lines 2–7)",0.194205,"cf. Jerome, Epistola 22, ad Eustochium (ed. Hilberg, I, 160, line 3)",0.193065,CVAI.442.4,0.189236,CORA.441.8,0.182994
1122,C1525.46v.5.txt,canon_unlabelled/C1525.46v.5.txt,CANT.328.20,0.277232,CANT.328.16,0.275515,Can.apost.38,0.243321,CNIC.325.5,0.241018,CANT.328.9,0.218356,CANT.328.19,0.21121,CAGD.506.35,0.201211,CTOL.589.18,0.200225,CNIC.325.4,0.19984,CTOL.633.3,0.195178
1123,C1525.47r.1.txt,canon_unlabelled/C1525.47r.1.txt,CCHA.451.20,0.70178,CANT.328.21,0.275966,CCHA.451.5,0.247203,Can.apost.15,0.246046,Can.apost.13,0.242186,CANT.328.3,0.239215,Can.apost.16,0.23448,CANT.328.17,0.212052,CCHA.451.13,0.210502,CANT.328.18,0.199225
1124,C1525.47r.2.txt,canon_unlabelled/C1525.47r.2.txt,CCHA.451.21,0.832159,CTOL.638.11,0.385667,CVAI.442.7,0.296975,CORL.541.29,0.286841,Can.apost.12,0.27319,Can.apost.20,0.247311,CLAO.300.12,0.228961,CANT.328.14,0.21696,CANC.314.3,0.216802,CARL.501?.25,0.216068
1125,C1525.47r.3.txt,canon_unlabelled/C1525.47r.3.txt,CANT.328.23,0.250315,CANT.328.24,0.212453,CANT.328.22,0.201751,CTOL.589.13,0.197107,CNIC.325.2,0.191769,CORL.538.26 (23),0.187391,CTOL.633.51,0.167143,CTOL.633.75,0.162142,CGAN.355.6,0.160012,CARL.314.20,0.159567
1126,C1525.47r.4.txt,canon_unlabelled/C1525.47r.4.txt,CLAO.300.53,0.303378,CTOL.646.6,0.239271,Can.apost.32,0.215463,CNIC.325.15,0.212577,CANT.328.1,0.209093,CCHA.451.27,0.202584,CCHA.451.10,0.20217,CANT.328.12,0.200741,CORL.541.29,0.196102,Can.apost.48,0.194826
1127,C1525.47v.1.txt,canon_unlabelled/C1525.47v.1.txt,CMEA.845.60,0.228323,CAGD.506.28,0.204934,CORL.549.19,0.194205,CORL.511.17,0.191196,CCHA.451.4,0.184668,CTOL.633.51,0.182457,Can.apost.5,0.180337,CCHA.451.17,0.17453,CORL.511.15,0.1736,CTOL.633.52,0.173105
1128,C1525.47v.2.txt,canon_unlabelled/C1525.47v.2.txt,CCHA.451.25,0.846523,CCHA.451.26,0.309405,CANT.328.20,0.22414,CNEO.315.11,0.198408,CANC.314.14,0.191427,CLAO.300.58,0.188394,CANT.328.9,0.184257,CCHA.451.3,0.178529,CAGD.506.35,0.176267,"Unidentified, but cf. Jerome, Epistola 107, ad Laetam (ed. Hilberg, II, 301, lines 6–8)",0.175654
1129,C1525.47v.3.txt,canon_unlabelled/C1525.47v.3.txt,CCHA.451.26,0.892115,CANT.328.25,0.333134,Can.apost.39,0.300207,Can.apost.41,0.298135,CCHA.451.25,0.278653,Capit.Martini.16,0.259894,CNIC.325.10,0.240305,Can.apost.26,0.237479,Can.apost.40,0.229815,CCHA.451.3,0.226426
1130,C1525.47v.4.txt,canon_unlabelled/C1525.47v.4.txt,CCHA.451.27,0.803083,CORL.511.2,0.330943,CANC.314.10,0.260604,CHIP.393.39,0.223093,Can.apost.35,0.222283,CVAI.442.4,0.220052,Can.apost.25,0.211512,CLAO.300.26,0.196373,Can.apost.12,0.195195,Can.apost.26,0.193755
1131,C1525.54r.1.txt,canon_unlabelled/C1525.54r.1.txt,CSAR.347.1,0.913751,CSAR.347.6,0.311494,CNIC.325.15,0.300861,CSAR.347.14,0.271617,CSAR.347.18,0.249542,"Augustine, De serm.dom.in monte, 1.20.63 (ed. Mutzenbecher, 72, lines 1569–82)",0.242955,"Caesarius, Sermo 43.1 (ed. Morin, 190, lines 21–25)",0.230748,CCHA.451.5,0.23027,"Gregorius Nazianzus-Rufinus, Apologeticus 73 (ed. Engelbrecht, 57, lines 7–9)",0.228746,CSAR.347.21,0.205528
1132,C1525.54r.2.txt,canon_unlabelled/C1525.54r.2.txt,CSAR.347.2,0.842959,CSAR.347.11,0.244727,CANT.328.12,0.228937,"CMEA.845.0 ""Canon extravagans 2"", Conc. Meaux, a. 845; unique to this ms, apud MGH Conc. III p. 129",0.2219,CVER.755.20,0.219386,CSAR.347.1,0.210312,CANC.314.1,0.208014,CRIZ.439.2,0.200747,CANC.314.16,0.200461,CTOL.589.5,0.198998
1133,C1525.54v.1.txt,canon_unlabelled/C1525.54v.1.txt,CSAR.347.3,0.701805,CSAR.347.7,0.392746,CSAR.347.5,0.3119,CSAR.347.4,0.309944,CANT.328.14,0.306966,CHIP.393.7,0.299424,"Eusebius-Rufinus, HE 10.2 (eds Mommsen–Schwartz, II, 961, lines 10–19)",0.280061,"Gregorius Nazianzus-Rufinus, Apologeticus 73 (ed. Engelbrecht, 57, lines 7–9)",0.27497,"Augustine, De serm.dom.in monte, 1.20.63 (ed. Mutzenbecher, 72, lines 1569–82)",0.272159,CANT.328.12,0.264172
1134,C1525.54v.2.txt,canon_unlabelled/C1525.54v.2.txt,CSAR.347.4,0.783344,CSAR.347.3,0.267826,CANT.328.14,0.235087,"Eusebius-Rufinus, HE 10.5 (eds Mommsen–Schwartz, II, 963, line 21)",0.231049,CSAR.347.1,0.212224,CAGD.506.32,0.20756,CSAR.347.6,0.19975,CSAR.347.7,0.19914,"Source unidentified, but cf. Ps.-Clemens–Rufinus, Recognitiones 4.21 (eds Rehm–Paschke, 157,
line 20)",0.194987,"Jerome, De perpetua virginitate beatae Mariae, adversus Helvidium, c. 4 (in PL 23, cols
186C–87A)",0.191124
1135,C1525.54v.3.txt,canon_unlabelled/C1525.54v.3.txt,CSAR.347.5,0.917754,CSAR.347.14,0.308175,CSAR.347.12,0.297351,CAGD.506.63,0.2854,CNIC.325.4,0.272426,CSAR.347.20,0.261027,CHIP.393.38,0.245503,CANT.328.14,0.244334,Can.apost.36,0.239458,CSAR.347.6,0.236403
1136,C1525.55r.1.txt,canon_unlabelled/C1525.55r.1.txt,CSAR.347.6,0.882523,CSAR.347.1,0.373601,CHIP.393.38,0.317678,CSAR.347.5,0.286045,"Gregorius Nazianzus-Rufinus, Apologeticus 73 (ed. Engelbrecht, 57, lines 7–9)",0.273676,CSAR.347.14,0.252999,CCHA.451.5,0.252312,CVER.755.20,0.242596,Can.apost.36,0.239617,CAGD.506.63,0.238886
1137,C1525.55r.2.txt,canon_unlabelled/C1525.55r.2.txt,CSAR.347.7,0.831898,CSAR.347.3,0.389281,CSAR.347.4,0.358196,CANT.328.12,0.301798,CMAC.585.12,0.26335,"Eusebius-Rufinus, HE 10.2 (eds Mommsen–Schwartz, II, 961, lines 10–19)",0.262064,CSAR.347.12,0.24607,CANT.328.14,0.244503,"Gregorius Nazianzus-Rufinus, Apologeticus 73 (ed. Engelbrecht, 57, lines 7–9)",0.241893,CHIP.393.7,0.232684
1138,C1525.55r.3.txt,canon_unlabelled/C1525.55r.3.txt,CSAR.347.8,0.852102,CSAR.347.10,0.324711,CSAR.347.9,0.306333,CANT.328.12,0.221448,Can.apost.19,0.217061,"Jerome, Comm.in Mat.libri IV, lib. 3, vers. 19:9 (eds Hurst–Adriaen, 167, lines 761–80)",0.203843,"Caesarius, Sermo 192.4 (ed. Morin, 781, lines 7–9)",0.190763,CVAI.442.7,0.19029,CSAR.347.17,0.189066,CSAR.347.5,0.186767
1139,C1525.55v.1.txt,canon_unlabelled/C1525.55v.1.txt,CSAR.347.9,0.886232,CSAR.347.10,0.31653,CSAR.347.8,0.282174,CTOL.655.17,0.256174,CAGD.506.35,0.250706,"Eusebius-Rufinus, HE 10.5 (eds Mommsen–Schwartz, II, 963, line 21)",0.247668,CSAR.347.11,0.235684,CANT.328.12,0.218453,CTOL.397.8,0.208072,CSAR.347.13,0.206756
1140,C1525.55v.2.txt,canon_unlabelled/C1525.55v.2.txt,CSAR.347.10,0.73833,CSAR.347.8,0.421179,CSAR.347.9,0.291958,CANT.328.12,0.271941,CTOL.633.24,0.239543,CTOL.589.17,0.217972,CNEO.315.13,0.217926,CNIC.325.11,0.215716,CSAR.347.21,0.195062,CANT.328.11,0.191653
1141,C1525.55v.3.txt,canon_unlabelled/C1525.55v.3.txt,CSAR.347.11,0.710025,CSAR.347.2,0.297743,CSAR.347.9,0.296626,CTOL.633.4,0.253904,CHIP.393.6,0.246314,CSAR.347.13,0.241924,CSAR.347.12,0.241011,CNIC.325.12,0.238188,CSAR.347.18,0.227277,"Eusebius-Rufinus, HE 10.5 (eds Mommsen–Schwartz, II, 963, line 21)",0.222993
1142,C1525.56r.1.txt,canon_unlabelled/C1525.56r.1.txt,CSAR.347.12,0.781669,CNEO.315.13,0.245244,CAGD.506.35,0.240376,CSAR.347.5,0.228397,Can.apost.14,0.221715,CSAR.347.14,0.215463,CAGD.506.63,0.210104,RPCO.757.9,0.204842,CEPA.517.10,0.200067,CRIZ.439.5,0.188871
1143,C1525.56r.2.txt,canon_unlabelled/C1525.56r.2.txt,CSAR.347.13,0.725072,DSIR.384.255  cap. 13,0.332319,CNEO.315.11,0.280108,CNIC.325.2,0.266846,CCHA.451.2,0.262661,CNEO.315.,0.261437,CNEO.315.12,0.255993,CORA.441.24,0.253845,CARL.501?.1,0.23714,CVAI.442.8,0.227513
1144,C1525.56r.3.txt,canon_unlabelled/C1525.56r.3.txt,CSAR.347.14,0.836066,CAGD.506.63,0.332637,CSAR.347.1,0.332016,CSAR.347.5,0.328193,CTOU.567.18 (17),0.303598,CSAR.347.15,0.29487,CORL.511.27,0.275224,"Ps.-Clemens-Rufinus, Recognitiones 2.72 (eds Rehm–Paschke, 94,
lines 4–8)",0.274009,CSAR.347.20,0.272745,CNIC.325.15,0.259426
1145,C1525.56v.1.txt,canon_unlabelled/C1525.56v.1.txt,CSAR.347.15,0.812064,CSAR.347.14,0.349434,CAGD.506.63,0.249404,CSAR.347.20,0.234168,CHIP.393.38,0.231753,CORL.511.27,0.219234,CORA.441.7,0.215049,CSAR.347.9,0.202607,CARL.314.18,0.198726,Can.apost.15,0.190468
1146,C1525.56v.2.txt,canon_unlabelled/C1525.56v.2.txt,CSAR.347.16,0.833081,CANT.328.16,0.240442,"Eusebius-Rufinus, HE 10.5 (eds Mommsen–Schwartz, II, 963, line 21)",0.218989,"Augustine, Serm.de vet.test. 9.20 (ed. Lambot, 146, line 694–96)",0.207863,CTOL.633.4,0.190116,CSAR.347.3,0.18913,"Caesarius, Sermo 2, ammonitio (ed. Morin, 18, lines 7–15)",0.180826,RPCO.757.8,0.178359,CGAN.355.8,0.170982,CSAR.347.7,0.166798
1147,C1525.56v.3.txt,canon_unlabelled/C1525.56v.3.txt,CSAR.347.17,0.804091,"Jerome, Comm.in Mat.libri IV, lib. 3, vers. 19:9 (eds Hurst–Adriaen, 167, lines 761–80)",0.265361,CAUX.561.43,0.241377,CVAI.442.7,0.236314,CTOL.589.17,0.217851,CHIP.393.38,0.209227,CSAR.347.3,0.203069,CTOL.638.11,0.198493,CSAR.347.7,0.196124,"Ambrose, De spirit.sanct.3.6 (ed. Faller, 164–65, lines 12–22) Source (et ideo ... caritatis affectu)",0.186717
1148,C1525.57r.1.txt,canon_unlabelled/C1525.57r.1.txt,CSAR.347.18,0.819794,CARL.314.20,0.281238,CHIP.393.38,0.250947,CSAR.347.1,0.249737,"Caesarius, Sermo 43.5 (ed. Morin, 192, lines 2–7)",0.238586,CTOL.589.7,0.225575,CTOL.589.23,0.213328,Can.apost.22,0.209154,CMAC.585.1,0.19197,CTOL.589.17,0.18965
1149,C1525.57r.2.txt,canon_unlabelled/C1525.57r.2.txt,CSAR.347.19,0.624347,CNIC.325.16,0.323651,CLAO.300.57,0.23865,CANT.328.22,0.233725,CORL.538.26 (23),0.232757,CSAR.347.18,0.23163,CANT.328.23,0.224189,CANT.328.13,0.222195,CANC.314.12,0.221446,CGAN.355.8,0.220564
1150,C1525.57r.3.txt,canon_unlabelled/C1525.57r.3.txt,CSAR.347.20,0.803082,CSAR.347.14,0.331682,CSAR.347.15,0.319528,CCHA.451.17,0.302555,CSAR.347.5,0.284962,"Ps.-Clemens-Rufinus, Recognitiones 2.72 (eds Rehm–Paschke, 94,
lines 4–8)",0.237541,CAGD.506.63,0.222644,CSAR.347.1,0.221135,CNIC.325.15,0.213955,CANC.314.4,0.213886
1151,C1525.57v.1.txt,canon_unlabelled/C1525.57v.1.txt,CSAR.347.21,0.74477,CSAR.347.1,0.222666,Can.apost.21,0.216443,CANC.314.3,0.210839,CCLE.535.12,0.195609,"Caesarius, Sermo 54.4 (ed. Morin, 238, lines 15–16)",0.194077,CANT.328.21,0.1936,CSAR.347.8,0.183538,CTOL.633.14,0.183044,CVAN.461.8,0.18071
1152,C1525.61v.2.txt,canon_unlabelled/C1525.61v.2.txt,CTOL.633.2,0.278243,CTOL.633.27,0.247442,CORA.441.28,0.243499,CSEV.619.10,0.232856,CTOL.633.6,0.224841,CSOI.744.3,0.210454,CARL.501?.17,0.198228,CTOL.655.17,0.194796,CTOL.633.25,0.189894,CTOL.646.5,0.189719
1153,C1525.62r.1.txt,canon_unlabelled/C1525.62r.1.txt,CGAN.355.9,0.314917,CNIC.325.18,0.256314,CGAN.355.10,0.249735,DSIR.384.255 cap 7,0.217262,CTOL.638.8,0.213426,CGAN.355.4,0.206148,CORA.441.27,0.205264,CTUR.439.3,0.202596,CANC.314.2,0.199103,CAGD.506.61,0.198883
1154,C1525.62r.2.txt,canon_unlabelled/C1525.62r.2.txt,CTOL.636.9,0.21218,CLAO.300.20,0.186694,CANC.314.2,0.182065,CORA.441.13,0.171893,CVAL.374.4,0.171414,CANC.314.13,0.170123,CAUX.561.13,0.16828,CARL.314.3,0.167654,CANC.314.12,0.16664,CSAR.347.1,0.166339
1155,C1525.62r.3.txt,canon_unlabelled/C1525.62r.3.txt,CNIC.325.17,0.262351,CVAI.442.4,0.258137,CSAR.347.1,0.235782,CTOL.589.1,0.232641,"Jerome, Comm.in IV ep.Paul., ad Tit. vers. 2:9–10 (PL 26, col. 585C–D)",0.227908,"Isidore, De eccl.offic. 2.20 (ed. Lawson, 91, lines 40–43)",0.218137,"Augustine, De serm.dom.in monte, 1.20.63 (ed. Mutzenbecher, 72, lines 1569–82)",0.214413,CANT.328.13,0.203513,CNIC.325.6,0.20205,CMAC.585.1,0.200908
1156,C1525.62r.4.txt,canon_unlabelled/C1525.62r.4.txt,CORA.441.2,0.369051,CHIP.393.34,0.343775,CTOL.397.20,0.274057,CSAR.347.19,0.246203,CORA.441.1,0.235709,CAGD.506.44,0.226683,CHIP.393.7,0.215251,CSAR.347.18,0.214596,CHIP.393.39,0.213928,CAUX.561.6,0.210134
1157,C1525.62v.1.txt,canon_unlabelled/C1525.62v.1.txt,CHIP.393.38,0.291292,CSAR.347.12,0.251481,CAGD.506.35,0.228194,CSAR.347.7,0.222331,CSAR.347.9,0.22058,CVAI.442.6,0.217032,CSAR.347.18,0.20689,CSAR.347.17,0.201868,CSAR.347.21,0.201304,"Caesarius, Sermo 192.4 (ed. Morin, 781, lines 7–9)",0.199687
1158,C1525.62v.2.txt,canon_unlabelled/C1525.62v.2.txt,CTOL.638.11,0.331722,CSAR.347.8,0.287815,CARL.501?.25,0.24386,CAGD.506.37,0.232739,CTOL.633.24,0.226502,CHIP.393.38,0.222822,CORL.511.25,0.217279,CCHA.451.21,0.198998,CVAI.442.7,0.197691,"cf. Jerome, Epistola 22, ad Eustochium (ed. Hilberg, I, 160, line 3)",0.192684
1159,C1525.62v.3.txt,canon_unlabelled/C1525.62v.3.txt,Can.apost.25,0.243996,CAGD.506.37,0.229905,CARL.501?.25,0.218464,CNEO.315.13,0.206461,CVAL.374.4,0.204879,Can.apost.14,0.204517,CTOL.633.52,0.197851,CARL.501?.11,0.191222,CNIC.325.11,0.190099,CLAO.300.2,0.180173
1160,C1525.62v.4.txt,canon_unlabelled/C1525.62v.4.txt,CHIP.393.38,0.284243,CVAL.374.4,0.190089,CNIC.325.9,0.184844,CAGD.506.35,0.175738,CAGD.506.38,0.17221,CORL.549.20,0.170812,"John Cassian, Collationes 20.8 (ed. Petschenig, p. 561, line 9–p. 562, line 4)",0.152345,"Gregory of Nazianzus-Rufinus, In semet.de agr.regr. 16 (ed. Engelbrecht, 186, lines 7–10)",0.151768,CHIP.393.9,0.15171,CNEO.315.13,0.151657
1161,C1525.62v.5.txt,canon_unlabelled/C1525.62v.5.txt,Can.apost.42,0.223153,Can.apost.23,0.217244,CGAN.355.18,0.201524,CTOL.589.16,0.191863,Can.apost.15,0.187854,CAGD.506.5,0.183058,CGAN.355.6,0.179493,CANC.314.24,0.178792,CARL.501?.8,0.178619,CSAR.347.17,0.170742
1162,C1525.63r.1.txt,canon_unlabelled/C1525.63r.1.txt,CANT.328.12,0.206651,CARL.501?.18,0.203092,CTOL.633.36,0.192977,Can.apost.24,0.186713,CAGD.506.37,0.18663,CAGD.506.41,0.185739,CTOL.397.11,0.184696,CTOL.397.20,0.175994,CORL.511.31,0.175221,CTOL.656.3,0.173275
1163,C1525.63r.2.txt,canon_unlabelled/C1525.63r.2.txt,CHIP.393.38,0.400789,CSAR.347.18,0.315058,CARL.314.20,0.272914,CAGD.506.63,0.24703,CSAR.347.6,0.242791,"Ps.-Clemens-Rufinus, Recognitiones 2.72 (eds Rehm–Paschke, 94,
lines 4–8)",0.235424,CSAR.347.12,0.234781,CANC.314.18,0.219097,CLAO.300.57,0.216001,CSAR.347.3,0.210624
1164,C1525.63r.3.txt,canon_unlabelled/C1525.63r.3.txt,RPCO.757.9,0.258539,"Jerome, De perpetua virginitate beatae Mariae, adversus Helvidium, c. 4 (in PL 23, cols
186C–87A)",0.229547,CHIP.393.5,0.227852,CANT.328.14,0.221733,"Source unidentified, but cf. Eucherius of Lyon, Instructionum ad Salonium libri II, lib. 2 (ed. C.
Mandolfo, CCSL 66 [Turnhout, 2004], 201–03, lines 263–65)",0.214763,"Eusebius-Rufinus, HE 10.5 (eds Mommsen–Schwartz, II, 963, line 21)",0.202945,CANT.328.8,0.200101,"Jerome, Comm.in IV ep.Paul., ad Tit. vers. 3:1–2 (PL 26, col. 590D)",0.196544,CCHA.451.5,0.191699,Unidentified,0.187569
1165,C1525.63r.4.txt,canon_unlabelled/C1525.63r.4.txt,CHIP.393.10,0.656348,CHIP.393.9,0.581992,CHIP.393.11,0.310599,CTOL.638.11,0.282177,CTOL.633.31,0.276729,CTOL.633.24,0.263806,CTOL.589.21,0.248068,CHIP.393.28,0.245109,"(ed. MOMMSEN, as Gildas, Epist.deperd.fragm. 6, in Chronica minora, 88, lines 11–12; trans. WINTERBOTTOM,
Gildas, 82)",0.240239,CANT.328.14,0.234443
1166,C1525.63v.1.txt,canon_unlabelled/C1525.63v.1.txt,CHIP.393.18,0.374693,CTOL.397.3,0.294918,CHIP.393.1,0.27099,CTOL.589.10,0.246893,CSAR.347.13,0.241829,CTOL.638.5,0.239318,CORL.541.6,0.238747,CTOL.397.8,0.226093,CANC.314.9,0.225554,CANC.314.18,0.213052
1167,C1525.63v.2.txt,canon_unlabelled/C1525.63v.2.txt,CANT.328.9,0.304938,Capit.Martini.2,0.252822,CANT.328.8,0.247089,CNIC.325.4,0.230406,CHIP.393.6,0.229756,Can.apost.35,0.210052,CTOL.633.36,0.190686,CNIC.325.7,0.18936,Can.apost.15,0.188712,CTOU.567.18 (17),0.188017
1168,C1525.63v.3.txt,canon_unlabelled/C1525.63v.3.txt,CHIP.393.2,0.380387,CHIP.393.4,0.336208,CHIP.393.5,0.333941,CANT.328.20,0.21441,CTOL.633.3,0.212741,CSAR.347.6,0.192518,CANT.328.16,0.191205,CTOL.589.18,0.185647,CVER.755.5,0.182073,CANC.314.10,0.180777
1169,C1525.64r.1.txt,canon_unlabelled/C1525.64r.1.txt,CHIP.393.7,0.766037,CHIP.393.6,0.760342,CTOL.638.11,0.365274,CHIP.393.8,0.318681,CSAR.347.7,0.289409,CSAR.347.3,0.266311,CARL.501?.18,0.261985,CANT.328.14,0.257732,CORL.511.2,0.245317,CTOU.567.18 (17),0.238744
1170,C1525.64r.2.txt,canon_unlabelled/C1525.64r.2.txt,CHIP.393.8,0.638056,CTOL.638.11,0.400412,CCHA.451.21,0.343921,CANT.328.14,0.298898,CNEO.315.13,0.286206,CVAI.442.7,0.274491,CHIP.393.7,0.263129,CHIP.393.6,0.248291,CORL.511.13,0.241354,CANT.328.15,0.240432
1171,C1525.64v.1.txt,canon_unlabelled/C1525.64v.1.txt,CHIP.393.12,0.583203,CLAO.300.32,0.339021,CLAO.300.10,0.336071,CTOL.633.58,0.254677,Can.apost.46,0.242624,CLAO.300.12,0.23427,CORA.441.24,0.232705,Can.apost.45,0.223714,CAGD.506.25,0.208684,CORA.441.1,0.204564
1172,C1525.64v.2.txt,canon_unlabelled/C1525.64v.2.txt,CHIP.393.14,0.805504,Capit.Martini.61,0.283441,CAGD.506.18,0.270761,CTOL.633.38,0.258992,CTOL.633.64,0.2313,"Gregory of Nazianzus- Rufinus, In semet.de agr.regr. 13 (ed. Engelbrecht, 182, lines 9–11)",0.213621,Can.apost.46,0.207211,RPWO.758.21,0.203903,CTOL.633.63,0.202179,CNIC.325.8,0.198644
1173,C1525.64v.3.txt,canon_unlabelled/C1525.64v.3.txt,CHIP.393.27,0.719669,CHIP.393.34,0.251229,CTOL.397.20,0.221311,CLAO.300.42,0.218561,CAUX.561.6,0.199911,CHIP.393.25,0.183705,RPCO.757.5,0.164038,CEPA.517.22,0.161337,CANT.328.11,0.161091,CNIC.325.4,0.158317
1174,C1525.64v.4.txt,canon_unlabelled/C1525.64v.4.txt,CHIP.393.36,0.882044,Unidenfied,0.324161,CTOL.633.13,0.309389,"Augustine, De serm.dom.in monte, 1.20.63 (ed. Mutzenbecher, 72, lines 1569–82)",0.295382,Unidentified,0.279928,CTOL.633.17,0.26412,CVAI.442.4,0.259559,CLAO.300.29,0.256757,Galatians.4:16,0.256166,"Source unidentified, but cf. Ambrosiaster, Comm.in Pauli epist., ad Rom. (recensio gamma), vers. 7:24–5 (ed. Vogels, I, 245, lines 19–21)",0.234794
1175,C1525.65r.1.txt,canon_unlabelled/C1525.65r.1.txt,CNIC.325.18,0.213743,CNEO.315.14,0.202863,CGAN.355.1,0.197913,CNEO.315.10,0.195112,CTOL.397.6,0.194598,CAGD.506.61,0.193642,CNIC.325.20,0.188523,CANT.328.1,0.180097,CANT.328.25,0.17926,Can.apost.2,0.170083
1176,C1525.65r.2.txt,canon_unlabelled/C1525.65r.2.txt,Pen. Theod. Can. Greg.; Wasserschleben p.162,0.282843,RPWO.758.15,0.282048,CTOL.655.6,0.246883,RPWO.758.9,0.238236,CSAR.347.3,0.232197,CSAR.347.6,0.226568,RPWO.758.8,0.226534,CHIP.393.38,0.22371,CORL.511.1,0.214514,CANC.314.14,0.21447
1177,C1525.65r.3.txt,canon_unlabelled/C1525.65r.3.txt,CORA.441.15,0.26759,CEPA.517.29,0.260918,DSIR.384.255  cap. 14,0.249495,DSIR.384.255  cap. 13,0.242081,CAGD.506.15,0.23961,Can.apost.29,0.226882,CORA.441.24,0.220002,Can.apost.17,0.20768,CNIC.325.19,0.20262,CTOL.633.73,0.201634
1178,C1525.65r.4.txt,canon_unlabelled/C1525.65r.4.txt,CHIP.393.27,0.271125,CANC.314.23,0.211692,CSAR.347.5,0.206266,Unidentified,0.203971,CCHA.451.10,0.197394,CANT.328.8,0.187796,CMAC.581.12,0.187327,CSAR.347.7,0.185705,CAUX.561.6,0.180781,CNEO.315.13,0.180356
1179,C1525.65v.1.txt,canon_unlabelled/C1525.65v.1.txt,CORA.441.10,0.438255,CAUX.561.43,0.325388,CNIC.325.5,0.316729,CARL.501?.8,0.310212,Can.apost.11,0.268086,CTOL.397.11,0.262423,CANT.328.6,0.231575,CORL.511.26,0.222978,CAGD.506.62,0.215211,CAUX.561.10,0.21236
1180,C1525.65v.2.txt,canon_unlabelled/C1525.65v.2.txt,CTOL.638.11,0.534116,CVAI.442.7,0.33645,CCHA.451.21,0.323665,CHIP.393.7,0.275654,CHIP.393.8,0.271216,CHIP.393.6,0.26465,CANT.328.14,0.261949,CARL.501?.25,0.257065,CARL.314.15,0.241999,CAGD.506.37,0.236942
1181,C1525.65v.3.txt,canon_unlabelled/C1525.65v.3.txt,CARL.314.21,0.236285,CANC.314.17,0.22026,CHIP.393.29,0.202546,CNIC.325.10,0.198408,CTOL.633.71,0.195317,CANC.314.2,0.193655,CTOL.655.16,0.188566,CAGD.506.46,0.186403,CANT.328.16,0.173434,CNEO.315.13,0.172026
1182,C1525.65v.4.txt,canon_unlabelled/C1525.65v.4.txt,CORA.441.24,0.281241,CORA.441.15,0.24727,DSIR.384.255  cap. 13,0.242263,CHIP.393.12,0.23787,CTOL.527.1,0.230753,Can.apost.12,0.21535,CTOL.638.4,0.21076,CGAN.355.13,0.200119,CLAO.300.12,0.19895,CNIC.325.2,0.19838
1183,C1525.65v.5.txt,canon_unlabelled/C1525.65v.5.txt,CNIC.325.11,0.181004,CAGD.506.51,0.178449,CTOL.655.1,0.174833,CEPA.517.8,0.166438,CTOL.633.69,0.165568,"(ed. MOMMSEN, as Gildas, Epist.deperd.fragm. 3, in Chronica minora, 86, lines 21–4; trans. WINTERBOTTOM, Gildas, 80)",0.163602,Can.apost.25,0.162353,CTOL.633.68,0.160586,CANT.328.24,0.158681,Can.apost.40,0.156276
1184,C1525.68v.1.txt,canon_unlabelled/C1525.68v.1.txt,CTOL.589.18,0.219402,"Augustine, De serm.dom.in monte, 1.20.63 (ed. Mutzenbecher, 72, lines 1569–82)",0.200559,CCHL.647.7,0.19317,CARL.501?.25,0.191533,CTOL.589.0 Conc. Toletana III; anno 589; PL 84 col. 384-386; combined canons?,0.191264,CHIP.393.10,0.188111,CEPA.517.9; anno 517,0.186766,"Caesarius, Sermo 54.4 (ed. Morin, 238, lines 15–16)",0.183947,CCHA.451.25,0.173147,CHIP.393.38,0.171117
1185,C1525.69r.1.txt,canon_unlabelled/C1525.69r.1.txt,CHIP.393.13,0.917117,"Augustine, Quaestiones evangeliorum 1.23 (ed. A. Mutzenbecher, CCSL 44B [Turnhout 1980],
20, lines 2–5)",0.244264,CTOL.397.12,0.200496,CAGD.506.2,0.198144,CORL.511.3,0.19151,CARL.501?.25,0.184995,CTOL.633.73,0.18038,Can.apost.41,0.178108,CANC.314.20,0.172776,CORL.538.31,0.165519
1186,C1525.69r.2.txt,canon_unlabelled/C1525.69r.2.txt,CHIP.393.17,0.813369,CTOL.633.66,0.282473,CANC.314.21,0.275467,CLAO.300.53,0.271686,CNIC.325.16,0.239067,CNIC.325.8,0.226818,CANC.314.3,0.222917,CCHL.647.15,0.215163,CANC.314.22,0.213726,CHIP.393.14,0.209351
1187,C1525.69r.3.txt,canon_unlabelled/C1525.69r.3.txt,CHIP.393.23,0.868583,CMAC.585.4,0.309158,CGAN.355.14,0.273743,Can.apost.3,0.241776,Can.apost.4,0.235834,CGAN.355.7,0.222555,CTOL.655.6,0.219177,CTOL.638.1,0.219174,CTOL.633.18,0.217464,CTOL.633.6,0.215351
1188,C1525.69r.4.txt,canon_unlabelled/C1525.69r.4.txt,CHIP.393.24,0.800588,CNIC.325.18,0.203884,CANC.314.3,0.200061,CTOL.397.6,0.197623,CHIP.393.31,0.193595,CANC.314.13,0.183525,Can.apost.18,0.183092,"Augustine, Sermo 392 (PL 39, col. 1710)",0.179127,DSIR.384.255 cap 7,0.178422,"Jerome, Advers.Iovin.libri II, 1.14 (PL 23, col. 233A) Source (igitur ... alio uiro) Jerome, Advers.Iovin.libri II, 1.14 (PL 23, col. 233B)",0.17597
1189,C1525.69r.5.txt,canon_unlabelled/C1525.69r.5.txt,CHIP.393.25,0.935344,CMEA.845.10,0.205339,"GREG.MAG. Hom.in ev. 2.26 (ed. Étaix, 222, lines 98–102) Gregorius Magnus, Hom.in ev. 2.26 (ed. Étaix, 222, lines 109–11) GREG.MAG. Hom.in ev. 2.22 (ed. Étaix, 191, lines 272–76)",0.186723,CGAN.355.7,0.181145,CHIP.393.27,0.170683,Can.apost.7,0.164344,CTOL.655.7,0.16147,CNIC.325.18,0.160003,CGAN.355.19,0.153553,"Hermas, Libell.sanct.past., mandatum 4.1.4–8 (eds de Gebhardt– Harnack–Zahn, 79, lines 1–19)",0.151365
1190,C1525.69r.6.txt,canon_unlabelled/C1525.69r.6.txt,CHIP.393.26,0.767482,CHIP.393.29,0.244638,CANT.328.21,0.216653,Can.apost.36,0.215673,CCHA.451.18,0.170677,CORL.541.29,0.167983,CLAO.300.24,0.163781,CORL.511.3,0.163091,CANT.328.7,0.160588,Can.apost.7,0.152717
1191,C1525.69r.7.txt,canon_unlabelled/C1525.69r.7.txt,CHIP.393.28,0.828029,RPCO.757.4,0.208575,CTOL.633.10,0.206336,Can.apost.12,0.19996,CTOU.567.18 (17),0.193224,CORL.511.1,0.192885,CORL.538.16,0.190063,CHIP.393.10,0.17396,CNIC.325.13,0.172582,CHIP.393.7,0.171959
1192,C1525.69v.1.txt,canon_unlabelled/C1525.69v.1.txt,CHIP.393.29,0.668729,CNEO.315.7,0.25494,CAGD.506.25,0.228192,"Caesarius, Sermo 43.5 (ed. Morin, 192, lines 2–7)",0.227196,CAGD.506.39,0.20394,Can.apost.11,0.201336,CHIP.393.26,0.199016,CGAN.355.6,0.186332,CANT.328.16,0.178059,CLAO.300.28,0.176516
1193,C1525.69v.2.txt,canon_unlabelled/C1525.69v.2.txt,CHIP.393.30,0.575594,CAGD.506.44,0.234768,CTOL.397.2,0.232722,"Gennadius, Lib.eccl.dogm. 46 (ed. Turner, 98, lines 1–7; cf. recensio vulgata, c. 47 [PL
42, col. 1220])",0.220649,CTOL.589.11,0.218941,CNEO.315.9,0.202482,CTOL.636.8,0.191097,CANT.328.14,0.187364,CTOL.638.7,0.18547,CAGD.506.15,0.177943
1194,C1525.69v.3.txt,canon_unlabelled/C1525.69v.3.txt,CHIP.393.31,0.776193,CHIP.393.24,0.221237,CNIC.325.5,0.19826,Can.apost.28,0.186125,CANC.314.3,0.185229,CANC.314.17,0.180193,Can.apost.2,0.176425,CANC.314.16,0.173719,Can.apost.41,0.173444,CANC.314.10,0.173319
1195,C1525.69v.4.txt,canon_unlabelled/C1525.69v.4.txt,CHIP.393.32,0.573817,CORA.441.14,0.207605,CAGD.506.39,0.206454,CHIP.393.39,0.198097,CANC.314.16,0.19222,CHIP.393.33,0.184005,CORA.441.13,0.174046,Can.apost.42,0.173037,CNEO.315.9,0.167327,CVAI.442.1,0.16569
1196,C1525.69v.5.txt,canon_unlabelled/C1525.69v.5.txt,CGAN.355.20,0.281031,CLAO.300.51,0.259124,CORL.511.25,0.246648,Can.apost.8,0.242098,Can.apost.40,0.223105,Can.apost.21,0.1975,CEPA.517.9; anno 517,0.18331,CAGD.506.62,0.180289,CARL.501?.11,0.176275,CARL.501?.20,0.174929
1197,C1525.69v.6.txt,canon_unlabelled/C1525.69v.6.txt,CHIP.393.37,0.29278,CHIP.393.38,0.290834,CSAR.347.8,0.242548,CTUR.439.6,0.240856,CHIP.393.39,0.221587,CSAR.347.12,0.206544,CSAR.347.9,0.201445,"Caesarius, Sermo 192.4 (ed. Morin, 781, lines 7–9)",0.185051,Unidentified,0.173051,CSAR.347.20,0.171906
1198,C1525.70r.1.txt,canon_unlabelled/C1525.70r.1.txt,CHIP.393.38,0.296389,CAGD.506.35,0.264934,CSAR.347.3,0.255817,CSAV.859.12,0.234398,RPCO.757.9,0.230758,CSAR.347.17,0.226341,CSAR.347.16,0.206477,CTOL.397.11,0.203484,CHIP.393.39,0.197823,CAGD.506.44,0.18805
1199,C1525.70r.2.txt,canon_unlabelled/C1525.70r.2.txt,CHIP.393.38,0.802749,CARL.314.20,0.292844,"Jerome, Comm.in Mat.libri IV, lib. 3, vers. 19:9 (eds Hurst–Adriaen, 167, lines 761–80)",0.246206,CTOL.646.1,0.223525,CORL.511.31,0.22012,"Caesarius, Sermo 43.5 (ed. Morin, 192, lines 17–23)",0.21718,CSAR.347.18,0.216886,CTOL.527.5,0.213112,CSAR.347.15,0.206656,CSAR.347.6,0.195134
1200,C1525.70v.1.txt,canon_unlabelled/C1525.70v.1.txt,CHIP.393.38,0.65472,CVAI.442.7,0.280716,"Gregorius Magnus, Hom.in ev. 2.26 (ed. Étaix, 222, lines 116–19) Ps (G) 50:19",0.252914,CSAR.347.18,0.229039,"Caesarius, Sermo 2, ammonitio (ed. Morin, 18, lines 7–15)",0.217255,CSAR.347.17,0.210351,CSAR.347.6,0.209079,CORA.441.25,0.202946,CSAR.347.11,0.200228,CORA.441.7,0.198481
1201,C1525.70v.2.txt,canon_unlabelled/C1525.70v.2.txt,CHIP.393.38,0.341566,"Ps.-Clemens-Rufinus, Recognitiones 2.72 (eds Rehm–Paschke, 94,
lines 4–8)",0.305498,CTOU.567.18 (17),0.293792,CORA.441.28,0.283272,"Augustine, Serm.de vet.test. 9.20 (ed. Lambot, 146, line 694–96)",0.271979,CSAR.347.14,0.268856,CORL.511.25,0.265202,"Caesarius, Sermo 192.4 (ed. Morin, 781, lines 7–9)",0.263672,CTOL.633.10,0.254464,CTUR.439.6,0.252125
1202,C1525.70v.3.txt,canon_unlabelled/C1525.70v.3.txt,CSAR.347.5,0.363949,CHIP.393.38,0.273647,CSAR.347.8,0.227267,CSAR.347.1,0.219646,"Source unidentified, but cf. Eucherius of Lyon, Instructionum ad Salonium libri II, lib. 2 (ed. C.
Mandolfo, CCSL 66 [Turnhout, 2004], 201–03, lines 263–65)",0.217047,"Augustine, Serm.de vet.test. 9.20 (ed. Lambot, 146, line 694–96)",0.215413,CTOL.397.5,0.215204,CORL.538.5,0.210584,CANT.328.8,0.205048,CHIP.393.37,0.204587
1203,C1525.71r.1.txt,canon_unlabelled/C1525.71r.1.txt,CTOL.646.5,0.212666,CTOL.589.17,0.203189,"cf. Jerome, Epistola 22, ad Eustochium (ed. Hilberg, I, 160, line 3)",0.200181,CNIC.325.8,0.199904,CANC.314.16,0.19386,CNEO.315.13,0.193626,CTOL.633.24,0.189978,CTOL.589.20,0.187802,CAGD.506.61,0.184493,CAGD.506.39,0.184112
1204,C1525.71r.2.txt,canon_unlabelled/C1525.71r.2.txt,CRIZ.439.2,0.313422,CHIP.393.38,0.268968,CSAR.347.11,0.258381,RPCO.757.9,0.231369,CTUR.439.6,0.230634,CTOL.638.19,0.210034,CSAR.347.12,0.207654,CSAR.347.18,0.202444,CSAR.347.19,0.196088,CRIZ.439.1,0.19196
1205,C1525.71v.1.txt,canon_unlabelled/C1525.71v.1.txt,CHIP.393.38,0.302829,CSAR.347.11,0.292942,CSAR.347.3,0.243057,CSAR.347.17,0.24145,"Ps.-Clemens-Rufinus, Recognitiones 2.72 (eds Rehm–Paschke, 94,
lines 4–8)",0.237318,CSAR.347.9,0.236418,"Hermas, Libell.sanct.past., mandatum 4.1.4–8 (eds de Gebhardt– Harnack–Zahn, 79, lines 1–19)",0.229316,CSAR.347.8,0.223084,CSAR.347.19,0.222618,CSAR.347.7,0.222116
1206,C1525.72r.1.txt,canon_unlabelled/C1525.72r.1.txt,CHIP.393.38,0.222621,CNIC.325.8,0.219091,CSAR.347.9,0.212234,CCHA.451.1,0.197861,CAGD.506.35,0.193866,CSAR.347.21,0.190096,CANC.314.18,0.170997,CTOL.636.9,0.170851,CAUX.561.13,0.168421,CANT.328.9,0.16767
1207,C1525.72r.2.txt,canon_unlabelled/C1525.72r.2.txt,CNIC.325.8,0.37376,CTOL.633.6,0.321972,CHIP.393.37,0.314579,CARL.314.9,0.296447,Can.apost.46,0.261605,CTOL.633.2,0.258736,CARL.501?.17,0.252596,CHIP.393.12,0.248743,CTOL.397.12,0.247939,DSIR.384.255  cap. 14,0.237207
1208,C1525.72v.1.txt,canon_unlabelled/C1525.72v.1.txt,"Ps.-Clemens–Rufinus, Recognitiones 6.18 (eds Rehm–Paschke, 155, lines 17–20)",0.293212,CANC.314.4,0.251446,CANC.314.3,0.221322,CTOL.633.33,0.219698,CNIC.325.15,0.212518,CCHA.451.8,0.20486,CARL.314.2,0.204854,CANC.314.11,0.20016,CORL.538.5,0.194653,RPWO.758.16,0.193365
1209,C1525.73r.1.txt,canon_unlabelled/C1525.73r.1.txt,CHIP.393.9,0.28331,CHIP.393.20,0.235356,CNIC.325.6,0.228724,Can.apost.27,0.224502,CSAR.347.7,0.222442,CHIP.393.7,0.216542,CTOL.633.64,0.212617,CCHA.451.21,0.210438,CAGD.506.32,0.210107,CORA.441.11,0.205959
1210,C1525.73r.2.txt,canon_unlabelled/C1525.73r.2.txt,CAGD.506.39,0.310471,CTOL.589.17,0.295339,CANC.314.3,0.283367,CHIP.393.11,0.257788,CNIC.325.15,0.242378,CSAR.347.1,0.240035,CSAR.347.8,0.238254,"Caesarius, Sermo 43.1 (ed. Morin, 190, lines 21–25)",0.228395,CANC.314.23,0.216116,"Ps.-Clemens–Rufinus, Recognitiones 6.18 (eds Rehm–Paschke, 155, lines 17–20)",0.20831
1211,C1525.73r.3.txt,canon_unlabelled/C1525.73r.3.txt,CHIP.393.11,0.395465,CLAO.300.51,0.241918,CTOL.589.14,0.215199,CAGD.506.39,0.211638,CAGD.506.21,0.210724,CHIP.393.28,0.209853,CNIC.325.15,0.207106,CORL.538.31,0.206475,CHIP.393.10,0.194363,CANC.314.23,0.194264
1212,C1525.73r.4.txt,canon_unlabelled/C1525.73r.4.txt,Can.apost.12,0.264208,CORL.511.1,0.222616,CTOL.638.11,0.20827,"CTOL.653.13  (excerpta canonum cap. 13)  Martinez Diez, vol. 5, pp. 475-476; text modified in W",0.208202,CTOL.633.15,0.203243,CAGD.506.37,0.192617,CTOL.638.18,0.191387,CAGD.506.26,0.190371,Can.apost.1,0.183471,CTOL.636.5,0.180939
1213,C1525.73v.1.txt,canon_unlabelled/C1525.73v.1.txt,CTOL.636.3,0.241351,Can.apost.14,0.209875,CTOL.646.1,0.209714,CORL.538.31,0.2032,RPCO.757.7,0.19339,CTOL.589.14,0.192577,CTOL.633.63,0.187188,CNEO.315.1,0.185465,CLAO.300.41,0.176543,CCHA.451.19,0.176062
1214,C1525.73v.2.txt,canon_unlabelled/C1525.73v.2.txt,CTOL.636.7,0.241043,CTOL.638.2,0.232992,CTOL.655.17,0.232912,CTOL.636.9,0.229444,CHIP.393.38,0.225879,CTUR.439.6,0.213199,CORL.511.26,0.212989,CSAR.347.19,0.200531,CNIC.325.20,0.197154,CMAC.585.2,0.194899
1215,C1525.73v.3.txt,canon_unlabelled/C1525.73v.3.txt,CTOL.636.9,0.318854,CHIP.393.39,0.288355,CSAR.347.21,0.278811,"Augustine, De serm.dom.in monte, 1.20.63 (ed. Mutzenbecher, 72, lines 1569–82)",0.255285,CHIP.393.37,0.241114,CTOL.646.6,0.239814,"Caesarius, Sermo 192.4 (ed. Morin, 781, lines 7–9)",0.231735,CORL.511.1,0.211965,CARL.501?.25,0.20784,CTOL.638.19,0.202667
1216,C1525.74r.1.txt,canon_unlabelled/C1525.74r.1.txt,CAGD.506.31,0.226335,CHIP.393.12,0.199863,RPCO.757.3,0.185074,CHIP.393.39,0.181994,CNIC.325.5,0.179223,CTOL.633.63,0.17122,CSEV.619.10,0.170428,CANC.314.20,0.16861,Can.apost.46,0.162478,CORA.441.13,0.157596
1217,C1525.74r.2.txt,canon_unlabelled/C1525.74r.2.txt,CHIP.393.37,0.353718,CHIP.393.10,0.236321,CORL.538.5,0.22271,Unidenfied,0.222139,CHIP.393.39,0.2124,CHIP.393.9,0.205003,Can.apost.10,0.198683,CTOL.633.63,0.196404,CNIC.325.8,0.188704,CSAR.347.1,0.176717
1218,C1525.74r.3.txt,canon_unlabelled/C1525.74r.3.txt,CHIP.393.37,0.476212,CSAR.347.21,0.278159,CNIC.325.8,0.265576,CTOL.397.12,0.238092,CTOL.633.2,0.229162,CCLE.535.12,0.227868,CHIP.393.14,0.217716,CTOL.633.63,0.21391,CHIP.393.12,0.206106,CTOL.589.1,0.205336
1219,C1525.74v.1.txt,canon_unlabelled/C1525.74v.1.txt,CHIP.393.37,0.468096,CTOL.397.12,0.278151,CNIC.325.8,0.244187,CHIP.393.12,0.243887,CHIP.393.14,0.238776,CTOL.589.9,0.23678,CAGD.506.31,0.220831,Can.apost.12,0.220694,Unidenfied,0.216297,CHIP.393.39,0.207994
1220,C1525.74v.2.txt,canon_unlabelled/C1525.74v.2.txt,CANC.314.12,0.210174,CCHA.451.21,0.205288,CGAN.355.13,0.195163,CLAO.300.58,0.192394,CLAO.300.24,0.183813,CANT.328.9,0.181696,CCHA.451.3,0.176795,CNIC.325.16,0.169486,CRIZ.439.5,0.168243,CNIC.325.3,0.167658
1221,C1525.75r.1.txt,canon_unlabelled/C1525.75r.1.txt,CANT.328.9,0.263367,Can.apost.39,0.249491,Can.apost.38,0.198274,Can.apost.15,0.187413,CLAO.300.42,0.186568,CANT.328.17,0.183885,CARL.501?.12,0.174231,Can.apost.6,0.172904,CAGD.506.15,0.170114,CANT.328.16,0.166507
1222,C1525.75r.2.txt,canon_unlabelled/C1525.75r.2.txt,CHIP.393.39,0.675933,CHIP.393.32,0.260513,CTOL.633.6,0.25754,CHIP.393.37,0.242518,"Caesarius, Sermo 43.3 (ed. Morin, 191, lines 13–19)",0.240862,CNEO.315.6,0.233287,Can.apost.47,0.225693,CORA.441.14,0.213155,CARL.314.9,0.210214,CORA.441.2,0.208385
1223,C1525.75r.3.txt,canon_unlabelled/C1525.75r.3.txt,CTOU.567.18 (17),0.268794,CHIP.393.7,0.261139,CORL.511.25,0.24838,CSAR.347.10,0.245609,"Augustine, Serm.de vet.test. 9.20 (ed. Lambot, 146, line 694–96)",0.242784,CANT.328.20,0.242743,Can.apost.8,0.24158,CAGD.506.63,0.230945,CTOL.589.18,0.228345,CTOL.397.20,0.226513
1224,C1525.75r.4.txt,canon_unlabelled/C1525.75r.4.txt,CANT.328.17,0.22904,CAGD.506.41,0.221448,Can.apost.42,0.190269,CANT.328.23,0.180772,Can.apost.16,0.177998,CANT.328.16,0.17751,CTOL.397.8,0.176511,CORA.441.7,0.164119,Can.apost.38,0.161861,CTOL.397.1,0.159983
1225,C1525.75r.5.txt,canon_unlabelled/C1525.75r.5.txt,Can.apost.42,0.273995,CSAR.347.21,0.273384,CSAR.347.8,0.258588,CAGD.506.8,0.226173,CANT.328.11,0.221488,Can.apost.28,0.21611,CORL.511.16,0.213731,Can.apost.45,0.209875,Can.apost.44,0.208798,CSAR.347.10,0.198993
1226,C1525.75r.6.txt,canon_unlabelled/C1525.75r.6.txt,CHIP.393.6,0.301723,CARL.501?.18,0.273537,CHIP.393.38,0.2612,CTOL.646.1,0.247371,CHIP.393.7,0.23084,CTOL.633.36,0.218804,CANT.328.12,0.217581,CARL.314.21,0.207374,CVAI.442.3,0.199262,Can.apost.38,0.193342
1227,C1525.75v.1.txt,canon_unlabelled/C1525.75v.1.txt,CARL.501?.18,0.199922,CCHA.451.5,0.1867,CAGD.506.2,0.174626,Unidentified,0.171468,CARL.501?.17,0.162184,CORL.511.17,0.162076,CNIC.325.9,0.157406,CSAR.347.5,0.153757,Can.apost.44,0.153559,CSAR.347.1,0.149652
1228,C1525.75v.2.txt,canon_unlabelled/C1525.75v.2.txt,CTOL.636.9,0.210955,Can.apost.45,0.179987,"Jerome, Comm.in proph.minor., in Ionam 1:4 (ed. Adriaen, I, 384–85, lines 165–76)",0.177704,CHIP.393.10,0.167731,CTOL.646.6,0.165158,CTOL.633.28,0.164853,CLAO.300.2,0.164204,CTOL.638.19,0.156753,CNIC.325.11,0.153634,"Caesarius, Sermo 192.4 (ed. Morin, 781, lines 7–9)",0.153107
1229,C1525.75v.3.txt,canon_unlabelled/C1525.75v.3.txt,CANC.314.20,0.230261,Can.apost.45,0.215364,Can.apost.42,0.196976,CAGD.506.2,0.188112,Can.apost.44,0.187124,CHIP.393.6,0.186909,CTOL.633.14,0.185734,"Ambrose, De spirit.sanct.3.6 (ed. Faller, 164–65, lines 12–22) Source (et ideo ... caritatis affectu)",0.185576,CTOL.589.17,0.177835,Can.apost.46,0.172201
1230,C1525.75v.4.txt,canon_unlabelled/C1525.75v.4.txt,CTOL.633.46,0.289154,CORA.441.15,0.245731,CAGD.506.41,0.231058,Can.apost.42,0.212647,CARL.501?.25,0.195273,CNIC.325.2,0.190026,CAUX.561.23,0.18165,Can.apost.47,0.179855,CORL.511.31,0.176942,CNEO.315.10,0.176382
1231,C1525.76r.1.txt,canon_unlabelled/C1525.76r.1.txt,"CMEA.845.0 ""Canon extravagans 2"", Conc. Meaux, a. 845; unique to this ms, apud MGH Conc. III p. 129",0.234062,CTOL.633.64,0.216346,CHIP.393.14,0.192516,CTOL.633.58,0.187233,CLAO.300.32,0.185611,Can.apost.47,0.180493,CSAR.347.2,0.16574,CHIP.393.12,0.159737,CARL.314.15,0.159002,CTOL.633.56,0.156671
1232,C1525.76r.2.txt,canon_unlabelled/C1525.76r.2.txt,CTOL.633.73,0.309603,Can.apost.49,0.190571,CAGD.506.56,0.188296,CTOL.633.72,0.184503,CNIC.325.20,0.173573,CORL.511.26,0.171467,CAGD.506.44,0.167154,CHIP.393.13,0.165759,CLAO.300.52,0.160198,RPCO.757.9,0.158275
1233,C1525.76r.3.txt,canon_unlabelled/C1525.76r.3.txt,CGAN.355.20,0.287351,"Ps.-Clemens–Rufinus, Recognitiones 6.18 (eds Rehm–Paschke, 155, lines 17–20)",0.239686,CTOL.633.33,0.238213,CCHA.451.8,0.215835,CARL.314.21,0.214719,CGAN.355.2,0.210825,CAUX.561.12,0.209949,CLAO.300.51,0.197587,CHIP.393.37,0.194843,CHIP.393.39,0.179278
1234,C1525.76r.4.txt,canon_unlabelled/C1525.76r.4.txt,CANC.314.4,0.288592,CANC.314.11,0.249266,CGAN.355.2,0.238105,Can.apost.26,0.225767,"Ps.-Clemens–Rufinus, Recognitiones 6.18 (eds Rehm–Paschke, 155, lines 17–20)",0.222423,CANC.314.7,0.218025,CTOL.589.16,0.217762,CCHA.451.8,0.215778,CANC.314.3,0.191393,Can.apost.2,0.19022
1235,C1525.76r.5.txt,canon_unlabelled/C1525.76r.5.txt,CTOL.636.9,0.368021,CEPA.517.40,0.312475,CTUR.439.6,0.306252,CHIP.393.39,0.291376,CTOL.638.19,0.284821,CHIP.393.38,0.273689,CSAR.347.3,0.260267,CTOL.655.17,0.254721,CCHA.451.25,0.246096,CSAR.347.9,0.235494
1236,C1525.76v.1.txt,canon_unlabelled/C1525.76v.1.txt,CHIP.393.38,0.275816,CHIP.393.39,0.241144,CORA.441.28,0.2344,CTOL.638.2,0.225235,CSAR.347.9,0.225127,CTOL.636.9,0.214554,CRIZ.439.2,0.209625,CARL.501?.25,0.208065,RPCO.757.9,0.201758,CEPA.517.40,0.197093
1237,C1525.77r.1.txt,canon_unlabelled/C1525.77r.1.txt,RPWO.758.17,0.300559,CSAR.347.11,0.27449,"Eusebius-Rufinus, HE 10.5 (eds Mommsen–Schwartz, II, 963, line 21)",0.239525,CSAR.347.2,0.217608,CORL.511.25,0.217143,CHIP.393.7,0.216336,RPWO.758.8,0.214536,RPWO.758.18,0.212504,CTOL.633.49,0.197801,CSAR.347.3,0.196987
1238,C1525.77r.2.txt,canon_unlabelled/C1525.77r.2.txt,RPCO.757.9,0.236574,"Augustine, Serm.de vet.test. 9.20 (ed. Lambot, 146, line 694–96)",0.212504,"Augustine, De serm.dom.in monte, 1.20.63 (ed. Mutzenbecher, 72, lines 1569–82)",0.210673,"Source unidentified, but cf. Eucherius of Lyon, Instructionum ad Salonium libri II, lib. 2 (ed. C.
Mandolfo, CCSL 66 [Turnhout, 2004], 201–03, lines 263–65)",0.208548,CHIP.393.38,0.207493,CVER.755.20,0.199963,CAGD.506.44,0.193132,"Caesarius, Sermo 192.4 (ed. Morin, 781, lines 7–9)",0.192552,CNIC.325.11,0.186325,CHIP.393.37,0.183256
1239,C1525.77r.3.txt,canon_unlabelled/C1525.77r.3.txt,CHIP.393.2,0.242127,RPWO.758.14,0.210086,CTOL.633.29,0.192817,CCHA.451.11,0.175479,CTOL.589.18,0.166332,CANT.328.13,0.162731,CTOL.638.4,0.161679,CHIP.393.18,0.157855,"Caesarius, Sermo 2, ammonitio (ed. Morin, 18, lines 7–15)",0.157509,CARL.314.7,0.152996
1240,C1525.77v.1.txt,canon_unlabelled/C1525.77v.1.txt,CTUR.439.6,0.314832,CSAR.347.21,0.290839,Unidentified,0.283863,"Source unidentified, but cf. Eucherius of Lyon, Instructionum ad Salonium libri II, lib. 2 (ed. C.
Mandolfo, CCSL 66 [Turnhout, 2004], 201–03, lines 263–65)",0.273458,CSAR.347.9,0.268582,CSAR.347.5,0.256166,CHIP.393.39,0.253752,CSAR.347.8,0.252424,CHIP.393.27,0.249841,CSAR.347.7,0.238049
1241,C1525.78r.1.txt,canon_unlabelled/C1525.78r.1.txt,CHIP.393.38,0.342964,CSAR.347.9,0.32454,CSAR.347.11,0.323771,CSAR.347.5,0.313906,"Caesarius, Sermo 192.4 (ed. Morin, 781, lines 7–9)",0.31135,CSAR.347.3,0.298392,CHIP.393.7,0.288777,CSAR.347.6,0.28153,"Ps.-Clemens-Rufinus, Recognitiones 2.72 (eds Rehm–Paschke, 94,
lines 4–8)",0.276888,CSAR.347.16,0.276462
1242,C1525.78v.1.txt,canon_unlabelled/C1525.78v.1.txt,CHIP.393.38,0.333086,"Caesarius, Sermo 192.4 (ed. Morin, 781, lines 7–9)",0.292694,CHIP.393.37,0.289614,CTUR.439.6,0.280213,"Eusebius-Rufinus, HE 10.2 (eds Mommsen–Schwartz, II, 961, lines 10–19)",0.275822,"Augustine, Serm.de vet.test. 9.20 (ed. Lambot, 146, line 694–96)",0.27468,CSAR.347.21,0.271368,CHIP.393.39,0.270671,CSAR.347.8,0.267789,"Ps.-Clemens-Rufinus, Recognitiones 2.72 (eds Rehm–Paschke, 94,
lines 4–8)",0.262205
1243,C1525.78v.2.txt,canon_unlabelled/C1525.78v.2.txt,CANC.314.3,0.318053,CHIP.393.37,0.281725,CCHA.451.18,0.256099,"Caesarius, Sermo 192.4 (ed. Morin, 781, lines 7–9)",0.238921,CHIP.393.39,0.229259,CTOL.633.58,0.228416,CHIP.393.17,0.220164,CNIC.325.11,0.218879,CHIP.393.12,0.213406,CHIP.393.10,0.209107
1244,C1525.79v.1.txt,canon_unlabelled/C1525.79v.1.txt,CSAR.347.8,0.25304,CHIP.393.27,0.250847,CHIP.393.36,0.247326,CSAR.347.21,0.244134,CTOL.589.18,0.241296,"John Cassian, Collationes 20.8 (ed. Petschenig, p. 561, line 9–p. 562, line 4)",0.238392,CHIP.393.37,0.221506,CSAR.347.10,0.216709,CANT.328.8,0.215268,Unidenfied,0.214174
1245,C1525.80r.1.txt,canon_unlabelled/C1525.80r.1.txt,CARL.501?.18,0.254885,CTOL.589.18,0.247398,CSAR.347.21,0.24659,CSAR.347.8,0.239244,CHIP.393.7,0.230762,CORL.538.5,0.222424,CORL.511.17,0.214857,CTOU.567.18 (17),0.19725,CSAR.347.10,0.191712,CNIC.325.6,0.191529
1246,C1525.80r.2.txt,canon_unlabelled/C1525.80r.2.txt,CHIP.393.10,0.273639,"Jerome, De perpetua virginitate beatae Mariae, adversus Helvidium, c. 4 (in PL 23, cols
186C–87A)",0.240914,"Jerome, Comm.in IV ep.Paul., ad Tit. vers. 3:1–2 (PL 26, col. 590D)",0.238076,CNIC.325.7,0.217766,CAUX.561.6,0.200482,CSAR.347.8,0.196942,CHIP.393.36,0.194679,CHIP.393.27,0.187626,"Source unidentified, but cf. Eucherius of Lyon, Instructionum ad Salonium libri II, lib. 2 (ed. C.
Mandolfo, CCSL 66 [Turnhout, 2004], 201–03, lines 263–65)",0.18228,CSAR.347.5,0.179934
1247,C1525.80r.3.txt,canon_unlabelled/C1525.80r.3.txt,CHIP.393.6,0.272451,CSAR.347.9,0.23987,CSAR.347.7,0.23749,CAUX.561.6,0.229866,CANT.328.11,0.22582,CSAR.347.10,0.223937,CSAR.347.8,0.2063,CHIP.393.7,0.206152,CTOL.638.11,0.203215,CSAR.347.11,0.202963
1248,C1525.80v.1.txt,canon_unlabelled/C1525.80v.1.txt,CANT.328.16,0.253477,CAGD.506.44,0.240136,RPWO.758.18,0.197316,Can.apost.35,0.190673,RPWO.758.8,0.173644,CANT.328.21,0.173626,CNEO.315.1,0.171519,CHIP.393.38,0.170901,RPCO.757.9,0.1682,CGAN.355.6,0.16422
1249,C1525.80v.2.txt,canon_unlabelled/C1525.80v.2.txt,CHIP.393.37,0.347426,Can.apost.10,0.297402,CTOL.589.9,0.278697,CNIC.325.8,0.24598,CANT.328.16,0.242316,Can.apost.31,0.233136,"John Cassian, Collationes, 5.24 (ed. Petschenig, 148, lines 14–21)",0.232646,CSAR.347.5,0.231572,CANT.328.24,0.216597,CNIC.325.19,0.204756
1250,C1525.80v.3.txt,canon_unlabelled/C1525.80v.3.txt,CSAR.347.3,0.29592,"Augustine, De serm.dom.in monte, 1.20.63 (ed. Mutzenbecher, 72, lines 1569–82)",0.29572,CTOL.589.18,0.284058,CSAR.347.12,0.265495,CANT.328.12,0.25195,RPCO.757.9,0.248663,CSAR.347.11,0.243522,CSAR.347.7,0.243325,CSAR.347.9,0.238084,CHIP.393.10,0.235904
1251,C1525.81r.1.txt,canon_unlabelled/C1525.81r.1.txt,CNIC.325.6,0.303201,CORL.511.31,0.236105,Can.apost.48,0.213361,RPWO.758.8,0.206208,RPWO.758.21,0.205103,CARL.314.3,0.202031,CORA.441.17,0.195398,RPWO.758.20,0.192004,CARL.314.5,0.186069,CORL.511.17,0.179295
1252,C1525.81r.2.txt,canon_unlabelled/C1525.81r.2.txt,RPWO.758.21,0.291423,Can.apost.48,0.253008,CNIC.325.20,0.244427,CAGD.506.35,0.211232,CARL.314.22,0.203772,CORL.511.26,0.196239,CVER.755.5,0.196235,CTOL.633.69,0.192166,CTOL.589.8,0.190872,CORA.441.17,0.190458
1253,C1525.81r.3.txt,canon_unlabelled/C1525.81r.3.txt,CNIC.325.1,0.278601,CNIC.325.6,0.274672,CNIC.325.2,0.26921,CNIC.325.19,0.265113,CNIC.325.10,0.25727,CNIC.325.18,0.25488,CNIC.325.3,0.247486,CTOL.589.11,0.243624,CNIC.325.16,0.236937,CNIC.325.15,0.233005
1254,C1525.81r.4.txt,canon_unlabelled/C1525.81r.4.txt,CHIP.393.10,0.213323,CSAR.347.3,0.211713,RPCO.757.5,0.207343,CSAR.347.7,0.191451,CTOL.633.44,0.189469,CVER.755.5,0.18765,CHIP.393.20,0.185115,CNEO.315.13,0.171916,CTOL.589.21,0.171243,CGAN.355.10,0.16422
1255,C1525.81v.1.txt,canon_unlabelled/C1525.81v.1.txt,CHIP.393.27,0.211167,CNIC.325.10,0.208505,CNIC.325.2,0.200413,CNIC.325.6,0.181454,CTOL.397.13,0.179464,Can.apost.31,0.174267,CTOL.633.62,0.170042,CHIP.393.14,0.169139,CNIC.325.19,0.163408,CHIP.393.37,0.161117
1256,C1525.81v.2.txt,canon_unlabelled/C1525.81v.2.txt,RPCO.757.9,0.296513,CTOL.636.9,0.284457,CHIP.393.39,0.276455,"Caesarius, Sermo 192.4 (ed. Morin, 781, lines 7–9)",0.266284,CHIP.393.27,0.260877,CANT.328.12,0.25433,CSAR.347.21,0.248403,CSAR.347.8,0.230493,Unidenfied,0.230488,CSAR.347.1,0.230157
1257,C1525.81v.3.txt,canon_unlabelled/C1525.81v.3.txt,CTOL.636.9,0.261999,CORL.511.17,0.248071,CAGD.506.62,0.24533,CAGD.506.44,0.234949,CARL.501?.18,0.232048,CNEO.315.3,0.228216,CLAO.300.58,0.20634,CSAR.347.21,0.206325,CNEO.315.13,0.204284,Can.apost.25,0.194032
1258,C1525.82r.1.txt,canon_unlabelled/C1525.82r.1.txt,CTOL.636.9,0.299512,CSAR.347.21,0.28609,"Caesarius, Sermo 54.4 (ed. Morin, 238, lines 15–16)",0.237721,CARL.501?.18,0.235323,"Gregorius Nazianzus-Rufinus, Apologeticus 72 (ed. Engelbrecht, 56, lines 20–3",0.227446,CARL.501?.11,0.222352,"Jerome, Comm.in proph.minor., in Ionam 1:4 (ed. Adriaen, I, 384–85, lines 165–76)",0.221478,CANT.328.12,0.217544,CAGD.506.8,0.215687,"Augustine, De serm.dom.in monte, 1.20.63 (ed. Mutzenbecher, 72, lines 1569–82)",0.209888
1259,C1525.82r.2.txt,canon_unlabelled/C1525.82r.2.txt,CTOL.636.9,0.247602,CNEO.315.4,0.209484,CHIP.393.7,0.206819,CHIP.393.39,0.205281,Can.apost.14,0.203464,CARL.501?.18,0.203097,CAGD.506.44,0.200673,CTOL.589.0 Conc. Toletana III; anno 589; PL 84 col. 384-386; combined canons?,0.196604,CTOL.638.19,0.193547,Can.apost.8,0.187943
1260,C1525.82r.3.txt,canon_unlabelled/C1525.82r.3.txt,"John Cassian, Collationes 20.8 (ed. Petschenig, p. 561, line 9–p. 562, line 4)",0.363987,CHIP.393.37,0.322809,CTOL.633.6,0.270456,CNIC.325.19,0.245285,DSIR.384.255  cap. 14,0.231642,CTOL.633.61,0.230677,Can.apost.50,0.223725,CTOL.638.1,0.223386,Can.apost.47,0.22071,CORL.538.32,0.218257
1261,C1525.82r.4.txt,canon_unlabelled/C1525.82r.4.txt,"John Cassian, Collationes 20.8 (ed. Petschenig, p. 561, line 9–p. 562, line 4)",0.426166,"Gennadius, Lib.eccl.dogm. 46 (ed. Turner, 98, lines 1–7; cf. recensio vulgata, c. 47 [PL
42, col. 1220])",0.229391,RPWO.758.8,0.223987,"Gregory of Nazianzus- Rufinus, Apologeticus 115 (ed. Engelbrecht, 82, lines 11–12)",0.206315,CTOL.633.61,0.194009,CTOL.397.7,0.192559,CGAN.355.8,0.187761,CGAN.355.7,0.187603,"Gregory of Nazianzus- Rufinus, De Pentecoste et de spiritu sancto 2 (in Tyranni Rufini
orationum Gregorii Nazianzeni novem interpretatio, ed. Engelbrecht, 143, lines 8–16)",0.185489,CTOL.633.72,0.184731
1262,C1525.82v.1.txt,canon_unlabelled/C1525.82v.1.txt,"John Cassian, Collationes 20.8 (ed. Petschenig, p. 561, line 9–p. 562, line 4)",0.328362,"(ed. MOMMSEN, as Gildas, Epist.deperd.fragm. 3, in Chronica minora, 86, lines 21–4; trans. WINTERBOTTOM, Gildas, 80)",0.28702,RPWO.758.8,0.228032,CAGD.506.51,0.214162,CNEO.315.4,0.213534,"Caesarius, Sermo 2, ammonitio (ed. Morin, 18, lines 7–15)",0.210106,"Augustine, De serm.dom.in monte, 1.20.63 (ed. Mutzenbecher, 72, lines 1569–82)",0.206571,CTOL.633.10,0.20644,CSAR.347.17,0.197047,CTOL.589.19,0.196766
1263,C1525.82v.2.txt,canon_unlabelled/C1525.82v.2.txt,"John Cassian, Collationes 20.8 (ed. Petschenig, p. 561, line 9–p. 562, line 4)",0.26871,CMAC.585.1,0.217204,CNEO.315.8,0.206145,"Ambrose, Exp.ev.sec.Luc. lib. 9, vers. 20:24 (ed. Adriaen, 343, line 326) Source (quęrit de ... alia mundi)",0.196115,CAGD.506.56,0.194466,"Caesarius, Sermo 54.4 (ed. Morin, 238, lines 15–16)",0.192937,"Ps.-Clemens–Rufinus, Recognitiones 2.25 (eds Rehm–Paschke, 67, lines 6–9)",0.182471,CAGD.506.51,0.181928,"Augustine, De serm.dom.in monte, 1.20.63 (ed. Mutzenbecher, 72, lines 1569–82)",0.18069,"Augustine, Quaestiones evangeliorum 1.23 (ed. A. Mutzenbecher, CCSL 44B [Turnhout 1980],
20, lines 2–5)",0.176896
1264,C1525.82v.3.txt,canon_unlabelled/C1525.82v.3.txt,"John Cassian, Collationes 20.8 (ed. Petschenig, p. 561, line 9–p. 562, line 4)",0.321363,CTOL.633.10,0.255009,CTOL.633.64,0.230244,"Caesarius, Sermo 54.4 (ed. Morin, 238, lines 15–16)",0.221488,CVAI.442.4,0.214987,"Caesarius, Sermo 2, ammonitio (ed. Morin, 18, lines 7–15)",0.211744,CANT.328.8,0.211164,CAGD.506.5,0.204684,"Eusebius-Rufinus, HE 10.2 (eds Mommsen–Schwartz, II, 961, lines 10–19)",0.199505,CNIC.325.9,0.197105
1265,C1525.82v.4.txt,canon_unlabelled/C1525.82v.4.txt,"John Cassian, Collationes 20.8 (ed. Petschenig, p. 561, line 9–p. 562, line 4)",0.417217,CTOL.633.10,0.393999,Unidenfied,0.356737,CHIP.393.36,0.327896,CTOL.633.13,0.315849,"Gregory of Nazianzus- Rufinus, Apologeticus 115 (ed. Engelbrecht, 82, lines 11–12)",0.309645,"Augustine, Serm.de vet.test. 9.20 (ed. Lambot, 146, line 694–96)",0.308982,"Gregorius Magnus, Hom.in ev. 2.33 (ed. Étaix, 297, lines 240–48)",0.289633,"Eusebius-Rufinus, HE 10.2 (eds Mommsen–Schwartz, II, 961, lines 10–19)",0.276329,CMAC.581.9,0.263996
1266,C1525.83r.1.txt,canon_unlabelled/C1525.83r.1.txt,RPWO.758.8,0.275811,CTOL.633.10,0.266305,"John Cassian, Collationes 20.8 (ed. Petschenig, p. 561, line 9–p. 562, line 4)",0.263351,Can.apost.11,0.22908,"Augustine, Serm.de vet.test. 9.20 (ed. Lambot, 146, line 694–96)",0.224658,CAUX.561.10,0.220921,"Gennadius, Lib.eccl.dogm. 46 (ed. Turner, 98, lines 1–7; cf. recensio vulgata, c. 47 [PL
42, col. 1220])",0.214847,CNIC.325.20,0.20884,"Caesarius, Sermo 2, ammonitio (ed. Morin, 18, lines 7–15)",0.207287,RPWO.758.20,0.201716
1267,C1525.83r.2.txt,canon_unlabelled/C1525.83r.2.txt,CTOL.589.9,0.405688,CHIP.393.37,0.380455,CNIC.325.8,0.345395,Can.apost.10,0.255879,"John Cassian, Collationes, 5.24 (ed. Petschenig, 148, lines 14–21)",0.207826,CANT.328.16,0.20518,CORL.511.17,0.194021,CCHA.451.17,0.185391,CNIC.325.19,0.184935,CNIC.325.6,0.182365
1268,C1525.83r.3.txt,canon_unlabelled/C1525.83r.3.txt,CHIP.393.37,0.373897,RPCO.757.3,0.294184,CSAR.347.5,0.280729,CNIC.325.8,0.254953,CSAR.347.20,0.234663,CTOL.655.1,0.222917,Can.apost.10,0.215385,Can.apost.5,0.210608,CTOL.655.5,0.208816,CHIP.393.38,0.208758
1269,C1525.83v.1.txt,canon_unlabelled/C1525.83v.1.txt,CANT.328.16,0.258792,CNIC.325.12,0.236397,CANC.314.8,0.226177,CANC.314.4,0.206863,CANT.328.3,0.194984,CANC.314.14,0.188527,CAUX.561.18,0.185789,CTOL.633.46,0.183564,CTOL.633.49,0.182952,CARL.501?.25,0.182653
1270,C1525.83v.2.txt,canon_unlabelled/C1525.83v.2.txt,CAGD.506.46,0.288629,CHIP.393.10,0.230179,CHIP.393.18,0.224858,CPAR.614.10,0.218512,CTOL.655.16,0.214767,CAUX.561.4,0.199383,CORL.511.25,0.192117,CHIP.393.37,0.190951,RPWO.758.8,0.190264,CANC.314.18,0.190138
1271,C1525.83v.3.txt,canon_unlabelled/C1525.83v.3.txt,CSAR.347.5,0.350283,CHIP.393.10,0.279265,CNEO.315.13,0.265887,CAGD.506.63,0.249294,"Gregory of Nazianzus-Rufinus, In semet.de agr.regr. 16 (ed. Engelbrecht, 186, lines 7–10)",0.233508,CTOL.589.18,0.22622,CARL.314.21,0.223776,CNIC.325.8,0.223115,CAGD.506.46,0.220981,CHIP.393.28,0.219734
1272,C1525.84r.1.txt,canon_unlabelled/C1525.84r.1.txt,CHIP.393.10,0.298738,CAGD.506.2,0.213137,CTOL.633.3,0.190408,CAGD.506.62,0.190246,CTOL.397.11,0.18117,CTOL.633.68,0.179215,CTOL.633.20,0.177739,CARL.501?.19,0.174555,"Gregorius Nazianzus-Rufinus, Apologeticus 73 (ed. Engelbrecht, 57, lines 7–9)",0.172353,CTOL.589.18,0.167788
1273,C1525.84r.2.txt,canon_unlabelled/C1525.84r.2.txt,CORL.511.23,0.213469,CSAR.347.5,0.185306,CANT.328.9,0.176426,CORL.511.16,0.172122,CARL.501?.23,0.168617,CORA.441.13,0.164256,CHIP.393.32,0.163001,CORA.441.14,0.162144,CHIP.393.6,0.158614,CORL.511.31,0.156508
1274,C1525.84r.3.txt,canon_unlabelled/C1525.84r.3.txt,CAGD.506.18,0.206233,Can.apost.13,0.205652,CTOL.655.12,0.187262,CHIP.393.37,0.166809,CARL.314.15,0.159179,CAGD.506.56,0.158199,CSAR.347.21,0.156346,CARL.501?.17,0.152799,Can.apost.9,0.15265,CHIP.393.7,0.147733
1275,C1525.84r.4.txt,canon_unlabelled/C1525.84r.4.txt,CNEO.315.13,0.204261,CANT.328.14,0.193388,CHIP.393.10,0.186044,CHIP.393.27,0.184234,CANC.314.23,0.183917,CAUX.561.6,0.172934,Unidentified,0.171211,Can.apost.8,0.168003,"Source unidentified, but cf. Eucherius of Lyon, Instructionum ad Salonium libri II, lib. 2 (ed. C.
Mandolfo, CCSL 66 [Turnhout, 2004], 201–03, lines 263–65)",0.16639,CTOL.397.7,0.164215
1276,C1525.84v.1.txt,canon_unlabelled/C1525.84v.1.txt,CHIP.393.10,0.257222,RPWO.758.15,0.247878,CARL.501?.11,0.21163,CNEO.315.14,0.201837,CHIP.393.39,0.198026,CEPA.517.29,0.192326,CTOL.633.31,0.191103,CNIC.325.11,0.18319,CNEO.315.12,0.180981,CHIP.393.32,0.1781
1277,C1525.84v.2.txt,canon_unlabelled/C1525.84v.2.txt,CTOL.636.9,0.269372,"Augustine, De serm.dom.in monte, 1.20.63 (ed. Mutzenbecher, 72, lines 1569–82)",0.262133,"Source unidentified, but cf. Eucherius of Lyon, Instructionum ad Salonium libri II, lib. 2 (ed. C.
Mandolfo, CCSL 66 [Turnhout, 2004], 201–03, lines 263–65)",0.24422,CARL.501?.18,0.24162,CHIP.393.10,0.241172,CARL.501?.11,0.234754,CTOL.646.6,0.234138,CNIC.325.11,0.232801,CSAR.347.5,0.231884,CSAR.347.21,0.230831
1278,C1525.85r.1.txt,canon_unlabelled/C1525.85r.1.txt,CTOL.638.11,0.294176,CCHA.451.21,0.284545,Can.apost.11,0.257352,CGAN.355.1,0.226341,CORA.441.18,0.219462,CARL.314.14,0.201454,"Gregorius Magnus, Hom.in ev. 2.26 (ed. Étaix, 222, lines 116–19) Ps (G) 50:19",0.19505,CANT.328.6,0.194871,CARL.501?.8,0.186067,"Eusebius-Rufinus, HE 10.2 (eds Mommsen–Schwartz, II, 961, lines 10–19)",0.182811
1279,C1525.85r.2.txt,canon_unlabelled/C1525.85r.2.txt,CTOL.638.11,0.410639,CTOL.633.24,0.266228,CCHA.451.21,0.260463,CANC.314.23,0.259615,CAGD.506.37,0.250272,CVAI.442.7,0.248209,CTOL.633.72,0.244904,CTOL.655.13,0.224875,CNIC.325.3,0.197648,CAGD.506.39,0.195856
1280,C1525.85r.3.txt,canon_unlabelled/C1525.85r.3.txt,CTOL.638.11,0.289944,CARL.501?.25,0.280129,CAGD.506.37,0.257909,CHIP.393.7,0.239681,"Caesarius, Sermo 2, ammonitio (ed. Morin, 18, lines 7–15)",0.238169,CHIP.393.6,0.228817,CCHA.451.21,0.21589,CAGD.506.46,0.213671,CARL.314.14,0.209793,CARL.501?.28,0.207112
1281,C1525.85r.4.txt,canon_unlabelled/C1525.85r.4.txt,CTOL.638.11,0.341349,CCHA.451.21,0.29588,CORA.441.18,0.279831,CTOL.633.64,0.2618,CAGD.506.37,0.253236,CHIP.393.20,0.247472,CAGD.506.62,0.246042,CHIP.393.8,0.214793,CANT.328.15,0.210932,CGAN.355.1,0.205417
1282,C1525.85r.5.txt,canon_unlabelled/C1525.85r.5.txt,RPWO.758.17,0.200643,CNEO.315.9,0.198462,CARL.501?.28,0.195447,CARL.314.20,0.193088,"Gennadius, Lib.eccl.dogm. 22 (ed. Turner, 94, lines 13–18; cf. recensio vulgata, c. 23
[PL 42, col. 1218])",0.192504,CAGD.506.62,0.192327,CORL.511.6,0.18968,CGAN.355.18,0.182581,CAGD.506.5,0.175743,CHIP.393.7,0.169432
1283,C1525.85r.6.txt,canon_unlabelled/C1525.85r.6.txt,CTUR.439.6,0.330056,CTOL.638.19,0.299275,CTOL.636.9,0.283165,CAGD.506.35,0.269624,CSAR.347.9,0.253839,Unidentified,0.242126,CCLE.535.12,0.236705,CHIP.393.38,0.235848,CSAR.347.21,0.234741,CSAR.347.10,0.233478
1284,C1525.87r.1.txt,canon_unlabelled/C1525.87r.1.txt,CSAR.347.21,0.331336,CTUR.439.6,0.328193,CTOL.636.9,0.324689,CSAR.347.9,0.307061,Unidentified,0.301424,CTOL.646.6,0.281232,CSAR.347.10,0.276098,CTOL.655.17,0.270307,CTOL.589.2,0.269799,CTOL.638.19,0.267546
1285,C1525.87v.1.txt,canon_unlabelled/C1525.87v.1.txt,CSAR.347.9,0.396158,CTOL.646.6,0.336648,CTOL.636.9,0.302303,CTOL.655.17,0.300084,CTOL.638.19,0.294032,CTUR.439.6,0.29075,Unidentified,0.272626,CSAR.347.21,0.269767,CTUR.439.8,0.268504,CTOL.527.5,0.250062
1286,C1525.87v.2.txt,canon_unlabelled/C1525.87v.2.txt,CTOL.638.1,0.510552,"Augustine, Serm.de vet.test. 9.20 (ed. Lambot, 146, line 694–96)",0.266964,"Gregory of Nazianzus- Rufinus, In semet.de agr.regr. 13 (ed. Engelbrecht, 182, lines 9–11)",0.263052,CTOL.589.0 Conc. Toletana III; anno 589; PL 84 col. 384-386; combined canons?,0.245192,CNIC.325.20,0.216603,CORL.511.17,0.212621,RPCO.757.6,0.207855,"Augustine, Quaestiones evangeliorum 1.23 (ed. A. Mutzenbecher, CCSL 44B [Turnhout 1980],
20, lines 2–5)",0.200134,CTOL.589.2,0.195132,"(ed. MOMMSEN, as Gildas, Epist.deperd.fragm. 3, in Chronica minora, 86, lines 21–4; trans. WINTERBOTTOM, Gildas, 80)",0.193116
1287,C1525.87v.3.txt,canon_unlabelled/C1525.87v.3.txt,"Ambrose, De spirit.sanct.3.6 (ed. Faller, 164–65, lines 12–22) Source (et ideo ... caritatis affectu)",0.303103,CRIZ.439.2,0.293414,CHIP.393.38,0.280121,CARL.501?.25,0.278495,CSAR.347.9,0.259485,CRIZ.439.1,0.255299,CSAR.347.21,0.255277,CTOL.636.9,0.248004,"Gregory of Nazianzus-Rufinus, In semet.de agr.regr. 16 (ed. Engelbrecht, 186, lines 7–10)",0.241195,CTOL.589.17,0.241093
1288,C15252.142v.1.txt,canon_unlabelled/C15252.142v.1.txt,CTOL.589.1,0.348326,CSAR.347.3,0.250268,CTUR.439.3,0.247588,CTUR.439.6,0.239652,CTOL.633.75,0.235499,CORL.511.1,0.234767,CTOL.633.51,0.229477,CARL.501?.8,0.227664,CARL.501?.28,0.227027,CTOL.527.5,0.222919
1289,CamCC279.10.1.txt,canon_unlabelled/CamCC279.10.1.txt,CAGD.506.5,0.308557,Can.apost.12,0.249626,CTOL.589.16,0.220903,CANC.314.16,0.208826,CNIC.325.14,0.185187,"Jerome, Comm.in IV ep.Paul., ad Tit. vers. 2:9–10 (PL 26, col. 585C–D)",0.184004,CAUX.561.40,0.175912,CCHA.451.27,0.171687,CVER.755.5,0.16886,RPWO.758.6,0.167842
1290,CamCC279.10.2.txt,canon_unlabelled/CamCC279.10.2.txt,CAGD.506.35,0.218297,CORA.441.7,0.21655,CCHA.451.13,0.199991,CANT.328.21,0.198061,Can.apost.15,0.18646,CSAR.347.14,0.176383,CANT.328.8,0.17547,CORL.511.25,0.168193,CAUX.561.18,0.162738,CTOL.527.3,0.157976
1291,CamCC279.10.3.txt,canon_unlabelled/CamCC279.10.3.txt,CANT.328.12,0.201993,CTOL.633.44,0.168166,RPWO.758.9,0.162174,"Ambrose, De spirit.sanct.3.6 (ed. Faller, 164–65, lines 12–22) Source (et ideo ... caritatis affectu)",0.160828,Stat.Eccl.Antiq. 20,0.15893,CVER.755.10,0.158817,CCHA.451.9,0.157547,CORA.441.11,0.153259,"Poen. Theod. II.6.1- 5, II.6.9-13",0.152355,CAGD.506.27; anno 506,0.151023
1292,CamCC279.100.1.txt,canon_unlabelled/CamCC279.100.1.txt,"Gregory of Nazianzus- Rufinus, De Pentecoste et de spiritu sancto 2 (in Tyranni Rufini
orationum Gregorii Nazianzeni novem interpretatio, ed. Engelbrecht, 143, lines 8–16)",0.357913,CEPA.517.8,0.277295,CTOL.655.12,0.267881,CSAR.347.5,0.267192,CNEO.315.11,0.259996,CANC.314.14,0.227234,"Augustine, Serm.de vet.test. 9.20 (ed. Lambot, 146, line 694–96)",0.222525,CANC.314.4,0.221817,"John Cassian, Collationes, 5.24 (ed. Petschenig, 148, lines 14–21)",0.220994,CANC.314.15,0.210166
1293,CamCC279.101.1.txt,canon_unlabelled/CamCC279.101.1.txt,"Jerome, De perpetua virginitate beatae Mariae, adversus Helvidium, c. 4 (in PL 23, cols
186C–87A)",0.286284,"Gregory of Nazianzus- Rufinus, Apologeticus 115 (ed. Engelbrecht, 82, lines 11–12)",0.266727,Unidentified,0.266378,"Hermas, Libell.sanct.past., mandatum 4.1.4–8 (eds de Gebhardt– Harnack–Zahn, 79, lines 1–19)",0.258081,"Augustine, Serm.de vet.test. 9.20 (ed. Lambot, 146, line 694–96)",0.248442,Ephesians.5:22,0.243302,CMAC.585.1,0.233148,"Gregorius Magnus, Hom.in ev. 2.33 (ed. Étaix, 297, lines 240–48)",0.230565,"Augstine, De consensu evangelistarum 2.30 (ed. F. Weihrich, CSEL 43 [Vienna, 1904], 177,
lines 14–24)",0.21286,CANT.328.20,0.212036
1294,CamCC279.11.1.txt,canon_unlabelled/CamCC279.11.1.txt,"Isidore, De eccl.offic. 2.20 (ed. Lawson, 91, lines 40–43)",0.310681,"Augustine, Sermo 392 (PL 39, col. 1710)",0.260969,"Gregorius Magnus, Hom.in ev. 2.26 (ed. Étaix, 222, lines 116–19) Ps (G) 50:19",0.22964,CTOL.589.10,0.228179,CTOL.633.3,0.210352,"Jerome, Comm.in Mat.libri IV, lib. 3, vers. 19:9 (eds Hurst–Adriaen, 167, lines 761–80)",0.208469,CMAC.581.9,0.201973,CVER.755.5,0.198787,CHIP.393.9,0.187314,CGAN.355.10,0.176641
1295,CamCC279.17.2.txt,canon_unlabelled/CamCC279.17.2.txt,"Jerome, Advers.Iovin.libri II, 1.14 (PL 23, col. 233A) Source (igitur ... alio uiro) Jerome, Advers.Iovin.libri II, 1.14 (PL 23, col. 233B)",0.317438,RPCO.757.5,0.300609,"Hermas, Libell.sanct.past., mandatum 4.1.4–8 (eds de Gebhardt– Harnack–Zahn, 79, lines 1–19)",0.282428,"Gregory of Nazianzus- Rufinus, Apologeticus 115 (ed. Engelbrecht, 82, lines 11–12)",0.269926,"Gregorius Magnus, Hom.in ev. 2.33 (ed. Étaix, 297, lines 240–48)",0.266539,CNEO.315.13,0.259544,"Jerome, Comm.in IV ep.Paul., ad Tit. vers. 3:1–2 (PL 26, col. 590D)",0.246131,"Eusebius-Rufinus, HE 10.2 (eds Mommsen–Schwartz, II, 961, lines 10–19)",0.236546,"Jerome, De perpetua virginitate beatae Mariae, adversus Helvidium, c. 4 (in PL 23, cols
186C–87A)",0.222853,CSAR.347.6,0.22013
1296,CamCC279.2.1.txt,canon_unlabelled/CamCC279.2.1.txt,Can.apost.11,0.292282,CNIC.325.5,0.190864,CTOL.633.31,0.181346,CAUX.561.34,0.170601,"Augustine, Speculum 7 (ed. Weihrich, 63, lines 2–3)",0.16076,CNIC.325.13,0.156582,CMAC.581.18,0.156004,CTOL.655.13,0.146515,CAGD.506.62,0.140868,CARL.314.17,0.140123
1297,CamCC279.2.2.txt,canon_unlabelled/CamCC279.2.2.txt,CLAO.300.23,0.316025,CTOL.633.2,0.257788,CHIP.393.18,0.247489,CTOL.397.3,0.2321,CVAI.442.9,0.21402,CANT.328.24,0.204032,Can.apost.27,0.188302,CHIP.393.1,0.18807,CTOL.633.25,0.186508,CTOL.397.5,0.186266
1298,CamCC279.23.1.txt,canon_unlabelled/CamCC279.23.1.txt,Unidentified,0.377705,CHIP.393.36,0.373799,"Source unidentified, but cf. Ambrosiaster, Comm.in Pauli epist., ad Rom. (recensio gamma), vers. 7:24–5 (ed. Vogels, I, 245, lines 19–21)",0.331247,"Gregory of Nazianzus- Rufinus, Apologeticus 115 (ed. Engelbrecht, 82, lines 11–12)",0.318885,"John Cassian, Collationes 20.8 (ed. Petschenig, p. 561, line 9–p. 562, line 4)",0.310621,"Hermas, Libell.sanct.past., mandatum 4.1.4–8 (eds de Gebhardt– Harnack–Zahn, 79, lines 1–19)",0.284232,Ephesians.5:22,0.281243,"Jerome, De perpetua virginitate beatae Mariae, adversus Helvidium, c. 4 (in PL 23, cols
186C–87A)",0.27078,"Augstine, De consensu evangelistarum 2.30 (ed. F. Weihrich, CSEL 43 [Vienna, 1904], 177,
lines 14–24)",0.263772,"Gregorius Magnus, Hom.in ev. 2.33 (ed. Étaix, 297, lines 240–48)",0.248086
1299,CamCC279.24.1.txt,canon_unlabelled/CamCC279.24.1.txt,"Jerome, Advers.Iovin.libri II, 1.14 (PL 23, col. 233A) Source (igitur ... alio uiro) Jerome, Advers.Iovin.libri II, 1.14 (PL 23, col. 233B)",0.285122,"Augustine, Sermo 392 (PL 39, col. 1710)",0.283981,RPCO.757.5,0.27611,CNEO.315.2,0.243816,CGAN.355.14,0.237995,"Jerome, Comm.in Mat.libri IV, lib. 3, vers. 19:9 (eds Hurst–Adriaen, 167, lines 761–80)",0.196253,CAGD.506.35,0.193985,CANC.314.9,0.190627,"Isidore, De eccl.offic. 2.20 (ed. Lawson, 91, lines 40–43)",0.183677,CNIC.325.20,0.18309
1300,CamCC279.24.2.txt,canon_unlabelled/CamCC279.24.2.txt,"Jerome, De perpetua virginitate beatae Mariae, adversus Helvidium, c. 4 (in PL 23, cols
186C–87A)",0.345761,"Gregory of Nazianzus- Rufinus, Apologeticus 115 (ed. Engelbrecht, 82, lines 11–12)",0.341069,"Gregorius Magnus, Hom.in ev. 2.33 (ed. Étaix, 297, lines 240–48)",0.302692,"Hermas, Libell.sanct.past., mandatum 4.1.4–8 (eds de Gebhardt– Harnack–Zahn, 79, lines 1–19)",0.28012,CCHA.451.3,0.273374,CCHA.451.9,0.272471,Unidentified,0.26962,"Jerome, Advers.Iovin.libri II, 1.14 (PL 23, col. 233A) Source (igitur ... alio uiro) Jerome, Advers.Iovin.libri II, 1.14 (PL 23, col. 233B)",0.262628,"Augustine, Serm.de vet.test. 9.20 (ed. Lambot, 146, line 694–96)",0.256826,"John Cassian, Collationes 20.8 (ed. Petschenig, p. 561, line 9–p. 562, line 4)",0.256544
1301,CamCC279.25.1.txt,canon_unlabelled/CamCC279.25.1.txt,"Source unidentified, but cf. Eucherius of Lyon, Instructionum ad Salonium libri II, lib. 2 (ed. C.
Mandolfo, CCSL 66 [Turnhout, 2004], 201–03, lines 263–65)",0.245535,"Augustine, Serm.de vet.test. 9.20 (ed. Lambot, 146, line 694–96)",0.212871,CGAN.355.8,0.205326,CTOL.633.33,0.195256,CTOL.655.9,0.193388,"Jerome, Comm.in IV ep.Paul., ad Tit. vers. 3:1–2 (PL 26, col. 590D)",0.186267,Can.apost.5,0.186021,CAGD.506.4,0.177734,CTOL.655.1,0.17739,"Augustine, Quaestiones evangeliorum 1.23 (ed. A. Mutzenbecher, CCSL 44B [Turnhout 1980],
20, lines 2–5)",0.174433
1302,CamCC279.26.2.txt,canon_unlabelled/CamCC279.26.2.txt,"Source unidentified, but cf. Eucherius of Lyon, Instructionum ad Salonium libri II, lib. 2 (ed. C.
Mandolfo, CCSL 66 [Turnhout, 2004], 201–03, lines 263–65)",0.522562,Unidentified,0.311706,CHIP.393.36,0.261736,"Jerome, De perpetua virginitate beatae Mariae, adversus Helvidium, c. 4 (in PL 23, cols
186C–87A)",0.259188,CAGD.506.44,0.241574,"Origen.–Rufinus, In Gen.hom.XVI, 4.4 (ed. Baehrens, 54, line 3–7)",0.21523,Can.apost.46,0.214947,CCHA.451.5,0.184748,CLAO.300.58,0.173657,CEPA.517.19,0.17208
1303,CamCC279.27.1.txt,canon_unlabelled/CamCC279.27.1.txt,Unidentified,0.462912,"Source unidentified, but cf. Eucherius of Lyon, Instructionum ad Salonium libri II, lib. 2 (ed. C.
Mandolfo, CCSL 66 [Turnhout, 2004], 201–03, lines 263–65)",0.318995,"Eusebius-Rufinus, HE 10.5 (eds Mommsen–Schwartz, II, 963, line 21)",0.306413,CAUX.561.12,0.258755,CTOL.589.22,0.253852,"Augustine, Serm.de vet.test. 9.20 (ed. Lambot, 146, line 694–96)",0.248897,RPCO.757.6,0.238211,"Jerome, De perpetua virginitate beatae Mariae, adversus Helvidium, c. 4 (in PL 23, cols
186C–87A)",0.213752,CARL.501?.3,0.213483,RPCO.757.9,0.201499
1304,CamCC279.27.2.txt,canon_unlabelled/CamCC279.27.2.txt,"Eusebius-Rufinus, HE 10.5 (eds Mommsen–Schwartz, II, 963, line 21)",0.23881,"Source unidentified, but cf. Eucherius of Lyon, Instructionum ad Salonium libri II, lib. 2 (ed. C.
Mandolfo, CCSL 66 [Turnhout, 2004], 201–03, lines 263–65)",0.219264,CRIZ.439.6,0.199637,"Jerome, De perpetua virginitate beatae Mariae, adversus Helvidium, c. 4 (in PL 23, cols
186C–87A)",0.186973,"cf. Jerome, Epistola 22, ad Eustochium (ed. Hilberg, I, 160, line 3)",0.18193,CTOL.633.52,0.181512,CTUR.439.6,0.176084,"John Cassian, De inst.coenob., 6.12 (ed. Petschenig, 122, lines 4–6)",0.160404,CARL.314.15,0.158361,CORL.511.26,0.151701
1305,CamCC279.27.3.txt,canon_unlabelled/CamCC279.27.3.txt,Can.apost.5,0.383492,"John Cassian, Collationes, 5.24 (ed. Petschenig, 148, lines 14–21)",0.281143,CTOL.633.33,0.266677,Unidenfied,0.259463,CNEO.315.13,0.239405,"Source unidentified, but cf. Eucherius of Lyon, Instructionum ad Salonium libri II, lib. 2 (ed. C.
Mandolfo, CCSL 66 [Turnhout, 2004], 201–03, lines 263–65)",0.229722,Ephesians.5:22,0.217195,"Jerome, De perpetua virginitate beatae Mariae, adversus Helvidium, c. 4 (in PL 23, cols
186C–87A)",0.213205,CGAN.355.7,0.202474,"Augstine, De consensu evangelistarum 2.30 (ed. F. Weihrich, CSEL 43 [Vienna, 1904], 177,
lines 14–24)",0.192942
1306,CamCC279.28.1.txt,canon_unlabelled/CamCC279.28.1.txt,"Jerome, De perpetua virginitate beatae Mariae, adversus Helvidium, c. 4 (in PL 23, cols
186C–87A)",0.303518,CLAO.300.58,0.302868,"Source unidentified, but cf. Eucherius of Lyon, Instructionum ad Salonium libri II, lib. 2 (ed. C.
Mandolfo, CCSL 66 [Turnhout, 2004], 201–03, lines 263–65)",0.287927,Can.apost.4,0.280292,Unidentified,0.273894,Can.apost.5,0.257802,Unidenfied,0.256003,Ephesians.5:22,0.242249,CAGD.506.63,0.242097,"Gregory of Nazianzus- Rufinus, De Pentecoste et de spiritu sancto 2 (in Tyranni Rufini
orationum Gregorii Nazianzeni novem interpretatio, ed. Engelbrecht, 143, lines 8–16)",0.237978
1307,CamCC279.28.2.txt,canon_unlabelled/CamCC279.28.2.txt,"John Cassian, Collationes, 5.24 (ed. Petschenig, 148, lines 14–21)",0.353549,"Gregory of Nazianzus- Rufinus, Apologeticus 115 (ed. Engelbrecht, 82, lines 11–12)",0.322016,"Augustine, Serm.de vet.test. 9.20 (ed. Lambot, 146, line 694–96)",0.304499,Unidenfied,0.294058,Unidentified,0.292145,CNEO.315.13,0.288175,"John Cassian, Collationes 20.8 (ed. Petschenig, p. 561, line 9–p. 562, line 4)",0.282826,"Hermas, Libell.sanct.past., mandatum 4.1.4–8 (eds de Gebhardt– Harnack–Zahn, 79, lines 1–19)",0.244471,"Jerome, De perpetua virginitate beatae Mariae, adversus Helvidium, c. 4 (in PL 23, cols
186C–87A)",0.239204,"Source unidentified, but cf. Eucherius of Lyon, Instructionum ad Salonium libri II, lib. 2 (ed. C.
Mandolfo, CCSL 66 [Turnhout, 2004], 201–03, lines 263–65)",0.237197
1308,CamCC279.3.1.txt,canon_unlabelled/CamCC279.3.1.txt,CAGD.506.5,0.219785,"(ed. MOMMSEN, as Gildas, Epist.deperd.fragm. 6, in Chronica minora, 88, lines 11–12; trans. WINTERBOTTOM,
Gildas, 82)",0.183722,CARL.501?.17,0.183533,CNIC.325.17,0.168959,Can.apost.23,0.160061,CMAC.581.18,0.157108,"Jerome, Comm.in IV ep.Paul., ad Tit. vers. 2:9–10 (PL 26, col. 585C–D)",0.150832,CEPA.517.3,0.148994,CEPA.517.37,0.145063,CNEO.315.3,0.144882
1309,CamCC279.3.2.txt,canon_unlabelled/CamCC279.3.2.txt,CANC.314.14,0.233454,CVAI.442.9,0.215025,CORA.441.14,0.19983,CTOL.655.9,0.198147,CGAN.355.8,0.196004,Can.apost.9,0.194577,CTOL.655.5,0.193548,CSAR.347.13,0.185208,CTOL.638.5,0.183493,"Caesarius, Sermo 54.4 (ed. Morin, 238, lines 15–16)",0.18283
1310,CamCC279.3.3.txt,canon_unlabelled/CamCC279.3.3.txt,RPWO.758.20,0.229515,CAUX.561.12,0.184775,Can.apost.41,0.170986,CANT.328.23,0.166397,CORA.441.14,0.165049,CORA.441.7,0.159355,RPWO.758.4,0.157365,RPWO.758.3,0.156694,RPWO.758.18,0.156559,CNEO.315.8,0.156308
1311,CamCC279.3.4.txt,canon_unlabelled/CamCC279.3.4.txt,CTOL.633.41,0.290065,CGAN.355.13,0.239505,CTOL.656.6,0.232607,CGAN.355.12,0.206896,Can.apost.11,0.183346,CTOL.397.15,0.171448,CTOL.638.18,0.170888,CTOL.397.6,0.168515,"Caesarius, Sermo 43.1 (ed. Morin, 190, lines 21–25)",0.164971,CANT.328.1,0.162359
1312,CamCC279.3.5.txt,canon_unlabelled/CamCC279.3.5.txt,Can.apost.16,0.260942,CTOU.567.18 (17),0.256297,"Ps.-Clemens-Rufinus, Recognitiones 2.72 (eds Rehm–Paschke, 94,
lines 4–8)",0.210356,"Gratian, D. 5 de cons. c. 19",0.205691,CEPA.517.38,0.203293,CMAC.585.2,0.197057,CTOL.633.36,0.196075,CORL.511.25,0.190897,CTOL.656.1,0.185528,CAGD.506.63,0.184788
1313,CamCC279.3.6.txt,canon_unlabelled/CamCC279.3.6.txt,CTOL.633.58,0.294778,CNIC.325.2,0.283954,CTOL.633.6,0.266677,Can.apost.20,0.265059,CTOL.633.2,0.263552,CAGD.506.5,0.255704,CORL.511.30,0.239975,"Gregory of Nazianzus- Rufinus, In semet.de agr.regr. 13 (ed. Engelbrecht, 182, lines 9–11)",0.233201,CNIC.325.11,0.232168,CARL.501?.17,0.232081
1314,CamCC279.30.1.txt,canon_unlabelled/CamCC279.30.1.txt,Ephesians.5:22,0.281097,Can.apost.10,0.237272,CNIC.325.10,0.223423,CTOL.633.12,0.206197,"Jerome, De perpetua virginitate beatae Mariae, adversus Helvidium, c. 4 (in PL 23, cols
186C–87A)",0.205393,CNEO.315.13,0.196361,CGAN.355.7,0.191382,"Augstine, De consensu evangelistarum 2.30 (ed. F. Weihrich, CSEL 43 [Vienna, 1904], 177,
lines 14–24)",0.189495,"(ed. MOMMSEN, as Gildas, Epist.deperd.fragm. 6, in Chronica minora, 88, lines 11–12; trans. WINTERBOTTOM,
Gildas, 82)",0.189232,CANT.328.24,0.186056
1315,CamCC279.31.1.txt,canon_unlabelled/CamCC279.31.1.txt,CGAN.355.2,0.543253,CANC.314.13,0.257653,CAUX.561.38,0.245939,CGAN.355.18,0.238896,"(ed. MOMMSEN, as Gildas, Epist.deperd.fragm. 3, in Chronica minora, 86, lines 21–4; trans. WINTERBOTTOM, Gildas, 80)",0.235917,"Augstine, De consensu evangelistarum 2.30 (ed. F. Weihrich, CSEL 43 [Vienna, 1904], 177,
lines 14–24)",0.2219,"Eusebius-Rufinus, HE 10.2 (eds Mommsen–Schwartz, II, 961, lines 10–19)",0.221339,"Augustine, Serm.de vet.test. 9.20 (ed. Lambot, 146, line 694–96)",0.214045,Can.apost.35,0.213728,Can.apost.8,0.203228
1316,CamCC279.32.2.txt,canon_unlabelled/CamCC279.32.2.txt,CGAN.355.2,0.408901,"Eusebius-Rufinus, HE 10.2 (eds Mommsen–Schwartz, II, 961, lines 10–19)",0.323419,Can.apost.35,0.249693,"(ed. MOMMSEN, as Gildas, Epist.deperd.fragm. 3, in Chronica minora, 86, lines 21–4; trans. WINTERBOTTOM, Gildas, 80)",0.239572,CGAN.355.7,0.228638,CSAR.347.4,0.227221,Ephesians.5:22,0.217012,"Augustine, Serm.de vet.test. 9.20 (ed. Lambot, 146, line 694–96)",0.215535,Can.apost.36,0.213148,CSAR.347.3,0.196907
1317,CamCC279.33.1.txt,canon_unlabelled/CamCC279.33.1.txt,CTOL.633.12,0.315269,CVAI.442.4,0.221621,Can.apost.15,0.212244,CORA.441.17,0.208855,Galatians.4:16,0.20059,CEPA.517.26,0.19095,CHIP.393.36,0.187874,CNIC.325.2,0.182801,CGAN.355.8,0.172347,CLYO.583.6,0.172314
1318,CamCC279.33.2.txt,canon_unlabelled/CamCC279.33.2.txt,"Augustine, Serm.de vet.test. 9.20 (ed. Lambot, 146, line 694–96)",0.231679,"Ambrose, Exp.ev.sec.Luc. lib. 9, vers. 20:24 (ed. Adriaen, 343, line 326) Source (quęrit de ... alia mundi)",0.212834,"Gregory of Nazianzus-Rufinus, In semet.de agr.regr. 16 (ed. Engelbrecht, 186, lines 7–10)",0.205104,"Gregory of Nazianzus- Rufinus, Apologeticus 115 (ed. Engelbrecht, 82, lines 11–12)",0.188962,"Gregorius Nazianzus-Rufinus, Apologeticus 73 (ed. Engelbrecht, 57, lines 7–9)",0.178711,CCHA.451.5,0.177908,CTOL.636.5,0.177081,CARL.314.20,0.175617,CVAI.442.5,0.174202,"John Cassian, Collationes, 5.24 (ed. Petschenig, 148, lines 14–21)",0.173494
1319,CamCC279.33.3.txt,canon_unlabelled/CamCC279.33.3.txt,Galatians.4:16,0.229692,Can.apost.41,0.191852,CORL.511.16,0.174402,CNEO.315.12,0.161509,Can.apost.40,0.151999,CCHA.451.17,0.151902,Capit.Martini.16,0.151569,CNIC.325.13,0.151491,CNEO.315.9,0.150818,"Gregory of Nazianzus- Rufinus, In semet.de agr.regr. 13 (ed. Engelbrecht, 182, lines 9–11)",0.144648
1320,CamCC279.34.1.txt,canon_unlabelled/CamCC279.34.1.txt,Capit.Martini.16,0.221288,"Augstine, De consensu evangelistarum 2.30 (ed. F. Weihrich, CSEL 43 [Vienna, 1904], 177,
lines 14–24)",0.213638,CNEO.315.13,0.207993,Can.apost.15,0.187173,CTOL.655.8,0.187117,Can.apost.17,0.184647,CCHA.451.26,0.18376,CANT.328.17,0.179736,Can.apost.39,0.173083,CHIP.393.16,0.166185
1321,CamCC279.34.2.txt,canon_unlabelled/CamCC279.34.2.txt,CAGD.506.5,0.27514,"Gregorius Magnus, Hom.in ev. 2.33 (ed. Étaix, 297, lines 240–48)",0.25597,"Gregory of Nazianzus- Rufinus, Apologeticus 115 (ed. Engelbrecht, 82, lines 11–12)",0.248143,"Eusebius-Rufinus, HE 10.2 (eds Mommsen–Schwartz, II, 961, lines 10–19)",0.246827,"Hermas, Libell.sanct.past., mandatum 4.1.4–8 (eds de Gebhardt– Harnack–Zahn, 79, lines 1–19)",0.245395,"Gregorius Nazianzus-Rufinus, Apologeticus 73 (ed. Engelbrecht, 57, lines 7–9)",0.242126,CHIP.393.36,0.229509,CAUX.561.10,0.220833,"Ambrose, Exp.ev.sec.Luc. lib. 9, vers. 20:24 (ed. Adriaen, 343, line 326) Source (quęrit de ... alia mundi)",0.216425,CTOL.636.5,0.216063
1322,CamCC279.34.4.txt,canon_unlabelled/CamCC279.34.4.txt,"Terentius, Andria (in P. Terenti Afri comoediae, revised edition, ed. A. Fleckeisen
[Leipzig, 1916], 5, line 68)",0.198444,Can.apost.47,0.184264,CTOL.397.7,0.17085,CVAL.374.4,0.159679,"Gregorius Nazianzus-Rufinus, Apologeticus 73 (ed. Engelbrecht, 57, lines 7–9)",0.159393,CAGD.506.2,0.153325,"Ps.-Clemens–Rufinus, Recognitiones 1.67 (eds Rehm–Paschke, 46, lines 3–5)",0.15299,"Source unidentified, but cf. Ps.-Clemens–Rufinus, Recognitiones 4.21 (eds Rehm–Paschke, 157,
line 20)",0.152218,"(ed. MOMMSEN, as Gildas, Epist.deperd.fragm. 1, in Chronica minora, 86, lines 1–10; trans. WINTERBOTTOM, Gildas, 80)",0.150838,CLAO.300.6,0.150257
1323,CamCC279.35.6.txt,canon_unlabelled/CamCC279.35.6.txt,Ephesians.5:22,1.0,"(ed. MOMMSEN, as Gildas, Epist.deperd.fragm. 3, in Chronica minora, 86, lines 21–4; trans. WINTERBOTTOM, Gildas, 80)",0.295353,CORL.511.8,0.279264,CEPA.517.8,0.229262,CAGD.506.56,0.214465,Can.apost.41,0.212876,"Augustine, Quaestiones evangeliorum 1.23 (ed. A. Mutzenbecher, CCSL 44B [Turnhout 1980],
20, lines 2–5)",0.212715,CANC.314.21,0.207716,CGAN.355.7,0.202852,CNIC.325.20,0.202083
1324,CamCC279.36.1.txt,canon_unlabelled/CamCC279.36.1.txt,CVAI.442.7,0.282682,CCHA.451.21,0.258624,Can.apost.49,0.229148,CCHA.451.11,0.22274,CCHA.451.3,0.213079,Ephesians.5:22,0.21292,CTOL.589.20,0.196146,"(ed. MOMMSEN, as Gildas, Epist.deperd.fragm. 3, in Chronica minora, 86, lines 17–21; trans. WINTERBOTTOM, Gildas, 80)",0.192604,CTOL.636.2,0.192058,CNIC.325.11,0.191684
1325,CamCC279.37.1.txt,canon_unlabelled/CamCC279.37.1.txt,"Jerome, Comm.in Mat.libri IV, lib. 1, vers. 6:2 (eds Hurst–Adriaen, 35, lines 723–24)",0.226755,"Gregorius Nazianzus-Rufinus, Apologeticus 73 (ed. Engelbrecht, 57, lines 7–9)",0.186183,Unidentified,0.185969,"Caesarius, Sermo 192.4 (ed. Morin, 781, lines 7–9)",0.183517,"Gregory of Nazianzus- Rufinus, Apologeticus 115 (ed. Engelbrecht, 82, lines 11–12)",0.168766,Can.apost.47,0.167531,CGAN.355.12,0.165872,CAUX.561.36,0.160621,"John Cassian, Collationes 20.8 (ed. Petschenig, p. 561, line 9–p. 562, line 4)",0.157148,"Caesarius, Sermo 43.3 (ed. Morin, 191, lines 13–19)",0.15449
1326,CamCC279.37.2.txt,canon_unlabelled/CamCC279.37.2.txt,CAUX.561.8,0.327186,"Gregorius Nazianzus-Rufinus, Apologeticus 73 (ed. Engelbrecht, 57, lines 7–9)",0.270189,"Ambrose, Exp.ev.sec.Luc., lib. 10, c. 87 (ed. Adriaen, 371, lines 846–49]",0.195777,Can.apost.47,0.188893,CANT.328.14,0.18593,CARL.314.6,0.1751,Unidentified,0.173647,"John Cassian, Collationes 20.8 (ed. Petschenig, p. 561, line 9–p. 562, line 4)",0.172125,CANT.328.11,0.168001,CHIP.393.26,0.163666
1327,CamCC279.37.4.txt,canon_unlabelled/CamCC279.37.4.txt,Galatians.4:16,0.240177,CTOL.633.10,0.227459,CMAC.585.5,0.214218,CLAO.300.23,0.206545,Unidenfied,0.194337,CTOL.636.7,0.191323,CTOL.397.3,0.190097,CTOL.633.25,0.189557,CNIC.325.14,0.184012,CNIC.325.20,0.183526
1328,CamCC279.38.1.txt,canon_unlabelled/CamCC279.38.1.txt,"Gregorius Nazianzus-Rufinus, Apologeticus 73 (ed. Engelbrecht, 57, lines 7–9)",0.30024,"Terentius, Andria (in P. Terenti Afri comoediae, revised edition, ed. A. Fleckeisen
[Leipzig, 1916], 5, line 68)",0.256197,CTOL.636.5,0.234867,CORA.441.11,0.220759,CARL.501?.25,0.217935,"Source unidentified, but cf. Eucherius of Lyon, Instructionum ad Salonium libri II, lib. 2 (ed. C.
Mandolfo, CCSL 66 [Turnhout, 2004], 201–03, lines 263–65)",0.21296,CTOL.589.7,0.200523,"Caesarius, Sermo 43.3 (ed. Morin, 191, lines 13–19)",0.196708,Unidentified,0.189772,"(ed. MOMMSEN, as Gildas, Epist.deperd.fragm. 3, in Chronica minora, 86, lines 17–21; trans. WINTERBOTTOM, Gildas, 80)",0.177303
1329,CamCC279.38.2.txt,canon_unlabelled/CamCC279.38.2.txt,"Gregory of Nazianzus- Rufinus, Apologeticus 115 (ed. Engelbrecht, 82, lines 11–12)",0.244505,"Eusebius-Rufinus, HE 10.2 (eds Mommsen–Schwartz, II, 961, lines 10–19)",0.241223,Galatians.4:16,0.205551,CLAO.300.29,0.194646,CTOL.633.48,0.174791,CTOL.633.64,0.169667,CTOL.633.13,0.164007,CORA.441.28,0.155826,CVAI.442.6,0.155757,CTOL.633.25,0.154463
1330,CamCC279.38.3.txt,canon_unlabelled/CamCC279.38.3.txt,"Eusebius-Rufinus, HE 10.2 (eds Mommsen–Schwartz, II, 961, lines 10–19)",0.49887,CCHA.451.9,0.336002,"(ed. MOMMSEN, as Gildas, Epist.deperd.fragm. 5, in Chronica minora, 88, lines 1–2; trans. WINTERBOTTOM, Gildas,
82)",0.305587,CCHA.451.3,0.290516,CAGD.506.32,0.284866,CANT.328.14,0.256005,CCHA.451.21,0.250871,"(ed. MOMMSEN, as Gildas, Epist.deperd.fragm. 3, in Chronica minora, 86, lines 21–4; trans. WINTERBOTTOM, Gildas, 80)",0.243997,"Augustine, De serm.dom.in monte, 1.20.63 (ed. Mutzenbecher, 72, lines 1569–82)",0.234676,CHIP.393.9,0.232937
1331,CamCC279.39.1.txt,canon_unlabelled/CamCC279.39.1.txt,CCHA.451.9,0.27093,CCHA.451.3,0.257432,"(ed. MOMMSEN, as Gildas, Epist.deperd.fragm. 3, in Chronica minora, 86, lines 21–4; trans. WINTERBOTTOM, Gildas, 80)",0.247013,"(ed. MOMMSEN, as Gildas, Epist.deperd.fragm. 3, in Chronica minora, 86, lines 17–21; trans. WINTERBOTTOM, Gildas, 80)",0.235174,CAGD.506.32,0.210173,"Gregorius Nazianzus-Rufinus, Apologeticus 72 (ed. Engelbrecht, 56, lines 20–3",0.202792,CTOL.589.18,0.194253,CTOL.633.3,0.191612,CANT.328.11,0.181528,CNIC.325.9,0.172587
1332,CamCC279.4.1.txt,canon_unlabelled/CamCC279.4.1.txt,"Gratian, D. 5 de cons. c. 19",0.228445,CCHA.451.19,0.215422,CNIC.325.5,0.214807,CAGD.506.38,0.213841,CTOL.633.2,0.213812,CTOL.638.1,0.206675,Can.apost.38,0.198651,CTOL.633.4,0.198259,CTOL.633.6,0.185356,CAGD.506.8,0.182374
1333,CamCC279.4.2.txt,canon_unlabelled/CamCC279.4.2.txt,CTOL.646.5,0.223632,CANT.328.5,0.218246,CANT.328.17,0.198642,CTOL.633.4,0.194447,CTOL.589.4,0.192514,CAGD.506.54,0.189183,CTOL.656.6,0.18381,"Gregorius Magnus, Hom.in ev. 2.31 (ed. Étaix, 271, lines 43–51",0.177294,CTOL.646.2,0.176715,CAUX.561.23,0.173255
1334,CamCC279.4.3.txt,canon_unlabelled/CamCC279.4.3.txt,Can.apost.13,0.322618,Can.apost.11,0.225202,CAUX.561.23,0.207363,CNIC.325.5,0.204154,CANT.328.2,0.187387,CARL.501?.55,0.177566,Can.apost.37,0.16734,CNIC.325.11,0.166517,Can.apost.16,0.161252,CORL.538.8,0.160704
1335,CamCC279.41.3.txt,canon_unlabelled/CamCC279.41.3.txt,CHIP.393.36,0.274253,CAUX.561.35,0.215163,Unidentified,0.187809,CVAI.442.7,0.176658,Unidenfied,0.176018,CCHA.451.21,0.173874,CANT.328.25,0.167578,CSAR.347.13,0.160963,CVAI.442.4,0.153371,CCHA.451.3,0.151184
1336,CamCC279.43.2.txt,canon_unlabelled/CamCC279.43.2.txt,CNIC.325.1,0.273585,CNIC.325.2,0.247405,CNIC.325.16,0.240282,CNIC.325.19,0.236719,CNIC.325.10,0.231916,CNIC.325.15,0.227667,CNEO.315.13,0.222258,CNIC.325.4,0.22161,Ephesians.6:1,0.221604,Colossians.3:21;cf.Ephesians.6:4,0.221604
1337,CamCC279.44.1.txt,canon_unlabelled/CamCC279.44.1.txt,CHIP.393.36,0.357807,"Source unidentified, but cf. Eucherius of Lyon, Instructionum ad Salonium libri II, lib. 2 (ed. C.
Mandolfo, CCSL 66 [Turnhout, 2004], 201–03, lines 263–65)",0.316988,"Gregory of Nazianzus- Rufinus, Apologeticus 115 (ed. Engelbrecht, 82, lines 11–12)",0.269378,CNEO.315.13,0.254801,Unidentified,0.247921,"John Cassian, Collationes 20.8 (ed. Petschenig, p. 561, line 9–p. 562, line 4)",0.236912,"Hermas, Libell.sanct.past., mandatum 4.1.4–8 (eds de Gebhardt– Harnack–Zahn, 79, lines 1–19)",0.234789,Unidenfied,0.234374,"Jerome, Comm.in proph.minor., in Ionam 1:4 (ed. Adriaen, I, 384–85, lines 165–76)",0.226904,"Gregorius Magnus, Hom.in ev. 2.33 (ed. Étaix, 297, lines 240–48)",0.221272
1338,CamCC279.44.2.txt,canon_unlabelled/CamCC279.44.2.txt,"Augstine, De consensu evangelistarum 2.30 (ed. F. Weihrich, CSEL 43 [Vienna, 1904], 177,
lines 14–24)",0.256126,"Gregory of Nazianzus- Rufinus, In semet.de agr.regr. 14 (ed. Engelbrecht, 184, lines 17–18)",0.232136,"Gregory of Nazianzus- Rufinus, Apologeticus 115 (ed. Engelbrecht, 82, lines 11–12)",0.229485,"Jerome, De perpetua virginitate beatae Mariae, adversus Helvidium, c. 4 (in PL 23, cols
186C–87A)",0.220241,"Source unidentified, but cf. Eucherius of Lyon, Instructionum ad Salonium libri II, lib. 2 (ed. C.
Mandolfo, CCSL 66 [Turnhout, 2004], 201–03, lines 263–65)",0.217073,Can.apost.28,0.214214,Can.apost.33,0.214094,Can.apost.32,0.211286,CANC.314.13,0.210637,"Gregory of Nazianzus-Rufinus, In semet.de agr.regr. 16 (ed. Engelbrecht, 186, lines 7–10)",0.208983
1339,CamCC279.48.1.txt,canon_unlabelled/CamCC279.48.1.txt,"Source unidentified, but cf. Eucherius of Lyon, Instructionum ad Salonium libri II, lib. 2 (ed. C.
Mandolfo, CCSL 66 [Turnhout, 2004], 201–03, lines 263–65)",0.323195,Unidentified,0.277756,CHIP.393.36,0.274961,CTOL.633.75,0.256219,"Jerome, De perpetua virginitate beatae Mariae, adversus Helvidium, c. 4 (in PL 23, cols
186C–87A)",0.215498,CNEO.315.13,0.208545,CTOL.633.32,0.205815,"John Cassian, Collationes, 5.24 (ed. Petschenig, 148, lines 14–21)",0.205536,Unidenfied,0.203391,"Jerome, Comm.in proph.minor., in Ionam 1:4 (ed. Adriaen, I, 384–85, lines 165–76)",0.203123
1340,CamCC279.5.1.txt,canon_unlabelled/CamCC279.5.1.txt,CORA.441.17,0.228173,CLAO.300.29,0.219182,CNIC.325.9,0.203669,CNIC.325.14,0.189023,CANC.314.8,0.184731,CNEO.315.5,0.182058,CANT.328.7,0.173692,CLAO.300.24,0.170885,CTOL.633.37,0.167097,Can.apost.39,0.166799
1341,CamCC279.5.2.txt,canon_unlabelled/CamCC279.5.2.txt,CLAO.300.13,0.234268,CAGD.506.44,0.229967,"Source unidentified, but cf. Augustine, In Iohannis euangelium tractatus, tract. 73.1 (ed. R. Willems,
CCSL 36 [Turnhout, 1954], 510, lines 23–4)",0.223143,CNEO.315.1,0.201945,CNIC.325.19,0.194731,CANT.328.2,0.177607,CMAC.585.5,0.173997,CANT.328.7,0.171501,Can.apost.47,0.170617,CARL.314.22,0.166514
1342,CamCC279.5.4.txt,canon_unlabelled/CamCC279.5.4.txt,CANC.314.23,0.334295,CTOL.633.29,0.283899,CORL.538.31,0.235636,"Caesarius, Sermo 192.4 (ed. Morin, 781, lines 7–9)",0.228799,CNIC.325.12,0.218686,CORL.511.30,0.211751,CTOL.589.18,0.207667,CHIP.393.18,0.200439,Stat.Eccl.Antiq. 20,0.197203,CAUX.561.4,0.196871
1343,CamCC279.5.5.txt,canon_unlabelled/CamCC279.5.5.txt,CAGD.506.5,0.298408,CTOL.633.75,0.210143,RPWO.758.11,0.189944,Can.apost.25,0.187759,CCHA.451.27,0.185203,CANT.328.12,0.18424,CTOL.636.2,0.180939,CTOL.636.4,0.178298,CANT.328.6,0.176633,"Gregorius Magnus, Hom.in ev. 2.26 (ed. Étaix, 222, lines 116–19) Ps (G) 50:19",0.172855
1344,CamCC279.5.6.txt,canon_unlabelled/CamCC279.5.6.txt,CANT.328.3,0.226248,CTOL.527.4,0.213265,CTOL.633.28,0.207696,"Source unidentified, but cf. Augustine, In Iohannis euangelium tractatus, tract. 73.1 (ed. R. Willems,
CCSL 36 [Turnhout, 1954], 510, lines 23–4)",0.202829,CTOL.633.6,0.200481,CTOL.589.2,0.197235,RPWO.758.4,0.196081,CVER.755.10,0.194166,CAGD.506.27; anno 506,0.189677,CARL.314.14,0.185629
1345,CamCC279.51.1.txt,canon_unlabelled/CamCC279.51.1.txt,"John Cassian, Collationes 20.8 (ed. Petschenig, p. 561, line 9–p. 562, line 4)",0.32845,"(ed. MOMMSEN, as Gildas, Epist.deperd.fragm. 3, in Chronica minora, 86, lines 17–21; trans. WINTERBOTTOM, Gildas, 80)",0.326894,"(ed. MOMMSEN, as Gildas, Epist.deperd.fragm. 4, in Chronica minora, 87, lines 19–35; trans. WINTERBOTTOM, Gildas, 81)",0.301556,"Gregorius Magnus, Hom.in ev. 2.39 (ed. Étaix, 381, lines 45–49)",0.292237,"(ed. MOMMSEN, as Gildas, Epist.deperd.fragm. 3, in Chronica minora, 86, lines 21–4; trans. WINTERBOTTOM, Gildas, 80)",0.28994,"Augustine, Serm.de vet.test. 9.20 (ed. Lambot, 146, line 694–96)",0.271174,"(ed. MOMMSEN, as Gildas, Epist.deperd.fragm. 1, in Chronica minora, 86, lines 1–10; trans. WINTERBOTTOM, Gildas, 80)",0.256575,CNIC.325.5,0.254757,"Jerome, Comm.in IV ep.Paul., ad Tit. vers. 2:9–10 (PL 26, col. 585C–D)",0.243912,"Gregory of Nazianzus- Rufinus, In semet.de agr.regr. 13 (ed. Engelbrecht, 182, lines 9–11)",0.230041
1346,CamCC279.6.1.txt,canon_unlabelled/CamCC279.6.1.txt,Can.apost.11,0.25578,CNIC.325.5,0.206329,CAUX.561.42,0.201511,Can.apost.15,0.195015,RPWO.758.20,0.193681,CANT.328.16,0.181779,"Hermas, Libell.sanct.past., mandatum 4.1.4–8 (eds de Gebhardt– Harnack–Zahn, 79, lines 1–19)",0.172156,"Gregorius Magnus, Hom.in ev. 2.33 (ed. Étaix, 297, lines 240–48)",0.167873,CTOL.397.19,0.158747,CTOL.397.16,0.158081
1347,CamCC279.6.2.txt,canon_unlabelled/CamCC279.6.2.txt,CAUX.561.11,0.234952,CTOL.633.4,0.20071,"Gregorius Magnus, Hom.in ev. 2.33 (ed. Étaix, 297, lines 240–48)",0.19838,CANT.328.5,0.19829,CAUX.561.26,0.194846,CTOU.567.17 (16),0.1898,CTOL.633.52,0.188047,CTOL.633.49,0.183242,CARL.314.1,0.180569,CAUX.561.23,0.174115
1348,CamCC279.6.3.txt,canon_unlabelled/CamCC279.6.3.txt,CTOL.638.6,0.214075,CTOL.656.6,0.211992,CNEO.315.2,0.21163,CTOL.589.14,0.199025,CTOL.638.8,0.192218,CNEO.315.7,0.180686,CNIC.325.5,0.180613,CLAO.300.53,0.180364,CORL.538.2,0.17802,CNIC.325.11,0.175379
1349,CamCC279.60.1.txt,canon_unlabelled/CamCC279.60.1.txt,CTOL.633.33,0.225543,Can.apost.41,0.223017,CHIP.393.37,0.221732,CCHA.451.8,0.21721,"Source unidentified, but cf. Eucherius of Lyon, Instructionum ad Salonium libri II, lib. 2 (ed. C.
Mandolfo, CCSL 66 [Turnhout, 2004], 201–03, lines 263–65)",0.207437,"Augstine, De consensu evangelistarum 2.30 (ed. F. Weihrich, CSEL 43 [Vienna, 1904], 177,
lines 14–24)",0.194679,CANC.314.6,0.194092,CARL.501?.25,0.186379,CVAI.442.4,0.182055,CTOU.567.7,0.180255
1350,CamCC279.60.2.txt,canon_unlabelled/CamCC279.60.2.txt,Unidentified,0.297164,"Augustine, Serm.de vet.test. 9.20 (ed. Lambot, 146, line 694–96)",0.284616,"Jerome, Comm.in IV ep.Paul., ad Tit. vers. 3:1–2 (PL 26, col. 590D)",0.271889,"Gregory of Nazianzus- Rufinus, Apologeticus 115 (ed. Engelbrecht, 82, lines 11–12)",0.256223,"Jerome, De perpetua virginitate beatae Mariae, adversus Helvidium, c. 4 (in PL 23, cols
186C–87A)",0.247343,Unidenfied,0.242952,"Gregorius Nazianzus-Rufinus, Apologeticus 73 (ed. Engelbrecht, 57, lines 7–9)",0.232141,"Source unidentified, but cf. Eucherius of Lyon, Instructionum ad Salonium libri II, lib. 2 (ed. C.
Mandolfo, CCSL 66 [Turnhout, 2004], 201–03, lines 263–65)",0.22516,"Eusebius-Rufinus, HE 10.5 (eds Mommsen–Schwartz, II, 963, line 21)",0.222591,CAUX.561.9,0.213208
1351,CamCC279.61.1.txt,canon_unlabelled/CamCC279.61.1.txt,Unidentified,0.34273,"Jerome, De perpetua virginitate beatae Mariae, adversus Helvidium, c. 4 (in PL 23, cols
186C–87A)",0.284481,CHIP.393.36,0.283613,"Source unidentified, but cf. Ambrosiaster, Comm.in Pauli epist., ad Rom. (recensio gamma), vers. 7:24–5 (ed. Vogels, I, 245, lines 19–21)",0.281824,"Gregory of Nazianzus- Rufinus, Apologeticus 115 (ed. Engelbrecht, 82, lines 11–12)",0.281017,Ephesians.5:22,0.265345,"Source unidentified, but cf. Eucherius of Lyon, Instructionum ad Salonium libri II, lib. 2 (ed. C.
Mandolfo, CCSL 66 [Turnhout, 2004], 201–03, lines 263–65)",0.262171,"Gregorius Magnus, Hom.in ev. 2.33 (ed. Étaix, 297, lines 240–48)",0.252037,CTOL.633.75,0.235864,"Jerome, Comm.in IV ep.Paul., ad Tit. vers. 3:1–2 (PL 26, col. 590D)",0.234931
1352,CamCC279.63.1.txt,canon_unlabelled/CamCC279.63.1.txt,"Jerome, De perpetua virginitate beatae Mariae, adversus Helvidium, c. 4 (in PL 23, cols
186C–87A)",0.32011,Unidentified,0.301968,RPCO.757.9,0.291598,"Augustine, Serm.de vet.test. 9.20 (ed. Lambot, 146, line 694–96)",0.284805,"Gregory of Nazianzus- Rufinus, Apologeticus 115 (ed. Engelbrecht, 82, lines 11–12)",0.272233,"Source unidentified, but cf. Eucherius of Lyon, Instructionum ad Salonium libri II, lib. 2 (ed. C.
Mandolfo, CCSL 66 [Turnhout, 2004], 201–03, lines 263–65)",0.253717,CAUX.561.9,0.247863,"Gregorius Magnus, Hom.in ev. 2.33 (ed. Étaix, 297, lines 240–48)",0.245691,CHIP.393.36,0.245003,"John Cassian, Collationes 20.8 (ed. Petschenig, p. 561, line 9–p. 562, line 4)",0.236405
1353,CamCC279.63.2.txt,canon_unlabelled/CamCC279.63.2.txt,"Gregory of Nazianzus- Rufinus, Apologeticus 115 (ed. Engelbrecht, 82, lines 11–12)",0.326267,Unidentified,0.282062,"Jerome, De perpetua virginitate beatae Mariae, adversus Helvidium, c. 4 (in PL 23, cols
186C–87A)",0.25657,"John Cassian, Collationes 20.8 (ed. Petschenig, p. 561, line 9–p. 562, line 4)",0.253062,"Augustine, Serm.de vet.test. 9.20 (ed. Lambot, 146, line 694–96)",0.246933,CAUX.561.9,0.245788,CTOL.633.15,0.24214,"Eusebius-Rufinus, HE 10.2 (eds Mommsen–Schwartz, II, 961, lines 10–19)",0.238206,"Source unidentified, but cf. Eucherius of Lyon, Instructionum ad Salonium libri II, lib. 2 (ed. C.
Mandolfo, CCSL 66 [Turnhout, 2004], 201–03, lines 263–65)",0.231547,CTOL.633.75,0.231415
1354,CamCC279.69.1.txt,canon_unlabelled/CamCC279.69.1.txt,Can.apost.11,0.383324,CTOL.633.10,0.326954,"Augustine, De serm.dom.in monte, 1.20.63 (ed. Mutzenbecher, 72, lines 1569–82)",0.298095,"John Cassian, Collationes 20.8 (ed. Petschenig, p. 561, line 9–p. 562, line 4)",0.290946,CTOL.633.75,0.28777,CORL.511.1,0.277305,CTOL.636.5,0.276739,Can.apost.12,0.270968,CORL.511.31,0.268457,Can.apost.28,0.26517
1355,CamCC279.69B.1.txt,canon_unlabelled/CamCC279.69B.1.txt,Unidentified,0.429369,"Source unidentified, but cf. Eucherius of Lyon, Instructionum ad Salonium libri II, lib. 2 (ed. C.
Mandolfo, CCSL 66 [Turnhout, 2004], 201–03, lines 263–65)",0.425887,"Jerome, De perpetua virginitate beatae Mariae, adversus Helvidium, c. 4 (in PL 23, cols
186C–87A)",0.380796,"Jerome, Comm.in IV ep.Paul., ad Tit. vers. 3:1–2 (PL 26, col. 590D)",0.354814,"Gregorius Magnus, Hom.in ev. 2.33 (ed. Étaix, 297, lines 240–48)",0.325351,CHIP.393.36,0.30545,"Gregory of Nazianzus- Rufinus, Apologeticus 115 (ed. Engelbrecht, 82, lines 11–12)",0.301527,CTOL.633.75,0.27653,"Jerome, Comm.in proph.minor., in Ionam 1:4 (ed. Adriaen, I, 384–85, lines 165–76)",0.272721,Unidenfied,0.246757
1356,CamCC279.7.1.txt,canon_unlabelled/CamCC279.7.1.txt,CTOL.589.14,0.198718,CVAI.442.3,0.192714,CGAN.355.15,0.181043,CGAN.355.14,0.167556,CTOL.656.3,0.164521,CTOL.655.1,0.161007,CTOL.397.4,0.160778,Can.apost.11,0.160577,CSOI.744.3,0.153903,CTOL.638.8,0.152725
1357,CamCC279.7.2.txt,canon_unlabelled/CamCC279.7.2.txt,RPCO.757.6,0.193614,CORL.511.19,0.191427,CARL.501?.23,0.188482,CANT.328.24,0.186372,CGAN.355.11,0.179837,CTOL.397.11,0.179409,CTOL.397.5,0.175185,CVAI.442.9,0.17412,CTUR.439.5,0.160405,CTOU.567.17 (16),0.157597
1358,CamCC279.7.3.txt,canon_unlabelled/CamCC279.7.3.txt,CTOL.589.19,0.257532,CANC.314.9,0.224695,RPCO.757.6,0.218212,CTOL.589.10,0.212472,CNEO.315.7,0.211971,CAUX.561.17,0.204152,CTOL.397.19,0.195511,CTOL.397.16,0.184723,CNEO.315.2,0.177617,CTOL.636.9,0.177334
1359,CamCC279.7.4.txt,canon_unlabelled/CamCC279.7.4.txt,CHIP.393.34,0.296452,CTOL.589.19,0.284054,CNIC.325.18,0.213005,CCHA.451.20,0.200666,CTOL.589.10,0.199124,Can.apost.6,0.197773,CORA.441.9,0.195057,CTOL.655.2,0.192068,CGAN.355.1,0.188794,CANT.328.18,0.185107
1360,CamCC279.7.5.txt,canon_unlabelled/CamCC279.7.5.txt,CANT.328.21,0.215662,CORA.441.9,0.20828,CTOL.397.13,0.191597,CGAN.355.2,0.184959,CORL.538.16,0.179325,Can.apost.47,0.176696,CORA.441.2,0.176403,CNEO.315.13,0.17391,CHIP.393.34,0.173668,CORA.441.7,0.172496
1361,CamCC279.71.1.txt,canon_unlabelled/CamCC279.71.1.txt,Unidentified,0.352169,"Source unidentified, but cf. Eucherius of Lyon, Instructionum ad Salonium libri II, lib. 2 (ed. C.
Mandolfo, CCSL 66 [Turnhout, 2004], 201–03, lines 263–65)",0.313979,CHIP.393.36,0.293185,"John Cassian, Collationes, 5.24 (ed. Petschenig, 148, lines 14–21)",0.275729,"Jerome, Comm.in IV ep.Paul., ad Tit. vers. 3:1–2 (PL 26, col. 590D)",0.235647,"Jerome, De perpetua virginitate beatae Mariae, adversus Helvidium, c. 4 (in PL 23, cols
186C–87A)",0.232036,"Jerome, Comm.in proph.minor., in Ionam 1:4 (ed. Adriaen, I, 384–85, lines 165–76)",0.222403,"Augustine, Speculum 7 (ed. Weihrich, 63, lines 2–3)",0.200622,CTOL.633.75,0.197091,Unidenfied,0.196763
1362,CamCC279.71.2.txt,canon_unlabelled/CamCC279.71.2.txt,CHIP.393.36,0.276414,Unidentified,0.270119,"Source unidentified, but cf. Eucherius of Lyon, Instructionum ad Salonium libri II, lib. 2 (ed. C.
Mandolfo, CCSL 66 [Turnhout, 2004], 201–03, lines 263–65)",0.262696,"Jerome, Comm.in IV ep.Paul., ad Tit. vers. 3:1–2 (PL 26, col. 590D)",0.242394,"Jerome, De perpetua virginitate beatae Mariae, adversus Helvidium, c. 4 (in PL 23, cols
186C–87A)",0.237235,"Augstine, De consensu evangelistarum 2.30 (ed. F. Weihrich, CSEL 43 [Vienna, 1904], 177,
lines 14–24)",0.226484,"John Cassian, Collationes, 5.24 (ed. Petschenig, 148, lines 14–21)",0.223851,"Augustine, Speculum 7 (ed. Weihrich, 63, lines 2–3)",0.217894,CNIC.325.7,0.211041,CNEO.315.13,0.195364
1363,CamCC279.72.1.txt,canon_unlabelled/CamCC279.72.1.txt,"Augustine, Speculum 7 (ed. Weihrich, 63, lines 2–3)",0.479915,CAUX.561.4,0.247724,"Gregorius Magnus, Hom.in ev. 2.39 (ed. Étaix, 381, lines 45–49)",0.218818,CAGD.506.14,0.172653,CORL.511.30,0.162979,CLAO.300.13,0.16274,Can.apost.50,0.162225,CCHA.451.26,0.161205,CCHA.451.18,0.158624,CORL.511.2,0.15147
1364,CamCC279.73.1.txt,canon_unlabelled/CamCC279.73.1.txt,Unidentified,0.389279,"Source unidentified, but cf. Eucherius of Lyon, Instructionum ad Salonium libri II, lib. 2 (ed. C.
Mandolfo, CCSL 66 [Turnhout, 2004], 201–03, lines 263–65)",0.349973,"Gregory of Nazianzus- Rufinus, Apologeticus 115 (ed. Engelbrecht, 82, lines 11–12)",0.347376,"Augustine, Serm.de vet.test. 9.20 (ed. Lambot, 146, line 694–96)",0.303158,"Gregorius Magnus, Hom.in ev. 2.33 (ed. Étaix, 297, lines 240–48)",0.300746,"Ambrose, Exp.ev.sec.Luc. lib. 9, vers. 20:24 (ed. Adriaen, 343, line 326) Source (quęrit de ... alia mundi)",0.297015,"John Cassian, Collationes, 5.24 (ed. Petschenig, 148, lines 14–21)",0.294131,"Jerome, Comm.in IV ep.Paul., ad Tit. vers. 3:1–2 (PL 26, col. 590D)",0.289886,"Jerome, De perpetua virginitate beatae Mariae, adversus Helvidium, c. 4 (in PL 23, cols
186C–87A)",0.265248,CTOL.633.15,0.241304
1365,CamCC279.73.2.txt,canon_unlabelled/CamCC279.73.2.txt,Unidentified,0.384189,"Jerome, De perpetua virginitate beatae Mariae, adversus Helvidium, c. 4 (in PL 23, cols
186C–87A)",0.333087,CHIP.393.36,0.303688,Unidenfied,0.299844,"Jerome, Comm.in IV ep.Paul., ad Tit. vers. 3:1–2 (PL 26, col. 590D)",0.291306,"Gregorius Magnus, Hom.in ev. 2.33 (ed. Étaix, 297, lines 240–48)",0.276578,CTOL.633.75,0.276533,"Eusebius-Rufinus, HE 10.2 (eds Mommsen–Schwartz, II, 961, lines 10–19)",0.268783,"Source unidentified, but cf. Eucherius of Lyon, Instructionum ad Salonium libri II, lib. 2 (ed. C.
Mandolfo, CCSL 66 [Turnhout, 2004], 201–03, lines 263–65)",0.268236,CSAR.347.5,0.266685
1366,CamCC279.8.1.txt,canon_unlabelled/CamCC279.8.1.txt,CANC.314.12,0.218593,CGAN.355.8,0.211448,Can.apost.39,0.208859,Can.apost.17,0.203311,CGAN.355.15,0.198683,CMAC.585.5,0.188267,CNIC.325.10,0.178335,Can.apost.30,0.158427,CORL.549.20,0.154854,Can.apost.27,0.153622
1367,CamCC279.8.2.txt,canon_unlabelled/CamCC279.8.2.txt,CARL.501?.14,0.269052,CNIC.325.17,0.22094,RPCO.757.2,0.193043,"Jerome, Comm.in IV ep.Paul., ad Tit. vers. 2:9–10 (PL 26, col. 585C–D)",0.180641,"Jerome, Comm.in Mat.libri IV, lib. 1, vers. 6:2 (eds Hurst–Adriaen, 35, lines 723–24)",0.1717,"Caesarius, Sermo 43.1 (ed. Morin, 190, lines 21–25)",0.170798,Can.apost.22,0.162856,CNEO.315.4,0.161402,Can.apost.23,0.160891,Can.apost.8,0.157499
1368,CamCC279.8.3.txt,canon_unlabelled/CamCC279.8.3.txt,CAUX.561.18,0.224402,CTOL.633.6,0.223078,RPWO.758.15,0.207786,Can.apost.50,0.206163,CARL.314.9,0.197578,"Poen. Theod. II.6.1- 5, II.6.9-13",0.190169,CORA.441.2,0.185493,CTOL.397.15,0.185363,CNIC.325.16,0.182614,Can.apost.11,0.176286
1369,CamCC279.89B.1.txt,canon_unlabelled/CamCC279.89B.1.txt,CHIP.393.36,0.22958,CTOL.633.32,0.194192,CORA.441.22,0.181405,CEPA.517.19,0.178062,CTOL.633.25,0.161787,CORL.538.32,0.154085,CTOL.589.18,0.151446,CTOL.638.18,0.146893,CTOL.636.3,0.141026,CVAI.442.7,0.139568
1370,CamCC279.9.1.txt,canon_unlabelled/CamCC279.9.1.txt,CVAI.442.8,0.238736,Can.apost.11,0.222442,Can.apost.43,0.193533,CTOL.589.11,0.178705,"Poen. Theod. II.6.1- 5, II.6.9-13",0.170067,CTOL.656.4,0.159047,CTOL.527.2,0.158698,CAUX.561.23,0.158566,Can.apost.1,0.15363,CNIC.325.5,0.153615
1371,CamCC279.9.2.txt,canon_unlabelled/CamCC279.9.2.txt,CARL.314.9,0.193466,CTOL.633.26,0.18019,Can.apost.17,0.174063,CARL.314.6,0.161932,CANT.328.13,0.16084,CAGD.506.54,0.154987,CANC.314.18,0.154372,Can.apost.50,0.153756,CANT.328.5,0.150174,RPCO.757.1,0.14555
1372,CamCC279.9.3.txt,canon_unlabelled/CamCC279.9.3.txt,CTOL.646.2,0.235122,CANT.328.3,0.195395,CANT.328.7,0.194391,CTOL.633.26,0.18507,CARL.314.20,0.179413,CTOL.633.30,0.168099,CTOL.638.13,0.165813,CAUX.561.36,0.163,CTOL.527.2,0.161215,CTOL.527.4,0.160388
1373,CamCC279.9.4.txt,canon_unlabelled/CamCC279.9.4.txt,CTOL.633.2,0.323677,CNIC.325.5,0.261763,CAGD.506.31,0.245573,CLAO.300.10,0.230947,CSAR.347.18,0.192265,Can.apost.1,0.18726,CTOL.656.1,0.184076,CANT.328.15,0.177553,CTOL.638.1,0.168944,CSAR.347.6,0.168549
1374,CamCC279.92.2.txt,canon_unlabelled/CamCC279.92.2.txt,Unidentified,0.384395,CSAR.347.5,0.363023,"Jerome, De perpetua virginitate beatae Mariae, adversus Helvidium, c. 4 (in PL 23, cols
186C–87A)",0.350607,CNEO.315.13,0.306397,"Source unidentified, but cf. Eucherius of Lyon, Instructionum ad Salonium libri II, lib. 2 (ed. C.
Mandolfo, CCSL 66 [Turnhout, 2004], 201–03, lines 263–65)",0.30352,"Gregory of Nazianzus-Rufinus, In semet.de agr.regr. 16 (ed. Engelbrecht, 186, lines 7–10)",0.29777,"John Cassian, Collationes, 5.24 (ed. Petschenig, 148, lines 14–21)",0.272101,CAGD.506.62,0.270706,"cf. Jerome, Epistola 22, ad Eustochium (ed. Hilberg, I, 160, line 3)",0.253497,"John Cassian, Collationes 20.8 (ed. Petschenig, p. 561, line 9–p. 562, line 4)",0.247203
1375,CamCC279.95.2.txt,canon_unlabelled/CamCC279.95.2.txt,Unidentified,0.277701,CHIP.393.36,0.260513,"Source unidentified, but cf. Eucherius of Lyon, Instructionum ad Salonium libri II, lib. 2 (ed. C.
Mandolfo, CCSL 66 [Turnhout, 2004], 201–03, lines 263–65)",0.243468,"Gregory of Nazianzus- Rufinus, Apologeticus 115 (ed. Engelbrecht, 82, lines 11–12)",0.223194,"Jerome, De perpetua virginitate beatae Mariae, adversus Helvidium, c. 4 (in PL 23, cols
186C–87A)",0.219018,"John Cassian, Collationes 20.8 (ed. Petschenig, p. 561, line 9–p. 562, line 4)",0.215382,"cf. Poen. Theodori, capp. III.3, III.4, III.5; Wasserschleben, p. 204",0.213195,Unidenfied,0.208188,Can.apost.4,0.202208,CTOL.633.18,0.197099
1376,CamCC279.95.4.txt,canon_unlabelled/CamCC279.95.4.txt,Unidentified,0.405932,"Source unidentified, but cf. Eucherius of Lyon, Instructionum ad Salonium libri II, lib. 2 (ed. C.
Mandolfo, CCSL 66 [Turnhout, 2004], 201–03, lines 263–65)",0.397365,"Gregory of Nazianzus- Rufinus, Apologeticus 115 (ed. Engelbrecht, 82, lines 11–12)",0.30831,CTOL.633.75,0.296481,CAGD.506.62,0.292034,CHIP.393.36,0.272596,Unidenfied,0.26965,CTOL.638.18,0.254364,CTOL.638.12,0.243116,"John Cassian, Collationes 20.8 (ed. Petschenig, p. 561, line 9–p. 562, line 4)",0.226389
1377,CamCC279.99.1.txt,canon_unlabelled/CamCC279.99.1.txt,Unidentified,0.324213,"Source unidentified, but cf. Eucherius of Lyon, Instructionum ad Salonium libri II, lib. 2 (ed. C.
Mandolfo, CCSL 66 [Turnhout, 2004], 201–03, lines 263–65)",0.245382,CORL.511.26,0.243699,"Jerome, De perpetua virginitate beatae Mariae, adversus Helvidium, c. 4 (in PL 23, cols
186C–87A)",0.241764,CAUX.561.9,0.241265,"Gregory of Nazianzus- Rufinus, Apologeticus 115 (ed. Engelbrecht, 82, lines 11–12)",0.237007,CSAR.347.12,0.22967,"Caesarius, Sermo 43.5 (ed. Morin, 192, lines 17–23)",0.216345,CSAR.347.5,0.215057,CSAR.347.7,0.211539
1378,CamCC279.99.2.txt,canon_unlabelled/CamCC279.99.2.txt,"Source unidentified, but cf. Eucherius of Lyon, Instructionum ad Salonium libri II, lib. 2 (ed. C.
Mandolfo, CCSL 66 [Turnhout, 2004], 201–03, lines 263–65)",0.341205,Unidentified,0.322676,CTOL.655.7,0.294103,Can.apost.19,0.290215,"Gregory of Nazianzus- Rufinus, Apologeticus 115 (ed. Engelbrecht, 82, lines 11–12)",0.254432,Can.apost.49,0.251803,Can.apost.48,0.247251,CNEO.315.13,0.243101,"Augustine, Serm.de vet.test. 9.20 (ed. Lambot, 146, line 694–96)",0.233896,CAUX.561.32,0.229087
1379,D1723.519.4.txt,canon_unlabelled/D1723.519.4.txt,CTOL.638.8,0.875874,CAGD.506.61,0.343196,CTOL.646.2,0.322674,CTOL.527.1,0.318772,CTOL.655.17,0.284172,CTOL.638.17,0.266017,CNEO.315.2,0.259802,CTOL.636.6,0.241781,CTOL.646.1,0.240835,DSIR.384.255 cap 7,0.240627
1380,D1723.519.7.txt,canon_unlabelled/D1723.519.7.txt,CHIP.393.30,0.301944,CARL.501?.22,0.258716,CTOL.633.3,0.238803,"Gregorius Magnus, Hom.in ev. 2.26 (ed. Étaix, 222, lines 116–19) Ps (G) 50:19",0.237953,CLAO.300.2,0.197219,CTOL.397.2,0.193663,"Gennadius, Lib.eccl.dogm. 46 (ed. Turner, 98, lines 1–7; cf. recensio vulgata, c. 47 [PL
42, col. 1220])",0.188536,CNIC.325.5,0.185126,CARL.501?.18,0.18098,CTOL.638.8,0.172021
1381,D1723.519.8.txt,canon_unlabelled/D1723.519.8.txt,CAGD.506.44,0.304499,CAGD.506.62,0.260291,CARL.501?.28,0.212197,CTOL.636.9,0.21068,CTOL.638.19,0.204336,CAGD.506.37,0.203965,CAGD.506.12,0.200317,Stat.Eccl.Antiq. 20,0.198071,CORL.511.26,0.185763,CAGD.506.35,0.185547
1382,D1723.520.4.txt,canon_unlabelled/D1723.520.4.txt,CNEO.315.10,0.24109,CARL.501?.23,0.235143,Can.apost.46,0.2297,Can.apost.33,0.215437,CAGD.506.2,0.208755,CORL.511.31,0.205742,CARL.501?.9,0.205486,CORL.511.16,0.204026,CAGD.506.15,0.184638,CTOL.589.12,0.184582
1383,D1723.520.5.txt,canon_unlabelled/D1723.520.5.txt,CAGD.506.15,0.282447,CORA.441.16,0.255417,CARL.314.6,0.248786,CNIC.325.13,0.248054,CNIC.325.14,0.238004,CORA.441.17,0.227176,CORL.511.16,0.213545,CANC.314.9,0.194801,CVAI.442.2,0.189257,CANT.328.17,0.189007
1384,D1723.520.7.txt,canon_unlabelled/D1723.520.7.txt,CHIP.393.30,0.641677,CARL.501?.28,0.246546,CAGD.506.44,0.240462,CANC.314.16,0.208853,CTOL.589.11,0.205983,CNIC.325.11,0.201992,CTOL.636.8,0.200497,CTOL.397.2,0.198232,CANT.328.9,0.194465,CSAR.347.5,0.178132
1385,D1723.520.8.txt,canon_unlabelled/D1723.520.8.txt,CHIP.393.38,0.325627,CSAR.347.12,0.294572,CAGD.506.35,0.237233,CSAR.347.18,0.237066,CSAR.347.9,0.236529,CSAR.347.7,0.233849,CVAI.442.6,0.217471,CSAR.347.3,0.213498,RPWO.758.5,0.203549,CSAR.347.17,0.202501
1386,D1723.521.4.txt,canon_unlabelled/D1723.521.4.txt,CTOL.638.7,0.80213,CTOL.656.5,0.266895,CTOL.589.11,0.25033,CTOL.589.1,0.224578,"Gennadius, Lib.eccl.dogm. 46 (ed. Turner, 98, lines 1–7; cf. recensio vulgata, c. 47 [PL
42, col. 1220])",0.217441,CLAO.300.2,0.2145,CTOL.656.6,0.211983,CTOL.638.8,0.204823,CTOL.633.52,0.203454,CTOL.638.6,0.199933
1387,D1723.521.5.txt,canon_unlabelled/D1723.521.5.txt,DSIR.384.255  cap. 14,0.529136,CEPA.517.3,0.352781,CARL.501?.25,0.298045,DSIR.384.255 cap 7,0.286867,DSIR.384.255  cap. 13,0.258036,CORA.441.24,0.247531,CORA.441.15,0.24684,CTOL.589.11,0.235926,CNEO.315.8,0.232526,"Gregorius Magnus, Hom.in ev. 2.26 (ed. Étaix, 222, lines 116–19) Ps (G) 50:19",0.220043
1388,D1723.522.4.txt,canon_unlabelled/D1723.522.4.txt,CNIC.325.8,0.261838,CARL.314.9,0.20994,CAGD.506.46,0.208152,CLAO.300.6,0.207224,CHIP.393.13,0.206352,CARL.501?.25,0.197555,CTOL.589.9,0.184653,CANC.314.14,0.181364,CTOL.397.12,0.179971,CAGD.506.18,0.178331
1389,D1723.523.3.txt,canon_unlabelled/D1723.523.3.txt,CARL.501?.28,0.23345,CANC.314.16,0.222024,CAGD.506.50 (addit.),0.218181,CLAO.300.32,0.215897,CHIP.393.14,0.211527,CTOL.633.64,0.203955,CNIC.325.11,0.199046,CORL.511.31,0.178104,CHIP.393.12,0.177276,CNIC.325.10,0.173052
1390,D1723.524.3.txt,canon_unlabelled/D1723.524.3.txt,CANT.328.1,0.223708,CAGD.506.61,0.202466,CLAO.300.20,0.190614,CANT.328.4,0.181407,CNIC.325.20,0.171812,CTUR.439.6,0.17096,CHIP.393.38,0.169191,CNEO.315.10,0.168249,CNIC.325.18,0.163114,CTOL.397.1,0.161876
1391,D1723.524.7.txt,canon_unlabelled/D1723.524.7.txt,CTOL.397.8,0.316308,CEPA.517.22,0.281567,CANC.314.22,0.268319,CARL.501?.11,0.244852,CTOL.633.46,0.238379,CANC.314.15,0.236553,CARL.501?.10,0.225771,CTOL.589.12,0.220969,CANC.314.8,0.220486,CANC.314.5,0.210451
1392,D1723.525.10.txt,canon_unlabelled/D1723.525.10.txt,"Caesarius, Sermo 43.5 (ed. Morin, 192, lines 17–23)",0.368133,CAGD.506.44,0.355107,CTOL.633.9,0.26073,CAGD.506.35,0.260278,CORL.511.26,0.258698,CTOL.589.10,0.250708,CTOL.636.9,0.227986,CANC.314.24,0.219013,"Gregory of Nazianzus- Rufinus, Apologeticus 115 (ed. Engelbrecht, 82, lines 11–12)",0.211003,CGAN.355.9,0.203805
1393,D1723.525.9.txt,canon_unlabelled/D1723.525.9.txt,CARL.314.12,0.229898,Galatians.4:16,0.219462,CTOL.527.1,0.207389,CNIC.325.11,0.202401,CTOL.638.10,0.202229,CGAN.355.16,0.188385,CLAO.300.52,0.185048,CAGD.506.62,0.184398,CARL.314.15,0.18289,CNEO.315.10,0.181653
1394,D1723.527.6.txt,canon_unlabelled/D1723.527.6.txt,CTOL.633.69,0.229853,CNIC.325.20,0.22955,CTOL.589.18,0.213807,CGAN.355.17,0.207708,CTOL.589.0 Conc. Toletana III; anno 589; PL 84 col. 384-386; combined canons?,0.195985,RPWO.758.21,0.191512,Can.apost.3,0.191189,"Augustine, Sermo 392 (PL 39, col. 1710)",0.184662,"Augstine, De consensu evangelistarum 2.30 (ed. F. Weihrich, CSEL 43 [Vienna, 1904], 177,
lines 14–24)",0.164746,CARL.314.22,0.163218
1395,D1723.527.7.txt,canon_unlabelled/D1723.527.7.txt,CNEO.315.10,0.315912,CARL.501?.28,0.217171,CANC.314.16,0.19983,CNIC.325.12,0.199667,CANT.328.4,0.198343,RPWO.758.6,0.18669,RPWO.758.1,0.184106,CLAO.300.58,0.176658,Can.apost.27,0.172793,RPCO.757.8,0.16785
1396,D1723.527.8.txt,canon_unlabelled/D1723.527.8.txt,RPWO.758.21,0.213171,CNEO.315.10,0.20982,RPWO.758.8,0.195489,CNIC.325.13,0.186099,CAGD.506.46,0.182846,Can.apost.46,0.176478,RPWO.758.3,0.176095,CORA.441.28,0.173907,RPWO.758.15,0.173215,CTOL.633.49,0.17071
1397,D1723.528.1.txt,canon_unlabelled/D1723.528.1.txt,CGAN.355.9,0.314731,"Caesarius, Sermo 43.5 (ed. Morin, 192, lines 17–23)",0.299906,CANC.314.18,0.298973,CTOL.397.19,0.234086,CCHA.451.17,0.213255,CHIP.393.31,0.211964,CAGD.506.63,0.20745,CTOL.589.10,0.196887,"Jerome, Advers.Iovin.libri II, 1.14 (PL 23, col. 233A) Source (igitur ... alio uiro) Jerome, Advers.Iovin.libri II, 1.14 (PL 23, col. 233B)",0.195077,CANC.314.9,0.192841
1398,D1723.528.10.txt,canon_unlabelled/D1723.528.10.txt,CARL.501?.18,0.243333,CCHA.451.21,0.240095,CORL.511.16,0.231815,Can.apost.46,0.22255,CAGD.506.8,0.217269,CAGD.506.44,0.215092,CAGD.506.41,0.214843,CAGD.506.62,0.213024,CAGD.506.52,0.211372,CNEO.315.8,0.209334
1399,D1723.528.12.txt,canon_unlabelled/D1723.528.12.txt,CNIC.325.14,0.385209,CAGD.506.61,0.365568,CORL.511.18,0.239861,CORL.538.32,0.239083,CAGD.506.25,0.231087,CANC.314.16,0.228586,CAGD.506.39,0.219969,CNEO.315.5,0.215577,CTOL.527.2,0.210047,CTOL.397.6,0.190844
1400,D1723.528.3.txt,canon_unlabelled/D1723.528.3.txt,CTOL.397.17,0.700362,Can.apost.6,0.236098,RPWO.758.7,0.216598,CAGD.506.44,0.215547,CORA.441.22,0.202854,CAGD.506.31,0.19507,CORL.511.26,0.181498,CANT.328.11,0.177782,CAGD.506.35,0.174556,CNEO.315.1,0.173202
1401,D1723.528.4.txt,canon_unlabelled/D1723.528.4.txt,CAGD.506.31,0.208931,CLAO.300.53,0.200189,"Jerome, Comm.in Mat.libri IV, lib. 3, vers. 19:9 (eds Hurst–Adriaen, 167, lines 761–80)",0.197994,Can.apost.47,0.183237,CTOL.638.17,0.179873,CTOL.655.17,0.174399,RPWO.758.21,0.168259,RPWO.758.11,0.168161,CNIC.325.13,0.167183,CTOL.636.4,0.165754
1402,D1723.528.5.txt,canon_unlabelled/D1723.528.5.txt,CEPA.517.29,0.263129,CARL.501?.22,0.246348,RPCO.757.8,0.221748,CNIC.325.11,0.218394,CTOL.638.8,0.217611,CNEO.315.12,0.214769,CNEO.315.10,0.198766,CGAN.355.4,0.182897,Can.apost.14,0.174299,RPWO.758.15,0.174163
1403,D1723.528.7.txt,canon_unlabelled/D1723.528.7.txt,CNEO.315.10,0.256279,CTOL.397.19,0.200247,Can.apost.18,0.175768,CTOL.633.70,0.158416,CARL.501?.14,0.154365,CTOL.527.3,0.15357,Can.apost.43,0.153414,CTOL.527.2,0.150833,CANC.314.9,0.147538,CANC.314.8,0.146354
1404,D1723.528.8.txt,canon_unlabelled/D1723.528.8.txt,CTOL.397.19,0.256661,CGAN.355.7,0.230697,CARL.501?.22,0.226634,CNEO.315.13,0.21635,CARL.314.22,0.190654,CANC.314.24,0.189275,CNIC.325.13,0.180923,CORL.511.25,0.169269,CARL.314.18,0.166453,CARL.314.17,0.163889
1405,D1723.528.9.txt,canon_unlabelled/D1723.528.9.txt,CGAN.355.4,0.209947,CORL.511.25,0.190013,CLAO.300.52,0.172504,CARL.501?.22,0.16773,CTOL.633.63,0.165499,CNEO.315.3,0.163761,CTOL.636.6,0.161431,CANC.314.23,0.157868,CORL.511.31,0.15426,CNEO.315.1,0.151809
1406,D1723.529.1.txt,canon_unlabelled/D1723.529.1.txt,CTOL.527.5,0.783956,CAGD.506.61,0.362121,CORL.511.18,0.313391,CTOL.638.18,0.312087,CTOL.656.3,0.309967,CTOL.646.2,0.293583,CTOL.638.17,0.288057,CTOL.527.3,0.285168,CTOL.636.5,0.262758,CNEO.315.10,0.260259
1407,D1723.529.3.txt,canon_unlabelled/D1723.529.3.txt,CTOL.527.5,0.278265,CTOL.589.0 Conc. Toletana III; anno 589; PL 84 col. 384-386; combined canons?,0.268239,CGAN.355.17,0.243888,CARL.501?.8,0.238505,CTOU.567.16 (15),0.238112,CAGD.506.61,0.234533,CTOL.656.3,0.230911,CGAN.355.14,0.230524,CNIC.325.20,0.222464,CARL.501?.3,0.219655
1408,D1723.529.5.txt,canon_unlabelled/D1723.529.5.txt,CANC.314.23,0.34103,CTOL.633.29,0.230747,CHIP.393.36,0.230455,CAUX.561.4,0.221782,CCHA.451.18,0.214399,CANC.314.16,0.206048,CORL.541.29,0.19206,Can.apost.46,0.174239,CLAO.300.29,0.168484,CANC.314.20,0.167992
1409,D1723.530.1.txt,canon_unlabelled/D1723.530.1.txt,CANC.314.23,0.25767,CTOL.633.63,0.23388,CTOL.589.14,0.219705,CTOL.633.62,0.216442,"(ed. MOMMSEN, as Gildas, Epist.deperd.fragm. 3, in Chronica minora, 86, lines 21–4; trans. WINTERBOTTOM, Gildas, 80)",0.215896,"Gregorius Magnus, Hom.in ev. 2.31 (ed. Étaix, 271, lines 43–51",0.214523,CAUX.561.1,0.20543,Ephesians.5:22,0.190659,CCHA.451.3,0.19038,CORL.511.20,0.188003
1410,D1723.530.10.txt,canon_unlabelled/D1723.530.10.txt,CGAN.355.20,0.234198,"Caesarius, Sermo 43.5 (ed. Morin, 192, lines 2–7)",0.20436,CANC.314.16,0.20124,Can.apost.12,0.196962,CTOL.589.17,0.196424,CCHA.451.18,0.196398,CTOL.636.5,0.191481,CANC.314.3,0.189835,CAGD.506.26,0.187144,CCHA.451.21,0.18349
1411,D1723.530.2.txt,canon_unlabelled/D1723.530.2.txt,CANC.314.23,0.245737,CTOL.589.7,0.235254,RPWO.758.16,0.204368,CAGD.506.44,0.193642,CTOL.589.23,0.181604,CAGD.506.62,0.180769,CTOL.633.29,0.180623,CGAN.355.20,0.174211,CGAN.355.17,0.172095,CHIP.393.36,0.17132
1412,D1723.530.3.txt,canon_unlabelled/D1723.530.3.txt,CLAO.300.26,0.266894,CLAO.300.13,0.220371,CNEO.315.10,0.219181,CLAO.300.42,0.201967,CCHA.451.5,0.201766,CLAO.300.23,0.19668,CORL.511.15,0.194462,CGAN.355.17,0.188595,CNEO.315.1,0.188358,RPWO.758.16,0.187229
1413,D1723.530.4.txt,canon_unlabelled/D1723.530.4.txt,CANC.314.23,0.278997,CAGD.506.44,0.246973,CLAO.300.51,0.216423,CTOL.633.63,0.214764,CGAN.355.17,0.209321,CORL.538.31,0.198338,CANC.314.16,0.197923,CCHA.451.5,0.193338,CCHA.451.18,0.180339,CANC.314.11,0.176129
1414,D1723.530.8.txt,canon_unlabelled/D1723.530.8.txt,"Ambrose, De spirit.sanct.3.6 (ed. Faller, 164–65, lines 12–22) Source (et ideo ... caritatis affectu)",0.216309,CARL.501?.28,0.212391,CAGD.506.62,0.207524,CTOL.633.24,0.194068,CARL.501?.10,0.192502,CAGD.506.55,0.187525,CNEO.315.12,0.174329,CTOL.636.1,0.171179,CAGD.506.61,0.164757,CORL.511.3,0.153179
1415,D1723.530.9.txt,canon_unlabelled/D1723.530.9.txt,CARL.501?.28,0.304551,CMAC.581.7,0.303687,CNIC.325.12,0.247016,CANC.314.23,0.245262,CANC.314.16,0.238236,"Caesarius, Sermo 43.5 (ed. Morin, 192, lines 2–7)",0.220416,CAGD.506.61,0.215155,Colossians.3:21;cf.Ephesians.6:4,0.199555,Ephesians.6:1,0.199555,CTOL.633.29,0.167236
1416,D1723.531.1.txt,canon_unlabelled/D1723.531.1.txt,CAGD.506.31,0.247046,CANT.328.6,0.236831,CCHA.451.21,0.212618,CANT.328.15,0.201858,CHIP.393.30,0.199357,CANT.328.14,0.196249,Capit.Martini.61,0.193577,CTOL.636.9,0.173879,"(ed. MOMMSEN, as Gildas, Epist.deperd.fragm. 7, in Chronica minora, 88, lines 13–24; trans. WINTERBOTTOM,
Gildas, 82)",0.170611,CSAR.347.18,0.168972
1417,D1723.531.3.txt,canon_unlabelled/D1723.531.3.txt,CORL.511.1,0.326987,"John Cassian, Collationes 20.8 (ed. Petschenig, p. 561, line 9–p. 562, line 4)",0.281549,Can.apost.50,0.25687,CAGD.506.62,0.242281,CTOL.633.75,0.235785,CORA.441.10,0.214911,CTOL.397.7,0.204616,Can.apost.1,0.200157,CTOL.633.8,0.188884,CSAR.347.12,0.186857
1418,D1723.531.4.txt,canon_unlabelled/D1723.531.4.txt,CLAO.300.58,0.227103,CGAN.355.4,0.198945,CAGD.506.44,0.188741,CGAN.355.17,0.176148,CARL.501?.19,0.170529,CNIC.325.11,0.167082,CANT.328.15,0.166892,"Gregory of Nazianzus-Rufinus, In semet.de agr.regr. 16 (ed. Engelbrecht, 186, lines 7–10)",0.165644,"Jerome, Comm.in proph.minor., in Ionam 1:4 (ed. Adriaen, I, 384–85, lines 165–76)",0.16513,CCHA.451.5,0.163326
1419,D1723.531.6.txt,canon_unlabelled/D1723.531.6.txt,CAUX.561.11,0.258071,CLAO.300.51,0.198251,"Ambrose, De spirit.sanct.3.6 (ed. Faller, 164–65, lines 12–22) Source (et ideo ... caritatis affectu)",0.186978,CORA.441.13,0.185652,CORA.441.14,0.182342,CAGD.506.61,0.18191,CTOL.633.34,0.174258,CAUX.561.14,0.173631,CNEO.315.10,0.165953,CLAO.300.52,0.165583
1420,D1723.531.7.txt,canon_unlabelled/D1723.531.7.txt,CTOL.633.32,0.769758,CVAI.442.7,0.343374,CTOL.589.17,0.304388,Can.apost.28,0.274126,"Ambrose, De spirit.sanct.3.6 (ed. Faller, 164–65, lines 12–22) Source (et ideo ... caritatis affectu)",0.247479,CTOL.589.20,0.23591,CCHA.451.21,0.230411,CTOL.638.12,0.228633,"GREG.MAG. Hom.in ev. 2.26 (ed. Étaix, 222, lines 98–102) Gregorius Magnus, Hom.in ev. 2.26 (ed. Étaix, 222, lines 109–11) GREG.MAG. Hom.in ev. 2.22 (ed. Étaix, 191, lines 272–76)",0.228071,CTOL.633.24,0.220225
1421,D1723.531.9.txt,canon_unlabelled/D1723.531.9.txt,CORL.511.31,0.301333,CNEO.315.,0.227992,CNEO.315.11,0.216239,CANT.328.16,0.187319,CAGD.506.63,0.186993,CGAN.355.8,0.184753,CTOL.397.16,0.183958,CAUX.561.2,0.181375,CORL.511.25,0.180675,Can.apost.18,0.178441
1422,D1723.532.2.txt,canon_unlabelled/D1723.532.2.txt,CTOL.397.19,0.227404,CNIC.325.14,0.220692,CHIP.393.6,0.215406,CANC.314.15,0.213783,CARL.501?.11,0.205806,CNEO.315.12,0.194306,CANC.314.5,0.188987,CTOL.397.16,0.188725,Can.apost.34,0.186459,CNEO.315.10,0.183539
1423,D1723.532.3.txt,canon_unlabelled/D1723.532.3.txt,CTOL.638.11,0.411805,CCHA.451.21,0.376916,CVAI.442.7,0.271749,CAGD.506.37,0.252322,CHIP.393.8,0.219541,CAGD.506.62,0.217545,CARL.501?.25,0.214426,CSAR.347.4,0.214084,CHIP.393.7,0.195317,CORL.541.29,0.193477
1424,D1723.532.4.txt,canon_unlabelled/D1723.532.4.txt,CCHA.451.21,0.304733,CTOL.638.11,0.269793,CGAN.355.1,0.232518,Can.apost.11,0.226964,CNEO.315.8,0.225773,Can.apost.12,0.224624,CVAI.442.7,0.22414,"Gregorius Magnus, Hom.in ev. 2.26 (ed. Étaix, 222, lines 116–19) Ps (G) 50:19",0.215513,CLAO.300.32,0.200517,CHIP.393.39,0.189093
1425,D1723.532.5.txt,canon_unlabelled/D1723.532.5.txt,CTOL.638.11,0.424951,CCHA.451.21,0.279673,CANC.314.23,0.263488,CAGD.506.37,0.254884,CVAI.442.7,0.249845,CTOL.633.24,0.248745,CTOL.633.72,0.2342,CTOL.655.13,0.220145,CCHA.451.18,0.218122,"CTOL.653.13  (excerpta canonum cap. 13)  Martinez Diez, vol. 5, pp. 475-476; text modified in W",0.214932
1426,D1723.532.6.txt,canon_unlabelled/D1723.532.6.txt,CTOL.638.11,0.296405,CARL.501?.25,0.288025,CARL.314.14,0.269496,CAGD.506.37,0.251457,"Jerome, Comm.in Mat.libri IV, lib. 3, vers. 19:9 (eds Hurst–Adriaen, 167, lines 761–80)",0.239649,"Caesarius, Sermo 2, ammonitio (ed. Morin, 18, lines 7–15)",0.229706,CHIP.393.7,0.225035,CHIP.393.6,0.219344,CVAI.442.7,0.211214,CCHA.451.21,0.202596
1427,D1723.533.1.txt,canon_unlabelled/D1723.533.1.txt,CTOL.638.11,0.343741,CCHA.451.21,0.287853,CORA.441.18,0.284062,CHIP.393.20,0.268951,CGAN.355.1,0.253287,CAGD.506.37,0.229883,CTOL.633.64,0.221565,CHIP.393.8,0.203745,Can.apost.34,0.198652,CAGD.506.62,0.194791
1428,D1723.533.2.txt,canon_unlabelled/D1723.533.2.txt,CARL.501?.28,0.40808,"Gennadius, Lib.eccl.dogm. 22 (ed. Turner, 94, lines 13–18; cf. recensio vulgata, c. 23
[PL 42, col. 1218])",0.239988,RPWO.758.17,0.239615,CTOL.655.9,0.234467,CAGD.506.26,0.217115,CORL.511.6,0.215605,"Caesarius, Sermo 2, ammonitio (ed. Morin, 18, lines 7–15)",0.205292,CTUR.439.4,0.205079,RPWO.758.18,0.203534,CTOL.655.6,0.20204
1429,D1723.533.3.txt,canon_unlabelled/D1723.533.3.txt,Can.apost.11,0.357254,CTOL.397.12,0.275858,CAUX.561.38,0.246354,CANT.328.2,0.235014,CNIC.325.5,0.195351,CHIP.393.23,0.191075,"Gregory of Nazianzus- Rufinus, In semet.de agr.regr. 13 (ed. Engelbrecht, 182, lines 9–11)",0.19015,Can.apost.46,0.176909,CANT.328.6,0.175972,Can.apost.9,0.173413
1430,D1723.533.4.txt,canon_unlabelled/D1723.533.4.txt,CSAR.347.8,0.26776,CAGD.506.37,0.252264,CTOL.638.11,0.25085,CNIC.325.11,0.23272,CHIP.393.39,0.225667,CCHA.451.21,0.220606,CHIP.393.38,0.220362,CARL.501?.25,0.21761,CANC.314.16,0.193915,"Caesarius, Sermo 192.4 (ed. Morin, 781, lines 7–9)",0.193803
1431,D1723.533.5.txt,canon_unlabelled/D1723.533.5.txt,CARL.501?.28,0.304597,CNIC.325.11,0.291246,CVAL.374.4,0.25615,CAGD.506.37,0.254408,CARL.501?.25,0.225512,CANC.314.16,0.210126,CORL.511.13,0.199716,CNEO.315.13,0.191405,CAUX.561.8,0.189223,CGAN.355.4,0.187942
1432,D1723.533.6.txt,canon_unlabelled/D1723.533.6.txt,CHIP.393.38,0.253852,CAGD.506.35,0.212505,CAGD.506.38,0.179805,CARL.501?.22,0.177638,CHIP.393.37,0.17761,CVAL.374.4,0.171658,CSAR.347.12,0.171608,CTOL.589.1,0.169514,"Gregorius Magnus, Hom.in ev. 2.26 (ed. Étaix, 222, lines 116–19) Ps (G) 50:19",0.167983,CHIP.393.25,0.161339
1433,D1723.533.7.txt,canon_unlabelled/D1723.533.7.txt,CAGD.506.41,0.220592,CAGD.506.37,0.218695,CARL.501?.18,0.217101,CORL.511.31,0.204774,CAGD.506.35,0.196253,Can.apost.42,0.18879,CAGD.506.62,0.186849,CHIP.393.38,0.181613,"Augustine, Serm.de vet.test. 9.20 (ed. Lambot, 146, line 694–96)",0.175971,Can.apost.23,0.174545
1434,D1723.533.8.txt,canon_unlabelled/D1723.533.8.txt,CHIP.393.10,0.626875,CHIP.393.9,0.568765,CHIP.393.11,0.34008,CTOL.633.31,0.288371,CTOL.589.21,0.284771,CTOL.638.11,0.242857,CTOL.633.24,0.227122,CORL.538.31,0.220704,CORL.538.32,0.219021,"(ed. MOMMSEN, as Gildas, Epist.deperd.fragm. 6, in Chronica minora, 88, lines 11–12; trans. WINTERBOTTOM,
Gildas, 82)",0.217438
1435,D1723.534.1.txt,canon_unlabelled/D1723.534.1.txt,CHIP.393.7,0.784202,CHIP.393.6,0.774281,CTOL.638.11,0.396465,CHIP.393.8,0.332698,CSAR.347.7,0.316932,CSAR.347.3,0.290403,CARL.501?.18,0.261779,CORL.511.2,0.255486,CTOU.567.18 (17),0.249482,CANT.328.14,0.248001
1436,D1723.534.2.txt,canon_unlabelled/D1723.534.2.txt,CHIP.393.8,0.656856,CTOL.638.11,0.391336,CCHA.451.21,0.316584,CHIP.393.7,0.272711,CVAI.442.7,0.263087,CORL.511.13,0.253707,CANT.328.14,0.253615,CHIP.393.6,0.245126,CANT.328.15,0.236621,CAGD.506.37,0.233811
1437,D1723.534.3.txt,canon_unlabelled/D1723.534.3.txt,CTOL.638.11,0.517325,CCHA.451.21,0.348747,CVAI.442.7,0.330977,CAGD.506.62,0.271251,CARL.501?.25,0.262014,CAGD.506.37,0.252012,CHIP.393.8,0.245228,CHIP.393.7,0.243815,"Gregorius Nazianzus-Rufinus, Apologeticus 73 (ed. Engelbrecht, 57, lines 7–9)",0.236891,CARL.314.15,0.234965
1438,D1723.534.4.txt,canon_unlabelled/D1723.534.4.txt,CHIP.393.27,0.286118,CSAR.347.7,0.240101,CSAR.347.5,0.211984,Unidentified,0.210845,CANT.328.14,0.205809,CANT.328.8,0.205718,CVAI.442.7,0.192413,CSAR.347.4,0.18979,CANC.314.23,0.187874,CHIP.393.10,0.187545
1439,D1723.534.7.txt,canon_unlabelled/D1723.534.7.txt,CCHA.451.21,0.333931,CTOL.638.11,0.259032,CNIC.325.11,0.246787,CARL.501?.25,0.244071,CAGD.506.44,0.23681,CAGD.506.2,0.208843,CAGD.506.62,0.206957,CANC.314.16,0.190473,CORL.541.29,0.190339,"John Cassian, Collationes 20.8 (ed. Petschenig, p. 561, line 9–p. 562, line 4)",0.187348
1440,D1723.534.8.txt,canon_unlabelled/D1723.534.8.txt,CTOL.638.11,0.842138,CVAI.442.7,0.415285,CCHA.451.21,0.411151,CHIP.393.7,0.385274,CAGD.506.37,0.294393,CARL.501?.25,0.281018,CANT.328.14,0.278875,CHIP.393.8,0.278102,CTOL.589.17,0.276231,CTOL.633.31,0.270226
1441,D1723.534.9.txt,canon_unlabelled/D1723.534.9.txt,CARL.501?.28,0.319731,CCHA.451.21,0.266292,CAGD.506.50 (addit.),0.250849,CANC.314.16,0.238746,CHIP.393.39,0.230367,CCHA.451.9,0.225422,CAGD.506.32,0.220841,CNIC.325.9,0.209977,CHIP.393.36,0.20876,CAGD.506.44,0.208665
1442,D1723.535.2.txt,canon_unlabelled/D1723.535.2.txt,CARL.501?.11,0.276992,CHIP.393.20,0.256858,CTOL.397.15,0.242539,CVAI.442.8,0.239014,CAGD.506.62,0.228325,CHIP.393.6,0.225512,CAGD.506.37,0.222979,CTOL.638.11,0.206238,CVAI.442.7,0.204079,Can.apost.25,0.197962
1443,D1723.535.3.txt,canon_unlabelled/D1723.535.3.txt,CGAN.355.18,0.240079,CORL.511.31,0.220455,CMAC.581.9,0.219198,CHIP.393.9,0.197896,CTUR.439.7,0.197847,CAUX.561.7,0.197622,CTOL.589.21,0.196286,CLAO.300.51,0.185006,CSAR.347.4,0.183666,CAGD.506.12,0.182313
1444,D1723.535.4.txt,canon_unlabelled/D1723.535.4.txt,CGAN.355.8,0.253213,CTOL.638.4,0.250145,Can.apost.44,0.235832,CNIC.325.17,0.234831,CCHA.451.1,0.217862,"CTOL.653.13  (excerpta canonum cap. 13)  Martinez Diez, vol. 5, pp. 475-476; text modified in W",0.207698,CHIP.393.20,0.201191,Can.apost.9,0.200275,Can.apost.26,0.19485,"Caesarius, Sermo 43.5 (ed. Morin, 192, lines 17–23)",0.186495
1445,D1723.535.5.txt,canon_unlabelled/D1723.535.5.txt,CARL.501?.28,0.237899,CAGD.506.44,0.232542,CSAR.347.3,0.219934,CTOL.636.7,0.211609,CARL.314.18,0.209492,CTOL.636.9,0.205874,"Augustine, Serm.de vet.test. 9.20 (ed. Lambot, 146, line 694–96)",0.203773,CARL.501?.18,0.199098,CAGD.506.26,0.195639,CORL.511.31,0.192274
1446,D1723.535.6.txt,canon_unlabelled/D1723.535.6.txt,CTOL.633.31,0.889799,CAGD.506.62,0.312836,CHIP.393.9,0.288876,CHIP.393.10,0.288689,"Caesarius, Sermo 43.5 (ed. Morin, 192, lines 2–7)",0.252469,CTOL.633.32,0.241918,CTOL.638.11,0.239168,"(ed. MOMMSEN, as Gildas, Epist.deperd.fragm. 5, in Chronica minora, 88, lines 1–2; trans. WINTERBOTTOM, Gildas,
82)",0.227935,CTOL.633.65,0.219589,CTOL.633.75,0.217542
1447,D1723.535.8.txt,canon_unlabelled/D1723.535.8.txt,CSAR.347.3,0.691182,CSAR.347.7,0.40295,CSAR.347.4,0.307363,CHIP.393.7,0.299617,CSAR.347.5,0.295563,"Augustine, De serm.dom.in monte, 1.20.63 (ed. Mutzenbecher, 72, lines 1569–82)",0.293478,CANT.328.14,0.291821,"Eusebius-Rufinus, HE 10.2 (eds Mommsen–Schwartz, II, 961, lines 10–19)",0.279718,"Gregorius Nazianzus-Rufinus, Apologeticus 73 (ed. Engelbrecht, 57, lines 7–9)",0.273853,"Augustine, Serm.de vet.test. 9.20 (ed. Lambot, 146, line 694–96)",0.264172
1448,D1723.535.9.txt,canon_unlabelled/D1723.535.9.txt,CSAR.347.4,0.839224,CSAR.347.3,0.289466,CANT.328.14,0.239933,CSAR.347.7,0.233019,"Eusebius-Rufinus, HE 10.5 (eds Mommsen–Schwartz, II, 963, line 21)",0.231485,CVAI.442.5,0.203679,CSAR.347.6,0.199897,"Jerome, De perpetua virginitate beatae Mariae, adversus Helvidium, c. 4 (in PL 23, cols
186C–87A)",0.199409,CAGD.506.32,0.197741,CSAR.347.1,0.195616
1449,D1723.536.1.txt,canon_unlabelled/D1723.536.1.txt,CSAR.347.16,0.832042,CANT.328.16,0.230314,"Eusebius-Rufinus, HE 10.5 (eds Mommsen–Schwartz, II, 963, line 21)",0.208988,"Augustine, Serm.de vet.test. 9.20 (ed. Lambot, 146, line 694–96)",0.201681,"Caesarius, Sermo 2, ammonitio (ed. Morin, 18, lines 7–15)",0.19574,CGAN.355.8,0.189252,CTOL.633.4,0.183602,CSAR.347.3,0.178583,RPCO.757.8,0.174772,CSAR.347.17,0.171531
1450,D1723.536.2.txt,canon_unlabelled/D1723.536.2.txt,CSAR.347.17,0.820943,"Jerome, Comm.in Mat.libri IV, lib. 3, vers. 19:9 (eds Hurst–Adriaen, 167, lines 761–80)",0.270282,CVAI.442.7,0.241341,CAUX.561.43,0.231676,CSAR.347.7,0.23043,CTOL.589.17,0.207789,CHIP.393.38,0.205565,CSAR.347.3,0.201473,CSAR.347.4,0.198067,CLAO.300.20,0.197013
1451,D1723.536.4.txt,canon_unlabelled/D1723.536.4.txt,CORA.441.10,0.310899,CNIC.325.5,0.28075,CAGD.506.44,0.255977,Can.apost.11,0.254846,CAUX.561.43,0.252608,Unidenfied,0.25235,Can.apost.12,0.248105,CTOL.636.5,0.244301,CAGD.506.62,0.236743,CTOL.397.11,0.223721
1452,D1723.536.5.txt,canon_unlabelled/D1723.536.5.txt,CHIP.393.9,0.283364,CCHA.451.21,0.242365,CHIP.393.20,0.236618,CTOL.633.3,0.234346,CSAR.347.7,0.219653,CNIC.325.6,0.214857,CSAR.347.3,0.208132,CHIP.393.10,0.206225,CHIP.393.7,0.199633,Can.apost.27,0.198632
1453,D1723.536.6.txt,canon_unlabelled/D1723.536.6.txt,Can.apost.12,0.288704,CAGD.506.37,0.224777,CORL.511.2,0.199427,CTOL.633.47,0.19833,CCHA.451.27,0.189838,CAGD.506.41,0.188204,"CTOL.653.13  (excerpta canonum cap. 13)  Martinez Diez, vol. 5, pp. 475-476; text modified in W",0.185867,CTOL.638.11,0.182632,CAGD.506.26,0.176813,CNIC.325.9,0.17656
1454,D1723.536.7.txt,canon_unlabelled/D1723.536.7.txt,CAGD.506.2,0.305236,CARL.501?.28,0.292278,CANC.314.16,0.26856,CTOL.633.75,0.258569,CTOL.589.17,0.219692,CTOL.633.32,0.217598,CARL.501?.23,0.206588,CTOL.589.16,0.199026,CANC.314.20,0.194086,CNEO.315.11,0.19085
1455,D1723.537.1.txt,canon_unlabelled/D1723.537.1.txt,CHIP.393.10,0.335923,CTOL.633.3,0.22533,CTOL.589.18,0.221259,CHIP.393.20,0.211658,CAGD.506.62,0.202971,CTOL.397.11,0.193201,CANT.328.15,0.191293,CGAN.355.18,0.190679,CSAR.347.3,0.189632,CTOL.633.20,0.186131
1456,D1723.537.2.txt,canon_unlabelled/D1723.537.2.txt,CHIP.393.10,0.252971,CTOL.589.18,0.23305,CANT.328.14,0.229954,CHIP.393.24,0.207323,CHIP.393.27,0.204827,CVAI.442.7,0.194027,CTOL.589.21,0.191658,CSAR.347.5,0.182783,CNEO.315.13,0.181802,Unidentified,0.17958
1457,D1723.538.1.txt,canon_unlabelled/D1723.538.1.txt,CHIP.393.6,0.246948,CARL.501?.18,0.239045,CTOL.646.1,0.224477,CHIP.393.38,0.221103,CANC.314.15,0.220179,CANT.328.12,0.186455,CTOL.633.36,0.182626,CVAI.442.3,0.179814,CHIP.393.7,0.176266,CARL.314.21,0.176164
1458,D1723.538.2.txt,canon_unlabelled/D1723.538.2.txt,CTOL.633.46,0.251919,CORA.441.15,0.226521,CORL.538.26 (23),0.20182,CANT.328.23,0.186234,CNIC.325.2,0.185121,CARL.314.17,0.181805,CARL.501?.11,0.175985,CCHL.647.12,0.170299,CNEO.315.9,0.169398,Can.apost.11,0.158969
1459,D1723.538.3.txt,canon_unlabelled/D1723.538.3.txt,CTOL.633.28,0.836741,CSAV.859.12,0.314049,"Source unidentified, but cf. Augustine, In Iohannis euangelium tractatus, tract. 73.1 (ed. R. Willems,
CCSL 36 [Turnhout, 1954], 510, lines 23–4)",0.2356,CTOL.636.9,0.217187,CTOL.656.5,0.209977,RPWO.758.20,0.205603,CAGD.506.2,0.196332,CSOI.744.3,0.194014,CTOL.589.0 Conc. Toletana III; anno 589; PL 84 col. 384-386; combined canons?,0.193402,CTOL.638.19,0.193248
1460,D1723.538.4.txt,canon_unlabelled/D1723.538.4.txt,CORL.538.32,0.243098,CANT.328.6,0.222872,CSAV.859.12,0.200838,Can.apost.47,0.19058,CANT.328.8,0.188416,Can.apost.50,0.178269,Can.apost.46,0.175721,CTOL.655.2,0.171659,CARL.314.15,0.171281,Capit.Martini.61,0.168384
1461,D1723.538.6.txt,canon_unlabelled/D1723.538.6.txt,CSAR.347.21,0.297517,CORL.511.16,0.26401,CSAR.347.8,0.253084,Unidenfied,0.232031,CHIP.393.39,0.221217,CSAR.347.10,0.214125,CNIC.325.11,0.208402,CORL.538.5,0.207874,CAGD.506.44,0.205592,CTOL.397.9,0.198216
1462,D1723.539.2.txt,canon_unlabelled/D1723.539.2.txt,CTOL.397.11,0.672256,CSAV.859.12,0.275205,CSAR.347.7,0.225245,CAGD.506.35,0.218348,CTOL.589.16,0.206775,Can.apost.11,0.196321,CNEO.315.1,0.186103,CORL.511.26,0.184115,"Gregorius Magnus, Hom.in ev. 2.33 (ed. Étaix, 297, lines 240–48)",0.183149,CVER.755.5,0.16848
1463,D1723.539.4.txt,canon_unlabelled/D1723.539.4.txt,"Augustine, Serm.de vet.test. 9.20 (ed. Lambot, 146, line 694–96)",0.327125,CSAR.347.3,0.327027,CSAR.347.6,0.26686,CTOL.636.9,0.263542,"Caesarius, Sermo 43.5 (ed. Morin, 192, lines 17–23)",0.240918,CSAR.347.11,0.237636,CSAR.347.16,0.231449,CSAR.347.1,0.230852,CCHA.451.5,0.230119,CHIP.393.7,0.226426
1464,D1723.539.7.txt,canon_unlabelled/D1723.539.7.txt,CTOL.589.18,0.262274,CHIP.393.10,0.257473,CHIP.393.37,0.256762,CANT.328.16,0.2555,CPAR.614.10,0.25304,CSAR.347.5,0.242519,CHIP.393.7,0.232189,"Augstine, De consensu evangelistarum 2.30 (ed. F. Weihrich, CSEL 43 [Vienna, 1904], 177,
lines 14–24)",0.223736,CAGD.506.31,0.219574,CHIP.393.39,0.216785
1465,D1723.540.3.txt,canon_unlabelled/D1723.540.3.txt,CTOL.589.19,0.771178,CANT.328.23,0.257932,CANT.328.10,0.21184,CANC.314.9,0.209221,CORA.441.9,0.198755,CTOL.633.33,0.197416,CANT.328.22,0.194232,CANT.328.24,0.193537,CLAO.300.58,0.193168,CTOL.633.51,0.182772
1466,D1723.540.5.txt,canon_unlabelled/D1723.540.5.txt,CTOL.397.7,0.300903,CNIC.325.14,0.252777,CNEO.315.5,0.248556,CANC.314.11,0.206866,CMAC.581.9,0.179035,CARL.314.11,0.176986,CTOL.397.5,0.176581,CHIP.393.13,0.174826,CTOL.589.18,0.169812,CNIC.325.16,0.169776
1467,D1723.540.6.txt,canon_unlabelled/D1723.540.6.txt,CORA.441.5,0.223993,Can.apost.15,0.220652,CANT.328.21,0.211037,RPCO.757.3,0.202831,CANT.328.3,0.200109,"Augustine, Serm.de vet.test. 9.20 (ed. Lambot, 146, line 694–96)",0.195245,CMAC.585.5,0.192904,Can.apost.49,0.189623,CNIC.325.5,0.179998,CNIC.325.16,0.179114
1468,D1723.540.7.txt,canon_unlabelled/D1723.540.7.txt,CTOL.646.4,0.730763,CTOL.633.36,0.457344,CANT.328.9,0.259582,CTOL.589.20,0.242335,CTOL.646.1,0.223114,CTOL.655.1,0.21801,CTOL.655.2,0.217777,CANC.314.15,0.216347,CRIZ.439.1,0.2149,Can.apost.2,0.204961
1469,D1723.541.2.txt,canon_unlabelled/D1723.541.2.txt,CHIP.393.10,0.22429,CANC.314.23,0.214215,CSAR.347.21,0.20583,CHIP.393.8,0.204725,CHIP.393.6,0.203532,CSAR.347.8,0.202318,CANT.328.11,0.199876,CTOL.638.11,0.189614,CTOL.633.32,0.189411,CHIP.393.7,0.175511
1470,D1723.542.5.txt,canon_unlabelled/D1723.542.5.txt,CEPA.517.3,0.248317,CNIC.325.11,0.241114,CORA.441.15,0.232334,CORA.441.24,0.220929,CHIP.393.12,0.212003,CAGD.506.51,0.202295,Can.apost.12,0.197721,CLAO.300.12,0.196568,CARL.501?.25,0.193599,CHIP.393.37,0.192486
1471,D1723.542.6.txt,canon_unlabelled/D1723.542.6.txt,Can.apost.35,0.193324,CAGD.506.55,0.184602,CARL.501?.22,0.183974,Can.apost.40,0.176179,CAGD.506.37,0.175545,CORA.441.1,0.174651,CAGD.506.62,0.173574,Capit.Martini.14,0.169702,Can.apost.36,0.169357,CNIC.325.11,0.162855
1472,D1723.543.1.txt,canon_unlabelled/D1723.543.1.txt,RPWO.758.15,0.259316,Pen. Theod. Can. Greg.; Wasserschleben p.162,0.250081,RPWO.758.8,0.233522,"Caesarius, Sermo 2, ammonitio (ed. Morin, 18, lines 7–15)",0.230984,RPWO.758.9,0.230838,CHIP.393.7,0.220426,CARL.501?.18,0.220198,CAGD.506.46,0.214078,CANC.314.14,0.210351,CARL.501?.22,0.208849
1473,D1723.543.4.txt,canon_unlabelled/D1723.543.4.txt,CTOL.655.1,0.806665,CTOL.655.9,0.391471,CTOL.646.2,0.294375,CTOL.656.3,0.27991,CTOL.636.3,0.251802,CTOL.633.67,0.241618,CTOL.655.5,0.239323,CAGD.506.61,0.228669,CORL.511.13,0.219069,CTOL.656.2,0.215001
1474,D1723.543.5.txt,canon_unlabelled/D1723.543.5.txt,CTOL.633.68,0.84879,CTOL.633.72,0.362531,CAGD.506.51,0.308668,CTOL.589.6,0.30162,CEPA.517.8,0.265228,CAGD.506.56,0.262086,CTOL.633.73,0.261481,CTOL.633.70,0.227844,CTOL.633.74,0.214292,CAGD.506.50 (addit.),0.195912
1475,D1723.544.1.txt,canon_unlabelled/D1723.544.1.txt,CTOL.633.72,0.877152,CTOL.589.6,0.455352,CTOL.633.68,0.367859,CTOL.633.70,0.364228,CTOL.633.73,0.347033,CTOL.633.71,0.336657,CNEO.315.10,0.291971,CTOL.633.74,0.287826,CTOL.655.14,0.270203,CTOL.655.13,0.257094
1476,D1723.544.2.txt,canon_unlabelled/D1723.544.2.txt,"Caesarius, Sermo 2, ammonitio (ed. Morin, 18, lines 7–15)",0.264243,CSAR.347.3,0.250484,CHIP.393.2,0.242989,CNIC.325.17,0.239285,CTOL.636.7,0.232895,CSAR.347.2,0.222173,CCHA.451.1,0.215766,CHIP.393.7,0.212988,CSAR.347.20,0.206976,CARL.314.16,0.191266
1477,D1723.544.6.txt,canon_unlabelled/D1723.544.6.txt,CTOL.589.15,0.681641,CAGD.506.44,0.241979,CTOL.589.8,0.236717,RPWO.758.17,0.219172,CTOL.633.69,0.210218,CTOL.397.7,0.196725,CHIP.393.13,0.189169,CAGD.506.56,0.181191,CVER.755.5,0.176902,Can.apost.41,0.17539
1478,D1723.544.7.txt,canon_unlabelled/D1723.544.7.txt,CTOL.589.23,0.590104,CANC.314.16,0.332665,CORL.541.29,0.232054,CAGD.506.63,0.230412,CCHA.451.18,0.205525,CAGD.506.39,0.204069,CSAR.347.1,0.196244,Can.apost.28,0.193059,CMAC.581.9,0.183032,CSAR.347.18,0.182639
1479,D1723.544.8.txt,canon_unlabelled/D1723.544.8.txt,CGAN.355.19,0.809136,Can.apost.41,0.269519,CGAN.355.4,0.259648,Can.apost.7,0.228062,CCHA.451.3,0.214013,"Isidore, De eccl.offic. 1.43 (ed. Lawson, 48, lines 16–20)",0.207231,CLAO.300.26,0.206905,CGAN.355.17,0.19842,RPWO.758.15,0.197903,CNIC.325.17,0.189585
1480,D1723.545.5.txt,canon_unlabelled/D1723.545.5.txt,CHIP.393.39,0.702918,CHIP.393.37,0.290517,"Caesarius, Sermo 43.3 (ed. Morin, 191, lines 13–19)",0.273735,CHIP.393.32,0.239796,CAGD.506.37,0.218604,CTOL.633.6,0.216457,CARL.314.9,0.214515,CORA.441.14,0.209777,RPWO.758.6,0.209611,CHIP.393.38,0.203697
1481,D1723.545.6.txt,canon_unlabelled/D1723.545.6.txt,CAGD.506.44,0.303316,CNEO.315.10,0.278802,CTOL.397.19,0.247503,Can.apost.47,0.24338,CNEO.315.11,0.242299,Can.apost.17,0.237105,CORL.511.16,0.202286,CNEO.315.12,0.200266,CCHA.451.5,0.191764,CNIC.325.13,0.187435
1482,D1723.545.7.txt,canon_unlabelled/D1723.545.7.txt,CNIC.325.11,0.281774,CNIC.325.14,0.264984,CTOL.633.58,0.221639,CANC.314.7,0.19988,CNIC.325.19,0.188355,CARL.501?.16,0.187423,CHIP.393.37,0.186788,CTOL.636.6,0.177788,CARL.314.9,0.174515,CNEO.315.12,0.168976
1483,D1723.547.2.txt,canon_unlabelled/D1723.547.2.txt,"John Cassian, Collationes 20.8 (ed. Petschenig, p. 561, line 9–p. 562, line 4)",0.198291,CARL.501?.18,0.177991,"(ed. MOMMSEN, as Gildas, Epist.deperd.fragm. 6, in Chronica minora, 88, lines 11–12; trans. WINTERBOTTOM,
Gildas, 82)",0.173366,CORL.511.16,0.170552,CVAI.442.7,0.169826,CGAN.355.8,0.167245,CNEO.315.12,0.161477,Can.apost.30,0.161452,CNIC.325.2,0.160665,Can.apost.34,0.160342
1484,D1723.550.6.txt,canon_unlabelled/D1723.550.6.txt,CARL.501?.28,0.250326,CSAR.347.13,0.247684,CAGD.506.37,0.241488,CTOL.638.19,0.233272,CLAO.300.23,0.230055,CNIC.325.17,0.225264,CTOL.636.9,0.225242,CVAI.442.6,0.225141,CHIP.393.38,0.222973,CSAR.347.3,0.217652
1485,D1723.550.7.txt,canon_unlabelled/D1723.550.7.txt,DSIR.384.255  cap. 14,0.318179,CARL.501?.25,0.317867,CORA.441.15,0.306452,CEPA.517.3,0.303729,CHIP.393.37,0.289739,CNIC.325.10,0.247476,CORA.441.24,0.234951,CEPA.517.29,0.219932,CCHA.451.6,0.219794,CTOL.633.46,0.21916
1486,D1723.551.1.txt,canon_unlabelled/D1723.551.1.txt,CHIP.393.15,0.267355,Can.apost.17,0.248656,Can.apost.33,0.206049,CNEO.315.12,0.20081,CNEO.315.,0.197807,CNEO.315.10,0.194733,CNEO.315.11,0.192864,Can.apost.47,0.191581,Can.apost.21,0.189818,Can.apost.39,0.181668
1487,D1723.551.10.txt,canon_unlabelled/D1723.551.10.txt,CORA.441.14,0.423846,CHIP.393.39,0.236083,CNIC.325.14,0.225114,CNEO.315.6,0.21255,CLAO.300.26,0.194666,CHIP.393.1,0.184289,CARL.314.14,0.183825,Can.apost.34,0.174517,CORL.511.31,0.1692,CORA.441.13,0.16728
1488,D1723.551.12.txt,canon_unlabelled/D1723.551.12.txt,CORA.441.14,0.218679,CLAO.300.6,0.20359,CAUX.561.20,0.188434,CNEO.315.5,0.187941,CARL.501?.4,0.177627,CNEO.315.4,0.165112,CTOL.397.8,0.162656,CTOL.633.37,0.162519,CTOL.633.28,0.159663,CPAR.614.10,0.152606
1489,D1723.551.2.txt,canon_unlabelled/D1723.551.2.txt,CTOL.633.54,0.786409,CARL.501?.7,0.262914,CCHA.451.6,0.257016,Capit.Martini.61,0.246638,CTOL.636.3,0.235763,CTOL.646.1,0.21522,DSIR.384.255  cap. 14,0.21453,CARL.501?.25,0.213846,DSIR.384.255 cap 7,0.213506,CTOL.638.4,0.211388
1490,D1723.551.3.txt,canon_unlabelled/D1723.551.3.txt,CTOL.633.73,0.809969,CORA.441.15,0.367577,CTOL.638.10,0.344588,CTOL.633.72,0.336877,CTOL.655.13,0.32657,CTOL.655.15,0.294206,CTOL.633.70,0.287897,CTOL.633.71,0.286375,CTOL.638.9,0.283535,CTOL.655.11,0.265286
1491,D1723.551.4.txt,canon_unlabelled/D1723.551.4.txt,CAGD.506.2,0.254357,CANC.314.16,0.246046,CAGD.506.5,0.24531,CCHA.451.21,0.230777,CAGD.506.37,0.226508,CLAO.300.23,0.223359,CORL.541.29,0.219671,CORL.538.9,0.214359,"Jerome, Comm.in IV ep.Paul., ad Tit. vers. 2:9–10 (PL 26, col. 585C–D)",0.213109,CORL.538.32,0.210133
1492,D1723.551.7.txt,canon_unlabelled/D1723.551.7.txt,CLAO.300.23,0.312494,"Gregorius Magnus, Hom.in ev. 2.26 (ed. Étaix, 222, lines 116–19) Ps (G) 50:19",0.275198,CAGD.506.37,0.238841,"Caesarius, Sermo 2, ammonitio (ed. Morin, 18, lines 7–15)",0.218525,CTOL.633.25,0.210957,CVAI.442.6,0.199959,CARL.501?.28,0.196161,CAGD.506.50 (addit.),0.191363,CAGD.506.44,0.191335,CTOL.633.13,0.187995
1493,D1723.551.8.txt,canon_unlabelled/D1723.551.8.txt,CLAO.300.6,0.209862,CLAO.300.24,0.207271,CORA.441.14,0.194248,CTOL.633.26,0.192925,CNEO.315.6,0.188238,"Ambrose, Exp.ev.sec.Luc. lib. 9, vers. 20:24 (ed. Adriaen, 343, line 326) Source (quęrit de ... alia mundi)",0.173787,CORL.511.3,0.16999,Can.apost.41,0.167884,CVAI.442.4,0.167546,CORL.549.20,0.163952
1494,D1723.551.9.txt,canon_unlabelled/D1723.551.9.txt,CHIP.393.18,0.278049,CHIP.393.1,0.273359,CLAO.300.23,0.255627,CTOL.633.25,0.242661,CTOL.397.3,0.229251,"Caesarius, Sermo 2, ammonitio (ed. Morin, 18, lines 7–15)",0.223476,CNIC.325.12,0.21548,Can.apost.27,0.204678,"Eusebius-Rufinus, HE 10.5 (eds Mommsen–Schwartz, II, 963, line 21)",0.20406,CSAR.347.13,0.199618
1495,D1723.552.1.txt,canon_unlabelled/D1723.552.1.txt,CTOL.633.28,0.342983,CAUX.561.36,0.252812,CAUX.561.22,0.21845,CANT.328.10,0.204451,RPWO.758.20,0.204351,CAUX.561.6,0.202811,Can.apost.30,0.191036,CAUX.561.32,0.189811,CORA.441.14,0.188297,CANC.314.9,0.186146
1496,D1723.552.11.txt,canon_unlabelled/D1723.552.11.txt,CCHA.451.3,0.250418,CNIC.325.17,0.226455,CANC.314.23,0.223735,CHIP.393.15,0.223417,CCHA.451.4,0.197861,"Augstine, De consensu evangelistarum 2.30 (ed. F. Weihrich, CSEL 43 [Vienna, 1904], 177,
lines 14–24)",0.182824,CHIP.393.26,0.173175,CANT.328.16,0.171334,CTOL.633.29,0.168204,CCHA.451.9,0.16797
1497,D1723.552.3.txt,canon_unlabelled/D1723.552.3.txt,CAGD.506.41,0.242559,CARL.501?.28,0.220874,CNEO.315.10,0.185486,RPWO.758.6,0.176437,CNIC.325.11,0.174222,CAGD.506.55,0.164729,CANC.314.9,0.164692,CAGD.506.44,0.161599,CORL.541.19,0.161103,Can.apost.14,0.160375
1498,D1723.552.7.txt,canon_unlabelled/D1723.552.7.txt,CTOL.397.5,0.69712,CSAR.347.11,0.205399,CNEO.315.,0.202668,CSAR.347.12,0.201108,"(ed. MOMMSEN, as Gildas, Epist.deperd.fragm. 6, in Chronica minora, 88, lines 11–12; trans. WINTERBOTTOM,
Gildas, 82)",0.200318,CNEO.315.11,0.199659,"Gregorius Magnus, Hom.in ev. 2.39 (ed. Étaix, 382, lines 66–7)",0.191341,CARL.314.1,0.186062,CSAR.347.13,0.183838,CTOL.589.11,0.181303
1499,D1723.552.9.txt,canon_unlabelled/D1723.552.9.txt,CAGD.506.2,0.234427,CORL.538.32,0.233769,DSIR.384.255  cap. 13,0.190315,CTOL.656.3,0.190054,Can.apost.28,0.176623,CTOL.638.4,0.175419,CANC.314.15,0.174126,CTOL.633.32,0.172261,CVAI.442.4,0.16863,"cf. Jerome, Epistola 22, ad Eustochium (ed. Hilberg, I, 160, line 3)",0.168159
1500,D1723.553.10.txt,canon_unlabelled/D1723.553.10.txt,Can.apost.41,0.207967,CTOL.638.5,0.20729,CNEO.315.10,0.193454,"Gregory of Nazianzus-Rufinus, In semet.de agr.regr. 16 (ed. Engelbrecht, 186, lines 7–10)",0.190637,CAGD.506.8,0.181396,Can.apost.49,0.176127,CLAO.300.52,0.16432,CVAI.442.4,0.163976,CAUX.561.3,0.153403,CAGD.506.5,0.151461
1501,D1723.553.11.txt,canon_unlabelled/D1723.553.11.txt,CAGD.506.44,0.28456,CTOL.636.5,0.253332,CAGD.506.2,0.206546,CAGD.506.35,0.19555,CTOL.589.11,0.191274,CTOL.633.32,0.183744,CARL.501?.28,0.18134,CAGD.506.31,0.178869,CAGD.506.5,0.17867,CVAI.442.7,0.177799
1502,D1723.553.12.txt,canon_unlabelled/D1723.553.12.txt,CTOL.633.46,0.759898,"Caesarius, Sermo 43.5 (ed. Morin, 192, lines 2–7)",0.283368,"cf. Jerome, Epistola 22, ad Eustochium (ed. Hilberg, I, 160, line 3)",0.240226,CAGD.506.41,0.216265,CTOL.589.22,0.214762,CHIP.393.26,0.207422,CORA.441.15,0.196425,CANC.314.16,0.194915,CARL.501?.11,0.193594,CTOL.589.17,0.19072
1503,D1723.553.2.txt,canon_unlabelled/D1723.553.2.txt,CTOL.633.24,0.769018,CTOL.646.5,0.341144,CHIP.393.1,0.252427,CANC.314.3,0.236877,CAGD.506.41,0.234847,Can.apost.2,0.227249,CVAI.442.7,0.223911,CRIZ.439.1,0.223687,CTOL.633.60,0.222718,CANC.314.23,0.222557
1504,D1723.553.5.txt,canon_unlabelled/D1723.553.5.txt,CTOL.633.29,0.775939,CANC.314.23,0.318981,CAUX.561.4,0.300168,CORL.511.30,0.28331,CLAO.300.23,0.264622,"Caesarius, Sermo 192.4 (ed. Morin, 781, lines 7–9)",0.220274,CTOL.633.75,0.218541,"cf. Jerome, Epistola 22, ad Eustochium (ed. Hilberg, I, 160, line 3)",0.212021,CTOL.638.18,0.211082,CCHA.451.18,0.208633
1505,D1723.553.6.txt,canon_unlabelled/D1723.553.6.txt,CHIP.393.26,0.669628,CORL.541.29,0.193297,Can.apost.36,0.192097,"Source unidentified, but cf. Eucherius of Lyon, Instructionum ad Salonium libri II, lib. 2 (ed. C.
Mandolfo, CCSL 66 [Turnhout, 2004], 201–03, lines 263–65)",0.181856,CAGD.506.8,0.179811,CAGD.506.41,0.178664,CTOL.646.6,0.17624,Can.apost.42,0.167318,CSAR.347.10,0.165865,CAGD.506.52,0.163796
1506,D1723.553.7.txt,canon_unlabelled/D1723.553.7.txt,CTOL.633.45,0.478963,RPWO.758.16,0.253969,CLAO.300.26,0.206452,CANC.314.17,0.205601,CARL.314.7,0.202206,CNEO.315.1,0.196489,CARL.501?.25,0.19483,CORL.511.28,0.192411,CANC.314.16,0.180528,CAGD.506.2,0.180204
1507,D1723.553.8.txt,canon_unlabelled/D1723.553.8.txt,CTOL.633.41,0.219688,CLAO.300.23,0.215429,CHIP.393.26,0.215425,CCHA.451.5,0.207747,CTOL.636.9,0.198959,CORL.541.29,0.197392,CTOL.633.75,0.188339,CCHA.451.27,0.182068,CTOL.636.7,0.179043,CTOL.646.6,0.178883
1508,D1723.553.9.txt,canon_unlabelled/D1723.553.9.txt,CAGD.506.8,0.238208,CAGD.506.5,0.216464,CANC.314.20,0.200486,CAGD.506.39,0.188996,CLAO.300.52,0.185219,CAGD.506.2,0.184148,Can.apost.12,0.18221,CTOL.589.23,0.181144,Can.apost.23,0.179464,CHIP.393.26,0.178406
1509,D1723.554.1.txt,canon_unlabelled/D1723.554.1.txt,CAGD.506.44,0.246989,CORL.511.17,0.226294,CLAO.300.58,0.201706,CAGD.506.41,0.201505,CCHA.451.27,0.189792,CCHA.451.5,0.18387,CORA.441.1,0.183172,CANC.314.16,0.181626,"Gregorius Nazianzus-Rufinus, Apologeticus 73 (ed. Engelbrecht, 57, lines 7–9)",0.179384,CHIP.393.39,0.177432
1510,D1723.554.10.txt,canon_unlabelled/D1723.554.10.txt,CTOL.397.3,0.473063,CLAO.300.23,0.263089,CEPA.517.29,0.240409,CTOL.633.41,0.222688,CNEO.315.7,0.220037,CHIP.393.18,0.187647,CORA.441.24,0.18451,CSAR.347.13,0.182405,Can.apost.27,0.181805,CORL.511.16,0.176835
1511,D1723.554.2.txt,canon_unlabelled/D1723.554.2.txt,CORL.538.9,0.298064,RPWO.758.15,0.237694,CTOL.633.16,0.235496,"(ed. MOMMSEN, as Gildas, Epist.deperd.fragm. 3, in Chronica minora, 86, lines 17–21; trans. WINTERBOTTOM, Gildas, 80)",0.227903,CLAO.300.23,0.216165,"CMEA.845.0 ""Canon extravagans 2"", Conc. Meaux, a. 845; unique to this ms, apud MGH Conc. III p. 129",0.211703,CAGD.506.2,0.209877,CTOL.633.41,0.202858,CCHA.451.18,0.196082,CTOL.636.3,0.19233
1512,D1723.554.3.txt,canon_unlabelled/D1723.554.3.txt,CGAN.355.12,0.263351,CGAN.355.13,0.22342,"Jerome, Epistola 22, ad Eustochium (ed. Hilberg, I, p. 182, line 20–p. 183, line 4)",0.221656,CCHA.451.21,0.212854,"Augstine, De consensu evangelistarum 2.30 (ed. F. Weihrich, CSEL 43 [Vienna, 1904], 177,
lines 14–24)",0.20382,CTOL.656.4,0.200447,"Gregory of Nazianzus-Rufinus, In semet.de agr.regr. 15 (ed. Engelbrecht, 185, lines 11–13)",0.193043,CORL.511.16,0.186883,CAGD.506.39,0.177589,CAGD.506.2,0.174438
1513,D1723.554.4.txt,canon_unlabelled/D1723.554.4.txt,CAUX.561.40,0.351104,CAGD.506.39,0.27303,CTOL.633.29,0.242231,CNIC.325.17,0.235864,CAGD.506.38,0.234002,CTOL.636.5,0.232407,CTOL.589.23,0.231037,CTOL.633.16,0.230579,CTOL.633.13,0.21956,CTOL.589.7,0.218251
1514,D1723.554.5.txt,canon_unlabelled/D1723.554.5.txt,CNIC.325.5,0.310877,CAGD.506.38,0.226557,Can.apost.28,0.218522,CTOL.633.75,0.217016,CLAO.300.23,0.214211,CTOL.636.5,0.208968,CORA.441.10,0.196016,CTOL.633.16,0.194303,Can.apost.12,0.194251,CTOL.397.15,0.185989
1515,D1723.554.6.txt,canon_unlabelled/D1723.554.6.txt,CCHA.451.21,0.284127,CAGD.506.41,0.199241,CORL.538.32,0.197238,Can.apost.11,0.197057,CORL.541.29,0.197013,CTOL.633.15,0.188722,CTOL.633.8,0.188189,CLAO.300.57,0.179458,Capit.Martini.61,0.178846,Can.apost.12,0.176203
1516,D1723.554.7.txt,canon_unlabelled/D1723.554.7.txt,CTOL.656.6,0.868437,CTOL.656.4,0.400698,CTOL.656.5,0.32647,CTOL.527.1,0.29963,CTOL.633.55,0.292613,CTOL.646.5,0.292421,CTOL.638.6,0.262686,CARL.501?.25,0.255073,CTOL.633.19,0.245259,CEPA.517.29,0.239412
1517,D1723.554.8.txt,canon_unlabelled/D1723.554.8.txt,CTOL.397.2,0.550377,CNIC.325.11,0.242779,CTOL.397.4,0.226591,CLAO.300.24,0.215757,Galatians.4:16,0.202394,Can.apost.29,0.195655,CARL.501?.25,0.186396,"John Cassian, Collationes 20.8 (ed. Petschenig, p. 561, line 9–p. 562, line 4)",0.183121,CARL.501?.18,0.181762,CHIP.393.36,0.181254
1518,D1723.554.9.txt,canon_unlabelled/D1723.554.9.txt,CLAO.300.23,0.264833,CTOL.397.3,0.247541,CAGD.506.44,0.242679,CHIP.393.39,0.230717,CHIP.393.36,0.22753,"Caesarius, Sermo 2, ammonitio (ed. Morin, 18, lines 7–15)",0.225014,CNEO.315.10,0.212287,CTOL.633.41,0.209903,CHIP.393.8,0.206316,"Augustine, Serm.de vet.test. 9.20 (ed. Lambot, 146, line 694–96)",0.191255
1519,D1723.555.1.txt,canon_unlabelled/D1723.555.1.txt,RPWO.758.14,0.265008,CORL.511.25,0.247757,CNEO.315.11,0.242492,CHIP.393.39,0.223513,CAGD.506.18,0.220126,CAGD.506.44,0.218406,CHIP.393.34,0.209146,CNIC.325.11,0.207271,CAGD.506.41,0.201345,CAGD.506.37,0.201004
1520,D1723.555.14.txt,canon_unlabelled/D1723.555.14.txt,"CTOL.653.13  (excerpta canonum cap. 13)  Martinez Diez, vol. 5, pp. 475-476; text modified in W",0.338636,CCHA.451.21,0.199753,CRIZ.439.2,0.197411,CANC.314.24,0.191865,CORL.538.32,0.190678,CNIC.325.9,0.190643,CLAO.300.13,0.181554,CORA.441.15,0.180725,"GREG.MAG. Hom.in ev. 2.26 (ed. Étaix, 222, lines 98–102) Gregorius Magnus, Hom.in ev. 2.26 (ed. Étaix, 222, lines 109–11) GREG.MAG. Hom.in ev. 2.22 (ed. Étaix, 191, lines 272–76)",0.178453,CHIP.393.38,0.177541
1521,D1723.555.3.txt,canon_unlabelled/D1723.555.3.txt,CLAO.300.20,0.343576,CAGD.506.44,0.305196,CORA.441.14,0.231559,CNIC.325.11,0.220505,CLAO.300.26,0.220385,Can.apost.37,0.215242,CAGD.506.62,0.211064,CAGD.506.37,0.203157,CCHA.451.21,0.197944,Can.apost.42,0.193491
1522,D1723.555.4.txt,canon_unlabelled/D1723.555.4.txt,CAGD.506.44,0.252318,RPWO.758.15,0.232314,CORL.511.31,0.218778,CHIP.393.4,0.217021,CNEO.315.12,0.216468,CORL.511.12,0.211633,Can.apost.41,0.208169,CAGD.506.5,0.200096,CORL.511.3,0.195092,CNEO.315.6,0.189536
1523,D1723.555.5.txt,canon_unlabelled/D1723.555.5.txt,CORL.511.17,0.261912,CAGD.506.62,0.233544,CLAO.300.20,0.232529,CAGD.506.44,0.22057,Can.apost.14,0.21715,CLAO.300.58,0.180963,CTOL.633.68,0.176798,Can.apost.33,0.175702,CAGD.506.37,0.171184,CTOL.633.72,0.167724
1524,D1723.555.6.txt,canon_unlabelled/D1723.555.6.txt,CAGD.506.44,0.319432,Can.apost.2,0.217238,CCHA.451.21,0.192142,CGAN.355.5,0.186895,CNEO.315.6,0.183699,CGAN.355.17,0.178427,CCHA.451.5,0.170647,CAGD.506.5,0.166422,CORA.441.28,0.162175,CORL.511.16,0.16103
1525,D1723.555.7.txt,canon_unlabelled/D1723.555.7.txt,CAGD.506.44,0.246263,Can.apost.37,0.207531,CNIC.325.7,0.190576,CNEO.315.11,0.183099,CLAO.300.52,0.178198,CAGD.506.41,0.173882,CAGD.506.37,0.173505,CCHA.451.5,0.170584,CGAN.355.7,0.16833,CORL.511.26,0.166838
1526,D1723.556.1.txt,canon_unlabelled/D1723.556.1.txt,CTOL.633.20,0.258624,Can.apost.28,0.232349,CCHA.451.6,0.220531,CTOL.397.2,0.218915,CRIZ.439.5,0.217039,CANT.328.10,0.214645,CAGD.506.35,0.213194,CMEA.845.10,0.213176,Can.apost.7,0.212252,"Gregorius Nazianzus-Rufinus, Apologeticus 91 (ed. Engelbrecht, 68, lines 20–3)",0.198252
1527,D1723.556.2.txt,canon_unlabelled/D1723.556.2.txt,CSAR.347.9,0.283409,CSAR.347.12,0.243385,CSAR.347.18,0.231397,CSAR.347.7,0.226824,CAGD.506.35,0.225112,CSAR.347.19,0.212227,CSAR.347.8,0.211986,CHIP.393.30,0.211241,CSAR.347.17,0.209573,CAGD.506.63,0.205179
1528,D1723.556.4.txt,canon_unlabelled/D1723.556.4.txt,CNEO.315.8,0.241244,CNEO.315.10,0.208552,CGAN.355.8,0.198676,Can.apost.49,0.189972,Can.apost.41,0.181413,CORL.511.31,0.172081,CGAN.355.7,0.171424,"Source unidentified, but cf. Augustine, In Iohannis euangelium tractatus, tract. 73.1 (ed. R. Willems,
CCSL 36 [Turnhout, 1954], 510, lines 23–4)",0.17054,CANT.328.7,0.169396,CANT.328.18,0.167922
1529,D1723.556.7.txt,canon_unlabelled/D1723.556.7.txt,CAGD.506.44,0.337638,CANC.314.9,0.228014,CARL.501?.28,0.227661,CGAN.355.17,0.22643,CNEO.315.10,0.210125,CLAO.300.26,0.201562,CLAO.300.52,0.198959,CNIC.325.4,0.197544,CANT.328.17,0.192198,CLAO.300.13,0.190093
1530,D1723.557.10.txt,canon_unlabelled/D1723.557.10.txt,CHIP.393.38,0.620375,CVAI.442.7,0.288211,"Gregorius Magnus, Hom.in ev. 2.26 (ed. Étaix, 222, lines 116–19) Ps (G) 50:19",0.248051,CHIP.393.39,0.239049,CORA.441.25,0.235655,CSAR.347.6,0.199041,"Caesarius, Sermo 2, ammonitio (ed. Morin, 18, lines 7–15)",0.19387,CHIP.393.2,0.193646,CHIP.393.8,0.190321,CHIP.393.7,0.189417
1531,D1723.557.2.txt,canon_unlabelled/D1723.557.2.txt,CAGD.506.44,0.369458,CAGD.506.50 (addit.),0.209913,CVER.755.11,0.193372,CARL.501?.28,0.190649,Unidenfied,0.179306,Unidentified,0.177156,CORL.511.16,0.174291,CGAN.355.17,0.173229,"cf. Poen. Theodori, capp. III.3, III.4, III.5; Wasserschleben, p. 204",0.166619,CAGD.506.8,0.166471
1532,D1723.557.8.txt,canon_unlabelled/D1723.557.8.txt,CLAO.300.13,0.301067,CCHA.451.21,0.250781,CHIP.393.20,0.241708,CNIC.325.6,0.21168,CNEO.315.12,0.210727,CTOL.633.64,0.205743,CORL.511.16,0.205339,CLAO.300.48,0.197767,CLAO.300.29,0.195743,CLAO.300.12,0.193125
1533,D1723.558.7.txt,canon_unlabelled/D1723.558.7.txt,CHIP.393.18,0.319565,CORL.541.6,0.23821,CHIP.393.39,0.23777,CHIP.393.1,0.228139,CTOL.589.10,0.219327,CTOL.397.8,0.217839,CNEO.315.11,0.212751,CSAR.347.13,0.211661,CEPA.517.3,0.206446,CTOL.638.5,0.20312
1534,D1723.559.1.txt,canon_unlabelled/D1723.559.1.txt,CLAO.300.20,0.205964,RPWO.758.14,0.202452,"Jerome, Comm.in proph.minor., in Ionam 1:4 (ed. Adriaen, I, 384–85, lines 165–76)",0.194169,CANC.314.17,0.192772,CHIP.393.29,0.187092,CNIC.325.10,0.178837,CARL.314.21,0.177682,CANC.314.12,0.174547,CCHA.451.10,0.173735,CTOL.633.33,0.168732
1535,D1723.559.2.txt,canon_unlabelled/D1723.559.2.txt,CANT.328.9,0.262311,Can.apost.14,0.218774,CANT.328.10,0.188564,CEPA.517.29,0.168722,CAGD.506.15,0.164636,CCHA.451.17,0.164569,Can.apost.15,0.163703,CNEO.315.12,0.162246,CCHA.451.3,0.155889,CTOL.633.36,0.152729
1536,D1723.559.3.txt,canon_unlabelled/D1723.559.3.txt,CHIP.393.2,0.259597,CTOL.589.18,0.196888,RPWO.758.14,0.194292,CCHA.451.11,0.187358,CANC.314.4,0.179517,"Gregory of Nazianzus- Rufinus, De Pentecoste et de spiritu sancto 2 (in Tyranni Rufini
orationum Gregorii Nazianzeni novem interpretatio, ed. Engelbrecht, 143, lines 8–16)",0.175855,CHIP.393.18,0.165175,CHIP.393.8,0.164961,CTOL.633.29,0.164923,CTOL.633.19,0.164044
1537,D1723.559.4.txt,canon_unlabelled/D1723.559.4.txt,CAGD.506.44,0.258481,CHIP.393.39,0.205962,CNEO.315.10,0.203927,CHIP.393.18,0.19938,"Caesarius, Sermo 2, ammonitio (ed. Morin, 18, lines 7–15)",0.196044,CEPA.517.3,0.187989,CAGD.506.51,0.185085,CTOL.633.46,0.184277,CORL.511.31,0.184079,CNIC.325.11,0.183833
1538,D1723.559.5.txt,canon_unlabelled/D1723.559.5.txt,CHIP.393.38,0.328002,CSAR.347.3,0.269352,CSAV.859.12,0.259469,CSAR.347.17,0.244531,CARL.501?.28,0.240016,CTOL.397.11,0.234057,CSAR.347.16,0.233472,CAGD.506.35,0.23141,CHIP.393.39,0.20593,CSAR.347.7,0.200661
1539,D1723.559.7.txt,canon_unlabelled/D1723.559.7.txt,CTOL.638.1,0.69115,"Gregory of Nazianzus- Rufinus, In semet.de agr.regr. 13 (ed. Engelbrecht, 182, lines 9–11)",0.320082,CTOL.633.57,0.2696,CARL.314.9,0.268447,CTOL.633.6,0.247343,"Gregorius Magnus, Hom.in ev. 2.26 (ed. Étaix, 222, lines 116–19) Ps (G) 50:19",0.218399,CTOL.656.1,0.216768,"Source unidentified, but cf. Augustine, In Iohannis euangelium tractatus, tract. 73.1 (ed. R. Willems,
CCSL 36 [Turnhout, 1954], 510, lines 23–4)",0.205841,CTOL.589.4,0.198445,CARL.501?.17,0.194002
1540,D1723.560.1.txt,canon_unlabelled/D1723.560.1.txt,CAUX.561.12,0.287789,CAGD.506.44,0.231456,RPWO.758.14,0.228652,CORA.441.25,0.207019,"Gregory of Nazianzus- Rufinus, Apologeticus 115 (ed. Engelbrecht, 82, lines 11–12)",0.199251,CORA.441.19,0.187347,CTOL.633.52,0.183286,CTOL.633.18,0.183248,CTOL.633.33,0.18233,"Eusebius-Rufinus, HE 10.5 (eds Mommsen–Schwartz, II, 963, line 21)",0.182288
1541,D1723.560.3.txt,canon_unlabelled/D1723.560.3.txt,CORL.511.31,0.293003,CAGD.506.44,0.287398,CAGD.506.52,0.235633,CCHA.451.5,0.230371,CORL.511.16,0.229316,RPWO.758.20,0.205916,CORA.441.17,0.200162,CORL.511.25,0.192836,CARL.501?.25,0.189043,Can.apost.35,0.184559
1542,D1723.560.5.txt,canon_unlabelled/D1723.560.5.txt,CAGD.506.44,0.202149,CCHA.451.5,0.189466,CARL.501?.18,0.179609,CORL.511.16,0.170526,CNIC.325.6,0.169351,Can.apost.35,0.169069,CNIC.325.11,0.167972,CANT.328.15,0.167273,"CTOL.653.13  (excerpta canonum cap. 13)  Martinez Diez, vol. 5, pp. 475-476; text modified in W",0.164062,"Augustine, Serm.de vet.test. 9.20 (ed. Lambot, 146, line 694–96)",0.163373
1543,D1723.560.6.txt,canon_unlabelled/D1723.560.6.txt,CNEO.315.10,0.269447,CHIP.393.36,0.262398,Can.apost.46,0.231484,CAGD.506.5,0.214433,CORL.511.31,0.209466,CGAN.355.15,0.202397,Can.apost.41,0.196234,CLAO.300.6,0.196144,CNIC.325.2,0.189606,CTOL.633.61,0.189175
1544,D1723.560.7.txt,canon_unlabelled/D1723.560.7.txt,CCHA.451.3,0.236687,CCHA.451.26,0.232702,CANT.328.24,0.230187,RPWO.758.16,0.216029,CANT.328.9,0.201689,CORL.511.16,0.20166,Can.apost.18,0.201271,CORA.441.18,0.199063,CANC.314.19,0.184814,Can.apost.39,0.183859
1545,D1723.560.8.txt,canon_unlabelled/D1723.560.8.txt,CORA.441.17,0.301881,CORL.511.31,0.238119,CARL.314.18,0.235981,CGAN.355.15,0.224573,CAGD.506.44,0.223897,CNEO.315.10,0.223697,CGAN.355.17,0.222226,RPWO.758.21,0.219395,CGAN.355.7,0.21817,Can.apost.29,0.2146
1546,D1723.561.1.txt,canon_unlabelled/D1723.561.1.txt,CORL.511.31,0.242105,CGAN.355.8,0.214147,CAGD.506.5,0.213101,CANT.328.7,0.190664,CGAN.355.11,0.184495,CORL.538.26 (23),0.175933,CORL.538.32,0.175315,CLAO.300.13,0.174756,Can.apost.49,0.172076,CLAO.300.42,0.170779
1547,D1723.561.10.txt,canon_unlabelled/D1723.561.10.txt,CSAR.347.8,0.86304,CSAR.347.10,0.330745,CSAR.347.9,0.312247,CANT.328.12,0.227433,"Jerome, Comm.in Mat.libri IV, lib. 3, vers. 19:9 (eds Hurst–Adriaen, 167, lines 761–80)",0.210619,"Caesarius, Sermo 192.4 (ed. Morin, 781, lines 7–9)",0.208292,CTOL.633.24,0.20641,CNIC.325.4,0.206347,CSAR.347.5,0.203858,"Augustine, De serm.dom.in monte, 1.20.63 (ed. Mutzenbecher, 72, lines 1569–82)",0.198007
1548,D1723.561.2.txt,canon_unlabelled/D1723.561.2.txt,CHIP.393.2,0.491711,CARL.501?.28,0.257761,CNIC.325.16,0.231606,CARL.501?.25,0.22969,CAGD.506.44,0.21114,"Caesarius, Sermo 2, ammonitio (ed. Morin, 18, lines 7–15)",0.19754,CTOL.589.11,0.195026,CAGD.506.2,0.193144,CHIP.393.36,0.191212,CANC.314.14,0.190325
1549,D1723.561.4.txt,canon_unlabelled/D1723.561.4.txt,CANT.328.16,0.237436,Can.apost.39,0.221657,CTOL.633.25,0.186679,Can.apost.6,0.17939,CNIC.325.14,0.175774,"Hermas, Libell.sanct.past., mandatum 4.1.4–8 (eds de Gebhardt– Harnack–Zahn, 79, lines 1–19)",0.171213,CARL.314.7,0.168627,Can.apost.45,0.1621,CAGD.506.52,0.160477,CAGD.506.5,0.158719
1550,D1723.561.5.txt,canon_unlabelled/D1723.561.5.txt,CAGD.506.44,0.336345,CORL.511.17,0.261223,CCHA.451.5,0.247012,CORL.511.16,0.244188,CORL.511.31,0.2191,CAGD.506.41,0.212287,CAGD.506.37,0.206928,CCHA.451.21,0.206528,CARL.501?.28,0.204243,CAGD.506.52,0.202029
1551,D1723.561.6.txt,canon_unlabelled/D1723.561.6.txt,Can.apost.2,0.293535,CTOL.633.39,0.227683,CLAO.300.20,0.210515,CAGD.506.44,0.198499,"Gregory of Nazianzus-Rufinus, In semet.de agr.regr. 16 (ed. Engelbrecht, 186, lines 7–10)",0.196655,Can.apost.35,0.194241,CNIC.325.18,0.19051,CANT.328.9,0.179638,CAGD.506.39,0.177948,CTOL.633.31,0.176259
1552,D1723.561.7.txt,canon_unlabelled/D1723.561.7.txt,CSAR.347.14,0.843905,CAGD.506.63,0.329104,CSAR.347.1,0.309347,CSAR.347.5,0.305295,CTOU.567.18 (17),0.304172,CSAR.347.15,0.293537,"Hermas, Libell.sanct.past., mandatum 4.1.4–8 (eds de Gebhardt– Harnack–Zahn, 79, lines 1–19)",0.258093,CORL.511.27,0.254369,"Ps.-Clemens-Rufinus, Recognitiones 2.72 (eds Rehm–Paschke, 94,
lines 4–8)",0.251877,"Gregory of Nazianzus- Rufinus, De Pentecoste et de spiritu sancto 2 (in Tyranni Rufini
orationum Gregorii Nazianzeni novem interpretatio, ed. Engelbrecht, 143, lines 8–16)",0.246672
1553,D1723.561.8.txt,canon_unlabelled/D1723.561.8.txt,CSAR.347.15,0.796135,CSAR.347.14,0.3383,CSAR.347.20,0.254854,CAGD.506.63,0.249787,CORL.511.27,0.244154,CHIP.393.38,0.234326,CSAR.347.9,0.224345,CSAR.347.8,0.216008,CORA.441.7,0.194544,"Augustine, Serm.de vet.test. 9.20 (ed. Lambot, 146, line 694–96)",0.182552
1554,D1723.561.9.txt,canon_unlabelled/D1723.561.9.txt,CSAR.347.13,0.707567,DSIR.384.255  cap. 13,0.313074,CNEO.315.12,0.24908,CORA.441.24,0.241173,CNIC.325.2,0.240841,CTOL.633.24,0.240227,CCHA.451.2,0.23767,CARL.501?.1,0.23597,CNEO.315.,0.228408,CNEO.315.11,0.224157
1555,D1723.562.1.txt,canon_unlabelled/D1723.562.1.txt,CSAR.347.9,0.888932,CSAR.347.10,0.33443,CSAR.347.8,0.317943,"Eusebius-Rufinus, HE 10.5 (eds Mommsen–Schwartz, II, 963, line 21)",0.267304,CSAR.347.11,0.261102,CAGD.506.35,0.259578,CTOL.655.17,0.257762,CSAR.347.7,0.230861,CTOL.638.2,0.222966,"Caesarius, Sermo 43.5 (ed. Morin, 192, lines 17–23)",0.220734
1556,D1723.562.2.txt,canon_unlabelled/D1723.562.2.txt,CSAR.347.10,0.725686,CSAR.347.8,0.43404,CSAR.347.9,0.303438,CANT.328.12,0.233302,CSAR.347.7,0.232085,CSAR.347.11,0.205206,CTOL.589.17,0.20517,CCHA.451.9,0.202903,CTOL.633.24,0.195956,CANT.328.11,0.192332
1557,D1723.563.10.txt,canon_unlabelled/D1723.563.10.txt,CANT.328.7,0.277586,"Caesarius, Sermo 2, ammonitio (ed. Morin, 18, lines 7–15)",0.254451,CANC.314.15,0.232285,CANT.328.8,0.227972,"Jerome, Comm.in IV ep.Paul., ad Tit. vers. 3:1–2 (PL 26, col. 590D)",0.221484,CNIC.325.17,0.200389,CTOL.646.1,0.199815,CTOL.646.5,0.199624,"CMEA.845.0 ""Canon extravagans 2"", Conc. Meaux, a. 845; unique to this ms, apud MGH Conc. III p. 129",0.19583,CVAI.442.6,0.195213
1558,D1723.563.6.txt,canon_unlabelled/D1723.563.6.txt,CEPA.517.37,0.270052,CEPA.517.3,0.222391,CARL.501?.18,0.218002,CNIC.325.11,0.203612,"Ps.-Clemens-Rufinus, Recognitiones 2.72 (eds Rehm–Paschke, 94,
lines 4–8)",0.202187,DSIR.384.255 cap 7,0.201232,CMAC.585.1,0.194964,"Caesarius, Sermo 54.4 (ed. Morin, 238, lines 15–16)",0.190834,"Gregorius Nazianzus-Rufinus, Apologeticus 73 (ed. Engelbrecht, 57, lines 7–9)",0.186379,CHIP.393.9,0.180192
1559,DusE32.1r.1.txt,canon_unlabelled/DusE32.1r.1.txt,CORA.441.14,0.232301,CTOL.633.57,0.228011,"John Cassian, Collationes 20.8 (ed. Petschenig, p. 561, line 9–p. 562, line 4)",0.218219,DSIR.384.255 cap 7,0.218117,CARL.314.9,0.20524,Can.apost.41,0.187912,CNIC.325.2,0.183691,CORA.441.2,0.183282,Can.apost.46,0.181855,"Source unidentified, but cf. Augustine, In Iohannis euangelium tractatus, tract. 73.1 (ed. R. Willems,
CCSL 36 [Turnhout, 1954], 510, lines 23–4)",0.179904
1560,DusE32.1v.1.txt,canon_unlabelled/DusE32.1v.1.txt,RPWO.758.17,0.218738,CAGD.506.27; anno 506,0.212803,CVER.755.10,0.210273,CORL.511.20,0.200313,CGAN.355.2,0.199271,"Gregory of Nazianzus- Rufinus, Apologeticus 115 (ed. Engelbrecht, 82, lines 11–12)",0.178035,CANT.328.23,0.176639,CGAN.355.7,0.173258,CNEO.315.11,0.171523,CAGD.506.62,0.165242
1561,DusE32.2r.1.txt,canon_unlabelled/DusE32.2r.1.txt,CHIP.393.19,0.20002,CANC.314.13,0.192346,CNIC.325.4,0.175959,CEPA.517.29,0.170136,CTOL.655.4,0.1684,CSAR.347.14,0.164297,CNIC.325.8,0.161044,CTOL.397.13,0.157203,CANC.314.9,0.155689,CTOL.633.6,0.152422
1562,DusE32.2r.2.txt,canon_unlabelled/DusE32.2r.2.txt,"Gennadius, Lib.eccl.dogm. 22 (ed. Turner, 94, lines 13–18; cf. recensio vulgata, c. 23
[PL 42, col. 1218])",0.210729,"Ps.-Clemens–Rufinus, Recognitiones 6.18 (eds Rehm–Paschke, 155, lines 17–20)",0.206977,CTOL.397.12,0.200353,CORL.511.12,0.192279,Can.apost.41,0.189195,CANC.314.22,0.177215,CARL.501?.10,0.166491,CNEO.315.2,0.162617,Can.apost.37,0.161315,CTOL.633.7,0.161137
1563,DusE32.2r.3.txt,canon_unlabelled/DusE32.2r.3.txt,CORA.441.19,0.256323,CTOL.636.7,0.168262,CTOL.633.4,0.167422,CTOL.633.12,0.166049,Can.apost.30,0.165962,CTOL.638.11,0.165888,"cf. Poen. Theodori, capp. III.3, III.4, III.5; Wasserschleben, p. 204",0.16387,CANC.314.3,0.14677,CAGD.506.15,0.146303,CHIP.393.20,0.14008
1564,DusE32.2v.1.txt,canon_unlabelled/DusE32.2v.1.txt,CTOU.567.18 (17),0.490564,CANT.328.20,0.346116,CAUX.561.11,0.342674,Can.apost.8,0.311933,CTOU.567.19 (18),0.311347,CORL.511.27,0.299045,"Gratian, D. 5 de cons. c. 19",0.267368,CLAO.300.46,0.263196,CGAN.355.18,0.263061,CMAC.581.9,0.255805
1565,DusE32.3r.1.txt,canon_unlabelled/DusE32.3r.1.txt,CTOL.646.6,0.244979,CTOL.655.17,0.235976,CTOL.638.18,0.210857,CTOL.636.9,0.206196,CAUX.561.43,0.203511,CTOU.567.18 (17),0.195149,Can.apost.8,0.19461,CTOL.633.13,0.188616,CTOL.638.19,0.18646,CNEO.315.11,0.173994
1566,DusE32.3r.2.txt,canon_unlabelled/DusE32.3r.2.txt,CTOL.655.17,0.320138,CTOL.646.6,0.307428,CTOL.638.2,0.284737,CTOL.636.9,0.26766,CTOL.638.19,0.258511,CTOL.636.7,0.251596,CTOL.589.2,0.243492,CTOL.638.3,0.226803,CTOU.567.18 (17),0.218787,CNIC.325.8,0.214523
1567,DusE32.3r.3.txt,canon_unlabelled/DusE32.3r.3.txt,CTOL.589.2,0.309199,CTOL.638.19,0.291523,CTOL.636.7,0.28763,CTOL.655.17,0.268933,CTOL.636.9,0.250268,CTOL.646.6,0.24296,CTOL.638.16,0.231968,CTOL.638.3,0.230812,CTUR.439.6,0.215851,CTOL.633.57,0.200234
1568,DusE32.4r.1.txt,canon_unlabelled/DusE32.4r.1.txt,CTUR.439.6,0.234995,CORL.511.31,0.220819,CTOL.636.9,0.201122,CTOL.638.10,0.198471,CTUR.439.3,0.19155,CORL.538.2,0.187505,CTOL.633.52,0.186804,CNIC.325.12,0.180377,CMAC.585.5,0.1694,CANC.314.24,0.166811
1569,DusE32.4r.2.txt,canon_unlabelled/DusE32.4r.2.txt,CSAR.347.9,0.265733,CORA.441.28,0.25779,CAGD.506.35,0.249781,CTOL.655.17,0.248622,CRIZ.439.4,0.242446,CTOL.655.9,0.231969,CTOL.527.5,0.230428,DSIR.384.255 cap 7,0.228229,CTUR.439.3,0.22319,CANT.328.9,0.218329
1570,DusE32.4v.1.txt,canon_unlabelled/DusE32.4v.1.txt,CTOL.646.6,0.192007,CLAO.300.26,0.191852,CNEO.315.13,0.179774,CTOL.633.54,0.172919,CTOL.633.50,0.171203,CTOL.598.12,0.167999,Can.apost.37,0.167823,Can.apost.45,0.162921,Can.apost.42,0.157598,Can.apost.21,0.157518
1571,Hat42.174r.11.txt,canon_unlabelled/Hat42.174r.11.txt,CLAO.300.1,0.759292,CNEO.315.7,0.38455,Can.apost.17,0.313162,CANC.314.9,0.222421,CVAI.442.3,0.20949,CAUX.561.7,0.200645,CNIC.325.18,0.197081,CGAN.355.14,0.195409,CNEO.315.3,0.188138,CARL.314.12,0.18636
1572,Hat42.174r.12.txt,canon_unlabelled/Hat42.174r.12.txt,CLAO.300.2,0.878757,CTOL.636.8,0.268914,"John Cassian, Collationes 20.8 (ed. Petschenig, p. 561, line 9–p. 562, line 4)",0.267551,CANC.314.15,0.254779,CNIC.325.12,0.241825,CANC.314.16,0.237206,CLYO.567.5,0.229062,CNIC.325.11,0.227535,CTOL.598.12,0.204626,CTOL.633.54,0.201638
1573,Hat42.174v.1.txt,canon_unlabelled/Hat42.174v.1.txt,CANC.314.11,0.329651,CNEO.315.12,0.308023,Can.apost.47,0.258742,CTOL.397.8,0.218945,CORA.441.14,0.216166,CORA.441.2,0.206359,CLAO.300.42,0.197681,CARL.501?.1,0.197576,Can.apost.17,0.195188,CNEO.315.8,0.181757
1574,Hat42.174v.2.txt,canon_unlabelled/Hat42.174v.2.txt,CLAO.300.58,0.308224,CCHA.451.25,0.241717,CANT.328.13,0.236559,Can.apost.2,0.222659,CANT.328.19,0.217173,CNEO.315.12,0.202512,Can.apost.1,0.199049,CAGD.506.39,0.198415,"Gregory of Nazianzus-Rufinus, In semet.de agr.regr. 15 (ed. Engelbrecht, 185, lines 11–13)",0.189116,CLAO.300.51,0.188655
1575,Hat42.174v.3.txt,canon_unlabelled/Hat42.174v.3.txt,CNIC.325.17,0.493308,Can.apost.44,0.424576,CTOL.633.33,0.213372,CANT.328.9,0.199192,CTOL.638.5,0.177141,CANC.314.14,0.163525,"Jerome, Comm.in IV ep.Paul., ad Tit. vers. 3:1–2 (PL 26, col. 590D)",0.162445,CTOL.655.8,0.16111,CCHA.451.25,0.161087,CHIP.393.22,0.155391
1576,Hat42.174v.4.txt,canon_unlabelled/Hat42.174v.4.txt,CLAO.300.6,0.502357,Can.apost.46,0.305215,CORL.511.17,0.263992,Can.apost.10,0.259971,CHIP.393.12,0.257827,CNIC.325.8,0.246835,CLAO.300.32,0.229631,Can.apost.45,0.22445,CORL.538.5,0.22152,CORA.441.1,0.22142
1577,Hat42.174v.5.txt,canon_unlabelled/Hat42.174v.5.txt,CNIC.325.8,0.373253,Can.apost.46,0.333253,CARL.314.9,0.301597,CARL.501?.16,0.293983,CANT.328.2,0.290652,CHIP.393.12,0.282613,CNIC.325.19,0.268779,CTOL.397.12,0.264517,CTOL.589.9,0.257893,CTOL.633.57,0.254919
1578,Hat42.174v.6.txt,canon_unlabelled/Hat42.174v.6.txt,CNIC.325.8,0.244685,CLAO.300.6,0.240955,CTOL.633.53,0.233417,CNEO.315.5,0.225408,CNIC.325.19,0.213553,CARL.314.9,0.202576,CANT.328.2,0.195429,CORL.511.20,0.186129,CANT.328.24,0.185332,CTOL.638.10,0.183919
1579,Hat42.175r.1.txt,canon_unlabelled/Hat42.175r.1.txt,Can.apost.10,0.245391,CLAO.300.32,0.238422,CNIC.325.9,0.223845,CORA.441.1,0.213005,Can.apost.46,0.212626,Can.apost.45,0.206378,CTOL.633.54,0.196624,CHIP.393.12,0.189761,CANT.328.2,0.188741,CCHA.451.8,0.185973
1580,Hat42.175r.2.txt,canon_unlabelled/Hat42.175r.2.txt,CLAO.300.10,0.651773,CHIP.393.12,0.227708,Can.apost.46,0.225139,CGAN.355.14,0.21958,CTOL.527.5,0.205263,CLAO.300.32,0.203247,CNIC.325.6,0.189871,CORA.441.1,0.185047,CNEO.315.13,0.179006,CNEO.315.7,0.173144
1581,Hat42.175r.3.txt,canon_unlabelled/Hat42.175r.3.txt,CCHA.451.6,0.277658,CLAO.300.58,0.259338,Can.apost.41,0.249921,CARL.501?.1,0.2331,CTOL.655.2,0.221544,CLAO.300.26,0.221509,CLAO.300.20,0.205087,Can.apost.28,0.198734,Can.apost.39,0.193101,CANT.328.21,0.187405
1582,Hat42.175r.4.txt,canon_unlabelled/Hat42.175r.4.txt,CLAO.300.12,0.905608,CNEO.315.13,0.24242,CLAO.300.13,0.234997,CHIP.393.12,0.221891,CCHA.451.3,0.213028,CORL.549.19,0.194883,CTOL.633.56,0.191448,CNEO.315.12,0.189849,CCHA.451.25,0.179432,CCHA.451.26,0.179135
1583,Hat42.175r.5.txt,canon_unlabelled/Hat42.175r.5.txt,CLAO.300.13,0.768554,CNEO.315.3,0.240394,CLAO.300.12,0.231815,CARL.501?.1,0.195829,CNEO.315.7,0.193951,CANT.328.13,0.187647,CARL.501?.2,0.178696,CANC.314.17,0.175427,Can.apost.1,0.169862,Can.apost.21,0.168413
1584,Hat42.175r.6.txt,canon_unlabelled/Hat42.175r.6.txt,CLAO.300.32,0.364478,CANT.328.3,0.17334,CVAI.442.2,0.15106,Can.apost.15,0.150707,"Gregorius Magnus, Hom.in ev. 2.39 (ed. Étaix, 382, lines 66–7)",0.148502,CNIC.325.11,0.147977,CTOL.633.12,0.142669,CTOL.655.2,0.140975,CANT.328.24,0.13911,CANT.328.22,0.138609
1585,Hat42.175v.1.txt,canon_unlabelled/Hat42.175v.1.txt,CLAO.300.23,0.371081,CNIC.325.10,0.207947,"CMEA.845.0 ""Canon extravagans 2"", Conc. Meaux, a. 845; unique to this ms, apud MGH Conc. III p. 129",0.207142,CNIC.325.16,0.205041,CTOL.633.13,0.198876,CAGD.506.32,0.190442,CTOL.633.4,0.188857,CNIC.325.15,0.182841,CTOL.633.16,0.180477,CNIC.325.6,0.17909
1586,Hat42.175v.2.txt,canon_unlabelled/Hat42.175v.2.txt,CHIP.393.36,0.261331,CORA.441.17,0.25026,CMAC.581.9,0.244096,CLAO.300.29,0.207109,"Source unidentified, but cf. Ambrosiaster, Comm.in Pauli epist., ad Rom. (recensio gamma), vers. 7:24–5 (ed. Vogels, I, 245, lines 19–21)",0.206205,CNIC.325.19,0.20115,CLAO.300.51,0.192905,CANC.314.23,0.191235,CORL.511.27,0.185408,CORL.538.31,0.182724
1587,Hat42.175v.3.txt,canon_unlabelled/Hat42.175v.3.txt,CTOU.567.19 (18),0.288587,CANC.314.15,0.223493,CAUX.561.9,0.214629,CTOL.633.10,0.214317,CLAO.300.23,0.202554,CTOL.589.22,0.196813,CLAO.300.51,0.187629,"Ps.-Clemens-Rufinus, Recognitiones 2.72 (eds Rehm–Paschke, 94,
lines 4–8)",0.179451,CNIC.325.20,0.173156,CTOL.397.4,0.170693
1588,Hat42.175v.4.txt,canon_unlabelled/Hat42.175v.4.txt,Can.apost.8,0.286442,CTOU.567.19 (18),0.270079,CANT.328.11,0.22003,CANT.328.20,0.196987,CGAN.355.6,0.184926,CMAC.585.2,0.178593,Can.apost.3,0.174682,"Gregory of Nazianzus- Rufinus, De Pentecoste et de spiritu sancto 2 (in Tyranni Rufini
orationum Gregorii Nazianzeni novem interpretatio, ed. Engelbrecht, 143, lines 8–16)",0.163494,Can.apost.4,0.162458,CLAO.300.51,0.159367
1589,Hat42.175v.5.txt,canon_unlabelled/Hat42.175v.5.txt,CTOL.633.4,0.393323,CTOL.633.18,0.336914,CORL.511.26,0.324006,CANT.328.5,0.284067,CANT.328.2,0.267363,CARL.501?.3,0.220846,CNIC.325.12,0.21026,CTOL.633.49,0.208801,CANT.328.3,0.206405,CAUX.561.10,0.201606
1590,Hat42.176r.1.txt,canon_unlabelled/Hat42.176r.1.txt,CLAO.300.20,0.674104,CNIC.325.18,0.349388,CAUX.561.22,0.307906,CNEO.315.7,0.276699,CARL.501?.15,0.272125,CANC.314.2,0.256751,CANC.314.9,0.242215,Can.apost.2,0.235764,Can.apost.5,0.218417,CNIC.325.19,0.213991
1591,Hat42.176r.2.txt,canon_unlabelled/Hat42.176r.2.txt,CARL.501?.15,0.410297,CAUX.561.22,0.399892,CLAO.300.20,0.319883,CNIC.325.18,0.269509,CLAO.300.24,0.258888,CNEO.315.14,0.23886,CNEO.315.10,0.218195,CAUX.561.19,0.215659,CAUX.561.6,0.192052,"DGEL492.636 cap. 7,8",0.188853
1592,Hat42.176r.3.txt,canon_unlabelled/Hat42.176r.3.txt,CLAO.300.23,0.29751,CAUX.561.22,0.288641,CORL.511.20,0.268743,CTOL.633.28,0.259515,CLAO.300.24,0.237403,CTOL.633.40,0.210811,CLAO.300.20,0.207701,CVAI.442.3,0.202022,CTOL.397.4,0.193504,CARL.501?.1,0.179184
1593,Hat42.176r.4.txt,canon_unlabelled/Hat42.176r.4.txt,CLAO.300.23,0.933122,Can.apost.27,0.344553,CTOL.633.25,0.312153,CTOL.397.3,0.30907,CHIP.393.18,0.295849,CSAR.347.13,0.290993,CLAO.300.24,0.246209,Can.apost.43,0.241167,CTOL.589.23,0.236088,CNIC.325.5,0.235699
1594,Hat42.176r.5.txt,canon_unlabelled/Hat42.176r.5.txt,CLAO.300.24,0.880065,CORA.441.24,0.216076,CGAN.355.1,0.204295,Can.apost.2,0.197708,CTOL.397.2,0.190764,CANT.328.25,0.189595,CNIC.325.18,0.188152,CANC.314.3,0.185276,CLAO.300.23,0.182504,CANT.328.10,0.181574
1595,Hat42.176r.6.txt,canon_unlabelled/Hat42.176r.6.txt,CAUX.561.22,0.268656,CANC.314.9,0.241161,CAUX.561.20,0.233394,CAGD.506.44,0.215825,CLAO.300.20,0.209985,CANC.314.2,0.207375,CNIC.325.18,0.19612,CAUX.561.21,0.194157,CTOL.633.68,0.193508,CANT.328.10,0.187562
1596,Hat42.176v.1.txt,canon_unlabelled/Hat42.176v.1.txt,CLAO.300.26,0.740095,CNIC.325.10,0.344548,CORA.441.15,0.291852,CARL.314.2,0.26649,CARL.314.14,0.237336,CANT.328.13,0.231187,CNIC.325.19,0.210935,CCHA.451.6,0.19654,Can.apost.11,0.188019,CARL.314.20,0.182379
1597,Hat42.176v.2.txt,canon_unlabelled/Hat42.176v.2.txt,CGAN.355.11,0.275713,CNEO.315.7,0.195999,CNIC.325.17,0.18373,"Gregory of Nazianzus–Rufinius, In semet.de agr.regr. 6 (ed. Engelbrecht, 173, lines 18–19)",0.171385,CLAO.300.10,0.171248,CANT.328.1,0.168324,CANT.328.6,0.162468,Capit.Martini.16,0.160828,CNIC.325.20,0.153515,Can.apost.18,0.153448
1598,Hat42.176v.3.txt,canon_unlabelled/Hat42.176v.3.txt,CNEO.315.7,0.276189,CLAO.300.28,0.263127,CANT.328.23,0.213439,CNEO.315.13,0.200362,CORL.538.31,0.190711,CANC.314.14,0.189355,CMAC.585.1,0.188656,CGAN.355.11,0.187365,CAUX.561.9,0.186065,CHIP.393.29,0.183423
1599,Hat42.176v.4.txt,canon_unlabelled/Hat42.176v.4.txt,CLAO.300.29,0.408294,CTOL.589.14,0.367581,CNIC.325.19,0.228223,CTOL.633.59,0.219283,CNIC.325.7,0.216796,CTOL.633.63,0.213762,CORL.511.20,0.212542,CTOL.633.64,0.208429,CVER.755.10,0.194219,CANC.314.17,0.181329
1600,Hat42.176v.5.txt,canon_unlabelled/Hat42.176v.5.txt,CMAC.585.3,0.196453,"Isidore, De eccl.offic. 2.20 (ed. Lawson, 91, lines 40–43)",0.189881,CTOL.589.2,0.187397,CANT.328.20,0.178435,CANT.328.1,0.176462,CLAO.300.57,0.174532,CTOL.589.23,0.172648,Can.apost.8,0.164838,CORL.511.27,0.161789,CORL.541.29,0.161062
1601,Hat42.176v.6.txt,canon_unlabelled/Hat42.176v.6.txt,CLAO.300.10,0.591729,CLAO.300.53,0.253167,CNEO.315.7,0.240076,CGAN.355.14,0.192553,Can.apost.46,0.188777,CHIP.393.14,0.186195,CAUX.561.31,0.182907,CTOL.633.75,0.182321,CHIP.393.12,0.173748,CLAO.300.32,0.169142
1602,Hat42.177r.1.txt,canon_unlabelled/Hat42.177r.1.txt,CLAO.300.32,0.788431,Can.apost.45,0.238303,CORA.441.1,0.216753,CARL.501?.8,0.215776,CLAO.300.6,0.196026,Can.apost.46,0.19379,CAUX.561.38,0.193432,CCHA.451.11,0.180036,CNIC.325.5,0.175186,CSAV.859.12,0.166896
1603,Hat42.177r.2.txt,canon_unlabelled/Hat42.177r.2.txt,CHIP.393.12,0.582034,CLAO.300.32,0.538454,CORA.441.1,0.291582,Can.apost.45,0.291116,Can.apost.12,0.243967,Can.apost.11,0.232269,CLAO.300.10,0.229328,CTOL.633.58,0.204908,CANC.314.16,0.183547,CLAO.300.12,0.181531
1604,Hat42.177r.3.txt,canon_unlabelled/Hat42.177r.3.txt,CHIP.393.12,0.369968,CTOL.633.58,0.318365,CLAO.300.32,0.311935,Can.apost.46,0.285713,CHIP.393.14,0.27191,CORA.441.1,0.260189,Can.apost.23,0.246644,CTOL.633.64,0.239037,CTOL.397.12,0.224335,CNIC.325.8,0.217714
1605,Hat42.177r.4.txt,canon_unlabelled/Hat42.177r.4.txt,CGAN.355.3,0.219996,CGAN.355.15,0.216998,CGAN.355.2,0.204268,CGAN.355.11,0.202984,CGAN.355.5,0.201797,"Jerome, Comm.in proph.minor., in Ionam 1:4 (ed. Adriaen, I, 384–85, lines 165–76)",0.191199,Unidentified,0.187847,CNEO.315.5,0.181846,CANC.314.11,0.175894,CANT.328.21,0.173119
1606,Hat42.177r.5.txt,canon_unlabelled/Hat42.177r.5.txt,Can.apost.30,0.228096,CORA.441.14,0.22751,CANC.314.23,0.225106,CLAO.300.26,0.21583,CLAO.300.23,0.2101,CTOL.633.29,0.210057,CTOL.633.13,0.209901,CTOL.589.23,0.208801,CHIP.393.36,0.201316,CORL.541.29,0.190808
1607,Hat42.177r.6.txt,canon_unlabelled/Hat42.177r.6.txt,Can.apost.8,0.298648,CAGD.506.63,0.260012,CAGD.506.21,0.225207,CANT.328.20,0.208722,CORL.538.15,0.207244,CANT.328.7,0.201417,CORL.511.25,0.194055,CANT.328.24,0.189061,CLAO.300.32,0.186996,Can.apost.4,0.185594
1608,Hat42.177v.1.txt,canon_unlabelled/Hat42.177v.1.txt,CLAO.300.29,0.371475,CTOL.589.14,0.2697,CTOL.633.63,0.260562,CANT.328.1,0.234454,"Eusebius–Jerome, Chronicon (Jerome’s translation of Eusebius’s Chronicon, in
Eusebius Werke VII, second edition, ed. R. Helm, Die Griechischen christlichen Schriftsteller 47 [Berlin, 1956], 187, lines 11–13)",0.231676,Can.apost.23,0.227886,CNIC.325.7,0.218895,"Source unidentified, but cf. Ambrosiaster, Comm.in Pauli epist., ad Rom. (recensio gamma), vers. 7:24–5 (ed. Vogels, I, 245, lines 19–21)",0.209997,"Source unidentified, but cf. Eucherius of Lyon, Instructionum ad Salonium libri II, lib. 2 (ed. C.
Mandolfo, CCSL 66 [Turnhout, 2004], 201–03, lines 263–65)",0.208614,CNIC.325.6,0.205168
1609,Hat42.177v.2.txt,canon_unlabelled/Hat42.177v.2.txt,CANC.314.6,0.27624,Can.apost.8,0.245896,CTOL.633.60,0.23393,CNEO.315.3,0.226494,CTOL.633.62,0.221298,CTOL.633.63,0.204776,CHIP.393.12,0.188602,"Caesarius, Sermo 192.4 (ed. Morin, 781, lines 7–9)",0.185181,CLAO.300.2,0.182314,CLAO.300.52,0.180586
1610,Hat42.177v.3.txt,canon_unlabelled/Hat42.177v.3.txt,CLAO.300.42,0.220453,CHIP.393.6,0.19961,CVAI.442.7,0.198174,Can.apost.45,0.196107,CANT.328.5,0.182194,CANC.314.17,0.172415,CSAR.347.8,0.169831,"Gregorius Magnus, Hom.in ev. 2.39 (ed. Étaix, 382, lines 66–7)",0.16531,CSAR.347.7,0.164253,"Augustine, De serm.dom.in monte, 1.20.63 (ed. Mutzenbecher, 72, lines 1569–82)",0.163163
1611,Hat42.177v.4.txt,canon_unlabelled/Hat42.177v.4.txt,CLAO.300.42,0.50516,CLAO.300.41,0.327742,CORL.538.32,0.259757,CARL.501?.1,0.256014,CCHA.451.13,0.233143,CNEO.315.8,0.22931,CCHA.451.11,0.218646,Can.apost.20,0.194991,CANC.314.21,0.1761,CANT.328.17,0.171362
1612,Hat42.177v.5.txt,canon_unlabelled/Hat42.177v.5.txt,CLAO.300.42,0.760296,CANT.328.11,0.291651,CARL.501?.1,0.260517,CANT.328.17,0.222911,CTOL.397.20,0.207152,Can.apost.41,0.198813,CANC.314.12,0.198801,CHIP.393.27,0.1957,CSAR.347.9,0.195662,CANT.328.9,0.194316
1613,Hat42.177v.6.txt,canon_unlabelled/Hat42.177v.6.txt,CANT.328.16,0.267866,CTOL.397.4,0.248055,CAUX.561.6,0.225448,CAUX.561.22,0.197097,Can.apost.43,0.188643,CLAO.300.20,0.184662,"Ambrose, De spirit.sanct.3.6 (ed. Faller, 164–65, lines 12–22) Source (et ideo ... caritatis affectu)",0.184135,"(ed. WARE, S. Patricio adscripta opuscula, 47) 
Source unidentified",0.179203,CTOL.633.4,0.178627,CTOL.633.28,0.177068
1614,Hat42.177v.7.txt,canon_unlabelled/Hat42.177v.7.txt,CTOL.633.4,0.316818,CTOU.567.17 (16),0.265086,CANT.328.5,0.250827,CNIC.325.3,0.239258,"Gregorius Magnus, Hom.in ev. 2.33 (ed. Étaix, 297, lines 240–48)",0.22485,CAUX.561.36,0.223071,"Jerome, De perpetua virginitate beatae Mariae, adversus Helvidium, c. 4 (in PL 23, cols
186C–87A)",0.221599,CGAN.355.6,0.218822,CORL.541.29,0.217022,Can.apost.10,0.213199
1615,Hat42.177v.8.txt,canon_unlabelled/Hat42.177v.8.txt,CLAO.300.45,0.507976,CLAO.300.46,0.35157,CNEO.315.12,0.259357,Can.apost.14,0.257397,"Gregory of Nazianzus- Rufinus, De Pentecoste et de spiritu sancto 2 (in Tyranni Rufini
orationum Gregorii Nazianzeni novem interpretatio, ed. Engelbrecht, 143, lines 8–16)",0.225146,"Unidentified, but cf. Jerome, Epistola 107, ad Laetam (ed. Hilberg, II, 301, lines 6–8)",0.206026,CANC.314.15,0.200727,CANT.328.9,0.199872,CANT.328.20,0.198893,CNIC.325.20,0.184332
1616,Hat42.178r.1.txt,canon_unlabelled/Hat42.178r.1.txt,CLAO.300.46,0.596115,Can.apost.46,0.217931,Can.apost.14,0.1928,CORL.511.8,0.189134,Can.apost.50,0.185558,CANC.314.14,0.183824,CANT.328.20,0.179776,"Gregory of Nazianzus- Rufinus, De Pentecoste et de spiritu sancto 2 (in Tyranni Rufini
orationum Gregorii Nazianzeni novem interpretatio, ed. Engelbrecht, 143, lines 8–16)",0.178745,CAGD.506.44,0.163581,"Origen.–Rufinus, In Gen.hom.XVI, 4.4 (ed. Baehrens, 54, line 3–7)",0.15712
1617,Hat42.178r.2.txt,canon_unlabelled/Hat42.178r.2.txt,CLAO.300.47,0.731688,CNEO.315.12,0.399131,CTOL.646.2,0.248052,CTOL.646.5,0.24458,CNIC.325.1,0.22908,CTOL.633.50,0.223861,CANC.314.5,0.20338,CTOL.633.19,0.199974,CANT.328.19,0.197567,CNEO.315.3,0.186061
1618,Hat42.178r.3.txt,canon_unlabelled/Hat42.178r.3.txt,CORA.441.2,0.394813,CLAO.300.48,0.367917,CTOL.397.20,0.338101,CHIP.393.34,0.326295,CAUX.561.6,0.286733,CVAI.442.3,0.224975,CGAN.355.4,0.215777,Can.apost.47,0.206502,CLAO.300.45,0.205924,Can.apost.50,0.203954
1619,Hat42.178r.4.txt,canon_unlabelled/Hat42.178r.4.txt,CLAO.300.58,0.442648,CORL.511.24,0.344853,CLAO.300.51,0.322295,CLAO.300.52,0.288741,CGAN.355.18,0.243354,CAUX.561.42,0.23738,CORL.511.27,0.212612,CTOU.567.18 (17),0.20982,CTOL.633.10,0.202757,CLAO.300.45,0.199833
1620,Hat42.178r.5.txt,canon_unlabelled/Hat42.178r.5.txt,CTOU.567.18 (17),0.423166,CLAO.300.46,0.356731,CORL.511.27,0.355301,CORL.511.24,0.346846,"Jerome, Epistola 52, ad Nepotianum (ed. Hilberg, I, 435, line )",0.319685,CSAR.347.14,0.299409,CTOL.633.8,0.298991,CANT.328.20,0.296718,CGAN.355.18,0.272994,"Gratian, D. 5 de cons. c. 19",0.261751
1621,Hat42.178r.6.txt,canon_unlabelled/Hat42.178r.6.txt,CLAO.300.51,0.887228,CLAO.300.52,0.313369,CTOU.567.18 (17),0.307186,CTOL.656.1,0.290029,CTOL.633.10,0.289076,CORL.511.27,0.280446,CTOL.589.21,0.252631,CORL.511.31,0.229506,CAGD.506.63,0.224211,CTOL.589.22,0.224087
1622,Hat42.178v.1.txt,canon_unlabelled/Hat42.178v.1.txt,CLAO.300.52,0.746987,CLAO.300.51,0.490112,CORL.511.25,0.303581,CTOU.567.18 (17),0.279356,CORL.511.27,0.25623,CAGD.506.63,0.248098,CAGD.506.21,0.23278,CTOL.656.1,0.221313,CAUX.561.11,0.218559,CNEO.315.7,0.218065
1623,Hat42.178v.2.txt,canon_unlabelled/Hat42.178v.2.txt,CLAO.300.53,0.888458,CLAO.300.10,0.25238,CHIP.393.17,0.208749,CGAN.355.1,0.208431,CAUX.561.24,0.198753,CNIC.325.8,0.196709,CCHA.451.9,0.189279,CTOL.633.66,0.185908,CHIP.393.14,0.180544,Can.apost.47,0.180512
1624,Hat42.178v.3.txt,canon_unlabelled/Hat42.178v.3.txt,CAGD.506.39,0.428221,CNEO.315.7,0.322518,CHIP.393.11,0.290527,CLAO.300.52,0.237077,CTOL.589.21,0.218202,CANC.314.12,0.21812,CLAO.300.58,0.214417,CAGD.506.63,0.207903,CLAO.300.53,0.200093,CLAO.300.51,0.198431
1625,Hat42.178v.4.txt,canon_unlabelled/Hat42.178v.4.txt,CTOL.633.4,0.339493,CLAO.300.20,0.273139,CTOU.567.17 (16),0.270435,CARL.501?.15,0.264371,CANC.314.17,0.252666,CANT.328.11,0.245904,CAUX.561.6,0.23819,CLAO.300.42,0.231196,CGAN.355.1,0.228952,CNEO.315.5,0.216402
1626,Hat42.178v.5.txt,canon_unlabelled/Hat42.178v.5.txt,CANC.314.12,0.356302,CANC.314.23,0.251533,CNEO.315.13,0.245229,"(ed. MOMMSEN, as Gildas, Epist.deperd.fragm. 3, in Chronica minora, 86, lines 21–4; trans. WINTERBOTTOM, Gildas, 80)",0.239475,CARL.314.18,0.202564,CNIC.325.4,0.197526,CORL.538.31,0.193505,Can.apost.36,0.193131,CCHA.451.4,0.187371,CCHA.451.5,0.183012
1627,Hat42.178v.6.txt,canon_unlabelled/Hat42.178v.6.txt,CLAO.300.58,0.844361,CLAO.300.51,0.262272,CCHA.451.25,0.213665,CAGD.506.4,0.212942,CLAO.300.20,0.195802,CGAN.355.2,0.194774,CGAN.355.7,0.190121,CGAN.355.6,0.18716,CLAO.300.26,0.187116,CNEO.315.4,0.179301
1628,Hat42.178v.7.txt,canon_unlabelled/Hat42.178v.7.txt,CHIP.393.36,0.324857,CLAO.300.23,0.288179,"Augustine, De serm.dom.in monte, 1.20.63 (ed. Mutzenbecher, 72, lines 1569–82)",0.264727,"Jerome, Advers.Iovin.libri II, 1.14 (PL 23, col. 233A) Source (igitur ... alio uiro) Jerome, Advers.Iovin.libri II, 1.14 (PL 23, col. 233B)",0.230866,CAGD.506.51,0.230201,"Caesarius, Sermo 2, ammonitio (ed. Morin, 18, lines 7–15)",0.226328,CEPA.517.3,0.205456,CMEA.845.60,0.183769,CANC.314.23,0.175971,CHIP.393.10,0.173752
1629,Hat42.179r.4.txt,canon_unlabelled/Hat42.179r.4.txt,CARL.314.9,0.268902,CARL.501?.16,0.262289,CNIC.325.19,0.257745,CANT.328.25,0.245332,CTOL.589.0 Conc. Toletana III; anno 589; PL 84 col. 384-386; combined canons?,0.238287,"(ed. MOMMSEN, as Gildas, Epist.deperd.fragm. 3, in Chronica minora, 86, lines 17–21; trans. WINTERBOTTOM, Gildas, 80)",0.205325,CTOL.589.1,0.202221,CTOL.633.28,0.193945,CVAI.442.4,0.193808,CTOL.638.1,0.188087
1630,Hat42.179v.1.txt,canon_unlabelled/Hat42.179v.1.txt,CCHA.451.17,0.356512,CNIC.325.6,0.352038,CANT.328.1,0.287609,CANT.328.9,0.242224,CANT.328.21,0.234369,Can.apost.41,0.229472,CLYO.583.6,0.214123,CNIC.325.7,0.211054,CNIC.325.19,0.209835,Capit.Martini.16,0.209231
1631,Hat42.179v.2.txt,canon_unlabelled/Hat42.179v.2.txt,CTOL.646.1,0.256956,CORA.441.23,0.205011,CCHA.451.6,0.203315,CNIC.325.10,0.19085,CANT.328.13,0.189959,Can.apost.2,0.185125,CORA.441.15,0.185003,CANT.328.1,0.180617,"(ed. MOMMSEN, as Gildas, Epist.deperd.fragm. 4, in Chronica minora, 87, lines 19–35; trans. WINTERBOTTOM, Gildas, 81)",0.169475,CCHA.451.2,0.165653
1632,Hat42.180v.1.txt,canon_unlabelled/Hat42.180v.1.txt,CCHA.451.1,0.715622,CNIC.325.20,0.212377,CTOL.655.6,0.198803,CTOL.589.0 Conc. Toletana III; anno 589; PL 84 col. 384-386; combined canons?,0.186943,CGAN.355.7,0.174391,CCHA.451.16,0.174065,CANT.328.4,0.173695,CARL.501?.6,0.167636,CTOL.633.3,0.162891,CAUX.561.41,0.160492
1633,Hat42.180v.2.txt,canon_unlabelled/Hat42.180v.2.txt,CCHA.451.2,0.886514,CTOL.638.4,0.305537,Can.apost.30,0.263172,CCHA.451.7,0.260899,CARL.501?.14,0.258728,CNIC.325.17,0.245666,CANT.328.10,0.227155,CHIP.393.22,0.206847,CCHA.451.3,0.206326,CNIC.325.10,0.203912
1634,Hat42.180v.3.txt,canon_unlabelled/Hat42.180v.3.txt,CCHA.451.3,0.87625,CORL.538.32,0.326244,CCHA.451.9,0.316163,CCHA.451.4,0.309816,Can.apost.39,0.282698,Can.apost.41,0.280929,CCHA.451.26,0.269814,CANT.328.25,0.266955,CTOL.633.56,0.262363,CNIC.325.17,0.259497
1635,Hat42.181r.1.txt,canon_unlabelled/Hat42.181r.1.txt,CCHA.451.4,0.872333,CCHA.451.3,0.354622,CANT.328.25,0.247489,Can.apost.39,0.244461,CORL.538.32,0.242594,CANC.314.23,0.24112,CNIC.325.8,0.239546,CNIC.325.2,0.230339,CTOL.633.22,0.227702,Capit.Martini.16,0.224839
1636,Hat42.181v.1.txt,canon_unlabelled/Hat42.181v.1.txt,CCHA.451.5,0.847641,CSAR.347.6,0.361216,CSAR.347.1,0.347109,CNIC.325.15,0.257762,CSAR.347.14,0.239676,"Jerome, De perpetua virginitate beatae Mariae, adversus Helvidium, c. 4 (in PL 23, cols
186C–87A)",0.234433,CAGD.506.63,0.227737,CNEO.315.13,0.22404,CLYO.583.6,0.223872,CNIC.325.8,0.201493
1637,Hat42.181v.2.txt,canon_unlabelled/Hat42.181v.2.txt,CCHA.451.6,0.875079,CARL.501?.1,0.278604,CNIC.325.10,0.222246,CORL.538.32,0.215882,CANC.314.9,0.215172,CANT.328.19,0.210979,CTOL.633.19,0.197709,CTOL.633.54,0.193869,CCHA.451.2,0.190783,CCHA.451.13,0.189424
1638,Hat42.182r.1.txt,canon_unlabelled/Hat42.182r.1.txt,CCHA.451.7,0.854589,CNIC.325.8,0.228967,CTOL.633.55,0.21111,CNIC.325.16,0.205479,CTOL.633.50,0.19362,CCHA.451.4,0.186245,Can.apost.23,0.176213,CGAN.355.11,0.170019,RPWO.758.4,0.168921,CNIC.325.1,0.167296
1639,Hat42.182r.2.txt,canon_unlabelled/Hat42.182r.2.txt,CCHA.451.8,0.841262,CNIC.325.19,0.224005,CGAN.355.2,0.212647,CORL.511.15,0.208321,CANT.328.10,0.204756,CHIP.393.17,0.204445,CANC.314.3,0.203309,Capit.Martini.16,0.20187,Can.apost.5,0.200924,Can.apost.41,0.199487
1640,Hat42.182r.3.txt,canon_unlabelled/Hat42.182r.3.txt,CCHA.451.9,0.897677,CANT.328.9,0.332808,CAUX.561.35,0.325181,CAGD.506.32,0.317765,CANT.328.11,0.304108,CCHA.451.3,0.285386,"Eusebius-Rufinus, HE 10.2 (eds Mommsen–Schwartz, II, 961, lines 10–19)",0.265913,CANT.328.14,0.265539,CHIP.393.9,0.228473,CORL.538.32,0.219379
1641,Hat42.182v.1.txt,canon_unlabelled/Hat42.182v.1.txt,CCHA.451.10,0.869211,CNIC.325.15,0.25724,CANT.328.1,0.216269,Can.apost.14,0.19822,CNEO.315.13,0.196855,CANT.328.13,0.192043,CNIC.325.6,0.190114,CCHA.451.6,0.188408,CANC.314.12,0.181118,CTOL.633.33,0.17295
1642,Hat42.182v.2.txt,canon_unlabelled/Hat42.182v.2.txt,CCHA.451.11,0.852492,Can.apost.34,0.380706,CANT.328.8,0.311187,CCHA.451.13,0.251655,CARL.314.10,0.245685,CSAR.347.9,0.245132,CANT.328.7,0.239627,CAGD.506.52,0.237591,CNIC.325.11,0.213686,CAGD.506.38,0.211499
1643,Hat42.183r.1.txt,canon_unlabelled/Hat42.183r.1.txt,CANT.328.9,0.324212,CSAR.347.9,0.277118,CARL.501?.6,0.245717,CRIZ.439.6,0.242491,CNIC.325.4,0.231271,CANT.328.11,0.228499,CCHA.451.17,0.227013,CNIC.325.18,0.216126,CGAN.355.10,0.214229,CANT.328.19,0.210791
1644,Hat42.183r.2.txt,canon_unlabelled/Hat42.183r.2.txt,CCHA.451.13,0.814246,CANT.328.7,0.390874,CCHA.451.11,0.311394,CCHA.451.6,0.263052,CANT.328.8,0.261615,Can.apost.15,0.203484,CLAO.300.42,0.201779,Can.apost.13,0.187592,Can.apost.34,0.184357,CARL.314.19,0.178112
1645,Hat42.183r.3.txt,canon_unlabelled/Hat42.183r.3.txt,CHIP.393.12,0.360585,Can.apost.46,0.291652,CNIC.325.8,0.263759,CARL.314.9,0.243836,CLAO.300.10,0.223485,CTOL.589.14,0.218231,CTOL.655.1,0.213359,CLAO.300.32,0.212597,CTOL.633.63,0.209703,CANT.328.22,0.206136
1646,Hat42.183v.1.txt,canon_unlabelled/Hat42.183v.1.txt,CORA.441.25,0.283218,CANC.314.9,0.268352,CNIC.325.15,0.23398,CANT.328.17,0.227009,CNIC.325.19,0.21584,CANC.314.2,0.21199,CGAN.355.8,0.188299,CARL.501?.2,0.183395,CNEO.315.10,0.182243,CANT.328.18,0.181888
1647,Hat42.183v.2.txt,canon_unlabelled/Hat42.183v.2.txt,CCHA.451.16,0.948415,CTOL.589.19,0.260193,CTOL.655.6,0.207846,CLAO.300.1,0.190389,CGAN.355.9,0.179644,CNIC.325.18,0.175916,CTOL.589.10,0.172838,CANC.314.18,0.169845,CAGD.506.51,0.1651,CNIC.325.20,0.163204
1648,Hat42.184r.1.txt,canon_unlabelled/Hat42.184r.1.txt,CCHA.451.17,0.688528,CCHA.451.9,0.235348,CANT.328.9,0.2343,CANT.328.22,0.231584,CANT.328.3,0.210849,CANT.328.21,0.205414,CSAR.347.14,0.196077,Can.apost.15,0.178058,"Caesarius, Sermo 192.2 (ed. Morin, 780, lines 21–4)",0.173968,CNIC.325.6,0.165954
1649,Hat42.184r.2.txt,canon_unlabelled/Hat42.184r.2.txt,CCHA.451.18,0.920736,CANC.314.3,0.239448,Can.apost.10,0.205607,CTOL.633.29,0.202329,CANC.314.23,0.197462,Can.apost.42,0.189363,CSAR.347.12,0.187964,CANC.314.4,0.185144,"cf. Jerome, Epistola 22, ad Eustochium (ed. Hilberg, I, 160, line 3)",0.184806,CTOL.589.23,0.183794
1650,Hat42.184r.3.txt,canon_unlabelled/Hat42.184r.3.txt,CANT.328.20,0.286383,CTOL.589.18,0.277352,CNIC.325.5,0.259779,CNIC.325.4,0.24687,CCHA.451.25,0.243068,CTOL.633.36,0.242562,CTOL.633.3,0.222846,CNEO.315.2,0.222349,Can.apost.38,0.216571,CANT.328.9,0.196649
1651,Hat42.184v.1.txt,canon_unlabelled/Hat42.184v.1.txt,CCHA.451.20,0.748297,CANT.328.3,0.298186,Can.apost.13,0.290927,CANT.328.21,0.25999,CCHA.451.5,0.253701,CANT.328.17,0.252668,Can.apost.15,0.245385,CANT.328.18,0.228362,Can.apost.16,0.218224,CANT.328.7,0.208634
1652,Hat42.185r.1.txt,canon_unlabelled/Hat42.185r.1.txt,CCHA.451.21,0.877665,CTOL.638.11,0.434457,CVAI.442.7,0.336923,CANT.328.14,0.278374,CHIP.393.20,0.262545,CORL.541.29,0.246839,CAUX.561.35,0.240287,CHIP.393.8,0.228169,CAGD.506.37,0.227686,Can.apost.12,0.226846
1653,Hat42.185r.2.txt,canon_unlabelled/Hat42.185r.2.txt,CANT.328.23,0.235234,CANT.328.22,0.198583,CTOL.633.33,0.187978,CHIP.393.13,0.187238,CANT.328.24,0.182516,CTOL.655.16,0.18081,CTOL.633.75,0.173609,CTOL.589.13,0.171948,CTOL.633.51,0.170425,CANC.314.14,0.166721
1654,Hat42.185r.3.txt,canon_unlabelled/Hat42.185r.3.txt,CLAO.300.53,0.279158,CTOL.646.6,0.256301,CNIC.325.15,0.241657,CANT.328.1,0.21847,CANT.328.11,0.20741,CCHA.451.17,0.196403,CHIP.393.26,0.195195,Can.apost.48,0.192366,Can.apost.32,0.1923,CCHA.451.10,0.191205
1655,Hat42.185v.1.txt,canon_unlabelled/Hat42.185v.1.txt,CMEA.845.60,0.233864,CCHA.451.4,0.222969,CORL.549.19,0.222581,CAGD.506.28,0.221865,CORL.511.17,0.214219,CTOL.633.51,0.187486,CCHA.451.17,0.185075,CNIC.325.8,0.178124,CNIC.325.16,0.173969,CANT.328.23,0.173027
1656,Hat42.185v.2.txt,canon_unlabelled/Hat42.185v.2.txt,CCHA.451.25,0.805469,CANT.328.9,0.25985,CCHA.451.26,0.255847,CANC.314.14,0.236274,CNEO.315.13,0.222665,"Unidentified, but cf. Jerome, Epistola 107, ad Laetam (ed. Hilberg, II, 301, lines 6–8)",0.205518,CANT.328.20,0.200485,CNEO.315.11,0.189933,CTOL.655.8,0.184619,Capit.Martini.2,0.183097
1657,Hat42.185v.3.txt,canon_unlabelled/Hat42.185v.3.txt,CCHA.451.26,0.883181,Can.apost.39,0.327565,Can.apost.41,0.322028,Capit.Martini.16,0.307142,CANT.328.25,0.298965,CCHA.451.3,0.279797,CANT.328.24,0.268876,CCHA.451.25,0.258924,CLAO.300.12,0.235351,Can.apost.40,0.207074
1658,Hat42.186r.1.txt,canon_unlabelled/Hat42.186r.1.txt,CCHA.451.27,0.901814,CORL.511.2,0.346864,CANC.314.10,0.267014,CNIC.325.5,0.213898,CCHA.451.7,0.203252,"Gregorius Magnus, Hom.in ev. 2.39 (ed. Étaix, 382, lines 66–7)",0.201841,CORL.541.29,0.192052,RPCO.757.3,0.180722,CTOL.589.0 Conc. Toletana III; anno 589; PL 84 col. 384-386; combined canons?,0.177591,CARL.314.9,0.16793
1659,Hat42.186r.2.txt,canon_unlabelled/Hat42.186r.2.txt,CGAN.355.17,0.297908,CGAN.355.14,0.27239,CTOL.589.0 Conc. Toletana III; anno 589; PL 84 col. 384-386; combined canons?,0.270044,CGAN.355.10,0.22303,CTOU.567.16 (15),0.218091,CGAN.355.4,0.215086,CGAN.355.7,0.193535,CANT.328.6,0.187493,CTOL.397.11,0.186507,CARL.501?.8,0.177733
1660,Hat42.186r.3.txt,canon_unlabelled/Hat42.186r.3.txt,CTOL.589.0 Conc. Toletana III; anno 589; PL 84 col. 384-386; combined canons?,0.302217,CGAN.355.17,0.276304,CGAN.355.14,0.248285,CGAN.355.10,0.225727,CTOU.567.16 (15),0.221653,CGAN.355.4,0.205204,CTOL.397.11,0.191417,CNIC.325.20,0.189351,CANC.314.9,0.186578,CTOL.638.9,0.179124
1661,Hat42.186r.4.txt,canon_unlabelled/Hat42.186r.4.txt,CORA.441.6,0.216149,RPWO.758.7,0.214416,CTOL.589.0 Conc. Toletana III; anno 589; PL 84 col. 384-386; combined canons?,0.210924,CGAN.355.17,0.192744,CGAN.355.8,0.189766,CVER.755.11,0.183249,CAUX.561.4,0.181364,CTOL.638.9,0.180387,CTOL.633.51,0.173574,CGAN.355.7,0.169587
1662,Hat42.186r.5.txt,canon_unlabelled/Hat42.186r.5.txt,CGAN.355.4,0.233777,CGAN.355.17,0.228214,CGAN.355.14,0.221136,CTOL.589.0 Conc. Toletana III; anno 589; PL 84 col. 384-386; combined canons?,0.208422,RPCO.757.5,0.192703,CGAN.355.7,0.183263,CANC.314.9,0.180996,CTOL.397.11,0.176661,CORL.511.13,0.176067,CGAN.355.10,0.174633
1663,Hat42.186v.1.txt,canon_unlabelled/Hat42.186v.1.txt,CAGD.506.61,0.246487,CTOL.527.5,0.245896,CGAN.355.4,0.238151,CORL.511.18,0.222838,CTOU.567.16 (15),0.220086,CGAN.355.17,0.210612,CNIC.325.20,0.201812,CTOL.397.11,0.200042,CTUR.439.6,0.195589,CARL.501?.8,0.189629
1664,Hat42.186v.10.txt,canon_unlabelled/Hat42.186v.10.txt,CSAV.859.12,0.24833,CTOL.636.9,0.244242,CTOL.638.19,0.240964,CGAN.355.10,0.222084,CGAN.355.17,0.198145,RPWO.758.13,0.186119,CGAN.355.3,0.184859,CCHA.451.16,0.183383,CTOL.589.0 Conc. Toletana III; anno 589; PL 84 col. 384-386; combined canons?,0.182146,CTOL.527.5,0.175451
1665,Hat42.186v.2.txt,canon_unlabelled/Hat42.186v.2.txt,CARL.501?.3,0.291398,CGAN.355.4,0.216227,CTOL.397.11,0.208682,CGAN.355.17,0.20522,CGAN.355.14,0.193161,CEPA.517.19,0.190572,CAGD.506.61,0.187212,CANC.314.9,0.183532,CTOL.633.16,0.180721,CTOL.589.0 Conc. Toletana III; anno 589; PL 84 col. 384-386; combined canons?,0.172313
1666,Hat42.186v.3.txt,canon_unlabelled/Hat42.186v.3.txt,CAUX.561.27,0.368033,CAGD.506.62,0.205126,CORL.511.13,0.187176,CGAN.355.17,0.176454,CORL.511.2,0.171304,CTOL.397.11,0.170253,CORL.511.18,0.168513,CTOL.397.19,0.168172,CGAN.355.7,0.163531,CEPA.517.19,0.163194
1667,Hat42.186v.4.txt,canon_unlabelled/Hat42.186v.4.txt,CGAN.355.17,0.237987,CGAN.355.10,0.206795,CANC.314.9,0.202633,CTOL.589.0 Conc. Toletana III; anno 589; PL 84 col. 384-386; combined canons?,0.197726,CTOL.633.68,0.193545,CGAN.355.4,0.18099,CARL.501?.2,0.154817,Can.apost.26,0.15411,CTOL.397.11,0.153517,CTOL.638.9,0.150445
1668,Hat42.186v.5.txt,canon_unlabelled/Hat42.186v.5.txt,RPCO.757.9,0.239949,CGAN.355.14,0.197183,CTOL.397.11,0.180088,CAGD.506.61,0.18008,CGAN.355.4,0.167771,CEPA.517.19,0.165282,Can.apost.48,0.163346,CGAN.355.11,0.16188,CTOL.638.9,0.156304,CTOL.633.30,0.155214
1669,Hat42.186v.6.txt,canon_unlabelled/Hat42.186v.6.txt,CVAI.442.4,0.214356,RPWO.758.17,0.205366,CTOL.397.9,0.193015,CAGD.506.4,0.188051,"Jerome, Comm.in IV ep.Paul., ad Tit. vers. 3:1–2 (PL 26, col. 590D)",0.185622,CTOL.397.3,0.182339,CGAN.355.2,0.177949,CANC.314.10,0.175932,CTUR.439.3,0.16854,Can.apost.25,0.165626
1670,Hat42.186v.7.txt,canon_unlabelled/Hat42.186v.7.txt,CANC.314.10,0.34904,CTOL.397.11,0.242211,CGAN.355.7,0.205047,"Jerome, De perpetua virginitate beatae Mariae, adversus Helvidium, c. 4 (in PL 23, cols
186C–87A)",0.190502,RPWO.758.17,0.183832,CANC.314.18,0.183358,CGAN.355.17,0.181217,CANT.328.15,0.179837,CHIP.393.34,0.176443,CANC.314.2,0.170678
1671,Hat42.186v.8.txt,canon_unlabelled/Hat42.186v.8.txt,CTOL.633.29,0.291267,CGAN.355.20,0.23155,CLAO.300.23,0.225344,CHIP.393.36,0.203064,CAUX.561.4,0.20136,"Caesarius, Sermo 192.4 (ed. Morin, 781, lines 7–9)",0.193603,CORL.511.30,0.193602,CANC.314.23,0.184395,CEPA.517.29,0.168787,CGAN.355.17,0.164002
1672,Hat42.186v.9.txt,canon_unlabelled/Hat42.186v.9.txt,CTOL.633.51,0.274458,CEPA.517.29,0.223567,CTOL.397.11,0.217206,CARL.501?.21,0.209942,RPWO.758.12,0.205092,CGAN.355.17,0.200391,CANT.328.4,0.188653,CTOL.589.13,0.188587,CARL.314.17,0.188255,CORL.541.19,0.184684
1673,Hat42.187r.1.txt,canon_unlabelled/Hat42.187r.1.txt,CSAV.859.12,0.250233,CGAN.355.16,0.210325,CARL.501?.3,0.199625,CGAN.355.17,0.198331,CGAN.355.3,0.180503,CTOL.646.6,0.180295,CTOL.633.70,0.180179,CORA.441.2,0.178705,Can.apost.13,0.178436,CTOL.636.9,0.178224
1674,Hat42.187r.2.txt,canon_unlabelled/Hat42.187r.2.txt,CTOL.397.11,0.2167,CTOL.589.16,0.213999,RPCO.757.9,0.211706,CAGD.506.26,0.197803,CANC.314.8,0.195292,RPCO.757.6,0.190959,CARL.501?.8,0.18144,CTOL.656.3,0.179747,CTOL.589.0 Conc. Toletana III; anno 589; PL 84 col. 384-386; combined canons?,0.17665,CGAN.355.14,0.176209
1675,Hat42.187r.3.txt,canon_unlabelled/Hat42.187r.3.txt,CGAN.355.17,0.279471,"Jerome, Comm.in IV ep.Paul., ad Tit. vers. 3:1–2 (PL 26, col. 590D)",0.211343,CGAN.355.16,0.209793,CGAN.355.18,0.208699,CAUX.561.25,0.205127,CGAN.355.14,0.20188,RPWO.758.16,0.196286,CNIC.325.20,0.195203,RPWO.758.17,0.193978,CGAN.355.5,0.192204
1676,Kob58.69v.2.txt,canon_unlabelled/Kob58.69v.2.txt,"John Cassian, Collationes 20.8 (ed. Petschenig, p. 561, line 9–p. 562, line 4)",0.212544,Can.apost.12,0.196136,CTOL.633.58,0.193852,CCHA.451.11,0.191932,CAGD.506.37,0.190073,CHIP.393.37,0.18483,"Caesarius, Sermo 154.4 (ed. Morin, 630, lines 3–6 [codd. ZG8])",0.18392,"Gregorius Magnus, Hom.in ev. 2.39 (ed. Étaix, 382, lines 66–7)",0.182622,"Caesarius, Sermo 192.4 (ed. Morin, 781, lines 7–9)",0.179379,CARL.501?.25,0.1785
1677,Kob58.69v.3.txt,canon_unlabelled/Kob58.69v.3.txt,"John Cassian, Collationes 20.8 (ed. Petschenig, p. 561, line 9–p. 562, line 4)",0.213549,CORA.441.17,0.21331,CNIC.325.14,0.203489,"Ps.-Clemens–Rufinus, Recognitiones 2.25 (eds Rehm–Paschke, 67, lines 6–9)",0.176467,CORL.511.25,0.1728,CMAC.581.12,0.171952,Can.apost.45,0.166504,CNEO.315.2,0.158519,"Augustine, De serm.dom.in monte, 1.20.63 (ed. Mutzenbecher, 72, lines 1569–82)",0.157733,CTOL.397.19,0.15638
1678,Kob58.69v.4.txt,canon_unlabelled/Kob58.69v.4.txt,Can.apost.41,0.248367,CANC.314.7,0.223089,CANC.314.3,0.216172,Can.apost.2,0.214803,CTOL.638.15,0.196876,CTOL.655.1,0.19532,Can.apost.40,0.194044,CANC.314.23,0.192803,Can.apost.39,0.192307,CNIC.325.11,0.184291
1679,Kob58.70r.1.txt,canon_unlabelled/Kob58.70r.1.txt,CSAR.347.6,0.283644,CORL.511.1,0.269335,"Gennadius, Lib.eccl.dogm. 46 (ed. Turner, 98, lines 1–7; cf. recensio vulgata, c. 47 [PL
42, col. 1220])",0.256021,"Gregorius Magnus, Hom.in ev. 2.26 (ed. Étaix, 222, lines 116–19) Ps (G) 50:19",0.247504,"John Cassian, Collationes 20.8 (ed. Petschenig, p. 561, line 9–p. 562, line 4)",0.212969,CLAO.300.12,0.206074,CNIC.325.6,0.205725,CNIC.325.8,0.205678,"Gregorius Magnus, Hom.in ev. 2.39 (ed. Étaix, 381, lines 45–49)",0.201888,CANT.328.24,0.190798
1680,Kob58.70v.1.txt,canon_unlabelled/Kob58.70v.1.txt,"John Cassian, Collationes 20.8 (ed. Petschenig, p. 561, line 9–p. 562, line 4)",0.269226,CNIC.325.11,0.244939,CLAO.300.2,0.223899,CGAN.355.7,0.208924,"Gennadius, Lib.eccl.dogm. 46 (ed. Turner, 98, lines 1–7; cf. recensio vulgata, c. 47 [PL
42, col. 1220])",0.197935,CCHA.451.11,0.191325,CHIP.393.28,0.190723,CTOL.397.10,0.179718,CANC.314.3,0.177162,DSIR.384.255 cap 7,0.173078
1681,Kob58.71r.1.txt,canon_unlabelled/Kob58.71r.1.txt,"John Cassian, Collationes 20.8 (ed. Petschenig, p. 561, line 9–p. 562, line 4)",0.346381,"Gregorius Magnus, Reg.past. 3.28 (eds Rommel–Judic–Morel, 458–60, lines 32–41)",0.2734,"Hermas, Libell.sanct.past., mandatum 4.1.4–8 (eds de Gebhardt– Harnack–Zahn, 79, lines 1–19)",0.255462,"Gennadius, Lib.eccl.dogm. 46 (ed. Turner, 98, lines 1–7; cf. recensio vulgata, c. 47 [PL
42, col. 1220])",0.247586,CHIP.393.36,0.247364,"Gregorius Magnus, Hom.in ev. 2.26 (ed. Étaix, 222, lines 116–19) Ps (G) 50:19",0.241954,"Gregorius Magnus, Hom.in ev. 2.33 (ed. Étaix, 297, lines 240–48)",0.224401,"Gregorius Nazianzus-Rufinus, Apologeticus 73 (ed. Engelbrecht, 57, lines 7–9)",0.21484,CTOL.633.7,0.213817,"Eusebius-Rufinus, HE 10.2 (eds Mommsen–Schwartz, II, 961, lines 10–19)",0.203812
1682,Kob58.71r.2.txt,canon_unlabelled/Kob58.71r.2.txt,CAGD.506.41,0.243999,CORL.511.31,0.215834,"Gregorius Nazianzus-Rufinus, Apologeticus 91 (ed. Engelbrecht, 68, lines 20–3)",0.191711,"Jerome, Comm.in proph.minor., in Ionam 1:4 (ed. Adriaen, I, 384–85, lines 165–76)",0.183486,CAGD.506.37,0.181172,Can.apost.24,0.179522,Can.apost.31,0.176122,Can.apost.16,0.166523,CARL.501?.28,0.163938,Can.apost.30,0.162508
1683,Kob58.71v.1.txt,canon_unlabelled/Kob58.71v.1.txt,"Gregorius Nazianzus-Rufinus, Apologeticus 91 (ed. Engelbrecht, 68, lines 20–3)",0.224732,CNEO.315.14,0.211628,CORA.441.6,0.200183,"Jerome, Advers.Iovin.libri II, 1.14 (PL 23, col. 233C)",0.198361,CVAI.442.5,0.192698,CTOL.636.9,0.189159,CTOL.633.17,0.180816,CNIC.325.6,0.175847,CHIP.393.36,0.175408,DSIR.384.255  cap. 11,0.174566
1684,Kob58.71v.2.txt,canon_unlabelled/Kob58.71v.2.txt,"Ambrose, Exp.ev.sec.Luc., lib. 10, c. 87 (ed. Adriaen, 371, lines 846–49]",0.638139,"John Cassian, Collationes 20.8 (ed. Petschenig, p. 561, line 9–p. 562, line 4)",0.333825,CAGD.506.37,0.266594,"Ambrose, De spirit.sanct.3.6 (ed. Faller, 164–65, lines 12–22) Source (et ideo ... caritatis affectu)",0.245432,"Gregorius Magnus, Reg.past. 3.28 (eds Rommel–Judic–Morel, 458–60, lines 32–41)",0.225789,CTOL.633.4,0.222609,"Gennadius, Lib.eccl.dogm. 46 (ed. Turner, 98, lines 1–7; cf. recensio vulgata, c. 47 [PL
42, col. 1220])",0.219693,CAGD.506.44,0.217371,"Hermas, Libell.sanct.past., mandatum 4.1.4–8 (eds de Gebhardt– Harnack–Zahn, 79, lines 1–19)",0.204874,CAGD.506.62,0.203388
1685,Kob58.71v.3.txt,canon_unlabelled/Kob58.71v.3.txt,RPWO.758.15,0.280579,CNIC.325.10,0.225063,DSIR.384.255  cap. 13,0.224593,CORL.538.9,0.198359,CCHA.451.27,0.197085,CORA.441.2,0.180256,"Ambrose, Exp.ev.sec.Luc. lib. 9, vers. 20:24 (ed. Adriaen, 343, line 326) Source (quęrit de ... alia mundi)",0.176086,CNEO.315.5,0.170387,CARL.501?.25,0.164862,Can.apost.33,0.163533
1686,Kob58.71v.4.txt,canon_unlabelled/Kob58.71v.4.txt,"John Cassian, Collationes, 5.24 (ed. Petschenig, 148, lines 14–21)",0.262539,"Jerome, Comm.in IV ep.Paul., ad Tit. vers. 3:1–2 (PL 26, col. 590D)",0.255042,"Source unidentified, but cf. Eucherius of Lyon, Instructionum ad Salonium libri II, lib. 2 (ed. C.
Mandolfo, CCSL 66 [Turnhout, 2004], 201–03, lines 263–65)",0.238768,Unidentified,0.232161,CVAI.442.4,0.23076,"Gregory of Nazianzus-Rufinus, In semet.de agr.regr. 16 (ed. Engelbrecht, 186, lines 7–10)",0.215891,"Eusebius-Rufinus, HE 10.5 (eds Mommsen–Schwartz, II, 963, line 21)",0.212412,"Ambrose, Exp.ev.sec.Luc. lib. 9, vers. 20:24 (ed. Adriaen, 343, line 326) Source (quęrit de ... alia mundi)",0.189474,CNIC.325.7,0.183743,RPCO.757.9,0.179262
1687,Kob58.71v.5.txt,canon_unlabelled/Kob58.71v.5.txt,"Gennadius, Lib.eccl.dogm. 46 (ed. Turner, 98, lines 1–7; cf. recensio vulgata, c. 47 [PL
42, col. 1220])",0.264621,CTOL.636.3,0.24182,CNEO.315.11,0.240447,"Poen. Theod. II.6.1- 5, II.6.9-13",0.223416,"Ps.-Clemens–Rufinus, Recognitiones 2.25 (eds Rehm–Paschke, 67, lines 6–9)",0.217069,CTOL.397.5,0.212367,Stat.Eccl.Antiq. 20,0.202636,CNEO.315.,0.196284,CARL.501?.25,0.194158,DSIR.384.255  cap. 11,0.191267
1688,Kob58.72r.1.txt,canon_unlabelled/Kob58.72r.1.txt,CSAR.347.16,0.212677,CNIC.325.7,0.193397,"(ed. MOMMSEN, as Gildas, Epist.deperd.fragm. 6, in Chronica minora, 88, lines 11–12; trans. WINTERBOTTOM,
Gildas, 82)",0.183836,"John Cassian, Collationes 20.8 (ed. Petschenig, p. 561, line 9–p. 562, line 4)",0.182446,Can.apost.22,0.177756,"Gregorius Magnus, Hom.in ev. 2.33 (ed. Étaix, 297, lines 240–48)",0.175524,CORL.538.36,0.170953,"Ambrose, Exp.ev.sec.Luc., lib. 10, c. 87 (ed. Adriaen, 371, lines 846–49]",0.167425,CTOL.397.5,0.166787,"Gregorius Nazianzus-Rufinus, Apologeticus 73 (ed. Engelbrecht, 57, lines 7–9)",0.165418
1689,Kob58.72v.1.txt,canon_unlabelled/Kob58.72v.1.txt,CCHA.451.13,0.214154,CCHA.451.6,0.188359,CANT.328.10,0.180365,"Gregorius Magnus, Hom.in ev. 2.26 (ed. Étaix, 222, lines 116–19) Ps (G) 50:19",0.178459,CLAO.300.48,0.162309,CANC.314.9,0.160295,CNEO.315.7,0.15202,CORA.441.7,0.151796,CNEO.315.6,0.149259,CEPA.517.29,0.145689
1690,Kob58.72v.2.txt,canon_unlabelled/Kob58.72v.2.txt,"Ambrose, Exp.ev.sec.Luc. lib. 9, vers. 20:24 (ed. Adriaen, 343, line 326) Source (quęrit de ... alia mundi)",0.266096,CNIC.325.10,0.208197,CHIP.393.36,0.203222,CTOL.633.28,0.191637,CTOL.633.17,0.189838,CTOL.633.15,0.189114,CAUX.561.9,0.189063,"John Cassian, Collationes 20.8 (ed. Petschenig, p. 561, line 9–p. 562, line 4)",0.188953,"Gregory of Nazianzus- Rufinus, Apologeticus 115 (ed. Engelbrecht, 82, lines 11–12)",0.187484,CARL.501?.25,0.178018
1691,Kob58.73r.1.txt,canon_unlabelled/Kob58.73r.1.txt,CORA.441.3,0.271281,CNIC.325.12,0.212287,CORA.441.14,0.200656,CEPA.517.3,0.197593,Unidentified,0.182319,CTOL.633.56,0.176899,CCHA.451.6,0.176752,CCHA.451.13,0.176329,CANT.328.17,0.158226,CANC.314.5,0.157765
1692,Kob58.73r.2.txt,canon_unlabelled/Kob58.73r.2.txt,CHIP.393.36,0.314132,"Gregorius Magnus, Hom.in ev. 2.33 (ed. Étaix, 297, lines 240–48)",0.305743,"John Cassian, Collationes 20.8 (ed. Petschenig, p. 561, line 9–p. 562, line 4)",0.302984,CNIC.325.7,0.275025,"Gennadius, Lib.eccl.dogm. 46 (ed. Turner, 98, lines 1–7; cf. recensio vulgata, c. 47 [PL
42, col. 1220])",0.272818,"Hermas, Libell.sanct.past., mandatum 4.1.4–8 (eds de Gebhardt– Harnack–Zahn, 79, lines 1–19)",0.271059,"Gregorius Magnus, Reg.past. 3.28 (eds Rommel–Judic–Morel, 458–60, lines 32–41)",0.262466,CTOL.589.11,0.256058,"Gregorius Magnus, Hom.in ev. 2.26 (ed. Étaix, 222, lines 116–19) Ps (G) 50:19",0.255181,"Ambrose, Exp.ev.sec.Luc. lib. 9, vers. 20:24 (ed. Adriaen, 343, line 326) Source (quęrit de ... alia mundi)",0.248977
1693,Kob58.78r.1.txt,canon_unlabelled/Kob58.78r.1.txt,"Eusebius-Rufinus, HE 10.5 (eds Mommsen–Schwartz, II, 963, line 21)",0.312927,"Source unidentified, but cf. Eucherius of Lyon, Instructionum ad Salonium libri II, lib. 2 (ed. C.
Mandolfo, CCSL 66 [Turnhout, 2004], 201–03, lines 263–65)",0.311003,"Jerome, Comm.in IV ep.Paul., ad Tit. vers. 3:1–2 (PL 26, col. 590D)",0.291288,CVER.755.20,0.256458,RPCO.757.9,0.255767,CANT.328.12,0.252423,CSAR.347.21,0.226371,"Jerome, De perpetua virginitate beatae Mariae, adversus Helvidium, c. 4 (in PL 23, cols
186C–87A)",0.208328,CAGD.506.37,0.200342,"Gregory of Nazianzus- Rufinus, Apologeticus 115 (ed. Engelbrecht, 82, lines 11–12)",0.199381
1694,Kob58.78v.1.txt,canon_unlabelled/Kob58.78v.1.txt,"John Cassian, Collationes 20.8 (ed. Petschenig, p. 561, line 9–p. 562, line 4)",0.259801,"(ed. MOMMSEN, as Gildas, Epist.deperd.fragm. 1, in Chronica minora, 86, lines 1–10; trans. WINTERBOTTOM, Gildas, 80)",0.255853,CGAN.355.19,0.231705,"Jerome, Epistola 52, ad Nepotianum (ed. Hilberg, I, 435, line )",0.227737,CCHA.451.11,0.226428,CGAN.355.18,0.220776,CCHA.451.21,0.212474,CSAR.347.17,0.205619,CAGD.506.38,0.202207,CSAR.347.10,0.201712
1695,Kob58.79r.1.txt,canon_unlabelled/Kob58.79r.1.txt,"Augustine, Speculum 7 (ed. Weihrich, 63, lines 2–3)",0.222696,CTOL.633.16,0.184512,Stat.Eccl.Antiq. 20,0.182901,"Gregorius Magnus, Hom.in ev. 2.26 (ed. Étaix, 222, lines 116–19) Ps (G) 50:19",0.180978,CAGD.506.15,0.174064,CORL.549.19,0.166752,CHIP.393.7,0.162852,CARL.501?.22,0.155949,CHIP.393.8,0.153982,CAUX.561.9,0.153659
1696,Kob58.79r.2.txt,canon_unlabelled/Kob58.79r.2.txt,CNIC.325.12,0.403142,CARL.501?.25,0.338604,CTOL.638.9,0.261406,CTOL.633.49,0.213936,CEPA.517.3,0.189715,"John Cassian, Collationes, 5.24 (ed. Petschenig, 148, lines 14–21)",0.187537,CANC.314.7,0.183906,"Gregory of Nazianzus- Rufinus, De Pentecoste et de spiritu sancto 2 (in Tyranni Rufini
orationum Gregorii Nazianzeni novem interpretatio, ed. Engelbrecht, 143, lines 8–16)",0.17929,Can.apost.16,0.177191,CHIP.393.33,0.175302
1697,Kob58.79v.1.txt,canon_unlabelled/Kob58.79v.1.txt,CAGD.506.25,0.223364,CAUX.561.41,0.214779,CNEO.315.2,0.210561,RPWO.758.1,0.205632,CARL.501?.1,0.203765,"Augustine, Sermo 392 (PL 39, col. 1710)",0.183559,CTOL.633.21,0.181533,CTOL.633.22,0.180123,CNEO.315.12,0.178362,CTOL.638.13,0.177135
1698,Kob58.79v.2.txt,canon_unlabelled/Kob58.79v.2.txt,CLAO.300.57,0.230063,Can.apost.36,0.225063,CNEO.315.1,0.222194,CAUX.561.26,0.187923,"Caesarius, Sermo 43.3 (ed. Morin, 191, lines 13–19)",0.186503,Can.apost.11,0.177927,CAUX.561.42,0.170631,CHIP.393.17,0.168946,RPWO.758.8,0.167621,CARL.501?.23,0.164247
1699,Kob58.79v.3.txt,canon_unlabelled/Kob58.79v.3.txt,"Eusebius-Rufinus, HE 10.5 (eds Mommsen–Schwartz, II, 963, line 21)",0.328256,"Gratian, D. 5 de cons. c. 19",0.278794,CANT.328.16,0.266214,CAGD.506.38,0.256768,CSAR.347.5,0.253383,CAUX.561.19,0.250201,CTOL.633.4,0.248002,"Ambrose, De spirit.sanct.3.6 (ed. Faller, 164–65, lines 12–22) Source (et ideo ... caritatis affectu)",0.229568,CRIZ.439.6,0.227353,CAUX.561.11,0.227323
1700,Kob58.80r.1.txt,canon_unlabelled/Kob58.80r.1.txt,RPWO.758.5,0.233721,"Origen.–Rufinus, In Gen.hom.XVI, 4.4 (ed. Baehrens, 54, line 3–7)",0.233116,"Hermas, Libell.sanct.past., mandatum 4.1.4–8 (eds de Gebhardt– Harnack–Zahn, 79, lines 1–19)",0.232213,CVAI.442.7,0.218512,CORL.541.29,0.214921,CAUX.561.35,0.209805,CTOL.589.17,0.198261,CSAR.347.7,0.193063,CNEO.315.5,0.192787,"Gregorius Magnus, Hom.in ev. 2.33 (ed. Étaix, 297, lines 240–48)",0.191973
1701,Kob58.80v.1.txt,canon_unlabelled/Kob58.80v.1.txt,CANC.314.20,0.48784,"(ed. MOMMSEN, as Gildas, Epist.deperd.fragm. 6, in Chronica minora, 88, lines 11–12; trans. WINTERBOTTOM,
Gildas, 82)",0.215167,CTOL.655.8,0.197983,CTOL.633.24,0.189336,CANC.314.5,0.187483,CNEO.315.11,0.186333,"John Cassian, Collationes, 5.24 (ed. Petschenig, 148, lines 14–21)",0.182318,CARL.501?.20,0.181731,CANC.314.4,0.171216,"Gregorius Nazianzus-Rufinus, Apologeticus 72 (ed. Engelbrecht, 56, lines 20–3",0.16435
1702,KoeD122.100r.1.txt,canon_unlabelled/KoeD122.100r.1.txt,Can.apost.1,0.198604,CTOL.397.10,0.190604,CNEO.315.12,0.180347,CEPA.517.3,0.180257,Can.apost.30,0.178327,"John Cassian, Collationes 20.8 (ed. Petschenig, p. 561, line 9–p. 562, line 4)",0.177776,CTOL.397.8,0.175712,Can.apost.34,0.168147,CTOL.397.2,0.165516,CNIC.325.2,0.165493
1703,KoeD122.100v.1.txt,canon_unlabelled/KoeD122.100v.1.txt,CTUR.439.3,0.273052,CRIZ.439.2,0.223381,CTOL.589.1,0.216511,CTOL.633.3,0.20288,CTOL.638.3,0.192021,CTOL.656.2,0.185135,CTOL.638.8,0.180164,CAGD.506.26,0.178326,CTOL.655.6,0.177142,CTOL.397.20,0.177104
1704,KoeD122.101r.1.txt,canon_unlabelled/KoeD122.101r.1.txt,CAGD.506.4,0.219273,CTOL.397.2,0.21722,CTOL.655.8,0.208537,Can.apost.17,0.198919,CANT.328.23,0.186815,CTOL.633.68,0.18607,CARL.501?.2,0.18443,CCHL.647.12,0.183467,CTOL.397.8,0.17439,CTOL.633.33,0.171832
1705,KoeD122.101v.1.txt,canon_unlabelled/KoeD122.101v.1.txt,CANC.314.18,0.752472,CTOL.397.13,0.2185,CTOL.589.19,0.194131,CANC.314.24,0.189354,Can.apost.19,0.179855,Can.apost.5,0.179114,CORA.441.6,0.165546,CTOL.397.8,0.156093,CANC.314.1,0.147193,CCHA.451.16,0.147102
1706,KoeD122.102r.1.txt,canon_unlabelled/KoeD122.102r.1.txt,CSAR.347.10,0.215924,"DGEL492.636 cap. 7,8",0.19229,CTOL.655.17,0.190814,CTOL.636.4,0.189177,"Eusebius–Rufinus HE 6.19.17 (eds Mommsen–Schwartz, II, 565, lines 11–12)",0.175055,CTOL.633.19,0.172687,CTOL.589.21,0.172649,CSAR.347.9,0.171451,CSAR.347.15,0.171082,CARL.501?.18,0.170852
1707,KoeD122.102v.1.txt,canon_unlabelled/KoeD122.102v.1.txt,CTOL.633.51,0.244251,CTUR.439.3,0.222651,CANT.328.4,0.220264,CARL.501?.28,0.204474,RPWO.758.16,0.203302,CVAI.442.9,0.201499,Can.apost.25,0.200238,CTOL.633.75,0.197523,CORL.511.28,0.195653,CNIC.325.2,0.19287
1708,KoeD122.103r.1.txt,canon_unlabelled/KoeD122.103r.1.txt,CORL.511.2,0.256917,CVAI.442.7,0.248574,CTOL.633.31,0.243418,"Ambrose, De spirit.sanct.3.6 (ed. Faller, 164–65, lines 12–22) Source (et ideo ... caritatis affectu)",0.236834,CHIP.393.9,0.2283,CTOL.638.11,0.22286,CTOL.633.32,0.219179,CORL.511.12,0.216372,CHIP.393.7,0.210863,CTOL.589.17,0.210174
1709,KoeD122.103v.1.txt,canon_unlabelled/KoeD122.103v.1.txt,CARL.501?.28,0.242304,CNIC.325.1,0.240335,"Caesarius, Sermo 2, ammonitio (ed. Morin, 18, lines 7–15)",0.208151,Can.apost.22,0.20335,CTOL.633.50,0.192671,CAUX.561.4,0.191626,CARL.314.6,0.185525,CNIC.325.4,0.180421,CNEO.315.1,0.176472,CNIC.325.16,0.174535
1710,KoeD122.104r.1.txt,canon_unlabelled/KoeD122.104r.1.txt,CNEO.315.8,0.322413,DSIR.384.255  cap. 14,0.244773,CTOL.397.3,0.241221,CARL.501?.25,0.230322,CEPA.517.3,0.223098,CTOL.397.8,0.220753,Can.apost.18,0.214804,DSIR.384.255  cap. 13,0.211784,CSAR.347.13,0.206826,CORA.441.24,0.206725
1711,KoeD122.104r.2.txt,canon_unlabelled/KoeD122.104r.2.txt,CNIC.325.2,0.281623,CNEO.315.12,0.220357,CCHA.451.3,0.219213,CARL.501?.25,0.21666,CORL.538.32,0.213812,CEPA.517.3,0.210817,Can.apost.41,0.207933,CSAR.347.13,0.203214,CORA.441.24,0.202331,CGAN.355.9,0.200736
1712,KoeD122.104v.1.txt,canon_unlabelled/KoeD122.104v.1.txt,CLAO.300.26,0.225875,CTOL.633.53,0.212302,CTOL.397.15,0.201056,CTOL.633.62,0.191125,CORA.441.15,0.187892,CNIC.325.16,0.174215,CORL.511.30,0.170803,CTOL.646.5,0.167953,CTOL.633.19,0.165996,Can.apost.7,0.162672
1713,KoeD122.105r.1.txt,canon_unlabelled/KoeD122.105r.1.txt,CTOL.646.2,0.289603,CSAR.347.13,0.26946,CARL.501?.25,0.267624,CNEO.315.8,0.262603,CTOL.655.6,0.248681,CTOL.646.5,0.242978,CTOL.397.3,0.231786,"Caesarius, Sermo 2, ammonitio (ed. Morin, 18, lines 7–15)",0.229976,CTOL.656.4,0.22927,CTOL.636.3,0.229052
1714,KoeD122.105v.1.txt,canon_unlabelled/KoeD122.105v.1.txt,CTOL.527.1,0.413956,DSIR.384.255  cap. 13,0.397083,CORA.441.24,0.349059,CSAR.347.13,0.32868,CNEO.315.11,0.32033,CARL.501?.25,0.302116,CANC.314.15,0.28236,CNEO.315.,0.274699,CTOL.397.8,0.273587,CTOL.638.9,0.271508
1715,KoeD122.106r.1.txt,canon_unlabelled/KoeD122.106r.1.txt,CTOL.646.5,0.351166,CTOL.633.25,0.30451,CTOL.656.5,0.296862,CTOL.656.4,0.281637,CTOL.633.60,0.267617,CTOL.656.6,0.264161,"Gregory of Nazianzus-Rufinus, In semet.de agr.regr. 15 (ed. Engelbrecht, 185, lines 11–13)",0.259157,CTOL.633.41,0.234721,CTOL.646.1,0.225366,"Caesarius, Sermo 2, ammonitio (ed. Morin, 18, lines 7–15)",0.218316
1716,KoeD122.107v.1.txt,canon_unlabelled/KoeD122.107v.1.txt,CTOL.636.5,0.230739,CTOL.656.2,0.228801,CTOL.589.20,0.227358,CTUR.439.3,0.219333,"Jerome, Comm.in Mat.libri IV, lib. 3, vers. 19:9 (eds Hurst–Adriaen, 167, lines 761–80)",0.219189,CAGD.506.61,0.218032,CANC.314.18,0.213515,CCHA.451.6,0.206154,"Caesarius, Sermo 43.5 (ed. Morin, 192, lines 2–7)",0.204138,Can.apost.28,0.203828
1717,KoeD122.108v.1.txt,canon_unlabelled/KoeD122.108v.1.txt,CARL.501?.6,0.383137,CNIC.325.6,0.355049,CANT.328.19,0.336299,CRIZ.439.6,0.286143,CARL.501?.5,0.238808,CARL.314.18,0.229778,CANT.328.9,0.188243,CGAN.355.7,0.188129,CANT.328.11,0.187108,CARL.314.20,0.177425
1718,KoeD122.108v.2.txt,canon_unlabelled/KoeD122.108v.2.txt,CARL.501?.25,0.265192,CHIP.393.38,0.210023,CTOL.633.3,0.195063,CORL.541.6,0.189472,CNIC.325.16,0.185032,CARL.314.20,0.17008,"Poen. Theod. II.6.1- 5, II.6.9-13",0.167695,CNEO.315.8,0.164619,Can.apost.21,0.163663,CHIP.393.37,0.16041
1719,KoeD122.109r.1.txt,canon_unlabelled/KoeD122.109r.1.txt,CTOL.636.3,0.272185,CTOL.527.5,0.27211,CTUR.439.3,0.268459,CSAR.347.11,0.247429,CSAR.347.2,0.233056,CRIZ.439.2,0.230933,CTOL.656.2,0.225953,CTOL.656.4,0.203002,CTOL.633.22,0.198558,CAGD.506.61,0.192679
1720,KoeD122.110r.1.txt,canon_unlabelled/KoeD122.110r.1.txt,CTOL.646.2,0.29465,CARL.501?.25,0.2789,CARL.314.20,0.278542,CTOL.633.73,0.25412,CARL.501?.1,0.248266,CTOL.527.1,0.235927,CNEO.315.8,0.230122,CTOL.656.2,0.228575,CTOL.638.4,0.219746,CGAN.355.9,0.212572
1721,KoeD122.111r.1.txt,canon_unlabelled/KoeD122.111r.1.txt,DSIR.384.255 cap 7,0.282642,CORL.511.13,0.242928,CTOL.656.3,0.238558,CTOL.638.8,0.229333,Can.apost.29,0.22728,CTOL.598.12,0.226314,CTOL.633.20,0.222282,CTOL.589.20,0.219976,CTOL.527.5,0.216515,CTUR.439.3,0.213475
1722,KoeD122.112r.1.txt,canon_unlabelled/KoeD122.112r.1.txt,CTOL.527.5,0.247457,CTUR.439.6,0.209926,CTUR.439.3,0.207626,CTOL.655.6,0.20639,CCLE.535.12,0.200207,CTOL.633.3,0.198734,CORA.441.28,0.195293,CTOL.638.3,0.190118,CTOL.636.1,0.189359,CTOL.655.17,0.18872
1723,KoeD122.112v.1.txt,canon_unlabelled/KoeD122.112v.1.txt,CTOL.527.5,0.300715,CTOL.655.6,0.279484,CARL.501?.8,0.273243,CTUR.439.6,0.259473,CTOL.527.4,0.254786,CTUR.439.3,0.254707,CTUR.439.8,0.240977,CTOL.638.17,0.234008,CORA.441.28,0.230112,CTOL.589.1,0.229796
1724,KoeD122.113r.1.txt,canon_unlabelled/KoeD122.113r.1.txt,CLAO.300.12,0.246733,RPWO.758.14,0.245403,CANT.328.19,0.23413,CARL.501?.5,0.230696,CLAO.300.26,0.226623,CNIC.325.6,0.193559,CTOL.655.6,0.190848,CHIP.393.2,0.181083,CEPA.517.40,0.176462,CORA.441.7,0.17538
1725,KoeD122.113v.1.txt,canon_unlabelled/KoeD122.113v.1.txt,CSAR.347.18,0.270084,CTOL.589.23,0.207403,CSAR.347.13,0.203664,Can.apost.41,0.191932,CTOL.633.47,0.187104,Can.apost.23,0.183089,CTOL.638.17,0.177631,CTOL.633.15,0.173986,CTOL.638.2,0.173738,CNEO.315.12,0.167923
1726,KoeD122.114r.1.txt,canon_unlabelled/KoeD122.114r.1.txt,CORA.441.15,0.368199,CTOL.633.73,0.309147,CARL.501?.25,0.30267,DSIR.384.255  cap. 14,0.298245,CEPA.517.3,0.287692,CNIC.325.2,0.283121,CNIC.325.10,0.280984,CORA.441.24,0.278992,CHIP.393.37,0.267333,DSIR.384.255  cap. 13,0.259735
1727,KoeD122.114r.2.txt,canon_unlabelled/KoeD122.114r.2.txt,CHIP.393.15,0.298124,Can.apost.17,0.273707,Can.apost.47,0.217412,CNIC.325.2,0.206846,CTOL.633.53,0.199709,CTOL.397.8,0.183817,RPCO.757.2,0.173345,CTOL.397.2,0.169579,Can.apost.21,0.16354,CORA.441.2,0.161687
1728,KoeD122.114v.1.txt,canon_unlabelled/KoeD122.114v.1.txt,CTOL.633.54,0.713252,CTOL.638.4,0.236926,CARL.501?.7,0.235293,CCHA.451.6,0.219769,CANC.314.22,0.214592,CANC.314.19,0.21345,Capit.Martini.61,0.207209,CANC.314.16,0.202525,CTOL.397.2,0.200831,CTOL.655.10,0.183985
1729,KoeD122.115r.1.txt,canon_unlabelled/KoeD122.115r.1.txt,CARL.501?.5,0.254472,Can.apost.1,0.246954,CANT.328.19,0.214584,CTOL.655.6,0.20849,CARL.501?.22,0.199966,CTOL.646.2,0.199618,CORL.538.15,0.189851,CTOL.646.3,0.189073,CTOL.633.19,0.185931,CHIP.393.10,0.184294
1730,KoeD122.115r.2.txt,canon_unlabelled/KoeD122.115r.2.txt,CHIP.393.19,0.237938,CTOL.633.49,0.187444,RPWO.758.9,0.187102,Can.apost.41,0.178588,CARL.501?.5,0.17377,CANT.328.5,0.170459,CANT.328.20,0.166404,CVAI.442.3,0.164441,"(ed. MOMMSEN, as Gildas, Epist.deperd.fragm. 5, in Chronica minora, p. 87, line 36–p. 88, line 1; trans.
WINTERBOTTOM, Gildas, 82)",0.16327,CTOL.638.17,0.160545
1731,KoeD122.115v.1.txt,canon_unlabelled/KoeD122.115v.1.txt,CTOL.636.9,0.21913,CSAR.347.3,0.218154,CORL.541.6,0.21119,CTOL.638.19,0.207943,CHIP.393.15,0.196799,CARL.314.14,0.19665,CAGD.506.37,0.195749,Can.apost.44,0.18885,CNIC.325.6,0.187685,CSAR.347.13,0.186806
1732,KoeD122.116r.1.txt,canon_unlabelled/KoeD122.116r.1.txt,CTOL.633.73,0.833191,CTOL.638.10,0.391174,CTOL.655.13,0.321775,CORA.441.15,0.31218,CARL.501?.25,0.310037,CTOL.633.72,0.307585,CTOL.633.70,0.303682,CTOL.638.9,0.302789,CTOL.655.15,0.282157,CTOL.633.71,0.274655
1733,KoeD122.116v.1.txt,canon_unlabelled/KoeD122.116v.1.txt,CAUX.561.40,0.243958,CCHA.451.21,0.230862,CORL.541.29,0.228164,CNIC.325.17,0.227887,CAGD.506.38,0.220387,"CTOL.653.13  (excerpta canonum cap. 13)  Martinez Diez, vol. 5, pp. 475-476; text modified in W",0.217457,CORL.538.9,0.216911,"(ed. MOMMSEN, as Gildas, Epist.deperd.fragm. 4, in Chronica minora, 87, lines 19–35; trans. WINTERBOTTOM, Gildas, 81)",0.21592,CTOL.589.23,0.213911,"Jerome, Comm.in IV ep.Paul., ad Tit. vers. 2:9–10 (PL 26, col. 585C–D)",0.21047
1734,KoeD122.116v.2.txt,canon_unlabelled/KoeD122.116v.2.txt,CCHA.451.5,0.809291,CCHA.451.27,0.23711,Can.apost.36,0.219201,CSAR.347.6,0.208142,CSAR.347.1,0.205432,CCHA.451.25,0.187586,CCHA.451.7,0.1807,Unidenfied,0.180036,CNIC.325.15,0.176507,CCHA.451.13,0.166741
1735,KoeD122.116v.3.txt,canon_unlabelled/KoeD122.116v.3.txt,CCHA.451.6,0.840672,CARL.501?.1,0.284011,CORA.441.7,0.211161,CNIC.325.10,0.205041,CNEO.315.8,0.198201,CANC.314.9,0.196556,CCHA.451.2,0.194028,CANT.328.23,0.187591,CORL.538.32,0.186627,CNIC.325.6,0.185945
1736,KoeD122.117r.1.txt,canon_unlabelled/KoeD122.117r.1.txt,CLAO.300.23,0.318356,"Gregorius Magnus, Hom.in ev. 2.26 (ed. Étaix, 222, lines 116–19) Ps (G) 50:19",0.269643,CTOL.633.25,0.269284,"Caesarius, Sermo 2, ammonitio (ed. Morin, 18, lines 7–15)",0.235777,CTOL.633.13,0.216716,Can.apost.27,0.212343,CHIP.393.2,0.206497,CVAI.442.6,0.203308,"(ed. MOMMSEN, as Gildas, Epist.deperd.fragm. 7, in Chronica minora, 88, lines 13–24; trans. WINTERBOTTOM,
Gildas, 82)",0.200446,CTOL.646.5,0.186814
1737,KoeD122.117r.2.txt,canon_unlabelled/KoeD122.117r.2.txt,CORA.441.14,0.238559,CTOL.633.28,0.181679,Can.apost.50,0.17624,CTOL.633.26,0.175805,CVAI.442.4,0.167263,CTOL.633.6,0.166836,CVAI.442.9,0.163748,CARL.314.14,0.158466,CANT.328.25,0.157414,Can.apost.41,0.154167
1738,KoeD122.117v.1.txt,canon_unlabelled/KoeD122.117v.1.txt,CHIP.393.18,0.325784,CHIP.393.1,0.312611,CTOL.397.3,0.308753,CLAO.300.23,0.272913,CSAR.347.13,0.241087,CVAI.442.9,0.227357,"Caesarius, Sermo 2, ammonitio (ed. Morin, 18, lines 7–15)",0.216498,Can.apost.27,0.215013,CTOL.633.25,0.200176,CNIC.325.12,0.198581
1739,KoeD122.117v.2.txt,canon_unlabelled/KoeD122.117v.2.txt,CORA.441.14,0.369721,CNIC.325.14,0.295443,CNEO.315.5,0.271948,CORA.441.17,0.226642,CLAO.300.26,0.210119,Can.apost.50,0.206214,"cf. Poen. Theodori, capp. III.3, III.4, III.5; Wasserschleben, p. 204",0.191235,CORL.511.20,0.183286,CNEO.315.6,0.182399,CVER.755.11,0.180385
1740,KoeD122.118r.1.txt,canon_unlabelled/KoeD122.118r.1.txt,CLAO.300.26,0.974436,CNIC.325.10,0.34852,CORA.441.15,0.270512,CANT.328.13,0.247713,CLAO.300.57,0.244007,CLAO.300.58,0.237942,CCHA.451.6,0.23172,Can.apost.42,0.226952,CLAO.300.13,0.214817,CLAO.300.32,0.208358
1741,KoeD122.118r.2.txt,canon_unlabelled/KoeD122.118r.2.txt,CNEO.315.5,0.207842,RPWO.758.1,0.203532,CTOL.633.26,0.198233,CARL.501?.4,0.198102,CTUR.439.3,0.195726,Can.apost.4,0.181228,CORL.511.19,0.1681,CTOL.633.50,0.166002,CORA.441.13,0.162391,"Source unidentified, but cf. Augustine, In Iohannis euangelium tractatus, tract. 73.1 (ed. R. Willems,
CCSL 36 [Turnhout, 1954], 510, lines 23–4)",0.160211
1742,KoeD122.118r.3.txt,canon_unlabelled/KoeD122.118r.3.txt,CTOL.633.28,0.368329,CAUX.561.36,0.24632,CAUX.561.12,0.209787,RPWO.758.20,0.198732,CAUX.561.6,0.19193,"Jerome, Comm.in Mat.libri IV, lib. 1, vers. 6:2 (eds Hurst–Adriaen, 35, lines 723–24)",0.190056,"Ambrose, Exp.ev.sec.Luc. lib. 9, vers. 20:24 (ed. Adriaen, 343, line 326) Source (quęrit de ... alia mundi)",0.188184,CAUX.561.22,0.187653,CORL.511.22,0.177261,"Jerome, Comm.in proph.minor., in Ionam 1:4 (ed. Adriaen, I, 384–85, lines 165–76)",0.1758
1743,KoeD122.118v.1.txt,canon_unlabelled/KoeD122.118v.1.txt,CNIC.325.17,0.309302,CTOL.589.23,0.29635,CTOL.633.25,0.25279,CTOL.638.17,0.250136,CTOL.636.2,0.248929,CTOL.646.5,0.243794,"Jerome, Comm.in IV ep.Paul., ad Tit. vers. 2:9–10 (PL 26, col. 585C–D)",0.241989,CCHA.451.3,0.229666,CORL.541.29,0.227762,CTOL.633.13,0.219756
1744,KoeD122.119r.1.txt,canon_unlabelled/KoeD122.119r.1.txt,CNEO.315.1,0.201455,CANC.314.14,0.198281,CORA.441.7,0.174667,CANC.314.13,0.169791,CTOL.656.6,0.167522,CTOL.646.5,0.166655,CTOL.589.15,0.157724,"Caesarius, Sermo 2, ammonitio (ed. Morin, 18, lines 7–15)",0.157258,CTOL.589.18,0.150774,Can.apost.44,0.150162
1745,KoeD122.119r.2.txt,canon_unlabelled/KoeD122.119r.2.txt,CORL.511.28,0.238607,CORL.538.32,0.223914,CARL.501?.25,0.200982,Can.apost.44,0.191663,CTOL.633.15,0.190977,CAGD.506.2,0.184613,CSOI.744.3,0.171984,CTOL.633.67,0.171865,Can.apost.20,0.169903,CTOL.633.37,0.165963
1746,KoeD122.119v.1.txt,canon_unlabelled/KoeD122.119v.1.txt,CAGD.506.2,0.956384,CANC.314.19,0.23903,CTOL.633.71,0.214573,CORL.511.28,0.199431,"(ed. MOMMSEN, as Gildas, Epist.deperd.fragm. 5, in Chronica minora, p. 87, line 36–p. 88, line 1; trans.
WINTERBOTTOM, Gildas, 82)",0.198881,"Ambrose, Exp.ev.sec.Luc., lib. 10, c. 87 (ed. Adriaen, 371, lines 846–49]",0.191097,CTOL.638.13,0.191065,Can.apost.37,0.190189,CTOL.589.11,0.1878,CNIC.325.7,0.179961
1747,KoeD122.120r.1.txt,canon_unlabelled/KoeD122.120r.1.txt,CAGD.506.5,0.865391,Can.apost.25,0.269578,CVAI.442.4,0.261869,CORL.538.9,0.2512,"Jerome, Comm.in IV ep.Paul., ad Tit. vers. 2:9–10 (PL 26, col. 585C–D)",0.236626,CMAC.581.7,0.225233,RPWO.758.17,0.21587,RPCO.757.2,0.187332,CAGD.506.50 (addit.),0.187067,RPWO.758.18,0.177918
1748,KoeD122.120r.2.txt,canon_unlabelled/KoeD122.120r.2.txt,CTOL.397.5,0.644364,CNEO.315.11,0.222561,CAUX.561.43,0.207152,Can.apost.20,0.194325,CNEO.315.,0.191593,CVER.755.11,0.189601,CARL.501?.8,0.181063,CORL.511.3,0.177032,CNIC.325.2,0.173218,CARL.314.1,0.166114
1749,KoeD122.120v.1.txt,canon_unlabelled/KoeD122.120v.1.txt,CLAO.300.24,0.880659,CLAO.300.23,0.25638,CNIC.325.9,0.18455,CTOL.397.2,0.18408,CORA.441.24,0.177101,CHIP.393.26,0.174921,CTOL.633.25,0.172805,CTOL.646.5,0.171666,CORA.441.15,0.168303,CANC.314.3,0.166365
1750,KoeD122.120v.2.txt,canon_unlabelled/KoeD122.120v.2.txt,CTOL.656.3,0.240234,CTOL.638.4,0.207876,CTOL.527.5,0.186261,CORL.511.14,0.180083,CTOL.633.15,0.178404,CORL.538.32,0.166182,CORL.538.9,0.162042,CTOL.636.5,0.160386,CVAI.442.4,0.155373,RPCO.757.4,0.151029
1751,KoeD122.121r.1.txt,canon_unlabelled/KoeD122.121r.1.txt,CAGD.506.8,0.820151,CORL.538.32,0.289595,CSAR.347.21,0.246056,CORA.441.5,0.231442,CCHL.647.15,0.221836,Can.apost.31,0.216179,CAGD.506.32,0.215635,CAGD.506.50 (addit.),0.210974,CTOL.633.56,0.208155,CORL.541.29,0.202695
1752,KoeD122.121r.2.txt,canon_unlabelled/KoeD122.121r.2.txt,CORL.538.12,0.192547,CHIP.393.15,0.182824,CTOL.633.50,0.180139,CVAN.461.7,0.172834,RPWO.758.19,0.161679,CAGD.506.54,0.160292,CNIC.325.17,0.148716,CANT.328.16,0.145013,Can.apost.44,0.138375,Can.apost.2,0.137025
1753,KoeD122.121v.1.txt,canon_unlabelled/KoeD122.121v.1.txt,CAGD.506.26,0.727212,CORL.511.1,0.245289,Can.apost.46,0.233065,CTOL.589.4,0.209872,CVAI.442.4,0.204074,Can.apost.12,0.203187,CGAN.355.19,0.195884,CTOL.633.6,0.173366,CTOL.638.5,0.172771,CANT.328.24,0.171246
1754,KoeD122.122r.1.txt,canon_unlabelled/KoeD122.122r.1.txt,CTOL.633.24,0.768016,CTOL.646.5,0.340217,CHIP.393.1,0.251103,CRIZ.439.1,0.244018,CANC.314.3,0.2421,"(ed. MOMMSEN, as Gildas, Epist.deperd.fragm. 3, in Chronica minora, 86, lines 17–21; trans. WINTERBOTTOM, Gildas, 80)",0.223289,CVAI.442.7,0.216268,CAGD.506.41,0.208619,CTOL.656.4,0.205668,Can.apost.2,0.204536
1755,KoeD122.122v.1.txt,canon_unlabelled/KoeD122.122v.1.txt,CAGD.506.41,0.704386,Can.apost.42,0.302526,CTOL.633.24,0.264413,CMAC.585.1,0.21867,CARL.314.7,0.216125,CNEO.315.10,0.201956,CARL.501?.11,0.180911,Can.apost.17,0.179902,"Gratian, D. 5 de cons. c. 19",0.177943,CAGD.506.56,0.175051
1756,KoeD122.122v.2.txt,canon_unlabelled/KoeD122.122v.2.txt,CAGD.506.39,0.826492,CTOL.646.5,0.318606,CAGD.506.61,0.299675,CTOL.589.23,0.297793,CHIP.393.11,0.289285,CNEO.315.10,0.280601,CTOL.633.19,0.26776,CTOL.527.5,0.263012,Can.apost.18,0.245799,CTOL.656.4,0.244832
1757,KoeD122.123r.1.txt,canon_unlabelled/KoeD122.123r.1.txt,CTOL.633.29,0.697574,CANC.314.23,0.259672,CORL.511.30,0.225109,CAUX.561.4,0.21702,CTOL.589.17,0.203145,CLAO.300.23,0.19499,"cf. Jerome, Epistola 22, ad Eustochium (ed. Hilberg, I, 160, line 3)",0.181969,CSAR.347.13,0.177111,CTOL.633.75,0.169492,CTOL.589.16,0.169168
1758,KoeD122.123v.1.txt,canon_unlabelled/KoeD122.123v.1.txt,CHIP.393.26,0.778243,CHIP.393.27,0.17842,CORL.541.29,0.173535,CLAO.300.24,0.172744,CHIP.393.29,0.171971,Can.apost.36,0.171437,CAGD.506.8,0.171107,CORA.441.14,0.150161,Can.apost.12,0.150128,CGAN.355.1,0.146914
1759,KoeD122.123v.2.txt,canon_unlabelled/KoeD122.123v.2.txt,CTOL.633.45,0.518388,RPCO.757.2,0.220145,CAGD.506.2,0.204426,CTOL.633.61,0.190715,CNIC.325.2,0.187252,CARL.501?.25,0.186072,CLAO.300.26,0.182236,RPWO.758.16,0.178177,CTOL.633.52,0.178078,CORL.538.32,0.177615
1760,KoeD122.123v.3.txt,canon_unlabelled/KoeD122.123v.3.txt,CTOL.633.41,0.202168,CHIP.393.26,0.191386,CORL.511.20,0.18643,CTOL.636.7,0.17993,CTOL.636.1,0.177117,CGAN.355.13,0.173458,Can.apost.23,0.16943,CTOL.633.75,0.166597,CAGD.506.31,0.165969,DSIR.384.255  cap. 11,0.158359
1761,KoeD122.123v.4.txt,canon_unlabelled/KoeD122.123v.4.txt,CORL.538.9,0.290149,CAGD.506.8,0.233153,CAGD.506.2,0.229803,CNIC.325.17,0.227775,CNIC.325.16,0.215596,CAGD.506.5,0.207287,CNIC.325.5,0.202631,RPWO.758.15,0.19547,Can.apost.44,0.190828,CTOL.589.11,0.188632
1762,KoeD122.124r.1.txt,canon_unlabelled/KoeD122.124r.1.txt,CTOL.638.5,0.301305,Can.apost.41,0.204981,"Gregory of Nazianzus- Rufinus, In semet.de agr.regr. 13 (ed. Engelbrecht, 182, lines 9–11)",0.201759,Can.apost.12,0.198867,CGAN.355.19,0.196729,CAGD.506.26,0.194437,CCHA.451.27,0.182347,CAGD.506.8,0.180548,CAGD.506.52,0.179407,CTOL.589.0 Conc. Toletana III; anno 589; PL 84 col. 384-386; combined canons?,0.174967
1763,KoeD122.124r.2.txt,canon_unlabelled/KoeD122.124r.2.txt,RPWO.758.15,0.257552,CORL.538.9,0.249124,CORL.538.26 (23),0.219699,CTOL.636.5,0.202089,CTOL.397.11,0.190114,CTOL.397.5,0.188834,CARL.501?.28,0.181206,CCHA.451.19,0.179829,CTOL.589.11,0.177528,CCHA.451.25,0.173988
1764,KoeD122.124r.3.txt,canon_unlabelled/KoeD122.124r.3.txt,CTOL.633.46,0.726294,CARL.501?.11,0.249507,"cf. Jerome, Epistola 22, ad Eustochium (ed. Hilberg, I, 160, line 3)",0.244106,"Caesarius, Sermo 43.5 (ed. Morin, 192, lines 2–7)",0.23816,CTOL.589.22,0.20625,CEPA.517.3,0.20515,Can.apost.29,0.201992,CTOL.397.5,0.20099,CTOL.589.21,0.198802,CTOL.633.65,0.186004
1765,KoeD122.124v.1.txt,canon_unlabelled/KoeD122.124v.1.txt,CCHA.451.27,0.213225,Can.apost.20,0.209839,CNIC.325.10,0.204275,CTOL.633.50,0.188879,CARL.501?.7,0.179529,Can.apost.21,0.179484,CORA.441.14,0.179097,"Gregorius Magnus, Hom.in ev. 2.39 (ed. Étaix, 381, lines 45–49)",0.177173,CNIC.325.2,0.170072,RPCO.757.1,0.169715
1766,KoeD122.124v.2.txt,canon_unlabelled/KoeD122.124v.2.txt,CORL.538.9,0.364529,RPWO.758.15,0.303041,CAGD.506.2,0.228286,CLAO.300.26,0.207417,CAGD.506.26,0.205537,CTOL.633.16,0.198349,Can.apost.42,0.190769,CNEO.315.10,0.190063,Can.apost.31,0.182532,Can.apost.37,0.180526
1767,KoeD122.124v.3.txt,canon_unlabelled/KoeD122.124v.3.txt,CGAN.355.13,0.274618,"Augstine, De consensu evangelistarum 2.30 (ed. F. Weihrich, CSEL 43 [Vienna, 1904], 177,
lines 14–24)",0.252247,CCHA.451.21,0.232359,CHIP.393.8,0.207786,CTOL.633.41,0.185547,CTOL.656.5,0.184578,CAGD.506.8,0.183782,CGAN.355.12,0.174315,CORL.541.29,0.172735,CCHA.451.13,0.169441
1768,KoeD122.124v.4.txt,canon_unlabelled/KoeD122.124v.4.txt,CAGD.506.5,0.220379,CORL.541.29,0.206796,CCHA.451.27,0.204707,CTOL.633.41,0.203452,CAGD.506.37,0.200958,CARL.314.15,0.199682,CHIP.393.36,0.198906,Galatians.4:16,0.191862,CAUX.561.40,0.185426,CAUX.561.34,0.179887
1769,KoeD122.125r.1.txt,canon_unlabelled/KoeD122.125r.1.txt,CTOL.589.1,0.268493,CAGD.506.38,0.230015,CORL.511.13,0.21333,CTOL.589.17,0.198384,CTOL.636.5,0.186008,CTOL.656.5,0.183529,CVAI.442.7,0.180077,"CTOL.653.13  (excerpta canonum cap. 13)  Martinez Diez, vol. 5, pp. 475-476; text modified in W",0.17898,CTUR.439.3,0.177248,CSAR.347.17,0.176623
1770,KoeD122.125r.2.txt,canon_unlabelled/KoeD122.125r.2.txt,CNIC.325.5,0.300792,Can.apost.20,0.216318,CARL.501?.8,0.212047,CVER.755.11,0.197558,CTOL.636.5,0.195821,CORA.441.10,0.193769,CORA.441.19,0.182786,"Gregorius Magnus, Hom.in ev. 2.26 (ed. Étaix, 222, lines 116–19) Ps (G) 50:19",0.182121,Can.apost.11,0.173075,CAGD.506.38,0.172786
1771,KoeD122.125r.3.txt,canon_unlabelled/KoeD122.125r.3.txt,Capit.Martini.61,0.243008,CCHA.451.21,0.215674,CORL.538.32,0.211935,CANT.328.4,0.204758,CNIC.325.6,0.191226,CGAN.355.6,0.189458,CTOL.638.1,0.179712,CTOL.633.15,0.172442,CANT.328.1,0.171204,"CMEA.845.0 ""Canon extravagans 2"", Conc. Meaux, a. 845; unique to this ms, apud MGH Conc. III p. 129",0.168655
1772,KoeD122.125r.4.txt,canon_unlabelled/KoeD122.125r.4.txt,CTOL.656.6,0.899323,CTOL.656.4,0.406715,CTOL.656.5,0.386551,CTOL.646.5,0.33818,CTOL.633.55,0.325306,CTOL.638.6,0.275624,CTOL.633.41,0.26126,CARL.501?.25,0.261163,CTOL.646.2,0.257003,CTOL.656.2,0.255103
1773,KoeD122.126r.1.txt,canon_unlabelled/KoeD122.126r.1.txt,CTOL.397.2,0.660219,CTOL.656.5,0.249029,CNIC.325.11,0.241784,CTOL.397.4,0.234098,CTOL.397.3,0.215892,CTOL.633.19,0.207997,CTOL.646.5,0.206323,CLAO.300.24,0.20605,CHIP.393.18,0.201781,CHIP.393.30,0.200914
1774,KoeD122.126v.1.txt,canon_unlabelled/KoeD122.126v.1.txt,CHIP.393.36,0.247398,CTOL.397.3,0.24583,CLAO.300.23,0.232251,CLAO.300.24,0.223725,"Caesarius, Sermo 2, ammonitio (ed. Morin, 18, lines 7–15)",0.209237,CTOL.397.2,0.207189,CHIP.393.19,0.206525,CHIP.393.1,0.197255,CHIP.393.18,0.195977,CHIP.393.8,0.188405
1775,KoeD122.126v.2.txt,canon_unlabelled/KoeD122.126v.2.txt,CTOL.397.3,0.621319,CLAO.300.23,0.291869,CNEO.315.7,0.254951,CHIP.393.18,0.245777,Can.apost.27,0.243111,CTOL.397.4,0.233717,CEPA.517.29,0.221964,CSAR.347.13,0.210867,CORA.441.24,0.206266,RPWO.758.4,0.196338
1776,KoeD122.127r.1.txt,canon_unlabelled/KoeD122.127r.1.txt,CLAO.300.23,0.939017,Can.apost.27,0.333183,CTOL.397.3,0.331114,CHIP.393.18,0.318986,CTOL.633.25,0.306319,CSAR.347.13,0.274315,CLAO.300.24,0.272622,CHIP.393.1,0.243489,Can.apost.43,0.234837,CTOL.646.5,0.231148
1777,KoeD122.127r.2.txt,canon_unlabelled/KoeD122.127r.2.txt,CANC.314.9,0.808982,CTOL.589.19,0.213906,CHIP.393.18,0.213073,CANC.314.18,0.211011,CGAN.355.9,0.21048,CTOL.397.8,0.205192,CANC.314.2,0.183806,CTOL.589.10,0.181025,CTOL.655.8,0.175259,Can.apost.17,0.171712
1778,KoeD122.127r.3.txt,canon_unlabelled/KoeD122.127r.3.txt,CHIP.393.34,0.251149,RPWO.758.14,0.249201,CTOL.589.10,0.244461,CANC.314.18,0.210089,CHIP.393.18,0.176236,CGAN.355.9,0.171777,CNIC.325.11,0.170648,CTOL.633.23,0.170623,CARL.314.12,0.156687,CTOL.633.20,0.15277
1779,KoeD122.127v.1.txt,canon_unlabelled/KoeD122.127v.1.txt,CLAO.300.20,0.831093,CAUX.561.22,0.325037,CARL.501?.15,0.314541,CNIC.325.18,0.295405,CNEO.315.7,0.263558,Can.apost.2,0.262179,CLAO.300.42,0.242701,CSAR.347.9,0.2426,CEPA.517.6,0.241176,CARL.314.18,0.230983
1780,KoeD122.127v.2.txt,canon_unlabelled/KoeD122.127v.2.txt,Can.apost.2,0.314738,CLAO.300.20,0.274238,CANC.314.12,0.235959,CCHA.451.21,0.199225,CNIC.325.18,0.198574,CNEO.315.14,0.195089,Can.apost.34,0.19177,CCHA.451.26,0.180077,"Terentius, Andria (in P. Terenti Afri comoediae, revised edition, ed. A. Fleckeisen
[Leipzig, 1916], 5, line 68)",0.177691,"(ed. MOMMSEN, as Gildas, Epist.deperd.fragm. 3, in Chronica minora, 86, lines 17–21; trans. WINTERBOTTOM, Gildas, 80)",0.177017
1781,KoeD122.127v.3.txt,canon_unlabelled/KoeD122.127v.3.txt,CNEO.315.12,0.219349,Can.apost.17,0.208632,CMAC.585.1,0.205216,"DGEL492.636 cap. 7,8",0.200106,RPWO.758.15,0.186317,CEPA.517.6,0.180433,CNEO.315.4,0.169933,CANC.314.22,0.164355,CLAO.300.20,0.157354,CAGD.506.44,0.151511
1782,KoeD122.127v.4.txt,canon_unlabelled/KoeD122.127v.4.txt,CLAO.300.20,0.271794,CEPA.517.6,0.233001,CMAC.585.12,0.173691,CARL.314.17,0.171786,CGAN.355.4,0.162194,CNEO.315.13,0.159799,CTOL.633.68,0.15821,CLAO.300.58,0.157987,CORL.511.17,0.157483,CNEO.315.12,0.152744
1783,KoeD122.127v.5.txt,canon_unlabelled/KoeD122.127v.5.txt,Can.apost.2,0.276424,CANC.314.24,0.200971,Can.apost.34,0.175921,CANC.314.10,0.161528,CNEO.315.6,0.15655,CHIP.393.32,0.149497,"Source unidentified, but cf. Ps.-Clemens–Rufinus, Recognitiones 4.21 (eds Rehm–Paschke, 157,
line 20)",0.145971,CTOL.633.35,0.14376,CNIC.325.9,0.14208,CLAO.300.20,0.141256
1784,KoeD122.127v.6.txt,canon_unlabelled/KoeD122.127v.6.txt,CNIC.325.19,0.187701,CTOL.633.28,0.18515,"Source unidentified, but cf. Ps.-Clemens–Rufinus, Recognitiones 4.21 (eds Rehm–Paschke, 157,
line 20)",0.174238,CTOL.397.9,0.171004,DSIR.384.255  cap. 11,0.16494,CNIC.325.15,0.162565,CANC.314.15,0.160402,CNIC.325.3,0.158423,CNIC.325.7,0.15725,CNIC.325.1,0.156843
1785,KoeD122.127v.7.txt,canon_unlabelled/KoeD122.127v.7.txt,CLAO.300.42,0.938502,CCHA.451.13,0.243929,CLAO.300.20,0.238196,CANT.328.11,0.237694,CORL.538.32,0.235091,CLAO.300.45,0.218882,CCHA.451.9,0.20376,CLAO.300.41,0.200488,CANT.328.7,0.198802,CAGD.506.52,0.196863
1786,KoeD122.128r.1.txt,canon_unlabelled/KoeD122.128r.1.txt,CAGD.506.55,0.697919,CEPA.517.4,0.400613,CANC.314.13,0.179683,CANC.314.23,0.177729,CTOL.633.29,0.168814,CANC.314.20,0.1599,CHIP.393.26,0.158653,"(ed. MOMMSEN, as Gildas, Epist.deperd.fragm. 7, in Chronica minora, 88, lines 13–24; trans. WINTERBOTTOM,
Gildas, 82)",0.157735,CSAR.347.1,0.153223,CANC.314.12,0.149733
1787,KoeD122.128r.2.txt,canon_unlabelled/KoeD122.128r.2.txt,CNEO.315.12,0.859305,CLAO.300.47,0.338294,CNEO.315.8,0.237827,CTOL.633.64,0.212216,"Ps.-Clemens–Rufinus, Recognitiones 1.67 (eds Rehm–Paschke, 46, lines 3–5)",0.208916,CNIC.325.1,0.200889,CTOL.633.63,0.197589,CARL.501?.13,0.190947,CNEO.315.6,0.19074,CANC.314.3,0.187314
1788,KoeD122.128r.3.txt,canon_unlabelled/KoeD122.128r.3.txt,CCHA.451.13,0.882118,CANT.328.7,0.326568,CCHA.451.11,0.243679,CCHA.451.21,0.236405,CANT.328.8,0.230408,CCHA.451.6,0.21962,CGAN.355.14,0.204508,CCHA.451.3,0.198928,Can.apost.15,0.194758,CCHA.451.26,0.180977
1789,KoeD122.128r.4.txt,canon_unlabelled/KoeD122.128r.4.txt,CORA.441.2,0.865555,CHIP.393.34,0.439709,CORA.441.1,0.384897,CTOL.397.20,0.381257,CAUX.561.6,0.318666,CHIP.393.39,0.237235,CVAI.442.3,0.206186,CTOU.567.16 (15),0.203651,CORL.511.12,0.187044,CSAV.859.12,0.186104
1790,KoeD122.128v.1.txt,canon_unlabelled/KoeD122.128v.1.txt,CVAI.442.3,0.914357,CAUX.561.22,0.233479,Can.apost.41,0.22174,CTOL.397.20,0.221242,CAUX.561.6,0.207877,CORA.441.2,0.207106,CTOL.646.2,0.201978,CANT.328.16,0.194836,RPWO.758.15,0.183492,DSIR.384.255  cap. 13,0.180599
1791,KoeD122.129r.1.txt,canon_unlabelled/KoeD122.129r.1.txt,"CTOL.653.13  (excerpta canonum cap. 13)  Martinez Diez, vol. 5, pp. 475-476; text modified in W",0.304559,CTOL.636.3,0.237269,CRIZ.439.2,0.229666,CNIC.325.9,0.214392,CNIC.325.10,0.204339,CTOL.633.19,0.203415,CORL.538.32,0.198834,CTOL.633.41,0.196461,CTOL.656.2,0.194398,CCHA.451.6,0.191219
1792,KoeD122.129v.1.txt,canon_unlabelled/KoeD122.129v.1.txt,CTOL.397.2,0.226157,CMEA.845.10,0.200734,CTOL.633.55,0.186651,CNEO.315.6,0.179805,CCHA.451.6,0.1789,CTOL.633.56,0.175519,CANT.328.22,0.175092,Can.apost.28,0.17449,CTOL.633.20,0.173943,CANC.314.24,0.172971
1793,KoeD122.130r.1.txt,canon_unlabelled/KoeD122.130r.1.txt,CSAR.347.9,0.300723,CHIP.393.30,0.260907,CSAR.347.17,0.242039,CSAR.347.19,0.226308,CSAR.347.4,0.220016,CSAR.347.18,0.214946,CSAR.347.7,0.204737,CORA.441.28,0.198397,CSAR.347.15,0.197332,CTOL.646.3,0.19352
1794,KoeD122.130r.2.txt,canon_unlabelled/KoeD122.130r.2.txt,CNEO.315.13,0.708885,CANC.314.2,0.268266,CLAO.300.20,0.216805,CANC.314.12,0.215901,CNIC.325.4,0.212021,"Source unidentified, but cf. Eucherius of Lyon, Instructionum ad Salonium libri II, lib. 2 (ed. C.
Mandolfo, CCSL 66 [Turnhout, 2004], 201–03, lines 263–65)",0.199742,CANT.328.9,0.198683,CCHA.451.8,0.196024,CANC.314.17,0.192607,CNIC.325.6,0.191227
1795,KoeD122.130v.1.txt,canon_unlabelled/KoeD122.130v.1.txt,CNEO.315.8,0.198614,CGAN.355.8,0.185739,CANC.314.2,0.171042,CANC.314.14,0.168246,CLAO.300.13,0.161776,"Source unidentified, but cf. Augustine, In Iohannis euangelium tractatus, tract. 73.1 (ed. R. Willems,
CCSL 36 [Turnhout, 1954], 510, lines 23–4)",0.156084,CCHA.451.25,0.155324,CORL.511.25,0.146293,CANT.328.24,0.145788,CORL.538.26 (23),0.143805
1796,KoeD122.131r.1.txt,canon_unlabelled/KoeD122.131r.1.txt,CAGD.506.44,0.708713,CORL.511.26,0.257375,"cf. Poen. Theodori, capp. III.3, III.4, III.5; Wasserschleben, p. 204",0.224673,CTOL.633.18,0.218944,"John Cassian, Collationes 20.8 (ed. Petschenig, p. 561, line 9–p. 562, line 4)",0.214971,CTOL.527.4,0.197342,Can.apost.31,0.195446,CEPA.517.8,0.188622,"Gregory of Nazianzus- Rufinus, Apologeticus 115 (ed. Engelbrecht, 82, lines 11–12)",0.178004,CTOL.397.5,0.177096
1797,KoeD122.131r.2.txt,canon_unlabelled/KoeD122.131r.2.txt,CNIC.325.16,0.787349,CANT.328.22,0.259101,CANT.328.13,0.249714,CANC.314.13,0.228426,Capit.Martini.16,0.194282,CGAN.355.2,0.190402,CNIC.325.10,0.173164,CORL.538.26 (23),0.165837,Can.apost.17,0.165145,Can.apost.14,0.164037
1798,KoeD122.131v.1.txt,canon_unlabelled/KoeD122.131v.1.txt,CARL.501?.2,0.216836,CANT.328.17,0.209847,CCHA.451.6,0.20181,CLAO.300.13,0.193872,CAUX.561.12,0.186354,CTOL.589.19,0.182956,CNEO.315.13,0.173469,CTOL.655.8,0.17246,CNEO.315.8,0.17229,CANC.314.9,0.169372
1799,KoeD122.131v.2.txt,canon_unlabelled/KoeD122.131v.2.txt,CNEO.315.14,0.882693,CTOL.633.17,0.206627,CNIC.325.18,0.191074,"(ed. MOMMSEN, as Gildas, Epist.deperd.fragm. 7, in Chronica minora, 88, lines 13–24; trans. WINTERBOTTOM,
Gildas, 82)",0.185635,CNEO.315.10,0.177581,CGAN.355.14,0.170432,Can.apost.2,0.160326,CNIC.325.6,0.159475,CVAI.442.4,0.159163,Can.apost.25,0.159057
1800,KoeD122.131v.3.txt,canon_unlabelled/KoeD122.131v.3.txt,CNEO.315.,0.691889,CNEO.315.11,0.661085,CORL.511.31,0.231092,DSIR.384.255  cap. 13,0.2096,CANT.328.18,0.201977,CANC.314.14,0.176666,CTOL.397.5,0.175428,CORL.511.3,0.172259,CNEO.315.7,0.170554,CSAR.347.13,0.170014
1801,KoeD122.132r.1.txt,canon_unlabelled/KoeD122.132r.1.txt,CAGD.506.44,0.241568,CAUX.561.36,0.23206,"cf. Poen. Theodori, capp. III.3, III.4, III.5; Wasserschleben, p. 204",0.219748,CTUR.439.6,0.214374,CSAV.859.12,0.211817,CAGD.506.54,0.200562,CVER.755.11,0.195255,CORL.511.26,0.193656,CGAN.355.17,0.190615,CAUX.561.12,0.182383
1802,KoeD122.132r.2.txt,canon_unlabelled/KoeD122.132r.2.txt,CGAN.355.4,0.880556,CARL.501?.22,0.378476,CGAN.355.10,0.265831,CGAN.355.6,0.228611,CNIC.325.13,0.21179,CLAO.300.58,0.211189,CORL.511.2,0.209013,CGAN.355.1,0.199855,CTOL.633.33,0.197021,CAGD.506.4,0.196406
1803,KoeD122.132r.3.txt,canon_unlabelled/KoeD122.132r.3.txt,CCHA.451.10,0.775497,CTOL.527.2,0.242915,CCHA.451.6,0.209691,CGAN.355.2,0.192626,CTOL.633.33,0.190566,CANT.328.1,0.184405,CTOL.633.56,0.175225,CARL.314.5,0.17512,CLAO.300.26,0.169528,CCHA.451.20,0.167917
1804,KoeD122.132v.1.txt,canon_unlabelled/KoeD122.132v.1.txt,CANT.328.10,0.793977,CANC.314.12,0.357137,CCHA.451.2,0.215612,CCHA.451.8,0.208765,CNEO.315.13,0.203722,CANT.328.8,0.195582,CNIC.325.10,0.184978,CANT.328.17,0.177896,CNIC.325.18,0.164662,CANT.328.23,0.163602
1805,KoeD122.133r.1.txt,canon_unlabelled/KoeD122.133r.1.txt,CLAO.300.13,0.679119,CANT.328.13,0.297162,Can.apost.27,0.227399,CLAO.300.12,0.220843,CORA.441.23,0.220396,CNIC.325.10,0.213892,"CTOL.653.13  (excerpta canonum cap. 13)  Martinez Diez, vol. 5, pp. 475-476; text modified in W",0.20966,CNEO.315.7,0.204862,CARL.501?.1,0.204834,Can.apost.1,0.19946
1806,KoeD122.133r.2.txt,canon_unlabelled/KoeD122.133r.2.txt,CLAO.300.12,0.811189,CCHA.451.3,0.259607,CTOL.633.22,0.239542,CCHA.451.26,0.235608,CCHA.451.21,0.23472,CORL.538.32,0.230363,CNEO.315.13,0.225858,CHIP.393.12,0.223384,CTOL.397.6,0.220741,CTOL.633.56,0.219283
1807,KoeD122.133r.3.txt,canon_unlabelled/KoeD122.133r.3.txt,CLAO.300.13,0.368225,CNIC.325.10,0.200852,Can.apost.1,0.197788,CHIP.393.20,0.194501,CTOL.397.10,0.192,CEPA.517.3,0.181577,CORL.538.32,0.175818,CNIC.325.6,0.171711,CEPA.517.19,0.171236,CNEO.315.6,0.166177
1808,KoeD122.133v.1.txt,canon_unlabelled/KoeD122.133v.1.txt,CNIC.325.4,0.751466,Capit.Martini.2,0.255457,CANT.328.19,0.249615,CANT.328.11,0.201189,CANT.328.9,0.194648,CHIP.393.34,0.173667,CTOL.633.33,0.172154,CTOL.655.1,0.170705,CGAN.355.10,0.168875,CLAO.300.20,0.162436
1809,KoeD122.133v.2.txt,canon_unlabelled/KoeD122.133v.2.txt,CHIP.393.38,0.573152,CVAI.442.7,0.297303,CHIP.393.2,0.242824,CSAR.347.6,0.241318,"Gregorius Magnus, Hom.in ev. 2.26 (ed. Étaix, 222, lines 116–19) Ps (G) 50:19",0.239863,Can.apost.12,0.212312,CSAR.347.17,0.207105,CNIC.325.6,0.206978,CNIC.325.9,0.20472,CORA.441.21,0.200091
1810,KoeD122.134r.1.txt,canon_unlabelled/KoeD122.134r.1.txt,CTOL.636.2,0.265039,CTOL.638.17,0.249769,CTOL.638.16,0.249662,CTOL.646.2,0.248984,CTOL.655.1,0.228414,CTOL.636.6,0.227417,CTOL.633.75,0.224835,CTOL.638.14,0.221841,CTOL.636.9,0.212266,CTOL.638.19,0.203033
1811,KoeD122.135r.1.txt,canon_unlabelled/KoeD122.135r.1.txt,CCHA.451.2,0.865981,CTOL.638.4,0.327513,Can.apost.30,0.320602,CARL.501?.14,0.29499,CCHA.451.3,0.251009,CNIC.325.17,0.237809,CCHA.451.7,0.233051,Can.apost.23,0.198552,CANC.314.14,0.19363,CTOL.638.13,0.192049
1812,KoeD122.135v.1.txt,canon_unlabelled/KoeD122.135v.1.txt,CANT.328.13,0.809122,CTOL.633.19,0.253734,CLAO.300.26,0.238876,CORL.538.26 (23),0.222687,CCHA.451.10,0.206086,CCHA.451.6,0.19014,CANT.328.19,0.185909,CNIC.325.16,0.179471,CAGD.506.39,0.176319,Can.apost.14,0.176142
1813,KoeD122.136r.1.txt,canon_unlabelled/KoeD122.136r.1.txt,CANT.328.17,0.747099,CANT.328.10,0.299792,CAGD.506.63,0.224171,CANT.328.18,0.221097,CNEO.315.8,0.203001,CANC.314.9,0.199907,CARL.501?.1,0.182074,CORL.511.28,0.178351,Can.apost.37,0.17804,CGAN.355.8,0.172094
1814,KoeD122.136v.1.txt,canon_unlabelled/KoeD122.136v.1.txt,CANT.328.19,0.826144,CTOL.646.2,0.276907,CTOL.646.5,0.247333,CNIC.325.6,0.241055,CTOL.655.1,0.229348,CTOL.636.3,0.223099,CARL.501?.5,0.222325,CRIZ.439.1,0.219757,CTOL.656.4,0.219504,CTOL.397.6,0.207684
1815,KoeD122.137r.1.txt,canon_unlabelled/KoeD122.137r.1.txt,CANT.328.21,0.93001,Can.apost.15,0.346326,Can.apost.14,0.317506,CANT.328.3,0.297813,CNIC.325.16,0.190766,Can.apost.33,0.182391,CCHA.451.17,0.175389,CHIP.393.27,0.16885,CCHA.451.20,0.167801,CANT.328.22,0.167717
1816,KoeD122.137r.2.txt,canon_unlabelled/KoeD122.137r.2.txt,CANT.328.22,0.90002,Can.apost.36,0.245451,CANT.328.9,0.207925,CTOL.397.15,0.199272,"Gregory of Nazianzus- Rufinus, In semet.de agr.regr. 14 (ed. Engelbrecht, 184, lines 17–18)",0.19852,RPWO.758.2,0.198312,CGAN.355.2,0.194862,CGAN.355.1,0.192203,CORA.441.9,0.188187,CANC.314.13,0.187426
1817,KoeD122.137v.1.txt,canon_unlabelled/KoeD122.137v.1.txt,CHIP.393.18,0.427184,CTOL.589.10,0.300678,CANC.314.9,0.264247,CORL.541.6,0.255929,CTOL.397.3,0.253581,CTOL.638.5,0.251855,CANC.314.18,0.237013,CSAR.347.13,0.235289,CTOL.655.8,0.229968,CHIP.393.22,0.217915
1818,KoeD122.138r.1.txt,canon_unlabelled/KoeD122.138r.1.txt,CTOL.633.71,0.230472,CANC.314.9,0.229621,CNIC.325.10,0.216958,CANC.314.2,0.208529,CNEO.315.7,0.202427,CLAO.300.20,0.200996,CANC.314.17,0.197409,CARL.314.21,0.194306,CTOL.655.16,0.18515,RPWO.758.14,0.181511
1819,KoeD122.138r.2.txt,canon_unlabelled/KoeD122.138r.2.txt,Can.apost.39,0.255322,CGAN.355.15,0.221318,CANT.328.9,0.207947,Can.apost.15,0.181014,Can.apost.14,0.17275,Capit.Martini.16,0.166328,CTOL.527.2,0.163053,Can.apost.6,0.162954,CANT.328.24,0.162039,CANT.328.21,0.161079
1820,KoeD122.138v.1.txt,canon_unlabelled/KoeD122.138v.1.txt,CHIP.393.2,0.286749,CTOL.589.18,0.225009,CCHA.451.11,0.211387,CHIP.393.8,0.20656,RPWO.758.14,0.196966,CANC.314.23,0.18975,"Gregory of Nazianzus- Rufinus, De Pentecoste et de spiritu sancto 2 (in Tyranni Rufini
orationum Gregorii Nazianzeni novem interpretatio, ed. Engelbrecht, 143, lines 8–16)",0.187259,Can.apost.30,0.183265,CSAR.347.9,0.182908,CANC.314.4,0.179717
1821,KoeD122.138v.2.txt,canon_unlabelled/KoeD122.138v.2.txt,CEPA.517.3,0.256224,CORL.511.31,0.232171,CHIP.393.36,0.2045,CHIP.393.39,0.193276,CAGD.506.52,0.184138,CAGD.506.51,0.1836,CHIP.393.18,0.183307,CTOL.638.9,0.176868,CGAN.355.7,0.169356,CGAN.355.8,0.166852
1822,KoeD122.139r.1.txt,canon_unlabelled/KoeD122.139r.1.txt,CSAR.347.17,0.295012,CSAV.859.12,0.289107,CHIP.393.38,0.278295,CSAR.347.3,0.267559,CTOL.397.11,0.248325,CHIP.393.39,0.242904,CHIP.393.37,0.229619,CANT.328.16,0.225176,CSAR.347.4,0.213938,RPCO.757.9,0.213927
1823,KoeD122.139v.1.txt,canon_unlabelled/KoeD122.139v.1.txt,CCHA.451.25,0.761547,CANC.314.14,0.220087,CCHA.451.26,0.203195,CANT.328.9,0.198398,CANT.328.20,0.18167,Can.apost.1,0.16156,CNEO.315.13,0.159797,CVAI.442.4,0.157099,CTOL.397.17,0.156828,CTOL.633.48,0.156442
1824,KoeD122.140r.1.txt,canon_unlabelled/KoeD122.140r.1.txt,CTOL.638.1,0.698243,"Gregory of Nazianzus- Rufinus, In semet.de agr.regr. 13 (ed. Engelbrecht, 182, lines 9–11)",0.33541,CTOL.633.57,0.289333,CTOL.633.6,0.283432,CARL.314.9,0.26851,"Gregorius Magnus, Hom.in ev. 2.26 (ed. Étaix, 222, lines 116–19) Ps (G) 50:19",0.257037,CTOL.656.1,0.256019,CAUX.561.42,0.238715,CARL.501?.17,0.23759,CMEA.845.10,0.224807
1825,KoeD122.141v.1.txt,canon_unlabelled/KoeD122.141v.1.txt,CAUX.561.12,0.310148,RPWO.758.14,0.22634,CAGD.506.44,0.222553,CTOL.633.52,0.187433,Can.apost.5,0.181785,CVAI.442.9,0.180985,CAUX.561.36,0.180385,"Eusebius-Rufinus, HE 10.5 (eds Mommsen–Schwartz, II, 963, line 21)",0.180003,CORA.441.25,0.177409,CTOL.656.5,0.177294
1826,KoeD122.141v.2.txt,canon_unlabelled/KoeD122.141v.2.txt,CTOL.633.9,0.274531,CTOL.633.7,0.258957,CTOU.567.18 (17),0.219477,CORL.511.27,0.210443,Can.apost.13,0.191847,CAGD.506.63,0.190566,CGAN.355.18,0.190309,CTOL.656.1,0.189568,CNEO.315.7,0.187757,CCHA.451.6,0.184897
1827,KoeD122.143r.1.txt,canon_unlabelled/KoeD122.143r.1.txt,CCHA.451.10,0.189853,CORL.511.16,0.182386,CAGD.506.44,0.178178,CAGD.506.28,0.173518,CORL.511.31,0.171916,CAGD.506.52,0.16499,CARL.314.12,0.161996,CORL.511.17,0.153408,RPWO.758.18,0.148717,CCHA.451.5,0.137089
1828,KoeD122.143r.2.txt,canon_unlabelled/KoeD122.143r.2.txt,CORL.511.16,0.796237,Can.apost.47,0.23326,CTOL.589.15,0.202813,CNIC.325.11,0.188108,CGAN.355.8,0.186784,Can.apost.45,0.174701,CCHA.451.11,0.168583,CARL.501?.25,0.167369,Can.apost.48,0.164863,CARL.501?.24,0.161541
1829,KoeD122.143v.1.txt,canon_unlabelled/KoeD122.143v.1.txt,"CTOL.653.13  (excerpta canonum cap. 13)  Martinez Diez, vol. 5, pp. 475-476; text modified in W",0.220992,CTOL.633.22,0.220555,CCHA.451.2,0.200548,CTOL.638.13,0.171391,CTOL.397.3,0.168434,CGAN.355.5,0.16076,CTOL.397.17,0.158396,CNEO.315.13,0.15422,CANT.328.15,0.154173,CORA.441.22,0.153085
1830,KoeD122.143v.2.txt,canon_unlabelled/KoeD122.143v.2.txt,CHIP.393.12,0.294617,CNIC.325.2,0.252054,CHIP.393.36,0.232547,CLAO.300.32,0.214342,CTOL.633.58,0.195282,CNEO.315.10,0.191737,CTOL.633.61,0.183074,CLAO.300.24,0.176697,CGAN.355.15,0.176086,CTOL.633.62,0.17198
1831,KoeD122.143v.3.txt,canon_unlabelled/KoeD122.143v.3.txt,CCHA.451.3,0.218235,CEPA.517.6,0.177332,Can.apost.2,0.177125,CNEO.315.13,0.170904,CTOL.638.19,0.161497,CANT.328.7,0.15997,CANC.314.19,0.151459,CANC.314.22,0.15,CANT.328.9,0.14911,CORA.441.27,0.146012
1832,KoeD122.143v.4.txt,canon_unlabelled/KoeD122.143v.4.txt,CGAN.355.8,0.176228,CANC.314.21,0.174548,CGAN.355.7,0.170535,CAGD.506.51,0.161599,CNEO.315.10,0.156691,RPWO.758.21,0.156216,Can.apost.49,0.150178,CTUR.439.7,0.149032,CANT.328.7,0.14657,CORA.441.18,0.143079
1833,KoeD122.143v.5.txt,canon_unlabelled/KoeD122.143v.5.txt,CORL.511.31,0.210098,CTOL.638.3,0.17573,RPWO.758.14,0.16667,"Eusebius–Rufinus HE 6.19.17 (eds Mommsen–Schwartz, II, 565, lines 11–12)",0.161882,CHIP.393.21,0.150124,CTOL.633.20,0.146764,CAUX.561.4,0.14658,CORL.538.26 (23),0.145129,CORL.538.9,0.145119,CARL.501?.28,0.144908
1834,KoeD122.143v.6.txt,canon_unlabelled/KoeD122.143v.6.txt,CHIP.393.2,0.641658,CTOL.589.0 Conc. Toletana III; anno 589; PL 84 col. 384-386; combined canons?,0.204376,CNIC.325.6,0.193469,CARL.314.11,0.192973,CNEO.315.1,0.186254,CNEO.315.13,0.186133,Can.apost.30,0.182878,CTOL.589.18,0.182537,CNIC.325.16,0.182519,CORA.441.7,0.179274
1835,KoeD122.144r.1.txt,canon_unlabelled/KoeD122.144r.1.txt,CORL.511.31,0.88999,CORL.538.1,0.263392,CAUX.561.7,0.241067,CAGD.506.35,0.227375,CORL.511.3,0.219343,CLAO.300.51,0.216192,CGAN.355.18,0.209762,CORL.511.25,0.20272,CTOL.633.7,0.180386,CORL.511.16,0.178854
1836,KoeD122.144r.2.txt,canon_unlabelled/KoeD122.144r.2.txt,Can.apost.39,0.208231,CTOL.633.25,0.196615,"Hermas, Libell.sanct.past., mandatum 4.1.4–8 (eds de Gebhardt– Harnack–Zahn, 79, lines 1–19)",0.183046,CNEO.315.12,0.178416,CLAO.300.12,0.163929,Can.apost.6,0.160859,Can.apost.50,0.160493,CCHA.451.3,0.158982,CARL.501?.13,0.15224,CNEO.315.6,0.150682
1837,KoeD122.144r.3.txt,canon_unlabelled/KoeD122.144r.3.txt,CORL.511.17,0.19442,CGAN.355.4,0.184988,CCHA.451.5,0.176266,CORL.511.16,0.165821,CORA.441.14,0.158876,RPWO.758.18,0.146409,CCHA.451.27,0.14559,CARL.314.18,0.142872,CTOL.633.23,0.14266,CARL.501?.20,0.135888
1838,KoeD122.144r.4.txt,canon_unlabelled/KoeD122.144r.4.txt,Can.apost.2,0.327087,CTOL.397.6,0.223543,CLAO.300.20,0.222813,"Gregory of Nazianzus-Rufinus, In semet.de agr.regr. 16 (ed. Engelbrecht, 186, lines 7–10)",0.21135,CTOL.633.39,0.194702,CNIC.325.18,0.19177,CTOL.633.4,0.189101,CANT.328.9,0.181624,CNEO.315.13,0.176586,CAGD.506.39,0.172293
1839,KoeD122.144v.1.txt,canon_unlabelled/KoeD122.144v.1.txt,CSAR.347.14,0.668909,CSAR.347.15,0.300517,CAGD.506.63,0.254973,CTOU.567.18 (17),0.248581,CTOL.656.1,0.234,Can.apost.8,0.230789,"Ps.-Clemens-Rufinus, Recognitiones 2.72 (eds Rehm–Paschke, 94,
lines 4–8)",0.224818,CAUX.561.11,0.218924,"Hermas, Libell.sanct.past., mandatum 4.1.4–8 (eds de Gebhardt– Harnack–Zahn, 79, lines 1–19)",0.212543,CANT.328.1,0.203075
1840,KoeD122.145r.1.txt,canon_unlabelled/KoeD122.145r.1.txt,CSAR.347.15,0.80072,CSAR.347.14,0.302177,CHIP.393.38,0.262119,CORL.511.27,0.235039,CANT.328.20,0.226221,CSAR.347.10,0.224125,CTOL.633.11,0.221522,CTOU.567.18 (17),0.219041,CAGD.506.63,0.218415,CSAR.347.20,0.21616
1841,KoeD122.145v.1.txt,canon_unlabelled/KoeD122.145v.1.txt,CSAR.347.13,0.770166,DSIR.384.255  cap. 13,0.303109,CTOL.646.5,0.274814,CVAI.442.8,0.263911,CNEO.315.11,0.260252,CNEO.315.12,0.259672,CNIC.325.2,0.249824,CCHA.451.2,0.239869,CARL.501?.1,0.232964,CTOL.633.24,0.230912
1842,KoeD122.146r.1.txt,canon_unlabelled/KoeD122.146r.1.txt,CSAR.347.8,0.861023,CSAR.347.10,0.415951,CSAR.347.9,0.28154,CNIC.325.4,0.217938,CSAR.347.15,0.216283,CANT.328.12,0.203792,CNIC.325.11,0.203606,CSAR.347.17,0.198768,CSAR.347.3,0.194023,CTOL.638.11,0.193499
1843,KoeD122.147r.1.txt,canon_unlabelled/KoeD122.147r.1.txt,CSAR.347.9,0.811661,CSAR.347.10,0.362336,CTOL.655.17,0.270762,CSAR.347.8,0.262482,CTUR.439.6,0.241165,CTOL.527.5,0.233549,CAGD.506.35,0.232249,CTOL.646.6,0.227237,"Eusebius-Rufinus, HE 10.5 (eds Mommsen–Schwartz, II, 963, line 21)",0.22224,CSAR.347.11,0.215747
1844,KoeD122.147v.1.txt,canon_unlabelled/KoeD122.147v.1.txt,CSAR.347.10,0.747656,CSAR.347.8,0.431962,CSAR.347.9,0.263763,Can.apost.41,0.231669,Can.apost.40,0.207103,CANT.328.11,0.207089,CNIC.325.11,0.207015,CTOL.589.3,0.186675,CANT.328.12,0.186534,CNIC.325.4,0.184949
1845,KoeD122.148r.1.txt,canon_unlabelled/KoeD122.148r.1.txt,CCHA.451.3,0.836105,CCHA.451.4,0.294386,CCHA.451.2,0.283648,Can.apost.41,0.274922,CORL.538.32,0.272888,CCHA.451.9,0.266816,Can.apost.39,0.249895,CNIC.325.2,0.238301,"(ed. MOMMSEN, as Gildas, Epist.deperd.fragm. 3, in Chronica minora, 86, lines 21–4; trans. WINTERBOTTOM, Gildas, 80)",0.236931,CCHA.451.26,0.236043
1846,KoeD122.148v.1.txt,canon_unlabelled/KoeD122.148v.1.txt,CCHA.451.4,0.828475,CCHA.451.3,0.323231,CORL.538.32,0.243351,CANC.314.23,0.239504,Can.apost.40,0.238282,CSAR.347.14,0.229859,Can.apost.39,0.228853,CCHA.451.7,0.228152,CNIC.325.2,0.224439,Can.apost.35,0.223643
1847,KoeD122.149r.1.txt,canon_unlabelled/KoeD122.149r.1.txt,CANT.328.8,0.736539,CANC.314.12,0.279725,CCHA.451.11,0.207047,CANT.328.7,0.199219,Can.apost.46,0.189758,"John Cassian, Collationes 20.8 (ed. Petschenig, p. 561, line 9–p. 562, line 4)",0.183994,CCHA.451.13,0.183531,CAGD.506.38,0.178607,"(ed. MOMMSEN, as Gildas, Epist.deperd.fragm. 3, in Chronica minora, 86, lines 21–4; trans. WINTERBOTTOM, Gildas, 80)",0.177815,Can.apost.34,0.17146
1848,KoeD122.149v.1.txt,canon_unlabelled/KoeD122.149v.1.txt,CANT.328.9,0.835668,Can.apost.35,0.307391,CCHA.451.9,0.280191,CAUX.561.35,0.277096,CNIC.325.4,0.269062,CCHA.451.17,0.267954,CANT.328.20,0.244426,CARL.501?.5,0.205255,CTOL.633.34,0.202184,CANT.328.11,0.199644
1849,KoeD122.150r.1.txt,canon_unlabelled/KoeD122.150r.1.txt,CANT.328.16,0.701815,"Gratian, D. 5 de cons. c. 19",0.256954,"Gregory of Nazianzus-Rufinus, In semet.de agr.regr. 16 (ed. Engelbrecht, 186, lines 7–10)",0.222762,CARL.501?.19,0.213424,CORL.511.26,0.208604,CANT.328.17,0.19956,CVAI.442.3,0.195906,CRIZ.439.2,0.194942,Can.apost.41,0.18917,CANC.314.10,0.189017
1850,KoeD122.150r.2.txt,canon_unlabelled/KoeD122.150r.2.txt,CAGD.506.35,0.258932,CANT.328.9,0.236856,CMAC.585.5,0.185512,CANT.328.20,0.185462,CTOL.589.1,0.181876,CANT.328.7,0.178881,CTOL.397.17,0.17023,CTOL.633.3,0.165375,CCLE.535.12,0.162553,CTOL.638.16,0.161448
1851,KoeD122.150v.1.txt,canon_unlabelled/KoeD122.150v.1.txt,CHIP.393.38,0.196284,CANT.328.9,0.19131,CAGD.506.35,0.189111,"Ambrose, De spirit.sanct.3.6 (ed. Faller, 164–65, lines 12–22) Source (et ideo ... caritatis affectu)",0.187203,Capit.Martini.2,0.186235,CTOL.633.25,0.176528,CTOL.646.2,0.176441,CTOL.646.1,0.160194,"Jerome, Comm.in Mat.libri IV, lib. 3, vers. 19:9 (eds Hurst–Adriaen, 167, lines 761–80)",0.158118,CSAR.347.13,0.1566
1852,KoeD122.150v.2.txt,canon_unlabelled/KoeD122.150v.2.txt,CARL.314.7,0.867197,CARL.501?.4,0.199198,CTOL.397.8,0.198462,CHIP.393.18,0.194969,CAGD.506.52,0.173137,CARL.314.2,0.166709,CVAN.461.8,0.16205,CANC.314.9,0.161643,CORL.538.2,0.155438,CLAO.300.23,0.155008
1853,KoeD122.150v.3.txt,canon_unlabelled/KoeD122.150v.3.txt,CEPA.517.37,0.318423,CNIC.325.11,0.247834,CAGD.506.52,0.228729,CEPA.517.3,0.209497,CNIC.325.17,0.203773,CNEO.315.13,0.189154,CMAC.581.18,0.187518,CEPA.517.9,0.182477,CARL.314.15,0.180544,CARL.501?.11,0.17885
1854,KoeD122.150v.4.txt,canon_unlabelled/KoeD122.150v.4.txt,CCHA.451.11,0.874758,CCHA.451.13,0.308667,CANT.328.8,0.290719,Can.apost.34,0.268906,CANT.328.7,0.22988,CAGD.506.52,0.227105,CCHA.451.2,0.217658,CCHA.451.21,0.201105,CORA.441.24,0.191022,CNIC.325.11,0.188335
1855,KoeD122.151r.1.txt,canon_unlabelled/KoeD122.151r.1.txt,CAGD.506.52,0.850766,Can.apost.34,0.275686,CANT.328.7,0.239689,CCHA.451.11,0.224378,CEPA.517.6,0.2198,CHIP.393.27,0.21508,Can.apost.20,0.186238,CLAO.300.42,0.178754,CAGD.506.35,0.171823,Galatians.4:16,0.160153
1856,KoeD122.151r.2.txt,canon_unlabelled/KoeD122.151r.2.txt,CAGD.506.38,0.862546,CVAN.461.7,0.641124,CVAN.461.8,0.415144,"(ed. MOMMSEN, as Gildas, Epist.deperd.fragm. 5, in Chronica minora, p. 87, line 36–p. 88, line 1; trans.
WINTERBOTTOM, Gildas, 82)",0.234476,"Poen. Theod. II.6.1- 5, II.6.9-13",0.233617,CTOL.633.4,0.220374,CTOL.646.5,0.209506,Can.apost.34,0.206007,CVAI.442.7,0.197128,CARL.314.21,0.194028
1857,KoeD122.151r.3.txt,canon_unlabelled/KoeD122.151r.3.txt,CANT.328.7,0.326397,"Caesarius, Sermo 2, ammonitio (ed. Morin, 18, lines 7–15)",0.2448,"CMEA.845.0 ""Canon extravagans 2"", Conc. Meaux, a. 845; unique to this ms, apud MGH Conc. III p. 129",0.225715,CANT.328.8,0.222418,CTOL.646.5,0.212982,CVAI.442.6,0.212191,CSAR.347.20,0.206619,CTOL.656.5,0.206361,CTOL.646.1,0.205951,Can.apost.34,0.201307
1858,KoeD122.16r.1.txt,canon_unlabelled/KoeD122.16r.1.txt,"Gennadius, Lib.eccl.dogm. 46 (ed. Turner, 98, lines 1–7; cf. recensio vulgata, c. 47 [PL
42, col. 1220])",0.335922,Can.apost.50,0.292213,"John Cassian, Collationes 20.8 (ed. Petschenig, p. 561, line 9–p. 562, line 4)",0.271457,CARL.501?.28,0.266896,CHIP.393.21,0.252894,CTOL.633.6,0.247265,"Gennadius, Lib.eccl.dogm. 22 (ed. Turner, 94, lines 13–18; cf. recensio vulgata, c. 23
[PL 42, col. 1218])",0.245878,CTOL.655.5,0.226941,Stat.Eccl.Antiq. 20,0.225516,"Augustine, Serm.de vet.test. 9.20 (ed. Lambot, 146, line 694–96)",0.22096
1859,KoeD122.16v.1.txt,canon_unlabelled/KoeD122.16v.1.txt,CORA.441.3,0.248058,CORL.511.12,0.195388,CTOL.655.6,0.195344,CTOL.527.1,0.190048,"Gregorius Magnus, Hom.in ev. 2.26 (ed. Étaix, 222, lines 116–19) Ps (G) 50:19",0.186637,CAGD.506.50 (addit.),0.177661,CNIC.325.19,0.174916,CTOL.527.4,0.170942,CTOL.527.3,0.170808,Stat.Eccl.Antiq. 20,0.17037
1860,KoeD122.17r.1.txt,canon_unlabelled/KoeD122.17r.1.txt,CTOL.633.51,0.229518,RPWO.758.10,0.188855,"Jerome, Comm.in Mat.libri IV, lib. 3, vers. 19:9 (eds Hurst–Adriaen, 167, lines 761–80)",0.188483,CARL.314.3,0.183735,CTOL.633.75,0.176979,"Isidore, De eccl.offic. 2.20 (ed. Lawson, 91, lines 40–43)",0.171335,CNEO.315.1,0.166208,CAGD.506.50 (addit.),0.159678,"Caesarius, Sermo 54.4 (ed. Morin, 238, lines 15–16)",0.158254,"(ed. MOMMSEN, as Gildas, Epist.deperd.fragm. 5, in Chronica minora, p. 87, line 36–p. 88, line 1; trans.
WINTERBOTTOM, Gildas, 82)",0.158014
1861,KoeD122.17v.1.txt,canon_unlabelled/KoeD122.17v.1.txt,CCHA.451.2,0.309961,CARL.501?.14,0.297719,CCHA.451.3,0.258352,CNIC.325.17,0.238754,CANC.314.14,0.218747,"Jerome, Comm.in IV ep.Paul., ad Tit. vers. 2:9–10 (PL 26, col. 585C–D)",0.203628,"Gregorius Nazianzus-Rufinus, Apologeticus 91 (ed. Engelbrecht, 68, lines 20–3)",0.184672,CHIP.393.15,0.1783,CSAR.347.13,0.177404,"Jerome, Comm.in Mat.libri IV, lib. 3, vers. 19:9 (eds Hurst–Adriaen, 167, lines 761–80)",0.176771
1862,KoeD122.17v.2.txt,canon_unlabelled/KoeD122.17v.2.txt,CORL.538.32,0.413999,CNIC.325.12,0.369421,Can.apost.7,0.351898,Can.apost.31,0.336201,Can.apost.41,0.314302,CCHA.451.3,0.27751,CAGD.506.32,0.272904,CARL.501?.25,0.246572,CTOL.633.56,0.244101,CCHL.647.15,0.232969
1863,KoeD122.18r.1.txt,canon_unlabelled/KoeD122.18r.1.txt,CTOL.638.8,0.427764,CTOL.646.1,0.274144,CAGD.506.61,0.240621,CTOL.638.17,0.23205,CSAR.347.13,0.231347,CTOL.633.24,0.220293,CTOL.656.4,0.213682,CAGD.506.41,0.210878,CTOL.656.2,0.208642,"(ed. MOMMSEN, as Gildas, Epist.deperd.fragm. 7, in Chronica minora, 88, lines 13–24; trans. WINTERBOTTOM,
Gildas, 82)",0.205504
1864,KoeD122.18v.1.txt,canon_unlabelled/KoeD122.18v.1.txt,CARL.501?.25,0.668129,CEPA.517.3,0.334527,Can.apost.7,0.287998,CNIC.325.12,0.279261,Can.apost.31,0.263143,CTOL.633.56,0.2602,CORL.538.32,0.241356,CORL.511.11,0.223848,CTOL.527.4,0.211686,CNIC.325.2,0.21127
1865,KoeD122.18v.2.txt,canon_unlabelled/KoeD122.18v.2.txt,CTOL.638.8,0.820104,CTOL.646.2,0.331848,CAGD.506.61,0.307759,CTOL.655.17,0.304284,CTOL.638.7,0.291758,CNEO.315.2,0.284906,CTOL.527.1,0.280003,CTOL.656.6,0.256701,CTOL.656.5,0.254026,CTOL.638.6,0.244677
1866,KoeD122.19r.1.txt,canon_unlabelled/KoeD122.19r.1.txt,CTOL.638.8,0.305557,CTOL.638.7,0.284395,CTOL.656.5,0.26669,CTOL.646.1,0.247952,CTOL.527.3,0.241619,CAGD.506.61,0.239067,CTOL.646.5,0.236756,CTOL.633.6,0.226323,CAGD.506.39,0.222648,DSIR.384.255 cap 7,0.221155
1867,KoeD122.20r.1.txt,canon_unlabelled/KoeD122.20r.1.txt,CAGD.506.15,0.710881,CTOL.598.12,0.321003,CMAC.581.12,0.227671,CORA.441.3,0.227291,CNEO.315.9,0.224374,CTOL.656.5,0.224322,CEPA.517.22,0.217618,"Gregory of Nazianzus- Rufinus, Apologeticus 114 (ed. Engelbrecht, 81, lines 17–19)",0.196003,CAUX.561.12,0.19061,CRIZ.439.1,0.185986
1868,KoeD122.20r.2.txt,canon_unlabelled/KoeD122.20r.2.txt,CHIP.393.30,0.38165,CLYO.567.5,0.264839,"Gregorius Magnus, Hom.in ev. 2.26 (ed. Étaix, 222, lines 116–19) Ps (G) 50:19",0.244477,CTOL.397.2,0.240082,"Gregorius Magnus, Hom.in ev. 2.39 (ed. Étaix, 381, lines 45–49)",0.232203,CTOL.633.3,0.200263,CARL.501?.22,0.18902,CTOL.598.12,0.188189,"(ed. MOMMSEN, as Gildas, Epist.deperd.fragm. 5, in Chronica minora, 88, lines 1–2; trans. WINTERBOTTOM, Gildas,
82)",0.185875,CTOL.636.8,0.181649
1869,KoeD122.20v.1.txt,canon_unlabelled/KoeD122.20v.1.txt,CLYO.567.5,0.205056,CARL.314.11,0.187042,"Gregorius Magnus, Hom.in ev. 2.39 (ed. Étaix, 381, lines 45–49)",0.186438,CNIC.325.16,0.181226,"Gregorius Magnus, Hom.in ev. 2.26 (ed. Étaix, 222, lines 116–19) Ps (G) 50:19",0.176732,CNIC.325.6,0.170609,Can.apost.6,0.169211,CNIC.325.1,0.168191,CNIC.325.19,0.167913,Stat.Eccl.Antiq. 20,0.164956
1870,KoeD122.20v.2.txt,canon_unlabelled/KoeD122.20v.2.txt,CARL.501?.22,0.857452,CGAN.355.4,0.42839,CORA.441.21,0.352441,CORL.511.2,0.265404,"Gregorius Magnus, Hom.in ev. 2.26 (ed. Étaix, 222, lines 116–19) Ps (G) 50:19",0.25272,CARL.501?.18,0.242191,CARL.501?.28,0.241785,CGAN.355.10,0.240028,CTOL.638.8,0.213591,CTOL.655.4,0.21111
1871,KoeD122.20v.3.txt,canon_unlabelled/KoeD122.20v.3.txt,"John Cassian, Collationes 20.8 (ed. Petschenig, p. 561, line 9–p. 562, line 4)",0.38144,CVAI.442.2,0.281076,CTOL.633.31,0.268598,CORA.441.3,0.259742,"Gennadius, Lib.eccl.dogm. 22 (ed. Turner, 94, lines 13–18; cf. recensio vulgata, c. 23
[PL 42, col. 1218])",0.256874,CTOL.636.8,0.25321,"Gennadius, Lib.eccl.dogm. 46 (ed. Turner, 98, lines 1–7; cf. recensio vulgata, c. 47 [PL
42, col. 1220])",0.239931,CNIC.325.13,0.234757,CORA.441.14,0.220494,CORL.511.8,0.216274
1872,KoeD122.22r.1.txt,canon_unlabelled/KoeD122.22r.1.txt,CLAO.300.2,0.724227,CTOL.636.8,0.312402,CLYO.567.5,0.300321,CNIC.325.11,0.275017,"John Cassian, Collationes 20.8 (ed. Petschenig, p. 561, line 9–p. 562, line 4)",0.26663,CVAI.442.2,0.245085,CTOL.638.7,0.228546,CTOL.633.54,0.218972,CTOL.589.11,0.201691,CANC.314.19,0.199614
1873,KoeD122.22v.1.txt,canon_unlabelled/KoeD122.22v.1.txt,CNIC.325.2,0.204197,CTOL.589.11,0.203304,CTOL.638.7,0.186641,CAGD.506.26,0.173196,CARL.501?.23,0.167471,CHIP.393.39,0.161932,CANC.314.20,0.157664,CARL.501?.9,0.156628,CNIC.325.11,0.15508,CAGD.506.2,0.15409
1874,KoeD122.22v.2.txt,canon_unlabelled/KoeD122.22v.2.txt,CORA.441.3,0.386358,CVAI.442.2,0.242464,CANT.328.17,0.241227,CARL.314.6,0.211637,CORA.441.2,0.198078,CHIP.393.4,0.190285,CTOL.638.9,0.18142,CTOL.527.4,0.178299,CORA.441.16,0.176531,CTOL.633.23,0.172169
1875,KoeD122.22v.3.txt,canon_unlabelled/KoeD122.22v.3.txt,CNIC.325.13,0.837796,CARL.314.17,0.302706,CVAI.442.2,0.300051,CTOL.638.8,0.270116,CTOL.638.9,0.225887,CTOL.655.5,0.221049,CTOL.397.19,0.208301,Can.apost.26,0.205073,Can.apost.17,0.197953,CTOL.397.18,0.197805
1876,KoeD122.23r.1.txt,canon_unlabelled/KoeD122.23r.1.txt,CHIP.393.30,0.736018,CTOL.397.2,0.28091,CNIC.325.11,0.21707,CNIC.325.4,0.211993,CTOL.589.11,0.190766,CTOL.589.3,0.18121,CORA.441.3,0.17522,CLYO.567.5,0.166587,CNIC.325.5,0.159494,CANT.328.6,0.157765
1877,KoeD122.23r.2.txt,canon_unlabelled/KoeD122.23r.2.txt,CHIP.393.38,0.321017,CSAR.347.12,0.26564,CSAR.347.18,0.233226,CVAI.442.6,0.233123,CSAR.347.9,0.225548,CSAR.347.17,0.221813,RPWO.758.5,0.212073,CAGD.506.35,0.208112,CSAR.347.7,0.206267,CHIP.393.34,0.20382
1878,KoeD122.23v.1.txt,canon_unlabelled/KoeD122.23v.1.txt,"John Cassian, Collationes 20.8 (ed. Petschenig, p. 561, line 9–p. 562, line 4)",0.312357,CTOL.589.11,0.28365,CTOL.638.8,0.283294,CTOL.636.8,0.25153,"(ed. MOMMSEN, as Gildas, Epist.deperd.fragm. 5, in Chronica minora, p. 87, line 36–p. 88, line 1; trans.
WINTERBOTTOM, Gildas, 82)",0.243379,"Gennadius, Lib.eccl.dogm. 46 (ed. Turner, 98, lines 1–7; cf. recensio vulgata, c. 47 [PL
42, col. 1220])",0.241413,"Hermas, Libell.sanct.past., mandatum 4.1.4–8 (eds de Gebhardt– Harnack–Zahn, 79, lines 1–19)",0.237485,CHIP.393.30,0.236958,"Gregorius Magnus, Hom.in ev. 2.26 (ed. Étaix, 222, lines 116–19) Ps (G) 50:19",0.230668,RPWO.758.20,0.222361
1879,KoeD122.24r.1.txt,canon_unlabelled/KoeD122.24r.1.txt,CSAR.347.9,0.247135,CTUR.439.6,0.239173,"Gregorius Magnus, Hom.in ev. 2.26 (ed. Étaix, 222, lines 116–19) Ps (G) 50:19",0.2086,CTOL.633.60,0.205354,Can.apost.37,0.195675,CORA.441.13,0.188144,Can.apost.50,0.184952,CVAI.442.6,0.184422,CSAR.347.15,0.182694,CSAR.347.10,0.175327
1880,KoeD122.24v.1.txt,canon_unlabelled/KoeD122.24v.1.txt,CVAI.442.2,0.876962,CORA.441.3,0.290348,CNIC.325.13,0.255485,CNIC.325.11,0.23343,"Gennadius, Lib.eccl.dogm. 22 (ed. Turner, 94, lines 13–18; cf. recensio vulgata, c. 23
[PL 42, col. 1218])",0.204234,CTOL.646.2,0.187702,CTOL.638.19,0.187599,CEPA.517.30,0.185606,DSIR.384.255  cap. 13,0.177232,CTOL.656.5,0.175292
1881,KoeD122.24v.2.txt,canon_unlabelled/KoeD122.24v.2.txt,CTOL.638.7,0.774192,CTOL.656.5,0.369455,CTOL.638.6,0.256978,CTOL.633.55,0.256467,CTOL.633.6,0.256095,CTOL.656.6,0.251272,CTOL.589.1,0.244012,CTOL.527.3,0.232597,CTOL.589.11,0.224224,CNIC.325.11,0.207221
1882,KoeD122.25v.1.txt,canon_unlabelled/KoeD122.25v.1.txt,DSIR.384.255  cap. 14,0.42186,CCHA.451.6,0.268538,CTOL.397.2,0.263815,CEPA.517.3,0.261159,CNIC.325.11,0.242331,CORL.538.32,0.240085,CNIC.325.19,0.223534,CTOL.589.11,0.216711,CNEO.315.8,0.209603,CORA.441.24,0.205529
1883,KoeD122.26r.1.txt,canon_unlabelled/KoeD122.26r.1.txt,"John Cassian, Collationes 20.8 (ed. Petschenig, p. 561, line 9–p. 562, line 4)",0.255138,CORA.441.3,0.237411,CLYO.567.5,0.218503,CTOL.589.11,0.20963,CTOL.598.12,0.20178,CARL.501?.28,0.197006,CNIC.325.11,0.186958,CLAO.300.2,0.184484,CEPA.517.3,0.183361,"Gregorius Magnus, Hom.in ev. 2.39 (ed. Étaix, 381, lines 45–49)",0.182261
1884,KoeD122.26v.1.txt,canon_unlabelled/KoeD122.26v.1.txt,CANC.314.4,0.774778,CANC.314.5,0.339626,CANC.314.8,0.321638,CANC.314.15,0.274189,CARL.501?.11,0.263068,CNIC.325.12,0.261368,CANC.314.6,0.222524,CANC.314.7,0.217963,CANT.328.17,0.19974,CTOL.633.46,0.185416
1885,KoeD122.27r.1.txt,canon_unlabelled/KoeD122.27r.1.txt,CNIC.325.11,0.730639,CANC.314.7,0.247093,CANC.314.5,0.237761,CSAR.347.8,0.236313,CTOL.636.6,0.234848,CANC.314.15,0.229881,CANC.314.16,0.206847,"Gregorius Nazianzus-Rufinus, Apologeticus 72 (ed. Engelbrecht, 56, lines 20–3",0.199565,Capit.Martini.16,0.192301,CTOL.633.38,0.186833
1886,KoeD122.27r.2.txt,canon_unlabelled/KoeD122.27r.2.txt,CNIC.325.12,0.863513,CANC.314.5,0.326,CTOL.633.55,0.275068,CANC.314.4,0.27436,CANC.314.8,0.253365,CTOL.633.49,0.239469,CANT.328.3,0.233277,CTOL.633.52,0.226656,CANT.328.5,0.225696,CANC.314.1,0.216317
1887,KoeD122.27v.1.txt,canon_unlabelled/KoeD122.27v.1.txt,CTOL.397.16,0.245423,CTOL.527.4,0.223028,CNIC.325.8,0.19009,CHIP.393.39,0.189204,CVER.755.11,0.186278,CTOL.397.19,0.184736,CANC.314.14,0.183502,CARL.314.9,0.181848,CTOL.397.12,0.181695,CORA.441.4,0.179197
1888,KoeD122.28r.1.txt,canon_unlabelled/KoeD122.28r.1.txt,CEPA.517.29,0.807884,CORL.511.8,0.253884,CHIP.393.18,0.237149,"(ed. MOMMSEN, as Gildas, Epist.deperd.fragm. 5, in Chronica minora, p. 87, line 36–p. 88, line 1; trans.
WINTERBOTTOM, Gildas, 82)",0.235295,CTOL.397.3,0.215677,CTOL.633.73,0.214438,CSAR.347.14,0.211523,CTOL.589.11,0.210275,CTOL.656.6,0.207877,CTOL.397.4,0.205481
1889,KoeD122.28v.1.txt,canon_unlabelled/KoeD122.28v.1.txt,CTOL.638.8,0.257157,CNEO.315.12,0.238067,CORA.441.13,0.234245,CORA.441.14,0.234164,Can.apost.2,0.225033,CORL.541.6,0.224673,CTOL.638.19,0.223862,CVAI.442.2,0.217264,CANC.314.5,0.214155,CARL.501?.1,0.213122
1890,KoeD122.29r.1.txt,canon_unlabelled/KoeD122.29r.1.txt,"Source unidentified, but cf. Augustine, In Iohannis euangelium tractatus, tract. 73.1 (ed. R. Willems,
CCSL 36 [Turnhout, 1954], 510, lines 23–4)",0.263782,CARL.314.9,0.257534,CTOL.633.57,0.245749,CANC.314.21,0.232535,DSIR.384.255  cap. 14,0.206101,CTOL.633.38,0.195927,CTOL.655.15,0.195633,Can.apost.46,0.194742,Can.apost.41,0.194175,CTOL.633.50,0.191879
1891,KoeD122.29v.1.txt,canon_unlabelled/KoeD122.29v.1.txt,CNEO.315.12,0.263211,CTOL.656.4,0.25614,"Caesarius, Sermo 2, ammonitio (ed. Morin, 18, lines 7–15)",0.209116,CTOL.527.3,0.196106,CAGD.506.8,0.189189,"Ambrose, De spirit.sanct.3.6 (ed. Faller, 164–65, lines 12–22) Source (et ideo ... caritatis affectu)",0.188179,CAGD.506.38,0.186739,DSIR.384.255  cap. 14,0.181984,"Eusebius-Rufinus, HE 10.5 (eds Mommsen–Schwartz, II, 963, line 21)",0.176272,CTOL.633.6,0.175464
1892,KoeD122.30r.1.txt,canon_unlabelled/KoeD122.30r.1.txt,CHIP.393.14,0.286293,CHIP.393.12,0.281809,CLAO.300.32,0.281467,CORL.538.32,0.23618,CTOL.633.58,0.224871,CTOL.633.64,0.213176,CTOL.589.14,0.199024,Can.apost.46,0.196333,CORA.441.1,0.189787,CLAO.300.29,0.187324
1893,KoeD122.30r.2.txt,canon_unlabelled/KoeD122.30r.2.txt,CLAO.300.6,0.789342,CANT.328.21,0.241365,CTOU.567.17 (16),0.165666,CCHA.451.6,0.163506,CANT.328.2,0.161393,Can.apost.20,0.156592,CNIC.325.16,0.154298,Can.apost.46,0.148022,CTOL.633.6,0.147346,CLAO.300.26,0.144965
1894,KoeD122.30v.1.txt,canon_unlabelled/KoeD122.30v.1.txt,CORA.441.1,0.873133,CORA.441.2,0.349979,CLAO.300.32,0.258676,RPWO.758.15,0.233635,CHIP.393.12,0.231086,Can.apost.46,0.21576,CTOL.633.6,0.21499,CORL.511.13,0.208313,CLAO.300.10,0.201971,RPWO.758.11,0.201372
1895,KoeD122.30v.2.txt,canon_unlabelled/KoeD122.30v.2.txt,Can.apost.46,0.330378,CNIC.325.8,0.303356,CTOL.397.12,0.274934,CORL.511.1,0.264249,CHIP.393.23,0.248551,CTOL.589.3,0.244201,CANT.328.2,0.239601,Can.apost.40,0.228887,CANT.328.24,0.224215,CTOL.655.6,0.221711
1896,KoeD122.31r.1.txt,canon_unlabelled/KoeD122.31r.1.txt,CTOL.656.4,0.382248,CTOL.633.6,0.362734,CTOL.638.4,0.350672,CTOL.646.1,0.3417,CTOL.646.5,0.293808,CTOL.527.3,0.292329,CTOL.646.2,0.288532,CORA.441.1,0.275394,CTOL.589.1,0.267354,CHIP.393.12,0.260098
1897,KoeD122.31v.1.txt,canon_unlabelled/KoeD122.31v.1.txt,CLAO.300.10,0.814919,CHIP.393.12,0.268402,CORA.441.1,0.253858,CLAO.300.32,0.242147,CLAO.300.1,0.204616,Can.apost.46,0.202724,CGAN.355.14,0.196723,CLAO.300.53,0.191268,CGAN.355.1,0.178092,CLAO.300.26,0.165144
1898,KoeD122.32r.1.txt,canon_unlabelled/KoeD122.32r.1.txt,CLAO.300.32,0.951108,Can.apost.45,0.322209,CHIP.393.12,0.304631,CORA.441.1,0.282727,CNIC.325.5,0.240714,CLAO.300.10,0.228344,CLAO.300.6,0.21877,CAUX.561.38,0.187825,Can.apost.12,0.186713,Can.apost.11,0.180628
1899,KoeD122.32r.2.txt,canon_unlabelled/KoeD122.32r.2.txt,CNIC.325.6,0.281293,CANT.328.1,0.198529,CTOL.589.10,0.190072,CCHA.451.11,0.187727,CANT.328.25,0.184732,CTOL.397.3,0.182172,CTOL.589.2,0.181425,CORA.441.24,0.179741,CNIC.325.20,0.175499,CTOL.633.64,0.175087
1900,KoeD122.32v.1.txt,canon_unlabelled/KoeD122.32v.1.txt,CNIC.325.9,0.779346,CHIP.393.20,0.287475,"CTOL.653.13  (excerpta canonum cap. 13)  Martinez Diez, vol. 5, pp. 475-476; text modified in W",0.272726,CNIC.325.10,0.24494,CVAI.442.7,0.239591,CHIP.393.8,0.236435,CCHA.451.21,0.235965,"GREG.MAG. Hom.in ev. 2.26 (ed. Étaix, 222, lines 98–102) Gregorius Magnus, Hom.in ev. 2.26 (ed. Étaix, 222, lines 109–11) GREG.MAG. Hom.in ev. 2.22 (ed. Étaix, 191, lines 272–76)",0.219153,CVAI.442.8,0.20491,CARL.501?.17,0.199025
1901,KoeD122.32v.2.txt,canon_unlabelled/KoeD122.32v.2.txt,CNEO.315.1,0.85957,"Gregorius Magnus, Hom.in ev. 2.33 (ed. Étaix, 297, lines 240–48)",0.353586,CANC.314.20,0.256973,Can.apost.6,0.234163,CANC.314.19,0.220997,CTOL.633.44,0.178535,CGAN.355.15,0.178457,CANC.314.1,0.167564,CGAN.355.12,0.164876,CHIP.393.18,0.164558
1902,KoeD122.33r.1.txt,canon_unlabelled/KoeD122.33r.1.txt,CNEO.315.10,0.870865,Can.apost.26,0.258367,CAGD.506.39,0.239214,CTOL.633.70,0.21534,Can.apost.43,0.206165,CTOL.655.13,0.198288,CLAO.300.26,0.196126,Can.apost.2,0.187024,Can.apost.16,0.181406,CARL.314.17,0.181049
1903,KoeD122.33r.2.txt,canon_unlabelled/KoeD122.33r.2.txt,CTOL.397.8,0.328795,CARL.501?.11,0.26098,CANC.314.22,0.224025,CEPA.517.22,0.223604,CANC.314.4,0.216931,CARL.501?.1,0.216599,CARL.501?.10,0.209475,CANC.314.8,0.205733,CORL.538.8,0.203694,CARL.314.16,0.197738
1904,KoeD122.33r.3.txt,canon_unlabelled/KoeD122.33r.3.txt,CTOL.638.6,0.268042,CTOL.527.3,0.267545,"John Cassian, De inst.coenob. 12.11 (ed. Petschenig, 213, lines 4–6)",0.234243,CTOL.656.5,0.225357,CTOL.633.6,0.219018,CANT.328.2,0.218957,CTOL.397.6,0.216119,CTOL.655.2,0.213721,CTOL.638.7,0.213242,CAGD.506.38,0.208896
1905,KoeD122.33v.1.txt,canon_unlabelled/KoeD122.33v.1.txt,CNIC.325.3,0.839323,CTOL.636.2,0.256847,Pen. Theod. Can. Greg.; Wasserschleben p.162,0.24718,CTOL.633.42,0.232215,CHIP.393.16,0.207964,CARL.501?.3,0.207651,CGAN.355.17,0.194256,CARL.501?.15,0.188934,"CTOL.653.13  (excerpta canonum cap. 13)  Martinez Diez, vol. 5, pp. 475-476; text modified in W",0.184773,CTOL.397.6,0.182592
1906,KoeD122.34r.1.txt,canon_unlabelled/KoeD122.34r.1.txt,CCHA.451.7,0.883771,CTOL.633.50,0.26075,CCHA.451.27,0.251794,CTOL.633.55,0.227936,CSOI.744.3,0.216233,CCHA.451.4,0.204177,CTOL.633.52,0.194685,CAGD.506.27; anno 506,0.19076,CCHA.451.2,0.185486,CCHA.451.10,0.183807
1907,KoeD122.34r.2.txt,canon_unlabelled/KoeD122.34r.2.txt,CCHA.451.8,0.838435,CHIP.393.12,0.238155,CANC.314.3,0.23219,CORL.511.15,0.217198,CTOL.633.33,0.203367,CTOL.598.12,0.199461,CCHA.451.10,0.19743,"(ed. MOMMSEN, as Gildas, Epist.deperd.fragm. 3, in Chronica minora, 86, lines 21–4; trans. WINTERBOTTOM, Gildas, 80)",0.190291,CNEO.315.13,0.189175,CAGD.506.38,0.188354
1908,KoeD122.34v.1.txt,canon_unlabelled/KoeD122.34v.1.txt,CCHA.451.16,0.861444,CTOL.589.19,0.254032,CANC.314.18,0.219059,CTOL.633.17,0.196078,CTUR.439.4,0.194227,CTOL.633.50,0.193408,CTOL.527.5,0.172661,CNEO.315.8,0.169998,CGAN.355.4,0.168279,CTOL.655.6,0.165715
1909,KoeD122.34v.2.txt,canon_unlabelled/KoeD122.34v.2.txt,CANC.314.15,0.817014,CANC.314.16,0.453168,CANC.314.8,0.269089,CNEO.315.11,0.266028,CANC.314.4,0.259789,CANC.314.5,0.238628,CHIP.393.18,0.231416,"John Cassian, De inst.coenob. 12.11 (ed. Petschenig, 213, lines 4–6)",0.225519,CTOL.527.1,0.204646,CNIC.325.11,0.198465
1910,KoeD122.35r.1.txt,canon_unlabelled/KoeD122.35r.1.txt,CANC.314.16,0.788955,"cf. Jerome, Epistola 22, ad Eustochium (ed. Hilberg, I, 160, line 3)",0.216815,CTOL.633.53,0.205938,CGAN.355.2,0.205916,CTOL.633.21,0.205279,CAUX.561.14,0.19329,Can.apost.28,0.181124,CANC.314.3,0.174719,CARL.501?.7,0.166981,CHIP.393.12,0.164579
1911,KoeD122.35v.1.txt,canon_unlabelled/KoeD122.35v.1.txt,CANC.314.19,0.80015,CNEO.315.8,0.29576,CVAI.442.6,0.224592,CTOL.633.54,0.214786,Can.apost.46,0.214091,RPWO.758.12,0.212228,"Jerome, Comm.in IV ep.Paul., ad Tit. vers. 2:9–10 (PL 26, col. 585C–D)",0.207371,CNEO.315.13,0.195407,CNEO.315.1,0.192625,CTOL.633.15,0.188535
1912,KoeD122.35v.2.txt,canon_unlabelled/KoeD122.35v.2.txt,CANC.314.20,0.749029,CTOL.633.53,0.208024,"Gregorius Magnus, Hom.in ev. 2.33 (ed. Étaix, 297, lines 240–48)",0.196049,CANT.328.5,0.194646,CARL.314.21,0.187988,CCHA.451.27,0.182775,CNEO.315.1,0.181233,CTOL.633.52,0.176233,CSOI.744.3,0.174954,CARL.501?.20,0.168568
1913,KoeD122.36r.1.txt,canon_unlabelled/KoeD122.36r.1.txt,CANC.314.24,0.783229,CANC.314.10,0.356212,CANC.314.18,0.237953,CTOL.633.30,0.181017,Can.apost.5,0.167293,Can.apost.13,0.165484,CTUR.439.6,0.162166,CTOL.633.26,0.161309,CANT.328.2,0.156001,CAUX.561.36,0.153924
1914,KoeD122.36r.2.txt,canon_unlabelled/KoeD122.36r.2.txt,CLAO.300.52,0.779848,CLAO.300.51,0.491734,CORL.511.25,0.305507,CAGD.506.63,0.248323,CTOU.567.18 (17),0.232489,CLAO.300.58,0.229003,CAGD.506.21,0.220086,CNEO.315.,0.214793,CORL.511.31,0.214576,CTOL.656.1,0.208668
1915,KoeD122.36r.3.txt,canon_unlabelled/KoeD122.36r.3.txt,CLAO.300.53,0.885715,CTOL.633.66,0.228773,CNEO.315.7,0.225339,CAUX.561.24,0.212851,CLAO.300.10,0.202859,CTOL.633.64,0.202256,CTOL.589.14,0.20017,Can.apost.47,0.198415,CHIP.393.17,0.197145,CHIP.393.14,0.192312
1916,KoeD122.36r.4.txt,canon_unlabelled/KoeD122.36r.4.txt,CTOL.527.1,0.231814,CTOL.638.10,0.214257,CTOL.397.13,0.213508,CTOL.589.10,0.192243,CAUX.561.31,0.183333,CAGD.506.25,0.179855,CORL.511.8,0.177896,CARL.501?.5,0.16872,CNIC.325.11,0.167176,CARL.314.11,0.165001
1917,KoeD122.36v.1.txt,canon_unlabelled/KoeD122.36v.1.txt,"Caesarius, Sermo 43.5 (ed. Morin, 192, lines 17–23)",0.292212,CAGD.506.44,0.272027,CTOL.633.9,0.257794,CTOL.589.10,0.25745,CANC.314.10,0.22691,CORL.511.26,0.205972,CANC.314.24,0.205329,CORL.511.14,0.20166,CCHA.451.16,0.200313,"Gregory of Nazianzus- Rufinus, Apologeticus 115 (ed. Engelbrecht, 82, lines 11–12)",0.199927
1918,KoeD122.36v.2.txt,canon_unlabelled/KoeD122.36v.2.txt,CTOL.397.17,0.275145,RPWO.758.7,0.268473,CGAN.355.1,0.223536,"Isidore, De eccl.offic. 2.20 (ed. Lawson, 91, lines 40–43)",0.208691,CGAN.355.14,0.208395,CNIC.325.6,0.198915,CSAR.347.10,0.195895,"Augustine, Quaestiones evangeliorum 1.23 (ed. A. Mutzenbecher, CCSL 44B [Turnhout 1980],
20, lines 2–5)",0.186576,CNEO.315.14,0.186481,CTOL.633.43,0.186084
1919,KoeD122.37v.1.txt,canon_unlabelled/KoeD122.37v.1.txt,CTOL.633.24,0.268494,Can.apost.2,0.237107,CHIP.393.10,0.228189,CCHA.451.25,0.205129,CEPA.517.29,0.202495,CTOL.589.12,0.196924,Can.apost.34,0.195266,Can.apost.6,0.194082,CRIZ.439.1,0.192206,"Ps.-Clemens-Rufinus, Recognitiones 2.72 (eds Rehm–Paschke, 94,
lines 4–8)",0.191997
1920,KoeD122.37v.2.txt,canon_unlabelled/KoeD122.37v.2.txt,CORA.441.28,0.221522,CARL.314.21,0.215293,CTOL.633.52,0.213475,CTOL.633.36,0.199514,CVAI.442.6,0.192842,RPWO.758.14,0.189759,CNIC.325.12,0.189542,CANC.314.10,0.189501,CTOL.589.20,0.187605,CTOL.646.1,0.18632
1921,KoeD122.38v.1.txt,canon_unlabelled/KoeD122.38v.1.txt,CORL.549.21,0.211664,CTOL.655.8,0.200241,CTOL.589.12,0.190239,CNIC.325.15,0.18771,CORL.511.13,0.174374,CTOL.633.11,0.173163,CANC.314.14,0.167787,Can.apost.45,0.163801,CARL.501?.9,0.163562,CHIP.393.7,0.15751
1922,KoeD122.38v.2.txt,canon_unlabelled/KoeD122.38v.2.txt,CVAN.461.8,0.192911,Can.apost.27,0.192899,CARL.501?.9,0.192894,CARL.501?.10,0.187249,CSAR.347.9,0.185522,RPCO.757.5,0.179792,"Gregorius Magnus, Reg.past. 3.28 (eds Rommel–Judic–Morel, 458–60, lines 32–41)",0.178814,CNEO.315.2,0.16933,CAGD.506.63,0.16886,CTOL.655.13,0.162704
1923,KoeD122.39r.1.txt,canon_unlabelled/KoeD122.39r.1.txt,CTOL.527.3,0.220457,CTOL.638.4,0.209913,CTOL.655.13,0.207271,CTOL.656.1,0.189501,CTOL.656.5,0.178404,CVAI.442.2,0.17718,CTOL.646.1,0.174769,"Jerome, Epistola 22, ad Eustochium (ed. Hilberg, I, p. 182, line 20–p. 183, line 4)",0.170051,CORL.511.6,0.169026,CTOL.633.11,0.168867
1924,KoeD122.39v.1.txt,canon_unlabelled/KoeD122.39v.1.txt,CNEO.315.2,0.225462,CNEO.315.8,0.224923,CTOL.527.5,0.213432,CANC.314.24,0.207163,CAGD.506.61,0.185048,CAUX.561.27,0.172375,CARL.501?.13,0.170637,CORL.511.1,0.167691,CTOL.633.37,0.166831,CANC.314.10,0.165919
1925,KoeD122.40r.1.txt,canon_unlabelled/KoeD122.40r.1.txt,CTOL.589.17,0.308716,CORL.511.2,0.302892,CCHA.451.27,0.249657,CANC.314.3,0.23713,CTOL.633.58,0.226745,CTOL.527.5,0.220373,CNIC.325.4,0.215648,CTOL.589.16,0.21518,"Jerome, Comm.in IV ep.Paul., ad Tit. vers. 2:9–10 (PL 26, col. 585C–D)",0.213098,CSAR.347.8,0.21166
1926,KoeD122.40r.2.txt,canon_unlabelled/KoeD122.40r.2.txt,CCHA.451.27,0.892546,CORL.511.2,0.311357,CCHA.451.7,0.233441,CNIC.325.5,0.228606,CANC.314.10,0.220196,CTOL.589.0 Conc. Toletana III; anno 589; PL 84 col. 384-386; combined canons?,0.205782,CORA.441.19,0.180537,CANT.328.6,0.179361,CARL.314.9,0.177661,Can.apost.12,0.176197
1927,KoeD122.40r.3.txt,canon_unlabelled/KoeD122.40r.3.txt,CANC.314.10,0.721227,CORL.511.2,0.273834,CCHA.451.27,0.246602,CARL.314.12,0.241972,CANC.314.24,0.230044,Can.apost.33,0.174116,CAGD.506.4,0.169384,CTOL.633.55,0.165975,CLAO.300.26,0.165453,CNIC.325.14,0.160662
1928,KoeD122.40v.1.txt,canon_unlabelled/KoeD122.40v.1.txt,CORL.511.2,0.952638,CANC.314.10,0.340731,CCHA.451.27,0.335577,Can.apost.25,0.218586,CARL.501?.22,0.209308,CAGD.506.62,0.205651,"Jerome, Comm.in IV ep.Paul., ad Tit. vers. 2:9–10 (PL 26, col. 585C–D)",0.199114,CTOL.589.10,0.19841,Can.apost.50,0.1933,CTOL.638.11,0.188172
1929,KoeD122.40v.2.txt,canon_unlabelled/KoeD122.40v.2.txt,CAGD.506.25,0.274783,CAGD.506.61,0.253134,CTOL.633.43,0.208591,CARL.314.11,0.206912,CNEO.315.10,0.20559,"Caesarius, Sermo 43.5 (ed. Morin, 192, lines 2–7)",0.204538,CTOL.527.5,0.1986,"Augustine, Sermo 392 (PL 39, col. 1710)",0.198401,"Jerome, Comm.in Mat.libri IV, lib. 3, vers. 19:9 (eds Hurst–Adriaen, 167, lines 761–80)",0.196595,CORL.511.13,0.172206
1930,KoeD122.41r.1.txt,canon_unlabelled/KoeD122.41r.1.txt,CTOL.633.69,0.222117,CNIC.325.20,0.216852,CVER.755.5,0.200131,RPWO.758.21,0.18798,CTOL.589.18,0.183398,CTOL.589.8,0.173201,"Augustine, Sermo 392 (PL 39, col. 1710)",0.171272,Can.apost.3,0.171149,CTOL.633.33,0.166465,Can.apost.48,0.16492
1931,KoeD122.41v.1.txt,canon_unlabelled/KoeD122.41v.1.txt,CNEO.315.10,0.234889,CTOL.655.14,0.205945,Can.apost.26,0.185532,CTOL.655.5,0.172471,Can.apost.2,0.168724,CARL.314.21,0.164903,RPWO.758.1,0.163706,CGAN.355.13,0.16347,"Origen.–Rufinus, In Gen.hom.XVI, 4.4 (ed. Baehrens, 54, line 3–7)",0.16134,CTOL.633.69,0.161074
1932,KoeD122.41v.2.txt,canon_unlabelled/KoeD122.41v.2.txt,CGAN.355.15,0.230961,RPWO.758.21,0.221926,CNIC.325.13,0.199905,CARL.501?.19,0.193282,CANC.314.7,0.184032,CNEO.315.10,0.17914,RPWO.758.9,0.175183,CVAI.442.3,0.169002,RPWO.758.8,0.165885,CTOL.589.10,0.158372
1933,KoeD122.41v.3.txt,canon_unlabelled/KoeD122.41v.3.txt,CAGD.506.25,0.742399,CTOL.633.56,0.30536,Can.apost.7,0.301938,CCHA.451.9,0.274751,"CTOL.653.13  (excerpta canonum cap. 13)  Martinez Diez, vol. 5, pp. 475-476; text modified in W",0.253495,CLAO.300.12,0.248045,CHIP.393.12,0.24271,CANT.328.24,0.242108,CARL.314.11,0.235022,Can.apost.46,0.233628
1934,KoeD122.42r.1.txt,canon_unlabelled/KoeD122.42r.1.txt,CNEO.315.3,0.533287,"Gregorius Nazianzus-Rufinus, Apologeticus 72 (ed. Engelbrecht, 56, lines 20–3",0.234445,CTOL.633.17,0.197208,CAUX.561.43,0.195277,CNEO.315.11,0.185937,CNEO.315.12,0.174688,"Caesarius, Sermo 43.4 (ed. Morin, 191, lines 1–3)",0.160253,CTOL.655.8,0.155992,CLAO.300.52,0.152594,CNEO.315.2,0.147929
1935,KoeD122.42r.2.txt,canon_unlabelled/KoeD122.42r.2.txt,CANC.314.18,0.297653,CGAN.355.9,0.267678,CTOL.589.10,0.256383,CTOL.397.16,0.243049,CANC.314.9,0.24036,CTOL.397.19,0.228078,"Caesarius, Sermo 43.5 (ed. Morin, 192, lines 17–23)",0.204849,CNEO.315.2,0.188804,CTOL.638.10,0.181885,CHIP.393.18,0.181298
1936,KoeD122.42v.1.txt,canon_unlabelled/KoeD122.42v.1.txt,CLAO.300.1,0.785535,CNEO.315.7,0.335459,Can.apost.17,0.264408,CANC.314.9,0.221726,RPCO.757.1,0.192876,CTOL.589.3,0.176541,CTOL.638.8,0.167908,CTOL.589.10,0.16755,CAUX.561.7,0.16306,CAGD.506.39,0.159656
1937,KoeD122.42v.2.txt,canon_unlabelled/KoeD122.42v.2.txt,CTOL.397.17,0.843488,RPWO.758.7,0.236155,Can.apost.6,0.228487,CORA.441.22,0.222572,CNEO.315.1,0.179427,CTOL.638.16,0.17602,RPWO.758.3,0.171659,CNIC.325.16,0.16871,"Caesarius, Sermo 43.4 (ed. Morin, 191, lines 1–3)",0.16845,CAGD.506.31,0.166173
1938,KoeD122.43r.1.txt,canon_unlabelled/KoeD122.43r.1.txt,CTOL.638.17,0.17273,CANT.328.20,0.165478,Stat.Eccl.Antiq. 20,0.159461,CNEO.315.11,0.155772,CORL.511.26,0.154159,CHIP.393.3,0.153346,CTOL.636.4,0.150244,Can.apost.50,0.150119,CTOL.397.17,0.148571,CTOL.397.4,0.148014
1939,KoeD122.43r.2.txt,canon_unlabelled/KoeD122.43r.2.txt,CTOL.638.8,0.255489,CARL.501?.22,0.222213,CNIC.325.11,0.217477,CGAN.355.4,0.211973,CORA.441.21,0.186521,CTOL.589.11,0.178119,CRIZ.439.1,0.170856,CTUR.439.4,0.162722,CEPA.517.29,0.16018,CCHA.451.25,0.157664
1940,KoeD122.43r.3.txt,canon_unlabelled/KoeD122.43r.3.txt,CTOL.397.6,0.311069,CTOL.589.17,0.293654,CARL.314.11,0.278881,"Jerome, Comm.in IV ep.Paul., ad Tit. vers. 2:9–10 (PL 26, col. 585C–D)",0.266594,"Isidore, De eccl.offic. 2.20 (ed. Lawson, 91, lines 40–43)",0.25527,CANC.314.19,0.246718,CTOL.638.11,0.24663,CCHA.451.21,0.246279,CORL.541.29,0.244258,"Augustine, Sermo 392 (PL 39, col. 1710)",0.2373
1941,KoeD122.43v.1.txt,canon_unlabelled/KoeD122.43v.1.txt,CTOL.397.19,0.229682,CARL.501?.10,0.190407,CORA.441.17,0.17917,CTOL.655.16,0.176651,CARL.501?.23,0.174613,CORL.511.28,0.173792,CANC.314.16,0.171679,CANC.314.21,0.170915,CTOL.527.2,0.170419,Can.apost.18,0.164334
1942,KoeD122.44r.1.txt,canon_unlabelled/KoeD122.44r.1.txt,CTOL.397.19,0.32981,CARL.501?.10,0.245565,CARL.501?.22,0.224464,CARL.314.22,0.220793,CNEO.315.13,0.219409,CARL.314.17,0.201571,CNIC.325.13,0.19636,CANC.314.24,0.196222,CGAN.355.7,0.18838,RPCO.757.6,0.181116
1943,KoeD122.44r.2.txt,canon_unlabelled/KoeD122.44r.2.txt,CLAO.300.29,0.29816,CTOL.633.63,0.256664,CTOL.633.64,0.232867,CTOL.633.61,0.229266,CTOL.589.14,0.220334,CNEO.315.12,0.195053,CGAN.355.4,0.189349,CTOL.633.59,0.187791,CORA.441.21,0.183711,Can.apost.46,0.182866
1944,KoeD122.44r.3.txt,canon_unlabelled/KoeD122.44r.3.txt,CANC.314.19,0.291451,CAGD.506.12,0.233434,CARL.314.18,0.220345,CNEO.315.1,0.200289,CAGD.506.62,0.194349,RPWO.758.21,0.187773,"Source unidentified, but cf. Eucherius of Lyon, Instructionum ad Salonium libri II, lib. 2 (ed. C.
Mandolfo, CCSL 66 [Turnhout, 2004], 201–03, lines 263–65)",0.184726,CORL.541.29,0.177162,CLAO.300.45,0.166688,CARL.314.11,0.166236
1945,KoeD122.44r.4.txt,canon_unlabelled/KoeD122.44r.4.txt,CNEO.315.2,0.70728,CCHA.451.25,0.219882,Can.apost.10,0.218793,Can.apost.34,0.217085,CAGD.506.63,0.216287,CNIC.325.4,0.201876,CTOL.397.19,0.195965,CANC.314.15,0.190826,CNEO.315.7,0.177353,CTOL.633.65,0.166433
1946,KoeD122.44v.1.txt,canon_unlabelled/KoeD122.44v.1.txt,CNIC.325.14,0.379897,CAGD.506.61,0.28494,CNEO.315.5,0.283437,CORA.441.17,0.269311,CTOL.633.62,0.238943,CTOL.589.13,0.224449,CHIP.393.3,0.22384,CTOL.589.5,0.211256,CAUX.561.38,0.201642,CAGD.506.25,0.192663
1947,KoeD122.44v.2.txt,canon_unlabelled/KoeD122.44v.2.txt,CTOL.527.5,0.74002,CAGD.506.61,0.3453,CTOL.646.2,0.296758,CTOL.638.17,0.288072,CTOL.527.3,0.286143,CTOL.655.1,0.282183,CTOL.656.3,0.279543,CORL.511.18,0.277545,CTOL.636.5,0.251388,CTOL.638.18,0.243214
1948,KoeD122.45v.1.txt,canon_unlabelled/KoeD122.45v.1.txt,CTOL.646.3,0.220587,"DGEL492.636 cap. 7,8",0.214388,CHIP.393.37,0.204946,CTOL.397.2,0.196487,CHIP.393.38,0.196385,CSAR.347.8,0.195824,CNIC.325.2,0.188676,CEPA.517.30,0.187143,CTOL.646.1,0.185116,CSAR.347.20,0.179979
1949,KoeD122.46r.1.txt,canon_unlabelled/KoeD122.46r.1.txt,CNIC.325.2,0.377849,CANC.314.11,0.227124,CTOL.633.50,0.215668,CAGD.506.2,0.207198,Can.apost.17,0.202756,CTOL.397.8,0.192213,Can.apost.47,0.188505,CARL.501?.7,0.178766,CLAO.300.29,0.175772,CNIC.325.1,0.172441
1950,KoeD122.46v.1.txt,canon_unlabelled/KoeD122.46v.1.txt,CAGD.506.61,0.823798,CEPA.517.30,0.466784,CORL.511.18,0.31262,CTOL.527.5,0.300733,CAUX.561.31,0.290823,CHIP.393.16,0.273369,CORL.511.13,0.260379,CAGD.506.25,0.258492,CTOL.646.2,0.258344,CAGD.506.39,0.255237
1951,KoeD122.47r.1.txt,canon_unlabelled/KoeD122.47r.1.txt,CTOL.646.6,0.323973,CTOL.655.17,0.313548,CTOL.527.5,0.288354,CTOL.638.3,0.285108,CVAI.442.6,0.255271,RPWO.758.11,0.232272,CANT.328.12,0.227979,CTOL.636.9,0.225472,CTOL.656.3,0.219627,CTOL.638.16,0.212293
1952,KoeD122.47v.1.txt,canon_unlabelled/KoeD122.47v.1.txt,CTOL.589.0 Conc. Toletana III; anno 589; PL 84 col. 384-386; combined canons?,0.324408,CGAN.355.17,0.263197,CGAN.355.14,0.252243,CGAN.355.18,0.229997,CGAN.355.7,0.219227,CGAN.355.4,0.209132,CARL.501?.8,0.207505,CTOU.567.16 (15),0.207185,CTOL.397.11,0.196099,CGAN.355.16,0.188717
1953,KoeD122.48v.1.txt,canon_unlabelled/KoeD122.48v.1.txt,CANC.314.23,0.804965,CVAI.442.7,0.26237,CTOL.633.29,0.232891,"(ed. MOMMSEN, as Gildas, Epist.deperd.fragm. 3, in Chronica minora, 86, lines 17–21; trans. WINTERBOTTOM, Gildas, 80)",0.210299,"Augustine, Speculum 7 (ed. Weihrich, 63, lines 2–3)",0.209279,CTOL.633.36,0.193606,CNIC.325.17,0.19287,CORA.441.14,0.191097,CLAO.300.23,0.188948,CANC.314.16,0.185832
1954,KoeD122.48v.2.txt,canon_unlabelled/KoeD122.48v.2.txt,CANC.314.23,0.377459,CTOL.633.29,0.211809,CNIC.325.2,0.205119,CTOL.633.63,0.198689,CCHA.451.18,0.19328,CORL.541.29,0.180135,CNEO.315.5,0.179952,CHIP.393.36,0.177883,CCHA.451.3,0.175538,CANC.314.3,0.174811
1955,KoeD122.49r.1.txt,canon_unlabelled/KoeD122.49r.1.txt,CANC.314.23,0.285877,CTOL.633.63,0.23738,CARL.314.1,0.232472,CTOL.589.14,0.231683,CORL.538.31,0.20538,"(ed. MOMMSEN, as Gildas, Epist.deperd.fragm. 3, in Chronica minora, 86, lines 21–4; trans. WINTERBOTTOM, Gildas, 80)",0.199879,CTOL.633.62,0.197563,"Gregorius Magnus, Hom.in ev. 2.31 (ed. Étaix, 271, lines 43–51",0.194717,CORL.511.23,0.191252,CTOL.633.60,0.191165
1956,KoeD122.49r.2.txt,canon_unlabelled/KoeD122.49r.2.txt,CANC.314.23,0.211881,CTOL.633.29,0.210997,CARL.314.1,0.196582,CTOL.589.7,0.177798,CHIP.393.1,0.176904,"Caesarius, Sermo 192.4 (ed. Morin, 781, lines 7–9)",0.172415,CAUX.561.4,0.166525,CANT.328.2,0.165457,CAUX.561.1,0.163091,CORL.541.29,0.160025
1957,KoeD122.49r.3.txt,canon_unlabelled/KoeD122.49r.3.txt,CGAN.355.17,0.208425,CTOL.633.25,0.192178,"(ed. MOMMSEN, as Gildas, Epist.deperd.fragm. 3, in Chronica minora, 86, lines 21–4; trans. WINTERBOTTOM, Gildas, 80)",0.179686,CHIP.393.36,0.171445,CLAO.300.23,0.167813,"Caesarius, Sermo 192.2 (ed. Morin, 780, lines 21–4)",0.167232,CANT.328.8,0.165062,CANC.314.23,0.15071,CLAO.300.13,0.150227,CTOL.633.56,0.15014
1958,KoeD122.49v.1.txt,canon_unlabelled/KoeD122.49v.1.txt,CTOL.633.63,0.248047,CHIP.393.12,0.243529,CCHA.451.18,0.228637,CANC.314.23,0.213108,Can.apost.26,0.18495,CGAN.355.17,0.173255,CGAN.355.4,0.170563,CORA.441.6,0.169695,CTOL.633.59,0.167815,CLAO.300.32,0.165653
1959,KoeD122.49v.2.txt,canon_unlabelled/KoeD122.49v.2.txt,CANC.314.20,0.758708,CTOL.633.53,0.218685,CARL.314.15,0.176207,CTOL.589.17,0.174211,CARL.501?.20,0.171881,CTOL.633.52,0.171085,CANC.314.23,0.169926,CARL.314.21,0.169214,CSOI.744.3,0.167181,CGAN.355.19,0.164477
1960,KoeD122.49v.3.txt,canon_unlabelled/KoeD122.49v.3.txt,CANC.314.21,0.682066,CANC.314.22,0.303645,CLAO.300.29,0.21587,CTOL.633.65,0.210282,CHIP.393.17,0.209463,"cf. Jerome, Epistola 22, ad Eustochium (ed. Hilberg, I, 160, line 3)",0.203936,CAGD.506.56,0.187546,Can.apost.22,0.182231,CTOL.638.10,0.169298,CLAO.300.24,0.168395
1961,KoeD122.50r.1.txt,canon_unlabelled/KoeD122.50r.1.txt,CANC.314.22,0.85118,CANC.314.21,0.287328,"John Cassian, De inst.coenob., 6.12 (ed. Petschenig, 122, lines 4–6)",0.181613,CTOL.638.16,0.179867,CTOL.638.14,0.167352,Can.apost.43,0.166997,Can.apost.24,0.156155,CAUX.561.20,0.153836,CTOL.633.50,0.150456,CTOL.638.13,0.145297
1962,KoeD122.50r.2.txt,canon_unlabelled/KoeD122.50r.2.txt,CARL.501?.10,0.24075,CAGD.506.62,0.22732,CARL.501?.11,0.204302,CTOL.633.24,0.192455,RPWO.758.7,0.17621,Can.apost.1,0.175418,CAUX.561.17,0.170628,CORA.441.6,0.164932,"Gregory of Nazianzus- Rufinus, Apologeticus 114 (ed. Engelbrecht, 81, lines 17–19)",0.155567,Can.apost.42,0.153089
1963,KoeD122.50v.1.txt,canon_unlabelled/KoeD122.50v.1.txt,CANC.314.23,0.255876,CMAC.581.7,0.22004,CANC.314.21,0.184406,"cf. Jerome, Epistola 22, ad Eustochium (ed. Hilberg, I, 160, line 3)",0.182152,CTOL.633.29,0.182057,"Caesarius, Sermo 43.5 (ed. Morin, 192, lines 2–7)",0.167919,CNIC.325.4,0.167409,CANT.328.13,0.164423,CANC.314.16,0.157863,"John Cassian, De inst.coenob., 6.12 (ed. Petschenig, 122, lines 4–6) Source (itaque si ... conprobantur)",0.153964
1964,KoeD122.50v.2.txt,canon_unlabelled/KoeD122.50v.2.txt,CGAN.355.20,0.241502,CTOL.636.5,0.200251,"Caesarius, Sermo 43.5 (ed. Morin, 192, lines 2–7)",0.196783,CVAI.442.7,0.1953,CTOL.633.75,0.188591,"CMEA.845.0 ""Canon extravagans 2"", Conc. Meaux, a. 845; unique to this ms, apud MGH Conc. III p. 129",0.188459,CCHA.451.27,0.188054,CCHA.451.21,0.187444,CCHA.451.18,0.187353,CNIC.325.19,0.184553
1965,KoeD122.50v.3.txt,canon_unlabelled/KoeD122.50v.3.txt,CAGD.506.37,0.825889,CARL.501?.25,0.307533,CTOL.638.11,0.257462,CCHA.451.21,0.240128,CHIP.393.20,0.223829,CORL.511.1,0.217351,CARL.501?.24,0.204341,CORL.511.2,0.197359,"cf. Jerome, Epistola 22, ad Eustochium (ed. Hilberg, I, 160, line 3)",0.196058,Can.apost.36,0.194747
1966,KoeD122.51r.1.txt,canon_unlabelled/KoeD122.51r.1.txt,CAGD.506.62,0.785926,"(ed. MOMMSEN, as Gildas, Epist.deperd.fragm. 5, in Chronica minora, 88, lines 1–2; trans. WINTERBOTTOM, Gildas,
82)",0.32319,CORL.511.1,0.271983,CTOL.633.31,0.26194,CARL.314.18,0.239691,CORL.511.8,0.235881,"Gregorius Nazianzus-Rufinus, Apologeticus 91 (ed. Engelbrecht, 68, lines 20–3)",0.230398,"John Cassian, Collationes 20.8 (ed. Petschenig, p. 561, line 9–p. 562, line 4)",0.226493,CORA.441.10,0.224792,CAGD.506.37,0.20968
1967,KoeD122.51r.2.txt,canon_unlabelled/KoeD122.51r.2.txt,CORL.511.3,0.744845,CORL.511.1,0.276319,CAGD.506.8,0.268726,CLAO.300.53,0.233146,Can.apost.10,0.225427,CORA.441.5,0.218202,CORL.511.31,0.217432,Capit.Martini.14,0.21026,RPWO.758.6,0.208578,CTOL.397.5,0.199515
1968,KoeD122.51v.1.txt,canon_unlabelled/KoeD122.51v.1.txt,CAGD.506.31,0.295964,CANT.328.6,0.295665,CHIP.393.12,0.270408,"(ed. MOMMSEN, as Gildas, Epist.deperd.fragm. 7, in Chronica minora, 88, lines 13–24; trans. WINTERBOTTOM,
Gildas, 82)",0.252427,Capit.Martini.61,0.245157,CNIC.325.6,0.241256,CORL.538.32,0.229615,CTOL.397.15,0.219314,CANT.328.14,0.189365,CNIC.325.5,0.187063
1969,KoeD122.51v.2.txt,canon_unlabelled/KoeD122.51v.2.txt,CAGD.506.31,0.853055,CORA.441.10,0.289497,"Augustine, Sermo 392 (PL 39, col. 1710)",0.226258,"(ed. MOMMSEN, as Gildas, Epist.deperd.fragm. 7, in Chronica minora, 88, lines 13–24; trans. WINTERBOTTOM,
Gildas, 82)",0.219646,CNIC.325.5,0.214021,CAGD.506.25,0.20045,CARL.314.3,0.189024,CORL.541.29,0.181975,CAUX.561.10,0.173424,"Jerome, Comm.in Mat.libri IV, lib. 3, vers. 19:9 (eds Hurst–Adriaen, 167, lines 761–80)",0.172837
1970,KoeD122.51v.3.txt,canon_unlabelled/KoeD122.51v.3.txt,CORL.511.1,0.316699,"John Cassian, Collationes 20.8 (ed. Petschenig, p. 561, line 9–p. 562, line 4)",0.289263,Can.apost.50,0.269553,CORA.441.10,0.237248,CTOL.633.75,0.22265,CAGD.506.62,0.21471,CORL.511.12,0.206092,CTOL.397.7,0.205408,CSAR.347.3,0.192025,CNIC.325.4,0.191722
1971,KoeD122.52r.1.txt,canon_unlabelled/KoeD122.52r.1.txt,CVAI.442.4,0.252115,CARL.501?.19,0.198241,CLAO.300.58,0.173448,Can.apost.46,0.164123,Can.apost.49,0.158615,CAGD.506.4,0.1557,CGAN.355.4,0.155465,CGAN.355.7,0.151922,CTOL.633.33,0.143556,CCHA.451.21,0.139876
1972,KoeD122.52r.2.txt,canon_unlabelled/KoeD122.52r.2.txt,CGAN.355.17,0.669114,CANC.314.9,0.193848,CGAN.355.1,0.17873,CORA.441.7,0.174225,CORL.511.19,0.171813,CGAN.355.2,0.166936,CGAN.355.4,0.163041,CGAN.355.10,0.161282,CANT.328.4,0.160108,CGAN.355.13,0.15784
1973,KoeD122.52v.1.txt,canon_unlabelled/KoeD122.52v.1.txt,CNIC.325.3,0.230753,CARL.314.15,0.184337,CVAI.442.7,0.181891,"Jerome, Advers.Iovin.libri II, 1.14 (PL 23, col. 233C)",0.17344,CAGD.506.61,0.166263,"Augustine, Sermo 392 (PL 39, col. 1710)",0.154659,CLAO.300.51,0.153112,CAGD.506.8,0.149977,CAUX.561.14,0.149303,CTOL.589.23,0.149292
1974,KoeD122.52v.2.txt,canon_unlabelled/KoeD122.52v.2.txt,CTOL.633.32,0.80414,CVAI.442.7,0.322225,CTOL.589.17,0.270359,"GREG.MAG. Hom.in ev. 2.26 (ed. Étaix, 222, lines 98–102) Gregorius Magnus, Hom.in ev. 2.26 (ed. Étaix, 222, lines 109–11) GREG.MAG. Hom.in ev. 2.22 (ed. Étaix, 191, lines 272–76)",0.252079,CTOL.589.18,0.242821,Can.apost.28,0.236209,CTOL.589.20,0.232444,"(ed. MOMMSEN, as Gildas, Epist.deperd.fragm. 5, in Chronica minora, 88, lines 1–2; trans. WINTERBOTTOM, Gildas,
82)",0.230215,CAGD.506.38,0.208312,"Caesarius, Sermo 43.5 (ed. Morin, 192, lines 2–7)",0.207366
1975,KoeD122.52v.3.txt,canon_unlabelled/KoeD122.52v.3.txt,CORL.511.25,0.705268,CAGD.506.21,0.337022,CAUX.561.11,0.303937,CAGD.506.63,0.299906,Can.apost.8,0.287759,CTOL.656.1,0.279359,CLAO.300.52,0.244425,CORL.511.27,0.243126,CTOU.567.18 (17),0.227036,CORL.511.31,0.206605
1976,KoeD122.53r.1.txt,canon_unlabelled/KoeD122.53r.1.txt,CTOL.397.5,0.287628,CORL.511.31,0.278143,CTOL.397.16,0.224947,CNEO.315.11,0.201309,CTOU.567.18 (17),0.185009,CNEO.315.,0.176543,CGAN.355.8,0.17199,Can.apost.18,0.167081,CORL.511.27,0.166202,CTOL.397.15,0.166004
1977,KoeD122.53r.2.txt,canon_unlabelled/KoeD122.53r.2.txt,CAGD.506.18,0.780265,Can.apost.31,0.345719,CORL.538.32,0.26508,CORL.511.25,0.244697,RPWO.758.2,0.235255,CTOL.397.12,0.2326,CAUX.561.42,0.21885,CNIC.325.8,0.207079,CHIP.393.14,0.200733,CAGD.506.32,0.190803
1978,KoeD122.53r.3.txt,canon_unlabelled/KoeD122.53r.3.txt,CAGD.506.63,0.757737,CORL.511.25,0.332191,CAGD.506.21,0.297011,CORL.511.26,0.251779,"Caesarius, Sermo 43.5 (ed. Morin, 192, lines 17–23)",0.249446,CAUX.561.11,0.22494,CSAR.347.15,0.222934,CSAR.347.14,0.218545,Can.apost.37,0.207278,CNEO.315.13,0.206202
1979,KoeD122.53v.1.txt,canon_unlabelled/KoeD122.53v.1.txt,Can.apost.10,0.30326,CTOL.397.5,0.286978,CNIC.325.8,0.2634,CANT.328.2,0.240593,CANT.328.24,0.236516,CNIC.325.9,0.228839,CTOL.527.4,0.22697,Can.apost.39,0.21865,CORL.511.1,0.21666,CTOL.397.16,0.20748
1980,KoeD122.53v.2.txt,canon_unlabelled/KoeD122.53v.2.txt,CTOL.656.3,0.797031,CTOL.655.1,0.27598,CTOL.589.20,0.249806,CTOL.636.2,0.229107,CTOL.638.17,0.221201,CTOL.598.12,0.220717,CTOL.589.17,0.21667,CRIZ.439.1,0.212715,CTOL.638.3,0.211325,CTOL.655.9,0.201272
1981,KoeD122.54v.1.txt,canon_unlabelled/KoeD122.54v.1.txt,CNIC.325.17,0.326758,Can.apost.44,0.255986,CTOL.636.5,0.233614,CTOL.646.4,0.226625,CTOL.589.17,0.226085,CTOL.589.20,0.22044,CTOL.646.1,0.217313,CTOL.589.1,0.20011,CTOL.589.16,0.186748,CNEO.315.13,0.179274
1982,KoeD122.54v.2.txt,canon_unlabelled/KoeD122.54v.2.txt,CCHA.451.18,0.895038,CANC.314.3,0.216068,CTOL.633.29,0.20459,CANC.314.4,0.188612,"Caesarius, Sermo 43.5 (ed. Morin, 192, lines 2–7)",0.185107,CVAI.442.7,0.183621,"cf. Jerome, Epistola 22, ad Eustochium (ed. Hilberg, I, 160, line 3)",0.183315,CSAR.347.12,0.181919,CTOL.589.17,0.179935,CEPA.517.10,0.176406
1983,KoeD122.55r.1.txt,canon_unlabelled/KoeD122.55r.1.txt,CNIC.325.14,0.264849,CHIP.393.6,0.23408,Can.apost.34,0.233524,CNEO.315.5,0.232755,CORA.441.17,0.225736,CTOL.397.19,0.223598,CTOL.397.8,0.204895,CNEO.315.12,0.185369,Can.apost.18,0.180386,CHIP.393.8,0.179922
1984,KoeD122.55r.2.txt,canon_unlabelled/KoeD122.55r.2.txt,CTOL.638.11,0.479785,CCHA.451.21,0.416334,CVAI.442.7,0.328028,CANT.328.14,0.275648,CHIP.393.8,0.270544,CSAR.347.4,0.26684,CHIP.393.7,0.260154,CORL.541.29,0.249282,CSAR.347.7,0.233085,CAGD.506.37,0.227851
1985,KoeD122.55v.1.txt,canon_unlabelled/KoeD122.55v.1.txt,CCHA.451.21,0.268385,Can.apost.11,0.249133,CANT.328.6,0.240323,CGAN.355.1,0.232018,CARL.314.14,0.23159,CTOL.638.11,0.222564,CARL.501?.8,0.222158,CTOL.397.15,0.220162,"Gregorius Magnus, Hom.in ev. 2.26 (ed. Étaix, 222, lines 116–19) Ps (G) 50:19",0.214153,Can.apost.12,0.196011
1986,KoeD122.55v.2.txt,canon_unlabelled/KoeD122.55v.2.txt,CTOL.638.11,0.432692,CCHA.451.21,0.291833,CTOL.655.13,0.248579,CVAI.442.7,0.245561,"CTOL.653.13  (excerpta canonum cap. 13)  Martinez Diez, vol. 5, pp. 475-476; text modified in W",0.242658,CAGD.506.37,0.23665,CHIP.393.11,0.213501,CTOL.633.70,0.213217,CTOL.633.72,0.212764,CTOL.598.12,0.211003
1987,KoeD122.56r.1.txt,canon_unlabelled/KoeD122.56r.1.txt,CTOL.638.11,0.321496,CARL.501?.25,0.267105,CHIP.393.7,0.266001,CHIP.393.6,0.25039,"Caesarius, Sermo 2, ammonitio (ed. Morin, 18, lines 7–15)",0.240243,CAGD.506.37,0.239269,CCHA.451.21,0.219604,CHIP.393.38,0.200216,CNIC.325.9,0.193188,CEPA.517.38,0.192018
1988,KoeD122.56r.2.txt,canon_unlabelled/KoeD122.56r.2.txt,CORA.441.18,0.287494,CTOL.638.11,0.250286,CHIP.393.20,0.238404,CGAN.355.1,0.208819,Can.apost.34,0.203407,CTOL.633.68,0.196976,CTOL.397.10,0.187754,CHIP.393.32,0.18664,CTOL.397.6,0.184704,CAGD.506.37,0.182956
1989,KoeD122.56v.1.txt,canon_unlabelled/KoeD122.56v.1.txt,RPWO.758.17,0.221076,CNEO.315.9,0.216777,CARL.314.6,0.210747,Can.apost.35,0.208961,CARL.501?.25,0.20094,CVAI.442.8,0.194912,CORL.511.6,0.193188,CARL.501?.28,0.183355,CARL.314.20,0.178573,"cf. Jerome, Epistola 22, ad Eustochium (ed. Hilberg, I, 160, line 3)",0.173612
1990,KoeD122.56v.2.txt,canon_unlabelled/KoeD122.56v.2.txt,Can.apost.11,0.396896,CTOL.397.12,0.306067,CANT.328.2,0.282547,CAUX.561.38,0.244543,CNIC.325.5,0.222382,CANT.328.6,0.216327,"(ed. MOMMSEN, as Gildas, Epist.deperd.fragm. 7, in Chronica minora, 88, lines 13–24; trans. WINTERBOTTOM,
Gildas, 82)",0.212344,Can.apost.13,0.209324,CORL.511.1,0.199587,CTOL.397.15,0.193783
1991,KoeD122.56v.3.txt,canon_unlabelled/KoeD122.56v.3.txt,CTOL.638.11,0.380933,CARL.501?.25,0.285386,CCHA.451.21,0.272027,CAGD.506.37,0.256998,CSAR.347.8,0.254006,CVAI.442.7,0.249637,CGAN.355.1,0.197335,CTOL.589.17,0.196143,CHIP.393.38,0.194963,CTOL.633.24,0.189974
1992,KoeD122.57r.1.txt,canon_unlabelled/KoeD122.57r.1.txt,Can.apost.26,0.234955,CORL.511.13,0.232469,CTOL.589.9,0.207104,CTOL.397.9,0.19505,CAUX.561.8,0.194417,CORL.511.1,0.187031,CTOL.638.15,0.186888,CAGD.506.37,0.184824,CTOL.589.6,0.169722,CVAL.374.4,0.169126
1993,KoeD122.57v.1.txt,canon_unlabelled/KoeD122.57v.1.txt,CORA.441.27,0.200278,CNIC.325.10,0.182452,Can.apost.42,0.173254,"John Cassian, Collationes 20.8 (ed. Petschenig, p. 561, line 9–p. 562, line 4)",0.171659,CAGD.506.50 (addit.),0.169306,CNEO.315.3,0.168448,CNEO.315.9,0.165964,Can.apost.41,0.165513,"Gregorius Magnus, Reg.past. 3.28 (eds Rommel–Judic–Morel, 458–60, lines 32–41)",0.164294,"Gregorius Magnus, Hom.in ev. 2.26 (ed. Étaix, 222, lines 116–19) Ps (G) 50:19",0.162529
1994,KoeD122.58r.1.txt,canon_unlabelled/KoeD122.58r.1.txt,"Gratian, D. 5 de cons. c. 19",0.217495,CARL.501?.18,0.20231,CAGD.506.37,0.196106,Can.apost.38,0.191187,CHIP.393.38,0.184579,RPWO.758.12,0.179154,Can.apost.24,0.175111,CAGD.506.25,0.174367,CANT.328.12,0.170177,CANC.314.6,0.17011
1995,KoeD122.58r.2.txt,canon_unlabelled/KoeD122.58r.2.txt,CHIP.393.10,0.581233,CHIP.393.9,0.482889,CTOL.633.31,0.279973,CHIP.393.28,0.273192,CHIP.393.11,0.266703,CTOL.589.21,0.261422,CANT.328.14,0.254915,CTOL.638.11,0.243734,CTOL.397.5,0.239907,CAGD.506.32,0.228655
1996,KoeD122.59r.1.txt,canon_unlabelled/KoeD122.59r.1.txt,CHIP.393.6,0.685779,CHIP.393.7,0.675133,CTOL.638.11,0.37884,CANT.328.14,0.303241,CSAR.347.7,0.274242,CHIP.393.8,0.2705,CARL.501?.18,0.269693,CSAR.347.3,0.258595,CVAI.442.7,0.2447,CTOL.589.18,0.242156
1997,KoeD122.59v.1.txt,canon_unlabelled/KoeD122.59v.1.txt,CHIP.393.8,0.596521,CTOL.638.11,0.354732,CCHA.451.21,0.302432,CVAI.442.7,0.291861,CANT.328.14,0.286036,CORL.511.13,0.241487,CHIP.393.7,0.234899,CHIP.393.6,0.230955,CANT.328.15,0.226002,CSAR.347.7,0.196115
1998,KoeD122.60r.1.txt,canon_unlabelled/KoeD122.60r.1.txt,CTOL.638.11,0.540386,CCHA.451.21,0.364397,CVAI.442.7,0.338003,CHIP.393.7,0.292971,CANT.328.14,0.285059,CARL.501?.25,0.282835,CHIP.393.8,0.282152,CHIP.393.6,0.241092,CSAR.347.7,0.237855,CAGD.506.37,0.236955
1999,KoeD122.60r.2.txt,canon_unlabelled/KoeD122.60r.2.txt,CHIP.393.27,0.285672,CSAR.347.7,0.247225,CANT.328.14,0.234347,CHIP.393.24,0.213079,Unidentified,0.210778,CANT.328.8,0.206809,CHIP.393.36,0.204532,CANC.314.23,0.192853,Can.apost.3,0.18105,CVAI.442.1,0.178875
2000,KoeD122.60v.1.txt,canon_unlabelled/KoeD122.60v.1.txt,CVAI.442.7,0.8568,CTOL.638.11,0.350448,"(ed. MOMMSEN, as Gildas, Epist.deperd.fragm. 7, in Chronica minora, 88, lines 13–24; trans. WINTERBOTTOM,
Gildas, 82)",0.317977,CCHA.451.21,0.289488,CVAI.442.8,0.285373,"Gregorius Magnus, Hom.in ev. 2.26 (ed. Étaix, 222, lines 116–19) Ps (G) 50:19",0.269801,CTOL.633.32,0.249023,CTOL.633.24,0.227622,CAUX.561.35,0.2219,CVAN.461.7,0.208608
2001,KoeD122.61r.1.txt,canon_unlabelled/KoeD122.61r.1.txt,CARL.501?.25,0.747952,CARL.501?.24,0.570054,CARL.314.15,0.368762,CAGD.506.37,0.309222,CTOL.638.11,0.205498,CAUX.561.12,0.173081,CCHA.451.25,0.172863,CARL.314.14,0.168963,CORL.511.16,0.165885,CORL.541.19,0.164351
2002,KoeD122.61r.2.txt,canon_unlabelled/KoeD122.61r.2.txt,CCHA.451.21,0.334299,CTOL.638.11,0.261617,CARL.501?.25,0.248752,CARL.314.15,0.2175,CORL.541.29,0.187149,Can.apost.19,0.181459,CVAI.442.7,0.169444,CTOU.567.7,0.166127,CHIP.393.1,0.163503,CANC.314.20,0.162847
2003,KoeD122.61r.3.txt,canon_unlabelled/KoeD122.61r.3.txt,CTOL.638.11,0.740775,CCHA.451.21,0.436461,CVAI.442.7,0.302906,CGAN.355.1,0.27972,CHIP.393.7,0.273169,CANT.328.14,0.264344,"(ed. MOMMSEN, as Gildas, Epist.deperd.fragm. 7, in Chronica minora, 88, lines 13–24; trans. WINTERBOTTOM,
Gildas, 82)",0.244722,"CTOL.653.13  (excerpta canonum cap. 13)  Martinez Diez, vol. 5, pp. 475-476; text modified in W",0.237197,CAGD.506.37,0.233111,CHIP.393.8,0.232057
2004,KoeD122.61v.1.txt,canon_unlabelled/KoeD122.61v.1.txt,CCHA.451.21,0.33876,CTOL.638.11,0.313839,CAGD.506.32,0.246116,CSAR.347.4,0.22424,CGAN.355.1,0.223013,CTOL.397.6,0.221946,CVAI.442.7,0.211545,CORL.511.1,0.210398,CLAO.300.32,0.207854,CNIC.325.9,0.204267
2005,KoeD122.62r.1.txt,canon_unlabelled/KoeD122.62r.1.txt,CCHA.451.21,0.877648,CTOL.638.11,0.371936,CVAI.442.7,0.309276,CCHA.451.13,0.260408,CORL.541.29,0.256657,CCHA.451.27,0.229615,Can.apost.20,0.223883,CCHA.451.11,0.223866,CNIC.325.9,0.223772,CCHA.451.3,0.215278
2006,KoeD122.62r.2.txt,canon_unlabelled/KoeD122.62r.2.txt,CHIP.393.20,0.268904,CARL.501?.11,0.247288,CTOL.397.15,0.228641,CVAI.442.8,0.219765,CAGD.506.37,0.208908,CANC.314.6,0.207763,CTOL.656.4,0.197458,Can.apost.25,0.18966,CTOL.656.3,0.185319,"Caesarius, Sermo 43.4 (ed. Morin, 191, lines 1–3)",0.183367
2007,KoeD122.62v.1.txt,canon_unlabelled/KoeD122.62v.1.txt,CMAC.581.9,0.283543,CHIP.393.9,0.248108,"Eusebius-Rufinus, HE 10.2 (eds Mommsen–Schwartz, II, 961, lines 10–19)",0.243028,RPWO.758.5,0.233725,CAGD.506.32,0.223147,CGAN.355.18,0.210449,CAUX.561.42,0.19562,CAGD.506.12,0.192811,CAUX.561.7,0.187069,CORL.538.32,0.183186
2008,KoeD122.62v.2.txt,canon_unlabelled/KoeD122.62v.2.txt,CTOL.638.4,0.235798,Can.apost.26,0.211475,"CTOL.653.13  (excerpta canonum cap. 13)  Martinez Diez, vol. 5, pp. 475-476; text modified in W",0.208962,Can.apost.27,0.206484,CGAN.355.8,0.205016,Can.apost.44,0.200144,CHIP.393.20,0.194086,CNIC.325.17,0.189414,CTOL.656.3,0.188714,CTOL.633.19,0.185789
2009,KoeD122.63r.1.txt,canon_unlabelled/KoeD122.63r.1.txt,"CTOL.653.13  (excerpta canonum cap. 13)  Martinez Diez, vol. 5, pp. 475-476; text modified in W",0.238173,CNIC.325.6,0.236989,CORA.441.11,0.214939,CTOL.638.18,0.213664,Can.apost.12,0.209599,CTOL.636.7,0.200891,CTOU.567.7,0.197379,CTOL.633.28,0.1886,CTOL.633.17,0.188271,CHIP.393.20,0.187506
2010,KoeD122.63r.2.txt,canon_unlabelled/KoeD122.63r.2.txt,CTOL.633.31,0.870809,CAGD.506.62,0.317633,CHIP.393.10,0.306304,CHIP.393.9,0.306087,"Eusebius-Rufinus, HE 10.2 (eds Mommsen–Schwartz, II, 961, lines 10–19)",0.244442,"(ed. MOMMSEN, as Gildas, Epist.deperd.fragm. 5, in Chronica minora, 88, lines 1–2; trans. WINTERBOTTOM, Gildas,
82)",0.24248,CTOL.633.32,0.239551,CANT.328.14,0.229791,"Gregorius Nazianzus-Rufinus, Apologeticus 91 (ed. Engelbrecht, 68, lines 20–3)",0.226399,"Caesarius, Sermo 43.5 (ed. Morin, 192, lines 2–7)",0.22332
2011,KoeD122.63v.1.txt,canon_unlabelled/KoeD122.63v.1.txt,CHIP.393.7,0.286898,CVAI.442.7,0.280722,CTOL.638.11,0.268884,"Caesarius, Sermo 2, ammonitio (ed. Morin, 18, lines 7–15)",0.260952,CTOL.656.4,0.258655,CHIP.393.6,0.256398,"(ed. MOMMSEN, as Gildas, Epist.deperd.fragm. 7, in Chronica minora, 88, lines 13–24; trans. WINTERBOTTOM,
Gildas, 82)",0.253087,CARL.501?.28,0.245231,CORL.511.2,0.24364,CAGD.506.26,0.239423
2012,KoeD122.64r.1.txt,canon_unlabelled/KoeD122.64r.1.txt,CSAR.347.3,0.631572,CSAR.347.4,0.351541,CSAR.347.7,0.346166,CSAR.347.6,0.270644,CHIP.393.7,0.264653,CANT.328.14,0.253368,CSAR.347.17,0.252493,CHIP.393.6,0.247458,CTOL.636.7,0.244092,CVER.755.5,0.235635
2013,KoeD122.64v.1.txt,canon_unlabelled/KoeD122.64v.1.txt,CSAR.347.4,0.704404,CSAR.347.3,0.306891,"Eusebius-Rufinus, HE 10.5 (eds Mommsen–Schwartz, II, 963, line 21)",0.271679,CAGD.506.32,0.260162,CSAR.347.7,0.255133,CANT.328.14,0.233137,RPWO.758.17,0.225651,CHIP.393.7,0.215564,CTOL.633.4,0.214978,CSAR.347.11,0.20531
2014,KoeD122.65r.1.txt,canon_unlabelled/KoeD122.65r.1.txt,CSAR.347.16,0.653064,CTUR.439.5,0.203435,Can.apost.33,0.193262,CARL.501?.8,0.18087,CSAR.347.3,0.174576,CANT.328.5,0.172289,CORL.511.31,0.172193,CGAN.355.8,0.171486,CSAR.347.17,0.17029,"Gregory of Nazianzus- Rufinus, Apologeticus 115 (ed. Engelbrecht, 82, lines 11–12)",0.164315
2015,KoeD122.65v.1.txt,canon_unlabelled/KoeD122.65v.1.txt,CSAR.347.17,0.747279,"Jerome, Comm.in Mat.libri IV, lib. 3, vers. 19:9 (eds Hurst–Adriaen, 167, lines 761–80)",0.26811,CVAI.442.7,0.25506,CTOL.589.17,0.252861,"Ambrose, De spirit.sanct.3.6 (ed. Faller, 164–65, lines 12–22) Source (et ideo ... caritatis affectu)",0.209657,CHIP.393.38,0.205965,CNIC.325.5,0.203405,CSAR.347.7,0.201254,CTOL.397.6,0.196614,CTOL.638.11,0.196135
2016,KoeD122.66r.1.txt,canon_unlabelled/KoeD122.66r.1.txt,CCHA.451.9,0.831533,CAGD.506.32,0.309061,CAUX.561.35,0.279867,CCHA.451.3,0.276375,CANT.328.14,0.274821,CANT.328.9,0.274082,"Eusebius-Rufinus, HE 10.2 (eds Mommsen–Schwartz, II, 961, lines 10–19)",0.273796,CANT.328.11,0.251251,Can.apost.40,0.204429,CORL.538.32,0.20017
2017,KoeD122.66v.1.txt,canon_unlabelled/KoeD122.66v.1.txt,CAUX.561.43,0.381456,CORA.441.10,0.36132,CAUX.561.38,0.276963,CNIC.325.5,0.266841,Can.apost.11,0.251026,CARL.501?.8,0.239571,CANT.328.6,0.233773,CTOL.633.17,0.227362,Can.apost.12,0.223584,"CTOL.653.13  (excerpta canonum cap. 13)  Martinez Diez, vol. 5, pp. 475-476; text modified in W",0.218586
2018,KoeD122.67r.1.txt,canon_unlabelled/KoeD122.67r.1.txt,CNIC.325.6,0.270894,CLAO.300.12,0.250782,CTOL.633.64,0.250408,CHIP.393.36,0.242676,CTOL.397.5,0.240585,CSAR.347.3,0.237453,CSAR.347.7,0.23623,CTOL.655.6,0.23565,CHIP.393.9,0.232053,CHIP.393.7,0.229754
2019,KoeD122.67r.2.txt,canon_unlabelled/KoeD122.67r.2.txt,Can.apost.12,0.343866,CORL.511.2,0.230154,CAGD.506.37,0.218478,"CTOL.653.13  (excerpta canonum cap. 13)  Martinez Diez, vol. 5, pp. 475-476; text modified in W",0.212045,RPWO.758.15,0.204154,CTOL.638.11,0.191366,CTOL.633.47,0.189069,"Caesarius, Sermo 43.3 (ed. Morin, 191, lines 13–19)",0.186762,CTOL.633.15,0.183861,CCHA.451.21,0.180263
2020,KoeD122.67v.1.txt,canon_unlabelled/KoeD122.67v.1.txt,CTOL.397.5,0.215511,"cf. Jerome, Epistola 22, ad Eustochium (ed. Hilberg, I, 160, line 3)",0.18036,CHIP.393.6,0.179342,CTOL.633.52,0.175544,CLAO.300.51,0.166008,Can.apost.44,0.16441,CCHA.451.21,0.16401,CTOL.655.14,0.164003,CORL.511.28,0.159601,CAGD.506.8,0.158668
2021,KoeD122.68r.1.txt,canon_unlabelled/KoeD122.68r.1.txt,CHIP.393.10,0.320706,CTOL.589.18,0.273648,CTOL.633.3,0.224177,CTOL.633.32,0.206968,CTOL.633.20,0.196359,CHIP.393.36,0.195307,CTOL.397.11,0.188566,RPWO.758.9,0.184326,CTOL.655.12,0.175901,CANT.328.15,0.174009
2022,KoeD122.68r.2.txt,canon_unlabelled/KoeD122.68r.2.txt,CHIP.393.24,0.246788,CTOL.589.18,0.24236,CANT.328.14,0.230812,CTOU.567.7,0.225273,CHIP.393.8,0.213126,CARL.314.18,0.204972,"CTOL.653.13  (excerpta canonum cap. 13)  Martinez Diez, vol. 5, pp. 475-476; text modified in W",0.199227,CTOL.633.3,0.196592,CHIP.393.10,0.186733,CHIP.393.36,0.18473
2023,KoeD122.68v.1.txt,canon_unlabelled/KoeD122.68v.1.txt,CORL.538.32,0.823426,CAGD.506.32,0.383365,Capit.Martini.61,0.322117,Can.apost.7,0.319248,Can.apost.31,0.290123,CCHA.451.9,0.261623,CTOL.397.15,0.239723,CLAO.300.42,0.237223,CARL.501?.25,0.226211,CTOL.633.56,0.216625
2024,KoeD122.68v.2.txt,canon_unlabelled/KoeD122.68v.2.txt,CANT.328.4,0.73262,CANC.314.10,0.198402,CNIC.325.3,0.196518,CANC.314.2,0.193931,CNIC.325.18,0.190088,CANC.314.1,0.181937,CTOL.397.20,0.178532,Can.apost.3,0.172099,CNIC.325.15,0.170652,CTOL.527.4,0.165816
2025,KoeD122.69r.1.txt,canon_unlabelled/KoeD122.69r.1.txt,CANT.328.6,0.831433,CTOL.638.1,0.202747,Can.apost.13,0.201196,"Gennadius, Lib.eccl.dogm. 22 (ed. Turner, 94, lines 13–18; cf. recensio vulgata, c. 23
[PL 42, col. 1218])",0.199342,"Gregory of Nazianzus- Rufinus, In semet.de agr.regr. 13 (ed. Engelbrecht, 182, lines 9–11)",0.194055,CANT.328.12,0.172464,RPWO.758.18,0.169402,CANT.328.2,0.169132,CNIC.325.5,0.168027,CTOL.633.67,0.159935
2026,KoeD122.69r.2.txt,canon_unlabelled/KoeD122.69r.2.txt,CANT.328.11,0.85182,CCHA.451.9,0.235223,CSAR.347.10,0.226364,CANT.328.9,0.220248,CNEO.315.1,0.200254,CRIZ.439.6,0.194681,CAGD.506.52,0.190809,CANT.328.12,0.184305,Can.apost.39,0.183966,CLAO.300.42,0.181148
2027,KoeD122.69v.1.txt,canon_unlabelled/KoeD122.69v.1.txt,CANT.328.12,0.671096,CANT.328.20,0.227831,CANT.328.11,0.220529,CSAR.347.10,0.219531,Capit.Martini.14,0.19595,Pen. Theod. Can. Greg.; Wasserschleben p.162,0.193056,CANT.328.14,0.191719,CTOL.636.7,0.189848,"CTOL.653.13  (excerpta canonum cap. 13)  Martinez Diez, vol. 5, pp. 475-476; text modified in W",0.189459,CCHA.451.9,0.177691
2028,KoeD122.70r.1.txt,canon_unlabelled/KoeD122.70r.1.txt,CANT.328.15,0.796203,CANT.328.14,0.262885,CANC.314.10,0.217635,CVAI.442.1,0.217542,CARL.314.18,0.204569,"CTOL.653.13  (excerpta canonum cap. 13)  Martinez Diez, vol. 5, pp. 475-476; text modified in W",0.195292,CANC.314.12,0.18817,CTOL.638.11,0.187849,CNIC.325.6,0.184177,CTOL.633.64,0.177004
2029,KoeD122.70r.2.txt,canon_unlabelled/KoeD122.70r.2.txt,CANT.328.20,0.804001,Can.apost.38,0.345771,CTOU.567.18 (17),0.34414,CNIC.325.5,0.269089,CANT.328.24,0.263024,Can.apost.41,0.261068,Can.apost.8,0.251023,CTOL.633.3,0.250381,CAUX.561.11,0.248626,Can.apost.40,0.244448
2030,KoeD122.70v.1.txt,canon_unlabelled/KoeD122.70v.1.txt,CARL.501?.18,0.202475,CNIC.325.5,0.191409,CHIP.393.6,0.188838,CHIP.393.29,0.184753,Can.apost.38,0.184381,CTOL.646.1,0.181573,CVAI.442.3,0.179177,CAUX.561.3,0.171025,CARL.314.7,0.170648,CGAN.355.19,0.169998
2031,KoeD122.71r.1.txt,canon_unlabelled/KoeD122.71r.1.txt,CNIC.325.2,0.243822,CORA.441.15,0.234208,CTOL.633.46,0.21433,CARL.501?.25,0.209934,CNEO.315.8,0.209527,CAGD.506.27; anno 506,0.19054,Can.apost.16,0.184648,CTOL.646.1,0.179792,CNEO.315.9,0.177723,CHIP.393.37,0.177027
2032,KoeD122.71v.1.txt,canon_unlabelled/KoeD122.71v.1.txt,CTOL.633.28,0.873692,CSAV.859.12,0.290906,CTOL.656.5,0.221711,CANT.328.3,0.219652,CTOL.633.4,0.216346,CTOL.638.1,0.21079,CTOL.633.40,0.209871,"Source unidentified, but cf. Augustine, In Iohannis euangelium tractatus, tract. 73.1 (ed. R. Willems,
CCSL 36 [Turnhout, 1954], 510, lines 23–4)",0.203147,CVAN.461.7,0.200936,CTOL.638.19,0.196174
2033,KoeD122.71v.2.txt,canon_unlabelled/KoeD122.71v.2.txt,CTOL.589.20,0.286362,CHIP.393.12,0.28624,CORL.538.32,0.282438,CTOL.655.2,0.258919,CTOL.633.56,0.249693,CCHA.451.3,0.240964,CNEO.315.1,0.231489,CMEA.845.10,0.218625,Can.apost.46,0.215683,CLAO.300.29,0.205515
2034,KoeD122.72r.1.txt,canon_unlabelled/KoeD122.72r.1.txt,CARL.501?.18,0.811165,CHIP.393.7,0.279055,CARL.501?.28,0.264107,CARL.501?.22,0.230321,CHIP.393.30,0.227863,CTOL.589.18,0.218753,CTUR.439.4,0.212754,Pen. Theod. Can. Greg.; Wasserschleben p.162,0.211548,CTOL.633.3,0.204963,CORL.511.25,0.203295
2035,KoeD122.72r.2.txt,canon_unlabelled/KoeD122.72r.2.txt,CSAR.347.21,0.246598,CSAR.347.8,0.226687,CAGD.506.8,0.222973,CTOL.589.21,0.218426,CORL.541.29,0.213444,CORL.511.16,0.207194,CHIP.393.39,0.203496,"Eusebius–Jerome, Chronicon (Jerome’s translation of Eusebius’s Chronicon, in
Eusebius Werke VII, second edition, ed. R. Helm, Die Griechischen christlichen Schriftsteller 47 [Berlin, 1956], 187, lines 11–13)",0.196383,Unidenfied,0.192445,CSAR.347.10,0.188857
2036,KoeD122.72r.3.txt,canon_unlabelled/KoeD122.72r.3.txt,CGAN.355.6,0.559064,Can.apost.10,0.270875,Can.apost.40,0.237575,CANT.328.24,0.221711,Can.apost.39,0.219193,Can.apost.26,0.214887,CNIC.325.16,0.2142,CGAN.355.7,0.210249,Capit.Martini.14,0.205634,CTOL.633.56,0.199004
2037,KoeD122.72v.1.txt,canon_unlabelled/KoeD122.72v.1.txt,CGAN.355.7,0.835898,CANT.328.24,0.391406,CGAN.355.8,0.345719,CANT.328.2,0.263004,Can.apost.9,0.258503,CHIP.393.23,0.221854,CGAN.355.6,0.221637,CTOL.655.4,0.219955,Capit.Martini.16,0.216245,Can.apost.39,0.21541
2038,KoeD122.72v.2.txt,canon_unlabelled/KoeD122.72v.2.txt,CGAN.355.8,0.897783,CEPA.517.9,0.208344,CTOL.655.5,0.199198,"Caesarius, Sermo 54.4 (ed. Morin, 238, lines 15–16)",0.197425,CAGD.506.4,0.196826,CTOL.633.67,0.17965,CGAN.355.15,0.169164,CLAO.300.58,0.168922,CGAN.355.11,0.167048,CSAR.347.16,0.164589
2039,KoeD122.72v.3.txt,canon_unlabelled/KoeD122.72v.3.txt,CGAN.355.11,0.758967,CGAN.355.8,0.202141,CTOL.633.48,0.196697,CNEO.315.13,0.174042,CGAN.355.15,0.168334,Can.apost.15,0.163349,Can.apost.38,0.161241,CTOL.633.67,0.155418,CTOL.397.11,0.152474,CANT.328.20,0.152127
2040,KoeD122.73r.1.txt,canon_unlabelled/KoeD122.73r.1.txt,CVAI.442.4,0.842425,CTOL.633.33,0.248541,CAGD.506.4,0.235992,Can.apost.40,0.215623,Can.apost.5,0.20968,Can.apost.10,0.205891,CTOL.655.1,0.201647,"(ed. MOMMSEN, as Gildas, Epist.deperd.fragm. 3, in Chronica minora, 86, lines 21–4; trans. WINTERBOTTOM, Gildas, 80)",0.197719,Can.apost.25,0.191578,CTOL.527.4,0.181826
2041,KoeD122.73v.1.txt,canon_unlabelled/KoeD122.73v.1.txt,CAGD.506.4,0.81088,CTOL.633.33,0.294477,CVAI.442.4,0.289746,CGAN.355.8,0.243708,CPAR.614.10,0.240887,CTOL.633.67,0.220581,CAGD.506.50 (addit.),0.216076,CTOL.527.4,0.215645,CGAN.355.4,0.212683,CLAO.300.58,0.208348
2042,KoeD122.73v.2.txt,canon_unlabelled/KoeD122.73v.2.txt,CTOL.397.11,0.709208,CSAV.859.12,0.264141,CTOL.589.16,0.229573,CVER.755.5,0.226252,CSAR.347.7,0.220049,RPCO.757.6,0.216229,"Gregorius Magnus, Hom.in ev. 2.33 (ed. Étaix, 297, lines 240–48)",0.186465,RPWO.758.8,0.185963,CNEO.315.1,0.184547,CVAI.442.9,0.175198
2043,KoeD122.74r.1.txt,canon_unlabelled/KoeD122.74r.1.txt,CAGD.506.35,0.680386,CORL.538.1,0.271252,CTOL.589.18,0.262246,CARL.501?.5,0.255065,Pen. Theod. Can. Greg.; Wasserschleben p.162,0.249086,CANT.328.20,0.245667,Capit.Martini.2,0.245388,CCHA.451.25,0.224298,CTOL.598.12,0.22031,CARL.501?.18,0.214401
2044,KoeD122.74r.2.txt,canon_unlabelled/KoeD122.74r.2.txt,CSAR.347.3,0.290585,CTOL.636.7,0.252376,CSAR.347.16,0.234405,CARL.501?.24,0.200623,CSAR.347.6,0.196894,CVER.755.11,0.192406,CORL.511.26,0.187888,CVER.755.5,0.185272,CORL.511.1,0.18235,CTOL.633.4,0.181663
2045,KoeD122.74v.1.txt,canon_unlabelled/KoeD122.74v.1.txt,CAGD.506.18,0.218858,Can.apost.48,0.200247,CAGD.506.62,0.192998,CORL.511.31,0.168143,Galatians.4:16,0.167562,CEPA.517.40,0.162797,CEPA.517.4,0.162391,CHIP.393.4,0.158961,Can.apost.13,0.157523,CORA.441.3,0.1538
2046,KoeD122.74v.2.txt,canon_unlabelled/KoeD122.74v.2.txt,CTOL.646.1,0.233725,CORL.511.25,0.229172,CTOL.589.16,0.216828,CRIZ.439.2,0.209918,CANT.328.21,0.203826,CAGD.506.63,0.197326,Can.apost.23,0.193598,CARL.501?.23,0.189405,CARL.314.1,0.188034,CTOL.655.9,0.185796
2047,KoeD122.75r.1.txt,canon_unlabelled/KoeD122.75r.1.txt,CEPA.517.8,0.269815,CHIP.393.37,0.262526,CANT.328.16,0.223363,CHIP.393.28,0.217558,CORL.511.2,0.216931,"Augstine, De consensu evangelistarum 2.30 (ed. F. Weihrich, CSEL 43 [Vienna, 1904], 177,
lines 14–24)",0.213678,CPAR.614.10,0.209653,CTOL.655.16,0.208222,CTOL.397.12,0.205297,CAUX.561.4,0.200197
2048,KoeD122.75v.1.txt,canon_unlabelled/KoeD122.75v.1.txt,CORL.511.17,0.754884,CORL.538.5,0.336527,CORA.441.9,0.26345,CORL.511.15,0.261962,CTOL.633.33,0.240857,CTOL.633.35,0.216471,CNEO.315.13,0.199178,CCHA.451.8,0.197933,CARL.501?.22,0.194258,CARL.501?.28,0.173765
2049,KoeD122.76r.1.txt,canon_unlabelled/KoeD122.76r.1.txt,CCHA.451.17,0.838579,CTOL.633.34,0.196139,CTOL.646.4,0.195808,CCHA.451.9,0.189028,CANT.328.9,0.180704,CNIC.325.6,0.178812,CANT.328.24,0.178183,CNIC.325.4,0.174799,Can.apost.50,0.170117,CLYO.583.6,0.166949
2050,KoeD122.76r.2.txt,canon_unlabelled/KoeD122.76r.2.txt,CTOL.589.19,0.735888,CANC.314.9,0.266338,CANT.328.23,0.252425,CTOL.633.33,0.229879,CANT.328.24,0.226568,CANT.328.22,0.22577,CNIC.325.18,0.217565,CTOL.633.51,0.211282,CANT.328.10,0.211186,CORL.511.17,0.206947
2051,KoeD122.76v.1.txt,canon_unlabelled/KoeD122.76v.1.txt,"DGEL492.636 cap. 7,8",0.199226,CTOL.589.3,0.192656,CORL.511.2,0.190658,"Gregory of Nazianzus- Rufinus, De Pentecoste et de spiritu sancto 2 (in Tyranni Rufini
orationum Gregorii Nazianzeni novem interpretatio, ed. Engelbrecht, 143, lines 8–16)",0.188226,CTOL.633.34,0.186168,CTOL.655.7,0.185338,CNEO.315.11,0.184891,CTOL.589.6,0.167384,CTOL.655.8,0.166404,"Caesarius, Sermo 43.4 (ed. Morin, 191, lines 1–3)",0.165209
2052,KoeD122.76v.2.txt,canon_unlabelled/KoeD122.76v.2.txt,CTOL.397.7,0.253556,"(ed. MOMMSEN, as Gildas, Epist.deperd.fragm. 3, in Chronica minora, 86, lines 21–4; trans. WINTERBOTTOM, Gildas, 80)",0.207763,Can.apost.46,0.207057,CTOL.633.25,0.190305,CANC.314.11,0.187923,"Hermas, Libell.sanct.past., mandatum 4.1.4–8 (eds de Gebhardt– Harnack–Zahn, 79, lines 1–19)",0.185515,CORA.441.17,0.184187,CMAC.581.9,0.177802,CTOL.397.12,0.177216,CNEO.315.5,0.175284
2053,KoeD122.77v.1.txt,canon_unlabelled/KoeD122.77v.1.txt,RPCO.757.3,0.258661,CANT.328.24,0.249743,Can.apost.15,0.231051,CANT.328.20,0.230539,CORA.441.5,0.225567,Capit.Martini.14,0.221214,CNIC.325.5,0.21396,CANT.328.21,0.211077,CNIC.325.16,0.208969,CTOL.633.33,0.194413
2054,KoeD122.78r.1.txt,canon_unlabelled/KoeD122.78r.1.txt,CTOL.646.4,0.711082,CTOL.633.36,0.418675,CTOL.589.20,0.275711,CTOL.655.2,0.267457,CTOL.598.12,0.227029,CTOL.655.1,0.221654,CTOL.397.2,0.220358,CTOL.633.5,0.219667,CNIC.325.6,0.217846,CVAI.442.1,0.211834
2055,KoeD122.79r.1.txt,canon_unlabelled/KoeD122.79r.1.txt,CCHA.451.26,0.900821,Capit.Martini.16,0.297673,Can.apost.39,0.29408,Can.apost.41,0.289032,CANT.328.25,0.271302,CCHA.451.3,0.267871,"Augustine, Speculum 7 (ed. Weihrich, 63, lines 2–3)",0.23076,CGAN.355.15,0.223387,Can.apost.40,0.220079,CNEO.315.12,0.214118
2056,KoeD122.79r.2.txt,canon_unlabelled/KoeD122.79r.2.txt,CHIP.393.10,0.231711,CORL.511.16,0.215942,Can.apost.39,0.200707,CGAN.355.1,0.195203,CHIP.393.6,0.192939,CHIP.393.7,0.188964,CTOL.638.11,0.185093,CHIP.393.8,0.17754,CCHA.451.21,0.176439,CORA.441.14,0.175105
2057,KoeD122.79v.1.txt,canon_unlabelled/KoeD122.79v.1.txt,CORL.511.15,0.747967,CORA.441.5,0.255685,CORL.538.5,0.208275,CORA.441.6,0.202067,CNIC.325.19,0.189681,CTOL.633.71,0.18724,CORL.511.19,0.186084,CTOL.397.13,0.181953,CTOL.633.68,0.181183,CORL.511.17,0.177936
2058,KoeD122.80r.1.txt,canon_unlabelled/KoeD122.80r.1.txt,CTOL.646.1,0.277245,CTOL.656.5,0.253123,CTOL.638.3,0.249064,CRIZ.439.2,0.234466,CTOL.656.4,0.227146,CTOL.656.3,0.215268,CTOL.397.9,0.21084,CTOL.656.2,0.206008,"Eusebius–Rufinus, HE 9.10 (eds Mommsen–Schwartz, II, 845, lines 13–
19)",0.203786,CAGD.506.26,0.199563
2059,KoeD122.80v.1.txt,canon_unlabelled/KoeD122.80v.1.txt,CTOL.655.5,0.343522,CTOL.655.1,0.314407,CTOL.655.6,0.298256,CTOL.633.33,0.22871,CTOL.655.9,0.215148,CTOL.633.38,0.213564,CANT.328.24,0.212448,Can.apost.26,0.211636,Can.apost.40,0.211634,CANC.314.14,0.203788
2060,KoeD122.81v.1.txt,canon_unlabelled/KoeD122.81v.1.txt,CTOL.656.2,0.259705,CTOL.589.1,0.245601,CTOL.655.17,0.232674,CCLE.535.12,0.23033,CTOL.527.3,0.210046,CORL.511.31,0.200864,CAGD.506.2,0.199473,DSIR.384.255  cap. 13,0.198436,CLYO.567.5,0.193046,CVAI.442.6,0.192364
2061,KoeD122.82r.1.txt,canon_unlabelled/KoeD122.82r.1.txt,CRIZ.439.3,0.25906,CTOL.589.3,0.242885,CTOL.527.4,0.225064,CANT.328.7,0.213262,Can.apost.26,0.213174,CORL.549.19,0.205716,CCHA.451.26,0.190623,Can.apost.12,0.190623,CTOL.656.1,0.184579,CTOL.638.19,0.183897
2062,KoeD122.83r.1.txt,canon_unlabelled/KoeD122.83r.1.txt,CTOL.655.4,0.24481,CAGD.506.51,0.213163,CORL.538.26 (23),0.202914,CTOL.638.5,0.202176,CORL.511.6,0.200469,CEPA.517.8,0.197963,CTOL.589.19,0.193521,CCHL.647.16,0.193166,CGAN.355.8,0.192032,CPAR.614.10,0.188247
2063,KoeD122.84r.1.txt,canon_unlabelled/KoeD122.84r.1.txt,CVAI.442.9,0.241868,CPAR.614.10,0.225331,CORL.511.2,0.224187,CTOL.633.68,0.220687,CTOL.397.9,0.218963,CORA.441.1,0.210434,CAGD.506.26,0.201742,CSAV.859.12,0.200201,CHIP.393.39,0.199078,Stat.Eccl.Antiq. 20,0.198487
2064,KoeD122.84r.2.txt,canon_unlabelled/KoeD122.84r.2.txt,CAGD.506.26,0.276991,CTOL.633.34,0.229915,CTOL.655.1,0.200951,CVAI.442.9,0.196846,CTOL.656.5,0.195818,Can.apost.26,0.187017,Can.apost.44,0.186333,CTOL.646.2,0.184087,CTOL.655.9,0.177584,CORL.511.23,0.176104
2065,KoeD122.85r.1.txt,canon_unlabelled/KoeD122.85r.1.txt,CLAO.300.12,0.28177,CORA.441.24,0.248243,CHIP.393.12,0.242573,CEPA.517.3,0.216251,CTOL.633.56,0.211593,Can.apost.40,0.204076,Can.apost.26,0.203072,CTOL.527.1,0.203032,CNIC.325.2,0.194715,CNIC.325.11,0.19235
2066,KoeD122.85v.1.txt,canon_unlabelled/KoeD122.85v.1.txt,Can.apost.40,0.253363,Can.apost.26,0.221635,Can.apost.39,0.221057,CANT.328.24,0.220505,Capit.Martini.14,0.219291,CTOL.655.1,0.211838,CTOL.655.7,0.206823,CTOL.589.9,0.203378,Can.apost.36,0.198282,Can.apost.15,0.197729
2067,KoeD122.86r.1.txt,canon_unlabelled/KoeD122.86r.1.txt,CANC.314.14,0.289191,Pen. Theod. Can. Greg.; Wasserschleben p.162,0.238888,CTOL.397.3,0.237751,RPWO.758.9,0.234502,RPWO.758.15,0.233489,RPWO.758.8,0.233191,CSAR.347.6,0.231334,CTOL.633.3,0.230568,CTOL.589.18,0.209837,"Caesarius, Sermo 2, ammonitio (ed. Morin, 18, lines 7–15)",0.209504
2068,KoeD122.86r.2.txt,canon_unlabelled/KoeD122.86r.2.txt,CANT.328.24,0.827662,Can.apost.40,0.412119,Can.apost.39,0.332904,CTOL.589.9,0.300393,Can.apost.10,0.293237,CTOL.527.4,0.287126,CANT.328.2,0.277248,CORL.549.19,0.269441,CANC.314.14,0.268941,Can.apost.41,0.248495
2069,KoeD122.87r.1.txt,canon_unlabelled/KoeD122.87r.1.txt,CANT.328.25,0.837539,Capit.Martini.16,0.416158,Can.apost.41,0.361048,CANT.328.24,0.325739,CCHA.451.26,0.319509,Can.apost.39,0.319308,Can.apost.40,0.280224,CCHA.451.3,0.197313,CGAN.355.19,0.191552,Can.apost.46,0.186926
2070,KoeD122.87v.1.txt,canon_unlabelled/KoeD122.87v.1.txt,CTOL.655.1,0.816501,CTOL.655.9,0.346158,CTOL.646.2,0.339291,CTOL.655.5,0.285316,CTOL.656.3,0.242643,CTUR.439.3,0.237637,CTOL.636.2,0.234576,CTOL.638.16,0.220292,CTOL.656.2,0.21882,CORL.511.13,0.212938
2071,KoeD122.89r.1.txt,canon_unlabelled/KoeD122.89r.1.txt,CAGD.506.45,0.86275,Can.apost.42,0.215922,CORL.511.23,0.197301,CAGD.506.46,0.185719,CARL.501?.23,0.18282,CANT.328.13,0.18098,CGAN.355.19,0.175383,RPWO.758.15,0.152395,CNEO.315.12,0.152211,CNEO.315.1,0.15014
2072,KoeD122.89r.2.txt,canon_unlabelled/KoeD122.89r.2.txt,CAGD.506.46,0.690601,CORL.511.19,0.231293,CTOL.633.52,0.223297,CTOL.638.9,0.210411,CNIC.325.19,0.1925,Can.apost.12,0.170593,CAUX.561.4,0.169467,CVER.755.11,0.167711,CORL.511.15,0.16709,"Ambrose, Exp.ev.sec.Luc. lib. 9, vers. 20:24 (ed. Adriaen, 343, line 326) Source (quęrit de ... alia mundi)",0.166745
2073,KoeD122.89r.3.txt,canon_unlabelled/KoeD122.89r.3.txt,CAGD.506.51,0.7885,CAGD.506.50 (addit.),0.367993,CTOL.633.68,0.246677,Can.apost.39,0.231096,CGAN.355.19,0.23018,CHIP.393.14,0.228769,Can.apost.40,0.222177,CORL.511.23,0.208715,Capit.Martini.16,0.207295,CANT.328.24,0.205356
2074,KoeD122.89v.1.txt,canon_unlabelled/KoeD122.89v.1.txt,CAGD.506.56,0.723565,CEPA.517.8,0.527789,CTOL.633.68,0.297319,CANC.314.14,0.227087,CHIP.393.39,0.219963,CAGD.506.38,0.216775,CEPA.517.9,0.21621,CEPA.517.9; anno 517,0.207157,CTOL.633.72,0.200225,CORL.538.31,0.192595
2075,KoeD122.89v.2.txt,canon_unlabelled/KoeD122.89v.2.txt,CTOL.633.67,0.679863,CANT.328.24,0.39832,CTOL.527.4,0.256887,CANC.314.14,0.247158,Can.apost.40,0.235922,CORL.511.1,0.229193,Can.apost.41,0.222636,CTOL.589.9,0.214636,CGAN.355.8,0.208994,CVAI.442.4,0.20876
2076,KoeD122.90r.1.txt,canon_unlabelled/KoeD122.90r.1.txt,CTOL.633.68,0.797444,CTOL.633.72,0.323424,CEPA.517.8,0.29128,CTOL.589.6,0.285584,CAGD.506.51,0.234385,CTOL.633.70,0.219363,CAGD.506.56,0.218963,CTOL.638.11,0.215129,Can.apost.26,0.206381,CTOL.633.73,0.206092
2077,KoeD122.90v.1.txt,canon_unlabelled/KoeD122.90v.1.txt,CTOL.633.72,0.79146,CTOL.589.6,0.45732,CTOL.633.70,0.372616,CTOL.633.71,0.354341,CTOL.633.68,0.348391,CTOL.633.73,0.33154,CTOL.655.14,0.28621,CTOL.655.16,0.267304,CAGD.506.56,0.266915,CTOL.633.74,0.250293
2078,KoeD122.91r.1.txt,canon_unlabelled/KoeD122.91r.1.txt,"Caesarius, Sermo 2, ammonitio (ed. Morin, 18, lines 7–15)",0.252615,CTOL.636.7,0.251134,CHIP.393.2,0.232423,CSAR.347.2,0.230297,CSAR.347.3,0.223131,CAGD.506.26,0.219322,CARL.314.14,0.215994,CHIP.393.7,0.212681,CVER.755.11,0.203553,Can.apost.43,0.194225
2079,KoeD122.91v.1.txt,canon_unlabelled/KoeD122.91v.1.txt,CTUR.439.3,0.25329,CTOL.527.5,0.238351,CARL.501?.8,0.23574,CEPA.517.4,0.233008,CAGD.506.35,0.230862,CTUR.439.6,0.21701,CORA.441.28,0.201903,CTOL.638.3,0.196123,CMAC.585.2,0.194601,CTOL.656.3,0.186437
2080,KoeD122.91v.2.txt,canon_unlabelled/KoeD122.91v.2.txt,CNIC.325.20,0.768703,RPWO.758.1,0.198029,CTOL.589.0 Conc. Toletana III; anno 589; PL 84 col. 384-386; combined canons?,0.198019,Ephesians.5:22,0.182609,CTOL.638.2,0.181451,RPWO.758.8,0.176157,CGAN.355.17,0.175222,CNIC.325.14,0.17401,"Jerome, Comm.in IV ep.Paul., ad Tit. vers. 3:1–2 (PL 26, col. 590D)",0.169261,CTOU.567.19 (18),0.168222
2081,KoeD122.92r.1.txt,canon_unlabelled/KoeD122.92r.1.txt,CORL.511.26,0.745238,CTOL.633.18,0.366814,CAGD.506.44,0.301406,"Caesarius, Sermo 43.5 (ed. Morin, 192, lines 17–23)",0.300665,CAUX.561.10,0.299219,"cf. Poen. Theodori, capp. III.3, III.4, III.5; Wasserschleben, p. 204",0.296216,CTOL.633.4,0.254352,CRIZ.439.6,0.251199,CTOL.633.30,0.234631,Can.apost.13,0.227831
2082,KoeD122.92r.2.txt,canon_unlabelled/KoeD122.92r.2.txt,CORL.511.26,0.49816,CNIC.325.14,0.20695,CTAR.516.11,0.20487,CTOU.567.16 (15),0.19607,CTOL.397.11,0.18672,CNEO.315.5,0.186081,RPWO.758.5,0.180132,CTOL.633.30,0.179145,CTOL.633.17,0.171732,CAGD.506.12,0.171363
2083,KoeD122.92r.3.txt,canon_unlabelled/KoeD122.92r.3.txt,CTOL.589.15,0.752699,CTOL.397.7,0.215454,CTOL.589.8,0.210856,CTOL.633.69,0.195614,CTOL.589.18,0.187885,CHIP.393.13,0.181841,RPWO.758.17,0.181702,CHIP.393.18,0.180907,CANC.314.9,0.170489,CAGD.506.44,0.160741
2084,KoeD122.92v.1.txt,canon_unlabelled/KoeD122.92v.1.txt,CTOL.589.23,0.697222,CMAC.581.9,0.269634,CAGD.506.39,0.258921,CAUX.561.9,0.223039,CTOL.589.17,0.219262,CORL.541.29,0.218079,CANC.314.23,0.211968,CTOL.636.5,0.206504,CTOL.633.13,0.20182,CHIP.393.9,0.201457
2085,KoeD122.92v.2.txt,canon_unlabelled/KoeD122.92v.2.txt,CGAN.355.19,0.727181,CCHA.451.3,0.216951,"Isidore, De eccl.offic. 1.43 (ed. Lawson, 48, lines 16–20)",0.209463,"Gregory of Nazianzus- Rufinus, In semet.de agr.regr. 13 (ed. Engelbrecht, 182, lines 9–11)",0.206588,Can.apost.41,0.201416,"Gregorius Magnus, Hom.in ev. 2.39 (ed. Étaix, 381, lines 45–49)",0.194346,"Unidentified, but cf. Jerome, Epistola 107, ad Laetam (ed. Hilberg, II, 301, lines 6–8)",0.189516,"Gratian, D. 5 de cons. c. 19",0.189446,CANT.328.25,0.182635,"(ed. MOMMSEN, as Gildas, Epist.deperd.fragm. 1, in Chronica minora, 86, lines 1–10; trans. WINTERBOTTOM, Gildas, 80)",0.177531
2086,KoeD122.93r.1.txt,canon_unlabelled/KoeD122.93r.1.txt,CLAO.300.51,0.941114,CLAO.300.52,0.359447,CTOL.633.10,0.283782,CTOU.567.18 (17),0.270508,CORL.511.31,0.258852,CTOL.656.1,0.257705,CLAO.300.58,0.255266,CORL.511.27,0.234548,CAGD.506.63,0.230561,CTOL.589.22,0.227381
2087,KoeD122.93r.2.txt,canon_unlabelled/KoeD122.93r.2.txt,CLAO.300.58,0.907737,CLAO.300.26,0.250205,CGAN.355.7,0.237257,CLAO.300.51,0.236345,CLAO.300.20,0.205889,CAGD.506.4,0.203485,CANC.314.16,0.183469,CNIC.325.11,0.179582,CGAN.355.4,0.175335,CNEO.315.13,0.171516
2088,KoeD122.93r.3.txt,canon_unlabelled/KoeD122.93r.3.txt,CHIP.393.3,0.704015,CNIC.325.14,0.418037,CNEO.315.5,0.309018,CORA.441.17,0.302802,CTOL.633.23,0.190124,CORL.511.25,0.185184,CANT.328.7,0.176169,CSAR.347.6,0.175453,CNEO.315.6,0.171146,CAUX.561.18,0.168893
2089,KoeD122.93v.1.txt,canon_unlabelled/KoeD122.93v.1.txt,CANT.328.8,0.244201,CTOL.633.17,0.232602,CTOL.633.64,0.224183,CTOL.655.6,0.222866,CORA.441.10,0.211079,Can.apost.11,0.20736,Can.apost.40,0.204406,CORL.511.31,0.201103,CAGD.506.18,0.196882,CTOL.589.3,0.195938
2090,KoeD122.93v.2.txt,canon_unlabelled/KoeD122.93v.2.txt,CORA.441.1,0.282723,CTOL.636.6,0.233035,CORA.441.14,0.230072,CNEO.315.12,0.229439,CANC.314.5,0.225671,CTOL.646.6,0.199853,CARL.501?.11,0.191891,RPWO.758.15,0.191541,"Gregorius Nazianzus-Rufinus, Apologeticus 72 (ed. Engelbrecht, 56, lines 20–3",0.184669,CORA.441.13,0.183383
2091,KoeD122.94r.1.txt,canon_unlabelled/KoeD122.94r.1.txt,CNEO.315.6,0.780512,CNIC.325.14,0.194786,CHIP.393.32,0.181163,CORA.441.17,0.178376,CORA.441.2,0.17748,CNEO.315.5,0.174355,CORA.441.11,0.152757,Can.apost.47,0.151127,CGAN.355.4,0.148591,CARL.501?.16,0.148002
2092,KoeD122.94v.1.txt,canon_unlabelled/KoeD122.94v.1.txt,CHIP.393.39,0.646941,CHIP.393.37,0.303619,CNEO.315.6,0.259105,CHIP.393.32,0.25499,CARL.314.9,0.232918,"Caesarius, Sermo 43.3 (ed. Morin, 191, lines 13–19)",0.222233,CORA.441.2,0.219243,CTOL.633.6,0.217729,Can.apost.47,0.201334,CNIC.325.19,0.200303
2093,KoeD122.94v.2.txt,canon_unlabelled/KoeD122.94v.2.txt,Can.apost.47,0.29171,CAGD.506.44,0.230265,CORA.441.2,0.221666,Can.apost.17,0.202756,CANC.314.11,0.198724,CANT.328.16,0.197689,CNEO.315.11,0.19687,CAGD.506.51,0.194089,CAUX.561.23,0.192188,CNEO.315.2,0.184696
2094,KoeD122.95r.1.txt,canon_unlabelled/KoeD122.95r.1.txt,CARL.501?.11,0.270315,CNIC.325.11,0.256784,CHIP.393.37,0.23678,CANC.314.7,0.236645,CORA.441.27,0.1838,CTOL.655.13,0.182465,CARL.314.12,0.179906,CTOL.636.6,0.176926,CNIC.325.19,0.175641,CTOL.589.1,0.172135
2095,KoeD122.95r.2.txt,canon_unlabelled/KoeD122.95r.2.txt,CORA.441.2,0.34266,CTOL.397.20,0.275405,CTOL.633.6,0.245095,CORA.441.1,0.23966,"cf. Poen. Theodori, capp. III.3, III.4, III.5; Wasserschleben, p. 204",0.227735,CCHL.647.12,0.213714,CSOI.744.3,0.211962,Can.apost.50,0.209702,CARL.314.9,0.206541,CHIP.393.39,0.199867
2096,KoeD122.95v.1.txt,canon_unlabelled/KoeD122.95v.1.txt,"Ps.-Clemens–Rufinus, Recognitiones 6.18 (eds Rehm–Paschke, 155, lines 17–20)",0.302678,CNEO.315.12,0.274463,CTOL.646.1,0.22517,Can.apost.6,0.211129,CAGD.506.38,0.209259,CTOL.638.3,0.209243,CVAN.461.7,0.203496,CTOL.656.4,0.203313,CORA.441.13,0.196079,CTOL.633.6,0.191778
2097,KoeD122.96r.1.txt,canon_unlabelled/KoeD122.96r.1.txt,CORA.441.2,0.336935,CTOL.397.20,0.306948,"John Cassian, Collationes 20.8 (ed. Petschenig, p. 561, line 9–p. 562, line 4)",0.281257,CHIP.393.34,0.270552,CORA.441.1,0.243588,CAUX.561.6,0.243199,CSAV.859.12,0.243062,CVAI.442.6,0.227539,CHIP.393.39,0.212414,"Gregorius Magnus, Hom.in ev. 2.26 (ed. Étaix, 222, lines 116–19) Ps (G) 50:19",0.202088
2098,KoeD122.97r.1.txt,canon_unlabelled/KoeD122.97r.1.txt,Can.apost.50,0.279468,CTOL.633.6,0.268237,RPWO.758.15,0.241379,CTOL.655.2,0.220545,CTOL.589.20,0.218659,CORL.541.19,0.217604,CORA.441.19,0.211157,CHIP.393.39,0.209964,Can.apost.34,0.201742,CORL.511.19,0.199517
2099,KoeD122.97v.1.txt,canon_unlabelled/KoeD122.97v.1.txt,CORA.441.13,0.909589,CORA.441.14,0.647399,"Ps.-Clemens–Rufinus, Recognitiones 6.18 (eds Rehm–Paschke, 155, lines 17–20)",0.230396,CHIP.393.39,0.22003,CTOL.638.19,0.217927,CVAN.461.7,0.184595,CHIP.393.32,0.183228,CTOL.636.9,0.17729,CVAI.442.7,0.175891,CTOL.646.5,0.175841
2100,KoeD122.97v.2.txt,canon_unlabelled/KoeD122.97v.2.txt,CORA.441.14,0.583444,CAGD.506.50 (addit.),0.207086,CORL.538.32,0.188363,"Ps.-Clemens–Rufinus, Recognitiones 6.18 (eds Rehm–Paschke, 155, lines 17–20)",0.18212,CAUX.561.36,0.175444,CARL.314.6,0.173264,Can.apost.20,0.171407,Can.apost.41,0.163875,CCHA.451.8,0.16316,CARL.314.14,0.160524
2101,KoeD122.98r.1.txt,canon_unlabelled/KoeD122.98r.1.txt,CORA.441.14,0.294056,Ephesians.6:1,0.245857,Colossians.3:21;cf.Ephesians.6:4,0.245857,CARL.501?.23,0.213398,CARL.501?.25,0.182628,Can.apost.46,0.179293,CORA.441.6,0.175173,CMAC.581.7,0.17183,CTOL.397.5,0.169745,CORL.511.1,0.163344
2102,KoeD122.98r.2.txt,canon_unlabelled/KoeD122.98r.2.txt,CORA.441.14,0.475232,CTOL.397.5,0.250797,Can.apost.41,0.245688,CANT.328.25,0.236839,CORL.538.8,0.234396,CTOL.633.10,0.209041,CTOL.589.21,0.208464,CTOL.397.10,0.193167,CLYO.583.6,0.184434,Can.apost.49,0.179582
2103,KoeD122.98r.4.txt,canon_unlabelled/KoeD122.98r.4.txt,CLAO.300.52,0.268859,CLAO.300.51,0.255967,CTOU.567.18 (17),0.252574,"Gregory of Nazianzus- Rufinus, De Pentecoste et de spiritu sancto 2 (in Tyranni Rufini
orationum Gregorii Nazianzeni novem interpretatio, ed. Engelbrecht, 143, lines 8–16)",0.240755,CTOL.527.1,0.235261,CTOL.633.8,0.232286,CANT.328.23,0.22353,CAUX.561.22,0.223153,CNEO.315.,0.214664,CANT.328.20,0.212317
2104,KoeD122.98v.1.txt,canon_unlabelled/KoeD122.98v.1.txt,CTOL.646.2,0.292129,CTOL.646.5,0.28899,CTOL.656.4,0.286983,CTOL.646.1,0.278975,CTOL.638.8,0.27136,Can.apost.17,0.251849,CTOL.656.6,0.24962,CNEO.315.12,0.241267,CARL.501?.7,0.228278,CRIZ.439.3,0.225527
2105,KoeD122.99r.1.txt,canon_unlabelled/KoeD122.99r.1.txt,RPCO.757.2,0.281576,CTOL.646.5,0.244752,CTOL.655.9,0.232715,CANC.314.13,0.232194,CARL.314.14,0.227969,CTOL.636.3,0.225322,CTOL.527.2,0.222494,Can.apost.33,0.219187,CTOL.646.1,0.217739,CARL.501?.7,0.213185
2106,KoeD122.99r.2.txt,canon_unlabelled/KoeD122.99r.2.txt,CTOL.633.19,0.331531,Can.apost.29,0.320102,CORA.441.15,0.283216,CTOL.646.1,0.271595,CTOL.638.4,0.270267,CTOL.397.2,0.265508,DSIR.384.255  cap. 13,0.259103,CTOL.646.5,0.257869,CTOL.527.1,0.253698,CANC.314.3,0.246641
2107,KoeD122.99v.1.txt,canon_unlabelled/KoeD122.99v.1.txt,CTOL.646.2,0.290299,CGAN.355.19,0.258459,CANC.314.16,0.237885,CTOL.646.1,0.22703,CNEO.315.10,0.22179,"(ed. MOMMSEN, as Gildas, Epist.deperd.fragm. 7, in Chronica minora, 88, lines 13–24; trans. WINTERBOTTOM,
Gildas, 82)",0.221472,RPWO.758.15,0.219734,Can.apost.29,0.219322,"Gregory of Nazianzus- Rufinus, In semet.de agr.regr. 13 (ed. Engelbrecht, 182, lines 9–11)",0.213996,CTOL.633.6,0.211176
2108,KoeD213.27r.1.txt,canon_unlabelled/KoeD213.27r.1.txt,CNEO.315.6,0.206321,"(ed. MOMMSEN, as Gildas, Epist.deperd.fragm. 3, in Chronica minora, 86, lines 21–4; trans. WINTERBOTTOM, Gildas, 80)",0.200101,CNEO.315.13,0.192474,CTOL.633.28,0.185226,CNEO.315.3,0.17445,CTOL.633.71,0.173939,CAUX.561.6,0.172836,"(ed. MOMMSEN, as Gildas, Epist.deperd.fragm. 3, in Chronica minora, 86, lines 17–21; trans. WINTERBOTTOM, Gildas, 80)",0.170994,CNIC.325.9,0.15889,"Jerome, Comm.in IV ep.Paul., ad Tit. vers. 3:1–2 (PL 26, col. 590D)",0.151835
2109,KoeD213.32r.1.txt,canon_unlabelled/KoeD213.32r.1.txt,CSAR.347.9,0.326955,CTUR.439.6,0.306589,CHIP.393.38,0.297661,CSAR.347.10,0.291909,CTOL.636.9,0.290375,CARL.501?.18,0.244424,CTOL.636.7,0.243619,CTOL.638.19,0.23949,CTOL.655.17,0.234388,CSAR.347.21,0.231823
2110,KoeD213.36r.1.txt,canon_unlabelled/KoeD213.36r.1.txt,CTOL.633.2,0.286064,CTOL.633.6,0.228215,CTOL.633.27,0.2239,CARL.501?.17,0.220101,CSEV.619.10,0.212756,CTOL.638.1,0.204514,CTOL.633.14,0.198701,RPWO.758.1,0.195582,Can.apost.13,0.192681,CTOL.655.17,0.185433
2111,KoeD213.36v.1.txt,canon_unlabelled/KoeD213.36v.1.txt,CGAN.355.9,0.284975,CTOL.589.10,0.268819,CANC.314.9,0.251404,CNIC.325.18,0.233412,CANC.314.2,0.209315,CHIP.393.18,0.197962,DSIR.384.255 cap 7,0.196713,CARL.314.13,0.18638,CLAO.300.20,0.183214,CAUX.561.5,0.179126
2112,KoeD213.37r.1.txt,canon_unlabelled/KoeD213.37r.1.txt,"Augustine, Serm.de vet.test. 9.20 (ed. Lambot, 146, line 694–96)",0.17862,CTOL.638.18,0.174336,CTOL.633.33,0.17138,CMAC.585.1,0.169418,CANT.328.11,0.166426,CNIC.325.17,0.156583,CAGD.506.56,0.154884,CORL.511.2,0.150173,"(ed. MOMMSEN, as Gildas, Epist.deperd.fragm. 6, in Chronica minora, 88, lines 11–12; trans. WINTERBOTTOM,
Gildas, 82)",0.149447,"(ed. WARE, S. Patricio adscripta opuscula, 47) 
Source unidentified",0.145581
2113,KoeD213.37r.2.txt,canon_unlabelled/KoeD213.37r.2.txt,CNIC.325.17,0.249683,CTOL.633.6,0.228439,CMEA.845.60,0.21107,CARL.314.13,0.202736,CTOL.646.1,0.200995,CNIC.325.15,0.19173,CNIC.325.19,0.190515,Can.apost.12,0.185804,"(ed. MOMMSEN, as Gildas, Epist.deperd.fragm. 4, in Chronica minora, 87, lines 19–35; trans. WINTERBOTTOM, Gildas, 81)",0.184916,CSEV.619.10,0.180528
2114,KoeD213.37v.1.txt,canon_unlabelled/KoeD213.37v.1.txt,CSAR.347.19,0.264872,CSAR.347.18,0.253528,CORA.441.2,0.253199,CSAR.347.9,0.23809,CTOL.527.5,0.217389,CSAR.347.11,0.21665,Stat.Eccl.Antiq. 20,0.207066,CTOL.397.20,0.20381,CVAI.442.6,0.202173,CHIP.393.2,0.200916
2115,KoeD213.37v.2.txt,canon_unlabelled/KoeD213.37v.2.txt,CHIP.393.38,0.280305,CSAR.347.9,0.27017,CSAR.347.12,0.262683,CSAR.347.18,0.236625,CAGD.506.35,0.230866,CNEO.315.2,0.227132,CVAI.442.6,0.224731,"Caesarius, Sermo 192.4 (ed. Morin, 781, lines 7–9)",0.206004,CNEO.315.7,0.193433,CORL.511.31,0.19108
2116,KoeD213.38r.1.txt,canon_unlabelled/KoeD213.38r.1.txt,CCHA.451.21,0.287558,CTOL.638.11,0.254659,CSAR.347.8,0.240425,CGAN.355.1,0.234479,CAGD.506.37,0.222263,CARL.501?.25,0.210694,CORL.511.16,0.203277,CTOL.633.24,0.195305,"(ed. MOMMSEN, as Gildas, Epist.deperd.fragm. 3, in Chronica minora, 86, lines 17–21; trans. WINTERBOTTOM, Gildas, 80)",0.191468,CANC.314.3,0.18704
2117,KoeD213.38r.2.txt,canon_unlabelled/KoeD213.38r.2.txt,CVAL.374.4,0.223736,CHIP.393.10,0.211731,CHIP.393.28,0.210478,CMAC.585.3,0.199536,CNIC.325.5,0.179565,CANT.328.8,0.178746,CARL.501?.25,0.176457,CANC.314.15,0.172804,CAGD.506.37,0.168471,CANC.314.18,0.165662
2118,KoeD213.38r.3.txt,canon_unlabelled/KoeD213.38r.3.txt,CHIP.393.38,0.237709,CSAR.347.5,0.232135,CSAR.347.7,0.195315,"Augustine, De serm.dom.in monte, 1.20.63 (ed. Mutzenbecher, 72, lines 1569–82)",0.181577,"John Cassian, Collationes 20.8 (ed. Petschenig, p. 561, line 9–p. 562, line 4)",0.178413,CHIP.393.6,0.17789,CNIC.325.2,0.164223,Can.apost.9,0.163555,"Source unidentified, but cf. Eucherius of Lyon, Instructionum ad Salonium libri II, lib. 2 (ed. C.
Mandolfo, CCSL 66 [Turnhout, 2004], 201–03, lines 263–65)",0.16333,CSAR.347.17,0.157592
2119,KoeD213.38v.1.txt,canon_unlabelled/KoeD213.38v.1.txt,CTOL.397.11,0.178721,CTOL.633.58,0.164461,CNIC.325.14,0.152178,CSAR.347.3,0.151807,Can.apost.34,0.15066,DSIR.384.255  cap. 13,0.147935,CTUR.439.6,0.143296,CTOL.633.7,0.143238,CORL.511.31,0.140835,Can.apost.5,0.135127
2120,KoeD213.39r.1.txt,canon_unlabelled/KoeD213.39r.1.txt,CHIP.393.38,0.342104,CSAR.347.18,0.268969,CSAR.347.5,0.246323,"Ps.-Clemens-Rufinus, Recognitiones 2.72 (eds Rehm–Paschke, 94,
lines 4–8)",0.237995,CSAR.347.14,0.234307,CANT.328.22,0.227453,CSAR.347.7,0.22175,CNIC.325.4,0.217825,CSAR.347.12,0.211997,Can.apost.36,0.209123
2121,KoeD213.39r.2.txt,canon_unlabelled/KoeD213.39r.2.txt,RPCO.757.9,0.273096,CHIP.393.38,0.241626,CHIP.393.5,0.240865,"Jerome, De perpetua virginitate beatae Mariae, adversus Helvidium, c. 4 (in PL 23, cols
186C–87A)",0.226215,"Caesarius, Sermo 43.5 (ed. Morin, 192, lines 17–23)",0.225321,CTOL.397.11,0.221117,CANT.328.8,0.217183,CSAR.347.12,0.203952,"Source unidentified, but cf. Eucherius of Lyon, Instructionum ad Salonium libri II, lib. 2 (ed. C.
Mandolfo, CCSL 66 [Turnhout, 2004], 201–03, lines 263–65)",0.197594,Unidentified,0.196142
2122,KoeD213.39v.1.txt,canon_unlabelled/KoeD213.39v.1.txt,CHIP.393.9,0.633341,CHIP.393.10,0.491916,CHIP.393.28,0.255667,"(ed. MOMMSEN, as Gildas, Epist.deperd.fragm. 6, in Chronica minora, 88, lines 11–12; trans. WINTERBOTTOM,
Gildas, 82)",0.242084,CTOL.633.31,0.238548,CANT.328.14,0.229623,CMAC.581.7,0.22863,CORL.538.32,0.223694,CAGD.506.32,0.222132,CHIP.393.7,0.217042
2123,KoeD213.39v.2.txt,canon_unlabelled/KoeD213.39v.2.txt,CHIP.393.11,0.678383,CAGD.506.39,0.348064,CORL.538.32,0.249001,CANC.314.23,0.236497,CTOL.589.23,0.223014,CCHA.451.3,0.219509,CAGD.506.32,0.213207,Can.apost.18,0.208853,CTOL.633.56,0.205128,CTOL.397.6,0.20054
2124,KoeD213.39v.3.txt,canon_unlabelled/KoeD213.39v.3.txt,CHIP.393.15,0.521816,CCHA.451.3,0.378806,CORL.538.32,0.282406,CCHA.451.4,0.227195,CCHA.451.2,0.226326,CAGD.506.32,0.223118,CCHA.451.9,0.210725,CTOL.633.19,0.197079,CCHL.647.15,0.192712,CNIC.325.12,0.181508
2125,KoeD213.39v.4.txt,canon_unlabelled/KoeD213.39v.4.txt,CHIP.393.18,0.567101,CTOL.589.10,0.325229,CANC.314.9,0.275155,CTOL.655.8,0.253314,Can.apost.27,0.245291,CLAO.300.23,0.219833,CORL.541.6,0.212441,CTOL.656.6,0.203404,CTOL.638.5,0.198935,CTOL.397.3,0.198218
2126,KoeD213.40r.1.txt,canon_unlabelled/KoeD213.40r.1.txt,CHIP.393.22,0.598741,"Source unidentified, but cf. Augustine, In Iohannis euangelium tractatus, tract. 73.1 (ed. R. Willems,
CCSL 36 [Turnhout, 1954], 510, lines 23–4)",0.267358,CSAR.347.6,0.263295,CNIC.325.17,0.25778,CCHA.451.2,0.25344,CTOL.655.5,0.219435,DSIR.384.255  cap. 11,0.210575,CTOL.397.5,0.19616,CANC.314.14,0.194066,CTOL.633.37,0.193824
2127,KoeD213.40r.2.txt,canon_unlabelled/KoeD213.40r.2.txt,CNEO.315.11,0.274835,CHIP.393.1,0.272707,CNEO.315.,0.241864,CORL.541.6,0.211031,CANT.328.17,0.20763,CHIP.393.18,0.196087,CTOL.397.3,0.191588,CORL.511.28,0.188804,DSIR.384.255  cap. 13,0.182738,Can.apost.27,0.182222
2128,KoeD213.40r.3.txt,canon_unlabelled/KoeD213.40r.3.txt,CNIC.325.6,0.239616,CHIP.393.37,0.233585,CNIC.325.11,0.219891,Unidenfied,0.215436,Capit.Martini.2,0.210154,CANT.328.8,0.210005,CANT.328.9,0.209191,CHIP.393.27,0.2088,CNEO.315.13,0.202846,CORL.511.16,0.192723
2129,KoeD213.40r.4.txt,canon_unlabelled/KoeD213.40r.4.txt,CHIP.393.2,0.677984,CANT.328.13,0.216608,CNIC.325.10,0.199355,CANT.328.19,0.199104,RPWO.758.14,0.198555,CLAO.300.13,0.192125,Can.apost.27,0.187618,CANC.314.12,0.181756,Can.apost.1,0.169717,CAGD.506.39,0.168666
2130,KoeD213.40r.5.txt,canon_unlabelled/KoeD213.40r.5.txt,CHIP.393.4,0.642734,CTOL.589.22,0.330976,CAUX.561.12,0.227634,CANT.328.23,0.189076,"Eusebius-Rufinus, HE 10.5 (eds Mommsen–Schwartz, II, 963, line 21)",0.182608,CAUX.561.14,0.169855,CTOL.397.14,0.158462,CTOL.646.3,0.154971,"Augustine, De serm.dom.in monte, 1.20.63 (ed. Mutzenbecher, 72, lines 1569–82)",0.149732,CNIC.325.1,0.149423
2131,KoeD213.40v.1.txt,canon_unlabelled/KoeD213.40v.1.txt,CHIP.393.5,0.345387,CNIC.325.5,0.302131,CANT.328.20,0.26446,CNIC.325.20,0.243076,CSAR.347.6,0.228513,CTOL.589.18,0.228075,CNIC.325.8,0.226533,CCHA.451.1,0.225236,CHIP.393.2,0.204555,CTOL.633.23,0.199281
2132,KoeD213.40v.2.txt,canon_unlabelled/KoeD213.40v.2.txt,CHIP.393.6,0.685349,CHIP.393.7,0.670313,CGAN.355.1,0.308078,CTOL.638.11,0.284716,CSAR.347.7,0.278748,CSAR.347.3,0.275338,CHIP.393.8,0.272571,"Ambrose, De spirit.sanct.3.6 (ed. Faller, 164–65, lines 12–22) Source (et ideo ... caritatis affectu)",0.248675,CARL.501?.18,0.241858,CANT.328.14,0.237738
2133,KoeD213.41r.1.txt,canon_unlabelled/KoeD213.41r.1.txt,CHIP.393.8,0.632836,CGAN.355.1,0.333881,CCHA.451.21,0.326438,CTOL.638.11,0.317375,CHIP.393.6,0.289375,CANT.328.14,0.255222,CHIP.393.7,0.239697,CVAI.442.7,0.226604,CORL.511.2,0.214543,CHIP.393.20,0.206328
2134,KoeD213.41v.1.txt,canon_unlabelled/KoeD213.41v.1.txt,CHIP.393.12,0.80479,Can.apost.46,0.331184,CLAO.300.32,0.326517,Can.apost.12,0.287305,CLAO.300.12,0.280138,CLAO.300.10,0.263153,CNIC.325.8,0.248572,CTOL.633.58,0.247788,CHIP.393.14,0.239482,Can.apost.45,0.235767
2135,KoeD213.41v.2.txt,canon_unlabelled/KoeD213.41v.2.txt,CHIP.393.14,0.864871,CHIP.393.12,0.289463,CTOL.655.4,0.286453,CTOL.633.38,0.285856,CTOL.633.63,0.280519,Capit.Martini.61,0.269874,CTOL.633.64,0.236777,Can.apost.46,0.234732,CLAO.300.29,0.234422,CTOL.589.14,0.232126
2136,KoeD213.41v.3.txt,canon_unlabelled/KoeD213.41v.3.txt,CHIP.393.27,0.794576,CAGD.506.52,0.245843,CNIC.325.4,0.238665,CAUX.561.6,0.233324,CHIP.393.34,0.222881,CHIP.393.25,0.216714,CANT.328.8,0.206953,CEPA.517.22,0.206875,CCHA.451.11,0.184733,CLAO.300.41,0.183666
2137,KoeD213.41v.4.txt,canon_unlabelled/KoeD213.41v.4.txt,CHIP.393.36,0.839016,Unidenfied,0.358808,"Augustine, De serm.dom.in monte, 1.20.63 (ed. Mutzenbecher, 72, lines 1569–82)",0.326274,Unidentified,0.299505,CLAO.300.12,0.290799,"Source unidentified, but cf. Ambrosiaster, Comm.in Pauli epist., ad Rom. (recensio gamma), vers. 7:24–5 (ed. Vogels, I, 245, lines 19–21)",0.288406,CTOL.633.13,0.274952,CVAI.442.4,0.252929,CANT.328.20,0.23373,CTOL.633.17,0.231121
2138,KoeD213.42r.1.txt,canon_unlabelled/KoeD213.42r.1.txt,CANT.328.1,0.253811,CNIC.325.6,0.23834,CNIC.325.8,0.236775,Can.apost.2,0.225088,CNIC.325.16,0.214841,Can.apost.12,0.213015,CMAC.585.3,0.209852,CANC.314.3,0.200165,CTOL.633.56,0.198893,CNIC.325.18,0.198662
2139,KoeD213.42v.1.txt,canon_unlabelled/KoeD213.42v.1.txt,Pen. Theod. Can. Greg.; Wasserschleben p.162,0.271034,CARL.501?.18,0.243881,RPWO.758.9,0.243346,CSAR.347.5,0.240698,CTOL.589.18,0.232432,CMAC.585.12,0.228554,CMAC.585.1,0.213906,CSAR.347.6,0.204533,CHIP.393.38,0.200238,CHIP.393.7,0.199319
2140,KoeD213.42v.2.txt,canon_unlabelled/KoeD213.42v.2.txt,CANC.314.3,0.239469,CNIC.325.10,0.231869,CTOL.633.71,0.208264,CHIP.393.30,0.204742,CVAI.442.2,0.191975,CNEO.315.10,0.183688,CARL.314.2,0.18348,CNIC.325.11,0.176061,CNEO.315.9,0.172178,Can.apost.17,0.166908
2141,KoeD213.42v.3.txt,canon_unlabelled/KoeD213.42v.3.txt,CORA.441.15,0.32108,CNIC.325.10,0.241058,Can.apost.21,0.228242,CNIC.325.2,0.22545,CLAO.300.13,0.221418,CAGD.506.27; anno 506,0.217133,CARL.501?.25,0.212524,CANT.328.13,0.205137,CTOL.633.46,0.201885,Can.apost.33,0.190157
2142,KoeD213.42v.4.txt,canon_unlabelled/KoeD213.42v.4.txt,CSAR.347.5,0.24621,CANT.328.14,0.219698,CSAR.347.7,0.201286,CHIP.393.28,0.199787,CAUX.561.6,0.186966,CLYO.583.6,0.185449,CHIP.393.27,0.182264,CNEO.315.13,0.181379,Unidenfied,0.179519,CSAR.347.8,0.175473
2143,KoeD213.43r.1.txt,canon_unlabelled/KoeD213.43r.1.txt,CNIC.325.5,0.336094,Can.apost.11,0.335344,CNIC.325.16,0.232763,Unidenfied,0.215944,Can.apost.13,0.205346,Can.apost.6,0.203777,CLAO.300.12,0.194489,CNIC.325.9,0.190991,Can.apost.12,0.184619,CORL.541.29,0.181608
2144,KoeD213.43r.2.txt,canon_unlabelled/KoeD213.43r.2.txt,CGAN.355.1,0.393357,CTOL.638.11,0.340196,CCHA.451.21,0.307486,CVAI.442.7,0.257012,CGAN.355.20,0.245203,CHIP.393.8,0.229278,CHIP.393.6,0.219628,Can.apost.47,0.194193,CHIP.393.7,0.191894,CVAN.461.8,0.18846
2145,KoeD213.43r.3.txt,canon_unlabelled/KoeD213.43r.3.txt,CNIC.325.16,0.249533,CANC.314.2,0.243872,CLAO.300.20,0.234676,CLAO.300.28,0.222594,CARL.314.21,0.213818,CANC.314.17,0.20447,CTOL.655.16,0.20366,CTOL.633.33,0.20222,CCHA.451.10,0.201985,CCHA.451.6,0.187035
2146,KoeD213.43r.4.txt,canon_unlabelled/KoeD213.43r.4.txt,CNIC.325.11,0.240541,CANC.314.15,0.238495,CANC.314.4,0.227407,CORA.441.15,0.222843,CLAO.300.12,0.197723,CGAN.355.19,0.197226,CTOL.527.1,0.19627,DSIR.384.255  cap. 13,0.194674,CNIC.325.17,0.191341,CTOL.633.38,0.185377
2147,KoeD213.43v.1.txt,canon_unlabelled/KoeD213.43v.1.txt,CANC.314.14,0.279647,CNEO.315.7,0.234531,Can.apost.2,0.225183,CHIP.393.29,0.204824,CANC.314.7,0.187582,CCHA.451.25,0.17793,Can.apost.45,0.173494,CNIC.325.11,0.172795,CARL.501?.7,0.171747,CNIC.325.4,0.168374
2148,KoeD213.43v.2.txt,canon_unlabelled/KoeD213.43v.2.txt,CLAO.300.45,0.223872,CTOL.655.7,0.215797,CTOL.633.68,0.158301,Can.apost.40,0.154402,Can.apost.6,0.149951,CARL.314.20,0.141323,Can.apost.29,0.139068,CARL.501?.22,0.137284,Can.apost.35,0.13665,CAGD.506.44,0.135793
2149,KoeD213.43v.3.txt,canon_unlabelled/KoeD213.43v.3.txt,CHIP.393.27,0.282554,CSAR.347.5,0.247707,CTUR.439.6,0.245449,CSAR.347.7,0.235368,CTOL.636.9,0.233482,CEPA.517.19,0.230056,"John Cassian, Collationes 20.8 (ed. Petschenig, p. 561, line 9–p. 562, line 4)",0.224168,CVAL.374.4,0.223051,Unidenfied,0.22093,Unidentified,0.215894
2150,KoeD213.51v.9.txt,canon_unlabelled/KoeD213.51v.9.txt,CCHA.451.2,0.550598,CARL.501?.14,0.372563,CNIC.325.17,0.296551,Can.apost.30,0.28883,CSAR.347.13,0.236762,CCHA.451.3,0.223659,Can.apost.9,0.220606,CHIP.393.22,0.192959,Can.apost.22,0.186718,CTOL.638.4,0.183584
2151,KoeD213.52r.1.txt,canon_unlabelled/KoeD213.52r.1.txt,CCHA.451.21,0.483127,CGAN.355.1,0.425035,CTOL.638.11,0.272752,CANT.328.14,0.268876,Can.apost.12,0.253831,CORL.538.32,0.236972,CCHA.451.9,0.219332,CAUX.561.35,0.204625,Can.apost.47,0.20334,CANC.314.3,0.200965
2152,KoeD213.52r.2.txt,canon_unlabelled/KoeD213.52r.2.txt,CCHA.451.3,0.625557,CCHA.451.4,0.302825,CANC.314.23,0.293093,Capit.Martini.16,0.291155,Can.apost.7,0.283433,CORL.538.32,0.279239,Can.apost.41,0.277106,CCHA.451.26,0.259071,CTOL.633.56,0.24229,CCHA.451.9,0.240963
2153,KoeD213.52v.1.txt,canon_unlabelled/KoeD213.52v.1.txt,CCHA.451.4,0.580406,CANT.328.23,0.236884,CSAR.347.14,0.229002,CNEO.315.3,0.223352,CANC.314.3,0.217576,CNIC.325.12,0.20144,CAGD.506.38,0.196698,CNIC.325.4,0.193889,CCHA.451.7,0.191047,CNIC.325.5,0.189565
2154,KoeD213.53r.1.txt,canon_unlabelled/KoeD213.53r.1.txt,CCHA.451.5,0.524657,CNEO.315.3,0.281397,CNIC.325.8,0.264177,CORL.538.5,0.255823,"(ed. MOMMSEN, as Gildas, Epist.deperd.fragm. 3, in Chronica minora, 86, lines 21–4; trans. WINTERBOTTOM, Gildas, 80)",0.209777,CARL.314.2,0.208544,CCHA.451.8,0.204437,CNIC.325.15,0.191957,RPWO.758.14,0.191789,CTOL.633.63,0.184016
2155,KoeD213.53r.2.txt,canon_unlabelled/KoeD213.53r.2.txt,CCHA.451.6,0.743864,CORL.538.32,0.248058,CANT.328.19,0.238832,CNIC.325.10,0.23221,CANC.314.9,0.229527,CCHA.451.10,0.227445,CANT.328.13,0.216315,CTOL.646.2,0.2038,CCHA.451.13,0.203289,CCHA.451.2,0.194152
2156,KoeD213.53r.3.txt,canon_unlabelled/KoeD213.53r.3.txt,CCHA.451.7,0.548419,CTOL.633.55,0.296487,CNIC.325.8,0.293038,CNIC.325.12,0.2644,CTOL.633.50,0.252013,CTOL.633.56,0.241467,CNIC.325.10,0.237866,CMEA.845.10,0.233152,CARL.501?.25,0.216974,CNIC.325.9,0.214491
2157,KoeD213.53v.1.txt,canon_unlabelled/KoeD213.53v.1.txt,CCHA.451.8,0.428089,CNIC.325.3,0.212804,CNIC.325.19,0.207448,CCHA.451.26,0.200448,CLAO.300.2,0.182955,CLYO.567.5,0.178147,CNIC.325.4,0.17754,CNIC.325.6,0.176859,"(ed. MOMMSEN, as Gildas, Epist.deperd.fragm. 3, in Chronica minora, 86, lines 17–21; trans. WINTERBOTTOM, Gildas, 80)",0.173869,DSIR.384.255 cap 7,0.172528
2158,KoeD213.53v.2.txt,canon_unlabelled/KoeD213.53v.2.txt,CCHA.451.9,0.533146,CSAR.347.7,0.358561,CAGD.506.32,0.3311,"Eusebius-Rufinus, HE 10.2 (eds Mommsen–Schwartz, II, 961, lines 10–19)",0.328681,CANT.328.14,0.314283,CSAR.347.3,0.298688,CAUX.561.35,0.280962,CSAR.347.10,0.274443,CSAR.347.4,0.266081,"Augustine, Serm.de vet.test. 9.20 (ed. Lambot, 146, line 694–96)",0.236422
2159,KoeD213.54r.1.txt,canon_unlabelled/KoeD213.54r.1.txt,CCHA.451.10,0.408528,CLAO.300.26,0.206156,CCHA.451.6,0.20491,CCHA.451.20,0.20484,CNIC.325.15,0.191004,CANC.314.5,0.19059,CNIC.325.8,0.180277,CANT.328.13,0.179648,CORA.441.23,0.174427,CNIC.325.2,0.168716
2160,KoeD213.54r.2.txt,canon_unlabelled/KoeD213.54r.2.txt,CCHA.451.11,0.405242,CANT.328.8,0.264852,CANT.328.11,0.252335,CANC.314.5,0.247461,CLAO.300.10,0.24629,CNEO.315.3,0.235088,CHIP.393.12,0.234154,CLAO.300.32,0.234018,CGAN.355.13,0.228989,CNEO.315.1,0.226537
2161,KoeD213.54r.3.txt,canon_unlabelled/KoeD213.54r.3.txt,CANT.328.9,0.434973,CNIC.325.4,0.294143,Can.apost.35,0.270279,CSAR.347.5,0.261521,CANT.328.11,0.256137,CCHA.451.17,0.250067,CANT.328.19,0.237671,CCHA.451.4,0.219596,CCHA.451.9,0.212347,CARL.501?.6,0.204087
2162,KoeD213.54v.1.txt,canon_unlabelled/KoeD213.54v.1.txt,CCHA.451.13,0.511984,CCHA.451.5,0.264891,Can.apost.15,0.218158,CANT.328.7,0.214552,CSAR.347.1,0.205082,CANT.328.3,0.197824,CGAN.355.14,0.19443,CGAN.355.13,0.192675,CANC.314.12,0.190116,CANT.328.8,0.187455
2163,KoeD213.54v.2.txt,canon_unlabelled/KoeD213.54v.2.txt,CHIP.393.12,0.467875,Can.apost.46,0.337708,CTOL.633.63,0.313894,CLAO.300.10,0.299598,Can.apost.45,0.298481,CNIC.325.8,0.284404,CLAO.300.32,0.269682,CORL.538.32,0.258694,CHIP.393.14,0.250784,CNIC.325.2,0.248636
2164,KoeD213.55r.1.txt,canon_unlabelled/KoeD213.55r.1.txt,CCHA.451.6,0.254689,CCHA.451.11,0.243136,CNEO.315.11,0.23212,CANC.314.9,0.226731,CTOL.527.1,0.218753,CCHA.451.2,0.210443,CNEO.315.12,0.189215,CORL.511.27,0.172648,CNEO.315.2,0.171709,CNEO.315.,0.169917
2165,KoeD213.55r.2.txt,canon_unlabelled/KoeD213.55r.2.txt,CCHA.451.16,0.665342,CTOL.589.10,0.28466,CGAN.355.9,0.25585,CSAV.859.12,0.2202,RPWO.758.2,0.200772,CTOL.589.4,0.196683,CNEO.315.2,0.191864,CANC.314.9,0.190043,CTUR.439.4,0.188716,CTOL.633.50,0.183278
2166,KoeD213.55r.3.txt,canon_unlabelled/KoeD213.55r.3.txt,CCHA.451.17,0.374894,CANC.314.12,0.258808,CANT.328.9,0.237224,CSAR.347.1,0.226925,CCHA.451.4,0.222089,CANC.314.3,0.217542,CNIC.325.4,0.213529,CANC.314.23,0.203783,CCHA.451.9,0.194568,CNIC.325.11,0.188131
2167,KoeD213.55v.1.txt,canon_unlabelled/KoeD213.55v.1.txt,CCHA.451.18,0.668633,"cf. Jerome, Epistola 22, ad Eustochium (ed. Hilberg, I, 160, line 3)",0.268496,CANC.314.3,0.263417,CTOL.633.31,0.22396,CNIC.325.15,0.21851,CTOL.589.17,0.212385,Can.apost.42,0.210399,CTOL.633.24,0.203268,"Caesarius, Sermo 43.5 (ed. Morin, 192, lines 2–7)",0.196056,CTOL.633.29,0.194679
2168,KoeD213.55v.2.txt,canon_unlabelled/KoeD213.55v.2.txt,CTOL.589.18,0.319924,CANC.314.23,0.220606,CHIP.393.2,0.205968,CAGD.506.35,0.200389,CANT.328.11,0.198458,CCHA.451.25,0.196669,CSAR.347.8,0.194842,CEPA.517.38,0.193383,CGAN.355.15,0.192928,CHIP.393.16,0.192295
2169,KoeD213.56r.1.txt,canon_unlabelled/KoeD213.56r.1.txt,CCHA.451.20,0.546057,Can.apost.13,0.305357,CANT.328.7,0.240991,CNIC.325.16,0.238006,CTOL.527.2,0.225523,CANT.328.5,0.213287,CCHA.451.10,0.212452,CANT.328.3,0.198048,Can.apost.10,0.187888,CANT.328.17,0.187611
2170,KoeD213.56r.2.txt,canon_unlabelled/KoeD213.56r.2.txt,CCHA.451.21,0.49101,Can.apost.47,0.269143,CGAN.355.1,0.265617,CTOL.638.11,0.263953,CANT.328.14,0.26335,CNIC.325.9,0.256797,CTOL.397.15,0.254034,Can.apost.12,0.240346,CHIP.393.20,0.239925,CORL.538.32,0.206777
2171,KoeD213.56r.3.txt,canon_unlabelled/KoeD213.56r.3.txt,CTOL.589.13,0.201214,Can.apost.14,0.198963,CTOL.636.4,0.181964,CORL.538.32,0.181309,CARL.501?.7,0.180177,Can.apost.22,0.17476,CANT.328.23,0.173154,CARL.314.20,0.172697,Can.apost.50,0.168878,CHIP.393.13,0.168435
2172,KoeD213.56r.4.txt,canon_unlabelled/KoeD213.56r.4.txt,CCHA.451.4,0.300896,CCHA.451.10,0.230766,CANT.328.1,0.217155,Can.apost.10,0.215464,CNIC.325.19,0.213236,CCHA.451.3,0.213146,CANT.328.2,0.212472,CTOL.646.6,0.206198,CORL.541.29,0.201536,CLAO.300.53,0.198082
2173,KoeD213.56v.1.txt,canon_unlabelled/KoeD213.56v.1.txt,CAGD.506.28,0.279758,CTOL.633.51,0.217652,CCHL.647.12,0.208753,CCHA.451.4,0.207806,CVER.755.11,0.201578,CVER.755.10,0.188819,CGAN.355.6,0.182782,CORL.549.19,0.180702,CGAN.355.15,0.176292,CARL.501?.16,0.16415
2174,KoeD213.56v.2.txt,canon_unlabelled/KoeD213.56v.2.txt,CCHA.451.25,0.602584,CCHA.451.26,0.252156,CANC.314.14,0.234942,CANT.328.24,0.211256,CANT.328.20,0.205235,CORL.511.27,0.195619,CLAO.300.12,0.193001,CCHA.451.3,0.189705,Can.apost.1,0.188647,"Unidentified, but cf. Jerome, Epistola 107, ad Laetam (ed. Hilberg, II, 301, lines 6–8)",0.188587
2175,KoeD213.57r.1.txt,canon_unlabelled/KoeD213.57r.1.txt,CCHA.451.26,0.554998,CANT.328.25,0.360418,Capit.Martini.16,0.33288,CANT.328.24,0.325239,Can.apost.39,0.306368,Can.apost.40,0.288446,Can.apost.41,0.281167,CNIC.325.16,0.260488,CCHA.451.25,0.248318,CGAN.355.7,0.240462
2176,KoeD213.57r.2.txt,canon_unlabelled/KoeD213.57r.2.txt,CNEO.315.13,0.259854,CNIC.325.19,0.243274,CNIC.325.18,0.23088,CNIC.325.1,0.227742,CNIC.325.16,0.227441,CNIC.325.15,0.227172,CAGD.506.50 (addit.),0.216142,CSAR.347.21,0.21307,CNIC.325.6,0.211669,CSAR.347.11,0.208408
2177,KoeD213.59r.6.txt,canon_unlabelled/KoeD213.59r.6.txt,CTOL.636.9,0.207172,CCHA.451.1,0.194385,CAGD.506.18,0.186989,CTOL.633.64,0.183655,CANT.328.15,0.180121,CTOL.633.68,0.175359,CARL.314.16,0.17089,RPWO.758.13,0.166014,CANC.314.24,0.163142,CTOL.646.6,0.162063
2178,KoeD213.59r.7.txt,canon_unlabelled/KoeD213.59r.7.txt,CARL.314.9,0.272405,CARL.501?.16,0.264194,CNIC.325.19,0.23362,CORL.511.20,0.227268,CORA.441.14,0.224876,CLAO.300.6,0.191556,CTOL.589.0 Conc. Toletana III; anno 589; PL 84 col. 384-386; combined canons?,0.188294,"(ed. MOMMSEN, as Gildas, Epist.deperd.fragm. 3, in Chronica minora, 86, lines 17–21; trans. WINTERBOTTOM, Gildas, 80)",0.188029,CTOL.633.28,0.187494,CTOL.589.1,0.183601
2179,KoeD213.59v.1.txt,canon_unlabelled/KoeD213.59v.1.txt,CNIC.325.6,0.372037,CCHA.451.17,0.315812,CANT.328.9,0.273934,CNEO.315.13,0.257259,CANT.328.10,0.23569,CCHA.451.9,0.231425,"John Cassian, Collationes, 5.24 (ed. Petschenig, 148, lines 14–21)",0.229368,CCHA.451.3,0.227573,CANC.314.12,0.225798,CANT.328.21,0.222762
2180,KoeD213.59v.2.txt,canon_unlabelled/KoeD213.59v.2.txt,CANT.328.4,0.190396,CANC.314.4,0.188917,CANT.328.1,0.179524,CARL.501?.24,0.177245,CORA.441.23,0.17412,"cf. Jerome, Epistola 22, ad Eustochium (ed. Hilberg, I, 160, line 3)",0.17031,CCHA.451.10,0.168678,CANC.314.3,0.166491,CNIC.325.8,0.164773,CANC.314.16,0.162293
2181,KoeD213.60r.1.txt,canon_unlabelled/KoeD213.60r.1.txt,CCHA.451.17,0.34806,CTOL.646.6,0.345584,CNIC.325.6,0.331359,CTOL.589.2,0.292332,CTOL.636.9,0.270881,CCHA.451.9,0.249807,CSAR.347.10,0.246308,Unidentified,0.232026,CCHA.451.5,0.226155,CANT.328.9,0.223089
2182,KoeD213.62v.14.txt,canon_unlabelled/KoeD213.62v.14.txt,CSAR.347.1,0.888214,CSAR.347.6,0.350643,CNIC.325.15,0.319266,CSAR.347.14,0.301597,CSAR.347.2,0.239292,"Augustine, De serm.dom.in monte, 1.20.63 (ed. Mutzenbecher, 72, lines 1569–82)",0.236049,CCHA.451.5,0.231073,CSAR.347.18,0.228508,CNIC.325.5,0.225337,CNIC.325.17,0.217813
2183,KoeD213.63r.1.txt,canon_unlabelled/KoeD213.63r.1.txt,CSAR.347.2,0.518828,CSAR.347.1,0.295873,CSAR.347.11,0.278301,CNIC.325.15,0.249865,CSAR.347.17,0.231291,CSAR.347.18,0.226786,CSAR.347.6,0.219914,CSAR.347.12,0.216745,CSAR.347.3,0.21384,"Gregorius Nazianzus-Rufinus, Apologeticus 73 (ed. Engelbrecht, 57, lines 7–9)",0.209804
2184,KoeD213.63r.2.txt,canon_unlabelled/KoeD213.63r.2.txt,CSAR.347.3,0.609197,CSAR.347.4,0.545147,CSAR.347.7,0.424439,CSAR.347.5,0.346203,"Eusebius-Rufinus, HE 10.2 (eds Mommsen–Schwartz, II, 961, lines 10–19)",0.311846,CANT.328.14,0.291002,"Gregorius Nazianzus-Rufinus, Apologeticus 73 (ed. Engelbrecht, 57, lines 7–9)",0.275302,CAGD.506.32,0.270283,CSAR.347.6,0.269477,Stat.Eccl.Antiq. 20,0.26835
2185,KoeD213.64r.1.txt,canon_unlabelled/KoeD213.64r.1.txt,CSAR.347.5,0.835553,CSAR.347.14,0.330594,CSAR.347.12,0.293656,CNIC.325.4,0.288958,Can.apost.36,0.277967,"Ps.-Clemens-Rufinus, Recognitiones 2.72 (eds Rehm–Paschke, 94,
lines 4–8)",0.269246,CAGD.506.63,0.262096,"Jerome, De perpetua virginitate beatae Mariae, adversus Helvidium, c. 4 (in PL 23, cols
186C–87A)",0.258705,Unidentified,0.25615,CSAR.347.20,0.248665
2186,KoeD213.64r.2.txt,canon_unlabelled/KoeD213.64r.2.txt,CSAR.347.6,0.768173,CSAR.347.1,0.31625,CSAR.347.5,0.293092,CHIP.393.38,0.26548,CNIC.325.8,0.260138,"Gregorius Nazianzus-Rufinus, Apologeticus 73 (ed. Engelbrecht, 57, lines 7–9)",0.259595,CCHA.451.5,0.233413,CSAR.347.8,0.229536,CVER.755.20,0.228634,CSAR.347.14,0.226248
2187,KoeD213.64v.1.txt,canon_unlabelled/KoeD213.64v.1.txt,CSAR.347.7,0.754513,CSAR.347.3,0.363586,CSAR.347.4,0.320651,CSAR.347.5,0.283664,Unidentified,0.271372,CSAR.347.9,0.26742,CAGD.506.32,0.254384,"Eusebius-Rufinus, HE 10.2 (eds Mommsen–Schwartz, II, 961, lines 10–19)",0.25329,CANT.328.14,0.252653,CGAN.355.1,0.243402
2188,KoeD213.64v.2.txt,canon_unlabelled/KoeD213.64v.2.txt,CSAR.347.8,0.840392,CSAR.347.9,0.33396,CSAR.347.10,0.319305,CSAR.347.5,0.273968,"Caesarius, Sermo 192.4 (ed. Morin, 781, lines 7–9)",0.249606,CANT.328.12,0.236639,CNIC.325.4,0.230058,"Augustine, De serm.dom.in monte, 1.20.63 (ed. Mutzenbecher, 72, lines 1569–82)",0.225475,CSAR.347.6,0.222636,CSAR.347.11,0.217525
2189,KoeD213.65r.1.txt,canon_unlabelled/KoeD213.65r.1.txt,CSAR.347.9,0.783818,CSAR.347.10,0.505755,CSAR.347.7,0.29601,CTOL.655.17,0.285663,CSAR.347.8,0.283572,CTUR.439.6,0.264793,CSAR.347.11,0.260509,"Eusebius-Rufinus, HE 10.5 (eds Mommsen–Schwartz, II, 963, line 21)",0.241163,CARL.501?.18,0.238026,CANT.328.11,0.232875
2190,KoeD213.65v.1.txt,canon_unlabelled/KoeD213.65v.1.txt,CSAR.347.10,0.545843,CSAR.347.8,0.356246,CNIC.325.11,0.238402,CANC.314.3,0.236393,CCHA.451.9,0.22356,Can.apost.40,0.206945,CANT.328.11,0.197962,CCHA.451.3,0.197523,Can.apost.41,0.189049,CHIP.393.15,0.182445
2191,KoeD213.66r.1.txt,canon_unlabelled/KoeD213.66r.1.txt,CSAR.347.11,0.676939,CSAR.347.9,0.362049,CHIP.393.6,0.311819,CSAR.347.14,0.302391,CSAR.347.7,0.255821,CSAR.347.10,0.253329,"Eusebius-Rufinus, HE 10.5 (eds Mommsen–Schwartz, II, 963, line 21)",0.243881,CSAR.347.5,0.240952,CSAR.347.2,0.23803,"Caesarius, Sermo 43.5 (ed. Morin, 192, lines 17–23)",0.237692
2192,KoeD213.66v.1.txt,canon_unlabelled/KoeD213.66v.1.txt,CSAR.347.12,0.651033,CSAR.347.6,0.269196,CSAR.347.8,0.257261,CSAR.347.9,0.244542,CSAR.347.14,0.234076,CTOL.589.18,0.22384,"Gregorius Nazianzus-Rufinus, Apologeticus 73 (ed. Engelbrecht, 57, lines 7–9)",0.223705,CSAR.347.10,0.222869,CVAI.442.6,0.213409,CHIP.393.2,0.20491
2193,KoeD213.66v.2.txt,canon_unlabelled/KoeD213.66v.2.txt,CSAR.347.13,0.680484,CNEO.315.12,0.323432,CCHA.451.2,0.287227,DSIR.384.255  cap. 13,0.286568,CVAI.442.8,0.27094,Can.apost.2,0.258432,CARL.501?.1,0.248162,Can.apost.9,0.234332,CNIC.325.5,0.231062,CCHA.451.11,0.225312
2194,KoeD213.67r.1.txt,canon_unlabelled/KoeD213.67r.1.txt,CSAR.347.14,0.73597,CSAR.347.15,0.325592,CAGD.506.63,0.324651,CSAR.347.5,0.322336,CSAR.347.1,0.308192,"Ps.-Clemens-Rufinus, Recognitiones 2.72 (eds Rehm–Paschke, 94,
lines 4–8)",0.30611,CCHA.451.4,0.278141,CTOU.567.18 (17),0.275789,CAUX.561.11,0.261854,CNIC.325.15,0.258523
2195,KoeD213.67v.1.txt,canon_unlabelled/KoeD213.67v.1.txt,CSAR.347.15,0.732575,CSAR.347.14,0.343298,CSAR.347.20,0.282026,CSAR.347.5,0.276787,CAGD.506.63,0.256476,CSAR.347.9,0.245201,CORL.511.27,0.240861,CHIP.393.29,0.23115,CNIC.325.4,0.230238,CSAR.347.8,0.224338
2196,KoeD213.67v.2.txt,canon_unlabelled/KoeD213.67v.2.txt,CSAR.347.16,0.723874,"Eusebius-Rufinus, HE 10.5 (eds Mommsen–Schwartz, II, 963, line 21)",0.200089,CANT.328.16,0.195564,CSAR.347.3,0.185621,Can.apost.45,0.180918,CTUR.439.6,0.180357,CTOL.633.10,0.174156,Can.apost.10,0.173132,CORL.538.8,0.17276,CGAN.355.8,0.172071
2197,KoeD213.68r.3.txt,canon_unlabelled/KoeD213.68r.3.txt,CSAR.347.17,0.758256,CSAR.347.7,0.278158,CSAR.347.13,0.256471,CVAI.442.7,0.252427,CNIC.325.5,0.241463,CAGD.506.38,0.224923,"Jerome, Comm.in Mat.libri IV, lib. 3, vers. 19:9 (eds Hurst–Adriaen, 167, lines 761–80)",0.221754,CSAR.347.3,0.213484,"Augustine, De serm.dom.in monte, 1.20.63 (ed. Mutzenbecher, 72, lines 1569–82)",0.196609,CVAI.442.8,0.194612
2198,KoeD213.68v.1.txt,canon_unlabelled/KoeD213.68v.1.txt,CSAR.347.18,0.776068,CSAR.347.1,0.301359,CMAC.585.1,0.26154,CHIP.393.38,0.23566,CARL.314.20,0.229655,CTOL.589.7,0.217077,"Caesarius, Sermo 192.4 (ed. Morin, 781, lines 7–9)",0.214154,CNIC.325.15,0.210594,CLAO.300.57,0.207522,"Ps.-Clemens-Rufinus, Recognitiones 2.72 (eds Rehm–Paschke, 94,
lines 4–8)",0.206247
2199,KoeD213.68v.2.txt,canon_unlabelled/KoeD213.68v.2.txt,CSAR.347.19,0.461123,CGAN.355.8,0.280651,CANT.328.13,0.242479,CANC.314.11,0.222657,CNIC.325.16,0.21354,CANC.314.12,0.209541,CANT.328.22,0.195793,CGAN.355.7,0.195407,CSAR.347.18,0.194687,Can.apost.36,0.191346
2200,KoeD213.68v.3.txt,canon_unlabelled/KoeD213.68v.3.txt,CSAR.347.20,0.624736,CSAR.347.14,0.313013,CSAR.347.15,0.303322,"Ps.-Clemens-Rufinus, Recognitiones 2.72 (eds Rehm–Paschke, 94,
lines 4–8)",0.296863,CSAR.347.5,0.294861,CAGD.506.63,0.248722,CSAR.347.8,0.24814,CTOU.567.18 (17),0.247025,CCHA.451.17,0.220138,CSAR.347.9,0.215048
2201,KoeD213.68v.4.txt,canon_unlabelled/KoeD213.68v.4.txt,CSAR.347.21,0.681365,CANC.314.3,0.25209,CAGD.506.8,0.224717,CCHA.451.5,0.220729,Can.apost.21,0.219207,CSAR.347.8,0.209149,CVAN.461.8,0.207806,CSAR.347.1,0.206151,CNIC.325.15,0.205534,CSAR.347.5,0.197836
2202,StG243.12.1.txt,canon_unlabelled/StG243.12.1.txt,Can.apost.23,0.275408,CAGD.506.39,0.261889,Can.apost.22,0.254261,CORL.538.9,0.246897,CTOL.633.2,0.2465,CHIP.393.26,0.243786,CTOL.646.5,0.242818,CAUX.561.40,0.23955,DSIR.384.255  cap. 13,0.233977,CTOL.656.4,0.231126
2203,StG243.13.1.txt,canon_unlabelled/StG243.13.1.txt,CTOL.656.2,0.304281,CORL.538.9,0.302176,CSAR.347.17,0.30076,CVAI.442.7,0.27111,CAGD.506.38,0.2397,CTOL.633.32,0.236649,CTOL.589.17,0.228643,"(ed. MOMMSEN, as Gildas, Epist.deperd.fragm. 7, in Chronica minora, 88, lines 13–24; trans. WINTERBOTTOM,
Gildas, 82)",0.224828,CTOL.397.15,0.222332,CAGD.506.8,0.219152
2204,StG243.7.1.txt,canon_unlabelled/StG243.7.1.txt,CGAN.355.7,0.206234,Can.apost.5,0.203689,CTOL.633.13,0.201101,CANT.328.2,0.198853,Ephesians.5:22,0.194686,CLAO.300.24,0.193736,"Augustine, Quaestiones evangeliorum 1.23 (ed. A. Mutzenbecher, CCSL 44B [Turnhout 1980],
20, lines 2–5)",0.191715,"Gregorius Magnus, Hom.in ev. 2.39 (ed. Étaix, 381, lines 45–49)",0.190464,Can.apost.37,0.182475,Can.apost.10,0.180147
2205,StG243.7.2.txt,canon_unlabelled/StG243.7.2.txt,CTOL.633.28,0.370117,CAUX.561.36,0.272597,"Gregorius Magnus, Hom.in ev. 2.39 (ed. Étaix, 381, lines 45–49)",0.243895,CNIC.325.4,0.213232,CAGD.506.27; anno 506,0.203151,CAUX.561.6,0.197945,RPWO.758.20,0.195432,CCHA.451.9,0.185704,CORA.441.14,0.177525,CHIP.393.39,0.176095
2206,StG243.7.3.txt,canon_unlabelled/StG243.7.3.txt,CHIP.393.36,0.29686,CNIC.325.7,0.215049,CORL.511.3,0.214555,"Jerome, De perpetua virginitate beatae Mariae, adversus Helvidium, c. 4 (in PL 23, cols
186C–87A)",0.202643,CMAC.581.7,0.193666,CSAV.859.12,0.190038,CTOL.633.13,0.182942,CORL.511.8,0.180959,CLAO.300.29,0.179567,"(ed. MOMMSEN, as Gildas, Epist.deperd.fragm. 6, in Chronica minora, 88, lines 11–12; trans. WINTERBOTTOM,
Gildas, 82)",0.173965
2207,StG243.7.4.txt,canon_unlabelled/StG243.7.4.txt,CLAO.300.23,0.369912,CTOL.397.3,0.268673,CTOL.633.25,0.267887,CHIP.393.36,0.260178,"Gregorius Nazianzus-Rufinus, Apologeticus 73 (ed. Engelbrecht, 57, lines 7–9)",0.259191,CHIP.393.19,0.251045,CAGD.506.32,0.250443,CTOL.633.12,0.242821,Can.apost.27,0.214657,CAUX.561.9,0.210855
2208,Wu22.11r.1.txt,canon_unlabelled/Wu22.11r.1.txt,"Gennadius, Lib.eccl.dogm. 46 (ed. Turner, 98, lines 1–7; cf. recensio vulgata, c. 47 [PL
42, col. 1220])",0.422021,"John Cassian, Collationes 20.8 (ed. Petschenig, p. 561, line 9–p. 562, line 4)",0.308698,Stat.Eccl.Antiq. 20,0.304394,CTOL.589.22,0.292101,"Gregorius Magnus, Hom.in ev. 2.26 (ed. Étaix, 222, lines 116–19) Ps (G) 50:19",0.280571,Can.apost.50,0.273727,"Caesarius, Sermo 43.3 (ed. Morin, 191, lines 13–19)",0.258776,CTOL.633.75,0.250333,CTOL.636.4,0.244611,"Gregorius Nazianzus-Rufinus, Apologeticus 73 (ed. Engelbrecht, 57, lines 7–9)",0.241368
2209,Wu22.11v.1.txt,canon_unlabelled/Wu22.11v.1.txt,CORA.441.3,0.255163,"Gregorius Magnus, Hom.in ev. 2.26 (ed. Étaix, 222, lines 116–19) Ps (G) 50:19",0.225337,Stat.Eccl.Antiq. 20,0.222926,CNIC.325.13,0.222836,CORA.441.11,0.214344,CTOL.589.11,0.207505,CCHA.451.11,0.205647,"Gennadius, Lib.eccl.dogm. 46 (ed. Turner, 98, lines 1–7; cf. recensio vulgata, c. 47 [PL
42, col. 1220])",0.20538,"Gennadius, Lib.eccl.dogm. 22 (ed. Turner, 94, lines 13–18; cf. recensio vulgata, c. 23
[PL 42, col. 1218])",0.186599,CAGD.506.15,0.182437
2210,Wu22.12r.1.txt,canon_unlabelled/Wu22.12r.1.txt,"Jerome, Comm.in Mat.libri IV, lib. 3, vers. 19:9 (eds Hurst–Adriaen, 167, lines 761–80)",0.21127,RPWO.758.10,0.202254,"Augustine, Sermo 392 (PL 39, col. 1710)",0.198838,"Isidore, De eccl.offic. 2.20 (ed. Lawson, 91, lines 40–43)",0.192152,CTOL.633.3,0.188092,CSAR.347.17,0.180099,CCHA.451.11,0.179933,CNEO.315.1,0.171737,CORL.538.32,0.170723,CHIP.393.30,0.168223
2211,Wu22.12r.2.txt,canon_unlabelled/Wu22.12r.2.txt,CCHA.451.3,0.32833,CCHA.451.4,0.254526,CCHA.451.2,0.247464,CANC.314.5,0.243496,CNIC.325.17,0.229329,CTOL.589.23,0.211645,CLAO.300.12,0.203535,CTOL.633.22,0.200478,"Jerome, Comm.in Mat.libri IV, lib. 3, vers. 19:9 (eds Hurst–Adriaen, 167, lines 761–80)",0.199857,Can.apost.12,0.197677
2212,Wu22.12v.1.txt,canon_unlabelled/Wu22.12v.1.txt,CORL.538.32,0.438759,Can.apost.7,0.416618,Can.apost.31,0.381467,CAGD.506.32,0.311993,CNIC.325.12,0.307687,CCHA.451.3,0.305939,CARL.501?.25,0.276478,Can.apost.41,0.247487,CNIC.325.2,0.245942,CCHL.647.15,0.237065
2213,Wu22.12v.2.txt,canon_unlabelled/Wu22.12v.2.txt,CTOL.638.8,0.39392,CTOL.633.24,0.237841,CARL.501?.1,0.234527,CTOL.397.8,0.212577,CARL.314.7,0.204352,CTOL.638.17,0.203658,CSAR.347.13,0.196189,CAGD.506.61,0.191229,CSAR.347.9,0.187385,CHIP.393.18,0.184166
2214,Wu22.13r.1.txt,canon_unlabelled/Wu22.13r.1.txt,CARL.501?.25,0.662114,CEPA.517.3,0.398679,Can.apost.7,0.379438,Can.apost.31,0.313847,CORL.511.11,0.311136,CORL.538.32,0.29056,CNIC.325.12,0.283688,CTOL.633.56,0.247265,CAGD.506.32,0.237686,CNIC.325.16,0.225489
2215,Wu22.13r.2.txt,canon_unlabelled/Wu22.13r.2.txt,CTOL.638.8,0.835752,CTOL.655.17,0.309121,CTOL.527.1,0.30637,CTOL.646.2,0.30214,CAGD.506.61,0.296061,CTOL.638.17,0.279406,CNEO.315.2,0.271486,CANT.328.19,0.270129,CTOL.633.5,0.26008,CTOL.636.6,0.247081
2216,Wu22.13v.1.txt,canon_unlabelled/Wu22.13v.1.txt,DSIR.384.255 cap 7,0.287,CTOL.655.14,0.211243,CTOL.633.75,0.206744,"Gregorius Magnus, Hom.in ev. 2.26 (ed. Étaix, 222, lines 116–19) Ps (G) 50:19",0.205191,CTOL.397.7,0.192473,CTOL.589.11,0.190737,CMAC.581.12,0.187979,CTOL.638.7,0.186063,CANC.314.12,0.185189,CTOL.638.8,0.184374
2217,Wu22.14r.1.txt,canon_unlabelled/Wu22.14r.1.txt,CAGD.506.15,0.632908,CTOL.598.12,0.273673,CAUX.561.12,0.243346,CORA.441.3,0.239597,CTOL.656.5,0.22626,Can.apost.1,0.210552,CORA.441.14,0.206956,CTOL.589.12,0.203778,CRIZ.439.1,0.202076,CARL.501?.28,0.2019
2218,Wu22.14v.1.txt,canon_unlabelled/Wu22.14v.1.txt,CHIP.393.30,0.348156,"Gregorius Magnus, Hom.in ev. 2.26 (ed. Étaix, 222, lines 116–19) Ps (G) 50:19",0.279951,"Gregorius Magnus, Hom.in ev. 2.39 (ed. Étaix, 381, lines 45–49)",0.224718,CLYO.567.5,0.223578,CORA.441.11,0.219413,CTOL.633.3,0.216451,CARL.501?.22,0.209125,CTOL.636.8,0.203684,CTOL.397.2,0.202065,CARL.501?.18,0.20026
2219,Wu22.14v.2.txt,canon_unlabelled/Wu22.14v.2.txt,Stat.Eccl.Antiq. 20,0.285845,"Gregorius Magnus, Hom.in ev. 2.26 (ed. Étaix, 222, lines 116–19) Ps (G) 50:19",0.263339,CNIC.325.11,0.211298,CNIC.325.6,0.195539,CAGD.506.14,0.193499,RPWO.758.5,0.191727,CSAV.859.12,0.186439,CTOL.397.17,0.182821,"(ed. MOMMSEN, as Gildas, Epist.deperd.fragm. 7, in Chronica minora, 88, lines 13–24; trans. WINTERBOTTOM,
Gildas, 82)",0.182708,CTOL.633.17,0.178645
2220,Wu22.14v.3.txt,canon_unlabelled/Wu22.14v.3.txt,CARL.501?.22,0.563402,CGAN.355.4,0.293262,CARL.501?.28,0.242466,CORA.441.21,0.240177,CORA.441.12,0.220791,CGAN.355.10,0.219023,CAGD.506.5,0.177224,Can.apost.35,0.16444,CAGD.506.62,0.163687,CNIC.325.16,0.163193
2221,Wu22.14v.4.txt,canon_unlabelled/Wu22.14v.4.txt,"John Cassian, Collationes 20.8 (ed. Petschenig, p. 561, line 9–p. 562, line 4)",0.389548,"Gennadius, Lib.eccl.dogm. 46 (ed. Turner, 98, lines 1–7; cf. recensio vulgata, c. 47 [PL
42, col. 1220])",0.31195,CORA.441.3,0.300808,CVAI.442.2,0.299691,"Gennadius, Lib.eccl.dogm. 22 (ed. Turner, 94, lines 13–18; cf. recensio vulgata, c. 23
[PL 42, col. 1218])",0.278748,"Gregorius Nazianzus-Rufinus, Apologeticus 91 (ed. Engelbrecht, 68, lines 20–3)",0.257385,CTOL.633.31,0.248014,CTOL.638.19,0.23654,CTOL.636.8,0.236103,CNIC.325.13,0.212437
2222,Wu22.15v.1.txt,canon_unlabelled/Wu22.15v.1.txt,CLAO.300.2,0.874366,"John Cassian, Collationes 20.8 (ed. Petschenig, p. 561, line 9–p. 562, line 4)",0.290843,CTOL.636.8,0.25679,"Gennadius, Lib.eccl.dogm. 46 (ed. Turner, 98, lines 1–7; cf. recensio vulgata, c. 47 [PL
42, col. 1220])",0.23652,CLYO.567.5,0.226767,CANC.314.16,0.221192,CTOL.589.11,0.218235,CTOL.633.54,0.205334,CTOL.598.12,0.202135,CANC.314.15,0.191418
2223,Wu22.16r.1.txt,canon_unlabelled/Wu22.16r.1.txt,CTOL.633.61,0.189403,CAGD.506.26,0.186915,CANC.314.20,0.186801,CAGD.506.2,0.186456,CTOL.638.7,0.185707,CANC.314.19,0.183787,CTOL.589.11,0.17049,CANT.328.8,0.163833,CTOL.633.71,0.162033,CNIC.325.2,0.158192
2224,Wu22.16r.2.txt,canon_unlabelled/Wu22.16r.2.txt,CORA.441.17,0.270306,CNIC.325.14,0.254226,CNIC.325.13,0.234781,CORA.441.3,0.206071,CARL.501?.17,0.196974,Can.apost.20,0.192532,CARL.314.6,0.188108,Can.apost.17,0.1809,CARL.314.18,0.176757,CAGD.506.15,0.162663
2225,Wu22.16r.3.txt,canon_unlabelled/Wu22.16r.3.txt,CNIC.325.13,0.877984,CARL.314.17,0.259449,Can.apost.9,0.238457,CTOL.397.19,0.217173,Can.apost.17,0.211399,CORL.538.8,0.204509,CVAI.442.2,0.203341,CTOL.655.5,0.197625,CTOL.638.8,0.19273,CAGD.506.51,0.178536
2226,Wu22.16r.4.txt,canon_unlabelled/Wu22.16r.4.txt,CHIP.393.30,0.793374,CTOL.397.2,0.262201,CNIC.325.11,0.253084,CTOL.589.11,0.244951,CARL.501?.18,0.198889,CTOL.633.3,0.197931,CORA.441.3,0.1963,CTOL.636.8,0.196072,CAGD.506.62,0.173808,"Gregorius Magnus, Hom.in ev. 2.26 (ed. Étaix, 222, lines 116–19) Ps (G) 50:19",0.172707
2227,Wu22.16v.1.txt,canon_unlabelled/Wu22.16v.1.txt,RPWO.758.5,0.276391,CHIP.393.38,0.273956,CSAR.347.3,0.25283,CSAR.347.12,0.244973,CSAR.347.7,0.237733,CSAR.347.18,0.226805,RPWO.758.6,0.223458,"Caesarius, Sermo 192.4 (ed. Morin, 781, lines 7–9)",0.220656,CSAR.347.9,0.220232,CSAR.347.17,0.202042
2228,Wu22.16v.2.txt,canon_unlabelled/Wu22.16v.2.txt,"Gennadius, Lib.eccl.dogm. 46 (ed. Turner, 98, lines 1–7; cf. recensio vulgata, c. 47 [PL
42, col. 1220])",0.284127,CTOL.589.11,0.281595,"John Cassian, Collationes 20.8 (ed. Petschenig, p. 561, line 9–p. 562, line 4)",0.278096,CTOL.638.8,0.276481,"Gregorius Magnus, Hom.in ev. 2.26 (ed. Étaix, 222, lines 116–19) Ps (G) 50:19",0.274814,CTOL.636.8,0.255081,CHIP.393.30,0.231926,"(ed. MOMMSEN, as Gildas, Epist.deperd.fragm. 5, in Chronica minora, p. 87, line 36–p. 88, line 1; trans.
WINTERBOTTOM, Gildas, 82)",0.226987,CVAI.442.7,0.219769,"Hermas, Libell.sanct.past., mandatum 4.1.4–8 (eds de Gebhardt– Harnack–Zahn, 79, lines 1–19)",0.217348
2229,Wu22.17r.1.txt,canon_unlabelled/Wu22.17r.1.txt,"Gregorius Magnus, Hom.in ev. 2.26 (ed. Étaix, 222, lines 116–19) Ps (G) 50:19",0.265391,DSIR.384.255  cap. 14,0.242982,CTOL.646.3,0.221314,CVAI.442.6,0.220694,CSAR.347.15,0.212005,CANT.328.8,0.207618,CHIP.393.38,0.205269,CSAR.347.20,0.200056,"Caesarius, Sermo 43.3 (ed. Morin, 191, lines 13–19)",0.193681,CSAR.347.9,0.193203
2230,Wu22.17r.2.txt,canon_unlabelled/Wu22.17r.2.txt,CVAI.442.2,0.841035,CORA.441.3,0.31029,"Gennadius, Lib.eccl.dogm. 22 (ed. Turner, 94, lines 13–18; cf. recensio vulgata, c. 23
[PL 42, col. 1218])",0.229821,CNIC.325.13,0.226559,CNIC.325.11,0.21497,CTOL.638.19,0.211555,CTOL.656.2,0.208601,Stat.Eccl.Antiq. 20,0.201228,CTOL.527.3,0.192806,CANC.314.15,0.179098
2231,Wu22.17v.1.txt,canon_unlabelled/Wu22.17v.1.txt,CTOL.638.7,0.58105,CNIC.325.12,0.260469,CTOL.589.11,0.202798,CTOL.633.55,0.197314,CNIC.325.10,0.181167,"John Cassian, Collationes, 5.24 (ed. Petschenig, 148, lines 14–21)",0.178106,CSAR.347.5,0.177612,CTOL.397.16,0.174536,CTOL.636.8,0.168842,CORL.549.19,0.165982
2232,Wu22.18r.1.txt,canon_unlabelled/Wu22.18r.1.txt,DSIR.384.255  cap. 14,0.523732,CEPA.517.3,0.364302,CNIC.325.11,0.259053,CTOL.589.11,0.251176,"Gregorius Magnus, Hom.in ev. 2.26 (ed. Étaix, 222, lines 116–19) Ps (G) 50:19",0.251134,DSIR.384.255 cap 7,0.234836,CARL.501?.25,0.234301,CNEO.315.8,0.230118,"CTOL.653.13  (excerpta canonum cap. 13)  Martinez Diez, vol. 5, pp. 475-476; text modified in W",0.207865,CORA.441.24,0.207006
2233,Wu22.18r.2.txt,canon_unlabelled/Wu22.18r.2.txt,CARL.501?.28,0.472493,Can.apost.26,0.364602,CORA.441.4,0.337653,CAGD.506.26,0.312432,CORL.511.31,0.271871,CAGD.506.37,0.250868,CCHA.451.27,0.216891,CAGD.506.62,0.199011,CAGD.506.50 (addit.),0.193283,CHIP.393.39,0.18666
2234,Wu22.18v.1.txt,canon_unlabelled/Wu22.18v.1.txt,Stat.Eccl.Antiq. 20,0.281903,CTOL.638.19,0.262395,CTOL.589.11,0.23897,"John Cassian, Collationes 20.8 (ed. Petschenig, p. 561, line 9–p. 562, line 4)",0.222039,"Gennadius, Lib.eccl.dogm. 46 (ed. Turner, 98, lines 1–7; cf. recensio vulgata, c. 47 [PL
42, col. 1220])",0.206663,CLAO.300.2,0.190168,CNIC.325.11,0.189093,CCHA.451.11,0.187556,CAGD.506.44,0.181761,CNEO.315.1,0.179662
2235,Wu22.18v.2.txt,canon_unlabelled/Wu22.18v.2.txt,CANC.314.4,0.806344,CANC.314.5,0.335632,CNIC.325.12,0.26087,CANC.314.8,0.25196,CANC.314.15,0.245294,CNIC.325.11,0.224792,CANC.314.3,0.218499,CANC.314.11,0.199687,CANC.314.9,0.190944,CANC.314.22,0.189413
2236,Wu22.19r.1.txt,canon_unlabelled/Wu22.19r.1.txt,CNIC.325.11,0.726083,CHIP.393.12,0.231364,CCHA.451.11,0.227721,CANC.314.5,0.207049,CORL.511.15,0.20615,CANC.314.7,0.204411,CTOL.633.58,0.203577,CORL.511.16,0.194337,CLAO.300.29,0.191676,CTOL.633.63,0.189677
2237,Wu22.19r.2.txt,canon_unlabelled/Wu22.19r.2.txt,CNIC.325.12,0.792371,CANC.314.5,0.3208,CANC.314.4,0.280241,CTOL.633.55,0.249879,CTOL.633.50,0.2336,CANC.314.8,0.216272,CNIC.325.2,0.210464,Can.apost.7,0.20442,CCHA.451.4,0.203989,CARL.501?.25,0.199806
