model,method,variant,n,n_q_mean,full_cos_mean,suff@0.10_raw_mean,suff@0.10_raw_std,suff@0.10_raw_se,suff@0.10_raw_n,suff@0.10_ratio_mean,suff@0.10_ratio_std,suff@0.10_ratio_se,suff@0.10_ratio_n,suff@0.25_raw_mean,suff@0.25_raw_std,suff@0.25_raw_se,suff@0.25_raw_n,suff@0.25_ratio_mean,suff@0.25_ratio_std,suff@0.25_ratio_se,suff@0.25_ratio_n,suff@0.50_raw_mean,suff@0.50_raw_std,suff@0.50_raw_se,suff@0.50_raw_n,suff@0.50_ratio_mean,suff@0.50_ratio_std,suff@0.50_ratio_se,suff@0.50_ratio_n,comp@0.10_drop_mean,comp@0.10_drop_std,comp@0.10_drop_se,comp@0.10_drop_n,comp@0.10_ratio_mean,comp@0.10_ratio_std,comp@0.10_ratio_se,comp@0.10_ratio_n,comp@0.25_drop_mean,comp@0.25_drop_std,comp@0.25_drop_se,comp@0.25_drop_n,comp@0.25_ratio_mean,comp@0.25_ratio_std,comp@0.25_ratio_se,comp@0.25_ratio_n,comp@0.50_drop_mean,comp@0.50_drop_std,comp@0.50_drop_se,comp@0.50_drop_n,comp@0.50_ratio_mean,comp@0.50_ratio_std,comp@0.50_ratio_se,comp@0.50_ratio_n,compactness@0.70_mean,compactness@0.70_std,compactness@0.70_se,compactness@0.70_n,compactness@0.80_mean,compactness@0.80_std,compactness@0.80_se,compactness@0.80_n,compactness@0.90_mean,compactness@0.90_std,compactness@0.90_se,compactness@0.90_n,compactness@0.95_mean,compactness@0.95_std,compactness@0.95_se,compactness@0.95_n,loo_n_used_mean,loo_n_used_std,loo_n_used_se,loo_n_used_n,loo_n_total_mean,loo_n_total_std,loo_n_total_se,loo_n_total_n,loo_rho_mean,loo_rho_std,loo_rho_se,loo_rho_n,loo_p_mean,loo_p_std,loo_p_se,loo_p_n,loo_tau_n_used_mean,loo_tau_n_used_std,loo_tau_n_used_se,loo_tau_n_used_n,loo_tau_mean,loo_tau_std,loo_tau_se,loo_tau_n,loo_tau_p_mean,loo_tau_p_std,loo_tau_p_se,loo_tau_p_n,aopc_suff_raw_mean,aopc_suff_raw_std,aopc_suff_raw_se,aopc_suff_raw_n,aopc_suff_ratio_mean,aopc_suff_ratio_std,aopc_suff_ratio_se,aopc_suff_ratio_n,aopc_comp_raw_mean,aopc_comp_raw_std,aopc_comp_raw_se,aopc_comp_raw_n,aopc_comp_ratio_mean,aopc_comp_ratio_std,aopc_comp_ratio_se,aopc_comp_ratio_n,del_auc_mean,del_auc_std,del_auc_se,del_auc_n,del_auc_random_mean,del_auc_random_std,del_auc_random_se,del_auc_random_n,del_auc_gap_mean,del_auc_gap_std,del_auc_gap_se,del_auc_gap_n,ins_auc_mean,ins_auc_std,ins_auc_se,ins_auc_n,ins_auc_random_mean,ins_auc_random_std,ins_auc_random_se,ins_auc_random_n,ins_auc_gap_mean,ins_auc_gap_std,ins_auc_gap_se,ins_auc_gap_n,rand_loo_rho_mean,rand_loo_rho_std,rand_loo_rho_se,rand_loo_rho_n,rand_loo_rho_gap_mean,rand_loo_rho_gap_std,rand_loo_rho_gap_se,rand_loo_rho_gap_n,rand_loo_tau_mean,rand_loo_tau_std,rand_loo_tau_se,rand_loo_tau_n,rand_loo_tau_gap_mean,rand_loo_tau_gap_std,rand_loo_tau_gap_se,rand_loo_tau_gap_n,rand_aopc_suff_ratio_mean,rand_aopc_suff_ratio_std,rand_aopc_suff_ratio_se,rand_aopc_suff_ratio_n,rand_aopc_suff_ratio_gap_mean,rand_aopc_suff_ratio_gap_std,rand_aopc_suff_ratio_gap_se,rand_aopc_suff_ratio_gap_n,rand_aopc_comp_ratio_mean,rand_aopc_comp_ratio_std,rand_aopc_comp_ratio_se,rand_aopc_comp_ratio_n,rand_aopc_comp_ratio_gap_mean,rand_aopc_comp_ratio_gap_std,rand_aopc_comp_ratio_gap_se,rand_aopc_comp_ratio_gap_n,full_cos_drift_mean,full_cos_drift_std,full_cos_drift_se,full_cos_drift_n
bowphs/LaTa,attention_standalone,abtt,200,83.57,0.5622480082130801,0.30674334044400564,0.17356066831380743,0.012272592551196237,200,0.5675271916633247,0.3243825554455387,0.02322951728334713,195,0.4096877510558869,0.18851202318503055,0.013329812992933076,200,0.7751682493494633,0.2644345878511148,0.01893655415706704,195,0.5085382736986166,0.20957953642073443,0.014819511140103433,200,0.9436061436238974,0.17977586422103417,0.012874017036197607,195,0.07273362162991714,0.05037477429329317,0.003562034450352937,200,0.14426851677291877,0.11914080552015532,0.00853185029380226,195,0.1617476665650797,0.08499131300025159,0.006009793376442627,200,0.3154879118241507,0.16660349893351953,0.011930724365330613,195,0.30418239550933823,0.14091476149991897,0.009964178342587773,200,0.5626240636165588,0.17664981170130034,0.012650155765556623,195,0.215751615024161,0.15674649488697703,0.011224849644211016,195,0.3135827163734664,0.188735318858595,0.013515616909121498,195,0.4364220764878589,0.2346632338457455,0.016804583214713203,195,0.5260623505423504,0.2555476448410241,0.01830014694964037,195,83.55,51.097969749910945,3.6131720915027103,200,83.57,51.137268220007854,3.615950912972288,200,0.48304261298002266,0.27817055103007654,0.019669628295976568,200,0.04030735493372521,0.13368902361184876,0.009453241516614672,200,83.55,51.097969749910945,3.6131720915027103,200,0.36048631013114407,0.21724315473784436,0.01536141078814882,200,0.039831861554157764,0.131269951761408,0.009282187305652256,200,0.47283854409313564,0.1959900693139781,0.01385859070571354,200,0.8680353829545382,0.15077622215783595,0.010797309533870024,195,0.29729483964343084,0.1268641520910963,0.008970650223309572,200,0.5429562751512682,0.11618755620241403,0.008320363717484125,195,0.46560260118152313,0.11729881413659762,0.008399942551040446,195,0.7916788640091343,0.06087477077985137,0.004359332880919262,195,0.32607626282761115,0.13662226440850034,0.009783723566787531,195,0.8594765066217467,0.15095635003138186,0.010810208758817556,195,0.7918267947012807,0.05558912449554661,0.003980819888609071,195,0.06764971192046623,0.1656520990322655,0.011862593203285848,195,0.003863332534910653,0.05444138343084091,0.0038495871401124553,200,0.479179280445112,0.2810325862700755,0.01987200474859638,200,0.002508423799524329,0.0377338076008899,0.0026681831234577737,200,0.3579778863316197,0.2186127685029021,0.015458257106236696,200,0.7988440492446758,0.05041846290623737,0.0036105411213361994,195,0.06919133370986248,0.14747396789038736,0.010560830193992012,195,0.21646358404786142,0.05695676344505011,0.004078758548014583,195,0.3264926911034068,0.1223675552480785,0.008762922641299109,195,2.5223807413625974e-07,2.798457482475223e-07,1.978808262720464e-08,200
bowphs/LaTa,attention_standalone,baseline,200,83.57,0.933024563051996,0.1543368309692112,0.46406308119318923,0.03281421516100275,200,0.15172358660504254,0.49160148015468397,0.0347614740258721,200,0.2606598082899158,0.47897707726486694,0.03386879393669003,200,0.26786272488971025,0.5118518798591389,0.036193393521147914,200,0.4114660850506948,0.49651901725216824,0.035109196408708854,200,0.4294676110248426,0.5325717588711539,0.037658510216623975,200,0.04057932876568862,0.28489173010777935,0.02014488742631785,200,0.03398909005941216,0.31101895055953593,0.02199236090181714,200,0.09345739911154481,0.35118822467444255,0.024832757514016313,200,0.09113486251892514,0.3816050085782054,0.026983548930039965,200,0.2900634019572684,0.5367019854009089,0.03795056133532661,200,0.304781993137531,0.5841825649730255,0.041307945314337714,200,0.5461571323422346,0.351846522203593,0.024879306178706376,200,0.5595450614958127,0.35120611497380183,0.024834022549215753,200,0.5840398281868593,0.3479496508832574,0.024603755765104308,200,0.5995405991053291,0.34613533036119465,0.02447546393066466,200,82.895,50.79730114897937,3.5919116108418514,200,83.57,51.137268220007854,3.615950912972288,200,0.04629922629597542,0.2533809307774584,0.01791673743761,200,0.29580952192131116,0.31506996416095084,0.022278810820641082,200,82.895,50.79730114897937,3.5919116108418514,200,0.04503471412676951,0.19143140236523065,0.013536244274450509,200,0.2692346611057005,0.30863322052511133,0.021823664313274937,200,0.4342598970180407,0.3578078322693984,0.025300834455935037,200,0.45469893644076287,0.38024027964588153,0.026887048021787197,200,0.3425891742614571,0.36800685779801695,0.02602201446721313,200,0.3592967464091031,0.4002203642370214,0.028299853352094784,200,0.6491667767036492,0.40019013216964444,0.02829771562210963,200,0.7946219719063663,0.19491308767225501,0.013782436603505957,200,0.1454551952027172,0.4431608580847336,0.03133620479081643,200,0.4462354133280107,0.3808146788526857,0.02692766417921114,200,0.8102674201995204,0.15203131699997396,0.010750237520340322,200,-0.36403200687150966,0.4043774149848161,0.028593801229445007,200,0.007317226000281789,0.059818227476387466,0.004229787428711304,200,0.03898200029569363,0.25985833260997393,0.01837475891363419,200,0.005104604004803437,0.04084319005475629,0.002888049665300913,200,0.03993011012196607,0.1953765085374506,0.01381520540713827,200,0.8066451919953989,0.17209366594772682,0.012168859819089007,200,-0.35194625555463604,0.40635030801729594,0.028733305833627227,200,0.21020473936999323,0.18005413351293442,0.012731749878766394,200,0.1490920070391098,0.42981144477525357,0.03039225872321691,200,6.273557496772053e-08,4.870355606542752e-08,3.4438614761763007e-09,200
bowphs/LaTa,attention_weighted,abtt,200,83.57,0.5622480082130801,0.1565103639825621,0.11931764857388517,0.008437031842182759,200,0.27744501736264393,0.3117934291502161,0.022327991224222982,195,0.2498356578753252,0.13716100355191616,0.009698747572591204,200,0.46583570792757273,0.22766028032535884,0.016303091296897634,195,0.39185341244751215,0.18762256902789956,0.013266919086326889,200,0.7072070513007245,0.17562656852145273,0.012576879799471795,195,0.031315580000867656,0.028266439586732764,0.001998739111177861,200,0.05998612475421311,0.07705883303090766,0.005518297650955413,195,0.08687973652208861,0.05805111611471438,0.00410483378601622,200,0.16340964510423353,0.1183922505620012,0.008478245159845247,195,0.16717129692792207,0.09853933900021794,0.006967783482069413,200,0.29561814020202487,0.16109647321076684,0.011536358062152518,195,0.4676681305964338,0.16876656303551768,0.012085624603024776,195,0.5715927885031818,0.17386653949088626,0.01245084150271881,195,0.6956570491844686,0.17431878611220528,0.012483227555944873,195,0.7715445632975304,0.177026206496081,0.012677109956661969,195,83.55,51.097969749910945,3.6131720915027103,200,83.57,51.137268220007854,3.615950912972288,200,0.0692224470906192,0.2902289248387511,0.02052228408499617,200,0.21211310030317534,0.28327837860845134,0.020030806247756616,200,83.55,51.097969749910945,3.6131720915027103,200,0.04650823229793231,0.19754493436831833,0.013968536268088935,200,0.22134278220663692,0.28652034410206206,0.02026004782624711,200,0.37132574059910595,0.1671218140757707,0.011817296801717487,200,0.6684935920141383,0.13472363455844816,0.009647759859195769,195,0.18832660430032871,0.09435608790208894,0.006671982960180105,200,0.3322435397790009,0.12221984731232585,0.008752345056318495,195,0.6763153365537905,0.12404921702034075,0.00888334894212116,195,0.7916788640091343,0.06087477077985137,0.004359332880919262,195,0.11536352745534377,0.1448025133281566,0.010369523359258618,195,0.6599347156813469,0.1360448730207501,0.009742375710696511,195,0.7918267947012807,0.05558912449554661,0.003980819888609071,195,-0.13189207901993372,0.1319720407039403,0.009450714130542912,195,-0.0017600457373476042,0.057071763613399364,0.004035583106531035,200,0.0709824928279668,0.3006066844845512,0.021256102506903105,200,-0.001115445128485711,0.039190924599655855,0.0027712168545387336,200,0.047623677426418015,0.20462732399188063,0.01446933684107155,200,0.7984712387547002,0.04634946442471377,0.003319154087829908,195,-0.1299776467405618,0.12785616129197033,0.009155969883876475,195,0.21534141501531728,0.0600397087394535,0.004299532846131798,195,0.11690212476368356,0.13890484823258023,0.009947182789554074,195,2.5223807413625974e-07,2.798457482475223e-07,1.978808262720464e-08,200
bowphs/LaTa,attention_weighted,baseline,200,83.57,0.933024563051996,-0.5213917641035114,0.33052845987797314,0.02337189153548605,200,-0.5621553321783884,0.36663377929500957,0.02592492315515533,200,-0.26915660727044927,0.49244420603612804,0.03482106374441715,200,-0.28951887894186784,0.5314226818881564,0.03757725820394569,200,-0.049429832820912,0.5183698066189596,0.03665428054226256,200,-0.056050058469915245,0.5592083387572497,0.03954200084313153,200,0.002906055745079933,0.0433779425764669,0.00306728373497404,200,0.0032741460036461996,0.046640250096246165,0.003297963711929219,200,-0.001771165038806386,0.05406153598087783,0.0038227278693439247,200,-0.0026753484549889173,0.06382351203536415,0.004513003815934722,200,-0.016154679324224076,0.09699615618192466,0.006858663978526839,200,-0.018464069629899504,0.14428882369797913,0.010202760568627126,200,0.7486673618273711,0.2902035359323954,0.02052048881821107,200,0.7593229601194945,0.2859672961463591,0.020220941430267217,200,0.7741158397988354,0.28509729766053765,0.02015942324737258,200,0.7953022583649966,0.27669059616068303,0.019564979683576747,200,82.895,50.79730114897937,3.5919116108418514,200,83.57,51.137268220007854,3.615950912972288,200,-0.17519177877767042,0.3108029714886127,0.02197708887525272,200,0.21515774346422575,0.2713189637242276,0.01918514791139082,200,82.895,50.79730114897937,3.5919116108418514,200,-0.12338778370411405,0.22887117036069599,0.01618363565801497,200,0.21900570912545994,0.28869285492331975,0.020413667539638355,200,-0.01392812028703751,0.3426364089470771,0.024228052824788526,200,-0.01909953713829417,0.3735569820746668,0.026414467518457847,200,0.03153240388271038,0.09475112733451774,0.006699916466330754,200,0.03260925037031345,0.1174065527443728,0.008301896960128206,200,0.9758542727424389,0.11539771147419906,0.008159850431681482,200,0.7946219719063663,0.19491308767225501,0.013782436603505957,200,-0.1812323008360724,0.21738099408703704,0.015371157502001668,200,-0.027563060251046365,0.3733302660322364,0.026398436273357216,200,0.8102674201995204,0.15203131699997396,0.010750237520340322,200,-0.8378304804505667,0.3701873766523707,0.026176200434054993,200,-0.003007858737695839,0.05774104515198375,0.004082908457976633,200,-0.17218392003997457,0.31502166412523,0.02227539549236211,200,-0.001864060369094694,0.03994134159521269,0.0028242793491663207,200,-0.12152372333501933,0.23164328414801813,0.01637965370373859,200,0.8060806358912771,0.1603378952025453,0.011337601297889778,200,-0.8251801730295714,0.38799484470330925,0.027435378575513137,200,0.19754246594925168,0.15944743960460933,0.011274636578725173,200,-0.16493321557893825,0.2036198005773573,0.014398094177210182,200,6.273557496772053e-08,4.870355606542752e-08,3.4438614761763007e-09,200
bowphs/LaTa,bertscore,abtt,200,83.57,0.5622480082130801,0.27126177385048417,0.16037639700382875,0.011340323786367321,200,0.4826975868264463,0.2831249574649052,0.020274999325240038,195,0.4035058559495164,0.19685880664749508,0.013920019711673517,200,0.7071371183775618,0.2712246729345228,0.019422802249489217,195,0.5021391785315765,0.21610442963285334,0.015280890763784168,200,0.8897697026649499,0.20714574083311216,0.014834014610450913,195,0.04278324181195032,0.03204064591121022,0.002265615799741377,200,0.08929874782100922,0.09501409169077225,0.00680410043031085,195,0.11243915262293785,0.06341120792009493,0.004483849512352923,200,0.21611805448359378,0.15476870567177725,0.011083217216739083,195,0.23596816455853709,0.11885340000906197,0.008404204511348498,200,0.4255514446231352,0.22894575932557518,0.016395146360129658,195,0.25661639229483124,0.15757529682088436,0.011284201383461387,195,0.3443786099611119,0.18143558851980637,0.012992872361913151,195,0.4912557564827291,0.22229681448858216,0.015919005530685818,195,0.5831800724685154,0.2512716781621705,0.017993938615677964,195,83.55,51.097969749910945,3.6131720915027103,200,83.57,51.137268220007854,3.615950912972288,200,0.39658362049252976,0.2657547345076979,0.018791697490282373,200,0.09151376571015848,0.19820817361980003,0.014015434365316116,200,83.55,51.097969749910945,3.6131720915027103,200,0.2866965553741915,0.19530118853485323,0.013809879478678712,200,0.08734901944848755,0.18868291882581947,0.013341897139580783,200,0.4598991042831003,0.1969504377783808,0.013926499011075226,200,0.817970125796731,0.1617698213915674,0.011584577526920384,195,0.24942759456656563,0.10638615183124961,0.007522636938421824,200,0.44779694195219105,0.17215770282054732,0.012328469167025437,195,0.5607619343806004,0.17240261564518083,0.012346007738681743,195,0.7916788640091343,0.06087477077985137,0.004359332880919262,195,0.2309169296285339,0.17303010766199767,0.012390943375340097,195,0.8094112494639395,0.1621126919473471,0.011609130997406784,195,0.7918267947012807,0.05558912449554661,0.003980819888609071,195,0.01758445476265898,0.1793104848529494,0.01284069052744195,195,-0.00023526300511443943,0.0627206230890452,0.004435017790650941,200,0.3968188834976442,0.2741955890532104,0.019388556039096495,200,-0.00014860842263130392,0.042689402712925824,0.0030185966143113246,200,0.28684516379682273,0.2002585654249822,0.014160418960269478,200,0.7973303682848543,0.05153771531960537,0.003690692451437935,195,0.020639757511876775,0.1597155091448823,0.011437465171343128,195,0.21529100510165664,0.05797514258522872,0.004151686192983923,195,0.23250593685053444,0.16334656991721877,0.011697490834104254,195,2.5223807413625974e-07,2.798457482475223e-07,1.978808262720464e-08,200
bowphs/LaTa,bertscore,baseline,200,83.57,0.933024563051996,0.9627286445099879,0.06132543282431196,0.004336362940927107,200,1.0403045671181983,0.12092778099168898,0.008550885397306496,200,0.9703137455737806,0.05149653551870204,0.0036413549472888115,200,1.0483808901828442,0.11365277377379068,0.0080364647036108,200,0.9695673077418383,0.052721068183901494,0.0037279424824235084,200,1.047602151034045,0.11523176708770581,0.00814811639158256,200,0.8365001684800358,0.4543719751743524,0.03212895048269102,200,0.9094397342927977,0.49608873747095517,0.03507877103359853,200,1.1200224052470988,0.20181853716865314,0.014270725620110392,200,1.2048209484359262,0.20470089163540256,0.014474538859032576,200,1.1047463362790948,0.1808641172780859,0.012789024380065355,200,1.1888701725479474,0.18615833358134426,0.01316338200497559,200,0.017522565093428907,0.013483625256455635,0.000953436285381798,200,0.019983124657057115,0.01830670396920835,0.0012944794517801908,200,0.024242001711804555,0.02612282661495712,0.0018471627843196605,200,0.03285324851917165,0.037930840782387135,0.0026821154733333193,200,82.895,50.79730114897937,3.5919116108418514,200,83.57,51.137268220007854,3.615950912972288,200,0.22699335414978544,0.3250893755734711,0.02298729019597018,200,0.15211428142761174,0.26571355175930905,0.01878878543021701,200,82.895,50.79730114897937,3.5919116108418514,200,0.16704257338267975,0.23942971884827718,0.016930237781520533,200,0.15068008730180826,0.26657779388598457,0.018849896577052945,200,0.9658344632696816,0.05240908710793305,0.0037058820889815922,200,1.043358693257336,0.11176309584119089,0.00790284429557081,200,1.014196158562763,0.13328857019394647,0.009424925183879869,200,1.0929834450982334,0.14744801829841023,0.010426149361132401,200,-0.0845199219854812,0.14803463301354705,0.010467629285434108,200,0.7946219719063663,0.19491308767225501,0.013782436603505957,200,0.8791418938918476,0.19692325185498513,0.013924576675996635,200,1.0348951701445837,0.11205061391805125,0.007923174893756978,200,0.8102674201995204,0.15203131699997396,0.010750237520340322,200,0.22462774994506346,0.19026834031876652,0.01345400336845096,200,-0.001711865196826426,0.059542206730724294,0.004210269814610644,200,0.22870521934661187,0.33290474581247986,0.02353992032531884,200,-0.0006025233668380145,0.04079103492617433,0.002884361740791517,200,0.16764509674951777,0.24515327873552328,0.017334954582400437,200,0.818736831520593,0.13964110513538394,0.009874117237361361,200,0.22462186173674303,0.18951045358171403,0.013400412683336842,200,0.2196163374905285,0.19165670956431005,0.013552175899282428,200,0.873367107607705,0.19062399486996678,0.013479151942942316,200,6.273557496772053e-08,4.870355606542752e-08,3.4438614761763007e-09,200
bowphs/LaTa,dla,abtt,200,83.57,0.5622480082130801,0.29523928828852875,0.18910506109768746,0.013371747105887118,200,0.5480729822676363,0.3242595282923281,0.023220707125914647,195,0.40342753336913767,0.200605403116355,0.014184944088623558,200,0.7584488182302732,0.26265198912364035,0.01880889961074822,195,0.5046483195523825,0.21696121326144513,0.015341474515162854,200,0.926006242204983,0.1728782669719056,0.012380069837674163,195,0.07872577728120658,0.06223969610634206,0.0044010111175784425,200,0.15003077662940922,0.12924939932974613,0.009255741732069351,195,0.1622793645075724,0.08818803769500104,0.006235835947367011,200,0.30344309088738275,0.14508233552592553,0.01038956184304949,195,0.28352421502172553,0.14116403767906657,0.009981804830254128,200,0.5102215835456932,0.1638825607512343,0.011735873934962986,195,0.22288667729308392,0.15419410487245463,0.011042069198836095,195,0.32073951623288777,0.18167688176327185,0.013010151729978237,195,0.4630374095492861,0.21800315830925934,0.01561153042528338,195,0.5478288206606551,0.24325973345348148,0.017420191338090592,195,83.55,51.097969749910945,3.6131720915027103,200,83.57,51.137268220007854,3.615950912972288,200,0.427400192459383,0.30597275621062797,0.021635541077487337,200,0.049005446031695,0.15027601989559458,0.010626119271789946,200,83.55,51.097969749910945,3.6131720915027103,200,0.31362746194951746,0.2357529038571177,0.01667024770017881,200,0.046004945583144725,0.14079107821562864,0.009955432613683661,200,0.4654105626698262,0.20541116889124283,0.0145247630454453,200,0.8485696291002469,0.14981346500448914,0.010728365062110072,195,0.2740382658321524,0.12923806491939221,0.00913851120919295,200,0.49170731099771225,0.12359377951092257,0.008850734384652175,195,0.5168515653350791,0.12461109263877705,0.008923585690893394,195,0.7916788640091343,0.06087477077985137,0.004359332880919262,195,0.27482729867405514,0.14907789894502038,0.010675690082507659,195,0.8400107527674555,0.1505385283191387,0.01078028792453416,195,0.7918267947012807,0.05558912449554661,0.003980819888609071,195,0.04818395806617491,0.1548776427453623,0.011091018362611942,195,0.0038157917510810136,0.05657676292800423,0.004000581272397546,200,0.42358440070830206,0.310792328577017,0.021976336307756632,200,0.0026683162691716975,0.03829271228308206,0.0027077036525392723,200,0.31095914568034577,0.2378442360557561,0.01681812721811591,200,0.7997748482647052,0.0493147951115105,0.003531505828955978,195,0.04879478083554173,0.1461963234511685,0.010469336175326173,195,0.21710941982110665,0.05627949382328538,0.004030258263026505,195,0.2745978911766056,0.1382863504467064,0.009902891243151603,195,2.5223807413625974e-07,2.798457482475223e-07,1.978808262720464e-08,200
bowphs/LaTa,dla,baseline,200,83.57,0.933024563051996,0.9429864136650042,0.08342518892742797,0.005899051681235319,200,1.0132454915306353,0.07301069235889499,0.0051626355666099496,200,0.9314437913982917,0.08986816292292078,0.006354638741557474,200,0.9977800992861628,0.017143238611536715,0.0012122100273716664,200,0.9325651052201607,0.08815773479198427,0.00623369320854573,200,0.9992012363670565,0.011586224081469674,0.0008192697616354084,200,0.797732624125407,0.4088130596246079,0.02890744866981806,200,0.8669186693011541,0.4485098167065509,0.03171443328219376,200,0.9837743017082454,0.12879192424221172,0.0091069642993732,200,1.0552634732110584,0.11559818016561349,0.008174025708792955,200,0.9790670372887834,0.1014918250805091,0.007176555774942689,200,1.0510211034224823,0.07912889577597107,0.00559525787909927,200,0.017463134874800574,0.012297918618711129,0.0008695941649770938,200,0.020000362671074873,0.018180657970681406,0.0012855666537502078,200,0.0262883299206956,0.038793349128585806,0.0027431040233760265,200,0.036281859336129416,0.05859444671501062,0.004143253061205783,200,82.895,50.79730114897937,3.5919116108418514,200,83.57,51.137268220007854,3.615950912972288,200,0.029206256323494537,0.28775061538198893,0.020347041142720644,200,0.24713754495772608,0.27993359859483136,0.019794294584835823,200,82.895,50.79730114897937,3.5919116108418514,200,0.01603111164162192,0.21950648039746415,0.015521452080343886,200,0.23357785894608518,0.27538509546207385,0.019472666843893715,200,0.9344536326031219,0.0827578796156899,0.0058518657872874275,200,1.001864998982149,0.015485698319718843,0.0010950042293282319,200,0.9202168823886009,0.07952924062751739,0.005623566535033422,200,0.9897472901148062,0.0728420015221342,0.005150707323150191,200,0.01871623299794595,0.07340598702738377,0.00519058712067548,200,0.7946219719063663,0.19491308767225501,0.013782436603505957,200,0.7759057389084204,0.18589548569211825,0.013144795852486364,200,0.9934014758693971,0.016600447289499637,0.0011738288849135036,200,0.8102674201995204,0.15203131699997396,0.010750237520340322,200,0.18313405566987664,0.15253010955381763,0.010785507480063143,200,-0.0014127847789825586,0.05401965485889885,0.0038197664268084207,200,0.03061904110247709,0.2900058656243892,0.020506511416688026,200,-0.0006707322907751497,0.03742555429605352,0.002646386323240477,200,0.01670184393239707,0.22065714553446322,0.015602816392468586,200,0.8063473204457972,0.16220682981556767,0.011469754931736015,200,0.19551767853635207,0.16573558240793557,0.01171927542045531,200,0.215332725502558,0.18192953755269428,0.012864360970164277,200,0.7744145646122482,0.1744633495435977,0.012336421753079689,200,6.273557496772053e-08,4.870355606542752e-08,3.4438614761763007e-09,200
bowphs/LaTa,ig,abtt,200,83.57,0.5622480082130801,0.26796012972088257,0.14985027696939912,0.010596014700774445,200,0.48348347925009943,0.22431192362294353,0.01606331049307871,195,0.3963233146314486,0.18074154077449062,0.012780356912374719,200,0.7289414065689267,0.20304515117685934,0.014540365285933424,195,0.5081501390221501,0.2133216714305029,0.01508412004425572,200,0.9234762402062692,0.13607757335795695,0.009744717430482504,195,0.040281831885916566,0.034358899441635456,0.002429541078928711,200,0.07567881464458662,0.07112171086857524,0.005093131502011873,195,0.10156092081641299,0.06111573814214591,0.0043215352877532705,200,0.1944368366711599,0.11127822104074178,0.007968798924392298,195,0.20287650393125786,0.10786372127573847,0.007627116875809035,200,0.371940782889002,0.15610020648481399,0.011178567970440204,195,0.24279097285414147,0.12237463420509677,0.008763429575940455,195,0.32987023528897863,0.15261837796111644,0.010929229050972745,195,0.4562994508202602,0.19296654851301345,0.013818621558222074,195,0.5386845092956312,0.22180603697266157,0.015883860222786334,195,83.55,51.097969749910945,3.6131720915027103,200,83.57,51.137268220007854,3.615950912972288,200,0.2984391986616719,0.20607998402459007,0.014572055417060302,200,0.1377210747458296,0.2515606995784212,0.01778802765519335,200,83.55,51.097969749910945,3.6131720915027103,200,0.2121638771414075,0.14742690066323996,0.01042465611882925,200,0.13211909221129278,0.24830488988362057,0.017557807143848705,200,0.4602731384874231,0.19367941265898825,0.013695202606739823,200,0.8328019716997609,0.10305543662640962,0.007379953101880009,195,0.2180297837282357,0.1013241076938718,0.0071646963648012785,200,0.3946271250566074,0.11365395752137934,0.008138928947450563,195,0.613931751276184,0.11325778497792455,0.00811055844234516,195,0.7916788640091343,0.06087477077985137,0.004359332880919262,195,0.17774711273295032,0.11254216367752776,0.008059311736605804,195,0.8242430953669697,0.1032188793348729,0.007391657477338394,195,0.7918267947012807,0.05558912449554661,0.003980819888609071,195,0.03241630066568905,0.11021269384209383,0.007892494936827761,195,0.001305146344113368,0.05192413432531242,0.003671590748866959,200,0.2971340523175585,0.20768243910390705,0.014685366102373488,200,0.0012643871059399058,0.03536719342827529,0.0025008382304669754,200,0.21089949003546762,0.14837062388632621,0.01049138742789,200,0.7982550915120846,0.05086164134448899,0.0036422777884847547,195,0.03454688018767644,0.11148127574618281,0.007983339973873299,195,0.21602014403405373,0.05517432032683478,0.003951115145106261,195,0.17860698102255376,0.10924469001513354,0.007823174742966425,195,2.5223807413625974e-07,2.798457482475223e-07,1.978808262720464e-08,200
bowphs/LaTa,ig,baseline,200,83.57,0.933024563051996,0.8789457438237676,0.20324512803869793,0.01437160082792914,200,0.9486461121547898,0.21970453957785935,0.015535456979297256,200,0.8979589280004248,0.19077818357948734,0.013490054731150754,200,0.9645007402332088,0.18406968227208112,0.013015692054544179,200,0.9038412779367809,0.19072352301114817,0.013486189645297141,200,0.9702804534525353,0.180571397865421,0.012768325991897327,200,0.2671166311424347,0.46357673502005076,0.032779825293299716,200,0.30394892687305547,0.5239245224202469,0.03704705826332799,200,0.5978756504057986,0.6268343346363008,0.044323880870188584,200,0.6580272474066894,0.6799642539188909,0.04808073349104992,200,0.7382854980085368,0.6065709022671173,0.04289103982635212,200,0.8021650627942222,0.6480980659019316,0.045827453727314185,200,0.04036072279727897,0.09163159547645958,0.0064793322532347136,200,0.041531683034427565,0.092564078657032,0.0065452687712672306,200,0.045386260842176396,0.10550676667011365,0.0074604550173504175,200,0.05677289680920495,0.12855557712580834,0.009090252034500928,200,82.895,50.79730114897937,3.5919116108418514,200,83.57,51.137268220007854,3.615950912972288,200,0.013386524618638216,0.19406930854243706,0.013722772409054161,200,0.37360342442360817,0.3140954757891945,0.02220990408705545,200,82.895,50.79730114897937,3.5919116108418514,200,0.0066647746848393355,0.14068408188223594,0.009947866830393254,200,0.35278063142411187,0.3115127796012529,0.022027279888231634,200,0.9048106355782966,0.12679915625539645,0.008966054323692347,200,0.9717445345149216,0.11275533303731809,0.007973006060563517,200,0.6594763434463567,0.4218568987569704,0.02982978738013806,200,0.7178355991110206,0.4586391705084699,0.03243068675843123,200,0.2906279240017315,0.45777467014143364,0.03236955735124427,200,0.7946219719063663,0.19491308767225501,0.013782436603505957,200,0.5039940479046348,0.43118732729107667,0.030489548308922358,200,0.9632810114021692,0.1140935811555392,0.008067634492493946,200,0.8102674201995204,0.15203131699997396,0.010750237520340322,200,0.1530135912026489,0.1955323444983036,0.013826224673605458,200,-0.0018206312390826585,0.05458870550832735,0.0038600043841133707,200,0.015207155857720877,0.20598770709283712,0.014565530452641341,200,-0.001073915032204837,0.037697086086492144,0.0026655865202731646,200,0.007738689717044171,0.14774527606300644,0.010447168659243035,200,0.7995462383059604,0.16596454454763052,0.011735465488616639,200,0.17219829620896107,0.2078041110748927,0.014693969609949916,200,0.209203801443575,0.1610262352681821,0.011386274290707196,200,0.5086317976674457,0.4275515250208618,0.03023245826489012,200,6.273557496772053e-08,4.870355606542752e-08,3.4438614761763007e-09,200
bowphs/LaTa,inverse,abtt,200,83.57,0.5622480082130801,0.15939194715671937,0.1221048978512398,0.008634120128670236,200,0.2827197563052466,0.23022436456433198,0.01648670918307951,195,0.2507596426826514,0.15445102698989116,0.010921336854577851,200,0.44383500807065857,0.19117462485092637,0.013690299239465699,195,0.3641845014819323,0.18919093634340103,0.013377819402745132,200,0.6352517300329731,0.15262337425378494,0.010929586842922244,195,-0.00045496879461025567,0.020927355351929782,0.0014797874881650136,200,-0.007119880624486394,0.052552094882575506,0.0037633336807343883,195,0.005724842464186526,0.03724552872944456,0.0026336565933468624,200,-4.162307682690555e-05,0.08103467238338949,0.005803013420665768,195,0.057292320754745135,0.07207582094366458,0.00509653017488526,200,0.08149660312566331,0.13738064311787013,0.009838032194180986,195,0.5405522879230941,0.18060358272944207,0.01293329118973647,195,0.6738447734024128,0.17207092521825598,0.012322254893852006,195,0.8107268223869559,0.15537951835062808,0.011126958421196778,195,0.8837061641809607,0.14662621576951806,0.010500121403666714,195,83.55,51.097969749910945,3.6131720915027103,200,83.57,51.137268220007854,3.615950912972288,200,-0.2984391986616719,0.20607998402459007,0.014572055417060302,200,0.1377210747458296,0.2515606995784212,0.01778802765519335,200,83.55,51.097969749910945,3.6131720915027103,200,-0.2121638771414075,0.14742690066323996,0.01042465611882925,200,0.13211909221129278,0.24830488988362057,0.017557807143848705,200,0.3539222472116543,0.17069532897431725,0.012069982463460829,200,0.6224906276089754,0.1131206485503409,0.008100737898788634,195,0.11167889245246687,0.07366054031982956,0.005208586756601658,200,0.18431578096582188,0.10366630386265269,0.007423698213273711,195,0.8242430953669697,0.1032188793348729,0.007391657477338394,195,0.7916788640091343,0.06087477077985137,0.004359332880919262,195,-0.03256423135783527,0.11255129519675294,0.008059965658279777,195,0.613931751276184,0.11325778497792455,0.00811055844234516,195,0.7918267947012807,0.05558912449554661,0.003980819888609071,195,-0.17789504342509654,0.11679862704137,0.008364123409170938,195,-0.001305146344113368,0.05192413432531242,0.003671590748866959,200,-0.2971340523175585,0.20768243910390705,0.014685366102373488,200,-0.0012643871059399058,0.03536719342827529,0.0025008382304669754,200,-0.21089949003546762,0.14837062388632621,0.01049138742789,200,0.8010976086315291,0.05046953407797563,0.0036141984039078385,195,-0.17860698102255373,0.10924469001513354,0.007823174742966425,195,0.21886266115349828,0.05644426626823018,0.0040420578628921865,195,-0.034546880187676446,0.11148127574618283,0.0079833399738733,195,2.5223807413625974e-07,2.798457482475223e-07,1.978808262720464e-08,200
bowphs/LaTa,inverse,baseline,200,83.57,0.933024563051996,0.07619138392092686,0.4314629086357933,0.030509034852684122,200,0.07739860584455285,0.45628919232491727,0.032264518207508176,200,0.19343510375625037,0.5344126720449692,0.03778868243550202,200,0.19877050172919047,0.5615852342786106,0.03971007273726415,200,0.19475672004874509,0.6230963453030088,0.04405956510963121,200,0.19821766299810445,0.654332907041209,0.04626832357223457,200,0.00022559624689443613,0.004319886829590478,0.0003054621271161883,200,0.0002790343361721329,0.004971930003993636,0.00035156854214087583,200,0.0026261894791683,0.0159300248001512,0.001126422856065679,200,0.002847083965159096,0.016725878954411157,0.001182698242996949,200,0.029179774344274385,0.17927064906125245,0.01267634916189254,200,0.029730164066276616,0.18045528409119388,0.012760115508182809,200,0.5873935495318738,0.3550715654779908,0.02510735117560105,200,0.5988753025828886,0.3561852674574118,0.025186101797787998,200,0.6264577816883488,0.3641906424022105,0.0257521672887288,200,0.6522002839824623,0.36832063678878,0.02604420199242937,200,82.895,50.79730114897937,3.5919116108418514,200,83.57,51.137268220007854,3.615950912972288,200,-0.013386524618638216,0.19406930854243706,0.013722772409054161,200,0.37360342442360817,0.3140954757891945,0.02220990408705545,200,82.895,50.79730114897937,3.5919116108418514,200,-0.0066647746848393355,0.14068408188223594,0.009947866830393254,200,0.35278063142411187,0.3115127796012529,0.022027279888231634,200,0.2894061716972379,0.4372042187563057,0.03091500678459505,200,0.2990914471144837,0.45697238506530424,0.032312827229466684,200,0.04407187956529791,0.11452224051679812,0.008097945286610474,200,0.04518251171058294,0.115668827193017,0.008179021208007724,200,0.9632810114021693,0.1140935811555392,0.008067634492493946,200,0.7946219719063663,0.19491308767225501,0.013782436603505957,200,-0.16865903949580294,0.2288981999519642,0.016185546938742815,200,0.29062792400173154,0.4577746701414336,0.03236955735124426,200,0.8102674201995204,0.15203131699997396,0.010750237520340322,200,-0.5196394961977888,0.42450099206809694,0.030016753011176817,200,0.0018206312390826585,0.05458870550832735,0.0038600043841133707,200,-0.015207155857720877,0.20598770709283712,0.014565530452641341,200,0.001073915032204837,0.037697086086492144,0.0026655865202731646,200,-0.007738689717044171,0.14774527606300644,0.010447168659243035,200,0.8077232447819293,0.1548712731315363,0.010951052744230328,200,-0.5086317976674457,0.42755152502086174,0.030232458264890117,200,0.21738080791954395,0.17088597359251087,0.012083463073692971,200,-0.17219829620896104,0.2078041110748927,0.014693969609949916,200,6.273557496772053e-08,4.870355606542752e-08,3.4438614761763007e-09,200
bowphs/LaTa,ot,abtt,200,83.57,0.5622480082130801,0.26796012972088257,0.14985027696939912,0.010596014700774445,200,0.48348347925009943,0.22431192362294353,0.01606331049307871,195,0.3963233146314486,0.18074154077449062,0.012780356912374719,200,0.7289414065689267,0.20304515117685934,0.014540365285933424,195,0.5081501390221501,0.2133216714305029,0.01508412004425572,200,0.9234762402062692,0.13607757335795695,0.009744717430482504,195,0.040281831885916566,0.034358899441635456,0.002429541078928711,200,0.07567881464458662,0.07112171086857524,0.005093131502011873,195,0.10156092081641299,0.06111573814214591,0.0043215352877532705,200,0.1944368366711599,0.11127822104074178,0.007968798924392298,195,0.20287650393125786,0.10786372127573847,0.007627116875809035,200,0.371940782889002,0.15610020648481399,0.011178567970440204,195,0.24279097285414147,0.12237463420509677,0.008763429575940455,195,0.32987023528897863,0.15261837796111644,0.010929229050972745,195,0.4562994508202602,0.19296654851301345,0.013818621558222074,195,0.5386845092956312,0.22180603697266157,0.015883860222786334,195,83.55,51.097969749910945,3.6131720915027103,200,83.57,51.137268220007854,3.615950912972288,200,0.2984391986616719,0.20607998402459007,0.014572055417060302,200,0.1377210747458296,0.2515606995784212,0.01778802765519335,200,83.55,51.097969749910945,3.6131720915027103,200,0.2121638771414075,0.14742690066323996,0.01042465611882925,200,0.13211909221129278,0.24830488988362057,0.017557807143848705,200,0.4602731384874231,0.19367941265898825,0.013695202606739823,200,0.8328019716997609,0.10305543662640962,0.007379953101880009,195,0.2180297837282357,0.1013241076938718,0.0071646963648012785,200,0.3946271250566074,0.11365395752137934,0.008138928947450563,195,0.613931751276184,0.11325778497792455,0.00811055844234516,195,0.7916788640091343,0.06087477077985137,0.004359332880919262,195,0.17774711273295032,0.11254216367752776,0.008059311736605804,195,0.8242430953669697,0.1032188793348729,0.007391657477338394,195,0.7918267947012807,0.05558912449554661,0.003980819888609071,195,0.03241630066568905,0.11021269384209383,0.007892494936827761,195,0.001305146344113368,0.05192413432531242,0.003671590748866959,200,0.2971340523175585,0.20768243910390705,0.014685366102373488,200,0.0012643871059399058,0.03536719342827529,0.0025008382304669754,200,0.21089949003546762,0.14837062388632621,0.01049138742789,200,0.7982550915120846,0.05086164134448899,0.0036422777884847547,195,0.03454688018767644,0.11148127574618281,0.007983339973873299,195,0.21602014403405373,0.05517432032683478,0.003951115145106261,195,0.17860698102255376,0.10924469001513354,0.007823174742966425,195,2.5223807413625974e-07,2.798457482475223e-07,1.978808262720464e-08,200
bowphs/LaTa,ot,baseline,200,83.57,0.933024563051996,0.8789457438237676,0.20324512803869793,0.01437160082792914,200,0.9486461121547898,0.21970453957785935,0.015535456979297256,200,0.8979589280004248,0.19077818357948734,0.013490054731150754,200,0.9645007402332088,0.18406968227208112,0.013015692054544179,200,0.9038412779367809,0.19072352301114817,0.013486189645297141,200,0.9702804534525353,0.180571397865421,0.012768325991897327,200,0.2671166311424347,0.46357673502005076,0.032779825293299716,200,0.30394892687305547,0.5239245224202469,0.03704705826332799,200,0.5978756504057986,0.6268343346363008,0.044323880870188584,200,0.6580272474066894,0.6799642539188909,0.04808073349104992,200,0.7382854980085368,0.6065709022671173,0.04289103982635212,200,0.8021650627942222,0.6480980659019316,0.045827453727314185,200,0.04036072279727897,0.09163159547645958,0.0064793322532347136,200,0.041531683034427565,0.092564078657032,0.0065452687712672306,200,0.045386260842176396,0.10550676667011365,0.0074604550173504175,200,0.05677289680920495,0.12855557712580834,0.009090252034500928,200,82.895,50.79730114897937,3.5919116108418514,200,83.57,51.137268220007854,3.615950912972288,200,0.013386524618638216,0.19406930854243706,0.013722772409054161,200,0.37360342442360817,0.3140954757891945,0.02220990408705545,200,82.895,50.79730114897937,3.5919116108418514,200,0.0066647746848393355,0.14068408188223594,0.009947866830393254,200,0.35278063142411187,0.3115127796012529,0.022027279888231634,200,0.9048106355782966,0.12679915625539645,0.008966054323692347,200,0.9717445345149216,0.11275533303731809,0.007973006060563517,200,0.6594763434463567,0.4218568987569704,0.02982978738013806,200,0.7178355991110206,0.4586391705084699,0.03243068675843123,200,0.2906279240017315,0.45777467014143364,0.03236955735124427,200,0.7946219719063663,0.19491308767225501,0.013782436603505957,200,0.5039940479046348,0.43118732729107667,0.030489548308922358,200,0.9632810114021692,0.1140935811555392,0.008067634492493946,200,0.8102674201995204,0.15203131699997396,0.010750237520340322,200,0.1530135912026489,0.1955323444983036,0.013826224673605458,200,-0.0018206312390826585,0.05458870550832735,0.0038600043841133707,200,0.015207155857720877,0.20598770709283712,0.014565530452641341,200,-0.001073915032204837,0.037697086086492144,0.0026655865202731646,200,0.007738689717044171,0.14774527606300644,0.010447168659243035,200,0.7995462383059604,0.16596454454763052,0.011735465488616639,200,0.17219829620896107,0.2078041110748927,0.014693969609949916,200,0.209203801443575,0.1610262352681821,0.011386274290707196,200,0.5086317976674457,0.4275515250208618,0.03023245826489012,200,6.273557496772053e-08,4.870355606542752e-08,3.4438614761763007e-09,200
bowphs/LaTa,random,abtt,1000,83.57,0.5622480082130801,0.2891992689726802,0.15994296278761408,0.005057840581244144,1000,0.5240528839211174,0.22461525291996307,0.007193445153307279,975,0.3906900791575035,0.19207552461239508,0.006073961405468987,1000,0.7013759238394934,0.17896764094068018,0.005731551586936569,975,0.4775567422278693,0.2136964621573028,0.006757675483370562,1000,0.8535105718110603,0.12969219388670727,0.004153474314001969,975,0.012907333080394323,0.019043602192206546,0.0006022115778154834,1000,0.024754655524294702,0.051924960495820335,0.0016629296121195584,975,0.031999673425754056,0.03279810101693776,0.001037167021418081,1000,0.05816958613339817,0.08150627469273099,0.0026102898580154616,975,0.08121512201135292,0.05943189756883183,0.0018794016198333233,1000,0.14509973590848155,0.1296612600108437,0.004152483637115554,975,0.2452345818717175,0.1448144676466954,0.004637774669706371,975,0.35809542251691756,0.17536497592324093,0.0056161739673324254,975,0.5391124312012067,0.20331393420254998,0.006511256985340658,975,0.6671418424873075,0.21798639744291398,0.006981151875431157,975,83.55,50.995568906014256,1.6126214831906613,1000,83.57,51.034788621582926,1.6138617194944709,1000,-0.008286539717514481,0.13423810009026285,0.004244981450588851,1000,0.4866730854055833,0.28557771688475925,0.009030760343465644,1000,83.55,50.995568906014256,1.6126214831906613,1000,-0.005726757014518499,0.09188469234996194,0.00290564909929729,1000,0.4884614046590376,0.28734650216680624,0.009086694245296161,1000,0.4472506565915994,0.19805971921138804,0.006263198254413944,1000,0.8003698546105062,0.09642277235917995,0.0030880001045287347,975,0.1219604623401602,0.061798485242646854,0.001954239693150674,1000,0.217266926238354,0.09090150023049201,0.002911177882004278,975,0.7912919500944375,0.08907998701128023,0.002852842772219489,975,0.7916788640091343,0.06074964265005438,0.0019455456243743978,975,0.0003869139146968633,0.08255032319046049,0.0026437261697003418,975,0.7918109782777148,0.09772621479214039,0.0031297436706049678,975,0.7918267947012805,0.05547486101502632,0.0017766174153859935,975,-1.581642356581428e-05,0.09047660168034413,0.00289757023792635,975,-0.0006333395126791987,0.05919333996868731,0.0018718577661373192,1000,-0.007653200204835281,0.14770753349051627,0.004670922333956324,1000,-0.0003173277793066568,0.04058473314364799,0.0012834019496405324,1000,-0.005409429235211843,0.10104010195710095,0.0031951685720007566,1000,0.7994737927883504,0.05379287229894329,0.0017227506658205206,975,0.0008960618221557399,0.09968475814394726,0.0031924672568193796,975,0.2154445395824919,0.05765201806775255,0.0018463422432653488,975,0.0018223866558620893,0.09270612414505237,0.00296897210115449,975,2.5223807413625974e-07,2.7928493456115276e-07,8.831765093843211e-09,1000
bowphs/LaTa,random,baseline,1000,83.57,0.933024563051996,0.4394276417943339,0.5585689465703421,0.017663501014031777,1000,0.46304006239504714,0.5969536962977737,0.018877333379573893,1000,0.6861795104286238,0.4894568925042167,0.015477985967815204,1000,0.7311508556982522,0.5293879527750329,0.016740716966227597,1000,0.8481842235098448,0.31928020056128004,0.010096526455690156,1000,0.9053729270788845,0.3451368413991488,0.010914185232576054,1000,0.023359777853215923,0.16228375566809938,0.005131862951574543,1000,0.025024598748946362,0.17906592246885,0.005662561663206874,1000,0.04445815086748841,0.2165806759059124,0.0068488823304143475,1000,0.0488463377128856,0.24331432682598528,0.007694274601207211,1000,0.09754624372444205,0.31467970245829335,0.009951045931922937,1000,0.10824770637184258,0.3586373271107623,0.011341108076248631,1000,0.17890162171455068,0.19557324968785442,0.006184569184144345,1000,0.18438633738016147,0.19832039334154256,0.0062714414941976585,1000,0.19707764469432795,0.21055200150402031,0.0066582389065990245,1000,0.21385977813442839,0.2228721321134042,0.007047835644563138,1000,82.895,50.69550284797469,1.6031325612715281,1000,83.57,51.034788621582926,1.6138617194944709,1000,-0.002118587844734157,0.13160453445825657,0.0041617007929420444,1000,0.49972119516700925,0.2843437407181831,0.008991738590818204,1000,82.895,50.69550284797469,1.6031325612715281,1000,-0.0013488503676365822,0.09094990970769332,0.0028760886766296978,1000,0.49758984952806534,0.2838435233092592,0.00897592032744353,1000,0.7581427811493313,0.24119014386680965,0.0076271020380280965,1000,0.8095782791529617,0.2503845155425625,0.007917853599523279,1000,0.19943992751478595,0.2353321179036872,0.007441854991669411,1000,0.21753419013919967,0.2624310696968248,0.0082987990903636,1000,0.7909293329735526,0.2604541052391417,0.008236281984968818,1000,0.7946219719063663,0.19452247988956156,0.006151340925553134,1000,0.0036926389328138074,0.24977253892490586,0.007898501199657668,1000,0.8011147560402094,0.25183482918058303,0.007963716543700776,1000,0.8102674201995202,0.15172664471581634,0.004798017790371307,1000,-0.009152664159310975,0.23671884453719863,0.007485707138208548,1000,0.0059162819904013215,0.057842215581814765,0.0018291314614901617,1000,-0.008034869835135478,0.14336286944980375,0.004533531993587503,1000,0.004087870661800187,0.03979479787198475,0.0012584220030149352,1000,-0.005436721029436769,0.0991705615479588,0.003136048513294634,1000,0.8107860638857073,0.16289925214496695,0.005151326659161649,1000,-0.0012077847327457904,0.2275524013840821,0.00719583875414551,1000,0.21176924166206482,0.1744032982330319,0.005515116538620002,1000,0.005764948477134843,0.22622478298132198,0.007153855773982743,1000,6.273557496772053e-08,4.860595365057075e-08,1.5370552138037957e-09,1000
bowphs/LaTa,retrieval_mark,abtt,200,83.57,0.5622480082130801,0.39145735695250167,0.1830192612254764,0.012941416070028652,200,0.7232407757884715,0.3124518902696268,0.02237514460438165,195,0.4529532686264764,0.1899668838304417,0.013432687175738242,200,0.8468774865467277,0.2668383452845976,0.01910869080223703,195,0.5030916880067511,0.20223071136226015,0.014299870736843353,200,0.9311112071239798,0.1978921181490889,0.014171348926173138,195,0.05077306010295787,0.03719181093481838,0.0026298581716618064,200,0.10738943950369781,0.09641304123101484,0.006904281287690684,195,0.13802454401252082,0.08389112850923888,0.005931998585027492,200,0.2719387592757354,0.17477450277353854,0.012515862103897707,195,0.28528790592164305,0.14280086856853028,0.010097546252413667,200,0.5189034687719475,0.21240583946939037,0.01521069809768625,195,0.1453934470806956,0.13693153078370088,0.009805870591919669,195,0.29132011266441415,0.22189081979779582,0.015889931647000505,195,0.4472777118550555,0.27425182286849703,0.019639580958855863,195,0.5393042413845305,0.29121746323126135,0.02085451569999379,195,83.55,51.097969749910945,3.6131720915027103,200,83.57,51.137268220007854,3.615950912972288,200,0.3969177109836538,0.2926143187206355,0.020690956903964306,200,0.08605941122917084,0.19775831898612412,0.013983624839114073,200,83.55,51.097969749910945,3.6131720915027103,200,0.29205318581420364,0.21814206073211803,0.015424973040568835,200,0.08218749549164063,0.19580885181695648,0.013845776693612175,200,0.4891381570225347,0.199037401286188,0.014074069615921158,200,0.8979397841686215,0.1706316949808004,0.012219189475831083,195,0.27610432031518545,0.12410052551200045,0.008775232313834966,200,0.5036748875849839,0.1559020524197159,0.01116437786310339,195,0.5048839887478076,0.15682866623328795,0.011230734056542327,195,0.7916788640091343,0.06087477077985137,0.004359332880919262,195,0.2867948752613268,0.17306233356643216,0.012393251120289588,195,0.8893809078358301,0.1714057521143228,0.012274620858498253,195,0.7918267947012807,0.05558912449554661,0.003980819888609071,195,0.09755411313454944,0.18515729489462113,0.013259389291094374,195,0.006356653837578236,0.05911229038023455,0.0041798701379332165,200,0.3905610571460756,0.30312026628008437,0.021433839580171962,200,0.004111117178314306,0.04061986361967635,0.0028722581016345887,200,0.28794206863588934,0.22497771711233214,0.015908326938599882,200,0.8014362216714062,0.049827009281890954,0.0035681862475662996,195,0.09650356249721526,0.1601033986496093,0.011465242515725007,195,0.21825225465277312,0.06292504050488433,0.004506155745508145,195,0.2854226329322108,0.15285609019303828,0.01094625197747478,195,2.5223807413625974e-07,2.798457482475223e-07,1.978808262720464e-08,200
bowphs/LaTa,retrieval_mark,baseline,200,83.57,0.933024563051996,0.4064765281475715,0.5439902452469095,0.03846591913134228,200,0.4191813827729074,0.5770968397941323,0.04080690888197575,200,0.5247242917596587,0.5021550000907115,0.03550772057708734,200,0.5557493123864706,0.5414394824884922,0.03828555296697477,200,0.5691262672031914,0.4860596914707103,0.03436961039003804,200,0.6025153008966175,0.5225042716821375,0.03694663137053776,200,0.11662338830326043,0.38473314155232213,0.027204741333885084,200,0.11418467680934694,0.4045976238332401,0.028609372346444797,200,0.3116686036648334,0.547554836188251,0.03871797377402014,200,0.32889985215463596,0.5895210392835519,0.041685432452954065,200,0.441255288121607,0.6246900987504542,0.04417226049665402,200,0.46636377197035744,0.672550177698958,0.04755647913391507,200,0.37531757627871387,0.38311664571109805,0.027090437816776145,200,0.39751903577323355,0.38970687714152435,0.02755643755018046,200,0.4228179729863079,0.39431852923583316,0.027882530597016352,200,0.454723779727024,0.399589855833699,0.028255269675336345,200,82.895,50.79730114897937,3.5919116108418514,200,83.57,51.137268220007854,3.615950912972288,200,0.0700133152815654,0.2731460881141681,0.019314345116010646,200,0.23203424654521354,0.27844527271978425,0.0196890540529497,200,82.895,50.79730114897937,3.5919116108418514,200,0.05887535627323546,0.20442554391798007,0.01445506883521521,200,0.22324861968960064,0.28468981851909375,0.020130610120961873,200,0.5841079205594335,0.3968075486931844,0.028058530850696185,200,0.6172573848153587,0.4197848362255444,0.02968327043343667,200,0.4335076370690167,0.4711119482746393,0.03331264533230035,200,0.4582755895588989,0.5036999924233728,0.03561696803261795,200,0.5501879335538533,0.5025816579624306,0.03553788984452127,200,0.7946219719063663,0.19491308767225501,0.013782436603505957,200,0.24443403835251307,0.5246228767808668,0.037096439373734545,200,0.6087938617026066,0.41965228896666,0.029673897926878186,200,0.8102674201995204,0.15203131699997396,0.010750237520340322,200,-0.20147355849691378,0.42632699054594336,0.030145870601788968,200,-0.0019393568951667206,0.0588791273179398,0.0041633830196861335,200,0.07195267217673212,0.28284616838948584,0.020000244370083752,200,-0.0010412201367960782,0.040177982888354107,0.002841012415475226,200,0.05991657641003153,0.2106506450066838,0.014895249954554626,200,0.8060161804484732,0.15204465622962762,0.010751180746314714,200,-0.18875879563311457,0.4156414245537732,0.02939028698440098,200,0.2183636513718041,0.18573590400536683,0.01313351172320085,200,0.2399119381870948,0.5036748432603947,0.03561518971824965,200,6.273557496772053e-08,4.870355606542752e-08,3.4438614761763007e-09,200
bowphs/PhilTa,attention_standalone,abtt,200,88.755,0.5817009915619239,0.24440074179282115,0.16694723284705343,0.0118049520446481,200,0.45263827859824524,0.36862454872269557,0.02667273623431215,191,0.38559971099201035,0.19114573595360218,0.013516044608768537,200,0.6955381734934197,0.3501717263735473,0.02533753686953054,191,0.4857306207801819,0.21030184303903945,0.014870585930893373,200,0.842011876925742,0.2114884761606291,0.015302769066182293,191,0.0537632306226183,0.05168509135864111,0.0036546878585941357,200,0.10505387981809486,0.11951493121758229,0.008647796918231303,191,0.14589637921526008,0.08949553981487596,0.0063282903089049445,200,0.271581715315869,0.2168942069442494,0.015693914017989807,191,0.28595828783740873,0.1450201160457661,0.010254470746442125,200,0.4898162972117582,0.20274164469722994,0.014669870553813453,191,0.28834357701619606,0.21006202354144196,0.015199554577092624,191,0.38053211527070185,0.23934035236611612,0.01731806009938616,191,0.5126173743620006,0.27107811246651903,0.01961452382313762,191,0.5993592345143479,0.293991867788988,0.02127250496945988,191,88.74,56.44388328064428,3.991185262424556,200,88.755,56.433577935418604,3.990456564475402,200,0.1961641580730494,0.2436480080365716,0.01722851587052542,200,0.19682759430026145,0.2679223379597239,0.018944970200267475,200,88.74,56.44388328064428,3.991185262424556,200,0.13437413514327878,0.17037713653865633,0.012047482860563018,200,0.20300695719997314,0.27874176824085084,0.019710019452303464,200,0.45151739543838487,0.18390336810308763,0.01300393186687391,200,0.7903451705890445,0.17758515118240328,0.012849610567260248,191,0.2784745569136857,0.12679893482282578,0.008966038666045117,200,0.48005650152763796,0.15375370669214236,0.011125227763201368,191,0.5279114824866535,0.15318165810423207,0.01108383578008084,191,0.717423804253588,0.05319749101419202,0.003849235356314114,191,0.18951232176693436,0.15750821381345897,0.011396894364038793,191,0.782377186574753,0.17687386471478206,0.01279814368475436,191,0.7181273976554796,0.055389811631244255,0.004007866108829914,191,0.06424978891927334,0.1832742823677588,0.01326126165245029,191,0.005524658021746368,0.05839315123101885,0.004129019321030502,200,0.190639500051303,0.2509780760513241,0.01774682995050443,200,0.004083473978389145,0.03994573670128246,0.0028245901300969177,200,0.13029066116488963,0.17579965544449977,0.012430912849506435,200,0.7258855302753815,0.06438321872267316,0.004658606207471388,191,0.06445964031366316,0.1943509754132963,0.0140627430322873,191,0.2863467136220046,0.061692167474867284,0.004463888573026107,191,0.19370978790563348,0.17143133045920086,0.012404335727177097,191,4.8881745501991484e-08,3.888139803542302e-08,2.7493300212860923e-09,200
bowphs/PhilTa,attention_standalone,baseline,200,88.755,0.9603863373756968,-0.05119147273927393,0.1984734496509899,0.014034192213370177,200,-0.02002709357780062,0.38059812642335233,0.026912351610084734,200,-0.031236783196192747,0.2487706954327607,0.017590744570099837,200,0.019601228749609408,0.567127622396385,0.040101978759468755,200,0.019074037118133342,0.32079505267848196,0.022683635712005032,200,0.04538211297195729,0.47529686394666143,0.03360856355733841,200,0.003921441893813351,0.03138719745254488,0.0022194100161135617,200,0.006174575990162571,0.03920967789218487,0.002772542912570418,200,0.028445865283586603,0.156993283885796,0.011101101563639108,200,0.0365573661744817,0.17848062790918098,0.012620486230501484,200,0.06809174005410382,0.24335438429543133,0.017207753536677656,200,0.05923693441178887,0.3960590891603527,0.028005606769585283,200,0.7679191535359432,0.21928622492326608,0.015505877666403994,200,0.7750657731680708,0.21686325458255326,0.015334547790550804,200,0.7905962476590989,0.2120122310585008,0.014991528627595509,200,0.801352907573175,0.2131861359210112,0.015074536236470405,200,88.245,55.67534188011185,3.9368411788306474,200,88.755,56.433577935418604,3.990456564475402,200,0.11414095065062213,0.3063982224548521,0.02166562608413302,200,0.21065117812882847,0.3016941367312005,0.021332996992685333,200,88.245,55.67534188011185,3.9368411788306474,200,0.08287353240543824,0.2112470561135489,0.014937422588358555,200,0.21209968324541703,0.30671241691006645,0.021687842987122348,200,0.1705877871401689,0.228510414991093,0.016158126401195398,200,0.20673655137675873,0.3577474658862558,0.025296565908047453,200,0.13304667474819223,0.16935111465311284,0.011974932157271658,200,0.13876146544448795,0.19432380508385996,0.013740768032077027,200,0.8692895963609546,0.19366445535209537,0.0136941449654266,200,0.8745161367057954,0.2138596957911342,0.015122164111640314,200,0.005226540344840964,0.25532508933017645,0.018054210207242877,200,0.1986854895713163,0.35608051712661104,0.025178694830863924,200,0.8526557593171791,0.09408696243175212,0.006652952915673586,200,-0.6539702697458628,0.3833321174395462,0.027105673968810112,200,0.0017941991305684445,0.051540675163388526,0.0036444760914965094,200,0.11234675152005369,0.30765281171034076,0.021754338941149,200,0.001311210406073423,0.03556737475198105,0.0025149931876129,200,0.08156232199936482,0.2118691198997238,0.014981409140512039,200,0.8639860431350038,0.10030169655310836,0.0070924009797218275,200,-0.6572494917582452,0.3518177053353233,0.02487726851840977,200,0.1378780148128774,0.1544677070317323,0.010922516311647486,200,0.0008834506316105406,0.2231848444574155,0.015781551697390334,200,5.4251892677020796e-08,4.238767375432236e-08,2.9972611550404383e-09,200
bowphs/PhilTa,attention_weighted,abtt,200,88.755,0.5817009915619239,0.2188702451496097,0.136946578336838,0.009683585420227288,200,0.3981733497210867,0.2893824289965135,0.02093897768397145,191,0.3494492206779725,0.17492265471118512,0.012368899532943197,200,0.6279291943478574,0.28615490703774266,0.020705442391232426,191,0.4514654328495752,0.1941016102425184,0.013725056484171298,200,0.7815173089341002,0.2224853447569514,0.016098474551585945,191,0.03468958866654691,0.03301892757473999,0.002334790759560613,200,0.06608123190388798,0.07299040293601672,0.005281400199456311,191,0.10968583848907996,0.07910162733758412,0.0055933297093296915,200,0.1984473427009203,0.1406899941264772,0.010179970696865886,191,0.2211477954849721,0.12631016207547044,0.008931477213633703,200,0.3774805610893503,0.2071846397919117,0.014991354396008506,191,0.36096958938046536,0.19422972434322902,0.01405396961277078,191,0.4728114136947151,0.22452767064205445,0.016246252066205138,191,0.6242621019265256,0.24481729308223316,0.017714357621073595,191,0.7067400639373527,0.2563786501978906,0.01855090806223425,191,88.74,56.44388328064428,3.991185262424556,200,88.755,56.433577935418604,3.990456564475402,200,0.08795094441604184,0.18813555219010578,0.013303192473589942,200,0.3520181254334943,0.3316200597469257,0.02344907930245392,200,88.74,56.44388328064428,3.991185262424556,200,0.05821790337314674,0.12591529832067477,0.008903556129767624,200,0.35596078588877,0.33033873265929137,0.023358475795195496,200,0.42052745624493043,0.17101126523753374,0.01209232253087514,200,0.7330688969117126,0.14818416612036162,0.01072222995111273,191,0.2301873683013579,0.10648608033559472,0.007529702950727449,200,0.3964062512812844,0.137183480814216,0.009926248298278683,191,0.6115617327330071,0.13705669969951909,0.009917074738776148,191,0.717423804253588,0.05319749101419202,0.003849235356314114,191,0.10586207152058075,0.1411510554838534,0.010213331925833792,191,0.7251009128974212,0.14828604553410807,0.010729601686771631,191,0.7181273976554796,0.055389811631244255,0.004007866108829914,191,0.006973515241941377,0.14232888055085524,0.010298556356629731,191,0.004102981106887709,0.061924805068256136,0.0043787449587419,200,0.08384796330915414,0.1944069653064752,0.013746648347810649,200,0.0030110868849162775,0.04231021457994411,0.0029917839642936415,200,0.05520681648823047,0.13062853163994434,0.009236832053904612,200,0.7320748864215764,0.06643862950697726,0.004807330512168051,191,0.0009940104901361546,0.14985460053667607,0.01084309834345789,191,0.2931316729956475,0.058740503045664964,0.004250313630594532,191,0.10327457828563695,0.1504334030671744,0.010884979024712648,191,4.8881745501991484e-08,3.888139803542302e-08,2.7493300212860923e-09,200
bowphs/PhilTa,attention_weighted,baseline,200,88.755,0.9603863373756968,0.07596644888133547,0.2788866461134779,0.019720263864921313,200,0.10793129320359524,0.41965949048955165,0.029674407151445342,200,0.12299831495241623,0.36442015585415716,0.025768396340553303,200,0.1762343237521989,0.6215194048356306,0.04394805857983015,200,0.16725967802772346,0.3843534380064245,0.027177892238670606,200,0.22572872153805243,0.6515244598806159,0.046069736369048625,200,0.00091036393148678,0.0068553526121678515,0.00048474663194888,200,0.0031196433059232677,0.025415851603482892,0.001797172101845374,200,0.004671716379408578,0.020186539785830213,0.001427403917125258,200,0.013076809770194445,0.09520828526698104,0.006732242413742555,200,0.017909623316696842,0.07592736874674375,0.005368875731847403,200,0.03280929910892258,0.18375943612186232,0.012993754338878505,200,0.6586439534381835,0.2960898255417248,0.020936712348089543,200,0.6713827364177323,0.2976165621070452,0.021044668925931893,200,0.6903557589566183,0.30071546596714266,0.0212637945193039,200,0.7157214946272883,0.29425778264926505,0.020807167352821253,200,88.245,55.67534188011185,3.9368411788306474,200,88.755,56.433577935418604,3.990456564475402,200,0.0677136454759704,0.25494917860062116,0.018027629304643945,200,0.23856030704425918,0.2828203504936763,0.019998418769163466,200,88.245,55.67534188011185,3.9368411788306474,200,0.051448308869966874,0.17296636090343376,0.012230568671197773,200,0.24489761300417684,0.2970051780281233,0.021001437543120376,200,0.2974108844326674,0.24816218192878267,0.01754771616758919,200,0.35229411199920235,0.5083607323596883,0.03594653211404951,200,0.09006029656649524,0.08931554124030644,0.006315562487636743,200,0.10648514248879444,0.16795180618060562,0.011875986106283494,200,0.9015659193166482,0.16733167713701205,0.01183213636108992,200,0.8745161367057954,0.2138596957911342,0.015122164111640314,200,-0.02704978261085253,0.3587719731457677,0.025369009511105024,200,0.34424305019375995,0.506864929414707,0.035840762873478,200,0.8526557593171791,0.09408696243175212,0.006652952915673586,200,-0.5084127091234193,0.5385680106351327,0.0380825092450251,200,-0.004988450906262082,0.06235157923319238,0.004408922449348064,200,0.07270209638223248,0.26051954648994824,0.018421513795468643,200,-0.0036615720772839666,0.04197122127442437,0.002967813517782656,200,0.05510988094725084,0.17613638616390606,0.012454723307019036,200,0.8619999219230575,0.10393215344628591,0.007349113048518957,200,-0.5097058099238552,0.48626909579527167,0.034384417511828747,200,0.1457354539745446,0.13465115752839296,0.00952127465829447,200,-0.03925031148575016,0.27046406807649936,0.01912469766041927,200,5.4251892677020796e-08,4.238767375432236e-08,2.9972611550404383e-09,200
bowphs/PhilTa,bertscore,abtt,200,88.755,0.5817009915619239,0.4352003566909174,0.13953241686125545,0.00986643181579419,200,0.8242145034140383,0.48095423676266275,0.03480062720292616,191,0.5349709310663008,0.17595263493605698,0.012441730133092691,200,0.9621806051142043,0.3969561780068964,0.028722740981972833,191,0.5919440080540221,0.20583968802805905,0.014555063924196395,200,1.0304937925561486,0.3604974152347663,0.026084677493743425,191,0.13142138963598415,0.06094797465876354,0.004309672618079755,200,0.25056856751881995,0.15722146848487598,0.011376146200243903,191,0.2696392704669359,0.11031019360717223,0.007800108593363242,200,0.4803975103932547,0.22616428061359317,0.016364673007622517,191,0.4119708569602106,0.17606277584782468,0.012449518271652393,200,0.6996420729122537,0.26320053627852497,0.01904452241504874,191,0.11396814758580148,0.08745469587210551,0.006327999704662752,191,0.17731733572440794,0.1288445513477209,0.009322864538550631,191,0.2767077040011823,0.2025074957490477,0.014652928130537394,191,0.33764151649809526,0.2370149723616137,0.017149801507494886,191,88.74,56.44388328064428,3.991185262424556,200,88.755,56.433577935418604,3.990456564475402,200,0.5808473608097118,0.1888732668820386,0.013355356779714606,200,0.023326384979043765,0.11998240750939884,0.008484037397298366,200,88.74,56.44388328064428,3.991185262424556,200,0.42776562882931357,0.1513518960321922,0.010702195202980443,200,0.024262030854141702,0.12372890784927068,0.008748954976902474,200,0.5541591932578375,0.18752469424928528,0.01325999829436036,200,0.9758744449586427,0.29549936842571156,0.021381583887279412,191,0.3742733870247508,0.14267167714199153,0.010088411039035995,200,0.6464469974775536,0.21969250111270255,0.015896391477832866,191,0.36152098653673803,0.21979685473140992,0.015903942240679567,191,0.717423804253588,0.05319749101419202,0.003849235356314114,191,0.35590281771684995,0.22024669274019135,0.01593649137664452,191,0.9679064609443512,0.29560693497236323,0.021389367129433026,191,0.7181273976554796,0.055389811631244255,0.004007866108829914,191,0.24977906328887153,0.3013846813453176,0.021807430184562045,191,0.0016142601403041556,0.059087275028316275,0.0041781012854356986,200,0.5792331006694077,0.18934450060984603,0.013388678036160251,200,0.0009509765023808025,0.040140073345124115,0.0028383318059662646,200,0.42681465232693283,0.14989737365264486,0.010599344939183889,200,0.7275373506744187,0.05993812247604051,0.0043369703312569835,191,0.248337094284224,0.3075366680309135,0.022252572318341473,191,0.28938676968492505,0.06224446688780203,0.004503851555997856,191,0.35706022779262864,0.23572534108876153,0.01705648706357221,191,4.8881745501991484e-08,3.888139803542302e-08,2.7493300212860923e-09,200
bowphs/PhilTa,bertscore,baseline,200,88.755,0.9603863373756968,0.9396962521914846,0.09514029651982173,0.006727434883326483,200,1.0041112080220398,0.33868618886277985,0.023948730083909936,200,0.9528037989592019,0.08182198214313316,0.005785687842353405,200,1.0293605696018033,0.4519781282418391,0.03195967994278074,200,0.96512906167288,0.07237517557920266,0.005117697744162121,200,1.0465637275470234,0.49411194374629497,0.0349389906088271,200,0.6583720180067658,0.4031382560149354,0.02850617945838793,200,0.6805824567976958,0.41012723481918834,0.029000374888993558,200,0.990204735030417,0.2323246963007248,0.01642783681913477,200,1.0223949544750535,0.20907986969609116,0.01478417936717058,200,0.9991931514073346,0.20076127264547206,0.014195965728725462,200,1.0379256266667414,0.17452074923937633,0.012340480524492001,200,0.018539869863682376,0.017502850545098196,0.0012376384310533593,200,0.021302153395478206,0.0369477316628262,0.002612599160824532,200,0.03399153279326029,0.07789029004999333,0.0055076752282937355,200,0.06947695525132777,0.1412317592228202,0.009986593466536188,200,88.245,55.67534188011185,3.9368411788306474,200,88.755,56.433577935418604,3.990456564475402,200,0.3573434719954027,0.3087661816073026,0.021833066081560073,200,0.13513871109584583,0.23951552079623487,0.01693630489544452,200,88.245,55.67534188011185,3.9368411788306474,200,0.2795724247026367,0.2298731537549235,0.01625448658328443,200,0.10231746207456234,0.208496715739006,0.014742944155417511,200,0.9583186062067051,0.07816362465389823,0.005527002903489144,200,1.0310270627246354,0.39840776571245956,0.028171683281266142,200,0.8925364328059939,0.16336461170898534,0.011551622474533079,200,0.9284185464335633,0.14009572356739194,0.009906263614973886,200,0.0796325153718793,0.14240251260527767,0.010069378232119465,200,0.8745161367057954,0.2138596957911342,0.015122164111640314,200,0.7948836213339162,0.29891665319902383,0.021136599248661726,200,1.0229760009191928,0.3980721022151553,0.02814794828775208,200,0.8526557593171791,0.09408696243175212,0.006652952915673586,200,0.1703202416020138,0.4343270343562499,0.03071155912459469,200,0.006198250163203716,0.06562067369957093,0.004640082335899634,200,0.351145221832199,0.3162801607521838,0.02236438464226405,200,0.004393853546152213,0.044481547404965946,0.0031453203807722293,200,0.2751785711564845,0.23505816513709263,0.01662112225417055,200,0.8668150591195467,0.10772879381037097,0.0076175760632360675,200,0.16421200360508878,0.3399360871723096,0.024037111240956147,200,0.14918290235686238,0.14112229616392846,0.009978853259413011,200,0.7792356440767008,0.22286477450345987,0.015758919333900726,200,5.4251892677020796e-08,4.238767375432236e-08,2.9972611550404383e-09,200
bowphs/PhilTa,dla,abtt,200,88.755,0.5817009915619239,0.47930344999720276,0.17518756748093328,0.012387631694534381,200,0.8834175392341146,0.31310653930065663,0.022655594058894873,191,0.5434088925933277,0.20398065605970198,0.01442361051306961,200,0.9733489228326374,0.23561608407453155,0.01704858150347752,191,0.5704365391395657,0.22371521480469256,0.015819054544300323,200,1.0023440420337764,0.13819372919583658,0.009999347305676526,191,0.18566393396382297,0.08034515602265192,0.0056812604659108356,200,0.34502249970874527,0.15430062399002312,0.011164801309995535,191,0.3432657718178126,0.14389078441855868,0.010174614941261446,200,0.6084717915719309,0.17184053408685343,0.01243394466251339,191,0.46828345947907934,0.2074075724634258,0.014665930095832863,200,0.8080291603989536,0.1529578735486236,0.011067643297931347,191,0.0700756433941298,0.06911466184333234,0.00500096141632084,191,0.11878908291073999,0.10671764983792066,0.00772181813592083,191,0.21467832388112165,0.18358873303988682,0.013284014504547187,191,0.3000940280914526,0.24835630648693413,0.017970431643816707,191,88.74,56.44388328064428,3.991185262424556,200,88.755,56.433577935418604,3.990456564475402,200,0.5413659628180322,0.2569425294713176,0.018168580496439303,200,0.035168449904965066,0.14412519736204799,0.010191190439455364,200,88.74,56.44388328064428,3.991185262424556,200,0.39947161750756643,0.2026496966923338,0.01432949747365463,200,0.03179894553092236,0.13971125802520049,0.009879077795772271,200,0.5488380199701534,0.2090032995129594,0.014778765037597664,200,0.9687892016602333,0.14295645923203923,0.010343966356282494,191,0.4135444323581986,0.172981951206956,0.012231671072131908,200,0.7172950981901395,0.11872653788828345,0.008590750779025044,191,0.290672885824152,0.11871299749131276,0.008589771030285687,191,0.717423804253588,0.05319749101419202,0.003849235356314114,191,0.4267509184294358,0.13531228316183658,0.009790853188004229,191,0.9608212176459416,0.14311741587270613,0.01035561277005647,191,0.7181273976554796,0.055389811631244255,0.004007866108829914,191,0.2426938199904619,0.16215967528636188,0.011733462303967655,191,0.007948607062976797,0.056336944693205084,0.0039836235623896795,200,0.5334173557550553,0.25887409372175146,0.01830516271441723,200,0.005392934645382228,0.03857452778336779,0.0027276310176688246,200,0.39407868286218417,0.2027280649603147,0.014335038947026544,200,0.7291227014594064,0.050883904092351405,0.0036818300819360605,191,0.2396665002008266,0.14496758652599398,0.010489486420074107,191,0.28946480833517513,0.05257007812412127,0.0038038373528852813,191,0.4278302898549643,0.11772746371937871,0.008518460309282733,191,4.8881745501991484e-08,3.888139803542302e-08,2.7493300212860923e-09,200
bowphs/PhilTa,dla,baseline,200,88.755,0.9603863373756968,0.9292984869606273,0.150809482714503,0.010663840789466049,200,0.9459129804012311,0.24867340953221262,0.017583865418100697,200,0.9416720041907337,0.1388143567255192,0.009815657296666305,200,0.9654452985684301,0.1775821667807784,0.012556955434848886,200,0.956030694831469,0.11621638491326207,0.008217739385715359,200,0.9879122112133218,0.09731285448496037,0.0068810579302935205,200,0.7295470338611656,0.4007186774386549,0.028335089416497768,200,0.7085138331838641,0.6570075540747209,0.046457449677702246,200,1.0174115506822596,0.24497920712914872,0.017322645861072485,200,1.0090420343711954,0.5213331602320892,0.03686382128575232,200,1.0400405917731734,0.21608076375863225,0.015279217333769723,200,1.0399814898551623,0.4492228701137593,0.03176485377215228,200,0.02888615798348533,0.08552974098294273,0.006047865984216777,200,0.030697517009854493,0.09355155422299673,0.006615093838162198,200,0.041525648481991,0.11605708180184539,0.008206474954680673,200,0.07177970503452906,0.15210175421612548,0.010755218183659187,200,88.245,55.67534188011185,3.9368411788306474,200,88.755,56.433577935418604,3.990456564475402,200,0.23140755796271611,0.29008023199531685,0.020511769913205545,200,0.15746186601598366,0.2762542162207012,0.019534122962103252,200,88.245,55.67534188011185,3.9368411788306474,200,0.1784318900903922,0.21426729962588834,0.015150986055199543,200,0.142455732307055,0.25472356086973386,0.01801167572189731,200,0.9506480224746471,0.12125764789572627,0.008574210509779873,200,0.9805958723145823,0.11122911395813605,0.007865086074516926,200,0.9466904553874045,0.19132003587575325,0.013528369474459867,200,0.9489972785717058,0.391117467120377,0.02765618132413251,200,0.05905378323373665,0.39237458452040314,0.02774507294796312,200,0.8745161367057954,0.2138596957911342,0.015122164111640314,200,0.8154623534720588,0.23869306006903027,0.016878148139697922,200,0.97254481050914,0.1120433173477736,0.007922658948324706,200,0.8526557593171791,0.09408696243175212,0.006652952915673586,200,0.11988905119196067,0.12972358141307944,0.009172842409699363,200,0.0026195494033292854,0.060073083455110046,0.00424780846778937,200,0.22878800855938686,0.2967032340179685,0.020980086877408464,200,0.0019486993544129434,0.040687765676173056,0.002877059502095122,200,0.1764831907359793,0.21809733033716236,0.015421810124009004,200,0.8629051875831784,0.09809154689095198,0.006936119798367035,200,0.11769068473140404,0.1705924615945489,0.01206270864128112,200,0.14458908187612202,0.1661573250616211,0.011749097129488975,200,0.8044081966955838,0.30916921502609673,0.021861564847907484,200,5.4251892677020796e-08,4.238767375432236e-08,2.9972611550404383e-09,200
bowphs/PhilTa,ig,abtt,200,88.755,0.5817009915619239,0.45147121147199565,0.17019835436130207,0.01203484105156677,200,0.832161850651716,0.3033041203561291,0.021946315917025123,191,0.5322180532364043,0.19360528285628956,0.013689960838122198,200,0.9407705159630197,0.20514295123672022,0.014843622996963233,191,0.5886204883820316,0.2146444401191847,0.015177653915226534,200,1.0304251274722012,0.13552472362625556,0.00980622484052324,191,0.1602083129905199,0.07622077107524175,0.00538962240945709,200,0.30128023359375894,0.1638406627724779,0.011855094289644446,191,0.31086211926036783,0.13076845735149398,0.009246726295854522,200,0.5460135523373537,0.1849906622423077,0.013385454541476148,191,0.4494917850112097,0.17973197005955685,0.012708969482513018,200,0.7828367072140251,0.19508706884464136,0.014116004883691686,191,0.0880550629291026,0.0660011002385931,0.004775672005400556,191,0.14415559000181344,0.10432355580428386,0.007548587571378661,191,0.2416939708189931,0.17088077879736915,0.0123644992070368,191,0.3186740259359745,0.22496710622183513,0.016278048508824264,191,88.74,56.44388328064428,3.991185262424556,200,88.755,56.433577935418604,3.990456564475402,200,0.5774759682667383,0.21537213529772564,0.015229109734764839,200,0.02352200412394862,0.11218019838156255,0.007932337899045504,200,88.74,56.44388328064428,3.991185262424556,200,0.4323248220857618,0.16760072856390434,0.011851161169934265,200,0.02325142414347658,0.11282138518269588,0.007977676652554373,200,0.5518312041592113,0.20187207837794896,0.014274511555326993,200,0.9702085666575564,0.12420967551566522,0.008987496693474723,191,0.40742900746054,0.1589272531062906,0.011237853838680888,200,0.7109681211344611,0.14496550680336953,0.010489335936626397,191,0.29699986287983043,0.14591612494833298,0.01055812025152897,191,0.717423804253588,0.05319749101419202,0.003849235356314114,191,0.4204239413737574,0.15291979466210406,0.011064888006403012,191,0.962240582643265,0.12481295771576162,0.009031148661456193,191,0.7181273976554796,0.055389811631244255,0.004007866108829914,191,0.2441131849877852,0.1427764824892051,0.010330943696216692,191,0.007599346670761312,0.057058897594719854,0.0040346733416255194,200,0.569876621595977,0.2208870656751647,0.015619074201530723,200,0.005767394776491388,0.03881408483816494,0.002744570259461639,200,0.42655742730927043,0.16995005949861292,0.012017283953452642,200,0.7320123475126461,0.05272381481203828,0.0038149613492131328,191,0.2381962191449102,0.13600438054443378,0.009840931597047898,191,0.29336451458188245,0.05424574852178473,0.003925084607544235,191,0.41760360655257867,0.15376478506969465,0.011126029366467836,191,4.8881745501991484e-08,3.888139803542302e-08,2.7493300212860923e-09,200
bowphs/PhilTa,ig,baseline,200,88.755,0.9603863373756968,0.9305432015053466,0.14375826944157938,0.01016524471737836,200,0.9464970613388427,0.2611005542182716,0.018462597245930565,200,0.9414349647151923,0.13077933849917742,0.009247495709185927,200,0.9649937655306232,0.18269144526923234,0.01291823598146452,200,0.9535144299505641,0.12073907712736312,0.008537542019096404,200,0.9831980203442986,0.11708110647125668,0.008278884433464976,200,0.7231399650211165,0.3982166952700938,0.028158172560718026,200,0.7019082587178482,0.661400267920326,0.046768061452506185,200,1.000069554164638,0.25805848223566524,0.01824749027315471,200,0.9876078382010742,0.5500478745987843,0.03889425821060481,200,1.0301326326111886,0.23297441991252155,0.01647377921631462,200,1.0256296633612072,0.48910206648150906,0.034584738790142865,200,0.027581574998535495,0.08818509718828278,0.00623562802214295,200,0.03058895156235443,0.09832298764064429,0.006952485130722067,200,0.045472643090780134,0.12900790851621918,0.009122236693851234,200,0.08430154671278194,0.17716781567373516,0.012527656387090642,200,88.245,55.67534188011185,3.9368411788306474,200,88.755,56.433577935418604,3.990456564475402,200,0.14449367269242777,0.25547981193923425,0.018065150747849642,200,0.16799315852711647,0.26842572230444156,0.018980564848636774,200,88.245,55.67534188011185,3.9368411788306474,200,0.10610840136317896,0.17390886833194327,0.012297214010599552,200,0.17189570969335535,0.25842905064773525,0.018273693416861532,200,0.949791474759125,0.12168160406597256,0.008604188738070577,200,0.9787097868593989,0.1222144213636191,0.008641864610500512,200,0.9408641221856865,0.2056177573290725,0.01453937105397571,200,0.9391051350073328,0.4297435174979509,0.030387455539376083,200,0.06894592679810958,0.43107876236016135,0.030481871609037432,200,0.8745161367057954,0.2138596957911342,0.015122164111640314,200,0.8055702099076859,0.28210296091970594,0.019947691665912766,200,0.9706587250539565,0.12301481357478354,0.00869846088651284,200,0.8526557593171791,0.09408696243175212,0.006652952915673586,200,0.11800296573677732,0.13719425383295503,0.009701098722511098,200,0.00502260785437814,0.05810170567858521,0.0041084110083832535,200,0.13947106483804964,0.26251329821563707,0.018562493331992336,200,0.00298477590264044,0.03967978102980847,0.0028057842242174896,200,0.10312362546053855,0.1790826785086761,0.012663057636653527,200,0.8626079664415031,0.09752636479656088,0.006896155389212118,200,0.1161018204178959,0.18561784895512665,0.013125163970543037,200,0.14366299966518103,0.1305061753273313,0.009228180156067646,200,0.7954421353421519,0.3690724951475936,0.026097366406830257,200,5.4251892677020796e-08,4.238767375432236e-08,2.9972611550404383e-09,200
bowphs/PhilTa,inverse,abtt,200,88.755,0.5817009915619239,0.016694242269674097,0.08222138310168198,0.005813929754973633,200,0.020445549486110146,0.15265565340484116,0.011045775415806466,191,0.052139759064002825,0.0965998087926574,0.006830637985861192,200,0.08558876992481274,0.19159463663031678,0.013863301357592641,191,0.1359115135026326,0.11745279568306292,0.008305166829681184,200,0.22347983587831563,0.19557258319293683,0.014151135468984855,191,-0.016239483254041297,0.01891679076003164,0.0013376191024705396,200,-0.0325294807374025,0.036093368041618445,0.002611624453438817,191,-0.021109680571733208,0.03441780178349299,0.002433706103464234,200,-0.04543672631652655,0.08010228395991907,0.005795997849931992,191,-0.0057616807896219615,0.05965212782824076,0.00421804240995558,200,-0.028262837821433955,0.13710839450215637,0.009920815243417543,191,0.8676648326951313,0.10998023588355083,0.007957890576940772,191,0.9133090792404224,0.10238657580163792,0.007408432617291277,191,0.9543743108972593,0.09146310422686618,0.006618037953977432,191,0.9715727062325308,0.08922793091888571,0.0064563064895692196,191,88.74,56.44388328064428,3.991185262424556,200,88.755,56.433577935418604,3.990456564475402,200,-0.5774759682667383,0.21537213529772564,0.015229109734764839,200,0.02352200412394862,0.11218019838156255,0.007932337899045504,200,88.74,56.44388328064428,3.991185262424556,200,-0.4323248220857618,0.16760072856390434,0.011851161169934265,200,0.02325142414347658,0.11282138518269588,0.007977676652554373,200,0.18374456484095641,0.11592878568598525,0.008197403049328212,200,0.304967846894122,0.14702197120565114,0.01063813647844428,191,0.03934236814228518,0.06402306417619852,0.004527114283133149,200,0.04572740137102668,0.12560227894383202,0.00908826194106119,191,0.962240582643265,0.1248129577157616,0.009031148661456191,191,0.717423804253588,0.05319749101419202,0.003849235356314114,191,-0.244816778389677,0.12853735449632564,0.00930063655450109,191,0.2969998628798305,0.145916124948333,0.010558120251528974,191,0.7181273976554796,0.055389811631244255,0.004007866108829914,191,-0.4211275347756493,0.14783929450325012,0.010697275916689928,191,-0.007599346670761312,0.057058897594719854,0.0040346733416255194,200,-0.569876621595977,0.2208870656751647,0.015619074201530723,200,-0.005767394776491388,0.03881408483816494,0.002744570259461639,200,-0.42655742730927043,0.16995005949861292,0.012017283953452642,200,0.7225714534467007,0.05162010049018883,0.0037350993837343524,191,-0.4176036065525787,0.15376478506969468,0.011126029366467838,191,0.2839236205159369,0.055816581268998626,0.0040387460760488055,191,-0.2381962191449102,0.1360043805444338,0.0098409315970479,191,4.8881745501991484e-08,3.888139803542302e-08,2.7493300212860923e-09,200
bowphs/PhilTa,inverse,baseline,200,88.755,0.9603863373756968,-0.07663204095762728,0.11580846305533442,0.008188894954521872,200,-0.05308395574530414,0.2952638345106896,0.020878305962165118,200,-0.07941932963147934,0.1308989152574863,0.009255951062853178,200,-0.04442579386754694,0.40702684592751837,0.02878114428803203,200,-0.06942548342164298,0.1491700532650583,0.010547915621368122,200,-0.02514651915843481,0.48995989606258933,0.03464539650153129,200,-0.0006672615355052267,0.006536060555485585,0.000462169274102977,200,0.0009305693819894526,0.022170231757051857,0.0015676721215888713,200,0.0004040605229020718,0.01590448578542781,0.0011246169750161058,200,0.0049455603208409474,0.05698084136779521,0.004029153932888294,200,0.007259725407919871,0.03106334996074545,0.002196510540361398,200,0.017478584305132595,0.1199116910966953,0.00847903699180198,200,0.9098013854646791,0.11057429412903498,0.007818783320355648,200,0.9179244325967792,0.10428430516771729,0.007374013935542022,200,0.9298920737353285,0.10224445415926929,0.007229774687473642,200,0.9396088061591001,0.10048855628171814,0.007105613957844893,200,88.245,55.67534188011185,3.9368411788306474,200,88.755,56.433577935418604,3.990456564475402,200,-0.14449367269242777,0.25547981193923425,0.018065150747849642,200,0.16799315852711647,0.26842572230444156,0.018980564848636774,200,88.245,55.67534188011185,3.9368411788306474,200,-0.10610840136317896,0.17390886833194327,0.012297214010599552,200,0.17189570969335535,0.25842905064773525,0.018273693416861532,200,0.034608536214057656,0.12725520543644678,0.008998301870539871,200,0.07699698860355209,0.43246987220003114,0.030580237929152158,200,0.02568118364061921,0.0317510287945601,0.0022451367770282777,200,0.03739233675148599,0.12401937914987071,0.008769494399541911,200,0.9706587250539565,0.12301481357478354,0.00869846088651284,200,0.8745161367057954,0.2138596957911342,0.015122164111640314,200,-0.09614258834816099,0.32562254896543147,0.02302499124807052,200,0.06894592679810958,0.43107876236016124,0.030481871609037425,200,0.8526557593171791,0.09408696243175212,0.006652952915673586,200,-0.7837098325190694,0.46461856382242306,0.032853493714399,200,-0.00502260785437814,0.05810170567858521,0.0041084110083832535,200,-0.13947106483804964,0.26251329821563707,0.018562493331992336,200,-0.00298477590264044,0.03967978102980847,0.0028057842242174896,200,-0.10312362546053855,0.1790826785086761,0.012663057636653527,200,0.872439123945704,0.12774926905208797,0.009033237443835615,200,-0.7954421353421517,0.3690724951475936,0.026097366406830257,200,0.15349415716938186,0.10199902478424117,0.007212420209935165,200,-0.11610182041789587,0.18561784895512667,0.013125163970543039,200,5.4251892677020796e-08,4.238767375432236e-08,2.9972611550404383e-09,200
bowphs/PhilTa,ot,abtt,200,88.755,0.5817009915619239,0.45147121147199565,0.17019835436130207,0.01203484105156677,200,0.832161850651716,0.3033041203561291,0.021946315917025123,191,0.5322180532364043,0.19360528285628956,0.013689960838122198,200,0.9407705159630197,0.20514295123672022,0.014843622996963233,191,0.5886204883820316,0.2146444401191847,0.015177653915226534,200,1.0304251274722012,0.13552472362625556,0.00980622484052324,191,0.1602083129905199,0.07622077107524175,0.00538962240945709,200,0.30128023359375894,0.1638406627724779,0.011855094289644446,191,0.31086211926036783,0.13076845735149398,0.009246726295854522,200,0.5460135523373537,0.1849906622423077,0.013385454541476148,191,0.4494917850112097,0.17973197005955685,0.012708969482513018,200,0.7828367072140251,0.19508706884464136,0.014116004883691686,191,0.0880550629291026,0.0660011002385931,0.004775672005400556,191,0.14415559000181344,0.10432355580428386,0.007548587571378661,191,0.2416939708189931,0.17088077879736915,0.0123644992070368,191,0.3186740259359745,0.22496710622183513,0.016278048508824264,191,88.74,56.44388328064428,3.991185262424556,200,88.755,56.433577935418604,3.990456564475402,200,0.5774759682667383,0.21537213529772564,0.015229109734764839,200,0.02352200412394862,0.11218019838156255,0.007932337899045504,200,88.74,56.44388328064428,3.991185262424556,200,0.4323248220857618,0.16760072856390434,0.011851161169934265,200,0.02325142414347658,0.11282138518269588,0.007977676652554373,200,0.5518312041592113,0.20187207837794896,0.014274511555326993,200,0.9702085666575564,0.12420967551566522,0.008987496693474723,191,0.40742900746054,0.1589272531062906,0.011237853838680888,200,0.7109681211344611,0.14496550680336953,0.010489335936626397,191,0.29699986287983043,0.14591612494833298,0.01055812025152897,191,0.717423804253588,0.05319749101419202,0.003849235356314114,191,0.4204239413737574,0.15291979466210406,0.011064888006403012,191,0.962240582643265,0.12481295771576162,0.009031148661456193,191,0.7181273976554796,0.055389811631244255,0.004007866108829914,191,0.2441131849877852,0.1427764824892051,0.010330943696216692,191,0.007599346670761312,0.057058897594719854,0.0040346733416255194,200,0.569876621595977,0.2208870656751647,0.015619074201530723,200,0.005767394776491388,0.03881408483816494,0.002744570259461639,200,0.42655742730927043,0.16995005949861292,0.012017283953452642,200,0.7320123475126461,0.05272381481203828,0.0038149613492131328,191,0.2381962191449102,0.13600438054443378,0.009840931597047898,191,0.29336451458188245,0.05424574852178473,0.003925084607544235,191,0.41760360655257867,0.15376478506969465,0.011126029366467836,191,4.8881745501991484e-08,3.888139803542302e-08,2.7493300212860923e-09,200
bowphs/PhilTa,ot,baseline,200,88.755,0.9603863373756968,0.9305432015053466,0.14375826944157938,0.01016524471737836,200,0.9464970613388427,0.2611005542182716,0.018462597245930565,200,0.9414349647151923,0.13077933849917742,0.009247495709185927,200,0.9649937655306232,0.18269144526923234,0.01291823598146452,200,0.9535144299505641,0.12073907712736312,0.008537542019096404,200,0.9831980203442986,0.11708110647125668,0.008278884433464976,200,0.7231399650211165,0.3982166952700938,0.028158172560718026,200,0.7019082587178482,0.661400267920326,0.046768061452506185,200,1.000069554164638,0.25805848223566524,0.01824749027315471,200,0.9876078382010742,0.5500478745987843,0.03889425821060481,200,1.0301326326111886,0.23297441991252155,0.01647377921631462,200,1.0256296633612072,0.48910206648150906,0.034584738790142865,200,0.027581574998535495,0.08818509718828278,0.00623562802214295,200,0.03058895156235443,0.09832298764064429,0.006952485130722067,200,0.045472643090780134,0.12900790851621918,0.009122236693851234,200,0.08430154671278194,0.17716781567373516,0.012527656387090642,200,88.245,55.67534188011185,3.9368411788306474,200,88.755,56.433577935418604,3.990456564475402,200,0.14449367269242777,0.25547981193923425,0.018065150747849642,200,0.16799315852711647,0.26842572230444156,0.018980564848636774,200,88.245,55.67534188011185,3.9368411788306474,200,0.10610840136317896,0.17390886833194327,0.012297214010599552,200,0.17189570969335535,0.25842905064773525,0.018273693416861532,200,0.949791474759125,0.12168160406597256,0.008604188738070577,200,0.9787097868593989,0.1222144213636191,0.008641864610500512,200,0.9408641221856865,0.2056177573290725,0.01453937105397571,200,0.9391051350073328,0.4297435174979509,0.030387455539376083,200,0.06894592679810958,0.43107876236016135,0.030481871609037432,200,0.8745161367057954,0.2138596957911342,0.015122164111640314,200,0.8055702099076859,0.28210296091970594,0.019947691665912766,200,0.9706587250539565,0.12301481357478354,0.00869846088651284,200,0.8526557593171791,0.09408696243175212,0.006652952915673586,200,0.11800296573677732,0.13719425383295503,0.009701098722511098,200,0.00502260785437814,0.05810170567858521,0.0041084110083832535,200,0.13947106483804964,0.26251329821563707,0.018562493331992336,200,0.00298477590264044,0.03967978102980847,0.0028057842242174896,200,0.10312362546053855,0.1790826785086761,0.012663057636653527,200,0.8626079664415031,0.09752636479656088,0.006896155389212118,200,0.1161018204178959,0.18561784895512665,0.013125163970543037,200,0.14366299966518103,0.1305061753273313,0.009228180156067646,200,0.7954421353421519,0.3690724951475936,0.026097366406830257,200,5.4251892677020796e-08,4.238767375432236e-08,2.9972611550404383e-09,200
bowphs/PhilTa,random,abtt,1000,88.755,0.581700991561924,0.22013283501044628,0.1356863133255052,0.004290777974198522,1000,0.38092368603034243,0.23533774337308289,0.007615350538760787,955,0.33272194408215217,0.1648584005409617,0.005213280371217739,1000,0.5737244840091179,0.22049606808874075,0.007135085204978144,955,0.45120216589046347,0.19451388948393944,0.006151069273075228,1000,0.7786482793286387,0.17130372102782535,0.005543258236112524,955,0.020200015024969785,0.02708980415382209,0.0008566548249396817,1000,0.03477164189154349,0.06415087117641573,0.002075873442029307,955,0.05325305240646283,0.04603811943783848,0.0014558531661444027,1000,0.09149907321129322,0.1102198414461195,0.0035666303114336656,955,0.13116492103660654,0.08411158367633954,0.002659841820210719,1000,0.22555192471021698,0.16766693664258778,0.005425574657054956,955,0.35868543988275325,0.16528313795691413,0.005348436743072059,955,0.4891124029486159,0.18438515839704578,0.0059665636085938535,955,0.6567235201325362,0.20193033449214778,0.006534312174180592,955,0.7625008516335368,0.20473696497724425,0.006625132603876386,955,88.74,56.33076917241195,1.7813353293401992,1000,88.755,56.320484479201454,1.781010098784387,1000,-0.007738948710600821,0.1233539473058942,0.003900794318590167,1000,0.5087966729680821,0.28904754358942714,0.009140485898193914,1000,88.74,56.33076917241195,1.7813353293401992,1000,-0.005569969008646549,0.08405193907782146,0.0026579556923962844,1000,0.5088373549107463,0.29012938478004524,0.009174696720483329,1000,0.4201775040898894,0.17723510206996576,0.005604666038735153,1000,0.7241771276488184,0.11271859035411678,0.0036474879272585035,955,0.16703244241200502,0.08137815095510129,0.0025734030879112687,1000,0.28720207250142976,0.10605904664152994,0.0034319901534094924,955,0.7207659115128617,0.1052318016201226,0.0034052211331530415,955,0.7174238042535879,0.05308584872741362,0.0017178177240613486,955,-0.003342107259273872,0.1122705642156088,0.0036329901418783793,955,0.7162091436345268,0.11347082371594404,0.0036718296272134636,955,0.7181273976554796,0.055273568456672584,0.0017886106720180993,955,-0.0019182540209528908,0.11851588176808696,0.003835083871963141,955,-0.0004900672712114995,0.05671288345020117,0.0017934188437830414,1000,-0.007248881439389325,0.13586996803575405,0.004296585646072568,1000,-0.0006414330555839895,0.03867248911107322,0.0012229314837905174,1000,-0.004928535953062561,0.09245405548315583,0.0029236539424635152,1000,0.7259590915177508,0.05573161625865739,0.0018034327508127165,955,-0.0017819638689324957,0.12411957402872753,0.0040164150951850245,955,0.2886219786209574,0.06348586626914081,0.0020543543885774085,955,-0.0014199061195276706,0.12023822283763752,0.0038908175201401714,955,4.8881745501991484e-08,3.8803479323775635e-08,1.227073758023813e-09,1000
bowphs/PhilTa,random,baseline,1000,88.755,0.9603863373756968,0.5829701783333023,0.4668149726138002,0.014761985593287343,1000,0.6226452666154164,0.5387985109603587,0.0170383049454193,1000,0.8200509927592539,0.322202588704258,0.010188940483078958,1000,0.8546344788715253,0.38088144954428343,0.012044528990664372,1000,0.9185755846155899,0.17866967294562408,0.005650031153055377,1000,0.9642544190666779,0.2652181733400965,0.00838693504624052,1000,0.0072997649414281215,0.05047196287610306,0.0015960636066794849,1000,0.009725856245885171,0.07084543357626266,0.0022403293192315822,1000,0.01520020300892106,0.07829157061528404,0.0024757968473620787,1000,0.01323110271482582,0.13724151714305446,0.004339957837090968,1000,0.04831062476265591,0.15543644616763902,0.004915332012918897,1000,0.05330480402548921,0.19496164066795652,0.006165228408740539,1000,0.13085720411517093,0.13965414357489794,0.0044162517837684715,1000,0.13347453891880975,0.14480394231842078,0.004579102718978527,1000,0.14490623429139574,0.16714909492188254,0.0052857184878883304,1000,0.16841422402963566,0.19384710339819367,0.006129983645644578,1000,88.245,55.56376793655473,1.7570806206054712,1000,88.755,56.320484479201454,1.781010098784387,1000,0.0007653424697241487,0.1228382005295206,0.0038844849734978658,1000,0.508649587667881,0.2821506645640407,0.008922387433525279,1000,88.245,55.56376793655473,1.7570806206054712,1000,0.0002565416829070255,0.08468260286039925,0.0026778990323035145,1000,0.5091529754402494,0.28622690876303836,0.009051289593204092,1000,0.8387841795600094,0.15900163827483232,0.005028073286466758,1000,0.8796064172978915,0.19403529294330757,0.006135934721588487,1000,0.1472068401070727,0.13918737173568987,0.004401491162173238,1000,0.15235569639681026,0.1704236253398379,0.005389268231770751,1000,0.8556953654086322,0.16915514047468397,0.005349155218257372,1000,0.8745161367057956,0.21343111881573412,0.00674928459015739,1000,0.018820771297163297,0.2376806865617239,0.007516123253676222,1000,0.871555355492449,0.19492223876186446,0.006163982411066509,1000,0.8526557593171792,0.09389841121533703,0.002969328481115643,1000,0.01889959617526984,0.20591325433193877,0.006511548841064597,1000,0.0009666143654837774,0.058288035142439694,0.0018432295138604646,1000,-0.00020127189575962844,0.13512452966949354,0.004273012815145988,1000,0.0007351945338814398,0.0399799980955246,0.0012642785483105178,1000,-0.0004786528509744148,0.09333722292847804,0.0029515821492888195,1000,0.8731103717928722,0.12751394118632695,0.0040323448757354635,1000,0.006496045505019197,0.16964287220737695,0.005364578649881874,1000,0.14625077702142109,0.1270152481396935,0.00401657481692896,1000,0.006104919375389182,0.1716308217926063,0.005427443135510992,1000,5.4251892677020796e-08,4.2302728430965994e-08,1.3377297308141353e-09,1000
bowphs/PhilTa,retrieval_mark,abtt,200,88.755,0.5817009915619239,0.32884194910186987,0.18043932512768918,0.01275898703905132,200,0.6705769908298312,0.47027395465035554,0.03402782911154372,191,0.4465609852176688,0.19256281330259425,0.013616247109062351,200,0.8827648636055685,0.4810096626283495,0.03480463767781489,191,0.5378840986141227,0.20560574269686255,0.014538521491184796,200,0.9971453445646494,0.3148955290515802,0.022785040814184542,191,0.08925991794883016,0.07219958652321176,0.00510528172294279,200,0.1993166873928899,0.19382213992231237,0.014024477839121969,191,0.210819530438802,0.11524515437974607,0.008149063016080899,200,0.4425824057785388,0.3287492799570061,0.02378746304850585,191,0.36093229498275436,0.15992780505256216,0.01130860354529469,200,0.6921488344946296,0.34037212858641275,0.024628462859445498,191,0.21552362787083132,0.17661941311004253,0.012779732212807818,191,0.2960374061439987,0.2167693955685797,0.015684882983801187,191,0.3864448451626244,0.2569926400201576,0.018595334806564293,191,0.45082566505432237,0.2864545628064648,0.020727124721690096,191,88.74,56.44388328064428,3.991185262424556,200,88.755,56.433577935418604,3.990456564475402,200,0.36693526745021243,0.2795726192598927,0.019768769491275488,200,0.11785383176955815,0.24886049953217335,0.01759709467886714,200,88.74,56.44388328064428,3.991185262424556,200,0.2575763147468169,0.20261693983424536,0.01432718121400616,200,0.11679884252752083,0.25005283073456347,0.017681405226730177,200,0.49815131059202267,0.18670090384814825,0.013201747516468321,200,0.9258079596978498,0.28026093126310486,0.020278969271758762,191,0.3377438963866688,0.13463549876421957,0.00952016741646127,200,0.6433378056167691,0.26720986229034505,0.019334627063697877,191,0.3646301783975225,0.26749421681661095,0.019355202235108473,191,0.717423804253588,0.05319749101419202,0.003849235356314114,191,0.3527936258560655,0.274410233689203,0.019855627652986624,191,0.9178399756835582,0.2802897457112744,0.02028105421205486,191,0.7181273976554796,0.055389811631244255,0.004007866108829914,191,0.19971257802807857,0.28163646517301993,0.020378499412352074,191,0.005480234134277229,0.05623840336664521,0.003976655638365919,200,0.36145503331593515,0.2816421011330612,0.0199151039578815,200,0.003931302674128675,0.03890585904129798,0.0027510596755989753,200,0.25364501207268825,0.20390956825207815,0.014418583845986559,200,0.7267965605351155,0.05721137773828397,0.004139670006521446,191,0.19901139916273428,0.2939876986733973,0.021272203302843084,191,0.29018628325190565,0.05381180743215733,0.003893685732279504,191,0.35315152236486347,0.28033952874194173,0.020284656385731396,191,4.8881745501991484e-08,3.888139803542302e-08,2.7493300212860923e-09,200
bowphs/PhilTa,retrieval_mark,baseline,200,88.755,0.9603863373756968,0.8778773743069359,0.24740095541213894,0.017493889324395412,200,0.9128637224851093,0.3163404951782232,0.022368650930443195,200,0.9079263490733169,0.2074789307411347,0.014670975888039037,200,0.95242940960341,0.34222302663076776,0.024198822280880033,200,0.9237913330168404,0.19380827464718922,0.013704314525309232,200,0.9532867066955849,0.19959391392184786,0.014113421001770267,200,0.6439098193896936,0.4388468878323669,0.031031161028887883,200,0.649071942205019,0.5059226056592784,0.03577413052172433,200,0.9453277257240211,0.368449491105387,0.026053313368535166,200,0.9510245022846927,0.5108244845391743,0.036120745701377285,200,0.9761409500261494,0.3306623094667054,0.02338135613067121,200,0.9705921237246911,0.5246898946346694,0.037101178251622985,200,0.057725959816055085,0.14274767691510748,0.010093785034529889,200,0.0580993540013154,0.14313729904277062,0.010121335479386982,200,0.059675379448289385,0.1457873035386616,0.010308719094308916,200,0.07500847419903157,0.1564611479468329,0.011063473870543721,200,88.245,55.67534188011185,3.9368411788306474,200,88.755,56.433577935418604,3.990456564475402,200,0.17895360179434325,0.29233936927904525,0.020671515042501115,200,0.20773849873775163,0.2795716053055007,0.019768697793872848,200,88.245,55.67534188011185,3.9368411788306474,200,0.13258751771457622,0.21622300636288785,0.015289275404774,200,0.19418440268501336,0.2834804778835299,0.020045096824544712,200,0.927368488995275,0.1489974665038144,0.010535711894446263,200,0.9642438062711821,0.12560877174812562,0.008881881427961286,200,0.8835223203677961,0.2519055248708161,0.017812410485451055,200,0.8911165171443076,0.34897760578768144,0.02467644315347153,200,0.11693454466113491,0.35060219167325635,0.024791318723102525,200,0.8745161367057954,0.2138596957911342,0.015122164111640314,200,0.7575815920446607,0.2665937820231575,0.018851027109074294,200,0.9561927444657395,0.12645825212684186,0.008941948761588802,200,0.8526557593171791,0.09408696243175212,0.006652952915673586,200,0.10353698514856045,0.13572368442186716,0.009597113762232524,200,0.005088397226314583,0.060473958985890953,0.004276154648412064,200,0.1738652045680287,0.29522544088702063,0.02087559112300005,200,0.0033497352949478764,0.041005917358248864,0.002899556223279293,200,0.12923778241962836,0.2177727300779868,0.01539885741956521,200,0.8571289459106063,0.09199116652160148,0.006504757765668531,200,0.10711486036057577,0.1427707357634043,0.01009541554132959,200,0.13928049408329451,0.15713415924293456,0.011111062955672584,200,0.7518360230610129,0.30360743575225885,0.02146828766390813,200,5.4251892677020796e-08,4.238767375432236e-08,2.9972611550404383e-09,200
google/mt5-base,attention_standalone,abtt,200,111.215,0.5489072961850873,0.0954937166862509,0.12353755486980092,0.008735424277964142,200,0.18116438528420184,0.3136178866076542,0.022692593851477684,191,0.20809918058755103,0.1478651366863485,0.010455644085199275,200,0.3855683912443149,0.34430589036957726,0.024913099872402266,191,0.3419395193661592,0.20271499464839052,0.014334114736407163,200,0.5897724967861733,0.3329530753943724,0.024091639010938092,191,0.10149161100016482,0.06795905233045063,0.004805430674587308,200,0.19714835183591528,0.16815477513509844,0.012167252504641476,191,0.17930309181084658,0.09987826860468885,0.007062460102354694,200,0.33489917796017565,0.21085445583246293,0.01525689296531227,191,0.24087005302262335,0.15622940674726296,0.0110470872931741,200,0.40311091189095294,0.27139311439084135,0.019637316562443406,191,0.5257432741624268,0.22038548274327377,0.01594653386881441,191,0.6346158395277397,0.21948639712844945,0.01588147831692735,191,0.7407665623220159,0.23044846269371858,0.016674665543385276,191,0.8153090194288308,0.22357055368300804,0.01617699751361907,191,111.2,63.41218753235211,4.483918781399922,200,111.215,63.4206565195192,4.4845176292254845,200,0.04388276078146676,0.23342733014551265,0.016505804806016298,200,0.22731156606154115,0.2711605303119956,0.019173944977375245,200,111.2,63.41218753235211,4.483918781399922,200,0.02624202798001034,0.15539844399018574,0.010988329353129822,200,0.24443727668668974,0.2845949838783903,0.020123904299208593,200,0.33004187308471783,0.17391700180026703,0.01229778913366018,200,0.5869536145042584,0.21076476184798157,0.015250402936370451,191,0.24600391370172367,0.1387343530913989,0.009810000185445701,200,0.4219828962676336,0.18825405961083835,0.013621585687760838,191,0.5841686606681208,0.1876662010050099,0.01357904973189283,191,0.6714804191062032,0.0600580123799457,0.004345645260246658,191,0.08731175843808231,0.1982788163988618,0.014346951631365496,191,0.5808020575685039,0.2097565818813802,0.015177453594230719,191,0.6807073459995286,0.060377065853242706,0.004368731159347464,191,-0.0999052884310248,0.22327984139340482,0.01615596231059874,191,0.003867216630000766,0.0515974281117598,0.003648489130961075,200,0.040015544151465986,0.2372659301295278,0.016777234813912266,200,0.0029091043357380598,0.03568003505504788,0.0025229594740398087,200,0.02333292364427228,0.15893990589592563,0.011238748526016074,200,0.6873551328288211,0.07136079418857877,0.005163485848835462,191,-0.10040151832456269,0.21035288686021933,0.015220600708200463,191,0.33375779055498483,0.07889172675163066,0.0057084050045148734,191,0.0882251057126487,0.19355256513950825,0.014004972092415541,191,4.822567618813743e-08,5.4247151098416217e-08,3.835852840174137e-09,200
google/mt5-base,attention_standalone,baseline,200,111.215,0.9621391687245731,0.49308465351523423,0.42559249341017424,0.030093933811242524,200,0.5079798382419966,0.44361994620981426,0.03136866722345711,200,0.4711660841372526,0.3537124262544742,0.02501124551944853,200,0.48620796260561605,0.37084552862363623,0.026222738806248307,200,0.7898584813018426,0.15199679907995772,0.010747796734808728,200,0.818368747798488,0.15214463460738054,0.010758250285202825,200,0.002286634211912981,0.015234003057390788,0.0010772066866497623,200,0.002034917220341663,0.017404232934599306,0.0012306651129405416,200,0.02365258902476075,0.02995979040100492,0.002118477095547821,200,0.023998570926484376,0.03315785625453862,0.0023446145007193033,200,0.08391569587540414,0.06485007222132665,0.004585592582813742,200,0.08690281642820037,0.06852793297651455,0.004845656610839066,200,0.050128112178710584,0.07628997787939312,0.0053945160695090585,200,0.13670708446637714,0.17233842213208939,0.012186166694859018,200,0.42261405287121434,0.2264804253413471,0.016014584456488012,200,0.6064321605939448,0.1895590226081375,0.01340384703213081,200,110.995,63.088236645313486,4.461011994500281,200,111.215,63.4206565195192,4.4845176292254845,200,0.09883394074298124,0.3503579093417091,0.02477404535378641,200,0.14463657600937763,0.2511012304772658,0.01775553828347608,200,110.995,63.088236645313486,4.461011994500281,200,0.07302454346735562,0.2474735447399458,0.01749902216498881,200,0.1409287281561522,0.2465972705685224,0.017437060224109603,200,0.7416926948176368,0.14283802425283335,0.010100173556046699,200,0.7687698804994798,0.14220892751574804,0.010055689699165165,200,0.12305475767284185,0.058591372163036545,0.004143035657550785,200,0.12771639546012364,0.06147830239468922,0.004347172451912191,200,0.8784005320201002,0.06017362593002802,0.0042549178943705485,200,0.9283093052730312,0.032668983688353956,0.002310045990050779,200,0.04990877325293115,0.0588608418409517,0.004162090041208581,200,0.7626529530192562,0.141855604556839,0.010030705993145816,200,0.9293848303119833,0.037754356163174525,0.002669636126231283,200,-0.16673187729272726,0.14061691960860795,0.009943117740481029,200,0.0011168383775302627,0.05398400005076767,0.0038172452511472743,200,0.09771710236545098,0.3538181606414767,0.02501872206965394,200,0.0007043184477929648,0.03632935108874531,0.0025688730510958695,200,0.07232022501956266,0.24982271486672464,0.01766513357766943,200,0.9376714162384462,0.030689026494560172,0.002170041874231712,200,-0.16890153573896646,0.1410242754450766,0.009971922147913318,200,0.07963635619671977,0.03724201600103289,0.0026334082059388266,200,0.048080039263403866,0.06013279566548275,0.0042520307586767885,200,6.974178213825511e-08,5.297236332782826e-08,3.745711732458495e-09,200
google/mt5-base,attention_weighted,abtt,200,111.215,0.5489072961850873,0.4262344238722082,0.14240669619011811,0.010069674056240499,200,0.9075738070919241,0.6757648299146877,0.048896627007602056,191,0.49511535106539684,0.17219643854047834,0.012176126938814478,200,0.9993952195419602,0.47514039245116974,0.03437995219263414,191,0.5494410601906838,0.19330780435704803,0.01366892593171511,200,1.0809338663501473,0.3402952823625403,0.024622902461834826,191,0.14987291764903404,0.059607092615258574,0.004214857939506392,200,0.33341720854829276,0.2984607111733832,0.02159585912825762,191,0.30946024834510616,0.114536617993778,0.008098961927757355,200,0.6336310334505953,0.3474832314547778,0.025143004204562603,191,0.47846466153266115,0.18529489225613874,0.01310232748335464,200,0.9263387155744492,0.28836488890601775,0.02086535106703648,191,0.1031717891735982,0.09851860578467134,0.007128556129460325,191,0.170564520115034,0.15203978070438787,0.011001212431192378,191,0.27028402348466074,0.230480627128249,0.016676992880187258,191,0.3384049015984728,0.2753455638218352,0.019923305766140372,191,111.2,63.41218753235211,4.483918781399922,200,111.215,63.4206565195192,4.4845176292254845,200,0.5636538749636004,0.1628828343749763,0.011517555672543103,200,0.009835236594064944,0.0655288940089733,0.004633592531739955,200,111.2,63.41218753235211,4.483918781399922,200,0.4031812498849378,0.12308749846255844,0.008703600484216381,200,0.008690587462277412,0.05746704437119867,0.00406353367696228,200,0.5171752711437567,0.18298464012591742,0.012938967988601623,200,1.01514346033973,0.3047598623262702,0.022051649709170375,191,0.4160974405134442,0.15786899118236988,0.011163023420413302,200,0.8045260512593226,0.2191399426004486,0.015856409747092355,191,0.20162550567643178,0.21964545821784184,0.0158929875734248,191,0.6714804191062032,0.0600580123799457,0.004345645260246658,191,0.4698549134297713,0.21028148600732766,0.015215434323805599,191,1.008991903403976,0.30477904542315926,0.02205303774934635,191,0.6807073459995286,0.060377065853242706,0.004368731159347464,191,0.32828455740444695,0.2825594844206478,0.02044528674113004,191,-0.004420524391200566,0.04742503476020078,0.0033534563676945704,200,0.568074399354801,0.1716001211348052,0.012133960930685373,200,-0.0026604318321975535,0.032205410024721964,0.002277266381937412,200,0.40584168171713536,0.12806247595822207,0.009055384516559803,200,0.6824216218740092,0.05327107456326525,0.0038545596750617812,191,0.3327218384657209,0.30988585207880076,0.0224225533103624,191,0.32545321799506605,0.050786372257805974,0.0036747729260675948,191,0.4790728332642566,0.24040617620574997,0.01739518040579359,191,4.822567618813743e-08,5.4247151098416217e-08,3.835852840174137e-09,200
google/mt5-base,attention_weighted,baseline,200,111.215,0.9621391687245731,0.8779315463458442,0.05412998544581208,0.0038275679774262845,200,0.9129788481425146,0.05628664860793249,0.003980067092093341,200,0.9044750595598345,0.05296888217459408,0.003745465577752671,200,0.9406666917001126,0.05607375893488752,0.003965013518947872,200,0.9106328841981218,0.0548643580436781,0.0038794959618131484,200,0.9469526549988061,0.0560471973947121,0.003963135334430192,200,0.010637773099470558,0.013774397328460291,0.0009739969757712136,200,0.011432243899156907,0.016335518461280573,0.001155095587816953,200,0.04620878512813083,0.048770655425243156,0.0034486061174101917,200,0.049252799971309574,0.05672077029935381,0.00401076413127976,200,0.27005920884633833,0.1715076839921743,0.012127424637646593,200,0.2838622670906934,0.1903748667976685,0.01346153592801171,200,0.02084944243614257,0.050648874388069136,0.0035814162539269333,200,0.04265083530252295,0.10064615860439018,0.007116758124954108,200,0.16737742920696605,0.2349023333137961,0.016610103280272785,200,0.4411280337513969,0.3358683944156586,0.02374948192775501,200,110.995,63.088236645313486,4.461011994500281,200,111.215,63.4206565195192,4.4845176292254845,200,0.18389448022225488,0.35546022085800977,0.025134833261076656,200,0.13312529597995135,0.25292394612939617,0.017884423743255707,200,110.995,63.088236645313486,4.461011994500281,200,0.1318534939879325,0.23779193371892873,0.016814428884411654,200,0.13899618988546694,0.2597356219289531,0.018366081958166806,200,0.9077510490197861,0.04730067561390433,0.0033446628481296915,200,0.9439456193888591,0.04772734184396005,0.003374832706587261,200,0.389903940704736,0.11525163505067597,0.008149521268717016,200,0.40673543532744505,0.12702479349166249,0.008982009285677536,200,0.5993814921527786,0.12733077747173321,0.009003645620401783,200,0.9283093052730312,0.032668983688353956,0.002310045990050779,200,0.3289278131202525,0.11788057298887528,0.008335415253058948,200,0.9378286919086355,0.048183263647251055,0.003407071246467048,200,0.9293848303119833,0.037754356163174525,0.002669636126231283,200,0.008443861596652185,0.054814163762842885,0.0038759466901776124,200,-0.0023332656856051353,0.0513149272733701,0.003628513305109451,200,0.18622774590786,0.3566579583546462,0.025219526091671957,200,-0.0014922973163677632,0.03479591422753115,0.0024604426907872744,200,0.13334579130430022,0.2386890376306746,0.016877863710354102,200,0.9342448238180425,0.03317012440580232,0.002345481990014422,200,0.00970079557081659,0.0536024723366075,0.003790267167757948,200,0.07683434992270101,0.038260330503496726,0.002705413914946105,200,0.32990108540474394,0.1203088236300895,0.008507118502541263,200,6.974178213825511e-08,5.297236332782826e-08,3.745711732458495e-09,200
google/mt5-base,bertscore,abtt,200,111.215,0.5489072961850873,0.31958197091261853,0.11145787268395331,0.007881261759145025,200,0.715109286074618,0.5533944983644803,0.04004222057250765,191,0.4494262657544514,0.14515561108575414,0.010264051692601394,200,0.9459116149961477,0.519821247924609,0.0376129454289663,191,0.5592814037393934,0.19943906777093717,0.01410247172543531,200,1.1083901362809299,0.4067263861547894,0.02942968843239648,191,0.09942381671921723,0.041347452553868846,0.0029237064085629694,200,0.23445218706798768,0.21397650793904033,0.015482796727384182,191,0.23301904610850624,0.08510651028249579,0.00601793905438754,200,0.5142429522191593,0.35026606380675174,0.025344362886630056,191,0.4073602079717169,0.14944640073314153,0.01056745633823266,200,0.8323492764855676,0.3801007839272819,0.027503127470152305,191,0.198179698034703,0.1372812472164005,0.009933322426865836,191,0.26097627262586653,0.1747999475533516,0.012648080305605238,191,0.3335252374900574,0.21507060677386725,0.01556196294064026,191,0.3770366860174363,0.23892823779841585,0.01728824053582026,191,111.2,63.41218753235211,4.483918781399922,200,111.215,63.4206565195192,4.4845176292254845,200,0.5498954852368968,0.17092505940582095,0.012086226858056947,200,0.021757718005779553,0.12060202628233094,0.008527851060907444,200,111.2,63.41218753235211,4.483918781399922,200,0.3925735151500128,0.13094115021749284,0.009258937525515555,200,0.020414492570269296,0.11700254744994168,0.008273329471795455,200,0.500482385362169,0.17339175819346936,0.01226064880204603,200,0.9893088068898386,0.3149802181394674,0.0227911687015186,191,0.3703996283046051,0.1301517530624246,0.009203118717375744,200,0.7381338058165852,0.2603215767824117,0.018836208216943436,191,0.2680177511191693,0.2605609819500318,0.018853530966910007,191,0.6714804191062032,0.0600580123799457,0.004345645260246658,191,0.4034626679870337,0.24598959556429276,0.017799182451647556,191,0.9831572499540843,0.3150654797631247,0.022797338016087042,191,0.6807073459995286,0.060377065853242706,0.004368731159347464,191,0.3024499039545556,0.2953590823952699,0.021371433146368926,191,-0.0007173125023336327,0.05149460982341722,0.003641218780069372,200,0.5506127977392304,0.17685547654962291,0.012505570675821679,200,-0.0004216184112098775,0.035584822333409795,0.0025162269179272567,200,0.39299513356122273,0.13464160236147052,0.009520599005961847,200,0.6839322558366138,0.05138307142475787,0.0037179485624881485,191,0.3053765510532248,0.3157819937442712,0.0228491831481965,191,0.330104478533366,0.05236892513326413,0.0037892824332889973,191,0.4080293272832191,0.2579880540777273,0.018667360439945144,191,4.822567618813743e-08,5.4247151098416217e-08,3.835852840174137e-09,200
google/mt5-base,bertscore,baseline,200,111.215,0.9621391687245731,0.30717385318921064,0.49784742396122855,0.03520312894792388,200,0.3113982484548903,0.5182023542217985,0.03664243986970671,200,0.5754290716100172,0.37104369062597115,0.02623675097581076,200,0.5912088315813682,0.384863789688096,0.02721397955216059,200,0.8334186672081151,0.17144409502677768,0.012122928218782534,200,0.8626648386179255,0.16875233824635716,0.011932592271508512,200,0.011849253541801304,0.02697718082899487,0.0019075747501478,200,0.01222029810292018,0.030559128909660963,0.0021608567279175132,200,0.029388709579939717,0.03934560124715071,0.0027821541451722148,200,0.030603665548851678,0.043809163556458315,0.003097775662888224,200,0.06620124953295217,0.054536729086871336,0.003856329096106035,200,0.0690833268471274,0.05949690810926382,0.004207066718369333,200,0.21062352328571923,0.2002127750458207,0.014157181091507659,200,0.2696942036416688,0.21620104729559272,0.015287722664234709,200,0.3846941470892905,0.2238484807767229,0.01582847787155273,200,0.4885178386217151,0.22673479129142265,0.016032570845308153,200,110.995,63.088236645313486,4.461011994500281,200,111.215,63.4206565195192,4.4845176292254845,200,0.28000297918868244,0.30688984752450876,0.021700389226188575,200,0.14863446078225873,0.2495102398900511,0.017643038260173733,200,110.995,63.088236645313486,4.461011994500281,200,0.1995270925570739,0.21907182698998806,0.015490717443154669,200,0.14354219383956265,0.25018492871995585,0.01769074596485538,200,0.7328570331360822,0.18604979731498536,0.013155707331980886,200,0.7581176103678559,0.183382798740524,0.012967122054239237,200,0.11955727235278356,0.06408872056981264,0.00453175689124843,200,0.12473118737620137,0.06984908400510582,0.004939076095967914,200,0.8813857401040224,0.06857650069945195,0.00484909086746265,200,0.9283093052730312,0.032668983688353956,0.002310045990050779,200,0.04692356516900885,0.07022601504660528,0.004965729145516311,200,0.752000682887632,0.1832687509088443,0.012959057654723206,200,0.9293848303119833,0.037754356163174525,0.002669636126231283,200,-0.17738414742435127,0.17905065332720738,0.012660793114355,200,0.0031131377503652623,0.05051106482674434,0.0035716716463944226,200,0.2768898414383172,0.3110964511417859,0.021997841020542627,200,0.002071650285532905,0.03444258822364328,0.002435458769455409,200,0.19745544227154097,0.22192871649258758,0.015692730037193545,200,0.9317175948878338,0.035417465158634,0.002504392978610838,200,-0.1735999845199781,0.1792273652423358,0.012673288533705376,200,0.07624743221824022,0.03444025709130638,0.0024352939335070822,200,0.048483755157961134,0.07314442110144206,0.005172091616679408,200,6.974178213825511e-08,5.297236332782826e-08,3.745711732458495e-09,200
google/mt5-base,dla,abtt,200,111.215,0.5489072961850873,0.4337571059742754,0.15171918084774258,0.010728166161350694,200,0.9265014270104415,0.6191126617424497,0.044797419985183363,191,0.4905008212352493,0.18287594690757009,0.012931282217425384,200,0.966313714008485,0.36598418637186364,0.02648168631972893,191,0.5159909068774516,0.21277568429917082,0.01504551292395517,200,0.9710739607277253,0.1383659672073131,0.010011810010793572,191,0.1684625106076914,0.0644817033540236,0.004559544970408944,200,0.36970857554324166,0.27400858943320316,0.01982656569458632,191,0.32447529979834216,0.13176088771432481,0.009316901719795833,200,0.6300090700724198,0.22119044900481372,0.016004779183311158,191,0.4605453165495524,0.20960834856275898,0.01482154846620404,200,0.843692938441991,0.10700715207883733,0.007742765782891086,191,0.09347669401323583,0.08246642596481922,0.005967061161737078,191,0.16326975568253552,0.1505404376136519,0.01089272377268466,191,0.2831166897453196,0.25594489876627813,0.01851952291014185,191,0.366369680214292,0.3094165456324207,0.02238859548769234,191,111.2,63.41218753235211,4.483918781399922,200,111.215,63.4206565195192,4.4845176292254845,200,0.49132288112063643,0.2108408390818527,0.014908698706583968,200,0.030611655380798065,0.12406453616744445,0.008772687482876365,200,111.2,63.41218753235211,4.483918781399922,200,0.3527512155772773,0.15965070489975192,0.011289009605582694,200,0.028629689273820993,0.12315854352170899,0.008708624128525896,200,0.49946853858047435,0.19514802924463776,0.013799049481407404,200,0.9553945604634961,0.196720591964661,0.01423420246837211,191,0.4018910235991476,0.17207233737996017,0.012167351661598927,200,0.7469087833290106,0.10183131490348446,0.007368255348769706,191,0.2592427736067438,0.1019189069264431,0.007374593285113613,191,0.6714804191062032,0.0600580123799457,0.004345645260246658,191,0.41223764549945924,0.09091825225799646,0.006578613849145661,191,0.9492430035277418,0.19639994960805923,0.014211001601710295,191,0.6807073459995286,0.060377065853242706,0.004368731159347464,191,0.2685356575282129,0.17911357615880258,0.012960203517161968,191,-0.00574428769375678,0.04686046056250922,0.0033135349433275046,200,0.4970671688143932,0.2215923093371213,0.015668942459106557,200,-0.0033361576080786636,0.03173911578792633,0.0022442944002507717,200,0.35608737318535594,0.16617249989119673,0.011750170151978604,200,0.6890067163282887,0.08243233195410841,0.005964594205702787,191,0.2663878441352073,0.17566256214930198,0.012710496907183667,191,0.33201910848241634,0.08179291052442351,0.00591832729484281,191,0.4148896748465942,0.10103723373515068,0.00731079765197498,191,4.822567618813743e-08,5.4247151098416217e-08,3.835852840174137e-09,200
google/mt5-base,dla,baseline,200,111.215,0.9621391687245731,-0.27001618160800916,0.31075013694474884,0.021973352908828018,200,-0.2820700854036915,0.3253908949078855,0.023008610832572506,200,0.31234652634441895,0.3370790898894941,0.023835091025705107,200,0.3208752305532219,0.35352009902537584,0.024997645930658303,200,0.843843718779632,0.13841460530827876,0.00978739060287434,200,0.8745339817881742,0.135618083309961,0.009589646635999557,200,0.026919208307418608,0.03536989815879732,0.0025010294837963165,200,0.02738956376443962,0.03891618618800559,0.002751789915145701,200,0.03509811966765306,0.039549746511972586,0.002796589395282482,200,0.03599190159973522,0.0428205153503867,0.003027867677816109,200,0.053271754503512694,0.052841813974538014,0.00373648049915939,200,0.054941032569612205,0.05556328689490431,0.003928917694840046,200,0.3585936892286469,0.12178348440578461,0.008611392765985645,200,0.40237637173886237,0.13089252874802823,0.009255499468438587,200,0.4813013927722327,0.14001675551413093,0.009900679730378089,200,0.5635061408591588,0.14100674745256922,0.009970682731677062,200,110.995,63.088236645313486,4.461011994500281,200,111.215,63.4206565195192,4.4845176292254845,200,0.13234058101178028,0.24528749073573775,0.01734444480394726,200,0.25076250871261974,0.3106163625358214,0.021963893629657838,200,110.995,63.088236645313486,4.461011994500281,200,0.10980975357757818,0.18132932919338643,0.012821919830065134,200,0.21265890230534276,0.2922375680775883,0.0206643166105128,200,0.592986029952714,0.13528861509742174,0.009566349715272364,200,0.6145618267572079,0.13646604776491716,0.009649606777630023,200,0.11136039484697893,0.05717248969749467,0.004042705516241651,200,0.11526104564504237,0.05967412378953615,0.004219597759294648,200,0.8908558818351814,0.05788488502167015,0.004093079472702658,200,0.9283093052730312,0.032668983688353956,0.002310045990050779,200,0.03745342343784985,0.059052641335476254,0.004175652313529228,200,0.6084448992769843,0.13572053994469113,0.009596891414119079,200,0.9293848303119833,0.037754356163174525,0.002669636126231283,200,-0.32093993103499907,0.13281122624549965,0.009391171869589357,200,-0.006684630179881828,0.045074557591033584,0.0031872525331603416,200,0.13902521119166214,0.2488759947283623,0.017598190354697243,200,-0.004306547576906548,0.0304783046632593,0.0021551415906460223,200,0.1141163011544847,0.18371906465987395,0.012990899645424665,200,0.9354049509944048,0.03423786578269221,0.002420982706829652,200,-0.3208431242371968,0.13279274296791294,0.009389864904497346,200,0.07610852709163311,0.03297530236323685,0.0023317059912721563,200,0.03915251855340926,0.05678319028254162,0.0040151778906191244,200,6.974178213825511e-08,5.297236332782826e-08,3.745711732458495e-09,200
google/mt5-base,ig,abtt,200,111.215,0.5489072961850873,0.34718878388588365,0.13760456609315494,0.009730112180670233,200,0.8068610356600183,0.6949764112276468,0.05028672824415882,191,0.4556184422031297,0.1536792945374885,0.010866767129542286,200,1.0069119616525026,0.6230317760984381,0.04508099714750637,191,0.5642819429645435,0.18727464465047225,0.013242317117664992,200,1.1480405339098343,0.3801768142825146,0.027508628833580077,191,0.13948171989572206,0.05209947608515673,0.0036839892836080684,200,0.32827590811548385,0.3045953430967536,0.022039745515514325,191,0.29783284527161935,0.10129092251392104,0.00716234981822347,200,0.6531181873729279,0.39477664716562955,0.0285650356651536,191,0.4867322770752945,0.1681269423955095,0.01188837010680248,200,0.999229630422398,0.38401955016151407,0.027786679443269086,191,0.17216104896743897,0.13484820834945888,0.009757273913084993,191,0.2322356803749367,0.1722590928401683,0.012464230510985538,191,0.3167577181027426,0.2198879257461826,0.01591053190803634,191,0.3677145852613417,0.2544670018370524,0.018412586041419113,191,111.2,63.41218753235211,4.483918781399922,200,111.215,63.4206565195192,4.4845176292254845,200,0.6262988527532279,0.2029228078614879,0.014348809349627295,200,0.016878553031628662,0.09352033848172087,0.006612886551928605,200,111.2,63.41218753235211,4.483918781399922,200,0.464813568117607,0.15967459773655024,0.011290699084274882,200,0.017264819216178826,0.10214146376548017,0.0072224921668891055,200,0.5107485204821809,0.17011334965814226,0.012028830311363065,200,1.040104209122765,0.3645360080482092,0.0263768998138358,191,0.4359108273144349,0.1496144445585284,0.010579338831079418,200,0.8822224417965852,0.29940240818569225,0.021663997932656276,191,0.12392911513916934,0.3003818250507722,0.021734866049812975,191,0.6714804191062032,0.0600580123799457,0.004345645260246658,191,0.5475513039670338,0.2925541997907534,0.021168478964023466,191,1.0339526521870108,0.3648434918572517,0.026399148561411973,191,0.6807073459995286,0.060377065853242706,0.004368731159347464,191,0.3532453061874821,0.3425408114185111,0.0247853832418695,191,-0.003423322299801932,0.05054123954299433,0.0035738053210424975,200,0.6297221750530299,0.20735534485956308,0.014662237046547217,200,-0.002059306826580575,0.034358560909675276,0.002429517141104242,200,0.46687287494418755,0.16203635082696724,0.011457700246847096,200,0.6863931128039733,0.05432228979914155,0.0039306229399994385,191,0.3537110963187917,0.3571794545502887,0.02584459828447876,191,0.3310894838481364,0.051375093003667965,0.00371737126419905,191,0.5511329579484485,0.30461113575601395,0.022040888232233404,191,4.822567618813743e-08,5.4247151098416217e-08,3.835852840174137e-09,200
google/mt5-base,ig,baseline,200,111.215,0.9621391687245731,0.7580027194092955,0.07725405279364535,0.005462686460453017,200,0.788179985921509,0.0796836716263981,0.005634486455686818,200,0.850855194583472,0.05801783338428906,0.004102480341578205,200,0.8848218621951457,0.060086672833685226,0.004248769381963633,200,0.9010880153550387,0.048523046853892304,0.0034310975474219816,200,0.9371890744544749,0.05199707503277055,0.0036767484357537773,200,0.012131947109085987,0.015956215025643768,0.001128274784670339,200,0.012937048414439363,0.018456682445498997,0.001305084531541905,200,0.051562015500133056,0.04946008952542672,0.003497356470152296,200,0.05461536760357346,0.056829969120218,0.004018485653952825,200,0.2614639408757205,0.16644902849658405,0.011769723677184747,200,0.2746187877660335,0.18525575188142837,0.013099559840917051,200,0.06713387826156682,0.048898065904257916,0.0034576153987807483,200,0.13410681069288852,0.08959269149697413,0.006335159970226474,200,0.34161396211211936,0.2005736616748412,0.014182699629769655,200,0.6050959183597673,0.2547379479299721,0.01801269304068289,200,110.995,63.088236645313486,4.461011994500281,200,111.215,63.4206565195192,4.4845176292254845,200,0.13772386596863978,0.4151825610122722,0.029357840432217515,200,0.10257064812795921,0.234009628955005,0.01654697954970319,200,110.995,63.088236645313486,4.461011994500281,200,0.1022342066178904,0.29715178054127317,0.021011803906239104,200,0.09984094210422224,0.2286904874902518,0.016170859449721436,200,0.8726699341594377,0.04477562682039601,0.0031661149356580266,200,0.9075496001039732,0.04663001169922373,0.003297239747932915,200,0.45263181015245335,0.13329623512507893,0.009425467176357977,200,0.4720109482789175,0.14777007895249483,0.010448922488378061,200,0.5341059792013061,0.14827740251034116,0.010484795681178943,200,0.9283093052730312,0.032668983688353956,0.002310045990050779,200,0.394203326071725,0.142726290296751,0.010092272772243236,200,0.9014326726237496,0.04703048548495603,0.0033255575208907904,200,0.9293848303119833,0.037754356163174525,0.002669636126231283,200,-0.02795215768823365,0.05385573064673451,0.003808175234606214,200,0.0013903203774743938,0.04768907603473706,0.0033721269052683443,200,0.1363335455911654,0.41351008506019776,0.02923957852350919,200,0.000658891657840223,0.03235553744890782,0.0022878819939058004,200,0.10157531496005019,0.2957483557269451,0.020912566785929416,200,0.9376523409579093,0.028380314928522676,0.0020067913138168193,200,-0.030102740853935876,0.049501429890525105,0.0035002796754020757,200,0.07779094891033009,0.036887117796804744,0.0026083131132547616,200,0.39421999936858737,0.14394560735995723,0.010178491508624196,200,6.974178213825511e-08,5.297236332782826e-08,3.745711732458495e-09,200
google/mt5-base,inverse,abtt,200,111.215,0.5489072961850873,-0.08700215343586123,0.07783378720521968,0.005503679873824157,200,-0.21933379861396446,0.2366640807910895,0.017124411884530635,191,-0.056788824536347794,0.10465706646631062,0.007400372139741946,200,-0.19722146755009648,0.3143489854173567,0.022745494304743707,191,0.06691831760826063,0.154431385703723,0.010919948005913779,200,0.009824962860557007,0.38608455872373454,0.0279360982188025,191,-0.03839484308281889,0.03077722432803675,0.002176278402845437,200,-0.09948200257558205,0.1020868852587902,0.007386747770666185,191,-0.05346674881938115,0.06233245450309895,0.004407570126714322,200,-0.16668000461199134,0.21327198341130377,0.015431819121676602,191,-0.012951040043728695,0.11743273520168326,0.008303748339439442,200,-0.14361877459869707,0.3820614814389095,0.027644998562959683,191,0.8720289819122379,0.0658038578781849,0.004761400049092625,191,0.9164969003108576,0.04973594803651303,0.0035987668969364307,191,0.9587939445782646,0.025544072585563495,0.0018483042238660074,191,0.9791496464301751,0.016078961285107815,0.0011634328065384017,191,111.2,63.41218753235211,4.483918781399922,200,111.215,63.4206565195192,4.4845176292254845,200,-0.6262988527532279,0.2029228078614879,0.014348809349627295,200,0.016878553031628662,0.09352033848172087,0.006612886551928605,200,111.2,63.41218753235211,4.483918781399922,200,-0.464813568117607,0.15967459773655024,0.011290699084274882,200,0.017264819216178826,0.10214146376548017,0.0072224921668891055,200,0.11981754292876289,0.14028889492133262,0.00991992289240413,200,0.1300806720749237,0.3014048706528301,0.021808891031583493,191,0.044979849761016925,0.11695484817017665,0.008269956623377499,200,-0.027801095251256427,0.3651893514006625,0.02642417407967298,191,1.0339526521870108,0.3648434918572517,0.026399148561411973,191,0.6714804191062032,0.0600580123799457,0.004345645260246658,191,-0.3624722330808077,0.38450885634686444,0.027822084396262287,191,0.12392911513916934,0.3003818250507722,0.021734866049812975,191,0.6807073459995286,0.060377065853242706,0.004368731159347464,191,-0.5567782308603594,0.33085669736811063,0.023939950420648483,191,0.003423322299801932,0.05054123954299433,0.0035738053210424975,200,-0.6297221750530299,0.20735534485956308,0.014662237046547217,200,0.002059306826580575,0.034358560909675276,0.002429517141104242,200,-0.46687287494418755,0.16203635082696724,0.011457700246847096,200,0.6812136300233722,0.04862067880014451,0.0035180688471864174,191,-0.5511329579484485,0.30461113575601395,0.022040888232233404,191,0.3259100010675353,0.05620808201659828,0.004067074075940416,191,-0.35371109631879166,0.3571794545502887,0.02584459828447876,191,4.822567618813743e-08,5.4247151098416217e-08,3.835852840174137e-09,200
google/mt5-base,inverse,baseline,200,111.215,0.9621391687245731,-0.2555084103499,0.2689232430393254,0.0190157448771785,200,-0.26571981815251666,0.28473580956382516,0.020133862178922216,200,0.0966177760708873,0.2921298790713101,0.020656701847852947,200,0.09819705495019931,0.3090311404997867,0.02185180150452119,200,0.7085444750850819,0.17883536381750592,0.012645569847132178,200,0.7336261799080142,0.182375428420528,0.012895890215795715,200,0.018132713087855953,0.031121969362741045,0.0022006555580274165,200,0.018192160353313253,0.03453041599328311,0.00244166913060429,200,0.040105825304822124,0.039939045880725214,0.0028241170176381445,200,0.041005951822457865,0.04295159300288305,0.003037136267510327,200,0.06180971486939889,0.0492541412153293,0.0034827937254879164,200,0.0635969581586291,0.05199656164156646,0.003676712133513597,200,0.44551991043942024,0.1486388628320775,0.010510354785641907,200,0.5203522824354881,0.1272091443902614,0.00899504486272925,200,0.6220291714132555,0.12707767383900423,0.008985748490897222,200,0.7119128540079396,0.12450713650773597,0.008803984053073926,200,110.995,63.088236645313486,4.461011994500281,200,111.215,63.4206565195192,4.4845176292254845,200,-0.13772386596863978,0.4151825610122722,0.029357840432217515,200,0.10257064812795921,0.234009628955005,0.01654697954970319,200,110.995,63.088236645313486,4.461011994500281,200,-0.1022342066178904,0.29715178054127317,0.021011803906239104,200,0.09984094210422224,0.2286904874902518,0.016170859449721436,200,0.5212272973161426,0.1438441308168811,0.010171316033450147,200,0.54022290668153,0.14887461318939632,0.010527024853274636,200,0.10118917330915826,0.04524922346532194,0.0031996032755754592,200,0.10468425485647401,0.04771420788741088,0.0033739039956132886,200,0.9014326726237496,0.04703048548495604,0.003325557520890791,200,0.9283093052730312,0.032668983688353956,0.002310045990050779,200,0.026876632649281487,0.05402394468979606,0.0038200697636601765,200,0.5341059792013062,0.14827740251034116,0.010484795681178943,200,0.9293848303119833,0.037754356163174525,0.002669636126231283,200,-0.3952788511106772,0.1451152915416118,0.010261200670293654,200,-0.0013903203774743938,0.04768907603473706,0.0033721269052683443,200,-0.1363335455911654,0.41351008506019776,0.02923957852350919,200,-0.000658891657840223,0.03235553744890782,0.0022878819939058004,200,-0.10157531496005019,0.2957483557269451,0.020912566785929416,200,0.9344429060501173,0.03194918537884004,0.0022591485634763887,200,-0.39421999936858737,0.14394560735995723,0.010178491508624196,200,0.07458151400253811,0.03340127728228533,0.002361826966659613,200,0.030102740853935887,0.04950142989052511,0.003500279675402076,200,6.974178213825511e-08,5.297236332782826e-08,3.745711732458495e-09,200
google/mt5-base,ot,abtt,200,111.215,0.5489072961850873,0.34718878388588365,0.13760456609315494,0.009730112180670233,200,0.8068610356600183,0.6949764112276468,0.05028672824415882,191,0.4556184422031297,0.1536792945374885,0.010866767129542286,200,1.0069119616525026,0.6230317760984381,0.04508099714750637,191,0.5642819429645435,0.18727464465047225,0.013242317117664992,200,1.1480405339098343,0.3801768142825146,0.027508628833580077,191,0.13948171989572206,0.05209947608515673,0.0036839892836080684,200,0.32827590811548385,0.3045953430967536,0.022039745515514325,191,0.29783284527161935,0.10129092251392104,0.00716234981822347,200,0.6531181873729279,0.39477664716562955,0.0285650356651536,191,0.4867322770752945,0.1681269423955095,0.01188837010680248,200,0.999229630422398,0.38401955016151407,0.027786679443269086,191,0.17216104896743897,0.13484820834945888,0.009757273913084993,191,0.2322356803749367,0.1722590928401683,0.012464230510985538,191,0.3167577181027426,0.2198879257461826,0.01591053190803634,191,0.3677145852613417,0.2544670018370524,0.018412586041419113,191,111.2,63.41218753235211,4.483918781399922,200,111.215,63.4206565195192,4.4845176292254845,200,0.6262988527532279,0.2029228078614879,0.014348809349627295,200,0.016878553031628662,0.09352033848172087,0.006612886551928605,200,111.2,63.41218753235211,4.483918781399922,200,0.464813568117607,0.15967459773655024,0.011290699084274882,200,0.017264819216178826,0.10214146376548017,0.0072224921668891055,200,0.5107485204821809,0.17011334965814226,0.012028830311363065,200,1.040104209122765,0.3645360080482092,0.0263768998138358,191,0.4359108273144349,0.1496144445585284,0.010579338831079418,200,0.8822224417965852,0.29940240818569225,0.021663997932656276,191,0.12392911513916934,0.3003818250507722,0.021734866049812975,191,0.6714804191062032,0.0600580123799457,0.004345645260246658,191,0.5475513039670338,0.2925541997907534,0.021168478964023466,191,1.0339526521870108,0.3648434918572517,0.026399148561411973,191,0.6807073459995286,0.060377065853242706,0.004368731159347464,191,0.3532453061874821,0.3425408114185111,0.0247853832418695,191,-0.003423322299801932,0.05054123954299433,0.0035738053210424975,200,0.6297221750530299,0.20735534485956308,0.014662237046547217,200,-0.002059306826580575,0.034358560909675276,0.002429517141104242,200,0.46687287494418755,0.16203635082696724,0.011457700246847096,200,0.6863931128039733,0.05432228979914155,0.0039306229399994385,191,0.3537110963187917,0.3571794545502887,0.02584459828447876,191,0.3310894838481364,0.051375093003667965,0.00371737126419905,191,0.5511329579484485,0.30461113575601395,0.022040888232233404,191,4.822567618813743e-08,5.4247151098416217e-08,3.835852840174137e-09,200
google/mt5-base,ot,baseline,200,111.215,0.9621391687245731,0.7580027194092955,0.07725405279364535,0.005462686460453017,200,0.788179985921509,0.0796836716263981,0.005634486455686818,200,0.850855194583472,0.05801783338428906,0.004102480341578205,200,0.8848218621951457,0.060086672833685226,0.004248769381963633,200,0.9010880153550387,0.048523046853892304,0.0034310975474219816,200,0.9371890744544749,0.05199707503277055,0.0036767484357537773,200,0.012131947109085987,0.015956215025643768,0.001128274784670339,200,0.012937048414439363,0.018456682445498997,0.001305084531541905,200,0.051562015500133056,0.04946008952542672,0.003497356470152296,200,0.05461536760357346,0.056829969120218,0.004018485653952825,200,0.2614639408757205,0.16644902849658405,0.011769723677184747,200,0.2746187877660335,0.18525575188142837,0.013099559840917051,200,0.06713387826156682,0.048898065904257916,0.0034576153987807483,200,0.13410681069288852,0.08959269149697413,0.006335159970226474,200,0.34161396211211936,0.2005736616748412,0.014182699629769655,200,0.6050959183597673,0.2547379479299721,0.01801269304068289,200,110.995,63.088236645313486,4.461011994500281,200,111.215,63.4206565195192,4.4845176292254845,200,0.13772386596863978,0.4151825610122722,0.029357840432217515,200,0.10257064812795921,0.234009628955005,0.01654697954970319,200,110.995,63.088236645313486,4.461011994500281,200,0.1022342066178904,0.29715178054127317,0.021011803906239104,200,0.09984094210422224,0.2286904874902518,0.016170859449721436,200,0.8726699341594377,0.04477562682039601,0.0031661149356580266,200,0.9075496001039732,0.04663001169922373,0.003297239747932915,200,0.45263181015245335,0.13329623512507893,0.009425467176357977,200,0.4720109482789175,0.14777007895249483,0.010448922488378061,200,0.5341059792013061,0.14827740251034116,0.010484795681178943,200,0.9283093052730312,0.032668983688353956,0.002310045990050779,200,0.394203326071725,0.142726290296751,0.010092272772243236,200,0.9014326726237496,0.04703048548495603,0.0033255575208907904,200,0.9293848303119833,0.037754356163174525,0.002669636126231283,200,-0.02795215768823365,0.05385573064673451,0.003808175234606214,200,0.0013903203774743938,0.04768907603473706,0.0033721269052683443,200,0.1363335455911654,0.41351008506019776,0.02923957852350919,200,0.000658891657840223,0.03235553744890782,0.0022878819939058004,200,0.10157531496005019,0.2957483557269451,0.020912566785929416,200,0.9376523409579093,0.028380314928522676,0.0020067913138168193,200,-0.030102740853935876,0.049501429890525105,0.0035002796754020757,200,0.07779094891033009,0.036887117796804744,0.0026083131132547616,200,0.39421999936858737,0.14394560735995723,0.010178491508624196,200,6.974178213825511e-08,5.297236332782826e-08,3.745711732458495e-09,200
google/mt5-base,random,abtt,1000,111.215,0.5489072961850873,0.18056103412371374,0.11371118921510517,0.0035958635336610667,1000,0.3400526603108194,0.30171282868698224,0.00976319786006433,955,0.28498758843693983,0.14402844849506422,0.0045545794510465365,1000,0.5276752615081557,0.22382009655184537,0.007242648240063553,955,0.3946856434282717,0.18482576828497788,0.005844703980710429,1000,0.7248919840883123,0.1814290753242677,0.005870907006732016,955,0.02643668386009073,0.02632210025507203,0.0008323778960532669,1000,0.05223033251843914,0.11244806251062618,0.0036387338518214414,955,0.06969838521445981,0.048704963221781916,0.001540186171355635,1000,0.13171768844651865,0.1346311601665149,0.00435656203468689,955,0.15275585071307482,0.08889702797368959,0.002811170856165621,1000,0.282890404673968,0.18546287339772227,0.0060014376470434415,955,0.42202686481978735,0.17337043001593752,0.0056101353684437,955,0.5600523120176627,0.1865863219257505,0.006037791587684518,955,0.7161496401497232,0.19435242496777952,0.006289096780542723,955,0.8033175002249388,0.19775976669897227,0.006399355769672423,955,111.2,63.285108872506534,2.0012508600885113,1000,111.215,63.293560887738415,2.001518136278023,1000,-0.005457680651343496,0.10708424333867513,0.0033863011046592695,1000,0.5141230425397157,0.28890610678396,0.00913601327369137,1000,111.2,63.285108872506534,2.0012508600885113,1000,-0.003828815547869097,0.07236984976345652,0.002288535591767204,1000,0.5154120656862599,0.2910327061893078,0.009203262251607957,1000,0.37378594156102246,0.17066682003250672,0.005396958723207733,1000,0.686898903786184,0.1374488674773231,0.0044477409020452635,955,0.17949610057079077,0.08829737032484149,0.0027922080162986066,1000,0.3322524365074352,0.1330323300477912,0.004304825107020733,955,0.6738991204283192,0.13250485267764806,0.004287756340161116,955,0.671480419106203,0.05993197234095826,0.0019393530817204006,955,-0.0024187013221161264,0.13136747564752188,0.004250951683776635,955,0.6807473468504296,0.13772759640079163,0.004456760358198284,955,0.6807073459995286,0.0602503562364484,0.0019496557426336135,955,4.0000850900911346e-05,0.12907674985308817,0.004176825537826732,955,-5.802488760818347e-05,0.04954469248108336,0.001566740742128422,1000,-0.0053996557637353134,0.11767364830381777,0.0037211674922167366,1000,-8.168109167933758e-05,0.033692819065997005,0.0010654604904049758,1000,-0.003747134456189759,0.07982518221089016,0.002524293904243683,1000,0.6848213448339399,0.053009796832901315,0.0017153567425479417,955,0.002077558952244027,0.1395535451443725,0.004515846671973861,955,0.3285148518420433,0.057619356540316455,0.0018645185918041579,955,0.0037375846653918414,0.13095193104490044,0.0042375049762145775,955,4.822567618813743e-08,5.4138439263510516e-08,1.7120077703938196e-09,1000
google/mt5-base,random,baseline,1000,111.215,0.962139168724573,0.8010252342436707,0.16595361922630997,0.0052479142270344965,1000,0.8318004263981682,0.1690097314195494,0.005344556980190989,1000,0.8925437725670283,0.08988308902419814,0.0028423528444814746,1000,0.9272649946773575,0.08597891665909592,0.0027188920739653795,1000,0.934129032699338,0.05576334977381923,0.00176339195245904,1000,0.9706963908233699,0.044666814417393466,0.0014124886938301025,1000,0.0034336793532951057,0.007623120555193805,0.00024106423832459742,1000,0.003630145238714159,0.008414461099967812,0.0002660886235878406,1000,0.009978845033363557,0.016846683992577403,0.0005327389243764376,1000,0.010557439843653389,0.018819262488292004,0.000595117333475706,1000,0.028804654220345075,0.03753162871590122,0.0011868543103802846,1000,0.03023974380049397,0.04053703246972888,0.0012818935218854386,1000,0.039639013132159805,0.04386126176214133,0.0013870148821721708,1000,0.06817967823603123,0.06135450835680632,0.0019401999112734277,1000,0.145717393750115,0.10593783639821756,0.00335004853408656,1000,0.26336512136797363,0.15594869608011735,0.004931530777465432,1000,110.995,62.9618071862948,1.9910271630904897,1000,111.215,63.293560887738415,2.001518136278023,1000,-0.00011690828975922273,0.11075397430954138,0.0035023481873392532,1000,0.49304368427124473,0.2815880531017268,0.00890459609693898,1000,110.995,62.9618071862948,1.9910271630904897,1000,-0.00015866194605528318,0.07542771409243759,0.0023852337523208303,1000,0.4919493723832419,0.2831721110277903,0.008954688406859012,1000,0.9023267451603373,0.05784421625896852,0.0018291947284568468,1000,0.9375236810041362,0.04569546416806594,0.001445017455096996,1000,0.0748133317742684,0.049592351890014943,0.0015682478649700336,1000,0.07812482111216153,0.05283788594970383,0.0016708806634927313,1000,0.9279921063680622,0.051275197140670394,0.0016214641043867154,1000,0.9283093052730312,0.03260351471736925,0.0010310136623370774,1000,0.0003171989049690155,0.04843234813478869,0.0015315653253613994,1000,0.9314067535239124,0.04735466581394138,0.0014974860180816609,1000,0.9293848303119834,0.03767869605474347,0.0011915049879818974,1000,0.002021923211929153,0.04405777286172853,0.0013932291087741682,1000,0.0016529842001971335,0.05040602002691739,0.0015939783106912078,1000,-0.001769892489956356,0.12168037861767825,0.0038478714298351407,1000,0.0011136095568942531,0.03427343924975367,0.0010838213127663415,1000,-0.0012722715029495366,0.08277836395978888,0.002617681710953277,1000,0.9343620992491851,0.033305973779465245,0.0010532273683295675,1000,0.0031615817549509903,0.044100924057320495,0.0013945936693924685,1000,0.07765851646374616,0.03728150094445286,0.0011789445757418961,1000,0.00046630464841536433,0.04698408381209543,0.0014857671862246815,1000,6.974178213825511e-08,5.286620618040107e-08,1.671776227821378e-09,1000
google/mt5-base,retrieval_mark,abtt,200,111.215,0.5489072961850873,0.2872270878332457,0.1631751034112488,0.011538222214291016,200,0.6596468151160765,0.6945824249469778,0.050258220397406246,191,0.37563818721530795,0.17960064276938983,0.012699683240769822,200,0.8399402203761812,0.6977617153316066,0.05048826577592303,191,0.4919856663912341,0.19339610594732018,0.01367516979704221,200,1.0167848826245114,0.5057831456771463,0.03659718399969005,191,0.12092882672618006,0.05538175382520267,0.0039160813683804824,200,0.28369815102939083,0.29040908485463385,0.021013263894702507,191,0.2654535887355715,0.10311923678348854,0.007291631160038601,200,0.5908797736306349,0.44919890761502357,0.03250289222753276,191,0.4231525576572266,0.16417647600050214,0.011609029949126553,200,0.880151938607719,0.484331710205412,0.03504501260424845,191,0.260519576841877,0.20613242175576554,0.014915218570989904,191,0.33994851539637716,0.23388987552782517,0.01692367743669397,191,0.4414922035932221,0.2756853408385789,0.019947891168218143,191,0.4998619409417844,0.30793988982996023,0.022281748423750528,191,111.2,63.41218753235211,4.483918781399922,200,111.215,63.4206565195192,4.4845176292254845,200,0.4149682737157289,0.2858672566282785,0.020213867568105073,200,0.05518360917822387,0.1728009744334034,0.012218874081750276,200,111.2,63.41218753235211,4.483918781399922,200,0.2911569230420221,0.20556866360267037,0.014535899603290443,200,0.05473475973812021,0.16841393599162452,0.011908663618599486,200,0.45539059170789536,0.1742729647041608,0.012322959511979594,200,0.9296968203814879,0.4336884343085228,0.03138059376746777,191,0.37361898756013895,0.13829022315072512,0.009778595456167861,200,0.7655816233097679,0.3810328687844551,0.027570570763415115,191,0.24056993362598653,0.38103542935397905,0.02757075603972338,191,0.6714804191062032,0.0600580123799457,0.004345645260246658,191,0.43091048548021654,0.35803144788128155,0.025906246358297254,191,0.9235452634457336,0.4332947766470318,0.031352109698764404,191,0.6807073459995286,0.060377065853242706,0.004368731159347464,191,0.24283791744620503,0.4085996752826088,0.02956523487652253,191,-0.0008783742817467788,0.04852377594834119,0.003431149102184875,200,0.4158466479974758,0.29299974404530904,0.020718210590036076,200,-0.0009031549777549766,0.032442897371173327,0.0022940592732495877,200,0.2920600780197771,0.2102050555207243,0.014863742019839886,200,0.6766080914502859,0.055959692357189124,0.004049101230963846,191,0.25308872893120204,0.4573707464875234,0.033094185736201,191,0.32146170957378,0.07232398385168616,0.005233179806865929,191,0.44411991373598775,0.41267995516683775,0.029860473567193888,191,4.822567618813743e-08,5.4247151098416217e-08,3.835852840174137e-09,200
google/mt5-base,retrieval_mark,baseline,200,111.215,0.9621391687245731,0.873926312375106,0.1215456092922191,0.008594572455397876,200,0.9065337696690665,0.13021602450327105,0.00920766339454166,200,0.9025067040062541,0.12377440215222475,0.008752171909914893,200,0.93609939123913,0.1321727802366649,0.009346026919362503,200,0.9279035626907971,0.09524407176241431,0.006734772901102132,200,0.9628012162262897,0.09197202446762245,0.00650340421805109,200,0.010383074725207046,0.014836853168544674,0.0010491239486947052,200,0.010826080669093872,0.01815484570503743,0.0012837414509427434,200,0.04452777441596501,0.03942369077580798,0.0027876759086975364,200,0.04687715201744174,0.04488384240701107,0.0031737669331705857,200,0.1336195262108626,0.10808265197039087,0.007642597613688894,200,0.13929883909318208,0.11512758426158293,0.008140749553299093,200,0.014791581332519703,0.01263365492875817,0.0008933343071295751,200,0.03201005089894547,0.05451322840736771,0.0038546673471220845,200,0.09363380657132997,0.10597929995361713,0.007493868166260583,200,0.2308356987822463,0.15401868305729358,0.01089076552192339,200,110.995,63.088236645313486,4.461011994500281,200,111.215,63.4206565195192,4.4845176292254845,200,0.2717701403334739,0.28634590710370983,0.02024771326780464,200,0.13601755455337394,0.23232458736177306,0.01642782911598762,200,110.995,63.088236645313486,4.461011994500281,200,0.18581667474081173,0.2027644167848273,0.014337609409188679,200,0.15368061766444757,0.2519834548140072,0.017817920964579848,200,0.9176866689744506,0.07632580110040524,0.005397049153759219,200,0.9525261458378435,0.06867693213165767,0.004856192442138343,200,0.14662039604211202,0.05634999498606738,0.0039845463574476195,200,0.15275838920146473,0.060648473070048926,0.0042884946576441305,200,0.853358538278759,0.05878596629575596,0.004156795540633287,200,0.9283093052730312,0.032668983688353956,0.002310045990050779,200,0.07495076699427222,0.04761387900747066,0.0033668096724778305,200,0.9464092183576198,0.06892390359138849,0.004873655961531864,200,0.9293848303119833,0.037754356163174525,0.002669636126231283,200,0.017024388045636527,0.07480400506695717,0.0052894419242758275,200,0.0010738429513815484,0.05350197190722145,0.003783160714244845,200,0.2706962973820924,0.29361049892188246,0.020761397481522857,200,0.0006984478566936731,0.03669378792733351,0.002594642627083859,200,0.18511822688411805,0.20763786441349996,0.014682214195787873,200,0.9335622679900181,0.032785912773124516,0.002318314124926699,200,0.01896387784782543,0.07422789191204819,0.005248704572419136,200,0.07735778619231289,0.038237216974512524,0.0027037795416379167,200,0.07540060300915184,0.049856978561055976,0.0035254207629994995,200,6.974178213825511e-08,5.297236332782826e-08,3.745711732458495e-09,200
