model,repr,pooling,layer,method,D,sif_a,tau,aucroc,spearman,same_avg,diff_avg,gap,acc_at_1,acc_at_3,existing_acc,new_acc,overall_assignment_acc,n_train,n_test,n_existing,n_new
bowphs/LaTa,hidden,mean,0,baseline,10,0.001,0.9195979899497487,0.9298604919654527,0.049114785371906076,0.8627466559410095,0.6605082750320435,0.20223838090896606,0.80625,0.853125,0.390625,0.9623824451410659,0.676056338028169,639,639,320,319
bowphs/LaTa,hidden,mean,0,whitening,10,0.001,0.0,0.561635272801716,0.007042322551728963,0.12617188692092896,0.0016492011491209269,0.12452268577180803,0.08125,0.128125,1.0,0.0,0.5007824726134585,639,639,320,319
bowphs/LaTa,hidden,mean,1,baseline,10,0.001,0.9447236180904522,0.8671459534321055,0.041949178954604656,0.8512058854103088,0.6431891322135925,0.2080167531967163,0.690625,0.75625,0.3,0.9090909090909091,0.6040688575899843,639,639,320,319
bowphs/LaTa,hidden,mean,1,whitening,10,0.001,0.0,0.5359997224103716,0.0041132415889650175,0.04654180631041527,-0.0012439934071153402,0.04778579971753061,0.159375,0.1875,1.0,0.0,0.5007824726134585,639,639,320,319
bowphs/LaTa,hidden,mean,2,baseline,10,0.001,0.9949748743718593,0.5712065180557806,0.008135878771747948,0.9032986164093018,0.8633027076721191,0.03999590873718262,0.203125,0.234375,0.184375,0.9090909090909091,0.5461658841940532,639,639,320,319
bowphs/LaTa,hidden,mean,2,whitening,10,0.001,0.0,0.5330204012448794,0.0037728285175631362,0.06756778061389923,-0.0016206040745601058,0.06918838468845934,0.15,0.184375,1.0,0.0,0.5007824726134585,639,639,320,319
bowphs/LaTa,hidden,mean,3,baseline,10,0.001,0.8492462311557789,0.480323456956286,-0.0022481926265249695,0.9493315815925598,0.9162795543670654,0.033052027225494385,0.075,0.096875,0.99375,0.01567398119122257,0.5054773082942097,639,639,320,319
bowphs/LaTa,hidden,mean,3,whitening,10,0.001,0.0,0.5731484729760923,0.008357761687268903,0.14690597355365753,0.012092884629964828,0.1348130889236927,0.171875,0.203125,1.0,0.0,0.5007824726134585,639,639,320,319
bowphs/LaTa,hidden,mean,4,baseline,10,0.001,0.8442211055276382,0.46779672722978605,-0.0036794654544406655,0.9336580634117126,0.9046412706375122,0.02901679277420044,0.059375,0.078125,1.0,0.01567398119122257,0.5086071987480438,639,639,320,319
bowphs/LaTa,hidden,mean,4,whitening,10,0.001,0.0,0.540605635175641,0.004639498381203616,0.015616409480571747,-0.0014032396720722318,0.01701964915264398,0.153125,0.171875,1.0,0.0,0.5007824726134585,639,639,320,319
bowphs/LaTa,hidden,mean,5,baseline,10,0.001,0.8190954773869347,0.46759810286912373,-0.0037021597774242938,0.9325103759765625,0.9031919836997986,0.029318392276763916,0.04375,0.06875,1.0,0.009404388714733543,0.5054773082942097,639,639,320,319
bowphs/LaTa,hidden,mean,5,whitening,10,0.001,0.0,0.5849242860351843,0.00970323665363857,0.17049430310726166,-0.00020681590831372887,0.1707011190155754,0.121875,0.1625,1.0,0.0,0.5007824726134585,639,639,320,319
bowphs/LaTa,hidden,mean,6,baseline,10,0.001,0.8190954773869347,0.46567165562568735,-0.003922270824294118,0.9324175715446472,0.9035477042198181,0.0288698673248291,0.03125,0.046875,1.0,0.003134796238244514,0.5023474178403756,639,639,320,319
bowphs/LaTa,hidden,mean,6,whitening,10,0.001,0.0,0.5598070592803402,0.0068334051053311,0.06439144909381866,-0.00035710245720110834,0.06474855155101977,0.14375,0.16875,1.0,0.0,0.5007824726134585,639,639,320,319
bowphs/LaTa,hidden,mean,7,baseline,10,0.001,0.8140703517587939,0.46370158336256784,-0.004147366356881339,0.9326509833335876,0.904167115688324,0.028483867645263672,0.034375,0.04375,1.0,0.003134796238244514,0.5023474178403756,639,639,320,319
bowphs/LaTa,hidden,mean,7,whitening,10,0.001,0.010050251256281407,0.5509518881957113,0.005821635392913613,0.1245882511138916,-0.0008396021439693868,0.125427853257861,0.14375,0.175,1.0,0.0,0.5007824726134585,639,639,320,319
bowphs/LaTa,hidden,mean,8,baseline,10,0.001,0.8140703517587939,0.46344200122212,-0.004177025563401866,0.9147970080375671,0.8912865519523621,0.023510456085205078,0.034375,0.046875,1.0,0.003134796238244514,0.5023474178403756,639,639,320,319
bowphs/LaTa,hidden,mean,8,whitening,10,0.001,0.0,0.5418703957298097,0.004784006760798366,0.03053741157054901,-0.0014821861404925585,0.03201959771104157,0.128125,0.146875,1.0,0.0,0.5007824726134585,639,639,320,319
bowphs/LaTa,hidden,mean,9,baseline,10,0.001,0.7688442211055276,0.46449810498843247,-0.004056357786794079,0.9136860370635986,0.8904167413711548,0.023269295692443848,0.034375,0.046875,1.0,0.0,0.5007824726134585,639,639,320,319
bowphs/LaTa,hidden,mean,9,whitening,10,0.001,0.0,0.582893488275599,0.00947120277848584,0.1694650799036026,0.0008388723945245147,0.16862620750907809,0.15,0.16875,1.0,0.0,0.5007824726134585,639,639,320,319
bowphs/LaTa,hidden,mean,10,baseline,10,0.001,0.7738693467336684,0.4658709878974196,-0.003899495617139456,0.9162571430206299,0.8924137353897095,0.02384340763092041,0.03125,0.05,1.0,0.0,0.5007824726134585,639,639,320,319
bowphs/LaTa,hidden,mean,10,whitening,10,0.001,0.0,0.5625240662110993,0.007143843528102123,0.0931534469127655,-0.001570790889672935,0.09472423780243844,0.153125,0.184375,1.0,0.0,0.5007824726134585,639,639,320,319
bowphs/LaTa,hidden,mean,11,baseline,10,0.001,0.7738693467336684,0.46780969085125373,-0.0036779842634283473,0.9162258505821228,0.8926506042480469,0.023575246334075928,0.03125,0.053125,1.0,0.0,0.5007824726134585,639,639,320,319
bowphs/LaTa,hidden,mean,11,whitening,10,0.001,0.0,0.5668282761272609,0.00763563179288559,0.11893559247255325,0.006047187373042107,0.11288840509951115,0.140625,0.171875,1.0,0.0,0.5007824726134585,639,639,320,319
bowphs/LaTa,hidden,mean,12,baseline,10,0.001,0.8492462311557789,0.9291782869162681,0.04903683832815835,0.8139119148254395,0.5657724738121033,0.24813944101333618,0.8125,0.875,0.65625,0.890282131661442,0.7730829420970265,639,639,320,319
bowphs/LaTa,hidden,mean,12,whitening,10,0.001,0.0,0.5886356425525168,0.010127294309495471,0.21612393856048584,-0.0015187500976026058,0.21764268865808845,0.15,0.178125,1.0,0.0,0.5007824726134585,639,639,320,319
bowphs/LaTa,hidden,sif,0,sif_only,10,0.001,0.678391959798995,0.9473159087217697,0.05110919766047739,0.7160806655883789,0.27697235345840454,0.43910831212997437,0.9,0.925,0.796875,0.9529780564263323,0.8748043818466353,639,639,320,319
bowphs/LaTa,hidden,sif,0,sif_abtt_fixed,10,0.001,0.3417085427135678,0.968825764458785,0.053566860012888975,0.5513340830802917,0.001190480776131153,0.5501436023041606,0.903125,0.928125,0.8875,0.799373040752351,0.8435054773082942,639,639,320,319
bowphs/LaTa,hidden,sif,0,sif_abtt_optimal,7,0.001,0.35175879396984927,0.9669944427653678,0.05335761777360468,0.5615041255950928,0.0011747069656848907,0.5603294186294079,0.90625,0.928125,0.896875,0.799373040752351,0.8482003129890454,639,639,320,319
bowphs/LaTa,hidden,sif,1,sif_only,10,0.001,0.7889447236180904,0.9265443157417875,0.048735887365369046,0.7711664438247681,0.39600667357444763,0.37515977025032043,0.896875,0.909375,0.740625,0.9623824451410659,0.8513302034428795,639,639,320,319
bowphs/LaTa,hidden,sif,1,sif_abtt_fixed,10,0.001,0.37185929648241206,0.9605569207178094,0.05262208259509439,0.5694106221199036,0.000993569497950375,0.5684170526219532,0.9,0.91875,0.9,0.7774294670846394,0.838810641627543,639,639,320,319
bowphs/LaTa,hidden,sif,1,sif_abtt_optimal,10,0.001,0.37185929648241206,0.9605569207178094,0.05262208259509439,0.5694106221199036,0.000993569497950375,0.5684170526219532,0.9,0.91875,0.9,0.7774294670846394,0.838810641627543,639,639,320,319
bowphs/LaTa,hidden,sif,2,sif_only,10,0.001,0.8542713567839196,0.9258104442456099,0.04865203704256254,0.8274678587913513,0.5466696619987488,0.28079819679260254,0.896875,0.90625,0.6875,0.9561128526645768,0.8215962441314554,639,639,320,319
bowphs/LaTa,hidden,sif,2,sif_abtt_fixed,10,0.001,0.4020100502512563,0.9642943372114029,0.053049110461946464,0.5679349899291992,0.00132536340970546,0.5666096265194938,0.8875,0.91875,0.89375,0.7899686520376176,0.8419405320813772,639,639,320,319
bowphs/LaTa,hidden,sif,2,sif_abtt_optimal,7,0.001,0.4170854271356784,0.9583117586373667,0.052365555987585286,0.5774944424629211,0.001293390174396336,0.5762010522885248,0.89375,0.921875,0.89375,0.8087774294670846,0.8513302034428795,639,639,320,319
bowphs/LaTa,hidden,sif,3,sif_only,10,0.001,0.8844221105527639,0.9198313831047022,0.0479688844613268,0.8368711471557617,0.62367182970047,0.21319931745529175,0.8,0.83125,0.578125,0.9153605015673981,0.7464788732394366,639,639,320,319
bowphs/LaTa,hidden,sif,3,sif_abtt_fixed,10,0.001,0.4221105527638191,0.9578078365666951,0.052307979111348275,0.5724383592605591,0.0010661558480933309,0.5713722034124658,0.8875,0.921875,0.884375,0.8213166144200627,0.8528951486697965,639,639,320,319
bowphs/LaTa,hidden,sif,3,sif_abtt_optimal,10,0.001,0.4221105527638191,0.9578078365666951,0.052307979111348275,0.5724383592605591,0.0010661558480933309,0.5713722034124658,0.8875,0.921875,0.884375,0.8213166144200627,0.8528951486697965,639,639,320,319
bowphs/LaTa,hidden,sif,4,sif_only,10,0.001,0.8994974874371859,0.8981420387281334,0.04549071418557118,0.8392791748046875,0.6623002290725708,0.1769789457321167,0.65625,0.71875,0.48125,0.8746081504702194,0.6776212832550861,639,639,320,319
bowphs/LaTa,hidden,sif,4,sif_abtt_fixed,10,0.001,0.4271356783919598,0.9582113679987652,0.052354085604145416,0.572563111782074,0.0011450947495177388,0.5714180170325562,0.896875,0.925,0.8875,0.8087774294670846,0.8482003129890454,639,639,320,319
bowphs/LaTa,hidden,sif,4,sif_abtt_optimal,10,0.001,0.4271356783919598,0.9582113679987652,0.052354085604145416,0.572563111782074,0.0011450947495177388,0.5714180170325562,0.896875,0.925,0.8875,0.8087774294670846,0.8482003129890454,639,639,320,319
bowphs/LaTa,hidden,sif,5,sif_only,10,0.001,0.914572864321608,0.8838420360159491,0.04385683161865892,0.847227931022644,0.6855716705322266,0.16165626049041748,0.640625,0.684375,0.43125,0.896551724137931,0.6635367762128326,639,639,320,319
bowphs/LaTa,hidden,sif,5,sif_abtt_fixed,10,0.001,0.4221105527638191,0.9571845319307493,0.05223676188159973,0.5795606970787048,0.0011807818664237857,0.578379915212281,0.890625,0.925,0.903125,0.7899686520376176,0.8466353677621283,639,639,320,319
bowphs/LaTa,hidden,sif,5,sif_abtt_optimal,10,0.001,0.4221105527638191,0.9571845319307493,0.05223676188159973,0.5795606970787048,0.0011807818664237857,0.578379915212281,0.890625,0.925,0.903125,0.7899686520376176,0.8466353677621283,639,639,320,319
bowphs/LaTa,hidden,sif,6,sif_only,10,0.001,0.9195979899497487,0.8659871361939933,0.041816775393483024,0.8529518246650696,0.7085778713226318,0.14437395334243774,0.63125,0.678125,0.459375,0.8714733542319749,0.6651017214397497,639,639,320,319
bowphs/LaTa,hidden,sif,6,sif_abtt_fixed,10,0.001,0.4271356783919598,0.9569206912627715,0.05220661610634902,0.58038729429245,0.0008444284903816879,0.5795428658020683,0.896875,0.921875,0.903125,0.8401253918495298,0.8716744913928013,639,639,320,319
bowphs/LaTa,hidden,sif,6,sif_abtt_optimal,7,0.001,0.4371859296482412,0.9607327702520194,0.052642174723335045,0.5914818048477173,0.0014308164827525616,0.5900509883649647,0.896875,0.925,0.915625,0.7648902821316614,0.8403755868544601,639,639,320,319
bowphs/LaTa,hidden,sif,7,sif_only,10,0.001,0.9296482412060302,0.8573240634148506,0.04082695435117259,0.8700650930404663,0.7464807629585266,0.1235843300819397,0.625,0.66875,0.45625,0.8526645768025078,0.6541471048513302,639,639,320,319
bowphs/LaTa,hidden,sif,7,sif_abtt_fixed,10,0.001,0.4221105527638191,0.9615001237295817,0.05272985061367442,0.5812404155731201,0.000679931603372097,0.580560483969748,0.903125,0.925,0.909375,0.8369905956112853,0.8732394366197183,639,639,320,319
bowphs/LaTa,hidden,sif,7,sif_abtt_optimal,10,0.001,0.4221105527638191,0.9615001237295817,0.05272985061367442,0.5812404155731201,0.000679931603372097,0.580560483969748,0.903125,0.925,0.909375,0.8369905956112853,0.8732394366197183,639,639,320,319
bowphs/LaTa,hidden,sif,8,sif_only,10,0.001,0.9346733668341709,0.8459657962147906,0.039529187130985084,0.8700740933418274,0.7549582719802856,0.11511582136154175,0.596875,0.646875,0.409375,0.8871473354231975,0.647887323943662,639,639,320,319
bowphs/LaTa,hidden,sif,8,sif_abtt_fixed,10,0.001,0.4020100502512563,0.9564958561319413,0.052158075506179596,0.5754888653755188,0.0007491594296880066,0.5747397059458308,0.903125,0.915625,0.915625,0.7492163009404389,0.8325508607198748,639,639,320,319
bowphs/LaTa,hidden,sif,8,sif_abtt_optimal,10,0.001,0.4020100502512563,0.9564958561319413,0.052158075506179596,0.5754888653755188,0.0007491594296880066,0.5747397059458308,0.903125,0.915625,0.915625,0.7492163009404389,0.8325508607198748,639,639,320,319
bowphs/LaTa,hidden,sif,9,sif_only,10,0.001,0.9396984924623115,0.8538804742597119,0.04043349846160273,0.8847343921661377,0.7773101329803467,0.10742425918579102,0.609375,0.66875,0.4375,0.8871473354231975,0.6619718309859155,639,639,320,319
bowphs/LaTa,hidden,sif,9,sif_abtt_fixed,10,0.001,0.4321608040201005,0.9579056831498891,0.05231915881737518,0.5792064666748047,0.0008384998072870076,0.5783679668675177,0.9,0.9125,0.90625,0.8087774294670846,0.8575899843505478,639,639,320,319
bowphs/LaTa,hidden,sif,9,sif_abtt_optimal,10,0.001,0.4321608040201005,0.9579056831498891,0.05231915881737518,0.5792064666748047,0.0008384998072870076,0.5783679668675177,0.9,0.9125,0.90625,0.8087774294670846,0.8575899843505478,639,639,320,319
bowphs/LaTa,hidden,sif,10,sif_only,10,0.001,0.9396984924623115,0.8578009631926505,0.04088144372778826,0.8889591097831726,0.7832854986190796,0.10567361116409302,0.61875,0.678125,0.45,0.8620689655172413,0.6557120500782473,639,639,320,319
bowphs/LaTa,hidden,sif,10,sif_abtt_fixed,10,0.001,0.4321608040201005,0.9568799642540304,0.052201962740127845,0.5765727162361145,0.0008067324524745345,0.57576598378364,0.903125,0.9125,0.90625,0.8119122257053292,0.8591549295774648,639,639,320,319
bowphs/LaTa,hidden,sif,10,sif_abtt_optimal,10,0.001,0.4321608040201005,0.9568799642540304,0.052201962740127845,0.5765727162361145,0.0008067324524745345,0.57576598378364,0.903125,0.9125,0.90625,0.8119122257053292,0.8591549295774648,639,639,320,319
bowphs/LaTa,hidden,sif,11,sif_only,10,0.001,0.9396984924623115,0.8682624951060116,0.04207675221551424,0.8880974054336548,0.7761762142181396,0.11192119121551514,0.6375,0.696875,0.44375,0.9028213166144201,0.672926447574335,639,639,320,319
bowphs/LaTa,hidden,sif,11,sif_abtt_fixed,10,0.001,0.4271356783919598,0.9556755088741298,0.052064344678967325,0.5762006044387817,0.0007246492896229029,0.5754759551491588,0.90625,0.9125,0.90625,0.8025078369905956,0.8544600938967136,639,639,320,319
bowphs/LaTa,hidden,sif,11,sif_abtt_optimal,10,0.001,0.4271356783919598,0.9556755088741298,0.052064344678967325,0.5762006044387817,0.0007246492896229029,0.5754759551491588,0.90625,0.9125,0.90625,0.8025078369905956,0.8544600938967136,639,639,320,319
bowphs/LaTa,hidden,sif,12,sif_only,10,0.001,0.8492462311557789,0.9284040755502161,0.04894837887261696,0.8161445260047913,0.5304232239723206,0.2857213020324707,0.86875,0.896875,0.684375,0.9373040752351097,0.810641627543036,639,639,320,319
bowphs/LaTa,hidden,sif,12,sif_abtt_fixed,10,0.001,0.40703517587939697,0.9649437128847205,0.05312330650325865,0.5642801523208618,0.0006278966320678592,0.563652255688794,0.90625,0.915625,0.925,0.780564263322884,0.8528951486697965,639,639,320,319
bowphs/LaTa,hidden,sif,12,sif_abtt_optimal,10,0.001,0.40703517587939697,0.9649437128847205,0.05312330650325865,0.5642801523208618,0.0006278966320678592,0.563652255688794,0.90625,0.915625,0.925,0.780564263322884,0.8528951486697965,639,639,320,319
bowphs/LaTa,ff1,mean,1,baseline,10,0.001,0.9396984924623115,0.8159575786946023,0.03610052320288705,0.8176816701889038,0.633419930934906,0.1842617392539978,0.5375,0.584375,0.275,0.8714733542319749,0.5727699530516432,639,639,320,319
bowphs/LaTa,ff1,mean,1,whitening,10,0.001,0.0,0.5817958721617025,0.00934581599706049,0.1799023300409317,0.0012524031335487962,0.1786499269073829,0.221875,0.25,1.0,0.0,0.5007824726134585,639,639,320,319
bowphs/LaTa,ff1,mean,2,baseline,10,0.001,0.9899497487437187,0.537903848332885,0.004330798969518784,0.9049458503723145,0.8722337484359741,0.03271210193634033,0.125,0.1625,0.43125,0.6269592476489029,0.5289514866979655,639,639,320,319
bowphs/LaTa,ff1,mean,2,whitening,10,0.001,0.0,0.5608338400428038,0.0069507225777628865,0.07608263939619064,-0.0016326522454619408,0.07771529164165258,0.215625,0.2375,1.0,0.0,0.5007824726134585,639,639,320,319
bowphs/LaTa,ff1,mean,3,baseline,10,0.001,0.005025125628140704,0.4636870158800823,-0.004149030801055777,0.9603663086891174,0.9333321452140808,0.02703416347503662,0.065625,0.084375,1.0,0.0,0.5007824726134585,639,639,320,319
bowphs/LaTa,ff1,mean,3,whitening,10,0.001,0.005025125628140704,0.5343242738856605,0.003921805743489693,0.025932472199201584,0.004277036990970373,0.02165543520823121,0.225,0.24375,1.0,0.0,0.5007824726134585,639,639,320,319
bowphs/LaTa,ff1,mean,4,baseline,10,0.001,0.5879396984924623,0.48062128841672985,-0.002214163148247252,0.8245298862457275,0.8221348524093628,0.002395033836364746,0.05625,0.075,1.0,0.009404388714733543,0.5054773082942097,639,639,320,319
bowphs/LaTa,ff1,mean,4,whitening,10,0.001,0.0,0.5598159413520456,0.006834419968444867,0.11058615893125534,0.004685336723923683,0.10590082220733166,0.25625,0.284375,1.0,0.0,0.5007824726134585,639,639,320,319
bowphs/LaTa,ff1,mean,5,baseline,10,0.001,0.9949748743718593,0.50607497202977,0.0006941111196774812,0.920989990234375,0.8920512199401855,0.028938770294189453,0.078125,0.1,0.540625,0.3793103448275862,0.460093896713615,639,639,320,319
bowphs/LaTa,ff1,mean,5,whitening,10,0.001,0.0,0.5448562650726987,0.005125164798359342,0.04566262289881706,0.010139231570065022,0.03552339132875204,0.240625,0.265625,1.0,0.0,0.5007824726134585,639,639,320,319
bowphs/LaTa,ff1,mean,6,baseline,10,0.001,0.9899497487437187,0.49443652690157197,-0.000635668530279599,0.9403865337371826,0.9155054688453674,0.024881064891815186,0.078125,0.09375,0.865625,0.12852664576802508,0.49765258215962443,639,639,320,319
bowphs/LaTa,ff1,mean,6,whitening,10,0.001,0.0,0.5721581938781709,0.008244614935878893,0.15123368799686432,-0.0016939077759161592,0.15292759577278048,0.221875,0.25625,1.0,0.0,0.5007824726134585,639,639,320,319
bowphs/LaTa,ff1,mean,7,baseline,10,0.001,0.9949748743718593,0.5139313690836388,0.001591763409954457,0.9791735410690308,0.9477754235267639,0.031398117542266846,0.140625,0.18125,0.8125,0.14106583072100312,0.47730829420970267,639,639,320,319
bowphs/LaTa,ff1,mean,7,whitening,10,0.001,0.0,0.5869429829399184,0.009933889800456668,0.16239158809185028,2.0803578081540763e-05,0.16237078451376874,0.25,0.275,1.0,0.0,0.5007824726134585,639,639,320,319
bowphs/LaTa,ff1,mean,8,baseline,10,0.001,0.9949748743718593,0.5095062169856271,0.0010861565919041743,0.35782313346862793,0.3732307255268097,-0.015407592058181763,0.128125,0.165625,0.0875,0.9937304075235109,0.539906103286385,639,639,320,319
bowphs/LaTa,ff1,mean,8,whitening,10,0.001,0.0,0.551103591325771,0.005838972173922633,0.07830948382616043,0.0022525617387145758,0.07605692208744586,0.225,0.25625,1.0,0.0,0.5007824726134585,639,639,320,319
bowphs/LaTa,ff1,mean,9,baseline,10,0.001,0.9899497487437187,0.552852098485119,0.006038748668627749,0.8538122177124023,0.8027541637420654,0.051058053970336914,0.175,0.2125,0.121875,0.7836990595611285,0.4522691705790297,639,639,320,319
bowphs/LaTa,ff1,mean,9,whitening,10,0.001,0.0,0.5336050472997418,0.00383962877997021,0.03708678483963013,-0.0004173309134785086,0.037504115753108636,0.209375,0.23125,1.0,0.0,0.5007824726134585,639,639,320,319
bowphs/LaTa,ff1,mean,10,baseline,10,0.001,0.9949748743718593,0.5951192451862821,0.010868087203637957,0.9512319564819336,0.9134619832038879,0.037769973278045654,0.2875,0.315625,0.20625,0.7304075235109718,0.4679186228482003,639,639,320,319
bowphs/LaTa,ff1,mean,10,whitening,10,0.001,0.0,0.5355327886931027,0.004059888888305393,0.03611453250050545,0.0003162074717693031,0.035798325028736144,0.215625,0.2375,1.0,0.0,0.5007824726134585,639,639,320,319
bowphs/LaTa,ff1,mean,11,baseline,10,0.001,0.9748743718592965,0.683109383454145,0.020921620469963167,0.8695256114006042,0.7871360182762146,0.08238959312438965,0.428125,0.48125,0.153125,0.8683385579937304,0.5101721439749609,639,639,320,319
bowphs/LaTa,ff1,mean,11,whitening,10,0.001,0.0,0.5613530153848101,0.007010042376740867,0.09990323334932327,-0.0013906593667343259,0.1012938927160576,0.240625,0.25,1.0,0.0,0.5007824726134585,639,639,320,319
bowphs/LaTa,ff1,mean,12,baseline,10,0.001,0.9899497487437187,0.6241541292297852,0.014185540481478609,0.9218869805335999,0.8745312690734863,0.047355711460113525,0.30625,0.38125,0.153125,0.7962382445141066,0.47417840375586856,639,639,320,319
bowphs/LaTa,ff1,mean,12,whitening,10,0.001,0.0,0.5768430055444037,0.008779897749229892,0.17758780717849731,-0.0013808354269713163,0.17896864260546863,0.21875,0.246875,1.0,0.0,0.5007824726134585,639,639,320,319
bowphs/LaTa,ff1,sif,1,sif_only,10,0.001,0.6934673366834171,0.939444203091014,0.05020979625049785,0.6854668855667114,0.24196241796016693,0.4435044676065445,0.89375,0.909375,0.75625,0.9811912225705329,0.8685446009389671,639,639,320,319
bowphs/LaTa,ff1,sif,1,sif_abtt_fixed,10,0.001,0.37185929648241206,0.9743329143827132,0.05419609319802675,0.5449337363243103,0.0010123795364052057,0.5439213567879051,0.9,0.93125,0.875,0.8683385579937304,0.8716744913928013,639,639,320,319
bowphs/LaTa,ff1,sif,1,sif_abtt_optimal,5,0.001,0.37185929648241206,0.9674247642069899,0.053406785225931536,0.5567330718040466,0.0014903913252055645,0.5552426804788411,0.909375,0.93125,0.89375,0.8087774294670846,0.8513302034428795,639,639,320,319
bowphs/LaTa,ff1,sif,2,sif_only,10,0.001,0.7185929648241206,0.9254162483907743,0.04860699720944237,0.6493467688560486,0.2522389590740204,0.3971078097820282,0.80625,0.85,0.646875,0.9623824451410659,0.8043818466353677,639,639,320,319
bowphs/LaTa,ff1,sif,2,sif_abtt_fixed,10,0.001,0.3768844221105528,0.964286151989657,0.05304817523896811,0.4994140565395355,0.001085198950022459,0.49832885758951306,0.88125,0.91875,0.85,0.8746081504702194,0.8622848200312989,639,639,320,319
bowphs/LaTa,ff1,sif,2,sif_abtt_optimal,5,0.001,0.40703517587939697,0.9637915212517778,0.05299165996719189,0.516304612159729,0.0009968179510906339,0.5153077942086384,0.878125,0.90625,0.846875,0.8746081504702194,0.8607198748043818,639,639,320,319
bowphs/LaTa,ff1,sif,3,sif_only,10,0.001,0.7939698492462312,0.9165978112540073,0.04759942462396631,0.7004380822181702,0.40089380741119385,0.2995442748069763,0.76875,0.809375,0.4625,0.9090909090909091,0.6854460093896714,639,639,320,319
bowphs/LaTa,ff1,sif,3,sif_abtt_fixed,10,0.001,0.3165829145728643,0.968485922900786,0.05352803056590908,0.5003349184989929,0.0008720465702936053,0.4994628719286993,0.903125,0.925,0.89375,0.7836990595611285,0.838810641627543,639,639,320,319
bowphs/LaTa,ff1,sif,3,sif_abtt_optimal,10,0.001,0.3165829145728643,0.968485922900786,0.05352803056590908,0.5003349184989929,0.0008720465702936053,0.4994628719286993,0.903125,0.925,0.89375,0.7836990595611285,0.838810641627543,639,639,320,319
bowphs/LaTa,ff1,sif,4,sif_only,10,0.001,0.7688442211055276,0.929945961166034,0.04912455086909331,0.689502477645874,0.3353178799152374,0.3541845977306366,0.80625,0.8625,0.5125,0.9655172413793104,0.7386541471048513,639,639,320,319
bowphs/LaTa,ff1,sif,4,sif_abtt_fixed,10,0.001,0.3316582914572864,0.9624600068959388,0.05283952446502551,0.513095498085022,0.0007668975158594549,0.5123286005691625,0.915625,0.93125,0.9,0.7962382445141066,0.8482003129890454,639,639,320,319
bowphs/LaTa,ff1,sif,4,sif_abtt_optimal,10,0.001,0.3316582914572864,0.9624600068959388,0.05283952446502551,0.513095498085022,0.0007668975158594549,0.5123286005691625,0.915625,0.93125,0.9,0.7962382445141066,0.8482003129890454,639,639,320,319
bowphs/LaTa,ff1,sif,5,sif_only,10,0.001,0.7437185929648241,0.9148413622173438,0.04739873714729479,0.6995782256126404,0.3191894292831421,0.3803887963294983,0.884375,0.90625,0.675,0.9561128526645768,0.8153364632237872,639,639,320,319
bowphs/LaTa,ff1,sif,5,sif_abtt_fixed,10,0.001,0.35175879396984927,0.9603098376321897,0.052593851499316946,0.5226036906242371,0.0005994610255584121,0.5220042295986786,0.9125,0.928125,0.8875,0.8307210031347962,0.8591549295774648,639,639,320,319
bowphs/LaTa,ff1,sif,5,sif_abtt_optimal,10,0.001,0.35175879396984927,0.9603098376321897,0.052593851499316946,0.5226036906242371,0.0005994610255584121,0.5220042295986786,0.9125,0.928125,0.8875,0.8307210031347962,0.8591549295774648,639,639,320,319
bowphs/LaTa,ff1,sif,6,sif_only,10,0.001,0.7537688442211056,0.9137240905101469,0.047271080474663045,0.7123050093650818,0.3563571572303772,0.3559478521347046,0.884375,0.9,0.6875,0.9592476489028213,0.8231611893583725,639,639,320,319
bowphs/LaTa,ff1,sif,6,sif_abtt_fixed,10,0.001,0.3316582914572864,0.9663426778921896,0.05328314874828708,0.5189871788024902,0.0011407777201384306,0.5178464010823518,0.896875,0.91875,0.934375,0.8087774294670846,0.8716744913928013,639,639,320,319
bowphs/LaTa,ff1,sif,6,sif_abtt_optimal,10,0.001,0.3316582914572864,0.9663426778921896,0.05328314874828708,0.5189871788024902,0.0011407777201384306,0.5178464010823518,0.896875,0.91875,0.934375,0.8087774294670846,0.8716744913928013,639,639,320,319
bowphs/LaTa,ff1,sif,7,sif_only,10,0.001,0.7437185929648241,0.9075812806898805,0.04656921837861042,0.6950724720954895,0.3690032362937927,0.3260692358016968,0.821875,0.86875,0.65625,0.9278996865203761,0.7918622848200313,639,639,320,319
bowphs/LaTa,ff1,sif,7,sif_abtt_fixed,10,0.001,0.32663316582914576,0.9613812389142786,0.05271626713183136,0.5137622356414795,0.000647296488750726,0.5131149391527288,0.909375,0.915625,0.934375,0.7899686520376176,0.8622848200312989,639,639,320,319
bowphs/LaTa,ff1,sif,7,sif_abtt_optimal,10,0.001,0.32663316582914576,0.9613812389142786,0.05271626713183136,0.5137622356414795,0.000647296488750726,0.5131149391527288,0.909375,0.915625,0.934375,0.7899686520376176,0.8622848200312989,639,639,320,319
bowphs/LaTa,ff1,sif,8,sif_only,10,0.001,0.7286432160804021,0.9159334145926753,0.047523512322105776,0.6515436768531799,0.3068229854106903,0.3447206914424896,0.790625,0.8625,0.528125,0.987460815047022,0.7574334898278561,639,639,320,319
bowphs/LaTa,ff1,sif,8,sif_abtt_fixed,10,0.001,0.3065326633165829,0.9617569074090813,0.0527591900750612,0.49521175026893616,0.0009254782926291227,0.49428627197630703,0.884375,0.9125,0.915625,0.7711598746081505,0.8435054773082942,639,639,320,319
bowphs/LaTa,ff1,sif,8,sif_abtt_optimal,10,0.001,0.3065326633165829,0.9617569074090813,0.0527591900750612,0.49521175026893616,0.0009254782926291227,0.49428627197630703,0.884375,0.9125,0.915625,0.7711598746081505,0.8435054773082942,639,639,320,319
bowphs/LaTa,ff1,sif,9,sif_only,10,0.001,0.7386934673366834,0.9325770564517931,0.04942517324000198,0.7009379863739014,0.32459527254104614,0.3763427138328552,0.846875,0.89375,0.66875,0.9373040752351097,0.8028169014084507,639,639,320,319
bowphs/LaTa,ff1,sif,9,sif_abtt_fixed,10,0.001,0.31155778894472363,0.9626485324627443,0.05286106492506768,0.5112238526344299,0.000414506794186309,0.5108093458402436,0.896875,0.91875,0.925,0.7711598746081505,0.8482003129890454,639,639,320,319
bowphs/LaTa,ff1,sif,9,sif_abtt_optimal,7,0.001,0.33668341708542715,0.9624352300084918,0.05283669351979582,0.5133019089698792,0.00044014726881869137,0.5128617617010605,0.8875,0.909375,0.9125,0.7899686520376176,0.8513302034428795,639,639,320,319
bowphs/LaTa,ff1,sif,10,sif_only,10,0.001,0.7939698492462312,0.9091033337346305,0.04674312435511537,0.7212406396865845,0.38764193654060364,0.33359870314598083,0.8625,0.88125,0.559375,0.9655172413793104,0.7621283255086072,639,639,320,319
bowphs/LaTa,ff1,sif,10,sif_abtt_fixed,10,0.001,0.3316582914572864,0.9636431032715269,0.052974702099740145,0.4986090064048767,0.0006374100921675563,0.49797159631270915,0.9,0.909375,0.909375,0.8150470219435737,0.8622848200312989,639,639,320,319
bowphs/LaTa,ff1,sif,10,sif_abtt_optimal,7,0.001,0.35678391959798994,0.965733608905415,0.053213558048231135,0.5035715699195862,0.0006919369334354997,0.5028796329861507,0.896875,0.909375,0.89375,0.8244514106583072,0.8591549295774648,639,639,320,319
bowphs/LaTa,ff1,sif,11,sif_only,10,0.001,0.7537688442211056,0.9153921391519553,0.04746166754317415,0.6978684067726135,0.35104700922966003,0.3468213975429535,0.8625,0.896875,0.646875,0.9404388714733543,0.7934272300469484,639,639,320,319
bowphs/LaTa,ff1,sif,11,sif_abtt_fixed,10,0.001,0.32663316582914576,0.9688387944469157,0.053568348786764794,0.4927689731121063,0.000784329604357481,0.49198464350774884,0.890625,0.909375,0.915625,0.786833855799373,0.8513302034428795,639,639,320,319
bowphs/LaTa,ff1,sif,11,sif_abtt_optimal,7,0.001,0.34673366834170855,0.9671544970338305,0.053375905174260746,0.5007209181785583,0.0009354681242257357,0.4997854500543326,0.8875,0.909375,0.903125,0.7931034482758621,0.8482003129890454,639,639,320,319
bowphs/LaTa,ff1,sif,12,sif_only,10,0.001,0.8492462311557789,0.9073122966055355,0.04653848492946946,0.759367823600769,0.5035070180892944,0.2558608055114746,0.784375,0.828125,0.409375,0.9247648902821317,0.6666666666666666,639,639,320,319
bowphs/LaTa,ff1,sif,12,sif_abtt_fixed,10,0.001,0.32160804020100503,0.9656079768127268,0.05319920363933925,0.4774722456932068,0.0006619657506234944,0.4768102799425833,0.890625,0.9125,0.9,0.7836990595611285,0.8419405320813772,639,639,320,319
bowphs/LaTa,ff1,sif,12,sif_abtt_optimal,7,0.001,0.32663316582914576,0.9670659639056498,0.05336578960032542,0.4863106608390808,0.0007938248454593122,0.4855168359936215,0.890625,0.90625,0.90625,0.7272727272727273,0.8169014084507042,639,639,320,319
bowphs/PhilTa,hidden,mean,0,baseline,10,0.001,0.8040201005025126,0.9524285420186589,0.05169335436192014,0.7885270118713379,0.45259734988212585,0.33592966198921204,0.88125,0.909375,0.74375,0.9592476489028213,0.8513302034428795,639,639,320,319
bowphs/PhilTa,hidden,mean,0,whitening,10,0.001,0.0,0.5709428433044599,0.008105808623607927,0.18017907440662384,0.0106178168207407,0.16956125758588314,0.09375,0.11875,1.0,0.0,0.5007824726134585,639,639,320,319
bowphs/PhilTa,hidden,mean,1,baseline,10,0.001,0.9949748743718593,0.7816515888245441,0.03218080654861075,0.9576357007026672,0.9122492074966431,0.04538649320602417,0.609375,0.659375,0.228125,0.9498432601880877,0.5884194053208138,639,639,320,319
bowphs/PhilTa,hidden,mean,1,whitening,10,0.001,0.0,0.5129156936760845,0.0014757148865919294,-0.0667572021484375,-0.0011798962950706482,-0.06557730585336685,0.140625,0.15625,1.0,0.0,0.5007824726134585,639,639,320,319
bowphs/PhilTa,hidden,mean,2,baseline,10,0.001,0.9949748743718593,0.7561523666197101,0.02926732915553617,0.968825101852417,0.9490366578102112,0.01978844404220581,0.509375,0.584375,0.775,0.3510971786833856,0.5633802816901409,639,639,320,319
bowphs/PhilTa,hidden,mean,2,whitening,10,0.001,0.0,0.5457321612272772,0.0052252424377787045,0.06389294564723969,-0.0013595490017905831,0.06525249464903027,0.1375,0.159375,1.0,0.0,0.5007824726134585,639,639,320,319
bowphs/PhilTa,hidden,mean,3,baseline,10,0.001,0.9949748743718593,0.5679295202853908,0.00776145719749179,0.9584610462188721,0.9373542070388794,0.021106839179992676,0.11875,0.14375,0.878125,0.12852664576802508,0.5039123630672926,639,639,320,319
bowphs/PhilTa,hidden,mean,3,whitening,10,0.001,0.005025125628140704,0.5469221044302446,0.0053612023702342484,0.07060004025697708,-0.000997306196950376,0.07159734645392746,0.13125,0.165625,1.0,0.0,0.5007824726134585,639,639,320,319
bowphs/PhilTa,hidden,mean,4,baseline,10,0.001,0.9849246231155779,0.4778421733506966,-0.002531697889431349,0.9526768326759338,0.9468343257904053,0.0058425068855285645,0.059375,0.075,0.9875,0.006269592476489028,0.49765258215962443,639,639,320,319
bowphs/PhilTa,hidden,mean,4,whitening,10,0.001,0.0,0.5647973566954605,0.007403584014548385,0.1569245308637619,-0.0010795610724017024,0.1580040919361636,0.128125,0.153125,1.0,0.0,0.5007824726134585,639,639,320,319
bowphs/PhilTa,hidden,mean,5,baseline,10,0.001,0.9849246231155779,0.46826786416903254,-0.0036256345255951355,0.9530738592147827,0.9464177489280701,0.0066561102867126465,0.05625,0.075,0.9875,0.006269592476489028,0.49765258215962443,639,639,320,319
bowphs/PhilTa,hidden,mean,5,whitening,10,0.001,0.0,0.5504087434273222,0.005759577026966097,0.11166314780712128,6.163292709970847e-05,0.11160151488002157,0.14375,0.171875,1.0,0.0,0.5007824726134585,639,639,320,319
bowphs/PhilTa,hidden,mean,6,baseline,10,0.001,0.9849246231155779,0.4641328892430214,-0.004098086425277519,0.9501833319664001,0.943972647190094,0.006210684776306152,0.053125,0.06875,0.9875,0.003134796238244514,0.49608763693270735,639,639,320,319
bowphs/PhilTa,hidden,mean,6,whitening,10,0.001,0.0,0.5246897037741703,0.0028209838411376647,0.05760164186358452,0.0037038445007056,0.05389779736287892,0.11875,0.15,1.0,0.0,0.5007824726134585,639,639,320,319
bowphs/PhilTa,hidden,mean,7,baseline,10,0.001,0.9547738693467337,0.46635253334161597,-0.0038444754385440097,0.9502640962600708,0.9438492655754089,0.006414830684661865,0.0625,0.078125,0.990625,0.0,0.49608763693270735,639,639,320,319
bowphs/PhilTa,hidden,mean,7,whitening,10,0.001,0.0,0.5524962404391633,0.0059980892177989055,0.08819898962974548,0.006782105658203363,0.08141688397154212,0.165625,0.1875,1.0,0.0,0.5007824726134585,639,639,320,319
bowphs/PhilTa,hidden,mean,8,baseline,10,0.001,0.9547738693467337,0.4688584832235474,-0.0035581518686246386,0.950832724571228,0.9442078471183777,0.006624877452850342,0.065625,0.084375,0.990625,0.0,0.49608763693270735,639,639,320,319
bowphs/PhilTa,hidden,mean,8,whitening,10,0.001,0.0,0.5726994029522281,0.00830645206870591,0.14412929117679596,-0.001636197790503502,0.14576548896729946,0.140625,0.178125,1.0,0.0,0.5007824726134585,639,639,320,319
bowphs/PhilTa,hidden,mean,9,baseline,10,0.001,0.9547738693467337,0.4665881018112391,-0.0038175599739393284,0.9457254409790039,0.9403271079063416,0.0053983330726623535,0.059375,0.075,0.990625,0.0,0.49608763693270735,639,639,320,319
bowphs/PhilTa,hidden,mean,9,whitening,10,0.001,0.0,0.5428699219160817,0.0048982101245971165,0.07098089158535004,-0.00023470383894164115,0.07121559542429168,0.140625,0.153125,1.0,0.0,0.5007824726134585,639,639,320,319
bowphs/PhilTa,hidden,mean,10,baseline,10,0.001,0.9346733668341709,0.46834818995324645,-0.0036164567021504503,0.9439889788627625,0.9390391111373901,0.0049498677253723145,0.065625,0.071875,0.990625,0.0,0.49608763693270735,639,639,320,319
bowphs/PhilTa,hidden,mean,10,whitening,10,0.001,0.0,0.5717567419348688,0.008198745977174111,0.16053232550621033,0.0015176080632954836,0.15901471744291484,0.13125,0.153125,1.0,0.0,0.5007824726134585,639,639,320,319
bowphs/PhilTa,hidden,mean,11,baseline,10,0.001,0.9346733668341709,0.472152681020714,-0.003181765062109973,0.9453453421592712,0.9398924112319946,0.005452930927276611,0.065625,0.078125,0.990625,0.0,0.49608763693270735,639,639,320,319
bowphs/PhilTa,hidden,mean,11,whitening,10,0.001,0.0,0.5548038977937465,0.006261756379195767,0.12188304215669632,-0.00048135584802366793,0.12236439800471999,0.121875,0.140625,1.0,0.0,0.5007824726134585,639,639,320,319
bowphs/PhilTa,hidden,mean,12,baseline,10,0.001,0.8944723618090452,0.9132151356342124,0.04721292856270817,0.826721727848053,0.6318808197975159,0.1948409080505371,0.6875,0.746875,0.409375,0.9028213166144201,0.6557120500782473,639,639,320,319
bowphs/PhilTa,hidden,mean,12,whitening,10,0.001,0.0,0.558430338166021,0.006676104422498798,0.15629374980926514,0.009410655125975609,0.14688309468328953,0.1375,0.165625,1.0,0.0,0.5007824726134585,639,639,320,319
bowphs/PhilTa,hidden,sif,0,sif_only,10,0.001,0.7185929648241206,0.9455051828160429,0.050902308644416715,0.724868893623352,0.3161689043045044,0.40869998931884766,0.8875,0.9125,0.746875,0.9592476489028213,0.8528951486697965,639,639,320,319
bowphs/PhilTa,hidden,sif,0,sif_abtt_fixed,10,0.001,0.3316582914572864,0.9687891079386961,0.05356267173052783,0.5452866554260254,0.0006894078105688095,0.5445972476154566,0.896875,0.91875,0.9125,0.7774294670846394,0.8450704225352113,639,639,320,319
bowphs/PhilTa,hidden,sif,0,sif_abtt_optimal,10,0.001,0.3316582914572864,0.9687891079386961,0.05356267173052783,0.5452866554260254,0.0006894078105688095,0.5445972476154566,0.896875,0.91875,0.9125,0.7774294670846394,0.8450704225352113,639,639,320,319
bowphs/PhilTa,hidden,sif,1,sif_only,10,0.001,0.8241206030150754,0.9459279495192157,0.050950612911220175,0.7995691895484924,0.4644100069999695,0.33515918254852295,0.884375,0.896875,0.696875,0.9561128526645768,0.8262910798122066,639,639,320,319
bowphs/PhilTa,hidden,sif,1,sif_abtt_fixed,10,0.001,0.37185929648241206,0.9659944077680145,0.053243356274402784,0.5619698166847229,0.0008210354135371745,0.5611487812711857,0.89375,0.91875,0.90625,0.8181818181818182,0.8622848200312989,639,639,320,319
bowphs/PhilTa,hidden,sif,1,sif_abtt_optimal,10,0.001,0.37185929648241206,0.9659944077680145,0.053243356274402784,0.5619698166847229,0.0008210354135371745,0.5611487812711857,0.89375,0.91875,0.90625,0.8181818181818182,0.8622848200312989,639,639,320,319
bowphs/PhilTa,hidden,sif,2,sif_only,10,0.001,0.8844221105527639,0.9405288002778905,0.050333719614148,0.8484929800033569,0.5910341143608093,0.2574588656425476,0.86875,0.896875,0.596875,0.9498432601880877,0.7730829420970265,639,639,320,319
bowphs/PhilTa,hidden,sif,2,sif_abtt_fixed,10,0.001,0.3919597989949749,0.966330975237315,0.05328181163219199,0.5602781772613525,0.0007785752532072365,0.5594996020081453,0.896875,0.925,0.89375,0.8338557993730408,0.863849765258216,639,639,320,319
bowphs/PhilTa,hidden,sif,2,sif_abtt_optimal,10,0.001,0.3919597989949749,0.966330975237315,0.05328181163219199,0.5602781772613525,0.0007785752532072365,0.5594996020081453,0.896875,0.925,0.89375,0.8338557993730408,0.863849765258216,639,639,320,319
bowphs/PhilTa,hidden,sif,3,sif_only,10,0.001,0.9095477386934674,0.9341229793729314,0.04960180652896244,0.8645036220550537,0.6503133773803711,0.21419024467468262,0.825,0.865625,0.528125,0.9592476489028213,0.7433489827856025,639,639,320,319
bowphs/PhilTa,hidden,sif,3,sif_abtt_fixed,10,0.001,0.38190954773869346,0.966560338423966,0.053308018096603384,0.5600295066833496,0.0007865363731980324,0.5592429703101516,0.89375,0.925,0.896875,0.799373040752351,0.8482003129890454,639,639,320,319
bowphs/PhilTa,hidden,sif,3,sif_abtt_optimal,10,0.001,0.38190954773869346,0.966560338423966,0.053308018096603384,0.5600295066833496,0.0007865363731980324,0.5592429703101516,0.89375,0.925,0.896875,0.799373040752351,0.8482003129890454,639,639,320,319
bowphs/PhilTa,hidden,sif,4,sif_only,10,0.001,0.9095477386934674,0.9081797420717168,0.046637597080278224,0.8480480909347534,0.6546317934989929,0.1934162974357605,0.7,0.771875,0.45625,0.9153605015673981,0.6854460093896714,639,639,320,319
bowphs/PhilTa,hidden,sif,4,sif_abtt_fixed,10,0.001,0.3869346733668342,0.9675811683089982,0.053424655567693914,0.5603944063186646,0.0008519005496054888,0.5595425057690591,0.9125,0.91875,0.90625,0.7962382445141066,0.8513302034428795,639,639,320,319
bowphs/PhilTa,hidden,sif,4,sif_abtt_optimal,10,0.001,0.3869346733668342,0.9675811683089982,0.053424655567693914,0.5603944063186646,0.0008519005496054888,0.5595425057690591,0.9125,0.91875,0.90625,0.7962382445141066,0.8513302034428795,639,639,320,319
bowphs/PhilTa,hidden,sif,5,sif_only,10,0.001,0.9095477386934674,0.8957867522318776,0.045221605037562375,0.8487377762794495,0.665789008140564,0.1829487681388855,0.684375,0.75625,0.4625,0.8526645768025078,0.6572769953051644,639,639,320,319
bowphs/PhilTa,hidden,sif,5,sif_abtt_fixed,10,0.001,0.4020100502512563,0.9682851416235826,0.05350508979903029,0.5614858865737915,0.0008955204975791276,0.5605903660762124,0.9125,0.921875,0.896875,0.8275862068965517,0.8622848200312989,639,639,320,319
bowphs/PhilTa,hidden,sif,5,sif_abtt_optimal,10,0.001,0.4020100502512563,0.9682851416235826,0.05350508979903029,0.5614858865737915,0.0008955204975791276,0.5605903660762124,0.9125,0.921875,0.896875,0.8275862068965517,0.8622848200312989,639,639,320,319
bowphs/PhilTa,hidden,sif,6,sif_only,10,0.001,0.914572864321608,0.8806994307377375,0.043497765394533996,0.8475182056427002,0.6727908253669739,0.17472738027572632,0.653125,0.7125,0.440625,0.8432601880877743,0.6416275430359938,639,639,320,319
bowphs/PhilTa,hidden,sif,6,sif_abtt_fixed,10,0.001,0.40703517587939697,0.96876813607325,0.05356027553760036,0.5641548037528992,0.0010118058416992426,0.5631429979111999,0.909375,0.915625,0.896875,0.8119122257053292,0.8544600938967136,639,639,320,319
bowphs/PhilTa,hidden,sif,6,sif_abtt_optimal,10,0.001,0.40703517587939697,0.96876813607325,0.05356027553760036,0.5641548037528992,0.0010118058416992426,0.5631429979111999,0.909375,0.915625,0.896875,0.8119122257053292,0.8544600938967136,639,639,320,319
bowphs/PhilTa,hidden,sif,7,sif_only,10,0.001,0.914572864321608,0.8897495760165747,0.04453181237317872,0.8549176454544067,0.6796391010284424,0.17527854442596436,0.659375,0.71875,0.484375,0.8432601880877743,0.6635367762128326,639,639,320,319
bowphs/PhilTa,hidden,sif,7,sif_abtt_fixed,10,0.001,0.3969849246231156,0.970456150019452,0.053753143791888086,0.5705810189247131,0.0007943304372020066,0.5697866884875111,0.90625,0.915625,0.90625,0.7648902821316614,0.8356807511737089,639,639,320,319
bowphs/PhilTa,hidden,sif,7,sif_abtt_optimal,10,0.001,0.3969849246231156,0.970456150019452,0.053753143791888086,0.5705810189247131,0.0007943304372020066,0.5697866884875111,0.90625,0.915625,0.90625,0.7648902821316614,0.8356807511737089,639,639,320,319
bowphs/PhilTa,hidden,sif,8,sif_only,10,0.001,0.914572864321608,0.8949623676687458,0.04512741291794104,0.8617755174636841,0.6891043186187744,0.17267119884490967,0.675,0.734375,0.5125,0.8275862068965517,0.6697965571205008,639,639,320,319
bowphs/PhilTa,hidden,sif,8,sif_abtt_fixed,10,0.001,0.4221105527638191,0.9723723325523748,0.053972082018584874,0.5671717524528503,0.0006746423896402121,0.5664971100632101,0.909375,0.915625,0.9,0.8275862068965517,0.863849765258216,639,639,320,319
bowphs/PhilTa,hidden,sif,8,sif_abtt_optimal,10,0.001,0.4221105527638191,0.9723723325523748,0.053972082018584874,0.5671717524528503,0.0006746423896402121,0.5664971100632101,0.909375,0.915625,0.9,0.8275862068965517,0.863849765258216,639,639,320,319
bowphs/PhilTa,hidden,sif,9,sif_only,10,0.001,0.9246231155778895,0.8827204283534487,0.0437286795306114,0.8634779453277588,0.7018468976020813,0.1616310477256775,0.634375,0.725,0.46875,0.877742946708464,0.672926447574335,639,639,320,319
bowphs/PhilTa,hidden,sif,9,sif_abtt_fixed,10,0.001,0.37185929648241206,0.9671722390550201,0.05337793233325647,0.5609903931617737,0.0005178655264899135,0.5604725276352838,0.90625,0.9125,0.928125,0.6833855799373041,0.8059467918622848,639,639,320,319
bowphs/PhilTa,hidden,sif,9,sif_abtt_optimal,10,0.001,0.37185929648241206,0.9671722390550201,0.05337793233325647,0.5609903931617737,0.0005178655264899135,0.5604725276352838,0.90625,0.9125,0.928125,0.6833855799373041,0.8059467918622848,639,639,320,319
bowphs/PhilTa,hidden,sif,10,sif_only,10,0.001,0.9346733668341709,0.8777460036318492,0.04316031419554339,0.8721144199371338,0.7227787971496582,0.14933562278747559,0.621875,0.69375,0.425,0.896551724137931,0.6604068857589984,639,639,320,319
bowphs/PhilTa,hidden,sif,10,sif_abtt_fixed,10,0.001,0.4271356783919598,0.9683843376622538,0.053516423690467586,0.5556464195251465,0.00045246159425005317,0.5551939579308964,0.9,0.909375,0.89375,0.8652037617554859,0.8794992175273866,639,639,320,319
bowphs/PhilTa,hidden,sif,10,sif_abtt_optimal,5,0.001,0.47738693467336685,0.9749996228161332,0.05427226963718605,0.58246910572052,0.0007265503518283367,0.5817425553686917,0.890625,0.915625,0.884375,0.8495297805642633,0.86697965571205,639,639,320,319
bowphs/PhilTa,hidden,sif,11,sif_only,10,0.001,0.9296482412060302,0.8813588277771385,0.0435731064520951,0.8686380386352539,0.718866229057312,0.1497718095779419,0.6,0.675,0.446875,0.8714733542319749,0.6588419405320813,639,639,320,319
bowphs/PhilTa,hidden,sif,11,sif_abtt_fixed,10,0.001,0.4170854271356784,0.963653567082029,0.05297589766857486,0.5405963063240051,0.0006918550934642553,0.5399044512305409,0.89375,0.9125,0.89375,0.8181818181818182,0.8560250391236307,639,639,320,319
bowphs/PhilTa,hidden,sif,11,sif_abtt_optimal,10,0.001,0.4170854271356784,0.963653567082029,0.05297589766857486,0.5405963063240051,0.0006918550934642553,0.5399044512305409,0.89375,0.9125,0.89375,0.8181818181818182,0.8560250391236307,639,639,320,319
bowphs/PhilTa,hidden,sif,12,sif_only,10,0.001,0.8894472361809045,0.9246570027071846,0.04852024769541938,0.8329235911369324,0.6169890761375427,0.21593451499938965,0.79375,0.8375,0.45,0.9247648902821317,0.6870109546165885,639,639,320,319
bowphs/PhilTa,hidden,sif,12,sif_abtt_fixed,10,0.001,0.37185929648241206,0.9656172017788566,0.05320025766091144,0.5220909714698792,0.0006576396990567446,0.5214333317708224,0.896875,0.9125,0.90625,0.786833855799373,0.8466353677621283,639,639,320,319
bowphs/PhilTa,hidden,sif,12,sif_abtt_optimal,10,0.001,0.37185929648241206,0.9656172017788566,0.05320025766091144,0.5220909714698792,0.0006576396990567446,0.5214333317708224,0.896875,0.9125,0.90625,0.786833855799373,0.8466353677621283,639,639,320,319
bowphs/PhilTa,ff1,mean,1,baseline,10,0.001,0.9949748743718593,0.7746956657127123,0.03138604016019644,0.9592865109443665,0.9152016043663025,0.044084906578063965,0.4125,0.4875,0.2125,0.9278996865203761,0.5696400625978091,639,639,320,319
bowphs/PhilTa,ff1,mean,1,whitening,10,0.001,0.0,0.5676957658378842,0.007734749024427999,0.06486885994672775,-0.001152144162915647,0.0660210041096434,0.2125,0.240625,1.0,0.0,0.5007824726134585,639,639,320,319
bowphs/PhilTa,ff1,mean,2,baseline,10,0.001,0.9949748743718593,0.7227373049533555,0.025449407730539587,0.9730969071388245,0.9540050625801086,0.01909184455871582,0.41875,0.48125,0.725,0.40752351097178685,0.5665101721439749,639,639,320,319
bowphs/PhilTa,ff1,mean,2,whitening,10,0.001,0.0,0.5797096029331233,0.009107420052584194,0.1974228471517563,0.007220655679702759,0.19020219147205353,0.234375,0.253125,1.0,0.0,0.5007824726134585,639,639,320,319
bowphs/PhilTa,ff1,mean,3,baseline,10,0.001,0.9798994974874372,0.523867343394254,0.0027270229996042656,0.9373890161514282,0.9120244979858398,0.02536451816558838,0.04375,0.05,0.96875,0.0438871473354232,0.5070422535211268,639,639,320,319
bowphs/PhilTa,ff1,mean,3,whitening,10,0.001,0.0,0.5248658962028048,0.0028411151488065395,0.011998459696769714,-0.0011368870036676526,0.013135346700437367,0.190625,0.20625,1.0,0.0,0.5007824726134585,639,639,320,319
bowphs/PhilTa,ff1,mean,4,baseline,10,0.001,0.04020100502512563,0.4362375761054175,-0.007285335180757601,0.9546516537666321,0.9547528028488159,-0.00010114908218383789,0.034375,0.046875,1.0,0.0,0.5007824726134585,639,639,320,319
bowphs/PhilTa,ff1,mean,4,whitening,10,0.001,0.005025125628140704,0.5353146304113552,0.004034961403299576,0.039448026567697525,0.0018004094017669559,0.03764761716593057,0.209375,0.23125,1.0,0.0,0.5007824726134585,639,639,320,319
bowphs/PhilTa,ff1,mean,5,baseline,10,0.001,0.949748743718593,0.46373963358257553,-0.004143018833834054,0.9498523473739624,0.9413414001464844,0.008510947227478027,0.028125,0.0375,0.99375,0.003134796238244514,0.49921752738654146,639,639,320,319
bowphs/PhilTa,ff1,mean,5,whitening,10,0.001,0.0,0.5746918407807127,0.008534103142896229,0.0902191549539566,0.0013241569977253675,0.08889499795623124,0.2125,0.221875,1.0,0.0,0.5007824726134585,639,639,320,319
bowphs/PhilTa,ff1,mean,6,baseline,10,0.001,0.8994974874371859,0.47390991539622074,-0.0029809878544548645,0.9212669134140015,0.9120560884475708,0.009210824966430664,0.05,0.06875,0.996875,0.0,0.49921752738654146,639,639,320,319
bowphs/PhilTa,ff1,mean,6,whitening,10,0.001,0.0,0.515522775291019,0.0017735935160212912,0.010495366528630257,-1.114480801334139e-05,0.010506511336643598,0.196875,0.215625,1.0,0.0,0.5007824726134585,639,639,320,319
bowphs/PhilTa,ff1,mean,7,baseline,10,0.001,0.9899497487437187,0.6942394820674843,0.022193317717768227,0.9179041385650635,0.8622081875801086,0.055695950984954834,0.378125,0.415625,0.05625,0.9341692789968652,0.4945226917057903,639,639,320,319
bowphs/PhilTa,ff1,mean,7,whitening,10,0.001,0.005025125628140704,0.6121627683110157,0.012815438232156926,0.3001123368740082,-0.0006117066368460655,0.30072404351085424,0.2875,0.303125,1.0,0.0,0.5007824726134585,639,639,320,319
bowphs/PhilTa,ff1,mean,8,baseline,10,0.001,0.9849246231155779,0.7111902356587283,0.02413006845453692,0.9086087942123413,0.8448233604431152,0.06378543376922607,0.396875,0.453125,0.075,0.9153605015673981,0.4945226917057903,639,639,320,319
bowphs/PhilTa,ff1,mean,8,whitening,10,0.001,0.0,0.5591909111828668,0.006763005898169822,0.11308735609054565,-0.0013002646155655384,0.11438762070611119,0.225,0.234375,1.0,0.0,0.5007824726134585,639,639,320,319
bowphs/PhilTa,ff1,mean,9,baseline,10,0.001,0.9949748743718593,0.48818317234329495,-0.0013501611917917289,0.7594431042671204,0.7461969256401062,0.01324617862701416,0.103125,0.121875,0.2625,0.6677115987460815,0.4647887323943662,639,639,320,319
bowphs/PhilTa,ff1,mean,9,whitening,10,0.001,0.0,0.5497419907494606,0.005683395858877047,0.06330911070108414,-0.0010879157343879342,0.06439702643547207,0.2125,0.2375,1.0,0.0,0.5007824726134585,639,639,320,319
bowphs/PhilTa,ff1,mean,10,baseline,10,0.001,0.9899497487437187,0.5590451146857965,0.0067463472202186035,0.8223394155502319,0.7860115170478821,0.036327898502349854,0.1875,0.203125,0.13125,0.8087774294670846,0.4694835680751174,639,639,320,319
bowphs/PhilTa,ff1,mean,10,whitening,10,0.001,0.0,0.5282810361818215,0.003231320753957241,0.026280345395207405,0.0005684149800799787,0.025711930415127426,0.221875,0.225,1.0,0.0,0.5007824726134585,639,639,320,319
bowphs/PhilTa,ff1,mean,11,baseline,10,0.001,0.9597989949748744,0.7881360321027052,0.03292170282951805,0.8704107403755188,0.7710132002830505,0.09939754009246826,0.35625,0.446875,0.140625,0.8934169278996865,0.5164319248826291,639,639,320,319
bowphs/PhilTa,ff1,mean,11,whitening,10,0.001,0.0,0.5533888941760998,0.006100083552148447,0.10859106481075287,0.0006777524249628186,0.10791331238579005,0.209375,0.2375,1.0,0.0,0.5007824726134585,639,639,320,319
bowphs/PhilTa,ff1,mean,12,baseline,10,0.001,0.9447236180904522,0.6876930965707062,0.02144534407362158,0.7894454598426819,0.6960136890411377,0.09343177080154419,0.21875,0.271875,0.24375,0.8056426332288401,0.5242566510172144,639,639,320,319
bowphs/PhilTa,ff1,mean,12,whitening,10,0.001,0.0,0.5852930192137241,0.009745374816722262,0.19519858062267303,-0.0016161281382665038,0.19681470876093954,0.225,0.240625,1.0,0.0,0.5007824726134585,639,639,320,319
bowphs/PhilTa,ff1,sif,1,sif_only,10,0.001,0.8743718592964824,0.9255218156290748,0.04861905905825498,0.8234752416610718,0.5711131691932678,0.25236207246780396,0.803125,0.85,0.559375,0.9216300940438872,0.7402190923317684,639,639,320,319
bowphs/PhilTa,ff1,sif,1,sif_abtt_fixed,10,0.001,0.3417085427135678,0.9553675786198292,0.052029161337785415,0.5210015773773193,0.0010602938709780574,0.5199412835063413,0.89375,0.91875,0.8875,0.8181818181818182,0.8528951486697965,639,639,320,319
bowphs/PhilTa,ff1,sif,1,sif_abtt_optimal,7,0.001,0.3417085427135678,0.9592326403282159,0.05247077362782961,0.5249056220054626,0.0010277500841766596,0.523877871921286,0.88125,0.91875,0.8875,0.8213166144200627,0.8544600938967136,639,639,320,319
bowphs/PhilTa,ff1,sif,2,sif_only,10,0.001,0.8040201005025126,0.9307208693820455,0.049213089944971145,0.7526265978813171,0.4488378167152405,0.30378878116607666,0.784375,0.80625,0.603125,0.896551724137931,0.7496087636932708,639,639,320,319
bowphs/PhilTa,ff1,sif,2,sif_abtt_fixed,10,0.001,0.34673366834170855,0.9671987082923685,0.05338095664215542,0.5050707459449768,0.001766009139828384,0.5033047368051484,0.903125,0.925,0.89375,0.8557993730407524,0.8748043818466353,639,639,320,319
bowphs/PhilTa,ff1,sif,2,sif_abtt_optimal,10,0.001,0.34673366834170855,0.9671987082923685,0.05338095664215542,0.5050707459449768,0.001766009139828384,0.5033047368051484,0.903125,0.925,0.89375,0.8557993730407524,0.8748043818466353,639,639,320,319
bowphs/PhilTa,ff1,sif,3,sif_only,10,0.001,0.8341708542713568,0.9125255749465672,0.047134141082078064,0.7488107681274414,0.4810349643230438,0.2677758038043976,0.7875,0.83125,0.459375,0.9498432601880877,0.704225352112676,639,639,320,319
bowphs/PhilTa,ff1,sif,3,sif_abtt_fixed,10,0.001,0.3165829145728643,0.9695661509490279,0.05365145472266098,0.47662800550460815,0.0010936001781374216,0.47553440532647073,0.896875,0.925,0.884375,0.7962382445141066,0.8403755868544601,639,639,320,319
bowphs/PhilTa,ff1,sif,3,sif_abtt_optimal,10,0.001,0.3165829145728643,0.9695661509490279,0.05365145472266098,0.47662800550460815,0.0010936001781374216,0.47553440532647073,0.896875,0.925,0.884375,0.7962382445141066,0.8403755868544601,639,639,320,319
bowphs/PhilTa,ff1,sif,4,sif_only,10,0.001,0.9246231155778895,0.8096397157400796,0.035378659973265794,0.7886806726455688,0.6287072896957397,0.1599733829498291,0.6,0.65,0.171875,0.9341692789968652,0.5524256651017214,639,639,320,319
bowphs/PhilTa,ff1,sif,4,sif_abtt_fixed,10,0.001,0.3417085427135678,0.9714889037815682,0.05387114365536993,0.49869024753570557,0.0009813111973926425,0.4977089363383129,0.903125,0.925,0.88125,0.8213166144200627,0.8513302034428795,639,639,320,319
bowphs/PhilTa,ff1,sif,4,sif_abtt_optimal,10,0.001,0.3417085427135678,0.9714889037815682,0.05387114365536993,0.49869024753570557,0.0009813111973926425,0.4977089363383129,0.903125,0.925,0.88125,0.8213166144200627,0.8513302034428795,639,639,320,319
bowphs/PhilTa,ff1,sif,5,sif_only,10,0.001,0.8190954773869347,0.9151944771079036,0.047439083172087254,0.7413852214813232,0.472819447517395,0.2685657739639282,0.75625,0.81875,0.46875,0.890282131661442,0.6791862284820032,639,639,320,319
bowphs/PhilTa,ff1,sif,5,sif_abtt_fixed,10,0.001,0.32160804020100503,0.9632343288730953,0.0529279965587108,0.5014836192131042,0.0009792729979380965,0.5005043462151662,0.9,0.9125,0.89375,0.7774294670846394,0.8356807511737089,639,639,320,319
bowphs/PhilTa,ff1,sif,5,sif_abtt_optimal,10,0.001,0.32160804020100503,0.9632343288730953,0.0529279965587108,0.5014836192131042,0.0009792729979380965,0.5005043462151662,0.9,0.9125,0.89375,0.7774294670846394,0.8356807511737089,639,639,320,319
bowphs/PhilTa,ff1,sif,6,sif_only,10,0.001,0.7537688442211056,0.9245844750058503,0.04851196086151718,0.7117536664009094,0.4018825590610504,0.309871107339859,0.80625,0.85625,0.634375,0.9184952978056427,0.7762128325508607,639,639,320,319
bowphs/PhilTa,ff1,sif,6,sif_abtt_fixed,10,0.001,0.3165829145728643,0.9733897777376037,0.05408833276233465,0.5079478621482849,0.0006025736802257597,0.5073452884680592,0.909375,0.921875,0.9125,0.8244514106583072,0.8685446009389671,639,639,320,319
bowphs/PhilTa,ff1,sif,6,sif_abtt_optimal,10,0.001,0.3165829145728643,0.9733897777376037,0.05408833276233465,0.5079478621482849,0.0006025736802257597,0.5073452884680592,0.909375,0.921875,0.9125,0.8244514106583072,0.8685446009389671,639,639,320,319
bowphs/PhilTa,ff1,sif,7,sif_only,10,0.001,0.7839195979899498,0.9378070813140723,0.05002274280827546,0.7348455190658569,0.39897027611732483,0.3358752429485321,0.846875,0.88125,0.590625,0.9717868338557993,0.7809076682316118,639,639,320,319
bowphs/PhilTa,ff1,sif,7,sif_abtt_fixed,10,0.001,0.35175879396984927,0.9680583446145599,0.05347917653966078,0.5093249678611755,0.0007006075466051698,0.5086243603145704,0.9125,0.925,0.890625,0.8840125391849529,0.8873239436619719,639,639,320,319
bowphs/PhilTa,ff1,sif,7,sif_abtt_optimal,7,0.001,0.3417085427135678,0.9689855975050381,0.05358512213724948,0.517446756362915,0.0006884207832626998,0.5167583355796523,0.915625,0.925,0.90625,0.8526645768025078,0.8794992175273866,639,639,320,319
bowphs/PhilTa,ff1,sif,8,sif_only,10,0.001,0.7587939698492463,0.9376117531643293,0.05000042510210617,0.7228842973709106,0.3747423589229584,0.34814193844795227,0.853125,0.8875,0.653125,0.9310344827586207,0.7918622848200313,639,639,320,319
bowphs/PhilTa,ff1,sif,8,sif_abtt_fixed,10,0.001,0.32663316582914576,0.9601139121824813,0.05257146554715045,0.5091385841369629,0.0008412634488195181,0.5082973206881434,0.903125,0.928125,0.903125,0.8463949843260188,0.8748043818466353,639,639,320,319
bowphs/PhilTa,ff1,sif,8,sif_abtt_optimal,10,0.001,0.32663316582914576,0.9601139121824813,0.05257146554715045,0.5091385841369629,0.0008412634488195181,0.5082973206881434,0.903125,0.928125,0.903125,0.8463949843260188,0.8748043818466353,639,639,320,319
bowphs/PhilTa,ff1,sif,9,sif_only,10,0.001,0.7839195979899498,0.9352347979526682,0.04972884014084482,0.7246897220611572,0.4124804735183716,0.31220924854278564,0.8375,0.859375,0.54375,0.9561128526645768,0.7496087636932708,639,639,320,319
bowphs/PhilTa,ff1,sif,9,sif_abtt_fixed,10,0.001,0.36180904522613067,0.9656249888006257,0.053201147386554806,0.5001042485237122,0.0008187411003746092,0.49928550742333755,0.890625,0.909375,0.8875,0.8495297805642633,0.8685446009389671,639,639,320,319
bowphs/PhilTa,ff1,sif,9,sif_abtt_optimal,7,0.001,0.36180904522613067,0.9637429408546052,0.052986109292438084,0.506300687789917,0.0009440149879083037,0.5053566728020087,0.890625,0.909375,0.890625,0.8056426332288401,0.8482003129890454,639,639,320,319
bowphs/PhilTa,ff1,sif,10,sif_only,10,0.001,0.8241206030150754,0.9140309257145112,0.047306138698189136,0.7502632737159729,0.4889799654483795,0.2612833082675934,0.771875,0.825,0.475,0.9247648902821317,0.6995305164319249,639,639,320,319
bowphs/PhilTa,ff1,sif,10,sif_abtt_fixed,10,0.001,0.33668341708542715,0.9670947891595278,0.05336908310178371,0.4743632376194,0.0008026560535654426,0.4735605815658346,0.8875,0.915625,0.88125,0.8620689655172413,0.8716744913928013,639,639,320,319
bowphs/PhilTa,ff1,sif,10,sif_abtt_optimal,5,0.001,0.3768844221105528,0.9663061319832054,0.05327897310407303,0.49699655175209045,0.0008445236599072814,0.4961520280921832,0.890625,0.915625,0.878125,0.8871473354231975,0.8826291079812206,639,639,320,319
bowphs/PhilTa,ff1,sif,11,sif_only,10,0.001,0.914572864321608,0.8560041853472231,0.04067614838218152,0.8239149451255798,0.6586290001869202,0.16528594493865967,0.6375,0.68125,0.340625,0.9310344827586207,0.6353677621283255,639,639,320,319
bowphs/PhilTa,ff1,sif,11,sif_abtt_fixed,10,0.001,0.31155778894472363,0.9696842614865981,0.053664949737466154,0.45120352506637573,0.0008467485313303769,0.45035677653504536,0.878125,0.9,0.865625,0.7617554858934169,0.8137715179968701,639,639,320,319
bowphs/PhilTa,ff1,sif,11,sif_abtt_optimal,10,0.001,0.31155778894472363,0.9696842614865981,0.053664949737466154,0.45120352506637573,0.0008467485313303769,0.45035677653504536,0.878125,0.9,0.865625,0.7617554858934169,0.8137715179968701,639,639,320,319
bowphs/PhilTa,ff1,sif,12,sif_only,10,0.001,0.9045226130653267,0.859571205434067,0.041083707181505766,0.8118772506713867,0.6355416178703308,0.1763356328010559,0.653125,0.715625,0.325,0.9153605015673981,0.6197183098591549,639,639,320,319
bowphs/PhilTa,ff1,sif,12,sif_abtt_fixed,10,0.001,0.3165829145728643,0.957701660967319,0.05229584775274952,0.44380027055740356,0.0005174269899725914,0.443282843567431,0.871875,0.9,0.884375,0.7962382445141066,0.8403755868544601,639,639,320,319
bowphs/PhilTa,ff1,sif,12,sif_abtt_optimal,10,0.001,0.3165829145728643,0.957701660967319,0.05229584775274952,0.44380027055740356,0.0005174269899725914,0.443282843567431,0.871875,0.9,0.884375,0.7962382445141066,0.8403755868544601,639,639,320,319
sentence-transformers/LaBSE,hidden,mean,0,baseline,10,0.001,0.9195979899497487,0.9101239755807846,0.04685974034138189,0.8388643264770508,0.6367277503013611,0.2021365761756897,0.6625,0.75,0.34375,0.9623824451410659,0.6525821596244131,639,639,320,319
sentence-transformers/LaBSE,hidden,mean,0,whitening,10,0.001,0.0,0.5536931963861671,0.006134850902255821,0.14582113921642303,0.011306267231702805,0.13451487198472023,0.09375,0.121875,1.0,0.0,0.5007824726134585,639,639,320,319
sentence-transformers/LaBSE,hidden,mean,1,baseline,10,0.001,0.9798994974874372,0.842996407926498,0.039189912247209004,0.9401420950889587,0.8692035675048828,0.07093852758407593,0.503125,0.5875,0.3375,0.8934169278996865,0.6150234741784038,639,639,320,319
sentence-transformers/LaBSE,hidden,mean,1,whitening,10,0.001,0.0,0.551314371846837,0.005863051944374436,0.03455430641770363,-0.0015637970063835382,0.03611810342408717,0.134375,0.15625,1.0,0.0,0.5007824726134585,639,639,320,319
sentence-transformers/LaBSE,hidden,mean,2,baseline,10,0.001,0.9899497487437187,0.8545136343450843,0.04050584175049268,0.9696821570396423,0.9308351874351501,0.03884696960449219,0.4875,0.571875,0.309375,0.896551724137931,0.6025039123630673,639,639,320,319
sentence-transformers/LaBSE,hidden,mean,2,whitening,10,0.001,0.0,0.5560224892728245,0.006400989635991255,0.11327742785215378,-0.0016436222940683365,0.11492105014622211,0.15,0.175,1.0,0.0,0.5007824726134585,639,639,320,319
sentence-transformers/LaBSE,hidden,mean,3,baseline,10,0.001,0.9798994974874372,0.8743432189132246,0.04277152051893002,0.9522238969802856,0.8856297731399536,0.06659412384033203,0.565625,0.6625,0.375,0.8714733542319749,0.622848200312989,639,639,320,319
sentence-transformers/LaBSE,hidden,mean,3,whitening,10,0.001,0.0,0.5444809394723205,0.005082281379543015,0.10786932706832886,-0.0013101132353767753,0.10917944030370563,0.15625,0.178125,1.0,0.0,0.5007824726134585,639,639,320,319
sentence-transformers/LaBSE,hidden,mean,4,baseline,10,0.001,0.9798994974874372,0.8765529080123986,0.0430239940722664,0.9458608627319336,0.8691967129707336,0.07666414976119995,0.509375,0.60625,0.28125,0.9561128526645768,0.6181533646322379,639,639,320,319
sentence-transformers/LaBSE,hidden,mean,4,whitening,10,0.001,0.0,0.5678343062464879,0.0077505783292732625,0.18211820721626282,-0.0014783224323764443,0.18359652964863926,0.146875,0.165625,1.0,0.0,0.5007824726134585,639,639,320,319
sentence-transformers/LaBSE,hidden,mean,5,baseline,10,0.001,0.9748743718592965,0.8793530502494302,0.04334393132530127,0.9477906823158264,0.8778770565986633,0.06991362571716309,0.5625,0.653125,0.428125,0.8808777429467085,0.6541471048513302,639,639,320,319
sentence-transformers/LaBSE,hidden,mean,5,whitening,10,0.001,0.0,0.568654885787619,0.007844335884639763,0.16203084588050842,0.0016739603597670794,0.16035688552074134,0.15,0.171875,1.0,0.0,0.5007824726134585,639,639,320,319
sentence-transformers/LaBSE,hidden,mean,6,baseline,10,0.001,0.9698492462311558,0.90387943672755,0.04614625494035688,0.9433489441871643,0.8617997169494629,0.08154922723770142,0.684375,0.778125,0.425,0.9247648902821317,0.6744913928012519,639,639,320,319
sentence-transformers/LaBSE,hidden,mean,6,whitening,10,0.001,0.0,0.5779200369317206,0.008902950142020232,0.20694874227046967,0.001848783460445702,0.20509995881002396,0.15625,0.184375,1.0,0.0,0.5007824726134585,639,639,320,319
sentence-transformers/LaBSE,hidden,mean,7,baseline,10,0.001,0.9798994974874372,0.8958175131800874,0.04522511970666799,0.9487582445144653,0.8590764999389648,0.08968174457550049,0.615625,0.74375,0.315625,0.9498432601880877,0.6322378716744914,639,639,320,319
sentence-transformers/LaBSE,hidden,mean,7,whitening,10,0.001,0.0,0.5547623080183892,0.006257005365272197,0.13397791981697083,0.0038735326379537582,0.13010438717901707,0.128125,0.15,1.0,0.0,0.5007824726134585,639,639,320,319
sentence-transformers/LaBSE,hidden,mean,8,baseline,10,0.001,0.9849246231155779,0.8889159111817606,0.04443655991296097,0.9566165208816528,0.8762071132659912,0.08040940761566162,0.60625,0.715625,0.334375,0.9059561128526645,0.6197183098591549,639,639,320,319
sentence-transformers/LaBSE,hidden,mean,8,whitening,10,0.001,0.0,0.5529858826162215,0.0060540345445529425,0.12389398366212845,-0.0016929605044424534,0.1255869441665709,0.109375,0.140625,1.0,0.0,0.5007824726134585,639,639,320,319
sentence-transformers/LaBSE,hidden,mean,9,baseline,10,0.001,0.9798994974874372,0.9162712209063482,0.04756210922723951,0.952743411064148,0.8613237738609314,0.09141963720321655,0.7875,0.84375,0.346875,0.9686520376175548,0.6572769953051644,639,639,320,319
sentence-transformers/LaBSE,hidden,mean,9,whitening,10,0.001,0.0,0.5630232651876015,0.007200880780489077,0.10982885211706161,0.0029911366291344166,0.1068377154879272,0.134375,0.15,1.0,0.0,0.5007824726134585,639,639,320,319
sentence-transformers/LaBSE,hidden,mean,10,baseline,10,0.001,0.9698492462311558,0.9290387841910539,0.04902089909553708,0.9502725601196289,0.8468363285064697,0.10343623161315918,0.8,0.859375,0.509375,0.9278996865203761,0.7183098591549296,639,639,320,319
sentence-transformers/LaBSE,hidden,mean,10,whitening,10,0.001,0.0,0.5511089670254581,0.005839583016072525,0.1345580369234085,-0.0006040196749381721,0.13516205659834668,0.128125,0.153125,1.0,0.0,0.5007824726134585,639,639,320,319
sentence-transformers/LaBSE,hidden,mean,11,baseline,10,0.001,0.9748743718592965,0.9479274222139573,0.051179067663873756,0.9721193313598633,0.9126370549201965,0.05948227643966675,0.865625,0.8875,0.796875,0.9184952978056427,0.8575899843505478,639,639,320,319
sentence-transformers/LaBSE,hidden,mean,11,whitening,10,0.001,0.0,0.5647874791238132,0.007402455428611555,0.17028313875198364,-0.0007729522767476737,0.17105609102873132,0.1375,0.153125,1.0,0.0,0.5007824726134585,639,639,320,319
sentence-transformers/LaBSE,hidden,mean,12,baseline,10,0.001,0.9195979899497487,0.9429969211620237,0.05061572093732316,0.9065139293670654,0.723953366279602,0.18256056308746338,0.878125,0.89375,0.803125,0.9122257053291536,0.8575899843505478,639,639,320,319
sentence-transformers/LaBSE,hidden,mean,12,whitening,10,0.001,0.0,0.5754545928363205,0.008621253258502036,0.21370090544223785,0.003085131524130702,0.21061577391810715,0.1375,0.165625,1.0,0.0,0.5007824726134585,639,639,320,319
sentence-transformers/LaBSE,hidden,sif,0,sif_only,10,0.001,0.8743718592964824,0.9045910311472464,0.04622755994004203,0.7913805842399597,0.5568869709968567,0.23449361324310303,0.759375,0.784375,0.440625,0.9623824451410659,0.701095461658842,639,639,320,319
sentence-transformers/LaBSE,hidden,sif,0,sif_abtt_fixed,10,0.001,0.3768844221105528,0.9725309267542557,0.05399020259568406,0.4927082359790802,0.0010541019728407264,0.4916541340062395,0.8875,0.921875,0.8125,0.8808777429467085,0.8466353677621283,639,639,320,319
sentence-transformers/LaBSE,hidden,sif,0,sif_abtt_optimal,7,0.001,0.37185929648241206,0.9710284076305911,0.05381852851617371,0.4988851249217987,0.0010928669944405556,0.49779225792735815,0.89375,0.921875,0.825,0.8526645768025078,0.838810641627543,639,639,320,319
sentence-transformers/LaBSE,hidden,sif,1,sif_only,10,0.001,0.9748743718592965,0.8412322714180596,0.03898834641922209,0.9295854568481445,0.8528852462768555,0.07670021057128906,0.6125,0.665625,0.328125,0.9310344827586207,0.6291079812206573,639,639,320,319
sentence-transformers/LaBSE,hidden,sif,1,sif_abtt_fixed,10,0.001,0.3919597989949749,0.9667600246512332,0.053330833745813176,0.48413509130477905,0.0008710593683645129,0.48326403193641454,0.865625,0.90625,0.803125,0.8714733542319749,0.837245696400626,639,639,320,319
sentence-transformers/LaBSE,hidden,sif,1,sif_abtt_optimal,7,0.001,0.40703517587939697,0.9626397056965914,0.05286005640082982,0.48711350560188293,0.0013480496127158403,0.4857654559891671,0.85,0.903125,0.775,0.8714733542319749,0.8231611893583725,639,639,320,319
sentence-transformers/LaBSE,hidden,sif,2,sif_only,10,0.001,0.9899497487437187,0.8556211612139596,0.04063238500224344,0.9640643000602722,0.9208326935768127,0.04323160648345947,0.565625,0.621875,0.20625,0.9780564263322884,0.5915492957746479,639,639,320,319
sentence-transformers/LaBSE,hidden,sif,2,sif_abtt_fixed,10,0.001,0.4371859296482412,0.958783315898811,0.05241943494161617,0.5010335445404053,0.0005653998232446611,0.5004681447171606,0.85,0.90625,0.803125,0.9153605015673981,0.8591549295774648,639,639,320,319
sentence-transformers/LaBSE,hidden,sif,2,sif_abtt_optimal,10,0.001,0.4371859296482412,0.958783315898811,0.05241943494161617,0.5010335445404053,0.0005653998232446611,0.5004681447171606,0.85,0.90625,0.803125,0.9153605015673981,0.8591549295774648,639,639,320,319
sentence-transformers/LaBSE,hidden,sif,3,sif_only,10,0.001,0.9748743718592965,0.8754883093132471,0.04290235568586858,0.9449252486228943,0.8738722205162048,0.07105302810668945,0.640625,0.709375,0.409375,0.896551724137931,0.6525821596244131,639,639,320,319
sentence-transformers/LaBSE,hidden,sif,3,sif_abtt_fixed,10,0.001,0.4170854271356784,0.9603200138538197,0.05259501420896571,0.5056262612342834,0.0011756343301385641,0.5044506269041449,0.840625,0.871875,0.85625,0.8526645768025078,0.8544600938967136,639,639,320,319
sentence-transformers/LaBSE,hidden,sif,3,sif_abtt_optimal,7,0.001,0.4020100502512563,0.9622211090320647,0.05281222859222724,0.5239902138710022,0.001026876620016992,0.5229633372509852,0.85,0.890625,0.890625,0.7774294670846394,0.8341158059467919,639,639,320,319
sentence-transformers/LaBSE,hidden,sif,4,sif_only,10,0.001,0.9698492462311558,0.8786939076155701,0.043268619335478424,0.9368727207183838,0.8555727601051331,0.08129996061325073,0.584375,0.665625,0.4125,0.896551724137931,0.6541471048513302,639,639,320,319
sentence-transformers/LaBSE,hidden,sif,4,sif_abtt_fixed,10,0.001,0.3869346733668342,0.9572382557442891,0.052242900230252055,0.4981287717819214,0.001240262994542718,0.49688850878737867,0.84375,0.88125,0.875,0.8244514106583072,0.8497652582159625,639,639,320,319
sentence-transformers/LaBSE,hidden,sif,4,sif_abtt_optimal,10,0.001,0.3869346733668342,0.9572382557442891,0.052242900230252055,0.4981287717819214,0.001240262994542718,0.49688850878737867,0.84375,0.88125,0.875,0.8244514106583072,0.8497652582159625,639,639,320,319
sentence-transformers/LaBSE,hidden,sif,5,sif_only,10,0.001,0.9748743718592965,0.8798111240172148,0.0433962696890478,0.9402768015861511,0.8659915924072266,0.07428520917892456,0.596875,0.6875,0.325,0.9529780564263323,0.6384976525821596,639,639,320,319
sentence-transformers/LaBSE,hidden,sif,5,sif_abtt_fixed,10,0.001,0.4120603015075377,0.9574993421957606,0.052272731315608764,0.49070677161216736,0.000981481745839119,0.48972528986632824,0.828125,0.875,0.85,0.8495297805642633,0.8497652582159625,639,639,320,319
sentence-transformers/LaBSE,hidden,sif,5,sif_abtt_optimal,10,0.001,0.4120603015075377,0.9574993421957606,0.052272731315608764,0.49070677161216736,0.000981481745839119,0.48972528986632824,0.828125,0.875,0.85,0.8495297805642633,0.8497652582159625,639,639,320,319
sentence-transformers/LaBSE,hidden,sif,6,sif_only,10,0.001,0.964824120603015,0.9017902473658076,0.045907549385825044,0.9363084435462952,0.8511615991592407,0.08514684438705444,0.7125,0.78125,0.440625,0.9467084639498433,0.6932707355242567,639,639,320,319
sentence-transformers/LaBSE,hidden,sif,6,sif_abtt_fixed,10,0.001,0.4371859296482412,0.9649620743280961,0.05312540443588448,0.5119273662567139,0.0012421532301232219,0.5106852130265906,0.846875,0.903125,0.80625,0.8808777429467085,0.8435054773082942,639,639,320,319
sentence-transformers/LaBSE,hidden,sif,6,sif_abtt_optimal,10,0.001,0.4371859296482412,0.9649620743280961,0.05312540443588448,0.5119273662567139,0.0012421532301232219,0.5106852130265906,0.846875,0.903125,0.80625,0.8808777429467085,0.8435054773082942,639,639,320,319
sentence-transformers/LaBSE,hidden,sif,7,sif_only,10,0.001,0.9748743718592965,0.896552258503992,0.04530906987088586,0.944198727607727,0.8566005229949951,0.08759820461273193,0.65,0.75,0.35,0.9341692789968652,0.6416275430359938,639,639,320,319
sentence-transformers/LaBSE,hidden,sif,7,sif_abtt_fixed,10,0.001,0.3919597989949749,0.9612392585003195,0.05270004480461384,0.5006484985351562,0.0011783053632825613,0.4994701931718737,0.834375,0.88125,0.875,0.7554858934169278,0.8153364632237872,639,639,320,319
sentence-transformers/LaBSE,hidden,sif,7,sif_abtt_optimal,10,0.001,0.3919597989949749,0.9612392585003195,0.05270004480461384,0.5006484985351562,0.0011783053632825613,0.4994701931718737,0.834375,0.88125,0.875,0.7554858934169278,0.8153364632237872,639,639,320,319
sentence-transformers/LaBSE,hidden,sif,8,sif_only,10,0.001,0.9849246231155779,0.8895348356179615,0.04450727667204428,0.9539286494255066,0.8767364025115967,0.07719224691390991,0.609375,0.70625,0.25,0.9592476489028213,0.6040688575899843,639,639,320,319
sentence-transformers/LaBSE,hidden,sif,8,sif_abtt_fixed,10,0.001,0.40703517587939697,0.9573276295168653,0.0522531118541162,0.4989362955093384,0.0009963548509404063,0.497939940658398,0.821875,0.871875,0.86875,0.8244514106583072,0.8466353677621283,639,639,320,319
sentence-transformers/LaBSE,hidden,sif,8,sif_abtt_optimal,10,0.001,0.40703517587939697,0.9573276295168653,0.0522531118541162,0.4989362955093384,0.0009963548509404063,0.497939940658398,0.821875,0.871875,0.86875,0.8244514106583072,0.8466353677621283,639,639,320,319
sentence-transformers/LaBSE,hidden,sif,9,sif_only,10,0.001,0.9748743718592965,0.9132212081838591,0.047213622397114255,0.9506743550300598,0.8651890754699707,0.08548527956008911,0.75625,0.83125,0.4375,0.9184952978056427,0.6776212832550861,639,639,320,319
sentence-transformers/LaBSE,hidden,sif,9,sif_abtt_fixed,10,0.001,0.44221105527638194,0.9671716196328339,0.053377861559626136,0.5400276780128479,0.0007931090076453984,0.5392345690052025,0.846875,0.884375,0.84375,0.8589341692789969,0.8513302034428795,639,639,320,319
sentence-transformers/LaBSE,hidden,sif,9,sif_abtt_optimal,10,0.001,0.44221105527638194,0.9671716196328339,0.053377861559626136,0.5400276780128479,0.0007931090076453984,0.5392345690052025,0.846875,0.884375,0.84375,0.8589341692789969,0.8513302034428795,639,639,320,319
sentence-transformers/LaBSE,hidden,sif,10,sif_only,10,0.001,0.9698492462311558,0.9295958327753003,0.04908454607443518,0.947827160358429,0.8484693765640259,0.09935778379440308,0.80625,0.85625,0.48125,0.9561128526645768,0.7183098591549296,639,639,320,319
sentence-transformers/LaBSE,hidden,sif,10,sif_abtt_fixed,10,0.001,0.4723618090452261,0.9657141192287716,0.053211331206492844,0.5652949213981628,0.0007390393293462694,0.5645558820688166,0.86875,0.9,0.85,0.8808777429467085,0.865414710485133,639,639,320,319
sentence-transformers/LaBSE,hidden,sif,10,sif_abtt_optimal,10,0.001,0.4723618090452261,0.9657141192287716,0.053211331206492844,0.5652949213981628,0.0007390393293462694,0.5645558820688166,0.86875,0.9,0.85,0.8808777429467085,0.865414710485133,639,639,320,319
sentence-transformers/LaBSE,hidden,sif,11,sif_only,10,0.001,0.9748743718592965,0.948565725715697,0.05125199862657463,0.9706000089645386,0.9139782786369324,0.0566217303276062,0.853125,0.871875,0.7125,0.9341692789968652,0.8231611893583725,639,639,320,319
sentence-transformers/LaBSE,hidden,sif,11,sif_abtt_fixed,10,0.001,0.4321608040201005,0.9678766769362441,0.05345841964481677,0.5973365306854248,0.0005322190118022263,0.5968043116736226,0.909375,0.921875,0.903125,0.8338557993730408,0.8685446009389671,639,639,320,319
sentence-transformers/LaBSE,hidden,sif,11,sif_abtt_optimal,10,0.001,0.4321608040201005,0.9678766769362441,0.05345841964481677,0.5973365306854248,0.0005322190118022263,0.5968043116736226,0.909375,0.921875,0.903125,0.8338557993730408,0.8685446009389671,639,639,320,319
sentence-transformers/LaBSE,hidden,sif,12,sif_only,10,0.001,0.9195979899497487,0.9420174377079185,0.05050380760608627,0.9056128859519958,0.723293125629425,0.1823197603225708,0.884375,0.890625,0.784375,0.9216300940438872,0.8528951486697965,639,639,320,319
sentence-transformers/LaBSE,hidden,sif,12,sif_abtt_fixed,10,0.001,0.4321608040201005,0.9696635550878033,0.053662583876095515,0.5833181142807007,0.0012222700752317905,0.5820958442054689,0.9,0.9125,0.903125,0.8401253918495298,0.8716744913928013,639,639,320,319
sentence-transformers/LaBSE,hidden,sif,12,sif_abtt_optimal,10,0.001,0.4321608040201005,0.9696635550878033,0.053662583876095515,0.5833181142807007,0.0012222700752317905,0.5820958442054689,0.9,0.9125,0.903125,0.8401253918495298,0.8716744913928013,639,639,320,319
Qwen/Qwen3-Embedding-0.6B,hidden,mean,0,baseline,10,0.001,0.9195979899497487,0.9243129358049871,0.04848093547118203,0.8661069869995117,0.6973419189453125,0.16876506805419922,0.675,0.7625,0.378125,0.9435736677115988,0.6604068857589984,639,639,320,319
Qwen/Qwen3-Embedding-0.6B,hidden,mean,0,whitening,10,0.001,0.0,0.5846554789286067,0.009672523448221748,0.1517419070005417,-0.0015696266200393438,0.15331153362058103,0.20625,0.25,1.0,0.0,0.5007824726134585,639,639,320,319
Qwen/Qwen3-Embedding-0.6B,hidden,mean,1,baseline,10,0.001,0.9899497487437187,0.9095484217587264,0.046793979000514,0.9754723906517029,0.9412217736244202,0.034250617027282715,0.6375,0.725,0.165625,0.9717868338557993,0.568075117370892,639,639,320,319
Qwen/Qwen3-Embedding-0.6B,hidden,mean,1,whitening,10,0.001,0.0,0.5559456919828496,0.006392214998067593,0.15827517211437225,-0.001343569834716618,0.15961874194908887,0.184375,0.2125,1.0,0.0,0.5007824726134585,639,639,320,319
Qwen/Qwen3-Embedding-0.6B,hidden,mean,2,baseline,10,0.001,0.9899497487437187,0.895177793856208,0.04515202697597103,0.9815360903739929,0.9559637308120728,0.025572359561920166,0.628125,0.7375,0.421875,0.890282131661442,0.6557120500782473,639,639,320,319
Qwen/Qwen3-Embedding-0.6B,hidden,mean,2,whitening,10,0.001,0.0,0.5588957565111559,0.006729281964370262,0.09779229015111923,0.001236403244547546,0.09655588690657169,0.196875,0.2125,1.0,0.0,0.5007824726134585,639,639,320,319
Qwen/Qwen3-Embedding-0.6B,hidden,mean,3,baseline,10,0.001,0.9949748743718593,0.795024405012913,0.03370875110589308,0.9984305500984192,0.9947754740715027,0.003655076026916504,0.553125,0.640625,1.0,0.0,0.5007824726134585,639,639,320,319
Qwen/Qwen3-Embedding-0.6B,hidden,mean,3,whitening,10,0.001,0.2814070351758794,0.5779731413230743,0.008909016241441593,0.17207834124565125,-0.0004897548933513463,0.1725680961390026,0.196875,0.215625,1.0,0.0,0.5007824726134585,639,639,320,319
Qwen/Qwen3-Embedding-0.6B,hidden,mean,4,baseline,10,0.001,0.9949748743718593,0.7837470055914798,0.03242022363328832,0.9974666833877563,0.9918377995491028,0.0056288838386535645,0.496875,0.575,1.0,0.003134796238244514,0.5023474178403756,639,639,320,319
Qwen/Qwen3-Embedding-0.6B,hidden,mean,4,whitening,10,0.001,0.010050251256281407,0.5549030274657549,0.006273082691975296,0.10676495730876923,0.000670728157274425,0.1060942291514948,0.20625,0.228125,1.0,0.0,0.5007824726134585,639,639,320,319
Qwen/Qwen3-Embedding-0.6B,hidden,mean,5,baseline,10,0.001,0.9949748743718593,0.7875769261519119,0.03285782078270329,0.996616542339325,0.9888808131217957,0.007735729217529297,0.46875,0.5375,1.0,0.003134796238244514,0.5023474178403756,639,639,320,319
Qwen/Qwen3-Embedding-0.6B,hidden,mean,5,whitening,10,0.001,0.005025125628140704,0.5419114988163063,0.004788703097062414,0.07803469896316528,-0.001558043179102242,0.07959274214226753,0.19375,0.215625,1.0,0.0,0.5007824726134585,639,639,320,319
Qwen/Qwen3-Embedding-0.6B,hidden,mean,6,baseline,10,0.001,0.9949748743718593,0.8009416013629765,0.034384835166637616,0.9955161809921265,0.985568106174469,0.00994807481765747,0.496875,0.590625,1.0,0.006269592476489028,0.5039123630672926,639,639,320,319
Qwen/Qwen3-Embedding-0.6B,hidden,mean,6,whitening,10,0.001,0.0,0.5545163310438161,0.006228900008749752,0.05368927866220474,0.0023932354524731636,0.05129604320973158,0.171875,0.203125,1.0,0.0,0.5007824726134585,639,639,320,319
Qwen/Qwen3-Embedding-0.6B,hidden,mean,7,baseline,10,0.001,0.9949748743718593,0.8087706442906597,0.03527936204267695,0.9951852560043335,0.9845535755157471,0.010631680488586426,0.515625,0.6,1.0,0.009404388714733543,0.5054773082942097,639,639,320,319
Qwen/Qwen3-Embedding-0.6B,hidden,mean,7,whitening,10,0.001,0.010050251256281407,0.5514743708097471,0.005881333099651921,0.08061898499727249,-0.0015256801852956414,0.08214466518256813,0.209375,0.240625,1.0,0.0,0.5007824726134585,639,639,320,319
Qwen/Qwen3-Embedding-0.6B,hidden,mean,8,baseline,10,0.001,0.9949748743718593,0.8084832877018282,0.03524652939689221,0.9942976832389832,0.982013463973999,0.01228421926498413,0.51875,0.615625,0.996875,0.0438871473354232,0.5211267605633803,639,639,320,319
Qwen/Qwen3-Embedding-0.6B,hidden,mean,8,whitening,10,0.001,0.08040201005025126,0.5517232679174835,0.005909771676500205,0.14581669867038727,0.0017885732231661677,0.1440281254472211,0.2,0.228125,1.0,0.0,0.5007824726134585,639,639,320,319
Qwen/Qwen3-Embedding-0.6B,hidden,mean,9,baseline,10,0.001,0.9949748743718593,0.8121259326009375,0.03566272889811911,0.9936407208442688,0.9799531102180481,0.013687610626220703,0.509375,0.584375,0.9875,0.05642633228840126,0.5226917057902973,639,639,320,319
Qwen/Qwen3-Embedding-0.6B,hidden,mean,9,whitening,10,0.001,0.005025125628140704,0.5424256302919395,0.004847446563978533,0.09082522988319397,0.0003511521499603987,0.09047407773323357,0.153125,0.18125,1.0,0.0,0.5007824726134585,639,639,320,319
Qwen/Qwen3-Embedding-0.6B,hidden,mean,10,baseline,10,0.001,0.9949748743718593,0.8196450763966566,0.036521847474006566,0.9933736324310303,0.979528546333313,0.013845086097717285,0.515625,0.59375,0.978125,0.09090909090909091,0.5352112676056338,639,639,320,319
Qwen/Qwen3-Embedding-0.6B,hidden,mean,10,whitening,10,0.001,0.005025125628140704,0.5676649827674536,0.007731232238390515,0.10878841578960419,0.000903933250810951,0.10788448253879324,0.140625,0.171875,1.0,0.0,0.5007824726134585,639,639,320,319
Qwen/Qwen3-Embedding-0.6B,hidden,mean,11,baseline,10,0.001,0.9949748743718593,0.8382211827433049,0.03864430695401693,0.9931206107139587,0.9792172908782959,0.013903319835662842,0.565625,0.646875,0.96875,0.14420062695924765,0.5571205007824727,639,639,320,319
Qwen/Qwen3-Embedding-0.6B,hidden,mean,11,whitening,10,0.001,0.01507537688442211,0.56564677255158,0.00750063620664624,0.12433625757694244,-0.0008409499423578382,0.12517720751930028,0.175,0.19375,1.0,0.0,0.5007824726134585,639,639,320,319
Qwen/Qwen3-Embedding-0.6B,hidden,mean,12,baseline,10,0.001,0.9949748743718593,0.8562944952525493,0.0407093184669806,0.9932591915130615,0.9798750877380371,0.013384103775024414,0.60625,0.684375,0.940625,0.16614420062695925,0.5539906103286385,639,639,320,319
Qwen/Qwen3-Embedding-0.6B,hidden,mean,12,whitening,10,0.001,0.010050251256281407,0.538228281764003,0.004367868222030506,-0.012057008221745491,-0.0015237092738971114,-0.01053329894784838,0.1625,0.18125,1.0,0.0,0.5007824726134585,639,639,320,319
Qwen/Qwen3-Embedding-0.6B,hidden,mean,13,baseline,10,0.001,0.9949748743718593,0.8550066059163932,0.040562167450477575,0.9930140972137451,0.9790201187133789,0.013993978500366211,0.596875,0.671875,0.940625,0.18808777429467086,0.564945226917058,639,639,320,319
Qwen/Qwen3-Embedding-0.6B,hidden,mean,13,whitening,10,0.001,0.01507537688442211,0.5394089446952883,0.0045027676049072,0.05489127337932587,-0.0009838590631261468,0.055875132442452013,0.1625,0.196875,1.0,0.0,0.5007824726134585,639,639,320,319
Qwen/Qwen3-Embedding-0.6B,hidden,mean,14,baseline,10,0.001,0.9949748743718593,0.8572823409061677,0.04082218724221902,0.9931408166885376,0.9795938730239868,0.013546943664550781,0.603125,0.671875,0.9375,0.1786833855799373,0.5586854460093896,639,639,320,319
Qwen/Qwen3-Embedding-0.6B,hidden,mean,14,whitening,10,0.001,0.02512562814070352,0.5357087598995279,0.0040799944058378685,0.06296630203723907,-0.0016326962504535913,0.06459899828769267,0.178125,0.196875,1.0,0.0,0.5007824726134585,639,639,320,319
Qwen/Qwen3-Embedding-0.6B,hidden,mean,15,baseline,10,0.001,0.9949748743718593,0.8559838771484051,0.04067382801877763,0.9931097626686096,0.9798062443733215,0.013303518295288086,0.578125,0.646875,0.934375,0.18495297805642633,0.5602503912363067,639,639,320,319
Qwen/Qwen3-Embedding-0.6B,hidden,mean,15,whitening,10,0.001,0.0,0.5580814818029911,0.006636245497174664,0.09913819283246994,0.002431278582662344,0.0967069142498076,0.159375,0.178125,1.0,0.0,0.5007824726134585,639,639,320,319
Qwen/Qwen3-Embedding-0.6B,hidden,mean,16,baseline,10,0.001,0.9949748743718593,0.8548333225598117,0.04054236852717707,0.9917062520980835,0.9762606024742126,0.01544564962387085,0.5875,0.65,0.803125,0.31347962382445144,0.5586854460093896,639,639,320,319
Qwen/Qwen3-Embedding-0.6B,hidden,mean,16,whitening,10,0.001,0.020100502512562814,0.5505669173070054,0.005777649776546229,0.11615020036697388,-0.0016850382089614868,0.11783523857593536,0.16875,0.196875,1.0,0.0,0.5007824726134585,639,639,320,319
Qwen/Qwen3-Embedding-0.6B,hidden,mean,17,baseline,10,0.001,0.9949748743718593,0.8689306525449028,0.04215309421477711,0.9892386794090271,0.9701407551765442,0.01909792423248291,0.621875,0.69375,0.478125,0.6300940438871473,0.5539906103286385,639,639,320,319
Qwen/Qwen3-Embedding-0.6B,hidden,mean,17,whitening,10,0.001,0.0,0.5757931181221738,0.00865993277788207,0.14749044179916382,-0.0015589793911203742,0.1490494211902842,0.15,0.178125,1.0,0.0,0.5007824726134585,639,639,320,319
Qwen/Qwen3-Embedding-0.6B,hidden,mean,18,baseline,10,0.001,0.9949748743718593,0.8897911547308215,0.044536563053624335,0.9897367358207703,0.9720763564109802,0.01766037940979004,0.690625,0.753125,0.378125,0.7554858934169278,0.5665101721439749,639,639,320,319
Qwen/Qwen3-Embedding-0.6B,hidden,mean,18,whitening,10,0.001,0.0,0.5530126173202212,0.006057089550522255,0.06214262917637825,-0.0015738358488306403,0.06371646502520889,0.165625,0.190625,1.0,0.0,0.5007824726134585,639,639,320,319
Qwen/Qwen3-Embedding-0.6B,hidden,mean,19,baseline,10,0.001,0.9949748743718593,0.9009842242460514,0.045815455199214566,0.9881091713905334,0.9676879644393921,0.020421206951141357,0.709375,0.765625,0.271875,0.8714733542319749,0.5712050078247262,639,639,320,319
Qwen/Qwen3-Embedding-0.6B,hidden,mean,19,whitening,10,0.001,0.010050251256281407,0.5197042953698767,0.0022513636667048876,-0.003528605680912733,-0.0008573209634050727,-0.0026712847175076604,0.1625,0.184375,1.0,0.0,0.5007824726134585,639,639,320,319
Qwen/Qwen3-Embedding-0.6B,hidden,mean,20,baseline,10,0.001,0.9899497487437187,0.9168898909370082,0.04763279691895192,0.9859514832496643,0.9614756107330322,0.02447587251663208,0.7625,0.8125,0.659375,0.7617554858934169,0.7104851330203443,639,639,320,319
Qwen/Qwen3-Embedding-0.6B,hidden,mean,20,whitening,10,0.001,0.0,0.5549590077458302,0.006279479032428905,0.10767560452222824,0.007500623352825642,0.1001749811694026,0.1875,0.203125,1.0,0.0,0.5007824726134585,639,639,320,319
Qwen/Qwen3-Embedding-0.6B,hidden,mean,21,baseline,10,0.001,0.9899497487437187,0.9281265522885902,0.048916669758835636,0.9841559529304504,0.9554833173751831,0.028672635555267334,0.825,0.865625,0.525,0.9404388714733543,0.7323943661971831,639,639,320,319
Qwen/Qwen3-Embedding-0.6B,hidden,mean,21,whitening,10,0.001,0.0,0.49775387560294665,-0.0002566365663556279,-0.09034296870231628,0.00016281961870845407,-0.09050578832102474,0.15625,0.171875,1.0,0.0,0.5007824726134585,639,639,320,319
Qwen/Qwen3-Embedding-0.6B,hidden,mean,22,baseline,10,0.001,0.9849246231155779,0.9370862840504671,0.049940386315104245,0.9848009943962097,0.9564801454544067,0.02832084894180298,0.85625,0.88125,0.83125,0.8087774294670846,0.8200312989045383,639,639,320,319
Qwen/Qwen3-Embedding-0.6B,hidden,mean,22,whitening,10,0.001,0.0,0.5483675039794557,0.005526350477533543,0.05420595034956932,0.0029015783220529556,0.051304372027516365,0.16875,0.1875,1.0,0.0,0.5007824726134585,639,639,320,319
Qwen/Qwen3-Embedding-0.6B,hidden,mean,23,baseline,10,0.001,0.9849246231155779,0.9396675490335709,0.05023531520023173,0.9859163165092468,0.959446907043457,0.026469409465789795,0.85625,0.884375,0.85,0.7931034482758621,0.8215962441314554,639,639,320,319
Qwen/Qwen3-Embedding-0.6B,hidden,mean,23,whitening,10,0.001,0.0,0.5408204972464693,0.004664048344738215,0.046889081597328186,0.003885544603690505,0.04300353699363768,0.175,0.203125,1.0,0.0,0.5007824726134585,639,639,320,319
Qwen/Qwen3-Embedding-0.6B,hidden,mean,24,baseline,10,0.001,0.9899497487437187,0.9415529042516209,0.05045073117505004,0.9871782064437866,0.9627199769020081,0.024458229541778564,0.8625,0.884375,0.665625,0.9905956112852664,0.8278560250391236,639,639,320,319
Qwen/Qwen3-Embedding-0.6B,hidden,mean,24,whitening,10,0.001,0.0,0.5557467579110943,0.006369486645680566,0.1349641978740692,0.001604394637979567,0.13335980323608965,0.2,0.228125,1.0,0.0,0.5007824726134585,639,639,320,319
Qwen/Qwen3-Embedding-0.6B,hidden,mean,25,baseline,10,0.001,0.9899497487437187,0.9430081150058166,0.05061699991858439,0.9882409572601318,0.9657450914382935,0.02249586582183838,0.86875,0.8875,0.721875,0.9811912225705329,0.8513302034428795,639,639,320,319
Qwen/Qwen3-Embedding-0.6B,hidden,mean,25,whitening,10,0.001,0.0,0.5623117924401203,0.007119590758614303,0.15323114395141602,2.661044527485501e-05,0.15320453350614116,0.190625,0.2125,1.0,0.0,0.5007824726134585,639,639,320,319
Qwen/Qwen3-Embedding-0.6B,hidden,mean,26,baseline,10,0.001,0.9899497487437187,0.9465482344720038,0.05102148512030486,0.9886520504951477,0.9669874906539917,0.021664559841156006,0.859375,0.884375,0.734375,0.9780564263322884,0.8560250391236307,639,639,320,319
Qwen/Qwen3-Embedding-0.6B,hidden,mean,26,whitening,10,0.001,0.0,0.5680180534135715,0.007771573215738873,0.13494820892810822,-0.00024984401534311473,0.13519805294345133,0.21875,0.234375,1.0,0.0,0.5007824726134585,639,639,320,319
Qwen/Qwen3-Embedding-0.6B,hidden,mean,27,baseline,10,0.001,0.9949748743718593,0.9476443573359873,0.05114672537929605,0.9911946654319763,0.9748814105987549,0.016313254833221436,0.828125,0.88125,0.40625,1.0,0.702660406885759,639,639,320,319
Qwen/Qwen3-Embedding-0.6B,hidden,mean,27,whitening,10,0.001,0.005025125628140704,0.5438504451145708,0.005010243245504364,0.06303812563419342,0.004314922261983156,0.058723203372210264,0.178125,0.221875,1.0,0.0,0.5007824726134585,639,639,320,319
Qwen/Qwen3-Embedding-0.6B,hidden,mean,28,baseline,10,0.001,0.949748743718593,0.9519011925160172,0.05163310072599464,0.9427138566970825,0.8430415987968445,0.09967225790023804,0.83125,0.884375,0.690625,0.9843260188087775,0.837245696400626,639,639,320,319
Qwen/Qwen3-Embedding-0.6B,hidden,mean,28,whitening,10,0.001,0.0,0.569746053274113,0.007969010560523418,0.15160666406154633,0.0007222588756121695,0.15088440518593416,0.15625,0.178125,1.0,0.0,0.5007824726134585,639,639,320,319
Qwen/Qwen3-Embedding-0.6B,hidden,sif,0,sif_only,10,0.001,0.8743718592964824,0.9176049032398391,0.047714492437061086,0.8162003755569458,0.5912317633628845,0.22496861219406128,0.790625,0.81875,0.5125,0.9529780564263323,0.7323943661971831,639,639,320,319
Qwen/Qwen3-Embedding-0.6B,hidden,sif,0,sif_abtt_fixed,10,0.001,0.3417085427135678,0.9714206788522053,0.05386334844546953,0.5204805731773376,0.000980437034741044,0.5195001361425966,0.8875,0.925,0.875,0.7210031347962382,0.7981220657276995,639,639,320,319
Qwen/Qwen3-Embedding-0.6B,hidden,sif,0,sif_abtt_optimal,10,0.001,0.3417085427135678,0.9714206788522053,0.05386334844546953,0.5204805731773376,0.000980437034741044,0.5195001361425966,0.8875,0.925,0.875,0.7210031347962382,0.7981220657276995,639,639,320,319
Qwen/Qwen3-Embedding-0.6B,hidden,sif,1,sif_only,10,0.001,0.9798994974874372,0.8882089071229082,0.044355779396390405,0.9554157853126526,0.8979099988937378,0.057505786418914795,0.703125,0.75,0.309375,0.9561128526645768,0.6322378716744914,639,639,320,319
Qwen/Qwen3-Embedding-0.6B,hidden,sif,1,sif_abtt_fixed,10,0.001,0.36683417085427134,0.9596143592504444,0.05251438787777325,0.5236983895301819,0.0015220596687868237,0.5221763298613951,0.86875,0.90625,0.89375,0.7084639498432602,0.8012519561815337,639,639,320,319
Qwen/Qwen3-Embedding-0.6B,hidden,sif,1,sif_abtt_optimal,10,0.001,0.36683417085427134,0.9596143592504444,0.05251438787777325,0.5236983895301819,0.0015220596687868237,0.5221763298613951,0.86875,0.90625,0.89375,0.7084639498432602,0.8012519561815337,639,639,320,319
Qwen/Qwen3-Embedding-0.6B,hidden,sif,2,sif_only,10,0.001,0.9849246231155779,0.8821430826314949,0.0436627134516632,0.9709942936897278,0.9333804845809937,0.03761380910873413,0.703125,0.753125,0.43125,0.9122257053291536,0.6713615023474179,639,639,320,319
Qwen/Qwen3-Embedding-0.6B,hidden,sif,2,sif_abtt_fixed,10,0.001,0.4271356783919598,0.9601072202106486,0.0525707009391763,0.5241164565086365,0.0013357007410377264,0.5227807557675987,0.85625,0.89375,0.81875,0.774294670846395,0.7965571205007824,639,639,320,319
Qwen/Qwen3-Embedding-0.6B,hidden,sif,2,sif_abtt_optimal,5,0.001,0.4120603015075377,0.9593265270338629,0.05248150088814552,0.531950056552887,0.001774227130226791,0.5301758294226602,0.85,0.89375,0.85625,0.7147335423197492,0.7856025039123631,639,639,320,319
Qwen/Qwen3-Embedding-0.6B,hidden,sif,3,sif_only,10,0.001,0.9899497487437187,0.7781206611411553,0.03177737157705979,0.968421459197998,0.9366365671157837,0.031784892082214355,0.634375,0.675,0.5125,0.658307210031348,0.5852895148669797,639,639,320,319
Qwen/Qwen3-Embedding-0.6B,hidden,sif,3,sif_abtt_fixed,10,0.001,0.3869346733668342,0.9667773795335566,0.05333281667128856,0.5344529151916504,0.0010958081111311913,0.5333571070805192,0.86875,0.896875,0.871875,0.7178683385579937,0.7949921752738655,639,639,320,319
Qwen/Qwen3-Embedding-0.6B,hidden,sif,3,sif_abtt_optimal,10,0.001,0.3869346733668342,0.9667773795335566,0.05333281667128856,0.5344529151916504,0.0010958081111311913,0.5333571070805192,0.86875,0.896875,0.871875,0.7178683385579937,0.7949921752738655,639,639,320,319
Qwen/Qwen3-Embedding-0.6B,hidden,sif,4,sif_only,10,0.001,0.9849246231155779,0.7764393391667861,0.0315852679307131,0.9582919478416443,0.9177838563919067,0.04050809144973755,0.640625,0.6875,0.63125,0.5924764890282131,0.6118935837245696,639,639,320,319
Qwen/Qwen3-Embedding-0.6B,hidden,sif,4,sif_abtt_fixed,10,0.001,0.38190954773869346,0.9678728719142432,0.053457984892513265,0.5299275517463684,0.0012355092912912369,0.5286920424550772,0.875,0.903125,0.884375,0.7523510971786834,0.8184663536776213,639,639,320,319
Qwen/Qwen3-Embedding-0.6B,hidden,sif,4,sif_abtt_optimal,7,0.001,0.3768844221105528,0.9669640910782455,0.0533541498656979,0.532762885093689,0.0010749533539637923,0.5316879317397252,0.875,0.903125,0.890625,0.6927899686520376,0.7918622848200313,639,639,320,319
Qwen/Qwen3-Embedding-0.6B,hidden,sif,5,sif_only,10,0.001,0.9849246231155779,0.7745282226224575,0.031366908531209665,0.9550025463104248,0.9122353792190552,0.04276716709136963,0.615625,0.678125,0.659375,0.5642633228840125,0.6118935837245696,639,639,320,319
Qwen/Qwen3-Embedding-0.6B,hidden,sif,5,sif_abtt_fixed,10,0.001,0.3969849246231156,0.9648389641685946,0.053111338176774485,0.5199774503707886,0.0011195099214091897,0.5188579404493794,0.88125,0.909375,0.86875,0.7586206896551724,0.8137715179968701,639,639,320,319
Qwen/Qwen3-Embedding-0.6B,hidden,sif,5,sif_abtt_optimal,7,0.001,0.3869346733668342,0.9683241209768695,0.05350954348250731,0.5289482474327087,0.0011713863350450993,0.5277768610976636,0.875,0.909375,0.884375,0.7115987460815048,0.7981220657276995,639,639,320,319
Qwen/Qwen3-Embedding-0.6B,hidden,sif,6,sif_only,10,0.001,0.9849246231155779,0.7764607424155403,0.03158771341240672,0.9497267007827759,0.9021779894828796,0.04754871129989624,0.625,0.69375,0.5125,0.6802507836990596,0.596244131455399,639,639,320,319
Qwen/Qwen3-Embedding-0.6B,hidden,sif,6,sif_abtt_fixed,10,0.001,0.4120603015075377,0.9692539621671973,0.05361578481276813,0.5315843820571899,0.0010454828152433038,0.5305388992419466,0.88125,0.90625,0.86875,0.8056426332288401,0.837245696400626,639,639,320,319
Qwen/Qwen3-Embedding-0.6B,hidden,sif,6,sif_abtt_optimal,10,0.001,0.4120603015075377,0.9692539621671973,0.05361578481276813,0.5315843820571899,0.0010454828152433038,0.5305388992419466,0.88125,0.90625,0.86875,0.8056426332288401,0.837245696400626,639,639,320,319
Qwen/Qwen3-Embedding-0.6B,hidden,sif,7,sif_only,10,0.001,0.9849246231155779,0.7787516090044342,0.03184946210282406,0.9535225033760071,0.9087138772010803,0.04480862617492676,0.634375,0.69375,0.58125,0.6489028213166145,0.6150234741784038,639,639,320,319
Qwen/Qwen3-Embedding-0.6B,hidden,sif,7,sif_abtt_fixed,10,0.001,0.4170854271356784,0.9651923224035848,0.05315171200548222,0.5253260135650635,0.0007176388753578067,0.5246083746897057,0.865625,0.90625,0.865625,0.7836990595611285,0.8247261345852895,639,639,320,319
Qwen/Qwen3-Embedding-0.6B,hidden,sif,7,sif_abtt_optimal,10,0.001,0.4170854271356784,0.9651923224035848,0.05315171200548222,0.5253260135650635,0.0007176388753578067,0.5246083746897057,0.865625,0.90625,0.865625,0.7836990595611285,0.8247261345852895,639,639,320,319
Qwen/Qwen3-Embedding-0.6B,hidden,sif,8,sif_only,10,0.001,0.9849246231155779,0.7805190970293441,0.03205141086668527,0.947452187538147,0.8969988226890564,0.050453364849090576,0.634375,0.7,0.471875,0.7084639498432602,0.5899843505477308,639,639,320,319
Qwen/Qwen3-Embedding-0.6B,hidden,sif,8,sif_abtt_fixed,10,0.001,0.4170854271356784,0.9622937362833934,0.05282052680043156,0.5227576494216919,0.000693184498231858,0.52206446492346,0.8625,0.90625,0.8625,0.8244514106583072,0.8435054773082942,639,639,320,319
Qwen/Qwen3-Embedding-0.6B,hidden,sif,8,sif_abtt_optimal,10,0.001,0.4170854271356784,0.9622937362833934,0.05282052680043156,0.5227576494216919,0.000693184498231858,0.52206446492346,0.8625,0.90625,0.8625,0.8244514106583072,0.8435054773082942,639,639,320,319
Qwen/Qwen3-Embedding-0.6B,hidden,sif,9,sif_only,10,0.001,0.9849246231155779,0.7795505087690493,0.0319407423930661,0.9498052597045898,0.9017106294631958,0.04809463024139404,0.640625,0.7,0.509375,0.6896551724137931,0.5993740219092332,639,639,320,319
Qwen/Qwen3-Embedding-0.6B,hidden,sif,9,sif_abtt_fixed,10,0.001,0.3768844221105528,0.952059687167904,0.05165120992859227,0.5157569646835327,0.0005984502495266497,0.5151585144340061,0.86875,0.903125,0.878125,0.7492163009404389,0.8137715179968701,639,639,320,319
Qwen/Qwen3-Embedding-0.6B,hidden,sif,9,sif_abtt_optimal,10,0.001,0.3768844221105528,0.952059687167904,0.05165120992859227,0.5157569646835327,0.0005984502495266497,0.5151585144340061,0.86875,0.903125,0.878125,0.7492163009404389,0.8137715179968701,639,639,320,319
Qwen/Qwen3-Embedding-0.6B,hidden,sif,10,sif_only,10,0.001,0.9849246231155779,0.7832665330749989,0.03236532604204788,0.9558643698692322,0.9124300479888916,0.043434321880340576,0.65,0.71875,0.53125,0.6802507836990596,0.6056338028169014,639,639,320,319
Qwen/Qwen3-Embedding-0.6B,hidden,sif,10,sif_abtt_fixed,10,0.001,0.37185929648241206,0.9523122123198737,0.05168006282126812,0.5134782791137695,0.0007569850422441959,0.5127212940715253,0.85625,0.903125,0.8875,0.6959247648902821,0.7918622848200313,639,639,320,319
Qwen/Qwen3-Embedding-0.6B,hidden,sif,10,sif_abtt_optimal,10,0.001,0.37185929648241206,0.9523122123198737,0.05168006282126812,0.5134782791137695,0.0007569850422441959,0.5127212940715253,0.85625,0.903125,0.8875,0.6959247648902821,0.7918622848200313,639,639,320,319
Qwen/Qwen3-Embedding-0.6B,hidden,sif,11,sif_only,10,0.001,0.9899497487437187,0.7909333095121258,0.03324131275460575,0.9624226689338684,0.9239093661308289,0.03851330280303955,0.653125,0.725,0.321875,0.7554858934169278,0.5383411580594679,639,639,320,319
Qwen/Qwen3-Embedding-0.6B,hidden,sif,11,sif_abtt_fixed,10,0.001,0.3969849246231156,0.9553382003104278,0.05202580464558479,0.509977400302887,0.0006794020882807672,0.5092979982146062,0.871875,0.90625,0.85625,0.786833855799373,0.8215962441314554,639,639,320,319
Qwen/Qwen3-Embedding-0.6B,hidden,sif,11,sif_abtt_optimal,10,0.001,0.3969849246231156,0.9553382003104278,0.05202580464558479,0.509977400302887,0.0006794020882807672,0.5092979982146062,0.871875,0.90625,0.85625,0.786833855799373,0.8215962441314554,639,639,320,319
Qwen/Qwen3-Embedding-0.6B,hidden,sif,12,sif_only,10,0.001,0.9899497487437187,0.8089777967674923,0.03530303076609218,0.969459593296051,0.9357156753540039,0.03374391794204712,0.684375,0.7375,0.390625,0.7617554858934169,0.5758998435054773,639,639,320,319
Qwen/Qwen3-Embedding-0.6B,hidden,sif,12,sif_abtt_fixed,10,0.001,0.4120603015075377,0.9597365181544458,0.0525283454488072,0.5238023996353149,0.0007187448209151626,0.5230836548143998,0.871875,0.909375,0.8625,0.8275862068965517,0.8450704225352113,639,639,320,319
Qwen/Qwen3-Embedding-0.6B,hidden,sif,12,sif_abtt_optimal,10,0.001,0.4120603015075377,0.9597365181544458,0.0525283454488072,0.5238023996353149,0.0007187448209151626,0.5230836548143998,0.871875,0.909375,0.8625,0.8275862068965517,0.8450704225352113,639,639,320,319
Qwen/Qwen3-Embedding-0.6B,hidden,sif,13,sif_only,10,0.001,0.9899497487437187,0.8137241856356969,0.03584534129453963,0.970041036605835,0.9359920024871826,0.034049034118652344,0.678125,0.734375,0.39375,0.7711598746081505,0.5821596244131455,639,639,320,319
Qwen/Qwen3-Embedding-0.6B,hidden,sif,13,sif_abtt_fixed,10,0.001,0.3919597989949749,0.9591498589774782,0.052461315237606755,0.5181368589401245,0.0006961704348213971,0.5174406885053031,0.871875,0.9125,0.871875,0.7899686520376176,0.8309859154929577,639,639,320,319
Qwen/Qwen3-Embedding-0.6B,hidden,sif,13,sif_abtt_optimal,10,0.001,0.3919597989949749,0.9591498589774782,0.052461315237606755,0.5181368589401245,0.0006961704348213971,0.5174406885053031,0.871875,0.9125,0.871875,0.7899686520376176,0.8309859154929577,639,639,320,319
Qwen/Qwen3-Embedding-0.6B,hidden,sif,14,sif_only,10,0.001,0.9899497487437187,0.8169181918942502,0.036210280466219665,0.9724143147468567,0.941073477268219,0.031340837478637695,0.678125,0.734375,0.425,0.7492163009404389,0.5868544600938967,639,639,320,319
Qwen/Qwen3-Embedding-0.6B,hidden,sif,14,sif_abtt_fixed,10,0.001,0.3969849246231156,0.9593974066297376,0.052489599413606224,0.5126611590385437,0.0006626363610848784,0.5119985226774588,0.871875,0.909375,0.8625,0.7899686520376176,0.8262910798122066,639,639,320,319
Qwen/Qwen3-Embedding-0.6B,hidden,sif,14,sif_abtt_optimal,10,0.001,0.3969849246231156,0.9593974066297376,0.052489599413606224,0.5126611590385437,0.0006626363610848784,0.5119985226774588,0.871875,0.909375,0.8625,0.7899686520376176,0.8262910798122066,639,639,320,319
Qwen/Qwen3-Embedding-0.6B,hidden,sif,15,sif_only,10,0.001,0.9899497487437187,0.8208378180605723,0.03665812715486374,0.9744670391082764,0.9452494382858276,0.02921760082244873,0.675,0.721875,0.44375,0.7335423197492164,0.5884194053208138,639,639,320,319
Qwen/Qwen3-Embedding-0.6B,hidden,sif,15,sif_abtt_fixed,10,0.001,0.3969849246231156,0.9601642181128869,0.052577213377018844,0.5077083110809326,0.0007791875978000462,0.5069291234831326,0.8625,0.9125,0.846875,0.774294670846395,0.810641627543036,639,639,320,319
Qwen/Qwen3-Embedding-0.6B,hidden,sif,15,sif_abtt_optimal,10,0.001,0.3969849246231156,0.9601642181128869,0.052577213377018844,0.5077083110809326,0.0007791875978000462,0.5069291234831326,0.8625,0.9125,0.846875,0.774294670846395,0.810641627543036,639,639,320,319
Qwen/Qwen3-Embedding-0.6B,hidden,sif,16,sif_only,10,0.001,0.9899497487437187,0.8307466926505425,0.03779029039817879,0.9717474579811096,0.9394180774688721,0.03232938051223755,0.65625,0.728125,0.31875,0.7836990595611285,0.5508607198748043,639,639,320,319
Qwen/Qwen3-Embedding-0.6B,hidden,sif,16,sif_abtt_fixed,10,0.001,0.3768844221105528,0.9630947044756659,0.05291204342405331,0.5005292892456055,0.0008367769187316298,0.49969251232687384,0.859375,0.90625,0.878125,0.7084639498432602,0.7934272300469484,639,639,320,319
Qwen/Qwen3-Embedding-0.6B,hidden,sif,16,sif_abtt_optimal,10,0.001,0.3768844221105528,0.9630947044756659,0.05291204342405331,0.5005292892456055,0.0008367769187316298,0.49969251232687384,0.859375,0.90625,0.878125,0.7084639498432602,0.7934272300469484,639,639,320,319
Qwen/Qwen3-Embedding-0.6B,hidden,sif,17,sif_only,10,0.001,0.9849246231155779,0.8518457940503525,0.040201020986704604,0.9653211236000061,0.9247597455978394,0.04056137800216675,0.68125,0.740625,0.3875,0.786833855799373,0.5868544600938967,639,639,320,319
Qwen/Qwen3-Embedding-0.6B,hidden,sif,17,sif_abtt_fixed,10,0.001,0.37185929648241206,0.965977240924569,0.05324139483377896,0.5050181746482849,0.0009153286227956414,0.5041028460254893,0.8625,0.903125,0.865625,0.7115987460815048,0.7887323943661971,639,639,320,319
Qwen/Qwen3-Embedding-0.6B,hidden,sif,17,sif_abtt_optimal,7,0.001,0.4020100502512563,0.9706829470284748,0.05377905705125732,0.518319845199585,0.000884069362655282,0.5174357758369297,0.85,0.9,0.859375,0.7586206896551724,0.809076682316119,639,639,320,319
Qwen/Qwen3-Embedding-0.6B,hidden,sif,18,sif_only,10,0.001,0.9849246231155779,0.877611423100793,0.04314493736065212,0.9714184999465942,0.9350491762161255,0.03636932373046875,0.734375,0.771875,0.45625,0.7899686520376176,0.622848200312989,639,639,320,319
Qwen/Qwen3-Embedding-0.6B,hidden,sif,18,sif_abtt_fixed,10,0.001,0.4020100502512563,0.9689541175846481,0.053581525320230396,0.5131810903549194,0.0007827690569683909,0.512398321297951,0.871875,0.909375,0.834375,0.8150470219435737,0.8247261345852895,639,639,320,319
Qwen/Qwen3-Embedding-0.6B,hidden,sif,18,sif_abtt_optimal,7,0.001,0.40703517587939697,0.972970251939798,0.05404039879328612,0.5273909568786621,0.0005945024895481765,0.5267964543891139,0.865625,0.90625,0.846875,0.7617554858934169,0.8043818466353677,639,639,320,319
Qwen/Qwen3-Embedding-0.6B,hidden,sif,19,sif_only,10,0.001,0.9798994974874372,0.8861979529955014,0.044126012804296344,0.969521164894104,0.9295946359634399,0.03992652893066406,0.746875,0.7875,0.634375,0.7115987460815048,0.672926447574335,639,639,320,319
Qwen/Qwen3-Embedding-0.6B,hidden,sif,19,sif_abtt_fixed,10,0.001,0.40703517587939697,0.9711524690455929,0.05383270346335866,0.5176695585250854,0.0007612768677063286,0.5169082816573791,0.8625,0.909375,0.8375,0.8307210031347962,0.8341158059467919,639,639,320,319
Qwen/Qwen3-Embedding-0.6B,hidden,sif,19,sif_abtt_optimal,10,0.001,0.40703517587939697,0.9711524690455929,0.05383270346335866,0.5176695585250854,0.0007612768677063286,0.5169082816573791,0.8625,0.909375,0.8375,0.8307210031347962,0.8341158059467919,639,639,320,319
Qwen/Qwen3-Embedding-0.6B,hidden,sif,20,sif_only,10,0.001,0.9798994974874372,0.9004098429017027,0.045749827822206726,0.9665577411651611,0.9194537401199341,0.04710400104522705,0.775,0.81875,0.46875,0.8463949843260188,0.6572769953051644,639,639,320,319
Qwen/Qwen3-Embedding-0.6B,hidden,sif,20,sif_abtt_fixed,10,0.001,0.4472361809045226,0.9695108675189119,0.053645138176118344,0.5342369675636292,0.0005226549692451954,0.533714312594384,0.8625,0.909375,0.834375,0.8495297805642633,0.8419405320813772,639,639,320,319
Qwen/Qwen3-Embedding-0.6B,hidden,sif,20,sif_abtt_optimal,7,0.001,0.4371859296482412,0.9738164711349925,0.05413708568339672,0.5504261255264282,0.0006280060624703765,0.5497981194639578,0.86875,0.90625,0.871875,0.8056426332288401,0.838810641627543,639,639,320,319
Qwen/Qwen3-Embedding-0.6B,hidden,sif,21,sif_only,10,0.001,0.9748743718592965,0.9186071062148442,0.04782900164414675,0.9658799767494202,0.9138681888580322,0.05201178789138794,0.803125,0.840625,0.6375,0.8495297805642633,0.7433489827856025,639,639,320,319
Qwen/Qwen3-Embedding-0.6B,hidden,sif,21,sif_abtt_fixed,10,0.001,0.44221105527638194,0.9714278464517883,0.05386416739748234,0.5430500507354736,0.000376805110136047,0.5426732456253376,0.865625,0.90625,0.846875,0.8526645768025078,0.8497652582159625,639,639,320,319
Qwen/Qwen3-Embedding-0.6B,hidden,sif,21,sif_abtt_optimal,5,0.001,0.4371859296482412,0.977261100034515,0.05453066037157515,0.5579150915145874,0.0007818195153959095,0.5571332719991915,0.878125,0.90625,0.890625,0.8087774294670846,0.8497652582159625,639,639,320,319
Qwen/Qwen3-Embedding-0.6B,hidden,sif,22,sif_only,10,0.001,0.9748743718592965,0.9319218405121489,0.049350309904700365,0.9697474837303162,0.9207131266593933,0.04903435707092285,0.825,0.8625,0.71875,0.8275862068965517,0.7730829420970265,639,639,320,319
Qwen/Qwen3-Embedding-0.6B,hidden,sif,22,sif_abtt_fixed,10,0.001,0.4271356783919598,0.9736227026018255,0.054114946175123566,0.5509306788444519,0.0005175313563086092,0.5504131474881433,0.884375,0.903125,0.86875,0.8213166144200627,0.8450704225352113,639,639,320,319
Qwen/Qwen3-Embedding-0.6B,hidden,sif,22,sif_abtt_optimal,2,0.001,0.5326633165829145,0.975321335214076,0.05430902769165153,0.6040367484092712,0.0013091861037537456,0.6027275623055175,0.884375,0.909375,0.85,0.8652037617554859,0.8575899843505478,639,639,320,319
Qwen/Qwen3-Embedding-0.6B,hidden,sif,23,sif_only,10,0.001,0.9798994974874372,0.9322375467271081,0.04938638170773648,0.9728107452392578,0.9284560084342957,0.04435473680496216,0.828125,0.86875,0.60625,0.9059561128526645,0.755868544600939,639,639,320,319
Qwen/Qwen3-Embedding-0.6B,hidden,sif,23,sif_abtt_fixed,10,0.001,0.4371859296482412,0.9724877220567701,0.053985266134939376,0.5502100586891174,0.0006663373787887394,0.5495437213103287,0.884375,0.9125,0.871875,0.8401253918495298,0.8560250391236307,639,639,320,319
Qwen/Qwen3-Embedding-0.6B,hidden,sif,23,sif_abtt_optimal,7,0.001,0.4221105527638191,0.972470842802197,0.053983337553501806,0.5619118213653564,0.000970341672655195,0.5609414796927013,0.884375,0.91875,0.8875,0.7899686520376176,0.838810641627543,639,639,320,319
Qwen/Qwen3-Embedding-0.6B,hidden,sif,24,sif_only,10,0.001,0.9849246231155779,0.9331380538524764,0.049489271401113366,0.9768092632293701,0.9381086826324463,0.03870058059692383,0.84375,0.878125,0.54375,0.9498432601880877,0.7464788732394366,639,639,320,319
Qwen/Qwen3-Embedding-0.6B,hidden,sif,24,sif_abtt_fixed,10,0.001,0.4221105527638191,0.974364504914208,0.05419970265319471,0.5493332743644714,0.0005326695973053575,0.5488006047671661,0.878125,0.9125,0.878125,0.8307210031347962,0.8544600938967136,639,639,320,319
Qwen/Qwen3-Embedding-0.6B,hidden,sif,24,sif_abtt_optimal,7,0.001,0.4221105527638191,0.9767670444743802,0.05447421081817064,0.5634295344352722,0.0009363993303850293,0.5624931351048872,0.88125,0.91875,0.8875,0.8181818181818182,0.8528951486697965,639,639,320,319
Qwen/Qwen3-Embedding-0.6B,hidden,sif,25,sif_only,10,0.001,0.9849246231155779,0.9312106885368714,0.04926905545767065,0.9802546501159668,0.946908712387085,0.033345937728881836,0.846875,0.88125,0.625,0.9028213166144201,0.7636932707355243,639,639,320,319
Qwen/Qwen3-Embedding-0.6B,hidden,sif,25,sif_abtt_fixed,10,0.001,0.4170854271356784,0.9708881085054233,0.05380249828881043,0.5504452586174011,0.0004588202864397317,0.5499864383309614,0.884375,0.91875,0.875,0.8181818181818182,0.8466353677621283,639,639,320,319
Qwen/Qwen3-Embedding-0.6B,hidden,sif,25,sif_abtt_optimal,2,0.001,0.5025125628140703,0.972382376040679,0.05397322956245428,0.5951043367385864,0.0010594147024676204,0.5940449220361188,0.878125,0.909375,0.865625,0.8495297805642633,0.8575899843505478,639,639,320,319
Qwen/Qwen3-Embedding-0.6B,hidden,sif,26,sif_only,10,0.001,0.9849246231155779,0.9350271809091958,0.04970511833688156,0.9831761717796326,0.9542261958122253,0.028949975967407227,0.85,0.875,0.734375,0.8495297805642633,0.7918622848200313,639,639,320,319
Qwen/Qwen3-Embedding-0.6B,hidden,sif,26,sif_abtt_fixed,10,0.001,0.3869346733668342,0.9685845437617129,0.05353929873897516,0.5504067540168762,0.0005295418086461723,0.54987721220823,0.88125,0.91875,0.9,0.7523510971786834,0.8262910798122066,639,639,320,319
Qwen/Qwen3-Embedding-0.6B,hidden,sif,26,sif_abtt_optimal,10,0.001,0.3869346733668342,0.9685845437617129,0.05353929873897516,0.5504067540168762,0.0005295418086461723,0.54987721220823,0.88125,0.91875,0.9,0.7523510971786834,0.8262910798122066,639,639,320,319
Qwen/Qwen3-Embedding-0.6B,hidden,sif,27,sif_only,10,0.001,0.9899497487437187,0.93081351724332,0.04922367565879089,0.9883303046226501,0.968612015247345,0.019718289375305176,0.8375,0.865625,0.690625,0.8808777429467085,0.7856025039123631,639,639,320,319
Qwen/Qwen3-Embedding-0.6B,hidden,sif,27,sif_abtt_fixed,10,0.001,0.40703517587939697,0.9627927914654596,0.05287754759814127,0.5467185974121094,0.0003433901001699269,0.5463752073119394,0.884375,0.91875,0.89375,0.799373040752351,0.8466353677621283,639,639,320,319
Qwen/Qwen3-Embedding-0.6B,hidden,sif,27,sif_abtt_optimal,10,0.001,0.40703517587939697,0.9627927914654596,0.05287754759814127,0.5467185974121094,0.0003433901001699269,0.5463752073119394,0.884375,0.91875,0.89375,0.799373040752351,0.8466353677621283,639,639,320,319
Qwen/Qwen3-Embedding-0.6B,hidden,sif,28,sif_only,10,0.001,0.949748743718593,0.9307505684636502,0.049216483287934265,0.9387800693511963,0.845674455165863,0.09310561418533325,0.83125,0.865625,0.646875,0.9623824451410659,0.8043818466353677,639,639,320,319
Qwen/Qwen3-Embedding-0.6B,hidden,sif,28,sif_abtt_fixed,10,0.001,0.4321608040201005,0.9638871334906576,0.053002584382622564,0.5472873449325562,0.00046963460044935346,0.5468177103321068,0.875,0.915625,0.871875,0.8275862068965517,0.8497652582159625,639,639,320,319
Qwen/Qwen3-Embedding-0.6B,hidden,sif,28,sif_abtt_optimal,10,0.001,0.4321608040201005,0.9638871334906576,0.053002584382622564,0.5472873449325562,0.00046963460044935346,0.5468177103321068,0.875,0.915625,0.871875,0.8275862068965517,0.8497652582159625,639,639,320,319
Qwen/Qwen3-Embedding-0.6B,ffn_int,mean,0,baseline,10,0.001,0.9748743718592965,0.9147816543430412,0.04739191507496586,0.9519007802009583,0.8906992077827454,0.06120157241821289,0.68125,0.753125,0.29375,0.9561128526645768,0.6244131455399061,639,639,320,319
Qwen/Qwen3-Embedding-0.6B,ffn_int,mean,0,whitening,10,0.001,0.0,0.5374328773102954,0.00427698704890399,0.034110765904188156,-0.0008395042968913913,0.03495027020107955,0.159375,0.18125,1.0,0.0,0.5007824726134585,639,639,320,319
Qwen/Qwen3-Embedding-0.6B,ffn_int,mean,1,baseline,10,0.001,0.9849246231155779,0.8822096483942874,0.04367031908931362,0.9688092470169067,0.9268705248832703,0.041938722133636475,0.63125,0.721875,0.340625,0.9247648902821317,0.6322378716744914,639,639,320,319
Qwen/Qwen3-Embedding-0.6B,ffn_int,mean,1,whitening,10,0.001,0.0,0.5362357443855241,0.004140205588309292,0.06217527762055397,-0.0009282980463467538,0.06310357566690072,0.1625,0.184375,1.0,0.0,0.5007824726134585,639,639,320,319
Qwen/Qwen3-Embedding-0.6B,ffn_int,mean,2,baseline,10,0.001,0.9949748743718593,0.7797583138513995,0.03196448574676557,0.9996062517166138,0.99880450963974,0.0008017420768737793,0.703125,0.746875,1.0,0.0,0.5007824726134585,639,639,320,319
Qwen/Qwen3-Embedding-0.6B,ffn_int,mean,2,whitening,10,0.001,0.06030150753768844,0.575029204649967,0.008572649388262805,0.14405183494091034,0.0008685963111929595,0.14318323862971738,0.15625,0.178125,1.0,0.0,0.5007824726134585,639,639,320,319
Qwen/Qwen3-Embedding-0.6B,ffn_int,mean,3,baseline,10,0.001,0.9597989949748744,0.8750754533650531,0.04285518379713073,0.9106814861297607,0.8027786612510681,0.10790282487869263,0.728125,0.809375,0.290625,0.9561128526645768,0.622848200312989,639,639,320,319
Qwen/Qwen3-Embedding-0.6B,ffn_int,mean,3,whitening,10,0.001,0.0,0.5387139751246244,0.004423362822868743,0.07433126121759415,0.0005112437647767365,0.07382001745281741,0.15625,0.184375,1.0,0.0,0.5007824726134585,639,639,320,319
Qwen/Qwen3-Embedding-0.6B,ffn_int,mean,4,baseline,10,0.001,0.9698492462311558,0.8825052344493064,0.04370409201304905,0.9401580095291138,0.8639698028564453,0.07618820667266846,0.740625,0.8125,0.33125,0.9373040752351097,0.6338028169014085,639,639,320,319
Qwen/Qwen3-Embedding-0.6B,ffn_int,mean,4,whitening,10,0.001,0.0,0.5467082157371375,0.005336764235479354,0.12482082843780518,4.470018029678613e-05,0.12477612825750839,0.184375,0.203125,1.0,0.0,0.5007824726134585,639,639,320,319
Qwen/Qwen3-Embedding-0.6B,ffn_int,mean,5,baseline,10,0.001,0.964824120603015,0.8834699623820482,0.04381431941529886,0.9337645769119263,0.8534830808639526,0.08028149604797363,0.728125,0.815625,0.371875,0.9341692789968652,0.6525821596244131,639,639,320,319
Qwen/Qwen3-Embedding-0.6B,ffn_int,mean,5,whitening,10,0.001,0.0,0.6104559725992401,0.012620423861114425,0.2869948744773865,-0.0017707959050312638,0.28876567038241774,0.209375,0.24375,1.0,0.0,0.5007824726134585,639,639,320,319
Qwen/Qwen3-Embedding-0.6B,ffn_int,mean,6,baseline,10,0.001,0.9547738693467337,0.8902324598551374,0.044586985473621596,0.9118598699569702,0.8031806349754333,0.10867923498153687,0.74375,0.825,0.309375,0.9404388714733543,0.6244131455399061,639,639,320,319
Qwen/Qwen3-Embedding-0.6B,ffn_int,mean,6,whitening,10,0.001,0.0,0.5468765879606714,0.005356002659993456,0.05085891857743263,0.0007027956307865679,0.050156122946646065,0.15625,0.171875,1.0,0.0,0.5007824726134585,639,639,320,319
Qwen/Qwen3-Embedding-0.6B,ffn_int,mean,7,baseline,10,0.001,0.9597989949748744,0.8747746022214514,0.042820809297432066,0.8983383178710938,0.776246190071106,0.12209212779998779,0.696875,0.796875,0.19375,0.9467084639498433,0.5696400625978091,639,639,320,319
Qwen/Qwen3-Embedding-0.6B,ffn_int,mean,7,whitening,10,0.001,0.0,0.5363938961429863,0.004158276029043889,0.07169963419437408,-0.0008642764878459275,0.07256391068222001,0.15,0.18125,1.0,0.0,0.5007824726134585,639,639,320,319
Qwen/Qwen3-Embedding-0.6B,ffn_int,mean,8,baseline,10,0.001,0.9447236180904522,0.8801215319602602,0.04343173612470457,0.8977471590042114,0.7866269946098328,0.11112016439437866,0.68125,0.778125,0.346875,0.9247648902821317,0.6353677621283255,639,639,320,319
Qwen/Qwen3-Embedding-0.6B,ffn_int,mean,8,whitening,10,0.001,0.0,0.5856216226834882,0.009782913561122125,0.20736196637153625,-0.0009929355001077056,0.20835490187164396,0.18125,0.2125,1.0,0.0,0.5007824726134585,639,639,320,319
Qwen/Qwen3-Embedding-0.6B,ffn_int,mean,9,baseline,10,0.001,0.9547738693467337,0.8759795221679918,0.04295848043883748,0.9074687957763672,0.8096516728401184,0.09781712293624878,0.59375,0.709375,0.290625,0.9278996865203761,0.6087636932707355,639,639,320,319
Qwen/Qwen3-Embedding-0.6B,ffn_int,mean,9,whitening,10,0.001,0.0,0.5334448602979536,0.0038213263633790737,0.07360327988862991,-0.00039188581285998225,0.0739951657014899,0.178125,0.2,1.0,0.0,0.5007824726134585,639,639,320,319
Qwen/Qwen3-Embedding-0.6B,ffn_int,mean,10,baseline,10,0.001,0.9597989949748744,0.9033276642929966,0.04608321080116986,0.9385694861412048,0.862934947013855,0.07563453912734985,0.70625,0.8125,0.49375,0.9122257053291536,0.702660406885759,639,639,320,319
Qwen/Qwen3-Embedding-0.6B,ffn_int,mean,10,whitening,10,0.001,0.0,0.5838405294927034,0.00957941003389527,0.1749178171157837,-0.0011599287390708923,0.17607774585485458,0.153125,0.178125,1.0,0.0,0.5007824726134585,639,639,320,319
Qwen/Qwen3-Embedding-0.6B,ffn_int,mean,11,baseline,10,0.001,0.9447236180904522,0.903180341362682,0.04606637805136537,0.9218575358390808,0.832122266292572,0.08973526954650879,0.675,0.775,0.56875,0.9467084639498433,0.7574334898278561,639,639,320,319
Qwen/Qwen3-Embedding-0.6B,ffn_int,mean,11,whitening,10,0.001,0.0,0.5810207759068131,0.009257231758029689,0.2135092318058014,-0.0017808726988732815,0.21529010450467467,0.178125,0.215625,1.0,0.0,0.5007824726134585,639,639,320,319
Qwen/Qwen3-Embedding-0.6B,ffn_int,mean,12,baseline,10,0.001,0.9447236180904522,0.8804232790538097,0.04346621299336675,0.8837395906448364,0.7260794639587402,0.1576601266860962,0.678125,0.7375,0.35,0.9216300940438872,0.6353677621283255,639,639,320,319
Qwen/Qwen3-Embedding-0.6B,ffn_int,mean,12,whitening,10,0.001,0.0,0.5249893160733996,0.0028552174535922577,0.017733195796608925,-0.001562256133183837,0.019295451929792762,0.159375,0.1875,1.0,0.0,0.5007824726134585,639,639,320,319
Qwen/Qwen3-Embedding-0.6B,ffn_int,mean,13,baseline,10,0.001,0.9296482412060302,0.880220882854478,0.043443087709535366,0.8739290237426758,0.7389038801193237,0.13502514362335205,0.640625,0.7375,0.390625,0.9435736677115988,0.6666666666666666,639,639,320,319
Qwen/Qwen3-Embedding-0.6B,ffn_int,mean,13,whitening,10,0.001,0.0,0.5595966548370302,0.006809366647603053,0.1262582540512085,0.0029507623985409737,0.12330749165266752,0.153125,0.175,1.0,0.0,0.5007824726134585,639,639,320,319
Qwen/Qwen3-Embedding-0.6B,ffn_int,mean,14,baseline,10,0.001,0.9296482412060302,0.8715947763065174,0.042457490336396474,0.8689607977867126,0.7442112565040588,0.12474954128265381,0.55,0.646875,0.359375,0.9404388714733543,0.6494522691705791,639,639,320,319
Qwen/Qwen3-Embedding-0.6B,ffn_int,mean,14,whitening,10,0.001,0.0,0.566604288640297,0.007610042902806436,0.17125511169433594,-0.0014668721705675125,0.17272198386490345,0.14375,0.171875,1.0,0.0,0.5007824726134585,639,639,320,319
Qwen/Qwen3-Embedding-0.6B,ffn_int,mean,15,baseline,10,0.001,0.9698492462311558,0.8365550697958283,0.03845394105254948,0.9221382737159729,0.8353139758110046,0.08682429790496826,0.515625,0.596875,0.26875,0.9122257053291536,0.5899843505477308,639,639,320,319
Qwen/Qwen3-Embedding-0.6B,ffn_int,mean,15,whitening,10,0.001,0.0,0.5096943222302349,0.00110764906612541,-0.006464794743806124,0.0019911625422537327,-0.008455957286059856,0.125,0.159375,1.0,0.0,0.5007824726134585,639,639,320,319
Qwen/Qwen3-Embedding-0.6B,ffn_int,mean,16,baseline,10,0.001,0.9447236180904522,0.9055970944498047,0.04634251021837135,0.9112763404846191,0.7997512221336365,0.11152511835098267,0.68125,0.778125,0.428125,0.9059561128526645,0.6666666666666666,639,639,320,319
Qwen/Qwen3-Embedding-0.6B,ffn_int,mean,16,whitening,10,0.001,0.0,0.5452701828874975,0.005172458123141602,0.0813814252614975,0.015251148492097855,0.06613027676939964,0.15,0.184375,1.0,0.0,0.5007824726134585,639,639,320,319
Qwen/Qwen3-Embedding-0.6B,ffn_int,mean,17,baseline,10,0.001,0.9597989949748744,0.9090264368946614,0.04673433831453722,0.94466632604599,0.8785805702209473,0.06608575582504272,0.70625,0.778125,0.5625,0.9278996865203761,0.7449139280125195,639,639,320,319
Qwen/Qwen3-Embedding-0.6B,ffn_int,mean,17,whitening,10,0.001,0.0,0.5740665230226616,0.008462655965629487,0.18404144048690796,-0.00046330582699738443,0.18450474631390534,0.15625,0.196875,1.0,0.0,0.5007824726134585,639,639,320,319
Qwen/Qwen3-Embedding-0.6B,ffn_int,mean,18,baseline,10,0.001,0.9547738693467337,0.9166094586033295,0.04760075542109227,0.9304099082946777,0.8402690291404724,0.09014087915420532,0.74375,0.828125,0.45625,0.9686520376175548,0.7120500782472613,639,639,320,319
Qwen/Qwen3-Embedding-0.6B,ffn_int,mean,18,whitening,10,0.001,0.0,0.5404801911218307,0.004625165592687213,0.01958833821117878,-0.0012917218264192343,0.020880060037598014,0.15,0.184375,1.0,0.0,0.5007824726134585,639,639,320,319
Qwen/Qwen3-Embedding-0.6B,ffn_int,mean,19,baseline,10,0.001,0.9547738693467337,0.9337311616568463,0.049557038416160916,0.9431442618370056,0.8534340858459473,0.08971017599105835,0.809375,0.846875,0.621875,0.9278996865203761,0.7746478873239436,639,639,320,319
Qwen/Qwen3-Embedding-0.6B,ffn_int,mean,19,whitening,10,0.001,0.0,0.5809572408882886,0.009249972157197013,0.11900587379932404,0.0008960857521742582,0.11810978804714978,0.209375,0.228125,1.0,0.0,0.5007824726134585,639,639,320,319
Qwen/Qwen3-Embedding-0.6B,ffn_int,mean,20,baseline,10,0.001,0.949748743718593,0.9463693210101944,0.05100104291466325,0.9405148029327393,0.835680365562439,0.10483443737030029,0.86875,0.8875,0.71875,0.9592476489028213,0.838810641627543,639,639,320,319
Qwen/Qwen3-Embedding-0.6B,ffn_int,mean,20,whitening,10,0.001,0.0,0.5495301594229003,0.005659192326005907,0.14508824050426483,-0.0014340992784127593,0.1465223397826776,0.171875,0.203125,1.0,0.0,0.5007824726134585,639,639,320,319
Qwen/Qwen3-Embedding-0.6B,ffn_int,mean,21,baseline,10,0.001,0.9597989949748744,0.9496357886034192,0.051374261337325484,0.9497372508049011,0.856863260269165,0.09287399053573608,0.853125,0.89375,0.68125,0.9561128526645768,0.8184663536776213,639,639,320,319
Qwen/Qwen3-Embedding-0.6B,ffn_int,mean,21,whitening,10,0.001,0.0,0.5961717762139138,0.010988346885173556,0.26449087262153625,-0.0013046078383922577,0.2657954804599285,0.159375,0.2,1.0,0.0,0.5007824726134585,639,639,320,319
Qwen/Qwen3-Embedding-0.6B,ffn_int,mean,22,baseline,10,0.001,0.9547738693467337,0.9435061193823883,0.05067390065327771,0.9434500932693481,0.8476691842079163,0.09578090906143188,0.85,0.896875,0.64375,0.9623824451410659,0.8028169014084507,639,639,320,319
Qwen/Qwen3-Embedding-0.6B,ffn_int,mean,22,whitening,10,0.001,0.0,0.5694056586605907,0.007930117566725584,0.1085885539650917,-0.0016797916032373905,0.1102683455683291,0.1875,0.209375,1.0,0.0,0.5007824726134585,639,639,320,319
Qwen/Qwen3-Embedding-0.6B,ffn_int,mean,23,baseline,10,0.001,0.964824120603015,0.9431330502485454,0.05063127470655142,0.9525627493858337,0.8673075437545776,0.0852552056312561,0.8625,0.9,0.596875,0.9749216300940439,0.7856025039123631,639,639,320,319
Qwen/Qwen3-Embedding-0.6B,ffn_int,mean,23,whitening,10,0.001,0.0,0.5594252186858968,0.0067897800037896635,0.07190495729446411,-0.0012562437914311886,0.0731612010858953,0.165625,0.19375,1.0,0.0,0.5007824726134585,639,639,320,319
Qwen/Qwen3-Embedding-0.6B,ffn_int,mean,24,baseline,10,0.001,0.9748743718592965,0.9225138793708033,0.048275379779874686,0.9575965404510498,0.8897234797477722,0.06787306070327759,0.76875,0.83125,0.4375,0.9717868338557993,0.704225352112676,639,639,320,319
Qwen/Qwen3-Embedding-0.6B,ffn_int,mean,24,whitening,10,0.001,0.0,0.516779118340122,0.0019171401878767525,0.008645737543702126,0.005809689871966839,0.0028360476717352867,0.190625,0.215625,1.0,0.0,0.5007824726134585,639,639,320,319
Qwen/Qwen3-Embedding-0.6B,ffn_int,mean,25,baseline,10,0.001,0.964824120603015,0.9502604869392841,0.051445637807778916,0.9553263783454895,0.8780837059020996,0.07724267244338989,0.85,0.896875,0.609375,0.9811912225705329,0.7949921752738655,639,639,320,319
Qwen/Qwen3-Embedding-0.6B,ffn_int,mean,25,whitening,10,0.001,0.0,0.5722150590470836,0.0082511127567826,0.11611723899841309,0.003022724762558937,0.11309451423585415,0.15,0.178125,1.0,0.0,0.5007824726134585,639,639,320,319
Qwen/Qwen3-Embedding-0.6B,ffn_int,mean,26,baseline,10,0.001,0.9798994974874372,0.9399103625305502,0.050263058463157116,0.9702490568161011,0.919548511505127,0.05070054531097412,0.828125,0.88125,0.5125,0.9937304075235109,0.7527386541471048,639,639,320,319
Qwen/Qwen3-Embedding-0.6B,ffn_int,mean,26,whitening,10,0.001,0.0,0.5563631935974398,0.006439917706738768,0.1527693122625351,0.001503799227066338,0.15126551303546876,0.184375,0.203125,1.0,0.0,0.5007824726134585,639,639,320,319
Qwen/Qwen3-Embedding-0.6B,ffn_int,mean,27,baseline,10,0.001,0.9949748743718593,0.8415611845989168,0.03902592721788297,0.993995726108551,0.9843854904174805,0.009610235691070557,0.4875,0.534375,0.9625,0.10031347962382445,0.5320813771517997,639,639,320,319
Qwen/Qwen3-Embedding-0.6B,ffn_int,mean,27,whitening,10,0.001,0.0,0.5845518142013066,0.009660678959034013,0.2074151486158371,-0.0008689308306202292,0.20828407944645733,0.178125,0.203125,1.0,0.0,0.5007824726134585,639,639,320,319
Qwen/Qwen3-Embedding-0.6B,ffn_int,sif,0,sif_only,10,0.001,0.9597989949748744,0.8924859730739829,0.04484446626135425,0.9255120158195496,0.8394754528999329,0.0860365629196167,0.696875,0.740625,0.36875,0.9435736677115988,0.6557120500782473,639,639,320,319
Qwen/Qwen3-Embedding-0.6B,ffn_int,sif,0,sif_abtt_fixed,10,0.001,0.35175879396984927,0.9639437442540295,0.05300905258694726,0.49830448627471924,0.001439501065760851,0.4968649852089584,0.878125,0.9125,0.878125,0.7429467084639498,0.810641627543036,639,639,320,319
Qwen/Qwen3-Embedding-0.6B,ffn_int,sif,0,sif_abtt_optimal,10,0.001,0.35175879396984927,0.9639437442540295,0.05300905258694726,0.49830448627471924,0.001439501065760851,0.4968649852089584,0.878125,0.9125,0.878125,0.7429467084639498,0.810641627543036,639,639,320,319
Qwen/Qwen3-Embedding-0.6B,ffn_int,sif,1,sif_only,10,0.001,0.9798994974874372,0.8736963209286519,0.04269760757218516,0.9590847492218018,0.9088727831840515,0.050211966037750244,0.6625,0.73125,0.390625,0.9153605015673981,0.6525821596244131,639,639,320,319
Qwen/Qwen3-Embedding-0.6B,ffn_int,sif,1,sif_abtt_fixed,10,0.001,0.3869346733668342,0.9689042098542195,0.0535758229876964,0.4982229769229889,0.0010093300370499492,0.49721364688593894,0.86875,0.9125,0.821875,0.780564263322884,0.8012519561815337,639,639,320,319
Qwen/Qwen3-Embedding-0.6B,ffn_int,sif,1,sif_abtt_optimal,5,0.001,0.4020100502512563,0.9671914190205706,0.05338012378818013,0.5063387751579285,0.0009389776969328523,0.5053997974609956,0.85625,0.896875,0.840625,0.7648902821316614,0.8028169014084507,639,639,320,319
Qwen/Qwen3-Embedding-0.6B,ffn_int,sif,2,sif_only,10,0.001,0.9949748743718593,0.7386120337183353,0.02726321455985649,0.9702620506286621,0.93187016248703,0.03839188814163208,0.65,0.690625,0.296875,0.6489028213166145,0.4726134585289515,639,639,320,319
Qwen/Qwen3-Embedding-0.6B,ffn_int,sif,2,sif_abtt_fixed,10,0.001,0.35175879396984927,0.967933973488465,0.05346496620566065,0.5228065252304077,0.0008557526161894202,0.5219507726142183,0.878125,0.915625,0.878125,0.7272727272727273,0.8028169014084507,639,639,320,319
Qwen/Qwen3-Embedding-0.6B,ffn_int,sif,2,sif_abtt_optimal,10,0.001,0.35175879396984927,0.967933973488465,0.05346496620566065,0.5228065252304077,0.0008557526161894202,0.5219507726142183,0.878125,0.915625,0.878125,0.7272727272727273,0.8028169014084507,639,639,320,319
Qwen/Qwen3-Embedding-0.6B,ffn_int,sif,3,sif_only,10,0.001,0.9447236180904522,0.8765790785997644,0.0430269842581105,0.8855255246162415,0.7477268576622009,0.13779866695404053,0.809375,0.865625,0.3625,0.9686520376175548,0.6651017214397497,639,639,320,319
Qwen/Qwen3-Embedding-0.6B,ffn_int,sif,3,sif_abtt_fixed,10,0.001,0.35175879396984927,0.9735944304034709,0.054111715864406,0.5151816010475159,0.0008321967325173318,0.5143494043149985,0.884375,0.921875,0.875,0.774294670846395,0.8247261345852895,639,639,320,319
Qwen/Qwen3-Embedding-0.6B,ffn_int,sif,3,sif_abtt_optimal,10,0.001,0.35175879396984927,0.9735944304034709,0.054111715864406,0.5151816010475159,0.0008321967325173318,0.5143494043149985,0.884375,0.921875,0.875,0.774294670846395,0.8247261345852895,639,639,320,319
Qwen/Qwen3-Embedding-0.6B,ffn_int,sif,4,sif_only,10,0.001,0.9597989949748744,0.882218065899353,0.04367128085228999,0.9245898723602295,0.8310652375221252,0.09352463483810425,0.79375,0.834375,0.375,0.9278996865203761,0.651017214397496,639,639,320,319
Qwen/Qwen3-Embedding-0.6B,ffn_int,sif,4,sif_abtt_fixed,10,0.001,0.33668341708542715,0.9637216371558452,0.05298367518506727,0.49277475476264954,0.0005847820430062711,0.49218997271964327,0.875,0.915625,0.884375,0.7366771159874608,0.810641627543036,639,639,320,319
Qwen/Qwen3-Embedding-0.6B,ffn_int,sif,4,sif_abtt_optimal,10,0.001,0.33668341708542715,0.9637216371558452,0.05298367518506727,0.49277475476264954,0.0005847820430062711,0.49218997271964327,0.875,0.915625,0.884375,0.7366771159874608,0.810641627543036,639,639,320,319
Qwen/Qwen3-Embedding-0.6B,ffn_int,sif,5,sif_only,10,0.001,0.9597989949748744,0.8780794297457772,0.043198410629939815,0.917336106300354,0.8211817145347595,0.09615439176559448,0.796875,0.846875,0.325,0.9686520376175548,0.6463223787167449,639,639,320,319
Qwen/Qwen3-Embedding-0.6B,ffn_int,sif,5,sif_abtt_fixed,10,0.001,0.36180904522613067,0.9632313866177111,0.05292766038396509,0.4941563010215759,0.000883300497662276,0.49327300052391365,0.8875,0.921875,0.865625,0.7931034482758621,0.8294209702660407,639,639,320,319
Qwen/Qwen3-Embedding-0.6B,ffn_int,sif,5,sif_abtt_optimal,10,0.001,0.36180904522613067,0.9632313866177111,0.05292766038396509,0.4941563010215759,0.000883300497662276,0.49327300052391365,0.8875,0.921875,0.865625,0.7931034482758621,0.8294209702660407,639,639,320,319
Qwen/Qwen3-Embedding-0.6B,ffn_int,sif,6,sif_only,10,0.001,0.949748743718593,0.8798251716275084,0.04339787473383173,0.8968749046325684,0.7761412858963013,0.12073361873626709,0.80625,0.840625,0.309375,0.9561128526645768,0.6322378716744914,639,639,320,319
Qwen/Qwen3-Embedding-0.6B,ffn_int,sif,6,sif_abtt_fixed,10,0.001,0.36683417085427134,0.9685314504314695,0.05353323242776883,0.49135857820510864,0.0007691922946833074,0.49058938591042534,0.884375,0.9125,0.859375,0.7931034482758621,0.8262910798122066,639,639,320,319
Qwen/Qwen3-Embedding-0.6B,ffn_int,sif,6,sif_abtt_optimal,10,0.001,0.36683417085427134,0.9685314504314695,0.05353323242776883,0.49135857820510864,0.0007691922946833074,0.49058938591042534,0.884375,0.9125,0.859375,0.7931034482758621,0.8262910798122066,639,639,320,319
Qwen/Qwen3-Embedding-0.6B,ffn_int,sif,7,sif_only,10,0.001,0.949748743718593,0.8641400413570495,0.04160573095423419,0.8769707083702087,0.7439104914665222,0.13306021690368652,0.70625,0.778125,0.275,0.9435736677115988,0.6087636932707355,639,639,320,319
Qwen/Qwen3-Embedding-0.6B,ffn_int,sif,7,sif_abtt_fixed,10,0.001,0.34673366834170855,0.9626698804059464,0.052863504087698805,0.46710625290870667,0.0005505837616510689,0.4665556691470556,0.86875,0.890625,0.865625,0.7617554858934169,0.8137715179968701,639,639,320,319
Qwen/Qwen3-Embedding-0.6B,ffn_int,sif,7,sif_abtt_optimal,10,0.001,0.34673366834170855,0.9626698804059464,0.052863504087698805,0.46710625290870667,0.0005505837616510689,0.4665556691470556,0.86875,0.890625,0.865625,0.7617554858934169,0.8137715179968701,639,639,320,319
Qwen/Qwen3-Embedding-0.6B,ffn_int,sif,8,sif_only,10,0.001,0.9396984924623115,0.8749816993927317,0.0428444717025865,0.8842902779579163,0.7615495324134827,0.1227407455444336,0.715625,0.80625,0.359375,0.9529780564263323,0.6557120500782473,639,639,320,319
Qwen/Qwen3-Embedding-0.6B,ffn_int,sif,8,sif_abtt_fixed,10,0.001,0.36180904522613067,0.9573765638695729,0.05225870297094472,0.4609852731227875,0.0009439124842174351,0.46004136063857004,0.8625,0.9,0.846875,0.7210031347962382,0.784037558685446,639,639,320,319
Qwen/Qwen3-Embedding-0.6B,ffn_int,sif,8,sif_abtt_optimal,10,0.001,0.36180904522613067,0.9573765638695729,0.05225870297094472,0.4609852731227875,0.0009439124842174351,0.46004136063857004,0.8625,0.9,0.846875,0.7210031347962382,0.784037558685446,639,639,320,319
Qwen/Qwen3-Embedding-0.6B,ffn_int,sif,9,sif_only,10,0.001,0.949748743718593,0.8676069141497221,0.042001847174066395,0.8932235240936279,0.7851682305335999,0.10805529356002808,0.625,0.728125,0.3125,0.9561128526645768,0.6338028169014085,639,639,320,319
Qwen/Qwen3-Embedding-0.6B,ffn_int,sif,9,sif_abtt_fixed,10,0.001,0.4020100502512563,0.9531289868390042,0.05177338543628882,0.4477267563343048,0.0012918137945234776,0.44643494253978133,0.84375,0.8875,0.784375,0.7774294670846394,0.7809076682316118,639,639,320,319
Qwen/Qwen3-Embedding-0.6B,ffn_int,sif,9,sif_abtt_optimal,7,0.001,0.3969849246231156,0.9593224565452108,0.05248103580428702,0.46344509720802307,0.0010399427264928818,0.4624051544815302,0.8375,0.88125,0.803125,0.7178683385579937,0.7605633802816901,639,639,320,319
Qwen/Qwen3-Embedding-0.6B,ffn_int,sif,10,sif_only,10,0.001,0.9597989949748744,0.8870349472245661,0.04422164567269147,0.9250096082687378,0.8405001163482666,0.08450949192047119,0.74375,0.8,0.353125,0.9655172413793104,0.6588419405320813,639,639,320,319
Qwen/Qwen3-Embedding-0.6B,ffn_int,sif,10,sif_abtt_fixed,10,0.001,0.36683417085427134,0.9580900276169382,0.05234022155540983,0.4675136208534241,0.0012581851333379745,0.4662554357200861,0.8625,0.896875,0.8625,0.7241379310344828,0.7934272300469484,639,639,320,319
Qwen/Qwen3-Embedding-0.6B,ffn_int,sif,10,sif_abtt_optimal,10,0.001,0.36683417085427134,0.9580900276169382,0.05234022155540983,0.4675136208534241,0.0012581851333379745,0.4662554357200861,0.8625,0.896875,0.8625,0.7241379310344828,0.7934272300469484,639,639,320,319
Qwen/Qwen3-Embedding-0.6B,ffn_int,sif,11,sif_only,10,0.001,0.9447236180904522,0.8946014878786379,0.04508617969519564,0.9204963445663452,0.8344513177871704,0.0860450267791748,0.715625,0.79375,0.546875,0.9184952978056427,0.7323943661971831,639,639,320,319
Qwen/Qwen3-Embedding-0.6B,ffn_int,sif,11,sif_abtt_fixed,10,0.001,0.36683417085427134,0.9584713483391897,0.05238379030802014,0.45664265751838684,0.0007011956768110394,0.4559414618415758,0.865625,0.896875,0.8125,0.7617554858934169,0.7871674491392802,639,639,320,319
Qwen/Qwen3-Embedding-0.6B,ffn_int,sif,11,sif_abtt_optimal,7,0.001,0.3969849246231156,0.9553180912115983,0.052023507030215896,0.46294739842414856,0.0006784541183151305,0.46226894430583343,0.853125,0.8875,0.76875,0.7836990595611285,0.7762128325508607,639,639,320,319
Qwen/Qwen3-Embedding-0.6B,ffn_int,sif,12,sif_only,10,0.001,0.9447236180904522,0.8637133922041028,0.04155698308842915,0.8779221177101135,0.7288461923599243,0.1490759253501892,0.684375,0.74375,0.325,0.9498432601880877,0.6369327073552425,639,639,320,319
Qwen/Qwen3-Embedding-0.6B,ffn_int,sif,12,sif_abtt_fixed,10,0.001,0.36180904522613067,0.9571062524519717,0.05222781786401563,0.4489349126815796,0.00078217638656497,0.4481527362950146,0.83125,0.875,0.825,0.7272727272727273,0.7762128325508607,639,639,320,319
Qwen/Qwen3-Embedding-0.6B,ffn_int,sif,12,sif_abtt_optimal,10,0.001,0.36180904522613067,0.9571062524519717,0.05222781786401563,0.4489349126815796,0.00078217638656497,0.4481527362950146,0.83125,0.875,0.825,0.7272727272727273,0.7762128325508607,639,639,320,319
Qwen/Qwen3-Embedding-0.6B,ffn_int,sif,13,sif_only,10,0.001,0.9246231155778895,0.8711075122682094,0.04240181676529297,0.8619073629379272,0.7235079407691956,0.1383994221687317,0.653125,0.7375,0.390625,0.9247648902821317,0.6572769953051644,639,639,320,319
Qwen/Qwen3-Embedding-0.6B,ffn_int,sif,13,sif_abtt_fixed,10,0.001,0.35175879396984927,0.9558185622158042,0.052080689596224035,0.42343053221702576,0.0005395114421844482,0.4228910207748413,0.809375,0.85625,0.78125,0.7115987460815048,0.7464788732394366,639,639,320,319
Qwen/Qwen3-Embedding-0.6B,ffn_int,sif,13,sif_abtt_optimal,10,0.001,0.35175879396984927,0.9558185622158042,0.052080689596224035,0.42343053221702576,0.0005395114421844482,0.4228910207748413,0.809375,0.85625,0.78125,0.7115987460815048,0.7464788732394366,639,639,320,319
Qwen/Qwen3-Embedding-0.6B,ffn_int,sif,14,sif_only,10,0.001,0.9296482412060302,0.8761704811791001,0.04298029893812767,0.8687845468521118,0.747139573097229,0.12164497375488281,0.571875,0.671875,0.303125,0.9655172413793104,0.6338028169014085,639,639,320,319
Qwen/Qwen3-Embedding-0.6B,ffn_int,sif,14,sif_abtt_fixed,10,0.001,0.35678391959798994,0.9548784563149627,0.05197327544579729,0.4133217930793762,0.0008772060973569751,0.41244458698201925,0.775,0.840625,0.796875,0.6802507836990596,0.7386541471048513,639,639,320,319
Qwen/Qwen3-Embedding-0.6B,ffn_int,sif,14,sif_abtt_optimal,10,0.001,0.35678391959798994,0.9548784563149627,0.05197327544579729,0.4133217930793762,0.0008772060973569751,0.41244458698201925,0.775,0.840625,0.796875,0.6802507836990596,0.7386541471048513,639,639,320,319
Qwen/Qwen3-Embedding-0.6B,ffn_int,sif,15,sif_only,10,0.001,0.9698492462311558,0.8257539175466775,0.03721982839413021,0.9132994413375854,0.8238393664360046,0.08946007490158081,0.503125,0.603125,0.234375,0.9373040752351097,0.5852895148669797,639,639,320,319
Qwen/Qwen3-Embedding-0.6B,ffn_int,sif,15,sif_abtt_fixed,10,0.001,0.35678391959798994,0.9508574993156491,0.051513850949473056,0.42086485028266907,0.0014813950983807445,0.4193834551842883,0.80625,0.85625,0.809375,0.664576802507837,0.7370892018779343,639,639,320,319
Qwen/Qwen3-Embedding-0.6B,ffn_int,sif,15,sif_abtt_optimal,10,0.001,0.35678391959798994,0.9508574993156491,0.051513850949473056,0.42086485028266907,0.0014813950983807445,0.4193834551842883,0.80625,0.85625,0.809375,0.664576802507837,0.7370892018779343,639,639,320,319
Qwen/Qwen3-Embedding-0.6B,ffn_int,sif,16,sif_only,10,0.001,0.9447236180904522,0.8958275898517232,0.04522627104195316,0.9035617113113403,0.7879615426063538,0.11560016870498657,0.75,0.81875,0.43125,0.9341692789968652,0.6823161189358372,639,639,320,319
Qwen/Qwen3-Embedding-0.6B,ffn_int,sif,16,sif_abtt_fixed,10,0.001,0.4020100502512563,0.9677186579121075,0.05344036478608875,0.48968306183815,0.0007735213148407638,0.48890954052330926,0.86875,0.89375,0.7875,0.7899686520376176,0.7887323943661971,639,639,320,319
Qwen/Qwen3-Embedding-0.6B,ffn_int,sif,16,sif_abtt_optimal,5,0.001,0.4020100502512563,0.9705933741559101,0.05376882267872678,0.5088117718696594,0.0009558823076076806,0.5078558895620517,0.859375,0.896875,0.828125,0.7115987460815048,0.7699530516431925,639,639,320,319
Qwen/Qwen3-Embedding-0.6B,ffn_int,sif,17,sif_only,10,0.001,0.9597989949748744,0.893357433723264,0.04494403717696071,0.9372761845588684,0.8677194714546204,0.06955671310424805,0.728125,0.809375,0.471875,0.9404388714733543,0.7057902973395931,639,639,320,319
Qwen/Qwen3-Embedding-0.6B,ffn_int,sif,17,sif_abtt_fixed,10,0.001,0.3869346733668342,0.956478998999589,0.052156149452371785,0.4700319468975067,0.0009260267252102494,0.46910592017229646,0.84375,0.8875,0.81875,0.7931034482758621,0.8059467918622848,639,639,320,319
Qwen/Qwen3-Embedding-0.6B,ffn_int,sif,17,sif_abtt_optimal,10,0.001,0.3869346733668342,0.956478998999589,0.052156149452371785,0.4700319468975067,0.0009260267252102494,0.46910592017229646,0.84375,0.8875,0.81875,0.7931034482758621,0.8059467918622848,639,639,320,319
Qwen/Qwen3-Embedding-0.6B,ffn_int,sif,18,sif_only,10,0.001,0.949748743718593,0.9020286806630419,0.045934792178388986,0.9173884987831116,0.814528226852417,0.10286027193069458,0.765625,0.834375,0.425,0.9529780564263323,0.6885758998435054,639,639,320,319
Qwen/Qwen3-Embedding-0.6B,ffn_int,sif,18,sif_abtt_fixed,10,0.001,0.4170854271356784,0.9637425647768494,0.052986066322733893,0.49847280979156494,0.0006246755947358906,0.49784813419682905,0.8625,0.9125,0.790625,0.8181818181818182,0.8043818466353677,639,639,320,319
Qwen/Qwen3-Embedding-0.6B,ffn_int,sif,18,sif_abtt_optimal,7,0.001,0.4020100502512563,0.9713596436446466,0.053856374715211784,0.5116438865661621,0.0005955655942671001,0.511048320971895,0.871875,0.909375,0.834375,0.7774294670846394,0.8059467918622848,639,639,320,319
Qwen/Qwen3-Embedding-0.6B,ffn_int,sif,19,sif_only,10,0.001,0.949748743718593,0.9170539603885707,0.047651543084025666,0.9302690625190735,0.8270443677902222,0.10322469472885132,0.81875,0.85625,0.571875,0.9341692789968652,0.7527386541471048,639,639,320,319
Qwen/Qwen3-Embedding-0.6B,ffn_int,sif,19,sif_abtt_fixed,10,0.001,0.4221105527638191,0.9726864459674266,0.054007971832258646,0.5266414284706116,0.0007714477833360434,0.5258699806872755,0.865625,0.9,0.890625,0.799373040752351,0.8450704225352113,639,639,320,319
Qwen/Qwen3-Embedding-0.6B,ffn_int,sif,19,sif_abtt_optimal,10,0.001,0.4221105527638191,0.9726864459674266,0.054007971832258646,0.5266414284706116,0.0007714477833360434,0.5258699806872755,0.865625,0.9,0.890625,0.799373040752351,0.8450704225352113,639,639,320,319
Qwen/Qwen3-Embedding-0.6B,ffn_int,sif,20,sif_only,10,0.001,0.9396984924623115,0.935443919307164,0.04975273382418102,0.9194673895835876,0.7888904213905334,0.1305769681930542,0.85,0.878125,0.61875,0.9717868338557993,0.7949921752738655,639,639,320,319
Qwen/Qwen3-Embedding-0.6B,ffn_int,sif,20,sif_abtt_fixed,10,0.001,0.4371859296482412,0.9752951867489312,0.05430604003338291,0.5438992381095886,0.000836200313642621,0.543063037795946,0.85625,0.9,0.85,0.8213166144200627,0.8356807511737089,639,639,320,319
Qwen/Qwen3-Embedding-0.6B,ffn_int,sif,20,sif_abtt_optimal,7,0.001,0.4321608040201005,0.9714442168952799,0.05386603784343826,0.5523613691329956,0.0010487391846254468,0.5513126299483702,0.859375,0.89375,0.865625,0.7774294670846394,0.8215962441314554,639,639,320,319
Qwen/Qwen3-Embedding-0.6B,ffn_int,sif,21,sif_only,10,0.001,0.949748743718593,0.9383556570877009,0.05008542170508091,0.928801417350769,0.8085286021232605,0.12027281522750854,0.84375,0.88125,0.584375,0.9655172413793104,0.7746478873239436,639,639,320,319
Qwen/Qwen3-Embedding-0.6B,ffn_int,sif,21,sif_abtt_fixed,10,0.001,0.4824120603015075,0.9703984552672544,0.05374655173371063,0.562473475933075,0.0007910046260803938,0.5616824713069946,0.88125,0.91875,0.821875,0.8557993730407524,0.838810641627543,639,639,320,319
Qwen/Qwen3-Embedding-0.6B,ffn_int,sif,21,sif_abtt_optimal,1,0.001,0.5226130653266332,0.9705165879270456,0.053760049276144445,0.5887554287910461,0.0011654675472527742,0.5875899612437934,0.85625,0.884375,0.83125,0.8808777429467085,0.8560250391236307,639,639,320,319
Qwen/Qwen3-Embedding-0.6B,ffn_int,sif,22,sif_only,10,0.001,0.9346733668341709,0.9321804050304339,0.04937985284009562,0.907561182975769,0.7671654224395752,0.14039576053619385,0.8625,0.878125,0.559375,0.9749216300940439,0.7668231611893583,639,639,320,319
Qwen/Qwen3-Embedding-0.6B,ffn_int,sif,22,sif_abtt_fixed,10,0.001,0.4321608040201005,0.9638749441469228,0.05300119165867507,0.5453391671180725,0.0012255610199645162,0.544113606098108,0.875,0.896875,0.83125,0.8683385579937304,0.8497652582159625,639,639,320,319
Qwen/Qwen3-Embedding-0.6B,ffn_int,sif,22,sif_abtt_optimal,2,0.001,0.4723618090452261,0.9620848803955488,0.05279666344872354,0.571074366569519,0.0011823810636997223,0.5698919855058193,0.86875,0.9,0.85,0.877742946708464,0.863849765258216,639,639,320,319
Qwen/Qwen3-Embedding-0.6B,ffn_int,sif,23,sif_only,10,0.001,0.9447236180904522,0.9310625139010507,0.04925212539383129,0.9175805449485779,0.7902618646621704,0.12731868028640747,0.8375,0.871875,0.55,0.9749216300940439,0.7621283255086072,639,639,320,319
Qwen/Qwen3-Embedding-0.6B,ffn_int,sif,23,sif_abtt_fixed,10,0.001,0.3919597989949749,0.9745360627375568,0.054219304421280055,0.5312842726707458,0.0006085322820581496,0.5306757403886877,0.871875,0.909375,0.853125,0.8275862068965517,0.8403755868544601,639,639,320,319
Qwen/Qwen3-Embedding-0.6B,ffn_int,sif,23,sif_abtt_optimal,10,0.001,0.3919597989949749,0.9745360627375568,0.054219304421280055,0.5312842726707458,0.0006085322820581496,0.5306757403886877,0.871875,0.909375,0.853125,0.8275862068965517,0.8403755868544601,639,639,320,319
Qwen/Qwen3-Embedding-0.6B,ffn_int,sif,24,sif_only,10,0.001,0.9597989949748744,0.9048960412683837,0.046262409634175515,0.9327552318572998,0.8394513130187988,0.09330391883850098,0.80625,0.865625,0.43125,0.9529780564263323,0.6917057902973396,639,639,320,319
Qwen/Qwen3-Embedding-0.6B,ffn_int,sif,24,sif_abtt_fixed,10,0.001,0.3869346733668342,0.9646413242467637,0.05308875633330945,0.5268630385398865,0.0006775704678148031,0.5261854680720717,0.890625,0.928125,0.875,0.8401253918495298,0.8575899843505478,639,639,320,319
Qwen/Qwen3-Embedding-0.6B,ffn_int,sif,24,sif_abtt_optimal,7,0.001,0.3919597989949749,0.9648402693796296,0.05311148730692586,0.5386714339256287,0.0006273218896239996,0.5380441120360047,0.890625,0.928125,0.878125,0.8213166144200627,0.8497652582159625,639,639,320,319
Qwen/Qwen3-Embedding-0.6B,ffn_int,sif,25,sif_only,10,0.001,0.9547738693467337,0.9385806290134964,0.05011112643503541,0.936424195766449,0.8428972959518433,0.09352689981460571,0.84375,0.878125,0.54375,0.9655172413793104,0.7543035993740219,639,639,320,319
Qwen/Qwen3-Embedding-0.6B,ffn_int,sif,25,sif_abtt_fixed,10,0.001,0.36683417085427134,0.9722849276574617,0.053962095353760654,0.5218690037727356,0.0008583363378420472,0.5210106674348935,0.890625,0.921875,0.878125,0.8307210031347962,0.8544600938967136,639,639,320,319
Qwen/Qwen3-Embedding-0.6B,ffn_int,sif,25,sif_abtt_optimal,5,0.001,0.3919597989949749,0.9716099344523018,0.05388497231729058,0.5400170087814331,0.001089452882297337,0.5389275558991358,0.8875,0.91875,0.88125,0.8150470219435737,0.8482003129890454,639,639,320,319
Qwen/Qwen3-Embedding-0.6B,ffn_int,sif,26,sif_only,10,0.001,0.9748743718592965,0.9203475498246614,0.04802786038074188,0.9616497755050659,0.9060029983520508,0.05564677715301514,0.83125,0.86875,0.5125,0.9717868338557993,0.7417840375586855,639,639,320,319
Qwen/Qwen3-Embedding-0.6B,ffn_int,sif,26,sif_abtt_fixed,10,0.001,0.4120603015075377,0.9694506065890858,0.05363825291289884,0.5297784805297852,0.000496354594361037,0.5292821259354241,0.890625,0.91875,0.8625,0.8275862068965517,0.8450704225352113,639,639,320,319
Qwen/Qwen3-Embedding-0.6B,ffn_int,sif,26,sif_abtt_optimal,10,0.001,0.4120603015075377,0.9694506065890858,0.05363825291289884,0.5297784805297852,0.000496354594361037,0.5292821259354241,0.890625,0.91875,0.8625,0.8275862068965517,0.8450704225352113,639,639,320,319
Qwen/Qwen3-Embedding-0.6B,ffn_int,sif,27,sif_only,10,0.001,0.9949748743718593,0.7679432006668168,0.030614520382173674,0.9874656796455383,0.9722557067871094,0.015209972858428955,0.503125,0.56875,0.609375,0.677115987460815,0.6431924882629108,639,639,320,319
Qwen/Qwen3-Embedding-0.6B,ffn_int,sif,27,sif_abtt_fixed,10,0.001,0.4723618090452261,0.9661225175494472,0.05325799377781827,0.5010301470756531,0.0007576786447316408,0.5002724684309214,0.8625,0.903125,0.765625,0.9059561128526645,0.8356807511737089,639,639,320,319
Qwen/Qwen3-Embedding-0.6B,ffn_int,sif,27,sif_abtt_optimal,10,0.001,0.4723618090452261,0.9661225175494472,0.05325799377781827,0.5010301470756531,0.0007576786447316408,0.5002724684309214,0.8625,0.903125,0.765625,0.9059561128526645,0.8356807511737089,639,639,320,319
KaLM-Embedding/KaLM-embedding-multilingual-mini-instruct-v2.5,hidden,mean,0,baseline,10,0.001,0.9045226130653267,0.9011188932659915,0.045830842144379394,0.8255494236946106,0.6387602090835571,0.18678921461105347,0.553125,0.64375,0.3375,0.9247648902821317,0.6306729264475743,639,639,320,319
KaLM-Embedding/KaLM-embedding-multilingual-mini-instruct-v2.5,hidden,mean,0,whitening,10,0.001,0.0,0.5455105186957323,0.005199918113523459,0.11295109242200851,0.006603530142456293,0.10634756227955222,0.153125,0.1875,1.0,0.0,0.5007824726134585,639,639,320,319
KaLM-Embedding/KaLM-embedding-multilingual-mini-instruct-v2.5,hidden,mean,1,baseline,10,0.001,0.9748743718592965,0.9260877684072474,0.04868372340821182,0.9554323554039001,0.8876997232437134,0.06773263216018677,0.75,0.81875,0.359375,0.9592476489028213,0.6588419405320813,639,639,320,319
KaLM-Embedding/KaLM-embedding-multilingual-mini-instruct-v2.5,hidden,mean,1,whitening,10,0.001,0.0,0.549794022213099,0.005689340686857225,0.19668379426002502,0.003848972264677286,0.19283482199534774,0.171875,0.196875,1.0,0.0,0.5007824726134585,639,639,320,319
KaLM-Embedding/KaLM-embedding-multilingual-mini-instruct-v2.5,hidden,mean,2,baseline,10,0.001,0.9849246231155779,0.9247401158912363,0.048529744000296464,0.9702815413475037,0.9264616370201111,0.04381990432739258,0.75625,0.834375,0.240625,0.9780564263322884,0.6087636932707355,639,639,320,319
KaLM-Embedding/KaLM-embedding-multilingual-mini-instruct-v2.5,hidden,mean,2,whitening,10,0.001,0.0,0.5474267786564282,0.005418865317901229,0.09007112681865692,0.00021001276036258787,0.08986111405829433,0.175,0.2,1.0,0.0,0.5007824726134585,639,639,320,319
KaLM-Embedding/KaLM-embedding-multilingual-mini-instruct-v2.5,hidden,mean,3,baseline,10,0.001,0.9798994974874372,0.8902383222436853,0.04458765529556997,0.9530075788497925,0.8940545320510864,0.058953046798706055,0.721875,0.796875,0.25625,0.9686520376175548,0.6118935837245696,639,639,320,319
KaLM-Embedding/KaLM-embedding-multilingual-mini-instruct-v2.5,hidden,mean,3,whitening,10,0.001,0.0,0.5960843823801111,0.010978363650584399,0.20663833618164062,-0.0015527954092249274,0.20819113159086555,0.1875,0.21875,1.0,0.0,0.5007824726134585,639,639,320,319
KaLM-Embedding/KaLM-embedding-multilingual-mini-instruct-v2.5,hidden,mean,4,baseline,10,0.001,0.9798994974874372,0.8831747966492268,0.04378059451648271,0.9520254135131836,0.8916298151016235,0.06039559841156006,0.68125,0.759375,0.2625,0.9561128526645768,0.6087636932707355,639,639,320,319
KaLM-Embedding/KaLM-embedding-multilingual-mini-instruct-v2.5,hidden,mean,4,whitening,10,0.001,0.0,0.6046476839428381,0.011956784106565371,0.2520327866077423,0.012764142826199532,0.23926864378154278,0.190625,0.203125,1.0,0.0,0.5007824726134585,639,639,320,319
KaLM-Embedding/KaLM-embedding-multilingual-mini-instruct-v2.5,hidden,mean,5,baseline,10,0.001,0.9798994974874372,0.8645979823915085,0.04165805415228205,0.9474700093269348,0.8853459358215332,0.06212407350540161,0.64375,0.725,0.271875,0.9278996865203761,0.5993740219092332,639,639,320,319
KaLM-Embedding/KaLM-embedding-multilingual-mini-instruct-v2.5,hidden,mean,5,whitening,10,0.001,0.0,0.5861262416041195,0.009840569424669963,0.18934598565101624,-0.0017488165758550167,0.19109480222687125,0.16875,0.190625,1.0,0.0,0.5007824726134585,639,639,320,319
KaLM-Embedding/KaLM-embedding-multilingual-mini-instruct-v2.5,hidden,mean,6,baseline,10,0.001,0.9798994974874372,0.8680727860003861,0.042055076527340945,0.947170078754425,0.8860534429550171,0.06111663579940796,0.6625,0.721875,0.23125,0.9435736677115988,0.5868544600938967,639,639,320,319
KaLM-Embedding/KaLM-embedding-multilingual-mini-instruct-v2.5,hidden,mean,6,whitening,10,0.001,0.0,0.5883288294703732,0.0100922328781635,0.228162944316864,0.002788793994113803,0.2253741503227502,0.190625,0.221875,1.0,0.0,0.5007824726134585,639,639,320,319
KaLM-Embedding/KaLM-embedding-multilingual-mini-instruct-v2.5,hidden,mean,7,baseline,10,0.001,0.9698492462311558,0.8768105433974043,0.043053430847410125,0.9417046308517456,0.8715489506721497,0.07015568017959595,0.7125,0.784375,0.4375,0.896551724137931,0.6666666666666666,639,639,320,319
KaLM-Embedding/KaLM-embedding-multilingual-mini-instruct-v2.5,hidden,mean,7,whitening,10,0.001,0.0,0.5731935912456886,0.008362917138802975,0.13181863725185394,-0.00024469129857607186,0.13206332855043001,0.165625,0.171875,1.0,0.0,0.5007824726134585,639,639,320,319
KaLM-Embedding/KaLM-embedding-multilingual-mini-instruct-v2.5,hidden,mean,8,baseline,10,0.001,0.9698492462311558,0.8790566788555679,0.04331006867062833,0.9409436583518982,0.8705799579620361,0.07036370038986206,0.715625,0.79375,0.403125,0.9122257053291536,0.6572769953051644,639,639,320,319
KaLM-Embedding/KaLM-embedding-multilingual-mini-instruct-v2.5,hidden,mean,8,whitening,10,0.001,0.0,0.5676268329974516,0.007726875214265876,0.09915252029895782,-0.0013870856491848826,0.10053960594814271,0.159375,0.18125,1.0,0.0,0.5007824726134585,639,639,320,319
KaLM-Embedding/KaLM-embedding-multilingual-mini-instruct-v2.5,hidden,mean,9,baseline,10,0.001,0.9698492462311558,0.8809204317248753,0.04352301641502471,0.9435882568359375,0.8797261714935303,0.06386208534240723,0.671875,0.746875,0.4125,0.9090909090909091,0.6604068857589984,639,639,320,319
KaLM-Embedding/KaLM-embedding-multilingual-mini-instruct-v2.5,hidden,mean,9,whitening,10,0.001,0.0,0.5685514644047492,0.007832521081356006,0.1270136833190918,0.0072012958116829395,0.11981238750740886,0.1375,0.165625,1.0,0.0,0.5007824726134585,639,639,320,319
KaLM-Embedding/KaLM-embedding-multilingual-mini-instruct-v2.5,hidden,mean,10,baseline,10,0.001,0.9698492462311558,0.8815295007116497,0.0435926071150807,0.9428691864013672,0.8783866763114929,0.06448251008987427,0.653125,0.73125,0.409375,0.9153605015673981,0.6619718309859155,639,639,320,319
KaLM-Embedding/KaLM-embedding-multilingual-mini-instruct-v2.5,hidden,mean,10,whitening,10,0.001,0.0,0.5639581502443023,0.007307704513580746,0.1674969643354416,-0.0015352278714999557,0.16903219220694155,0.15,0.16875,1.0,0.0,0.5007824726134585,639,639,320,319
KaLM-Embedding/KaLM-embedding-multilingual-mini-instruct-v2.5,hidden,mean,11,baseline,10,0.001,0.9698492462311558,0.8804566061796477,0.04347002086757525,0.9446792006492615,0.8848375082015991,0.059841692447662354,0.60625,0.6875,0.409375,0.9310344827586207,0.6697965571205008,639,639,320,319
KaLM-Embedding/KaLM-embedding-multilingual-mini-instruct-v2.5,hidden,mean,11,whitening,10,0.001,0.0,0.5187802391403233,0.0021457841156308287,0.006062156520783901,0.0006186629761941731,0.005443493544589728,0.146875,0.18125,1.0,0.0,0.5007824726134585,639,639,320,319
KaLM-Embedding/KaLM-embedding-multilingual-mini-instruct-v2.5,hidden,mean,12,baseline,10,0.001,0.964824120603015,0.8884489553422708,0.0443832067059437,0.9399116635322571,0.8718144297599792,0.06809723377227783,0.621875,0.7375,0.440625,0.9404388714733543,0.6901408450704225,639,639,320,319
KaLM-Embedding/KaLM-embedding-multilingual-mini-instruct-v2.5,hidden,mean,12,whitening,10,0.001,0.0,0.5710167315223817,0.008114198150110323,0.09000488370656967,-0.00154557591304183,0.0915504596196115,0.16875,0.196875,1.0,0.0,0.5007824726134585,639,639,320,319
KaLM-Embedding/KaLM-embedding-multilingual-mini-instruct-v2.5,hidden,mean,13,baseline,10,0.001,0.964824120603015,0.8840350634547149,0.04387888645142915,0.9412868022918701,0.8770431876182556,0.0642436146736145,0.615625,0.70625,0.49375,0.9122257053291536,0.702660406885759,639,639,320,319
KaLM-Embedding/KaLM-embedding-multilingual-mini-instruct-v2.5,hidden,mean,13,whitening,10,0.001,0.0,0.5539977640628857,0.006169652844005681,0.13525158166885376,0.0012716708006337285,0.13397991086822003,0.15,0.175,1.0,0.0,0.5007824726134585,639,639,320,319
KaLM-Embedding/KaLM-embedding-multilingual-mini-instruct-v2.5,hidden,mean,14,baseline,10,0.001,0.9698492462311558,0.8871309466023122,0.04423261432170234,0.9449608325958252,0.8838161826133728,0.06114464998245239,0.60625,0.71875,0.365625,0.9623824451410659,0.6635367762128326,639,639,320,319
KaLM-Embedding/KaLM-embedding-multilingual-mini-instruct-v2.5,hidden,mean,14,whitening,10,0.001,0.0,0.5603022541348532,0.006889990131629317,0.14441844820976257,-0.0008599884458817542,0.14527843665564433,0.153125,0.171875,1.0,0.0,0.5007824726134585,639,639,320,319
KaLM-Embedding/KaLM-embedding-multilingual-mini-instruct-v2.5,hidden,mean,15,baseline,10,0.001,0.964824120603015,0.8904892988401896,0.04461633125416633,0.9439886808395386,0.8797755241394043,0.06421315670013428,0.65,0.746875,0.496875,0.9216300940438872,0.7089201877934272,639,639,320,319
KaLM-Embedding/KaLM-embedding-multilingual-mini-instruct-v2.5,hidden,mean,15,whitening,10,0.001,0.0,0.5595810033657189,0.00680758129087024,0.1265023797750473,0.011130893602967262,0.11537148617208004,0.146875,0.18125,1.0,0.0,0.5007824726134585,639,639,320,319
KaLM-Embedding/KaLM-embedding-multilingual-mini-instruct-v2.5,hidden,mean,16,baseline,10,0.001,0.964824120603015,0.8994041999213422,0.04563492556882972,0.946044385433197,0.8795995116233826,0.06644487380981445,0.690625,0.765625,0.53125,0.9529780564263323,0.7417840375586855,639,639,320,319
KaLM-Embedding/KaLM-embedding-multilingual-mini-instruct-v2.5,hidden,mean,16,whitening,10,0.001,0.0,0.550261619596996,0.005742768626108143,0.10569026321172714,0.0010951088042929769,0.10459515440743417,0.15,0.175,1.0,0.0,0.5007824726134585,639,639,320,319
KaLM-Embedding/KaLM-embedding-multilingual-mini-instruct-v2.5,hidden,mean,17,baseline,10,0.001,0.964824120603015,0.9077600171739226,0.04658964036267868,0.948762059211731,0.8809497356414795,0.06781232357025146,0.76875,0.825,0.55625,0.9717868338557993,0.7636932707355243,639,639,320,319
KaLM-Embedding/KaLM-embedding-multilingual-mini-instruct-v2.5,hidden,mean,17,whitening,10,0.001,0.0,0.5406057900311874,0.004639517569771541,0.0008189528016373515,-1.5518411601078697e-05,0.0008344712132384302,0.14375,0.175,1.0,0.0,0.5007824726134585,639,639,320,319
KaLM-Embedding/KaLM-embedding-multilingual-mini-instruct-v2.5,hidden,mean,18,baseline,10,0.001,0.9698492462311558,0.9274944761920437,0.048844450323712596,0.9630613327026367,0.9082844853401184,0.05477684736251831,0.7875,0.85625,0.696875,0.9341692789968652,0.8153364632237872,639,639,320,319
KaLM-Embedding/KaLM-embedding-multilingual-mini-instruct-v2.5,hidden,mean,18,whitening,10,0.001,0.0,0.5779164863152605,0.008902543894345066,0.18836525082588196,0.00014051389007363468,0.18822473693580832,0.16875,0.203125,1.0,0.0,0.5007824726134585,639,639,320,319
KaLM-Embedding/KaLM-embedding-multilingual-mini-instruct-v2.5,hidden,mean,19,baseline,10,0.001,0.9698492462311558,0.9374208162754419,0.049978609130684463,0.9641760587692261,0.9083772897720337,0.05579876899719238,0.81875,0.871875,0.69375,0.9310344827586207,0.812206572769953,639,639,320,319
KaLM-Embedding/KaLM-embedding-multilingual-mini-instruct-v2.5,hidden,mean,19,whitening,10,0.001,0.0,0.5826039968924474,0.009438128690493522,0.1428738534450531,0.002556079300120473,0.14031777414493263,0.175,0.19375,1.0,0.0,0.5007824726134585,639,639,320,319
KaLM-Embedding/KaLM-embedding-multilingual-mini-instruct-v2.5,hidden,mean,20,baseline,10,0.001,0.9748743718592965,0.9415923149882163,0.05045523414694621,0.9692521691322327,0.9201703071594238,0.04908186197280884,0.8125,0.865625,0.671875,0.9498432601880877,0.810641627543036,639,639,320,319
KaLM-Embedding/KaLM-embedding-multilingual-mini-instruct-v2.5,hidden,mean,20,whitening,10,0.001,0.0,0.5869607028388871,0.009935914598552458,0.19955812394618988,0.006104497704654932,0.19345362624153495,0.2,0.21875,1.0,0.0,0.5007824726134585,639,639,320,319
KaLM-Embedding/KaLM-embedding-multilingual-mini-instruct-v2.5,hidden,mean,21,baseline,10,0.001,0.9798994974874372,0.9420337086014159,0.05050566667801725,0.9767892360687256,0.9386196732521057,0.03816956281661987,0.809375,0.865625,0.728125,0.9278996865203761,0.8278560250391236,639,639,320,319
KaLM-Embedding/KaLM-embedding-multilingual-mini-instruct-v2.5,hidden,mean,21,whitening,10,0.001,0.0,0.568086156670719,0.007779354342339436,0.14464668929576874,-0.0003980287001468241,0.14504471799591556,0.165625,0.184375,1.0,0.0,0.5007824726134585,639,639,320,319
KaLM-Embedding/KaLM-embedding-multilingual-mini-instruct-v2.5,hidden,mean,22,baseline,10,0.001,0.9748743718592965,0.9548962093972628,0.0519753038690188,0.9729433655738831,0.927127480506897,0.045815885066986084,0.859375,0.89375,0.74375,0.9592476489028213,0.8513302034428795,639,639,320,319
KaLM-Embedding/KaLM-embedding-multilingual-mini-instruct-v2.5,hidden,mean,22,whitening,10,0.001,0.0,0.5581718400143989,0.006646571221660937,0.13836948573589325,-0.0015233932062983513,0.1398928789421916,0.16875,0.18125,1.0,0.0,0.5007824726134585,639,639,320,319
KaLM-Embedding/KaLM-embedding-multilingual-mini-instruct-v2.5,hidden,mean,23,baseline,10,0.001,0.9698492462311558,0.9583955354880465,0.05237512812154433,0.9672902822494507,0.9116741418838501,0.055616140365600586,0.890625,0.909375,0.75625,0.9811912225705329,0.8685446009389671,639,639,320,319
KaLM-Embedding/KaLM-embedding-multilingual-mini-instruct-v2.5,hidden,mean,23,whitening,10,0.001,0.0,0.5266890769189181,0.003049427766450563,0.008247963152825832,0.006456779316067696,0.0017911838367581367,0.16875,0.184375,1.0,0.0,0.5007824726134585,639,639,320,319
KaLM-Embedding/KaLM-embedding-multilingual-mini-instruct-v2.5,hidden,mean,24,baseline,10,0.001,0.8492462311557789,0.9304567743085268,0.04918291510204425,0.8310790061950684,0.6016685962677002,0.22941040992736816,0.85625,0.890625,0.725,0.9561128526645768,0.8403755868544601,639,639,320,319
KaLM-Embedding/KaLM-embedding-multilingual-mini-instruct-v2.5,hidden,mean,24,whitening,10,0.001,0.0,0.5519549871206642,0.005936255402537228,0.06459122151136398,-0.000892280600965023,0.065483502112329,0.134375,0.159375,1.0,0.0,0.5007824726134585,639,639,320,319
KaLM-Embedding/KaLM-embedding-multilingual-mini-instruct-v2.5,hidden,sif,0,sif_only,10,0.001,0.8944723618090452,0.8946001826676027,0.045086030564977474,0.8209179043769836,0.6129061579704285,0.20801174640655518,0.803125,0.834375,0.41875,0.9686520376175548,0.6932707355242567,639,639,320,319
KaLM-Embedding/KaLM-embedding-multilingual-mini-instruct-v2.5,hidden,sif,0,sif_abtt_fixed,10,0.001,0.3417085427135678,0.9644850971225227,0.05307090621258467,0.5145272612571716,0.0012559177121147513,0.5132713435450569,0.884375,0.915625,0.8875,0.7460815047021944,0.8169014084507042,639,639,320,319
KaLM-Embedding/KaLM-embedding-multilingual-mini-instruct-v2.5,hidden,sif,0,sif_abtt_optimal,10,0.001,0.3417085427135678,0.9644850971225227,0.05307090621258467,0.5145272612571716,0.0012559177121147513,0.5132713435450569,0.884375,0.915625,0.8875,0.7460815047021944,0.8169014084507042,639,639,320,319
KaLM-Embedding/KaLM-embedding-multilingual-mini-instruct-v2.5,hidden,sif,1,sif_only,10,0.001,0.9547738693467337,0.9111883309355058,0.046981350923895875,0.9241076111793518,0.8165668845176697,0.10754072666168213,0.778125,0.825,0.459375,0.9341692789968652,0.6964006259780907,639,639,320,319
KaLM-Embedding/KaLM-embedding-multilingual-mini-instruct-v2.5,hidden,sif,1,sif_abtt_fixed,10,0.001,0.3969849246231156,0.957462243231253,0.05226849248065406,0.5274865031242371,0.0015559170860797167,0.5259305860381573,0.853125,0.896875,0.859375,0.8244514106583072,0.8419405320813772,639,639,320,319
KaLM-Embedding/KaLM-embedding-multilingual-mini-instruct-v2.5,hidden,sif,1,sif_abtt_optimal,5,0.001,0.4020100502512563,0.9630474182284181,0.05290664061563521,0.5392041802406311,0.0016435091383755207,0.5375606711022556,0.859375,0.8875,0.85625,0.8119122257053292,0.8341158059467919,639,639,320,319
KaLM-Embedding/KaLM-embedding-multilingual-mini-instruct-v2.5,hidden,sif,2,sif_only,10,0.001,0.9698492462311558,0.9161885059222734,0.04755265841994914,0.9497846961021423,0.879197895526886,0.07058680057525635,0.79375,0.846875,0.4625,0.9310344827586207,0.6964006259780907,639,639,320,319
KaLM-Embedding/KaLM-embedding-multilingual-mini-instruct-v2.5,hidden,sif,2,sif_abtt_fixed,10,0.001,0.4321608040201005,0.9618983900730693,0.052775355530611474,0.5234498977661133,0.0014591319486498833,0.5219907658174634,0.865625,0.9,0.815625,0.8213166144200627,0.8184663536776213,639,639,320,319
KaLM-Embedding/KaLM-embedding-multilingual-mini-instruct-v2.5,hidden,sif,2,sif_abtt_optimal,7,0.001,0.3919597989949749,0.9661969145784506,0.05326649419639573,0.5335084199905396,0.0016977550694718957,0.5318106649210677,0.8625,0.903125,0.8625,0.7147335423197492,0.7887323943661971,639,639,320,319
KaLM-Embedding/KaLM-embedding-multilingual-mini-instruct-v2.5,hidden,sif,3,sif_only,10,0.001,0.964824120603015,0.875699089834313,0.04292643894134671,0.9229956269264221,0.8307838439941406,0.0922117829322815,0.784375,0.821875,0.396875,0.9623824451410659,0.6791862284820032,639,639,320,319
KaLM-Embedding/KaLM-embedding-multilingual-mini-instruct-v2.5,hidden,sif,3,sif_abtt_fixed,10,0.001,0.36683417085427134,0.9573398188606004,0.05225450457806389,0.5264142751693726,0.0010419758036732674,0.5253722993656993,0.871875,0.91875,0.878125,0.6927899686520376,0.7856025039123631,639,639,320,319
KaLM-Embedding/KaLM-embedding-multilingual-mini-instruct-v2.5,hidden,sif,3,sif_abtt_optimal,10,0.001,0.36683417085427134,0.9573398188606004,0.05225450457806389,0.5264142751693726,0.0010419758036732674,0.5253722993656993,0.871875,0.91875,0.878125,0.6927899686520376,0.7856025039123631,639,639,320,319
KaLM-Embedding/KaLM-embedding-multilingual-mini-instruct-v2.5,hidden,sif,4,sif_only,10,0.001,0.964824120603015,0.8654369454982365,0.04175391197982648,0.9238864183425903,0.8349113464355469,0.08897507190704346,0.7375,0.803125,0.428125,0.9278996865203761,0.6776212832550861,639,639,320,319
KaLM-Embedding/KaLM-embedding-multilingual-mini-instruct-v2.5,hidden,sif,4,sif_abtt_fixed,10,0.001,0.40703517587939697,0.9617318761160938,0.052756330062090226,0.530720055103302,0.0013196556828916073,0.5294003994204104,0.878125,0.9125,0.84375,0.768025078369906,0.8059467918622848,639,639,320,319
KaLM-Embedding/KaLM-embedding-multilingual-mini-instruct-v2.5,hidden,sif,4,sif_abtt_optimal,10,0.001,0.40703517587939697,0.9617318761160938,0.052756330062090226,0.530720055103302,0.0013196556828916073,0.5294003994204104,0.878125,0.9125,0.84375,0.768025078369906,0.8059467918622848,639,639,320,319
KaLM-Embedding/KaLM-embedding-multilingual-mini-instruct-v2.5,hidden,sif,5,sif_only,10,0.001,0.9698492462311558,0.8470876693439421,0.03965736955061176,0.923149049282074,0.8406704068183899,0.08247864246368408,0.7125,0.78125,0.328125,0.9310344827586207,0.6291079812206573,639,639,320,319
KaLM-Embedding/KaLM-embedding-multilingual-mini-instruct-v2.5,hidden,sif,5,sif_abtt_fixed,10,0.001,0.4170854271356784,0.9550443176664207,0.05199222634924265,0.519132137298584,0.0009553173440508544,0.5181768199545331,0.865625,0.90625,0.825,0.7962382445141066,0.810641627543036,639,639,320,319
KaLM-Embedding/KaLM-embedding-multilingual-mini-instruct-v2.5,hidden,sif,5,sif_abtt_optimal,10,0.001,0.4170854271356784,0.9550443176664207,0.05199222634924265,0.519132137298584,0.0009553173440508544,0.5181768199545331,0.865625,0.90625,0.825,0.7962382445141066,0.810641627543036,639,639,320,319
KaLM-Embedding/KaLM-embedding-multilingual-mini-instruct-v2.5,hidden,sif,6,sif_only,10,0.001,0.964824120603015,0.8499878925084824,0.0399887418002613,0.9222614169120789,0.8398036956787109,0.08245772123336792,0.73125,0.79375,0.434375,0.8996865203761756,0.6666666666666666,639,639,320,319
KaLM-Embedding/KaLM-embedding-multilingual-mini-instruct-v2.5,hidden,sif,6,sif_abtt_fixed,10,0.001,0.4472361809045226,0.9511216165113886,0.051544028320094734,0.5072260499000549,0.0007633432396687567,0.5064627066603862,0.865625,0.909375,0.8125,0.8275862068965517,0.8200312989045383,639,639,320,319
KaLM-Embedding/KaLM-embedding-multilingual-mini-instruct-v2.5,hidden,sif,6,sif_abtt_optimal,7,0.001,0.4371859296482412,0.9550587302933595,0.05199387309997219,0.5163114666938782,0.0007001177291385829,0.5156113489647396,0.875,0.91875,0.83125,0.8119122257053292,0.8215962441314554,639,639,320,319
KaLM-Embedding/KaLM-embedding-multilingual-mini-instruct-v2.5,hidden,sif,7,sif_only,10,0.001,0.9597989949748744,0.8554152143981678,0.04060885403373367,0.916740357875824,0.8260632157325745,0.09067714214324951,0.76875,0.825,0.459375,0.9090909090909091,0.6838810641627543,639,639,320,319
KaLM-Embedding/KaLM-embedding-multilingual-mini-instruct-v2.5,hidden,sif,7,sif_abtt_fixed,10,0.001,0.4170854271356784,0.9578206453326162,0.05230944260892611,0.5126530528068542,0.000591076968703419,0.5120619758381508,0.853125,0.9125,0.853125,0.7931034482758621,0.8231611893583725,639,639,320,319
KaLM-Embedding/KaLM-embedding-multilingual-mini-instruct-v2.5,hidden,sif,7,sif_abtt_optimal,10,0.001,0.4170854271356784,0.9578206453326162,0.05230944260892611,0.5126530528068542,0.000591076968703419,0.5120619758381508,0.853125,0.9125,0.853125,0.7931034482758621,0.8231611893583725,639,639,320,319
KaLM-Embedding/KaLM-embedding-multilingual-mini-instruct-v2.5,hidden,sif,8,sif_only,10,0.001,0.9597989949748744,0.8575734914558895,0.040855453375719594,0.9183794260025024,0.82961505651474,0.08876436948776245,0.778125,0.825,0.471875,0.9122257053291536,0.6917057902973396,639,639,320,319
KaLM-Embedding/KaLM-embedding-multilingual-mini-instruct-v2.5,hidden,sif,8,sif_abtt_fixed,10,0.001,0.4371859296482412,0.9569348937286115,0.052208238844597216,0.5116105079650879,0.0006021955632604659,0.5110083124018274,0.865625,0.9125,0.828125,0.8213166144200627,0.8247261345852895,639,639,320,319
KaLM-Embedding/KaLM-embedding-multilingual-mini-instruct-v2.5,hidden,sif,8,sif_abtt_optimal,7,0.001,0.44221105527638194,0.9591240423456475,0.05245836549378276,0.5184177160263062,0.0005937633104622364,0.5178239527158439,0.859375,0.903125,0.825,0.799373040752351,0.812206572769953,639,639,320,319
KaLM-Embedding/KaLM-embedding-multilingual-mini-instruct-v2.5,hidden,sif,9,sif_only,10,0.001,0.9597989949748744,0.8603020793693079,0.04116721501058869,0.9232408404350281,0.8434950709342957,0.07974576950073242,0.75625,0.803125,0.45625,0.8840125391849529,0.6697965571205008,639,639,320,319
KaLM-Embedding/KaLM-embedding-multilingual-mini-instruct-v2.5,hidden,sif,9,sif_abtt_fixed,10,0.001,0.40703517587939697,0.9593112516403074,0.052479755559859495,0.4986919164657593,0.000653234776109457,0.4980386816896498,0.85625,0.90625,0.84375,0.7586206896551724,0.8012519561815337,639,639,320,319
KaLM-Embedding/KaLM-embedding-multilingual-mini-instruct-v2.5,hidden,sif,9,sif_abtt_optimal,10,0.001,0.40703517587939697,0.9593112516403074,0.052479755559859495,0.4986919164657593,0.000653234776109457,0.4980386816896498,0.85625,0.90625,0.84375,0.7586206896551724,0.8012519561815337,639,639,320,319
KaLM-Embedding/KaLM-embedding-multilingual-mini-instruct-v2.5,hidden,sif,10,sif_only,10,0.001,0.9597989949748744,0.8604347684504743,0.041182375733348126,0.9233089089393616,0.844754695892334,0.07855421304702759,0.7375,0.8,0.475,0.8934169278996865,0.6838810641627543,639,639,320,319
KaLM-Embedding/KaLM-embedding-multilingual-mini-instruct-v2.5,hidden,sif,10,sif_abtt_fixed,10,0.001,0.40703517587939697,0.9588088670639907,0.05242235435388489,0.4900471568107605,0.0008570829522795975,0.4891900738584809,0.853125,0.90625,0.84375,0.7836990595611285,0.8137715179968701,639,639,320,319
KaLM-Embedding/KaLM-embedding-multilingual-mini-instruct-v2.5,hidden,sif,10,sif_abtt_optimal,7,0.001,0.3919597989949749,0.9643975152498424,0.05306089932672415,0.4952472448348999,0.0008093743235804141,0.4944378705113195,0.8375,0.890625,0.853125,0.6865203761755486,0.7699530516431925,639,639,320,319
KaLM-Embedding/KaLM-embedding-multilingual-mini-instruct-v2.5,hidden,sif,11,sif_only,10,0.001,0.964824120603015,0.8624328695675181,0.041410673772727946,0.9299352169036865,0.8599876761436462,0.06994754076004028,0.690625,0.76875,0.409375,0.9498432601880877,0.6791862284820032,639,639,320,319
KaLM-Embedding/KaLM-embedding-multilingual-mini-instruct-v2.5,hidden,sif,11,sif_abtt_fixed,10,0.001,0.3969849246231156,0.9606302337579871,0.05263045915981795,0.479931116104126,0.0009527109796181321,0.47897840512450784,0.853125,0.896875,0.825,0.7586206896551724,0.7918622848200313,639,639,320,319
KaLM-Embedding/KaLM-embedding-multilingual-mini-instruct-v2.5,hidden,sif,11,sif_abtt_optimal,10,0.001,0.3969849246231156,0.9606302337579871,0.05263045915981795,0.479931116104126,0.0009527109796181321,0.47897840512450784,0.853125,0.896875,0.825,0.7586206896551724,0.7918622848200313,639,639,320,319
KaLM-Embedding/KaLM-embedding-multilingual-mini-instruct-v2.5,hidden,sif,12,sif_only,10,0.001,0.9547738693467337,0.8714885122182575,0.04244534886733546,0.9232308268547058,0.8423780202865601,0.08085280656814575,0.7375,0.8125,0.515625,0.9247648902821317,0.7198748043818466,639,639,320,319
KaLM-Embedding/KaLM-embedding-multilingual-mini-instruct-v2.5,hidden,sif,12,sif_abtt_fixed,10,0.001,0.40703517587939697,0.9601743832734064,0.05257837482285227,0.48092329502105713,0.0009665839024819434,0.4799567111185752,0.853125,0.90625,0.803125,0.8025078369905956,0.8028169014084507,639,639,320,319
KaLM-Embedding/KaLM-embedding-multilingual-mini-instruct-v2.5,hidden,sif,12,sif_abtt_optimal,10,0.001,0.40703517587939697,0.9601743832734064,0.05257837482285227,0.48092329502105713,0.0009665839024819434,0.4799567111185752,0.853125,0.90625,0.803125,0.8025078369905956,0.8028169014084507,639,639,320,319
KaLM-Embedding/KaLM-embedding-multilingual-mini-instruct-v2.5,hidden,sif,13,sif_only,10,0.001,0.9597989949748744,0.8710739086146095,0.04239797729589796,0.9281600117683411,0.8543811440467834,0.07377886772155762,0.71875,0.7875,0.46875,0.9467084639498433,0.7073552425665102,639,639,320,319
KaLM-Embedding/KaLM-embedding-multilingual-mini-instruct-v2.5,hidden,sif,13,sif_abtt_fixed,10,0.001,0.3869346733668342,0.9618840106294617,0.05277371257132617,0.4738526940345764,0.0009645632817409933,0.4728881307528354,0.859375,0.90625,0.8125,0.7711598746081505,0.7918622848200313,639,639,320,319
KaLM-Embedding/KaLM-embedding-multilingual-mini-instruct-v2.5,hidden,sif,13,sif_abtt_optimal,10,0.001,0.3869346733668342,0.9618840106294617,0.05277371257132617,0.4738526940345764,0.0009645632817409933,0.4728881307528354,0.859375,0.90625,0.8125,0.7711598746081505,0.7918622848200313,639,639,320,319
KaLM-Embedding/KaLM-embedding-multilingual-mini-instruct-v2.5,hidden,sif,14,sif_only,10,0.001,0.9597989949748744,0.8750175816350878,0.04284857151798668,0.933908224105835,0.8645473718643188,0.06936085224151611,0.721875,0.784375,0.525,0.9059561128526645,0.7151799687010955,639,639,320,319
KaLM-Embedding/KaLM-embedding-multilingual-mini-instruct-v2.5,hidden,sif,14,sif_abtt_fixed,10,0.001,0.4221105527638191,0.9606013200152255,0.0526271555478399,0.4706108272075653,0.0009812493808567524,0.46962957782670856,0.8375,0.896875,0.784375,0.8307210031347962,0.8075117370892019,639,639,320,319
KaLM-Embedding/KaLM-embedding-multilingual-mini-instruct-v2.5,hidden,sif,14,sif_abtt_optimal,10,0.001,0.4221105527638191,0.9606013200152255,0.0526271555478399,0.4706108272075653,0.0009812493808567524,0.46962957782670856,0.8375,0.896875,0.784375,0.8307210031347962,0.8075117370892019,639,639,320,319
KaLM-Embedding/KaLM-embedding-multilingual-mini-instruct-v2.5,hidden,sif,15,sif_only,10,0.001,0.9597989949748744,0.8793362373615199,0.04334201032676233,0.9318799376487732,0.8571902513504028,0.07468968629837036,0.7375,0.803125,0.5,0.9467084639498433,0.7230046948356808,639,639,320,319
KaLM-Embedding/KaLM-embedding-multilingual-mini-instruct-v2.5,hidden,sif,15,sif_abtt_fixed,10,0.001,0.3969849246231156,0.959552439154048,0.05250731304232958,0.4717254936695099,0.0009735088679008186,0.47075198480160907,0.85,0.89375,0.81875,0.774294670846395,0.7965571205007824,639,639,320,319
KaLM-Embedding/KaLM-embedding-multilingual-mini-instruct-v2.5,hidden,sif,15,sif_abtt_optimal,10,0.001,0.3969849246231156,0.959552439154048,0.05250731304232958,0.4717254936695099,0.0009735088679008186,0.47075198480160907,0.85,0.89375,0.81875,0.774294670846395,0.7965571205007824,639,639,320,319
KaLM-Embedding/KaLM-embedding-multilingual-mini-instruct-v2.5,hidden,sif,16,sif_only,10,0.001,0.9547738693467337,0.8909791290561258,0.04467229803028475,0.9322196245193481,0.8511791825294495,0.08104044198989868,0.7625,0.828125,0.578125,0.9467084639498433,0.7621283255086072,639,639,320,319
KaLM-Embedding/KaLM-embedding-multilingual-mini-instruct-v2.5,hidden,sif,16,sif_abtt_fixed,10,0.001,0.3869346733668342,0.9581782952784678,0.052350306797789944,0.4844852685928345,0.0011053197085857391,0.48337994888424873,0.8625,0.896875,0.834375,0.7429467084639498,0.7887323943661971,639,639,320,319
KaLM-Embedding/KaLM-embedding-multilingual-mini-instruct-v2.5,hidden,sif,16,sif_abtt_optimal,10,0.001,0.3869346733668342,0.9581782952784678,0.052350306797789944,0.4844852685928345,0.0011053197085857391,0.48337994888424873,0.8625,0.896875,0.834375,0.7429467084639498,0.7887323943661971,639,639,320,319
KaLM-Embedding/KaLM-embedding-multilingual-mini-instruct-v2.5,hidden,sif,17,sif_only,10,0.001,0.949748743718593,0.9017504605514566,0.045903003443899554,0.9310624003410339,0.8420882821083069,0.08897411823272705,0.815625,0.84375,0.63125,0.9655172413793104,0.7981220657276995,639,639,320,319
KaLM-Embedding/KaLM-embedding-multilingual-mini-instruct-v2.5,hidden,sif,17,sif_abtt_fixed,10,0.001,0.3969849246231156,0.9593334955334574,0.052482297091491784,0.5061072707176208,0.00096604332793504,0.5051412273896858,0.865625,0.89375,0.84375,0.7617554858934169,0.8028169014084507,639,639,320,319
KaLM-Embedding/KaLM-embedding-multilingual-mini-instruct-v2.5,hidden,sif,17,sif_abtt_optimal,10,0.001,0.3969849246231156,0.9593334955334574,0.052482297091491784,0.5061072707176208,0.00096604332793504,0.5051412273896858,0.865625,0.89375,0.84375,0.7617554858934169,0.8028169014084507,639,639,320,319
KaLM-Embedding/KaLM-embedding-multilingual-mini-instruct-v2.5,hidden,sif,18,sif_only,10,0.001,0.964824120603015,0.9181696946014126,0.04777902408649163,0.9528067708015442,0.8856447339057922,0.06716203689575195,0.815625,0.85,0.653125,0.9623824451410659,0.8075117370892019,639,639,320,319
KaLM-Embedding/KaLM-embedding-multilingual-mini-instruct-v2.5,hidden,sif,18,sif_abtt_fixed,10,0.001,0.40703517587939697,0.9641270710989157,0.053029999054015786,0.5176277756690979,0.001053978456184268,0.5165737972129136,0.884375,0.903125,0.84375,0.7335423197492164,0.7887323943661971,639,639,320,319
KaLM-Embedding/KaLM-embedding-multilingual-mini-instruct-v2.5,hidden,sif,18,sif_abtt_optimal,10,0.001,0.40703517587939697,0.9641270710989157,0.053029999054015786,0.5176277756690979,0.001053978456184268,0.5165737972129136,0.884375,0.903125,0.84375,0.7335423197492164,0.7887323943661971,639,639,320,319
KaLM-Embedding/KaLM-embedding-multilingual-mini-instruct-v2.5,hidden,sif,19,sif_only,10,0.001,0.964824120603015,0.9263190451660093,0.04871014851265098,0.9560948014259338,0.8903396129608154,0.06575518846511841,0.828125,0.871875,0.690625,0.9592476489028213,0.8247261345852895,639,639,320,319
KaLM-Embedding/KaLM-embedding-multilingual-mini-instruct-v2.5,hidden,sif,19,sif_abtt_fixed,10,0.001,0.40703517587939697,0.9643161165379132,0.05305159891335561,0.5247290730476379,0.001155672944150865,0.5235734001034871,0.88125,0.903125,0.85,0.7272727272727273,0.7887323943661971,639,639,320,319
KaLM-Embedding/KaLM-embedding-multilingual-mini-instruct-v2.5,hidden,sif,19,sif_abtt_optimal,10,0.001,0.40703517587939697,0.9643161165379132,0.05305159891335561,0.5247290730476379,0.001155672944150865,0.5235734001034871,0.88125,0.903125,0.85,0.7272727272727273,0.7887323943661971,639,639,320,319
KaLM-Embedding/KaLM-embedding-multilingual-mini-instruct-v2.5,hidden,sif,20,sif_only,10,0.001,0.9698492462311558,0.931706469630239,0.049325702166062,0.9631645679473877,0.9062991142272949,0.05686545372009277,0.825,0.871875,0.7,0.9498432601880877,0.8247261345852895,639,639,320,319
KaLM-Embedding/KaLM-embedding-multilingual-mini-instruct-v2.5,hidden,sif,20,sif_abtt_fixed,10,0.001,0.4221105527638191,0.9624754039617093,0.05284128369527624,0.5239831209182739,0.001211012015119195,0.5227721089031547,0.878125,0.903125,0.840625,0.7836990595611285,0.812206572769953,639,639,320,319
KaLM-Embedding/KaLM-embedding-multilingual-mini-instruct-v2.5,hidden,sif,20,sif_abtt_optimal,10,0.001,0.4221105527638191,0.9624754039617093,0.05284128369527624,0.5239831209182739,0.001211012015119195,0.5227721089031547,0.878125,0.903125,0.840625,0.7836990595611285,0.812206572769953,639,639,320,319
KaLM-Embedding/KaLM-embedding-multilingual-mini-instruct-v2.5,hidden,sif,21,sif_only,10,0.001,0.9748743718592965,0.9338314527454539,0.04956849742547133,0.9715397357940674,0.9262344837188721,0.04530525207519531,0.83125,0.86875,0.759375,0.9216300940438872,0.8403755868544601,639,639,320,319
KaLM-Embedding/KaLM-embedding-multilingual-mini-instruct-v2.5,hidden,sif,21,sif_abtt_fixed,10,0.001,0.4170854271356784,0.9596809581965683,0.05252199730689333,0.5268285870552063,0.0012888936325907707,0.5255396934226155,0.88125,0.903125,0.853125,0.7617554858934169,0.8075117370892019,639,639,320,319
KaLM-Embedding/KaLM-embedding-multilingual-mini-instruct-v2.5,hidden,sif,21,sif_abtt_optimal,10,0.001,0.4170854271356784,0.9596809581965683,0.05252199730689333,0.5268285870552063,0.0012888936325907707,0.5255396934226155,0.88125,0.903125,0.853125,0.7617554858934169,0.8075117370892019,639,639,320,319
KaLM-Embedding/KaLM-embedding-multilingual-mini-instruct-v2.5,hidden,sif,22,sif_only,10,0.001,0.9698492462311558,0.9472925808397941,0.051106532275329054,0.9679228663444519,0.9155601263046265,0.05236274003982544,0.85625,0.890625,0.771875,0.9435736677115988,0.8575899843505478,639,639,320,319
KaLM-Embedding/KaLM-embedding-multilingual-mini-instruct-v2.5,hidden,sif,22,sif_abtt_fixed,10,0.001,0.4371859296482412,0.9646889533884363,0.053094198319987074,0.540064811706543,0.0011463315458968282,0.5389184801606461,0.86875,0.90625,0.84375,0.8244514106583072,0.8341158059467919,639,639,320,319
KaLM-Embedding/KaLM-embedding-multilingual-mini-instruct-v2.5,hidden,sif,22,sif_abtt_optimal,10,0.001,0.4371859296482412,0.9646889533884363,0.053094198319987074,0.540064811706543,0.0011463315458968282,0.5389184801606461,0.86875,0.90625,0.84375,0.8244514106583072,0.8341158059467919,639,639,320,319
KaLM-Embedding/KaLM-embedding-multilingual-mini-instruct-v2.5,hidden,sif,23,sif_only,10,0.001,0.9698492462311558,0.951175583669359,0.051550194473060404,0.9665857553482056,0.9109974503517151,0.05558830499649048,0.88125,0.90625,0.734375,0.9811912225705329,0.8575899843505478,639,639,320,319
KaLM-Embedding/KaLM-embedding-multilingual-mini-instruct-v2.5,hidden,sif,23,sif_abtt_fixed,10,0.001,0.4221105527638191,0.9671121993474033,0.0533710723463342,0.5390251874923706,0.0011417270870879292,0.5378834604052827,0.878125,0.915625,0.846875,0.8275862068965517,0.837245696400626,639,639,320,319
KaLM-Embedding/KaLM-embedding-multilingual-mini-instruct-v2.5,hidden,sif,23,sif_abtt_optimal,10,0.001,0.4221105527638191,0.9671121993474033,0.0533710723463342,0.5390251874923706,0.0011417270870879292,0.5378834604052827,0.878125,0.915625,0.846875,0.8275862068965517,0.837245696400626,639,639,320,319
KaLM-Embedding/KaLM-embedding-multilingual-mini-instruct-v2.5,hidden,sif,24,sif_only,10,0.001,0.8241206030150754,0.9312874194601833,0.049277822540850655,0.801940381526947,0.5393586158752441,0.2625817656517029,0.821875,0.875,0.75,0.9592476489028213,0.8544600938967136,639,639,320,319
KaLM-Embedding/KaLM-embedding-multilingual-mini-instruct-v2.5,hidden,sif,24,sif_abtt_fixed,10,0.001,0.4271356783919598,0.9654931624860756,0.053186085241355735,0.506788969039917,0.0012834931258112192,0.5055054759141058,0.8375,0.88125,0.809375,0.7711598746081505,0.7902973395931142,639,639,320,319
KaLM-Embedding/KaLM-embedding-multilingual-mini-instruct-v2.5,hidden,sif,24,sif_abtt_optimal,10,0.001,0.4271356783919598,0.9654931624860756,0.053186085241355735,0.506788969039917,0.0012834931258112192,0.5055054759141058,0.8375,0.88125,0.809375,0.7711598746081505,0.7902973395931142,639,639,320,319
KaLM-Embedding/KaLM-embedding-multilingual-mini-instruct-v2.5,ffn_int,mean,0,baseline,10,0.001,0.9748743718592965,0.9268199254313026,0.04876737783974688,0.9549071192741394,0.8861218094825745,0.06878530979156494,0.746875,0.815625,0.35,0.9592476489028213,0.6541471048513302,639,639,320,319
KaLM-Embedding/KaLM-embedding-multilingual-mini-instruct-v2.5,ffn_int,mean,0,whitening,10,0.001,0.0,0.5638714643215696,0.007297793931755798,0.07609366625547409,-0.0001642723655095324,0.07625793862098362,0.19375,0.215625,1.0,0.0,0.5007824726134585,639,639,320,319
KaLM-Embedding/KaLM-embedding-multilingual-mini-instruct-v2.5,ffn_int,mean,1,baseline,10,0.001,0.8994974874371859,0.9395567941344611,0.05022266062173911,0.8390287160873413,0.6022151708602905,0.23681354522705078,0.8375,0.884375,0.375,0.9686520376175548,0.6713615023474179,639,639,320,319
KaLM-Embedding/KaLM-embedding-multilingual-mini-instruct-v2.5,ffn_int,mean,1,whitening,10,0.001,0.0,0.6193811826353486,0.013640210071093247,0.3427172899246216,0.003419925458729267,0.3392973644658923,0.21875,0.246875,1.0,0.0,0.5007824726134585,639,639,320,319
KaLM-Embedding/KaLM-embedding-multilingual-mini-instruct-v2.5,ffn_int,mean,2,baseline,10,0.001,0.914572864321608,0.8735092886117594,0.042676237727036354,0.8442408442497253,0.6695032119750977,0.17473763227462769,0.75625,0.834375,0.446875,0.9028213166144201,0.6744913928012519,639,639,320,319
KaLM-Embedding/KaLM-embedding-multilingual-mini-instruct-v2.5,ffn_int,mean,2,whitening,10,0.001,0.005025125628140704,0.5357961758555515,0.004089985656433007,0.020385993644595146,-0.0015282046515494585,0.021914198296144605,0.1875,0.196875,1.0,0.0,0.5007824726134585,639,639,320,319
KaLM-Embedding/KaLM-embedding-multilingual-mini-instruct-v2.5,ffn_int,mean,3,baseline,10,0.001,0.964824120603015,0.8741940930219038,0.042754481767285316,0.9105733633041382,0.7955772876739502,0.11499607563018799,0.696875,0.778125,0.196875,0.9498432601880877,0.5727699530516432,639,639,320,319
KaLM-Embedding/KaLM-embedding-multilingual-mini-instruct-v2.5,ffn_int,mean,3,whitening,10,0.001,0.0,0.5815355599879637,0.009316051869220361,0.1890968233346939,0.0023384741507470608,0.18675834918394685,0.178125,0.215625,1.0,0.0,0.5007824726134585,639,639,320,319
KaLM-Embedding/KaLM-embedding-multilingual-mini-instruct-v2.5,ffn_int,mean,4,baseline,10,0.001,0.9748743718592965,0.8255032949057083,0.03719119287760279,0.9105184674263,0.8069454431533813,0.1035730242729187,0.58125,0.703125,0.23125,0.9216300940438872,0.5758998435054773,639,639,320,319
KaLM-Embedding/KaLM-embedding-multilingual-mini-instruct-v2.5,ffn_int,mean,4,whitening,10,0.001,0.0,0.5294120347271085,0.0033605461126300345,-0.011299893260002136,0.006948382593691349,-0.018248275853693485,0.165625,0.184375,1.0,0.0,0.5007824726134585,639,639,320,319
KaLM-Embedding/KaLM-embedding-multilingual-mini-instruct-v2.5,ffn_int,mean,5,baseline,10,0.001,0.949748743718593,0.8521791316753967,0.040239107310402956,0.8686423897743225,0.7311355471611023,0.13750684261322021,0.534375,0.640625,0.203125,0.9122257053291536,0.5571205007824727,639,639,320,319
KaLM-Embedding/KaLM-embedding-multilingual-mini-instruct-v2.5,ffn_int,mean,5,whitening,10,0.001,0.0,0.5985004607394955,0.011254423947660247,0.28191742300987244,-0.0005379618960432708,0.2824553849059157,0.14375,0.1875,1.0,0.0,0.5007824726134585,639,639,320,319
KaLM-Embedding/KaLM-embedding-multilingual-mini-instruct-v2.5,ffn_int,mean,6,baseline,10,0.001,0.9447236180904522,0.8751644178765419,0.04286534865982409,0.8711277842521667,0.7216317653656006,0.14949601888656616,0.675,0.753125,0.18125,0.9153605015673981,0.5477308294209703,639,639,320,319
KaLM-Embedding/KaLM-embedding-multilingual-mini-instruct-v2.5,ffn_int,mean,6,whitening,10,0.001,0.0,0.5342026127316302,0.003907907518226937,0.06248700991272926,-0.0009449423523619771,0.06343195226509124,0.1625,0.190625,1.0,0.0,0.5007824726134585,639,639,320,319
KaLM-Embedding/KaLM-embedding-multilingual-mini-instruct-v2.5,ffn_int,mean,7,baseline,10,0.001,0.9195979899497487,0.8811352384901513,0.04354755969903224,0.8439851999282837,0.6929517388343811,0.1510334610939026,0.646875,0.75,0.2625,0.9467084639498433,0.6040688575899843,639,639,320,319
KaLM-Embedding/KaLM-embedding-multilingual-mini-instruct-v2.5,ffn_int,mean,7,whitening,10,0.001,0.0,0.5439316226042907,0.005019522709296772,0.1087416559457779,-0.0009900828590616584,0.10973173880483955,0.13125,0.165625,1.0,0.0,0.5007824726134585,639,639,320,319
KaLM-Embedding/KaLM-embedding-multilingual-mini-instruct-v2.5,ffn_int,mean,8,baseline,10,0.001,0.9296482412060302,0.886715977982019,0.04418520104427125,0.8803465366363525,0.7627436518669128,0.1176028847694397,0.51875,0.63125,0.425,0.9059561128526645,0.6651017214397497,639,639,320,319
KaLM-Embedding/KaLM-embedding-multilingual-mini-instruct-v2.5,ffn_int,mean,8,whitening,10,0.001,0.0,0.5765834455261768,0.008750239056656967,0.20669770240783691,0.0035579348914325237,0.2031397675164044,0.153125,0.175,1.0,0.0,0.5007824726134585,639,639,320,319
KaLM-Embedding/KaLM-embedding-multilingual-mini-instruct-v2.5,ffn_int,mean,9,baseline,10,0.001,0.914572864321608,0.8703307568467501,0.0423130666323361,0.8195441961288452,0.6639031767845154,0.15564101934432983,0.428125,0.546875,0.203125,0.9059561128526645,0.5539906103286385,639,639,320,319
KaLM-Embedding/KaLM-embedding-multilingual-mini-instruct-v2.5,ffn_int,mean,9,whitening,10,0.001,0.0,0.5434862801746541,0.004968640047253916,0.10859441012144089,-0.000653417722787708,0.1092478278442286,0.11875,0.15,1.0,0.0,0.5007824726134585,639,639,320,319
KaLM-Embedding/KaLM-embedding-multilingual-mini-instruct-v2.5,ffn_int,mean,10,baseline,10,0.001,0.9195979899497487,0.8611349035597263,0.041262371420901355,0.8559154868125916,0.7500344514846802,0.10588103532791138,0.39375,0.53125,0.35,0.8244514106583072,0.5868544600938967,639,639,320,319
KaLM-Embedding/KaLM-embedding-multilingual-mini-instruct-v2.5,ffn_int,mean,10,whitening,10,0.001,0.0,0.5828242457240733,0.00946329743573115,0.2075233906507492,3.336310328450054e-05,0.2074900275474647,0.146875,0.1625,1.0,0.0,0.5007824726134585,639,639,320,319
KaLM-Embedding/KaLM-embedding-multilingual-mini-instruct-v2.5,ffn_int,mean,11,baseline,10,0.001,0.8793969849246231,0.8892323916744527,0.0444727201829566,0.7938776612281799,0.6252594590187073,0.16861820220947266,0.5375,0.6375,0.33125,0.9435736677115988,0.6369327073552425,639,639,320,319
KaLM-Embedding/KaLM-embedding-multilingual-mini-instruct-v2.5,ffn_int,mean,11,whitening,10,0.001,0.0,0.5465842428110192,0.005322617578083764,0.11735884845256805,-0.0008590350626036525,0.1182178835151717,0.140625,0.178125,1.0,0.0,0.5007824726134585,639,639,320,319
KaLM-Embedding/KaLM-embedding-multilingual-mini-instruct-v2.5,ffn_int,mean,12,baseline,10,0.001,0.8743718592964824,0.8800953945562259,0.043428749730233245,0.8007842898368835,0.6528612971305847,0.14792299270629883,0.38125,0.53125,0.4,0.8432601880877743,0.621283255086072,639,639,320,319
KaLM-Embedding/KaLM-embedding-multilingual-mini-instruct-v2.5,ffn_int,mean,12,whitening,10,0.001,0.0,0.5563919635457655,0.006443220680008112,0.09034989029169083,0.00016420308384113014,0.0901856872078497,0.128125,0.146875,1.0,0.0,0.5007824726134585,639,639,320,319
KaLM-Embedding/KaLM-embedding-multilingual-mini-instruct-v2.5,ffn_int,mean,13,baseline,10,0.001,0.914572864321608,0.8596896809882828,0.041097243902226466,0.8425508737564087,0.7230437994003296,0.1195070743560791,0.428125,0.553125,0.3,0.8934169278996865,0.596244131455399,639,639,320,319
KaLM-Embedding/KaLM-embedding-multilingual-mini-instruct-v2.5,ffn_int,mean,13,whitening,10,0.001,0.0,0.505205026752623,0.000594714223764555,-0.008539380505681038,-0.0014995771925896406,-0.007039803313091397,0.09375,0.125,1.0,0.0,0.5007824726134585,639,639,320,319
KaLM-Embedding/KaLM-embedding-multilingual-mini-instruct-v2.5,ffn_int,mean,14,baseline,10,0.001,0.9346733668341709,0.8716816834514594,0.04246742012958811,0.8832799792289734,0.7869470715522766,0.09633290767669678,0.503125,0.628125,0.28125,0.9655172413793104,0.622848200312989,639,639,320,319
KaLM-Embedding/KaLM-embedding-multilingual-mini-instruct-v2.5,ffn_int,mean,14,whitening,10,0.001,0.0,0.5696154989872668,0.00795409907874601,0.16252687573432922,-0.0015776536893099546,0.16410452942363918,0.11875,0.15,1.0,0.0,0.5007824726134585,639,639,320,319
KaLM-Embedding/KaLM-embedding-multilingual-mini-instruct-v2.5,ffn_int,mean,15,baseline,10,0.001,0.9195979899497487,0.8940446494554903,0.045022556728762764,0.8793501853942871,0.7598477602005005,0.11950242519378662,0.6125,0.71875,0.48125,0.9028213166144201,0.6917057902973396,639,639,320,319
KaLM-Embedding/KaLM-embedding-multilingual-mini-instruct-v2.5,ffn_int,mean,15,whitening,10,0.001,0.0,0.599414584091849,0.011358869584556898,0.2342008799314499,-0.0014989884803071618,0.23569986841175705,0.128125,0.1375,1.0,0.0,0.5007824726134585,639,639,320,319
KaLM-Embedding/KaLM-embedding-multilingual-mini-instruct-v2.5,ffn_int,mean,16,baseline,10,0.001,0.9447236180904522,0.9113453323374794,0.04699928951169687,0.9243358969688416,0.8377864360809326,0.08654946088790894,0.759375,0.834375,0.559375,0.9404388714733543,0.7496087636932708,639,639,320,319
KaLM-Embedding/KaLM-embedding-multilingual-mini-instruct-v2.5,ffn_int,mean,16,whitening,10,0.001,0.0,0.560508532783959,0.006913561572272807,0.16205239295959473,0.005145252216607332,0.1569071407429874,0.134375,0.175,1.0,0.0,0.5007824726134585,639,639,320,319
KaLM-Embedding/KaLM-embedding-multilingual-mini-instruct-v2.5,ffn_int,mean,17,baseline,10,0.001,0.964824120603015,0.9196058913067149,0.047943120332262314,0.9537543654441833,0.8941708207130432,0.05958354473114014,0.784375,0.825,0.615625,0.8996865203761756,0.7574334898278561,639,639,320,319
KaLM-Embedding/KaLM-embedding-multilingual-mini-instruct-v2.5,ffn_int,mean,17,whitening,10,0.001,0.0,0.5506362151640833,0.005785568018602603,0.08278586715459824,-0.000550722295884043,0.08333658945048228,0.175,0.215625,1.0,0.0,0.5007824726134585,639,639,320,319
KaLM-Embedding/KaLM-embedding-multilingual-mini-instruct-v2.5,ffn_int,mean,18,baseline,10,0.001,0.9547738693467337,0.9461263858409998,0.05097328574949354,0.9430084228515625,0.8614679574966431,0.08154046535491943,0.759375,0.825,0.578125,0.9184952978056427,0.7480438184663537,639,639,320,319
KaLM-Embedding/KaLM-embedding-multilingual-mini-instruct-v2.5,ffn_int,mean,18,whitening,10,0.001,0.0,0.5294432491808474,0.003364112919709791,0.07689433544874191,-0.0009559220634400845,0.077850257512182,0.146875,0.16875,1.0,0.0,0.5007824726134585,639,639,320,319
KaLM-Embedding/KaLM-embedding-multilingual-mini-instruct-v2.5,ffn_int,mean,19,baseline,10,0.001,0.9597989949748744,0.9436316076806404,0.05068823863266957,0.9552109241485596,0.888983428478241,0.0662274956703186,0.8,0.840625,0.746875,0.8934169278996865,0.8200312989045383,639,639,320,319
KaLM-Embedding/KaLM-embedding-multilingual-mini-instruct-v2.5,ffn_int,mean,19,whitening,10,0.001,0.0,0.567145420286581,0.007671870411952021,0.14496375620365143,0.001996411709114909,0.14296734449453652,0.1875,0.215625,1.0,0.0,0.5007824726134585,639,639,320,319
KaLM-Embedding/KaLM-embedding-multilingual-mini-instruct-v2.5,ffn_int,mean,20,baseline,10,0.001,0.9748743718592965,0.9296274564901265,0.049088159321200184,0.9686545133590698,0.9207679033279419,0.04788661003112793,0.790625,0.846875,0.703125,0.9561128526645768,0.8294209702660407,639,639,320,319
KaLM-Embedding/KaLM-embedding-multilingual-mini-instruct-v2.5,ffn_int,mean,20,whitening,10,0.001,0.0,0.5632787879005079,0.00723007699630257,0.1621081531047821,-0.0010491511784493923,0.1631573042832315,0.175,0.215625,1.0,0.0,0.5007824726134585,639,639,320,319
KaLM-Embedding/KaLM-embedding-multilingual-mini-instruct-v2.5,ffn_int,mean,21,baseline,10,0.001,0.9698492462311558,0.9481230490136829,0.051201419493071436,0.9623044729232788,0.9029424786567688,0.05936199426651001,0.834375,0.884375,0.61875,0.9780564263322884,0.7981220657276995,639,639,320,319
KaLM-Embedding/KaLM-embedding-multilingual-mini-instruct-v2.5,ffn_int,mean,21,whitening,10,0.001,0.0,0.5720727246775896,0.008234849989547285,0.17020076513290405,0.00026672662352211773,0.16993403850938194,0.196875,0.221875,1.0,0.0,0.5007824726134585,639,639,320,319
KaLM-Embedding/KaLM-embedding-multilingual-mini-instruct-v2.5,ffn_int,mean,22,baseline,10,0.001,0.9899497487437187,0.9108230598845423,0.046939615967201455,0.9819242358207703,0.9580386877059937,0.02388554811477661,0.75,0.775,0.45,0.9843260188087775,0.7167449139280125,639,639,320,319
KaLM-Embedding/KaLM-embedding-multilingual-mini-instruct-v2.5,ffn_int,mean,22,whitening,10,0.001,0.0,0.5385324844240761,0.004402625372347743,0.06774447113275528,-0.0008011152385734022,0.06854558637132868,0.15625,0.2,1.0,0.0,0.5007824726134585,639,639,320,319
KaLM-Embedding/KaLM-embedding-multilingual-mini-instruct-v2.5,ffn_int,mean,23,baseline,10,0.001,0.0,0.8517616964274691,0.04019142404970607,0.9999803304672241,0.9999447464942932,3.55839729309082e-05,0.5625,0.640625,1.0,0.0,0.5007824726134585,639,639,320,319
KaLM-Embedding/KaLM-embedding-multilingual-mini-instruct-v2.5,ffn_int,mean,23,whitening,10,0.001,0.04522613065326633,0.5547300980647083,0.006253324207441035,0.12212411314249039,-0.00131431024055928,0.12343842338304967,0.16875,0.1875,1.0,0.0,0.5007824726134585,639,639,320,319
KaLM-Embedding/KaLM-embedding-multilingual-mini-instruct-v2.5,ffn_int,sif,0,sif_only,10,0.001,0.9547738693467337,0.9120086560710963,0.04707507922347781,0.9234635829925537,0.8145447969436646,0.10891878604888916,0.78125,0.825,0.45625,0.9373040752351097,0.6964006259780907,639,639,320,319
KaLM-Embedding/KaLM-embedding-multilingual-mini-instruct-v2.5,ffn_int,sif,0,sif_abtt_fixed,10,0.001,0.3768844221105528,0.9583763112780543,0.052372931610960544,0.5272188782691956,0.0013759467983618379,0.5258429314708337,0.85625,0.896875,0.878125,0.7554858934169278,0.8169014084507042,639,639,320,319
KaLM-Embedding/KaLM-embedding-multilingual-mini-instruct-v2.5,ffn_int,sif,0,sif_abtt_optimal,5,0.001,0.40703517587939697,0.9626818927719138,0.05286487659060956,0.5393297672271729,0.0016430425457656384,0.5376867246814072,0.8625,0.8875,0.84375,0.8150470219435737,0.8294209702660407,639,639,320,319
KaLM-Embedding/KaLM-embedding-multilingual-mini-instruct-v2.5,ffn_int,sif,1,sif_only,10,0.001,0.8793969849246231,0.9262412523760924,0.04870126010272694,0.7953809499740601,0.5293907523155212,0.2659901976585388,0.821875,0.8625,0.39375,0.9717868338557993,0.6823161189358372,639,639,320,319
KaLM-Embedding/KaLM-embedding-multilingual-mini-instruct-v2.5,ffn_int,sif,1,sif_abtt_fixed,10,0.001,0.3768844221105528,0.9753511338456751,0.05431243240881621,0.5065918564796448,0.0014033116167411208,0.5051885448629037,0.88125,0.915625,0.825,0.8025078369905956,0.8137715179968701,639,639,320,319
KaLM-Embedding/KaLM-embedding-multilingual-mini-instruct-v2.5,ffn_int,sif,1,sif_abtt_optimal,10,0.001,0.3768844221105528,0.9753511338456751,0.05431243240881621,0.5065918564796448,0.0014033116167411208,0.5051885448629037,0.88125,0.915625,0.825,0.8025078369905956,0.8137715179968701,639,639,320,319
KaLM-Embedding/KaLM-embedding-multilingual-mini-instruct-v2.5,ffn_int,sif,2,sif_only,10,0.001,0.9095477386934674,0.85759077997155,0.04085742871825185,0.8064064979553223,0.611407458782196,0.19499903917312622,0.79375,0.821875,0.409375,0.9498432601880877,0.6791862284820032,639,639,320,319
KaLM-Embedding/KaLM-embedding-multilingual-mini-instruct-v2.5,ffn_int,sif,2,sif_abtt_fixed,10,0.001,0.35175879396984927,0.9652980002529898,0.05316378649241339,0.5051808953285217,0.0008322690264321864,0.5043486263020895,0.890625,0.921875,0.846875,0.7460815047021944,0.7965571205007824,639,639,320,319
KaLM-Embedding/KaLM-embedding-multilingual-mini-instruct-v2.5,ffn_int,sif,2,sif_abtt_optimal,10,0.001,0.35175879396984927,0.9652980002529898,0.05316378649241339,0.5051808953285217,0.0008322690264321864,0.5043486263020895,0.890625,0.921875,0.846875,0.7460815047021944,0.7965571205007824,639,639,320,319
KaLM-Embedding/KaLM-embedding-multilingual-mini-instruct-v2.5,ffn_int,sif,3,sif_only,10,0.001,0.9447236180904522,0.872662317261053,0.04257946489752556,0.8801916837692261,0.7354221940040588,0.14476948976516724,0.76875,0.81875,0.275,0.9467084639498433,0.6103286384976526,639,639,320,319
KaLM-Embedding/KaLM-embedding-multilingual-mini-instruct-v2.5,ffn_int,sif,3,sif_abtt_fixed,10,0.001,0.3969849246231156,0.969364462660766,0.053628410322966426,0.5077746510505676,0.0007103621028363705,0.5070642889477313,0.890625,0.9125,0.8375,0.8495297805642633,0.8435054773082942,639,639,320,319
KaLM-Embedding/KaLM-embedding-multilingual-mini-instruct-v2.5,ffn_int,sif,3,sif_abtt_optimal,7,0.001,0.36683417085427134,0.970310807027911,0.05373653726496067,0.5116168856620789,0.0007950927829369903,0.5108217928791419,0.8875,0.909375,0.846875,0.774294670846395,0.810641627543036,639,639,320,319
KaLM-Embedding/KaLM-embedding-multilingual-mini-instruct-v2.5,ffn_int,sif,4,sif_only,10,0.001,0.964824120603015,0.8180006542868065,0.03633395991339127,0.8769904971122742,0.7528695464134216,0.12412095069885254,0.678125,0.725,0.240625,0.9310344827586207,0.5852895148669797,639,639,320,319
KaLM-Embedding/KaLM-embedding-multilingual-mini-instruct-v2.5,ffn_int,sif,4,sif_abtt_fixed,10,0.001,0.34673366834170855,0.9531991364015882,0.05178140054996954,0.47937870025634766,0.0009129448444582522,0.4784657554118894,0.859375,0.909375,0.85,0.7272727272727273,0.7887323943661971,639,639,320,319
KaLM-Embedding/KaLM-embedding-multilingual-mini-instruct-v2.5,ffn_int,sif,4,sif_abtt_optimal,10,0.001,0.34673366834170855,0.9531991364015882,0.05178140054996954,0.47937870025634766,0.0009129448444582522,0.4784657554118894,0.859375,0.909375,0.85,0.7272727272727273,0.7887323943661971,639,639,320,319
KaLM-Embedding/KaLM-embedding-multilingual-mini-instruct-v2.5,ffn_int,sif,5,sif_only,10,0.001,0.9296482412060302,0.8553603402291393,0.040602584248290864,0.837952733039856,0.67790287733078,0.16004985570907593,0.6125,0.721875,0.21875,0.9247648902821317,0.5712050078247262,639,639,320,319
KaLM-Embedding/KaLM-embedding-multilingual-mini-instruct-v2.5,ffn_int,sif,5,sif_abtt_fixed,10,0.001,0.32663316582914576,0.9557347743040139,0.052071116198851686,0.45098045468330383,0.0008661588071845472,0.4501142958761193,0.859375,0.89375,0.865625,0.6865203761755486,0.7762128325508607,639,639,320,319
KaLM-Embedding/KaLM-embedding-multilingual-mini-instruct-v2.5,ffn_int,sif,5,sif_abtt_optimal,10,0.001,0.32663316582914576,0.9557347743040139,0.052071116198851686,0.45098045468330383,0.0008661588071845472,0.4501142958761193,0.859375,0.89375,0.865625,0.6865203761755486,0.7762128325508607,639,639,320,319
KaLM-Embedding/KaLM-embedding-multilingual-mini-instruct-v2.5,ffn_int,sif,6,sif_only,10,0.001,0.9296482412060302,0.8637965938770382,0.041566489503609375,0.8439635038375854,0.6767935156822205,0.167169988155365,0.740625,0.81875,0.265625,0.9184952978056427,0.5915492957746479,639,639,320,319
KaLM-Embedding/KaLM-embedding-multilingual-mini-instruct-v2.5,ffn_int,sif,6,sif_abtt_fixed,10,0.001,0.35678391959798994,0.9492174020999915,0.051326457541050044,0.4486006796360016,0.0010815068380907178,0.44751917279791087,0.846875,0.89375,0.828125,0.7335423197492164,0.7809076682316118,639,639,320,319
KaLM-Embedding/KaLM-embedding-multilingual-mini-instruct-v2.5,ffn_int,sif,6,sif_abtt_optimal,10,0.001,0.35678391959798994,0.9492174020999915,0.051326457541050044,0.4486006796360016,0.0010815068380907178,0.44751917279791087,0.846875,0.89375,0.828125,0.7335423197492164,0.7809076682316118,639,639,320,319
KaLM-Embedding/KaLM-embedding-multilingual-mini-instruct-v2.5,ffn_int,sif,7,sif_only,10,0.001,0.9045226130653267,0.8772784062479523,0.043106887687215205,0.8269466161727905,0.6609835624694824,0.1659630537033081,0.70625,0.815625,0.35625,0.9373040752351097,0.6463223787167449,639,639,320,319
KaLM-Embedding/KaLM-embedding-multilingual-mini-instruct-v2.5,ffn_int,sif,7,sif_abtt_fixed,10,0.001,0.38190954773869346,0.9541833097665313,0.051893849738698,0.44898828864097595,0.0010786823695525527,0.4479096062714234,0.834375,0.8875,0.834375,0.7398119122257053,0.7871674491392802,639,639,320,319
KaLM-Embedding/KaLM-embedding-multilingual-mini-instruct-v2.5,ffn_int,sif,7,sif_abtt_optimal,10,0.001,0.38190954773869346,0.9541833097665313,0.051893849738698,0.44898828864097595,0.0010786823695525527,0.4479096062714234,0.834375,0.8875,0.834375,0.7398119122257053,0.7871674491392802,639,639,320,319
KaLM-Embedding/KaLM-embedding-multilingual-mini-instruct-v2.5,ffn_int,sif,8,sif_only,10,0.001,0.9246231155778895,0.8836568398433942,0.04383567156689659,0.8697538375854492,0.7481521368026733,0.12160170078277588,0.603125,0.721875,0.359375,0.9216300940438872,0.6400625978090767,639,639,320,319
KaLM-Embedding/KaLM-embedding-multilingual-mini-instruct-v2.5,ffn_int,sif,8,sif_abtt_fixed,10,0.001,0.38190954773869346,0.9463508047112721,0.05099892728850054,0.41052940487861633,0.0010057801846414804,0.40952362469397485,0.790625,0.859375,0.753125,0.786833855799373,0.7699530516431925,639,639,320,319
KaLM-Embedding/KaLM-embedding-multilingual-mini-instruct-v2.5,ffn_int,sif,8,sif_abtt_optimal,10,0.001,0.38190954773869346,0.9463508047112721,0.05099892728850054,0.41052940487861633,0.0010057801846414804,0.40952362469397485,0.790625,0.859375,0.753125,0.786833855799373,0.7699530516431925,639,639,320,319
KaLM-Embedding/KaLM-embedding-multilingual-mini-instruct-v2.5,ffn_int,sif,9,sif_only,10,0.001,0.9045226130653267,0.8645291601621806,0.041650190696294595,0.8056254386901855,0.6390560865402222,0.16656935214996338,0.503125,0.63125,0.265625,0.9153605015673981,0.5899843505477308,639,639,320,319
KaLM-Embedding/KaLM-embedding-multilingual-mini-instruct-v2.5,ffn_int,sif,9,sif_abtt_fixed,10,0.001,0.34673366834170855,0.9509809855529068,0.05152796017828742,0.382427841424942,0.0012465543113648891,0.3811812871135771,0.75625,0.828125,0.784375,0.7053291536050157,0.7449139280125195,639,639,320,319
KaLM-Embedding/KaLM-embedding-multilingual-mini-instruct-v2.5,ffn_int,sif,9,sif_abtt_optimal,10,0.001,0.34673366834170855,0.9509809855529068,0.05152796017828742,0.382427841424942,0.0012465543113648891,0.3811812871135771,0.75625,0.828125,0.784375,0.7053291536050157,0.7449139280125195,639,639,320,319
KaLM-Embedding/KaLM-embedding-multilingual-mini-instruct-v2.5,ffn_int,sif,10,sif_only,10,0.001,0.9195979899497487,0.8614083673938109,0.04129361671505751,0.858707845211029,0.7521356344223022,0.1065722107887268,0.509375,0.61875,0.365625,0.8526645768025078,0.6087636932707355,639,639,320,319
KaLM-Embedding/KaLM-embedding-multilingual-mini-instruct-v2.5,ffn_int,sif,10,sif_abtt_fixed,10,0.001,0.36683417085427134,0.9526108180580505,0.05171418076654442,0.37818095088005066,0.001068956684321165,0.3771119941957295,0.740625,0.81875,0.740625,0.7178683385579937,0.729264475743349,639,639,320,319
KaLM-Embedding/KaLM-embedding-multilingual-mini-instruct-v2.5,ffn_int,sif,10,sif_abtt_optimal,10,0.001,0.36683417085427134,0.9526108180580505,0.05171418076654442,0.37818095088005066,0.001068956684321165,0.3771119941957295,0.740625,0.81875,0.740625,0.7178683385579937,0.729264475743349,639,639,320,319
KaLM-Embedding/KaLM-embedding-multilingual-mini-instruct-v2.5,ffn_int,sif,11,sif_only,10,0.001,0.864321608040201,0.8846457363025071,0.04394866040454144,0.7921566367149353,0.6177900433540344,0.17436659336090088,0.628125,0.721875,0.440625,0.9153605015673981,0.6776212832550861,639,639,320,319
KaLM-Embedding/KaLM-embedding-multilingual-mini-instruct-v2.5,ffn_int,sif,11,sif_abtt_fixed,10,0.001,0.34673366834170855,0.9488372759776706,0.05128302528044239,0.39549052715301514,0.0009693941101431847,0.39452113304287195,0.8,0.865625,0.7875,0.6927899686520376,0.7402190923317684,639,639,320,319
KaLM-Embedding/KaLM-embedding-multilingual-mini-instruct-v2.5,ffn_int,sif,11,sif_abtt_optimal,10,0.001,0.34673366834170855,0.9488372759776706,0.05128302528044239,0.39549052715301514,0.0009693941101431847,0.39452113304287195,0.8,0.865625,0.7875,0.6927899686520376,0.7402190923317684,639,639,320,319
KaLM-Embedding/KaLM-embedding-multilingual-mini-instruct-v2.5,ffn_int,sif,12,sif_only,10,0.001,0.864321608040201,0.8866456071972256,0.044177160654282836,0.7983303666114807,0.6437267065048218,0.15460366010665894,0.50625,0.63125,0.434375,0.8714733542319749,0.6525821596244131,639,639,320,319
KaLM-Embedding/KaLM-embedding-multilingual-mini-instruct-v2.5,ffn_int,sif,12,sif_abtt_fixed,10,0.001,0.33668341708542715,0.9420908502980903,0.05051219554504435,0.36908024549484253,0.0012962267501279712,0.36778401874471456,0.75625,0.825,0.809375,0.6520376175548589,0.730829420970266,639,639,320,319
KaLM-Embedding/KaLM-embedding-multilingual-mini-instruct-v2.5,ffn_int,sif,12,sif_abtt_optimal,10,0.001,0.33668341708542715,0.9420908502980903,0.05051219554504435,0.36908024549484253,0.0012962267501279712,0.36778401874471456,0.75625,0.825,0.809375,0.6520376175548589,0.730829420970266,639,639,320,319
KaLM-Embedding/KaLM-embedding-multilingual-mini-instruct-v2.5,ffn_int,sif,13,sif_only,10,0.001,0.9095477386934674,0.8648679287924644,0.041688897553253196,0.837063193321228,0.7093157768249512,0.12774741649627686,0.525,0.64375,0.31875,0.9216300940438872,0.6197183098591549,639,639,320,319
KaLM-Embedding/KaLM-embedding-multilingual-mini-instruct-v2.5,ffn_int,sif,13,sif_abtt_fixed,10,0.001,0.36180904522613067,0.9448977951180593,0.05083291004419032,0.3724253177642822,0.0020483771804720163,0.3703769405838102,0.7875,0.85625,0.690625,0.7554858934169278,0.7230046948356808,639,639,320,319
KaLM-Embedding/KaLM-embedding-multilingual-mini-instruct-v2.5,ffn_int,sif,13,sif_abtt_optimal,10,0.001,0.36180904522613067,0.9448977951180593,0.05083291004419032,0.3724253177642822,0.0020483771804720163,0.3703769405838102,0.7875,0.85625,0.690625,0.7554858934169278,0.7230046948356808,639,639,320,319
KaLM-Embedding/KaLM-embedding-multilingual-mini-instruct-v2.5,ffn_int,sif,14,sif_only,10,0.001,0.9195979899497487,0.878230823164744,0.04321570846358425,0.8676287531852722,0.751968264579773,0.11566048860549927,0.603125,0.71875,0.40625,0.9467084639498433,0.676056338028169,639,639,320,319
KaLM-Embedding/KaLM-embedding-multilingual-mini-instruct-v2.5,ffn_int,sif,14,sif_abtt_fixed,10,0.001,0.37185929648241206,0.9504104755972214,0.05146277513674524,0.4076434075832367,0.0010362829780206084,0.4066071246052161,0.803125,0.8625,0.784375,0.7335423197492164,0.758998435054773,639,639,320,319
KaLM-Embedding/KaLM-embedding-multilingual-mini-instruct-v2.5,ffn_int,sif,14,sif_abtt_optimal,7,0.001,0.38190954773869346,0.9480258107915644,0.05119030929654257,0.414112389087677,0.0008687734371051192,0.4132436156505719,0.7875,0.85625,0.76875,0.677115987460815,0.7230046948356808,639,639,320,319
KaLM-Embedding/KaLM-embedding-multilingual-mini-instruct-v2.5,ffn_int,sif,15,sif_only,10,0.001,0.9045226130653267,0.9043859249758502,0.046204125021596334,0.8582428097724915,0.7064182758331299,0.15182453393936157,0.70625,0.81875,0.471875,0.9404388714733543,0.7057902973395931,639,639,320,319
KaLM-Embedding/KaLM-embedding-multilingual-mini-instruct-v2.5,ffn_int,sif,15,sif_abtt_fixed,10,0.001,0.3919597989949749,0.9484296298125067,0.051236448648525834,0.4421084225177765,0.0010875986190512776,0.4410208238987252,0.821875,0.890625,0.78125,0.780564263322884,0.7809076682316118,639,639,320,319
KaLM-Embedding/KaLM-embedding-multilingual-mini-instruct-v2.5,ffn_int,sif,15,sif_abtt_optimal,10,0.001,0.3919597989949749,0.9484296298125067,0.051236448648525834,0.4421084225177765,0.0010875986190512776,0.4410208238987252,0.821875,0.890625,0.78125,0.780564263322884,0.7809076682316118,639,639,320,319
KaLM-Embedding/KaLM-embedding-multilingual-mini-instruct-v2.5,ffn_int,sif,16,sif_only,10,0.001,0.9195979899497487,0.9188863218263716,0.04786090412188785,0.8930959701538086,0.7621329426765442,0.1309630274772644,0.81875,0.86875,0.578125,0.9404388714733543,0.758998435054773,639,639,320,319
KaLM-Embedding/KaLM-embedding-multilingual-mini-instruct-v2.5,ffn_int,sif,16,sif_abtt_fixed,10,0.001,0.35678391959798994,0.959231600583832,0.052470654829234985,0.4954321086406708,0.0008629336371086538,0.4945691750035621,0.878125,0.903125,0.878125,0.6833855799373041,0.7809076682316118,639,639,320,319
KaLM-Embedding/KaLM-embedding-multilingual-mini-instruct-v2.5,ffn_int,sif,16,sif_abtt_optimal,2,0.001,0.4472361809045226,0.9573589767039299,0.05225669350535705,0.5238577127456665,0.0011710100807249546,0.5226867026649415,0.853125,0.8875,0.8625,0.7774294670846394,0.8200312989045383,639,639,320,319
KaLM-Embedding/KaLM-embedding-multilingual-mini-instruct-v2.5,ffn_int,sif,17,sif_only,10,0.001,0.9597989949748744,0.9225702136064136,0.04828181638886468,0.949847400188446,0.8829632997512817,0.0668841004371643,0.815625,0.859375,0.7,0.9184952978056427,0.809076682316119,639,639,320,319
KaLM-Embedding/KaLM-embedding-multilingual-mini-instruct-v2.5,ffn_int,sif,17,sif_abtt_fixed,10,0.001,0.4271356783919598,0.9609291713294779,0.052664615019539875,0.5127905607223511,0.0008091088966466486,0.5119814518257044,0.8875,0.90625,0.821875,0.8025078369905956,0.812206572769953,639,639,320,319
KaLM-Embedding/KaLM-embedding-multilingual-mini-instruct-v2.5,ffn_int,sif,17,sif_abtt_optimal,5,0.001,0.44221105527638194,0.9650961792314023,0.05314072692693963,0.5351122617721558,0.0009385213488712907,0.5341737404232845,0.875,0.909375,0.834375,0.7899686520376176,0.812206572769953,639,639,320,319
KaLM-Embedding/KaLM-embedding-multilingual-mini-instruct-v2.5,ffn_int,sif,18,sif_only,10,0.001,0.9597989949748744,0.9438975388984965,0.05071862326887712,0.9453575611114502,0.8667076826095581,0.07864987850189209,0.81875,0.85,0.553125,0.9623824451410659,0.7574334898278561,639,639,320,319
KaLM-Embedding/KaLM-embedding-multilingual-mini-instruct-v2.5,ffn_int,sif,18,sif_abtt_fixed,10,0.001,0.3869346733668342,0.9630136375970508,0.05290278092513062,0.49082234501838684,0.0013637698721140623,0.4894585751462728,0.871875,0.903125,0.846875,0.7711598746081505,0.809076682316119,639,639,320,319
KaLM-Embedding/KaLM-embedding-multilingual-mini-instruct-v2.5,ffn_int,sif,18,sif_abtt_optimal,10,0.001,0.3869346733668342,0.9630136375970508,0.05290278092513062,0.49082234501838684,0.0013637698721140623,0.4894585751462728,0.871875,0.903125,0.846875,0.7711598746081505,0.809076682316119,639,639,320,319
KaLM-Embedding/KaLM-embedding-multilingual-mini-instruct-v2.5,ffn_int,sif,19,sif_only,10,0.001,0.9547738693467337,0.9408381905987728,0.050369069779056475,0.9503960013389587,0.8774869441986084,0.07290905714035034,0.853125,0.8875,0.740625,0.9216300940438872,0.8309859154929577,639,639,320,319
KaLM-Embedding/KaLM-embedding-multilingual-mini-instruct-v2.5,ffn_int,sif,19,sif_abtt_fixed,10,0.001,0.3919597989949749,0.9628417258181671,0.05288313871497004,0.49705496430397034,0.0012305715354159474,0.4958243927685544,0.865625,0.903125,0.828125,0.8307210031347962,0.8294209702660407,639,639,320,319
KaLM-Embedding/KaLM-embedding-multilingual-mini-instruct-v2.5,ffn_int,sif,19,sif_abtt_optimal,7,0.001,0.38190954773869346,0.9648347498855065,0.053110856663322666,0.5097265243530273,0.0010207255836576223,0.5087057987693697,0.865625,0.90625,0.85,0.7304075235109718,0.7902973395931142,639,639,320,319
KaLM-Embedding/KaLM-embedding-multilingual-mini-instruct-v2.5,ffn_int,sif,20,sif_only,10,0.001,0.964824120603015,0.9301984752568933,0.04915340249816386,0.9564992785453796,0.8926280736923218,0.06387120485305786,0.825,0.865625,0.70625,0.9404388714733543,0.8231611893583725,639,639,320,319
KaLM-Embedding/KaLM-embedding-multilingual-mini-instruct-v2.5,ffn_int,sif,20,sif_abtt_fixed,10,0.001,0.4170854271356784,0.9564344006021845,0.05215105375095793,0.5139918327331543,0.0012273062020540237,0.5127645265311003,0.871875,0.890625,0.825,0.8557993730407524,0.8403755868544601,639,639,320,319
KaLM-Embedding/KaLM-embedding-multilingual-mini-instruct-v2.5,ffn_int,sif,20,sif_abtt_optimal,5,0.001,0.44221105527638194,0.9558732925903968,0.05208694295202597,0.5378589630126953,0.0010025118244811893,0.5368564511882141,0.871875,0.896875,0.859375,0.8244514106583072,0.8419405320813772,639,639,320,319
KaLM-Embedding/KaLM-embedding-multilingual-mini-instruct-v2.5,ffn_int,sif,21,sif_only,10,0.001,0.964824120603015,0.9359144478853347,0.049806495243604684,0.9549636244773865,0.8879837393760681,0.06697988510131836,0.840625,0.86875,0.6375,0.9749216300940439,0.8059467918622848,639,639,320,319
KaLM-Embedding/KaLM-embedding-multilingual-mini-instruct-v2.5,ffn_int,sif,21,sif_abtt_fixed,10,0.001,0.4170854271356784,0.9624480387744131,0.052838157017374876,0.5271093845367432,0.0013390873791649938,0.5257702971575782,0.884375,0.903125,0.8375,0.7774294670846394,0.8075117370892019,639,639,320,319
KaLM-Embedding/KaLM-embedding-multilingual-mini-instruct-v2.5,ffn_int,sif,21,sif_abtt_optimal,3,0.001,0.45226130653266333,0.969018227780917,0.05358885039101258,0.5550524592399597,0.0011253113625571132,0.5539271478774026,0.8625,0.9,0.85,0.774294670846395,0.812206572769953,639,639,320,319
KaLM-Embedding/KaLM-embedding-multilingual-mini-instruct-v2.5,ffn_int,sif,22,sif_only,10,0.001,0.9899497487437187,0.892374687241571,0.044831751020664536,0.9746799468994141,0.9446145296096802,0.030065417289733887,0.734375,0.778125,0.35,0.9811912225705329,0.6651017214397497,639,639,320,319
KaLM-Embedding/KaLM-embedding-multilingual-mini-instruct-v2.5,ffn_int,sif,22,sif_abtt_fixed,10,0.001,0.4472361809045226,0.9641837039845085,0.053036469785969736,0.5272337794303894,0.0012471267255023122,0.5259866527048871,0.871875,0.9,0.809375,0.8056426332288401,0.8075117370892019,639,639,320,319
KaLM-Embedding/KaLM-embedding-multilingual-mini-instruct-v2.5,ffn_int,sif,22,sif_abtt_optimal,7,0.001,0.45226130653266333,0.9668341230302541,0.05333930004139065,0.5411231517791748,0.0010790473315864801,0.5400441044475883,0.859375,0.89375,0.846875,0.7492163009404389,0.7981220657276995,639,639,320,319
KaLM-Embedding/KaLM-embedding-multilingual-mini-instruct-v2.5,ffn_int,sif,23,sif_only,10,0.001,0.0,0.8386171151924839,0.03868955445940991,0.9999788999557495,0.9999404549598694,3.844499588012695e-05,0.609375,0.671875,1.0,0.0,0.5007824726134585,639,639,320,319
KaLM-Embedding/KaLM-embedding-multilingual-mini-instruct-v2.5,ffn_int,sif,23,sif_abtt_fixed,10,0.001,0.49748743718592964,0.948961470125998,0.051297215393406016,0.5391129851341248,0.0006477750721387565,0.538465210061986,0.8375,0.86875,0.79375,0.8056426332288401,0.7996870109546166,639,639,320,319
KaLM-Embedding/KaLM-embedding-multilingual-mini-instruct-v2.5,ffn_int,sif,23,sif_abtt_optimal,5,0.001,0.49748743718592964,0.9506371619951393,0.051488675757967076,0.5529311299324036,0.0006691088783554733,0.5522620210540481,0.821875,0.865625,0.825,0.7053291536050157,0.7652582159624414,639,639,320,319
