model,layer,ranking,k,coords,dim,n_train,n_test,load_pc1,load_pc2,load_pc3,load_pc4,load_pc5,load_pc6,load_pc7,load_pc8,load_pc9,load_pc10,var_left_pc1,var_left_pc2,var_left_pc3,var_left_pc4,var_left_pc5,var_left_pc6,var_left_pc7,var_left_pc8,var_left_pc9,var_left_pc10,var_share_zeroed_pc1,var_share_zeroed_pc2,var_share_zeroed_pc3,var_share_zeroed_pc4,var_share_zeroed_pc5,var_share_zeroed_pc6,var_share_zeroed_pc7,var_share_zeroed_pc8,var_share_zeroed_pc9,var_share_zeroed_pc10,total_var_left,remainder_share_pc1,remainder_share_pc2,remainder_share_pc3,angle_pc1,angle_pc2,angle_pc3,pangle_1,pangle_2,pangle_3,remainder_cos_pc1,abscos_newpc1_oldpc1,abscos_newpc1_oldpc2,abscos_newpc1_oldpc3,pearson_train_pc1,spearman_train_pc1,pearson_train_pc2,spearman_train_pc2,pearson_train_pc3,spearman_train_pc3,pearson_test_pc1,spearman_test_pc1,pearson_test_pc2,spearman_test_pc2,pearson_test_pc3,spearman_test_pc3,pc1_share_train,pc10_share_train,eff_rank_train,auc_zero,auc_zero_abtt_D1,auc_zero_abtt_D2,auc_zero_abtt_D3,ref_auc_base,ref_auc_abtt_D1,ref_auc_abtt_D2,ref_auc_abtt_D3,ref_auc_abtt_D10,ref_auc_rm_pc23,ref_var_share_pc1,ref_var_share_pc2,ref_var_share_pc3,ref_var_share_pc4,ref_var_share_pc5,ref_var_share_pc6,ref_var_share_pc7,ref_var_share_pc8,ref_var_share_pc9,ref_var_share_pc10
bowphs/LaTa,1,mean_abs,1,146,768,847,858,0.01084124863,0.002787694341,0.02482407151,0.02109628193,0.002234991056,0.003505663097,0.07632881398,0.01738170377,0.1072646399,1.390048803e-05,0.9807214147,0.995092676,0.9566528777,0.9638161278,0.9963802963,0.9944018413,0.8838297938,0.9742029188,0.8441102706,0.9999804128,0.04964986427,0.04661243979,0.04230855106,0.03798672515,0.02940027912,0.0276917312,0.02075513861,0.02120014807,0.01733312204,0.01899716529,0.9888989621,0.05019403023,0.04674274428,0.04338555724,8.01247708,6.292713625,14.31958184,0.02195836373,1.898199369,14.37696569,0.9956494874,0.9902377381,0.05140088417,0.08703239998,0.9936917767,0.9928372602,0.9947894738,0.9945748615,0.9774448582,0.9737605952,0.9942872356,0.9936902276,0.9947077673,0.9944359579,0.9772982165,0.9731541668,0.05027452338,0.3184491887,135.0115285,0.9358335057,0.9718783504,0.9612336168,0.976559179,0.9338288932,0.972264304,0.9623273952,0.9754777082,0.9695278112,0.9738036956,0.05006385964,0.04632231193,0.04373465361,0.03897531074,0.02917952675,0.02753848908,0.02322249733,0.02151995649,0.02030624077,0.01878664502
bowphs/LaTa,1,mean_abs,3,146;172;696,768,847,858,0.09983947129,0.02442254387,0.04422623206,0.02123078904,0.01758777559,0.0436970073,0.1565530159,0.0497746474,0.1117694624,0.009099882499,0.8249170553,0.9576656525,0.923325292,0.9635280334,0.9697879816,0.9253444873,0.7598043759,0.9260674945,0.8367061602,0.9868763791,0.04256733545,0.04572418707,0.0416219361,0.03870756003,0.02916734486,0.02626548385,0.01818664406,0.02054120346,0.01751234695,0.01910969864,0.9701930185,0.04728860475,0.04686884346,0.04354789543,42.16328569,46.86979526,31.52875197,0.7436663891,13.71020739,22.24847385,0.7812604882,0.741234873,0.6497469115,0.08929102074,0.7596057013,0.7536946664,0.6994017552,0.6570650011,0.8714114763,0.8625667318,0.790090396,0.7812433965,0.6485282627,0.6122827351,0.87062351,0.8497118146,0.04913618549,0.3159573721,136.778179,0.9356084638,0.9708684173,0.9677985066,0.9772252652,0.9338288932,0.972264304,0.9623273952,0.9754777082,0.9695278112,0.9738036956,0.05006385964,0.04632231193,0.04373465361,0.03897531074,0.02917952675,0.02753848908,0.02322249733,0.02151995649,0.02030624077,0.01878664502
bowphs/LaTa,1,mean_abs,5,146;172;696;615;181,768,847,858,0.1316907762,0.03760283114,0.04926079052,0.05158838655,0.03216613447,0.04572003571,0.1615033209,0.05022217116,0.1227805083,0.01659395172,0.7703465074,0.9346238181,0.9140195497,0.9070035745,0.9427367013,0.9211423902,0.7523466798,0.9245807648,0.8184794361,0.9720013419,0.04012803302,0.04504685725,0.04159284256,0.03678205683,0.02862240251,0.02639394476,0.01817876421,0.02070254175,0.01729317474,0.01899999645,0.9610867146,0.04621398911,0.04680693035,0.04374789863,48.5681412,63.46490971,54.99820667,2.877722235,16.47516208,25.37833682,0.710138185,0.6617288555,0.7352236958,0.08857560608,0.6799467496,0.6766187081,0.4637022548,0.4192223844,0.5916690361,0.5994273995,0.7204598136,0.7104233215,0.4036849018,0.363482941,0.5867094904,0.5778362555,0.04933692709,0.314647193,137.5583342,0.9395814743,0.9686291271,0.9767157161,0.9787120458,0.9338288932,0.972264304,0.9623273952,0.9754777082,0.9695278112,0.9738036956,0.05006385964,0.04632231193,0.04373465361,0.03897531074,0.02917952675,0.02753848908,0.02322249733,0.02151995649,0.02030624077,0.01878664502
bowphs/LaTa,1,mean_abs,10,146;172;696;615;181;166;122;252;126;575,768,847,858,0.1797280011,0.1116017059,0.09276969315,0.1607145343,0.03778346603,0.108979962,0.193793689,0.1096985719,0.2068200596,0.0260158622,0.6918385216,0.8027687351,0.8362881806,0.7223493955,0.9331334741,0.8095154057,0.7002840604,0.8378372495,0.6851079508,0.9568100164,0.03721251123,0.03995218971,0.03929538613,0.03024801019,0.02925377546,0.02395108198,0.0174720182,0.01937139801,0.01494680779,0.01931233796,0.9307650975,0.04536606306,0.0449710338,0.04331357301,46.22999254,79.47769394,76.32867854,15.24360106,20.90982791,30.85535304,0.7638002658,0.6917652603,0.6522503533,0.01229156376,0.7281764454,0.7201267341,0.194498892,0.2209744731,0.2502379199,0.2320842637,0.7664802841,0.7462576437,0.214680553,0.2397946339,0.2509108832,0.2508055352,0.04854320901,0.3075171713,140.5700632,0.9477218902,0.9668593523,0.9810021894,0.9782467312,0.9338288932,0.972264304,0.9623273952,0.9754777082,0.9695278112,0.9738036956,0.05006385964,0.04632231193,0.04373465361,0.03897531074,0.02917952675,0.02753848908,0.02322249733,0.02151995649,0.02030624077,0.01878664502
bowphs/LaTa,1,variance,1,696,768,847,858,0.07536503313,0.01868695719,0.01893893663,0.0001232819045,1.626376126e-06,0.006349802341,0.0442962936,0.008928675554,0.003527080061,0.004235515488,0.8674172421,0.967489206,0.9673424398,0.999791567,0.9999974192,0.9900800238,0.9344019737,0.9871442875,0.995039723,0.9942468078,0.04395614571,0.04536318932,0.04282261246,0.03944266774,0.02953550145,0.0275980014,0.02196392208,0.02150251459,0.02045206553,0.01890647915,0.9879450156,0.04753891782,0.04622703189,0.04364928347,32.61283686,35.97978059,31.62873677,0.04752982594,0.6935720096,20.28692632,0.8759876258,0.8423316667,0.4793984368,0.1944424571,0.8596387139,0.8556092567,0.8175668394,0.7965084971,0.8663190588,0.8637811193,0.8794579815,0.8706560018,0.7926270127,0.775102863,0.8663941909,0.8538320636,0.04865482089,0.3179854589,135.4931553,0.9320754578,0.972823822,0.9696635796,0.9757880421,0.9338288932,0.972264304,0.9623273952,0.9754777082,0.9695278112,0.9738036956,0.05006385964,0.04632231193,0.04373465361,0.03897531074,0.02917952675,0.02753848908,0.02322249733,0.02151995649,0.02030624077,0.01878664502
bowphs/LaTa,1,variance,3,696;146;162,768,847,858,0.1100388286,0.1413796451,0.06577879186,0.03914354933,0.002969999859,0.009941551029,0.1269508106,0.03623789751,0.1299477439,0.004426013675,0.8050308304,0.7519984361,0.8848758114,0.9336551274,0.9952603707,0.9844583316,0.8113598196,0.9453809464,0.8154202312,0.9939766972,0.04173250463,0.03606988629,0.04007242492,0.03768024188,0.03007132503,0.02807210997,0.0195101239,0.02106618254,0.01714543953,0.01933583989,0.9657448278,0.04689250045,0.04200912089,0.04289393622,21.3444456,50.45635838,54.22774777,10.58276629,19.68513322,45.8616588,0.987313278,0.9314091653,0.1383236516,0.0411297435,0.9770176751,0.9742155783,0.6549829156,0.6281528892,0.6150136176,0.6403972641,0.9803744835,0.9778848955,0.6196308174,0.6024364625,0.5897905511,0.6000043659,0.04711271263,0.3116554638,138.080036,0.9344658204,0.9729449309,0.976419516,0.9719492893,0.9338288932,0.972264304,0.9623273952,0.9754777082,0.9695278112,0.9738036956,0.05006385964,0.04632231193,0.04373465361,0.03897531074,0.02917952675,0.02753848908,0.02322249733,0.02151995649,0.02030624077,0.01878664502
bowphs/LaTa,1,variance,5,696;146;162;86;15,768,847,858,0.1531364384,0.1654313989,0.09371646865,0.06757328927,0.03751765012,0.08072649506,0.1511789405,0.1225526692,0.1985674384,0.01459928986,0.7358892673,0.7138428993,0.839184941,0.8874753439,0.9361335053,0.8669804331,0.7835794558,0.8188710528,0.688029986,0.9812569941,0.03889238125,0.03490764959,0.03874459365,0.03651519463,0.02883658124,0.02520444518,0.01920966096,0.01860307107,0.01474906993,0.01946075709,0.9472666831,0.04592520332,0.04182717819,0.04275107326,26.68626092,52.30032649,48.00376608,16.19974306,23.42930575,43.99097827,0.9709071012,0.8934791058,0.1826928017,0.1184723799,0.9548954356,0.9528010401,0.6337769471,0.5975586294,0.7099818199,0.7320506322,0.9612516055,0.9584075657,0.5755479753,0.5465930418,0.6954903213,0.70464433,0.04627103696,0.3074687937,139.9781186,0.9341437411,0.9747825727,0.9773301215,0.9751000809,0.9338288932,0.972264304,0.9623273952,0.9754777082,0.9695278112,0.9738036956,0.05006385964,0.04632231193,0.04373465361,0.03897531074,0.02917952675,0.02753848908,0.02322249733,0.02151995649,0.02030624077,0.01878664502
bowphs/LaTa,1,variance,10,696;146;162;86;15;518;548;126;662;56,768,847,858,0.1563823459,0.1784480456,0.2487026924,0.1199006251,0.1621608203,0.2529444168,0.2297638992,0.2155468403,0.3386691465,0.06832454832,0.7292134602,0.6929168686,0.5953532638,0.8049825841,0.7335629804,0.6028358502,0.6850299184,0.6784952353,0.5360205173,0.9060400584,0.04020457575,0.03534824365,0.02867456967,0.03455194898,0.02357285199,0.01828250325,0.01751922701,0.01607994912,0.01198691495,0.01874533075,0.9080369494,0.04765734282,0.04302618168,0.03816674089,26.77324088,42.23552408,54.35028073,22.45599222,25.13636567,61.52796164,0.9720297347,0.8927962966,0.2155455238,0.02173063209,0.9563004713,0.9543961765,0.785767672,0.7589688285,0.6501684301,0.6368254721,0.9634281804,0.9593478599,0.7284066772,0.697038611,0.5975003645,0.5676712636,0.04805480594,0.3000160044,143.7139025,0.9383465199,0.97641609,0.972481319,0.9728234289,0.9338288932,0.972264304,0.9623273952,0.9754777082,0.9695278112,0.9738036956,0.05006385964,0.04632231193,0.04373465361,0.03897531074,0.02917952675,0.02753848908,0.02322249733,0.02151995649,0.02030624077,0.01878664502
bowphs/LaTa,2,mean_abs,1,172,768,847,858,0.232097969,0.07716832334,7.692504553e-06,0.0001391227671,0.00904284066,0.0134785415,0.009154302602,0.009186185528,0.001275996215,0.004159033255,0.5909889876,1.147010499,1.000118452,1.002749494,1.183998409,1.350103874,1.286413406,1.325119397,1.046810352,1.164526184,0.5580372967,0.06594355172,0.01290555285,0.01034439429,0.01189479149,0.01083506392,0.008676307895,0.007956221205,0.006075116016,0.006290999815,0.8166541332,0.7267037645,0.07145783287,0.01290565212,28.80843789,18.84343228,0.213990917,0.03219698893,0.6795978813,33.79254123,0.9999264278,0.8762357232,0.1641405261,0.00153646119,0.9987446307,0.9838582415,0.9974273104,0.9721242044,0.9999978212,0.9999938977,0.9987461932,0.9860105283,0.9976581316,0.9759395411,0.9999976918,0.9999925716,0.726803203,0.8434143122,5.954940047,0.5877251559,0.9301891635,0.975347432,0.9707321713,0.5634379532,0.9245729656,0.9751207903,0.9704364809,0.9694044739,0.5747730479,0.7711200621,0.04695081179,0.01053812481,0.008424628887,0.008204344333,0.006553939964,0.005507982638,0.00490331735,0.004739414923,0.004411726478
bowphs/LaTa,2,mean_abs,3,172;252;65,768,847,858,0.4988366044,0.1141437321,0.0474572069,0.05278038732,0.08424701033,0.03811742923,0.02877172912,0.03929700899,0.01088265741,0.0171371394,0.252292626,1.010546883,0.9573402326,0.9278152606,1.046128066,1.010757235,1.256079724,1.321586644,1.005822473,1.961582098,0.3208922542,0.07825863119,0.0166403449,0.0128927323,0.01415667975,0.01092652319,0.01141149232,0.01068853831,0.007862827378,0.01427406739,0.6062717403,0.6402946763,0.08834235759,0.01746939352,44.94493985,22.64129953,16.78164418,11.99655513,19.8661566,46.93222676,0.9997980342,0.7077859707,0.1826313019,0.03039729564,0.9973797969,0.9621790156,0.9938449634,0.9384294479,0.9722302261,0.9708565752,0.9973988876,0.9697976777,0.9945084129,0.9427774001,0.9694890075,0.9650534411,0.6405270033,0.7914497618,9.379012638,0.6055364268,0.9326936092,0.9758304642,0.970509431,0.5634379532,0.9245729656,0.9751207903,0.9704364809,0.9694044739,0.5747730479,0.7711200621,0.04695081179,0.01053812481,0.008424628887,0.008204344333,0.006553939964,0.005507982638,0.00490331735,0.004739414923,0.004411726478
bowphs/LaTa,2,mean_abs,5,172;252;65;548;665,768,847,858,0.6390912284,0.1225601582,0.06101871273,0.06231974992,0.1216131139,0.07249898411,0.05587447884,0.07002910005,0.01875456204,0.02595914197,0.1316153309,1.079989753,1.205947007,0.9586740724,0.8358083145,0.9321676813,0.931998347,0.9528514654,1.274592955,1.942718028,0.2047682291,0.1023049937,0.02564045068,0.01629505584,0.01383517506,0.01232623924,0.01035718651,0.009426474582,0.01218794084,0.01729228726,0.4956394972,0.5673683912,0.1165948808,0.02730666844,53.10927422,26.02114168,18.85920288,12.81649479,19.62796609,55.6928529,0.9992242179,0.6002907759,0.2625789758,0.1085202758,0.9933804906,0.9614350742,0.9892742708,0.9213643536,0.9775970128,0.9765815732,0.9938028159,0.9681121093,0.9902326033,0.9223547415,0.9759470589,0.9723025958,0.5681306004,0.7469723141,13.44607896,0.6211669724,0.9335277906,0.9735083869,0.9697811001,0.5634379532,0.9245729656,0.9751207903,0.9704364809,0.9694044739,0.5747730479,0.7711200621,0.04695081179,0.01053812481,0.008424628887,0.008204344333,0.006553939964,0.005507982638,0.00490331735,0.004739414923,0.004411726478
bowphs/LaTa,2,mean_abs,10,172;252;65;548;665;124;166;615;223;630,768,847,858,0.8566114553,0.2701447485,0.1488979269,0.1330865809,0.1624018487,0.1288307238,0.1149561404,0.09371946099,0.05612156954,0.09609620514,0.02078862488,0.5814871657,0.7575453881,0.9195996514,0.7865140874,0.8704652103,0.8231277071,0.876187994,0.92817168,0.8776125259,0.0508253223,0.08655967471,0.02531071263,0.02456303082,0.0204589227,0.01808782109,0.01437448055,0.01362133508,0.01394714838,0.01227562939,0.31540431,0.3544587358,0.1185984132,0.029738751,67.80770089,33.79971749,24.81729437,23.7096369,31.79645481,68.13991852,0.9974899881,0.377716341,0.1962672064,0.03962724749,0.9902359791,0.8694258599,0.9871477626,0.9008872121,0.9690953923,0.9667854848,0.9909010845,0.8918613998,0.9886969645,0.9023490626,0.9704179819,0.9681489664,0.3557201958,0.611214781,35.01535139,0.71003503,0.9392926908,0.9744170314,0.9714233414,0.5634379532,0.9245729656,0.9751207903,0.9704364809,0.9694044739,0.5747730479,0.7711200621,0.04695081179,0.01053812481,0.008424628887,0.008204344333,0.006553939964,0.005507982638,0.00490331735,0.004739414923,0.004411726478
bowphs/LaTa,2,variance,1,172,768,847,858,0.232097969,0.07716832334,7.692504553e-06,0.0001391227671,0.00904284066,0.0134785415,0.009154302602,0.009186185528,0.001275996215,0.004159033255,0.5909889876,1.147010499,1.000118452,1.002749494,1.183998409,1.350103874,1.286413406,1.325119397,1.046810352,1.164526184,0.5580372967,0.06594355172,0.01290555285,0.01034439429,0.01189479149,0.01083506392,0.008676307895,0.007956221205,0.006075116016,0.006290999815,0.8166541332,0.7267037645,0.07145783287,0.01290565212,28.80843789,18.84343228,0.213990917,0.03219698893,0.6795978813,33.79254123,0.9999264278,0.8762357232,0.1641405261,0.00153646119,0.9987446307,0.9838582415,0.9974273104,0.9721242044,0.9999978212,0.9999938977,0.9987461932,0.9860105283,0.9976581316,0.9759395411,0.9999976918,0.9999925716,0.726803203,0.8434143122,5.954940047,0.5877251559,0.9301891635,0.975347432,0.9707321713,0.5634379532,0.9245729656,0.9751207903,0.9704364809,0.9694044739,0.5747730479,0.7711200621,0.04695081179,0.01053812481,0.008424628887,0.008204344333,0.006553939964,0.005507982638,0.00490331735,0.004739414923,0.004411726478
bowphs/LaTa,2,variance,3,172;252;65,768,847,858,0.4988366044,0.1141437321,0.0474572069,0.05278038732,0.08424701033,0.03811742923,0.02877172912,0.03929700899,0.01088265741,0.0171371394,0.252292626,1.010546883,0.9573402326,0.9278152606,1.046128066,1.010757235,1.256079724,1.321586644,1.005822473,1.961582098,0.3208922542,0.07825863119,0.0166403449,0.0128927323,0.01415667975,0.01092652319,0.01141149232,0.01068853831,0.007862827378,0.01427406739,0.6062717403,0.6402946763,0.08834235759,0.01746939352,44.94493985,22.64129953,16.78164418,11.99655513,19.8661566,46.93222676,0.9997980342,0.7077859707,0.1826313019,0.03039729564,0.9973797969,0.9621790156,0.9938449634,0.9384294479,0.9722302261,0.9708565752,0.9973988876,0.9697976777,0.9945084129,0.9427774001,0.9694890075,0.9650534411,0.6405270033,0.7914497618,9.379012638,0.6055364268,0.9326936092,0.9758304642,0.970509431,0.5634379532,0.9245729656,0.9751207903,0.9704364809,0.9694044739,0.5747730479,0.7711200621,0.04695081179,0.01053812481,0.008424628887,0.008204344333,0.006553939964,0.005507982638,0.00490331735,0.004739414923,0.004411726478
bowphs/LaTa,2,variance,5,172;252;65;665;166,768,847,858,0.6462654063,0.1412699826,0.1160223292,0.06469543485,0.08680308388,0.04950866226,0.07678697239,0.05643201676,0.02769481998,0.02422750445,0.127236205,1.254434122,0.8218320701,0.9493681465,1.013553822,0.9301467721,1.093189273,0.9971429967,0.9649956341,1.283373512,0.2005294999,0.1203750626,0.01770076286,0.01634673402,0.0169955904,0.01245946812,0.01230646966,0.009992933721,0.009347503606,0.01157196767,0.4892765921,0.5668925331,0.1401780072,0.02002399319,53.55748,30.54876351,23.51227244,16.53871078,23.82222447,56.9451528,0.9987560193,0.5940160461,0.3406660004,0.03199910924,0.9893734173,0.9368502682,0.9847614318,0.8843853022,0.9593634528,0.9542513616,0.9897240774,0.95223084,0.9856709633,0.8817162234,0.95734727,0.9491255115,0.5681244001,0.7432909035,13.66515984,0.6335219149,0.9384007559,0.9768556076,0.9720501779,0.5634379532,0.9245729656,0.9751207903,0.9704364809,0.9694044739,0.5747730479,0.7711200621,0.04695081179,0.01053812481,0.008424628887,0.008204344333,0.006553939964,0.005507982638,0.00490331735,0.004739414923,0.004411726478
bowphs/LaTa,2,variance,10,172;252;65;665;166;548;124;615;630;764,768,847,858,0.8752477479,0.2713820981,0.1468258151,0.1001229929,0.1507212011,0.1264203421,0.1002710287,0.09247340233,0.0483185371,0.08073295872,0.01574738395,0.5699588736,0.7788494782,0.8329390437,0.7681351193,0.8335694936,1.039598036,0.8777450391,1.026752184,0.9200630113,0.04018422947,0.08855474801,0.02716077124,0.02322144415,0.02085483351,0.01807879571,0.01894886664,0.01424241421,0.01610332631,0.01343233073,0.3021863017,0.3221122568,0.12153798,0.03183496608,69.38815252,33.94544248,24.8309212,23.34752707,32.07018706,69.6666557,0.9966941053,0.352035197,0.1990775341,0.06489534244,0.9886701184,0.9066322152,0.9858072513,0.8950214475,0.9690812174,0.966804937,0.9890501162,0.9245409212,0.9874229026,0.8949748787,0.9705045053,0.9679948883,0.3235315111,0.59171153,39.60772607,0.729381942,0.9387235621,0.973545575,0.9702422002,0.5634379532,0.9245729656,0.9751207903,0.9704364809,0.9694044739,0.5747730479,0.7711200621,0.04695081179,0.01053812481,0.008424628887,0.008204344333,0.006553939964,0.005507982638,0.00490331735,0.004739414923,0.004411726478
bowphs/LaTa,3,mean_abs,1,172,768,847,858,0.2352021275,0.02191730511,0.04140070362,0.01120519772,0.003958382617,0.004560680652,0.006841909027,0.005287946299,0.001762993105,0.009976081001,0.5851318037,1.137338481,3.89892424,2.030342906,1.552904353,1.663653221,2.148392157,1.959726912,1.393545108,3.420398836,0.7020794327,0.03898069243,0.01533738059,0.006122498133,0.003105306524,0.003195135274,0.003583626075,0.003025810063,0.001752950809,0.003961418977,0.7792331833,0.9179934438,0.03985418885,0.01599978286,29.01143488,9.838486584,15.09789597,0.06934019196,5.702579705,33.22789955,0.999995089,0.8745229332,0.0851459151,0.1131395083,0.9998057471,0.9939786972,0.9996319321,0.9990755385,0.9900705224,0.9850777241,0.9998000971,0.9935984647,0.9997035428,0.9988165626,0.989504545,0.9851048874,0.9180021419,0.9674940962,1.762160702,0.5275840294,0.8003051955,0.9668597477,0.9721730718,0.5134397867,0.7933830701,0.9660641944,0.9730197025,0.9725634844,0.5312927163,0.9349749713,0.0267071321,0.003065306009,0.002349777319,0.001558214376,0.001496559138,0.001299800106,0.001203132739,0.0009802032466,0.000902488063
bowphs/LaTa,3,mean_abs,3,172;665;252,768,847,858,0.5425182226,0.1353270587,0.1553181406,0.02562225565,0.007583398586,0.04732089296,0.01754077369,0.01589927562,0.01617362445,0.01310199186,0.2096163871,0.9022505096,15.49578784,1.293129362,1.944527437,7.670073552,1.038487995,1.274707079,1.859654082,5.509393753,0.401401017,0.04935232789,0.09728385021,0.006223317129,0.00620575369,0.02350967707,0.002764593614,0.003141066959,0.003733374496,0.0101835343,0.4882550546,0.8774142203,0.05707629501,0.1151721789,47.44011099,22.46909679,45.75677115,17.03656288,32.72527615,57.12073856,0.9999800302,0.6763604852,0.1034724025,0.3268239836,0.999181217,0.9833964057,0.9991116161,0.9968478218,0.7784480443,0.7204898674,0.999161975,0.9819392005,0.9991207326,0.9965958816,0.7909529754,0.7406439964,0.8774475555,0.9484681415,2.248200306,0.5351895449,0.8200130549,0.969777601,0.9664163218,0.5134397867,0.7933830701,0.9660641944,0.9730197025,0.9725634844,0.5312927163,0.9349749713,0.0267071321,0.003065306009,0.002349777319,0.001558214376,0.001496559138,0.001299800106,0.001203132739,0.0009802032466,0.000902488063
bowphs/LaTa,3,mean_abs,5,172;665;252;548;65,768,847,858,0.7093321678,0.1358090474,0.3304104097,0.076473285,0.01182549934,0.07957927342,0.03954654325,0.04572420044,0.02578431475,0.06074015543,0.08463309489,0.8727140814,1.904921125,1.670608846,1.142162336,1.507469058,3.193329665,1.872433486,1.678869327,1.198093994,0.2389399843,0.07037977289,0.01763191395,0.01185359562,0.005374074276,0.006812255257,0.01253340134,0.00680250026,0.004969144825,0.003264983421,0.3311702965,0.8220379342,0.08144007141,0.02633241945,57.37739178,22.82440782,53.47712333,20.50232931,50.84789098,59.93977886,0.9999387425,0.5391031646,0.1209190497,0.1273834393,0.9990237998,0.9761630654,0.9986464309,0.9958147639,0.6823721344,0.6181695663,0.9990567311,0.9791907974,0.9986813093,0.9955758126,0.7086907147,0.6475859914,0.8221303888,0.9251025971,3.013188587,0.5455346227,0.8203483858,0.9697567179,0.964864266,0.5134397867,0.7933830701,0.9660641944,0.9730197025,0.9725634844,0.5312927163,0.9349749713,0.0267071321,0.003065306009,0.002349777319,0.001558214376,0.001496559138,0.001299800106,0.001203132739,0.0009802032466,0.000902488063
bowphs/LaTa,3,mean_abs,10,172;665;252;548;65;764;583;192;166;630,768,847,858,0.907606482,0.3261748793,0.397802894,0.1927402079,0.0211690809,0.1268560772,0.09900937934,0.05419120771,0.03955722349,0.1074431007,0.008582828702,0.4689141371,2.483131313,0.6962429476,1.000006764,2.598473786,0.9938811586,1.852504838,1.353921834,3.270627005,0.05744265106,0.08964470158,0.05448507688,0.01171093476,0.01115409116,0.02783660506,0.009247302629,0.01595427011,0.009499784937,0.02112888258,0.1396998549,0.621717327,0.1330385271,0.09047714832,72.30758492,35.19598065,76.17619716,33.51845266,63.42855478,80.73811603,0.9998155116,0.3039069432,0.07585581709,0.2694667422,0.9969649958,0.9816441906,0.995286327,0.9853430437,0.2971722503,0.2693626414,0.9970483434,0.9834146263,0.9961400202,0.9856218184,0.3794600265,0.341644987,0.6219070131,0.8257456569,8.117720594,0.585604337,0.8382935624,0.9709847974,0.9655569926,0.5134397867,0.7933830701,0.9660641944,0.9730197025,0.9725634844,0.5312927163,0.9349749713,0.0267071321,0.003065306009,0.002349777319,0.001558214376,0.001496559138,0.001299800106,0.001203132739,0.0009802032466,0.000902488063
bowphs/LaTa,3,variance,1,172,768,847,858,0.2352021275,0.02191730511,0.04140070362,0.01120519772,0.003958382617,0.004560680652,0.006841909027,0.005287946299,0.001762993105,0.009976081001,0.5851318037,1.137338481,3.89892424,2.030342906,1.552904353,1.663653221,2.148392157,1.959726912,1.393545108,3.420398836,0.7020794327,0.03898069243,0.01533738059,0.006122498133,0.003105306524,0.003195135274,0.003583626075,0.003025810063,0.001752950809,0.003961418977,0.7792331833,0.9179934438,0.03985418885,0.01599978286,29.01143488,9.838486584,15.09789597,0.06934019196,5.702579705,33.22789955,0.999995089,0.8745229332,0.0851459151,0.1131395083,0.9998057471,0.9939786972,0.9996319321,0.9990755385,0.9900705224,0.9850777241,0.9998000971,0.9935984647,0.9997035428,0.9988165626,0.989504545,0.9851048874,0.9180021419,0.9674940962,1.762160702,0.5275840294,0.8003051955,0.9668597477,0.9721730718,0.5134397867,0.7933830701,0.9660641944,0.9730197025,0.9725634844,0.5312927163,0.9349749713,0.0267071321,0.003065306009,0.002349777319,0.001558214376,0.001496559138,0.001299800106,0.001203132739,0.0009802032466,0.000902488063
bowphs/LaTa,3,variance,3,172;665;252,768,847,858,0.5425182226,0.1353270587,0.1553181406,0.02562225565,0.007583398586,0.04732089296,0.01754077369,0.01589927562,0.01617362445,0.01310199186,0.2096163871,0.9022505096,15.49578784,1.293129362,1.944527437,7.670073552,1.038487995,1.274707079,1.859654082,5.509393753,0.401401017,0.04935232789,0.09728385021,0.006223317129,0.00620575369,0.02350967707,0.002764593614,0.003141066959,0.003733374496,0.0101835343,0.4882550546,0.8774142203,0.05707629501,0.1151721789,47.44011099,22.46909679,45.75677115,17.03656288,32.72527615,57.12073856,0.9999800302,0.6763604852,0.1034724025,0.3268239836,0.999181217,0.9833964057,0.9991116161,0.9968478218,0.7784480443,0.7204898674,0.999161975,0.9819392005,0.9991207326,0.9965958816,0.7909529754,0.7406439964,0.8774475555,0.9484681415,2.248200306,0.5351895449,0.8200130549,0.969777601,0.9664163218,0.5134397867,0.7933830701,0.9660641944,0.9730197025,0.9725634844,0.5312927163,0.9349749713,0.0267071321,0.003065306009,0.002349777319,0.001558214376,0.001496559138,0.001299800106,0.001203132739,0.0009802032466,0.000902488063
bowphs/LaTa,3,variance,5,172;665;252;65;764,768,847,858,0.709899033,0.1904246389,0.345881566,0.03054554451,0.01218168808,0.06645291914,0.02089461628,0.01655134832,0.02369350654,0.08771712966,0.08426835994,0.6584827609,7.154291484,1.41089322,1.110588686,2.688604987,0.962375582,1.046075677,5.091240796,3.195112901,0.2392288661,0.05339747476,0.06658701123,0.01006630092,0.005254477136,0.01221715089,0.003798133437,0.003821428196,0.01515265829,0.008755414876,0.3293449018,0.824640016,0.06595738621,0.1017965674,57.4110301,25.89225682,68.93937528,24.70926622,50.80391067,72.32863663,0.9999969833,0.5386085932,0.01145983319,0.2753760303,0.9993423653,0.9811322927,0.9983579841,0.9953663966,0.4087521539,0.3594238155,0.9994279871,0.9816407907,0.9985884556,0.9950558229,0.4660234687,0.4059089737,0.8246449399,0.9247270869,3.000168254,0.5425017356,0.8220135099,0.9716896922,0.9637919557,0.5134397867,0.7933830701,0.9660641944,0.9730197025,0.9725634844,0.5312927163,0.9349749713,0.0267071321,0.003065306009,0.002349777319,0.001558214376,0.001496559138,0.001299800106,0.001203132739,0.0009802032466,0.000902488063
bowphs/LaTa,3,variance,10,172;665;252;65;764;548;583;166;192;630,768,847,858,0.907606482,0.3261748793,0.397802894,0.1927402079,0.0211690809,0.1268560772,0.09900937934,0.05419120771,0.03955722349,0.1074431007,0.008582828702,0.4689141371,2.483131313,0.6962429476,1.000006764,2.598473786,0.9938811586,1.852504838,1.353921834,3.270627005,0.05744265106,0.08964470158,0.05448507688,0.01171093476,0.01115409116,0.02783660506,0.009247302629,0.01595427011,0.009499784937,0.02112888258,0.1396998549,0.621717327,0.1330385271,0.09047714832,72.30758492,35.19598065,76.17619716,33.51845266,63.42855478,80.73811603,0.9998155116,0.3039069432,0.07585581709,0.2694667422,0.9969649958,0.9816441906,0.995286327,0.9853430437,0.2971722503,0.2693626414,0.9970483434,0.9834146263,0.9961400202,0.9856218184,0.3794600265,0.341644987,0.6219070131,0.8257456569,8.117720594,0.585604337,0.8382935624,0.9709847974,0.9655569926,0.5134397867,0.7933830701,0.9660641944,0.9730197025,0.9725634844,0.5312927163,0.9349749713,0.0267071321,0.003065306009,0.002349777319,0.001558214376,0.001496559138,0.001299800106,0.001203132739,0.0009802032466,0.000902488063
bowphs/LaTa,4,mean_abs,1,172,768,847,858,0.2157661923,0.005886721569,0.01611654593,0.001166152582,0.004225842647,0.0001521099415,0.01922052418,0.001192308332,0.02495468359,0.01439818151,0.6150915341,1.035491664,1.713530763,1.183369691,1.9569187,1.04062653,6.368899162,1.42654842,11.2582235,7.182158111,0.7370232365,0.03339229463,0.009588029282,0.001924092976,0.002217986709,0.001001312397,0.00586155321,0.001026720906,0.007056815,0.004310930943,0.794331195,0.9398003877,0.03359002978,0.009745086415,27.67839945,5.010658417,8.307583866,0.00244080432,0.3878949448,29.18429342,0.9999989206,0.8855688086,0.0416523337,0.0669527276,0.9999418915,0.9980954064,0.9999348624,0.99987207,0.9996656708,0.9993683676,0.9999352443,0.998049763,0.9999344079,0.9998771365,0.9996451878,0.9993403141,0.9398023518,0.9838275087,1.478405801,0.5105813348,0.7304364341,0.9329456205,0.9742175762,0.5003441417,0.7279033482,0.9314082242,0.9742497841,0.9708299378,0.5205125457,0.9517941896,0.02561540785,0.00444466532,0.001291538125,0.0009003010873,0.0007643219249,0.0007310548412,0.0005716990976,0.0004978981179,0.0004767796636
bowphs/LaTa,4,mean_abs,3,172;665;764,768,847,858,0.5423281003,0.1721865843,0.09375863129,0.0115282755,0.005024431579,0.01401919511,0.02654096948,0.01920386435,0.0481903617,0.04262374894,0.2096355578,0.6913599635,7.885227794,1.005311126,2.017119644,3.443156369,1.315606847,3.944281377,1.234447128,4.636574711,0.416767895,0.03699063274,0.07320480151,0.002712026812,0.003793199567,0.005496918816,0.002008918608,0.004710008106,0.001283805516,0.00461743982,0.4787554613,0.9106259207,0.04468474663,0.08077848136,47.42832303,24.55780809,24.72541956,0.748049842,26.67271047,51.16997454,0.9999962885,0.676512012,0.01737562822,0.2702247694,0.9995823421,0.9955116064,0.998675454,0.9982423936,0.9970505117,0.9957408852,0.999595419,0.9955458519,0.9986523288,0.9980539427,0.996415387,0.9947320689,0.9106325744,0.9734397114,1.752347505,0.5181554104,0.749387407,0.9419342739,0.9743513562,0.5003441417,0.7279033482,0.9314082242,0.9742497841,0.9708299378,0.5205125457,0.9517941896,0.02561540785,0.00444466532,0.001291538125,0.0009003010873,0.0007643219249,0.0007310548412,0.0005716990976,0.0004978981179,0.0004767796636
bowphs/LaTa,4,mean_abs,5,172;665;764;252;65,768,847,858,0.7443720801,0.3361299312,0.2461390525,0.01178020072,0.01111402643,0.02095829074,0.03696871936,0.05736986112,0.08267683641,0.06669047024,0.065622355,0.7031434834,4.369126997,1.00055461,1.073941206,2.289685108,1.731686728,1.525618976,8.443214516,1.351805449,0.2219494151,0.06400359596,0.06900695697,0.004592055958,0.003435796432,0.006218866311,0.004498610882,0.003099365056,0.01493851583,0.002290293071,0.2814108619,0.8682518527,0.09640982319,0.09153804452,59.63224301,37.44317561,40.57117158,18.85798369,39.97251648,64.2359654,0.9999044877,0.5055483073,0.1749345295,0.2561388,0.9977046439,0.9932010057,0.9834042682,0.9859860117,0.9759401995,0.9711267529,0.9983299075,0.9932260175,0.9853315011,0.9868878613,0.9699158389,0.9607880814,0.8684074225,0.9553187114,2.240496918,0.5218575606,0.7666980996,0.9576280835,0.9743932594,0.5003441417,0.7279033482,0.9314082242,0.9742497841,0.9708299378,0.5205125457,0.9517941896,0.02561540785,0.00444466532,0.001291538125,0.0009003010873,0.0007643219249,0.0007310548412,0.0005716990976,0.0004978981179,0.0004767796636
bowphs/LaTa,4,mean_abs,10,172;665;764;252;65;548;583;166;192;507,768,847,858,0.9176585534,0.5588640749,0.2842709673,0.1630988033,0.07293035301,0.06952391757,0.09123090011,0.1194989823,0.1117028318,0.0944200958,0.006818572423,0.2089073205,1.9725377,0.9525464164,2.025100995,2.093230346,1.709533812,2.697340121,1.181138495,1.92853591,0.05900727593,0.04865460968,0.0797137859,0.0111856812,0.01657690775,0.01454663021,0.01136309693,0.01402078333,0.005347002258,0.008360158511,0.1099843623,0.7166169452,0.1102939183,0.1113742523,73.32823565,48.80255948,42.61061799,25.97702578,53.31660289,74.33677313,0.99977861,0.2868884653,0.06169379334,0.2827550388,0.9967600997,0.9727064263,0.9777957251,0.9756379558,0.9712489127,0.9631325665,0.9967824939,0.9756013483,0.9781598352,0.9725046831,0.9667748921,0.9507955392,0.7168973797,0.8883886712,4.912046645,0.5748441033,0.8245764337,0.9574113245,0.9735118495,0.5003441417,0.7279033482,0.9314082242,0.9742497841,0.9708299378,0.5205125457,0.9517941896,0.02561540785,0.00444466532,0.001291538125,0.0009003010873,0.0007643219249,0.0007310548412,0.0005716990976,0.0004978981179,0.0004767796636
bowphs/LaTa,4,variance,1,172,768,847,858,0.2157661923,0.005886721569,0.01611654593,0.001166152582,0.004225842647,0.0001521099415,0.01922052418,0.001192308332,0.02495468359,0.01439818151,0.6150915341,1.035491664,1.713530763,1.183369691,1.9569187,1.04062653,6.368899162,1.42654842,11.2582235,7.182158111,0.7370232365,0.03339229463,0.009588029282,0.001924092976,0.002217986709,0.001001312397,0.00586155321,0.001026720906,0.007056815,0.004310930943,0.794331195,0.9398003877,0.03359002978,0.009745086415,27.67839945,5.010658417,8.307583866,0.00244080432,0.3878949448,29.18429342,0.9999989206,0.8855688086,0.0416523337,0.0669527276,0.9999418915,0.9980954064,0.9999348624,0.99987207,0.9996656708,0.9993683676,0.9999352443,0.998049763,0.9999344079,0.9998771365,0.9996451878,0.9993403141,0.9398023518,0.9838275087,1.478405801,0.5105813348,0.7304364341,0.9329456205,0.9742175762,0.5003441417,0.7279033482,0.9314082242,0.9742497841,0.9708299378,0.5205125457,0.9517941896,0.02561540785,0.00444466532,0.001291538125,0.0009003010873,0.0007643219249,0.0007310548412,0.0005716990976,0.0004978981179,0.0004767796636
bowphs/LaTa,4,variance,3,172;665;252,768,847,858,0.5478030178,0.1938546606,0.03963947707,0.008080291493,0.01030303577,0.01351242309,0.0309048014,0.01963821236,0.03480506348,0.02155243456,0.2045999102,0.6506277011,4.938186351,1.37422736,1.023620339,6.528019741,5.009688057,15.72564124,2.507734749,14.74130946,0.411484679,0.0352159174,0.04637796845,0.003750343121,0.001947295512,0.0105429697,0.007738661013,0.0189968263,0.002638318751,0.01485111181,0.4732545722,0.9099677688,0.04368432797,0.0482922479,47.74320549,26.12803763,16.83508997,1.860432888,26.41586606,49.75215809,0.9999979915,0.6724545827,0.003375396771,0.2053851612,0.9997080838,0.9931220714,0.9994749665,0.9990752028,0.9980770814,0.9963666721,0.9997051525,0.9923729456,0.999392018,0.9989573607,0.9975886482,0.995957398,0.9099713902,0.97311165,1.762449526,0.5180393983,0.7523496022,0.9369335625,0.9741411475,0.5003441417,0.7279033482,0.9314082242,0.9742497841,0.9708299378,0.5205125457,0.9517941896,0.02561540785,0.00444466532,0.001291538125,0.0009003010873,0.0007643219249,0.0007310548412,0.0005716990976,0.0004978981179,0.0004767796636
bowphs/LaTa,4,variance,5,172;665;252;764;65,768,847,858,0.7443720801,0.3361299312,0.2461390525,0.01178020072,0.01111402643,0.02095829074,0.03696871936,0.05736986112,0.08267683641,0.06669047024,0.065622355,0.7031434834,4.369126997,1.00055461,1.073941206,2.289685108,1.731686728,1.525618976,8.443214516,1.351805449,0.2219494151,0.06400359596,0.06900695697,0.004592055958,0.003435796432,0.006218866311,0.004498610882,0.003099365056,0.01493851583,0.002290293071,0.2814108619,0.8682518527,0.09640982319,0.09153804452,59.63224301,37.44317561,40.57117158,18.85798369,39.97251648,64.2359654,0.9999044877,0.5055483073,0.1749345295,0.2561388,0.9977046439,0.9932010057,0.9834042682,0.9859860117,0.9759401995,0.9711267529,0.9983299075,0.9932260175,0.9853315011,0.9868878613,0.9699158389,0.9607880814,0.8684074225,0.9553187114,2.240496918,0.5218575606,0.7666980996,0.9576280835,0.9743932594,0.5003441417,0.7279033482,0.9314082242,0.9742497841,0.9708299378,0.5205125457,0.9517941896,0.02561540785,0.00444466532,0.001291538125,0.0009003010873,0.0007643219249,0.0007310548412,0.0005716990976,0.0004978981179,0.0004767796636
bowphs/LaTa,4,variance,10,172;665;252;764;65;548;583;166;507;192,768,847,858,0.9176585534,0.5588640749,0.2842709673,0.1630988033,0.07293035301,0.06952391757,0.09123090011,0.1194989823,0.1117028318,0.0944200958,0.006818572423,0.2089073205,1.9725377,0.9525464164,2.025100995,2.093230346,1.709533812,2.697340121,1.181138495,1.92853591,0.05900727593,0.04865460968,0.0797137859,0.0111856812,0.01657690775,0.01454663021,0.01136309693,0.01402078333,0.005347002258,0.008360158511,0.1099843623,0.7166169452,0.1102939183,0.1113742523,73.32823565,48.80255948,42.61061799,25.97702578,53.31660289,74.33677313,0.99977861,0.2868884653,0.06169379334,0.2827550388,0.9967600997,0.9727064263,0.9777957251,0.9756379558,0.9712489127,0.9631325665,0.9967824939,0.9756013483,0.9781598352,0.9725046831,0.9667748921,0.9507955392,0.7168973797,0.8883886712,4.912046645,0.5748441033,0.8245764337,0.9574113245,0.9735118495,0.5003441417,0.7279033482,0.9314082242,0.9742497841,0.9708299378,0.5205125457,0.9517941896,0.02561540785,0.00444466532,0.001291538125,0.0009003010873,0.0007643219249,0.0007310548412,0.0005716990976,0.0004978981179,0.0004767796636
bowphs/LaTa,5,mean_abs,1,665,768,847,858,0.2214510345,0.04131802168,0.006595763283,0.00692196149,0.0008387387437,0.03480096652,0.002738981158,0.001009116449,0.02112027015,0.004672242387,0.6065201441,1.15403609,1.361394123,2.202799614,1.196256511,11.16300244,1.870100465,1.398767187,10.5665004,3.308979858,0.7241464716,0.05368308311,0.006387390419,0.003339384926,0.001350691943,0.01011606957,0.001558779177,0.0009384269516,0.006188563101,0.001776932615,0.7896049463,0.9301232212,0.05599675839,0.006429799856,28.07396922,13.47143933,5.482424818,0.00730291203,0.3830218489,31.26563357,0.9999847552,0.8823407664,0.1137751787,0.04340353347,0.999655566,0.9940015461,0.9995574058,0.9989871447,0.9997837845,0.9995386184,0.999701192,0.9950730165,0.9994770481,0.9989389322,0.9997994175,0.9996043556,0.9301502411,0.9849400386,1.509904143,0.4979225471,0.7108105688,0.9347395901,0.9740108187,0.4964831528,0.7017338304,0.9347009735,0.9739437265,0.9716507922,0.5194820861,0.9427380795,0.0367305913,0.003704669342,0.001197019846,0.0008915420975,0.0007155510908,0.0006581570195,0.0005297425971,0.0004624539677,0.0004240203453
bowphs/LaTa,5,mean_abs,3,665;172;764,768,847,858,0.5570684361,0.2367884311,0.08803662976,0.02440362293,0.02040080824,0.04698365428,0.0151614833,0.01546790827,0.03284429999,0.02201108918,0.1963732179,0.6093681777,9.340599226,1.16908575,2.818798156,2.394114279,6.043918979,2.030657972,8.277434853,1.002280564,0.3976451966,0.04807619909,0.07432700342,0.003005869711,0.005397942673,0.003679662267,0.008544183869,0.002310596501,0.008222174993,0.0009128479367,0.4655620433,0.8977576425,0.06299196848,0.08150218073,48.2773742,29.30211058,25.29894813,1.359028368,30.21098849,52.45969461,0.9999911458,0.6655251463,0.05035135859,0.2749262167,0.9995119779,0.9963435862,0.998118024,0.9970479519,0.9960271028,0.9937047871,0.9996031356,0.9960195802,0.9978927071,0.9974226976,0.9956720042,0.9931991346,0.897772746,0.97474516,1.796918217,0.5158432409,0.7302581089,0.944963975,0.9740851242,0.4964831528,0.7017338304,0.9347009735,0.9739437265,0.9716507922,0.5194820861,0.9427380795,0.0367305913,0.003704669342,0.001197019846,0.0008915420975,0.0007155510908,0.0006581570195,0.0005297425971,0.0004624539677,0.0004240203453
bowphs/LaTa,5,mean_abs,5,665;172;764;252;65,768,847,858,0.7443173259,0.4180392597,0.1721544788,0.02492470857,0.02296180967,0.0499381296,0.04118621165,0.0774243439,0.05214172112,0.04519036813,0.06596207032,0.6863972176,4.384258718,1.206084729,1.493675614,1.15838054,3.918453744,2.246342197,4.564392444,8.566303699,0.2205953888,0.08943644666,0.05761780742,0.005121418567,0.004723993023,0.002940376908,0.009148614841,0.004221355366,0.007487944034,0.01288520299,0.2818959899,0.8627701879,0.1536812374,0.06959970906,59.63717272,43.91264036,35.5279807,17.74904903,40.49802371,65.04115814,0.9996506035,0.5054740706,0.2482412626,0.2251226694,0.9948615094,0.994437393,0.9842884884,0.9810677352,0.9812704392,0.9783551956,0.9961065691,0.9939131373,0.983015374,0.9834807792,0.9792635386,0.9756215628,0.8633256799,0.9587630767,2.215770577,0.5177068557,0.7592817726,0.954799746,0.9740746015,0.4964831528,0.7017338304,0.9347009735,0.9739437265,0.9716507922,0.5194820861,0.9427380795,0.0367305913,0.003704669342,0.001197019846,0.0008915420975,0.0007155510908,0.0006581570195,0.0005297425971,0.0004624539677,0.0004240203453
bowphs/LaTa,5,mean_abs,10,665;172;764;252;65;548;166;583;507;192,768,847,858,0.9153484697,0.6519889822,0.2096922419,0.1236510241,0.0901989684,0.119612316,0.07247797295,0.1401840082,0.08864568178,0.08816016224,0.007195303788,0.1240484826,2.466011932,0.9736395481,1.43304594,3.352411625,1.076365164,2.970848902,2.123344239,0.9927818933,0.06088801275,0.04089884009,0.08200422724,0.01046143287,0.01146815577,0.02153225933,0.006358882011,0.01412658139,0.008814151959,0.003778610774,0.1114059495,0.7192783469,0.1175216818,0.1037623969,73.0862858,53.94824668,38.31651742,23.39035348,56.47293047,74.15532106,0.9999376038,0.2909312062,0.000121115021,0.2835002217,0.9978316052,0.9807914553,0.9837931444,0.9781941277,0.9786051927,0.9742398096,0.9979487434,0.9825974046,0.9815086841,0.97815002,0.9780869272,0.9709146392,0.719364114,0.8980406082,4.594546448,0.5747323469,0.8226440559,0.9551805342,0.9737542866,0.4964831528,0.7017338304,0.9347009735,0.9739437265,0.9716507922,0.5194820861,0.9427380795,0.0367305913,0.003704669342,0.001197019846,0.0008915420975,0.0007155510908,0.0006581570195,0.0005297425971,0.0004624539677,0.0004240203453
bowphs/LaTa,5,variance,1,665,768,847,858,0.2214510345,0.04131802168,0.006595763283,0.00692196149,0.0008387387437,0.03480096652,0.002738981158,0.001009116449,0.02112027015,0.004672242387,0.6065201441,1.15403609,1.361394123,2.202799614,1.196256511,11.16300244,1.870100465,1.398767187,10.5665004,3.308979858,0.7241464716,0.05368308311,0.006387390419,0.003339384926,0.001350691943,0.01011606957,0.001558779177,0.0009384269516,0.006188563101,0.001776932615,0.7896049463,0.9301232212,0.05599675839,0.006429799856,28.07396922,13.47143933,5.482424818,0.00730291203,0.3830218489,31.26563357,0.9999847552,0.8823407664,0.1137751787,0.04340353347,0.999655566,0.9940015461,0.9995574058,0.9989871447,0.9997837845,0.9995386184,0.999701192,0.9950730165,0.9994770481,0.9989389322,0.9997994175,0.9996043556,0.9301502411,0.9849400386,1.509904143,0.4979225471,0.7108105688,0.9347395901,0.9740108187,0.4964831528,0.7017338304,0.9347009735,0.9739437265,0.9716507922,0.5194820861,0.9427380795,0.0367305913,0.003704669342,0.001197019846,0.0008915420975,0.0007155510908,0.0006581570195,0.0005297425971,0.0004624539677,0.0004240203453
bowphs/LaTa,5,variance,3,665;172;764,768,847,858,0.5570684361,0.2367884311,0.08803662976,0.02440362293,0.02040080824,0.04698365428,0.0151614833,0.01546790827,0.03284429999,0.02201108918,0.1963732179,0.6093681777,9.340599226,1.16908575,2.818798156,2.394114279,6.043918979,2.030657972,8.277434853,1.002280564,0.3976451966,0.04807619909,0.07432700342,0.003005869711,0.005397942673,0.003679662267,0.008544183869,0.002310596501,0.008222174993,0.0009128479367,0.4655620433,0.8977576425,0.06299196848,0.08150218073,48.2773742,29.30211058,25.29894813,1.359028368,30.21098849,52.45969461,0.9999911458,0.6655251463,0.05035135859,0.2749262167,0.9995119779,0.9963435862,0.998118024,0.9970479519,0.9960271028,0.9937047871,0.9996031356,0.9960195802,0.9978927071,0.9974226976,0.9956720042,0.9931991346,0.897772746,0.97474516,1.796918217,0.5158432409,0.7302581089,0.944963975,0.9740851242,0.4964831528,0.7017338304,0.9347009735,0.9739437265,0.9716507922,0.5194820861,0.9427380795,0.0367305913,0.003704669342,0.001197019846,0.0008915420975,0.0007155510908,0.0006581570195,0.0005297425971,0.0004624539677,0.0004240203453
bowphs/LaTa,5,variance,5,665;172;764;252;65,768,847,858,0.7443173259,0.4180392597,0.1721544788,0.02492470857,0.02296180967,0.0499381296,0.04118621165,0.0774243439,0.05214172112,0.04519036813,0.06596207032,0.6863972176,4.384258718,1.206084729,1.493675614,1.15838054,3.918453744,2.246342197,4.564392444,8.566303699,0.2205953888,0.08943644666,0.05761780742,0.005121418567,0.004723993023,0.002940376908,0.009148614841,0.004221355366,0.007487944034,0.01288520299,0.2818959899,0.8627701879,0.1536812374,0.06959970906,59.63717272,43.91264036,35.5279807,17.74904903,40.49802371,65.04115814,0.9996506035,0.5054740706,0.2482412626,0.2251226694,0.9948615094,0.994437393,0.9842884884,0.9810677352,0.9812704392,0.9783551956,0.9961065691,0.9939131373,0.983015374,0.9834807792,0.9792635386,0.9756215628,0.8633256799,0.9587630767,2.215770577,0.5177068557,0.7592817726,0.954799746,0.9740746015,0.4964831528,0.7017338304,0.9347009735,0.9739437265,0.9716507922,0.5194820861,0.9427380795,0.0367305913,0.003704669342,0.001197019846,0.0008915420975,0.0007155510908,0.0006581570195,0.0005297425971,0.0004624539677,0.0004240203453
bowphs/LaTa,5,variance,10,665;172;764;252;65;548;166;507;583;208,768,847,858,0.9195071226,0.6778814105,0.2291282509,0.1163336934,0.08636846511,0.1195315196,0.07970611947,0.1365452522,0.08708120743,0.09040038071,0.006602649034,0.1428139214,4.936302312,0.7971131998,1.304082807,3.393448082,0.9454383156,2.233296612,1.161611862,1.624301048,0.05846377199,0.04926925933,0.1717626651,0.008961875808,0.01092004916,0.02280654124,0.005844404761,0.01111191404,0.005045533776,0.006468905237,0.1064688175,0.7263223021,0.1529537907,0.2228161367,73.53628194,56.97506175,42.95061001,24.68253394,57.41958494,76.25766087,0.9989265847,0.2834081254,0.1570355669,0.4688970446,0.9886145467,0.8501734935,0.9858446795,0.9711186955,0.9846219026,0.975281142,0.9882171889,0.8707994787,0.9824810373,0.9689732176,0.9823946594,0.9706475769,0.7276779597,0.8934371605,4.63901468,0.5777507779,0.8655910733,0.9584331219,0.9746577315,0.4964831528,0.7017338304,0.9347009735,0.9739437265,0.9716507922,0.5194820861,0.9427380795,0.0367305913,0.003704669342,0.001197019846,0.0008915420975,0.0007155510908,0.0006581570195,0.0005297425971,0.0004624539677,0.0004240203453
bowphs/LaTa,6,mean_abs,1,665,768,847,858,0.2232175415,0.04553916832,0.005790206256,0.003671050559,0.002514428723,0.05503242732,0.0001205609832,0.0006988520284,0.02143057367,0.004088992082,0.6039237901,1.114435186,1.387986058,1.684692478,1.64680789,17.98199553,1.043594147,1.27888829,11.48462581,3.127787845,0.715042162,0.06596243852,0.005372634492,0.002387153812,0.001696838945,0.01546533498,0.0007666761152,0.0008517529368,0.006244866089,0.001599397645,0.7891947651,0.9205179059,0.06910963377,0.005403924328,28.19710384,14.2225624,5.151192801,0.005666653916,0.4348294959,31.59926469,0.9999713023,0.8813273372,0.1217393752,0.04079001309,0.9995031498,0.990030738,0.9994257167,0.9981003829,0.9997700927,0.9993218996,0.9995804716,0.9920378496,0.9993026316,0.9982119535,0.9997954595,0.9995142266,0.9205675484,0.9857690029,1.539493369,0.4975435896,0.6797952974,0.9405656424,0.9726277723,0.4957430194,0.670623046,0.9403918174,0.9725739202,0.9636779252,0.5178844976,0.9344018903,0.04671174405,0.003054825363,0.001118263016,0.0008131709962,0.0006787434345,0.0005797816883,0.0005256119428,0.0004291315807,0.0004035555836
bowphs/LaTa,6,mean_abs,3,665;172;764,768,847,858,0.5710808576,0.262936421,0.1016648989,0.0352247965,0.01536515275,0.05919787593,0.01661202282,0.0128047562,0.04503988955,0.03209624222,0.1842021221,0.5816411519,12.47413635,1.298505186,2.087942132,8.476644584,3.034288864,3.026905965,9.745714395,1.123045315,0.3794916651,0.05990390205,0.08401769808,0.003201559331,0.003743469008,0.01268538112,0.003878781557,0.003507826122,0.009221000814,0.0009992508934,0.4535509656,0.8847627152,0.08127372421,0.09352601048,49.08772531,31.18813632,27.88875972,2.251496133,31.88735455,54.1455359,0.9999748675,0.654902728,0.07146365403,0.2964841448,0.9993259005,0.996856827,0.9979684431,0.9961839205,0.9936828917,0.9881111355,0.9994744736,0.9966182999,0.9976022447,0.9969736103,0.9935655661,0.9887180086,0.884803688,0.975481776,1.841466147,0.5142641882,0.699143311,0.9507485195,0.9723951996,0.4957430194,0.670623046,0.9403918174,0.9725739202,0.9636779252,0.5178844976,0.9344018903,0.04671174405,0.003054825363,0.001118263016,0.0008131709962,0.0006787434345,0.0005797816883,0.0005256119428,0.0004291315807,0.0004035555836
bowphs/LaTa,6,mean_abs,5,665;172;764;252;548,768,847,858,0.7398531769,0.3977163565,0.1061397477,0.0429534634,0.02769798318,0.09865341402,0.02493151418,0.01859197615,0.06449293902,0.03452699858,0.06908984095,0.8867898714,9.866430642,2.196724095,1.138080706,1.610465563,8.573500775,1.684671598,8.179602134,1.258471815,0.2230972514,0.1431505844,0.1041580339,0.008489181013,0.003198167896,0.003777490691,0.01717785785,0.003060037842,0.01213022829,0.001755064867,0.289370118,0.8575820715,0.2376796812,0.116526083,59.36812015,46.14155284,34.99572113,13.34305209,35.47977294,67.70365795,0.9989694222,0.5095202609,0.3487183377,0.3235433437,0.9877735229,0.9938482393,0.9809363697,0.9726396965,0.9852594311,0.9801368555,0.9905749098,0.9926411478,0.9781833223,0.9781824315,0.984653071,0.977877999,0.8591879588,0.9619911144,2.178435427,0.5117130488,0.7250648035,0.955506051,0.9716990264,0.4957430194,0.670623046,0.9403918174,0.9725739202,0.9636779252,0.5178844976,0.9344018903,0.04671174405,0.003054825363,0.001118263016,0.0008131709962,0.0006787434345,0.0005797816883,0.0005256119428,0.0004291315807,0.0004035555836
bowphs/LaTa,6,mean_abs,10,665;172;764;252;548;65;166;583;507;208,768,847,858,0.9213918143,0.6922720727,0.2208110742,0.09526862069,0.08509926491,0.1249295147,0.0743931804,0.1181115543,0.1190957956,0.04816400746,0.006288771528,0.1178811203,5.906574121,0.8529267506,1.044181412,3.837772624,1.109437614,2.051366119,1.219111347,1.497284036,0.05585492899,0.05233983099,0.1715078587,0.009066040943,0.008070860044,0.02475978453,0.006114055253,0.01024873778,0.004972740867,0.00574340621,0.1052053974,0.7105485066,0.170084761,0.2201107498,73.74166288,57.63538731,43.47803642,23.47022426,58.89541465,76.33219607,0.9985633147,0.2799687081,0.1444313712,0.4734412372,0.9886556678,0.8233925287,0.9863028145,0.9656278344,0.9841385771,0.9712052922,0.988485756,0.8488043119,0.983352226,0.9647255835,0.983259744,0.9677131401,0.7122370356,0.8978682576,4.612286893,0.5735018127,0.8387874623,0.9606278759,0.9729685017,0.4957430194,0.670623046,0.9403918174,0.9725739202,0.9636779252,0.5178844976,0.9344018903,0.04671174405,0.003054825363,0.001118263016,0.0008131709962,0.0006787434345,0.0005797816883,0.0005256119428,0.0004291315807,0.0004035555836
bowphs/LaTa,6,variance,1,665,768,847,858,0.2232175415,0.04553916832,0.005790206256,0.003671050559,0.002514428723,0.05503242732,0.0001205609832,0.0006988520284,0.02143057367,0.004088992082,0.6039237901,1.114435186,1.387986058,1.684692478,1.64680789,17.98199553,1.043594147,1.27888829,11.48462581,3.127787845,0.715042162,0.06596243852,0.005372634492,0.002387153812,0.001696838945,0.01546533498,0.0007666761152,0.0008517529368,0.006244866089,0.001599397645,0.7891947651,0.9205179059,0.06910963377,0.005403924328,28.19710384,14.2225624,5.151192801,0.005666653916,0.4348294959,31.59926469,0.9999713023,0.8813273372,0.1217393752,0.04079001309,0.9995031498,0.990030738,0.9994257167,0.9981003829,0.9997700927,0.9993218996,0.9995804716,0.9920378496,0.9993026316,0.9982119535,0.9997954595,0.9995142266,0.9205675484,0.9857690029,1.539493369,0.4975435896,0.6797952974,0.9405656424,0.9726277723,0.4957430194,0.670623046,0.9403918174,0.9725739202,0.9636779252,0.5178844976,0.9344018903,0.04671174405,0.003054825363,0.001118263016,0.0008131709962,0.0006787434345,0.0005797816883,0.0005256119428,0.0004291315807,0.0004035555836
bowphs/LaTa,6,variance,3,665;172;764,768,847,858,0.5710808576,0.262936421,0.1016648989,0.0352247965,0.01536515275,0.05919787593,0.01661202282,0.0128047562,0.04503988955,0.03209624222,0.1842021221,0.5816411519,12.47413635,1.298505186,2.087942132,8.476644584,3.034288864,3.026905965,9.745714395,1.123045315,0.3794916651,0.05990390205,0.08401769808,0.003201559331,0.003743469008,0.01268538112,0.003878781557,0.003507826122,0.009221000814,0.0009992508934,0.4535509656,0.8847627152,0.08127372421,0.09352601048,49.08772531,31.18813632,27.88875972,2.251496133,31.88735455,54.1455359,0.9999748675,0.654902728,0.07146365403,0.2964841448,0.9993259005,0.996856827,0.9979684431,0.9961839205,0.9936828917,0.9881111355,0.9994744736,0.9966182999,0.9976022447,0.9969736103,0.9935655661,0.9887180086,0.884803688,0.975481776,1.841466147,0.5142641882,0.699143311,0.9507485195,0.9723951996,0.4957430194,0.670623046,0.9403918174,0.9725739202,0.9636779252,0.5178844976,0.9344018903,0.04671174405,0.003054825363,0.001118263016,0.0008131709962,0.0006787434345,0.0005797816883,0.0005256119428,0.0004291315807,0.0004035555836
bowphs/LaTa,6,variance,5,665;172;764;252;65,768,847,858,0.7508067844,0.4362376977,0.1605023862,0.03686044389,0.02029543625,0.06556646526,0.03374395368,0.06273096977,0.0803509891,0.03989835431,0.06286529552,0.6026947626,5.777899491,1.369564798,1.01525197,3.822164487,3.976950242,1.618025655,4.453651664,2.583049927,0.2119272407,0.1015700377,0.06367932986,0.005525462814,0.00297850158,0.009359596544,0.008318724962,0.003068264122,0.006895231257,0.003760782998,0.2771774444,0.8504534931,0.1801646498,0.07585409275,60.07528252,45.37187869,35.13866172,17.58709632,40.80903018,65.89072623,0.99933715,0.4988616738,0.2639649622,0.2404781499,0.9926210148,0.994198477,0.985781562,0.979258467,0.9829605877,0.976719654,0.9943214624,0.9933813685,0.9833128796,0.9831020435,0.9819671196,0.9754038396,0.851469646,0.9603198948,2.246856048,0.5158920671,0.7292608788,0.9568316799,0.9724485122,0.4957430194,0.670623046,0.9403918174,0.9725739202,0.9636779252,0.5178844976,0.9344018903,0.04671174405,0.003054825363,0.001118263016,0.0008131709962,0.0006787434345,0.0005797816883,0.0005256119428,0.0004291315807,0.0004035555836
bowphs/LaTa,6,variance,10,665;172;764;252;65;548;507;166;583;208,768,847,858,0.9213918143,0.6922720727,0.2208110742,0.09526862069,0.08509926491,0.1249295147,0.0743931804,0.1181115543,0.1190957956,0.04816400746,0.006288771528,0.1178811203,5.906574121,0.8529267506,1.044181412,3.837772624,1.109437614,2.051366119,1.219111347,1.497284036,0.05585492899,0.05233983099,0.1715078587,0.009066040943,0.008070860044,0.02475978453,0.006114055253,0.01024873778,0.004972740867,0.00574340621,0.1052053974,0.7105485066,0.170084761,0.2201107498,73.74166288,57.63538731,43.47803642,23.47022426,58.89541465,76.33219607,0.9985633147,0.2799687081,0.1444313712,0.4734412372,0.9886556678,0.8233925287,0.9863028145,0.9656278344,0.9841385771,0.9712052922,0.988485756,0.8488043119,0.983352226,0.9647255835,0.983259744,0.9677131401,0.7122370356,0.8978682576,4.612286893,0.5735018127,0.8387874623,0.9606278759,0.9729685017,0.4957430194,0.670623046,0.9403918174,0.9725739202,0.9636779252,0.5178844976,0.9344018903,0.04671174405,0.003054825363,0.001118263016,0.0008131709962,0.0006787434345,0.0005797816883,0.0005256119428,0.0004291315807,0.0004035555836
bowphs/LaTa,7,mean_abs,1,665,768,847,858,0.2221146816,0.05076391177,0.005288186287,0.005863605068,0.001529703915,0.06760799187,2.764947468e-05,6.536039737e-05,0.01904094398,0.008303318854,0.605668599,1.138554088,1.370010455,2.012855067,1.372685311,20.5946637,1.010045423,1.025445185,9.898118049,5.188533555,0.7183977991,0.06414824596,0.005072386672,0.00306948741,0.001489090039,0.01880458629,0.0007367342544,0.0006982832055,0.005619836833,0.002729928956,0.7896011923,0.9235266203,0.06757881074,0.005099353001,28.12111516,15.00852945,4.949035929,0.009170779417,0.5254813188,31.83123791,0.9999718283,0.8819532246,0.1276458637,0.03884103607,0.9994803779,0.9847669635,0.9993733698,0.9975644117,0.9997271048,0.9991780129,0.9995671122,0.9871049765,0.9992275151,0.9976131578,0.999761508,0.9994553502,0.9235756943,0.9858023334,1.527325506,0.4991908271,0.6897620645,0.9440201811,0.9730312674,0.4975369433,0.6793521686,0.9437935713,0.9729340859,0.9618220744,0.5168254503,0.9365645827,0.04448759352,0.002923454013,0.001204096092,0.000856559957,0.0007209694692,0.0005759406781,0.0005376837884,0.0004483104608,0.0004154459321
bowphs/LaTa,7,mean_abs,3,665;764;172,768,847,858,0.5841171795,0.270344104,0.1053709653,0.05577203809,0.0184859769,0.07099450642,0.02119380081,0.0107794798,0.05014361648,0.02419676554,0.1732019999,0.5787264432,13.73290393,1.570244279,2.855873288,11.53624491,3.92771404,3.589726401,8.784763096,1.886939191,0.3683965223,0.05847054335,0.09117663032,0.004293913144,0.005555480035,0.01888888099,0.005137389615,0.004383420965,0.008944041709,0.001780316859,0.4403267918,0.8858180816,0.0801344081,0.1019155726,49.84393148,31.72409512,29.21701568,4.09104675,32.3620862,55.21911023,0.999972219,0.6448718583,0.07751614692,0.3096804177,0.999243483,0.9959722968,0.9975469355,0.9947079656,0.9870341826,0.9820775295,0.9994034898,0.9956125557,0.9970615602,0.9954064407,0.9869874467,0.9829085055,0.8858635256,0.974773973,1.849205068,0.5168360233,0.710595076,0.9542715469,0.9720339231,0.4975369433,0.6793521686,0.9437935713,0.9729340859,0.9618220744,0.5168254503,0.9365645827,0.04448759352,0.002923454013,0.001204096092,0.000856559957,0.0007209694692,0.0005759406781,0.0005376837884,0.0004483104608,0.0004154459321
bowphs/LaTa,7,mean_abs,5,665;764;172;252;548,768,847,858,0.7560656245,0.3941510323,0.1100807117,0.06448470552,0.03926061157,0.1230883703,0.02948432808,0.01217158679,0.06039059813,0.03268594473,0.06083744228,0.9138898547,10.30345493,1.686305588,1.116429515,1.647549105,8.927279675,2.180572527,10.86161721,0.9937244734,0.2082699499,0.1486109139,0.1101024739,0.00742190448,0.003495481533,0.004341833613,0.01879380987,0.004285637301,0.01779882368,0.001509031938,0.2735785637,0.853794999,0.2452936654,0.1237218648,60.43912959,46.34620206,36.08231993,14.95590462,35.40677228,68.66501214,0.9988880434,0.4933479383,0.3588134921,0.3349647289,0.9868844328,0.9935762448,0.9798097277,0.9665494718,0.9753117349,0.9741232151,0.9899961665,0.9920267164,0.976157669,0.9723111641,0.9735234582,0.9733258945,0.855519088,0.9598385952,2.237385784,0.5144346009,0.7369629153,0.9584801424,0.9712851298,0.4975369433,0.6793521686,0.9437935713,0.9729340859,0.9618220744,0.5168254503,0.9365645827,0.04448759352,0.002923454013,0.001204096092,0.000856559957,0.0007209694692,0.0005759406781,0.0005376837884,0.0004483104608,0.0004154459321
bowphs/LaTa,7,mean_abs,10,665;764;172;252;548;65;583;166;507;208,768,847,858,0.9224745524,0.7145520665,0.2166533508,0.1047271386,0.09419195816,0.143741445,0.07564140177,0.1395080604,0.1173565472,0.03591213129,0.006103063776,0.1018822619,6.165207102,0.8710361559,1.019133229,3.363451298,1.000142812,1.423535202,0.951202208,1.179175066,0.05564037313,0.04412064851,0.1754479636,0.01020943537,0.008497538184,0.02360513088,0.005607175718,0.007450742401,0.004151032346,0.00476866916,0.1027296019,0.7177046354,0.1545663616,0.2239723164,73.85116812,58.79525652,45.55657505,22.70890714,61.26550658,76.38898932,0.9989206879,0.2781334026,0.1281290615,0.4728636995,0.9903905673,0.8283148536,0.9827367651,0.9569116865,0.9689258863,0.9650139558,0.9901571674,0.8526345863,0.9796791306,0.9601513077,0.9654152731,0.9623568659,0.7190108307,0.8954978281,4.64694958,0.575945712,0.8584053602,0.9637914963,0.9713969387,0.4975369433,0.6793521686,0.9437935713,0.9729340859,0.9618220744,0.5168254503,0.9365645827,0.04448759352,0.002923454013,0.001204096092,0.000856559957,0.0007209694692,0.0005759406781,0.0005376837884,0.0004483104608,0.0004154459321
bowphs/LaTa,7,variance,1,665,768,847,858,0.2221146816,0.05076391177,0.005288186287,0.005863605068,0.001529703915,0.06760799187,2.764947468e-05,6.536039737e-05,0.01904094398,0.008303318854,0.605668599,1.138554088,1.370010455,2.012855067,1.372685311,20.5946637,1.010045423,1.025445185,9.898118049,5.188533555,0.7183977991,0.06414824596,0.005072386672,0.00306948741,0.001489090039,0.01880458629,0.0007367342544,0.0006982832055,0.005619836833,0.002729928956,0.7896011923,0.9235266203,0.06757881074,0.005099353001,28.12111516,15.00852945,4.949035929,0.009170779417,0.5254813188,31.83123791,0.9999718283,0.8819532246,0.1276458637,0.03884103607,0.9994803779,0.9847669635,0.9993733698,0.9975644117,0.9997271048,0.9991780129,0.9995671122,0.9871049765,0.9992275151,0.9976131578,0.999761508,0.9994553502,0.9235756943,0.9858023334,1.527325506,0.4991908271,0.6897620645,0.9440201811,0.9730312674,0.4975369433,0.6793521686,0.9437935713,0.9729340859,0.9618220744,0.5168254503,0.9365645827,0.04448759352,0.002923454013,0.001204096092,0.000856559957,0.0007209694692,0.0005759406781,0.0005376837884,0.0004483104608,0.0004154459321
bowphs/LaTa,7,variance,3,665;172;764,768,847,858,0.5841171795,0.270344104,0.1053709653,0.05577203809,0.0184859769,0.07099450642,0.02119380081,0.0107794798,0.05014361648,0.02419676554,0.1732019999,0.5787264432,13.73290393,1.570244279,2.855873288,11.53624491,3.92771404,3.589726401,8.784763096,1.886939191,0.3683965223,0.05847054335,0.09117663032,0.004293913144,0.005555480035,0.01888888099,0.005137389615,0.004383420965,0.008944041709,0.001780316859,0.4403267918,0.8858180816,0.0801344081,0.1019155726,49.84393148,31.72409512,29.21701568,4.09104675,32.3620862,55.21911023,0.999972219,0.6448718583,0.07751614692,0.3096804177,0.999243483,0.9959722968,0.9975469355,0.9947079656,0.9870341826,0.9820775295,0.9994034898,0.9956125557,0.9970615602,0.9954064407,0.9869874467,0.9829085055,0.8858635256,0.974773973,1.849205068,0.5168360233,0.710595076,0.9542715469,0.9720339231,0.4975369433,0.6793521686,0.9437935713,0.9729340859,0.9618220744,0.5168254503,0.9365645827,0.04448759352,0.002923454013,0.001204096092,0.000856559957,0.0007209694692,0.0005759406781,0.0005376837884,0.0004483104608,0.0004154459321
bowphs/LaTa,7,variance,5,665;172;764;252;65,768,847,858,0.7634940354,0.4340631541,0.1412874461,0.05951378687,0.02436309257,0.08072192026,0.04039544738,0.07865609823,0.09214035581,0.02551040273,0.05668419872,0.6243045444,6.826472803,1.230773481,1.149617703,4.381390216,4.711612109,2.39664158,3.836110421,2.899430443,0.2005172798,0.1049028947,0.07537801441,0.005597464385,0.003719317667,0.01193111057,0.01024942129,0.004867232523,0.006495641302,0.004549663403,0.2647572965,0.8478318091,0.185361486,0.08778026368,60.9235682,45.51839159,34.77037995,17.4577559,40.12797216,66.77848114,0.9992949695,0.4859759195,0.2728428524,0.2691598439,0.992039161,0.9935790293,0.9854850855,0.974984383,0.9741237867,0.971825826,0.9939797829,0.9925380048,0.9823742391,0.9784546424,0.9723878346,0.97080099,0.8489100208,0.9585193364,2.296673672,0.5189382675,0.7407470665,0.9585375988,0.9720267602,0.4975369433,0.6793521686,0.9437935713,0.9729340859,0.9618220744,0.5168254503,0.9365645827,0.04448759352,0.002923454013,0.001204096092,0.000856559957,0.0007209694692,0.0005759406781,0.0005376837884,0.0004483104608,0.0004154459321
bowphs/LaTa,7,variance,10,665;172;764;252;65;548;507;166;583;208,768,847,858,0.9224745524,0.7145520665,0.2166533508,0.1047271386,0.09419195816,0.143741445,0.07564140177,0.1395080604,0.1173565472,0.03591213129,0.006103063776,0.1018822619,6.165207102,0.8710361559,1.019133229,3.363451298,1.000142812,1.423535202,0.951202208,1.179175066,0.05564037313,0.04412064851,0.1754479636,0.01020943537,0.008497538184,0.02360513088,0.005607175718,0.007450742401,0.004151032346,0.00476866916,0.1027296019,0.7177046354,0.1545663616,0.2239723164,73.85116812,58.79525652,45.55657505,22.70890714,61.26550658,76.38898932,0.9989206879,0.2781334026,0.1281290615,0.4728636995,0.9903905673,0.8283148536,0.9827367651,0.9569116865,0.9689258863,0.9650139558,0.9901571674,0.8526345863,0.9796791306,0.9601513077,0.9654152731,0.9623568659,0.7190108307,0.8954978281,4.64694958,0.575945712,0.8584053602,0.9637914963,0.9713969387,0.4975369433,0.6793521686,0.9437935713,0.9729340859,0.9618220744,0.5168254503,0.9365645827,0.04448759352,0.002923454013,0.001204096092,0.000856559957,0.0007209694692,0.0005759406781,0.0005376837884,0.0004483104608,0.0004154459321
bowphs/LaTa,8,mean_abs,1,665,768,847,858,0.221636418,0.05585357387,0.004410975611,0.002045495372,0.007398912473,0.08193789951,9.637053777e-05,0.0006336098557,0.007671116436,0.01183189696,0.6063064615,1.248039481,1.413448987,1.356687471,2.959124856,25.2467768,1.040509135,1.273093991,4.993415726,7.469961339,0.7312813781,0.05227982479,0.003983594893,0.002075340099,0.002992627119,0.02286456492,0.000664702508,0.0007932521296,0.00257808973,0.003672290964,0.7875218883,0.9395112966,0.05537258135,0.004001244284,28.08681967,15.69285975,4.561594814,0.01485278244,0.6870551385,32.06964363,0.9999841693,0.8822351944,0.1315279791,0.03542066239,0.9995923951,0.9817610023,0.999422046,0.9976819936,0.9996527186,0.9989711091,0.9996594757,0.9834163552,0.9992879373,0.9977031919,0.9997015688,0.9993241083,0.9395398142,0.9868105496,1.441338946,0.5027893712,0.7153809711,0.9518056263,0.9731983592,0.5018866851,0.7035474329,0.9516894702,0.9730663277,0.9645094393,0.5164735675,0.9498498339,0.03298894543,0.002219512838,0.001204681099,0.0007964379586,0.0007132136305,0.0005030881102,0.0004906970103,0.0004065958463,0.0003871518717
bowphs/LaTa,8,mean_abs,3,665;764;172,768,847,858,0.5958076958,0.2645658409,0.1035987632,0.07522033424,0.02505338069,0.08639938339,0.01324010298,0.01566651096,0.04600602064,0.01220587665,0.1635495259,0.5993479931,18.02948494,1.59493489,1.776772124,13.06657753,4.383582542,5.138604509,2.98823204,5.156733528,0.3656753063,0.04654133978,0.09419598129,0.00452279026,0.003331003397,0.02193677988,0.005191162635,0.005935400087,0.002860017225,0.004699454471,0.4248235726,0.9047062562,0.06328416922,0.1050823866,50.5242255,31.31995219,30.18981115,7.462787593,32.18515407,55.85899423,0.9999853854,0.6357519092,0.0740728785,0.3143669068,0.9994269737,0.9953316789,0.9973624266,0.9939191558,0.9719391797,0.9701330141,0.9995368763,0.9946832427,0.9968939149,0.9948242308,0.9730393264,0.9703726872,0.9047311792,0.9757600187,1.743025934,0.5189761139,0.7393220848,0.9597707225,0.97119222,0.5018866851,0.7035474329,0.9516894702,0.9730663277,0.9645094393,0.5164735675,0.9498498339,0.03298894543,0.002219512838,0.001204681099,0.0007964379586,0.0007132136305,0.0005030881102,0.0004906970103,0.0004065958463,0.0003871518717
bowphs/LaTa,8,mean_abs,5,665;764;172;252;548,768,847,858,0.7662777928,0.3834078769,0.110649852,0.08406210521,0.03890606598,0.1379828382,0.01643874811,0.02028751628,0.05399527852,0.01814834314,0.05554235459,1.080744332,12.54441647,1.443495101,1.368460962,1.82282674,2.08186338,10.47154611,9.533055853,3.884336242,0.2038497759,0.137759767,0.1075818792,0.006719213043,0.004211292082,0.005023379927,0.004046944794,0.01985432934,0.01497704296,0.005810709725,0.2588028172,0.8721883054,0.2234212242,0.1209668424,61.10915002,45.26994456,36.80554397,17.8974449,35.18337109,68.84659723,0.99936771,0.4831425672,0.347474878,0.3331272131,0.9905098032,0.993366201,0.9835133474,0.9708759286,0.9496774574,0.9593072645,0.9928510866,0.9922721014,0.980140852,0.9749018035,0.9472086487,0.9557475437,0.8732106029,0.9606125161,2.125433187,0.5164474437,0.7699658908,0.9623150533,0.9699230715,0.5018866851,0.7035474329,0.9516894702,0.9730663277,0.9645094393,0.5164735675,0.9498498339,0.03298894543,0.002219512838,0.001204681099,0.0007964379586,0.0007132136305,0.0005030881102,0.0004906970103,0.0004065958463,0.0003871518717
bowphs/LaTa,8,mean_abs,10,665;764;172;252;548;65;583;166;507;208,768,847,858,0.9222765921,0.7113768036,0.2140250678,0.1115850643,0.08266975667,0.1577225498,0.1551205176,0.06653995013,0.09478464556,0.0248288591,0.006115152918,0.1164601929,7.464665667,0.8813339386,0.8984829793,2.811913911,1.222641267,1.035125572,1.113429733,1.134485374,0.05855568386,0.038730466,0.1670224335,0.01070334133,0.007213874614,0.02021754598,0.0062008309,0.005120510185,0.004563862344,0.004427790347,0.09919578427,0.75338544,0.1341904132,0.2125035121,73.82234373,58.7015147,49.54960255,28.50095541,61.77314038,76.59111304,0.9993809506,0.2786165975,0.1345213001,0.4538384854,0.9927541783,0.8286749062,0.982829297,0.9564715937,0.8596796602,0.8952779396,0.9925419323,0.8536097428,0.9799921354,0.9612789464,0.8484741037,0.8856825272,0.7542099493,0.8996382531,4.220441639,0.572750215,0.8880559724,0.9656515228,0.9665462689,0.5018866851,0.7035474329,0.9516894702,0.9730663277,0.9645094393,0.5164735675,0.9498498339,0.03298894543,0.002219512838,0.001204681099,0.0007964379586,0.0007132136305,0.0005030881102,0.0004906970103,0.0004065958463,0.0003871518717
bowphs/LaTa,8,variance,1,665,768,847,858,0.221636418,0.05585357387,0.004410975611,0.002045495372,0.007398912473,0.08193789951,9.637053777e-05,0.0006336098557,0.007671116436,0.01183189696,0.6063064615,1.248039481,1.413448987,1.356687471,2.959124856,25.2467768,1.040509135,1.273093991,4.993415726,7.469961339,0.7312813781,0.05227982479,0.003983594893,0.002075340099,0.002992627119,0.02286456492,0.000664702508,0.0007932521296,0.00257808973,0.003672290964,0.7875218883,0.9395112966,0.05537258135,0.004001244284,28.08681967,15.69285975,4.561594814,0.01485278244,0.6870551385,32.06964363,0.9999841693,0.8822351944,0.1315279791,0.03542066239,0.9995923951,0.9817610023,0.999422046,0.9976819936,0.9996527186,0.9989711091,0.9996594757,0.9834163552,0.9992879373,0.9977031919,0.9997015688,0.9993241083,0.9395398142,0.9868105496,1.441338946,0.5027893712,0.7153809711,0.9518056263,0.9731983592,0.5018866851,0.7035474329,0.9516894702,0.9730663277,0.9645094393,0.5164735675,0.9498498339,0.03298894543,0.002219512838,0.001204681099,0.0007964379586,0.0007132136305,0.0005030881102,0.0004906970103,0.0004065958463,0.0003871518717
bowphs/LaTa,8,variance,3,665;764;172,768,847,858,0.5958076958,0.2645658409,0.1035987632,0.07522033424,0.02505338069,0.08639938339,0.01324010298,0.01566651096,0.04600602064,0.01220587665,0.1635495259,0.5993479931,18.02948494,1.59493489,1.776772124,13.06657753,4.383582542,5.138604509,2.98823204,5.156733528,0.3656753063,0.04654133978,0.09419598129,0.00452279026,0.003331003397,0.02193677988,0.005191162635,0.005935400087,0.002860017225,0.004699454471,0.4248235726,0.9047062562,0.06328416922,0.1050823866,50.5242255,31.31995219,30.18981115,7.462787593,32.18515407,55.85899423,0.9999853854,0.6357519092,0.0740728785,0.3143669068,0.9994269737,0.9953316789,0.9973624266,0.9939191558,0.9719391797,0.9701330141,0.9995368763,0.9946832427,0.9968939149,0.9948242308,0.9730393264,0.9703726872,0.9047311792,0.9757600187,1.743025934,0.5189761139,0.7393220848,0.9597707225,0.97119222,0.5018866851,0.7035474329,0.9516894702,0.9730663277,0.9645094393,0.5164735675,0.9498498339,0.03298894543,0.002219512838,0.001204681099,0.0007964379586,0.0007132136305,0.0005030881102,0.0004906970103,0.0004065958463,0.0003871518717
bowphs/LaTa,8,variance,5,665;764;172;252;65,768,847,858,0.7701506536,0.425883952,0.1406768527,0.08104206674,0.03014556544,0.1010048881,0.07921003477,0.03248979537,0.0793900615,0.01542623751,0.0533605566,0.7292796885,8.692736929,1.112784298,0.9445050649,4.041137929,1.860882503,4.895038399,1.579494827,4.650011915,0.1998164458,0.0948458817,0.07606241769,0.005284927246,0.002965597243,0.0113626397,0.003690786585,0.009469464984,0.002531844758,0.007097270478,0.2536553767,0.8693365844,0.1652033278,0.08851433588,61.36414617,44.80503323,36.07586513,19.70254789,39.93847258,67.09869494,0.9996143677,0.4792411773,0.2649018235,0.2743757502,0.9942849171,0.993418396,0.9875273803,0.9772714239,0.947978442,0.9556420627,0.9957279566,0.9924932443,0.9845969657,0.9796746709,0.9457504247,0.9526490356,0.8699562821,0.9598213097,2.156443029,0.5199942727,0.7742695537,0.962938914,0.9705678038,0.5018866851,0.7035474329,0.9516894702,0.9730663277,0.9645094393,0.5164735675,0.9498498339,0.03298894543,0.002219512838,0.001204681099,0.0007964379586,0.0007132136305,0.0005030881102,0.0004906970103,0.0004065958463,0.0003871518717
bowphs/LaTa,8,variance,10,665;764;172;252;65;548;166;507;583;208,768,847,858,0.9222765921,0.7113768036,0.2140250678,0.1115850643,0.08266975667,0.1577225498,0.1551205176,0.06653995013,0.09478464556,0.0248288591,0.006115152918,0.1164601929,7.464665667,0.8813339386,0.8984829793,2.811913911,1.222641267,1.035125572,1.113429733,1.134485374,0.05855568386,0.038730466,0.1670224335,0.01070334133,0.007213874614,0.02021754598,0.0062008309,0.005120510185,0.004563862344,0.004427790347,0.09919578427,0.75338544,0.1341904132,0.2125035121,73.82234373,58.7015147,49.54960255,28.50095541,61.77314038,76.59111304,0.9993809506,0.2786165975,0.1345213001,0.4538384854,0.9927541783,0.8286749062,0.982829297,0.9564715937,0.8596796602,0.8952779396,0.9925419323,0.8536097428,0.9799921354,0.9612789464,0.8484741037,0.8856825272,0.7542099493,0.8996382531,4.220441639,0.572750215,0.8880559724,0.9656515228,0.9665462689,0.5018866851,0.7035474329,0.9516894702,0.9730663277,0.9645094393,0.5164735675,0.9498498339,0.03298894543,0.002219512838,0.001204681099,0.0007964379586,0.0007132136305,0.0005030881102,0.0004906970103,0.0004065958463,0.0003871518717
bowphs/LaTa,9,mean_abs,1,764,768,847,858,0.1962452454,0.2079295572,0.09262777517,0.05180399088,0.0003816684576,0.002302051282,0.0008750742679,0.000288434428,0.009748379094,0.0200155627,0.6477282426,1.641214947,9.497524326,8.581518296,1.079671606,1.555248365,1.29328137,1.100924441,5.095006908,9.843414838,0.757491986,0.07737323074,0.02428327799,0.01386407178,0.001227856588,0.001532694525,0.0009193565522,0.0007498034242,0.002893171567,0.00531553011,0.8066660104,0.942441686,0.09768478479,0.02676220114,26.30092294,30.83854924,26.86009594,0.04361796057,10.60986991,45.37851584,0.9999504615,0.8964792931,0.2338706188,0.148690456,0.9985846959,0.9941054226,0.9961516217,0.9913728186,0.95336257,0.9559433046,0.9989194925,0.9951048391,0.9952301377,0.9921060543,0.9561499033,0.9567280768,0.9425316058,0.9857957756,1.436772478,0.5029383866,0.7300602193,0.9630393341,0.9713026942,0.502605732,0.7014067937,0.9597918775,0.9742447514,0.9647606896,0.5178162786,0.943363278,0.0380293608,0.002062484317,0.001303228063,0.0009173809606,0.000794967933,0.0005734356803,0.0005493936862,0.0004580608442,0.0004356067013
bowphs/LaTa,9,mean_abs,3,764;665;172,768,847,858,0.5985395772,0.2755656737,0.1041982856,0.07422851747,0.03183294288,0.07794794046,0.02027781975,0.0100246797,0.01793491417,0.05142611056,0.1613716222,0.5837360471,19.70663192,1.61693924,1.038966745,13.38496424,4.45714693,2.894912807,2.310759304,7.279737385,0.3587443452,0.05231358361,0.09578157905,0.004965843822,0.002246106281,0.02507527811,0.006023107238,0.003747987072,0.002494346668,0.00747290046,0.4243469327,0.8935982847,0.0722130105,0.1069227459,50.68419744,32.0948226,32.38688699,11.40968275,32.84865202,56.49322641,0.999976694,0.6335942788,0.08136741749,0.3189478625,0.9993315686,0.9947540583,0.9974616888,0.9937781918,0.9471943484,0.9517366218,0.9994791555,0.9945225342,0.9969699556,0.9946848766,0.9492966543,0.9506340327,0.8936370776,0.9732131856,1.830638693,0.5204724481,0.7381698375,0.9654096113,0.9713308384,0.502605732,0.7014067937,0.9597918775,0.9742447514,0.9647606896,0.5178162786,0.943363278,0.0380293608,0.002062484317,0.001303228063,0.0009173809606,0.000794967933,0.0005734356803,0.0005493936862,0.0004580608442,0.0004356067013
bowphs/LaTa,9,mean_abs,5,764;665;172;252;548,768,847,858,0.7696061199,0.380874299,0.113224377,0.08132972509,0.04282428034,0.127693686,0.021138143,0.01379127093,0.02220014281,0.05608451023,0.05410578739,0.9722778799,13.08198464,1.333580595,1.886939897,1.964875845,3.284084389,6.871601825,1.097017221,13.65398664,0.1972433716,0.1428858295,0.1042663136,0.006716135044,0.006689405441,0.006036211573,0.007277441947,0.01458886078,0.001941852971,0.02298443091,0.2587737806,0.8561137627,0.2307864611,0.1175791383,61.34331164,45.24657218,39.66439405,22.48249445,35.24115642,69.20357099,0.9990972244,0.4795602985,0.3508226134,0.3296653559,0.9887780842,0.9904725291,0.9833595403,0.9696916771,0.9020842796,0.9249642475,0.9914409638,0.9901150464,0.9800179209,0.9737182331,0.8981442768,0.9203445642,0.8575263538,0.9565232695,2.276356811,0.5189751082,0.7656178265,0.9666871043,0.9694070726,0.502605732,0.7014067937,0.9597918775,0.9742447514,0.9647606896,0.5178162786,0.943363278,0.0380293608,0.002062484317,0.001303228063,0.0009173809606,0.000794967933,0.0005734356803,0.0005493936862,0.0004580608442,0.0004356067013
bowphs/LaTa,9,mean_abs,10,764;665;172;252;548;65;583;166;507;208,768,847,858,0.9204432045,0.7247631696,0.211298145,0.1025535093,0.08299465205,0.1594856602,0.13441656,0.05330607598,0.03663383092,0.09640429167,0.006413197876,0.1075632707,8.10370486,0.9227486046,0.9649243376,2.101960358,1.350317398,1.058588488,2.017278738,0.9030011115,0.05886135113,0.03979785317,0.1626113632,0.01169985396,0.008612308995,0.0162573873,0.007533506988,0.005658319301,0.008990124383,0.003827008769,0.1027834947,0.739865787,0.1445949407,0.2061759614,73.63017136,59.69961889,58.60145411,36.42539813,64.2309844,77.49517581,0.9992133214,0.281836253,0.1421390798,0.4522023969,0.9919729783,0.8221347737,0.9827264356,0.9513193779,0.662104112,0.7238442494,0.9919542247,0.8470123897,0.9800691275,0.9565459759,0.6373631892,0.6927969044,0.7408829755,0.8931545787,4.521033418,0.5708097236,0.896560892,0.9685194254,0.9636222995,0.502605732,0.7014067937,0.9597918775,0.9742447514,0.9647606896,0.5178162786,0.943363278,0.0380293608,0.002062484317,0.001303228063,0.0009173809606,0.000794967933,0.0005734356803,0.0005493936862,0.0004580608442,0.0004356067013
bowphs/LaTa,9,variance,1,665,768,847,858,0.2206192911,0.05875343738,0.004301799569,0.001846600727,0.01429425446,0.0754147904,1.086950008e-06,7.704843473e-06,0.001143557272,0.01678354686,0.6079859064,1.207678458,1.430408219,1.294549121,4.251068908,20.8166667,1.000396797,1.002936458,1.523187143,9.076153427,0.7264586592,0.05817130028,0.003736707277,0.002136866467,0.004939537574,0.02096038355,0.0007266000625,0.0006979037129,0.0008837203594,0.005007659686,0.7895171602,0.9320973061,0.06180240396,0.003752851292,28.01732584,16.12033368,4.546913716,0.0185421997,0.9057431961,32.18263758,0.9999775439,0.8828055876,0.1354011274,0.03484230762,0.9995024337,0.9644729487,0.9993350228,0.9969973171,0.9995386633,0.9987905891,0.999581607,0.9692837105,0.9991961435,0.9972370819,0.9996023013,0.9990841569,0.9321371727,0.9854899232,1.490332849,0.5033623762,0.7133453392,0.9599574974,0.9743914629,0.502605732,0.7014067937,0.9597918775,0.9742447514,0.9647606896,0.5178162786,0.943363278,0.0380293608,0.002062484317,0.001303228063,0.0009173809606,0.000794967933,0.0005734356803,0.0005493936862,0.0004580608442,0.0004356067013
bowphs/LaTa,9,variance,3,665;764;172,768,847,858,0.5985395772,0.2755656737,0.1041982856,0.07422851747,0.03183294288,0.07794794046,0.02027781975,0.0100246797,0.01793491417,0.05142611056,0.1613716222,0.5837360471,19.70663192,1.61693924,1.038966745,13.38496424,4.45714693,2.894912807,2.310759304,7.279737385,0.3587443452,0.05231358361,0.09578157905,0.004965843822,0.002246106281,0.02507527811,0.006023107238,0.003747987072,0.002494346668,0.00747290046,0.4243469327,0.8935982847,0.0722130105,0.1069227459,50.68419744,32.0948226,32.38688699,11.40968275,32.84865202,56.49322641,0.999976694,0.6335942788,0.08136741749,0.3189478625,0.9993315686,0.9947540583,0.9974616888,0.9937781918,0.9471943484,0.9517366218,0.9994791555,0.9945225342,0.9969699556,0.9946848766,0.9492966543,0.9506340327,0.8936370776,0.9732131856,1.830638693,0.5204724481,0.7381698375,0.9654096113,0.9713308384,0.502605732,0.7014067937,0.9597918775,0.9742447514,0.9647606896,0.5178162786,0.943363278,0.0380293608,0.002062484317,0.001303228063,0.0009173809606,0.000794967933,0.0005734356803,0.0005493936862,0.0004580608442,0.0004356067013
bowphs/LaTa,9,variance,5,665;764;172;252;65,768,847,858,0.7725248567,0.4201406176,0.1396221651,0.08160847099,0.03578438137,0.107850417,0.08358302617,0.01695207309,0.02089958349,0.07128444068,0.05235939684,0.6865191414,9.314064928,1.118966253,0.9778295691,2.582921851,1.115447713,3.459950057,2.270409917,6.031178058,0.1941152535,0.1026024517,0.07549461554,0.005730908493,0.003525323291,0.008069505815,0.002513737889,0.007470326022,0.004087083457,0.01032482655,0.2544567279,0.8533470985,0.1769436777,0.08774588614,61.53173814,44.70391545,38.35525163,23.06255965,39.7353009,67.44763407,0.9994304072,0.4766718795,0.2726858183,0.275186511,0.9930337292,0.9909455227,0.9878688069,0.9765490476,0.9095821022,0.9270978632,0.9947298286,0.9904156792,0.9850625559,0.9791299261,0.9068107243,0.9225184708,0.8542325048,0.9558080956,2.307564138,0.5223215199,0.7692122612,0.9671999857,0.9701125091,0.502605732,0.7014067937,0.9597918775,0.9742447514,0.9647606896,0.5178162786,0.943363278,0.0380293608,0.002062484317,0.001303228063,0.0009173809606,0.000794967933,0.0005734356803,0.0005493936862,0.0004580608442,0.0004356067013
bowphs/LaTa,9,variance,10,665;764;172;252;65;548;166;507;583;208,768,847,858,0.9204432045,0.7247631696,0.211298145,0.1025535093,0.08299465205,0.1594856602,0.13441656,0.05330607598,0.03663383092,0.09640429167,0.006413197876,0.1075632707,8.10370486,0.9227486046,0.9649243376,2.101960358,1.350317398,1.058588488,2.017278738,0.9030011115,0.05886135113,0.03979785317,0.1626113632,0.01169985396,0.008612308995,0.0162573873,0.007533506988,0.005658319301,0.008990124383,0.003827008769,0.1027834947,0.739865787,0.1445949407,0.2061759614,73.63017136,59.69961889,58.60145411,36.42539813,64.2309844,77.49517581,0.9992133214,0.281836253,0.1421390798,0.4522023969,0.9919729783,0.8221347737,0.9827264356,0.9513193779,0.662104112,0.7238442494,0.9919542247,0.8470123897,0.9800691275,0.9565459759,0.6373631892,0.6927969044,0.7408829755,0.8931545787,4.521033418,0.5708097236,0.896560892,0.9685194254,0.9636222995,0.502605732,0.7014067937,0.9597918775,0.9742447514,0.9647606896,0.5178162786,0.943363278,0.0380293608,0.002062484317,0.001303228063,0.0009173809606,0.000794967933,0.0005734356803,0.0005493936862,0.0004580608442,0.0004356067013
bowphs/LaTa,10,mean_abs,1,764,768,847,858,0.2004131303,0.204220886,0.06951158337,0.0738239583,0.0006210208988,0.001988408426,0.001041866377,8.624739282e-05,0.002179258965,0.03102670305,0.6409886362,1.692787127,7.654050117,9.305653919,1.113716832,1.41558631,1.290393504,1.027458635,1.805709995,13.01312969,0.7518728359,0.07682876036,0.01916818997,0.01988917505,0.001472439365,0.001641888108,0.001124970261,0.0007848932761,0.001188869029,0.008183189049,0.8033828202,0.9403266416,0.09654533401,0.0206001382,26.59994835,30.61828724,31.70917878,0.07487762801,20.42707811,45.4756751,0.9999535071,0.8941546405,0.2345491346,0.1305833799,0.9986213112,0.9914392324,0.9960091787,0.991168798,0.8745827188,0.8948859144,0.9989483921,0.9923174699,0.9950480966,0.9918054595,0.8711355196,0.8909773792,0.9404109432,0.9837595489,1.470937864,0.5053360995,0.7534765484,0.965477195,0.9642389882,0.5049459452,0.7215085969,0.9634472198,0.971792135,0.9705249864,0.5186233214,0.9423594823,0.03646229651,0.002011927579,0.001717087448,0.001062148345,0.0009318150998,0.0007003923828,0.0006137179178,0.0005289426077,0.0005052000289
bowphs/LaTa,10,mean_abs,3,764;665;172,768,847,858,0.5987364202,0.2735173494,0.08360974399,0.08788657569,0.03697106661,0.0699929934,0.02603729639,0.01239645931,0.005081374164,0.06233977526,0.1612018633,0.5870509382,17.82054369,3.19235087,0.9692337928,11.1924978,4.853427197,2.469830511,2.632238277,3.501129484,0.357247141,0.05033868943,0.08431704802,0.01289095617,0.002421005766,0.02452668542,0.007994145218,0.003564659515,0.003274280274,0.004159619822,0.4252241292,0.8903054227,0.06929097259,0.09200997879,50.69557673,31.94721223,40.84610381,24.29802684,33.69404813,57.52943241,0.9999793509,0.6334406117,0.07956578526,0.2994372863,0.9993724467,0.9941554255,0.997220367,0.9930332629,0.8032312619,0.8274327721,0.9995067108,0.9936927924,0.9966737593,0.9939270253,0.7919803286,0.8113834036,0.8903397618,0.9695602486,1.901982674,0.5226782641,0.7618958903,0.9671999903,0.9620712676,0.5049459452,0.7215085969,0.9634472198,0.971792135,0.9705249864,0.5186233214,0.9423594823,0.03646229651,0.002011927579,0.001717087448,0.001062148345,0.0009318150998,0.0007003923828,0.0006137179178,0.0005289426077,0.0005052000289
bowphs/LaTa,10,mean_abs,5,764;665;172;252;548,768,847,858,0.7693877622,0.377063498,0.08979804235,0.09421266353,0.04733214143,0.1281520404,0.02851864978,0.01546016066,0.005403283101,0.07495576336,0.05413799635,0.983041086,12.49316423,1.521417999,2.193577784,1.405442174,3.113295623,5.447713606,2.356646491,11.81665234,0.195901341,0.1376367197,0.09651691196,0.01003135475,0.008946575701,0.005028765115,0.008372986689,0.01283812785,0.004786539184,0.02292326371,0.2604242215,0.8494837171,0.2209482334,0.1060390072,61.32564038,44.77140421,48.99773149,33.26112256,36.46543593,70.12407984,0.9991876414,0.4798309185,0.3443452267,0.3191196529,0.9895903254,0.9862677619,0.9836094232,0.9697024992,0.7057333047,0.7385787181,0.9920491575,0.9857138853,0.980424502,0.9735715835,0.678648544,0.7030288661,0.8507477445,0.950787856,2.41657684,0.5226528077,0.7910710949,0.9679408894,0.960974438,0.5049459452,0.7215085969,0.9634472198,0.971792135,0.9705249864,0.5186233214,0.9423594823,0.03646229651,0.002011927579,0.001717087448,0.001062148345,0.0009318150998,0.0007003923828,0.0006137179178,0.0005289426077,0.0005052000289
bowphs/LaTa,10,mean_abs,10,764;665;172;252;548;65;583;166;507;208,768,847,858,0.9176370945,0.7260365647,0.1885446884,0.114539949,0.08962227139,0.165419471,0.1499681946,0.05478491825,0.02754551268,0.1165836094,0.006871551933,0.112837384,7.723414801,1.556057091,1.086982642,1.568510201,1.098396043,1.026027794,1.984324172,0.8361340246,0.06035877101,0.03835005382,0.1448407131,0.02490501978,0.01076159727,0.01362341674,0.007170828304,0.005869442856,0.009783407093,0.003937388001,0.1072830347,0.7328392636,0.1399823804,0.1784949966,73.33454939,59.8950885,60.91150577,39.89938298,64.77491515,77.50163782,0.9992805236,0.2867829001,0.1475865613,0.4274878442,0.9922378011,0.8350458542,0.9808208583,0.9459049825,0.5397139431,0.5918184646,0.9922272133,0.859457072,0.9781689027,0.9526715109,0.4959277971,0.5470410841,0.7337709655,0.883477389,4.890515239,0.568263866,0.9169431432,0.9689930891,0.9611560659,0.5049459452,0.7215085969,0.9634472198,0.971792135,0.9705249864,0.5186233214,0.9423594823,0.03646229651,0.002011927579,0.001717087448,0.001062148345,0.0009318150998,0.0007003923828,0.0006137179178,0.0005289426077,0.0005052000289
bowphs/LaTa,10,variance,1,665,768,847,858,0.2186320258,0.06010534945,0.003574269707,0.000843418234,0.01963925848,0.06797596695,4.101018651e-06,0.0005272778251,0.002093723397,0.009441744839,0.6110764928,1.223255078,1.363011335,1.100657764,4.813324603,16.06392294,1.001211812,1.177958649,1.820567857,4.875182037,0.7274186905,0.05634213752,0.003464049464,0.002387354918,0.006458067809,0.01890834986,0.00088580811,0.0009132109736,0.001216431607,0.003111189589,0.7916399934,0.930955343,0.05994516245,0.003476475324,27.87962863,16.27824858,4.248575766,0.05287853576,1.247163261,32.09625833,0.9999793373,0.8839319455,0.1358541464,0.03157632073,0.9995172181,0.9654695116,0.999315658,0.9968778393,0.9994060598,0.9991327891,0.9995944326,0.9684062255,0.9991791291,0.9971100768,0.9994700491,0.9992498051,0.9309920621,0.9835281855,1.520676872,0.5056249607,0.734756505,0.9636101793,0.9720484774,0.5049459452,0.7215085969,0.9634472198,0.971792135,0.9705249864,0.5186233214,0.9423594823,0.03646229651,0.002011927579,0.001717087448,0.001062148345,0.0009318150998,0.0007003923828,0.0006137179178,0.0005289426077,0.0005052000289
bowphs/LaTa,10,variance,3,665;764;172,768,847,858,0.5987364202,0.2735173494,0.08360974399,0.08788657569,0.03697106661,0.0699929934,0.02603729639,0.01239645931,0.005081374164,0.06233977526,0.1612018633,0.5870509382,17.82054369,3.19235087,0.9692337928,11.1924978,4.853427197,2.469830511,2.632238277,3.501129484,0.357247141,0.05033868943,0.08431704802,0.01289095617,0.002421005766,0.02452668542,0.007994145218,0.003564659515,0.003274280274,0.004159619822,0.4252241292,0.8903054227,0.06929097259,0.09200997879,50.69557673,31.94721223,40.84610381,24.29802684,33.69404813,57.52943241,0.9999793509,0.6334406117,0.07956578526,0.2994372863,0.9993724467,0.9941554255,0.997220367,0.9930332629,0.8032312619,0.8274327721,0.9995067108,0.9936927924,0.9966737593,0.9939270253,0.7919803286,0.8113834036,0.8903397618,0.9695602486,1.901982674,0.5226782641,0.7618958903,0.9671999903,0.9620712676,0.5049459452,0.7215085969,0.9634472198,0.971792135,0.9705249864,0.5186233214,0.9423594823,0.03646229651,0.002011927579,0.001717087448,0.001062148345,0.0009318150998,0.0007003923828,0.0006137179178,0.0005289426077,0.0005052000289
bowphs/LaTa,10,variance,5,665;764;172;252;65,768,847,858,0.7720749385,0.4169162042,0.1143493093,0.09320904294,0.04244225017,0.1053945063,0.07936430401,0.02055864822,0.007116588354,0.08267363994,0.05252919498,0.6976282551,8.880726015,1.754105202,1.034234834,1.747626842,0.877638613,2.52380016,3.954774376,3.217948918,0.1930872684,0.09922117573,0.06969427488,0.01174855187,0.00428489936,0.006352062152,0.002397692171,0.006041712498,0.008159556464,0.006341307322,0.2563679387,0.8471524241,0.1701662376,0.07869273474,61.49923258,44.39733604,47.57531799,32.95210731,41.26177258,68.27516118,0.9994879773,0.477170531,0.268711694,0.2659229512,0.9934962628,0.9870571444,0.9877582508,0.9761032871,0.723506613,0.7548675626,0.9950684011,0.9861857327,0.9850862972,0.9787617346,0.6982241968,0.7208678387,0.8479449293,0.9500784619,2.447179047,0.5255500225,0.7951444181,0.9684903967,0.9613797844,0.5049459452,0.7215085969,0.9634472198,0.971792135,0.9705249864,0.5186233214,0.9423594823,0.03646229651,0.002011927579,0.001717087448,0.001062148345,0.0009318150998,0.0007003923828,0.0006137179178,0.0005289426077,0.0005052000289
bowphs/LaTa,10,variance,10,665;764;172;252;65;548;166;507;583;208,768,847,858,0.9176370945,0.7260365647,0.1885446884,0.114539949,0.08962227139,0.165419471,0.1499681946,0.05478491825,0.02754551268,0.1165836094,0.006871551933,0.112837384,7.723414801,1.556057091,1.086982642,1.568510201,1.098396043,1.026027794,1.984324172,0.8361340246,0.06035877101,0.03835005382,0.1448407131,0.02490501978,0.01076159727,0.01362341674,0.007170828304,0.005869442856,0.009783407093,0.003937388001,0.1072830347,0.7328392636,0.1399823804,0.1784949966,73.33454939,59.8950885,60.91150577,39.89938298,64.77491515,77.50163782,0.9992805236,0.2867829001,0.1475865613,0.4274878442,0.9922378011,0.8350458542,0.9808208583,0.9459049825,0.5397139431,0.5918184646,0.9922272133,0.859457072,0.9781689027,0.9526715109,0.4959277971,0.5470410841,0.7337709655,0.883477389,4.890515239,0.568263866,0.9169431432,0.9689930891,0.9611560659,0.5049459452,0.7215085969,0.9634472198,0.971792135,0.9705249864,0.5186233214,0.9423594823,0.03646229651,0.002011927579,0.001717087448,0.001062148345,0.0009318150998,0.0007003923828,0.0006137179178,0.0005289426077,0.0005052000289
bowphs/LaTa,11,mean_abs,1,764,768,847,858,0.2037548849,0.200687811,0.02305530414,0.118652834,0.0002689973533,0.0002630525144,0.003913226395,0.00114768004,0.02274740895,0.0138320111,0.6356394988,1.713884012,2.921437365,12.45714086,1.042618032,1.047112092,1.917956087,1.312821439,7.907726254,5.360688395,0.7452658312,0.07657591293,0.008499783197,0.03138214045,0.001613606094,0.001435641695,0.002012937966,0.001187191218,0.006423374862,0.004195368743,0.8010935089,0.9359753888,0.09580225847,0.008700372942,26.83820918,30.39932836,17.1238111,0.09271238495,11.92652631,41.06344965,0.9999543473,0.8922849406,0.2348610595,0.07604088958,0.998624912,0.9879548073,0.9956817292,0.9902347388,0.9632165664,0.9638521385,0.9989529388,0.9887614013,0.9947019237,0.991348146,0.9580981379,0.9599707267,0.9360578042,0.9808277893,1.526794209,0.5082200467,0.7779057682,0.9667595425,0.9607837205,0.5082717069,0.7429007126,0.9656679445,0.9572949627,0.9728696723,0.5141839929,0.9392550665,0.03579265945,0.002330743499,0.002018121919,0.00123981106,0.001098338232,0.0008407656201,0.0007244330035,0.000650721047,0.000626949828
bowphs/LaTa,11,mean_abs,3,764;665;172,768,847,858,0.5985606875,0.2722463519,0.04443250298,0.1232044435,0.0276349004,0.06118775269,0.05101443015,0.007364998279,0.03339028318,0.03442833405,0.1613369541,0.5849884102,1.165506428,18.38394254,0.9755341489,9.945180158,6.530768176,1.188849648,1.600855994,3.37654505,0.354554875,0.0489899833,0.006355873076,0.08680647368,0.002829854094,0.02555729095,0.01284710499,0.002015075033,0.002437323531,0.004953035003,0.4273994303,0.8832091524,0.06731671277,0.006651411958,50.68519596,31.83237098,16.2464891,8.649340407,33.64309015,51.04003349,0.9999817059,0.6335807958,0.07580325637,0.02642908858,0.9993959792,0.9933304564,0.9967859794,0.9918102453,0.9822198509,0.9821790954,0.9995180878,0.9929080012,0.9962069156,0.993129733,0.9813274567,0.9820121169,0.8832393754,0.9643552855,2.018111391,0.5264637569,0.7871614787,0.9681205562,0.9608670676,0.5082717069,0.7429007126,0.9656679445,0.9572949627,0.9728696723,0.5141839929,0.9392550665,0.03579265945,0.002330743499,0.002018121919,0.00123981106,0.001098338232,0.0008407656201,0.0007244330035,0.000650721047,0.000626949828
bowphs/LaTa,11,mean_abs,5,764;665;172;252;548,768,847,858,0.7712432653,0.3736109859,0.04459059377,0.130983704,0.04296402359,0.118861423,0.05561870859,0.00809602315,0.03852660653,0.04430976102,0.05323534107,0.9683079407,1.167542769,12.33265649,3.059192215,1.251050128,5.666186481,1.697849095,1.571803426,10.13493444,0.1913243904,0.1326154773,0.01041247642,0.09523372792,0.01451272689,0.005257721326,0.01822856826,0.004706348313,0.003913630642,0.02431310816,0.2613444304,0.8363661537,0.2117142451,0.01089844453,61.45080052,44.31510889,16.0816957,9.694878069,36.65496873,64.93585073,0.9992222549,0.4779132183,0.337562546,0.04053037183,0.989981687,0.9783777285,0.9826431973,0.9674818722,0.9831507751,0.9829949408,0.9923431368,0.9777888579,0.9794781109,0.972208496,0.9823979041,0.9828682096,0.837556398,0.9422915097,2.653768333,0.5276371661,0.8181312288,0.9689901842,0.9618657147,0.5082717069,0.7429007126,0.9656679445,0.9572949627,0.9728696723,0.5141839929,0.9392550665,0.03579265945,0.002330743499,0.002018121919,0.00123981106,0.001098338232,0.0008407656201,0.0007244330035,0.000650721047,0.000626949828
bowphs/LaTa,11,mean_abs,10,764;665;172;252;548;65;166;583;208;507,768,847,858,0.9173335228,0.7151374471,0.07108361764,0.2109041127,0.089327364,0.1612793176,0.182984289,0.08088793186,0.07730088212,0.08261420434,0.00692395923,0.1221465882,0.9559611807,8.085109049,1.241603174,1.334094103,0.8951405055,0.9171858573,1.626731054,1.229570663,0.05855685981,0.03936543363,0.02006201123,0.1469173248,0.01386047299,0.01319356911,0.006776506899,0.005982673574,0.009531260551,0.00694106339,0.1110606649,0.7083507344,0.138190974,0.02159721974,73.30380693,59.28749601,18.99475999,15.57234524,57.75490479,74.07483887,0.9992316732,0.2872968782,0.1518040824,0.02400843065,0.9920301369,0.8386552865,0.9762260496,0.9346511471,0.9863328269,0.9853883662,0.9920375519,0.8632623443,0.9730057272,0.9441559713,0.9870845081,0.9870629328,0.7093088186,0.8674871321,5.679502955,0.5689850385,0.9295391767,0.9695138579,0.9637462082,0.5082717069,0.7429007126,0.9656679445,0.9572949627,0.9728696723,0.5141839929,0.9392550665,0.03579265945,0.002330743499,0.002018121919,0.00123981106,0.001098338232,0.0008407656201,0.0007244330035,0.000650721047,0.000626949828
bowphs/LaTa,11,variance,1,665,768,847,858,0.2165466054,0.06183584123,0.003834153338,0.0004660952228,0.01506009434,0.06076645922,0.0002262807887,0.003276298273,0.0007302716214,0.009009140177,0.6143449806,1.231801297,1.330813465,1.046589025,3.469260878,12.26228969,1.054924898,1.924009791,1.229453242,3.938706127,0.7265139099,0.05551146623,0.003905348016,0.002659326423,0.005415524664,0.01695726262,0.001116720684,0.001754904867,0.001007290976,0.0031090982,0.7942403135,0.9273224355,0.05917031227,0.003920379351,27.73479291,16.48964326,4.379725136,0.0573486851,1.206673611,32.09031997,0.9999798444,0.8851111868,0.13682089,0.03251687215,0.9995163289,0.9635666163,0.9992784002,0.9965546372,0.9994146108,0.9993223736,0.9995954867,0.9666053169,0.9991397555,0.9967695472,0.9994163246,0.9994270804,0.9273581478,0.9806868213,1.574097461,0.508511422,0.7578134341,0.9658576746,0.9574199044,0.5082717069,0.7429007126,0.9656679445,0.9572949627,0.9728696723,0.5141839929,0.9392550665,0.03579265945,0.002330743499,0.002018121919,0.00123981106,0.001098338232,0.0008407656201,0.0007244330035,0.000650721047,0.000626949828
bowphs/LaTa,11,variance,3,665;764;172,768,847,858,0.5985606875,0.2722463519,0.04443250298,0.1232044435,0.0276349004,0.06118775269,0.05101443015,0.007364998279,0.03339028318,0.03442833405,0.1613369541,0.5849884102,1.165506428,18.38394254,0.9755341489,9.945180158,6.530768176,1.188849648,1.600855994,3.37654505,0.354554875,0.0489899833,0.006355873076,0.08680647368,0.002829854094,0.02555729095,0.01284710499,0.002015075033,0.002437323531,0.004953035003,0.4273994303,0.8832091524,0.06731671277,0.006651411958,50.68519596,31.83237098,16.2464891,8.649340407,33.64309015,51.04003349,0.9999817059,0.6335807958,0.07580325637,0.02642908858,0.9993959792,0.9933304564,0.9967859794,0.9918102453,0.9822198509,0.9821790954,0.9995180878,0.9929080012,0.9962069156,0.993129733,0.9813274567,0.9820121169,0.8832393754,0.9643552855,2.018111391,0.5264637569,0.7871614787,0.9681205562,0.9608670676,0.5082717069,0.7429007126,0.9656679445,0.9572949627,0.9728696723,0.5141839929,0.9392550665,0.03579265945,0.002330743499,0.002018121919,0.00123981106,0.001098338232,0.0008407656201,0.0007244330035,0.000650721047,0.000626949828
bowphs/LaTa,11,variance,5,665;764;172;252;65,768,847,858,0.7733946971,0.4126734044,0.04604326351,0.1494218673,0.04025179638,0.1061432487,0.1135110501,0.007874659124,0.05470132579,0.04325667826,0.05190676206,0.6957013443,1.073942054,9.4814536,1.314592925,1.325790474,1.531517464,1.451705232,1.539505086,7.528814768,0.1890943287,0.09658013981,0.009708370667,0.07421528203,0.006321466133,0.005647835177,0.004994222845,0.004078943487,0.003885500782,0.018307558,0.2578273478,0.834465594,0.1644402629,0.01017695069,61.58874484,44.03577204,16.2150832,11.46918662,39.35928111,63.96856681,0.9995088939,0.4757969977,0.2646180317,0.02636575615,0.9936881271,0.9806946487,0.9866204092,0.9736901527,0.9824324209,0.9823846564,0.9951738659,0.9794103064,0.9839348056,0.9774685807,0.9816410809,0.9822727577,0.8352139865,0.941597783,2.6830848,0.5308793476,0.8224387246,0.9693415505,0.9624363244,0.5082717069,0.7429007126,0.9656679445,0.9572949627,0.9728696723,0.5141839929,0.9392550665,0.03579265945,0.002330743499,0.002018121919,0.00123981106,0.001098338232,0.0008407656201,0.0007244330035,0.000650721047,0.000626949828
bowphs/LaTa,11,variance,10,665;764;172;252;65;548;166;583;507;208,768,847,858,0.9173335228,0.7151374471,0.07108361764,0.2109041127,0.089327364,0.1612793176,0.182984289,0.08088793186,0.07730088212,0.08261420434,0.00692395923,0.1221465882,0.9559611807,8.085109049,1.241603174,1.334094103,0.8951405055,0.9171858573,1.626731054,1.229570663,0.05855685981,0.03936543363,0.02006201123,0.1469173248,0.01386047299,0.01319356911,0.006776506899,0.005982673574,0.009531260551,0.00694106339,0.1110606649,0.7083507344,0.138190974,0.02159721974,73.30380693,59.28749601,18.99475999,15.57234524,57.75490479,74.07483887,0.9992316732,0.2872968782,0.1518040824,0.02400843065,0.9920301369,0.8386552865,0.9762260496,0.9346511471,0.9863328269,0.9853883662,0.9920375519,0.8632623443,0.9730057272,0.9441559713,0.9870845081,0.9870629328,0.7093088186,0.8674871321,5.679502955,0.5689850385,0.9295391767,0.9695138579,0.9637462082,0.5082717069,0.7429007126,0.9656679445,0.9572949627,0.9728696723,0.5141839929,0.9392550665,0.03579265945,0.002330743499,0.002018121919,0.00123981106,0.001098338232,0.0008407656201,0.0007244330035,0.000650721047,0.000626949828
bowphs/LaTa,12,mean_abs,1,354,768,847,858,0.006303321078,0.01129007723,0.0004941378597,0.008914189799,0.0001304018093,0.0003227081139,0.002605507615,0.001547453899,0.0001295065111,0.001653761842,0.9875471437,0.9778528606,0.9990342692,0.9826296492,0.9997479372,0.9993792404,0.9950043307,0.9970459507,0.9997540586,0.9968822644,0.08005022627,0.05042189308,0.04330430172,0.03782080236,0.02949674689,0.02586776607,0.02380851793,0.02166214701,0.01958873795,0.01717906758,0.9980262429,0.08055800927,0.05099766061,0.04332571059,4.645795997,6.521290336,1.818243893,0.04861465748,0.9330290792,7.939915078,0.9998706923,0.9967144578,0.02267760869,0.003696834424,0.9997597157,0.9996896344,0.9990387949,0.99899066,0.9997426537,0.9997172623,0.9997445479,0.9996605153,0.9991512217,0.9991268466,0.9997427298,0.9997178338,0.08056658879,0.3507466052,132.5715771,0.9379142726,0.9592779905,0.9709541848,0.9703383075,0.9375956856,0.9592538505,0.9707201584,0.9699596517,0.9713791206,0.9813883395,0.08089965839,0.05146211106,0.04326060764,0.03841340766,0.0294459497,0.02583274531,0.02388082641,0.02168344516,0.0195548839,0.01719878153
bowphs/LaTa,12,mean_abs,3,354;270;382,768,847,858,0.01171384728,0.01402632137,0.001226111114,0.01563324688,0.0001326085267,0.0005953855453,0.00433182865,0.002457418876,0.0005614095699,0.008228745606,0.9769814237,0.9727071774,0.9975968713,0.969920107,0.9997421828,0.998824348,0.9918512997,0.995294267,0.9988903589,0.9846614488,0.079350076,0.05025555474,0.04332734196,0.03740530074,0.02955479396,0.02590442971,0.02377991356,0.02166676842,0.01961044353,0.01700195912,0.996060337,0.08029058768,0.05097048312,0.04338053131,6.360472112,7.465132373,2.633352723,1.134788251,2.356238243,9.508795109,0.999717099,0.9938445842,0.03302004484,0.003748304533,0.9994598747,0.9993627393,0.9983437746,0.9983372846,0.9995165703,0.9995205882,0.9994317267,0.9992986123,0.9985472921,0.9985607095,0.9995244685,0.999534935,0.08030956349,0.3504078385,132.7160737,0.9385926848,0.9593688638,0.9710564447,0.9704930527,0.9375956856,0.9592538505,0.9707201584,0.9699596517,0.9713791206,0.9813883395,0.08089965839,0.05146211106,0.04326060764,0.03841340766,0.0294459497,0.02583274531,0.02388082641,0.02168344516,0.0195548839,0.01719878153
bowphs/LaTa,12,mean_abs,5,354;270;382;333;399,768,847,858,0.01495356145,0.02397172971,0.002448745813,0.01794278546,0.0009662619306,0.00245358293,0.008240092119,0.00365373263,0.002929184674,0.01232539658,0.9707579253,0.9537320951,0.9951729043,0.9658432477,0.9980855011,0.9951839612,0.984061783,0.9928677414,0.9943159157,0.9776026322,0.07899708225,0.04937048731,0.0433056515,0.03732010883,0.02956287936,0.02585993022,0.02363878421,0.0216557438,0.01955838772,0.01691272006,0.9941377871,0.08019630259,0.05058305052,0.04341195635,7.263646101,9.862250002,3.196175718,2.037097715,3.222643939,11.65896292,0.9994758741,0.9919748648,0.04698128589,0.001560888012,0.9990340045,0.9988653367,0.9969041091,0.996989082,0.9996016022,0.9995873772,0.9989814484,0.9987617899,0.9972115593,0.9972264998,0.999609371,0.9995909807,0.08023075896,0.3498895132,132.8872562,0.9390648515,0.959477633,0.9712006582,0.9706547826,0.9375956856,0.9592538505,0.9707201584,0.9699596517,0.9713791206,0.9813883395,0.08089965839,0.05146211106,0.04326060764,0.03841340766,0.0294459497,0.02583274531,0.02388082641,0.02168344516,0.0195548839,0.01719878153
bowphs/LaTa,12,mean_abs,10,354;270;382;333;399;206;615;750;619;178,768,847,858,0.0193098898,0.02668817784,0.009092098849,0.05663976516,0.002886567734,0.008857911475,0.01213163896,0.02168287933,0.007946719708,0.01546769364,0.962227094,0.9483274504,0.9820573142,0.8918347742,0.9943654366,0.9827662531,0.9764203065,0.9589618439,0.9847818124,0.9717538559,0.07880943825,0.0494082967,0.04301138353,0.03468336291,0.02964323172,0.02570246402,0.02360696289,0.02105152567,0.01949616643,0.0169202944,0.9877477232,0.08036120425,0.05076307056,0.04340603549,8.20270855,10.03098347,5.52991397,3.396742914,5.789071536,11.93501588,0.9994663189,0.9897694873,0.04923903387,0.0039450992,0.9990089343,0.9988216138,0.998136408,0.9981348439,0.9998155343,0.9997695166,0.9989371053,0.9987229379,0.9982440849,0.9982503305,0.9997990162,0.9997472436,0.08039518306,0.349101193,133.0275281,0.9413332138,0.9595260592,0.9710415155,0.970459542,0.9375956856,0.9592538505,0.9707201584,0.9699596517,0.9713791206,0.9813883395,0.08089965839,0.05146211106,0.04326060764,0.03841340766,0.0294459497,0.02583274531,0.02388082641,0.02168344516,0.0195548839,0.01719878153
bowphs/LaTa,12,variance,1,162,768,847,858,0.003628198533,0.00350031151,0.003817326301,0.0002965930525,0.01961145239,0.01913545762,0.0001108396852,0.00735351309,0.0001173732546,0.00540028386,0.9929082343,0.993249059,0.9926892652,0.9994351569,0.963221946,0.9644482554,0.9997953585,0.9865378746,0.9997872869,0.9903520547,0.08062188887,0.05130301974,0.04310256442,0.03853316006,0.02846748521,0.02500614026,0.02396390763,0.02147035463,0.01962275677,0.01709560424,0.996329137,0.08091546625,0.05148322707,0.04326773147,3.496074707,3.657822457,3.976276953,0.06768096166,0.6095761519,6.170518681,0.9999546439,0.9981389785,0.009319135881,0.007595673684,0.9998533377,0.9998008968,0.9995463892,0.9995261375,0.9993203767,0.9992035081,0.999846052,0.9997871025,0.9996140761,0.9996176356,0.9992923023,0.9991782946,0.08091951786,0.3511284368,132.430175,0.9378636272,0.9596363871,0.9709458265,0.9706684205,0.9375956856,0.9592538505,0.9707201584,0.9699596517,0.9713791206,0.9813883395,0.08089965839,0.05146211106,0.04326060764,0.03841340766,0.0294459497,0.02583274531,0.02388082641,0.02168344516,0.0195548839,0.01719878153
bowphs/LaTa,12,variance,3,162;66;547,768,847,858,0.00628771728,0.007140109733,0.03566682544,0.002063091756,0.02600775205,0.02377886476,0.00144140486,0.01086817101,0.01430588535,0.006326420737,0.9876937622,0.9861733506,0.931311704,0.9960205807,0.9512749724,0.9555344806,0.9972702221,0.9797132588,0.9730724081,0.9884785409,0.08059902904,0.05119194981,0.04063951229,0.03859330385,0.02825481369,0.02489876101,0.0240227662,0.021428318,0.01919381087,0.01714848416,0.9913777984,0.08110901962,0.05156009454,0.04214260523,4.616508159,4.999376656,11.50026392,2.63688876,5.08374787,11.98310827,0.9999042447,0.99675573,0.003283632561,0.02407098841,0.9997374329,0.9996830186,0.9994646465,0.9994842116,0.9971261933,0.9971115812,0.9997658192,0.9996889751,0.999481912,0.9995238779,0.9971146477,0.9973540939,0.08111722288,0.3504130889,132.6284802,0.9378945232,0.9597108823,0.9709000676,0.9704111616,0.9375956856,0.9592538505,0.9707201584,0.9699596517,0.9713791206,0.9813883395,0.08089965839,0.05146211106,0.04326060764,0.03841340766,0.0294459497,0.02583274531,0.02388082641,0.02168344516,0.0195548839,0.01719878153
bowphs/LaTa,12,variance,5,162;66;547;433;107,768,847,858,0.02259984437,0.007397142486,0.03693897041,0.01143446552,0.03053374192,0.02399784246,0.008540539072,0.02459483788,0.01615386057,0.009942045296,0.9558118611,0.9856962224,0.9287875127,0.9778376915,0.9427021772,0.9550325042,0.9838647793,0.9538875422,0.9697545322,0.9823073364,0.07836439169,0.05140795798,0.04072008224,0.03806705433,0.02813194369,0.02500278454,0.0238113725,0.02096163364,0.01921837765,0.01712161514,0.9867345536,0.08017636507,0.05179106386,0.04228193333,8.680090039,5.12365108,11.68986413,4.864651401,8.284597377,12.02983919,0.9999098631,0.9885463894,0.008073729593,0.01582555632,0.999595159,0.9995494801,0.9993892565,0.9994389483,0.9969255848,0.9969196467,0.9995721569,0.9995186343,0.9993962271,0.999483544,0.9969439338,0.9972021627,0.08018482232,0.3496607367,132.924374,0.9382150118,0.9595916201,0.9708814198,0.9704992603,0.9375956856,0.9592538505,0.9707201584,0.9699596517,0.9713791206,0.9813883395,0.08089965839,0.05146211106,0.04326060764,0.03841340766,0.0294459497,0.02583274531,0.02388082641,0.02168344516,0.0195548839,0.01719878153
bowphs/LaTa,12,variance,10,162;66;547;433;107;56;594;219;241;427,768,847,858,0.05083320984,0.01010249395,0.0488559783,0.01505527788,0.05819693537,0.03962694903,0.01930437333,0.03666218845,0.02877048421,0.02422279335,0.9020018028,0.9804310505,0.9060808882,0.9709883,0.8910900884,0.9269414786,0.9628593371,0.9332662851,0.9459160255,0.9577647246,0.07480268899,0.05172110222,0.04018118143,0.03823489913,0.02689739964,0.02454629759,0.02357085384,0.02074421379,0.01896142365,0.01688572196,0.9755215849,0.07880879289,0.05224894689,0.04224510749,13.09192824,6.048056318,12.96157856,5.377507763,12.92535379,13.31921863,0.9997495257,0.974007888,0.0242697712,0.001531784257,0.9990152881,0.9989502943,0.999285882,0.9993362962,0.9982677298,0.9981934373,0.9987811508,0.9986879616,0.9993213147,0.9993870315,0.9982075353,0.9983116387,0.07882981072,0.3484892903,133.3099846,0.9375619669,0.9593231437,0.9707835527,0.9703020358,0.9375956856,0.9592538505,0.9707201584,0.9699596517,0.9713791206,0.9813883395,0.08089965839,0.05146211106,0.04326060764,0.03841340766,0.0294459497,0.02583274531,0.02388082641,0.02168344516,0.0195548839,0.01719878153
bowphs/PhilTa,1,mean_abs,1,239,768,847,858,0.001410176281,0.0252630364,0.002276310677,0.00168702302,0.06918436116,0.005433082902,0.114676575,0.001097451218,0.01764657594,0.004322239247,0.997400978,0.953712842,0.9959854561,0.9970967435,0.8829970359,0.9910153232,0.8112267898,0.9982592825,0.9730623718,0.9937377789,0.06009047107,0.05374676441,0.0398422248,0.03378588682,0.02703663897,0.02706006623,0.02167751177,0.02280865615,0.01943261658,0.01704887615,0.990632656,0.06017532889,0.05513976223,0.039933125,3.764222408,10.22056156,3.509721581,0.01326872318,0.8487840691,10.37919982,0.9985469696,0.9978426576,0.05853279508,0.00334027742,0.9982835007,0.9984892879,0.9942411887,0.9913005395,0.9988924028,0.9987516847,0.9982587316,0.9983707812,0.9944349963,0.9916345488,0.9989077345,0.9987252557,0.06019385591,0.3288330984,139.6493781,0.9452886599,0.9748502112,0.9803932693,0.9766924127,0.939341053,0.9741128159,0.9802108803,0.9765001341,0.9768425366,0.9764516211,0.0596826996,0.05582739126,0.03962809771,0.03356685598,0.03033235264,0.02704961735,0.02647157531,0.02263439972,0.01978350528,0.01699560369
bowphs/PhilTa,1,mean_abs,3,239;509;742,768,847,858,0.01206024183,0.05581069,0.02016902934,0.04979954527,0.08376607281,0.02320461633,0.1861167461,0.008528740702,0.08397602127,0.02734079204,0.977167112,0.8969417871,0.9637144068,0.9130318361,0.8581680537,0.9619581395,0.7029542574,0.9863548013,0.858445843,0.9594092441,0.05968174969,0.05124315227,0.03908191381,0.03136323356,0.0266380657,0.02662818377,0.01904281281,0.02284685314,0.01737962459,0.0166864803,0.9771826648,0.06041031267,0.05427211654,0.03988638345,10.41262778,17.04412848,10.97898544,4.279365699,8.635667249,16.15482253,0.9895166662,0.9835316612,0.1562492795,0.01349608765,0.9876973408,0.9900061512,0.9810017196,0.9698301133,0.9888910214,0.9882583005,0.9878952422,0.9896935261,0.9802615662,0.9685723296,0.9895023282,0.9884187818,0.06056219764,0.3252954282,141.02152,0.9468146079,0.9759255361,0.9810288892,0.97711576,0.939341053,0.9741128159,0.9802108803,0.9765001341,0.9768425366,0.9764516211,0.0596826996,0.05582739126,0.03962809771,0.03356685598,0.03033235264,0.02704961735,0.02647157531,0.02263439972,0.01978350528,0.01699560369
bowphs/PhilTa,1,mean_abs,5,239;509;742;210;73,768,847,858,0.01731680596,0.09792093607,0.04904849448,0.07284041303,0.1574316591,0.02750232235,0.2122747148,0.02409823229,0.1201246018,0.04241431505,0.9672058328,0.8257584189,0.9162014721,0.8775970912,0.7626306593,0.9561657302,0.6860647843,0.9584458257,0.8184407955,0.9315928201,0.05977665122,0.04773803735,0.03759745306,0.03050493162,0.02395436003,0.02678295646,0.01880654986,0.02246470743,0.01676697541,0.016395586,0.9656856649,0.0608300331,0.05292001473,0.03953666706,12.13326737,21.83888696,16.49455034,5.448620327,15.20552629,20.59800933,0.986237899,0.9776613621,0.1817720534,0.009091241914,0.9834974533,0.9871115117,0.970581585,0.9566785568,0.9722398886,0.9673051044,0.9836670184,0.986479184,0.9701542192,0.955899228,0.9739814755,0.9683209411,0.0610721345,0.3220465669,142.3082314,0.9485744863,0.9762822369,0.9814057691,0.978158749,0.939341053,0.9741128159,0.9802108803,0.9765001341,0.9768425366,0.9764516211,0.0596826996,0.05582739126,0.03962809771,0.03356685598,0.03033235264,0.02704961735,0.02647157531,0.02263439972,0.01978350528,0.01699560369
bowphs/PhilTa,1,mean_abs,10,239;509;742;210;73;547;23;470;672;451,768,847,858,0.04523586735,0.2217550475,0.08767008245,0.1242704918,0.1888594576,0.03652879693,0.2377740355,0.0551720035,0.1652073422,0.06121596129,0.9147976513,0.6218567767,0.8531841912,0.7903207814,0.7090138053,0.9401750478,0.652844579,0.9065022771,0.7436798258,0.9015763555,0.05798491606,0.03687051794,0.03590769748,0.02817445992,0.02284032717,0.02700917877,0.01835401666,0.02179111302,0.01562538678,0.01627348776,0.9415826931,0.06073218932,0.0473764948,0.0393582374,13.33824698,32.33001693,30.00436306,11.38980184,19.67295781,32.26693656,0.9958088713,0.9730250895,0.0968554061,0.04852760477,0.9928057854,0.9927262545,0.9374176406,0.9219098831,0.8973681455,0.8861134441,0.9926782236,0.9916369046,0.9337743437,0.9117701861,0.9045651542,0.8890847268,0.0608848823,0.3149753798,145.4223681,0.9510627389,0.9768284027,0.9800947242,0.9793482942,0.939341053,0.9741128159,0.9802108803,0.9765001341,0.9768425366,0.9764516211,0.0596826996,0.05582739126,0.03962809771,0.03356685598,0.03033235264,0.02704961735,0.02647157531,0.02263439972,0.01978350528,0.01699560369
bowphs/PhilTa,1,variance,1,200,768,847,858,0.05575192288,0.07131650324,0.01190150773,0.001066504479,0.004759587109,0.04478308515,0.01254338126,0.01845089511,0.003763487499,0.0001647657882,0.8992724149,0.8721036651,0.9796616033,0.9982335204,0.9922909979,0.9295327836,0.9803795132,0.9725020482,0.9946675672,0.9997823058,0.0542973821,0.04925548571,0.03927520603,0.03389861656,0.03044979043,0.02543694772,0.02625506961,0.02226889492,0.01990766668,0.01719021078,0.9884639615,0.05750330174,0.05303796814,0.03974827038,28.98125032,33.86001288,11.51069565,0.06331107462,1.925207829,22.87733159,0.9002330484,0.8747783111,0.4763692099,0.02693499145,0.8841080088,0.8994612996,0.8703581208,0.8093782442,0.9869606826,0.9890842373,0.8876022832,0.9013206343,0.8640878719,0.809906211,0.9874112788,0.9902737222,0.05911163658,0.3263768777,140.7247576,0.9404220918,0.9779108974,0.9789177313,0.9760432852,0.939341053,0.9741128159,0.9802108803,0.9765001341,0.9768425366,0.9764516211,0.0596826996,0.05582739126,0.03962809771,0.03356685598,0.03033235264,0.02704961735,0.02647157531,0.02263439972,0.01978350528,0.01699560369
bowphs/PhilTa,1,variance,3,200;660;239,768,847,858,0.1224548774,0.1217188252,0.01687786271,0.004360560775,0.07970991507,0.05039447062,0.2004138202,0.03892667685,0.02141131456,0.01061419832,0.7916706623,0.7974634377,0.9694264599,0.9919730344,0.859470801,0.9156591411,0.7199919838,0.9293268766,0.9652256375,0.9879661113,0.04873877633,0.04592400185,0.03962777655,0.03434726357,0.0268917357,0.02554915682,0.01966025103,0.02169796925,0.01969761764,0.0173204932,0.9694343167,0.05553990908,0.05228849618,0.04030809097,38.35035207,45.60567177,12.82420969,3.388593746,9.3027687,30.67970123,0.8371619843,0.7842314,0.6055442614,0.01514142176,0.8000266756,0.8201318529,0.764266754,0.6710267155,0.98387597,0.9856148012,0.8082729304,0.8280110301,0.7469342615,0.6458828302,0.984450427,0.9870298184,0.05915746945,0.3193570808,143.5784787,0.9479854618,0.9805262584,0.9788726649,0.9758360935,0.939341053,0.9741128159,0.9802108803,0.9765001341,0.9768425366,0.9764516211,0.0596826996,0.05582739126,0.03962809771,0.03356685598,0.03033235264,0.02704961735,0.02647157531,0.02263439972,0.01978350528,0.01699560369
bowphs/PhilTa,1,variance,5,200;660;239;509;470,768,847,858,0.1422061105,0.2305113242,0.03888869896,0.05162085546,0.09211462785,0.06816992778,0.2087093736,0.04834358855,0.04444209716,0.02942040738,0.7568985415,0.616127829,0.9295800025,0.9100250935,0.84450679,0.8946751049,0.6975925188,0.9126800808,0.9342587874,0.9565072555,0.04736334717,0.03606404351,0.03862302244,0.03202729736,0.02685749484,0.02537363788,0.01936144915,0.02165926985,0.01937879165,0.01704437666,0.9537701828,0.05521530025,0.04686754288,0.04018579575,30.15058351,42.68951095,21.98130518,11.24468676,18.31881762,34.95302305,0.9336372403,0.8647083254,0.400119668,0.06852470167,0.9054422186,0.911585545,0.8335771607,0.7619801415,0.9475788484,0.9523011294,0.9102130124,0.9149339921,0.8185427163,0.7414632129,0.9510682809,0.956156639,0.05707192447,0.3135126859,146.1621909,0.9503966024,0.9797538828,0.9784721021,0.97662727,0.939341053,0.9741128159,0.9802108803,0.9765001341,0.9768425366,0.9764516211,0.0596826996,0.05582739126,0.03962809771,0.03356685598,0.03033235264,0.02704961735,0.02647157531,0.02263439972,0.01978350528,0.01699560369
bowphs/PhilTa,1,variance,10,200;660;239;509;470;210;23;728;385;742,768,847,858,0.15756336,0.285725592,0.08161306614,0.2395960555,0.1962133627,0.08797391374,0.2999389431,0.1041968763,0.1466239075,0.08228027729,0.7295960771,0.5427862579,0.8595332822,0.6087552508,0.6832649456,0.8565511313,0.595064987,0.8384290589,0.7663857462,0.8654200218,0.04721462952,0.03285653905,0.03693274265,0.02215639109,0.02247195587,0.02512233808,0.01708007688,0.02057694705,0.01643979126,0.01594810811,0.9222621026,0.05604531817,0.0459998828,0.04021479541,29.86444958,47.75593841,34.28892569,14.87257289,21.34990388,38.36707927,0.9448298165,0.8672058796,0.3643491422,0.06871329715,0.9187765649,0.921561956,0.7728885821,0.706247252,0.8685000774,0.8655594615,0.9238845911,0.9265760056,0.7487073438,0.6716303395,0.8805710827,0.8797116506,0.05765257444,0.3041614203,149.943713,0.9548358485,0.9818691341,0.9787595532,0.97923281,0.939341053,0.9741128159,0.9802108803,0.9765001341,0.9768425366,0.9764516211,0.0596826996,0.05582739126,0.03962809771,0.03356685598,0.03033235264,0.02704961735,0.02647157531,0.02263439972,0.01978350528,0.01699560369
bowphs/PhilTa,2,mean_abs,1,239,768,847,858,0.009654446662,0.003879465986,0.02275663206,3.835914436e-05,0.002507656407,0.1363732378,7.523166091e-07,0.0002739185516,0.02690386551,0.007372108425,0.9818318989,0.9927059632,0.9578155588,0.9999294903,0.9956391288,0.7694061474,0.9999987315,0.9995389696,0.9555621215,0.988068613,0.06752293389,0.06731794876,0.05320990829,0.05020420334,0.03100219361,0.02022802725,0.02589358308,0.02563073406,0.02229637124,0.02104401897,0.9919391956,0.0681811855,0.06758012355,0.05444898378,24.03482852,24.01221913,10.1329075,0.00370426165,0.4576543392,11.35049423,0.9177389202,0.9132980449,0.4004656413,0.04290279912,0.9159151697,0.9268694731,0.9158799483,0.9059202859,0.9945319154,0.9942937432,0.9095381179,0.9269615618,0.9215051738,0.9167799842,0.9950253959,0.9940623898,0.06837994045,0.3899518198,110.3867332,0.9191420821,0.9716373395,0.9766274985,0.9819068616,0.9109577745,0.9711695245,0.9763675861,0.9814278246,0.9727977005,0.9708086183,0.06821803691,0.06726595228,0.05510559224,0.04980302868,0.03088698515,0.02607851932,0.02568489256,0.02543585643,0.02314516666,0.02112645516
bowphs/PhilTa,2,mean_abs,3,239;210;73,768,847,858,0.07321157457,0.05078640124,0.04133901672,0.001452688649,0.008335818816,0.2316121716,0.01019513534,0.05817846684,0.04112203464,0.01096448149,0.863890073,0.9094622544,0.9271582137,0.9974096956,0.985673697,0.6628429835,0.9837895529,0.9065536931,0.9378781045,0.9824370743,0.06043391032,0.0627339984,0.05239290979,0.05093922515,0.03121991248,0.01772623846,0.02591212048,0.02364628344,0.0222602329,0.02128405487,0.97516253,0.06520788204,0.0660904969,0.05465217705,51.41651157,54.07342893,15.89901224,0.7614109579,13.39061362,20.39632842,0.6478189624,0.6236543513,0.7653790215,0.1041844678,0.6308037815,0.6345305911,0.6135157773,0.5076768693,0.9796758313,0.9791583427,0.6518451334,0.6487289998,0.5863248162,0.5023401105,0.9808717387,0.9801273109,0.06837881176,0.3850020628,112.2180672,0.9280463714,0.9718004864,0.9759549351,0.9820932206,0.9109577745,0.9711695245,0.9763675861,0.9814278246,0.9727977005,0.9708086183,0.06821803691,0.06726595228,0.05510559224,0.04980302868,0.03088698515,0.02607851932,0.02568489256,0.02543585643,0.02314516666,0.02112645516
bowphs/PhilTa,2,mean_abs,5,239;210;73;742;23,768,847,858,0.1743561132,0.08213082982,0.06619538222,0.01302569351,0.06550566724,0.289234518,0.08205915961,0.08968122009,0.0533835648,0.02595921846,0.6962078629,0.8550694715,0.887287839,0.976301574,0.8981180904,0.5988947018,0.8620005042,0.8517871261,0.9168222003,0.958031663,0.04986355154,0.0603867647,0.05133401934,0.0510487145,0.02912420169,0.01639753124,0.02324504223,0.02274691492,0.02227873356,0.02124963924,0.9524779569,0.06039353326,0.06579016559,0.05497297653,58.86701351,61.26301828,24.4133927,3.899791659,22.49968792,28.83130019,0.5690051271,0.5170262157,0.8225483271,0.1821690314,0.5256970973,0.5330172683,0.5373216827,0.4173072846,0.9354200751,0.9285950674,0.5567536113,0.5548083096,0.5087559853,0.3962600579,0.9343956845,0.9198840018,0.06927846476,0.3783643438,114.9329321,0.9303439796,0.972235001,0.9765273299,0.9799701962,0.9109577745,0.9711695245,0.9763675861,0.9814278246,0.9727977005,0.9708086183,0.06821803691,0.06726595228,0.05510559224,0.04980302868,0.03088698515,0.02607851932,0.02568489256,0.02543585643,0.02314516666,0.02112645516
bowphs/PhilTa,2,mean_abs,10,239;210;73;742;23;509;470;166;728;547,768,847,858,0.3601362656,0.1307267086,0.1511767469,0.03873949226,0.1213920627,0.3291238769,0.1746958825,0.1277632163,0.06409392197,0.05201406624,0.4358385061,0.7791602576,0.7455552686,0.9329473472,0.8123478839,0.5368035823,0.7502818598,0.7965564037,0.8945993684,0.9103127139,0.03253088754,0.05734468673,0.04495175117,0.05083747663,0.02745292794,0.01531684904,0.02108498502,0.02216838196,0.02265478771,0.02104206403,0.9139636066,0.05084033645,0.06596853636,0.05295772826,68.75184802,79.83372376,34.54594026,10.20301314,28.03993931,71.84764962,0.4530582053,0.362407977,0.8579981189,0.2937626732,0.3760073633,0.3823749955,0.2057904412,0.12018325,0.8911393431,0.8750011059,0.4227082911,0.417025089,0.2500588457,0.1703068687,0.8967126947,0.8824836309,0.06933828768,0.3651957014,119.6244485,0.9358654553,0.973551954,0.9739503409,0.9769267453,0.9109577745,0.9711695245,0.9763675861,0.9814278246,0.9727977005,0.9708086183,0.06821803691,0.06726595228,0.05510559224,0.04980302868,0.03088698515,0.02607851932,0.02568489256,0.02543585643,0.02314516666,0.02112645516
bowphs/PhilTa,2,variance,1,200,768,847,858,0.02264529685,0.2002498215,0.000811302304,0.000238351607,0.02151096912,2.138330908e-05,0.002149592003,0.007723078035,0.0001899498348,0.03704916916,0.9607203172,0.6534065096,0.9986439883,0.9996099578,0.9695889579,0.9999720809,0.9972162596,0.9900518543,0.9997687076,0.9576567507,0.06674708526,0.04476255465,0.05604572335,0.0507016906,0.03049996162,0.02655870632,0.02608574334,0.0256472272,0.02356654757,0.02060500002,0.9818923749,0.06829361443,0.05597067165,0.0560912303,17.71453945,70.60855622,67.53589193,0.02162486383,0.668734966,29.42590158,0.963556788,0.9525842988,0.30415916,0.001278415572,0.9532295024,0.9578190261,0.3659274545,0.396661946,0.3883894183,0.3324033226,0.9503470512,0.9593538065,0.3732128222,0.4148069917,0.3576402605,0.2900599346,0.06938206435,0.3837092676,112.7630164,0.9128900198,0.9733776878,0.9740611625,0.9807818581,0.9109577745,0.9711695245,0.9763675861,0.9814278246,0.9727977005,0.9708086183,0.06821803691,0.06726595228,0.05510559224,0.04980302868,0.03088698515,0.02607851932,0.02568489256,0.02543585643,0.02314516666,0.02112645516
bowphs/PhilTa,2,variance,3,200;660;728,768,847,858,0.2660580987,0.3203923545,0.001655691671,0.01544140315,0.03082428703,0.03247965973,0.03450254359,0.04874325495,0.00837566738,0.03884596531,0.561066281,0.4912500272,0.9970695012,0.9733599637,0.9621361184,0.9519976123,0.9524294623,0.9134347771,0.9895426759,0.955261564,0.04030137033,0.03479399596,0.05785321957,0.05104293746,0.03129092949,0.02614118165,0.02575828838,0.02446416143,0.02411577745,0.02124982523,0.9497156041,0.05491084548,0.05119718147,0.05794916552,48.12666299,82.6095276,87.23251986,1.1650088,25.57165745,83.07798756,0.7791326303,0.6674861126,0.5207189593,0.2851761768,0.7259226811,0.7464052604,0.1424850312,0.04236844533,0.05139520954,0.04855875485,0.6796130828,0.6813099759,0.1384641422,0.03334455545,-0.0002925743495,-0.008553109186,0.06073085299,0.3683074279,118.0608233,0.9195932995,0.9734969843,0.9778528856,0.9779775668,0.9109577745,0.9711695245,0.9763675861,0.9814278246,0.9727977005,0.9708086183,0.06821803691,0.06726595228,0.05510559224,0.04980302868,0.03088698515,0.02607851932,0.02568489256,0.02543585643,0.02314516666,0.02112645516
bowphs/PhilTa,2,variance,5,200;660;728;210;23,768,847,858,0.4139636798,0.3873186562,0.01092208329,0.01686304093,0.03145271401,0.1273870166,0.09767339762,0.1092722466,0.0229869916,0.0473558692,0.3578623039,0.3965831579,0.980424539,0.9725922642,0.9602051025,0.8047053801,0.8716096349,0.8096217351,0.9597883071,0.9410559849,0.02639787801,0.02884585444,0.05842028794,0.0523769749,0.03206958759,0.02269204732,0.0242077052,0.02226805934,0.0240209187,0.02149789511,0.9247964496,0.04504478152,0.04708133311,0.05906540521,85.08481021,79.62069291,85.0011754,5.803110626,40.38284936,74.99410709,0.1119238343,0.08568106303,0.09556695437,0.9853561548,0.09558732438,0.1176954273,0.2081253132,0.1199403449,0.09708132631,0.007966400411,0.04330279932,0.05163310926,0.2641908777,0.1949097926,0.07577115292,-0.04146836438,0.05926825566,0.3574326615,121.9466234,0.9262104574,0.9759907656,0.9757648872,0.9780686367,0.9109577745,0.9711695245,0.9763675861,0.9814278246,0.9727977005,0.9708086183,0.06821803691,0.06726595228,0.05510559224,0.04980302868,0.03088698515,0.02607851932,0.02568489256,0.02543585643,0.02314516666,0.02112645516
bowphs/PhilTa,2,variance,10,200;660;728;210;23;87;742;470;400;537,768,847,858,0.5740033937,0.5172160864,0.1520971563,0.04816772194,0.1110246991,0.2045056169,0.1802905936,0.1600932706,0.1067925762,0.1022279652,0.2058079599,0.2610895545,0.7394323788,0.9165354392,0.8499004218,0.6685388812,0.7677691888,0.7443137339,0.8228012545,0.8279442781,0.01605657854,0.02008521174,0.04659998326,0.05220314153,0.03002169349,0.01993890124,0.02255277854,0.02165180066,0.02177944859,0.02000411598,0.8743964334,0.03769179919,0.04160290179,0.05495910717,83.10597589,84.82336449,80.68427347,21.65072976,54.61644018,82.57311456,0.1839071681,0.1200332946,0.3055134336,0.7793539714,0.1397562919,0.1570009768,0.1069050003,0.1847486647,0.1995995287,0.1503828778,0.0486200156,0.05308484385,0.0387041655,0.1143202371,0.1741477656,0.1009610605,0.05755082516,0.3395542954,129.1599766,0.9335595597,0.9762528859,0.9749702161,0.9752044619,0.9109577745,0.9711695245,0.9763675861,0.9814278246,0.9727977005,0.9708086183,0.06821803691,0.06726595228,0.05510559224,0.04980302868,0.03088698515,0.02607851932,0.02568489256,0.02543585643,0.02314516666,0.02112645516
bowphs/PhilTa,3,mean_abs,1,239,768,847,858,0.01134848867,6.901657061e-05,0.007412990618,0.001502045592,0.03257480734,0.003015103206,0.005461720091,0.002315722852,0.0006151127039,0.04253037299,0.9774518653,0.9998734889,0.9882002957,0.9983884851,0.9718336151,0.9977895713,0.9990071532,0.9997475523,1.000073652,1.013319774,0.7544961,0.06063462094,0.02450647201,0.01090221411,0.008666025696,0.007973593498,0.005562549318,0.005352457367,0.004776403839,0.004434938803,0.9899774933,0.763156776,0.06063880602,0.02468949501,6.115329378,0.4802945901,5.002054988,0.00170009316,0.428902706,7.896002325,0.9999999122,0.9943094778,0.0009651394246,0.00951696741,0.9999895676,0.9999102041,0.9999989003,0.999994036,0.9997310871,0.9993908413,0.9999901356,0.9999013406,0.9999985036,0.9999938255,0.9997635062,0.9993920851,0.7631569072,0.8958638375,4.357634574,0.5995944836,0.8469940723,0.9474664277,0.9714611306,0.6011084804,0.8468315081,0.9462990753,0.9710067387,0.9730615143,0.6101465999,0.7641646451,0.06003450507,0.0245505449,0.01081036767,0.008827818118,0.00791116517,0.005512271471,0.005300150338,0.00472818406,0.004332777976
bowphs/PhilTa,3,mean_abs,3,239;210;660,768,847,858,0.1732142631,0.1077685752,0.02316317266,0.1377522284,0.04337177585,0.004084688353,0.03763353517,0.01950542202,0.01241027007,0.07423720073,0.6848649748,0.9601592573,0.9763937925,1.288552829,1.171194724,0.9952809823,1.297862136,1.27363409,1.21643761,1.531230147,0.6110353166,0.06730055157,0.0279872715,0.0162636159,0.01207137939,0.009193070125,0.008352828712,0.007881470946,0.006715195014,0.00774606829,0.8564964842,0.7390491748,0.07542947906,0.02865091765,24.60320805,20.82091757,9.205471996,6.565819269,10.23337491,30.71219858,0.9999287445,0.9092127996,0.1352789014,0.02876698891,0.9989209199,0.9974318606,0.997486405,0.9934819858,0.9978073692,0.9948679275,0.9992224519,0.9976679686,0.9963500433,0.9925908587,0.9978611527,0.9950053248,0.7391459834,0.8811830695,5.020707943,0.6067324972,0.8567672375,0.9496490867,0.9728710277,0.6011084804,0.8468315081,0.9462990753,0.9710067387,0.9730615143,0.6101465999,0.7641646451,0.06003450507,0.0245505449,0.01081036767,0.008827818118,0.00791116517,0.005512271471,0.005300150338,0.00472818406,0.004332777976
bowphs/PhilTa,3,mean_abs,5,239;210;660;87;728,768,847,858,0.3712028288,0.1356179309,0.03869623764,0.2374726813,0.05116759056,0.004535821662,0.04681931269,0.08310165266,0.02216328298,0.07578975832,0.3984508621,1.191885214,0.9655293857,0.8070980281,1.499517591,0.9927826898,1.992504462,0.9488758656,0.9718445762,1.844789092,0.4344929007,0.1021071937,0.03382576327,0.01245052671,0.01888973716,0.01120767739,0.01567295453,0.007176597053,0.006557105377,0.01140602004,0.7007756883,0.6909905462,0.1181273852,0.03518738258,37.56687359,26.89658047,12.16472416,9.873793757,11.49283932,43.70412581,0.9995900904,0.7926422755,0.2606983784,0.04592303778,0.9953701741,0.9912146537,0.991856967,0.9821127409,0.9975550727,0.994727793,0.9966508233,0.9919376703,0.9881239955,0.9793389479,0.9978005134,0.9949778529,0.6915015073,0.8560550092,6.442848876,0.6249633078,0.8542419796,0.9505160976,0.9734649455,0.6011084804,0.8468315081,0.9462990753,0.9710067387,0.9730615143,0.6101465999,0.7641646451,0.06003450507,0.0245505449,0.01081036767,0.008827818118,0.00791116517,0.005512271471,0.005300150338,0.00472818406,0.004332777976
bowphs/PhilTa,3,mean_abs,10,239;210;660;87;728;537;23;166;533;742,768,847,858,0.6589904579,0.1744188868,0.09692130932,0.2893974242,0.1203202388,0.04412952023,0.1141615967,0.2222225499,0.05713594708,0.131137098,0.1225052299,1.663913352,0.8436677085,0.5819689061,1.179270446,0.9944331976,0.8565460378,0.7183074261,1.217331343,0.8623272038,0.1981675222,0.2114572355,0.04384534293,0.0133177591,0.02203726531,0.01665355573,0.009994756478,0.00805915398,0.01218411775,0.007909143056,0.4723991323,0.5811201674,0.2561313869,0.04855096614,54.43934148,43.43980953,19.28116937,12.45607686,18.37452239,62.4807954,0.9958975011,0.5815645268,0.5434765772,0.04888182049,0.9668062462,0.9561476806,0.9582673269,0.9471704393,0.9935070796,0.9879446369,0.9757354531,0.9656814375,0.9419808903,0.934048146,0.9944327191,0.9882627089,0.5853218966,0.7911464515,11.32434903,0.6823803338,0.8729817862,0.9534980788,0.9745445329,0.6011084804,0.8468315081,0.9462990753,0.9710067387,0.9730615143,0.6101465999,0.7641646451,0.06003450507,0.0245505449,0.01081036767,0.008827818118,0.00791116517,0.005512271471,0.005300150338,0.00472818406,0.004332777976
bowphs/PhilTa,3,variance,1,660,768,847,858,0.1137691065,0.01936618115,0.01485332467,0.1213435625,0.001316412025,0.001067519329,0.003391268235,0.006606778482,0.00124969776,4.881387922e-05,0.785905308,0.9903961752,1.024924226,1.770878563,1.010832416,1.010049551,1.048770419,1.099344654,1.021366967,1.00091968,0.6601730089,0.0653597663,0.02766008409,0.0210440753,0.009809189822,0.008783826188,0.006354942549,0.006405051983,0.005308560657,0.004767231755,0.9097025213,0.7449221346,0.06665053259,0.02807712271,19.71437691,8.643067272,7.898441517,0.02988589369,1.689657028,22.64410718,0.999986784,0.9413859297,0.05438895128,0.04504434871,0.9996563066,0.9987015633,0.9991701461,0.9981485295,0.9981667158,0.9956477716,0.9996825333,0.9983702872,0.9986485763,0.9976256969,0.9982348779,0.9960164835,0.7449403999,0.8865613348,4.79756272,0.6077824366,0.84805045,0.9480936802,0.9718560846,0.6011084804,0.8468315081,0.9462990753,0.9710067387,0.9730615143,0.6101465999,0.7641646451,0.06003450507,0.0245505449,0.01081036767,0.008827818118,0.00791116517,0.005512271471,0.005300150338,0.00472818406,0.004332777976
bowphs/PhilTa,3,variance,3,660;87;728,768,847,858,0.3117576723,0.04721553691,0.03038638966,0.2210640154,0.009112226731,0.001518652638,0.01257704576,0.07020300912,0.01100271067,0.001601371477,0.4751453527,1.093173083,1.023843751,0.6557929374,1.131621367,0.9986931757,1.42692411,1.137815531,1.129590531,1.019071955,0.4815624404,0.08704203663,0.03333757454,0.009402565774,0.01324932325,0.01047880393,0.01043207388,0.0079983283,0.007083609277,0.005856126712,0.7539817255,0.6996989593,0.09135543242,0.0343823294,33.95535357,15.7941176,11.30709297,0.4168193752,8.549040288,37.33113107,0.9998425053,0.8294730591,0.1620181548,0.06368002217,0.9981558818,0.9961735329,0.9971629547,0.9939570332,0.997883904,0.9954696609,0.9985656288,0.9960126078,0.9954075181,0.9918441406,0.9980800788,0.9957951506,0.6998967069,0.8645819977,6.034426042,0.6242009909,0.8434573705,0.9489510896,0.9725261569,0.6011084804,0.8468315081,0.9462990753,0.9710067387,0.9730615143,0.6101465999,0.7641646451,0.06003450507,0.0245505449,0.01081036767,0.008827818118,0.00791116517,0.005512271471,0.005300150338,0.00472818406,0.004332777976
bowphs/PhilTa,3,variance,5,660;87;728;23;400,768,847,858,0.4764404688,0.1713059102,0.03519596735,0.2482309726,0.02310476,0.001755118372,0.0912875022,0.09220524582,0.03187270009,0.01102870779,0.2750514111,0.7732198794,0.9691446805,0.642269869,0.9680529428,1.002007149,1.443572688,2.153540905,1.819559951,0.9891453554,0.3396476023,0.07501216164,0.03844833054,0.01121981635,0.01380957208,0.01280970142,0.01285869779,0.01844459183,0.01390235836,0.006925550274,0.6188312902,0.6487277608,0.09051851892,0.0398509223,43.65857188,25.69762572,11.44309756,10.49310767,22.89667772,44.96348034,0.9998512491,0.7234665044,0.1272394497,0.04975216919,0.9980159424,0.993947554,0.9958441459,0.9903244162,0.9980854543,0.9955981636,0.9983166209,0.993206696,0.9941797435,0.9894329803,0.9981688217,0.9961409808,0.6488982088,0.8366962166,7.864120285,0.6394858749,0.8572111754,0.9493585204,0.9733525422,0.6011084804,0.8468315081,0.9462990753,0.9710067387,0.9730615143,0.6101465999,0.7641646451,0.06003450507,0.0245505449,0.01081036767,0.008827818118,0.00791116517,0.005512271471,0.005300150338,0.00472818406,0.004332777976
bowphs/PhilTa,3,variance,10,660;87;728;23;400;742;537;470;210;533,768,847,858,0.7586760349,0.2982530314,0.082475186,0.3017107352,0.1390725336,0.03959573715,0.1790586125,0.234749247,0.08456871434,0.1095572697,0.06017912624,0.7721333672,0.9548007651,0.5670709076,1.029440767,0.9689308698,0.7046668194,0.7429182984,1.038536698,0.8347119917,0.1182941036,0.1192404302,0.06029817573,0.01576914371,0.02337679769,0.01971803002,0.009991822243,0.01012883561,0.01263125495,0.009303221622,0.3887493904,0.4901879659,0.1699194091,0.06571830517,60.71263447,41.47322118,20.23408659,16.10933521,30.54731352,63.87330575,0.995812254,0.4891901372,0.3683391489,0.1314975462,0.9762611496,0.9666279519,0.9670066128,0.9540592098,0.9893755662,0.9806558826,0.9827554631,0.9733572041,0.9504777053,0.9391977353,0.9906833981,0.9810966918,0.4935607221,0.7460553357,16.77571724,0.7087666495,0.8704503322,0.9529135592,0.9743360224,0.6011084804,0.8468315081,0.9462990753,0.9710067387,0.9730615143,0.6101465999,0.7641646451,0.06003450507,0.0245505449,0.01081036767,0.008827818118,0.00791116517,0.005512271471,0.005300150338,0.00472818406,0.004332777976
bowphs/PhilTa,4,mean_abs,1,210,768,847,858,0.1407276457,0.04229596229,0.003513181025,0.00236678574,0.01951919047,0.009146892479,0.0006024811195,0.0004013826661,0.03942255473,0.009257663031,0.7391857917,0.9621009656,1.014684199,1.042529118,1.995341483,1.610249544,1.042483232,1.040012105,5.374980822,2.037781811,0.6992203381,0.1209155917,0.02278105756,0.007243395634,0.005224111975,0.003251210123,0.001994628068,0.001419031669,0.006600881639,0.002477915252,0.8781606745,0.813735406,0.1262556979,0.0228613737,22.04798068,13.15735243,3.824892402,0.005997850349,0.1338498414,25.5882333,0.9998925314,0.9268698262,0.09749742925,0.02443419885,0.9992347132,0.9990914162,0.999176111,0.9974162988,0.9999282788,0.9998467525,0.9993367024,0.9990932762,0.9991121862,0.9978779213,0.9998962445,0.9998009524,0.8138847368,0.972745601,2.32018178,0.5499929509,0.7017980132,0.8541591377,0.9449118668,0.5505192508,0.6965436425,0.8528125206,0.9442789667,0.9778170665,0.5065258824,0.8306812856,0.1103660856,0.01971591643,0.006101378931,0.002299160187,0.001773069823,0.001680222641,0.001198195484,0.001078447508,0.001067831559
bowphs/PhilTa,4,mean_abs,3,210;239;660,768,847,858,0.3117447436,0.07220204102,0.06345767755,0.0320573071,0.1287203776,0.009374129176,0.006759412265,0.002690604515,0.04794244486,0.01060016228,0.4743791141,0.8959552319,0.9272608908,0.973062434,2.526177215,1.836710054,1.845855896,1.112288694,10.10808195,2.746881145,0.5390888019,0.1352764738,0.02501031929,0.008122113033,0.007945722049,0.004455195501,0.004242921045,0.001823247077,0.01491310549,0.004012757776,0.7309702055,0.7832687029,0.1458038062,0.02670495363,33.95532558,16.6553198,15.3712149,6.173461215,18.4906489,35.40944545,0.9998334433,0.829473332,0.09889553176,0.03359850395,0.9989755267,0.9985467755,0.9983872582,0.9948773673,0.998250207,0.9957779529,0.9991147078,0.9986803432,0.9982535465,0.9949869722,0.9969192556,0.9949329404,0.7834835975,0.9676080479,2.574919801,0.5570166027,0.7027404221,0.8610783948,0.9482567037,0.5505192508,0.6965436425,0.8528125206,0.9442789667,0.9778170665,0.5065258824,0.8306812856,0.1103660856,0.01971591643,0.006101378931,0.002299160187,0.001773069823,0.001680222641,0.001198195484,0.001078447508,0.001067831559
bowphs/PhilTa,4,mean_abs,5,210;239;660;87;280,768,847,858,0.5251457146,0.1071341456,0.07615924374,0.08344671452,0.2016013107,0.01317687479,0.02982357934,0.006436480609,0.06664982749,0.01082910415,0.2262025821,0.832039798,0.8948026221,2.322582165,1.226943375,1.145612052,2.39589656,1.081201215,5.065370505,2.393616921,0.3423131727,0.1672905337,0.03213925786,0.0258161046,0.005139079991,0.003700454251,0.007333757134,0.002360075142,0.009951804953,0.004656386544,0.5489191382,0.7208804536,0.1873635697,0.03478874215,46.47224791,20.61505917,17.14858762,6.81638759,23.3913057,47.12674471,0.9994327706,0.6887058411,0.1284943964,0.01977024635,0.9974220669,0.9972171561,0.9965626717,0.9905805923,0.9978573839,0.9953432909,0.9974743317,0.9974712768,0.9962581513,0.989901788,0.9965079503,0.9946939959,0.7214988475,0.9571502815,3.14042252,0.559875907,0.7095762178,0.8652591684,0.9517643014,0.5505192508,0.6965436425,0.8528125206,0.9442789667,0.9778170665,0.5065258824,0.8306812856,0.1103660856,0.01971591643,0.006101378931,0.002299160187,0.001773069823,0.001680222641,0.001198195484,0.001078447508,0.001067831559
bowphs/PhilTa,4,mean_abs,10,210;239;660;87;280;742;166;430;23;533,768,847,858,0.8399022032,0.2085928528,0.1171584812,0.1395473529,0.2654602629,0.02565341454,0.09492266775,0.1765416641,0.1165172272,0.02265985087,0.02656996731,0.6736438016,0.864439923,3.08715484,0.6089051931,1.247653608,0.8604493222,3.2870612,0.9431352002,3.39317917,0.08049033822,0.2711341763,0.06215414414,0.06869177148,0.005105487466,0.008067485084,0.005272425299,0.01436328488,0.003709294122,0.01321380369,0.2742089931,0.5027573136,0.3425975836,0.07040238006,67.50151308,39.30285852,22.9167073,10.95288582,31.91274029,67.22992552,0.9563553536,0.3826590342,0.4375708928,0.01094405649,0.9208353122,0.9665782255,0.9189111271,0.8208389241,0.9946818451,0.9935076389,0.9343243331,0.9732376654,0.8991047181,0.8220664474,0.9932228341,0.9924998368,0.5231337551,0.9162158823,5.617458459,0.57934521,0.7490698988,0.8823292454,0.9584159117,0.5505192508,0.6965436425,0.8528125206,0.9442789667,0.9778170665,0.5065258824,0.8306812856,0.1103660856,0.01971591643,0.006101378931,0.002299160187,0.001773069823,0.001680222641,0.001198195484,0.001078447508,0.001067831559
bowphs/PhilTa,4,variance,1,210,768,847,858,0.1407276457,0.04229596229,0.003513181025,0.00236678574,0.01951919047,0.009146892479,0.0006024811195,0.0004013826661,0.03942255473,0.009257663031,0.7391857917,0.9621009656,1.014684199,1.042529118,1.995341483,1.610249544,1.042483232,1.040012105,5.374980822,2.037781811,0.6992203381,0.1209155917,0.02278105756,0.007243395634,0.005224111975,0.003251210123,0.001994628068,0.001419031669,0.006600881639,0.002477915252,0.8781606745,0.813735406,0.1262556979,0.0228613737,22.04798068,13.15735243,3.824892402,0.005997850349,0.1338498414,25.5882333,0.9998925314,0.9268698262,0.09749742925,0.02443419885,0.9992347132,0.9990914162,0.999176111,0.9974162988,0.9999282788,0.9998467525,0.9993367024,0.9990932762,0.9991121862,0.9978779213,0.9998962445,0.9998009524,0.8138847368,0.972745601,2.32018178,0.5499929509,0.7017980132,0.8541591377,0.9449118668,0.5505192508,0.6965436425,0.8528125206,0.9442789667,0.9778170665,0.5065258824,0.8306812856,0.1103660856,0.01971591643,0.006101378931,0.002299160187,0.001773069823,0.001680222641,0.001198195484,0.001078447508,0.001067831559
bowphs/PhilTa,4,variance,3,210;660;280,768,847,858,0.3831979134,0.06920513006,0.01683042241,0.05446806837,0.1310488158,0.009697204995,0.01293859312,0.003714433712,0.06589281132,0.009382355489,0.381464448,0.9190702595,0.9725204006,1.983957849,1.975487444,1.548542724,1.005698448,1.007028941,4.095362242,2.250380752,0.4710179859,0.1507763927,0.02850130104,0.01799324259,0.006751379186,0.004081295371,0.002511791628,0.00179357122,0.006565084638,0.00357196959,0.6727458133,0.7636452537,0.1619867036,0.02898920155,38.27227984,17.12956501,7.794166525,1.262783594,14.71072816,39.48261452,0.9996290242,0.7850761327,0.1322576991,0.004361894153,0.9979945594,0.9984322546,0.9978702374,0.9941794,0.9996333659,0.9990156219,0.9980782611,0.9986658663,0.9976422447,0.9939974148,0.9994156945,0.9987312592,0.7641007468,0.9646983648,2.742037827,0.5556267864,0.7067427607,0.8576433701,0.949267302,0.5505192508,0.6965436425,0.8528125206,0.9442789667,0.9778170665,0.5065258824,0.8306812856,0.1103660856,0.01971591643,0.006101378931,0.002299160187,0.001773069823,0.001680222641,0.001198195484,0.001078447508,0.001067831559
bowphs/PhilTa,4,variance,5,210;660;280;87;430,768,847,858,0.5698765908,0.1158032701,0.02635406009,0.07264427217,0.211091391,0.01418567657,0.03006274895,0.005389076928,0.07432386552,0.01020200697,0.1862454349,0.8406747531,0.9873961948,3.789080766,0.6601959409,1.310018656,1.629705746,1.282716874,2.672978491,1.618242839,0.3022370594,0.1812555431,0.03803085335,0.0451636999,0.002965307477,0.004537649755,0.005349382857,0.003002521588,0.005631474574,0.003375779708,0.5118849343,0.7026752157,0.2049945866,0.03906024951,49.08444497,22.72255711,10.10240113,2.83563015,20.51033572,50.00587262,0.9986399831,0.6549459936,0.1824908946,0.04391568306,0.9943130727,0.9959609217,0.9944852442,0.9866872769,0.9993719442,0.9983774726,0.9943705951,0.9965214834,0.9938188418,0.9864893102,0.9988854665,0.9980692365,0.7040877036,0.9539285177,3.328004845,0.5610306296,0.7154625309,0.8566262513,0.9522180945,0.5505192508,0.6965436425,0.8528125206,0.9442789667,0.9778170665,0.5065258824,0.8306812856,0.1103660856,0.01971591643,0.006101378931,0.002299160187,0.001773069823,0.001680222641,0.001198195484,0.001078447508,0.001067831559
bowphs/PhilTa,4,variance,10,210;660;280;87;430;742;166;23;478;728,768,847,858,0.8144468303,0.485142134,0.06489523609,0.3196305397,0.3224356552,0.03928951435,0.1025044908,0.2201824769,0.1279768058,0.0175866127,0.03544753014,0.318986259,1.055681255,1.181678453,0.9793833631,1.259751874,1.137281067,0.910394482,1.396155756,1.284516641,0.1113101492,0.1330828133,0.07867996119,0.02725471675,0.008512092042,0.008443552532,0.007223522004,0.004123553688,0.005691768666,0.00518509652,0.2645365235,0.5998827691,0.2584845685,0.08414026345,64.74753672,48.8231347,18.20495151,12.30490293,44.03940108,66.11984685,0.9903630392,0.4266076241,0.2839407299,0.164876568,0.9696247289,0.9842104342,0.9658271581,0.9207496456,0.9966973625,0.9917980408,0.9729661807,0.985768601,0.9624517448,0.9273912895,0.9944364769,0.9906711334,0.6078531111,0.9134888536,5.326061789,0.5965994771,0.7792687498,0.8565738734,0.9636106341,0.5505192508,0.6965436425,0.8528125206,0.9442789667,0.9778170665,0.5065258824,0.8306812856,0.1103660856,0.01971591643,0.006101378931,0.002299160187,0.001773069823,0.001680222641,0.001198195484,0.001078447508,0.001067831559
bowphs/PhilTa,5,mean_abs,1,210,768,847,858,0.1454666964,0.03096892683,3.188795907e-05,1.625009739e-05,0.007638477586,0.02716976268,0.0005324985288,0.001096428528,0.003052404135,0.03007355457,0.7308247076,0.9743104654,1.00013005,1.000504288,1.700517303,3.981630479,1.069359602,1.18611805,1.563263894,6.896189198,0.7082543291,0.1206615968,0.02385092811,0.004390415683,0.002630468287,0.005165147613,0.001172063705,0.001001074004,0.00121482622,0.005047172368,0.8733967159,0.8288200426,0.1245177788,0.02385168869,22.43120232,11.26488015,0.3617720134,8.217543625e-05,0.02251489668,24.8396692,0.9999228335,0.924338372,0.08479643615,0.002383034372,0.9994479344,0.9993703029,0.9994355444,0.9993188386,0.9999995392,0.9999974327,0.9995059558,0.9994658754,0.9994012625,0.9993388702,0.9999994617,0.9999976252,0.828929568,0.9826320473,2.059730195,0.5426962883,0.6540267812,0.8071196534,0.9462057929,0.542236539,0.6448511449,0.8076005669,0.9459313741,0.9788087953,0.5018581843,0.8464232238,0.1081641285,0.02082861352,0.003832641885,0.001351025573,0.001133008949,0.0009572800289,0.000737139737,0.0006787243247,0.0006392202482
bowphs/PhilTa,5,mean_abs,3,210;280;239,768,847,858,0.3113915853,0.07163460997,0.0259521148,0.03854757534,0.01291695654,0.02974745689,0.01199845703,0.01699742115,0.01065607036,0.04015526726,0.4766701939,1.009830539,1.010320206,1.274934805,3.080888244,6.292822726,1.419749386,4.533907838,1.061477586,2.12328452,0.5544079082,0.1500913297,0.02891633515,0.006714444182,0.005719569792,0.009797216082,0.001867559887,0.004592470343,0.0009899838078,0.001865016018,0.7277398397,0.805113467,0.1616726898,0.0296867696,33.97042346,19.46723238,10.08947395,2.245486104,9.544054033,38.05445478,0.9993996252,0.8293261219,0.1983234779,0.04517965328,0.9962875429,0.9976738375,0.9960131833,0.9933068176,0.9995888967,0.9995078307,0.9967331223,0.9978261693,0.9957428008,0.9940501737,0.9995771176,0.9994582,0.8059214402,0.9793051917,2.231301947,0.5455337314,0.6737613334,0.8114819223,0.9482818562,0.542236539,0.6448511449,0.8076005669,0.9459313741,0.9788087953,0.5018581843,0.8464232238,0.1081641285,0.02082861352,0.003832641885,0.001351025573,0.001133008949,0.0009572800289,0.000737139737,0.0006787243247,0.0006392202482
bowphs/PhilTa,5,mean_abs,5,210;280;239;660;87,768,847,858,0.5137145473,0.1481539194,0.03914298371,0.07058450432,0.1982227104,0.04448258369,0.02651832912,0.02408617732,0.01107015479,0.04938896071,0.236595413,0.7282013669,0.9517185715,4.130627733,1.354718203,2.405936841,1.90378006,1.767675921,0.982245457,7.49777466,0.3658431104,0.1438916971,0.03621344948,0.02892113199,0.003343593908,0.004979876263,0.003329329369,0.002380419278,0.001217907857,0.008755559358,0.5473927116,0.7523217245,0.1689174845,0.03768869756,45.78713967,22.71626802,12.49539887,5.920927917,24.79717549,45.83407267,0.9999774789,0.6973259995,0.02604682051,0.0218352417,0.9997021074,0.9991058918,0.9989120236,0.9972959522,0.9987787748,0.997641075,0.9996594579,0.9988964515,0.9989080187,0.9975842231,0.9983749204,0.9971746338,0.7523485026,0.972828082,2.61693418,0.5512951507,0.6591668013,0.8084228017,0.9522085295,0.542236539,0.6448511449,0.8076005669,0.9459313741,0.9788087953,0.5018581843,0.8464232238,0.1081641285,0.02082861352,0.003832641885,0.001351025573,0.001133008949,0.0009572800289,0.000737139737,0.0006787243247,0.0006392202482
bowphs/PhilTa,5,mean_abs,10,210;280;239;660;87;430;742;166;533;23,768,847,858,0.8365366787,0.2690152565,0.05971195501,0.1186658011,0.2552405806,0.06165753621,0.1156280005,0.09313114021,0.07270386807,0.1067690169,0.02684197516,0.5363240599,0.9255921071,5.737321466,0.5837620766,1.211066446,0.953249923,4.984320457,1.116561388,1.016150737,0.08742645699,0.2232293906,0.07418580985,0.0846151763,0.003034871348,0.005280100022,0.003511451022,0.01413828128,0.002916196989,0.002499479031,0.2598718046,0.5348383741,0.3053817369,0.07889689787,66.1630192,31.39177468,16.10194918,10.10361429,33.07496717,66.17043272,0.999578997,0.4041357608,0.03956435949,0.03531062883,0.9971057186,0.9968261973,0.9969908104,0.992566569,0.9972156983,0.9948077542,0.9966417257,0.9968158846,0.9970960578,0.9936535414,0.9961721783,0.9932470679,0.5350576255,0.9441933585,4.440208169,0.5681358754,0.6735107689,0.8098551245,0.9597722789,0.542236539,0.6448511449,0.8076005669,0.9459313741,0.9788087953,0.5018581843,0.8464232238,0.1081641285,0.02082861352,0.003832641885,0.001351025573,0.001133008949,0.0009572800289,0.000737139737,0.0006787243247,0.0006392202482
bowphs/PhilTa,5,variance,1,210,768,847,858,0.1454666964,0.03096892683,3.188795907e-05,1.625009739e-05,0.007638477586,0.02716976268,0.0005324985288,0.001096428528,0.003052404135,0.03007355457,0.7308247076,0.9743104654,1.00013005,1.000504288,1.700517303,3.981630479,1.069359602,1.18611805,1.563263894,6.896189198,0.7082543291,0.1206615968,0.02385092811,0.004390415683,0.002630468287,0.005165147613,0.001172063705,0.001001074004,0.00121482622,0.005047172368,0.8733967159,0.8288200426,0.1245177788,0.02385168869,22.43120232,11.26488015,0.3617720134,8.217543625e-05,0.02251489668,24.8396692,0.9999228335,0.924338372,0.08479643615,0.002383034372,0.9994479344,0.9993703029,0.9994355444,0.9993188386,0.9999995392,0.9999974327,0.9995059558,0.9994658754,0.9994012625,0.9993388702,0.9999994617,0.9999976252,0.828929568,0.9826320473,2.059730195,0.5426962883,0.6540267812,0.8071196534,0.9462057929,0.542236539,0.6448511449,0.8076005669,0.9459313741,0.9788087953,0.5018581843,0.8464232238,0.1081641285,0.02082861352,0.003832641885,0.001351025573,0.001133008949,0.0009572800289,0.000737139737,0.0006787243247,0.0006392202482
bowphs/PhilTa,5,variance,3,210;280;660,768,847,858,0.3778364177,0.07225515832,0.006848890882,0.05013174132,0.117842063,0.04359385456,0.01631799426,0.009265292537,0.01098191237,0.0477059308,0.387350426,0.8714714399,1.014262762,3.378045005,2.954814947,2.249764269,1.020763245,1.083820562,0.9898587965,5.912268648,0.4881810996,0.1403543144,0.0314557609,0.01927760269,0.005944060339,0.003795418827,0.001454967776,0.001189587965,0.001000359299,0.005627221829,0.6715999381,0.7846507149,0.15128547,0.03167268366,37.93381684,15.95636924,5.243298942,0.6158935281,15.69665124,38.27177378,0.9999339733,0.7887213869,0.05746905628,0.03382344279,0.9995409084,0.9993413518,0.999525807,0.9989307631,0.9998510977,0.9995527188,0.9995217759,0.9994176571,0.9994656805,0.998928255,0.9997567868,0.9993081876,0.784734979,0.9776373336,2.359353811,0.5471996029,0.6544778317,0.8068575537,0.9504438058,0.542236539,0.6448511449,0.8076005669,0.9459313741,0.9788087953,0.5018581843,0.8464232238,0.1081641285,0.02082861352,0.003832641885,0.001351025573,0.001133008949,0.0009572800289,0.000737139737,0.0006787243247,0.0006392202482
bowphs/PhilTa,5,variance,5,210;280;660;430;87,768,847,858,0.5626674394,0.1324133781,0.01488613167,0.06763324141,0.2086856488,0.04422275015,0.02660850199,0.01049530924,0.01262678226,0.05905332754,0.1915200481,0.7547824545,1.130367395,6.600907828,0.6469883714,2.416404754,1.432984426,1.175509989,1.184485353,3.311092013,0.3189958018,0.1606527656,0.04633008939,0.04978345854,0.001720058427,0.005387486265,0.0026993775,0.001705137092,0.001581999214,0.00416490335,0.5081791534,0.7294124209,0.1851720181,0.04703018695,48.6027456,21.42221484,9.268316478,2.331807306,21.84854388,49.01874466,0.999946585,0.6612759194,0.03059224584,0.0991726114,0.9992235544,0.9989147669,0.9996220738,0.9988740852,0.9992371312,0.9982443289,0.9991071953,0.9987803894,0.9995890483,0.9990164272,0.9987817931,0.9974864186,0.7294756765,0.9706863912,2.771573242,0.5511013477,0.6557952143,0.804902261,0.9533780144,0.542236539,0.6448511449,0.8076005669,0.9459313741,0.9788087953,0.5018581843,0.8464232238,0.1081641285,0.02082861352,0.003832641885,0.001351025573,0.001133008949,0.0009572800289,0.000737139737,0.0006787243247,0.0006392202482
bowphs/PhilTa,5,variance,10,210;280;660;430;87;742;166;478;239;23,768,847,858,0.8254974391,0.5040599808,0.08611765757,0.2340490407,0.2575807029,0.08644980663,0.1267984279,0.0971501155,0.06937710655,0.09708233676,0.03206777886,0.33923452,0.980747732,2.693740233,1.037672161,1.61645191,0.998555444,3.501991794,1.182875959,1.365601523,0.1117989096,0.1511347778,0.08413928,0.04252409419,0.005774373242,0.00754357558,0.003937243725,0.01063276131,0.00330684422,0.0035954697,0.2427833406,0.6406720285,0.3047440657,0.09206795677,65.65801514,52.86301613,20.85723687,16.55402367,43.39253031,68.25226394,0.986707038,0.4121821007,0.361156502,0.149287277,0.952224653,0.9782209856,0.9479540111,0.9405327104,0.9935694441,0.9953119898,0.9591240655,0.9840321735,0.9442628926,0.9477433115,0.9937904399,0.9948454331,0.6532329791,0.9402626416,4.116376772,0.5692081971,0.7652372349,0.8227960265,0.9623946246,0.542236539,0.6448511449,0.8076005669,0.9459313741,0.9788087953,0.5018581843,0.8464232238,0.1081641285,0.02082861352,0.003832641885,0.001351025573,0.001133008949,0.0009572800289,0.000737139737,0.0006787243247,0.0006392202482
bowphs/PhilTa,6,mean_abs,1,210,768,847,858,0.1501559622,0.02378550624,1.9759695e-05,1.806701093e-06,0.004617998824,0.03985786531,0.0004276845595,0.0008208419598,0.0009612738556,0.01896248294,0.7226966754,0.9817140272,1.00011367,1.000088677,1.590275016,7.451300587,1.078559296,1.194303457,1.245732122,6.459422602,0.7143101387,0.1207619023,0.01953798816,0.002965140524,0.001855270568,0.006887216205,0.0008797216032,0.0007577363238,0.0007323246281,0.003374536057,0.868467799,0.8405190917,0.123704271,0.01953837423,22.80709208,9.889082292,0.2829559892,4.604840647e-05,0.01523076152,24.65079159,0.999940684,0.9218151778,0.07556103941,0.001903402624,0.9995702972,0.9997269786,0.9995658996,0.9997433697,0.9999997884,0.9999984794,0.9995995522,0.9996147288,0.9995596704,0.999702407,0.9999997578,0.9999979672,0.8406046384,0.9871864008,1.910537495,0.5404215949,0.6083150171,0.8032437193,0.9505477799,0.5405621812,0.6014265624,0.8037714705,0.9501852806,0.9808113005,0.4990413751,0.8583896607,0.1068313385,0.01696618503,0.00257490073,0.001013184971,0.0008027223475,0.0007083615036,0.0005510070272,0.0005105434361,0.0004537055527
bowphs/PhilTa,6,mean_abs,3,210;280;239,768,847,858,0.3299573698,0.06023502139,0.01559434665,0.04254930987,0.009899770019,0.04384826928,0.02396263668,0.01841600477,0.008793818911,0.02266591523,0.4508722022,1.003666782,1.018040072,1.252338946,2.637973682,12.67351569,3.70698703,4.167511624,1.016496992,4.727448883,0.5452956838,0.1510714306,0.02433566363,0.004543353185,0.003765765908,0.01433364296,0.003699730923,0.00323540073,0.0007311945007,0.00302200416,0.7097507796,0.8138223737,0.1607544802,0.02472117419,35.10023224,17.71937976,7.787699342,2.284659009,8.791830327,38.10651561,0.9994943194,0.8181473867,0.179892715,0.03671124451,0.9969500442,0.9984670315,0.9968404197,0.9977184294,0.9997997711,0.9997412369,0.9971902317,0.9987904017,0.9967857071,0.9977120072,0.9997999236,0.99960029,0.8145071497,0.9844454233,2.074348194,0.5437231138,0.6247134906,0.8050680661,0.9523298646,0.5405621812,0.6014265624,0.8037714705,0.9501852806,0.9808113005,0.4990413751,0.8583896607,0.1068313385,0.01696618503,0.00257490073,0.001013184971,0.0008027223475,0.0007083615036,0.0005510070272,0.0005105434361,0.0004537055527
bowphs/PhilTa,6,mean_abs,5,210;280;239;660;87,768,847,858,0.5087195839,0.1686593584,0.02192464242,0.07829683686,0.1899601185,0.0633661479,0.04799644806,0.02400278632,0.01119487017,0.02419276062,0.2414437085,0.6936732859,0.9729008136,5.208948461,1.271166994,6.367799133,1.788910003,1.577814803,1.515177098,7.457974461,0.3808413258,0.1361749851,0.03033167981,0.02464644286,0.002366655497,0.009392872052,0.002328558435,0.001597558834,0.001421476851,0.006217827703,0.5441971998,0.775201521,0.1638016696,0.031011598,45.50073337,24.31480607,9.354966552,4.744164957,25.33010528,45.5422705,0.9999802382,0.7009001349,0.02732093862,0.004804508238,0.9997838275,0.9994878256,0.9992478464,0.9990994341,0.9993555953,0.9988201326,0.9997803145,0.999082542,0.9992370157,0.9990213288,0.9992093261,0.9981632792,0.7752258529,0.9799934258,2.33642441,0.5494711902,0.6099930523,0.802226029,0.9559382206,0.5405621812,0.6014265624,0.8037714705,0.9501852806,0.9808113005,0.4990413751,0.8583896607,0.1068313385,0.01696618503,0.00257490073,0.001013184971,0.0008027223475,0.0007083615036,0.0005510070272,0.0005105434361,0.0004537055527
bowphs/PhilTa,6,mean_abs,10,210;280;239;660;87;430;166;742;533;23,768,847,858,0.8309561834,0.2931474351,0.03516370234,0.125012762,0.2526217531,0.07635015849,0.1807047467,0.0695858075,0.1198111743,0.0838586204,0.02879477556,0.5099234983,0.9536552333,8.074990229,0.6898303189,1.739304367,0.9556859075,6.774332607,0.9609814026,1.050329354,0.09752205355,0.2149356015,0.06383814479,0.08203650652,0.002757627996,0.005508655372,0.002671005579,0.01472747572,0.001935763702,0.001880200915,0.2534517755,0.5769039975,0.3040741623,0.06616474208,65.8560838,34.53863694,11.96685875,8.604489254,33.44862864,65.88929278,0.994845248,0.4090300117,0.1674303997,0.01894431693,0.9885219848,0.9941190885,0.9883866614,0.9961521256,0.9988145392,0.9979679305,0.9887359016,0.9947044451,0.9894761521,0.9960649487,0.9985505581,0.9965740143,0.579864904,0.9581781268,3.734183693,0.5634712331,0.5961956437,0.8037451067,0.9632178422,0.5405621812,0.6014265624,0.8037714705,0.9501852806,0.9808113005,0.4990413751,0.8583896607,0.1068313385,0.01696618503,0.00257490073,0.001013184971,0.0008027223475,0.0007083615036,0.0005510070272,0.0005105434361,0.0004537055527
bowphs/PhilTa,6,variance,1,210,768,847,858,0.1501559622,0.02378550624,1.9759695e-05,1.806701093e-06,0.004617998824,0.03985786531,0.0004276845595,0.0008208419598,0.0009612738556,0.01896248294,0.7226966754,0.9817140272,1.00011367,1.000088677,1.590275016,7.451300587,1.078559296,1.194303457,1.245732122,6.459422602,0.7143101387,0.1207619023,0.01953798816,0.002965140524,0.001855270568,0.006887216205,0.0008797216032,0.0007577363238,0.0007323246281,0.003374536057,0.868467799,0.8405190917,0.123704271,0.01953837423,22.80709208,9.889082292,0.2829559892,4.604840647e-05,0.01523076152,24.65079159,0.999940684,0.9218151778,0.07556103941,0.001903402624,0.9995702972,0.9997269786,0.9995658996,0.9997433697,0.9999997884,0.9999984794,0.9995995522,0.9996147288,0.9995596704,0.999702407,0.9999997578,0.9999979672,0.8406046384,0.9871864008,1.910537495,0.5404215949,0.6083150171,0.8032437193,0.9505477799,0.5405621812,0.6014265624,0.8037714705,0.9501852806,0.9808113005,0.4990413751,0.8583896607,0.1068313385,0.01696618503,0.00257490073,0.001013184971,0.0008027223475,0.0007083615036,0.0005510070272,0.0005105434361,0.0004537055527
bowphs/PhilTa,6,variance,3,210;280;660,768,847,858,0.3725128381,0.07181067246,0.003072583942,0.04995525875,0.1038435176,0.06164384868,0.03501306022,0.01553416385,0.008168374126,0.0230160551,0.3938112028,0.8624011105,1.011261766,4.656830814,3.462275426,4.418193881,1.202320655,1.029031549,2.301331775,5.312572049,0.5030090834,0.137091731,0.02553001501,0.01784243954,0.00521979727,0.005277319729,0.001267297396,0.000843702063,0.001748297008,0.003586593944,0.6720424658,0.8016245015,0.1476980255,0.02560869989,37.61428898,15.56754083,3.555073922,0.2430489099,15.75696937,37.68080092,0.9999956855,0.7921374548,0.01440015431,0.0235138804,0.9999018606,0.9997392621,0.9998744361,0.9996879952,0.9999356239,0.9998146021,0.9998840082,0.9996215683,0.9998300266,0.9995496589,0.9998991865,0.9996544168,0.8016302653,0.9836278652,2.142984774,0.5445455429,0.606151262,0.8026140738,0.954295504,0.5405621812,0.6014265624,0.8037714705,0.9501852806,0.9808113005,0.4990413751,0.8583896607,0.1068313385,0.01696618503,0.00257490073,0.001013184971,0.0008027223475,0.0007083615036,0.0005510070272,0.0005105434361,0.0004537055527
bowphs/PhilTa,6,variance,5,210;280;660;430;87,768,847,858,0.5473918451,0.1424535438,0.00886454788,0.07520609254,0.2013261937,0.06273658676,0.04998790075,0.01728936909,0.008359127094,0.02987204391,0.2051426702,0.744235044,1.109796281,10.74179798,0.6556056113,4.640229102,1.485922648,1.098196418,2.091666714,2.082759013,0.3425688297,0.1546735835,0.03662982351,0.05380775008,0.001292226858,0.00724623041,0.002047663153,0.001177184465,0.002077459396,0.00183831732,0.5140349378,0.7568772812,0.1803675852,0.03695743446,47.72632532,22.50393401,7.26670201,2.396129145,22.15264419,48.14755429,0.99986774,0.672672609,0.06329618981,0.07641181086,0.9990618729,0.9993366122,0.9992008197,0.9995177049,0.9995465034,0.998937754,0.9991494214,0.999211618,0.9992168738,0.9994251995,0.999318582,0.9981348194,0.7570325561,0.9787838629,2.43624486,0.5481040237,0.6034216807,0.8013530482,0.9572697942,0.5405621812,0.6014265624,0.8037714705,0.9501852806,0.9808113005,0.4990413751,0.8583896607,0.1068313385,0.01696618503,0.00257490073,0.001013184971,0.0008027223475,0.0007083615036,0.0005510070272,0.0005105434361,0.0004537055527
bowphs/PhilTa,6,variance,10,210;280;660;430;87;166;742;478;239;533,768,847,858,0.8412124615,0.4483296388,0.09818359825,0.204985472,0.2412358586,0.1095806942,0.1866270083,0.04762382644,0.1187725273,0.07014593034,0.02663137474,0.392422729,0.9484001326,6.599628188,1.189643415,1.218617247,0.9295764126,1.125440479,1.207248518,3.612365653,0.100789585,0.1848376407,0.0709436287,0.07492341298,0.00531426415,0.00431290873,0.002903204576,0.002734118052,0.002717483847,0.007226090429,0.2268101086,0.6347449302,0.3350508814,0.07866748549,67.0035375,50.95076541,23.05466856,17.22700418,40.89950521,68.99001288,0.9804075087,0.3906742948,0.3914383097,0.101766024,0.9413667762,0.977827183,0.9350200153,0.9738270485,0.9907698738,0.9898772733,0.9494818168,0.9845946059,0.929763768,0.975024876,0.9913509601,0.9844603813,0.6518295005,0.9532183381,3.652066859,0.5602469268,0.7360608281,0.8299910189,0.9648130012,0.5405621812,0.6014265624,0.8037714705,0.9501852806,0.9808113005,0.4990413751,0.8583896607,0.1068313385,0.01696618503,0.00257490073,0.001013184971,0.0008027223475,0.0007083615036,0.0005510070272,0.0005105434361,0.0004537055527
bowphs/PhilTa,7,mean_abs,1,210,768,847,858,0.1525431648,0.02303806644,5.062346489e-05,2.847183048e-06,0.003583872036,0.03838076914,0.001192048471,0.002166657094,0.0004038933665,0.005672082256,0.7186965277,0.9794551191,1.000316288,1.000144192,1.385894997,6.191746706,1.187834994,1.418367681,1.089616212,2.44339401,0.6994225992,0.1340984769,0.01840186662,0.002882586686,0.001917283493,0.006843914595,0.001129435198,0.001103090462,0.0007384514689,0.001445494953,0.868260652,0.8253194383,0.1372606979,0.01840279823,23.00046128,9.793185101,0.4527451594,0.0001060639808,0.01622205227,24.77680828,0.9999212664,0.9205017077,0.07676701919,0.00307009198,0.9994980168,0.9996849737,0.9994959505,0.9997429353,0.9999994732,0.9999959516,0.9995328015,0.9996228222,0.9994909461,0.9997223745,0.999999406,0.9999966753,0.8254284581,0.9852182574,1.998377546,0.5415098126,0.6073211308,0.8410433456,0.9583114713,0.5415730217,0.5998109729,0.8413639714,0.9578625715,0.9793530961,0.5011543523,0.8449757284,0.1188746974,0.01597256478,0.002502475759,0.001201174562,0.0009597133136,0.0008255726987,0.0006752621738,0.0005884350351,0.0005136569807
bowphs/PhilTa,7,mean_abs,3,210;239;280,768,847,858,0.3356603342,0.0611949644,0.01684598381,0.04116255538,0.01150719294,0.04773420072,0.03414762275,0.01527832801,0.003782928321,0.01107015076,0.4434952612,0.9870962728,1.019900399,1.113411745,2.590318665,12.81034879,2.922545685,2.033573894,1.407072853,1.13523516,0.5289359403,0.1656222943,0.02299335155,0.003932742731,0.004391664763,0.01735291078,0.003405543963,0.001938216293,0.001168651353,0.0008230550577,0.7084841525,0.7961829881,0.1764181997,0.0233873342,35.46156533,17.99868299,8.076688004,2.116113571,9.389170616,38.39479002,0.9993062357,0.8145048774,0.1850830616,0.03696442618,0.9963242107,0.998368882,0.9962322789,0.9978245177,0.9997907479,0.9996473926,0.9966216382,0.9986845039,0.9961710578,0.9976673986,0.9997936695,0.9994976219,0.7970766829,0.9820360817,2.180173568,0.5453835435,0.6254734031,0.8426732243,0.9595401702,0.5415730217,0.5998109729,0.8413639714,0.9578625715,0.9793530961,0.5011543523,0.8449757284,0.1188746974,0.01597256478,0.002502475759,0.001201174562,0.0009597133136,0.0008255726987,0.0006752621738,0.0005884350351,0.0005136569807
bowphs/PhilTa,7,mean_abs,5,210;239;280;660;166,768,847,858,0.5160675139,0.1477840688,0.02328509847,0.070414499,0.1250254539,0.07276151542,0.1207842475,0.01551178446,0.01135147269,0.02541762996,0.2358318138,0.8069588483,1.026913894,2.04992138,2.19545301,3.529915158,4.819410804,2.113072903,5.111650052,4.713476768,0.3655050291,0.1759493003,0.03008537432,0.009409224178,0.004837010209,0.006213732003,0.007297867954,0.002617180254,0.005517042989,0.004440800846,0.5451967628,0.7552810351,0.2064609377,0.03080261627,45.9968791,25.6883556,10.13082088,4.718016911,21.32776853,47.76181903,0.9986271746,0.6946975519,0.2000169876,0.04493439487,0.9941035685,0.9975014934,0.9935668434,0.9950689859,0.9992708488,0.9988896075,0.9947994399,0.9979323521,0.9934408934,0.9948177903,0.9992085899,0.9980207713,0.7568664195,0.9770067406,2.461034725,0.5497198966,0.6377619916,0.8419170327,0.9618646336,0.5415730217,0.5998109729,0.8413639714,0.9578625715,0.9793530961,0.5011543523,0.8449757284,0.1188746974,0.01597256478,0.002502475759,0.001201174562,0.0009597133136,0.0008255726987,0.0006752621738,0.0005884350351,0.0005136569807
bowphs/PhilTa,7,mean_abs,10,210;239;280;660;166;87;430;742;533;23,768,847,858,0.8295422886,0.3106995866,0.03730816639,0.1304289826,0.2659376918,0.08174405038,0.1929257279,0.06183803235,0.1460251652,0.05172254539,0.02939679235,0.4896736188,0.9574265693,7.964425778,0.7904606032,2.065077377,1.52094468,6.558630756,1.047089984,1.148296289,0.09555227108,0.2239200418,0.05882703618,0.07666924447,0.003652440844,0.00762385598,0.004830205141,0.01703658085,0.002370169268,0.002268945118,0.2599579868,0.560562912,0.3248511642,0.06110681957,65.917672,37.09700758,12.3962469,8.774708707,34.52016934,65.89595991,0.9883343181,0.4080488914,0.2299776922,0.0204391757,0.9772992988,0.989583358,0.976896864,0.9932660964,0.998652041,0.9973661577,0.9770951349,0.9923502994,0.9796401626,0.9931323168,0.9983578342,0.9955823481,0.5666440063,0.9530403787,3.904002564,0.5673754212,0.5892219198,0.8419786396,0.9682388653,0.5415730217,0.5998109729,0.8413639714,0.9578625715,0.9793530961,0.5011543523,0.8449757284,0.1188746974,0.01597256478,0.002502475759,0.001201174562,0.0009597133136,0.0008255726987,0.0006752621738,0.0005884350351,0.0005136569807
bowphs/PhilTa,7,variance,1,210,768,847,858,0.1525431648,0.02303806644,5.062346489e-05,2.847183048e-06,0.003583872036,0.03838076914,0.001192048471,0.002166657094,0.0004038933665,0.005672082256,0.7186965277,0.9794551191,1.000316288,1.000144192,1.385894997,6.191746706,1.187834994,1.418367681,1.089616212,2.44339401,0.6994225992,0.1340984769,0.01840186662,0.002882586686,0.001917283493,0.006843914595,0.001129435198,0.001103090462,0.0007384514689,0.001445494953,0.868260652,0.8253194383,0.1372606979,0.01840279823,23.00046128,9.793185101,0.4527451594,0.0001060639808,0.01622205227,24.77680828,0.9999212664,0.9205017077,0.07676701919,0.00307009198,0.9994980168,0.9996849737,0.9994959505,0.9997429353,0.9999994732,0.9999959516,0.9995328015,0.9996228222,0.9994909461,0.9997223745,0.999999406,0.9999966753,0.8254284581,0.9852182574,1.998377546,0.5415098126,0.6073211308,0.8410433456,0.9583114713,0.5415730217,0.5998109729,0.8413639714,0.9578625715,0.9793530961,0.5011543523,0.8449757284,0.1188746974,0.01597256478,0.002502475759,0.001201174562,0.0009597133136,0.0008255726987,0.0006752621738,0.0005884350351,0.0005136569807
bowphs/PhilTa,7,variance,3,210;280;660,768,847,858,0.3719911442,0.07478332342,0.002758653415,0.04951025563,0.1143325828,0.0670989643,0.03951986887,0.01382352393,0.006043558682,0.02513548347,0.3944611442,0.8563179342,1.012333413,4.648993463,3.125883134,5.044090087,1.63093643,1.632766179,3.627235248,3.976769864,0.4929154903,0.1505388058,0.02391234851,0.01720492631,0.00555268281,0.007158933961,0.001991206762,0.001630498563,0.003156445156,0.003020839531,0.6762012945,0.7848862095,0.1627065417,0.02397849687,37.58314875,15.87508618,3.390917804,0.2765064784,16.07113143,37.63589315,0.999998689,0.7924690588,0.006037119631,0.02316987067,0.9999138806,0.9997640463,0.9998800786,0.9996871658,0.999935998,0.9998040763,0.9998982461,0.9996812047,0.9998275859,0.9994741207,0.9998998039,0.9996573805,0.7848879673,0.9812344832,2.244694508,0.5459620109,0.6041214696,0.8405258086,0.9612467633,0.5415730217,0.5998109729,0.8413639714,0.9578625715,0.9793530961,0.5011543523,0.8449757284,0.1188746974,0.01597256478,0.002502475759,0.001201174562,0.0009597133136,0.0008255726987,0.0006752621738,0.0005884350351,0.0005136569807
bowphs/PhilTa,7,variance,5,210;280;660;430;166,768,847,858,0.550969432,0.1170112651,0.009627681391,0.06555973964,0.13547441,0.07324102007,0.1241056746,0.01440175541,0.01355518814,0.0405118426,0.2026383882,0.8273113048,0.9990395264,5.771111992,3.577067049,2.159051708,2.313973901,1.899070376,3.73662867,1.131786263,0.3295387058,0.1892774423,0.030711272,0.02779520341,0.008269393954,0.003987907152,0.003676666637,0.002468050017,0.004231739637,0.00111886603,0.5195884934,0.7338892478,0.214359974,0.03100982471,47.98606984,22.37007026,5.956303205,3.731363416,19.11741767,48.80052353,0.9988267879,0.6693112653,0.1668106907,0.02718260854,0.9954794847,0.9979507889,0.995510035,0.9977685903,0.999821668,0.99950396,0.9958036853,0.9982289001,0.9954116972,0.9974989387,0.9997376668,0.9991808024,0.735150658,0.9758226204,2.57255469,0.5476550439,0.6279989193,0.8405387516,0.9624162116,0.5415730217,0.5998109729,0.8413639714,0.9578625715,0.9793530961,0.5011543523,0.8449757284,0.1188746974,0.01597256478,0.002502475759,0.001201174562,0.0009597133136,0.0008255726987,0.0006752621738,0.0005884350351,0.0005136569807
bowphs/PhilTa,7,variance,10,210;280;660;430;166;87;478;742;239;73,768,847,858,0.8324760797,0.5674558949,0.1167875065,0.2389418707,0.254975849,0.1217404608,0.1925947668,0.03691328493,0.1243398463,0.04763721148,0.03231297905,0.3978893534,0.8919715782,6.859726554,1.410757748,1.272019352,0.8309002109,2.185390234,2.544250554,0.9525248861,0.1210873671,0.2097632223,0.06318344141,0.07612972936,0.007515124381,0.005413932551,0.003042158198,0.006544538442,0.006639509595,0.002169837089,0.2254874615,0.7228064319,0.4849522161,0.07153821066,66.26226009,65.24369258,25.43292216,19.71206907,44.07283707,73.48712743,0.9835179837,0.4025508233,0.5044148691,0.1005867739,0.9038222115,0.9664139584,0.8900664862,0.9572813565,0.9810295586,0.9698788918,0.9209692482,0.9783087527,0.8684597789,0.9603568718,0.9833196335,0.9724215456,0.7433566916,0.9456404438,3.375782485,0.5604318619,0.8277571477,0.8699843411,0.9686548281,0.5415730217,0.5998109729,0.8413639714,0.9578625715,0.9793530961,0.5011543523,0.8449757284,0.1188746974,0.01597256478,0.002502475759,0.001201174562,0.0009597133136,0.0008255726987,0.0006752621738,0.0005884350351,0.0005136569807
bowphs/PhilTa,8,mean_abs,1,210,768,847,858,0.1535925041,0.02228331493,8.651541168e-05,0.0001083754677,0.004755900271,0.03011623608,0.0004429426196,0.006817011324,0.003320051094,0.005399612766,0.7169709299,0.9775045655,1.00056075,1.00538812,1.403899293,4.399509809,1.059926264,2.100874368,1.627706198,2.158662316,0.6838953063,0.1480521432,0.01769751535,0.00291635946,0.002422861169,0.005745174119,0.001158176456,0.0019277589,0.001278016129,0.001495213958,0.8695519753,0.8079976957,0.1514264259,0.01769904659,23.0872042,9.689901428,0.591467049,0.0002274950333,0.01814877757,24.80168129,0.9998967621,0.9199090946,0.07776041736,0.004025254129,0.9994181352,0.9996370444,0.9994183522,0.999736991,0.9999990773,0.9999942532,0.9994607195,0.9996689126,0.9994159732,0.9996988353,0.9999989467,0.9999929135,0.808134131,0.9825136067,2.109486442,0.5421390032,0.6062680031,0.8722788433,0.9638902343,0.5420649058,0.5983667903,0.87244495,0.9634388432,0.9835188765,0.5029043639,0.8294374147,0.131701721,0.01538028493,0.002522335482,0.001500680089,0.001135519119,0.0009501553641,0.000797899477,0.0006827408109,0.000602301824
bowphs/PhilTa,8,mean_abs,3,210;280;239,768,847,858,0.3412505723,0.06180876426,0.01636043715,0.03253547122,0.01900355379,0.05123168111,0.04549599174,0.02011649893,0.005234516301,0.01203134812,0.436380457,0.9738488933,1.021754348,0.9869154765,3.241620498,12.72342327,4.438103786,1.283718828,2.564281388,0.9925829006,0.511112059,0.181113256,0.02219106209,0.003515199856,0.0068693794,0.02040166626,0.005954691845,0.001446389647,0.002472229344,0.0008442055067,0.7081622742,0.7758823576,0.1930451374,0.0225601561,35.82081081,18.30950869,7.967467543,1.930551935,9.582317976,38.68021411,0.999035892,0.8108512988,0.1919923463,0.03651297738,0.995499356,0.9981964391,0.9954317898,0.9977413178,0.9997913369,0.9995737311,0.9958817965,0.9986421941,0.9953587353,0.9976527128,0.9997917341,0.9994270994,0.7770541809,0.9787146824,2.316297055,0.5459550126,0.6262212068,0.8735270835,0.9646210838,0.5420649058,0.5983667903,0.87244495,0.9634388432,0.9835188765,0.5029043639,0.8294374147,0.131701721,0.01538028493,0.002522335482,0.001500680089,0.001135519119,0.0009501553641,0.000797899477,0.0006827408109,0.000602301824
bowphs/PhilTa,8,mean_abs,5,210;280;239;166;660,768,847,858,0.5215222174,0.1538813683,0.02114796043,0.06288819666,0.1651084772,0.0666653861,0.1477656595,0.02530973714,0.006685574781,0.03390014533,0.2307870681,0.7871886377,1.033847554,1.794070188,2.032674521,5.189083069,3.637356259,3.264709162,3.643946486,5.417135422,0.3506784674,0.1899259358,0.02912962499,0.008290033526,0.005588174662,0.01079441429,0.006331323033,0.004772068691,0.004557659351,0.005977201255,0.545865934,0.7329043899,0.2244672658,0.02975896643,46.33963474,26.40177814,9.681339754,4.745747771,21.66888612,48.06600106,0.9980646002,0.6903821285,0.2092072489,0.04509437305,0.9926553102,0.9971649809,0.9921651276,0.995153114,0.9993428308,0.9988234899,0.9935429317,0.9977774761,0.9919990042,0.9948020025,0.9992907386,0.9981264601,0.734987191,0.9727841938,2.627826204,0.5510763918,0.6405385477,0.8731816459,0.9670459718,0.5420649058,0.5983667903,0.87244495,0.9634388432,0.9835188765,0.5029043639,0.8294374147,0.131701721,0.01538028493,0.002522335482,0.001500680089,0.001135519119,0.0009501553641,0.000797899477,0.0006827408109,0.000602301824
bowphs/PhilTa,8,mean_abs,10,210;280;239;166;660;87;430;742;533;23,768,847,858,0.8280713272,0.3255816712,0.03524552214,0.1280902537,0.3046082452,0.07062814467,0.2141375819,0.04930159993,0.1678866534,0.05792156871,0.03002256541,0.4711288218,0.964219405,7.42135562,0.9837922357,3.396542463,1.768309706,5.351367137,1.488847509,0.9997416097,0.09296650164,0.2316467389,0.05536500145,0.06988454775,0.005511712781,0.01439880886,0.006272606188,0.01594072225,0.003794907105,0.002248003657,0.267858192,0.5407271523,0.3434763395,0.05738765947,66.05574931,39.57558279,12.03191401,8.64002289,35.27579678,65.87287874,0.9787883397,0.4058475628,0.283102774,0.02306980717,0.9624639472,0.9838354716,0.9620507307,0.9901414869,0.998688564,0.9970131355,0.9607941014,0.9874648087,0.9676064477,0.990198032,0.9984333509,0.9956854721,0.5505992719,0.9460812001,4.154482884,0.5699608598,0.5842766397,0.8734494824,0.9718728697,0.5420649058,0.5983667903,0.87244495,0.9634388432,0.9835188765,0.5029043639,0.8294374147,0.131701721,0.01538028493,0.002522335482,0.001500680089,0.001135519119,0.0009501553641,0.000797899477,0.0006827408109,0.000602301824
bowphs/PhilTa,8,variance,1,210,768,847,858,0.1535925041,0.02228331493,8.651541168e-05,0.0001083754677,0.004755900271,0.03011623608,0.0004429426196,0.006817011324,0.003320051094,0.005399612766,0.7169709299,0.9775045655,1.00056075,1.00538812,1.403899293,4.399509809,1.059926264,2.100874368,1.627706198,2.158662316,0.6838953063,0.1480521432,0.01769751535,0.00291635946,0.002422861169,0.005745174119,0.001158176456,0.0019277589,0.001278016129,0.001495213958,0.8695519753,0.8079976957,0.1514264259,0.01769904659,23.0872042,9.689901428,0.591467049,0.0002274950333,0.01814877757,24.80168129,0.9998967621,0.9199090946,0.07776041736,0.004025254129,0.9994181352,0.9996370444,0.9994183522,0.999736991,0.9999990773,0.9999942532,0.9994607195,0.9996689126,0.9994159732,0.9996988353,0.9999989467,0.9999929135,0.808134131,0.9825136067,2.109486442,0.5421390032,0.6062680031,0.8722788433,0.9638902343,0.5420649058,0.5983667903,0.87244495,0.9634388432,0.9835188765,0.5029043639,0.8294374147,0.131701721,0.01538028493,0.002522335482,0.001500680089,0.001135519119,0.0009501553641,0.000797899477,0.0006827408109,0.000602301824
bowphs/PhilTa,8,variance,3,210;280;660,768,847,858,0.3718899599,0.07832485839,0.002195698055,0.04069826655,0.1457685401,0.06069538036,0.0557248528,0.02026241576,0.005184677753,0.03210330606,0.39458902,0.8497071513,1.009557351,3.973637124,2.564945141,6.57897729,2.059732396,1.522605225,2.684285881,3.773777304,0.4809250832,0.1644407823,0.02281624582,0.01472786736,0.005656073078,0.01097745458,0.002875770571,0.00178518943,0.002692981943,0.003339944555,0.6805361335,0.7656701095,0.1784151214,0.02286645364,37.5770805,16.25262099,3.016107224,0.5526394452,16.4074713,37.61548545,0.9999996397,0.7925336507,0.0002329073904,0.02010984985,0.9999146398,0.9996797207,0.9998652614,0.9996641392,0.9999466715,0.9998167942,0.9999028691,0.9996246461,0.999801592,0.9994480357,0.9999176524,0.9997478705,0.7656706524,0.9779012549,2.376941591,0.5469935539,0.6022062769,0.8716630116,0.9661446434,0.5420649058,0.5983667903,0.87244495,0.9634388432,0.9835188765,0.5029043639,0.8294374147,0.131701721,0.01538028493,0.002522335482,0.001500680089,0.001135519119,0.0009501553641,0.000797899477,0.0006827408109,0.000602301824
bowphs/PhilTa,8,variance,5,210;280;660;430;166,768,847,858,0.5535052656,0.1204123016,0.008538410918,0.05694547325,0.1788820494,0.06707441826,0.1554093364,0.022304012,0.01396188552,0.05169127496,0.2003790018,0.8114694017,1.002792188,5.390926163,2.72964873,3.099578766,1.419622358,2.688452585,1.565966576,1.367684287,0.3172217747,0.2039814893,0.02943760565,0.02595334814,0.007818474836,0.006717756965,0.002574510189,0.004094281712,0.002040635848,0.001572270246,0.5239294856,0.7104714798,0.2319058005,0.02969112063,48.1484143,22.62841145,5.631774241,3.738831158,19.46147494,48.86353002,0.9985045964,0.6672033822,0.1661817153,0.02852214455,0.9949194795,0.9979280585,0.9949358952,0.9977463141,0.9998166101,0.9994820788,0.995292248,0.9982848888,0.9948436422,0.9974572559,0.9997355128,0.9992624011,0.7119531108,0.9715890334,2.742632062,0.548497467,0.6280357441,0.8721918325,0.9675099151,0.5420649058,0.5983667903,0.87244495,0.9634388432,0.9835188765,0.5029043639,0.8294374147,0.131701721,0.01538028493,0.002522335482,0.001500680089,0.001135519119,0.0009501553641,0.000797899477,0.0006827408109,0.000602301824
bowphs/PhilTa,8,variance,10,210;280;660;430;166;87;478;239;742;73,768,847,858,0.8370469454,0.5648609926,0.1155722609,0.2362777427,0.3044568283,0.1237796928,0.2039202694,0.03699507887,0.122052829,0.05920418628,0.03105358802,0.3646108791,0.9096454681,7.010637753,0.9472387199,1.494125934,0.8112654622,1.746916154,3.531370356,0.909475887,0.1132283218,0.2110963551,0.06150298621,0.07773561487,0.006248952511,0.007458325216,0.003388576334,0.006127451788,0.01059885113,0.002408047388,0.2274784909,0.6948524045,0.4851239523,0.06953986571,66.76062687,65.51842497,24.81444195,19.5743719,44.24698089,73.40879969,0.9774545956,0.3945734378,0.5116489664,0.1042079659,0.887121194,0.9620795825,0.8775501303,0.9558863502,0.9854009331,0.973361816,0.9085683986,0.9761949954,0.850104598,0.9605431334,0.9871155447,0.9785933126,0.7213284556,0.9361386478,3.746681475,0.5623514726,0.8578563055,0.8961407307,0.9722320778,0.5420649058,0.5983667903,0.87244495,0.9634388432,0.9835188765,0.5029043639,0.8294374147,0.131701721,0.01538028493,0.002522335482,0.001500680089,0.001135519119,0.0009501553641,0.000797899477,0.0006827408109,0.000602301824
bowphs/PhilTa,9,mean_abs,1,210,768,847,858,0.1477934361,0.02416773456,0.0005137266203,0.0005361173522,0.01412216144,0.01862273294,0.001113694238,0.0135954476,0.002765269488,0.008901248773,0.7267796422,0.9777863757,1.003664717,1.031189154,2.265859514,3.138977545,1.165891316,3.262487542,1.53057917,3.051435567,0.7048789186,0.1327794942,0.01612879498,0.002515185789,0.003629275673,0.003942603991,0.001133608088,0.002843300812,0.001158762732,0.001926635752,0.8720099081,0.827122142,0.1360679482,0.01613708503,22.61958198,9.99061503,1.437830252,0.0004973464165,0.03421632776,24.53827853,0.999922521,0.9230788226,0.07700309947,0.009569745858,0.9994971488,0.9995348465,0.9994926873,0.9997377809,0.9999939736,0.9999760255,0.999549613,0.9996353042,0.9994692832,0.9997331087,0.9999933601,0.9999751879,0.8272299008,0.9835890312,2.009583986,0.5389284194,0.6063236402,0.87925299,0.9650162161,0.5387671534,0.5983768787,0.8792448763,0.9645216807,0.9826002739,0.4994908212,0.8457328265,0.1184154713,0.01401311493,0.002126929788,0.001396716931,0.001095257833,0.0008478641798,0.0007599681066,0.0006601766204,0.0005505754353
bowphs/PhilTa,9,mean_abs,3,210;280;239,768,847,858,0.3451241825,0.06639271804,0.01572553953,0.02550017386,0.03787232311,0.02998577279,0.05194553958,0.01778143206,0.004453767851,0.01062873151,0.4311010416,0.9823591764,1.02553508,0.9902064613,7.358652826,8.536315209,5.715126187,1.512994293,2.899552055,2.865939809,0.5211186325,0.1662658649,0.02054043072,0.003010254755,0.01469031313,0.01336322106,0.006925903773,0.001643451901,0.002735995582,0.002255320344,0.6996416548,0.7957518336,0.1780897259,0.02086860072,36.03636814,18.68750509,7.840954568,1.350780754,10.07154102,39.0044096,0.99925827,0.8086437384,0.1903792596,0.03530103424,0.9960630659,0.9977180937,0.9959710158,0.9978481368,0.9997859061,0.999525387,0.99650173,0.9983273695,0.9957688277,0.9978903654,0.9997819883,0.9994221217,0.7967064111,0.9797677073,2.213405069,0.5419552909,0.6260850088,0.8800569016,0.9657780644,0.5387671534,0.5983768787,0.8792448763,0.9645216807,0.9826002739,0.4994908212,0.8457328265,0.1184154713,0.01401311493,0.002126929788,0.001396716931,0.001095257833,0.0008478641798,0.0007599681066,0.0006601766204,0.0005505754353
bowphs/PhilTa,9,mean_abs,5,210;280;239;166;430,768,847,858,0.5329021372,0.1099378449,0.0224457981,0.03534510966,0.09711582047,0.03586564564,0.1504124271,0.03676403424,0.007541732328,0.02923284099,0.2238898627,1.080836684,0.9978492865,1.101478662,6.674238145,4.329857371,1.954660563,1.704980926,1.746065641,1.633988216,0.3537644816,0.239119577,0.02612439517,0.004376992994,0.01741633243,0.00886005806,0.003096308663,0.002420814438,0.002153611273,0.001680785761,0.535245951,0.7573669455,0.26865492,0.02672424211,47.14905116,30.35235526,9.461372294,2.709552982,12.65404211,51.65419976,0.9950953008,0.6800934865,0.3812495055,0.0299876131,0.9785958511,0.9919442381,0.9782505592,0.989267838,0.9994829355,0.9989281563,0.982049027,0.9945095962,0.9760856189,0.9889143964,0.9994523453,0.9986333028,0.7631506662,0.9738704172,2.491990195,0.5420746399,0.6783507606,0.8807283475,0.9671367629,0.5387671534,0.5983768787,0.8792448763,0.9645216807,0.9826002739,0.4994908212,0.8457328265,0.1184154713,0.01401311493,0.002126929788,0.001396716931,0.001095257833,0.0008478641798,0.0007599681066,0.0006601766204,0.0005505754353
bowphs/PhilTa,9,mean_abs,10,210;280;239;166;430;660;87;742;533;537,768,847,858,0.8207457337,0.3205251724,0.02791058341,0.1463112049,0.33166457,0.0435298364,0.2121250294,0.0639231238,0.1892967317,0.08760764259,0.03235862941,0.4706607114,0.9796602949,7.340219762,1.379951094,3.732955946,0.8673752144,1.943331438,2.167025047,1.445145911,0.1030225623,0.2098096387,0.05167961049,0.05877210656,0.00725573034,0.01539140526,0.002768486032,0.005559699059,0.005385587822,0.002995280991,0.2656384631,0.5747286488,0.3087820625,0.05316343292,65.10031374,36.17034126,10.51596701,8.346266013,34.74543036,65.14571973,0.9944413281,0.4210308466,0.1665047081,0.05072988362,0.9882778253,0.9939337104,0.9883949195,0.9964759202,0.9993304578,0.9986690377,0.988618343,0.9951246735,0.9891118616,0.9962587147,0.9993232362,0.9983362988,0.5778457956,0.9490799696,3.94631097,0.5588500871,0.5957606789,0.8798565505,0.9716166324,0.5387671534,0.5983768787,0.8792448763,0.9645216807,0.9826002739,0.4994908212,0.8457328265,0.1184154713,0.01401311493,0.002126929788,0.001396716931,0.001095257833,0.0008478641798,0.0007599681066,0.0006601766204,0.0005505754353
bowphs/PhilTa,9,variance,1,210,768,847,858,0.1477934361,0.02416773456,0.0005137266203,0.0005361173522,0.01412216144,0.01862273294,0.001113694238,0.0135954476,0.002765269488,0.008901248773,0.7267796422,0.9777863757,1.003664717,1.031189154,2.265859514,3.138977545,1.165891316,3.262487542,1.53057917,3.051435567,0.7048789186,0.1327794942,0.01612879498,0.002515185789,0.003629275673,0.003942603991,0.001133608088,0.002843300812,0.001158762732,0.001926635752,0.8720099081,0.827122142,0.1360679482,0.01613708503,22.61958198,9.99061503,1.437830252,0.0004973464165,0.03421632776,24.53827853,0.999922521,0.9230788226,0.07700309947,0.009569745858,0.9994971488,0.9995348465,0.9994926873,0.9997377809,0.9999939736,0.9999760255,0.999549613,0.9996353042,0.9994692832,0.9997331087,0.9999933601,0.9999751879,0.8272299008,0.9835890312,2.009583986,0.5389284194,0.6063236402,0.87925299,0.9650162161,0.5387671534,0.5983768787,0.8792448763,0.9645216807,0.9826002739,0.4994908212,0.8457328265,0.1184154713,0.01401311493,0.002126929788,0.001396716931,0.001095257833,0.0008478641798,0.0007599681066,0.0006601766204,0.0005505754353
bowphs/PhilTa,9,variance,3,210;280;430,768,847,858,0.3848068369,0.0288461667,0.005383926432,0.01383886872,0.06723388691,0.03050801357,0.06901526847,0.01455025066,0.007068988367,0.02596963947,0.3796940878,1.0030442,1.019671875,2.58199553,2.166838444,5.214815376,13.26714707,2.016868498,1.317573316,1.324113553,0.4788288032,0.1771094617,0.02130631624,0.00818883054,0.004512821689,0.00851664509,0.01677324442,0.002285526144,0.001297024486,0.001087064482,0.6706358347,0.7783389542,0.1823701412,0.02142164882,38.37956456,13.05695245,4.545716743,1.948770414,5.650960445,39.70966315,0.9994548886,0.7839149496,0.1489720737,0.02918266083,0.9974064162,0.9984728178,0.9974512176,0.9991532484,0.999940871,0.9998439877,0.9975649293,0.9987802754,0.9973273673,0.9991470231,0.9999290458,0.999832547,0.7790045784,0.9788834549,2.300498811,0.5391451395,0.6160986111,0.8798411642,0.9659511398,0.5387671534,0.5983768787,0.8792448763,0.9645216807,0.9826002739,0.4994908212,0.8457328265,0.1184154713,0.01401311493,0.002126929788,0.001396716931,0.001095257833,0.0008478641798,0.0007599681066,0.0006601766204,0.0005505754353
bowphs/PhilTa,9,variance,5,210;280;430;660;166,768,847,858,0.5589299068,0.1242944852,0.008294735794,0.04343211491,0.2307750313,0.03620648072,0.1611554731,0.04992443824,0.007731839747,0.02941986357,0.1954458993,0.8103168832,0.9937275964,5.515887552,2.290236195,4.614925455,0.8091866395,3.578559869,1.212417578,1.515146002,0.3231643189,0.1875974749,0.02722486203,0.0229367674,0.006253920043,0.009881996848,0.001341339284,0.005317007917,0.001564861901,0.001630928673,0.5114890575,0.7326824554,0.2142243845,0.02745257388,48.44068338,22.79353955,5.390957117,4.488799512,19.62750604,49.17315913,0.99889176,0.6633950647,0.1605878416,0.01932614889,0.9957755468,0.9975973323,0.9957230233,0.9980049587,0.9998770531,0.9996304287,0.9961980213,0.9981845766,0.9955035632,0.9977755762,0.9998330506,0.9995553204,0.733868757,0.9726991927,2.628084033,0.5445909202,0.6272478199,0.8788212387,0.9682808691,0.5387671534,0.5983768787,0.8792448763,0.9645216807,0.9826002739,0.4994908212,0.8457328265,0.1184154713,0.01401311493,0.002126929788,0.001396716931,0.001095257833,0.0008478641798,0.0007599681066,0.0006601766204,0.0005505754353
bowphs/PhilTa,9,variance,10,210;280;430;660;166;87;478;239;742;73,768,847,858,0.8351251199,0.5653260522,0.1125757138,0.2255910424,0.3674214614,0.07793525453,0.1900397663,0.05927981874,0.1086620675,0.0558743483,0.03120278003,0.3909637814,0.870877598,8.433533237,0.7502215911,1.731641279,1.036279226,2.132836109,3.969709231,3.229039276,0.1182139034,0.2073896388,0.05466808789,0.08035349944,0.004693967055,0.008496036679,0.003935910014,0.007260974847,0.01173980594,0.007964018114,0.2232327551,0.7169915961,0.47711541,0.06160310095,66.48062565,64.76514593,24.10378727,19.42491946,44.1345976,73.32198822,0.9827884028,0.3990591466,0.5010919261,0.07311039358,0.9041005253,0.9657877568,0.8933054027,0.9531917026,0.9859672431,0.9691474708,0.9237499863,0.9783754185,0.8669490941,0.9585241217,0.9875435844,0.9791290332,0.7381019696,0.9390543447,3.549452195,0.5570539599,0.8601419329,0.900431366,0.972637063,0.5387671534,0.5983768787,0.8792448763,0.9645216807,0.9826002739,0.4994908212,0.8457328265,0.1184154713,0.01401311493,0.002126929788,0.001396716931,0.001095257833,0.0008478641798,0.0007599681066,0.0006601766204,0.0005505754353
bowphs/PhilTa,10,mean_abs,1,280,768,847,858,0.1368235365,0.001035533195,0.0005732528732,0.0005445379483,0.04105406333,0.01228474866,0.03647804965,0.002854962445,0.00260529925,0.002763097079,0.7451277713,0.9989577468,1.003853602,1.029959512,4.071711096,2.227674068,5.280217804,1.416712112,1.401273759,1.570971188,0.7138377044,0.1321779143,0.01512939239,0.002374601391,0.006967557685,0.002872852849,0.005816499509,0.001258692677,0.00118064962,0.0009898087522,0.8838160472,0.8269893059,0.1323149308,0.01513807033,21.70967488,2.040613521,1.482293256,0.0001783304056,0.04650347367,21.84302919,0.9999970057,0.9290701234,0.0152434501,0.00970383301,0.9999581386,0.9998255033,0.99998011,0.9999835101,0.9999924511,0.9999700417,0.9999477858,0.9996605533,0.9999795259,0.9999841742,0.9999898668,0.9999635038,0.8269934757,0.9828420564,2.019526647,0.5373628742,0.6026910575,0.8880490838,0.9649170896,0.5380481888,0.6018396065,0.8881497873,0.9642504068,0.9823866369,0.4995517859,0.8467020591,0.1169428458,0.01332026875,0.002037663414,0.00151239593,0.001139786778,0.0009735802188,0.0007852356007,0.0007446632563,0.000556858627
bowphs/PhilTa,10,mean_abs,3,280;210;239,768,847,858,0.3513026339,0.06395373364,0.01791285427,0.02352425088,0.06288002391,0.0228019549,0.04643587575,0.01507236171,0.005779922313,0.009977986501,0.4229571469,0.9841651986,1.054250812,1.147633652,11.06592215,6.186846789,2.595447765,2.534018501,2.522549026,4.997516913,0.5157358222,0.1657455877,0.02022354313,0.003367720466,0.02410201901,0.01015531246,0.003639019211,0.002865563763,0.002705202966,0.004007739998,0.694383969,0.7950330141,0.1770698668,0.02059241201,36.40509627,18.35372305,8.51005415,1.433292883,10.20699408,39.29936982,0.9992842236,0.8048410115,0.1875389957,0.04417507477,0.9961660134,0.9978221084,0.9960749698,0.9978857772,0.9997306814,0.9994444186,0.9966142541,0.9980815856,0.9958492498,0.9978744256,0.9997260259,0.9993479135,0.7959534786,0.9784001635,2.239803157,0.5402982302,0.6296870041,0.8894369642,0.9658528658,0.5380481888,0.6018396065,0.8881497873,0.9642504068,0.9823866369,0.4995517859,0.8467020591,0.1169428458,0.01332026875,0.002037663414,0.00151239593,0.001139786778,0.0009735802188,0.0007852356007,0.0007446632563,0.000556858627
bowphs/PhilTa,10,mean_abs,5,280;210;239;166;430,768,847,858,0.5449228628,0.1079976411,0.0251347182,0.02971527263,0.1473747646,0.03588255575,0.1039324923,0.06933973064,0.01964416111,0.01725271818,0.2126861369,1.085241318,1.013907399,0.9950936363,8.058965871,3.651687346,4.130492287,1.551357244,1.14578468,1.77446035,0.3431477846,0.2418306698,0.02573491156,0.003863739137,0.02322502644,0.007931011904,0.007662755301,0.002321256857,0.001625827019,0.001882880043,0.524793684,0.7540431206,0.2711098994,0.02639842862,47.84536115,30.44001153,10.16516428,3.212134383,12.88904624,52.25064951,0.9948707362,0.6711338828,0.3855121825,0.0379104817,0.9778223814,0.9918037679,0.9774403671,0.9887030737,0.9993553406,0.9987135309,0.9814126375,0.994162835,0.9750474543,0.9882984641,0.9993171248,0.9983941493,0.7600469128,0.9718051594,2.545437315,0.5404681332,0.6864126154,0.8907490901,0.9674392163,0.5380481888,0.6018396065,0.8881497873,0.9642504068,0.9823866369,0.4995517859,0.8467020591,0.1169428458,0.01332026875,0.002037663414,0.00151239593,0.001139786778,0.0009735802188,0.0007852356007,0.0007446632563,0.000556858627
bowphs/PhilTa,10,mean_abs,10,280;210;239;166;430;660;87;742;533;537,768,847,858,0.8212494214,0.3254122047,0.03070964217,0.150201345,0.3614609944,0.05524588274,0.1296077749,0.1359831985,0.2326047696,0.1639986388,0.03218066926,0.4645170315,0.9884287483,7.078758542,1.961773076,3.52438059,1.407986723,1.298272618,1.683351997,1.282354331,0.1031707213,0.2056866378,0.0498527517,0.05461605481,0.01123427496,0.01521027951,0.005190403011,0.003860083132,0.00474641429,0.002703857344,0.2641004984,0.5771769924,0.3049071437,0.05143221667,65.13353916,36.46085846,11.15776515,8.704854925,35.08696074,65.20334402,0.9945971606,0.420504786,0.1663591303,0.06157430522,0.9884005824,0.9935358791,0.9884431343,0.9963479901,0.9992339419,0.9985415224,0.9887838544,0.994924562,0.989236022,0.9961345593,0.9992222852,0.9982360626,0.5802795908,0.9457367385,4.034800004,0.557102297,0.6001359412,0.8898524881,0.9715848724,0.5380481888,0.6018396065,0.8881497873,0.9642504068,0.9823866369,0.4995517859,0.8467020591,0.1169428458,0.01332026875,0.002037663414,0.00151239593,0.001139786778,0.0009735802188,0.0007852356007,0.0007446632563,0.000556858627
bowphs/PhilTa,10,variance,1,210,768,847,858,0.1460670405,0.0228535611,0.0008602766873,0.0008174588313,0.02168124169,0.01031890245,0.008757433248,0.008255201788,0.003018466338,0.0007103695899,0.7296893112,0.9790147223,1.006449517,1.049114853,2.770144766,2.12463919,2.120389436,2.313418294,1.50673832,1.159955673,0.707305698,0.1310694379,0.01534770841,0.002447338486,0.004796302012,0.002772345541,0.002363338498,0.002079661745,0.001284506525,0.0007394773932,0.8734970523,0.8282918351,0.134134898,0.01536092306,22.47889133,9.694238692,1.856373349,0.0006739552022,0.04992477956,24.33335798,0.9999302289,0.9240204564,0.07416912378,0.01229075961,0.9995371498,0.9996225886,0.9995327611,0.9997501829,0.9999890448,0.9999652033,0.9995869616,0.9995584552,0.999508281,0.9997137112,0.99998774,0.9999581842,0.8283892677,0.9826216542,2.019716461,0.5383290551,0.609553601,0.8883367908,0.964795135,0.5380481888,0.6018396065,0.8881497873,0.9642504068,0.9823866369,0.4995517859,0.8467020591,0.1169428458,0.01332026875,0.002037663414,0.00151239593,0.001139786778,0.0009735802188,0.0007852356007,0.0007446632563,0.000556858627
bowphs/PhilTa,10,variance,3,210;280;430,768,847,858,0.3944059691,0.0275897377,0.005911450833,0.00752697201,0.113008803,0.0233060291,0.07898845075,0.01183158537,0.01771715748,0.003586387284,0.3679238722,1.004243178,1.013725106,1.861967845,2.591719254,6.840979545,8.919007612,5.364030398,0.9851828532,2.034031927,0.4704328933,0.1773461012,0.02039117666,0.005729460396,0.005919193705,0.01177473127,0.01311285845,0.006360632573,0.001107862512,0.001710455639,0.6622026321,0.7768123021,0.1823778585,0.02051243491,38.94225923,12.8434527,4.67029499,2.317511707,5.753527887,40.1775316,0.9994610012,0.7777797747,0.1477215987,0.02622867099,0.9974361666,0.9984281469,0.9974888172,0.9991601801,0.9999231487,0.9997775542,0.997585525,0.9986485207,0.9973573889,0.9991364029,0.9999067565,0.9997522972,0.7774684631,0.9773818189,2.334082055,0.5381400586,0.6197578296,0.889484019,0.9662486541,0.5380481888,0.6018396065,0.8881497873,0.9642504068,0.9823866369,0.4995517859,0.8467020591,0.1169428458,0.01332026875,0.002037663414,0.00151239593,0.001139786778,0.0009735802188,0.0007852356007,0.0007446632563,0.000556858627
bowphs/PhilTa,10,variance,5,210;280;430;660;166,768,847,858,0.563829316,0.1258566654,0.009036918958,0.03252984332,0.2650315401,0.04426122081,0.1059999748,0.1000524636,0.01979664717,0.01992345717,0.1911068122,0.8067585336,0.9915197521,4.649825949,2.008690637,6.240431319,1.925690736,4.478634064,1.125913165,2.06283801,0.3193599677,0.1862048194,0.02606681977,0.01870005294,0.005995870535,0.0140382158,0.003700257724,0.006940955366,0.001654773334,0.002267168344,0.5066713044,0.7321903544,0.2130140585,0.02630453169,48.72120614,22.86689826,5.619462248,4.592145154,19.86190624,49.42363324,0.9989270243,0.6597235672,0.1585577921,0.01751966457,0.9958904968,0.9977378026,0.9958061929,0.998025971,0.9998299529,0.9994975813,0.9962756818,0.9981209125,0.9955635114,0.9976782848,0.9997654362,0.9993984496,0.7333395847,0.9708166172,2.66867244,0.5438043171,0.6315775243,0.888813076,0.9682884274,0.5380481888,0.6018396065,0.8881497873,0.9642504068,0.9823866369,0.4995517859,0.8467020591,0.1169428458,0.01332026875,0.002037663414,0.00151239593,0.001139786778,0.0009735802188,0.0007852356007,0.0007446632563,0.000556858627
bowphs/PhilTa,10,variance,10,210;280;430;660;166;478;239;87;742;533,768,847,858,0.853379437,0.4483970861,0.09937744682,0.173800455,0.4112782898,0.07922090468,0.1188572666,0.1362734627,0.2073391071,0.162443171,0.02254482566,0.3575225308,0.9544544886,6.96385541,0.5420369089,1.597430319,1.532253498,0.8326596983,0.7544493603,1.186176043,0.08618541558,0.1887701656,0.05740166569,0.06406760303,0.003701268941,0.008220567895,0.00673532638,0.002952050679,0.002536566793,0.002982293511,0.221484693,0.5878126084,0.3422211175,0.06373554103,68.15050645,50.4398838,21.69207822,17.46165861,41.39766165,69.20371706,0.9719493313,0.3721697466,0.3814391918,0.09017380712,0.9333607119,0.9759271907,0.9306023234,0.9771645851,0.9949894366,0.9913456843,0.9448110908,0.9836627091,0.9187331975,0.9803752797,0.9952522208,0.9905426083,0.6078130216,0.9352839306,4.335220527,0.5578030732,0.7974912799,0.9048170389,0.972122424,0.5380481888,0.6018396065,0.8881497873,0.9642504068,0.9823866369,0.4995517859,0.8467020591,0.1169428458,0.01332026875,0.002037663414,0.00151239593,0.001139786778,0.0009735802188,0.0007852356007,0.0007446632563,0.000556858627
bowphs/PhilTa,11,mean_abs,1,280,768,847,858,0.1408883897,0.000615442712,0.0003670282809,0.004951414703,0.04744568475,0.006512373723,0.02576185905,0.0004368116338,0.01138502584,0.0002468557452,0.7381309151,0.9993669677,1.002605481,1.252400353,3.920833865,1.564498806,3.528942701,1.055138921,2.521993344,1.045824341,0.7015471424,0.1381615988,0.0147983227,0.003174959218,0.008284238957,0.002369267397,0.004731434397,0.001105064858,0.002496233545,0.0007485501785,0.881602618,0.8165960441,0.1382466817,0.0148037561,22.04631061,1.581342901,1.188979347,0.000230050414,0.0501638713,22.12679956,0.9999978739,0.9268807675,0.01208667712,0.007896404191,0.9999567055,0.9998245948,0.9999866895,0.9999890199,0.9999935793,0.9999734582,0.9999469272,0.9996245511,0.9999864247,0.9999880689,0.9999915207,0.9999731931,0.8165989406,0.9795843177,2.119048666,0.538575668,0.6074071085,0.9045201874,0.9649456155,0.5391559525,0.6068654521,0.9046250484,0.9643090014,0.982290941,0.5001123644,0.8379079981,0.1218807817,0.01301233664,0.002234950151,0.001862717729,0.001335093598,0.001182009827,0.0009233173497,0.0008725978733,0.0006310082592
bowphs/PhilTa,11,mean_abs,3,280;210;430,768,847,858,0.4001068909,0.02477882825,0.003511080956,0.01071902413,0.1124707734,0.01909287075,0.09088152626,0.01056120128,0.01926296905,0.0006042063155,0.3609979898,1.001055163,1.012018554,0.9842463114,2.338053533,5.774916093,7.533973651,4.100116773,4.328947497,1.016333227,0.4576105685,0.1845814984,0.01992226404,0.003327871614,0.006588649812,0.01166412911,0.0134722493,0.005727197351,0.005714673139,0.0009702107773,0.6610055007,0.7628201785,0.1892714224,0.01999245918,39.27815248,12.29117633,3.648857572,2.200681677,5.022620464,40.3537885,0.9994241656,0.7740816687,0.143312824,0.02257880319,0.997422446,0.9983082545,0.9974900035,0.9991796323,0.9999418933,0.9998490236,0.9975860531,0.9986464498,0.9973820131,0.9991365359,0.9999252269,0.999806253,0.7634956262,0.9730904004,2.476448713,0.5393702774,0.6250887501,0.9057471584,0.9663996168,0.5391559525,0.6068654521,0.9046250484,0.9643090014,0.982290941,0.5001123644,0.8379079981,0.1218807817,0.01301233664,0.002234950151,0.001862717729,0.001335093598,0.001182009827,0.0009233173497,0.0008725978733,0.0006310082592
bowphs/PhilTa,11,mean_abs,5,280;210;430;166;239,768,847,858,0.5539614369,0.102739321,0.02396826811,0.03373206012,0.1589423901,0.03919911839,0.1046017444,0.05341719077,0.0333399273,0.02166622149,0.2045513768,1.065745881,1.027178495,1.5047075,6.111916331,2.460478983,5.178105081,1.027611017,1.232269459,1.104776214,0.3283764022,0.2488640078,0.025607926,0.00644307407,0.02181210832,0.006293678736,0.01172641187,0.001817828657,0.002060122439,0.001335618901,0.521947477,0.7362063045,0.2773597614,0.02623677609,48.40820809,30.2546196,10.01650041,3.629776379,12.59692318,52.48452812,0.9939476827,0.6638190777,0.3886720542,0.04209009455,0.9757773047,0.9910394263,0.9754575195,0.9882882588,0.9993776288,0.9988789631,0.9797835374,0.9940109038,0.9729688449,0.9880715457,0.9993517438,0.9984168716,0.7429636513,0.9663149802,2.735288092,0.5412071993,0.698160857,0.9071547288,0.9677064151,0.5391559525,0.6068654521,0.9046250484,0.9643090014,0.982290941,0.5001123644,0.8379079981,0.1218807817,0.01301233664,0.002234950151,0.001862717729,0.001335093598,0.001182009827,0.0009233173497,0.0008725978733,0.0006310082592
bowphs/PhilTa,11,mean_abs,10,280;210;430;166;239;660;87;742;533;537,768,847,858,0.821531072,0.3257676094,0.03176797167,0.1681375258,0.3552622879,0.06972674665,0.1328239568,0.1523586251,0.2320905608,0.1753644891,0.03213900339,0.4660880223,0.9843776074,5.218523651,2.397861707,3.115067715,2.249233384,0.8750427208,1.080590536,1.253066217,0.1001029519,0.2111646983,0.04761405388,0.0433544459,0.01660310534,0.01545956779,0.009882657648,0.003003297784,0.003505043827,0.002939186933,0.2690183205,0.560898488,0.3131927526,0.0491762847,65.2335958,37.16001919,11.2984692,8.713687932,35.13929118,65.26515672,0.9916296546,0.4189197284,0.1975392955,0.05667106307,0.983269555,0.9918596361,0.9830934868,0.9949487972,0.9991424466,0.9984156659,0.9833839365,0.9935618925,0.9848255107,0.995002551,0.9990888992,0.9979605839,0.5653676058,0.9366693821,4.382372139,0.5583439275,0.6012759311,0.9061490742,0.9717921396,0.5391559525,0.6068654521,0.9046250484,0.9643090014,0.982290941,0.5001123644,0.8379079981,0.1218807817,0.01301233664,0.002234950151,0.001862717729,0.001335093598,0.001182009827,0.0009233173497,0.0008725978733,0.0006310082592
bowphs/PhilTa,11,variance,1,210,768,847,858,0.1470289392,0.01990795507,0.0003934829092,0.0001141699897,0.01703344322,0.006311009902,0.01131481169,0.004069172561,0.006566593188,0.0002772694434,0.7280138766,0.9807298304,1.003016688,1.006197272,2.116165994,1.58196788,2.181453925,1.546213491,1.933444671,1.054716464,0.6977791026,0.1367308714,0.01492950521,0.002572367074,0.004508984525,0.002415968904,0.002949504732,0.001633061048,0.001929869151,0.0007612945743,0.8742145583,0.8180571823,0.1395081943,0.01493538202,22.55678101,9.068703945,1.253037388,0.0008083379011,0.04068267064,24.14583063,0.9999301722,0.9234998337,0.07025205026,0.008345425072,0.9995599729,0.9995877722,0.9995599426,0.9997689834,0.9999947537,0.9999821672,0.9996069494,0.9997409361,0.9995431074,0.9997584907,0.999993915,0.9999760429,0.8181524426,0.9793685557,2.118540136,0.5398196297,0.6143482977,0.9047554457,0.9648051526,0.5391559525,0.6068654521,0.9046250484,0.9643090014,0.982290941,0.5001123644,0.8379079981,0.1218807817,0.01301233664,0.002234950151,0.001862717729,0.001335093598,0.001182009827,0.0009233173497,0.0008725978733,0.0006310082592
bowphs/PhilTa,11,variance,3,210;280;430,768,847,858,0.4001068909,0.02477882825,0.003511080956,0.01071902413,0.1124707734,0.01909287075,0.09088152626,0.01056120128,0.01926296905,0.0006042063155,0.3609979898,1.001055163,1.012018554,0.9842463114,2.338053533,5.774916093,7.533973651,4.100116773,4.328947497,1.016333227,0.4576105685,0.1845814984,0.01992226404,0.003327871614,0.006588649812,0.01166412911,0.0134722493,0.005727197351,0.005714673139,0.0009702107773,0.6610055007,0.7628201785,0.1892714224,0.01999245918,39.27815248,12.29117633,3.648857572,2.200681677,5.022620464,40.3537885,0.9994241656,0.7740816687,0.143312824,0.02257880319,0.997422446,0.9983082545,0.9974900035,0.9991796323,0.9999418933,0.9998490236,0.9975860531,0.9986464498,0.9973820131,0.9991365359,0.9999252269,0.999806253,0.7634956262,0.9730904004,2.476448713,0.5393702774,0.6250887501,0.9057471584,0.9663996168,0.5391559525,0.6068654521,0.9046250484,0.9643090014,0.982290941,0.5001123644,0.8379079981,0.1218807817,0.01301233664,0.002234950151,0.001862717729,0.001335093598,0.001182009827,0.0009233173497,0.0008725978733,0.0006310082592
bowphs/PhilTa,11,variance,5,210;280;430;660;166,768,847,858,0.5681278056,0.1223277042,0.005844873001,0.05663284272,0.2355948765,0.0531342585,0.1045414428,0.1002831789,0.04276119834,0.02707496121,0.1873167936,0.805932903,0.9983159329,2.591524277,2.200762569,5.129518213,2.795341827,4.685795645,0.9800717589,6.044781856,0.3091776694,0.1934947499,0.02558929735,0.01140927875,0.008075237555,0.01349035435,0.006508652398,0.008522547076,0.001684639942,0.007513646255,0.5076506328,0.7159008461,0.2204635498,0.02573974288,48.97260116,22.45022899,4.571881615,3.53013734,19.64553472,49.574494,0.9988587717,0.656419856,0.1532952569,0.01840616753,0.9959055109,0.9976438595,0.9958145406,0.9980859864,0.9998573537,0.9996178095,0.9962721076,0.9984002479,0.9956160601,0.9977861584,0.9997969411,0.9994634245,0.7170650444,0.9653410068,2.856326827,0.544041246,0.6372134008,0.9053412955,0.9684739956,0.5391559525,0.6068654521,0.9046250484,0.9643090014,0.982290941,0.5001123644,0.8379079981,0.1218807817,0.01301233664,0.002234950151,0.001862717729,0.001335093598,0.001182009827,0.0009233173497,0.0008725978733,0.0006310082592
bowphs/PhilTa,11,variance,10,210;280;430;660;166;478;239;87;742;73,768,847,858,0.8415732552,0.5530784044,0.1090807618,0.2072771514,0.4200818745,0.09331255822,0.1283565847,0.1527961335,0.1178616882,0.06478656258,0.02900133042,0.3816435336,0.8540720956,7.163059075,0.970198456,1.960108028,2.692032286,0.9964465343,2.932009943,8.364623346,0.108729215,0.2081254235,0.04972580452,0.07163056375,0.008086109582,0.01170910542,0.0142374872,0.004116584103,0.01144752457,0.02361638546,0.2234950994,0.6863059336,0.4656866562,0.05581404283,67.08028284,64.30356294,21.32244384,19.18051893,43.87394969,73.10790972,0.978424567,0.3894409341,0.5083165426,0.06434187649,0.8941754885,0.9624346388,0.8898090533,0.9549480057,0.9944527489,0.9909055322,0.9159549091,0.9768853639,0.8622645521,0.9604946491,0.9948843499,0.9898787427,0.7111578469,0.9233376111,4.145179277,0.5532841849,0.887236046,0.9191281974,0.9723055787,0.5391559525,0.6068654521,0.9046250484,0.9643090014,0.982290941,0.5001123644,0.8379079981,0.1218807817,0.01301233664,0.002234950151,0.001862717729,0.001335093598,0.001182009827,0.0009233173497,0.0008725978733,0.0006310082592
bowphs/PhilTa,12,mean_abs,1,369,768,847,858,0.0110878803,0.0007640515783,0.007780629509,7.348008743e-05,0.0005916310473,0.002863075974,0.000905319361,0.003730315672,3.000307057e-05,0.0006479162104,0.9781617792,0.9984991301,0.9848656861,0.999858123,0.9988711253,0.9945860719,0.9982926987,0.993013546,0.9999439092,0.9987944671,0.07586041421,0.06613809726,0.04237411605,0.03412378594,0.02565329103,0.02153228892,0.02064823125,0.01844339717,0.01809047563,0.01691961746,0.9976446424,0.07671097633,0.06618866882,0.04270639872,6.170793999,1.999151081,5.246350011,0.00347737405,0.2646372461,8.077297431,0.9997639679,0.9942058865,0.02075633291,0.02060672552,0.9995932544,0.9994789586,0.9997898465,0.9997483858,0.999676247,0.9995275988,0.9996559486,0.9995979151,0.9997982929,0.9997491244,0.999700763,0.9995596331,0.07672034506,0.3411766663,136.4355727,0.912360623,0.9757593402,0.9824611572,0.9820216921,0.9112764073,0.9754052244,0.9824021923,0.9819504516,0.9821841214,0.9707993367,0.07737138929,0.06608149812,0.04292393415,0.03404824289,0.02562179215,0.02159850544,0.02063482715,0.01852941125,0.01804887846,0.01690013939
bowphs/PhilTa,12,mean_abs,3,369;429;522,768,847,858,0.04042024943,0.009159645351,0.008903998223,0.0009965504722,0.001171424307,0.00582903404,0.003039177954,0.0140152268,0.004019942553,0.001393011153,0.9213520836,0.9818970368,0.9826070684,0.9980829076,0.9978367657,0.9894129608,0.9944399054,0.9728636976,0.992791884,0.997333151,0.07180236721,0.06535496322,0.04248270373,0.03422898867,0.02575145369,0.02152454799,0.02066865061,0.0181570949,0.0180485029,0.01697709139,0.9928125423,0.07482688872,0.06595912542,0.04286436799,11.63257458,5.550112394,5.550106053,3.604220905,6.611736435,11.75645675,0.999876841,0.9794607717,0.009795919925,0.01241536913,0.9995131789,0.9994545496,0.9998190505,0.9997903116,0.9996819579,0.9995009188,0.9995422058,0.9994629306,0.9998394338,0.9997719797,0.999698957,0.9995599751,0.07483593414,0.3395681503,137.2117814,0.9158422933,0.9755415253,0.9822451592,0.9817648377,0.9112764073,0.9754052244,0.9824021923,0.9819504516,0.9821841214,0.9707993367,0.07737138929,0.06608149812,0.04292393415,0.03404824289,0.02562179215,0.02159850544,0.02063482715,0.01852941125,0.01804887846,0.01690013939
bowphs/PhilTa,12,mean_abs,5,369;429;522;639;424,768,847,858,0.09308661492,0.01706150525,0.03953845868,0.01971602834,0.003578179964,0.01618477884,0.008629665192,0.01598687719,0.006746649405,0.005819761385,0.8246270522,0.967075014,0.9259680835,0.9641283095,0.9931921803,0.9700624482,0.9835475879,0.9695730152,0.9873670161,0.9887038456,0.06479675308,0.06490158664,0.04036554389,0.03333840443,0.02584390086,0.02127838509,0.02061158948,0.01824556899,0.01809856354,0.01696960686,0.9846564472,0.07144756505,0.06602812586,0.04202723603,22.37202558,16.65089962,13.9235444,6.097789761,9.82839199,20.33362178,0.9710307229,0.9247319794,0.253794394,0.07390227753,0.9667841352,0.9686312085,0.9687669585,0.9628526331,0.9901078904,0.9874850919,0.9696504751,0.9704729614,0.9636293384,0.9597681834,0.989128988,0.9859763119,0.07188998446,0.3352597961,139.0461948,0.9174930711,0.9794038078,0.9821660976,0.9819378217,0.9112764073,0.9754052244,0.9824021923,0.9819504516,0.9821841214,0.9707993367,0.07737138929,0.06608149812,0.04292393415,0.03404824289,0.02562179215,0.02159850544,0.02063482715,0.01852941125,0.01804887846,0.01690013939
bowphs/PhilTa,12,mean_abs,10,369;429;522;639;424;155;593;704;551;339,768,847,858,0.1155197266,0.04682962186,0.04403844239,0.03267127942,0.01267339343,0.02630237734,0.02847190379,0.02324136501,0.04137224386,0.010797849,0.7852723434,0.9099531098,0.9179428883,0.9407979768,0.9757957521,0.9512479912,0.9464107396,0.9566664064,0.9278003115,0.9795981454,0.06239492903,0.06175149715,0.04046353107,0.03289574124,0.02567538855,0.02109920299,0.02005529677,0.01820416411,0.01719702537,0.01700148429,0.9737588155,0.07054417255,0.0647853716,0.04232757139,23.6123333,18.50819528,15.00729968,10.24855915,12.56505713,22.22298885,0.9742770828,0.9162765305,0.231431959,0.09188085389,0.9692882047,0.9714265334,0.9731846837,0.9681167235,0.9873578673,0.9834140805,0.9711083109,0.9724208236,0.9690804947,0.965365188,0.98620098,0.981842802,0.07100292868,0.3331029108,140.0545036,0.9205257662,0.9793112112,0.982196989,0.981897596,0.9112764073,0.9754052244,0.9824021923,0.9819504516,0.9821841214,0.9707993367,0.07737138929,0.06608149812,0.04292393415,0.03404824289,0.02562179215,0.02159850544,0.02063482715,0.01852941125,0.01804887846,0.01690013939
bowphs/PhilTa,12,variance,1,639,768,847,858,0.04535929484,0.007074441148,0.03003239316,0.01638299695,0.0008657697218,0.007858127206,0.003728193194,0.001135925285,0.0001588000376,0.001456734488,0.9131942108,0.9865656372,0.9446049486,0.9704454508,0.9984939856,0.9867120166,0.9937494805,0.9981373064,0.9997411221,0.9976618278,0.07112984241,0.06563177752,0.04081859369,0.03326397416,0.02575510108,0.02145469866,0.0206436293,0.01861916541,0.01816544655,0.01697391191,0.9933257602,0.07450954272,0.06609939379,0.04208242977,14.57399016,9.834579384,12.74115155,0.02700751061,3.285574413,17.44671577,0.9905495128,0.9678234995,0.1457399973,0.07833490542,0.9879248424,0.9890543185,0.989714881,0.9878271143,0.9905553065,0.9880551489,0.9891812467,0.9900229606,0.9875533751,0.9861619656,0.9898677305,0.9867614071,0.07475378893,0.3379602247,137.7633051,0.9125061438,0.9779509539,0.9823351298,0.9821336428,0.9112764073,0.9754052244,0.9824021923,0.9819504516,0.9821841214,0.9707993367,0.07737138929,0.06608149812,0.04292393415,0.03404824289,0.02562179215,0.02159850544,0.02063482715,0.01852941125,0.01804887846,0.01690013939
bowphs/PhilTa,12,variance,3,639;178;155,768,847,858,0.05465577235,0.05878513475,0.03676862004,0.0268178774,0.002045929396,0.01532309802,0.01598592091,0.005531266346,0.03629318826,0.00639460619,0.8959366075,0.8873590473,0.9321875383,0.9520024933,0.9961488005,0.9716887871,0.970667861,0.9899479042,0.9351307636,0.9893240313,0.07039477956,0.05954729499,0.04063362693,0.0329166452,0.02591889583,0.02131246423,0.02034015517,0.01862759286,0.01713978386,0.01697898095,0.9847301245,0.07446470555,0.06326642002,0.04218470014,14.51075425,14.84863238,13.94826752,4.189558994,14.11216568,18.39678213,0.9956931363,0.9681006277,0.0807017569,0.09380644445,0.9931614305,0.9944078494,0.9960009771,0.9953169861,0.9886233755,0.9847675757,0.9937587204,0.9944063012,0.9949340911,0.9942105593,0.9877752285,0.9837727676,0.07465595994,0.3351054592,139.0618549,0.9133389744,0.9773540878,0.9825454459,0.9822347166,0.9112764073,0.9754052244,0.9824021923,0.9819504516,0.9821841214,0.9707993367,0.07737138929,0.06608149812,0.04292393415,0.03404824289,0.02562179215,0.02159850544,0.02063482715,0.01852941125,0.01804887846,0.01690013939
bowphs/PhilTa,12,variance,5,639;178;155;555;522,768,847,858,0.07546063881,0.06288857957,0.04878199426,0.05059669632,0.003490590432,0.01682550856,0.01848026356,0.007663599284,0.04029734196,0.009168798994,0.8573697767,0.8796741195,0.9098236041,0.9068774345,0.9934772241,0.9687197867,0.965368809,0.9863151616,0.9294674813,0.9841442686,0.06781175853,0.05942348755,0.03992208008,0.03156456014,0.02602099268,0.02138840073,0.02036341161,0.01868244753,0.01714908141,0.01700221469,0.9782358132,0.07334653491,0.06341133643,0.0419694327,16.48710375,14.74010971,14.53641879,7.133023772,14.75298147,19.51869704,0.9972480712,0.9588836373,0.03391781956,0.103829976,0.9945911263,0.9954041752,0.9980579648,0.9978133204,0.9936321673,0.9908790497,0.9953498864,0.9957108351,0.9976430336,0.9973571337,0.9923589861,0.9894824714,0.07351559762,0.3339336496,139.7336574,0.9138900404,0.9764316386,0.9823746675,0.981937328,0.9112764073,0.9754052244,0.9824021923,0.9819504516,0.9821841214,0.9707993367,0.07737138929,0.06608149812,0.04292393415,0.03404824289,0.02562179215,0.02159850544,0.02063482715,0.01852941125,0.01804887846,0.01690013939
bowphs/PhilTa,12,variance,10,639;178;155;555;522;659;41;394;735;653,768,847,858,0.0966029996,0.1067354268,0.06122017719,0.07264585096,0.03304871226,0.0262715182,0.03548602293,0.01902570842,0.06105616725,0.01529468032,0.8185445288,0.8012457931,0.8856765932,0.8670976144,0.9385286235,0.9515614251,0.9341494649,0.9649085803,0.8909748755,0.9719874091,0.06567255707,0.05490436385,0.03942175082,0.03061427064,0.02493550956,0.02131187938,0.01998841815,0.01853996928,0.01667542454,0.01703382367,0.9643590903,0.07269512411,0.06146483975,0.04199254166,19.6411675,20.89259013,15.47566739,10.6278916,18.83509803,21.1659245,0.9908931526,0.9418161849,0.1369588427,0.08869367759,0.9874615411,0.9883595308,0.9879159502,0.9867899487,0.9949552094,0.9928788108,0.9887494469,0.9892853427,0.9858899116,0.984954647,0.9940009646,0.9918206584,0.07298498705,0.331052943,141.1268818,0.9141782274,0.9781799795,0.982555116,0.9821642737,0.9112764073,0.9754052244,0.9824021923,0.9819504516,0.9821841214,0.9707993367,0.07737138929,0.06608149812,0.04292393415,0.03404824289,0.02562179215,0.02159850544,0.02063482715,0.01852941125,0.01804887846,0.01690013939
google/mt5-base,1,mean_abs,1,46,768,847,858,0.007685486581,0.08278456998,0.03160288804,0.08058991758,0.03717211911,0.000283406772,0.0008636694633,4.711275461e-05,0.01085885918,0.000326351479,0.9852939568,0.8465712776,0.9509788428,0.8872040369,0.9508924398,0.999696757,0.9993144922,0.9999681063,0.9957554453,0.9998955907,0.2300728764,0.1166227901,0.04280397282,0.02985435715,0.02829571361,0.02171629794,0.01673618721,0.01526929427,0.01250171141,0.01202350596,0.9801976031,0.2318547933,0.1271487442,0.04420084724,5.318263975,17.15719301,13.43479172,0.04087418267,5.175022102,21.21744316,0.9995436009,0.9956952029,0.05387471331,0.01677223521,0.9990226932,0.9997062033,0.9953248338,0.9942713485,0.9850682479,0.9783308063,0.9990660289,0.9996939527,0.9953361938,0.9944960692,0.9848238514,0.9770730314,0.2319539249,0.5400282206,59.76513627,0.8179794753,0.9434783395,0.9758933373,0.977765308,0.8215975746,0.943823064,0.9736326041,0.9771989311,0.9793743197,0.9129895028,0.228882843,0.1350310155,0.04411912197,0.03298358451,0.02916774758,0.02129272005,0.01641602391,0.01496740301,0.01230638267,0.01178664236
google/mt5-base,1,mean_abs,3,46;475;407,768,847,858,0.265650903,0.3146568095,0.07562760488,0.1578160648,0.1272984374,0.1632562843,0.1119225277,0.04856679113,0.02218247336,0.00408797179,0.561284243,0.5333238902,0.9484788061,0.8345585022,0.8111989967,0.8930423795,0.9301611059,0.989238,1.002698971,1.016046065,0.1468499876,0.08231943796,0.04783351725,0.03146534236,0.02704631626,0.02173607068,0.01745436189,0.01692485933,0.01410518574,0.01368930275,0.8748269945,0.199972994,0.1201141838,0.05174702047,33.48415173,43.46813166,30.48175318,8.519495576,22.94802738,46.92306865,0.9732732661,0.8340384584,0.3783528525,0.02756616688,0.9405094047,0.9620270123,0.9052954902,0.8020459644,0.9187346928,0.8755052032,0.9400955786,0.9577560492,0.9119782389,0.8330054583,0.912748052,0.8610801163,0.2057486206,0.4906009761,74.53649793,0.8181225666,0.9522856553,0.9785772213,0.9795664017,0.8215975746,0.943823064,0.9736326041,0.9771989311,0.9793743197,0.9129895028,0.228882843,0.1350310155,0.04411912197,0.03298358451,0.02916774758,0.02129272005,0.01641602391,0.01496740301,0.01230638267,0.01178664236
google/mt5-base,1,mean_abs,5,46;475;407;288;610,768,847,858,0.2785811642,0.3375671865,0.103727775,0.1933570314,0.1463839514,0.16908649,0.1158710247,0.05525186238,0.03228911785,0.05217693808,0.5461122954,0.5120034962,0.9018462627,0.7924763717,0.7710200927,0.8947292455,0.9140986483,0.9929466314,0.976417394,0.9234762606,0.14503716,0.08022145856,0.04616825544,0.03032971063,0.02609472247,0.02210583229,0.01741185878,0.01724473214,0.0139428006,0.01262990067,0.8618186865,0.201044321,0.1211012754,0.05151142048,34.42754096,45.84525573,33.82205587,11.96372399,24.3249757,48.86848772,0.9711290391,0.8248418344,0.400333859,0.01695049308,0.9329186665,0.9549390794,0.8929201986,0.7759940508,0.8984641281,0.8438735805,0.9323273157,0.9501122381,0.9014683681,0.8102434539,0.8907391422,0.8246677829,0.207611366,0.4872088039,75.42925344,0.8211454682,0.9548537992,0.9779958786,0.9788124544,0.8215975746,0.943823064,0.9736326041,0.9771989311,0.9793743197,0.9129895028,0.228882843,0.1350310155,0.04411912197,0.03298358451,0.02916774758,0.02129272005,0.01641602391,0.01496740301,0.01230638267,0.01178664236
google/mt5-base,1,mean_abs,10,46;475;407;288;610;702;618;432;691;257,768,847,858,0.3960452749,0.7503072521,0.314241958,0.260787683,0.229707717,0.1800939954,0.1331193979,0.0809888605,0.05188713733,0.09885795905,0.3766550015,0.06957741989,0.7025583951,0.6593115816,0.6366382591,0.8332287808,0.898504363,0.8940941599,0.9888775204,0.9444781639,0.1136435975,0.01238482429,0.04085989856,0.02866662408,0.02447843356,0.02338747856,0.01944357689,0.01764077685,0.01604208878,0.01467472675,0.7585985433,0.1881657562,0.04960025628,0.05958354996,39.29706247,62.38138202,59.65799881,28.44578393,52.1413503,66.32606059,0.9957889997,0.7738726819,0.06101094738,0.312344187,0.9767179702,0.973530961,0.8738003513,0.6178317899,0.6177279755,0.6275874139,0.979297134,0.9762221253,0.8788441753,0.6084704903,0.5881623458,0.570674399,0.1894095667,0.4266860337,95.16730611,0.8426251341,0.975121885,0.9753365459,0.977604794,0.8215975746,0.943823064,0.9736326041,0.9771989311,0.9793743197,0.9129895028,0.228882843,0.1350310155,0.04411912197,0.03298358451,0.02916774758,0.02129272005,0.01641602391,0.01496740301,0.01230638267,0.01178664236
google/mt5-base,1,variance,1,475,768,847,858,0.2146891361,0.2215068565,0.03787214311,2.593070488e-05,0.0001861732878,0.002361208013,7.099289256e-05,0.01314246036,0.009169825467,0.002425037108,0.647444969,0.691339927,0.9945611355,1.000012528,1.000150423,1.004359948,1.000212209,1.045631161,1.042687972,1.012000864,0.1614087869,0.1016801661,0.04779356416,0.03592645497,0.03177454128,0.02329333129,0.01788426932,0.01704653222,0.0139764171,0.01299218102,0.9180977568,0.2055348962,0.1306115114,0.04967485747,31.33331573,41.74751946,20.59626441,0.09085204385,1.682336384,43.57332824,0.9638660842,0.8541566013,0.4624623237,0.07695118315,0.9224403374,0.9610866336,0.9051412749,0.7652031177,0.9770948724,0.9863186535,0.9220425273,0.9587478864,0.9109930319,0.7959623358,0.9751655369,0.9871001129,0.2137581806,0.5083399922,69.87843134,0.8340949387,0.9531607388,0.9759410298,0.9771398177,0.8215975746,0.943823064,0.9736326041,0.9771989311,0.9793743197,0.9129895028,0.228882843,0.1350310155,0.04411912197,0.03298358451,0.02916774758,0.02129272005,0.01641602391,0.01496740301,0.01230638267,0.01178664236
google/mt5-base,1,variance,3,475;691;407,768,847,858,0.3191439922,0.6431302562,0.1769950711,0.1162567676,0.0972025614,0.1641783187,0.1138420885,0.05241123808,0.01146777712,0.01386546725,0.473201285,0.1420821147,0.8847875942,0.8586099837,0.930719525,0.8690748343,0.9131680977,0.9610756,1.028467769,1.061518172,0.1325699187,0.02348328137,0.04778061341,0.03466407539,0.03322825642,0.02265031019,0.01834866797,0.01760718143,0.01549198033,0.01531451948,0.8169851536,0.1947106542,0.06580350892,0.05805629072,34.70007735,55.72875763,48.46052504,18.88557701,42.28190647,61.20196554,0.996368228,0.8221432725,0.07967696657,0.2608886684,0.9836242603,0.9838986664,0.884576889,0.6607362459,0.734840215,0.7236522556,0.9849502295,0.9860775171,0.8861932598,0.6555474769,0.7122901512,0.6820691001,0.1957201888,0.4539109806,86.33566038,0.8534696178,0.9763345919,0.9763079676,0.9775894534,0.8215975746,0.943823064,0.9736326041,0.9771989311,0.9793743197,0.9129895028,0.228882843,0.1350310155,0.04411912197,0.03298358451,0.02916774758,0.02129272005,0.01641602391,0.01496740301,0.01230638267,0.01178664236
google/mt5-base,1,variance,5,475;691;407;46;618,768,847,858,0.3593573924,0.7259976165,0.2856950976,0.2159123239,0.1959690826,0.1701504561,0.1186298212,0.06699431077,0.02797029732,0.04651837408,0.4212964688,0.08105065509,0.7523104801,0.6830682137,0.6818781883,0.8416526481,0.9142621207,0.9166085677,1.028195304,1.025945393,0.1233067729,0.01399509777,0.04244336871,0.02881030134,0.02543288135,0.02291658563,0.01919219184,0.01754349989,0.01618049878,0.01546323034,0.7820132766,0.1924735749,0.05107655486,0.05941911999,37.0777168,60.64647356,62.4228602,26.93212192,51.04047909,66.42210083,0.9967727901,0.7978184652,0.03252259017,0.3085907593,0.9813259343,0.9772624384,0.8846627331,0.6510270701,0.5600628275,0.5921339648,0.9834255799,0.9798556129,0.8881569145,0.6424557236,0.5293848965,0.541850401,0.1934553423,0.4350251638,92.19173858,0.8384931387,0.9754841923,0.976378735,0.9785292797,0.8215975746,0.943823064,0.9736326041,0.9771989311,0.9793743197,0.9129895028,0.228882843,0.1350310155,0.04411912197,0.03298358451,0.02916774758,0.02129272005,0.01641602391,0.01496740301,0.01230638267,0.01178664236
google/mt5-base,1,variance,10,475;691;407;46;618;610;257;288;112;494,768,847,858,0.4106146275,0.7498248214,0.3181856829,0.2613658918,0.2346669729,0.1787515742,0.1494066634,0.07903610856,0.04057973496,0.1071588239,0.3592448622,0.06923616013,0.6949657106,0.6554242348,0.6365731514,0.835735464,0.9145609408,0.9066773433,0.9850506065,0.9202223047,0.1090061051,0.01239405802,0.04064781967,0.02865941781,0.0246149086,0.0235910349,0.01990341702,0.01799062425,0.01607074372,0.01437903957,0.7543154148,0.1849487792,0.0495415176,0.0596171401,40.14744487,62.16105367,59.98228397,29.43673208,52.64688843,66.49124231,0.995666849,0.7643877598,0.05368480717,0.3155730242,0.9757706797,0.9715123994,0.8794428644,0.6363016857,0.6120352348,0.6115670684,0.9787019153,0.9747554768,0.8840430956,0.6262512134,0.5834733836,0.5576900825,0.1862053592,0.4242834396,96.25900404,0.8426712862,0.9754566355,0.9757003045,0.9780359306,0.8215975746,0.943823064,0.9736326041,0.9771989311,0.9793743197,0.9129895028,0.228882843,0.1350310155,0.04411912197,0.03298358451,0.02916774758,0.02129272005,0.01641602391,0.01496740301,0.01230638267,0.01178664236
google/mt5-base,2,mean_abs,1,46,768,847,858,0.001394293903,0.04335238053,0.0004346715712,0.0003779804673,0.003231242021,0.02062312762,0.04881967391,0.0003463609455,0.0009599131339,0.001054975811,0.9972791411,0.9168178911,0.9992025962,0.9993175484,0.994362437,0.9655662509,0.9209136615,0.9994621906,0.998641952,0.998612859,0.2005079441,0.1101947518,0.05896346164,0.05018398814,0.03803964688,0.02854725456,0.02366650211,0.0218244542,0.01666523596,0.01423474752,0.990328057,0.2007879014,0.1151884451,0.05898910253,2.220692869,12.1027472,1.329305768,0.02814123573,0.2174360358,12.31196365,0.9999463399,0.9992489872,0.01781075347,0.001013866965,0.9998898811,0.9999284911,0.9987927342,0.9982522875,0.9999434008,0.9999041413,0.9998887842,0.9999267227,0.9988982154,0.9981471875,0.9999361785,0.9998974079,0.2007973307,0.5695754578,55.97299093,0.8179244188,0.9372077231,0.952905258,0.9591711731,0.8222526765,0.9360701855,0.9519027301,0.9582433391,0.9747448474,0.9261411551,0.199110394,0.1190301318,0.0584397705,0.04973255153,0.03788531041,0.02927934475,0.02545037828,0.02162499945,0.01652649452,0.01411665164
google/mt5-base,2,mean_abs,3,46;475;407,768,847,858,0.2283660619,0.1660523331,0.02581673908,0.03389004513,0.02190194895,0.2102058119,0.2204220494,0.07684960166,0.02617920367,0.02124749145,0.604644644,0.7092885354,0.9685428375,0.9628019322,0.9678280674,0.8850523488,0.8130564518,0.9549308417,1.011431376,1.033637579,0.1320394096,0.09259537325,0.06207786434,0.05251545425,0.04021411306,0.0284210255,0.02269469624,0.02264839638,0.01833270702,0.01600329532,0.911781063,0.1711166437,0.1110325946,0.06372298399,28.69897043,24.40945355,14.82061627,7.504828033,24.73442751,30.41440735,0.9985517577,0.8771547929,0.01542751509,0.09449761707,0.9897919146,0.9814568772,0.9856942077,0.972665014,0.9775709752,0.9676630636,0.9892558273,0.9800320902,0.986395692,0.9709531493,0.9767136855,0.9704505432,0.1715015469,0.539520488,63.96802971,0.8185135918,0.9410229919,0.9561661514,0.9618217179,0.8222526765,0.9360701855,0.9519027301,0.9582433391,0.9747448474,0.9261411551,0.199110394,0.1190301318,0.0584397705,0.04973255153,0.03788531041,0.02927934475,0.02545037828,0.02162499945,0.01652649452,0.01411665164
google/mt5-base,2,mean_abs,5,46;475;407;610;288,768,847,858,0.3394625002,0.1747222222,0.0713562481,0.0381691398,0.0271369626,0.2378900362,0.2454803076,0.07752633262,0.04895082426,0.04708426017,0.4497609925,0.6948587039,0.9263181437,0.9657291125,0.9670885693,0.7595937705,0.773085575,0.9598322142,0.9521016953,0.933286518,0.101897283,0.09411098133,0.06159643224,0.054649092,0.04168924073,0.02530635717,0.02238765972,0.02361773865,0.01790403705,0.01499110256,0.8788466759,0.1542641909,0.114035521,0.06632945315,36.27388851,25.40075917,29.31237091,16.16595531,26.15602705,41.05566447,0.9919572958,0.8061979975,0.07926654687,0.2395790177,0.9726570083,0.9579915875,0.9844520187,0.9669618577,0.905160307,0.8674469926,0.9708935203,0.9507102548,0.9862319211,0.9672364671,0.8927541937,0.8747328011,0.1556484523,0.528565611,67.65970218,0.8292866429,0.9419536394,0.9552563207,0.9583915158,0.8222526765,0.9360701855,0.9519027301,0.9582433391,0.9747448474,0.9261411551,0.199110394,0.1190301318,0.0584397705,0.04973255153,0.03788531041,0.02927934475,0.02545037828,0.02162499945,0.01652649452,0.01411665164
google/mt5-base,2,mean_abs,10,46;475;407;610;288;618;432;702;11;726,768,847,858,0.4042666508,0.1917205982,0.152943164,0.07481367681,0.1404080002,0.2488655293,0.2478055809,0.09747036776,0.09272050339,0.07920312058,0.3669268304,0.6671753644,0.750956066,0.882192632,0.8482864086,0.7475543478,0.7707268608,0.9588429051,0.8941606417,0.9268426429,0.08657198145,0.09410243745,0.05200283114,0.05198860021,0.03808178662,0.02593630363,0.02324334848,0.02457013376,0.01751056866,0.01550392508,0.8439098254,0.1453200187,0.1164231542,0.06139237526,40.02550714,26.69854121,35.54934601,24.63366663,32.64522773,42.4858693,0.992123427,0.7657582088,0.08530229204,0.1391024893,0.9717226772,0.9548414236,0.9830900406,0.9646277366,0.86347069,0.8086290299,0.9694068039,0.9452142274,0.9848925677,0.9640807544,0.8520726015,0.8249350162,0.1465198733,0.5191110087,70.47994301,0.831293301,0.9412596283,0.954954777,0.9579816714,0.8222526765,0.9360701855,0.9519027301,0.9582433391,0.9747448474,0.9261411551,0.199110394,0.1190301318,0.0584397705,0.04973255153,0.03788531041,0.02927934475,0.02545037828,0.02162499945,0.01652649452,0.01411665164
google/mt5-base,2,variance,1,691,768,847,858,0.0004851216481,0.3207126599,0.1052533657,0.06728549871,0.01362274221,0.001783856568,0.0419187338,0.01399612889,4.585172388e-05,0.0138616214,0.9991537783,0.4957259471,0.8811719008,0.9342976207,0.9910580231,0.9995335543,1.000003165,1.004952966,1.000049523,1.022259832,0.2096116994,0.06217099499,0.05425732691,0.04895704951,0.03956026425,0.03083528618,0.02681543638,0.02289765954,0.01741371783,0.01520485371,0.9490973216,0.2097134359,0.09152385348,0.06063987818,1.367170369,37.19856772,43.11673783,0.04342064979,14.05073079,50.36841104,0.999957905,0.9997153249,0.01987909102,0.006480878754,0.9998707177,0.9998274781,0.9152471725,0.8157738579,0.7605152647,0.6854095444,0.9998669947,0.9998432811,0.9180332605,0.8161363606,0.7027176857,0.6709770941,0.2097240247,0.5513598058,59.47251494,0.8367875535,0.9526177568,0.9570160642,0.9578272941,0.8222526765,0.9360701855,0.9519027301,0.9582433391,0.9747448474,0.9261411551,0.199110394,0.1190301318,0.0584397705,0.04973255153,0.03788531041,0.02927934475,0.02545037828,0.02162499945,0.01652649452,0.01411665164
google/mt5-base,2,variance,3,691;475;407,768,847,858,0.2274568897,0.4434126125,0.1306354332,0.1007975634,0.03229344914,0.1913665409,0.2135211093,0.0904993696,0.02526514226,0.03405413704,0.6060858147,0.3352614038,0.8307515518,0.8756225912,0.9815550137,0.9532836197,0.707765914,0.9175190895,1.00929049,1.054219568,0.1386226408,0.04584020913,0.05576809115,0.05002231835,0.04271610175,0.0320619255,0.02069140597,0.02279173205,0.01916033251,0.01709499143,0.8705503277,0.1794367705,0.0823594105,0.06414810688,28.63554697,45.43442153,46.3770133,20.75068285,30.37740641,53.89467182,0.998568174,0.8776858205,0.0313559103,0.07974006869,0.9898379259,0.9813806484,0.8792756726,0.7318326297,0.7210425979,0.6510621235,0.9893486977,0.9804829633,0.8856949762,0.7329507701,0.6482178639,0.6204222558,0.179824985,0.5178418556,68.97598015,0.8431424701,0.9568530635,0.9612349653,0.9627767796,0.8222526765,0.9360701855,0.9519027301,0.9582433391,0.9747448474,0.9261411551,0.199110394,0.1190301318,0.0584397705,0.04973255153,0.03788531041,0.02927934475,0.02545037828,0.02162499945,0.01652649452,0.01411665164
google/mt5-base,2,variance,5,691;475;407;610;618,768,847,858,0.3799758915,0.4454738152,0.2524222191,0.1152254278,0.1395199173,0.212026642,0.2318928938,0.1040756591,0.0485190604,0.05875138673,0.3955832954,0.3343337947,0.6534208736,0.8582098326,0.8682677408,0.8276123191,0.6782566005,0.9183936838,0.9563879278,1.046706962,0.09594314398,0.04847516123,0.04651398793,0.05198957861,0.04006882303,0.02951687459,0.02102666236,0.02419173762,0.019252933,0.01799860642,0.8209523112,0.1547409894,0.08741726282,0.06221959656,38.2947361,44.39759464,53.64803098,29.40379933,38.43086717,58.86190151,0.9967199193,0.7848333078,0.01384969052,0.1020834008,0.9802182809,0.966066604,0.8989850629,0.7660553001,0.6283908262,0.5072479936,0.9778595107,0.9592211777,0.9019851015,0.7630706767,0.542557996,0.4616453188,0.1554838401,0.4967648822,75.90819279,0.8488276847,0.9559198311,0.9614384179,0.9629307957,0.8222526765,0.9360701855,0.9519027301,0.9582433391,0.9747448474,0.9261411551,0.199110394,0.1190301318,0.0584397705,0.04973255153,0.03788531041,0.02927934475,0.02545037828,0.02162499945,0.01652649452,0.01411665164
google/mt5-base,2,variance,10,691;475;407;610;618;46;731;84;257;706,768,847,858,0.4160896872,0.4998336229,0.2771134666,0.1487244199,0.2116376752,0.2476208361,0.2906111246,0.1234788433,0.08879353781,0.07587826949,0.3523305172,0.2738316847,0.6174196888,0.7942023662,0.7681394563,0.7384134057,0.6167877941,0.8631715548,0.9167274591,1.055254995,0.0888379774,0.04127576033,0.04569234481,0.05001800748,0.03685236746,0.02737886215,0.0198785399,0.02363783487,0.01918560299,0.01886442549,0.7896698027,0.1521431896,0.08252406043,0.06320818372,40.55068471,48.2797737,56.95121612,31.34800644,41.18892132,61.04852162,0.9943608682,0.7598311566,0.05549646089,0.124233114,0.9747055793,0.9580739185,0.8759409092,0.7415792682,0.5870214184,0.4704609163,0.9712786233,0.9510284421,0.8837388965,0.7423079255,0.4946771466,0.4212624448,0.1532271389,0.4881873771,78.48630547,0.8436654422,0.9562755445,0.9621273138,0.9637774242,0.8222526765,0.9360701855,0.9519027301,0.9582433391,0.9747448474,0.9261411551,0.199110394,0.1190301318,0.0584397705,0.04973255153,0.03788531041,0.02927934475,0.02545037828,0.02162499945,0.01652649452,0.01411665164
google/mt5-base,3,mean_abs,1,46,768,847,858,9.615275097e-05,0.07063745697,0.05139300795,0.007335663026,0.005206728073,0.01666371427,0.0007747475384,0.008969321236,0.04042351968,0.01044246305,0.9998147716,0.8703878916,0.9066080122,0.9875011845,0.9919620517,0.9755012817,0.9989463222,0.9895645305,0.9556806737,0.9909590538,0.2235538024,0.08675659846,0.08162616467,0.05487477539,0.03578171392,0.03030121532,0.02568847505,0.0194677785,0.01740532355,0.01437866781,0.9838091917,0.2235752998,0.09335065106,0.08604845352,0.574863249,29.84180896,32.19190931,0.01190402455,0.3792135643,20.79188077,0.9999977447,0.9999496673,0.00421836996,0.003338378195,0.9999927909,0.9999880127,0.8843951255,0.9209506644,0.8813861342,0.6456154988,0.9999942163,0.9999880309,0.9212253248,0.9523848801,0.8357901839,0.5999698455,0.2235759344,0.6012093556,47.74172505,0.7967412958,0.9239470044,0.9419191482,0.9441913434,0.8041575817,0.9230061017,0.9399025092,0.9454759628,0.9683046594,0.9145201179,0.2199750312,0.09806195585,0.08857694836,0.05466961384,0.03548762676,0.03055927728,0.0252992151,0.01935455328,0.01791761387,0.01427492438
google/mt5-base,3,mean_abs,3,46;475;11,768,847,858,0.2411782055,0.07975226821,0.1136337471,0.07013674996,0.04894634903,0.03090082487,0.03985958271,0.04444128164,0.08113675363,0.01606701478,0.5858981696,0.8619890757,0.8191656652,0.9045559233,0.9346551642,0.9493208307,0.997769302,0.9877205375,1.024809729,0.9805653,0.141357632,0.09270988554,0.07958224508,0.05423818649,0.0363791124,0.03181850876,0.02768604481,0.02096722559,0.02013942861,0.01535232193,0.9117510414,0.1862856773,0.1007444869,0.08978483197,29.83946946,27.48193348,35.40178336,6.338444664,19.63038636,34.49767606,0.9957744606,0.8674228961,0.08059312891,0.1697803849,0.9845912567,0.9829412252,0.9057048181,0.9309011457,0.8862838392,0.7147216204,0.986495372,0.981765193,0.9355275157,0.9569952721,0.8498774706,0.6808217327,0.1872608253,0.5780700114,54.19635733,0.8097542953,0.9267478056,0.9453644418,0.9468794877,0.8041575817,0.9230061017,0.9399025092,0.9454759628,0.9683046594,0.9145201179,0.2199750312,0.09806195585,0.08857694836,0.05466961384,0.03548762676,0.03055927728,0.0252992151,0.01935455328,0.01791761387,0.01427492438
google/mt5-base,3,mean_abs,5,46;475;11;407;610,768,847,858,0.311247144,0.1544754916,0.2162778026,0.2711632307,0.1383546051,0.04712825569,0.1197995669,0.05731659231,0.1517416884,0.03557153832,0.4919680077,0.7273628261,0.6580669784,0.719030598,0.8244752093,0.9291006325,1.044480957,1.022487681,0.9289413141,0.979727301,0.126348303,0.08327426644,0.06805342319,0.04589364389,0.03415967433,0.03314858526,0.03085082179,0.02310470348,0.01943245249,0.01632819543,0.8565265645,0.1834450512,0.09848829408,0.08683360433,34.31787401,24.18837182,31.50698516,22.71631172,24.5648571,38.49378591,0.9951935858,0.8259224565,0.0379008189,0.173310672,0.9739538649,0.9614470812,0.982079968,0.9781419328,0.9454731095,0.7694941459,0.9723490894,0.957693335,0.9820867848,0.9762056345,0.9375364212,0.7551989783,0.1846861508,0.559261687,57.75316942,0.8152375178,0.9329011072,0.9521911228,0.9553918102,0.8041575817,0.9230061017,0.9399025092,0.9454759628,0.9683046594,0.9145201179,0.2199750312,0.09806195585,0.08857694836,0.05466961384,0.03548762676,0.03055927728,0.0252992151,0.01935455328,0.01791761387,0.01427492438
google/mt5-base,3,mean_abs,10,46;475;11;407;610;288;702;618;112;374,768,847,858,0.3627363021,0.2210973223,0.2327308525,0.3055998017,0.2136936894,0.1458744317,0.1625458407,0.07835749442,0.1745923501,0.157242064,0.4218598371,0.6187196435,0.6235491843,0.6274999619,0.7190709306,0.8106854506,0.9669726261,1.032146143,0.878334136,0.8269299386,0.1134120593,0.0741501652,0.06750082748,0.0419254157,0.03118647981,0.03027701983,0.02989777676,0.02441417276,0.01923346813,0.01442647407,0.8182430639,0.1779672365,0.09519824149,0.08797542257,37.31354289,29.99724092,33.03342914,27.01535793,28.7120639,39.69981137,0.9962948747,0.7953302224,0.0346116715,0.1330245759,0.9748140224,0.9534532305,0.9699148122,0.9712340064,0.9348489856,0.7389397581,0.9712451329,0.95166343,0.9759542752,0.9750944296,0.9202356236,0.7228873254,0.1789544456,0.5504912189,59.97725319,0.8175237852,0.9339374818,0.9532004502,0.9562850067,0.8041575817,0.9230061017,0.9399025092,0.9454759628,0.9683046594,0.9145201179,0.2199750312,0.09806195585,0.08857694836,0.05466961384,0.03548762676,0.03055927728,0.0252992151,0.01935455328,0.01791761387,0.01427492438
google/mt5-base,3,variance,1,691,768,847,858,0.01422237476,0.306025981,0.0221952032,0.1371808584,0.01257974798,0.03540919857,0.03757173241,0.00253308137,0.005118587258,0.001559904873,0.9745711929,0.5335214509,0.9672981998,0.8426883931,0.991376079,0.9832318065,0.994131847,1.001038902,1.003088655,1.001977589,0.2248708957,0.05487805723,0.08987261641,0.04832360326,0.03690300092,0.03151703034,0.02638136884,0.02032265286,0.01885236256,0.01500300023,0.9533529358,0.2281152361,0.07907797082,0.09191263604,7.079282924,69.27738936,71.44369541,0.06740564416,2.09840375,40.31221526,0.9995097193,0.992376565,0.09036478208,0.02254737072,0.9977136336,0.9961575169,0.3704722031,0.5393764858,0.3463795224,0.2406804401,0.9972539665,0.9961594474,0.2456195362,0.5004935675,0.4689298107,0.3196227284,0.2282763216,0.5888172546,49.40927505,0.8147566067,0.9396285566,0.9447933703,0.9577512151,0.8041575817,0.9230061017,0.9399025092,0.9454759628,0.9683046594,0.9145201179,0.2199750312,0.09806195585,0.08857694836,0.05466961384,0.03548762676,0.03055927728,0.0252992151,0.01935455328,0.01791761387,0.01427492438
google/mt5-base,3,variance,3,691;475;407,768,847,858,0.1691149236,0.3847187056,0.1149689409,0.3552800956,0.1192507849,0.04429818923,0.05815545576,0.007429851184,0.07954272773,0.01984766906,0.7009983502,0.4379866907,0.8341980239,0.5113001292,0.9527702193,0.9929958686,0.9585734586,0.9942453804,0.9883936353,1.00637131,0.175122174,0.04877667823,0.08391519863,0.03174480509,0.0383986439,0.03446206338,0.02754122185,0.02185382645,0.02011225975,0.01631484003,0.8805403133,0.2107658195,0.0792754122,0.0948161059,24.4941313,61.02833707,67.02261459,10.90397334,23.0821464,47.02464482,0.9983267291,0.9100037423,0.1032463464,0.09533588745,0.9894592115,0.9773473762,0.5099273261,0.6887377598,0.482332655,0.08393889786,0.9872037816,0.9782436637,0.4303191382,0.6693081303,0.5814908315,0.1672851527,0.2113074012,0.5628491096,55.04242044,0.8225145934,0.9494278342,0.9558322946,0.9602271897,0.8041575817,0.9230061017,0.9399025092,0.9454759628,0.9683046594,0.9145201179,0.2199750312,0.09806195585,0.08857694836,0.05466961384,0.03548762676,0.03055927728,0.0252992151,0.01935455328,0.01791761387,0.01427492438
google/mt5-base,3,variance,5,691;475;407;11;610,768,847,858,0.325373366,0.3898640156,0.1870799979,0.4010084262,0.145727625,0.06587373999,0.1565965518,0.05088035244,0.116436756,0.02668898015,0.4719367629,0.4225071532,0.7271617474,0.4907544004,0.8445820427,0.9425133682,0.9913145076,1.013282479,0.9652008939,0.9830554869,0.1256724798,0.05015538917,0.07797129117,0.03247829305,0.03628288293,0.03486692,0.0303599811,0.02374087232,0.02093538134,0.01698770987,0.8260703085,0.186284492,0.08220362419,0.09591508508,35.36466498,56.84253788,63.86075403,17.06170297,33.82839373,48.1656729,0.9928512281,0.8154848906,0.08156440117,0.2277192438,0.9704257808,0.9617914536,0.5990252574,0.7242515993,0.5566508202,0.1789201851,0.9675133796,0.9596803342,0.5486566082,0.7098053374,0.6303256913,0.235905369,0.188045767,0.5419846763,60.82023786,0.8310226716,0.9494827285,0.9568831482,0.9604512351,0.8041575817,0.9230061017,0.9399025092,0.9454759628,0.9683046594,0.9145201179,0.2199750312,0.09806195585,0.08857694836,0.05466961384,0.03548762676,0.03055927728,0.0252992151,0.01935455328,0.01791761387,0.01427492438
google/mt5-base,3,variance,10,691;475;407;11;610;618;46;702;551;599,768,847,858,0.41232589,0.5277375982,0.2720575464,0.4429654995,0.2058501178,0.1810431541,0.1892520078,0.09097579804,0.1600919475,0.1417640994,0.3602917283,0.2676675128,0.5711278212,0.4179351651,0.763029036,0.753542189,0.921020858,1.050853765,0.9630180083,0.8327755365,0.1034793024,0.03427062517,0.06605106779,0.02983188753,0.03535442954,0.03006605614,0.03042302019,0.02655530226,0.0225289211,0.01552128194,0.765903735,0.1760827993,0.07256691416,0.09073666121,40.45356198,71.71283699,74.09946129,28.9494846,39.80540142,53.44771452,0.9926076569,0.7609320911,0.1379226399,0.1825087978,0.9670416391,0.9474396493,0.3737463339,0.5424742572,0.3578977789,0.08392633789,0.9622072986,0.9474830507,0.2561887255,0.4798187795,0.4676465466,0.1615482239,0.177828208,0.5204818939,66.54721424,0.8259113351,0.9518106043,0.9557118417,0.9618405919,0.8041575817,0.9230061017,0.9399025092,0.9454759628,0.9683046594,0.9145201179,0.2199750312,0.09806195585,0.08857694836,0.05466961384,0.03548762676,0.03055927728,0.0252992151,0.01935455328,0.01791761387,0.01427492438
google/mt5-base,4,mean_abs,1,46,768,847,858,0.09265665222,0.134954994,0.01975365043,0.004232927082,0.04972342335,0.003523858189,0.0003732675045,0.01053229777,2.114938881e-05,0.01066998885,0.8236603222,1.271292169,1.102094097,1.052416835,1.71439369,1.067825916,1.007934752,1.324934307,1.000685113,1.429350066,0.8053650763,0.03002001132,0.01455910033,0.006929003598,0.009919009396,0.004759113001,0.00410397309,0.003819256201,0.002755184556,0.003204502733,0.9134948175,0.887607848,0.03470340978,0.01485249125,17.72256183,23.48428117,12.68077905,0.09194568068,1.849913116,29.91497072,0.9999957653,0.9525416858,0.1199777298,0.04535568855,0.9997558359,0.9329461307,0.9875727205,0.9961038408,0.989964487,0.9974148572,0.999717582,0.9443630743,0.9867712182,0.9957196505,0.9900424746,0.9976693175,0.8876152048,0.9491034568,2.237832057,0.788950868,0.9088260559,0.9193612455,0.9359161556,0.7987307528,0.9026968783,0.9212692525,0.9350866551,0.9735060556,0.8693719332,0.8932041566,0.02157106401,0.01206762901,0.006014355403,0.005285229251,0.004071286338,0.003719445271,0.002633240553,0.002515123668,0.002047991398
google/mt5-base,4,mean_abs,3,46;475;11,768,847,858,0.6499054718,0.1477117365,0.02487411005,0.0174766502,0.1186090995,0.007355728293,0.0231044116,0.02430898093,0.009362260519,0.0598944744,0.1228135052,0.784122376,0.9638974638,1.606430812,3.394069915,1.132479476,0.9608160292,2.343770843,0.9899471458,2.23367364,0.2648224332,0.04083319138,0.02808087895,0.0233243217,0.04330544676,0.01113063387,0.008627328241,0.014899222,0.006010758251,0.01104347511,0.4142305168,0.756431226,0.04791007119,0.02879718325,53.7237046,23.71746251,13.37929883,0.8981278075,24.4629404,53.87692363,0.9999861971,0.5916796968,0.06358593726,0.01581927174,0.9989654961,0.5761053053,0.9876519587,0.9964176624,0.9896486611,0.9972538289,0.998348664,0.6103763657,0.9869081145,0.996061415,0.9903246631,0.9975243967,0.7564513502,0.8898527038,4.659144293,0.8129615217,0.9105445019,0.9221459382,0.9404185332,0.7987307528,0.9026968783,0.9212692525,0.9350866551,0.9735060556,0.8693719332,0.8932041566,0.02157106401,0.01206762901,0.006014355403,0.005285229251,0.004071286338,0.003719445271,0.002633240553,0.002515123668,0.002047991398
google/mt5-base,4,mean_abs,5,46;475;11;407;610,768,847,858,0.6631995961,0.1948066412,0.1296608086,0.1871541523,0.296144227,0.08666676285,0.03448450271,0.1423022402,0.0304632402,0.1250701521,0.1136447859,0.6795948678,0.7957008695,1.702887238,2.042190011,1.537167868,0.9694048698,1.39846949,1.002425042,3.174443226,0.2558641131,0.03695139044,0.02420365256,0.02581571189,0.02720627631,0.01577473501,0.009088505968,0.009282237098,0.006355070586,0.01638720246,0.3967261915,0.7596906361,0.0458913254,0.02780944808,54.52554654,27.51661207,25.82629237,15.42146819,30.91659331,54.60873407,0.9999910989,0.5803399074,0.03917334244,0.01835242384,0.9990569288,0.6125027075,0.9751215146,0.9912711736,0.9621716293,0.9534711226,0.9984124328,0.617074677,0.9729865447,0.9877489317,0.964895511,0.9533710937,0.7597037362,0.8874324728,4.63624547,0.8207901844,0.9198324134,0.9294104432,0.9505474211,0.7987307528,0.9026968783,0.9212692525,0.9350866551,0.9735060556,0.8693719332,0.8932041566,0.02157106401,0.01206762901,0.006014355403,0.005285229251,0.004071286338,0.003719445271,0.002633240553,0.002515123668,0.002047991398
google/mt5-base,4,mean_abs,10,46;475;11;407;610;288;374;280;618;106,768,847,858,0.7133051402,0.2394561016,0.1403000929,0.2025796276,0.3043582814,0.1352641917,0.1256698845,0.1678498469,0.03544278478,0.158018151,0.08237240349,0.6148876492,0.7748826737,1.414245135,1.834940945,1.45312858,0.8097182971,1.173136044,1.143469772,3.045065163,0.2105603858,0.03795871758,0.02676098501,0.02434209627,0.02775428961,0.01693089383,0.008618988872,0.008840627812,0.008230538041,0.01784715162,0.349426474,0.7344407429,0.04990996267,0.0311282865,57.62678618,31.09740051,28.242545,16.49013504,33.76181604,57.71096707,0.9999870498,0.5354320072,0.04571139782,0.01228145381,0.9988907816,0.5479198155,0.9636466885,0.9838711569,0.9534646686,0.9523067182,0.998166125,0.552284887,0.9609387774,0.9794508302,0.9578897761,0.9535927306,0.7344590341,0.8742712779,5.31157484,0.824476041,0.9203718575,0.9285221858,0.9512660429,0.7987307528,0.9026968783,0.9212692525,0.9350866551,0.9735060556,0.8693719332,0.8932041566,0.02157106401,0.01206762901,0.006014355403,0.005285229251,0.004071286338,0.003719445271,0.002633240553,0.002515123668,0.002047991398
google/mt5-base,4,variance,1,11,768,847,858,0.4009714515,0.003724363892,0.002391367794,0.007929836472,0.004866060449,0.003657537002,0.007192871266,0.0004371472102,0.003237741526,0.008054871387,0.3590178216,1.054457985,1.066270135,1.456891206,1.320387145,1.314802398,1.679010232,1.058650017,1.45509713,2.3941129,0.4999287483,0.03546028453,0.02005998317,0.01366021637,0.01087943862,0.008345137638,0.009735827809,0.004345945863,0.005705486695,0.00764388463,0.641443829,0.8345658143,0.03559284524,0.02010806896,39.28854108,4.618674791,3.746499466,0.02493633917,0.5723351964,39.64561761,0.9999967981,0.7739668678,0.05195912031,0.04087886361,0.99973933,0.9106211326,0.9998183233,0.9998136345,0.9997969862,0.9996703797,0.9996775521,0.9275804958,0.9998096674,0.9998150873,0.9998105051,0.9997395872,0.8345709969,0.9273771852,3.019574142,0.805000759,0.9032176654,0.9213516671,0.9359338755,0.7987307528,0.9026968783,0.9212692525,0.9350866551,0.9735060556,0.8693719332,0.8932041566,0.02157106401,0.01206762901,0.006014355403,0.005285229251,0.004071286338,0.003719445271,0.002633240553,0.002515123668,0.002047991398
google/mt5-base,4,variance,3,11;475;580,768,847,858,0.6569786951,0.01303063968,0.005386081505,0.01430370587,0.07967858502,0.005806959867,0.02356428307,0.0140901711,0.01097915804,0.05514297936,0.1179206059,1.183127711,1.149396777,1.806612971,0.9481646481,1.179579659,1.003582569,1.222343759,1.096631071,0.9208787109,0.2559551525,0.06201926761,0.03370663239,0.02640448196,0.01217786143,0.01167030917,0.009070990697,0.007821811283,0.00670260043,0.004583043721,0.4115063686,0.7461785868,0.06283808809,0.03388916218,54.15086639,10.0684977,6.878405539,0.9016641018,5.030839483,54.82143634,0.9999535157,0.5856529821,0.1298060579,0.08224016508,0.9988196684,0.6252258228,0.9983370865,0.9984198921,0.998706919,0.9979903054,0.9982333004,0.6424283277,0.9973012739,0.998076285,0.9984136676,0.9973202195,0.7462437746,0.8881112488,4.83494936,0.8148721434,0.9047131996,0.9234158958,0.939454247,0.7987307528,0.9026968783,0.9212692525,0.9350866551,0.9735060556,0.8693719332,0.8932041566,0.02157106401,0.01206762901,0.006014355403,0.005285229251,0.004071286338,0.003719445271,0.002633240553,0.002515123668,0.002047991398
google/mt5-base,4,variance,5,11;475;580;46;551,768,847,858,0.7916441736,0.1488718473,0.02563012321,0.01923159792,0.1352467615,0.01023642432,0.02400060052,0.02513939052,0.0112322301,0.07184613555,0.04357584429,0.8207941875,0.9568481358,1.335348818,1.735076844,0.9911628312,0.9799390619,1.93582294,1.119423443,1.000370022,0.1354506108,0.06161554042,0.04018365048,0.02794912631,0.03191295102,0.01404303821,0.01268415862,0.01773946789,0.009798016445,0.007129732227,0.2873528957,0.6500927437,0.07239278859,0.04124065351,62.84341713,24.56897663,13.84141832,1.572496267,24.50028515,63.0859984,0.9999205129,0.4564238211,0.1132723566,0.001089013768,0.9979679208,0.5467644164,0.9858214383,0.9952344576,0.9885086414,0.9969500592,0.9970300426,0.5883837827,0.9843325235,0.9939205278,0.9891455548,0.9971870778,0.6501874762,0.8416595759,7.853678068,0.8142248261,0.9111091966,0.9221585476,0.9405703141,0.7987307528,0.9026968783,0.9212692525,0.9350866551,0.9735060556,0.8693719332,0.8932041566,0.02157106401,0.01206762901,0.006014355403,0.005285229251,0.004071286338,0.003719445271,0.002633240553,0.002515123668,0.002047991398
google/mt5-base,4,variance,10,11;475;580;46;551;280;106;610;387;665,768,847,858,0.8656428368,0.192425571,0.02730465179,0.1191848991,0.1387114595,0.09000319519,0.02562883725,0.03300850724,0.0381396203,0.07555778394,0.0181834506,0.7163128189,0.954029856,1.632425937,1.452235269,1.048605257,0.9797299427,1.665091395,0.9495672193,0.9234259676,0.07426400571,0.07065218953,0.05264234789,0.04489251215,0.03509555737,0.01952068318,0.01666233602,0.02004841048,0.01092034583,0.008647320302,0.2186999409,0.5527357377,0.0874869077,0.05412007777,68.50235402,28.01195316,14.89868881,4.745664645,27.5516709,68.66513942,0.9997691225,0.3664629999,0.1152376822,0.002653038046,0.9959411061,0.3738894692,0.9783880441,0.9918382683,0.9852856098,0.9965908163,0.9943624185,0.3897882281,0.9759013717,0.987900103,0.9860191301,0.9966970488,0.5529616589,0.7952272172,12.22872451,0.8245561243,0.9154510008,0.924500324,0.9450282195,0.7987307528,0.9026968783,0.9212692525,0.9350866551,0.9735060556,0.8693719332,0.8932041566,0.02157106401,0.01206762901,0.006014355403,0.005285229251,0.004071286338,0.003719445271,0.002633240553,0.002515123668,0.002047991398
google/mt5-base,5,mean_abs,1,11,768,847,858,0.3488132077,0.0001057278599,0.01595759791,0.005745294588,0.06413338697,0.008979950645,0.01813180413,0.008440805118,3.442660712e-05,0.01628101444,0.4240443393,2.641499565,995.9445243,693.5398065,15459.00331,2545.217978,6320.713799,3099.164043,14.6733654,8574.626213,0.6511382129,9.111680142e-05,0.008555493453,0.003081675759,0.03435293606,0.004811680071,0.009713202353,0.0045224821,1.978798368e-05,0.008721389009,0.6512036036,0.9999253988,9.112643602e-05,0.00869423252,36.19988898,0.7311607677,9.095940158,0.003649197558,1.227086008,37.1617722,1,0.8069614565,0.007525806981,0.09245509786,0.9999998811,0.9760374854,0.999997982,0.9999497206,0.9988923418,0.9989030956,0.9999995989,0.9813577316,0.9999980707,0.9999579563,0.9985016738,0.9988779849,0.9999253988,0.9999818484,1.000994414,0.6550619947,0.8351798972,0.893164932,0.9141264072,0.6537486461,0.8349481929,0.8916338346,0.9144711866,0.9779059263,0.6781074275,0.9999509754,2.246284278e-05,5.59405472e-06,2.893559015e-06,1.447102074e-06,1.231086464e-06,1.000721212e-06,9.502745255e-07,8.781902398e-07,6.62349566e-07
google/mt5-base,5,mean_abs,3,11;475;580,768,847,858,0.8334398806,0.02532512809,0.02610430221,0.0066442431,0.1129922897,0.04610326371,0.05503456093,0.02587240421,0.008702419547,0.04198315223,0.02774262714,485.9844675,2725.892608,954.4545031,12.2613419,1058.884127,2436.653017,267.4480824,255.974985,1949.310613,0.1665144328,0.06552585485,0.09152948973,0.01657727586,0.0001065032247,0.007824607889,0.01463633644,0.001525506858,0.001349309945,0.007749860627,0.1665997752,0.9997257048,0.06722842328,0.09398284635,65.91334883,17.6165854,21.74567502,5.084600779,7.564503785,68.45223674,0.9999999995,0.4081177762,0.2557967027,0.3025347935,0.9999936232,0.894853527,0.9974787682,0.929144586,0.9909788572,0.989825098,0.9999839825,0.8919625289,0.9981721409,0.9237381574,0.9892611981,0.9889039662,0.9997257058,0.9999300503,1.003324622,0.6599087883,0.8370771004,0.8983349591,0.913326605,0.6537486461,0.8349481929,0.8916338346,0.9144711866,0.9779059263,0.6781074275,0.9999509754,2.246284278e-05,5.59405472e-06,2.893559015e-06,1.447102074e-06,1.231086464e-06,1.000721212e-06,9.502745255e-07,8.781902398e-07,6.62349566e-07
google/mt5-base,5,mean_abs,5,11;475;580;46;280,768,847,858,0.983038959,0.08852441594,0.1631414305,0.02740159649,0.1136808642,0.05856539348,0.07849820524,0.0323278089,0.01063653559,0.05179492888,0.0002878550449,350.77746,35.59202942,1.167290772,1.027468541,34.11954916,94.5565665,225.007772,5.460162571,7.592767306,0.01692618806,0.463343425,0.01170809048,0.0001986177257,8.743278406e-05,0.002470008503,0.005564311153,0.01257341397,0.0002819686258,0.0002957290271,0.01700565609,0.9979451181,0.508344308,0.01399052469,82.51685442,48.2671227,28.31330731,16.42950332,24.65086459,84.864406,0.9999998203,0.130234538,0.6811973276,0.1072307868,0.9996901779,0.8184739166,0.9876890867,0.9626802889,0.9746626623,0.970222573,0.998967559,0.8444028467,0.9902547693,0.9668267638,0.9758634527,0.9687344061,0.9979454765,0.9993160244,1.022133994,0.6939455328,0.8739257104,0.8993026301,0.9122161992,0.6537486461,0.8349481929,0.8916338346,0.9144711866,0.9779059263,0.6781074275,0.9999509754,2.246284278e-05,5.59405472e-06,2.893559015e-06,1.447102074e-06,1.231086464e-06,1.000721212e-06,9.502745255e-07,8.781902398e-07,6.62349566e-07
google/mt5-base,5,mean_abs,10,11;475;580;46;280;106;551;387;665;409,768,847,858,0.994626524,0.3214946875,0.1681459432,0.03020108934,0.1409310122,0.07232920829,0.09330009145,0.04680258626,0.01955371853,0.0644129759,2.8933932e-05,116.7442136,21.11358115,1.046292995,37.92234752,14.64313117,98.74628648,100.2197035,5.969951951,8.345540586,0.005344793414,0.4844454042,0.02181892608,0.0005592814572,0.01013769308,0.003330176622,0.01825486546,0.01759328587,0.0009685102038,0.001021142821,0.005413214559,0.9946621922,0.71398911,0.02622927171,85.79622301,70.19583085,60.42806959,25.82256944,34.58340064,87.91318066,0.9999992317,0.07330394082,0.6977649729,0.1455950714,0.9989664847,0.6559632189,0.6729985696,0.7840669148,0.6372825652,0.5190164916,0.9966514621,0.69108546,0.6573387464,0.7800092141,0.6873619835,0.5082601661,0.9946637193,0.9978708412,1.055214638,0.7160909467,0.8949615208,0.907678174,0.9110195163,0.6537486461,0.8349481929,0.8916338346,0.9144711866,0.9779059263,0.6781074275,0.9999509754,2.246284278e-05,5.59405472e-06,2.893559015e-06,1.447102074e-06,1.231086464e-06,1.000721212e-06,9.502745255e-07,8.781902398e-07,6.62349566e-07
google/mt5-base,5,variance,1,11,768,847,858,0.3488132077,0.0001057278599,0.01595759791,0.005745294588,0.06413338697,0.008979950645,0.01813180413,0.008440805118,3.442660712e-05,0.01628101444,0.4240443393,2.641499565,995.9445243,693.5398065,15459.00331,2545.217978,6320.713799,3099.164043,14.6733654,8574.626213,0.6511382129,9.111680142e-05,0.008555493453,0.003081675759,0.03435293606,0.004811680071,0.009713202353,0.0045224821,1.978798368e-05,0.008721389009,0.6512036036,0.9999253988,9.112643602e-05,0.00869423252,36.19988898,0.7311607677,9.095940158,0.003649197558,1.227086008,37.1617722,1,0.8069614565,0.007525806981,0.09245509786,0.9999998811,0.9760374854,0.999997982,0.9999497206,0.9988923418,0.9989030956,0.9999995989,0.9813577316,0.9999980707,0.9999579563,0.9985016738,0.9988779849,0.9999253988,0.9999818484,1.000994414,0.6550619947,0.8351798972,0.893164932,0.9141264072,0.6537486461,0.8349481929,0.8916338346,0.9144711866,0.9779059263,0.6781074275,0.9999509754,2.246284278e-05,5.59405472e-06,2.893559015e-06,1.447102074e-06,1.231086464e-06,1.000721212e-06,9.502745255e-07,8.781902398e-07,6.62349566e-07
google/mt5-base,5,variance,3,11;475;580,768,847,858,0.8334398806,0.02532512809,0.02610430221,0.0066442431,0.1129922897,0.04610326371,0.05503456093,0.02587240421,0.008702419547,0.04198315223,0.02774262714,485.9844675,2725.892608,954.4545031,12.2613419,1058.884127,2436.653017,267.4480824,255.974985,1949.310613,0.1665144328,0.06552585485,0.09152948973,0.01657727586,0.0001065032247,0.007824607889,0.01463633644,0.001525506858,0.001349309945,0.007749860627,0.1665997752,0.9997257048,0.06722842328,0.09398284635,65.91334883,17.6165854,21.74567502,5.084600779,7.564503785,68.45223674,0.9999999995,0.4081177762,0.2557967027,0.3025347935,0.9999936232,0.894853527,0.9974787682,0.929144586,0.9909788572,0.989825098,0.9999839825,0.8919625289,0.9981721409,0.9237381574,0.9892611981,0.9889039662,0.9997257058,0.9999300503,1.003324622,0.6599087883,0.8370771004,0.8983349591,0.913326605,0.6537486461,0.8349481929,0.8916338346,0.9144711866,0.9779059263,0.6781074275,0.9999509754,2.246284278e-05,5.59405472e-06,2.893559015e-06,1.447102074e-06,1.231086464e-06,1.000721212e-06,9.502745255e-07,8.781902398e-07,6.62349566e-07
google/mt5-base,5,variance,5,11;475;580;46;280,768,847,858,0.983038959,0.08852441594,0.1631414305,0.02740159649,0.1136808642,0.05856539348,0.07849820524,0.0323278089,0.01063653559,0.05179492888,0.0002878550449,350.77746,35.59202942,1.167290772,1.027468541,34.11954916,94.5565665,225.007772,5.460162571,7.592767306,0.01692618806,0.463343425,0.01170809048,0.0001986177257,8.743278406e-05,0.002470008503,0.005564311153,0.01257341397,0.0002819686258,0.0002957290271,0.01700565609,0.9979451181,0.508344308,0.01399052469,82.51685442,48.2671227,28.31330731,16.42950332,24.65086459,84.864406,0.9999998203,0.130234538,0.6811973276,0.1072307868,0.9996901779,0.8184739166,0.9876890867,0.9626802889,0.9746626623,0.970222573,0.998967559,0.8444028467,0.9902547693,0.9668267638,0.9758634527,0.9687344061,0.9979454765,0.9993160244,1.022133994,0.6939455328,0.8739257104,0.8993026301,0.9122161992,0.6537486461,0.8349481929,0.8916338346,0.9144711866,0.9779059263,0.6781074275,0.9999509754,2.246284278e-05,5.59405472e-06,2.893559015e-06,1.447102074e-06,1.231086464e-06,1.000721212e-06,9.502745255e-07,8.781902398e-07,6.62349566e-07
google/mt5-base,5,variance,10,11;475;580;46;280;106;551;387;665;409,768,847,858,0.994626524,0.3214946875,0.1681459432,0.03020108934,0.1409310122,0.07232920829,0.09330009145,0.04680258626,0.01955371853,0.0644129759,2.8933932e-05,116.7442136,21.11358115,1.046292995,37.92234752,14.64313117,98.74628648,100.2197035,5.969951951,8.345540586,0.005344793414,0.4844454042,0.02181892608,0.0005592814572,0.01013769308,0.003330176622,0.01825486546,0.01759328587,0.0009685102038,0.001021142821,0.005413214559,0.9946621922,0.71398911,0.02622927171,85.79622301,70.19583085,60.42806959,25.82256944,34.58340064,87.91318066,0.9999992317,0.07330394082,0.6977649729,0.1455950714,0.9989664847,0.6559632189,0.6729985696,0.7840669148,0.6372825652,0.5190164916,0.9966514621,0.69108546,0.6573387464,0.7800092141,0.6873619835,0.5082601661,0.9946637193,0.9978708412,1.055214638,0.7160909467,0.8949615208,0.907678174,0.9110195163,0.6537486461,0.8349481929,0.8916338346,0.9144711866,0.9779059263,0.6781074275,0.9999509754,2.246284278e-05,5.59405472e-06,2.893559015e-06,1.447102074e-06,1.231086464e-06,1.000721212e-06,9.502745255e-07,8.781902398e-07,6.62349566e-07
google/mt5-base,6,mean_abs,1,11,768,847,858,0.3526629965,0.01255794162,0.02828389873,0.1435416209,0.02159102973,0.002364601755,0.00632619476,0.003740004673,8.886012778e-05,0.0005212736755,0.4190457317,174.6187739,1313.434694,8623.178037,2244.596965,505.5313256,1414.502379,1004.848974,32.12185792,200.6690031,0.6472720397,0.006879186403,0.01541837222,0.07819895362,0.01176645704,0.001290627938,0.003448521979,0.002039334714,4.996050087e-05,0.0002853779136,0.6473592234,0.9998996445,0.006966673482,0.01586715729,36.43100478,8.074643638,15.66643008,0.120219558,9.207669334,38.99369742,1,0.8045725595,0.08271599482,0.124133183,0.999999361,0.9807478311,0.9989632089,0.9950364603,0.9743861329,0.9568066251,0.9999987154,0.984154828,0.9988976925,0.9962777702,0.963788267,0.9731180126,0.9998996445,0.9999716427,1.00133799,0.6589275708,0.8591397112,0.9027622221,0.9281788669,0.6565177856,0.8560908207,0.8981626631,0.9282987987,0.9784946925,0.6846028687,0.9999326881,2.550301247e-05,7.599331366e-06,5.870551863e-06,3.39353773e-06,1.652716374e-06,1.578245851e-06,1.313811499e-06,1.006865516e-06,9.206305991e-07
google/mt5-base,6,mean_abs,3,11;475;580,768,847,858,0.8309778614,0.01777746045,0.03462408642,0.3933822637,0.1083113665,0.005433558122,0.01413513356,0.03531323531,0.007142509019,0.002017792975,0.02856880343,129.509178,1868.12264,1879.337061,3989.74155,802.350151,830.1453649,403.8274068,94.21696021,108.6071622,0.1689603989,0.01953503256,0.08396588606,0.06525378638,0.08007916855,0.007843039063,0.007749093715,0.003137985687,0.0005610772564,0.0005913791123,0.1690744139,0.9996347241,0.01988860139,0.08697739904,65.72459922,11.21684573,21.10755486,1.809357677,10.4373612,67.44053643,0.9999999997,0.4111230212,0.1392912388,0.2897599526,0.9999943974,0.9298532568,0.9985505591,0.9729618125,0.9932180491,0.9918195863,0.9999853516,0.9185665868,0.9987413281,0.9753888688,0.992654548,0.9905175873,0.9996347247,0.9998928651,1.004410004,0.6650307594,0.8599221409,0.9095465267,0.9323868773,0.6565177856,0.8560908207,0.8981626631,0.9282987987,0.9784946925,0.6846028687,0.9999326881,2.550301247e-05,7.599331366e-06,5.870551863e-06,3.39353773e-06,1.652716374e-06,1.578245851e-06,1.313811499e-06,1.006865516e-06,9.206305991e-07
google/mt5-base,6,mean_abs,5,11;475;580;46;280,768,847,858,0.9835683745,0.08389042709,0.1583785767,0.4432829279,0.1925657657,0.01598903477,0.02402821684,0.04074940338,0.008823078673,0.00343111535,0.0002701849823,282.2586594,14.70515074,64.51499665,4.083476849,9.321531652,3.056002866,26.12500704,10.62275815,172.6885634,0.01638285385,0.4365121564,0.006776453272,0.02296662574,0.0008403116121,0.0009342071647,0.0002924731473,0.00208135931,0.0006485841719,0.009640655571,0.01649082621,0.9970318454,0.4764846578,0.008051664424,82.63522675,46.68501516,28.83304789,15.07600795,25.24606263,84.77374539,0.9999997525,0.1281858702,0.6614010634,0.08038145328,0.9996540024,0.8683547667,0.9807059475,0.9390942379,0.9661957432,0.9591757403,0.9989099624,0.8740583724,0.9825852612,0.9404212405,0.9691334982,0.9664387948,0.9970323385,0.998904969,1.031523201,0.7069019559,0.8937896361,0.9125933466,0.9293515675,0.6565177856,0.8560908207,0.8981626631,0.9282987987,0.9784946925,0.6846028687,0.9999326881,2.550301247e-05,7.599331366e-06,5.870551863e-06,3.39353773e-06,1.652716374e-06,1.578245851e-06,1.313811499e-06,1.006865516e-06,9.206305991e-07
google/mt5-base,6,mean_abs,10,11;475;580;46;280;106;551;387;665;610,768,847,858,0.9948359426,0.2601817273,0.242354831,0.4911188364,0.2096080427,0.05155128982,0.1270516782,0.04366753181,0.01609649535,0.07370377233,2.674193408e-05,113.8180962,6.803495578,3.413668788,5.811260511,1.526319914,18.95610298,14.03270552,1.447218663,96.63657652,0.00512461561,0.5562890555,0.009908438186,0.003840590699,0.003779381581,0.0004834389251,0.00573352131,0.003533232248,0.0002792565298,0.01705001074,0.005217978492,0.9923622498,0.7519266231,0.01307794016,85.87909921,73.19270934,71.81404335,28.40969159,38.49774568,88.45815722,0.9999988508,0.07186129362,0.7485909617,0.09538853174,0.9986048142,0.4995998582,0.5635676726,0.6951882148,0.39514819,-0.4001077235,0.9958396387,0.5613448865,0.514047134,0.6757076517,0.4459792608,-0.413421714,0.9923645284,0.9966117701,1.0783793,0.7369471405,0.917689539,0.9364702135,0.9355484819,0.6565177856,0.8560908207,0.8981626631,0.9282987987,0.9784946925,0.6846028687,0.9999326881,2.550301247e-05,7.599331366e-06,5.870551863e-06,3.39353773e-06,1.652716374e-06,1.578245851e-06,1.313811499e-06,1.006865516e-06,9.206305991e-07
google/mt5-base,6,variance,1,11,768,847,858,0.3526629965,0.01255794162,0.02828389873,0.1435416209,0.02159102973,0.002364601755,0.00632619476,0.003740004673,8.886012778e-05,0.0005212736755,0.4190457317,174.6187739,1313.434694,8623.178037,2244.596965,505.5313256,1414.502379,1004.848974,32.12185792,200.6690031,0.6472720397,0.006879186403,0.01541837222,0.07819895362,0.01176645704,0.001290627938,0.003448521979,0.002039334714,4.996050087e-05,0.0002853779136,0.6473592234,0.9998996445,0.006966673482,0.01586715729,36.43100478,8.074643638,15.66643008,0.120219558,9.207669334,38.99369742,1,0.8045725595,0.08271599482,0.124133183,0.999999361,0.9807478311,0.9989632089,0.9950364603,0.9743861329,0.9568066251,0.9999987154,0.984154828,0.9988976925,0.9962777702,0.963788267,0.9731180126,0.9998996445,0.9999716427,1.00133799,0.6589275708,0.8591397112,0.9027622221,0.9281788669,0.6565177856,0.8560908207,0.8981626631,0.9282987987,0.9784946925,0.6846028687,0.9999326881,2.550301247e-05,7.599331366e-06,5.870551863e-06,3.39353773e-06,1.652716374e-06,1.578245851e-06,1.313811499e-06,1.006865516e-06,9.206305991e-07
google/mt5-base,6,variance,3,11;475;580,768,847,858,0.8309778614,0.01777746045,0.03462408642,0.3933822637,0.1083113665,0.005433558122,0.01413513356,0.03531323531,0.007142509019,0.002017792975,0.02856880343,129.509178,1868.12264,1879.337061,3989.74155,802.350151,830.1453649,403.8274068,94.21696021,108.6071622,0.1689603989,0.01953503256,0.08396588606,0.06525378638,0.08007916855,0.007843039063,0.007749093715,0.003137985687,0.0005610772564,0.0005913791123,0.1690744139,0.9996347241,0.01988860139,0.08697739904,65.72459922,11.21684573,21.10755486,1.809357677,10.4373612,67.44053643,0.9999999997,0.4111230212,0.1392912388,0.2897599526,0.9999943974,0.9298532568,0.9985505591,0.9729618125,0.9932180491,0.9918195863,0.9999853516,0.9185665868,0.9987413281,0.9753888688,0.992654548,0.9905175873,0.9996347247,0.9998928651,1.004410004,0.6650307594,0.8599221409,0.9095465267,0.9323868773,0.6565177856,0.8560908207,0.8981626631,0.9282987987,0.9784946925,0.6846028687,0.9999326881,2.550301247e-05,7.599331366e-06,5.870551863e-06,3.39353773e-06,1.652716374e-06,1.578245851e-06,1.313811499e-06,1.006865516e-06,9.206305991e-07
google/mt5-base,6,variance,5,11;475;580;46;280,768,847,858,0.9835683745,0.08389042709,0.1583785767,0.4432829279,0.1925657657,0.01598903477,0.02402821684,0.04074940338,0.008823078673,0.00343111535,0.0002701849823,282.2586594,14.70515074,64.51499665,4.083476849,9.321531652,3.056002866,26.12500704,10.62275815,172.6885634,0.01638285385,0.4365121564,0.006776453272,0.02296662574,0.0008403116121,0.0009342071647,0.0002924731473,0.00208135931,0.0006485841719,0.009640655571,0.01649082621,0.9970318454,0.4764846578,0.008051664424,82.63522675,46.68501516,28.83304789,15.07600795,25.24606263,84.77374539,0.9999997525,0.1281858702,0.6614010634,0.08038145328,0.9996540024,0.8683547667,0.9807059475,0.9390942379,0.9661957432,0.9591757403,0.9989099624,0.8740583724,0.9825852612,0.9404212405,0.9691334982,0.9664387948,0.9970323385,0.998904969,1.031523201,0.7069019559,0.8937896361,0.9125933466,0.9293515675,0.6565177856,0.8560908207,0.8981626631,0.9282987987,0.9784946925,0.6846028687,0.9999326881,2.550301247e-05,7.599331366e-06,5.870551863e-06,3.39353773e-06,1.652716374e-06,1.578245851e-06,1.313811499e-06,1.006865516e-06,9.206305991e-07
google/mt5-base,6,variance,10,11;475;580;46;280;106;551;387;665;409,768,847,858,0.9950799537,0.2988782272,0.1644967545,0.4756100871,0.2046314144,0.02659820388,0.02759462834,0.04410108398,0.01749168307,0.03187549085,2.427214559e-05,99.15676479,13.59291168,3.868039691,3.813778764,1.498987493,5.792247209,17.6070708,3.421870176,59.57993416,0.00487943545,0.5083987503,0.02076722747,0.004565207201,0.002601949246,0.0004980660985,0.00183785984,0.004650619541,0.0006926688194,0.01102747463,0.004974040961,0.9917458473,0.7251218976,0.02485595069,85.9778017,72.10708274,70.94293825,25.91788155,38.14984486,88.45737688,0.9999988133,0.0701429582,0.715830258,0.140816403,0.9986517604,0.5132296417,0.5701440163,0.6955509926,0.4136016563,-0.3806407909,0.995951869,0.5748884437,0.502850894,0.6739330372,0.4628045516,-0.3959668536,0.9917481987,0.9964079669,1.08392703,0.727282061,0.911101924,0.9365927691,0.9357540303,0.6565177856,0.8560908207,0.8981626631,0.9282987987,0.9784946925,0.6846028687,0.9999326881,2.550301247e-05,7.599331366e-06,5.870551863e-06,3.39353773e-06,1.652716374e-06,1.578245851e-06,1.313811499e-06,1.006865516e-06,9.206305991e-07
google/mt5-base,7,mean_abs,1,11,768,847,858,0.3549028057,0.03813123739,0.0638362729,0.08376494842,0.01064831299,0.009307367994,0.001316189469,0.006494968161,0.003196668032,0.0007308266201,0.4161513276,458.3941348,2329.033772,3353.152907,848.6386271,1555.746688,238.2047584,1334.064397,966.4981939,241.0569014,0.6450160353,0.02101787704,0.03512870242,0.04608950578,0.005864268482,0.005123099878,0.0007270637974,0.003575447054,0.001760257225,0.0004036909187,0.6451248108,0.9998741912,0.02185108598,0.03752410118,36.56520293,14.29926492,33.72124129,0.275237703,22.93930661,45.26067225,1,0.8031794284,0.144843746,0.1874043622,0.9999988735,0.9768615264,0.9956056883,0.9832354366,0.8455767566,0.8316163099,0.9999978533,0.9789676407,0.9945256187,0.9870235298,0.7767625802,0.858062694,0.9998741912,0.9999621928,1.001666708,0.6593174509,0.866262702,0.8971597352,0.9265760148,0.6564922606,0.8610463605,0.8918439267,0.9287851426,0.9804539049,0.6845368095,0.999914743,2.957968463e-05,9.730385956e-06,8.867321153e-06,4.457945908e-06,2.124406798e-06,1.969091205e-06,1.729009191e-06,1.174948506e-06,1.080371589e-06
google/mt5-base,7,mean_abs,3,11;475;46,768,847,858,0.7987331194,0.0863694072,0.1750048591,0.3121397684,0.0702854306,0.01858194486,0.007438449938,0.03738747266,0.01116630661,0.001454510247,0.04050939454,999.6620665,61.49910136,1654.662368,642.0352656,782.2323645,16.13957463,232.6034937,566.0025571,3.152015311,0.2011945003,0.146873733,0.002972324477,0.07287846368,0.01421644664,0.008254121251,0.0001578538933,0.001997610981,0.003303198007,1.691448792e-05,0.2013272766,0.9996403767,0.1607583351,0.003602838768,63.34432257,29.30143098,25.11008107,12.39916243,25.36456231,66.33190816,0.9999999989,0.4486277746,0.3831932593,0.05422648483,0.9999871944,0.9603065329,0.9753238406,0.9572274039,0.9947588563,0.9926920503,0.9999748833,0.9594077433,0.9727704931,0.9625482951,0.9952792371,0.9926099902,0.9996403789,0.9998800066,1.004449763,0.6920306989,0.8784789734,0.9085286719,0.9406550576,0.6564922606,0.8610463605,0.8918439267,0.9287851426,0.9804539049,0.6845368095,0.999914743,2.957968463e-05,9.730385956e-06,8.867321153e-06,4.457945908e-06,2.124406798e-06,1.969091205e-06,1.729009191e-06,1.174948506e-06,1.080371589e-06
google/mt5-base,7,mean_abs,5,11;475;46;580;280,768,847,858,0.9838570661,0.1560729163,0.1972186593,0.4898076987,0.09585559754,0.0290283561,0.007921083697,0.04155804302,0.01555515858,0.002487177033,0.0002607828133,199.3582174,31.3644397,141.7349755,3.087707594,5.095081687,5.264295638,2.502973294,0.9841671704,22.12290043,0.0160814381,0.3636726377,0.01882134025,0.0775090504,0.0008488948637,0.0006675315226,0.0006392769543,0.0002668925574,7.131331953e-05,0.001474002312,0.01621500379,0.9961905456,0.4309289804,0.02344516408,82.7005661,46.9854929,34.60043303,22.40134292,28.38479431,84.67386248,0.9999997047,0.1270548084,0.6038491107,0.1360187029,0.9996379339,0.8700887145,0.9679886157,0.8977343821,0.9450869158,0.9426732577,0.9988812535,0.8794815214,0.9687673577,0.9026374983,0.9559626893,0.9583716585,0.9961911334,0.9985179908,1.040069856,0.7129443788,0.8981500308,0.9121026327,0.935344154,0.6564922606,0.8610463605,0.8918439267,0.9287851426,0.9804539049,0.6845368095,0.999914743,2.957968463e-05,9.730385956e-06,8.867321153e-06,4.457945908e-06,2.124406798e-06,1.969091205e-06,1.729009191e-06,1.174948506e-06,1.080371589e-06
google/mt5-base,7,mean_abs,10,11;475;46;580;280;106;551;387;610;665,768,847,858,0.995111412,0.2980424622,0.3089321949,0.554353819,0.1061575112,0.1529839068,0.04633335307,0.04286357077,0.01985117094,0.01788087837,2.397542753e-05,84.8589318,11.56989065,24.90693149,1.33238157,12.80380205,6.681303854,4.556060866,1.654295747,55.66682484,0.004838293262,0.5065869019,0.02272072461,0.04457337515,0.001198743507,0.005489584698,0.002655155203,0.001589826296,0.0003922788047,0.01213758996,0.004954925664,0.9897118128,0.7216774158,0.03287770671,85.99070372,70.04935116,70.82127987,32.33753084,42.00169472,88.58348752,0.9999984311,0.0699183283,0.7152529533,0.148138446,0.9983869435,0.4659317621,0.6375827009,0.6697872277,0.4215108743,-0.06378073224,0.9953318416,0.5269582142,0.5582765679,0.6446081239,0.4304600794,-0.04842138897,0.9897149143,0.9952683043,1.104406874,0.7446622869,0.918848675,0.94170222,0.9430166749,0.6564922606,0.8610463605,0.8918439267,0.9287851426,0.9804539049,0.6845368095,0.999914743,2.957968463e-05,9.730385956e-06,8.867321153e-06,4.457945908e-06,2.124406798e-06,1.969091205e-06,1.729009191e-06,1.174948506e-06,1.080371589e-06
google/mt5-base,7,variance,1,11,768,847,858,0.3549028057,0.03813123739,0.0638362729,0.08376494842,0.01064831299,0.009307367994,0.001316189469,0.006494968161,0.003196668032,0.0007308266201,0.4161513276,458.3941348,2329.033772,3353.152907,848.6386271,1555.746688,238.2047584,1334.064397,966.4981939,241.0569014,0.6450160353,0.02101787704,0.03512870242,0.04608950578,0.005864268482,0.005123099878,0.0007270637974,0.003575447054,0.001760257225,0.0004036909187,0.6451248108,0.9998741912,0.02185108598,0.03752410118,36.56520293,14.29926492,33.72124129,0.275237703,22.93930661,45.26067225,1,0.8031794284,0.144843746,0.1874043622,0.9999988735,0.9768615264,0.9956056883,0.9832354366,0.8455767566,0.8316163099,0.9999978533,0.9789676407,0.9945256187,0.9870235298,0.7767625802,0.858062694,0.9998741912,0.9999621928,1.001666708,0.6593174509,0.866262702,0.8971597352,0.9265760148,0.6564922606,0.8610463605,0.8918439267,0.9287851426,0.9804539049,0.6845368095,0.999914743,2.957968463e-05,9.730385956e-06,8.867321153e-06,4.457945908e-06,2.124406798e-06,1.969091205e-06,1.729009191e-06,1.174948506e-06,1.080371589e-06
google/mt5-base,7,variance,3,11;475;580,768,847,858,0.829015027,0.0744571089,0.07805789229,0.3563063943,0.05502636126,0.02070123103,0.001450773972,0.03730578931,0.01105207605,0.001088617757,0.02923629631,6.252508396,1062.547143,3582.031342,1525.821049,504.0161664,420.8063104,190.214023,232.9817207,29.65906712,0.1709090038,0.001081253283,0.06044465331,0.185695524,0.03976655893,0.006259818847,0.004844262765,0.001922735076,0.001600369618,0.0001873312615,0.1710489387,0.9995556966,0.001168236819,0.06556230896,65.57490301,16.16028758,23.13568612,1.43818242,22.09469704,66.67452341,0.9999999998,0.4135032925,0.03053603217,0.2458212129,0.9999925548,0.9302905454,0.9933840857,0.9829577151,0.9931795707,0.9934004842,0.9999817669,0.9153442084,0.9917921352,0.9864760682,0.9910791087,0.9926490892,0.9995556971,0.9998589741,1.005350097,0.6644903578,0.8686500042,0.9065706937,0.9398183096,0.6564922606,0.8610463605,0.8918439267,0.9287851426,0.9804539049,0.6845368095,0.999914743,2.957968463e-05,9.730385956e-06,8.867321153e-06,4.457945908e-06,2.124406798e-06,1.969091205e-06,1.729009191e-06,1.174948506e-06,1.080371589e-06
google/mt5-base,7,variance,5,11;475;580;46;280,768,847,858,0.9838570661,0.1560729163,0.1972186593,0.4898076987,0.09585559754,0.0290283561,0.007921083697,0.04155804302,0.01555515858,0.002487177033,0.0002607828133,199.3582174,31.3644397,141.7349755,3.087707594,5.095081687,5.264295638,2.502973294,0.9841671704,22.12290043,0.0160814381,0.3636726377,0.01882134025,0.0775090504,0.0008488948637,0.0006675315226,0.0006392769543,0.0002668925574,7.131331953e-05,0.001474002312,0.01621500379,0.9961905456,0.4309289804,0.02344516408,82.7005661,46.9854929,34.60043303,22.40134292,28.38479431,84.67386248,0.9999997047,0.1270548084,0.6038491107,0.1360187029,0.9996379339,0.8700887145,0.9679886157,0.8977343821,0.9450869158,0.9426732577,0.9988812535,0.8794815214,0.9687673577,0.9026374983,0.9559626893,0.9583716585,0.9961911334,0.9985179908,1.040069856,0.7129443788,0.8981500308,0.9121026327,0.935344154,0.6564922606,0.8610463605,0.8918439267,0.9287851426,0.9804539049,0.6845368095,0.999914743,2.957968463e-05,9.730385956e-06,8.867321153e-06,4.457945908e-06,2.124406798e-06,1.969091205e-06,1.729009191e-06,1.174948506e-06,1.080371589e-06
google/mt5-base,7,variance,10,11;475;580;46;280;106;551;387;665;409,768,847,858,0.9953480922,0.3274286497,0.2006578453,0.5610569581,0.1062496598,0.03344818384,0.01279224679,0.04744318162,0.02299828704,0.01613360836,2.170783668e-05,73.56638394,18.53203979,20.86209387,1.176366336,4.833094345,8.242144706,8.625622747,0.9669705335,46.61377954,0.00459981925,0.4611414893,0.03821329967,0.03920230309,0.001111318724,0.002175826212,0.003439278276,0.003160450632,0.0002407649827,0.01067207138,0.004718878017,0.98880276,0.6856395074,0.04780593573,86.08911757,68.82080277,71.96178262,28.32687575,40.94152513,88.59255818,0.9999983621,0.06820478385,0.6826577187,0.1930128808,0.9984386905,0.4837817165,0.6314114455,0.6723279367,0.3975436344,-0.1089574376,0.995444226,0.5455236526,0.5420724038,0.6464758693,0.4123306277,-0.09563518394,0.9888059945,0.9949715585,1.112402182,0.7327129171,0.9103638156,0.9408017646,0.9425956977,0.6564922606,0.8610463605,0.8918439267,0.9287851426,0.9804539049,0.6845368095,0.999914743,2.957968463e-05,9.730385956e-06,8.867321153e-06,4.457945908e-06,2.124406798e-06,1.969091205e-06,1.729009191e-06,1.174948506e-06,1.080371589e-06
google/mt5-base,8,mean_abs,1,11,768,847,858,0.3580631177,0.07753810283,0.05104939162,0.06010606623,0.01111601269,0.003467292294,0.005947857717,7.040450733e-05,0.0003961494035,0.005952621849,0.412084722,641.6278662,1367.399044,1901.298076,630.3350915,378.8108504,751.1108255,11.04698757,82.1283285,1366.497173,0.6418205752,0.04329922488,0.02848843025,0.03353605626,0.006208917731,0.001938755948,0.003321428808,4.317129277e-05,0.0002236494823,0.003322118473,0.6419763555,0.9998188185,0.04693876789,0.03002098318,36.75423008,20.60091116,28.16927803,0.3497388232,18.65846618,45.51756888,0.9999999999,0.8012096369,0.2079770174,0.1687457259,0.999997863,0.9829869427,0.9926760827,0.9661736798,0.9039854019,0.9019304798,0.9999960815,0.9865557671,0.9894786706,0.9701934551,0.8455344843,0.904784693,0.9998188186,0.9999416184,1.002356224,0.6593816748,0.8724211392,0.8986236077,0.9311817493,0.6562558276,0.8651577723,0.8935703081,0.9342766662,0.9815393045,0.6839888747,0.9998760249,4.332274212e-05,1.33749535e-05,1.132350337e-05,6.323586343e-06,3.285638403e-06,2.838833749e-06,2.50882415e-06,1.748211392e-06,1.560721495e-06
google/mt5-base,8,mean_abs,3,11;475;46,768,847,858,0.8018056488,0.1875132911,0.2019786976,0.2328387658,0.04451667443,0.00513598562,0.008818663346,0.02017325943,0.001304118406,0.00940330509,0.039282629,824.8073745,1.047170988,454.0193025,114.4888348,145.8397842,48.74252012,269.349192,14.17986668,68.26340656,0.1980928112,0.180214814,7.063694326e-05,0.02592848525,0.003651309131,0.002416672467,0.0006978626485,0.003408065349,0.0001250224797,0.0005373229417,0.1982795776,0.999487675,0.2218064763,8.851510987e-05,63.56448907,37.94304776,29.18843154,19.20117603,30.99028491,67.76296593,0.9999999975,0.4451902404,0.4245174991,0.005162449144,0.9999792711,0.974617221,0.9599620653,0.9184148728,0.9668786977,0.9698410342,0.9999601232,0.975709203,0.94667935,0.931426824,0.9613190055,0.9748014343,0.99948768,0.9998126524,1.006261816,0.6946984515,0.888326707,0.9084221288,0.9417611483,0.6562558276,0.8651577723,0.8935703081,0.9342766662,0.9815393045,0.6839888747,0.9998760249,4.332274212e-05,1.33749535e-05,1.132350337e-05,6.323586343e-06,3.285638403e-06,2.838833749e-06,2.50882415e-06,1.748211392e-06,1.560721495e-06
google/mt5-base,8,mean_abs,5,11;475;46;580;280,768,847,858,0.9843806854,0.2828852544,0.2101924455,0.3939084039,0.05472570495,0.007191380273,0.01037835297,0.02794304176,0.002853832353,0.01360347391,0.0002441544981,81.62727385,18.89461092,269.2936096,7.380608033,7.039279382,9.502712256,13.33489941,4.418760759,20.85952658,0.01552871937,0.2249448149,0.01607514841,0.1939686836,0.002968795967,0.001471203418,0.001715980291,0.002128064185,0.000491381941,0.002070878485,0.01572082173,0.9941997963,0.3136803646,0.02035324722,82.82056096,46.1309585,33.79833148,25.89520816,33.51958673,84.22265255,0.9999995401,0.1249771988,0.4749418722,0.1249825956,0.9996068136,0.8766670403,0.9693077435,0.8803625954,0.9666745143,0.9643498373,0.9988330703,0.8910552922,0.9684053408,0.8859367465,0.9722275485,0.9687595031,0.9942007096,0.9976523241,1.05945709,0.7206475146,0.9010014318,0.9128600814,0.9407884102,0.6562558276,0.8651577723,0.8935703081,0.9342766662,0.9815393045,0.6839888747,0.9998760249,4.332274212e-05,1.33749535e-05,1.132350337e-05,6.323586343e-06,3.285638403e-06,2.838833749e-06,2.50882415e-06,1.748211392e-06,1.560721495e-06
google/mt5-base,8,mean_abs,10,11;475;46;580;280;106;551;387;610;665,768,847,858,0.9956829045,0.3638634147,0.3843298153,0.5210433627,0.07128156593,0.01645359266,0.111644606,0.0797200753,0.01668007512,0.01948438906,1.872117507e-05,39.82898652,9.158526414,61.80273521,0.9637893449,9.092116361,7.990366913,0.9604870885,15.98743205,20.57267507,0.004243186502,0.3911362382,0.02776711408,0.1586358614,0.001381524003,0.006771698485,0.005141851661,0.0005462288245,0.006335567452,0.007278284703,0.004411508685,0.9828799157,0.6148620395,0.04510063142,86.23270451,63.13722001,58.4458904,36.6239846,45.15579283,88.11151415,0.999995967,0.06570434324,0.6303103996,0.1642986871,0.9977497077,0.3604517388,0.8260767411,0.7372067582,0.6928569349,0.6975974389,0.9938254968,0.4299971515,0.7771908106,0.7093731018,0.6753142703,0.7011169302,0.9828878241,0.991835403,1.17065398,0.7549021655,0.9248198093,0.9383429019,0.9433927137,0.6562558276,0.8651577723,0.8935703081,0.9342766662,0.9815393045,0.6839888747,0.9998760249,4.332274212e-05,1.33749535e-05,1.132350337e-05,6.323586343e-06,3.285638403e-06,2.838833749e-06,2.50882415e-06,1.748211392e-06,1.560721495e-06
google/mt5-base,8,variance,1,11,768,847,858,0.3580631177,0.07753810283,0.05104939162,0.06010606623,0.01111601269,0.003467292294,0.005947857717,7.040450733e-05,0.0003961494035,0.005952621849,0.412084722,641.6278662,1367.399044,1901.298076,630.3350915,378.8108504,751.1108255,11.04698757,82.1283285,1366.497173,0.6418205752,0.04329922488,0.02848843025,0.03353605626,0.006208917731,0.001938755948,0.003321428808,4.317129277e-05,0.0002236494823,0.003322118473,0.6419763555,0.9998188185,0.04693876789,0.03002098318,36.75423008,20.60091116,28.16927803,0.3497388232,18.65846618,45.51756888,0.9999999999,0.8012096369,0.2079770174,0.1687457259,0.999997863,0.9829869427,0.9926760827,0.9661736798,0.9039854019,0.9019304798,0.9999960815,0.9865557671,0.9894786706,0.9701934551,0.8455344843,0.904784693,0.9998188186,0.9999416184,1.002356224,0.6593816748,0.8724211392,0.8986236077,0.9311817493,0.6562558276,0.8651577723,0.8935703081,0.9342766662,0.9815393045,0.6839888747,0.9998760249,4.332274212e-05,1.33749535e-05,1.132350337e-05,6.323586343e-06,3.285638403e-06,2.838833749e-06,2.50882415e-06,1.748211392e-06,1.560721495e-06
google/mt5-base,8,variance,3,11;475;580,768,847,858,0.8265883229,0.1847064284,0.05397219043,0.2866692156,0.04036623157,0.004722532291,0.009766178974,0.02022928523,0.001378899276,0.007494478153,0.03007228214,38.41243988,1203.866014,2688.852261,451.574211,159.6787113,6.298859133,216.697864,1.384743854,239.6815975,0.173304288,0.009591457289,0.0928041081,0.1754868265,0.01645846586,0.003023873026,0.0001030620132,0.003133441696,1.39527611e-05,0.002156040271,0.1735015,0.9993807275,0.01176442158,0.09809871038,65.39076889,26.46169032,23.28706196,4.246601479,27.86412652,67.07248882,0.9999999995,0.4164272768,0.09710901156,0.3046383818,0.9999888194,0.9460910913,0.9800512247,0.9790129156,0.9928817383,0.9907747584,0.9999749248,0.9441950323,0.9697204237,0.9857352966,0.993080803,0.993051801,0.9993807284,0.9997861996,1.007358561,0.6651619613,0.8777651512,0.9073044184,0.943601158,0.6562558276,0.8651577723,0.8935703081,0.9342766662,0.9815393045,0.6839888747,0.9998760249,4.332274212e-05,1.33749535e-05,1.132350337e-05,6.323586343e-06,3.285638403e-06,2.838833749e-06,2.50882415e-06,1.748211392e-06,1.560721495e-06
google/mt5-base,8,variance,5,11;475;580;46;280,768,847,858,0.9843806854,0.2828852544,0.2101924455,0.3939084039,0.05472570495,0.007191380273,0.01037835297,0.02794304176,0.002853832353,0.01360347391,0.0002441544981,81.62727385,18.89461092,269.2936096,7.380608033,7.039279382,9.502712256,13.33489941,4.418760759,20.85952658,0.01552871937,0.2249448149,0.01607514841,0.1939686836,0.002968795967,0.001471203418,0.001715980291,0.002128064185,0.000491381941,0.002070878485,0.01572082173,0.9941997963,0.3136803646,0.02035324722,82.82056096,46.1309585,33.79833148,25.89520816,33.51958673,84.22265255,0.9999995401,0.1249771988,0.4749418722,0.1249825956,0.9996068136,0.8766670403,0.9693077435,0.8803625954,0.9666745143,0.9643498373,0.9988330703,0.8910552922,0.9684053408,0.8859367465,0.9722275485,0.9687595031,0.9942007096,0.9976523241,1.05945709,0.7206475146,0.9010014318,0.9128600814,0.9407884102,0.6562558276,0.8651577723,0.8935703081,0.9342766662,0.9815393045,0.6839888747,0.9998760249,4.332274212e-05,1.33749535e-05,1.132350337e-05,6.323586343e-06,3.285638403e-06,2.838833749e-06,2.50882415e-06,1.748211392e-06,1.560721495e-06
google/mt5-base,8,variance,10,11;475;580;46;280;106;551;387;665;409,768,847,858,0.9958939577,0.381980477,0.2117969616,0.53578962,0.0703230842,0.008313061115,0.02682811112,0.03143869297,0.0169051742,0.02407235805,1.693256225e-05,34.03723601,15.48726002,53.22986862,0.9639949439,7.391795601,5.547009899,2.502669784,14.19706705,13.46478951,0.004028727053,0.3508885788,0.04929080144,0.1434284209,0.001450565078,0.005779213304,0.003747122658,0.001494076313,0.005905974782,0.00500062156,0.004202434867,0.9811703811,0.5677629359,0.06253566535,86.32607591,62.72429431,60.95035452,29.33370387,42.34219821,88.12955407,0.999995827,0.06407813976,0.597298012,0.2193362398,0.9978343618,0.3802574747,0.7734754631,0.6960397257,0.6248461001,0.5417899163,0.993978345,0.4474000129,0.7178527381,0.6674755702,0.6220002714,0.5333573937,0.9811785466,0.9913318737,1.185266378,0.7410429671,0.9124181822,0.9365448686,0.9439322652,0.6562558276,0.8651577723,0.8935703081,0.9342766662,0.9815393045,0.6839888747,0.9998760249,4.332274212e-05,1.33749535e-05,1.132350337e-05,6.323586343e-06,3.285638403e-06,2.838833749e-06,2.50882415e-06,1.748211392e-06,1.560721495e-06
google/mt5-base,9,mean_abs,1,11,768,847,858,0.3604473895,0.08429492142,0.02889729925,0.04951229096,0.01304725697,0.01602149909,0.0001748556511,0.0006772337048,0.004288054234,0.006807034295,0.4090298396,518.5228612,631.1648061,1401.674429,561.3130976,1324.174582,16.12979456,71.77021239,599.8471438,1164.548113,0.6393941607,0.04757311242,0.01630682071,0.02791614912,0.007364387507,0.009034080788,0.0001050337036,0.0003869788455,0.002420147874,0.003838744321,0.6396069464,0.999752249,0.0519524392,0.01679206607,36.89659563,21.4428213,17.57425491,0.3175791621,10.02991853,43.70641243,0.9999999998,0.7997203325,0.2179799741,0.1276191612,0.9999971906,0.9842154898,0.9948355676,0.9672619936,0.9721333962,0.9651277065,0.9999949246,0.9888119374,0.9926194844,0.9707684076,0.954656964,0.9625759569,0.9997522494,0.999913756,1.003175654,0.6632676265,0.8875087507,0.9131035287,0.94619157,0.6596536298,0.8800522551,0.9096015741,0.9489141095,0.9823226301,0.6918759056,0.9998315699,5.868225963e-05,1.652493247e-05,1.273859502e-05,8.391597177e-06,4.363669945e-06,4.16498091e-06,3.448705939e-06,2.580563078e-06,2.10836075e-06
google/mt5-base,9,mean_abs,3,11;475;46,768,847,858,0.8047840969,0.2379345954,0.2238672993,0.1488857332,0.04147970639,0.02773451059,0.007250180745,0.02471523685,0.007079964026,0.01363318007,0.03811154505,650.6575038,4.441984979,131.2200643,147.6432801,4.53812471,22.02475367,347.3068701,9.523397242,27.49690959,0.1950799224,0.1954737498,0.0003757906343,0.008557579652,0.006342894477,0.0001013812155,0.0004696272058,0.006131951513,0.0001258159068,0.0002967959575,0.1953308442,0.999303434,0.2565052142,0.000484183483,63.77914369,41.74304163,36.51345639,18.25841516,38.41368305,68.95613471,0.9999999952,0.4418324357,0.4421632836,0.01788500134,0.9999698651,0.9797172418,0.9594348763,0.8931649807,0.9021098956,0.9230194659,0.9999425775,0.9802971387,0.9449335352,0.9050613306,0.8729702351,0.9247563075,0.9993034435,0.9997199823,1.008435555,0.7013807202,0.9073322176,0.9218842522,0.9525121599,0.6596536298,0.8800522551,0.9096015741,0.9489141095,0.9823226301,0.6918759056,0.9998315699,5.868225963e-05,1.652493247e-05,1.273859502e-05,8.391597177e-06,4.363669945e-06,4.16498091e-06,3.448705939e-06,2.580563078e-06,2.10836075e-06
google/mt5-base,9,mean_abs,5,11;475;46;580;280,768,847,858,0.9847023171,0.3582965974,0.2256358962,0.2850426639,0.06327173733,0.03045004466,0.008010040268,0.03619884374,0.00951065532,0.01420226785,0.0002342100849,40.24940049,1.274469442,306.7552502,29.86036124,1.077388223,2.596973445,15.11701172,8.935413,1.805644145,0.01517278101,0.1530378998,0.001364589021,0.2531898479,0.01623575309,0.0003046189179,0.000700830956,0.003377962836,0.001494038752,0.0002466663112,0.01543360026,0.9918352433,0.2384869694,0.001762205937,82.89525107,46.24907479,34.79452319,23.32655911,41.05212597,83.88061872,0.99999938,0.1236837253,0.3916050722,0.0256599297,0.9995909594,0.8896738609,0.9680191359,0.8664976086,0.9588144954,0.9555372383,0.9988230268,0.9026864575,0.965126998,0.8746754826,0.9590163277,0.9629141878,0.991836471,0.996479624,1.082640946,0.7335919683,0.9157281394,0.9265259293,0.9531807876,0.6596536298,0.8800522551,0.9096015741,0.9489141095,0.9823226301,0.6918759056,0.9998315699,5.868225963e-05,1.652493247e-05,1.273859502e-05,8.391597177e-06,4.363669945e-06,4.16498091e-06,3.448705939e-06,2.580563078e-06,2.10836075e-06
google/mt5-base,9,mean_abs,10,11;475;46;580;280;106;551;610;387;665,768,847,858,0.9960396217,0.4135033128,0.4360181742,0.4283495305,0.09778419999,0.05077843823,0.01839964521,0.1099096628,0.03436303657,0.03042265589,1.576999146e-05,21.02410131,1.431088591,81.70390431,3.605319876,10.13940562,1.499112832,2.244318366,0.996117549,24.75604033,0.003857047449,0.3018011893,0.005784993705,0.2546015357,0.00740090976,0.01082333422,0.001527369151,0.001893377911,0.0006288133426,0.0127679973,0.004087928792,0.9739088491,0.5145829395,0.01025741157,86.39193374,59.40721727,54.42069375,37.69809624,51.13463041,87.72354449,0.9999918551,0.06293102385,0.5555495205,0.06670075734,0.9972725855,0.346155625,0.9031788143,0.7941794316,0.7746514478,0.8809726625,0.9927746743,0.4067692651,0.8757027479,0.7737105368,0.7690140548,0.8864822703,0.9739246482,0.9870245547,1.259759717,0.7788817586,0.9366599071,0.9463886756,0.9507860551,0.6596536298,0.8800522551,0.9096015741,0.9489141095,0.9823226301,0.6918759056,0.9998315699,5.868225963e-05,1.652493247e-05,1.273859502e-05,8.391597177e-06,4.363669945e-06,4.16498091e-06,3.448705939e-06,2.580563078e-06,2.10836075e-06
google/mt5-base,9,variance,1,11,768,847,858,0.3604473895,0.08429492142,0.02889729925,0.04951229096,0.01304725697,0.01602149909,0.0001748556511,0.0006772337048,0.004288054234,0.006807034295,0.4090298396,518.5228612,631.1648061,1401.674429,561.3130976,1324.174582,16.12979456,71.77021239,599.8471438,1164.548113,0.6393941607,0.04757311242,0.01630682071,0.02791614912,0.007364387507,0.009034080788,0.0001050337036,0.0003869788455,0.002420147874,0.003838744321,0.6396069464,0.999752249,0.0519524392,0.01679206607,36.89659563,21.4428213,17.57425491,0.3175791621,10.02991853,43.70641243,0.9999999998,0.7997203325,0.2179799741,0.1276191612,0.9999971906,0.9842154898,0.9948355676,0.9672619936,0.9721333962,0.9651277065,0.9999949246,0.9888119374,0.9926194844,0.9707684076,0.954656964,0.9625759569,0.9997522494,0.999913756,1.003175654,0.6632676265,0.8875087507,0.9131035287,0.94619157,0.6596536298,0.8800522551,0.9096015741,0.9489141095,0.9823226301,0.6918759056,0.9998315699,5.868225963e-05,1.652493247e-05,1.273859502e-05,8.391597177e-06,4.363669945e-06,4.16498091e-06,3.448705939e-06,2.580563078e-06,2.10836075e-06
google/mt5-base,9,variance,3,11;475;580,768,847,858,0.8239992259,0.2371190581,0.04004923889,0.2162296776,0.04964142691,0.02429946184,0.002537658649,0.02431231092,0.00670144351,0.007545012646,0.03097733087,92.89185838,1548.373095,1550.126291,436.6999496,186.6201679,118.3555194,312.5794124,30.88478502,460.0749534,0.1758568509,0.03095087503,0.1452793077,0.1121184448,0.02080732361,0.004623798738,0.00279891676,0.006120754874,0.0004525301438,0.005507594598,0.1761211645,0.9991822581,0.04057104238,0.1513403745,65.19543161,31.43371311,27.5189856,9.785423479,29.23079781,68.35399793,0.9999999987,0.4195244613,0.1754727672,0.3812268493,0.9999829141,0.9332739934,0.9764473467,0.9699270976,0.961987316,0.9666417363,0.9999630633,0.9279304677,0.9626092372,0.9735557387,0.949259195,0.9686077619,0.9991822607,0.9996897371,1.00964377,0.67121719,0.8966182067,0.9204007765,0.9554325707,0.6596536298,0.8800522551,0.9096015741,0.9489141095,0.9823226301,0.6918759056,0.9998315699,5.868225963e-05,1.652493247e-05,1.273859502e-05,8.391597177e-06,4.363669945e-06,4.16498091e-06,3.448705939e-06,2.580563078e-06,2.10836075e-06
google/mt5-base,9,variance,5,11;475;580;46;280,768,847,858,0.9847023171,0.3582965974,0.2256358962,0.2850426639,0.06327173733,0.03045004466,0.008010040268,0.03619884374,0.00951065532,0.01420226785,0.0002342100849,40.24940049,1.274469442,306.7552502,29.86036124,1.077388223,2.596973445,15.11701172,8.935413,1.805644145,0.01517278101,0.1530378998,0.001364589021,0.2531898479,0.01623575309,0.0003046189179,0.000700830956,0.003377962836,0.001494038752,0.0002466663112,0.01543360026,0.9918352433,0.2384869694,0.001762205937,82.89525107,46.24907479,34.79452319,23.32655911,41.05212597,83.88061872,0.99999938,0.1236837253,0.3916050722,0.0256599297,0.9995909594,0.8896738609,0.9680191359,0.8664976086,0.9588144954,0.9555372383,0.9988230268,0.9026864575,0.965126998,0.8746754826,0.9590163277,0.9629141878,0.991836471,0.996479624,1.082640946,0.7335919683,0.9157281394,0.9265259293,0.9531807876,0.6596536298,0.8800522551,0.9096015741,0.9489141095,0.9823226301,0.6918759056,0.9998315699,5.868225963e-05,1.652493247e-05,1.273859502e-05,8.391597177e-06,4.363669945e-06,4.16498091e-06,3.448705939e-06,2.580563078e-06,2.10836075e-06
google/mt5-base,9,variance,10,11;475;580;46;280;106;551;387;665;409,768,847,858,0.9962237655,0.4245076593,0.2362598048,0.439816128,0.09317283206,0.04093319223,0.01914674617,0.04332480671,0.02549773982,0.02786048099,1.433326899e-05,17.60608917,4.778407156,74.48494658,3.671766754,10.18083425,1.246715838,1.106158833,1.298103806,25.78914844,0.003668067636,0.2644447588,0.02021101312,0.2428596025,0.007886511696,0.01137104818,0.001329063497,0.0009764250102,0.0008574111777,0.01391704921,0.003906922188,0.971355904,0.459510475,0.02646320469,86.47692227,58.66218792,52.66396337,28.89143633,46.3492004,87.73041308,0.999991733,0.06145056568,0.5202072651,0.1339338373,0.9974225022,0.3877528366,0.8562084824,0.7301053174,0.7595480075,0.7742197175,0.9930304354,0.449089875,0.8205529909,0.7104731547,0.7680369411,0.7812133789,0.9713718877,0.9862900146,1.281825041,0.7625367532,0.9245840642,0.9438348369,0.9530245773,0.6596536298,0.8800522551,0.9096015741,0.9489141095,0.9823226301,0.6918759056,0.9998315699,5.868225963e-05,1.652493247e-05,1.273859502e-05,8.391597177e-06,4.363669945e-06,4.16498091e-06,3.448705939e-06,2.580563078e-06,2.10836075e-06
google/mt5-base,10,mean_abs,1,11,768,847,858,0.360617104,0.08585201403,0.02848033851,0.03569842362,0.03182396234,2.949011392e-05,0.02854593075,0.0002127058874,0.0005346798123,0.002973637545,0.4088129577,518.2543499,461.4377727,1018.146313,1080.244175,2.868450564,1923.374379,18.29579172,59.43470153,410.3235604,0.639197055,0.04848527171,0.01609156577,0.02014698216,0.01795955381,2.552661228e-05,0.0161035583,0.0001268657153,0.0003066336256,0.001680761594,0.6394469344,0.9997093432,0.05303875571,0.01656329399,36.90672145,21.76311956,15.18436249,0.1872657053,4.532616242,43.62973264,0.9999999998,0.7996142168,0.2200651462,0.1267427423,0.9999969787,0.989641754,0.9929455992,0.957242156,0.9885629812,0.985945488,0.999994314,0.9897623768,0.9907447786,0.9628479779,0.9827858094,0.9819858229,0.9997093435,0.9998913646,1.003727664,0.662254137,0.884729717,0.9030196959,0.9453364278,0.658869431,0.8787152876,0.8994241138,0.9453413006,0.9771820638,0.6892002061,0.9998034299,5.982344068e-05,2.229921998e-05,1.265331497e-05,1.063109795e-05,5.690498616e-06,5.353804801e-06,4.434019252e-06,3.299014328e-06,2.619293534e-06
google/mt5-base,10,mean_abs,3,11;475;46,768,847,858,0.805010572,0.2402673356,0.2604297414,0.1302504165,0.05847848064,0.007602397549,0.04108578087,0.02269156338,0.0006735673545,0.02477228462,0.0380231424,604.2834801,34.43310573,49.27134586,243.1355859,313.9551145,178.892439,194.20836,12.60071093,409.658415,0.1948279782,0.1852681669,0.003935089036,0.003195121955,0.01324693309,0.009156016777,0.004908436912,0.004413205907,0.0002130433319,0.005499139623,0.195124276,0.9991720073,0.2438596833,0.005320777831,63.79551604,41.6485103,39.26267532,18.58064464,37.90577603,69.07275918,0.9999999954,0.4415760707,0.4304808901,0.06219531692,0.999970201,0.9715748438,0.9456755368,0.8140852919,0.9124049177,0.9253492423,0.9999405772,0.9677349505,0.9337045849,0.8259798023,0.88796415,0.9269001395,0.9991720166,0.9996475348,1.010000645,0.697302458,0.9041083821,0.9149060028,0.9480320573,0.658869431,0.8787152876,0.8994241138,0.9453413006,0.9771820638,0.6892002061,0.9998034299,5.982344068e-05,2.229921998e-05,1.265331497e-05,1.063109795e-05,5.690498616e-06,5.353804801e-06,4.434019252e-06,3.299014328e-06,2.619293534e-06
google/mt5-base,10,mean_abs,5,11;475;46;580;280,768,847,858,0.9847522509,0.3538463465,0.2687049323,0.2376364759,0.1008713432,0.02185338733,0.05390645044,0.03447125801,0.001394977854,0.03343122067,0.000232682728,37.79378954,0.6027477642,288.8310618,47.40572846,5.81597781,2.156125357,38.86174211,17.58318474,6.909221264,0.01509794333,0.1467340314,0.000872296845,0.2371850094,0.03270754638,0.002147890241,0.0007491616918,0.01118301382,0.003764616684,0.001174498032,0.01540852184,0.9901752192,0.2270884496,0.00119281106,82.90691577,46.45993762,40.570749,23.24434847,43.32897369,83.83735367,0.9999993683,0.1234816985,0.38362151,0.001166434071,0.9995927928,0.8590928523,0.9388751778,0.7704339913,0.9289097593,0.9284337231,0.998827863,0.8802540206,0.9326332147,0.7785428696,0.9307122887,0.9340270197,0.9901764677,0.995573963,1.099391962,0.7309288828,0.9111196713,0.9195810215,0.9500718444,0.658869431,0.8787152876,0.8994241138,0.9453413006,0.9771820638,0.6892002061,0.9998034299,5.982344068e-05,2.229921998e-05,1.265331497e-05,1.063109795e-05,5.690498616e-06,5.353804801e-06,4.434019252e-06,3.299014328e-06,2.619293534e-06
google/mt5-base,10,mean_abs,10,11;475;46;580;280;106;551;610;387;665,768,847,858,0.9960994333,0.4109197151,0.4448319344,0.3704677829,0.1496996413,0.04743161563,0.07774195961,0.1164173725,0.0508951523,0.07104622163,1.529618561e-05,19.2290341,1.265700514,74.34737951,11.78878671,5.458435494,4.955649171,1.142164237,1.172312368,12.52661253,0.003774337027,0.2839041675,0.006965680314,0.2321736318,0.03093072789,0.00766586938,0.006547959685,0.001249882084,0.0009544879698,0.008097682147,0.004051884801,0.9676381195,0.4819447786,0.01254697585,86.41932088,59.5929298,62.28494463,36.00986416,54.91023358,87.86814964,0.9999912142,0.06245396834,0.5402568262,0.07182132745,0.9973062093,0.305129596,0.8405547268,0.6715132367,0.6648458985,0.8159964617,0.9927628248,0.3753686866,0.8013539445,0.6454172333,0.6657275441,0.825493212,0.9676550432,0.9835700458,1.324476796,0.7810178655,0.9296312637,0.9410763732,0.945957523,0.658869431,0.8787152876,0.8994241138,0.9453413006,0.9771820638,0.6892002061,0.9998034299,5.982344068e-05,2.229921998e-05,1.265331497e-05,1.063109795e-05,5.690498616e-06,5.353804801e-06,4.434019252e-06,3.299014328e-06,2.619293534e-06
google/mt5-base,10,variance,1,11,768,847,858,0.360617104,0.08585201403,0.02848033851,0.03569842362,0.03182396234,2.949011392e-05,0.02854593075,0.0002127058874,0.0005346798123,0.002973637545,0.4088129577,518.2543499,461.4377727,1018.146313,1080.244175,2.868450564,1923.374379,18.29579172,59.43470153,410.3235604,0.639197055,0.04848527171,0.01609156577,0.02014698216,0.01795955381,2.552661228e-05,0.0161035583,0.0001268657153,0.0003066336256,0.001680761594,0.6394469344,0.9997093432,0.05303875571,0.01656329399,36.90672145,21.76311956,15.18436249,0.1872657053,4.532616242,43.62973264,0.9999999998,0.7996142168,0.2200651462,0.1267427423,0.9999969787,0.989641754,0.9929455992,0.957242156,0.9885629812,0.985945488,0.999994314,0.9897623768,0.9907447786,0.9628479779,0.9827858094,0.9819858229,0.9997093435,0.9998913646,1.003727664,0.662254137,0.884729717,0.9030196959,0.9453364278,0.658869431,0.8787152876,0.8994241138,0.9453413006,0.9771820638,0.6892002061,0.9998034299,5.982344068e-05,2.229921998e-05,1.265331497e-05,1.063109795e-05,5.690498616e-06,5.353804801e-06,4.434019252e-06,3.299014328e-06,2.619293534e-06
google/mt5-base,10,variance,3,11;475;580,768,847,858,0.8233338678,0.2371912219,0.04131054042,0.1728227879,0.09162678259,0.01121225417,0.03471914257,0.02389862996,0.0006081891641,0.01633711057,0.03121226515,91.21101515,1402.811492,1488.000682,273.4760812,193.8959863,432.4966933,137.0552398,21.77917113,871.3380057,0.1764965347,0.03086135212,0.1769233931,0.1064887483,0.01644348024,0.006240442908,0.01309608838,0.003437078819,0.0004063701715,0.01290824207,0.1768087391,0.9990400117,0.04045752095,0.184547135,65.14541606,31.41207562,29.66535577,8.006215498,28.98822922,68.8920763,0.9999999983,0.4203167039,0.1752210725,0.4207288985,0.999978484,0.9553859854,0.9763840792,0.9556253951,0.9616490639,0.9681255116,0.9999527423,0.9503150284,0.9637517553,0.956556919,0.9478346354,0.9689238024,0.9990400151,0.9996113972,1.011328087,0.6703305371,0.8947950827,0.9104210709,0.9506877422,0.658869431,0.8787152876,0.8994241138,0.9453413006,0.9771820638,0.6892002061,0.9998034299,5.982344068e-05,2.229921998e-05,1.265331497e-05,1.063109795e-05,5.690498616e-06,5.353804801e-06,4.434019252e-06,3.299014328e-06,2.619293534e-06
google/mt5-base,10,variance,5,11;475;580;46;280,768,847,858,0.9847522509,0.3538463465,0.2687049323,0.2376364759,0.1008713432,0.02185338733,0.05390645044,0.03447125801,0.001394977854,0.03343122067,0.000232682728,37.79378954,0.6027477642,288.8310618,47.40572846,5.81597781,2.156125357,38.86174211,17.58318474,6.909221264,0.01509794333,0.1467340314,0.000872296845,0.2371850094,0.03270754638,0.002147890241,0.0007491616918,0.01118301382,0.003764616684,0.001174498032,0.01540852184,0.9901752192,0.2270884496,0.00119281106,82.90691577,46.45993762,40.570749,23.24434847,43.32897369,83.83735367,0.9999993683,0.1234816985,0.38362151,0.001166434071,0.9995927928,0.8590928523,0.9388751778,0.7704339913,0.9289097593,0.9284337231,0.998827863,0.8802540206,0.9326332147,0.7785428696,0.9307122887,0.9340270197,0.9901764677,0.995573963,1.099391962,0.7309288828,0.9111196713,0.9195810215,0.9500718444,0.658869431,0.8787152876,0.8994241138,0.9453413006,0.9771820638,0.6892002061,0.9998034299,5.982344068e-05,2.229921998e-05,1.265331497e-05,1.063109795e-05,5.690498616e-06,5.353804801e-06,4.434019252e-06,3.299014328e-06,2.619293534e-06
google/mt5-base,10,variance,10,11;475;580;46;280;106;551;387;665;409,768,847,858,0.9962791823,0.4225196032,0.2859004,0.3800033571,0.1369389797,0.04387164169,0.05827745768,0.05085101805,0.02256253117,0.05229544048,1.391502323e-05,16.12528777,3.332351996,68.10335998,11.92596858,4.065828282,4.535660608,1.047208488,1.14546,16.32098819,0.003589471191,0.2488919068,0.01917222228,0.2223334318,0.03271174366,0.005969408072,0.00626520083,0.001198016066,0.000974980756,0.01102967042,0.00387586004,0.9646995635,0.430996287,0.02684810673,86.50290256,59.07273732,62.20439089,29.44767267,50.73734415,87.85291432,0.9999912976,0.06099797471,0.5060293177,0.1280383045,0.9974448289,0.3330674806,0.7939306103,0.6180771636,0.639793101,0.7094076851,0.9929784968,0.4025331251,0.7461823272,0.5951228079,0.6544147993,0.7093257195,0.9647162659,0.9826929113,1.350845169,0.7647336808,0.9171527782,0.9390504708,0.9466925642,0.658869431,0.8787152876,0.8994241138,0.9453413006,0.9771820638,0.6892002061,0.9998034299,5.982344068e-05,2.229921998e-05,1.265331497e-05,1.063109795e-05,5.690498616e-06,5.353804801e-06,4.434019252e-06,3.299014328e-06,2.619293534e-06
google/mt5-base,11,mean_abs,1,11,768,847,858,0.3573639827,0.04911105249,0.02905047268,0.002081557447,0.07454453691,0.001837869144,0.02639501895,2.60483718e-05,0.0001785444196,0.0001402357683,0.4129830479,272.9804107,299.5292505,50.37365379,2230.432308,67.59128366,1195.996506,2.517773061,14.30717145,14.12540613,0.6423871749,0.02739040762,0.01619956095,0.001180435268,0.04145374235,0.001036922098,0.01468413188,2.401914949e-05,0.000106705023,8.389187837e-05,0.6427224765,0.9996127786,0.02880505414,0.01668424618,36.71244497,16.58269922,14.60601372,0.04782354302,2.360496141,41.31362284,0.9999999999,0.8016458178,0.1652723482,0.1271063012,0.9999975818,0.9869167136,0.993348584,0.9643707311,0.9918707884,0.9901396306,0.9999952076,0.9863204893,0.9924671666,0.9684685597,0.9903814156,0.9891508711,0.9996127789,0.9998471568,1.004901266,0.6637930967,0.8809111067,0.895340732,0.9394995351,0.6594673554,0.8775615844,0.8908597014,0.9389582215,0.9737890384,0.6878149907,0.9997424303,6.448972134e-05,3.476061825e-05,1.506129141e-05,1.194533089e-05,9.860045597e-06,7.891178241e-06,6.131468908e-06,4.793520292e-06,3.817178446e-06
google/mt5-base,11,mean_abs,3,11;475;46,768,847,858,0.8025463568,0.2485921592,0.2785479613,0.01319129176,0.2212321702,0.02594516829,0.04845407313,0.001457974017,0.005245728755,0.001560699809,0.03898963618,343.3031648,60.9128004,83.53706337,64.57591235,1046.040363,157.5812159,22.72077756,33.93385536,6.405246469,0.197234871,0.112024935,0.01071377328,0.00636631039,0.003903148982,0.05218837322,0.006292057658,0.0007049107173,0.0008230650641,0.0001237156673,0.1976303349,0.9988920328,0.1490867262,0.01485029178,63.61775698,39.47149309,45.28914908,17.2379227,39.7018228,67.61877481,0.9999999967,0.4443575608,0.3346705,0.1030627316,0.999978257,0.9525242664,0.9088393518,0.7060504988,0.8797281054,0.8979779982,0.9999535863,0.9482122332,0.9017613696,0.7167019933,0.8648575996,0.898676552,0.9988920395,0.999507934,1.013158712,0.6970449065,0.9010162056,0.9105314148,0.9431063552,0.6594673554,0.8775615844,0.8908597014,0.9389582215,0.9737890384,0.6878149907,0.9997424303,6.448972134e-05,3.476061825e-05,1.506129141e-05,1.194533089e-05,9.860045597e-06,7.891178241e-06,6.131468908e-06,4.793520292e-06,3.817178446e-06
google/mt5-base,11,mean_abs,5,11;475;46;580;106,768,847,858,0.9853691597,0.2971649697,0.2867818238,0.02362564021,0.2858356656,0.1174638581,0.05088051301,0.01698457662,0.006672051349,0.02736023227,0.0002143153075,46.73769607,4.05064913,34.98998092,251.5291847,77.73476402,45.53276409,32.01537616,2.006313564,31.1109576,0.01442975715,0.2029904032,0.009482652237,0.03549144019,0.2023504959,0.05161927654,0.02419822853,0.01322028583,0.0006476958065,0.007997855393,0.01484849012,0.9862562152,0.2888165706,0.01329558409,83.05261135,50.09339644,55.42454858,19.01244385,44.15530271,84.48595652,0.999999049,0.1209578953,0.4523171031,0.09052415733,0.9994057594,0.7518162591,0.8139093039,0.6050415893,0.7979201587,0.8258148658,0.998270147,0.7451641453,0.7864796934,0.5863108722,0.8193108803,0.8361278285,0.9862580869,0.9935038181,1.137745906,0.7357821215,0.9059916754,0.9247030955,0.9425123986,0.6594673554,0.8775615844,0.8908597014,0.9389582215,0.9737890384,0.6878149907,0.9997424303,6.448972134e-05,3.476061825e-05,1.506129141e-05,1.194533089e-05,9.860045597e-06,7.891178241e-06,6.131468908e-06,4.793520292e-06,3.817178446e-06
google/mt5-base,11,mean_abs,10,11;475;46;580;106;280;551;610;387;407,768,847,858,0.9959391023,0.3684367823,0.4423743898,0.05142326905,0.4399708615,0.223596145,0.1827537759,0.08096859772,0.04744387658,0.07675382633,1.658661385e-05,20.07405861,0.3692687488,6.69407895,67.34765043,22.4353505,2.714549858,1.690063873,2.324767087,17.12413175,0.00388880794,0.3035961952,0.003010236957,0.02364414847,0.1886649695,0.05187790366,0.005023545176,0.002430179119,0.002613392588,0.01532927656,0.004264119467,0.9576227291,0.4807059478,0.005398311882,86.34638232,62.10433083,67.08262341,31.13816669,54.61802783,87.81896551,0.9999886555,0.06372445029,0.5614165842,0.006788396919,0.9970876927,0.3061952782,0.7076224926,0.5310054014,0.6009871953,0.6827302808,0.9925181181,0.3699705206,0.6530242104,0.495141017,0.6116480264,0.6869858434,0.9576443374,0.9780394896,1.42967278,0.7938866882,0.9248084158,0.9398081778,0.9453134466,0.6594673554,0.8775615844,0.8908597014,0.9389582215,0.9737890384,0.6878149907,0.9997424303,6.448972134e-05,3.476061825e-05,1.506129141e-05,1.194533089e-05,9.860045597e-06,7.891178241e-06,6.131468908e-06,4.793520292e-06,3.817178446e-06
google/mt5-base,11,variance,1,11,768,847,858,0.3573639827,0.04911105249,0.02905047268,0.002081557447,0.07454453691,0.001837869144,0.02639501895,2.60483718e-05,0.0001785444196,0.0001402357683,0.4129830479,272.9804107,299.5292505,50.37365379,2230.432308,67.59128366,1195.996506,2.517773061,14.30717145,14.12540613,0.6423871749,0.02739040762,0.01619956095,0.001180435268,0.04145374235,0.001036922098,0.01468413188,2.401914949e-05,0.000106705023,8.389187837e-05,0.6427224765,0.9996127786,0.02880505414,0.01668424618,36.71244497,16.58269922,14.60601372,0.04782354302,2.360496141,41.31362284,0.9999999999,0.8016458178,0.1652723482,0.1271063012,0.9999975818,0.9869167136,0.993348584,0.9643707311,0.9918707884,0.9901396306,0.9999952076,0.9863204893,0.9924671666,0.9684685597,0.9903814156,0.9891508711,0.9996127789,0.9998471568,1.004901266,0.6637930967,0.8809111067,0.895340732,0.9394995351,0.6594673554,0.8775615844,0.8908597014,0.9389582215,0.9737890384,0.6878149907,0.9997424303,6.448972134e-05,3.476061825e-05,1.506129141e-05,1.194533089e-05,9.860045597e-06,7.891178241e-06,6.131468908e-06,4.793520292e-06,3.817178446e-06
google/mt5-base,11,variance,3,11;475;580,768,847,858,0.821102752,0.1559575995,0.04425703975,0.007259926814,0.2513719726,0.08681986905,0.02838667565,0.001068262732,0.005041942716,0.0009346954687,0.03200631428,125.1762271,986.0438552,261.5518822,1241.963978,644.2764806,718.5262193,17.58871358,36.94009497,20.85368699,0.1786683408,0.04507504532,0.1913848418,0.02199600833,0.08283826579,0.0354711293,0.03165980881,0.0006021745844,0.000988726996,0.0004444768313,0.1790919996,0.998720454,0.05340376893,0.2002471897,64.97823793,27.17886866,31.83960502,5.791280562,22.68963631,69.24313793,0.9999999963,0.4229624649,0.2118854027,0.43761888,0.9999673589,0.9467872021,0.9771641332,0.9000620455,0.9616559664,0.9662742188,0.9999273234,0.9406005676,0.9724143774,0.9080895251,0.9490036285,0.9674606687,0.9987204614,0.999457479,1.014880548,0.6717194071,0.8923456798,0.9020767156,0.9443478851,0.6594673554,0.8775615844,0.8908597014,0.9389582215,0.9737890384,0.6878149907,0.9997424303,6.448972134e-05,3.476061825e-05,1.506129141e-05,1.194533089e-05,9.860045597e-06,7.891178241e-06,6.131468908e-06,4.793520292e-06,3.817178446e-06
google/mt5-base,11,variance,5,11;475;580;46;106,768,847,858,0.9853691597,0.2971649697,0.2867818238,0.02362564021,0.2858356656,0.1174638581,0.05088051301,0.01698457662,0.006672051349,0.02736023227,0.0002143153075,46.73769607,4.05064913,34.98998092,251.5291847,77.73476402,45.53276409,32.01537616,2.006313564,31.1109576,0.01442975715,0.2029904032,0.009482652237,0.03549144019,0.2023504959,0.05161927654,0.02419822853,0.01322028583,0.0006476958065,0.007997855393,0.01484849012,0.9862562152,0.2888165706,0.01329558409,83.05261135,50.09339644,55.42454858,19.01244385,44.15530271,84.48595652,0.999999049,0.1209578953,0.4523171031,0.09052415733,0.9994057594,0.7518162591,0.8139093039,0.6050415893,0.7979201587,0.8258148658,0.998270147,0.7451641453,0.7864796934,0.5863108722,0.8193108803,0.8361278285,0.9862580869,0.9935038181,1.137745906,0.7357821215,0.9059916754,0.9247030955,0.9425123986,0.6594673554,0.8775615844,0.8908597014,0.9389582215,0.9737890384,0.6878149907,0.9997424303,6.448972134e-05,3.476061825e-05,1.506129141e-05,1.194533089e-05,9.860045597e-06,7.891178241e-06,6.131468908e-06,4.793520292e-06,3.817178446e-06
google/mt5-base,11,variance,10,11;475;580;46;106;280;551;387;665;702,768,847,858,0.9965087082,0.3727908277,0.356566159,0.1114427931,0.4407342149,0.1629798545,0.07625127172,0.08143991638,0.01533350521,0.2099534874,1.227094131e-05,17.43828594,0.7156207124,3.78778731,51.36800739,22.52577157,2.340436541,5.994040375,1.030976189,2.278140401,0.003317805493,0.3041439721,0.006727524879,0.01542882007,0.1659494518,0.06006804776,0.004994863699,0.0099396047,0.001336558967,0.002351840513,0.003697558737,0.9503088619,0.4849163333,0.01045565908,86.61263166,63.02074046,76.08306353,27.36930752,56.18057357,88.34356975,0.9999854821,0.05908629606,0.5637977368,0.04824712798,0.9966315554,0.2413263506,0.6588699499,0.4845906894,0.3748634748,0.3475856847,0.9911203831,0.3108530644,0.5985713196,0.4640657313,0.3996328284,0.3688354725,0.9503362771,0.9746832304,1.506064412,0.7751455903,0.9136244164,0.9362154047,0.9388469108,0.6594673554,0.8775615844,0.8908597014,0.9389582215,0.9737890384,0.6878149907,0.9997424303,6.448972134e-05,3.476061825e-05,1.506129141e-05,1.194533089e-05,9.860045597e-06,7.891178241e-06,6.131468908e-06,4.793520292e-06,3.817178446e-06
google/mt5-base,12,mean_abs,1,551,768,847,858,0.02713183129,0.1817364238,0.004098420009,0.003086044199,0.004470629084,0.01317264183,0.00212439302,0.002434899898,0.004912789828,0.001082456567,0.94861398,0.6878629858,0.9934169396,0.995331622,0.9940503408,0.9827231626,0.9977711763,0.9979649425,0.9970716283,0.9993998002,0.2108524988,0.05740771694,0.05947723427,0.04815625472,0.03502036046,0.03365256438,0.02473828145,0.02020830025,0.01674280414,0.01629903659,0.9769682248,0.2167328582,0.07015797674,0.05972200011,9.690242217,28.35472975,13.16044679,0.2802043549,1.624798534,27.95058825,0.9993829232,0.9857321495,0.1023769982,0.01306508399,0.9978267309,0.9990657828,0.9690889706,0.9616951209,0.9787356509,0.9264109551,0.9982977893,0.9990881656,0.9607526767,0.96130999,0.9827588268,0.9176044633,0.2169186065,0.5396378842,60.90983201,0.8423120393,0.9401612171,0.94887102,0.9511477521,0.8375412699,0.9392198939,0.94637869,0.95030785,0.9723860391,0.9121345755,0.2171549185,0.0815358821,0.05849242716,0.04726779462,0.03441855808,0.03345549117,0.0242225026,0.01978312702,0.01640522824,0.01593320395
google/mt5-base,12,mean_abs,3,551;11;106,768,847,858,0.05892163519,0.2946239119,0.01587149476,0.003615924577,0.03104748485,0.06694737081,0.006855001536,0.006923979497,0.07837222908,0.01664838674,0.8934271893,0.5601119075,0.9761684041,0.9936920536,0.9696257785,0.9405130878,0.9903423085,0.9873801949,0.967890471,0.9725585486,0.2034689318,0.04789529462,0.0598816363,0.04925909474,0.0349998429,0.03299905653,0.02515785524,0.02048559681,0.01665243552,0.01625130124,0.9535220278,0.216208277,0.0679003661,0.0608473751,14.40021542,50.0346509,42.71709256,2.987550434,4.829282089,38.844159,0.9984437453,0.9685822261,0.1784630287,0.02840648476,0.9929294195,0.9979181251,0.7375008818,0.8327096398,0.7585311404,0.1882908735,0.9947853236,0.9981430648,0.7245233112,0.8209242558,0.7659618712,0.1555752765,0.2167081145,0.5319242941,62.44831191,0.8462300526,0.9401854508,0.9530195308,0.9528032472,0.8375412699,0.9392198939,0.94637869,0.95030785,0.9723860391,0.9121345755,0.2171549185,0.0815358821,0.05849242716,0.04726779462,0.03441855808,0.03345549117,0.0242225026,0.01978312702,0.01640522824,0.01593320395
google/mt5-base,12,mean_abs,5,551;11;106;255;280,768,847,858,0.2005748609,0.4313744914,0.04127156752,0.04015867931,0.05377267117,0.07520938989,0.01233346155,0.01684283086,0.1500922582,0.02507803471,0.6512296086,0.3966364253,0.9230772723,0.9381688875,0.9140179019,0.8997256316,0.9782694199,0.988653093,0.8282157838,0.9834845475,0.1570086062,0.03590550336,0.05994560547,0.04923410147,0.03492746163,0.03341928495,0.02630856374,0.02171493426,0.01508500401,0.01739763864,0.9007003881,0.1964018875,0.06314437677,0.06252615803,26.92352927,89.38697947,88.0170715,12.85561092,22.27417017,56.80507315,0.9972104865,0.8916116561,0.2209322683,0.007291138933,0.9857655378,0.9961208047,0.01284959339,-0.09152016524,0.0377716551,-0.3686899165,0.9894067986,0.995996858,-0.06200649254,-0.08097280333,-0.001854358434,-0.4371784814,0.1972393365,0.5120521836,68.83511562,0.8528362034,0.9438415541,0.9466841671,0.9569983169,0.8375412699,0.9392198939,0.94637869,0.95030785,0.9723860391,0.9121345755,0.2171549185,0.0815358821,0.05849242716,0.04726779462,0.03441855808,0.03345549117,0.0242225026,0.01978312702,0.01640522824,0.01593320395
google/mt5-base,12,mean_abs,10,551;11;106;255;280;618;544;407;288;610,768,847,858,0.2463634327,0.445043207,0.1105013834,0.1115377912,0.1831651214,0.1106750223,0.02538035706,0.06271842945,0.2313045528,0.03538866223,0.5811175951,0.3817986863,0.8016911238,0.8192898475,0.694523595,0.8463667349,0.9544232299,0.8993509063,0.6536908058,0.9521856401,0.1454463878,0.03588000114,0.05404754384,0.04463465244,0.027551733,0.03263587344,0.02664583025,0.02050658585,0.01236015446,0.01748614145,0.8676223993,0.1929927423,0.06465368401,0.06076180765,30.09688243,88.66962531,89.5479723,19.04388119,25.6474996,55.94000255,0.9966090837,0.8651787074,0.2310489249,0.04817635238,0.9827128812,0.9956469026,0.02889639304,0.1080976719,0.00872075401,0.3687598258,0.9871649691,0.9954241093,0.09273755455,0.1192693538,0.05773400995,0.4433601277,0.1939980045,0.5020791922,71.38497276,0.8604967001,0.9460743648,0.9476154683,0.9585673155,0.8375412699,0.9392198939,0.94637869,0.95030785,0.9723860391,0.9121345755,0.2171549185,0.0815358821,0.05849242716,0.04726779462,0.03441855808,0.03345549117,0.0242225026,0.01978312702,0.01640522824,0.01593320395
google/mt5-base,12,variance,1,280,768,847,858,0.1266383782,0.02975814188,0.009860900886,0.03085175231,0.02271817625,0.00709999527,0.001372644784,0.009909255576,0.003166025395,0.007340702338,0.7678297955,0.9536929814,0.9863797257,0.9619195535,0.9784528919,0.9934809123,0.9993056874,0.9983102327,1.000652745,1.001993222,0.172999339,0.08068023846,0.05986232668,0.04717521688,0.03494156929,0.03448551772,0.02511465306,0.02049133601,0.01703238561,0.01656447637,0.9638072467,0.19808443,0.0831547699,0.06045850197,21.03671467,12.34227837,8.715205073,0.3442797179,4.03009491,24.36147851,0.9987292218,0.9333505956,0.1068927433,0.05085083505,0.9945883329,0.9962004499,0.9926177786,0.9886148181,0.9934840018,0.964849116,0.9949556727,0.9958212356,0.990602687,0.9899581186,0.9947914133,0.9714311712,0.1984185996,0.535899892,63.19850998,0.8442176647,0.9406877547,0.9467099847,0.9510357968,0.8375412699,0.9392198939,0.94637869,0.95030785,0.9723860391,0.9121345755,0.2171549185,0.0815358821,0.05849242716,0.04726779462,0.03441855808,0.03345549117,0.0242225026,0.01978312702,0.01640522824,0.01593320395
google/mt5-base,12,variance,3,280;551;255,768,847,858,0.168785057,0.3184870033,0.02949849277,0.03962879893,0.02719581541,0.02143466092,0.007602853032,0.01235375126,0.07663281894,0.009512104535,0.6968911873,0.4938404131,0.9461703146,0.9377336067,0.9628014628,0.9629058436,0.9870852266,0.9879571169,0.9011525196,1.005462881,0.1637547023,0.04357070009,0.05988638502,0.04796273692,0.0358582054,0.0348586344,0.02587216666,0.02114911362,0.01599704311,0.01733517756,0.9241465851,0.1970064467,0.06393230989,0.06170663783,24.4550089,62.14572298,58.80993994,11.32096246,21.08266588,39.20903355,0.9984388944,0.9102866252,0.1428380613,0.01093978918,0.9930303135,0.9967570582,0.5524467201,0.7463554945,0.5359358665,0.4689426406,0.9942747022,0.9964656277,0.4405829168,0.7443887584,0.6269283005,0.5502206399,0.1974513551,0.5204972597,67.02109301,0.8481312144,0.9437865296,0.9441220822,0.9537120449,0.8375412699,0.9392198939,0.94637869,0.95030785,0.9723860391,0.9121345755,0.2171549185,0.0815358821,0.05849242716,0.04726779462,0.03441855808,0.03345549117,0.0242225026,0.01978312702,0.01640522824,0.01593320395
google/mt5-base,12,variance,5,280;551;255;106;610,768,847,858,0.2188904203,0.3760200853,0.0357374333,0.04197154007,0.05511712857,0.07340137834,0.01227593669,0.04385657299,0.1946986602,0.01755736799,0.6180739734,0.4355443946,0.9348712772,0.9312304395,0.9051682946,0.8903471327,0.9802639831,0.9290065206,0.6827735023,0.9772769006,0.1491126768,0.03945350967,0.06075134532,0.04890203626,0.03461198013,0.03309262475,0.02637949622,0.02041823236,0.01244409664,0.01729916691,0.9001099448,0.1908985381,0.06322881353,0.06300290753,28.17096492,78.19497139,79.11070469,12.13666197,24.55563603,47.43289151,0.9974414786,0.8815428076,0.1875352491,0.01439274562,0.9891697091,0.9969839277,0.2440609489,0.2939839621,0.2019656027,0.4050120576,0.9917357296,0.9967645505,0.139821046,0.3174925373,0.2768891944,0.4793315622,0.1916105008,0.5116638213,69.43054474,0.8547360419,0.9438609356,0.9448330063,0.9561153985,0.8375412699,0.9392198939,0.94637869,0.95030785,0.9723860391,0.9121345755,0.2171549185,0.0815358821,0.05849242716,0.04726779462,0.03441855808,0.03345549117,0.0242225026,0.01978312702,0.01640522824,0.01593320395
google/mt5-base,12,variance,10,280;551;255;106;610;11;618;702;691;407,768,847,858,0.2644355377,0.4437294028,0.07975524439,0.1397714235,0.203804864,0.1402308092,0.04577674824,0.07645289735,0.2328684822,0.05432570717,0.553409749,0.382018183,0.8538021438,0.7604350993,0.6685867768,0.7811635015,0.9205691881,0.8803542046,0.6504149592,0.9366859327,0.1398134127,0.03623807915,0.05810175416,0.04181767228,0.02677212325,0.03040476942,0.02594225994,0.02026211346,0.01241381185,0.01736318825,0.8595430624,0.1900763562,0.06514469636,0.06313728365,31.27900174,84.87782406,81.46869575,16.9227836,26.14359006,53.75324434,0.996500466,0.8546491707,0.2329853518,0.01445814278,0.9827188929,0.99510084,0.1090804285,0.2285853038,0.1652448005,0.4096116148,0.9872784432,0.9951598588,0.02241669748,0.2026423268,0.2247368182,0.4808957491,0.1910817329,0.5003519286,72.14890357,0.8593142493,0.9476344909,0.9473854988,0.9581588379,0.8375412699,0.9392198939,0.94637869,0.95030785,0.9723860391,0.9121345755,0.2171549185,0.0815358821,0.05849242716,0.04726779462,0.03441855808,0.03345549117,0.0242225026,0.01978312702,0.01640522824,0.01593320395
sentence-transformers/LaBSE,1,mean_abs,1,622,768,847,858,0.0337706963,0.03795791265,0.02674073896,0.1978152554,0.004352491911,0.2148023549,0.08278297912,0.04680983616,0.04000105425,4.618054012e-06,0.9366826682,0.9363256294,0.9577246965,0.7558331787,0.9957185927,0.8330187261,0.9497145482,0.9919343458,1.006564095,1.000003,0.2543775696,0.09862174284,0.07763064298,0.03353155324,0.03327955526,0.02314391328,0.02316619651,0.01843555036,0.01579941365,0.01282066372,0.9671474445,0.2632683242,0.1025129193,0.07976358005,10.67427328,12.77376065,12.18109436,0.09450904676,1.76951548,18.65197226,0.9997216899,0.9826960648,0.05404521757,0.03932319831,0.9978740698,0.9991336383,0.9895026831,0.992292264,0.9882614678,0.991899666,0.9975072139,0.9988824115,0.9914483443,0.9937982152,0.9863382151,0.9894546766,0.2633742356,0.6035216001,46.10799563,0.8043700005,0.8874879865,0.9152881372,0.9307646872,0.8056922765,0.8863162046,0.9154923349,0.9288351709,0.9767213248,0.8796783007,0.2626509753,0.1018681574,0.07839442613,0.04290623505,0.03232463174,0.02687043625,0.02359143365,0.01797487455,0.01518071488,0.01239943496
sentence-transformers/LaBSE,1,mean_abs,3,622;7;526,768,847,858,0.08710859765,0.04765180337,0.4337526073,0.3128576965,0.08603802857,0.2360438948,0.123146889,0.07479070435,0.1614339617,0.002181575794,0.8397061091,0.9181436838,0.3493648664,0.6486552835,0.9062921553,0.7742575397,0.8546481491,0.9255485735,0.8322914089,0.9988192237,0.2430550072,0.1030735759,0.0301830175,0.03067133005,0.03228494482,0.02292758977,0.02221978908,0.01833425746,0.01392405971,0.01364856615,0.9074062331,0.2662474491,0.1082309772,0.0533035876,17.31368097,13.61799529,43.80825256,8.349352874,18.57968468,43.88187907,0.9992006514,0.9546897657,0.06588135465,0.08804434632,0.9948079167,0.9934841778,0.9920578312,0.9930752677,0.9388031239,0.9637682078,0.9944872549,0.9933793927,0.9939694284,0.9947203278,0.9264856589,0.9533747794,0.2665774001,0.5815050014,49.49421994,0.7931743928,0.8954486852,0.9343860868,0.9360404049,0.8056922765,0.8863162046,0.9154923349,0.9288351709,0.9767213248,0.8796783007,0.2626509753,0.1018681574,0.07839442613,0.04290623505,0.03232463174,0.02687043625,0.02359143365,0.01797487455,0.01518071488,0.01239943496
sentence-transformers/LaBSE,1,mean_abs,5,622;7;526;139;501,768,847,858,0.1568014195,0.06935481925,0.5203716641,0.3602514236,0.08834565457,0.4205967619,0.2134079569,0.1032136989,0.2143618498,0.02761369877,0.7182335236,0.8883882707,0.2431279348,0.6247844879,0.9053025243,0.5351194322,0.7665328459,0.9426541086,0.8264645149,0.999660756,0.2173105242,0.1042503054,0.02195614629,0.03088067008,0.03371035971,0.0165638584,0.02083153019,0.0195188534,0.01445281702,0.01427876373,0.8680883552,0.2577216437,0.11201939,0.0457774169,23.59836127,17.54586244,51.84678919,8.530541426,26.84037253,51.92234764,0.997947996,0.9163741797,0.1431085389,0.007924624352,0.9916061963,0.9909750071,0.9901375404,0.9899029462,0.8447750106,0.8513810481,0.9899564881,0.9898440704,0.9918024694,0.9915195507,0.7959312844,0.7922542599,0.2583939322,0.5701330741,52.1066746,0.7942231688,0.9006342426,0.9366186484,0.9414077752,0.8056922765,0.8863162046,0.9154923349,0.9288351709,0.9767213248,0.8796783007,0.2626509753,0.1018681574,0.07839442613,0.04290623505,0.03232463174,0.02687043625,0.02359143365,0.01797487455,0.01518071488,0.01239943496
sentence-transformers/LaBSE,1,mean_abs,10,622;7;526;139;501;725;593;489;290;607,768,847,858,0.567373415,0.2186244619,0.5426544908,0.4609702133,0.1154496981,0.4748251088,0.22603792,0.1712491585,0.2664646024,0.03559244228,0.2211930409,0.8094977071,0.2422584947,0.3906091776,0.8365182151,0.6614166037,0.7626010572,0.8850636179,0.8528828897,0.9712344363,0.07937557846,0.1126653836,0.02594780502,0.022898091,0.03694412749,0.02428209963,0.02458035569,0.02173585774,0.01768960158,0.01645365526,0.7319199311,0.1834736496,0.1441885216,0.05673567249,51.96902745,55.71436773,59.49096547,15.56967215,50.64608707,62.59175629,0.9366680332,0.6160873626,0.6621863663,0.07908078367,0.8269569888,0.8108535869,0.7604596981,0.7647303018,0.7067131596,0.7044732939,0.7984653489,0.7880017052,0.8186341444,0.8261627772,0.6237589284,0.6015743473,0.1991747136,0.4979903141,73.59505615,0.787792196,0.9284027042,0.9442974408,0.9489112502,0.8056922765,0.8863162046,0.9154923349,0.9288351709,0.9767213248,0.8796783007,0.2626509753,0.1018681574,0.07839442613,0.04290623505,0.03232463174,0.02687043625,0.02359143365,0.01797487455,0.01518071488,0.01239943496
sentence-transformers/LaBSE,1,variance,1,489,768,847,858,0.3945491278,0.1085888951,0.01733179041,0.07319812166,0.02175241155,0.04737429944,0.009077091021,0.03965509891,0.03309795372,0.006314078596,0.3955058793,0.9138207084,0.9925056659,1.063255696,1.039192829,1.121915741,1.029129546,1.191804164,1.201738369,1.049950673,0.1184345169,0.1061318605,0.08870835203,0.05201210814,0.03829799679,0.03437013913,0.02768029485,0.02442401723,0.02079928866,0.01484284398,0.8771092048,0.1956137522,0.1190605096,0.09027294377,40.72482259,43.14949848,36.95690025,0.1519437502,4.55607359,46.99482653,0.9739682612,0.7578517526,0.4542069516,0.138225668,0.9234025406,0.9111996023,0.7923266264,0.7875694886,0.8282334244,0.836696918,0.9080106247,0.8973733479,0.8418325675,0.834907838,0.7910443228,0.7741507517,0.2017027119,0.5620981572,58.58580298,0.8018861087,0.8987070805,0.9252751452,0.9326785795,0.8056922765,0.8863162046,0.9154923349,0.9288351709,0.9767213248,0.8796783007,0.2626509753,0.1018681574,0.07839442613,0.04290623505,0.03232463174,0.02687043625,0.02359143365,0.01797487455,0.01518071488,0.01239943496
sentence-transformers/LaBSE,1,variance,3,489;7;622,768,847,858,0.4768508371,0.1492323257,0.3423942704,0.296156809,0.06846246252,0.2800184073,0.09267581846,0.09302987453,0.1073097772,0.006743190716,0.3141630472,0.8990327596,0.5535237316,0.5578197125,0.9126744433,1.061177452,0.9134598681,1.102163151,1.239838957,1.060414292,0.1026601864,0.1139414909,0.05398702062,0.029777086,0.03670433884,0.03547567448,0.02681092117,0.02464788647,0.02341668596,0.01635857229,0.8037705134,0.1962350199,0.1339278563,0.08209633554,46.01038599,45.89818962,53.02998435,4.72040792,32.10859287,57.88935598,0.9602337571,0.6945279646,0.5622531429,0.2575721874,0.8738438919,0.8364969261,0.8022158407,0.7931607901,0.7991203256,0.7909693116,0.8515701874,0.8217531426,0.8509679772,0.8398789361,0.7404527008,0.7151707119,0.2064232978,0.5291353622,65.22644503,0.7875998055,0.9111726183,0.9404741748,0.9395017498,0.8056922765,0.8863162046,0.9154923349,0.9288351709,0.9767213248,0.8796783007,0.2626509753,0.1018681574,0.07839442613,0.04290623505,0.03232463174,0.02687043625,0.02359143365,0.01797487455,0.01518071488,0.01239943496
sentence-transformers/LaBSE,1,variance,5,489;7;622;160;139,768,847,858,0.5609410577,0.1709426626,0.5861223315,0.3762106239,0.1884567501,0.453468385,0.1341644414,0.1289683081,0.1531227174,0.03652611007,0.234316788,0.8963063883,0.3166889412,0.4852066696,0.8621620399,0.5065298622,0.8856081896,0.9336851459,0.9743424715,0.9682838999,0.08269085108,0.1226789304,0.03335747137,0.02797191554,0.03744531789,0.01828751983,0.02807184753,0.02254973052,0.01987370761,0.01613168169,0.7442604847,0.1883365606,0.1479739999,0.08059741781,51.65885967,54.48146773,70.56618239,7.897126467,46.43321032,70.82114975,0.9362030039,0.6203423682,0.674690513,0.2464327461,0.813961824,0.7734174986,0.7489719656,0.7752525977,0.4848760375,0.5093986916,0.782712119,0.7506428461,0.8142651429,0.8314660645,0.3735185128,0.4048296293,0.2049787645,0.4990223323,71.85204961,0.7751696205,0.9284039476,0.9482124555,0.964658809,0.8056922765,0.8863162046,0.9154923349,0.9288351709,0.9767213248,0.8796783007,0.2626509753,0.1018681574,0.07839442613,0.04290623505,0.03232463174,0.02687043625,0.02359143365,0.01797487455,0.01518071488,0.01239943496
sentence-transformers/LaBSE,1,variance,10,489;7;622;160;139;526;533;158;80;116,768,847,858,0.6284983782,0.1954872063,0.865892256,0.6216902206,0.438996277,0.5728939638,0.2107502728,0.3083598011,0.36642325,0.07361210351,0.1783836131,0.8921686819,0.05305694908,0.2084985253,0.4370559912,0.2949053551,0.8298196583,0.6072581596,0.5729448406,0.9322447652,0.07043508791,0.1366282518,0.006252915294,0.01344864353,0.0212385934,0.01191276194,0.029430195,0.01640946092,0.01307555475,0.01737748551,0.6651887767,0.1895956404,0.1698273202,0.04662605684,55.99044873,61.53052173,81.39251066,10.93005089,60.75184628,82.60846047,0.9176743829,0.5593310971,0.7541753361,0.117809332,0.7611129622,0.7343183987,0.723215778,0.7532779359,0.2521938072,0.2683319138,0.7236367643,0.7048677527,0.769133496,0.7997990127,0.1482319207,0.1792165518,0.2132425165,0.459084942,80.11872471,0.7896344524,0.956566561,0.9633845935,0.9746275349,0.8056922765,0.8863162046,0.9154923349,0.9288351709,0.9767213248,0.8796783007,0.2626509753,0.1018681574,0.07839442613,0.04290623505,0.03232463174,0.02687043625,0.02359143365,0.01797487455,0.01518071488,0.01239943496
sentence-transformers/LaBSE,2,mean_abs,1,501,768,847,858,0.0131753119,0.05060828956,0.001907797417,0.0319430222,0.1074177724,0.07049184001,0.004015160115,0.0007438808883,0.04625853673,0.1288387619,0.9743904409,0.9109782041,0.9967194894,0.9498572647,0.8434660848,0.9140042295,0.9954810646,0.999283668,0.9581045751,0.9191416105,0.3378071773,0.07372022656,0.06929695054,0.0430500976,0.03030359644,0.02284814489,0.02219670679,0.01879000424,0.01707259831,0.01305962816,0.9808731286,0.3423173146,0.07764995812,0.06942940778,6.607744103,14.15051874,5.216756957,0.05301065262,1.375071487,15.2641792,0.9999664989,0.9933572216,0.03239050103,0.006026099116,0.9996473161,0.9999205325,0.9902821956,0.9945131675,0.9969036194,0.9968439708,0.9996121109,0.9999118848,0.9892541519,0.9933535737,0.9974708207,0.9974238565,0.3423364605,0.6608663685,32.55491667,0.8316135267,0.9005995251,0.9067088116,0.9225205303,0.8334551477,0.8987662281,0.9064345117,0.9218322697,0.9787282823,0.8658755828,0.340054632,0.07937642079,0.06819523185,0.04445582035,0.0352402829,0.02451972391,0.02187098681,0.01844382214,0.01747831432,0.01393674074
sentence-transformers/LaBSE,2,mean_abs,3,501;622;653,768,847,858,0.07596542101,0.07465543722,0.003175118506,0.09717466012,0.153693455,0.1313563755,0.008500769932,0.002703817678,0.08334837628,0.1932550405,0.8581629064,0.8908431118,0.9957252087,0.9088132403,0.8764955782,0.9755763089,1.001133106,1.00137949,1.050102247,1.202910722,0.3074543847,0.07449978098,0.07154112581,0.04256626378,0.03254253446,0.02520223626,0.02306866484,0.01945861275,0.01933719117,0.01766269114,0.9491563167,0.3327303888,0.08051031364,0.0717690009,16.0357074,18.15094867,7.936179014,0.3858521292,6.59530396,22.54597459,0.9998154054,0.9610897289,0.08141662222,0.01680446978,0.9971411272,0.999142683,0.9772382069,0.9859116392,0.9921464346,0.9923290749,0.9968799456,0.9991810874,0.9747291375,0.9828605722,0.9935557869,0.9937138048,0.3328323767,0.656297235,33.84966378,0.8307487716,0.9014311147,0.9074108518,0.924076083,0.8334551477,0.8987662281,0.9064345117,0.9218322697,0.9787282823,0.8658755828,0.340054632,0.07937642079,0.06819523185,0.04445582035,0.0352402829,0.02451972391,0.02187098681,0.01844382214,0.01747831432,0.01393674074
sentence-transformers/LaBSE,2,mean_abs,5,501;622;653;526;7,768,847,858,0.1647499229,0.4620408979,0.05266452472,0.2038061368,0.154835231,0.135229923,0.07384881633,0.08420900692,0.1993229073,0.2272726641,0.7050142751,0.3359592991,0.9306624393,0.8466329761,0.8628817366,0.9687928617,0.9750498987,1.032322992,0.7747738281,0.9930963863,0.2746590568,0.03055100472,0.07270989469,0.04311924299,0.03483677808,0.0272140905,0.02443107286,0.0218129219,0.01551392922,0.01585623017,0.8728762585,0.3288345184,0.05679057125,0.07675200241,24.03590447,82.88068012,82.00170316,8.828486433,25.41549038,45.39763567,0.9993109095,0.9132903963,0.1011034894,0.09175749894,0.9934896886,0.9956459942,0.1362051344,0.1054673843,0.1706515302,0.1525838552,0.9934073345,0.9965215974,0.159764822,0.1485585498,0.1169008561,0.07793372266,0.3292206496,0.6304867802,37.31261485,0.8239362198,0.9126442206,0.9269212627,0.9280451029,0.8334551477,0.8987662281,0.9064345117,0.9218322697,0.9787282823,0.8658755828,0.340054632,0.07937642079,0.06819523185,0.04445582035,0.0352402829,0.02451972391,0.02187098681,0.01844382214,0.01747831432,0.01393674074
sentence-transformers/LaBSE,2,mean_abs,10,501;622;653;526;7;139;489;122;160;533,768,847,858,0.7336986775,0.6661473988,0.3642649741,0.5311384045,0.3083436212,0.2891862382,0.1252689193,0.2264635026,0.5082804611,0.3269074266,0.08409197415,0.2118438897,0.7131806734,0.3985973202,0.6236910735,0.7476514533,0.9981865469,0.8001790424,0.4920570032,0.7823523411,0.04758513152,0.02798178948,0.08093224859,0.02948703018,0.0365743777,0.03050582598,0.03632855485,0.0245587427,0.01431142877,0.01814394156,0.600941185,0.1786890545,0.08381480143,0.1273050018,60.44457473,84.75169608,86.79115017,27.62794667,65.93557938,85.76712097,0.9558590976,0.4932652712,0.3036395101,0.5624180636,0.8522225628,0.872959498,0.1239508189,0.1964378927,0.08324600037,0.07328049613,0.8268580288,0.8490796006,0.182732103,0.2653603082,0.08893614236,0.07523302479,0.1895709336,0.4989000092,71.97864557,0.801240677,0.9351939798,0.9484123929,0.9710431154,0.8334551477,0.8987662281,0.9064345117,0.9218322697,0.9787282823,0.8658755828,0.340054632,0.07937642079,0.06819523185,0.04445582035,0.0352402829,0.02451972391,0.02187098681,0.01844382214,0.01747831432,0.01393674074
sentence-transformers/LaBSE,2,variance,1,489,768,847,858,0.4641695586,0.003655532569,0.145220706,0.1167585201,0.01146585277,0.000530252291,0.01635216244,0.004294884463,0.04224261258,0.001086796157,0.3107019936,1.000753924,1.08248159,1.226426571,1.034046873,1.002726638,1.098229379,1.032190041,1.338763699,1.011482659,0.1280866444,0.09630080712,0.08949229441,0.06609693079,0.04417644107,0.02980638051,0.02911873803,0.02307925064,0.02836707693,0.01708955587,0.8248764154,0.2390432393,0.09665412944,0.1046963761,43.36282038,6.830796371,40.62283655,0.05584859736,11.71988104,53.93210124,0.9931912621,0.7270203737,0.07563200234,0.4360690957,0.9494677164,0.9708975926,0.994130937,0.9955498196,0.8293043021,0.8172516297,0.9440231185,0.9687038184,0.9934733274,0.9947213538,0.8531304007,0.8343626752,0.2417088579,0.5956336994,47.73290937,0.8298962647,0.9013517354,0.9090094619,0.9302205281,0.8334551477,0.8987662281,0.9064345117,0.9218322697,0.9787282823,0.8658755828,0.340054632,0.07937642079,0.06819523185,0.04445582035,0.0352402829,0.02451972391,0.02187098681,0.01844382214,0.01747831432,0.01393674074
sentence-transformers/LaBSE,2,variance,3,489;7;622,768,847,858,0.6139220903,0.286276687,0.176167101,0.2068995705,0.05686282762,0.05409273786,0.03050516985,0.05290211182,0.1088877066,0.06476424526,0.169684985,0.6270256686,0.9034531676,0.7948423643,1.043667509,0.9640957788,1.229148967,1.217566891,1.331036987,0.9454120632,0.07817857524,0.06743299888,0.08347478272,0.04787461313,0.04983072337,0.03202811647,0.03642239845,0.03042561726,0.03151993485,0.01785163517,0.7380815646,0.2024942979,0.09448058884,0.1013248959,52.41267759,72.35323503,78.72475126,15.83472803,35.50057468,59.8417154,0.9816821336,0.6099698425,0.3458605318,0.4238600657,0.9080278719,0.9167918912,0.3593754197,0.4053122331,0.222419604,0.2621080913,0.8986505182,0.9092901182,0.282249693,0.3120971071,0.3106688128,0.3616128588,0.2079039331,0.5553241129,57.97760959,0.8217707894,0.912971255,0.9275227342,0.9364792277,0.8334551477,0.8987662281,0.9064345117,0.9218322697,0.9787282823,0.8658755828,0.340054632,0.07937642079,0.06819523185,0.04445582035,0.0352402829,0.02451972391,0.02187098681,0.01844382214,0.01747831432,0.01393674074
sentence-transformers/LaBSE,2,variance,5,489;7;622;139;160,768,847,858,0.664542841,0.4833890586,0.2974103698,0.3192804487,0.1458368835,0.140177897,0.03280433938,0.08818546434,0.1488194262,0.1402561891,0.1295044602,0.4218887499,0.8005419239,0.5801083309,0.7910794282,0.7968093127,1.20289842,1.066555784,1.119399449,0.8518903119,0.06457845021,0.04910702833,0.08005570532,0.03781742276,0.04088026237,0.02864997018,0.03857905013,0.02884620585,0.02869054718,0.01741001309,0.6819394307,0.1925087853,0.0950561136,0.1139437616,55.89289162,74.0946952,81.01609836,14.98456767,58.43195589,62.5284604,0.9681537672,0.5607417233,0.3630250363,0.5142711969,0.8828886586,0.8987410364,0.3551357026,0.3906868544,0.2006028253,0.1879713644,0.8671389897,0.8841910097,0.3659205118,0.4189146066,0.2313708625,0.1858010049,0.2011484824,0.5287396547,63.90958246,0.8176939373,0.9251670525,0.9371686425,0.9451118751,0.8334551477,0.8987662281,0.9064345117,0.9218322697,0.9787282823,0.8658755828,0.340054632,0.07937642079,0.06819523185,0.04445582035,0.0352402829,0.02451972391,0.02187098681,0.01844382214,0.01747831432,0.01393674074
sentence-transformers/LaBSE,2,variance,10,489;7;622;139;160;533;526;501;122;158,768,847,858,0.7369501084,0.7649280533,0.3644470436,0.5971308913,0.3157749984,0.2939654584,0.1261761342,0.2287750093,0.5440800267,0.3243917585,0.08128712801,0.1365787243,0.7112618763,0.370053261,0.6055331292,0.7254679951,1.008204911,0.7972730984,0.4123943294,0.7760490737,0.04715308114,0.01849328938,0.08274145299,0.02806289467,0.03640130023,0.03034404231,0.03761462955,0.02508404884,0.01229565961,0.01844972969,0.5862196857,0.1792552768,0.07867076291,0.1301881333,60.7252236,80.69786744,86.90718967,28.59116976,66.64037964,86.01703463,0.953429211,0.488998489,0.2528890477,0.5743322209,0.8534126578,0.8776815347,0.2206428155,0.2922976079,0.0802374635,0.07098895259,0.8253955391,0.8526013769,0.274354071,0.3579751915,0.08587387898,0.07297905833,0.1904518392,0.4910575803,73.41356246,0.8053312994,0.9366448682,0.9510715679,0.9755559059,0.8334551477,0.8987662281,0.9064345117,0.9218322697,0.9787282823,0.8658755828,0.340054632,0.07937642079,0.06819523185,0.04445582035,0.0352402829,0.02451972391,0.02187098681,0.01844382214,0.01747831432,0.01393674074
sentence-transformers/LaBSE,3,mean_abs,1,475,768,847,858,0.1733469243,0.00563516471,0.006173766631,0.1521973781,0.007271248431,0.07201501159,0.1203448188,0.0003479845299,0.002679246802,0.0005824117434,0.6903897921,0.994879089,0.9963646965,0.9865748649,1.000552957,1.07248425,1.162524656,1.000585469,1.007102511,1.001746831,0.2454102945,0.0693278148,0.05369129271,0.03924227787,0.03664945634,0.02712639404,0.02638507241,0.0206624109,0.01646637488,0.01523747202,0.9293300748,0.2968721726,0.06972070244,0.0540248294,24.6385506,5.24407946,5.962351068,0.1446749312,2.850125444,25.56570057,0.9997263278,0.908955815,0.04213415726,0.04123627241,0.9943736999,0.9981937533,0.9982224803,0.9988821623,0.9967207554,0.9980887511,0.9940068036,0.9985430218,0.9979872233,0.9987287134,0.996558364,0.9978414252,0.2970193215,0.5874110643,44.05437063,0.8614739293,0.9338805191,0.9392574568,0.9449317945,0.8533285492,0.93393164,0.9386377535,0.9435849146,0.9776056488,0.8855477647,0.3303455092,0.06476005379,0.05007898538,0.03696529308,0.03404061902,0.02350558883,0.02109240538,0.01919096414,0.01519477634,0.01413594791
sentence-transformers/LaBSE,3,mean_abs,3,475;501;139,768,847,858,0.2028654121,0.04321471808,0.07803747404,0.1852291756,0.04374031474,0.1105043112,0.2009283546,0.01974127265,0.06018647199,0.06402399826,0.6431373092,0.9422846471,0.8670351653,1.023099236,0.9328647358,0.961098566,0.9498470949,0.9766934943,0.941346626,0.9543951495,0.2348452521,0.0674526457,0.04799565316,0.04180436077,0.03510150989,0.02497173612,0.02214570351,0.0207188078,0.01581078944,0.01491292495,0.9046702882,0.2946117953,0.07049925096,0.05205813881,26.82307878,15.14952108,19.8925596,3.444228139,19.17451726,28.91140875,0.9995297978,0.8924041322,0.08975063477,0.01387882674,0.9931116048,0.9979289275,0.9828496846,0.9820236954,0.971108765,0.9805307568,0.992431326,0.9983127217,0.9788684934,0.9795868787,0.9702240921,0.9794353274,0.2948527018,0.5811383819,45.11917537,0.8639110337,0.9391385558,0.9447933612,0.9466237738,0.8533285492,0.93393164,0.9386377535,0.9435849146,0.9776056488,0.8855477647,0.3303455092,0.06476005379,0.05007898538,0.03696529308,0.03404061902,0.02350558883,0.02109240538,0.01919096414,0.01519477634,0.01413594791
sentence-transformers/LaBSE,3,mean_abs,5,475;501;139;7;122,768,847,858,0.2868771729,0.3412660221,0.1220959545,0.2322655185,0.1677049054,0.1398751937,0.2400429315,0.03087572374,0.1213726991,0.1386382562,0.5170163981,0.5056726351,0.8135833598,0.9802228375,0.8173702961,0.8524023841,0.8211595358,0.9659699186,0.9074504664,0.9163501316,0.2029365656,0.03891026909,0.04841112333,0.04305331055,0.03306007858,0.02380692875,0.02057980387,0.02202662599,0.01638342968,0.01539125253,0.8416129678,0.2845744911,0.05906825881,0.05514398024,32.46832401,51.02866649,52.52210156,15.41276592,29.91779731,46.90421631,0.9990791364,0.8436883632,0.1184239335,0.05863981214,0.9900640518,0.9908864158,0.7038690156,0.6928554563,0.684310447,0.7035772306,0.989305267,0.9932746728,0.6952994592,0.7048991383,0.6734678357,0.6886132574,0.285031936,0.5606583383,49.41759145,0.8521865114,0.9477044515,0.9518508665,0.958532262,0.8533285492,0.93393164,0.9386377535,0.9435849146,0.9776056488,0.8855477647,0.3303455092,0.06476005379,0.05007898538,0.03696529308,0.03404061902,0.02350558883,0.02109240538,0.01919096414,0.01519477634,0.01413594791
sentence-transformers/LaBSE,3,mean_abs,10,475;501;139;7;122;526;489;533;160;218,768,847,858,0.6676403235,0.5349418962,0.346835007,0.5213399833,0.3079194788,0.1590676826,0.2775426689,0.04896826638,0.2163233388,0.3552186973,0.1191439786,0.3825512701,0.6380164082,0.4099554673,0.7025416102,0.8525217283,0.7528636428,1.005396482,0.7981262727,0.6596200995,0.05927788762,0.03731204584,0.04812154723,0.02282354232,0.03601817585,0.03018066502,0.02391633609,0.02905938163,0.01826493506,0.01404336003,0.6639689748,0.1783546315,0.08023093359,0.07367441266,55.34692989,66.6366166,66.73832639,25.7441095,56.12332632,66.21277964,0.9862958841,0.5686059299,0.3312539307,0.2893040622,0.9406862899,0.9556591253,0.4912784276,0.5015242397,0.4679721067,0.4710352191,0.934119482,0.9475964909,0.5191240926,0.5380639562,0.4475614506,0.4465245986,0.181783207,0.4717290362,76.36838465,0.8442437588,0.954163605,0.9607839102,0.9751937564,0.8533285492,0.93393164,0.9386377535,0.9435849146,0.9776056488,0.8855477647,0.3303455092,0.06476005379,0.05007898538,0.03696529308,0.03404061902,0.02350558883,0.02109240538,0.01919096414,0.01519477634,0.01413594791
sentence-transformers/LaBSE,3,variance,1,489,768,847,858,0.3504260287,0.003114733622,0.09392264091,0.1689357256,0.07159697242,0.001475597805,4.182651254e-05,0.005320290102,0.005033395662,0.006492430031,0.4374125327,1.000039511,1.056609082,1.257804913,1.130950992,1.005231189,1.000174816,1.025493877,1.033109942,1.046879089,0.1661540491,0.07446902356,0.06084447673,0.05346366666,0.04426826842,0.02716992187,0.02425790687,0.02262982344,0.0180506212,0.01701659885,0.8696584082,0.2557892656,0.07470169946,0.06715152534,36.42791083,4.916527231,27.51818511,0.09719414752,10.0344058,43.19787394,0.9983164289,0.8046046263,0.05136411431,0.2581251788,0.9790372829,0.990801399,0.9976020214,0.9982967214,0.9173872266,0.9240788681,0.9772591608,0.9917575643,0.9975464856,0.9983579382,0.9210707078,0.9194875975,0.2565584343,0.5552283343,51.7589929,0.851519431,0.9336211049,0.9394672998,0.9490710923,0.8533285492,0.93393164,0.9386377535,0.9435849146,0.9776056488,0.8855477647,0.3303455092,0.06476005379,0.05007898538,0.03696529308,0.03404061902,0.02350558883,0.02109240538,0.01919096414,0.01519477634,0.01413594791
sentence-transformers/LaBSE,3,variance,3,489;475;7,768,847,858,0.5903812905,0.3044299341,0.1182358625,0.3282286288,0.1271272862,0.08214124349,0.1203941255,0.01335023081,0.02954824954,0.03503556437,0.1808876424,0.6149017918,0.8918225532,0.6349512178,0.9937178638,1.063637525,1.149503381,1.047110405,1.198696295,1.217835892,0.07939624761,0.05290974047,0.0593412437,0.03118582132,0.04494518972,0.03321906908,0.03221506666,0.02670004177,0.02420060074,0.02287369771,0.7526227261,0.1938296415,0.0760667301,0.06729831842,50.59444671,66.15604141,60.64685627,18.00259654,35.61111441,55.32990322,0.9918607944,0.6348054061,0.3000074119,0.2248747442,0.9493549006,0.9614411172,0.4744256511,0.4507273607,0.5200339756,0.5144054211,0.9455133481,0.9563399558,0.4869525745,0.4698770963,0.5063285804,0.4945995969,0.1962524645,0.4995248806,68.00726035,0.8549628184,0.942972077,0.9507525238,0.9555632445,0.8533285492,0.93393164,0.9386377535,0.9435849146,0.9776056488,0.8855477647,0.3303455092,0.06476005379,0.05007898538,0.03696529308,0.03404061902,0.02350558883,0.02109240538,0.01919096414,0.01519477634,0.01413594791
sentence-transformers/LaBSE,3,variance,5,489;475;7;139;160,768,847,858,0.6262442639,0.4615246417,0.2892919506,0.3641424423,0.2191049919,0.1169534928,0.1875170059,0.03078262811,0.08847065251,0.1017938453,0.1500548517,0.4651927794,0.711474498,0.5335663723,0.797650828,0.9264074715,0.8878352629,1.065802225,1.004495012,0.996448298,0.0697678384,0.0424010864,0.05014777604,0.02775999751,0.03821616363,0.03064855492,0.02635696005,0.02878791653,0.02148220787,0.01982515192,0.7104985265,0.1866669369,0.07874285378,0.07056030402,52.83977274,60.79880919,65.19475277,19.14152553,55.29114851,63.00426772,0.988043607,0.6040460459,0.3224251624,0.2936560971,0.945197507,0.9583184233,0.5904041994,0.5942539541,0.4958719786,0.5018130599,0.9405065724,0.9528012519,0.5986055947,0.6057653468,0.4786226685,0.4797302463,0.1898891638,0.4834873298,72.57349111,0.851325628,0.9503255333,0.9559854331,0.9706506047,0.8533285492,0.93393164,0.9386377535,0.9435849146,0.9776056488,0.8855477647,0.3303455092,0.06476005379,0.05007898538,0.03696529308,0.03404061902,0.02350558883,0.02109240538,0.01919096414,0.01519477634,0.01413594791
sentence-transformers/LaBSE,3,variance,10,489;475;7;139;160;122;533;526;158;80,768,847,858,0.6858838437,0.6067235382,0.3557240903,0.5988580822,0.3029416093,0.1930398863,0.2644021052,0.04850440482,0.2349850479,0.3650586282,0.1059124024,0.3000838935,0.6607452481,0.3611428775,0.7021220168,0.7625137064,0.7124458658,0.9929156928,0.8132166582,0.6626698794,0.05416528247,0.03008539186,0.05122657919,0.02066707396,0.03700120147,0.0277475457,0.02326396662,0.02949952033,0.01912962092,0.01450200173,0.6459430269,0.1724371109,0.07649934532,0.07951031293,56.53489462,64.4584867,66.33968119,26.10461734,59.35657501,66.21379102,0.9838853286,0.5514290249,0.2796431372,0.3450819152,0.9396443545,0.9538036656,0.5388949747,0.5576473968,0.4763040401,0.4818450712,0.9299094816,0.9442565305,0.5647296985,0.5911157332,0.4531560486,0.4556202773,0.1761271951,0.4656868938,78.37536016,0.8484884295,0.9542411628,0.9612198601,0.9773413801,0.8533285492,0.93393164,0.9386377535,0.9435849146,0.9776056488,0.8855477647,0.3303455092,0.06476005379,0.05007898538,0.03696529308,0.03404061902,0.02350558883,0.02109240538,0.01919096414,0.01519477634,0.01413594791
sentence-transformers/LaBSE,4,mean_abs,1,7,768,847,858,0.05385445164,0.3536706986,0.0004255778467,0.0648976953,0.0002215187792,0.01469684291,0.001168147353,0.01902183784,0.01828522852,0.01000550282,0.9001866422,0.5331776086,0.9995943253,0.9510891222,0.9998621632,1.001940949,1.000441794,1.013583414,1.020931781,1.017275036,0.3225217208,0.041182103,0.05016035374,0.04008409219,0.03811991894,0.02468473586,0.0220968432,0.01961648821,0.01705294172,0.01433897022,0.950093918,0.340879605,0.06371690546,0.05018170997,13.50515711,43.4407068,6.89943532,0.1827915901,5.01646659,44.44365233,0.999638914,0.9723489044,0.1623464206,0.005107803931,0.9965504588,0.9986163293,0.860028772,0.8951582644,0.9933409562,0.9922355861,0.996613736,0.9990595158,0.8297381249,0.8652321118,0.9932230514,0.9915447617,0.3410924257,0.6153138997,37.61591053,0.8552832133,0.9367071379,0.9442705079,0.9464799992,0.8620640942,0.9285195277,0.9373085591,0.9398057985,0.9766282299,0.8854634669,0.3404026576,0.07338430001,0.04767638812,0.04004214885,0.03622249593,0.02340738488,0.02098480537,0.01838773788,0.01586971482,0.01339202076
sentence-transformers/LaBSE,4,mean_abs,3,7;622;139,768,847,858,0.1722112949,0.4294630644,0.01337299483,0.2139870646,0.1202443212,0.01533337274,0.2180487446,0.04155832986,0.112030113,0.05419660481,0.6890295168,0.3681985805,0.9883879952,0.7119829809,0.9162678648,0.9975470711,0.7329883914,0.9835496508,0.9895171986,1.030958745,0.2656038371,0.03059770421,0.0533622809,0.03228423979,0.03758412153,0.02644173023,0.01741829407,0.0204799159,0.01778263218,0.01563475129,0.8830726289,0.3208594602,0.0536296641,0.05408556691,24.56073749,71.41258373,65.06006123,5.210241303,24.63513583,44.63123936,0.9996617093,0.9095211561,0.08149520436,0.05369677269,0.9966107933,0.9970230887,0.3961649488,0.3988420692,0.4295471569,0.4528759457,0.9963318533,0.9974188219,0.3626474429,0.4085618903,0.4397910064,0.4552799377,0.3210487303,0.5938470762,41.84820602,0.8605318792,0.9432182899,0.9454735835,0.9480566612,0.8620640942,0.9285195277,0.9373085591,0.9398057985,0.9766282299,0.8854634669,0.3404026576,0.07338430001,0.04767638812,0.04004214885,0.03622249593,0.02340738488,0.02098480537,0.01838773788,0.01586971482,0.01339202076
sentence-transformers/LaBSE,4,mean_abs,5,7;622;139;526;489,768,847,858,0.60456382,0.50291287,0.1186538248,0.2503791872,0.3941283029,0.03221563525,0.243702251,0.07382725204,0.1988098592,0.06142937869,0.1661342916,0.2697027856,1.064591231,0.6489170452,0.6631602243,0.9573736548,0.7474309093,0.969056425,0.7767245721,0.9760597353,0.07973576211,0.02790548092,0.07156277196,0.03663595199,0.0338686406,0.03159623184,0.02211448972,0.02512339306,0.0173794925,0.01842991935,0.7092495624,0.2016400272,0.05613800727,0.08119712092,51.3163867,53.32325104,37.7052307,17.03032598,51.45529996,55.95850115,0.9939288913,0.6250194262,0.01661352047,0.3937255409,0.959645415,0.9741971728,0.7761177455,0.7898832689,0.8598315708,0.8559777023,0.9588168652,0.9758392479,0.7211701234,0.7410006367,0.8816106905,0.8695585328,0.2035913452,0.5008732927,67.48097226,0.8673880804,0.9467539426,0.9537214819,0.9588697574,0.8620640942,0.9285195277,0.9373085591,0.9398057985,0.9766282299,0.8854634669,0.3404026576,0.07338430001,0.04767638812,0.04004214885,0.03622249593,0.02340738488,0.02098480537,0.01838773788,0.01586971482,0.01339202076
sentence-transformers/LaBSE,4,mean_abs,10,7;622;139;526;489;587;501;218;533;122,768,847,858,0.6474058016,0.5224513213,0.170204232,0.2715713553,0.5066778047,0.04617309405,0.3046216196,0.09939093846,0.4265714416,0.1766946225,0.1317109687,0.2500982868,0.9483676556,0.627004299,0.4630875172,0.9464423341,0.6656922075,0.8794521999,0.6304747748,0.8923023045,0.06654962556,0.02724235218,0.06711364258,0.03726650154,0.02489844227,0.03288348094,0.02073524394,0.02400331774,0.01485140591,0.01773735502,0.6737042231,0.1887428264,0.05704623087,0.08087971181,53.82845353,55.49207946,39.83056614,21.83051044,53.58218921,57.73286961,0.9939515022,0.590204852,0.03242873355,0.3828100767,0.9612772124,0.9704848711,0.7442110103,0.7713546414,0.840744892,0.8358819614,0.9606996438,0.9710641007,0.6866897636,0.7193554229,0.8650221313,0.8503768961,0.1904723451,0.4935111501,70.74685508,0.8626555208,0.9492979946,0.9573533927,0.9622081902,0.8620640942,0.9285195277,0.9373085591,0.9398057985,0.9766282299,0.8854634669,0.3404026576,0.07338430001,0.04767638812,0.04004214885,0.03622249593,0.02340738488,0.02098480537,0.01838773788,0.01586971482,0.01339202076
sentence-transformers/LaBSE,4,variance,1,489,768,847,858,0.431934965,0.008426821989,0.05719491289,0.02538708506,0.1787721576,0.001357616895,0.006954780218,0.002091542577,0.009740324938,0.007066527163,0.3373987379,1.001360611,1.075895286,1.049790681,1.42529434,1.006484496,1.038659379,1.013859101,1.077873636,1.069564096,0.1365032072,0.08733737202,0.06096489228,0.04996047382,0.061360571,0.02800054247,0.025905057,0.02215707194,0.02033028335,0.01702391292,0.841382627,0.2402950345,0.08807960315,0.06466330434,41.27151335,8.746041651,24.48594212,0.4163147231,11.03983787,45.8394456,0.9972021949,0.7515921841,0.1110321618,0.241435018,0.9728984597,0.9855971462,0.9937378953,0.9965725688,0.9297128875,0.9186772697,0.971466755,0.9900920772,0.9937287089,0.996822724,0.9312936893,0.9121189991,0.2414509288,0.5616625693,52.1301121,0.8645865752,0.9318473716,0.9426031348,0.950785198,0.8620640942,0.9285195277,0.9373085591,0.9398057985,0.9766282299,0.8854634669,0.3404026576,0.07338430001,0.04767638812,0.04004214885,0.03622249593,0.02340738488,0.02098480537,0.01838773788,0.01586971482,0.01339202076
sentence-transformers/LaBSE,4,variance,3,489;7;139,768,847,858,0.5493734622,0.4373088223,0.06849002742,0.1683172957,0.2224308099,0.01627780941,0.1071608095,0.03098016531,0.1215898507,0.02935681084,0.2156837961,0.338810674,1.128992443,0.7427478954,1.137354499,0.9910696064,0.8821063125,1.10332993,0.949275978,1.062873249,0.09735404586,0.03296884889,0.07137365304,0.03943686189,0.05462831013,0.03076101048,0.02454536075,0.02690154652,0.0199758449,0.01887431221,0.7541477784,0.2160415282,0.05859137338,0.07662145886,48.08034234,52.95550811,43.99607788,12.15862941,45.24281715,52.69670248,0.9952340195,0.6680878827,0.01136907399,0.346450398,0.961856684,0.9794605128,0.7476495359,0.7805742349,0.7697136343,0.7757669641,0.960770316,0.9821455056,0.6992078945,0.7426459093,0.8079789849,0.8018203611,0.2177624236,0.5223857505,62.09998445,0.8614616788,0.9451648175,0.9510421872,0.9564342667,0.8620640942,0.9285195277,0.9373085591,0.9398057985,0.9766282299,0.8854634669,0.3404026576,0.07338430001,0.04767638812,0.04004214885,0.03622249593,0.02340738488,0.02098480537,0.01838773788,0.01586971482,0.01339202076
sentence-transformers/LaBSE,4,variance,5,489;7;139;622;160,768,847,858,0.617665719,0.6171955036,0.1451176263,0.2497874039,0.3643319664,0.01903529993,0.2250223003,0.05396451811,0.1218145842,0.07534753244,0.154205434,0.2045755637,0.988451037,0.6545265857,0.6399357411,0.9793922263,0.762514573,0.9821743981,0.948253469,0.9391397502,0.07522646234,0.02151468201,0.06753618539,0.03755974942,0.03321947449,0.03285394817,0.02293142866,0.02588182715,0.02156609836,0.01802413185,0.697785565,0.1967557347,0.05620279335,0.07900055898,52.12509943,67.78738521,66.8883848,14.76672252,55.4407672,65.19880425,0.9928963961,0.6139394689,0.1253467085,0.3577143499,0.9616408916,0.9736632752,0.4914954745,0.529144037,0.4434827569,0.4688079171,0.9619180104,0.9746732892,0.4547517197,0.5142591606,0.462577805,0.4872323854,0.1988365524,0.4987321558,68.87457036,0.8603612586,0.9512482156,0.9555925658,0.9707269739,0.8620640942,0.9285195277,0.9373085591,0.9398057985,0.9766282299,0.8854634669,0.3404026576,0.07338430001,0.04767638812,0.04004214885,0.03622249593,0.02340738488,0.02098480537,0.01838773788,0.01586971482,0.01339202076
sentence-transformers/LaBSE,4,variance,10,489;7;139;622;160;122;526;158;80;533,768,847,858,0.6840389586,0.7970139863,0.2618046837,0.2738741441,0.6684223978,0.07506587997,0.3239553523,0.1068924086,0.446110677,0.2063930397,0.1042319192,0.0760175657,0.7679320789,0.6447090193,0.2868710609,0.8960144368,0.6438283117,0.8678122556,0.655248478,0.8628709672,0.05686064989,0.008939953437,0.05867381121,0.04137130919,0.01665264617,0.03361135695,0.02165175771,0.0255724434,0.01666453831,0.01851868367,0.6239960741,0.1799609523,0.04404221391,0.07948277362,56.03739686,76.54448812,70.75490423,28.09040391,58.41319371,72.3771516,0.9938579943,0.558651673,0.05622334866,0.3242031827,0.9686390952,0.9739836532,0.31259338,0.3703521777,0.3754638407,0.3932812592,0.9674530235,0.9749873729,0.2995964262,0.3891609346,0.385007221,0.4117540231,0.1814551526,0.4746710059,76.35645513,0.8584066996,0.9547389847,0.9620968086,0.9779540668,0.8620640942,0.9285195277,0.9373085591,0.9398057985,0.9766282299,0.8854634669,0.3404026576,0.07338430001,0.04767638812,0.04004214885,0.03622249593,0.02340738488,0.02098480537,0.01838773788,0.01586971482,0.01339202076
sentence-transformers/LaBSE,5,mean_abs,1,622,768,847,858,0.1166595577,0.003436393277,0.0001108554471,0.06246993117,0.078128484,0.03720174743,0.002990525572,0.001292869052,0.01413064426,0.01003051083,0.783882429,0.9956925709,0.9998770279,0.9546627432,0.9605982666,0.9907817252,0.9997402195,1.000763517,1.011971432,1.011396772,0.2530541859,0.06348775186,0.05343497654,0.03566181408,0.0305712177,0.0269154661,0.02487435939,0.01838854798,0.0169184484,0.01535062514,0.9545625345,0.2864741314,0.06370667304,0.05344090076,19.99294894,3.868053355,0.7488464701,0.02087691418,1.047587,20.31525412,0.9998646364,0.9397347041,0.02626344361,0.004508283867,0.997448946,0.9985885038,0.9992500573,0.9988466942,0.9999596697,0.9999591801,0.9971797497,0.998747085,0.9991686038,0.9985984785,0.9999586381,0.9999580512,0.2865443011,0.5693598694,48.54273672,0.8711465076,0.9376814188,0.9530923758,0.9579601187,0.8642594059,0.9372585148,0.9531689919,0.9578129203,0.9677035833,0.9131840211,0.308153412,0.06086520187,0.05101329986,0.03565807074,0.03037912941,0.02593153959,0.02375030141,0.01753962715,0.01595866887,0.01448801504
sentence-transformers/LaBSE,5,mean_abs,3,622;7;653,768,847,858,0.1355869509,0.09947356549,0.04903917227,0.2317446286,0.08478246395,0.03783344566,0.00620747316,0.001603194559,0.01447396773,0.01484706619,0.7506560416,0.8457665708,0.9247634856,0.662754816,0.9363957284,0.9940190861,0.9936134961,1.001288175,1.008868922,1.019433918,0.2482347044,0.05524260058,0.05062541815,0.02536093537,0.03052736228,0.02766161665,0.0253245152,0.01884664183,0.01727770046,0.01584975305,0.9318488362,0.2871713988,0.06134478508,0.053236071,21.64304934,27.37942299,28.33313378,1.475681694,16.86711055,28.85334661,0.9997434445,0.9294996321,0.08380353432,0.04341474203,0.9972308976,0.9980387285,0.918205444,0.9052932746,0.9065291117,0.8790705177,0.9971070183,0.9984607772,0.9204077107,0.9043927724,0.8921410302,0.8585828167,0.28729529,0.562842828,49.56838764,0.8654837988,0.9405602463,0.9583726074,0.9623564377,0.8642594059,0.9372585148,0.9531689919,0.9578129203,0.9677035833,0.9131840211,0.308153412,0.06086520187,0.05101329986,0.03565807074,0.03037912941,0.02593153959,0.02375030141,0.01753962715,0.01595866887,0.01448801504
sentence-transformers/LaBSE,5,mean_abs,5,622;7;653;587;139,768,847,858,0.2048578989,0.1702434354,0.05030434056,0.2375956279,0.09166218322,0.04208800164,0.05928689132,0.01059144567,0.06747030052,0.02635387207,0.6353158099,0.7074301872,0.9249504761,0.652193182,0.9610627836,1.013835933,0.9358071545,0.9867019961,0.9206562738,0.9784149341,0.2173881344,0.04781144246,0.05239394373,0.02582339203,0.03241949724,0.02919276113,0.02467940463,0.01921699848,0.01631448513,0.01574023286,0.9005769108,0.2733953265,0.05762104755,0.05516919364,26.93692498,35.94115595,34.31006992,8.234880159,27.0985305,28.94947311,0.9997738713,0.8915057672,0.0095673014,0.05808855166,0.9971619369,0.9975684207,0.8627055432,0.8373120605,0.8528123559,0.807749022,0.996742703,0.9980444244,0.8658107325,0.8389403897,0.8321899146,0.7792894928,0.2735036343,0.5517367483,52.66323771,0.8641784358,0.9428596212,0.9593719036,0.9640911156,0.8642594059,0.9372585148,0.9531689919,0.9578129203,0.9677035833,0.9131840211,0.308153412,0.06086520187,0.05101329986,0.03565807074,0.03037912941,0.02593153959,0.02375030141,0.01753962715,0.01595866887,0.01448801504
sentence-transformers/LaBSE,5,mean_abs,10,622;7;653;587;139;526;218;489;122;501,768,847,858,0.4821186054,0.2218380154,0.1064419765,0.2920453643,0.2350304773,0.1004658423,0.2846785579,0.03213926468,0.1480166078,0.05367483069,0.272788657,0.6524308198,0.8596064546,0.6158057682,0.6778635889,0.8621585256,0.6561255509,0.987373867,0.8802521729,1.002832983,0.1066845734,0.050397834,0.05565336415,0.02786826499,0.02613520838,0.02837420918,0.01977718211,0.02197912112,0.01782838919,0.01843935961,0.7879373061,0.2060019428,0.0647652224,0.06228287664,44.09973428,36.8699034,32.99965807,13.9511104,33.16158657,45.64626555,0.9979013916,0.7181295252,0.1335616854,0.1524025507,0.9879514727,0.9903093482,0.8806475299,0.871486762,0.8846348697,0.8517128803,0.9873234222,0.9907267991,0.8794479027,0.8701188944,0.86565151,0.823142581,0.2066377465,0.5004185064,68.3813494,0.8639308745,0.9447357563,0.965652581,0.970953746,0.8642594059,0.9372585148,0.9531689919,0.9578129203,0.9677035833,0.9131840211,0.308153412,0.06086520187,0.05101329986,0.03565807074,0.03037912941,0.02593153959,0.02375030141,0.01753962715,0.01595866887,0.01448801504
sentence-transformers/LaBSE,5,variance,1,489,768,847,858,0.2569392049,0.02273460477,0.009355731406,0.006721928251,0.1028372475,0.03016657724,0.1015939309,0.006292079528,0.004695827899,0.01096396956,0.5604450043,0.9878259115,0.9976362343,1.003359587,1.096068625,1.043362365,1.178106949,1.019392722,1.016837104,1.045528155,0.189603931,0.06600803962,0.05587312804,0.03927912466,0.03655614776,0.02970371871,0.03071858433,0.01962950011,0.01781539283,0.01662998948,0.9108621292,0.2551661079,0.06754361706,0.05640079876,30.52966361,12.17062677,9.480170321,0.1208064239,3.281647755,32.66067878,0.999253531,0.8613662784,0.1124713845,0.06823819648,0.9911905583,0.9947392865,0.9890875026,0.9909860267,0.9915580219,0.9898461301,0.9910183497,0.9962279751,0.9899580715,0.9915266941,0.9919120534,0.9899899221,0.2554910864,0.5468461529,54.68275243,0.8677600441,0.9385126815,0.9557620826,0.9633832039,0.8642594059,0.9372585148,0.9531689919,0.9578129203,0.9677035833,0.9131840211,0.308153412,0.06086520187,0.05101329986,0.03565807074,0.03037912941,0.02593153959,0.02375030141,0.01753962715,0.01595866887,0.01448801504
sentence-transformers/LaBSE,5,variance,3,489;622;139,768,847,858,0.4408653492,0.09649827257,0.01045447392,0.07045463422,0.1851280706,0.07032346799,0.1576550533,0.01567784609,0.07070351226,0.03109335031,0.320976524,0.9033391574,1.003241798,0.9950780295,0.7320256039,0.8931142383,0.9356440243,1.025305464,0.9666592274,1.036932038,0.1183658464,0.06579699517,0.06124564218,0.0424620676,0.02661262738,0.02771542056,0.02659291414,0.02152086814,0.01846104251,0.01797816403,0.8356296519,0.2116947076,0.07282442653,0.06189269778,41.83443684,32.44802368,27.89528837,3.580461289,14.16283179,44.64800544,0.9964188537,0.7450752549,0.2322141233,0.1046684111,0.9807335057,0.9907996217,0.8926197826,0.9006168172,0.8981887107,0.8937398167,0.979638859,0.9913580062,0.8916903401,0.8948746234,0.9044822733,0.8970187214,0.2128390898,0.5153912211,64.79054038,0.8782665638,0.9417490806,0.9532762481,0.9657177488,0.8642594059,0.9372585148,0.9531689919,0.9578129203,0.9677035833,0.9131840211,0.308153412,0.06086520187,0.05101329986,0.03565807074,0.03037912941,0.02593153959,0.02375030141,0.01753962715,0.01595866887,0.01448801504
sentence-transformers/LaBSE,5,variance,5,489;622;139;7;160,768,847,858,0.46100161,0.2758083829,0.06020629801,0.3089056036,0.2236028768,0.07096103676,0.2079640897,0.03136176494,0.07212375625,0.05225974765,0.2963837853,0.5930043753,0.947777044,0.6128512413,0.6978450233,0.8901079178,0.8550765191,1.008827017,0.9708614289,1.021581541,0.1141262891,0.04510152632,0.06041626564,0.02730720102,0.02649101415,0.02884265542,0.02537688906,0.02211064118,0.01936057208,0.01849465355,0.8002685043,0.211737718,0.06227844296,0.06428673177,42.88537853,46.32889479,39.79068618,9.038489924,34.60185468,45.09007645,0.9980270007,0.73271659,0.12714705,0.1730185882,0.9866398778,0.9898615733,0.7677647749,0.7481299265,0.7997152202,0.7421415048,0.9857342394,0.9902435715,0.7741410718,0.7546077441,0.7689062639,0.6974149528,0.2123664836,0.5058399762,67.05287876,0.8690496665,0.9457352353,0.9686104085,0.974984142,0.8642594059,0.9372585148,0.9531689919,0.9578129203,0.9677035833,0.9131840211,0.308153412,0.06086520187,0.05101329986,0.03565807074,0.03037912941,0.02593153959,0.02375030141,0.01753962715,0.01595866887,0.01448801504
sentence-transformers/LaBSE,5,variance,10,489;622;139;7;160;122;526;158;80;533,768,847,858,0.5017194222,0.3318625701,0.1318367925,0.377906762,0.275985705,0.1473604057,0.3788007829,0.05840396325,0.1888724565,0.07223734295,0.25312748,0.5414098572,0.8194471059,0.5878106304,0.6420377135,0.8178829772,0.5572437684,0.9369390601,0.8932233548,0.9561836758,0.1029741371,0.04350278997,0.05518565839,0.02767050997,0.02574884474,0.02799892496,0.01747174293,0.0216946969,0.01881822335,0.01828824783,0.7574921121,0.2066589422,0.06511054166,0.06356599533,45.20979725,49.23848479,45.77780128,16.50036268,39.38208126,47.69578542,0.9980491973,0.7045128671,0.1528578,0.1350333872,0.9870441331,0.9895589688,0.7301077155,0.708037779,0.7436099303,0.6742645819,0.9860838805,0.9904006513,0.7386182623,0.7191061812,0.703176808,0.6079370306,0.2072495432,0.497807547,69.2345008,0.8673660088,0.9469080159,0.9696693414,0.9771846533,0.8642594059,0.9372585148,0.9531689919,0.9578129203,0.9677035833,0.9131840211,0.308153412,0.06086520187,0.05101329986,0.03565807074,0.03037912941,0.02593153959,0.02375030141,0.01753962715,0.01595866887,0.01448801504
sentence-transformers/LaBSE,6,mean_abs,1,7,768,847,858,0.0006399190848,0.0311114684,0.2184157065,0.143795854,0.04075217551,0.04338876401,0.05969499612,1.145391439e-05,0.0007040192147,0.000564413057,0.9987825123,0.9509520959,0.6664183122,0.8075453025,0.9531285144,0.9560168511,0.9484113163,0.9999916127,0.9995247493,0.9997681311,0.2627352434,0.05755587607,0.03613300692,0.03128426674,0.02874590964,0.02484381675,0.02140221886,0.02021767427,0.01933559156,0.01612452211,0.9750097175,0.2629034804,0.05940402243,0.04623046705,1.455592659,14.58520332,37.03541254,0.1091868585,1.237719519,35.88870452,0.9999973232,0.9996773133,0.005193764527,0.01334568269,0.9999639699,0.9999796394,0.9721339094,0.9697504483,0.8535623446,0.85320023,0.9999646007,0.9999811535,0.9744605876,0.9728431609,0.8364281572,0.8358203563,0.2629047132,0.5318554885,55.59295728,0.889732762,0.9622432917,0.9660053255,0.9683531838,0.8936214015,0.9601942961,0.9646992563,0.964899964,0.9758555183,0.9290929396,0.2564816788,0.05901195098,0.0528647431,0.03777183024,0.02940583648,0.02533738053,0.02200244873,0.01971259421,0.01886135354,0.01572521193
sentence-transformers/LaBSE,6,mean_abs,3,7;139;501,768,847,858,0.06964163675,0.08542997676,0.2251365492,0.1485773364,0.06872679783,0.0614716358,0.0847466314,0.03686275458,0.0533036965,0.01349795257,0.8676230484,0.867307849,0.6587682199,0.8034895701,0.9199100677,0.935067627,0.9254907736,0.9696283446,0.9666899778,0.9799879192,0.2355331602,0.05417237557,0.0368606846,0.03212276376,0.02863146305,0.02507664122,0.02155300066,0.02023083069,0.01929855103,0.01631104779,0.9447901764,0.2531639092,0.05923261663,0.04757055525,15.33423885,24.5175359,42.09813325,2.856022839,18.3224503,38.47840411,0.9998431393,0.9643995608,0.07209178624,0.01096385747,0.9985306171,0.9992564535,0.9323947257,0.9297043145,0.802817113,0.7895195628,0.9984429536,0.9992489882,0.9361009782,0.9359123007,0.7786268437,0.765069398,0.2532282857,0.5241011013,58.03065499,0.8847619227,0.9640895089,0.9664637058,0.9694242211,0.8936214015,0.9601942961,0.9646992563,0.964899964,0.9758555183,0.9290929396,0.2564816788,0.05901195098,0.0528647431,0.03777183024,0.02940583648,0.02533738053,0.02200244873,0.01971259421,0.01886135354,0.01572521193
sentence-transformers/LaBSE,6,mean_abs,5,7;139;501;489;526,768,847,858,0.4636964478,0.1179790698,0.2652691522,0.1599956223,0.1043484296,0.06220168843,0.2915020891,0.06267023513,0.1843625321,0.01924729285,0.3011595146,0.9186456938,0.617768855,0.8000784666,0.9067133946,0.9400505171,0.7927511325,1.171358968,1.098762781,0.9882543657,0.093357339,0.06552145679,0.03947186655,0.03652549744,0.03222545794,0.02878779722,0.02108159264,0.02790803874,0.02504795784,0.01878281916,0.8273789581,0.174075556,0.07428560314,0.05372289276,43.34532852,38.43522322,52.22688628,8.433133005,37.05244925,50.53647124,0.9930392719,0.7272299572,0.3284633928,0.04877972874,0.9656744633,0.9818059102,0.8322983773,0.8248188362,0.6745267829,0.6628270669,0.965550164,0.9813636781,0.8389933115,0.8341986039,0.6418718402,0.633721112,0.1758060853,0.4667280095,77.288897,0.9012070968,0.9648814716,0.9682263017,0.9730389788,0.8936214015,0.9601942961,0.9646992563,0.964899964,0.9758555183,0.9290929396,0.2564816788,0.05901195098,0.0528647431,0.03777183024,0.02940583648,0.02533738053,0.02200244873,0.01971259421,0.01886135354,0.01572521193
sentence-transformers/LaBSE,6,mean_abs,10,7;139;501;489;526;218;653;160;80;622,768,847,858,0.5250210694,0.1759326854,0.3164886705,0.1683532368,0.1852966965,0.07871515555,0.3190870516,0.15440888,0.2530361793,0.04234122718,0.2343200385,0.8042083406,0.5552474692,0.7874927019,0.7822330272,0.8997112773,0.6822636132,0.9775805245,0.8324660379,0.9457487898,0.07584769925,0.05989425673,0.03704497855,0.03753973484,0.02902995218,0.0287701093,0.0189452291,0.02432052562,0.01981600094,0.01876933714,0.7923615012,0.15968645,0.07268126725,0.05419804611,46.82738514,39.94731462,55.20769019,13.15106492,43.21049166,52.43249602,0.9927617009,0.6841986093,0.3045052971,0.02488085754,0.9696272686,0.9797632161,0.8220911829,0.8134926428,0.6421061662,0.633393558,0.9680565489,0.9782453926,0.829452817,0.8228407704,0.6076902853,0.6002926115,0.1611713021,0.4577972287,81.30615731,0.9011118763,0.967135931,0.9707976956,0.9765152233,0.8936214015,0.9601942961,0.9646992563,0.964899964,0.9758555183,0.9290929396,0.2564816788,0.05901195098,0.0528647431,0.03777183024,0.02940583648,0.02533738053,0.02200244873,0.01971259421,0.01886135354,0.01572521193
sentence-transformers/LaBSE,6,variance,1,489,768,847,858,0.391248651,0.03252132945,0.0005963309248,0.001203410192,0.03498514838,0.0001587004833,0.06028555928,0.02514520347,0.1295503277,0.00207834072,0.3830365252,0.9947597349,1.000031423,1.00105047,1.059133922,1.000362283,1.176754634,1.088130478,1.486241888,1.010185344,0.1102002436,0.06584824259,0.05930151524,0.04241407704,0.03493577914,0.02843184484,0.02904309884,0.02406083943,0.03144476624,0.01781901069,0.8914848811,0.181026693,0.06806169954,0.05933689967,38.91873245,17.12973177,6.576517237,0.02640228654,2.595324977,40.78616347,0.9971964602,0.7780377988,0.2055573636,0.02626802434,0.9788078448,0.9904895917,0.9791689089,0.979729782,0.9941693681,0.9929308083,0.9785227997,0.9904261664,0.9803709116,0.9814480506,0.9936603813,0.9923600266,0.1817811622,0.4869764329,71.90183187,0.903799968,0.9612724071,0.9675811716,0.9696198913,0.8936214015,0.9601942961,0.9646992563,0.964899964,0.9758555183,0.9290929396,0.2564816788,0.05901195098,0.0528647431,0.03777183024,0.02940583648,0.02533738053,0.02200244873,0.01971259421,0.01886135354,0.01572521193
sentence-transformers/LaBSE,6,variance,3,489;139;7,768,847,858,0.4534160702,0.1173422482,0.2246163062,0.1460650718,0.1010260128,0.05515017231,0.1259772751,0.06038772619,0.1827981936,0.005413888794,0.3127553578,0.9157973419,0.6601954587,0.8034774672,0.899164502,0.9491399304,1.061993562,1.182470607,1.10958666,1.021156363,0.09539897406,0.06427202005,0.04150699158,0.03609311201,0.03144526718,0.02860056132,0.02778916517,0.02772150053,0.02488952915,0.01909727286,0.8408478184,0.1745367342,0.07281646812,0.05353090594,42.73252965,39.38726665,51.13132702,6.741154972,35.9514377,48.94312252,0.993529541,0.7345294519,0.3193124817,0.02643343637,0.9665482192,0.9816588439,0.8187908784,0.8111678035,0.6873467625,0.6755833002,0.9659621029,0.9810447878,0.8269246776,0.8216539513,0.6539026105,0.647744933,0.176161226,0.4677634058,76.88308635,0.9016726445,0.9652238832,0.9684792843,0.9737159763,0.8936214015,0.9601942961,0.9646992563,0.964899964,0.9758555183,0.9290929396,0.2564816788,0.05901195098,0.0528647431,0.03777183024,0.02940583648,0.02533738053,0.02200244873,0.01971259421,0.01886135354,0.01572521193
sentence-transformers/LaBSE,6,variance,5,489;139;7;160;122,768,847,858,0.5075366876,0.1769019078,0.262042513,0.149956913,0.1719502246,0.05700245851,0.1807701273,0.1495092484,0.3146225961,0.01787471413,0.2489891033,0.7771524218,0.6218348023,0.8038676769,0.7936784221,0.9473038526,0.8493300723,0.9665366257,0.7290250041,0.9906371286,0.07894502992,0.05669363228,0.04063771269,0.03753536991,0.02885135509,0.02967147406,0.02310125766,0.02355321533,0.0169982176,0.01925746926,0.8089317754,0.1603064187,0.06887834247,0.05506782356,45.70961841,39.52150677,53.74602832,12.30216239,42.80289393,49.11188104,0.9950664242,0.6982951302,0.2459395685,0.04829525626,0.9789792457,0.9826866882,0.8172309323,0.8097270797,0.655350047,0.6472239061,0.978132704,0.9818743966,0.8255556545,0.8201738709,0.6211548898,0.6147995652,0.1613152812,0.4601114492,80.5865698,0.8955529062,0.9675536034,0.9714023966,0.9780155389,0.8936214015,0.9601942961,0.9646992563,0.964899964,0.9758555183,0.9290929396,0.2564816788,0.05901195098,0.0528647431,0.03777183024,0.02940583648,0.02533738053,0.02200244873,0.01971259421,0.01886135354,0.01572521193
sentence-transformers/LaBSE,6,variance,10,489;139;7;160;122;526;158;176;653;80,768,847,858,0.5472341917,0.2234775185,0.3523990949,0.1604619268,0.1996831038,0.09196522971,0.3489121425,0.158656779,0.4014661827,0.03674535918,0.2109838759,0.7023124895,0.5078967342,0.7975909985,0.7616473863,0.8756994315,0.6216916134,0.9719748734,0.5450800916,0.9525802057,0.06972903306,0.05340456642,0.03459788694,0.0388200689,0.02885994657,0.02859070145,0.01762601175,0.0246891904,0.01324772196,0.01930216789,0.7760540526,0.1540068437,0.06877401195,0.05342470443,47.99963152,40.99478043,56.65374371,20.94346454,44.07206815,53.43243596,0.9944367965,0.6691353857,0.2624719309,0.02487780016,0.9767289654,0.982539306,0.8288582121,0.8237163035,0.6185724456,0.6085672688,0.9760508769,0.9825087574,0.8317735988,0.8297912682,0.5859368337,0.5745869751,0.1551115853,0.4524261788,83.54020355,0.900639056,0.9680440018,0.9703909482,0.9769784535,0.8936214015,0.9601942961,0.9646992563,0.964899964,0.9758555183,0.9290929396,0.2564816788,0.05901195098,0.0528647431,0.03777183024,0.02940583648,0.02533738053,0.02200244873,0.01971259421,0.01886135354,0.01572521193
sentence-transformers/LaBSE,7,mean_abs,1,622,768,847,858,0.02446293774,0.06654327675,0.0002254232573,0.03023060138,0.03858919235,0.02530397599,0.05378758346,0.001676678648,0.002054265546,0.07913658733,0.9523031821,0.8918165916,0.9996581089,0.9605688619,0.9554879454,0.9746032074,0.9497878645,0.9988246498,0.9989258394,0.9662680349,0.415673998,0.05225968132,0.04535681358,0.0302813971,0.02475322448,0.0214518628,0.01953069869,0.01686246315,0.01483072714,0.01346489827,0.9785404791,0.426097597,0.05598511427,0.04536704037,9.005411844,15.65976989,1.424407565,0.04254342212,1.695286514,17.89508852,0.999980523,0.9876735602,0.04601187674,0.002585006563,0.999631871,0.9996774299,0.9912621079,0.9959447083,0.9998066927,0.9997608668,0.9995987859,0.9995916456,0.9897003058,0.9944935804,0.9998091626,0.9997434059,0.426112516,0.6686309878,25.97801532,0.8893123767,0.9533971947,0.9642599673,0.9640060978,0.8870614553,0.952342458,0.9636056653,0.9634625718,0.9749244572,0.891937865,0.4271264035,0.05734162616,0.0443986576,0.0308479423,0.02535043196,0.02153852557,0.02012194509,0.01652001957,0.01452807233,0.01363591418
sentence-transformers/LaBSE,7,mean_abs,3,622;7;139,768,847,858,0.1460852825,0.3424655044,0.09176118899,0.07809388322,0.1089560774,0.0348679683,0.08759895654,0.02589966213,0.01239072859,0.1100792244,0.7308899294,0.4860541697,0.8814495755,0.9132593951,0.8904356696,0.9465836449,1.027774685,1.046330063,0.9986646035,0.8684540985,0.347970501,0.03106624119,0.04362157518,0.03140178821,0.02516065509,0.02272526719,0.02305164418,0.01926696431,0.01617192364,0.01319973341,0.8971518735,0.407500297,0.04724655725,0.04802875042,22.48051277,51.81790996,55.28288748,4.950261419,24.59340675,44.97041064,0.9999291999,0.924009636,0.04914071277,0.05920342034,0.9986882133,0.998965777,0.6856276905,0.7031587228,0.6325041208,0.6070966854,0.9985818148,0.9989500083,0.6863584104,0.7114430865,0.5935458348,0.5753079692,0.4075525384,0.6477163102,29.21174249,0.8829660835,0.9606404715,0.9653364372,0.9668875926,0.8870614553,0.952342458,0.9636056653,0.9634625718,0.9749244572,0.891937865,0.4271264035,0.05734162616,0.0443986576,0.0308479423,0.02535043196,0.02153852557,0.02012194509,0.01652001957,0.01452807233,0.01363591418
sentence-transformers/LaBSE,7,mean_abs,5,622;7;139;218;526,768,847,858,0.1528081303,0.3813919492,0.1445782487,0.09193030419,0.1248309534,0.03943366797,0.2264402691,0.03253034305,0.02931906193,0.1232397925,0.7196167079,0.4483814065,0.8239701399,0.8948266597,0.8835097865,0.9361321402,0.8688539984,1.043320188,0.95708082,0.8573921105,0.3481634434,0.02912346953,0.04143876702,0.0312673177,0.02537010358,0.0228390817,0.01980351472,0.01952332035,0.01575005658,0.01324308767,0.8828247255,0.4109617383,0.04707903412,0.04844249863,23.02182711,50.7570259,58.46697278,7.508551114,25.86544935,51.75866426,0.9999192468,0.9203559357,0.0421145696,0.076459902,0.9985375823,0.9987745139,0.7032580046,0.7179328463,0.5961672456,0.5674530237,0.9984305075,0.9987430383,0.7034674165,0.7245915314,0.5378625951,0.5093085809,0.4110216852,0.6454110739,29.09597434,0.8757939992,0.9608141731,0.9652020836,0.9661581875,0.8870614553,0.952342458,0.9636056653,0.9634625718,0.9749244572,0.891937865,0.4271264035,0.05734162616,0.0443986576,0.0308479423,0.02535043196,0.02153852557,0.02012194509,0.01652001957,0.01452807233,0.01363591418
sentence-transformers/LaBSE,7,mean_abs,10,622;7;139;218;526;489;122;501;160;158,768,847,858,0.3850937651,0.5998539369,0.2033272292,0.1376392545,0.1781055839,0.06843942815,0.5667351318,0.07549148429,0.2768748249,0.1779289911,0.3838708817,0.3832567679,0.7874253686,0.8064700271,0.7944638533,0.9014921876,0.461644877,0.9337607587,0.8695749868,0.8952736333,0.2196827316,0.02944517697,0.04684179972,0.03333256711,0.02698446657,0.02601550547,0.01244607205,0.02066809777,0.01692658565,0.0163566509,0.7463553822,0.3572621631,0.07358607189,0.05879678763,38.40972277,69.39581625,76.27417477,14.92047328,40.94029482,70.17055236,0.9992711541,0.7835880408,0.2125434863,0.1431521289,0.9911127852,0.9931850095,0.421829695,0.4603658373,0.287573593,0.2700052539,0.9907187508,0.9923837748,0.4283562365,0.4791749383,0.1969026194,0.1751108747,0.3577175035,0.6009959197,37.69342425,0.8797475939,0.9682838632,0.9709946892,0.9751691547,0.8870614553,0.952342458,0.9636056653,0.9634625718,0.9749244572,0.891937865,0.4271264035,0.05734162616,0.0443986576,0.0308479423,0.02535043196,0.02153852557,0.02012194509,0.01652001957,0.01452807233,0.01363591418
sentence-transformers/LaBSE,7,variance,1,489,768,847,858,0.2042966296,0.0930192759,0.01386221972,0.02167382908,0.004776804734,0.00113641946,0.2162880656,0.01038260462,0.07515032559,0.006089561918,0.6394539394,0.9769159028,1.003639184,1.027230892,1.009374856,1.003027284,1.647180512,1.042368172,1.369319711,1.032681476,0.3036280347,0.06227351312,0.04953630748,0.03522657777,0.0284455299,0.02401623362,0.0368457446,0.01914290667,0.02211510651,0.01565405404,0.899546913,0.3815844522,0.06866023882,0.05023264342,26.91094599,23.27992109,15.38058184,0.3495017881,4.128772587,34.17860669,0.9996513654,0.8917110786,0.1759365214,0.06497879752,0.9944009242,0.9972364898,0.9614283841,0.9549403828,0.9738866734,0.9743965722,0.9943795523,0.997249089,0.9601444067,0.9479818001,0.9753353567,0.974533973,0.3818193092,0.6385171627,31.41032327,0.8947802609,0.9564613298,0.9657667647,0.9678313316,0.8870614553,0.952342458,0.9636056653,0.9634625718,0.9749244572,0.891937865,0.4271264035,0.05734162616,0.0443986576,0.0308479423,0.02535043196,0.02153852557,0.02012194509,0.01652001957,0.01452807233,0.01363591418
sentence-transformers/LaBSE,7,variance,3,489;139;7,768,847,858,0.3259189743,0.3689415035,0.1053979855,0.06953711092,0.07514368976,0.01070041176,0.2500994387,0.0346055881,0.08548678864,0.03703219895,0.4614618652,0.5632581773,0.9281027221,0.8969896594,0.9340724517,0.9872106214,1.230334855,0.9513714718,1.443663071,1.21263816,0.2409100355,0.03947663862,0.05036496557,0.03382020938,0.02894200293,0.02598893273,0.03025909555,0.01920982186,0.02563518737,0.02021055062,0.8181583073,0.3573903229,0.0625562271,0.05629873927,34.86373182,61.59818674,62.18536427,4.80026031,36.72284299,48.85055548,0.9993782201,0.8205138793,0.1889862568,0.1451977786,0.9911424115,0.9945302301,0.5521434038,0.5704611375,0.5205430551,0.4761807205,0.9908445003,0.9940777216,0.5606093476,0.5885879029,0.4766330619,0.4455797068,0.3577822718,0.6111027834,36.30809237,0.8946633277,0.9642179589,0.9669558733,0.9688576293,0.8870614553,0.952342458,0.9636056653,0.9634625718,0.9749244572,0.891937865,0.4271264035,0.05734162616,0.0443986576,0.0308479423,0.02535043196,0.02153852557,0.02012194509,0.01652001957,0.01452807233,0.01363591418
sentence-transformers/LaBSE,7,variance,5,489;139;7;622;122,768,847,858,0.3688602417,0.4558101445,0.1094839675,0.1021163153,0.1230436131,0.03764771094,0.3662670528,0.05718946759,0.1101294737,0.1162523818,0.4045919875,0.5149370993,0.9017236183,0.8766564536,0.8475135933,0.9451972646,0.6990694101,0.9489851571,1.235376292,0.9226403238,0.2206502692,0.03770118078,0.05111802304,0.03452919068,0.02743233662,0.02599376517,0.01796060754,0.0200170808,0.02291595818,0.0160637692,0.7831937896,0.3496060362,0.06927946266,0.05740269818,37.45583946,73.13517787,74.41874238,9.929168018,37.45229493,57.22450688,0.9992186431,0.7938223055,0.223328937,0.137422579,0.9907861401,0.993399635,0.3433017242,0.3924015278,0.3041830261,0.2641267714,0.9905480145,0.9928393025,0.3563978326,0.415061553,0.2464855725,0.2256445296,0.3500853476,0.6048546033,37.89762357,0.889664559,0.965410409,0.9671032134,0.9705462283,0.8870614553,0.952342458,0.9636056653,0.9634625718,0.9749244572,0.891937865,0.4271264035,0.05734162616,0.0443986576,0.0308479423,0.02535043196,0.02153852557,0.02012194509,0.01652001957,0.01452807233,0.01363591418
sentence-transformers/LaBSE,7,variance,10,489;139;7;622;122;160;526;158;208;533,768,847,858,0.3942160846,0.6018691699,0.1895323153,0.1326885925,0.1627589072,0.07290006863,0.5937670846,0.07842921742,0.2771805635,0.1595337734,0.3719465997,0.3562904948,0.7888484086,0.8105185694,0.7860146669,0.8890716694,0.4338371932,0.9286813047,0.8623138275,0.8870894,0.2144808826,0.02758200405,0.04728408285,0.03375520467,0.02690094833,0.02585260544,0.01178550829,0.02071232428,0.01691316634,0.01633064077,0.7407103677,0.3540550965,0.06927874447,0.05834172509,38.93745588,69.97153501,77.69079643,15.70201596,40.73652297,70.24300572,0.9993720445,0.777832465,0.199566877,0.1288273229,0.99212777,0.994146361,0.4077706053,0.4467898089,0.2575692165,0.2402640652,0.9918144058,0.9935756095,0.4135927841,0.4660474869,0.1729201017,0.1532628895,0.354441785,0.6008414367,38.11911489,0.8865601502,0.9687334943,0.9716200927,0.9757572946,0.8870614553,0.952342458,0.9636056653,0.9634625718,0.9749244572,0.891937865,0.4271264035,0.05734162616,0.0443986576,0.0308479423,0.02535043196,0.02153852557,0.02012194509,0.01652001957,0.01452807233,0.01363591418
sentence-transformers/LaBSE,8,mean_abs,1,501,768,847,858,0.03349922717,0.01877750672,4.107519284e-05,0.02570369931,0.01703630962,0.01268586111,0.007895519582,0.0002346474727,0.0038833508,0.01622155496,0.9344203706,0.970346696,0.9999423751,0.9706219028,0.9840178883,0.9887726263,0.9947321371,0.9998777485,0.9991644747,1.002695249,0.5008707068,0.05235053934,0.03802019335,0.02571120046,0.02103803272,0.02013310675,0.01694405603,0.0153481612,0.01270907742,0.01050890155,0.9778012786,0.5182310463,0.05335236371,0.0380217551,10.54805451,8.171590448,0.4329439205,0.01995379749,1.076126192,13.25895154,0.9999939044,0.9831017191,0.02819628383,0.001275009849,0.9998295211,0.9998425264,0.9987154656,0.9988426853,0.999990518,0.9999813773,0.9998184649,0.9998502536,0.9984773415,0.9985379682,0.9999899205,0.9999832243,0.5182369027,0.7316093835,16.67979869,0.8788079391,0.9561376186,0.9680537863,0.9699892038,0.8790039042,0.9560179268,0.9679938478,0.9699603579,0.9745040742,0.8689423486,0.5241238664,0.05275271664,0.03717833607,0.02590137788,0.02090512331,0.01990971129,0.01665565938,0.01500928655,0.01243734386,0.01024799647
sentence-transformers/LaBSE,8,mean_abs,3,501;622;7,768,847,858,0.09317526511,0.261640395,0.002326263146,0.07391966889,0.04261427625,0.02605944691,0.01530560746,0.03200765114,0.01447788153,0.02215648824,0.823280864,0.5750004462,0.9978724795,0.9305126675,1.026014028,1.011900383,1.002923115,0.9886799906,1.016970344,1.047904856,0.4652161732,0.03270286932,0.03999795999,0.02598471783,0.02312484763,0.02172078767,0.0180095275,0.01599884539,0.01363668403,0.01157800326,0.9275282641,0.5130166341,0.04429124927,0.04009122272,17.77455377,32.25701697,2.959469418,1.445417802,17.60334203,32.42953554,0.9999911879,0.9522650644,0.02863640333,0.01448250314,0.9994057532,0.9993559459,0.9569087842,0.938942511,0.9997723994,0.9997633551,0.9993611836,0.9993854546,0.9472559143,0.9206057749,0.999742952,0.9997360154,0.5130253162,0.7228985976,17.50122441,0.8755189701,0.9616466998,0.9694321702,0.9716008233,0.8790039042,0.9560179268,0.9679938478,0.9699603579,0.9745040742,0.8689423486,0.5241238664,0.05275271664,0.03717833607,0.02590137788,0.02090512331,0.01990971129,0.01665565938,0.01500928655,0.01243734386,0.01024799647
sentence-transformers/LaBSE,8,mean_abs,5,501;622;7;218;122,768,847,858,0.1163214707,0.2705507311,0.0122666289,0.08505299608,0.07171372592,0.05244865215,0.04061310284,0.07129295406,0.05069566941,0.06960883851,0.7817807296,0.5670320129,0.9849819518,0.8929287312,0.9247173707,0.9805438696,0.9342211357,0.8918847622,0.9277670284,1.065813198,0.450887756,0.03291561342,0.04029654081,0.02545008341,0.02127214547,0.02148233753,0.01712225907,0.01473052882,0.01269743858,0.01201903516,0.9087626205,0.5102395736,0.04512392406,0.04079698225,19.94311493,32.75741846,6.639023937,4.603830553,19.92203346,33.06029259,0.9999893155,0.9400317261,0.03744610389,0.0291674223,0.9994079688,0.9993799994,0.9567697421,0.9414481271,0.9996019751,0.9995754492,0.9993337218,0.9994002354,0.9465498634,0.9232020379,0.9995368125,0.9994479218,0.5102498521,0.7205721582,17.75131235,0.8723793891,0.9618958199,0.970048916,0.9722333211,0.8790039042,0.9560179268,0.9679938478,0.9699603579,0.9745040742,0.8689423486,0.5241238664,0.05275271664,0.03717833607,0.02590137788,0.02090512331,0.01990971129,0.01665565938,0.01500928655,0.01243734386,0.01024799647
sentence-transformers/LaBSE,8,mean_abs,10,501;622;7;218;122;653;139;526;489;300,768,847,858,0.2577471693,0.3998537841,0.03185765508,0.1224513313,0.1053996219,0.11186297,0.1525355443,0.1098086942,0.161462077,0.105527931,0.5544431955,0.5859943582,1.008374706,0.8197339988,0.8477302372,0.9663752333,0.8237232263,0.8442909095,1.146014406,0.8544556839,0.3566181467,0.03793592773,0.04600704469,0.02605603091,0.02174817667,0.02361147936,0.01683664625,0.01555122508,0.01749162522,0.01074585448,0.8148685477,0.4804537376,0.06321114209,0.04752095075,30.5281383,72.32646913,68.46041172,6.421751367,26.30047203,47.3862047,0.9998129381,0.8613798014,0.1807965339,0.0872659829,0.9964762036,0.9980082172,0.364925991,0.2946310575,0.3921981597,0.3985801266,0.996462745,0.9980280287,0.340643945,0.2937023895,0.4059971793,0.4273644493,0.48062005,0.6968964406,20.70816878,0.8696123591,0.9654945011,0.9669077968,0.9743949667,0.8790039042,0.9560179268,0.9679938478,0.9699603579,0.9745040742,0.8689423486,0.5241238664,0.05275271664,0.03717833607,0.02590137788,0.02090512331,0.01990971129,0.01665565938,0.01500928655,0.01243734386,0.01024799647
sentence-transformers/LaBSE,8,variance,1,489,768,847,858,0.1073722052,0.06972719552,0.009937708301,0.00304151506,0.01404800651,0.02582775687,0.04343693009,0.0002926220411,0.1008225245,0.00971229013,0.7986047828,0.9466756101,0.9975423867,1.00156878,1.015692384,1.032876032,1.083065656,1.000685166,1.326589753,1.042331506,0.4477438941,0.05342073352,0.0396720951,0.02775028679,0.02271322269,0.02199768563,0.01929658445,0.01606650229,0.01764932536,0.01142637996,0.934837598,0.5016020078,0.05742480406,0.04007030207,19.13747171,17.14426883,8.775956466,0.1805903981,2.25519716,25.73197215,0.9999416726,0.944734708,0.100891391,0.03671485773,0.9987482542,0.9993028622,0.989115358,0.9827235782,0.9940301316,0.9939607261,0.9988081899,0.9993966447,0.9890855223,0.9813591375,0.9942973742,0.9936046392,0.5016553413,0.720296716,18.06541538,0.8827989277,0.957863232,0.9682946715,0.9719269526,0.8790039042,0.9560179268,0.9679938478,0.9699603579,0.9745040742,0.8689423486,0.5241238664,0.05275271664,0.03717833607,0.02590137788,0.02090512331,0.01990971129,0.01665565938,0.01500928655,0.01243734386,0.01024799647
sentence-transformers/LaBSE,8,variance,3,489;622;501,768,847,858,0.1932334361,0.1193476353,0.01195997969,0.03979239412,0.05488516765,0.05080948999,0.05243081832,0.0107417979,0.1118857937,0.03085957214,0.654585894,1.013013047,1.006425573,0.9573838858,0.9199387386,1.180229583,0.9819976839,0.9883189224,1.074181606,0.9624628081,0.3895812002,0.06068163605,0.04248826772,0.02815829757,0.02183780853,0.02668264458,0.01857247177,0.01684436224,0.01517060029,0.01120005966,0.8806484746,0.4828920999,0.06890532347,0.04300257768,26.10204864,25.02554339,13.75805179,1.837925708,3.759106762,34.80445701,0.9997884603,0.898011845,0.1868364369,0.0520174813,0.996757913,0.9980805358,0.9700504733,0.9493151339,0.9811412708,0.9813911348,0.9967941947,0.9980873611,0.9674293677,0.9432400332,0.9821222057,0.9808559804,0.4830767046,0.7084019543,19.78546303,0.8857021603,0.9586912059,0.9680416614,0.9722638492,0.8790039042,0.9560179268,0.9679938478,0.9699603579,0.9745040742,0.8689423486,0.5241238664,0.05275271664,0.03717833607,0.02590137788,0.02090512331,0.01990971129,0.01665565938,0.01500928655,0.01243734386,0.01024799647
sentence-transformers/LaBSE,8,variance,5,489;622;501;139;7,768,847,858,0.2299847709,0.3577511278,0.01405071324,0.08126912743,0.06938865072,0.08115056945,0.07936645157,0.06188927166,0.1209877599,0.0504550256,0.596139597,0.6238155167,1.014043057,0.8830518533,0.928122337,0.9881026312,0.8810644304,1.008074203,1.00621882,0.9509891536,0.3711677331,0.03909212795,0.04478521394,0.02717048451,0.02304869108,0.02336981782,0.0174324251,0.01797383949,0.01486648806,0.01157718143,0.841805369,0.4820264835,0.06086756963,0.04542344575,28.6740791,65.37065767,60.77298713,3.103680085,23.15248161,44.29783076,0.9998384206,0.8773633295,0.1726989884,0.06449829896,0.9969887629,0.9980974207,0.4931712609,0.4119119859,0.512732943,0.5218989267,0.9970323658,0.9981841016,0.4675175705,0.4075434932,0.5228895141,0.5479758117,0.4821705435,0.6999772842,20.42993655,0.8785730031,0.9649572695,0.9666528897,0.9738082392,0.8790039042,0.9560179268,0.9679938478,0.9699603579,0.9745040742,0.8689423486,0.5241238664,0.05275271664,0.03717833607,0.02590137788,0.02090512331,0.01990971129,0.01665565938,0.01500928655,0.01243734386,0.01024799647
sentence-transformers/LaBSE,8,variance,10,489;622;501;139;7;122;160;409;158;554,768,847,858,0.2799326488,0.4875898506,0.03251597662,0.1458999712,0.111167123,0.09987505468,0.1252672187,0.1149838799,0.3026639371,0.09522723721,0.5216416977,0.4646495168,0.9857513587,0.7543441103,0.8538367202,1.041914648,0.8271458547,0.8357388889,0.7950881261,0.8642155001,0.3431909385,0.03076804458,0.04600308001,0.02452573031,0.02240562889,0.02603914276,0.01729312596,0.01574563707,0.01241287797,0.01111707652,0.7966552517,0.4766094976,0.06004573605,0.04754918831,31.95737106,82.72437073,82.94245611,8.31187497,28.32090625,49.99727494,0.999851875,0.8484421295,0.1717343232,0.07314469432,0.9966956694,0.9979578193,0.1530192944,0.0874152261,0.14137239,0.1689086418,0.9966932426,0.9980361411,0.1360902329,0.09166557433,0.1800711778,0.2107772309,0.4767413487,0.6926335921,21.26961522,0.8797502177,0.9677131026,0.9688982092,0.9772520038,0.8790039042,0.9560179268,0.9679938478,0.9699603579,0.9745040742,0.8689423486,0.5241238664,0.05275271664,0.03717833607,0.02590137788,0.02090512331,0.01990971129,0.01665565938,0.01500928655,0.01243734386,0.01024799647
sentence-transformers/LaBSE,9,mean_abs,1,475,768,847,858,0.130047742,0.00145885931,0.01079235367,0.03019715889,0.005311106869,0.0001423580966,0.004338086281,0.03477148916,0.007379995324,0.009702193677,0.7590583707,0.9985720504,0.9924568903,0.9830572406,1.001012387,1.000036928,1.002073305,1.032922447,1.011417473,1.017627822,0.2974239496,0.05643233403,0.04402156028,0.03942699421,0.02637103366,0.0255433028,0.02333804335,0.0202286917,0.01645557709,0.01538627278,0.9454383672,0.3418853701,0.05651478115,0.04450183987,21.1476614,2.647000077,10.17862616,0.1613430659,7.267317596,22.36265299,0.9999372119,0.9326537493,0.01727334261,0.04506220536,0.9984025457,0.9992882681,0.9996110448,0.9996300535,0.9883118437,0.9901396701,0.998214627,0.9992535288,0.9995539495,0.9995928805,0.9885802566,0.9905711441,0.3419245501,0.6063954862,36.06922834,0.9220956562,0.9774554335,0.9753553857,0.9768465911,0.9160517912,0.9770934942,0.974617147,0.9761247444,0.9787692484,0.9132152669,0.3704537414,0.0534295885,0.04193599992,0.03791823252,0.02490697152,0.02414872674,0.02201902943,0.01851540869,0.01538210913,0.01429478666
sentence-transformers/LaBSE,9,mean_abs,3,475;218;7,768,847,858,0.1329586077,0.01164635821,0.02857868138,0.2379364355,0.01811838943,0.02142066048,0.02001557074,0.05137705647,0.01014144929,0.01576791767,0.7535897351,0.9802892999,0.9606340211,0.6266059068,0.9778938514,0.961266543,0.977691086,1.008359648,1.006925927,1.013446159,0.3005114112,0.05638039318,0.04336476274,0.02557611514,0.02621830723,0.02498791803,0.02317351088,0.02009744132,0.01667268021,0.01559446097,0.9289834808,0.3465940772,0.05704475686,0.04464053023,21.38936084,7.349559058,14.53798263,2.340098942,14.18598465,22.54137409,0.9999709808,0.9311235532,0.01033009526,0.03586667609,0.9987296555,0.9993829419,0.9950853017,0.9950256579,0.9732723118,0.9768631062,0.9985418835,0.99935405,0.9947432635,0.9942502092,0.9743242145,0.9779514283,0.3466129044,0.6058775895,35.80966475,0.9182851207,0.9789339884,0.9776542899,0.979392179,0.9160517912,0.9770934942,0.974617147,0.9761247444,0.9787692484,0.9132152669,0.3704537414,0.0534295885,0.04193599992,0.03791823252,0.02490697152,0.02414872674,0.02201902943,0.01851540869,0.01538210913,0.01429478666
sentence-transformers/LaBSE,9,mean_abs,5,475;218;7;139;122,768,847,858,0.1723494984,0.01319600502,0.05540030937,0.2467902824,0.02942712187,0.04641587788,0.02830297957,0.0642377621,0.07722566711,0.02549639222,0.6869210775,0.9769470688,0.9308485958,0.6236485764,0.9513051799,0.9215920392,0.9573884605,0.9833338439,0.8759294218,0.9927872827,0.2807452008,0.0575869897,0.04306630025,0.02608912622,0.02614040422,0.02455299441,0.02325722389,0.02008657093,0.01486471256,0.01565688626,0.9064179278,0.3392074315,0.05835706989,0.04559211768,24.53642043,7.623808845,19.8146171,4.416998375,16.79555461,27.20906555,0.9999389893,0.9096974846,0.005119380247,0.06968487113,0.9984881618,0.9992450389,0.9951593269,0.9952096931,0.9556124044,0.9601446948,0.9983013136,0.9991656606,0.9948320394,0.9944183462,0.9582803249,0.9621320563,0.3392451487,0.6010071918,36.90052874,0.9171923982,0.9795660954,0.978523383,0.9803898707,0.9160517912,0.9770934942,0.974617147,0.9761247444,0.9787692484,0.9132152669,0.3704537414,0.0534295885,0.04193599992,0.03791823252,0.02490697152,0.02414872674,0.02201902943,0.01851540869,0.01538210913,0.01429478666
sentence-transformers/LaBSE,9,mean_abs,10,475;218;7;139;122;653;587;526;489;300,768,847,858,0.2952509005,0.01699948922,0.06607247279,0.3042545771,0.04149447136,0.07066665812,0.04088681005,0.07226593436,0.1254885274,0.03726406058,0.4997325262,0.970011665,0.944271832,0.6054200788,0.9268026258,0.8765570366,0.9379716699,0.95033678,0.8460406369,0.959705998,0.2176163819,0.06092264764,0.04654832096,0.02698515322,0.02713489607,0.02488252221,0.02427771875,0.0206838235,0.01529773363,0.01612634215,0.8507070212,0.3087856118,0.06197621158,0.04984147014,32.93352535,8.279527526,21.11614433,5.803005124,17.67478377,35.08424252,0.9997719286,0.8393018944,0.008857421339,0.112864979,0.9965019613,0.9980979736,0.9953686509,0.9955160103,0.9533384796,0.9576838681,0.996349405,0.9979962062,0.994911491,0.9946455496,0.9560861524,0.9595436398,0.3089114878,0.5821525217,41.45137928,0.9177780103,0.9796646436,0.9787714631,0.9810682417,0.9160517912,0.9770934942,0.974617147,0.9761247444,0.9787692484,0.9132152669,0.3704537414,0.0534295885,0.04193599992,0.03791823252,0.02490697152,0.02414872674,0.02201902943,0.01851540869,0.01538210913,0.01429478666
sentence-transformers/LaBSE,9,variance,1,475,768,847,858,0.130047742,0.00145885931,0.01079235367,0.03019715889,0.005311106869,0.0001423580966,0.004338086281,0.03477148916,0.007379995324,0.009702193677,0.7590583707,0.9985720504,0.9924568903,0.9830572406,1.001012387,1.000036928,1.002073305,1.032922447,1.011417473,1.017627822,0.2974239496,0.05643233403,0.04402156028,0.03942699421,0.02637103366,0.0255433028,0.02333804335,0.0202286917,0.01645557709,0.01538627278,0.9454383672,0.3418853701,0.05651478115,0.04450183987,21.1476614,2.647000077,10.17862616,0.1613430659,7.267317596,22.36265299,0.9999372119,0.9326537493,0.01727334261,0.04506220536,0.9984025457,0.9992882681,0.9996110448,0.9996300535,0.9883118437,0.9901396701,0.998214627,0.9992535288,0.9995539495,0.9995928805,0.9885802566,0.9905711441,0.3419245501,0.6063954862,36.06922834,0.9220956562,0.9774554335,0.9753553857,0.9768465911,0.9160517912,0.9770934942,0.974617147,0.9761247444,0.9787692484,0.9132152669,0.3704537414,0.0534295885,0.04193599992,0.03791823252,0.02490697152,0.02414872674,0.02201902943,0.01851540869,0.01538210913,0.01429478666
sentence-transformers/LaBSE,9,variance,3,475;489;122,768,847,858,0.2520029996,0.002989566891,0.02036957263,0.05707872565,0.01735375193,0.005967951031,0.00564270314,0.04070872993,0.08362024338,0.01492700415,0.5632788424,0.994452936,1.007284349,1.020610736,0.9696820258,1.004137369,0.992575152,0.9777433298,0.942542367,0.9868740108,0.2338772022,0.05955202441,0.04734450222,0.04337491966,0.02706953126,0.02717802118,0.02449582308,0.02029030757,0.01624977061,0.0158113829,0.8922150285,0.3126713103,0.05973059301,0.04832894211,30.15830489,3.226819592,16.61197244,3.138361052,12.27330988,31.95203146,0.9997368743,0.8646406292,0.00511173067,0.09466608275,0.9961445041,0.9982187153,0.9997134618,0.9997356086,0.9655699717,0.9695596197,0.9960694732,0.9982781063,0.9996614372,0.9996735863,0.9675068997,0.9716303898,0.3128175013,0.5894760801,40.26793364,0.9270188784,0.9776725948,0.9757509454,0.9774943335,0.9160517912,0.9770934942,0.974617147,0.9761247444,0.9787692484,0.9132152669,0.3704537414,0.0534295885,0.04193599992,0.03791823252,0.02490697152,0.02414872674,0.02201902943,0.01851540869,0.01538210913,0.01429478666
sentence-transformers/LaBSE,9,variance,5,475;489;122;7;139,768,847,858,0.2687789426,0.01308545439,0.05937884196,0.2717548921,0.01907657247,0.02960152853,0.0253516004,0.0564360719,0.1051467808,0.02440896943,0.5381049041,0.9767426743,0.9595884191,0.6637720191,0.9666912558,0.9494497428,0.9591751342,0.9800406842,0.8685730352,0.9860656544,0.2292207552,0.06000880741,0.0462727174,0.02894143295,0.02768609585,0.02636448074,0.02428561396,0.0208655776,0.01536297184,0.01620826446,0.8696549959,0.3134766879,0.06080446141,0.04919378754,31.24893754,7.35335615,21.51607521,4.672343312,17.33455438,33.9012926,0.9997741175,0.8549214903,0.0003484111301,0.11261528,0.9963883442,0.998195116,0.9960690914,0.9961422119,0.9456079105,0.9507600048,0.9963312442,0.9982144233,0.9957393417,0.9955040361,0.9497081364,0.9535559304,0.3136044238,0.5849491231,40.72569024,0.9263936006,0.9796792917,0.978744048,0.9808471059,0.9160517912,0.9770934942,0.974617147,0.9761247444,0.9787692484,0.9132152669,0.3704537414,0.0534295885,0.04193599992,0.03791823252,0.02490697152,0.02414872674,0.02201902943,0.01851540869,0.01538210913,0.01429478666
sentence-transformers/LaBSE,9,variance,10,475;489;122;7;139;160;653;622;158;311,768,847,858,0.316870336,0.03336526561,0.1248482937,0.2989368616,0.05107648662,0.04157500251,0.04501821353,0.06632034758,0.1281488763,0.03915684004,0.469728672,0.9393229011,0.834000708,0.6353335794,0.9124900937,0.9294621079,0.9239685978,0.9895161187,0.8057149759,0.9701998546,0.207214714,0.05976353468,0.04164788557,0.02868728385,0.02706379019,0.02672793841,0.02422673667,0.02181703414,0.01475831786,0.01651499395,0.8397702102,0.3033314537,0.06182638855,0.04758933254,34.27540621,11.58433893,28.66620795,7.965559104,25.56288695,36.93337866,0.9997864817,0.8263401078,0.009684312474,0.0974914278,0.9963283209,0.9979859805,0.9923098462,0.9923536222,0.9107525796,0.9147526925,0.9962287003,0.9980058764,0.9923820697,0.9914882601,0.9204403171,0.9230979639,0.3034493663,0.5770960906,42.49243498,0.9253374926,0.9801358732,0.9792217891,0.9812159201,0.9160517912,0.9770934942,0.974617147,0.9761247444,0.9787692484,0.9132152669,0.3704537414,0.0534295885,0.04193599992,0.03791823252,0.02490697152,0.02414872674,0.02201902943,0.01851540869,0.01538210913,0.01429478666
sentence-transformers/LaBSE,10,mean_abs,1,587,768,847,858,0.01660653676,0.04201890294,0.003474003592,0.0008401003519,0.0558558565,0.04382152616,0.01031226647,0.009724697405,0.004758976324,0.001458128517,0.9674105957,0.9264495204,0.993977947,0.9986047501,0.9164309108,0.9359470003,0.9851750822,0.9869515702,0.9941622033,0.9983030328,0.3322799392,0.04788177478,0.04810454183,0.03797724334,0.02346239867,0.02242737249,0.02259627879,0.01934171742,0.01658338277,0.01539996664,0.9872649032,0.3378911409,0.04998196199,0.04827223977,7.410626483,20.667556,17.78879316,0.04559684885,1.600367827,14.77540529,0.999985164,0.991647258,0.03071622296,0.008731749866,0.9997920921,0.9997957819,0.9517117855,0.9429327515,0.9551869176,0.9472305732,0.9997808399,0.9997827898,0.9583111378,0.9510632664,0.9454464102,0.9325703454,0.3379000987,0.5954316132,36.0315615,0.9305758073,0.9790797401,0.9799229311,0.9780525465,0.9343121539,0.9787020534,0.9796643145,0.9776423799,0.981864963,0.9230647671,0.3390993684,0.05102490174,0.04777965747,0.0375459855,0.02527588548,0.02365706362,0.02264421157,0.01934785794,0.01646833055,0.01522969086
sentence-transformers/LaBSE,10,mean_abs,3,587;7;622,768,847,858,0.1319864549,0.1040930552,0.004847099449,0.2607949615,0.105541947,0.05916986674,0.05120736093,0.06178390151,0.0131421184,0.001957632741,0.7568408263,0.8782233876,0.9908520859,0.5859787785,0.9522942356,0.9398217736,0.9627561005,0.9573505972,1.000382764,1.000804062,0.2767403989,0.04832014245,0.05104966429,0.02372391868,0.02595485249,0.02397437922,0.02350793675,0.01997307501,0.01776465618,0.01643543404,0.9273826562,0.3188203692,0.05393433183,0.05129831231,21.33363429,78.68018124,78.21507723,2.921374648,11.17058476,28.89227454,0.9997911099,0.9314778281,0.1206512784,0.005841745174,0.9973635508,0.9974416558,0.2031991348,0.2100823887,0.2066516236,0.2139578713,0.997197773,0.9973111762,0.2569312836,0.2552859203,0.1409581779,0.1437895391,0.3189378555,0.5763052921,39.44287128,0.9354168344,0.9819411997,0.9805451691,0.9829762464,0.9343121539,0.9787020534,0.9796643145,0.9776423799,0.981864963,0.9230647671,0.3390993684,0.05102490174,0.04777965747,0.0375459855,0.02527588548,0.02365706362,0.02264421157,0.01934785794,0.01646833055,0.01522969086
sentence-transformers/LaBSE,10,mean_abs,5,587;7;622;122;139,768,847,858,0.1680290132,0.1151239672,0.006474651218,0.2777421468,0.1069859484,0.0927581983,0.05215899961,0.07287719556,0.02820917501,0.01493137239,0.6963582238,0.8885307706,0.9884022827,0.5781386355,0.9654763471,0.8653895411,0.9691796508,0.9083127259,0.9722418368,0.9743679893,0.2602343096,0.0499642662,0.05204531434,0.0239221586,0.02689384403,0.02256198697,0.02418612845,0.01936748165,0.01764528775,0.01635381045,0.9073923966,0.3127925297,0.05646470732,0.05238448561,24.24062746,89.15213131,89.07723877,3.555058816,12.10834415,32.05733405,0.9996763396,0.9118292175,0.1487772457,0.01580438161,0.9963874698,0.9967757402,0.01534025153,0.01226633511,0.01637447563,0.01039878944,0.9961997203,0.9965807398,-0.02066501645,-0.01770420657,0.06472998069,0.05306360349,0.3129697323,0.5724933443,40.33312877,0.9340109508,0.9825922287,0.9809970881,0.9838618595,0.9343121539,0.9787020534,0.9796643145,0.9776423799,0.981864963,0.9230647671,0.3390993684,0.05102490174,0.04777965747,0.0375459855,0.02527588548,0.02365706362,0.02264421157,0.01934785794,0.01646833055,0.01522969086
sentence-transformers/LaBSE,10,mean_abs,10,587;7;622;122;139;228;218;489;583;526,768,847,858,0.3975561813,0.169842201,0.02154877713,0.3658895451,0.1534178959,0.1313750404,0.05870395739,0.2029393373,0.04439745803,0.04520678935,0.3667972861,0.7420466455,0.9668534076,0.5195714342,0.7777501436,0.7895119462,0.951723213,0.7847435,0.9612568428,0.9906724385,0.1540185033,0.04688492085,0.05720361409,0.02415619784,0.0243425619,0.02312806757,0.02668625736,0.01880097713,0.0196023809,0.01868275732,0.807570035,0.2556562097,0.05647711906,0.05846342951,39.12364011,77.30026652,77.5215084,7.933422743,25.76793084,40.476398,0.9995021483,0.7757861256,0.09663729248,0.04696689879,0.9938031315,0.9959067124,0.229054687,0.224230745,0.223445467,0.2231942707,0.9938031733,0.9958013061,0.2152852407,0.2245987746,0.2489584753,0.2338980225,0.2558763103,0.5377717217,49.58196222,0.9345702013,0.9827154243,0.9813348943,0.9843735935,0.9343121539,0.9787020534,0.9796643145,0.9776423799,0.981864963,0.9230647671,0.3390993684,0.05102490174,0.04777965747,0.0375459855,0.02527588548,0.02365706362,0.02264421157,0.01934785794,0.01646833055,0.01522969086
sentence-transformers/LaBSE,10,variance,1,489,768,847,858,0.1666202281,4.543100573e-05,0.008160225479,0.03556822148,0.02579207446,0.001412251844,0.002090392496,2.23559672e-05,0.009945592079,0.01056505035,0.6976685954,0.9999651466,0.9944230063,0.9884549554,1.012605475,1.000930724,1.001626265,1.000027973,1.018098528,1.022507958,0.2524599657,0.05444818457,0.05070263839,0.03960379054,0.02731259809,0.02526860239,0.02420356126,0.0206472113,0.01789187061,0.01661782374,0.9370950336,0.3029350774,0.05445065832,0.05111978738,24.1064681,0.6405153257,6.743844302,0.008825349702,3.085663124,24.76242063,0.9998813785,0.9127880751,0.003569518739,0.04718187837,0.9975177008,0.9981691468,0.999957293,0.999926852,0.996853127,0.9957603374,0.9975627198,0.9982394823,0.9999640957,0.9999437644,0.9967897516,0.9954599976,0.3029995883,0.5765551659,40.77914725,0.9391228267,0.9788443104,0.9801835406,0.9781506285,0.9343121539,0.9787020534,0.9796643145,0.9776423799,0.981864963,0.9230647671,0.3390993684,0.05102490174,0.04777965747,0.0375459855,0.02527588548,0.02365706362,0.02264421157,0.01934785794,0.01646833055,0.01522969086
sentence-transformers/LaBSE,10,variance,3,489;622;218,768,847,858,0.3409188541,0.09935754482,0.01612670864,0.06918680257,0.05957139921,0.03573984818,0.01298735342,0.1608372229,0.01694667563,0.01206614355,0.4368035569,0.8318769208,0.9775337404,0.9346062848,0.897711698,0.9512307726,0.9845227583,0.8055395156,0.9980692744,1.052487968,0.1721870018,0.04934333162,0.054295271,0.04079241545,0.0263773086,0.02615977148,0.02591613183,0.01811786237,0.01910721887,0.01863354319,0.8602264326,0.261253114,0.05478681506,0.05518522708,35.74190794,45.38671933,44.75110865,5.761178842,21.03902492,36.02557916,0.9997762624,0.8116564892,0.02349509234,0.04296221332,0.9968151005,0.9976325437,0.7233016882,0.706051743,0.7199933146,0.7063918892,0.9968663582,0.99758504,0.743190299,0.7450968905,0.7000232989,0.6790158276,0.2613542167,0.5491893045,47.72641419,0.9440920981,0.9798070424,0.9798038563,0.9797070291,0.9343121539,0.9787020534,0.9796643145,0.9776423799,0.981864963,0.9230647671,0.3390993684,0.05102490174,0.04777965747,0.0375459855,0.02527588548,0.02365706362,0.02264421157,0.01934785794,0.01646833055,0.01522969086
sentence-transformers/LaBSE,10,variance,5,489;622;218;7;587,768,847,858,0.3581018794,0.1559881841,0.01977135525,0.3191251852,0.1319666333,0.09180353224,0.05398641403,0.1766989795,0.02616044759,0.01352505585,0.4148922504,0.7512257682,0.9676228093,0.5621662501,0.8140729929,0.8597386123,0.9458179287,0.7985403129,0.9798937022,1.062801529,0.1688195815,0.04599526963,0.05547657551,0.02532729406,0.0246905203,0.02440550426,0.02569953478,0.01853916848,0.01936373175,0.01942243936,0.8333731122,0.2630005855,0.05449600203,0.05659554616,36.77651252,79.61173669,79.64018775,7.796619789,25.40849587,37.47056539,0.9997396566,0.8009768637,0.05843969056,0.03295489928,0.9960603674,0.9970891866,0.1877787746,0.1839908598,0.1840348435,0.1819332754,0.9961308735,0.9970834218,0.1699328852,0.1800822767,0.2128884303,0.1978698204,0.2631213687,0.5427720088,48.37519516,0.9409228369,0.982157673,0.9807660215,0.9836441611,0.9343121539,0.9787020534,0.9796643145,0.9776423799,0.981864963,0.9230647671,0.3390993684,0.05102490174,0.04777965747,0.0375459855,0.02527588548,0.02365706362,0.02264421157,0.01934785794,0.01646833055,0.01522969086
sentence-transformers/LaBSE,10,variance,10,489;622;218;7;587;139;160;158;122;411,768,847,858,0.4368788051,0.2332744576,0.02679991438,0.3671898835,0.1503412365,0.1755160518,0.07881676814,0.2049493157,0.04862849127,0.03477273384,0.3197784516,0.6470419903,0.9544109582,0.5285329477,0.774906204,0.7314420547,0.8828031285,0.7378612268,0.9329317436,0.999363804,0.1379784505,0.04200971448,0.05802478455,0.02525053947,0.0249224426,0.02201789782,0.02543642981,0.01816530387,0.01954944955,0.01936643984,0.7858957,0.2450244313,0.05479107211,0.05962266692,41.39678396,87.51436755,86.71747573,9.345503976,31.72178895,42.63022204,0.9996457589,0.7501481882,0.08310209274,0.04005403312,0.9951532186,0.9968678466,0.04535509876,0.04835743979,0.05991476323,0.0745202011,0.9952699005,0.9968400887,0.08937050332,0.0868128371,-0.001000325921,0.01467625904,0.245175062,0.5286428266,51.66956961,0.9397202573,0.9831790316,0.9816466018,0.9848745787,0.9343121539,0.9787020534,0.9796643145,0.9776423799,0.981864963,0.9230647671,0.3390993684,0.05102490174,0.04777965747,0.0375459855,0.02527588548,0.02365706362,0.02264421157,0.01934785794,0.01646833055,0.01522969086
sentence-transformers/LaBSE,11,mean_abs,1,587,768,847,858,0.001774115301,0.01025307201,0.004107167674,0.006640598015,0.00027820771,0.04164574894,3.123523206e-05,0.0339997853,4.093313339e-05,0.001948870598,0.9964908745,0.9800358243,0.9921100521,0.9874294192,0.999487543,0.9237505431,0.9999436995,0.9394261271,0.9999278029,0.9965983792,0.1887059082,0.07739024771,0.05243271599,0.03851615333,0.02640390761,0.02280294752,0.02113015353,0.01795418491,0.01766929095,0.01634106057,0.9958432383,0.1890412893,0.07819195546,0.05264895407,2.42237325,5.916789218,3.978210919,0.05926274529,0.5689493985,7.389041973,0.999993848,0.999106402,0.007147830443,0.003656421057,0.9999716745,0.9999592986,0.9995419922,0.9994855743,0.9995254243,0.9994145986,0.9999726649,0.9999655177,0.9996001205,0.9995293304,0.9995246428,0.999354582,0.1890428513,0.4824283783,64.42051453,0.9609237994,0.984421782,0.9869215629,0.9873160667,0.9599257374,0.9843060327,0.9867397065,0.9872494201,0.98660485,0.9553604731,0.1885832651,0.07863850788,0.05263001375,0.03884434686,0.02630763439,0.02458256861,0.02104350527,0.0190324211,0.01759711438,0.01632867865
sentence-transformers/LaBSE,11,mean_abs,3,587;501;585,768,847,858,0.08975133719,0.03982199354,0.255908967,0.1938042051,0.03394379792,0.2450519811,0.02407851897,0.1727177425,0.02790788914,0.07905778244,0.8351068829,0.9307194498,0.6278585739,0.7348738308,0.9684255168,0.7846653854,0.9764688657,0.8835535525,0.9783744167,0.9980267594,0.1672354374,0.07772078006,0.03508959934,0.03031263586,0.02705397712,0.02048306066,0.02182024288,0.01785706223,0.01828224992,0.01730518811,0.9417093953,0.1837250021,0.08094413696,0.04715766994,17.49381975,12.29541826,39.41050208,5.763662529,17.01029518,40.30500244,0.9996644414,0.953749381,0.01958702992,0.09549319467,0.9954678804,0.9982442894,0.991045023,0.9898072455,0.8293935709,0.802739903,0.9952463508,0.998476014,0.9913994307,0.9911168769,0.8132803035,0.7954907353,0.1838231831,0.4666761975,67.66130674,0.9593844193,0.9864889179,0.9894059621,0.9892810432,0.9599257374,0.9843060327,0.9867397065,0.9872494201,0.98660485,0.9553604731,0.1885832651,0.07863850788,0.05263001375,0.03884434686,0.02630763439,0.02458256861,0.02104350527,0.0190324211,0.01759711438,0.01632867865
sentence-transformers/LaBSE,11,mean_abs,5,587;501;585;653;622,768,847,858,0.1471711801,0.04731622683,0.2827514384,0.2095559613,0.0346954673,0.2587071047,0.02458124574,0.178632656,0.02814737185,0.08548728867,0.7349394132,0.9193615429,0.6218808522,0.7353449467,0.9637953974,0.7207654578,0.9776065907,0.853535584,0.9765330785,0.9552871345,0.1495361487,0.07800332219,0.0353128013,0.03081842487,0.02735634977,0.01911669131,0.02219594838,0.01752698326,0.01854043494,0.01682970382,0.9268479586,0.1753413408,0.08187745439,0.04923370111,22.66020604,13.3956232,42.60791652,8.0585615,19.26289117,44.26155833,0.9992621209,0.9228058924,0.01491966705,0.1512434502,0.9934745127,0.9965711469,0.9883998224,0.9871410553,0.7953189137,0.766368154,0.9932921518,0.9969635221,0.9890088885,0.9887915519,0.776670878,0.7553533033,0.1755504355,0.4594219447,69.63831059,0.9537649347,0.9865747951,0.9897449819,0.989974172,0.9599257374,0.9843060327,0.9867397065,0.9872494201,0.98660485,0.9553604731,0.1885832651,0.07863850788,0.05263001375,0.03884434686,0.02630763439,0.02458256861,0.02104350527,0.0190324211,0.01759711438,0.01632867865
sentence-transformers/LaBSE,11,mean_abs,10,587;501;585;653;622;218;7;122;158;503,768,847,858,0.1825742605,0.09777177372,0.3488467204,0.2933082227,0.04371983056,0.3110037527,0.02990380122,0.1924199433,0.03279376863,0.1126293282,0.675604789,0.8355865296,0.5732737847,0.6468159651,0.9401535221,0.6650465983,0.9724073658,0.8234499222,0.9602616149,0.8696018167,0.1413187922,0.07288375532,0.03346567682,0.02786843631,0.02743371496,0.01813357293,0.02269709994,0.01738342218,0.01874282597,0.01574981756,0.9015627364,0.1728827285,0.08078194984,0.05139446866,25.37517035,19.39786381,46.34332632,10.22112485,23.06741774,47.79458593,0.9993420004,0.903521091,0.008187219732,0.1578199462,0.9933285612,0.996410316,0.9762114712,0.975751825,0.7603083013,0.7307767428,0.9932886883,0.9968081712,0.9769845698,0.9777855332,0.7351421296,0.7137341951,0.1730604949,0.4529118468,70.82446181,0.9546650107,0.9872929689,0.9903184486,0.990601212,0.9599257374,0.9843060327,0.9867397065,0.9872494201,0.98660485,0.9553604731,0.1885832651,0.07863850788,0.05263001375,0.03884434686,0.02630763439,0.02458256861,0.02104350527,0.0190324211,0.01759711438,0.01632867865
sentence-transformers/LaBSE,11,variance,1,501,768,847,858,0.08307005126,9.136589853e-05,0.1146919878,0.02250951119,0.02383378046,0.1914447204,0.000449637258,0.1010568857,0.0005896563497,0.07710873022,0.8483854984,0.9998555808,0.8424768789,0.9740896723,0.9822071642,0.8739187758,0.9998053163,0.9729775633,0.9999256568,1.001502861,0.1654470231,0.08130834282,0.04585155243,0.0391281516,0.0267206775,0.02221574594,0.02175685388,0.01914958796,0.01819582448,0.01691086437,0.9670243943,0.1804358374,0.08131577231,0.05179163839,16.85554121,0.6549683448,23.07331242,0.01834246932,4.587145569,27.56750478,0.9994509765,0.957038867,0.004610803086,0.128537901,0.9945175479,0.9977119322,0.9999700553,0.9999589036,0.9612784312,0.9660966018,0.9942919023,0.9979948763,0.999970703,0.9999644917,0.9571360303,0.9644172374,0.1805926085,0.4746274275,66.72028946,0.9610219614,0.9850994057,0.9875670838,0.9873915172,0.9599257374,0.9843060327,0.9867397065,0.9872494201,0.98660485,0.9553604731,0.1885832651,0.07863850788,0.05263001375,0.03884434686,0.02630763439,0.02458256861,0.02104350527,0.0190324211,0.01759711438,0.01632867865
sentence-transformers/LaBSE,11,variance,3,501;585;622,768,847,858,0.145342379,0.03706011801,0.2785093679,0.2029118366,0.03439811324,0.2170018988,0.02454976331,0.1446275778,0.02808821325,0.08325403208,0.7381332172,0.9362953291,0.6239456818,0.7378508437,0.9636471766,0.7800052005,0.9780812014,0.8906551359,0.9770998212,0.9573546686,0.1495050343,0.07907988658,0.03526940908,0.03078323929,0.02722812699,0.02059409324,0.02210603797,0.01820629314,0.01846708326,0.01678965677,0.931069464,0.1749297387,0.08212338908,0.04888408458,22.5070652,11.86833107,42.05375725,6.524641735,19.25509786,43.62469217,0.9993027321,0.9238323364,0.006898065352,0.1475081277,0.9935199147,0.9967847257,0.9908168121,0.9895074452,0.8016651402,0.7734577063,0.9933534389,0.9972064183,0.991223116,0.9909459281,0.7836657378,0.7639273014,0.1751274535,0.4597881725,69.62358016,0.9605928613,0.9865208082,0.9896196791,0.9897894792,0.9599257374,0.9843060327,0.9867397065,0.9872494201,0.98660485,0.9553604731,0.1885832651,0.07863850788,0.05263001375,0.03884434686,0.02630763439,0.02458256861,0.02104350527,0.0190324211,0.01759711438,0.01632867865
sentence-transformers/LaBSE,11,variance,5,501;585;622;489;218,768,847,858,0.2003438448,0.07961272581,0.3387151311,0.2593803414,0.03809107858,0.2336350231,0.02623988547,0.1479826695,0.03049407959,0.08406005134,0.6466113542,0.8668464693,0.5654592435,0.7056267307,0.949271861,0.7846205796,0.97788962,0.8999409885,0.9642193251,0.9458943683,0.1343300718,0.07509382375,0.03278397133,0.03019462344,0.02751054379,0.02124778801,0.02266912145,0.01886838983,0.01869149583,0.01701454939,0.9077645738,0.1679847907,0.0815893764,0.04957617038,26.68708413,17.58371309,44.82375074,7.709464705,25.86135776,46.27108141,0.9991475371,0.8934726531,0.04544179722,0.1272816551,0.9930400103,0.9961120956,0.98023872,0.9792524833,0.7698555097,0.7439978531,0.9928908166,0.9964327792,0.980778092,0.9810256373,0.7468248873,0.7283208096,0.1681740394,0.4519826154,71.57272481,0.9616256385,0.9871556213,0.9899189235,0.9903224072,0.9599257374,0.9843060327,0.9867397065,0.9872494201,0.98660485,0.9553604731,0.1885832651,0.07863850788,0.05263001375,0.03884434686,0.02630763439,0.02458256861,0.02104350527,0.0190324211,0.01759711438,0.01632867865
sentence-transformers/LaBSE,11,variance,10,501;585;622;489;218;158;514;122;587;251,768,847,858,0.2632244435,0.09047804246,0.3472791257,0.2676108438,0.04790949138,0.2819286128,0.03296657244,0.1872292525,0.04435163499,0.1022406629,0.5495305224,0.8500869533,0.5606029823,0.7015679472,0.9338824892,0.702090749,0.9658886989,0.8467687438,0.9365006587,0.8943382866,0.1168943206,0.07540446389,0.03328030735,0.03073944371,0.02771229357,0.01946789305,0.0229268088,0.01817846876,0.01858865578,0.01647218862,0.88654658,0.1586566216,0.08290560032,0.05098704311,30.96761689,18.64057392,45.65563376,9.582799476,29.41907702,47.4197135,0.998953754,0.8574582591,0.03893745673,0.1415988341,0.9921711873,0.9953285981,0.9773716477,0.9764433543,0.7607324082,0.7331969273,0.9920149389,0.9955308241,0.9780477928,0.9786333995,0.7372553159,0.7169606013,0.1588745545,0.4458816991,73.49052897,0.9622647164,0.9870228424,0.9899686433,0.9903334967,0.9599257374,0.9843060327,0.9867397065,0.9872494201,0.98660485,0.9553604731,0.1885832651,0.07863850788,0.05263001375,0.03884434686,0.02630763439,0.02458256861,0.02104350527,0.0190324211,0.01759711438,0.01632867865
sentence-transformers/LaBSE,12,mean_abs,1,585,768,847,858,0.02887066978,9.884048129e-06,2.746186575e-05,0.0002593604725,0.0001221057337,1.179955458e-05,0.0002229846347,0.002441120083,0.0002755674737,0.00122220155,0.9432819375,0.9999809347,0.9999479091,0.9995255204,0.9997838826,0.9999792796,0.9996163227,0.9958479826,0.9995321521,0.9979521914,0.1459803306,0.07714336421,0.05317164062,0.0321409217,0.02383512897,0.02248279097,0.0196275253,0.01826064118,0.01813995543,0.01686922463,0.9945447641,0.1503201747,0.0771441267,0.05317310086,9.784574086,0.1910957651,0.3112704595,0.0004298002026,0.01516759637,9.790880916,0.9999946673,0.9854536888,0.001105403639,0.001387910548,0.9998892756,0.999859194,0.9999996012,0.9999975315,0.9999992739,0.9999967415,0.9998745475,0.9998621087,0.9999996334,0.9999974922,0.9999991621,0.9999954784,0.1503216184,0.4320609805,74.75970474,0.9572537885,0.9850105413,0.9875342679,0.9866848671,0.9562104179,0.9850180151,0.9875354792,0.9866729822,0.9811952473,0.948396177,0.1539136579,0.07672399173,0.05288433158,0.03198075961,0.02371022691,0.02236060536,0.01952794495,0.01823674435,0.01804944208,0.01681162603
sentence-transformers/LaBSE,12,mean_abs,3,585;653;222,768,847,858,0.05480401115,0.01384764574,0.04644327771,0.02985054114,0.001228295691,0.00425146533,0.005073949692,0.007388393847,0.01501950765,0.001893847883,0.894479092,0.9743300573,0.9169058031,0.9497046363,0.9975687225,0.9935108635,0.9917995058,0.9862566792,0.9798913088,0.996665275,0.1401407851,0.07609471292,0.04935929337,0.03091679924,0.02407663156,0.02261379079,0.01971503817,0.01830857149,0.01800358032,0.01705596281,0.9823874535,0.1482663773,0.07716324216,0.05176335315,13.61612269,7.641960824,13.93302294,0.7755808141,8.480922478,18.15713044,0.9996738254,0.9718947945,0.03641194316,0.04880889599,0.998873728,0.9988054596,0.9972589516,0.9968223069,0.9926618882,0.9899956451,0.9987897119,0.9987398656,0.997532982,0.9968042765,0.9914109304,0.9883767001,0.1483240868,0.4287930654,75.64364419,0.9583354513,0.9851370669,0.9878600795,0.9871301785,0.9562104179,0.9850180151,0.9875354792,0.9866729822,0.9811952473,0.948396177,0.1539136579,0.07672399173,0.05288433158,0.03198075961,0.02371022691,0.02236060536,0.01952794495,0.01823674435,0.01804944208,0.01681162603
sentence-transformers/LaBSE,12,mean_abs,5,585;653;222;501;622,768,847,858,0.0926575466,0.01585463037,0.07058208816,0.03555620364,0.006961729535,0.006779159808,0.006153663998,0.01690688758,0.01945538036,0.002012287873,0.8263862378,0.971630972,0.8824425884,0.9455060671,0.9883486724,0.9915084268,0.9889499174,0.9740982789,0.9808392637,0.9964195438,0.1306384869,0.0765673199,0.04793187137,0.0310573217,0.02406893085,0.02277145978,0.01983543578,0.01824571941,0.01818329274,0.01720532432,0.9736191205,0.1439792511,0.07780082319,0.05157192556,17.90183184,8.659756331,18.03201038,1.917886555,8.897629573,23.71597814,0.998991467,0.9515845767,0.05579455848,0.09578754585,0.9964926653,0.9964505435,0.9955668848,0.9949167455,0.9855510178,0.9807289122,0.9964114508,0.9963275654,0.9960288433,0.9950618454,0.9832608403,0.9780323811,0.1441566368,0.4249108453,76.71883297,0.9569496165,0.9849566001,0.9878182517,0.9872687147,0.9562104179,0.9850180151,0.9875354792,0.9866729822,0.9811952473,0.948396177,0.1539136579,0.07672399173,0.05288433158,0.03198075961,0.02371022691,0.02236060536,0.01952794495,0.01823674435,0.01804944208,0.01681162603
sentence-transformers/LaBSE,12,mean_abs,10,585;653;222;501;622;587;727;75;34;143,768,847,858,0.1263850463,0.03033140926,0.08171617663,0.03930673766,0.01342813201,0.01164513029,0.01258794573,0.01902486196,0.02840617704,0.005906561773,0.7669839617,0.942456823,0.867402604,0.9365320514,0.9780170287,0.9816657077,0.9764910594,0.9688151034,0.9650673198,0.9891175602,0.1228319027,0.07523854519,0.04773044439,0.03116442775,0.02412847442,0.02283993764,0.01984141085,0.01838382798,0.01812462911,0.01730236102,0.9610638976,0.1406018775,0.07759202052,0.05197787783,21.00020929,10.4200765,19.30094178,7.086077428,11.2658868,26.07481939,0.9988288987,0.9335791174,0.02385789371,0.1264115588,0.9955965192,0.9956173196,0.9974427107,0.9969987192,0.9854622093,0.9807770982,0.9959684529,0.9960276736,0.9975984588,0.9970750245,0.9833434344,0.9784655475,0.1408187273,0.4226498936,77.4628197,0.957924807,0.9849278433,0.9875605517,0.9872323517,0.9562104179,0.9850180151,0.9875354792,0.9866729822,0.9811952473,0.948396177,0.1539136579,0.07672399173,0.05288433158,0.03198075961,0.02371022691,0.02236060536,0.01952794495,0.01823674435,0.01804944208,0.01681162603
sentence-transformers/LaBSE,12,variance,1,222,768,847,858,0.01438463033,0.01246793486,0.04252926623,0.02836321877,8.206969449e-05,0.003915530547,0.004784702097,0.0006817416278,0.01286751472,0.0005506061542,0.9721222556,0.9766142708,0.9226127613,0.9517336427,0.9998688789,0.9938393171,0.9927678508,0.9989931158,0.9810654359,0.9992112079,0.1510639072,0.07565139199,0.04926167156,0.03073030451,0.02393544074,0.02243687654,0.01957342898,0.01839384291,0.01787822609,0.01696014984,0.9904608926,0.1532686196,0.07660651706,0.05144979353,6.96272925,7.079177593,13.10646029,0.05353407101,1.337170944,15.59389954,0.9998424476,0.9926252173,0.02555717965,0.03582996731,0.9993921674,0.999326422,0.997849951,0.9975148433,0.9938733999,0.9917097458,0.9993510192,0.9993098404,0.9980682581,0.9974678191,0.9927991002,0.9901796984,0.1532987285,0.4320711928,74.60290986,0.9573875708,0.9852034095,0.987848325,0.9870900169,0.9562104179,0.9850180151,0.9875354792,0.9866729822,0.9811952473,0.948396177,0.1539136579,0.07672399173,0.05288433158,0.03198075961,0.02371022691,0.02236060536,0.01952794495,0.01823674435,0.01804944208,0.01681162603
sentence-transformers/LaBSE,12,variance,3,222;565;34,768,847,858,0.04022235236,0.02564717619,0.08061836338,0.08617165943,0.01375335215,0.01798684246,0.005622765861,0.02196082752,0.01602614609,0.002945752647,0.9222657424,0.9513251568,0.8584032696,0.8600863547,0.9778002048,0.9684020657,0.9906263064,0.9677628883,0.9790190742,0.9959891309,0.1457258808,0.07493136144,0.0466038542,0.02823802281,0.02380067567,0.02223016654,0.01985957046,0.01811839511,0.01814088155,0.0171896792,0.9740843094,0.1518329596,0.07690372482,0.05069043403,11.62148247,9.468781283,18.12266949,5.07365401,10.92831116,19.72759112,0.9998135792,0.9794997886,0.01006167222,0.05308777943,0.9990945344,0.9990597793,0.997977989,0.9977190416,0.9846769152,0.9792560182,0.9991807836,0.9991727281,0.9980415508,0.9975955462,0.9811035564,0.9757339011,0.1518714498,0.4301816703,75.15743115,0.958155421,0.9856012593,0.9880169161,0.9873438749,0.9562104179,0.9850180151,0.9875354792,0.9866729822,0.9811952473,0.948396177,0.1539136579,0.07672399173,0.05288433158,0.03198075961,0.02371022691,0.02236060536,0.01952794495,0.01823674435,0.01804944208,0.01681162603
sentence-transformers/LaBSE,12,variance,5,222;565;34;501;585,768,847,858,0.1018119559,0.02746635946,0.1033631187,0.09131730727,0.01837894772,0.02049242474,0.006802351815,0.03289267338,0.0202194555,0.004242335591,0.8094042765,0.9481853583,0.8277934731,0.8566645184,0.9685665872,0.9645163161,0.9875992565,0.9510519331,0.979982226,0.9940206759,0.1296404428,0.07570460291,0.04555613472,0.02851001236,0.02389808187,0.02244352078,0.02006943506,0.01804884411,0.01840686522,0.01739013645,0.9609530041,0.1443355249,0.07784265732,0.05080778593,18.71626494,9.881335899,21.39026333,6.973229561,13.41238336,25.11826464,0.9993578248,0.947119225,0.00586901134,0.09945515792,0.9972751671,0.9973189393,0.9972929082,0.9969751791,0.9767090508,0.9682032017,0.9975472058,0.9975132446,0.9974190862,0.9969086354,0.9716670832,0.9632000586,0.144462227,0.4244763821,76.8678781,0.9596438929,0.9854481322,0.9879744415,0.9874704828,0.9562104179,0.9850180151,0.9875354792,0.9866729822,0.9811952473,0.948396177,0.1539136579,0.07672399173,0.05288433158,0.03198075961,0.02371022691,0.02236060536,0.01952794495,0.01823674435,0.01804944208,0.01681162603
sentence-transformers/LaBSE,12,variance,10,222;565;34;501;585;438;503;521;591;441,768,847,858,0.148200825,0.06175964081,0.1171498722,0.09650804559,0.0320402734,0.04509127249,0.01602519142,0.04077502121,0.035170267,0.01054973394,0.7281865777,0.8834816043,0.802531774,0.8450869772,0.9429473776,0.9180598733,0.9715322469,0.9349935175,0.9432881774,0.9857091473,0.1187013207,0.07179007757,0.04494951159,0.02862370885,0.02367875636,0.02174153906,0.02009321743,0.01805891407,0.01803199985,0.01755069136,0.9442006137,0.139353646,0.07651565707,0.05091409083,22.74522009,14.96556115,22.95858773,10.49586983,18.50865546,27.11419196,0.9992454033,0.9222332299,0.007865788962,0.1003561857,0.9969435357,0.9969802545,0.9945827388,0.9940515885,0.9755165585,0.966066525,0.997140828,0.9971547043,0.9952333883,0.9945149157,0.9702255491,0.9599419439,0.1394932816,0.4192216499,78.32710204,0.9606479499,0.9857909118,0.9881505018,0.9875529043,0.9562104179,0.9850180151,0.9875354792,0.9866729822,0.9811952473,0.948396177,0.1539136579,0.07672399173,0.05288433158,0.03198075961,0.02371022691,0.02236060536,0.01952794495,0.01823674435,0.01804944208,0.01681162603
Qwen/Qwen3-Embedding-0.6B,1,mean_abs,1,35,1024,847,858,0.008460078308,0.03123734356,0.03890606989,0.1046998484,0.03296553663,0.01204509684,0.000130215617,0.0002901022998,6.232742959e-05,0.01276843656,0.9842245639,0.9436405558,0.9331799939,0.8270995247,0.9471432845,0.9819760359,0.9998212159,0.9996229921,0.9999222283,0.9845084063,0.09960494942,0.06600529587,0.04522854185,0.03248867719,0.03270146992,0.02669956293,0.02183515514,0.01954261005,0.0182029071,0.01713590066,0.9864915605,0.1004548049,0.06813360882,0.0470594397,5.615956091,11.4479143,16.25249178,0.1240423938,3.840930337,19.26190779,0.9994368224,0.9952001859,0.04347874455,0.02849420307,0.9986341442,0.9954660469,0.9920178978,0.952317718,0.9719601076,0.9717126875,0.9985710023,0.995621884,0.9914618634,0.9516225261,0.9705348852,0.9697204867,0.1005066493,0.3881451608,111.4112001,0.8655387662,0.9600305115,0.9629496629,0.9694710679,0.8577685884,0.9590680721,0.9622096667,0.9700018086,0.977973142,0.9636521442,0.09983437276,0.06900261644,0.04781239966,0.03874963641,0.03406002515,0.02682233836,0.021544048,0.01928589081,0.01795841089,0.01717041853
Qwen/Qwen3-Embedding-0.6B,1,mean_abs,3,35;277;0,1024,847,858,0.06991133309,0.05789732012,0.06836802797,0.1061009122,0.03339446688,0.02710596093,0.00293981921,0.001347582348,0.01263248523,0.01912740465,0.8690722323,0.8969086264,0.8761811204,0.8239140076,0.9470968755,0.9542364819,0.9948622749,0.99814587,0.9791222642,0.9723084877,0.0891103066,0.06356319662,0.04302554719,0.03279000544,0.03313075542,0.02628721779,0.02201315244,0.01977086579,0.018059129,0.01714655704,0.9736615718,0.09580839954,0.06746949985,0.04618298694,16.85360555,17.7721096,18.65421899,1.298587831,17.80271117,21.76527801,0.992365927,0.9570486624,0.172763776,0.02515695311,0.9876019116,0.9753888299,0.9813855599,0.930989421,0.9734401858,0.9735307042,0.9877982948,0.9765802475,0.9807286388,0.9338712697,0.9725150136,0.9718562253,0.09628890799,0.3829843615,113.5913421,0.873824639,0.9598299776,0.9632104096,0.9690254159,0.8577685884,0.9590680721,0.9622096667,0.9700018086,0.977973142,0.9636521442,0.09983437276,0.06900261644,0.04781239966,0.03874963641,0.03406002515,0.02682233836,0.021544048,0.01928589081,0.01795841089,0.01717041853
Qwen/Qwen3-Embedding-0.6B,1,mean_abs,5,35;277;0;16;23,1024,847,858,0.08759963703,0.06335385281,0.1177792284,0.1109948486,0.0416958403,0.03176500629,0.005316505932,0.004287830193,0.0157492797,0.03020633892,0.8376696382,0.8872296729,0.7883385554,0.8148207449,0.9293857868,0.9455905964,0.9902652053,0.9933386344,0.9752375059,0.9499031083,0.08648967783,0.06331593549,0.03898205407,0.0326543558,0.03273801942,0.02623077925,0.02206430432,0.01981291799,0.01811297177,0.01686831107,0.9669156483,0.09479355921,0.06759856503,0.04418628004,19.00441046,18.88790645,22.75491088,1.318853168,21.79135023,23.52888355,0.9898418877,0.9454935115,0.1901845694,0.07246989256,0.9834445256,0.9610561816,0.9788453753,0.9281641181,0.9761795991,0.9761886988,0.9837907765,0.9638001462,0.9783635867,0.9327657833,0.9761003643,0.9760301831,0.09543526335,0.3801670532,114.5536955,0.8768826648,0.9604537035,0.9638738286,0.9688325477,0.8577685884,0.9590680721,0.9622096667,0.9700018086,0.977973142,0.9636521442,0.09983437276,0.06900261644,0.04781239966,0.03874963641,0.03406002515,0.02682233836,0.021544048,0.01928589081,0.01795841089,0.01717041853
Qwen/Qwen3-Embedding-0.6B,1,mean_abs,10,35;277;0;16;23;3;96;7;27;12,1024,847,858,0.1162186943,0.07235098537,0.2078948581,0.2050154957,0.1226512225,0.04901462658,0.01364862982,0.01261206531,0.02119395945,0.03958650913,0.7865704653,0.8729997315,0.6580222036,0.6864854552,0.813821905,0.9109676596,0.9755831296,0.9824782167,0.9684264075,0.9330997468,0.08288013901,0.0635788123,0.03320579109,0.02807577246,0.02925547013,0.02578887149,0.02218320699,0.01999840576,0.01835554439,0.01690992553,0.947473906,0.09377901351,0.06853757326,0.04192093869,21.95942188,20.36578365,33.73179929,5.896445287,23.31123599,34.37026247,0.9865465848,0.9274489266,0.2095727749,0.09676108934,0.9790007058,0.9562684815,0.9741140997,0.9222402341,0.9047221142,0.9106294269,0.9797554797,0.9602665908,0.9733845196,0.9244813418,0.898122587,0.9054588748,0.09456421716,0.3736081044,116.7253454,0.8797988039,0.9617260197,0.9654772864,0.9687724835,0.8577685884,0.9590680721,0.9622096667,0.9700018086,0.977973142,0.9636521442,0.09983437276,0.06900261644,0.04781239966,0.03874963641,0.03406002515,0.02682233836,0.021544048,0.01928589081,0.01795841089,0.01717041853
Qwen/Qwen3-Embedding-0.6B,1,variance,1,35,1024,847,858,0.008460078308,0.03123734356,0.03890606989,0.1046998484,0.03296553663,0.01204509684,0.000130215617,0.0002901022998,6.232742959e-05,0.01276843656,0.9842245639,0.9436405558,0.9331799939,0.8270995247,0.9471432845,0.9819760359,0.9998212159,0.9996229921,0.9999222283,0.9845084063,0.09960494942,0.06600529587,0.04522854185,0.03248867719,0.03270146992,0.02669956293,0.02183515514,0.01954261005,0.0182029071,0.01713590066,0.9864915605,0.1004548049,0.06813360882,0.0470594397,5.615956091,11.4479143,16.25249178,0.1240423938,3.840930337,19.26190779,0.9994368224,0.9952001859,0.04347874455,0.02849420307,0.9986341442,0.9954660469,0.9920178978,0.952317718,0.9719601076,0.9717126875,0.9985710023,0.995621884,0.9914618634,0.9516225261,0.9705348852,0.9697204867,0.1005066493,0.3881451608,111.4112001,0.8655387662,0.9600305115,0.9629496629,0.9694710679,0.8577685884,0.9590680721,0.9622096667,0.9700018086,0.977973142,0.9636521442,0.09983437276,0.06900261644,0.04781239966,0.03874963641,0.03406002515,0.02682233836,0.021544048,0.01928589081,0.01795841089,0.01717041853
Qwen/Qwen3-Embedding-0.6B,1,variance,3,35;0;96,1024,847,858,0.07598071963,0.04903306886,0.07966013532,0.1729212508,0.1056292275,0.02958360981,0.002016435512,0.006981448473,0.004965966777,0.02057392458,0.8573251666,0.9123471099,0.8652812547,0.7286675872,0.8350074054,0.9459238017,0.996685121,0.9895307036,0.9935054932,0.974108805,0.0883930997,0.06501571705,0.04272583253,0.02916015183,0.02937162596,0.0262026664,0.02217573281,0.01970886775,0.01842599183,0.01727352798,0.9682941378,0.09566153172,0.06836801041,0.04642397246,17.47456838,16.39248778,20.67564862,1.85399303,19.55038873,21.6305006,0.9922925199,0.9538503297,0.1668791622,0.0601510202,0.9878407085,0.9775892347,0.9846291244,0.9471323052,0.958379691,0.9587275704,0.988188054,0.9796803515,0.9845508703,0.9533995155,0.9555534645,0.9543072272,0.09613010592,0.3800897423,114.4017649,0.8696046454,0.960792673,0.9646791047,0.9698158313,0.8577685884,0.9590680721,0.9622096667,0.9700018086,0.977973142,0.9636521442,0.09983437276,0.06900261644,0.04781239966,0.03874963641,0.03406002515,0.02682233836,0.021544048,0.01928589081,0.01795841089,0.01717041853
Qwen/Qwen3-Embedding-0.6B,1,variance,5,35;0;96;244;167,1024,847,858,0.09258601609,0.1536493168,0.08363966768,0.1753619331,0.1091371084,0.03440658292,0.003773681669,0.0690701437,0.008798363683,0.027872927,0.831018332,0.7358986073,0.8577834853,0.7250463138,0.8312749497,0.9380245772,0.993519726,0.8813998948,0.9884504848,0.9628141212,0.08709688575,0.05330837797,0.04305565003,0.02949479007,0.02972361219,0.02641330723,0.02247065495,0.01784533178,0.01863522975,0.01735542533,0.952550636,0.09598362743,0.06298615813,0.04698550179,20.1452758,28.19309041,21.27120583,7.246508606,21.57389511,28.1187404,0.98555464,0.938822395,0.2444261506,0.0683209925,0.9755397379,0.9534776198,0.9627475973,0.890908609,0.958790119,0.9578302037,0.9762108096,0.95691962,0.9638470207,0.9022914971,0.955903577,0.9525709517,0.09706641156,0.3757412665,116.165775,0.8727661334,0.9609540258,0.9647401014,0.9697211731,0.8577685884,0.9590680721,0.9622096667,0.9700018086,0.977973142,0.9636521442,0.09983437276,0.06900261644,0.04781239966,0.03874963641,0.03406002515,0.02682233836,0.021544048,0.01928589081,0.01795841089,0.01717041853
Qwen/Qwen3-Embedding-0.6B,1,variance,10,35;0;96;244;167;143;160;305;129;171,1024,847,858,0.1231470153,0.2107758776,0.1181902872,0.190828256,0.173694586,0.07437587721,0.0602227149,0.1305062393,0.1330446255,0.07091809473,0.7807167072,0.6527078831,0.7980237096,0.6962168808,0.7240054592,0.8675302885,0.9048204746,0.7791459277,0.7901728295,0.8915522135,0.08468981838,0.04893753062,0.04145853679,0.02931364443,0.02679442489,0.0252836004,0.02118104397,0.01632736657,0.01541869546,0.01663356342,0.9203274284,0.09658382859,0.06200713996,0.04701528707,23.52000647,35.04987766,26.373195,11.18328037,23.75084164,33.27445215,0.9791932807,0.9169207838,0.3000419916,0.05405268678,0.9632195413,0.9305526065,0.9306567467,0.8348743789,0.9400916866,0.9337147971,0.9644362623,0.9303019971,0.9352219763,0.8467412997,0.9358244924,0.9270401017,0.09829938318,0.3728712551,117.7998574,0.8741934532,0.9619320824,0.9659451242,0.9704384236,0.8577685884,0.9590680721,0.9622096667,0.9700018086,0.977973142,0.9636521442,0.09983437276,0.06900261644,0.04781239966,0.03874963641,0.03406002515,0.02682233836,0.021544048,0.01928589081,0.01795841089,0.01717041853
Qwen/Qwen3-Embedding-0.6B,2,mean_abs,1,35,1024,847,858,0.000259232996,0.1031297324,0.001064822391,0.003852354797,0.08670037899,0.01372386815,0.007022659059,0.04581327668,0.0164717271,0.0007113916525,0.9995080788,0.8163295683,0.9981416699,0.9936010796,0.8630054402,0.9785185821,0.9897855747,0.9378746585,0.9789287157,0.9991197671,0.1359741466,0.05191713369,0.05457013149,0.04083421396,0.02862978789,0.03135437286,0.02527560926,0.02028874719,0.01891990859,0.01824925412,0.9862611352,0.1360094047,0.05788700502,0.05462830093,0.9464880275,20.95892685,8.150270417,0.03300435351,0.2831387512,19.87890278,0.9999931829,0.9998635589,0.008399719832,0.0007598465829,0.9999756584,0.9999591406,0.9751702726,0.9516002197,0.9908862346,0.9973402675,0.9999755485,0.9999573293,0.9764703673,0.9506865636,0.9897082264,0.9968324703,0.1360105688,0.4349505537,91.44236815,0.8652279501,0.9617784319,0.9634202069,0.9732093504,0.8633011353,0.9635267385,0.964109208,0.9741933654,0.9725992784,0.945381076,0.1341720183,0.06272448432,0.05392060211,0.04053256285,0.03271873593,0.03160246513,0.02518560759,0.0213354766,0.01906162341,0.01801438694
Qwen/Qwen3-Embedding-0.6B,2,mean_abs,3,35;277;0,1024,847,858,0.05333720499,0.1067505466,0.05845411405,0.007308968641,0.09652465845,0.02294584996,0.02224298588,0.05171735915,0.01825188496,0.003494074297,0.8981516939,0.8105673083,0.8959721228,0.9878040031,0.8479423565,0.9620885281,0.9622584035,0.9306091353,0.9770510371,0.9940351651,0.1240529172,0.05233852977,0.04973298949,0.04121641195,0.0285599986,0.03129906272,0.02494821514,0.02043925188,0.01917222295,0.01843387214,0.9714146852,0.1310423498,0.05859340811,0.05282056906,13.53343469,20.20828064,15.48041725,2.373620556,18.94082486,20.86972663,0.9992471993,0.9722335289,0.01375987327,0.09224802896,0.9976772958,0.9971310926,0.9817235385,0.9657577195,0.9941208031,0.9952941767,0.9978604452,0.9974826379,0.9819769446,0.9646484685,0.9945107368,0.9955657434,0.1311651011,0.4297673991,93.38672995,0.869466516,0.9639076341,0.9647629637,0.9736888445,0.8633011353,0.9635267385,0.964109208,0.9741933654,0.9725992784,0.945381076,0.1341720183,0.06272448432,0.05392060211,0.04053256285,0.03271873593,0.03160246513,0.02518560759,0.0213354766,0.01906162341,0.01801438694
Qwen/Qwen3-Embedding-0.6B,2,mean_abs,5,35;277;0;16;23,1024,847,858,0.05732222206,0.1194081876,0.09323539702,0.008158100267,0.1051973015,0.02751139299,0.02480176025,0.05226151843,0.01876578073,0.005371367505,0.8910135215,0.789332522,0.8355698733,0.9860145458,0.835241831,0.954337998,0.9592826236,0.9292439637,0.9771755782,0.9907398963,0.1237896542,0.0512666806,0.04665257379,0.04138333522,0.02829742098,0.03122923022,0.02501710853,0.02052911369,0.01928726253,0.01848064997,0.9657437309,0.1313170386,0.05821843887,0.05144948715,14.04950298,22.82936753,21.83520441,6.400211089,19.05217501,24.40337416,0.9991455472,0.970086346,0.01998986145,0.1000967423,0.9972721207,0.9968118007,0.9685270602,0.9136731075,0.9767772875,0.9889281658,0.9975058361,0.9971901176,0.9699793307,0.9167254584,0.9752046737,0.9879749952,0.1314599559,0.4285351014,93.7528241,0.8706635006,0.9643808613,0.9651940979,0.9734116899,0.8633011353,0.9635267385,0.964109208,0.9741933654,0.9725992784,0.945381076,0.1341720183,0.06272448432,0.05392060211,0.04053256285,0.03271873593,0.03160246513,0.02518560759,0.0213354766,0.01906162341,0.01801438694
Qwen/Qwen3-Embedding-0.6B,2,mean_abs,10,35;277;0;16;23;3;13;496;12;30,1024,847,858,0.07408681327,0.1626247223,0.1056217301,0.01832244226,0.1211838456,0.08997635757,0.06055478091,0.06583332086,0.02146614277,0.01773136839,0.8598357023,0.7163416107,0.8111187291,0.9666627842,0.8003348608,0.8439157618,0.8964006167,0.9064615437,0.9712243622,0.969091584,0.1213174337,0.04725013641,0.04599228118,0.04120262179,0.02753683605,0.02804567178,0.0237410743,0.02033749789,0.01946817498,0.01835820001,0.9509424002,0.131024631,0.05642647647,0.05142374623,15.98377535,28.03458473,25.37577602,10.96488867,20.1477394,27.16033215,0.999060406,0.9613397106,0.0509501926,0.08697331473,0.9970021713,0.9971614657,0.9493879439,0.8585087543,0.9584141716,0.9856714594,0.9972483542,0.9976527888,0.952563868,0.8663821308,0.9541820914,0.9832600733,0.1311805046,0.4252236527,94.82451168,0.8685399254,0.9657114224,0.9666674395,0.9735645176,0.8633011353,0.9635267385,0.964109208,0.9741933654,0.9725992784,0.945381076,0.1341720183,0.06272448432,0.05392060211,0.04053256285,0.03271873593,0.03160246513,0.02518560759,0.0213354766,0.01906162341,0.01801438694
Qwen/Qwen3-Embedding-0.6B,2,variance,1,35,1024,847,858,0.000259232996,0.1031297324,0.001064822391,0.003852354797,0.08670037899,0.01372386815,0.007022659059,0.04581327668,0.0164717271,0.0007113916525,0.9995080788,0.8163295683,0.9981416699,0.9936010796,0.8630054402,0.9785185821,0.9897855747,0.9378746585,0.9789287157,0.9991197671,0.1359741466,0.05191713369,0.05457013149,0.04083421396,0.02862978789,0.03135437286,0.02527560926,0.02028874719,0.01891990859,0.01824925412,0.9862611352,0.1360094047,0.05788700502,0.05462830093,0.9464880275,20.95892685,8.150270417,0.03300435351,0.2831387512,19.87890278,0.9999931829,0.9998635589,0.008399719832,0.0007598465829,0.9999756584,0.9999591406,0.9751702726,0.9516002197,0.9908862346,0.9973402675,0.9999755485,0.9999573293,0.9764703673,0.9506865636,0.9897082264,0.9968324703,0.1360105688,0.4349505537,91.44236815,0.8652279501,0.9617784319,0.9634202069,0.9732093504,0.8633011353,0.9635267385,0.964109208,0.9741933654,0.9725992784,0.945381076,0.1341720183,0.06272448432,0.05392060211,0.04053256285,0.03271873593,0.03160246513,0.02518560759,0.0213354766,0.01906162341,0.01801438694
Qwen/Qwen3-Embedding-0.6B,2,variance,3,35;0;244,1024,847,858,0.06419899308,0.127045909,0.08075334863,0.01249354438,0.09213745372,0.03634912132,0.01023193548,0.06710478797,0.03020943417,0.003114923094,0.8788601396,0.7761890904,0.8616877463,0.9786913241,0.8554245992,0.9451497199,0.9853887588,0.910551424,0.9549002745,0.9963608573,0.1220459812,0.05039023652,0.04808907386,0.04105741158,0.02896810024,0.0309145788,0.0256863147,0.02010706073,0.01883907896,0.01857709952,0.9661804309,0.1304187325,0.05772381049,0.0523135698,14.93773806,23.15094564,21.03247429,3.654999283,20.86582217,24.17110362,0.9987992429,0.9662065083,0.01064964769,0.1179624451,0.9962569021,0.9955575412,0.9701601153,0.9432253831,0.9747645671,0.9785576955,0.9966032912,0.9961833285,0.9712035203,0.9431075755,0.9778481572,0.9800126737,0.1306173734,0.4275441085,94.08731172,0.869503887,0.9633561567,0.9646626327,0.9725205116,0.8633011353,0.9635267385,0.964109208,0.9741933654,0.9725992784,0.945381076,0.1341720183,0.06272448432,0.05392060211,0.04053256285,0.03271873593,0.03160246513,0.02518560759,0.0213354766,0.01906162341,0.01801438694
Qwen/Qwen3-Embedding-0.6B,2,variance,5,35;0;244;167;96,1024,847,858,0.07228025187,0.1508758986,0.09461475598,0.02432757205,0.1076929406,0.06913973083,0.05925274382,0.1276319887,0.05178832783,0.02869566555,0.8647052262,0.7373377742,0.8414563275,0.9585700331,0.8201050598,0.8919140653,0.9073983877,0.8124436149,0.9232511033,0.9581327752,0.1218223853,0.04856245633,0.04764127504,0.04079669439,0.02817494458,0.02959654636,0.02399647766,0.01820089068,0.01847892841,0.01812350725,0.9523639279,0.1313137783,0.05719123535,0.05261989341,15.90846308,25.32119782,23.55503375,4.484272429,22.62766893,26.67759609,0.9984621162,0.9617008329,0.01138860876,0.1348572249,0.9951499905,0.9943905103,0.9641027922,0.9306847429,0.9645052566,0.9681517967,0.9955781564,0.9950432458,0.9653909574,0.9329322674,0.9681065085,0.968360534,0.1315715264,0.4260418425,94.72053058,0.8706656628,0.9647803407,0.9659244286,0.9728892275,0.8633011353,0.9635267385,0.964109208,0.9741933654,0.9725992784,0.945381076,0.1341720183,0.06272448432,0.05392060211,0.04053256285,0.03271873593,0.03160246513,0.02518560759,0.0213354766,0.01906162341,0.01801438694
Qwen/Qwen3-Embedding-0.6B,2,variance,10,35;0;244;167;96;143;119;129;171;139,1024,847,858,0.09121712447,0.1719123497,0.1767969324,0.08583599006,0.1257372858,0.07834638943,0.1474517494,0.1346514329,0.07342536018,0.1812968798,0.8338600995,0.7069957345,0.7267466156,0.8559122323,0.7916234638,0.8816573239,0.7660688029,0.7998989707,0.886424495,0.7127575353,0.1215855882,0.0481926544,0.04258578973,0.03770164088,0.02814764916,0.03027943273,0.02096752471,0.01854660579,0.01836236383,0.01395366392,0.9201805424,0.1337894798,0.05819752822,0.05173181613,18.05614679,28.15038418,36.44721322,7.864200311,23.36985284,37.66786288,0.9973273901,0.9507532396,0.03164880098,0.1871884376,0.9907580161,0.9896143235,0.944725554,0.8736545622,0.8842892815,0.900192997,0.9913765067,0.9905682564,0.9472501722,0.8814898179,0.8967600711,0.8888309064,0.1342732018,0.4250842278,95.63601558,0.8715895496,0.9657712901,0.9676249079,0.9731394424,0.8633011353,0.9635267385,0.964109208,0.9741933654,0.9725992784,0.945381076,0.1341720183,0.06272448432,0.05392060211,0.04053256285,0.03271873593,0.03160246513,0.02518560759,0.0213354766,0.01906162341,0.01801438694
Qwen/Qwen3-Embedding-0.6B,3,mean_abs,1,35,1024,847,858,0.1149763051,0.0968631361,0.009853549556,0.003356756827,0.005374585317,0.01196323996,0.01965915528,0.03485302166,0.006970743737,3.477961826e-05,0.7911190711,0.8485390585,0.9856440394,0.9957157502,0.9937683267,0.9880533272,0.9830731843,0.976913479,0.9962431898,0.9999862972,0.1163519683,0.05241659591,0.048920325,0.03708542688,0.03186800865,0.02659512849,0.02326431851,0.01968572615,0.0183789176,0.01678296563,0.9737534791,0.1314676307,0.05803837492,0.04940716091,20.34178788,25.60252975,17.90837631,0.2221174091,2.537514454,28.47068006,0.996682111,0.9376356525,0.1846571276,0.05021553177,0.9897081121,0.9934331085,0.9493651264,0.8132235118,0.9611476253,0.9835593299,0.9883329094,0.9933041585,0.9480137172,0.802777526,0.9582267555,0.9845044389,0.1320036214,0.4093516501,102.5624742,0.8708363223,0.97199399,0.9723372335,0.9772849363,0.8624138127,0.9691203072,0.9727636664,0.9762961879,0.9802377995,0.9429379081,0.1432124924,0.06015143572,0.04833016258,0.03626744223,0.03122617562,0.02621022387,0.02304376872,0.01962204918,0.01796402238,0.01634269512
Qwen/Qwen3-Embedding-0.6B,3,mean_abs,3,35;277;0,1024,847,858,0.1580870245,0.1210613006,0.07020637014,0.01599733073,0.008900899277,0.02144552996,0.04479908606,0.03863345038,0.008954665643,0.00772155054,0.7149838008,0.7953494234,0.8732789767,0.9725233973,0.9898436979,0.9773224227,0.9512540709,0.9670467389,0.9902723323,0.9885029087,0.1068327709,0.04991503221,0.04403506568,0.0367997081,0.03224874422,0.02672612409,0.0228705929,0.01979790391,0.01856032686,0.01685501012,0.9584569539,0.1268928903,0.05679011772,0.04736004234,23.70874161,27.83014068,27.39254755,6.262441116,21.03099255,29.31006415,0.9978672724,0.9156012576,0.1365524523,0.01485135286,0.9922580546,0.994632823,0.9331709725,0.7634794983,0.9269229055,0.9701340015,0.9914308245,0.9948430963,0.9326563098,0.75573202,0.9192938494,0.9686772585,0.1272248025,0.4036998866,104.8626412,0.8765832535,0.9741675364,0.974607518,0.9782361057,0.8624138127,0.9691203072,0.9727636664,0.9762961879,0.9802377995,0.9429379081,0.1432124924,0.06015143572,0.04833016258,0.03626744223,0.03122617562,0.02621022387,0.02304376872,0.01962204918,0.01796402238,0.01634269512
Qwen/Qwen3-Embedding-0.6B,3,mean_abs,5,35;277;0;16;23,1024,847,858,0.1800586376,0.1507042694,0.08317778997,0.02043504945,0.01603837176,0.02619258975,0.05306198823,0.04839596239,0.01103190001,0.008993674342,0.6789801223,0.7446451844,0.8530237641,0.9658958048,0.9807142695,0.9742368827,0.9348508794,0.9626273584,0.9898106147,0.9859812268,0.1023638432,0.04715242172,0.04339982776,0.03687702073,0.03223813518,0.02688090693,0.02267798524,0.01988433998,0.01871820995,0.01696293291,0.9499295119,0.1248428825,0.05551943807,0.04733723429,25.3560379,32.42359087,33.92656093,8.957155603,23.31698093,32.38690494,0.9979657848,0.9036641417,0.1283509593,0.004409042042,0.9917627392,0.9933638707,0.898431114,0.6741752402,0.876904886,0.9484166415,0.9910769295,0.9935566299,0.8990921369,0.6678740073,0.863789829,0.9437003106,0.1251664821,0.4007541789,106.0400913,0.8780427607,0.9742808836,0.9747199807,0.9777189526,0.8624138127,0.9691203072,0.9727636664,0.9762961879,0.9802377995,0.9429379081,0.1432124924,0.06015143572,0.04833016258,0.03626744223,0.03122617562,0.02621022387,0.02304376872,0.01962204918,0.01796402238,0.01634269512
Qwen/Qwen3-Embedding-0.6B,3,mean_abs,10,35;277;0;16;23;496;13;3;30;12,1024,847,858,0.2074472443,0.1980969506,0.09585333032,0.03240340303,0.0332135168,0.1224343132,0.08057311524,0.06588698671,0.01955542177,0.01034417876,0.6362090121,0.6708185796,0.8305687834,0.9426346775,0.944182873,0.8113914206,0.8980191213,0.9300039087,0.9768074752,0.9836144299,0.09759194958,0.04321995941,0.04299590895,0.0366179152,0.03157971385,0.02277898748,0.02216523632,0.01954620314,0.01879515173,0.01721796594,0.9336126463,0.1231362189,0.05389673906,0.04755413075,27.37551637,38.78306884,39.62345689,13.42525965,24.28411706,35.57284904,0.9974812095,0.8880119567,0.1466612667,0.01207450972,0.9895205091,0.99196371,0.8486735082,0.5719247299,0.8247060351,0.9190944346,0.9884289287,0.9921499029,0.8510192914,0.5644804797,0.8046583684,0.909059305,0.1235384659,0.3955701746,107.7274054,0.8769747015,0.9756276447,0.9757763561,0.9787032921,0.8624138127,0.9691203072,0.9727636664,0.9762961879,0.9802377995,0.9429379081,0.1432124924,0.06015143572,0.04833016258,0.03626744223,0.03122617562,0.02621022387,0.02304376872,0.01962204918,0.01796402238,0.01634269512
Qwen/Qwen3-Embedding-0.6B,3,variance,1,35,1024,847,858,0.1149763051,0.0968631361,0.009853549556,0.003356756827,0.005374585317,0.01196323996,0.01965915528,0.03485302166,0.006970743737,3.477961826e-05,0.7911190711,0.8485390585,0.9856440394,0.9957157502,0.9937683267,0.9880533272,0.9830731843,0.976913479,0.9962431898,0.9999862972,0.1163519683,0.05241659591,0.048920325,0.03708542688,0.03186800865,0.02659512849,0.02326431851,0.01968572615,0.0183789176,0.01678296563,0.9737534791,0.1314676307,0.05803837492,0.04940716091,20.34178788,25.60252975,17.90837631,0.2221174091,2.537514454,28.47068006,0.996682111,0.9376356525,0.1846571276,0.05021553177,0.9897081121,0.9934331085,0.9493651264,0.8132235118,0.9611476253,0.9835593299,0.9883329094,0.9933041585,0.9480137172,0.802777526,0.9582267555,0.9845044389,0.1320036214,0.4093516501,102.5624742,0.8708363223,0.97199399,0.9723372335,0.9772849363,0.8624138127,0.9691203072,0.9727636664,0.9762961879,0.9802377995,0.9429379081,0.1432124924,0.06015143572,0.04833016258,0.03626744223,0.03122617562,0.02621022387,0.02304376872,0.01962204918,0.01796402238,0.01634269512
Qwen/Qwen3-Embedding-0.6B,3,variance,3,35;0;10,1024,847,858,0.1934089361,0.1240857612,0.06469009839,0.01627231576,0.06120688469,0.01648215232,0.02445881498,0.04822292274,0.01212786845,0.006675073374,0.6559098415,0.7866948637,0.8828194532,0.9720385809,0.8865946851,0.987162308,0.9847867629,0.964099298,0.982997367,0.993269719,0.098526391,0.04963406409,0.04475253854,0.03697668345,0.02903831728,0.02713856125,0.02380253623,0.01984237492,0.01852181179,0.01702622621,0.9533941335,0.1221516025,0.05666543812,0.04784781863,26.31985693,28.1843423,27.14789612,8.642895488,21.95397367,29.87414802,0.9980277032,0.8963328219,0.1233186925,0.002863408573,0.9927769544,0.9952759884,0.9301072986,0.7456957207,0.9269671248,0.9676201899,0.9918781436,0.9952118958,0.9292539945,0.7387466703,0.9200031344,0.9658610686,0.1224457322,0.3991164798,106.5903784,0.872933344,0.9728653687,0.9730489644,0.9764673891,0.8624138127,0.9691203072,0.9727636664,0.9762961879,0.9802377995,0.9429379081,0.1432124924,0.06015143572,0.04833016258,0.03626744223,0.03122617562,0.02621022387,0.02304376872,0.01962204918,0.01796402238,0.01634269512
Qwen/Qwen3-Embedding-0.6B,3,variance,5,35;0;10;119;138,1024,847,858,0.2016646149,0.1305907023,0.09824964999,0.04567402328,0.07203773163,0.02475987033,0.04495387577,0.071779715,0.01510044946,0.02054698932,0.6422795956,0.7752632737,0.8244132407,0.9232619312,0.869272633,0.9728993841,0.9434614449,0.9192596312,0.9773422113,0.9650533628,0.09768216735,0.04952283146,0.0423129664,0.03555921095,0.02882604524,0.02708001606,0.02308808559,0.01915546979,0.01864491907,0.01674886053,0.9416504996,0.1223573064,0.0569614698,0.04692314941,26.89102819,27.47118899,29.45419594,11.81372437,25.47325161,30.42667762,0.9981781745,0.8918683643,0.1116858451,0.01714990545,0.9932328429,0.9952649096,0.9379482125,0.7616481316,0.9192066041,0.9511752936,0.9922517944,0.9952321672,0.9367289613,0.7544420579,0.9098819284,0.9456022343,0.1226282518,0.398400605,107.122635,0.8738020875,0.9726439905,0.9728599953,0.9761326135,0.8624138127,0.9691203072,0.9727636664,0.9762961879,0.9802377995,0.9429379081,0.1432124924,0.06015143572,0.04833016258,0.03626744223,0.03122617562,0.02621022387,0.02304376872,0.01962204918,0.01796402238,0.01634269512
Qwen/Qwen3-Embedding-0.6B,3,variance,10,35;0;10;119;138;244;167;143;171;96,1024,847,858,0.2084347151,0.1682481896,0.1421724833,0.1138668926,0.1346485098,0.05107399127,0.1098824518,0.09422744006,0.07172172764,0.06905476605,0.6323862123,0.7114146733,0.7548503632,0.8133688872,0.7629674321,0.9308101093,0.8372891686,0.8811520682,0.9002857721,0.8866540158,0.09912495002,0.04683693875,0.03992995402,0.032286738,0.02607621083,0.02670247441,0.02111779971,0.01892408589,0.01770123875,0.01585979429,0.9136509588,0.1252264998,0.05631119544,0.04654776542,27.38032008,29.04202096,32.15717633,18.16408548,28.85141411,31.02479531,0.9980598555,0.8879734019,0.1159067737,0.0366466238,0.9922418633,0.9947604173,0.9480049278,0.8068340793,0.9001366872,0.928247476,0.9911304575,0.9948281065,0.9467266267,0.787720128,0.8889588894,0.9173397188,0.1255351687,0.3972341083,108.0737152,0.8753179196,0.9739571838,0.9742050971,0.9769775987,0.8624138127,0.9691203072,0.9727636664,0.9762961879,0.9802377995,0.9429379081,0.1432124924,0.06015143572,0.04833016258,0.03626744223,0.03122617562,0.02621022387,0.02304376872,0.01962204918,0.01796402238,0.01634269512
Qwen/Qwen3-Embedding-0.6B,4,mean_abs,1,35,1024,847,858,0.006335086941,0.04546958949,0.1719615691,0.00249985766,0.0001895584002,0.03220025323,0.07648848626,0.0008483162465,0.00428259509,0.01260462267,0.9881605703,0.9223301189,0.7109769567,0.9961827872,0.999729177,0.9586389763,0.9093538502,0.999101539,0.9958110366,0.9895976616,0.1362374474,0.05714038846,0.04026220327,0.03807465356,0.03163774046,0.02422285633,0.02017482728,0.01919795194,0.01761845582,0.0152302794,0.9822416724,0.137106026,0.0598623028,0.04862359254,4.695031119,20.81839508,33.99589831,0.1015183397,1.049251295,29.51345801,0.9998164829,0.9966444891,0.02590465884,0.0470465159,0.9992915943,0.9992726472,0.9412587252,0.9515335294,0.9131258352,0.8422262096,0.9991204234,0.9993095935,0.9395266201,0.9480846581,0.9144847739,0.8397518739,0.1371402851,0.4110874573,105.8092266,0.8634552955,0.9711268647,0.9741884629,0.9788222137,0.8601709959,0.9645353117,0.9695478417,0.9791758679,0.9855853908,0.9427816772,0.1354214105,0.06085204155,0.05562376319,0.03754181649,0.03108432545,0.02481924843,0.02179190871,0.01887398596,0.0173783789,0.01511706797
Qwen/Qwen3-Embedding-0.6B,4,mean_abs,3,35;277;0,1024,847,858,0.05661109375,0.09538404514,0.1836289245,0.02823262215,0.01526288676,0.04322343941,0.1062709617,0.02505978863,0.004318135023,0.03582345119,0.8918815331,0.8371475543,0.6954524702,0.9534044822,0.9754503994,0.9421117613,0.8722124544,0.960700269,0.995927336,0.9587569095,0.1250596076,0.05274723794,0.04005441366,0.03706082041,0.0313956295,0.02421104913,0.01968068054,0.01877474717,0.01792088579,0.01500716404,0.9657782994,0.1325642127,0.05830898478,0.04906397944,13.8656162,28.66666624,40.45245365,3.571655278,15.56938146,34.00529275,0.9995659099,0.9708604701,0.04890738919,0.01994189034,0.9982233674,0.9983015203,0.8957620039,0.9193425138,0.8503350804,0.7367441127,0.9981456119,0.9983306753,0.8945863786,0.9159849148,0.8557796456,0.7377794932,0.1326380301,0.4050345369,108.4204757,0.868354227,0.9737772061,0.9757821568,0.9800567476,0.8601709959,0.9645353117,0.9695478417,0.9791758679,0.9855853908,0.9427816772,0.1354214105,0.06085204155,0.05562376319,0.03754181649,0.03108432545,0.02481924843,0.02179190871,0.01887398596,0.0173783789,0.01511706797
Qwen/Qwen3-Embedding-0.6B,4,mean_abs,5,35;277;0;23;16,1024,847,858,0.07693058851,0.123073046,0.2010578676,0.02955192002,0.02632122447,0.05606224374,0.1281829788,0.03149168037,0.004632689743,0.04415696152,0.8540520092,0.7904358766,0.6703912709,0.9514417229,0.9580626437,0.9236040582,0.8287634886,0.9480360677,0.9954668726,0.9371766686,0.1208670337,0.05026642623,0.0389695087,0.0373279111,0.03112229152,0.02395579959,0.01887391927,0.01869927206,0.01807891181,0.0148055739,0.9568939034,0.1309403521,0.05732110982,0.04877638457,16.16028483,31.71893837,45.09815654,8.686549741,16.5851515,38.36274503,0.9997104671,0.9604868406,0.01495698291,0.02587905432,0.9983277538,0.9984069569,0.8731256846,0.9016284283,0.8042640792,0.6622212851,0.9983035278,0.9985642242,0.8703935416,0.8975251652,0.8165921118,0.6705545288,0.1309966211,0.4017790237,109.6538787,0.8700920269,0.9738441155,0.9755832456,0.9794495416,0.8601709959,0.9645353117,0.9695478417,0.9791758679,0.9855853908,0.9427816772,0.1354214105,0.06085204155,0.05562376319,0.03754181649,0.03108432545,0.02481924843,0.02179190871,0.01887398596,0.0173783789,0.01511706797
Qwen/Qwen3-Embedding-0.6B,4,mean_abs,10,35;277;0;23;16;496;24;13;30;3,1024,847,858,0.1112033926,0.1293960398,0.2298481678,0.03381231233,0.06830377742,0.09046758573,0.1402545473,0.03559502417,0.01254849135,0.05351901252,0.7923371193,0.7808279892,0.6301994442,0.9422282846,0.876829118,0.8688987768,0.8128498887,0.9407134349,0.9821243699,0.929748667,0.1137197807,0.05035808471,0.03715156061,0.03748953883,0.02888651098,0.02285580334,0.01877345906,0.01881740155,0.01808899455,0.01489607357,0.9435421842,0.1279480364,0.05784270118,0.04823926797,19.52371665,31.20345126,46.63594213,10.70914078,19.45086145,41.06011855,0.9997275402,0.9425032365,0.006781786251,0.03861600645,0.9980160273,0.9979775875,0.8804144735,0.9057254088,0.7938939466,0.6556882028,0.9977044506,0.9980648668,0.8782261648,0.9022640632,0.8006969165,0.6595915037,0.1280019778,0.3980961337,111.230603,0.8683427626,0.9744917231,0.9764063147,0.9793182986,0.8601709959,0.9645353117,0.9695478417,0.9791758679,0.9855853908,0.9427816772,0.1354214105,0.06085204155,0.05562376319,0.03754181649,0.03108432545,0.02481924843,0.02179190871,0.01887398596,0.0173783789,0.01511706797
Qwen/Qwen3-Embedding-0.6B,4,variance,1,35,1024,847,858,0.006335086941,0.04546958949,0.1719615691,0.00249985766,0.0001895584002,0.03220025323,0.07648848626,0.0008483162465,0.00428259509,0.01260462267,0.9881605703,0.9223301189,0.7109769567,0.9961827872,0.999729177,0.9586389763,0.9093538502,0.999101539,0.9958110366,0.9895976616,0.1362374474,0.05714038846,0.04026220327,0.03807465356,0.03163774046,0.02422285633,0.02017482728,0.01919795194,0.01761845582,0.0152302794,0.9822416724,0.137106026,0.0598623028,0.04862359254,4.695031119,20.81839508,33.99589831,0.1015183397,1.049251295,29.51345801,0.9998164829,0.9966444891,0.02590465884,0.0470465159,0.9992915943,0.9992726472,0.9412587252,0.9515335294,0.9131258352,0.8422262096,0.9991204234,0.9993095935,0.9395266201,0.9480846581,0.9144847739,0.8397518739,0.1371402851,0.4110874573,105.8092266,0.8634552955,0.9711268647,0.9741884629,0.9788222137,0.8601709959,0.9645353117,0.9695478417,0.9791758679,0.9855853908,0.9427816772,0.1354214105,0.06085204155,0.05562376319,0.03754181649,0.03108432545,0.02481924843,0.02179190871,0.01887398596,0.0173783789,0.01511706797
Qwen/Qwen3-Embedding-0.6B,4,variance,3,35;0;10,1024,847,858,0.09138196032,0.08902993035,0.1914934777,0.02953210198,0.05459368822,0.05929632196,0.08164544188,0.01400232847,0.005676863462,0.01267269854,0.8276304101,0.8471945813,0.6794557277,0.9482499142,0.8993162703,0.9189595491,0.9016792805,0.9793913988,0.9936563486,0.9892590487,0.1165916131,0.05362926699,0.03931561468,0.03703238076,0.02908020317,0.02372622036,0.02044047104,0.01922929897,0.0179634195,0.01555683107,0.9612945088,0.1283175196,0.05887050384,0.04862745518,17.68563281,27.55815142,39.7172832,7.135705821,17.91035173,33.60347155,0.9994997001,0.952737689,0.05328740674,0.01125993045,0.9979396859,0.997622867,0.903998963,0.9280014704,0.8663449339,0.7594273071,0.9977516657,0.9977541269,0.9032692882,0.9248296799,0.8750818579,0.7644217001,0.1284011682,0.4006056738,110.1094075,0.8653530564,0.971638528,0.9733605256,0.9780350735,0.8601709959,0.9645353117,0.9695478417,0.9791758679,0.9855853908,0.9427816772,0.1354214105,0.06085204155,0.05562376319,0.03754181649,0.03108432545,0.02481924843,0.02179190871,0.01887398596,0.0173783789,0.01511706797
Qwen/Qwen3-Embedding-0.6B,4,variance,5,35;0;10;23;25,1024,847,858,0.1307034097,0.1128368266,0.2061075625,0.03513714412,0.09899220085,0.0660742504,0.08324215204,0.02074028932,0.005771832379,0.02291338671,0.757992996,0.8051436883,0.6585037586,0.9384989394,0.8229415164,0.919647458,0.9027238023,0.9687343071,0.9937741832,0.9681740299,0.1080707984,0.05158273675,0.03856332387,0.0370941055,0.02693185416,0.02403066755,0.02071123511,0.01924970783,0.01818246693,0.01540908422,0.9498262455,0.1243198231,0.05814346029,0.04857499839,21.24876222,29.69507003,42.07132268,10.95798324,21.18362307,35.78882884,0.9996299041,0.932015699,0.006544498739,0.02684223025,0.9978177232,0.9970837163,0.8925048346,0.9212219678,0.8453232781,0.7184482595,0.9976702533,0.9974490675,0.8898666928,0.9163620545,0.8613751048,0.733533645,0.1243904948,0.3954775289,112.1859254,0.8677681417,0.9715203789,0.9732069186,0.9773891206,0.8601709959,0.9645353117,0.9695478417,0.9791758679,0.9855853908,0.9427816772,0.1354214105,0.06085204155,0.05562376319,0.03754181649,0.03108432545,0.02481924843,0.02179190871,0.01887398596,0.0173783789,0.01511706797
Qwen/Qwen3-Embedding-0.6B,4,variance,10,35;0;10;23;25;138;119;129;30;167,1024,847,858,0.1549479573,0.1432062762,0.2401135251,0.1081279544,0.1415565261,0.07826785988,0.09529791293,0.0473809208,0.01177498668,0.06946420456,0.7168662951,0.7577888297,0.6096649464,0.8147073345,0.7552209818,0.894302797,0.8848410447,0.9167190719,0.9849188864,0.8935523953,0.104978881,0.04986545626,0.0366714462,0.03307450501,0.02538586343,0.02400212317,0.0208514843,0.01871010993,0.01850913709,0.01460710105,0.924748329,0.1242277111,0.05820007182,0.04825911161,23.24236782,31.82486594,44.33353777,14.06018654,23.17828627,38.92578804,0.999539483,0.9188437845,0.01141901353,0.01900662869,0.9972595021,0.9960821373,0.8805858184,0.9105609395,0.8339796712,0.7045874396,0.9969304094,0.9966255573,0.8795751924,0.9082100138,0.849113965,0.7165424817,0.1243170727,0.3931913348,113.5960792,0.8678122528,0.9716386559,0.9734363898,0.9770975762,0.8601709959,0.9645353117,0.9695478417,0.9791758679,0.9855853908,0.9427816772,0.1354214105,0.06085204155,0.05562376319,0.03754181649,0.03108432545,0.02481924843,0.02179190871,0.01887398596,0.0173783789,0.01511706797
Qwen/Qwen3-Embedding-0.6B,5,mean_abs,1,35,1024,847,858,0.003635713243,0.01599115094,0.1632583078,0.001975445149,0.001440427992,0.0134185825,0.07144896935,0.01648324377,0.008143334823,0.002018776885,0.9931536942,0.971734454,0.719641214,0.9968299687,0.9978001733,0.9807032467,0.9072132022,0.9786576733,0.9909866298,0.9978755929,0.13467352,0.0662905555,0.04035843434,0.03998543331,0.03346244674,0.02767180994,0.02050970487,0.02200392962,0.01759247682,0.0166957078,0.9843916748,0.135164941,0.06736784488,0.04823284738,3.548621306,9.889267362,26.88815934,0.0896871408,0.9696206581,26.46390898,0.9999019667,0.9980826331,0.01311192519,0.0354666945,0.9996299301,0.9995403761,0.9893407834,0.9891474914,0.9649772024,0.9553330794,0.9995513519,0.9995182353,0.987988562,0.9874420294,0.9665768182,0.9607430739,0.1351824288,0.4293243604,99.27971919,0.8651609995,0.9676231206,0.9688175682,0.9831376015,0.8608762404,0.9593152334,0.9580222421,0.981910226,0.9811533875,0.9422610935,0.1334853736,0.06715401588,0.05520599154,0.03948650111,0.03301277637,0.02777588371,0.02225450718,0.02213285168,0.01747539997,0.01647010497
Qwen/Qwen3-Embedding-0.6B,5,mean_abs,3,35;23;0,1024,847,858,0.08310815315,0.06514256234,0.214515164,0.02682075914,0.006651756275,0.04196836696,0.07651596551,0.03226110798,0.01209944892,0.006837133203,0.8437034018,0.8787148432,0.6395276906,0.9557834089,0.9891288615,0.9341957477,0.8999824642,0.9621399252,0.9844896462,0.9891009047,0.1169865506,0.06129603831,0.0366739782,0.03920311664,0.03391933887,0.0269536898,0.02080484494,0.02212014985,0.01787107725,0.01692191155,0.962692405,0.1275903489,0.06556725746,0.04668960688,16.96914814,15.53898563,29.15983032,11.54380497,18.07143731,29.8164417,0.9988693506,0.9564620497,0.05781479638,0.07658025293,0.9963895574,0.9965957731,0.9946224232,0.9945400451,0.9691132754,0.9582278177,0.996276303,0.9966695389,0.9951426637,0.9942758383,0.970663025,0.9628381556,0.1277683502,0.4192676813,103.1514257,0.8707621769,0.9693246969,0.9682264091,0.9817597798,0.8608762404,0.9593152334,0.9580222421,0.981910226,0.9811533875,0.9422610935,0.1334853736,0.06715401588,0.05520599154,0.03948650111,0.03301277637,0.02777588371,0.02225450718,0.02213285168,0.01747539997,0.01647010497
Qwen/Qwen3-Embedding-0.6B,5,mean_abs,5,35;23;0;277;16,1024,847,858,0.08384464275,0.0674157757,0.2252076799,0.02794796794,0.009053248468,0.06782763973,0.1205842696,0.03763925288,0.0177220491,0.03315424032,0.8425085246,0.8754156203,0.6219969957,0.9533483989,0.9841809873,0.8908548965,0.8297978911,0.9499900867,0.9756908557,0.9431434996,0.1176188001,0.06148299856,0.03591230336,0.03937032988,0.03398018824,0.02587876912,0.01931341478,0.02198999884,0.01783233108,0.01624586733,0.9561614731,0.1283830293,0.06592755587,0.04635087678,17.05349328,15.82437006,29.82934931,11.64021874,18.25679431,30.48310732,0.9988208066,0.9560313711,0.05981312682,0.07853825227,0.9962130347,0.9964766903,0.9939725496,0.9938552698,0.9709809239,0.9604783636,0.9961300229,0.9965321415,0.9944478957,0.9934027419,0.9722559363,0.9646133402,0.1285707827,0.4194346125,103.1630181,0.873111923,0.9709385379,0.9698085199,0.9837744281,0.8608762404,0.9593152334,0.9580222421,0.981910226,0.9811533875,0.9422610935,0.1334853736,0.06715401588,0.05520599154,0.03948650111,0.03301277637,0.02777588371,0.02225450718,0.02213285168,0.01747539997,0.01647010497
Qwen/Qwen3-Embedding-0.6B,5,mean_abs,10,35;23;0;277;16;30;24;13;3;496,1024,847,858,0.1302322717,0.08112428516,0.2651084578,0.03273068903,0.03345577375,0.1135630614,0.1296758742,0.04070440709,0.01883108252,0.05061046808,0.7587998696,0.8511380621,0.5570439554,0.9425920654,0.9381366691,0.803217435,0.8118932622,0.9425389666,0.975811228,0.9210705827,0.1078125756,0.06083877961,0.03273287658,0.03961693974,0.03296527129,0.02374704114,0.01923204255,0.02220471381,0.01815103641,0.01614722034,0.9394885846,0.1239555943,0.06621002016,0.04454109852,21.26939664,17.34777426,32.85900687,15.43132957,22.12084923,32.98943928,0.99921911,0.9318851178,0.06031769884,0.03304968356,0.9972598827,0.9969275065,0.9924074884,0.9916903529,0.9608869538,0.9495221364,0.9973535108,0.9971524055,0.9925264071,0.9906954895,0.9592452071,0.9514165441,0.124065271,0.4145368733,105.1874366,0.8710278786,0.9719386455,0.9709386865,0.9830975244,0.8608762404,0.9593152334,0.9580222421,0.981910226,0.9811533875,0.9422610935,0.1334853736,0.06715401588,0.05520599154,0.03948650111,0.03301277637,0.02777588371,0.02225450718,0.02213285168,0.01747539997,0.01647010497
Qwen/Qwen3-Embedding-0.6B,5,variance,1,35,1024,847,858,0.003635713243,0.01599115094,0.1632583078,0.001975445149,0.001440427992,0.0134185825,0.07144896935,0.01648324377,0.008143334823,0.002018776885,0.9931536942,0.971734454,0.719641214,0.9968299687,0.9978001733,0.9807032467,0.9072132022,0.9786576733,0.9909866298,0.9978755929,0.13467352,0.0662905555,0.04035843434,0.03998543331,0.03346244674,0.02767180994,0.02050970487,0.02200392962,0.01759247682,0.0166957078,0.9843916748,0.135164941,0.06736784488,0.04823284738,3.548621306,9.889267362,26.88815934,0.0896871408,0.9696206581,26.46390898,0.9999019667,0.9980826331,0.01311192519,0.0354666945,0.9996299301,0.9995403761,0.9893407834,0.9891474914,0.9649772024,0.9553330794,0.9995513519,0.9995182353,0.987988562,0.9874420294,0.9665768182,0.9607430739,0.1351824288,0.4293243604,99.27971919,0.8651609995,0.9676231206,0.9688175682,0.9831376015,0.8608762404,0.9593152334,0.9580222421,0.981910226,0.9811533875,0.9422610935,0.1334853736,0.06715401588,0.05520599154,0.03948650111,0.03301277637,0.02777588371,0.02225450718,0.02213285168,0.01747539997,0.01647010497
Qwen/Qwen3-Embedding-0.6B,5,variance,3,35;0;10,1024,847,858,0.1103395343,0.05403279279,0.1965088234,0.0494675902,0.05643230599,0.03108892352,0.07214963817,0.0316767546,0.0167343024,0.003419711472,0.7950859814,0.9012276084,0.6695567891,0.9098391035,0.9025989019,0.9536376636,0.9046520422,0.9610110237,0.9749765485,0.9956461436,0.110681834,0.06311535742,0.03854803121,0.03746638748,0.03107459093,0.02762357284,0.02099559171,0.02218167371,0.01776846305,0.01710133255,0.9588958314,0.1244090732,0.06672044965,0.04797567457,19.72577983,14.88659203,28.15306825,9.562742046,20.02539946,29.11030978,0.9979862905,0.9413187759,0.0874878338,0.09111771927,0.9946317052,0.9937798704,0.9926162445,0.991918111,0.9694581029,0.9596102443,0.9942517521,0.9940568232,0.9931639264,0.9918189675,0.9704867938,0.9636693983,0.124684106,0.4169685764,104.0739311,0.8674375625,0.9698386022,0.9690076618,0.9825713868,0.8608762404,0.9593152334,0.9580222421,0.981910226,0.9811533875,0.9422610935,0.1334853736,0.06715401588,0.05520599154,0.03948650111,0.03301277637,0.02777588371,0.02225450718,0.02213285168,0.01747539997,0.01647010497
Qwen/Qwen3-Embedding-0.6B,5,variance,5,35;0;10;25;22,1024,847,858,0.1623826397,0.05625477688,0.2333894235,0.07254429114,0.1161791873,0.03488193494,0.07573152048,0.05069539749,0.01702741529,0.009249180403,0.709502245,0.8967562668,0.6259949004,0.8740350417,0.8252059309,0.9447931311,0.8929252825,0.9191232636,0.9734612627,0.9851028784,0.10036049,0.06381484626,0.03662117947,0.03657234562,0.02886820021,0.02780865155,0.02105757806,0.0215569071,0.01802690278,0.01719306373,0.9436798506,0.1198166308,0.0676187224,0.04777025076,24.32635109,15.12760802,31.60740006,10.48658917,20.7275194,34.01675702,0.9956289366,0.9112139193,0.09252524225,0.1631813079,0.9875248639,0.9836438925,0.9930004845,0.9923034218,0.9645230469,0.9551019246,0.9870681809,0.9853451808,0.9937545293,0.9922013699,0.9668944218,0.9591985695,0.120435248,0.410713111,106.3921404,0.86665668,0.9704421856,0.9696983679,0.9823075181,0.8608762404,0.9593152334,0.9580222421,0.981910226,0.9811533875,0.9422610935,0.1334853736,0.06715401588,0.05520599154,0.03948650111,0.03301277637,0.02777588371,0.02225450718,0.02213285168,0.01747539997,0.01647010497
Qwen/Qwen3-Embedding-0.6B,5,variance,10,35;0;10;25;22;30;23;12;7;15,1024,847,858,0.2198601103,0.09956881865,0.37027942,0.1038724707,0.1509904448,0.08050183984,0.1274219337,0.05909060512,0.06452490061,0.01761254291,0.6140401996,0.8154401909,0.4133947046,0.8263858646,0.7816804944,0.8617864249,0.7875724092,0.9022219265,0.8892467332,0.9722967665,0.08968344078,0.05991642304,0.02497082553,0.03570370695,0.02823534519,0.02619083294,0.01917742316,0.02184904845,0.01700322021,0.01752173005,0.9139411325,0.114958153,0.06654192378,0.03965381841,28.15927063,18.97482115,61.88173971,18.04931954,28.08878022,62.03040882,0.9981702544,0.8816391475,0.05187255098,0.06006251454,0.99254399,0.9894694296,0.9938946018,0.9934450563,0.5705154341,0.5318787146,0.9926776252,0.9912756476,0.994199466,0.9928563062,0.5666137357,0.537564086,0.1152385173,0.3982866376,110.7206886,0.8711373357,0.9727623659,0.9725537617,0.9800445473,0.8608762404,0.9593152334,0.9580222421,0.981910226,0.9811533875,0.9422610935,0.1334853736,0.06715401588,0.05520599154,0.03948650111,0.03301277637,0.02777588371,0.02225450718,0.02213285168,0.01747539997,0.01647010497
Qwen/Qwen3-Embedding-0.6B,6,mean_abs,1,35,1024,847,858,0.0002340495278,0.03021474387,0.1567128854,0.001399457542,0.0005187419809,0.0004863291585,0.05028225398,0.0367830965,0.0005795193555,0.01131730815,0.9995580408,0.9461192091,0.7286250785,0.997721397,0.9991868139,0.9992938236,0.9315546768,0.9550075012,0.9993028652,0.9874410197,0.1332622011,0.06499871777,0.04043234657,0.039957659,0.03440866815,0.02715505557,0.02171468183,0.01830558334,0.01866845392,0.01651492975,0.9853284526,0.1332933984,0.06702382549,0.04794612164,0.9035415983,13.43665512,27.56022615,0.03038996326,0.9018642723,26.59293431,0.9999926904,0.9998756597,0.004656453332,0.008804283535,0.9999749552,0.9999618066,0.9808923206,0.9833480222,0.9617578239,0.9517434942,0.9999709792,0.9999597231,0.9788176153,0.9804667956,0.9630021095,0.9527276896,0.1332946479,0.4252098521,94.24712337,0.8716792208,0.9718294214,0.974057661,0.9844363364,0.8667111766,0.9657806608,0.9657309227,0.9838147223,0.9828674589,0.9489345834,0.1313650964,0.0676924064,0.05467714832,0.03946133503,0.03393143232,0.02677555715,0.02296815676,0.01888677532,0.01840739125,0.01647959711
Qwen/Qwen3-Embedding-0.6B,6,mean_abs,3,35;23;0,1024,847,858,0.09295275764,0.08327831105,0.2160667599,0.04276228676,0.02575687512,0.003505110087,0.06920143972,0.0379290569,0.007062615504,0.01593756116,0.8259540546,0.8453554793,0.6326918078,0.9323049993,0.9589223249,0.9950080952,0.9072841356,0.9524483682,0.9899107758,0.9781382831,0.1129805359,0.05958639029,0.03602183387,0.03830871097,0.03388077797,0.02774168796,0.02169887473,0.01873126068,0.01897387552,0.01678473924,0.9603559869,0.1245586013,0.06499943332,0.04595012946,17.97073425,17.45881775,29.11777819,13.64477824,19.87685006,29.46200088,0.9987651645,0.9512142331,0.05674556395,0.05503629184,0.99604735,0.9967451499,0.9941414251,0.9934264335,0.9710215185,0.9611412972,0.9957622383,0.9965741473,0.9944947815,0.9934691417,0.9722932161,0.9636025045,0.1247511196,0.4137642794,98.38492576,0.8802513697,0.9732233242,0.9731474692,0.9823196726,0.8667111766,0.9657806608,0.9657309227,0.9838147223,0.9828674589,0.9489345834,0.1313650964,0.0676924064,0.05467714832,0.03946133503,0.03393143232,0.02677555715,0.02296815676,0.01888677532,0.01840739125,0.01647959711
Qwen/Qwen3-Embedding-0.6B,6,mean_abs,5,35;23;0;16;277,1024,847,858,0.09901117533,0.08786681865,0.2244056678,0.04372588401,0.02864272871,0.02357379401,0.1005885319,0.05772197408,0.05116256902,0.0323937075,0.8154554198,0.8384894992,0.6190073804,0.9309857616,0.9549998575,0.9575138781,0.8476685966,0.9241684077,0.9127621086,0.9538253529,0.1124114491,0.05956181387,0.03551665175,0.0385518432,0.03400445614,0.0269038187,0.02043066825,0.01831636402,0.01763113132,0.01649475183,0.9529490163,0.1247645321,0.06529947061,0.04579282013,18.58464143,18.03605737,29.7755618,13.81552725,20.7528505,30.13201869,0.9985772969,0.9478538754,0.06638573526,0.05427533199,0.9954493844,0.9961024782,0.993016871,0.9921235535,0.9701555695,0.9613152607,0.99531497,0.9960129687,0.9933497194,0.9919727416,0.9714181388,0.9635681171,0.1249840917,0.4130221164,98.55984094,0.8830617519,0.9749062391,0.9746596902,0.984065664,0.8667111766,0.9657806608,0.9657309227,0.9838147223,0.9828674589,0.9489345834,0.1313650964,0.0676924064,0.05467714832,0.03946133503,0.03393143232,0.02677555715,0.02296815676,0.01888677532,0.01840739125,0.01647959711
Qwen/Qwen3-Embedding-0.6B,6,mean_abs,10,35;23;0;16;277;30;13;24;3;1,1024,847,858,0.1742208747,0.1007861064,0.2552365828,0.05756108947,0.07314958361,0.0351356087,0.1075651025,0.06001608946,0.06325644123,0.05846670552,0.6845854511,0.8161496074,0.5697320247,0.8974470971,0.8696639327,0.9358908452,0.8340965993,0.919259928,0.8989792335,0.9185128273,0.09637269119,0.05920468323,0.0333828046,0.03795132681,0.03162277546,0.02685406577,0.02052999421,0.0186055484,0.01773324587,0.01622101957,0.933154742,0.1167051676,0.06584048984,0.04482336784,24.83058074,19.4445526,33.35352619,17.57962795,25.6655247,33.3066901,0.9987120112,0.9075534731,0.07712768487,0.007121421063,0.9960926949,0.9956392798,0.9912711249,0.9901230617,0.9478515357,0.940408098,0.9961076594,0.9959760166,0.9913602632,0.9895034078,0.9481676902,0.9403374,0.1168614465,0.4055317874,101.3967791,0.8800097485,0.9754837923,0.9749886056,0.9830717366,0.8667111766,0.9657806608,0.9657309227,0.9838147223,0.9828674589,0.9489345834,0.1313650964,0.0676924064,0.05467714832,0.03946133503,0.03393143232,0.02677555715,0.02296815676,0.01888677532,0.01840739125,0.01647959711
Qwen/Qwen3-Embedding-0.6B,6,variance,1,0,1024,847,858,0.06573812278,0.0377804829,0.03956090831,0.03339922274,0.007899448274,0.001908542487,0.003026861438,0.00106298273,0.002025104815,0.0005705221349,0.8766349125,0.9334853784,0.9326056972,0.9469201655,0.9879745667,0.9973382525,0.9960823298,0.9987862847,0.9977329935,0.999420096,0.1170565529,0.06423096575,0.05183234995,0.0379823751,0.03407571179,0.02714425785,0.02325510788,0.01917464636,0.01866824777,0.01674139513,0.9837913981,0.1252930851,0.06675292343,0.05396734723,15.32248225,15.81044525,18.48495498,0.1204556069,3.986492565,23.2567642,0.9978083092,0.9644538033,0.1020891466,0.08472927189,0.9944333467,0.9943546275,0.9783521201,0.980801053,0.9706163507,0.9673598074,0.9938550947,0.993879415,0.9771737292,0.9785175845,0.9735369057,0.971653663,0.1255996617,0.4226724535,95.73169012,0.8691805301,0.9681935109,0.9686925213,0.9829951433,0.8667111766,0.9657806608,0.9657309227,0.9838147223,0.9828674589,0.9489345834,0.1313650964,0.0676924064,0.05467714832,0.03946133503,0.03393143232,0.02677555715,0.02296815676,0.01888677532,0.01840739125,0.01647959711
Qwen/Qwen3-Embedding-0.6B,6,variance,3,0;35;10,1024,847,858,0.1307283706,0.06901365746,0.1975938072,0.06354905577,0.02479681268,0.02037806005,0.05532386783,0.03785808981,0.002708802731,0.01338215489,0.7589081625,0.8741228091,0.6644447625,0.885316592,0.9563901478,0.9713129771,0.9260913967,0.9522167882,0.9974934604,0.9834550771,0.1041663689,0.06182593863,0.03795972443,0.03650301107,0.03390748659,0.02717415325,0.02222482274,0.01879108948,0.01918494741,0.01693399508,0.9570655577,0.1198317826,0.06640907155,0.04730736723,21.5207797,17.10768312,28.78648998,11.80314971,22.02439379,29.38121462,0.997787531,0.9302845862,0.0935641336,0.08441737756,0.9945042685,0.9943623491,0.9883520124,0.987402208,0.9661711923,0.9573711327,0.9937229485,0.9937591923,0.9892851068,0.9881429802,0.9677276769,0.9602933027,0.1201037725,0.4111292605,99.40539005,0.8742265342,0.9746591965,0.975112912,0.9841669618,0.8667111766,0.9657806608,0.9657309227,0.9838147223,0.9828674589,0.9489345834,0.1313650964,0.0676924064,0.05467714832,0.03946133503,0.03393143232,0.02677555715,0.02296815676,0.01888677532,0.01840739125,0.01647959711
Qwen/Qwen3-Embedding-0.6B,6,variance,5,0;35;10;30;23,1024,847,858,0.2004996122,0.08467504374,0.2464035952,0.08049425381,0.04363293662,0.02811968507,0.07176108723,0.03837752801,0.01405376422,0.01786999267,0.6409230222,0.8419737827,0.5834540633,0.854300098,0.9204745783,0.9518450382,0.9020452204,0.9503361386,0.9783970194,0.9757671513,0.08965165089,0.06068913566,0.03396917154,0.03589671117,0.03325725663,0.02713795996,0.02206108581,0.01911205951,0.01917696143,0.01712242269,0.9391340123,0.1121345934,0.06630337701,0.04507607961,26.6533414,17.45282163,32.23850791,17.04137186,26.64824228,32.26865839,0.9995404984,0.8937369933,0.03910817151,0.01926017524,0.9979430956,0.9975886628,0.994290499,0.9936772973,0.9543284102,0.9454598538,0.9977024592,0.9972947045,0.9946387261,0.9937403647,0.9544277425,0.9457048264,0.1121915977,0.4033608001,102.4553076,0.878627822,0.9746704574,0.974966237,0.9827760325,0.8667111766,0.9657806608,0.9657309227,0.9838147223,0.9828674589,0.9489345834,0.1313650964,0.0676924064,0.05467714832,0.03946133503,0.03393143232,0.02677555715,0.02296815676,0.01888677532,0.01840739125,0.01647959711
Qwen/Qwen3-Embedding-0.6B,6,variance,10,0;35;10;30;23;25;138;15;12;22,1024,847,858,0.282016426,0.1195620526,0.3356761604,0.1213378263,0.1141632186,0.03876529436,0.1085533143,0.07344820849,0.04612555329,0.06183193551,0.519599068,0.7819801468,0.4608241095,0.7882084658,0.8129007676,0.9359117738,0.8215539403,0.8775077866,0.9223855598,0.8976132636,0.07528410784,0.05838356848,0.0277904772,0.03430582161,0.03042248475,0.02763938549,0.02081216126,0.01827947628,0.01872663279,0.01631514008,0.906661228,0.1048549167,0.06631196288,0.04183272607,32.26082073,21.2525939,44.33364195,19.58026104,31.4749135,44.22117959,0.9979794579,0.8456270296,0.03791710372,0.08609834225,0.9928188589,0.9903771642,0.986869443,0.9859826544,0.8627178663,0.8342094903,0.9920375377,0.9914096632,0.9864976618,0.9853303999,0.879494056,0.8578977678,0.1051120778,0.3914231156,106.5525816,0.8783954618,0.9756774948,0.9764134433,0.9804956732,0.8667111766,0.9657806608,0.9657309227,0.9838147223,0.9828674589,0.9489345834,0.1313650964,0.0676924064,0.05467714832,0.03946133503,0.03393143232,0.02677555715,0.02296815676,0.01888677532,0.01840739125,0.01647959711
Qwen/Qwen3-Embedding-0.6B,7,mean_abs,1,35,1024,847,858,0.001281360845,0.0366999242,0.09438933678,0.002423623982,0.008616022104,0.0009766516624,0.06999544275,0.05103438755,0.003697317883,0.009554638216,0.997567722,0.9327475696,0.8356034818,0.995957362,0.9862562498,0.9985079963,0.9012049925,0.931102372,0.995132337,0.9883578007,0.1293935008,0.07352891574,0.04271424109,0.03961340476,0.0321665956,0.02791449088,0.02021907132,0.0189156585,0.01922598874,0.01669934419,0.9869675968,0.1295595133,0.07633022938,0.04716623029,2.131893984,12.13016408,20.84982552,0.05673466541,1.955827659,22.36170226,0.999948694,0.999307841,0.01502647784,0.01558536347,0.9998574256,0.9998437508,0.9920286988,0.9933792744,0.9770967344,0.9694364687,0.9998492053,0.9998467389,0.9912446805,0.9923405151,0.9782033299,0.9709874606,0.1295664359,0.4289647104,93.7546754,0.8792203913,0.971521028,0.9754185445,0.9840873219,0.8756395122,0.9691145522,0.9713646828,0.9842569346,0.9770848229,0.9525998243,0.1280185693,0.07780310518,0.05045164698,0.03925584406,0.03218979607,0.02759186514,0.02214320648,0.02005057937,0.01906824569,0.01667585523
Qwen/Qwen3-Embedding-0.6B,7,mean_abs,3,35;23;0,1024,847,858,0.1144557693,0.08973342529,0.1355072895,0.03719745666,0.03722449346,0.01428868719,0.1038298952,0.06346766789,0.004122302528,0.01769262387,0.7883748129,0.8347698573,0.763690588,0.9434726757,0.9379868547,0.9802166121,0.8487300416,0.9137950762,0.9945648622,0.9784644532,0.1051578896,0.06767057093,0.04014476666,0.03858955746,0.03145945023,0.02817988838,0.01958151258,0.01909026211,0.01975968433,0.01700079852,0.9597626578,0.1187494492,0.07434148722,0.04643736861,20.32343413,18.84689882,22.80346291,13.04887269,21.63851662,24.18226253,0.9965074164,0.9377469586,0.1128648082,0.04916379438,0.9922503869,0.9931221109,0.9919292667,0.9910898044,0.9795003199,0.974714225,0.9918825874,0.9927839028,0.9928839221,0.991941831,0.9811054034,0.9766467804,0.1191345958,0.416468465,98.33729335,0.8881475315,0.9728269258,0.9735678637,0.9819844468,0.8756395122,0.9691145522,0.9713646828,0.9842569346,0.9770848229,0.9525998243,0.1280185693,0.07780310518,0.05045164698,0.03925584406,0.03218979607,0.02759186514,0.02214320648,0.02005057937,0.01906824569,0.01667585523
Qwen/Qwen3-Embedding-0.6B,7,mean_abs,5,35;23;0;16;30,1024,847,858,0.1624572138,0.09769388647,0.1964899675,0.04193847743,0.03868716057,0.0687834373,0.1205854564,0.07933915111,0.01608367547,0.01940117127,0.7043338531,0.8190627699,0.6607552901,0.9307036126,0.9337946371,0.8819638328,0.8111576237,0.8782363467,0.9775161168,0.9762347376,0.09541192624,0.06743187684,0.03527500862,0.03866044521,0.03180685524,0.02575033992,0.01900627005,0.01863328663,0.01972358233,0.01722635945,0.9450371223,0.1139188681,0.07473281609,0.04390114273,24.03474915,19.01944167,28.78302371,17.25903582,24.47314389,28.90665874,0.9979511778,0.9132986091,0.0782075435,0.03535017992,0.9949915584,0.9944514143,0.9933416609,0.9924794787,0.961727562,0.9651108414,0.9948763546,0.9946313577,0.9943531619,0.9934260911,0.9627396807,0.9653611603,0.1141329128,0.41006535,100.4820539,0.8864773448,0.974083762,0.9751116412,0.982817858,0.8756395122,0.9691145522,0.9713646828,0.9842569346,0.9770848229,0.9525998243,0.1280185693,0.07780310518,0.05045164698,0.03925584406,0.03218979607,0.02759186514,0.02214320648,0.02005057937,0.01906824569,0.01667585523
Qwen/Qwen3-Embedding-0.6B,7,mean_abs,10,35;23;0;16;30;277;13;3;24;18,1024,847,858,0.1941649756,0.1230008953,0.2021261206,0.04764955312,0.07751669288,0.1026567493,0.1412850553,0.09164283557,0.04332864747,0.109179199,0.6541063856,0.7768242768,0.6515954321,0.9216651717,0.8687507752,0.827194163,0.7779517935,0.8612477151,0.9348701209,0.8363541687,0.09029501885,0.06517216591,0.03544833277,0.03901395071,0.03015475923,0.02461109601,0.0185752912,0.01862076176,0.01922226028,0.01503906294,0.9273796577,0.1120514946,0.07431269378,0.04442849138,26.64599514,22.09538238,28.83965525,18.93879918,27.22599303,29.21155677,0.9956681376,0.8937945027,0.1220243157,0.03999935443,0.990254676,0.9895083931,0.9877542931,0.9866294931,0.9655384216,0.9663699393,0.990213863,0.9900336757,0.9896555309,0.9879153778,0.9667406573,0.9667665195,0.1124597099,0.4069707158,101.5808839,0.8895523066,0.9746336144,0.9753018033,0.9834739564,0.8756395122,0.9691145522,0.9713646828,0.9842569346,0.9770848229,0.9525998243,0.1280185693,0.07780310518,0.05045164698,0.03925584406,0.03218979607,0.02759186514,0.02214320648,0.02005057937,0.01906824569,0.01667585523
Qwen/Qwen3-Embedding-0.6B,7,variance,1,0,1024,847,858,0.08437517752,0.03716199492,0.03394943771,0.02205355106,0.001686488253,0.007595049839,0.00681227892,0.0005457818169,0.000406709465,0.006286142528,0.8430742631,0.9342453523,0.9441737752,0.965971948,0.9975669859,0.9897483993,0.9918949113,0.9993967935,0.9995692462,0.9941907479,0.1099008871,0.07401509032,0.04850535404,0.03861279431,0.032698113,0.02780790453,0.02236498283,0.02040456192,0.0194082341,0.01688185752,0.9820590517,0.1200282959,0.07687179975,0.05020995374,17.84019095,14.8287713,15.31367678,0.1601901846,4.777102663,23.98233233,0.994807992,0.9519147242,0.1496357865,0.08545265715,0.9898164315,0.9896100776,0.9868245992,0.9869523397,0.9830339101,0.9777760347,0.9885984195,0.988842563,0.9877541294,0.9868498643,0.9849235149,0.9808523327,0.1205652462,0.4243984778,95.97992111,0.8778031348,0.9717678785,0.9720609885,0.9840997804,0.8756395122,0.9691145522,0.9713646828,0.9842569346,0.9770848229,0.9525998243,0.1280185693,0.07780310518,0.05045164698,0.03925584406,0.03218979607,0.02759186514,0.02214320648,0.02005057937,0.01906824569,0.01667585523
Qwen/Qwen3-Embedding-0.6B,7,variance,3,0;10;35,1024,847,858,0.1596093084,0.07874681192,0.130669692,0.06371924485,0.02203027147,0.02043516351,0.07692579179,0.05276621704,0.008513887278,0.01947010255,0.7099589173,0.8559834265,0.7718496687,0.8858249889,0.9637556269,0.9749979547,0.8909210118,0.9287163981,0.9883365138,0.9740898355,0.09512823535,0.06970525801,0.04075785529,0.03639615451,0.03247045728,0.02815710602,0.02064823642,0.01949006523,0.01972508269,0.01700162296,0.9554253218,0.1131952511,0.0756635189,0.04688419915,24.22663865,18.63625502,23.05158446,13.38218969,22.49520098,25.90418065,0.9947652723,0.9119294312,0.1399538854,0.05619441517,0.9902187407,0.9901824253,0.9873775039,0.9862138685,0.9752431603,0.9716060067,0.988841692,0.9891677038,0.9890954511,0.9874354749,0.9769679168,0.9734642608,0.113641355,0.4132562595,99.61530922,0.8816912394,0.9744748511,0.9760758337,0.9846782616,0.8756395122,0.9691145522,0.9713646828,0.9842569346,0.9770848229,0.9525998243,0.1280185693,0.07780310518,0.05045164698,0.03925584406,0.03218979607,0.02759186514,0.02214320648,0.02005057937,0.01906824569,0.01667585523
Qwen/Qwen3-Embedding-0.6B,7,variance,5,0;10;35;30;23,1024,847,858,0.2356623437,0.1005910903,0.1895858286,0.08117812419,0.04962951436,0.03366237865,0.1064222715,0.07993495413,0.01598794564,0.02134129214,0.5868369758,0.8129128629,0.6739644982,0.8541726019,0.9112968192,0.9481121832,0.8399823349,0.8763424246,0.9833699297,0.9709591232,0.08035778371,0.06765165671,0.03637055087,0.03586637355,0.03137730146,0.02798197063,0.01989519376,0.01879482445,0.02005696301,0.01731915,0.9348942517,0.1051338804,0.07521790809,0.04487896702,29.13890181,18.81989348,28.85883039,18.54075324,26.47678806,31.15776201,0.9990594965,0.8734418171,0.02291957508,0.06728587043,0.9962679333,0.9954859928,0.9948604259,0.9943569183,0.9575476298,0.9579784746,0.9954875167,0.9947737137,0.9954273958,0.9950599455,0.9577972108,0.9567832295,0.1052509772,0.4041137458,103.0184251,0.8868351564,0.974441793,0.9759380814,0.9832270578,0.8756395122,0.9691145522,0.9713646828,0.9842569346,0.9770848229,0.9525998243,0.1280185693,0.07780310518,0.05045164698,0.03925584406,0.03218979607,0.02759186514,0.02214320648,0.02005057937,0.01906824569,0.01667585523
Qwen/Qwen3-Embedding-0.6B,7,variance,10,0;10;35;30;23;22;12;15;25;138,1024,847,858,0.3204347271,0.1308822905,0.2916334761,0.1395753148,0.1148865202,0.04043431528,0.1435849164,0.124137288,0.02782388121,0.08762945229,0.466047604,0.7609154274,0.5155070277,0.7675954263,0.8137684864,0.9346538021,0.762272132,0.7971217559,0.9584259891,0.8541943716,0.06616990807,0.06565844636,0.02884477932,0.03341904079,0.02905202272,0.02860152027,0.01872008579,0.01772592351,0.02026873307,0.0157979998,0.9016598216,0.09737093802,0.0755460919,0.04072013335,34.63464962,21.62279354,38.96924668,20.62953812,34.16938015,39.67159302,0.9981019444,0.8227928146,0.01664583572,0.03091602133,0.9923042695,0.9903658681,0.9921647415,0.9913457238,0.9083855366,0.8706833384,0.9916624397,0.9911589016,0.9921764792,0.9918030467,0.9153331105,0.8845270177,0.09761611347,0.3915210758,107.2050252,0.8860763593,0.9749941298,0.9771436894,0.98168339,0.8756395122,0.9691145522,0.9713646828,0.9842569346,0.9770848229,0.9525998243,0.1280185693,0.07780310518,0.05045164698,0.03925584406,0.03218979607,0.02759186514,0.02214320648,0.02005057937,0.01906824569,0.01667585523
Qwen/Qwen3-Embedding-0.6B,8,mean_abs,1,35,1024,847,858,0.03430386365,0.01419635032,0.1085761514,0.01873413798,0.0004244208245,0.03897486241,0.04684442674,0.003062553301,0.01343796307,0.005311344595,0.9354889268,0.9746436517,0.8188133394,0.9697923116,0.9993820775,0.94652292,0.9414689788,0.9964840695,0.985820037,0.9947707333,0.1342932264,0.0781217779,0.04237729656,0.04289852884,0.03148980352,0.02584261946,0.02150520403,0.02005175258,0.01788822068,0.01679441006,0.9831453613,0.1390636467,0.07924679314,0.04753888582,10.90632933,8.006070262,31.72817047,0.2441230862,7.845717277,32.72609382,0.9992260315,0.9819378178,0.04661996305,0.08705512112,0.9971889042,0.9974866426,0.9960335499,0.9960023341,0.8876237755,0.8643029902,0.9969584651,0.997353258,0.9960971571,0.9958442998,0.8947973377,0.8732153126,0.1391965767,0.44246814,88.73820913,0.8832116816,0.9686239801,0.9719312586,0.9827034572,0.8823642577,0.9666370851,0.9685635776,0.9820475691,0.9722427147,0.9513072262,0.1411345006,0.07880322559,0.05088222252,0.04348919777,0.03097819638,0.02684251053,0.02245718347,0.0197833444,0.01783968729,0.01659814246
Qwen/Qwen3-Embedding-0.6B,8,mean_abs,3,35;23;0,1024,847,858,0.1026666085,0.07325725522,0.1329025039,0.08508486968,0.05300858296,0.05078264659,0.05960810487,0.01180161529,0.03844173189,0.01339597007,0.8102123054,0.8626103036,0.7810240569,0.8526359435,0.9113026053,0.9355704869,0.9237151893,0.9820465473,0.948477829,0.9822480595,0.1192255892,0.07087549207,0.04143505649,0.0386618369,0.02943446806,0.02618406658,0.02162872025,0.02025672517,0.0176421647,0.0169987943,0.9590970357,0.1328665469,0.07647806521,0.04778592566,18.9448519,16.22383626,25.88518388,12.0247925,17.28581717,28.27113679,0.9984742292,0.9458315021,0.03679973474,0.1194313322,0.9943912032,0.9963259707,0.994861161,0.9946025882,0.9566548205,0.9526327641,0.9928749632,0.9951819921,0.9953615359,0.9949659218,0.9599990296,0.9562718651,0.1331323641,0.4319030334,92.17454553,0.8928294388,0.9697702689,0.9702569465,0.9809380729,0.8823642577,0.9666370851,0.9685635776,0.9820475691,0.9722427147,0.9513072262,0.1411345006,0.07880322559,0.05088222252,0.04348919777,0.03097819638,0.02684251053,0.02245718347,0.0197833444,0.01783968729,0.01659814246
Qwen/Qwen3-Embedding-0.6B,8,mean_abs,5,35;23;0;30;16,1024,847,858,0.1646606201,0.07948866475,0.1946046376,0.0949012648,0.05800717951,0.08921101495,0.07055625959,0.02892466616,0.04249743129,0.01504475893,0.700577666,0.8513241679,0.6655265227,0.8324248575,0.8976232593,0.8706437003,0.896096076,0.9537098697,0.9451033916,0.9796263886,0.1049432094,0.07120390626,0.0359415087,0.03842300254,0.02951311763,0.02480438461,0.02135869555,0.02002538394,0.01789498842,0.01725777592,0.9421827254,0.1256294291,0.07735255779,0.04462591961,23.99591753,16.91402643,28.24538396,16.66945418,23.12937297,28.86142498,0.9995682684,0.9135744363,0.01795286865,0.0385008418,0.9972664205,0.99796797,0.9937211767,0.9938012777,0.9652326402,0.9691914702,0.9966121549,0.9975617098,0.9941560485,0.9939960279,0.9672350574,0.9706822112,0.1257081801,0.4244410248,94.7751963,0.8912037746,0.9708054962,0.9713432581,0.9812742998,0.8823642577,0.9666370851,0.9685635776,0.9820475691,0.9722427147,0.9513072262,0.1411345006,0.07880322559,0.05088222252,0.04348919777,0.03097819638,0.02684251053,0.02245718347,0.0197833444,0.01783968729,0.01659814246
Qwen/Qwen3-Embedding-0.6B,8,mean_abs,10,35;23;0;30;16;277;13;1;18;24,1024,847,858,0.197578194,0.1057312302,0.1970730281,0.1114241292,0.08933070695,0.1420536113,0.1094595758,0.04865648736,0.06859908019,0.0817324127,0.6469166198,0.805866097,0.6609558809,0.8088493313,0.8442710587,0.7763652561,0.8305358447,0.9229893674,0.9049955978,0.8813364312,0.09885246079,0.06875635814,0.0364119996,0.03808509231,0.02831678973,0.02256291509,0.02019387451,0.01976980542,0.01747993001,0.01583825006,0.9236214593,0.1231926401,0.07688556334,0.04534908015,26.49622732,19.89408851,29.03970339,19.1495629,25.68631512,29.85577175,0.9990887732,0.8949637399,0.05034224003,0.04294115966,0.9962278503,0.9967235254,0.9894279974,0.989656427,0.9602635167,0.9624494303,0.9956036773,0.9962429459,0.9906742796,0.9902074933,0.9632011857,0.9647533213,0.123319768,0.4209025541,96.11136253,0.894254089,0.9711808608,0.9714894645,0.9824692434,0.8823642577,0.9666370851,0.9685635776,0.9820475691,0.9722427147,0.9513072262,0.1411345006,0.07880322559,0.05088222252,0.04348919777,0.03097819638,0.02684251053,0.02245718347,0.0197833444,0.01783968729,0.01659814246
Qwen/Qwen3-Embedding-0.6B,8,variance,1,35,1024,847,858,0.03430386365,0.01419635032,0.1085761514,0.01873413798,0.0004244208245,0.03897486241,0.04684442674,0.003062553301,0.01343796307,0.005311344595,0.9354889268,0.9746436517,0.8188133394,0.9697923116,0.9993820775,0.94652292,0.9414689788,0.9964840695,0.985820037,0.9947707333,0.1342932264,0.0781217779,0.04237729656,0.04289852884,0.03148980352,0.02584261946,0.02150520403,0.02005175258,0.01788822068,0.01679441006,0.9831453613,0.1390636467,0.07924679314,0.04753888582,10.90632933,8.006070262,31.72817047,0.2441230862,7.845717277,32.72609382,0.9992260315,0.9819378178,0.04661996305,0.08705512112,0.9971889042,0.9974866426,0.9960335499,0.9960023341,0.8876237755,0.8643029902,0.9969584651,0.997353258,0.9960971571,0.9958442998,0.8947973377,0.8732153126,0.1391965767,0.44246814,88.73820913,0.8832116816,0.9686239801,0.9719312586,0.9827034572,0.8823642577,0.9666370851,0.9685635776,0.9820475691,0.9722427147,0.9513072262,0.1411345006,0.07880322559,0.05088222252,0.04348919777,0.03097819638,0.02684251053,0.02245718347,0.0197833444,0.01783968729,0.01659814246
Qwen/Qwen3-Embedding-0.6B,8,variance,3,35;10;0,1024,847,858,0.178190666,0.06463606267,0.1224223626,0.08334205518,0.01313668389,0.05299146947,0.05027584201,0.005695564745,0.02456221901,0.0145728798,0.6811511845,0.8795838324,0.8017844756,0.8550778896,0.9772928502,0.9483212336,0.9401170652,0.994537356,0.9634286366,0.9809515679,0.1009932788,0.07281770669,0.04285874805,0.03906635011,0.03180508897,0.02674203,0.02217956315,0.02066981438,0.01805604187,0.01710498974,0.9518844567,0.1228913747,0.0778495982,0.04883755718,25.23159112,15.590927,24.31548726,12.73123665,17.92980728,30.33925146,0.9978546409,0.9045921534,0.0335431581,0.1449874347,0.9922727811,0.9936881392,0.9919439565,0.9914335844,0.9671558198,0.966480155,0.9905997863,0.9925839623,0.9927566816,0.9919438828,0.96946547,0.9689515972,0.1232231854,0.4269349439,94.33451795,0.886231941,0.9713739416,0.9727802732,0.9835232693,0.8823642577,0.9666370851,0.9685635776,0.9820475691,0.9722427147,0.9513072262,0.1411345006,0.07880322559,0.05088222252,0.04348919777,0.03097819638,0.02684251053,0.02245718347,0.0197833444,0.01783968729,0.01659814246
Qwen/Qwen3-Embedding-0.6B,8,variance,5,35;10;0;30;23,1024,847,858,0.2506886011,0.07963590311,0.1857602812,0.1127782055,0.06778258406,0.06403072721,0.06119138904,0.02639282369,0.04887645855,0.0155644656,0.5647015049,0.8515890804,0.677754613,0.8025300436,0.8792988795,0.9252441052,0.9178064242,0.9656960646,0.9222259571,0.9802061853,0.0856800666,0.07214425247,0.03707372417,0.03752065018,0.02928331961,0.02669974529,0.02215817764,0.02053845792,0.0176869211,0.01749059508,0.9301914444,0.114345073,0.07838664363,0.04553170684,30.1569955,17.2018456,27.27564587,16.67732965,26.59819733,30.74954315,0.9988729125,0.8646521102,0.05108595418,0.02796608802,0.9953967676,0.9960533639,0.9923632434,0.9924048693,0.9700008973,0.972646016,0.9946764977,0.9953864922,0.9924582895,0.991903074,0.9711485445,0.9730060923,0.1144856909,0.4171061864,97.78302334,0.8917977015,0.970943845,0.9717807484,0.9816489468,0.8823642577,0.9666370851,0.9685635776,0.9820475691,0.9722427147,0.9513072262,0.1411345006,0.07880322559,0.05088222252,0.04348919777,0.03097819638,0.02684251053,0.02245718347,0.0197833444,0.01783968729,0.01659814246
Qwen/Qwen3-Embedding-0.6B,8,variance,10,35;10;0;30;23;15;277;32;25;12,1024,847,858,0.3390296457,0.1268816488,0.2675554673,0.1350355067,0.08215664169,0.08660228203,0.102647983,0.0542102147,0.09856551532,0.07047052131,0.4409717436,0.769765442,0.5557768056,0.7685807481,0.8565677861,0.8734082267,0.8423757654,0.9190279002,0.8290702224,0.9057874056,0.06933462244,0.06757850914,0.03150450739,0.03723720712,0.0295613367,0.02611840263,0.02107498884,0.02025511017,0.01647725096,0.01674911898,0.8976226399,0.1048982333,0.07739902506,0.04301282348,36.00287753,22.26127481,52.28203701,20.32417206,35.12537484,52.95993137,0.9950635235,0.8089874734,0.1022960334,0.09053919839,0.988573791,0.9890006621,0.986016489,0.9860657359,0.6951637939,0.6385631722,0.9867028888,0.9874903427,0.9872666244,0.9869512784,0.7159587713,0.6661979001,0.1052942856,0.4054666419,102.0246119,0.8924388524,0.9740416348,0.9747393347,0.9826930122,0.8823642577,0.9666370851,0.9685635776,0.9820475691,0.9722427147,0.9513072262,0.1411345006,0.07880322559,0.05088222252,0.04348919777,0.03097819638,0.02684251053,0.02245718347,0.0197833444,0.01783968729,0.01659814246
Qwen/Qwen3-Embedding-0.6B,9,mean_abs,1,35,1024,847,858,0.007918700797,0.002230296683,0.08542913984,0.004195916485,0.001431661282,0.04529273121,0.06001927104,0.01187182702,0.003237362044,0.0001971056844,0.9847849743,0.9958232973,0.8472349782,0.9926746127,0.997645023,0.9284665825,0.9095094695,0.9828270004,0.9955678691,0.9997375596,0.140987248,0.08803005825,0.04501221535,0.04394730496,0.03161510091,0.02483650267,0.02078772347,0.01998127803,0.0177548709,0.01682684091,0.9888730081,0.1421125951,0.08822683026,0.0492167609,5.17609954,2.92743445,19.41896352,0.07124870521,2.140006052,20.01113996,0.9998888976,0.9959221186,0.01015430723,0.03794083987,0.9995323285,0.9994781489,0.9996348806,0.9995628695,0.9788510412,0.9787480107,0.9994639659,0.9994548372,0.9996562816,0.999574338,0.9797141249,0.978536868,0.1421331839,0.4571089378,85.34020102,0.8831230595,0.9660725275,0.9713727165,0.981814105,0.880595324,0.964260365,0.9698316359,0.9811211133,0.9694733466,0.9521888144,0.1415725135,0.08741565772,0.05253721334,0.0437790018,0.03133711813,0.02645237596,0.02260165433,0.02010419585,0.01763547533,0.01664397684
Qwen/Qwen3-Embedding-0.6B,9,mean_abs,3,35;23;30,1024,847,858,0.08890409768,0.0274857866,0.1367307893,0.0333733779,0.08015344456,0.06492011423,0.07246975674,0.02645069351,0.01997805419,0.0003795142965,0.83236177,0.9500255011,0.7631810564,0.9394013264,0.8591624866,0.8917095928,0.8947303936,0.9600014953,0.9717441352,0.9995634311,0.1221348074,0.0860741766,0.04155688625,0.04262509976,0.02790504617,0.02444761567,0.02095949446,0.02000354651,0.01776182072,0.01724311982,0.9648318149,0.1340526361,0.08850685719,0.04813896492,17.8128044,11.7256824,24.32387905,4.298886067,15.74577098,26.10214266,0.9974307486,0.9520610525,0.1031273612,0.0575460389,0.9950664494,0.9948503712,0.9926875353,0.9924873978,0.9742910238,0.9757548663,0.9941332795,0.9940313082,0.9929158287,0.9922965715,0.9746147719,0.9741945643,0.1343237347,0.4468662571,88.63059106,0.8878423743,0.9662545691,0.97032669,0.9797994544,0.880595324,0.964260365,0.9698316359,0.9811211133,0.9694733466,0.9521888144,0.1415725135,0.08741565772,0.05253721334,0.0437790018,0.03133711813,0.02645237596,0.02260165433,0.02010419585,0.01763547533,0.01664397684
Qwen/Qwen3-Embedding-0.6B,9,mean_abs,5,35;23;30;0;16,1024,847,858,0.1592358169,0.0675102762,0.1519154289,0.07551333618,0.08404853997,0.1006085982,0.09058543486,0.02926216345,0.03739997899,0.01624381503,0.7092157379,0.8752379873,0.739012988,0.8673422023,0.8517184501,0.839532995,0.8589232104,0.9555650869,0.9512101478,0.9847642108,0.106319972,0.08101639882,0.0411127617,0.04020813042,0.02826263544,0.02351581324,0.02055663922,0.02034250947,0.0177631994,0.01735589068,0.9443705896,0.1264563526,0.08688181408,0.04847719568,23.67878251,16.22677928,26.67983863,9.806776996,23.7873008,27.8785648,0.9987779219,0.9158113778,0.05814717272,0.02476675773,0.9965943547,0.9964295115,0.9900047962,0.9901095538,0.9623334689,0.9674083094,0.9959627749,0.996203524,0.990742701,0.990172574,0.9617148641,0.9665164608,0.1265935892,0.4376517607,91.72162153,0.8916494221,0.968821865,0.9708119849,0.9787482488,0.880595324,0.964260365,0.9698316359,0.9811211133,0.9694733466,0.9521888144,0.1415725135,0.08741565772,0.05253721334,0.0437790018,0.03133711813,0.02645237596,0.02260165433,0.02010419585,0.01763547533,0.01664397684
Qwen/Qwen3-Embedding-0.6B,9,mean_abs,10,35;23;30;0;16;277;13;18;1;28,1024,847,858,0.1987006548,0.09645327623,0.170266373,0.1154451528,0.1111218297,0.1628059658,0.113660607,0.04780780858,0.08480861365,0.09758902353,0.6455020916,0.8238056242,0.7061866263,0.8050575999,0.8057606576,0.7352757246,0.823602216,0.9276317939,0.8730589667,0.8860039722,0.09908029244,0.07807727825,0.04022510676,0.03821232762,0.02737636589,0.02108752438,0.02018219595,0.0202196212,0.01669327047,0.01598834294,0.9223363325,0.1236495363,0.08641199862,0.04847954265,26.75563631,19.64923533,27.23978274,14.14419612,26.27770772,29.22116559,0.9975215524,0.8929346619,0.09127370789,0.007022970832,0.9939017745,0.9934670165,0.9859397633,0.9868946349,0.9669928288,0.9690091729,0.9929674124,0.9928400434,0.9874689908,0.9872514362,0.9665753015,0.9682403493,0.1238916558,0.4322952133,93.54033646,0.8938383228,0.9713608042,0.9737963681,0.9819613857,0.880595324,0.964260365,0.9698316359,0.9811211133,0.9694733466,0.9521888144,0.1415725135,0.08741565772,0.05253721334,0.0437790018,0.03133711813,0.02645237596,0.02260165433,0.02010419585,0.01763547533,0.01664397684
Qwen/Qwen3-Embedding-0.6B,9,variance,1,0,1024,847,858,0.06909734599,0.03805686053,0.009447150024,0.03758122615,0.001210382007,0.003147926385,0.001309524246,0.0003741801474,0.00922344935,0.01547451003,0.8700773584,0.9312648876,0.984153346,0.939386638,0.9982338633,0.9957210763,0.9983629347,0.9995670855,0.9904172483,0.9848085974,0.1253027293,0.08281064724,0.0525960982,0.04183443947,0.03182109163,0.02679329386,0.022953684,0.02044195248,0.01776761297,0.01667372579,0.9830515202,0.134603472,0.08608684219,0.05309772033,16.09655068,14.15722884,8.56170513,0.1424763999,4.191374141,20.43926595,0.9958157321,0.9607958473,0.1382846605,0.03894917756,0.9921136661,0.9918524674,0.9905283871,0.9899743366,0.9933848369,0.9931760438,0.9906263727,0.9903885493,0.9921000456,0.9910331883,0.9936606123,0.9933264818,0.1350647547,0.452239162,87.44685105,0.882755148,0.9670227415,0.9697782135,0.9802997378,0.880595324,0.964260365,0.9698316359,0.9811211133,0.9694733466,0.9521888144,0.1415725135,0.08741565772,0.05253721334,0.0437790018,0.03133711813,0.02645237596,0.02260165433,0.02010419585,0.01763547533,0.01664397684
Qwen/Qwen3-Embedding-0.6B,9,variance,3,0;30;10,1024,847,858,0.2051159349,0.05572066261,0.05120891082,0.06736299905,0.02256495125,0.02001318105,0.002737509242,0.006261386959,0.01447745319,0.02213452463,0.6341500234,0.8955062493,0.9063411661,0.8822277909,0.9693394036,0.965927662,0.9959702045,0.9951058189,0.9783320949,0.9686418195,0.09400306248,0.08196508576,0.04985741834,0.04044060429,0.03180577403,0.02675348343,0.0235698936,0.02094725017,0.01806527254,0.01688073549,0.9550562541,0.1182600918,0.086801736,0.05254836276,26.98856173,14.3254354,17.10740039,8.423052453,19.61785911,27.25045317,0.9994778039,0.891097139,0.01426528926,0.04060195927,0.9973253652,0.9970051967,0.9935578527,0.9938322234,0.9780404553,0.9804238983,0.9963035279,0.9961144019,0.9936596621,0.9939716528,0.9774074352,0.978950333,0.1183385814,0.4388960815,92.2851173,0.8835085353,0.9680465228,0.9713551544,0.9800113909,0.880595324,0.964260365,0.9698316359,0.9811211133,0.9694733466,0.9521888144,0.1415725135,0.08741565772,0.05253721334,0.0437790018,0.03133711813,0.02645237596,0.02260165433,0.02010419585,0.01763547533,0.01664397684
Qwen/Qwen3-Embedding-0.6B,9,variance,5,0;30;10;35;23,1024,847,858,0.2291755921,0.07522581823,0.1466217146,0.09102031324,0.09284152309,0.07968654228,0.07443920819,0.02750034178,0.03431969853,0.02247296825,0.5962577606,0.8605556739,0.746183551,0.8358889574,0.8378185534,0.8825833405,0.8939876171,0.9623314036,0.952490885,0.968874929,0.09036396662,0.08052866533,0.04196575142,0.03917389386,0.02810550076,0.02499209778,0.02162987607,0.02071064689,0.01798168135,0.01726263628,0.9341523286,0.1172302871,0.08707927504,0.04917602444,28.69459026,16.91075003,25.35154671,11.65064253,26.42228219,28.86241242,0.9991177772,0.8771915014,0.04440855227,0.01335937284,0.9969810116,0.9971209815,0.9902440718,0.9908651468,0.9712213535,0.9750685703,0.9963580463,0.9965955966,0.9899914347,0.9900140883,0.9701431234,0.973539248,0.1173211466,0.4313220674,94.23162151,0.8921251496,0.9686486091,0.9711069965,0.9795370735,0.880595324,0.964260365,0.9698316359,0.9811211133,0.9694733466,0.9521888144,0.1415725135,0.08741565772,0.05253721334,0.0437790018,0.03133711813,0.02645237596,0.02260165433,0.02010419585,0.01763547533,0.01664397684
Qwen/Qwen3-Embedding-0.6B,9,variance,10,0;30;10;35;23;277;32;15;12;22,1024,847,858,0.3171377276,0.1105784016,0.2671865528,0.118133915,0.140721075,0.1205452842,0.1010997407,0.05321846088,0.06526303863,0.1078167353,0.4695388103,0.7969089992,0.5498360172,0.7932978098,0.7647262024,0.7964633188,0.8496702101,0.9127529462,0.8942974832,0.8583894071,0.07395182601,0.07749905824,0.03213650791,0.03863674882,0.02666020534,0.02343845226,0.02136432052,0.02041448433,0.0175455765,0.01589424549,0.8988796237,0.1082968396,0.08713422113,0.04385360016,34.86905206,21.45600338,53.41164519,19.17803521,34.35125924,53.29018314,0.9928674547,0.8204607971,0.1382515047,0.02972545183,0.9877337611,0.9875142406,0.9846686368,0.9846548519,0.6793702587,0.6464596633,0.9848386968,0.9852667739,0.9865854067,0.9851759799,0.6983124468,0.6595039965,0.1086709039,0.4182339957,98.70794806,0.891869726,0.9717488102,0.9740396235,0.9809045143,0.880595324,0.964260365,0.9698316359,0.9811211133,0.9694733466,0.9521888144,0.1415725135,0.08741565772,0.05253721334,0.0437790018,0.03133711813,0.02645237596,0.02260165433,0.02010419585,0.01763547533,0.01664397684
Qwen/Qwen3-Embedding-0.6B,10,mean_abs,1,35,1024,847,858,0.01755255179,0.003448970739,0.01920375683,0.009749268805,0.001834077917,0.01285043451,0.04476359045,0.004893730489,0.02876834769,5.391273574e-06,0.9660757672,0.9934610987,0.9649879148,0.9827120022,0.9968281539,0.978531031,0.927570292,0.992310228,0.956161208,0.9999919193,0.1307575779,0.08689907637,0.04969712763,0.03946551414,0.03354308953,0.0270566996,0.0221135068,0.0210796904,0.0182856221,0.01816931433,0.9909763737,0.1330937122,0.08719982601,0.05067018555,7.691842914,3.654387099,8.749801499,0.0549215081,1.723330763,11.85876552,0.9998157702,0.991002265,0.02145218329,0.02831101299,0.9992654494,0.9992236514,0.9995985756,0.999555997,0.9967196442,0.996645776,0.9991616872,0.9991364409,0.9995965619,0.9995181973,0.9967408431,0.9966241324,0.1331199758,0.4526247356,86.46145828,0.8877693968,0.9653422128,0.9692159277,0.981270355,0.8866936033,0.9650721343,0.968380455,0.9810708084,0.9692169036,0.9553975149,0.134127855,0.08668173489,0.05103553999,0.03979740962,0.03334617817,0.02740081736,0.02362512359,0.02105135528,0.01895142716,0.01800550673
Qwen/Qwen3-Embedding-0.6B,10,mean_abs,3,35;23;30,1024,847,858,0.119341565,0.0136955066,0.07461463082,0.05388051426,0.08221314844,0.03036271414,0.05928419656,0.009779453945,0.05351734134,0.003549847479,0.7785735481,0.9746818385,0.8697686437,0.9038939758,0.8529202512,0.9471301678,0.90260517,0.9842921561,0.9165210075,0.995658243,0.1081679456,0.08751256765,0.0459786715,0.03726080683,0.02946011583,0.02688147812,0.0220877696,0.02146268456,0.01799137277,0.01856930286,0.9654283378,0.1228262188,0.08872773898,0.04968597195,20.79322168,9.171472287,17.29935559,4.444188834,11.67335801,23.91061696,0.9961996765,0.9348676805,0.1059611665,0.09707100661,0.9928735966,0.9924801501,0.9951737238,0.9949604685,0.99200653,0.992604407,0.9918161925,0.9915481815,0.9953658652,0.9946354804,0.9919781567,0.9927604776,0.1231718049,0.4411736287,90.08601376,0.8908961696,0.9655059951,0.9681369802,0.9791750931,0.8866936033,0.9650721343,0.968380455,0.9810708084,0.9692169036,0.9553975149,0.134127855,0.08668173489,0.05103553999,0.03979740962,0.03334617817,0.02740081736,0.02362512359,0.02105135528,0.01895142716,0.01800550673
Qwen/Qwen3-Embedding-0.6B,10,mean_abs,5,35;23;30;277;16,1024,847,858,0.1507844834,0.02143780014,0.08201678867,0.05904292632,0.09338176623,0.09195417127,0.09240956296,0.01764141191,0.05685675767,0.07991206531,0.7245502625,0.9590388491,0.8557809523,0.8934528113,0.8331501083,0.8340506074,0.8573872281,0.9703052931,0.9120803574,0.8722892899,0.1020509835,0.08729582865,0.04586327115,0.03733843592,0.02917420419,0.02399858401,0.02127065168,0.02144954866,0.01815117401,0.01649284529,0.9522923666,0.1201708889,0.08920825745,0.04996090406,23.15387024,9.430874489,18.08667449,7.680601863,13.78755392,25.38909507,0.9977464718,0.9194522103,0.06859552179,0.09359462991,0.9944523676,0.99390156,0.997126847,0.9970696752,0.9909748926,0.9925153812,0.9932279548,0.9934383831,0.9970938693,0.996784024,0.9912306714,0.9928647415,0.1204034764,0.4377136943,91.16003766,0.8928272538,0.9675486483,0.9703347466,0.9822988787,0.8866936033,0.9650721343,0.968380455,0.9810708084,0.9692169036,0.9553975149,0.134127855,0.08668173489,0.05103553999,0.03979740962,0.03334617817,0.02740081736,0.02362512359,0.02105135528,0.01895142716,0.01800550673
Qwen/Qwen3-Embedding-0.6B,10,mean_abs,10,35;23;30;277;16;13;18;0;1;28,1024,847,858,0.222613929,0.1010227704,0.123022993,0.1139070677,0.1007475664,0.1406965396,0.09732869487,0.02228710404,0.08686981032,0.09684197219,0.6076742596,0.8139729938,0.77911434,0.8034758645,0.8216549144,0.7616306682,0.8442916046,0.9625804661,0.8786691016,0.8700518066,0.08827389492,0.07641525391,0.0430641998,0.03463140492,0.02967412987,0.02260218424,0.02160274949,0.02194621222,0.01803473415,0.01696652615,0.9233312414,0.1135521952,0.08500243543,0.04910527808,28.68363267,20.27552931,21.75243855,15.80225742,23.14159416,28.68822357,0.9949963554,0.8772833104,0.1236273885,0.03679824237,0.9907984354,0.9896395619,0.9875190193,0.9881439969,0.9857476061,0.9870455916,0.9892191038,0.9883621092,0.9888835313,0.9878228549,0.9853975838,0.986065909,0.1138860577,0.4271890423,94.9494261,0.8953303282,0.9704539424,0.9719670708,0.9826306008,0.8866936033,0.9650721343,0.968380455,0.9810708084,0.9692169036,0.9553975149,0.134127855,0.08668173489,0.05103553999,0.03979740962,0.03334617817,0.02740081736,0.02362512359,0.02105135528,0.01895142716,0.01800550673
Qwen/Qwen3-Embedding-0.6B,10,variance,1,30,1024,847,858,0.09020442092,0.001317656396,0.04467181822,0.01162186055,0.01217761498,0.003947184839,0.01112381096,8.586955862e-05,0.001185533697,0.003198219104,0.8309152647,0.9976206458,0.9253949563,0.9816734572,0.9817938661,0.9945312296,0.9856805784,0.9998969447,0.998682269,0.9965944348,0.1133576179,0.08795651583,0.04803688494,0.03973716211,0.03329978083,0.02771768388,0.02368564865,0.02140968593,0.0192505993,0.01825150998,0.9831618217,0.1245968001,0.08807256521,0.05028312349,17.73379595,3.02740276,15.27354944,0.03085221895,4.405984407,22.28034322,0.9985845849,0.9524819814,0.03653979952,0.1069249959,0.9958647292,0.9960139462,0.9993818362,0.9993865559,0.9875526956,0.9908469585,0.9948610764,0.9950850806,0.9993991708,0.9993896343,0.9873624128,0.9902083672,0.1247977653,0.4459656834,88.75447927,0.8863021393,0.9662331078,0.9694966866,0.9808842483,0.8866936033,0.9650721343,0.968380455,0.9810708084,0.9692169036,0.9553975149,0.134127855,0.08668173489,0.05103553999,0.03979740962,0.03334617817,0.02740081736,0.02362512359,0.02105135528,0.01895142716,0.01800550673
Qwen/Qwen3-Embedding-0.6B,10,variance,3,30;0;10,1024,847,858,0.1965360269,0.04179159659,0.05671562447,0.05047859762,0.01653250514,0.0205335908,0.0134843027,0.004557302728,0.009144445435,0.02481190089,0.6492595342,0.9207653927,0.903074792,0.9128532374,0.9767752065,0.9636407793,0.9799779977,0.9930237258,0.9892076096,0.9649925097,0.09074264064,0.083166932,0.04802534928,0.0378555764,0.03394023083,0.02751394002,0.02412484391,0.02178280401,0.01953455252,0.01810520258,0.959678802,0.1129392775,0.0867942002,0.05091290657,26.76900203,13.09462275,18.33813787,6.189939388,17.54303191,28.14919842,0.9960597382,0.8928296201,0.08607480977,0.1091124346,0.9917543444,0.990366579,0.9941886939,0.9941644308,0.9748891308,0.9804468855,0.9894572949,0.9881861068,0.994868683,0.9942523181,0.974249567,0.9782042418,0.1132718605,0.4351767529,92.55406612,0.8886342182,0.9685519236,0.9700657651,0.9809704729,0.8866936033,0.9650721343,0.968380455,0.9810708084,0.9692169036,0.9553975149,0.134127855,0.08668173489,0.05103553999,0.03979740962,0.03334617817,0.02740081736,0.02362512359,0.02105135528,0.01895142716,0.01800550673
Qwen/Qwen3-Embedding-0.6B,10,variance,5,30;0;10;277;15,1024,847,858,0.2512246038,0.04791535748,0.115494429,0.07428645336,0.02895500309,0.03079969493,0.05105589656,0.01178689409,0.03423297527,0.1048691895,0.5651930932,0.9112104888,0.7902286336,0.8708523268,0.951915106,0.9443816206,0.9215400111,0.9852703271,0.9436278084,0.8378304993,0.08054304392,0.08391865573,0.0428487039,0.03682235282,0.03372535255,0.02749307125,0.02313132435,0.02203675675,0.01900005529,0.01602779309,0.9412127175,0.1075663601,0.08814201174,0.04844367893,31.69242405,18.02896121,21.29031478,8.596142822,22.26628239,30.57370155,0.983315376,0.8508805826,0.211313336,0.04270727944,0.975799071,0.9733977186,0.9766461237,0.9767020976,0.9884014212,0.9908560033,0.9708312716,0.9688091463,0.9797439428,0.9774245421,0.9875806067,0.9900859977,0.1083546661,0.4290944982,94.76038195,0.8893339134,0.9708720102,0.9721842801,0.9839278729,0.8866936033,0.9650721343,0.968380455,0.9810708084,0.9692169036,0.9553975149,0.134127855,0.08668173489,0.05103553999,0.03979740962,0.03334617817,0.02740081736,0.02362512359,0.02105135528,0.01895142716,0.01800550673
Qwen/Qwen3-Embedding-0.6B,10,variance,10,30;0;10;277;15;35;23;18;12;77,1024,847,858,0.3204961153,0.1269088101,0.1877360922,0.1321107175,0.1155142237,0.1046846072,0.1033260583,0.03757260802,0.1073155997,0.1065791371,0.4660992608,0.7688690777,0.670576693,0.7738752519,0.8005625128,0.8201867944,0.8331286688,0.9338273663,0.8142386675,0.8363215452,0.06927711524,0.07385372267,0.03792395045,0.03412857577,0.02958242129,0.02490397616,0.02181115026,0.02178407178,0.01709960368,0.01668672216,0.9024176866,0.1019524933,0.08458878468,0.04668919804,36.79114733,26.60605008,28.30462093,20.25632881,27.25805803,35.65503817,0.9714961018,0.8008239155,0.2669256599,0.06797358927,0.9610755136,0.9582955547,0.9613799151,0.9604366747,0.9687575245,0.9679811706,0.9556708697,0.9520075313,0.9648302607,0.9616724249,0.9697237081,0.9701565599,0.1031977966,0.4154935255,99.1833566,0.895012989,0.9695379545,0.9726402331,0.9825425364,0.8866936033,0.9650721343,0.968380455,0.9810708084,0.9692169036,0.9553975149,0.134127855,0.08668173489,0.05103553999,0.03979740962,0.03334617817,0.02740081736,0.02362512359,0.02105135528,0.01895142716,0.01800550673
Qwen/Qwen3-Embedding-0.6B,11,mean_abs,1,35,1024,847,858,0.0001920614156,0.01053590182,0.002824681927,0.008039144095,0.01523768061,0.0006607498903,0.04788526597,0.004302845186,0.02385100953,0.01487169477,0.9996241799,0.9797400937,0.9947323469,0.98511283,0.9721065912,0.9988368882,0.9161544471,0.9926181608,0.9604632214,0.9754453135,0.1453792923,0.07993337059,0.04627943152,0.04180108741,0.03606875708,0.02619726617,0.02312914754,0.02194097859,0.01763864336,0.01757726209,0.9937522338,0.1454072194,0.08078450823,0.0464105265,0.8017710593,5.979347915,4.051003286,0.0375082651,1.859190454,6.98754035,0.9999981271,0.9999020919,0.00306713987,0.001025004785,0.9999929673,0.9999862354,0.9993920896,0.9993401867,0.9986137366,0.9987720848,0.9999916304,0.9999843642,0.9992944177,0.9991871859,0.9983562192,0.9984826445,0.1454075176,0.4596026449,84.32728742,0.8955674308,0.9684019871,0.9719348995,0.9746580949,0.8945772083,0.9683697289,0.9715792111,0.9752442715,0.970020397,0.9481995079,0.144525312,0.08107656927,0.04623383224,0.04216768143,0.03687189064,0.02606390701,0.02508817384,0.02196604631,0.01824998693,0.01790714787
Qwen/Qwen3-Embedding-0.6B,11,mean_abs,3,35;23;30,1024,847,858,0.1256896997,0.0155584698,0.05456958326,0.04746305365,0.08081949318,0.0272595662,0.06375421836,0.01425549814,0.04402266759,0.01645621706,0.7675536086,0.9709764803,0.9098861519,0.9168592447,0.8553143964,0.9532356188,0.8983259772,0.9784230554,0.9250111124,0.9735740651,0.1149347958,0.08156483626,0.04358588244,0.04005726426,0.03267533765,0.02574178594,0.02335080752,0.02226780798,0.01749074881,0.01806318422,0.9651639785,0.131457671,0.08285391642,0.04610162913,21.0286725,8.32715021,18.28014371,5.837773213,11.42289697,25.1305844,0.99824111,0.9334009717,0.07013710905,0.09838588994,0.995292118,0.9952267162,0.9976272731,0.9974165358,0.9747855163,0.9743343253,0.9944698034,0.9944568182,0.9976494172,0.9971137625,0.9723802093,0.9720739105,0.1316976964,0.4460682139,88.77749051,0.8999254235,0.9682159938,0.9708402548,0.9741555807,0.8945772083,0.9683697289,0.9715792111,0.9752442715,0.970020397,0.9481995079,0.144525312,0.08107656927,0.04623383224,0.04216768143,0.03687189064,0.02606390701,0.02508817384,0.02196604631,0.01824998693,0.01790714787
Qwen/Qwen3-Embedding-0.6B,11,mean_abs,5,35;23;30;18;277,1024,847,858,0.1524673567,0.07407166257,0.06765398388,0.05096949943,0.09130482617,0.06991317812,0.1194171831,0.04294582609,0.05249137372,0.05115804832,0.7222165328,0.8599458032,0.8856214507,0.9083343889,0.8386990298,0.8842500032,0.827364036,0.9326608069,0.9177636981,0.9192398448,0.1101789383,0.07359591111,0.04322104483,0.04043083588,0.0326429041,0.02432774355,0.02191053241,0.02162533596,0.01767993543,0.0173757077,0.9473550151,0.1299996397,0.07948337699,0.04635730092,23.13775042,16.00751253,21.29186343,13.59828437,17.70193494,26.77871207,0.9988566752,0.9195627989,0.03368522575,0.09407890917,0.9954228748,0.9952428901,0.9975075254,0.9972826023,0.9607088353,0.9599826198,0.9944723979,0.9946109723,0.9976733024,0.997300746,0.9568296099,0.9562761398,0.1301903249,0.441243058,90.52439441,0.9013929575,0.9692203502,0.9734016175,0.9758688111,0.8945772083,0.9683697289,0.9715792111,0.9752442715,0.970020397,0.9481995079,0.144525312,0.08107656927,0.04623383224,0.04216768143,0.03687189064,0.02606390701,0.02508817384,0.02196604631,0.01824998693,0.01790714787
Qwen/Qwen3-Embedding-0.6B,11,mean_abs,10,35;23;30;18;277;13;16;1;0;28,1024,847,858,0.2134291159,0.1195024949,0.08574771021,0.1073461665,0.09547287995,0.1398406672,0.1222527047,0.0533423558,0.06624595742,0.0572291801,0.6222135964,0.7812481415,0.8465051098,0.8096975055,0.8312966412,0.7708067123,0.8132156597,0.9203206849,0.8897821543,0.9204024485,0.0974011682,0.06860647625,0.04239066504,0.03698139391,0.03319954915,0.02176034409,0.02209813063,0.02189635528,0.01758842706,0.01785192026,0.9232498523,0.1238301216,0.07791785423,0.04636648496,27.68626415,20.87890038,22.53170056,19.06541137,21.71123589,29.03663732,0.9984403044,0.8855050396,0.06713471275,0.06421900559,0.9948142515,0.9943361825,0.9923892925,0.9925970606,0.9588163468,0.9581051605,0.993966529,0.993594855,0.9924844421,0.9920820591,0.9551294136,0.954322863,0.1240288585,0.4334867388,93.39047907,0.9023809859,0.9723375032,0.9743260986,0.9770867244,0.8945772083,0.9683697289,0.9715792111,0.9752442715,0.970020397,0.9481995079,0.144525312,0.08107656927,0.04623383224,0.04216768143,0.03687189064,0.02606390701,0.02508817384,0.02196604631,0.01824998693,0.01790714787
Qwen/Qwen3-Embedding-0.6B,11,variance,1,30,1024,847,858,0.09545177076,0.00207875745,0.007316568288,0.03062846275,0.01126045085,0.004234233796,0.008923673612,0.00822020386,0.004206629195,0.0007870619619,0.8206129009,0.9962895666,0.9881263342,0.9514086155,0.9828043316,0.9943643172,0.9883549546,0.9900850197,0.9956060372,0.9991922854,0.1207040841,0.08220924411,0.04649562349,0.04083067046,0.03688095671,0.02637696105,0.02523606884,0.02213421344,0.01849225138,0.01821022037,0.982562739,0.1334412917,0.08238049317,0.04683831925,18.13268705,3.434322682,9.114220761,0.09840147873,6.445012849,19.29708732,0.9992229157,0.9503383371,0.03714355719,0.04112170988,0.997280962,0.9975430637,0.9994167189,0.9993766619,0.9901918917,0.9919060053,0.9966754931,0.996951705,0.9994270827,0.9993808189,0.9887788593,0.9899882123,0.133568813,0.4516023154,87.30999496,0.8940289603,0.9691627956,0.9723395328,0.9742385713,0.8945772083,0.9683697289,0.9715792111,0.9752442715,0.970020397,0.9481995079,0.144525312,0.08107656927,0.04623383224,0.04216768143,0.03687189064,0.02606390701,0.02508817384,0.02196604631,0.01824998693,0.01790714787
Qwen/Qwen3-Embedding-0.6B,11,variance,3,30;23;0,1024,847,858,0.1605125717,0.03563052535,0.05194983757,0.06560732251,0.06597939585,0.03180144026,0.01758877767,0.01181153664,0.02475862438,0.007194071873,0.7072443468,0.9317943701,0.9141261449,0.879889181,0.8810317387,0.9471080603,0.9760949193,0.9808450605,0.959606041,0.9891534187,0.1063762933,0.07862250891,0.04398427888,0.03861349859,0.03380791703,0.02569037851,0.02548546462,0.02242248577,0.0182258161,0.0184340826,0.9608786573,0.1267157669,0.081527372,0.04639446373,23.74542803,11.25245432,17.46753864,7.681946095,14.65861381,26.16224887,0.9990266129,0.9153436138,0.03019696171,0.1013355573,0.9966751336,0.9964719507,0.9976186361,0.9975449398,0.978270825,0.9776967251,0.9963434037,0.9962193498,0.9976911275,0.997468294,0.9760273267,0.9756036661,0.1268634256,0.4423820295,90.32089988,0.8997506226,0.969315669,0.9704496685,0.9746369856,0.8945772083,0.9683697289,0.9715792111,0.9752442715,0.970020397,0.9481995079,0.144525312,0.08107656927,0.04623383224,0.04216768143,0.03687189064,0.02606390701,0.02508817384,0.02196604631,0.01824998693,0.01790714787
Qwen/Qwen3-Embedding-0.6B,11,variance,5,30;23;0;277;10,1024,847,858,0.2316963738,0.04925243534,0.05273254683,0.08092998549,0.07923271344,0.03870507747,0.07090896517,0.01627433405,0.03175608624,0.04471828547,0.5939545475,0.9069542186,0.9104723095,0.8564527272,0.8592646267,0.9328480301,0.901568781,0.9702024222,0.9481459824,0.9373792041,0.09109137796,0.07802986814,0.04466905649,0.03832333215,0.03362036972,0.02580064485,0.02400203472,0.02261488553,0.01836191241,0.01781237701,0.9423665358,0.1185616921,0.08207211992,0.04715569646,28.91543294,13.25354039,17.67275127,10.26928605,16.52205156,30.12674956,0.9986366837,0.8753343204,0.02589557297,0.09986412276,0.994706174,0.994127363,0.9960105458,0.996098094,0.9776486985,0.977570217,0.9938946678,0.9936053992,0.9960451764,0.9959230297,0.9755486876,0.9752889555,0.1187633246,0.4362566565,92.82406947,0.9012443032,0.9715944946,0.9726777572,0.9769077249,0.8945772083,0.9683697289,0.9715792111,0.9752442715,0.970020397,0.9481995079,0.144525312,0.08107656927,0.04623383224,0.04216768143,0.03687189064,0.02606390701,0.02508817384,0.02196604631,0.01824998693,0.01790714787
Qwen/Qwen3-Embedding-0.6B,11,variance,10,30;23;0;277;10;18;77;15;32;19,1024,847,858,0.3197388468,0.1449061378,0.1382522775,0.1002249972,0.1097022251,0.08138291347,0.107511411,0.06939191961,0.06591209921,0.06227920845,0.4682510226,0.7427555285,0.7524514556,0.8257790507,0.8112023905,0.8622700492,0.8382615702,0.8840920471,0.887196958,0.9042574059,0.07478250657,0.06654548953,0.03844286507,0.03847874961,0.03305232364,0.02483477253,0.02323945691,0.02145985318,0.0178920445,0.01789352325,0.9049459322,0.1099320551,0.07782243852,0.04461034717,35.58103907,26.49454029,34.65180469,21.05358951,32.78065313,37.25177295,0.9860737336,0.8132933588,0.2195815983,0.06182675604,0.9756197721,0.9752576809,0.9709022477,0.9706565833,0.8771926559,0.8716024876,0.973144996,0.970620789,0.9721959923,0.9693723007,0.8700837408,0.8651802458,0.1109825116,0.4214381424,97.85287499,0.9028177243,0.9725893614,0.9744413907,0.9742753731,0.8945772083,0.9683697289,0.9715792111,0.9752442715,0.970020397,0.9481995079,0.144525312,0.08107656927,0.04623383224,0.04216768143,0.03687189064,0.02606390701,0.02508817384,0.02196604631,0.01824998693,0.01790714787
Qwen/Qwen3-Embedding-0.6B,12,mean_abs,1,35,1024,847,858,0.0275103113,0.083475654,0.03377868034,0.01277913554,0.006922108308,3.726443342e-05,0.0003102078585,0.01100008703,0.007017471211,0.004219210795,0.9482512686,0.8490937,0.944384364,0.9795225984,0.9894132287,0.9999492894,0.999594816,0.9863637493,0.9922649804,0.9955977683,0.1318389823,0.07304647519,0.0441721121,0.04073818263,0.0347666397,0.02586943153,0.02382288444,0.02145096978,0.0182766597,0.01720946207,0.9837332385,0.1355685143,0.0796994379,0.04571635007,10.26852652,18.56577038,18.13440626,0.2363485335,8.694329094,24.36605853,0.9978037701,0.9839831084,0.1101270964,0.03917640715,0.9955060175,0.9955409328,0.9880183082,0.9870985173,0.9660744708,0.9622014498,0.9953384876,0.9950205236,0.9880165864,0.9871653159,0.9663324402,0.9614982464,0.1358338208,0.4426620448,85.47076044,0.9026902753,0.9705448867,0.9730473759,0.9731190507,0.9014982732,0.9697059239,0.9719008562,0.9705002796,0.97321122,0.9462796892,0.1367721756,0.08462934728,0.0460125946,0.04091330246,0.03456705254,0.02544991024,0.02344486275,0.02139376268,0.01811951242,0.01700437707
Qwen/Qwen3-Embedding-0.6B,12,mean_abs,3,35;23;277,1024,847,858,0.06900275928,0.1025324324,0.07452701256,0.02790488978,0.1008999573,0.03708794062,0.03353271122,0.01110741809,0.02164607534,0.004752037303,0.8690567298,0.8145991534,0.8752307503,0.9520266121,0.8398762229,0.9403937769,0.9438295841,0.9862483493,0.9703213707,0.9950389262,0.1231910816,0.07144935818,0.0417381002,0.04036890888,0.03008922642,0.02480443778,0.0229337285,0.02186788843,0.01822197682,0.01753614726,0.9648651353,0.1323216399,0.07961218963,0.04509920956,15.4720208,19.72419466,27.34695217,10.32072101,17.34901064,29.70845003,0.9988380505,0.9637608386,0.06850917948,0.01554980745,0.9969744735,0.9973366733,0.987816796,0.9862930201,0.9107589433,0.9028947146,0.9966749368,0.9968732791,0.9871049233,0.9855650698,0.9115238232,0.9022311198,0.1324651435,0.436513748,87.27466431,0.9104073736,0.9710878482,0.9732345303,0.975817224,0.9014982732,0.9697059239,0.9719008562,0.9705002796,0.97321122,0.9462796892,0.1367721756,0.08462934728,0.0460125946,0.04091330246,0.03456705254,0.02544991024,0.02344486275,0.02139376268,0.01811951242,0.01700437707
Qwen/Qwen3-Embedding-0.6B,12,mean_abs,5,35;23;277;18;13,1024,847,858,0.07132520942,0.1668404065,0.07471685296,0.03190060212,0.1022638154,0.07346478538,0.04503957799,0.02725900968,0.03078029891,0.006062598002,0.864923194,0.7055764958,0.8754156219,0.9467220633,0.8351822791,0.8835294284,0.9229173683,0.9522593711,0.9634903222,0.9911293652,0.1238600368,0.06252029267,0.04217420665,0.04055486321,0.03022731185,0.02354307469,0.02265512275,0.02133036736,0.01827888791,0.0176460285,0.9550895516,0.1333728858,0.07503999613,0.04557978472,15.75909383,25.27931798,27.7181201,12.6049254,19.34514843,31.76699858,0.9986866979,0.962412142,0.07651491836,0.01676640718,0.9966070475,0.996933352,0.9824238178,0.9802755682,0.9082767972,0.9003460865,0.9963066037,0.9964575533,0.9822193479,0.9799939602,0.9086268873,0.8995214356,0.1335450947,0.43347666,88.13452541,0.9122368834,0.9706740429,0.9734886054,0.9762244034,0.9014982732,0.9697059239,0.9719008562,0.9705002796,0.97321122,0.9462796892,0.1367721756,0.08462934728,0.0460125946,0.04091330246,0.03456705254,0.02544991024,0.02344486275,0.02139376268,0.01811951242,0.01700437707
Qwen/Qwen3-Embedding-0.6B,12,mean_abs,10,35;23;277;18;13;30;16;28;1;0,1024,847,858,0.2297334706,0.2129939616,0.0886887939,0.1061775997,0.118777157,0.1430459503,0.06237958348,0.03469604187,0.07392040481,0.02322247032,0.5962954073,0.6312785884,0.8546759825,0.8099445207,0.7993306017,0.7710944713,0.9082658184,0.9398165003,0.8852583634,0.9638133005,0.08898807979,0.05829276645,0.04290924165,0.03615700291,0.03014820124,0.02141245485,0.02323449731,0.02193829416,0.01750205972,0.01788241864,0.9164892686,0.1155289454,0.07406902057,0.04708516845,28.69359057,28.61051839,25.75148949,15.29001028,28.67171064,32.36644983,0.9994890709,0.8771998788,0.006543730775,0.002853852379,0.9966025654,0.9963836952,0.9754997925,0.9736400906,0.9377592758,0.9393335686,0.9959755446,0.9956149116,0.9742585774,0.9721330719,0.9353961765,0.9405420902,0.115617479,0.4165519184,93.96766444,0.9110260233,0.9740622047,0.9754512096,0.9760286783,0.9014982732,0.9697059239,0.9719008562,0.9705002796,0.97321122,0.9462796892,0.1367721756,0.08462934728,0.0460125946,0.04091330246,0.03456705254,0.02544991024,0.02344486275,0.02139376268,0.01811951242,0.01700437707
Qwen/Qwen3-Embedding-0.6B,12,variance,1,30,1024,847,858,0.1193254835,0.0001612350888,0.001639830836,0.03406688319,0.00925748603,0.006833709912,0.01616917346,0.002626355772,0.001080361283,0.0007530831088,0.7785363965,0.9997150627,0.9974224338,0.9482699284,0.9867610248,0.9916224392,0.9812483517,0.9971657556,0.9990138945,0.9993663148,0.1086220077,0.08630548091,0.04681629114,0.03957652557,0.03479489153,0.02574386508,0.02346755178,0.02176184333,0.01846541979,0.01733510926,0.9802996557,0.1233395604,0.08631939863,0.04689318804,20.3269542,1.13230744,3.93853481,0.02025515788,2.638445456,20.51155072,0.9992359863,0.9377256186,0.01489860994,0.0230569194,0.996820242,0.997144403,0.9999122596,0.9998803445,0.9983340776,0.9981455278,0.996161032,0.9963589319,0.99991504,0.9998907015,0.9983007984,0.9981615504,0.1234686701,0.4384297948,87.03972568,0.9010855788,0.970311178,0.972766809,0.9712413775,0.9014982732,0.9697059239,0.9719008562,0.9705002796,0.97321122,0.9462796892,0.1367721756,0.08462934728,0.0460125946,0.04091330246,0.03456705254,0.02544991024,0.02344486275,0.02139376268,0.01811951242,0.01700437707
Qwen/Qwen3-Embedding-0.6B,12,variance,3,30;35;23,1024,847,858,0.1708259141,0.0841808758,0.07081394648,0.06116510025,0.08529778737,0.04391694091,0.0174750343,0.01370522549,0.02258821038,0.004973402513,0.6913861633,0.8472406015,0.8788963977,0.9027043582,0.8518501151,0.9237955524,0.9757502045,0.9796834986,0.9696566334,0.9935017871,0.09912837792,0.07516355487,0.04239298218,0.03871592469,0.03086775872,0.02464572979,0.02398092365,0.02197113677,0.01841806666,0.01770960767,0.9539386372,0.1195507429,0.08207248886,0.04562378225,25.07701484,19.11912403,22.87497232,10.47549063,22.72526094,27.3572735,0.9946726131,0.9057389008,0.1344420195,0.01878837519,0.9899154706,0.9899220823,0.9855040087,0.9844507523,0.9462625389,0.9446765933,0.9885270853,0.9878039324,0.9855534521,0.984438894,0.9462133277,0.9432250244,0.1200292616,0.4277744346,90.17659424,0.9068855462,0.9704763042,0.9726426878,0.9733071878,0.9014982732,0.9697059239,0.9719008562,0.9705002796,0.97321122,0.9462796892,0.1367721756,0.08462934728,0.0460125946,0.04091330246,0.03456705254,0.02544991024,0.02344486275,0.02139376268,0.01811951242,0.01700437707
Qwen/Qwen3-Embedding-0.6B,12,variance,5,30;35;23;0;277,1024,847,858,0.2113348454,0.1396589802,0.08123471085,0.0750973928,0.1117954407,0.05036334015,0.05056469541,0.01373479201,0.03603593801,0.01308095961,0.6251922511,0.749726778,0.8662689048,0.8668409962,0.8155901863,0.9146695214,0.9277942985,0.9798845722,0.9448834203,0.9784629067,0.09132058255,0.06776124014,0.04256834643,0.03787575604,0.030108677,0.02486038181,0.02323040201,0.02238821276,0.01828445698,0.01776897697,0.9363596022,0.1157913241,0.07876090826,0.04633212305,27.44430023,22.81537134,24.64905778,12.66199045,27.0384737,29.43275908,0.9993143378,0.8874593003,0.02065899159,0.005208064972,0.9962844945,0.996028323,0.9845785762,0.9816158912,0.9397485775,0.9390320502,0.9956987595,0.9953133859,0.9837554163,0.9806860196,0.9384090341,0.9386896766,0.1159004799,0.4221373171,92.29049121,0.9093549316,0.9727368752,0.9739670391,0.9747001581,0.9014982732,0.9697059239,0.9719008562,0.9705002796,0.97321122,0.9462796892,0.1367721756,0.08462934728,0.0460125946,0.04091330246,0.03456705254,0.02544991024,0.02344486275,0.02139376268,0.01811951242,0.01700437707
Qwen/Qwen3-Embedding-0.6B,12,variance,10,30;35;23;0;277;18;10;77;15;32,1024,847,858,0.3168820098,0.2425655981,0.09809205317,0.1394343964,0.1163707102,0.09047962613,0.08029015205,0.06466087108,0.05818753582,0.03489343187,0.4703697547,0.5876566674,0.8414469489,0.7528143602,0.8037539699,0.8538513396,0.8662325221,0.8920560594,0.9057058912,0.9443082141,0.07151211961,0.0552824353,0.04303739444,0.03423693973,0.0308836049,0.02415522161,0.0225748403,0.02121396405,0.01824215774,0.01784912789,0.899616667,0.1046848724,0.07298643309,0.04771816746,34.63907851,31.62988176,29.72238082,18.18761364,33.19380096,36.44990262,0.9954499712,0.82274888,0.1123683432,0.02459294401,0.9898675206,0.9903829504,0.9645187119,0.9598752874,0.9049049118,0.900783375,0.9884793135,0.9875028817,0.9635502203,0.9570036504,0.9018057399,0.8990370111,0.1050317769,0.4071736448,97.39876823,0.9098922546,0.9733180213,0.9750704602,0.9768371129,0.9014982732,0.9697059239,0.9719008562,0.9705002796,0.97321122,0.9462796892,0.1367721756,0.08462934728,0.0460125946,0.04091330246,0.03456705254,0.02544991024,0.02344486275,0.02139376268,0.01811951242,0.01700437707
Qwen/Qwen3-Embedding-0.6B,13,mean_abs,1,35,1024,847,858,0.09377911662,0.05544412986,0.06719763806,0.01813485993,0.008157949032,0.0003773338333,0.03199829951,0.0103814093,0.01249792736,0.003535145417,0.8292051904,0.9059419928,0.9029293355,0.9750348547,0.9897619886,0.9996304813,0.9694875313,0.9915323556,0.9925429347,0.9983218097,0.1241484444,0.0798732185,0.04350591693,0.04186161487,0.03555453589,0.02621032192,0.02479510523,0.02240600211,0.01892881986,0.01751683814,0.9739345267,0.1369957885,0.08456166652,0.04664001583,18.88977731,17.7079142,31.13588556,0.4471460131,14.36785067,34.78134534,0.9938934087,0.946143137,0.1753503736,0.106882983,0.9863413458,0.9872844286,0.9813884135,0.9815154904,0.880818116,0.8698630892,0.9862188245,0.9861863407,0.982871218,0.9818394393,0.8818690826,0.8735175412,0.137764868,0.4524913549,83.45479989,0.9048251572,0.9695631778,0.9725640055,0.9720086769,0.9069107443,0.9683554122,0.9708300658,0.9706438303,0.9739644427,0.9453602409,0.1458172933,0.0858678435,0.04692716578,0.04181437399,0.03498597691,0.02553657372,0.02490883925,0.02200833784,0.01857393829,0.01708893194
Qwen/Qwen3-Embedding-0.6B,13,mean_abs,3,35;23;277,1024,847,858,0.1387852924,0.07308610165,0.1166313267,0.02928558525,0.1166633538,0.03699883305,0.05489118704,0.01789849717,0.02181565422,0.004876507282,0.746980211,0.8713003645,0.8106564518,0.9534099995,0.8147636293,0.9426711777,0.9278704583,0.9812248148,0.9766267321,0.9976149418,0.1142050213,0.07844504592,0.0398867121,0.04179962366,0.02988771471,0.0252400334,0.02423304047,0.02264241972,0.0190195254,0.01787495409,0.9537464407,0.1326092324,0.08463034815,0.04515296196,22.50497465,18.38391643,38.1368695,9.993778726,21.95938491,39.46724387,0.9955062849,0.9238463029,0.1417943878,0.04481365634,0.9900956656,0.9912781251,0.9831220045,0.9830160716,0.8135747855,0.8002542723,0.9898048281,0.9906555926,0.9837697838,0.9826269283,0.8147598099,0.8016775302,0.1331132338,0.4454284571,85.50778544,0.9130149272,0.9700381739,0.9725004079,0.9736574068,0.9069107443,0.9683554122,0.9708300658,0.9706438303,0.9739644427,0.9453602409,0.1458172933,0.0858678435,0.04692716578,0.04181437399,0.03498597691,0.02553657372,0.02490883925,0.02200833784,0.01857393829,0.01708893194
Qwen/Qwen3-Embedding-0.6B,13,mean_abs,5,35;23;277;30;18,1024,847,858,0.2484603482,0.139122911,0.1184178711,0.06742227155,0.1368387541,0.07420013454,0.1155743681,0.02054521191,0.02873497907,0.005140766138,0.5696096577,0.7535065233,0.8079010617,0.8874271618,0.7665503122,0.8830398878,0.8058051928,0.9835090919,0.9749604705,0.9954257634,0.08987426778,0.07001104514,0.04102338497,0.0401520113,0.02901908125,0.02440011857,0.02171863567,0.02342149493,0.01959476207,0.01840656655,0.9241681807,0.1195868609,0.08132525077,0.04653382099,30.43887775,24.18236207,35.56185053,16.58945676,29.44544514,37.86404417,0.9945279889,0.8621701041,0.137840509,0.0309455334,0.9882665142,0.9889492966,0.9773758537,0.9769811028,0.8433390067,0.8319767574,0.9873797581,0.987370234,0.9791557005,0.9780153774,0.8441391317,0.8349991069,0.1200869403,0.4317072249,90.17124427,0.9116702802,0.9704280746,0.9739982002,0.9747069576,0.9069107443,0.9683554122,0.9708300658,0.9706438303,0.9739644427,0.9453602409,0.1458172933,0.0858678435,0.04692716578,0.04181437399,0.03498597691,0.02553657372,0.02490883925,0.02200833784,0.01857393829,0.01708893194
Qwen/Qwen3-Embedding-0.6B,13,mean_abs,10,35;23;277;30;18;13;16;28;1;8,1024,847,858,0.2577824349,0.1553695529,0.1222832252,0.1128633949,0.1426247407,0.1304924889,0.147372623,0.03031087982,0.0666933786,0.006859441045,0.5555282513,0.7255360685,0.8020724925,0.8023522028,0.7560203098,0.7914163773,0.754232086,0.9622445657,0.9001140672,0.9927738234,0.08892301321,0.0683893619,0.04131777589,0.0368289754,0.02903530925,0.02218536857,0.02062326784,0.02324725607,0.01835272408,0.01862362533,0.9109635747,0.1198072067,0.08096956738,0.04707415544,30.94146322,25.16677328,32.29888775,17.39585463,29.10394282,35.64275547,0.9955573324,0.8576930468,0.1235016859,0.04071757276,0.9896262377,0.9903411234,0.9778206055,0.977474615,0.8833431111,0.8741994399,0.9889068577,0.989023657,0.9793615315,0.9787675861,0.8844796407,0.8798931815,0.1202345818,0.4294823975,90.71599382,0.9129797846,0.9722689094,0.9752146463,0.9759602101,0.9069107443,0.9683554122,0.9708300658,0.9706438303,0.9739644427,0.9453602409,0.1458172933,0.0858678435,0.04692716578,0.04181437399,0.03498597691,0.02553657372,0.02490883925,0.02200833784,0.01857393829,0.01708893194
Qwen/Qwen3-Embedding-0.6B,13,variance,1,35,1024,847,858,0.09377911662,0.05544412986,0.06719763806,0.01813485993,0.008157949032,0.0003773338333,0.03199829951,0.0103814093,0.01249792736,0.003535145417,0.8292051904,0.9059419928,0.9029293355,0.9750348547,0.9897619886,0.9996304813,0.9694875313,0.9915323556,0.9925429347,0.9983218097,0.1241484444,0.0798732185,0.04350591693,0.04186161487,0.03555453589,0.02621032192,0.02479510523,0.02240600211,0.01892881986,0.01751683814,0.9739345267,0.1369957885,0.08456166652,0.04664001583,18.88977731,17.7079142,31.13588556,0.4471460131,14.36785067,34.78134534,0.9938934087,0.946143137,0.1753503736,0.106882983,0.9863413458,0.9872844286,0.9813884135,0.9815154904,0.880818116,0.8698630892,0.9862188245,0.9861863407,0.982871218,0.9818394393,0.8818690826,0.8735175412,0.137764868,0.4524913549,83.45479989,0.9048251572,0.9695631778,0.9725640055,0.9720086769,0.9069107443,0.9683554122,0.9708300658,0.9706438303,0.9739644427,0.9453602409,0.1458172933,0.0858678435,0.04692716578,0.04181437399,0.03498597691,0.02553657372,0.02490883925,0.02200833784,0.01857393829,0.01708893194
Qwen/Qwen3-Embedding-0.6B,13,variance,3,35;30;23,1024,847,858,0.2298318067,0.05852543794,0.1131800474,0.06592454127,0.101311178,0.04140758643,0.05733047276,0.0121819231,0.02206032938,0.004193005055,0.5984682576,0.8968464404,0.8128475753,0.8902885894,0.8268133277,0.9301500486,0.9103158577,0.9945416754,0.9775711708,0.9967364328,0.09258504938,0.08170325412,0.04046915619,0.03949545449,0.03068966749,0.02520033704,0.02405671413,0.02322207054,0.01926385023,0.01807115714,0.9425606192,0.1202140652,0.08678222164,0.04563401632,29.70549729,18.50306429,34.06003088,8.812401481,27.84672473,35.86504611,0.9897352135,0.8685839732,0.1920526699,0.04147127171,0.9820392818,0.9828430164,0.9779298996,0.978084465,0.8578575283,0.8471006841,0.980514225,0.9799924783,0.9797143002,0.978472311,0.8599214422,0.8510044745,0.1210223677,0.4369922795,88.32543842,0.9094620666,0.9695450488,0.9721799833,0.9722129774,0.9069107443,0.9683554122,0.9708300658,0.9706438303,0.9739644427,0.9453602409,0.1458172933,0.0858678435,0.04692716578,0.04181437399,0.03498597691,0.02553657372,0.02490883925,0.02200833784,0.01857393829,0.01708893194
Qwen/Qwen3-Embedding-0.6B,13,variance,5,35;30;23;18;277,1024,847,858,0.2484603482,0.139122911,0.1184178711,0.06742227155,0.1368387541,0.07420013454,0.1155743681,0.02054521191,0.02873497907,0.005140766138,0.5696096577,0.7535065233,0.8079010617,0.8874271618,0.7665503122,0.8830398878,0.8058051928,0.9835090919,0.9749604705,0.9954257634,0.08987426778,0.07001104514,0.04102338497,0.0401520113,0.02901908125,0.02440011857,0.02171863567,0.02342149493,0.01959476207,0.01840656655,0.9241681807,0.1195868609,0.08132525077,0.04653382099,30.43887775,24.18236207,35.56185053,16.58945676,29.44544514,37.86404417,0.9945279889,0.8621701041,0.137840509,0.0309455334,0.9882665142,0.9889492966,0.9773758537,0.9769811028,0.8433390067,0.8319767574,0.9873797581,0.987370234,0.9791557005,0.9780153774,0.8441391317,0.8349991069,0.1200869403,0.4317072249,90.17124427,0.9116702802,0.9704280746,0.9739982002,0.9747069576,0.9069107443,0.9683554122,0.9708300658,0.9706438303,0.9739644427,0.9453602409,0.1458172933,0.0858678435,0.04692716578,0.04181437399,0.03498597691,0.02553657372,0.02490883925,0.02200833784,0.01857393829,0.01708893194
Qwen/Qwen3-Embedding-0.6B,13,variance,10,35;30;23;18;277;10;0;77;17;15,1024,847,858,0.3645950265,0.1966361089,0.1546644263,0.1188286029,0.1531772704,0.1152928498,0.1547923427,0.07286727654,0.06253313872,0.02388094203,0.4074974037,0.6565614523,0.7497380816,0.7931299054,0.743133006,0.8047946453,0.7424289116,0.8796627997,0.9100273911,0.9614996328,0.06697041325,0.06354114512,0.03965363421,0.03737825521,0.02930283611,0.02316310656,0.02084286741,0.02181989069,0.01905055194,0.01851881286,0.887259994,0.1053979998,0.07909385251,0.04690874895,37.30534302,27.49828155,40.95940315,21.64539736,37.19034913,42.12954762,0.9978598432,0.795416967,0.05734343939,0.04348708114,0.9923583639,0.9927829521,0.9777980748,0.9755286683,0.7933516331,0.7826782083,0.9920682547,0.9918960825,0.9772838932,0.9740410751,0.7915248235,0.7826182061,0.1055870765,0.4165413329,95.34532871,0.91278512,0.9720362292,0.9746411704,0.9758698739,0.9069107443,0.9683554122,0.9708300658,0.9706438303,0.9739644427,0.9453602409,0.1458172933,0.0858678435,0.04692716578,0.04181437399,0.03498597691,0.02553657372,0.02490883925,0.02200833784,0.01857393829,0.01708893194
Qwen/Qwen3-Embedding-0.6B,14,mean_abs,1,35,1024,847,858,0.07762875971,0.04506664005,0.02843780563,0.01754839421,0.005788836541,0.01797557705,0.0004266049264,0.001084552746,0.0008832930131,0.02516413018,0.8556201806,0.9216735212,0.9566293811,0.9743226551,0.9920341412,0.9795524344,0.9995209482,0.9989144065,0.9993146919,0.9830258252,0.1353621236,0.07798850757,0.04465560985,0.04023884526,0.03524707333,0.02517728333,0.02526348596,0.02216541183,0.01809673848,0.01644100584,0.9783125644,0.1467544928,0.08166905759,0.04596268784,16.70467131,14.74141222,16.06941718,0.358122881,8.506501442,24.15186002,0.997290154,0.9577990632,0.1289779093,0.06377028675,0.9931169536,0.9935659164,0.9906174302,0.9903789415,0.9735052137,0.9707436342,0.9928389934,0.9931417971,0.9911936401,0.9906914238,0.9731304332,0.9699176914,0.1471513206,0.4560705591,83.33940358,0.9032884305,0.9682810291,0.9713562788,0.9706481545,0.9050135594,0.9675949192,0.9704976673,0.9692568276,0.9739938303,0.9394202815,0.1547724905,0.08278108797,0.04566778426,0.04040362573,0.03475954432,0.02514541515,0.02472743145,0.02170826725,0.01771640783,0.01636217704
Qwen/Qwen3-Embedding-0.6B,14,mean_abs,3,35;23;277,1024,847,858,0.1159867103,0.05902226822,0.06438742267,0.03626926273,0.1398203895,0.02928953511,0.04352087055,0.009874626858,0.01040301954,0.02652562894,0.7854639708,0.8942901971,0.8898452131,0.9378083832,0.7735428645,0.9590400848,0.9252647665,0.9863947312,0.9866511261,0.9834594816,0.1268058605,0.07721983794,0.04238807509,0.03952334886,0.02804644009,0.02515445171,0.02386515818,0.0223354748,0.01823301842,0.01678482605,0.9586955561,0.1434433871,0.08206340631,0.0453051574,20.261377,15.80232823,22.92064889,7.948922013,19.86353015,25.54916638,0.9977694376,0.9381225903,0.1101913621,0.01253904716,0.9941702585,0.9947007179,0.990985806,0.9905230257,0.9390763284,0.9347464923,0.9936901211,0.9942415459,0.991012448,0.9903064756,0.9381661265,0.9333670678,0.143750946,0.4496375467,85.21186264,0.9108834851,0.968917954,0.9713070619,0.9720752206,0.9050135594,0.9675949192,0.9704976673,0.9692568276,0.9739938303,0.9394202815,0.1547724905,0.08278108797,0.04566778426,0.04040362573,0.03475954432,0.02514541515,0.02472743145,0.02170826725,0.01771640783,0.01636217704
Qwen/Qwen3-Embedding-0.6B,14,mean_abs,5,35;23;277;13;18,1024,847,858,0.1178434656,0.1404477843,0.06462868557,0.04098778874,0.1402475053,0.03022378852,0.1098483467,0.01048594764,0.02004469884,0.02652993415,0.7822876003,0.7512472919,0.8902635356,0.9314766659,0.7715627316,0.9559548577,0.8201729538,0.9848810126,0.9735505894,0.9836123641,0.1278407797,0.06566338129,0.04292770981,0.03973758892,0.02831747396,0.02538080473,0.02141379515,0.02257449884,0.01821140222,0.01699316443,0.9470890309,0.144918475,0.07639254497,0.04589376341,20.37731804,23.35627219,23.27884495,14.61576227,19.99356381,28.32953391,0.998070787,0.937419907,0.1063017303,0.01239380769,0.9944487783,0.9950169489,0.9862387668,0.985376142,0.9369300555,0.9328159888,0.9940239914,0.9946187617,0.987045605,0.9857501914,0.9356352539,0.9310643891,0.1452133254,0.4462564331,86.23563603,0.9132143389,0.9683696969,0.9715063205,0.9724200206,0.9050135594,0.9675949192,0.9704976673,0.9692568276,0.9739938303,0.9394202815,0.1547724905,0.08278108797,0.04566778426,0.04040362573,0.03475954432,0.02514541515,0.02472743145,0.02170826725,0.01771640783,0.01636217704
Qwen/Qwen3-Embedding-0.6B,14,mean_abs,10,35;23;277;13;18;30;28;16;1;8,1024,847,858,0.2398834644,0.1589123708,0.07888061635,0.1210273207,0.1596114474,0.05623449461,0.2024314139,0.02206752897,0.07249254724,0.03487088061,0.5818013817,0.7178624463,0.8678373209,0.7898534886,0.7255878041,0.9130376595,0.6687384952,0.9689961276,0.8749481631,0.9659431233,0.09870629939,0.06514014415,0.04344348076,0.03498188686,0.02764651537,0.02516655975,0.01812640507,0.02305810177,0.01699160265,0.01732483045,0.9122705375,0.129856798,0.07744751187,0.04716378955,29.51227837,24.50687842,21.73161673,15.3930583,25.14420639,31.08585423,0.9981688599,0.8702501505,0.07829531613,0.04492479216,0.9937386819,0.9939939824,0.9852435768,0.9841769805,0.9586561789,0.95997162,0.9930974844,0.9933192243,0.9858516226,0.9847079701,0.9573500377,0.9609102989,0.1301109792,0.4322646614,91.10247351,0.9111166887,0.9714128484,0.9741315048,0.9745223608,0.9050135594,0.9675949192,0.9704976673,0.9692568276,0.9739938303,0.9394202815,0.1547724905,0.08278108797,0.04566778426,0.04040362573,0.03475954432,0.02514541515,0.02472743145,0.02170826725,0.01771640783,0.01636217704
Qwen/Qwen3-Embedding-0.6B,14,variance,1,35,1024,847,858,0.07762875971,0.04506664005,0.02843780563,0.01754839421,0.005788836541,0.01797557705,0.0004266049264,0.001084552746,0.0008832930131,0.02516413018,0.8556201806,0.9216735212,0.9566293811,0.9743226551,0.9920341412,0.9795524344,0.9995209482,0.9989144065,0.9993146919,0.9830258252,0.1353621236,0.07798850757,0.04465560985,0.04023884526,0.03524707333,0.02517728333,0.02526348596,0.02216541183,0.01809673848,0.01644100584,0.9783125644,0.1467544928,0.08166905759,0.04596268784,16.70467131,14.74141222,16.06941718,0.358122881,8.506501442,24.15186002,0.997290154,0.9577990632,0.1289779093,0.06377028675,0.9931169536,0.9935659164,0.9906174302,0.9903789415,0.9735052137,0.9707436342,0.9928389934,0.9931417971,0.9911936401,0.9906914238,0.9731304332,0.9699176914,0.1471513206,0.4560705591,83.33940358,0.9032884305,0.9682810291,0.9713562788,0.9706481545,0.9050135594,0.9675949192,0.9704976673,0.9692568276,0.9739938303,0.9394202815,0.1547724905,0.08278108797,0.04566778426,0.04040362573,0.03475954432,0.02514541515,0.02472743145,0.02170826725,0.01771640783,0.01636217704
Qwen/Qwen3-Embedding-0.6B,14,variance,3,35;30;23,1024,847,858,0.2135667076,0.04868738158,0.05880017522,0.07884124261,0.1085710521,0.03186759951,0.0525765322,0.004398133326,0.004825910852,0.02644496425,0.6228001051,0.9117162288,0.8992650096,0.8696736944,0.8090487862,0.949513669,0.9099992956,0.9983430702,0.9930512532,0.9834824772,0.1019075003,0.07979111175,0.0434171525,0.03714842232,0.02973120326,0.02524199824,0.02378941506,0.022912299,0.01859991818,0.01701262835,0.9458805585,0.1295818747,0.0838747539,0.04612957987,27.94523742,14.90667425,19.68069859,9.392460455,19.36635101,28.899767,0.996149305,0.8833959045,0.123027126,0.04556469562,0.9910637742,0.9914913286,0.9908334939,0.9904812382,0.9610687672,0.9605469497,0.9900611238,0.9901112467,0.9913189498,0.9907960107,0.9607203655,0.9599841017,0.1300064894,0.4399985404,88.53869972,0.9071714819,0.9684473278,0.9712705023,0.9709944516,0.9050135594,0.9675949192,0.9704976673,0.9692568276,0.9739938303,0.9394202815,0.1547724905,0.08278108797,0.04566778426,0.04040362573,0.03475954432,0.02514541515,0.02472743145,0.02170826725,0.01771640783,0.01636217704
Qwen/Qwen3-Embedding-0.6B,14,variance,5,35;30;23;18;10,1024,847,858,0.2544215863,0.1279870815,0.05952260276,0.0958235235,0.1156318954,0.03273983957,0.1257042526,0.01027165832,0.01690504464,0.0266709854,0.562400334,0.7738151382,0.8997624873,0.851930515,0.7979129273,0.9469899765,0.7899445754,0.9957966281,0.9800775067,0.9862838029,0.0939911619,0.0691697218,0.0443695987,0.03716825664,0.02994865019,0.02571294789,0.02109226918,0.0233422915,0.01874924433,0.01742571737,0.9260881404,0.1260647575,0.07932190032,0.04717774062,31.03619416,23.7477294,19.84307566,15.11759531,21.10201024,32.6135209,0.9923250851,0.8568417764,0.1723583948,0.05344906748,0.9831997907,0.9838366763,0.9807102034,0.9797340082,0.9615068041,0.9615054377,0.9812211729,0.9810526722,0.9828171487,0.9814473286,0.9605073098,0.9607862575,0.1269285034,0.4330236165,90.96228304,0.909038173,0.9686304322,0.9720277795,0.9717831071,0.9050135594,0.9675949192,0.9704976673,0.9692568276,0.9739938303,0.9394202815,0.1547724905,0.08278108797,0.04566778426,0.04040362573,0.03475954432,0.02514541515,0.02472743145,0.02170826725,0.01771640783,0.01636217704
Qwen/Qwen3-Embedding-0.6B,14,variance,10,35;30;23;18;10;277;15;77;17;0,1024,847,858,0.344695431,0.1926138499,0.09507480358,0.1475269994,0.1649866961,0.1002005011,0.1552380919,0.07127383958,0.04130053027,0.04856226974,0.4326152116,0.6616645931,0.8403506289,0.7446069756,0.7206266217,0.8280519691,0.7355015301,0.872841824,0.9319563252,0.9387172142,0.07530544963,0.061602718,0.04316197602,0.03383594332,0.02817184079,0.02341786259,0.02045471516,0.02131039779,0.01856957988,0.01727454902,0.889137958,0.1149167169,0.0762989531,0.0476967336,36.05380696,26.87809461,26.53452231,18.20219333,31.17978563,36.05078129,0.9987100811,0.8084646436,0.04522414328,0.02975894283,0.9943302175,0.9946450472,0.9830489577,0.9810886685,0.9271051561,0.9279098774,0.9937873927,0.9937084662,0.9827998792,0.9802212776,0.9237785052,0.924673018,0.1150761723,0.4194383072,95.85212947,0.9107588428,0.9711679703,0.9738018466,0.9743986099,0.9050135594,0.9675949192,0.9704976673,0.9692568276,0.9739938303,0.9394202815,0.1547724905,0.08278108797,0.04566778426,0.04040362573,0.03475954432,0.02514541515,0.02472743145,0.02170826725,0.01771640783,0.01636217704
Qwen/Qwen3-Embedding-0.6B,15,mean_abs,1,35,1024,847,858,0.05112322577,0.03122785952,0.0531525373,0.002343873436,0.02528658791,0.006049529994,0.008762206497,0.008088701548,0.003413400937,0.0205562435,0.90338219,0.9439981368,0.9133494978,0.9962493947,0.9621290039,0.9919926595,0.9885349447,0.9903254121,0.9963318666,0.9800851953,0.1444509556,0.08041338256,0.04348421484,0.04386632736,0.03371937552,0.02582013344,0.02516594,0.02168650485,0.01895490085,0.01673221519,0.9826996441,0.1522336298,0.08300546558,0.04592525888,13.37238904,11.69440927,24.08830287,0.4757863453,10.83835331,26.65150649,0.998752066,0.9728874451,0.08437543395,0.07062289701,0.9964177186,0.996667124,0.9943690065,0.9938293204,0.9352183643,0.9286935131,0.9962219834,0.9963868408,0.994755367,0.9940418144,0.9340519536,0.9294266209,0.1524372865,0.4667486474,80.31804955,0.8993429723,0.963486474,0.9699010068,0.96887883,0.900660467,0.9629103081,0.9681959336,0.9707014078,0.9710858003,0.9416876908,0.1571338291,0.08371012542,0.04678594837,0.0432697119,0.03444030706,0.02557824969,0.025017386,0.02151951302,0.0186955521,0.0167768496
Qwen/Qwen3-Embedding-0.6B,15,mean_abs,3,35;23;13,1024,847,858,0.07975566422,0.03837476125,0.08362046638,0.004563627842,0.1287949655,0.03334926306,0.008799786765,0.009683254158,0.009514426848,0.02469165814,0.8493433583,0.930190836,0.8548350246,0.9919247698,0.7796045881,0.9455608532,0.9885927413,0.9878367956,0.9850286492,0.9773686077,0.1375647934,0.08026096201,0.04122418295,0.04424019683,0.02767551511,0.02492956027,0.02549257222,0.02191149196,0.01898197812,0.01690141667,0.9701651911,0.1494872482,0.08346386802,0.04498592716,16.69072615,12.77492764,30.30050446,5.879161885,17.78472466,30.88500448,0.9985148752,0.9578689942,0.094929418,0.03343275816,0.9963385526,0.9964903365,0.9949104248,0.9943306134,0.8889330944,0.8780691758,0.9960026461,0.9961602833,0.9952441279,0.9945602842,0.8869465234,0.8791036407,0.1497001949,0.4616029204,81.59811504,0.9067005471,0.963201464,0.9688565277,0.9681634057,0.900660467,0.9629103081,0.9681959336,0.9707014078,0.9710858003,0.9416876908,0.1571338291,0.08371012542,0.04678594837,0.0432697119,0.03444030706,0.02557824969,0.025017386,0.02151951302,0.0186955521,0.0167768496
Qwen/Qwen3-Embedding-0.6B,15,mean_abs,5,35;23;13;277;30,1024,847,858,0.2272006525,0.04697637969,0.08878659113,0.05741459066,0.1783539532,0.04757092213,0.04623563587,0.01848639438,0.01197389402,0.02567633229,0.6010138748,0.9123605783,0.8442440029,0.9016907441,0.6990590549,0.9224187789,0.9355064178,0.9851425348,0.9817694815,0.9712608931,0.1008401171,0.08154994154,0.04217572639,0.04166014381,0.02570751098,0.02519289683,0.02499009173,0.02263657199,0.01959868678,0.01739904709,0.9365281814,0.1304868041,0.08556969607,0.04628523459,28.67691805,13.53225821,28.26362317,10.61010714,28.38749285,28.98726611,0.9980087201,0.8773395535,0.07756318182,0.007165688569,0.9939011723,0.9942082327,0.9948192528,0.9942011628,0.9071016344,0.8974376626,0.9928465963,0.99325841,0.9948204946,0.9941683066,0.9053951253,0.8982404408,0.1307368016,0.4473117233,86.84849622,0.9047005834,0.9661725773,0.9714615534,0.971573735,0.900660467,0.9629103081,0.9681959336,0.9707014078,0.9710858003,0.9416876908,0.1571338291,0.08371012542,0.04678594837,0.0432697119,0.03444030706,0.02557824969,0.025017386,0.02151951302,0.0186955521,0.0167768496
Qwen/Qwen3-Embedding-0.6B,15,mean_abs,10,35;23;13;277;30;18;28;16;8;1,1024,847,858,0.2364808962,0.1453678923,0.09837320184,0.1026488761,0.1838305019,0.164445886,0.07642752686,0.02674328495,0.09158257812,0.03925890634,0.5867519075,0.7389802948,0.8298254383,0.8229826877,0.6917170538,0.7459361497,0.8784950561,0.9651009091,0.8446405284,0.9454159815,0.1011073411,0.06783742219,0.04257558923,0.03905109256,0.02612486073,0.02092333763,0.02410125941,0.02277527606,0.0173168421,0.01739369445,0.9118880282,0.1324228047,0.0793761685,0.04722085604,29.24684283,23.16608507,26.18296725,18.84001464,27.55275258,29.93099366,0.9985432846,0.8725229303,0.06445744794,0.007182141674,0.994491806,0.9947154897,0.9886329998,0.9885182288,0.93026078,0.9225218461,0.9934852448,0.9938370482,0.9888335753,0.9884860366,0.9294293834,0.9239197833,0.1326415108,0.4416075188,88.58195223,0.9070848345,0.9679016145,0.9729698822,0.9742825635,0.900660467,0.9629103081,0.9681959336,0.9707014078,0.9710858003,0.9416876908,0.1571338291,0.08371012542,0.04678594837,0.0432697119,0.03444030706,0.02557824969,0.025017386,0.02151951302,0.0186955521,0.0167768496
Qwen/Qwen3-Embedding-0.6B,15,variance,1,30,1024,847,858,0.1302368556,0.0002716053236,0.004269373413,0.04482390417,0.01223790002,0.006497838728,0.02248929813,0.002262602439,0.0001725986763,0.0005800086356,0.7600491101,0.9995371296,0.9937208011,0.9360028511,0.9843227831,0.9932946168,0.9772804642,0.9980782417,0.9998834004,0.9996960283,0.1224617346,0.08579579093,0.04767260416,0.0415288814,0.03476110796,0.02605181363,0.02506976165,0.02202348715,0.01916799606,0.01719758387,0.9752387334,0.1407989467,0.08581909985,0.04787700899,21.27999587,1.323328203,7.848644107,0.04328771387,6.03206459,21.81955853,0.9991497707,0.9318179956,0.01555331304,0.03655931774,0.9961969531,0.996548061,0.9999012489,0.9998734721,0.9920633478,0.9916205226,0.9954839923,0.9958134082,0.9999020618,0.9998698981,0.9913060773,0.9911247993,0.1409712402,0.4607949153,82.50053879,0.9005360258,0.9639877883,0.9694404164,0.9709078362,0.900660467,0.9629103081,0.9681959336,0.9707014078,0.9710858003,0.9416876908,0.1571338291,0.08371012542,0.04678594837,0.0432697119,0.03444030706,0.02557824969,0.025017386,0.02151951302,0.0186955521,0.0167768496
Qwen/Qwen3-Embedding-0.6B,15,variance,3,30;35;23,1024,847,858,0.2067441261,0.03309090392,0.08782129115,0.04719345932,0.1410205971,0.03479025564,0.03128016815,0.01098567462,0.006633330766,0.02527011521,0.6335478347,0.9400621695,0.8451066053,0.927050635,0.7592933134,0.9459556168,0.9522815573,0.9935274787,0.9913001795,0.9707704623,0.105099493,0.08307800999,0.04174249943,0.04234859203,0.02760756522,0.02554424668,0.0251512063,0.02257167762,0.01956568225,0.01719406172,0.947214818,0.1324912887,0.08592122085,0.04576131741,27.48996676,12.90025383,28.79199705,7.265676512,27.72999344,29.08117543,0.9960057752,0.8870916778,0.1236179481,0.003765079835,0.9909159898,0.9915097934,0.992543727,0.9918648496,0.9023155974,0.8927463347,0.9894371987,0.9897252156,0.9930885348,0.992355505,0.9007909225,0.893847221,0.1329488384,0.4492544789,85.95144627,0.9025768665,0.9643055365,0.9700330612,0.9698802518,0.900660467,0.9629103081,0.9681959336,0.9707014078,0.9710858003,0.9416876908,0.1571338291,0.08371012542,0.04678594837,0.0432697119,0.03444030706,0.02557824969,0.025017386,0.02151951302,0.0186955521,0.0167768496
Qwen/Qwen3-Embedding-0.6B,15,variance,5,30;35;23;18;277,1024,847,858,0.2239522874,0.1142409267,0.09016549782,0.06039947928,0.1789647731,0.0900836472,0.05840223256,0.01752632301,0.02094181524,0.02569681752,0.6063545581,0.7922866653,0.8440696804,0.8985774969,0.6996082732,0.8645744229,0.9112259906,0.9879593002,0.9747665743,0.9715772043,0.1026510917,0.07145416878,0.04254621888,0.0418896541,0.02595907325,0.02382541305,0.02456039008,0.02290544457,0.01963388105,0.01756123118,0.9281811999,0.1322742018,0.08066998232,0.0467625912,28.45816158,20.68579257,29.11544737,16.5146027,28.72953672,30.4353931,0.9979903249,0.8791653083,0.07958234229,0.009017244844,0.9935745129,0.9938846159,0.9901525935,0.9895014812,0.8998370274,0.8895568122,0.992445497,0.9928638106,0.9907765932,0.9898962784,0.8977372734,0.8903276105,0.1325492047,0.444623057,87.69681199,0.9046341654,0.9649898865,0.9719501738,0.972101781,0.900660467,0.9629103081,0.9681959336,0.9707014078,0.9710858003,0.9416876908,0.1571338291,0.08371012542,0.04678594837,0.0432697119,0.03444030706,0.02557824969,0.025017386,0.02151951302,0.0186955521,0.0167768496
Qwen/Qwen3-Embedding-0.6B,15,variance,10,30;35;23;18;277;10;15;77;32;22,1024,847,858,0.3503334757,0.1645753279,0.1767541455,0.1065172747,0.1839178744,0.1202033738,0.06963175736,0.06250468836,0.0486629108,0.03557890197,0.4260518453,0.7050985958,0.7069406112,0.8163788939,0.6953393811,0.803218404,0.8979524694,0.8911046256,0.9361398388,0.9541511232,0.07539360702,0.06647069501,0.0372478102,0.03978122469,0.02696908543,0.02313698957,0.02529866801,0.02159551247,0.01970976289,0.01802726963,0.8879686286,0.1160497027,0.07956515677,0.04524506257,36.38487493,24.27838149,46.25492002,22.78183797,36.14455232,46.52164451,0.9987983978,0.8050504213,0.006686796419,0.05616415674,0.9933126702,0.9939098741,0.9907081198,0.9895003358,0.7220359476,0.7086625982,0.9918825681,0.9929116489,0.9900558334,0.9884994496,0.7161350128,0.7011050181,0.1162375062,0.4287606938,93.31632297,0.9046312879,0.9680101414,0.9741255875,0.9748162479,0.900660467,0.9629103081,0.9681959336,0.9707014078,0.9710858003,0.9416876908,0.1571338291,0.08371012542,0.04678594837,0.0432697119,0.03444030706,0.02557824969,0.025017386,0.02151951302,0.0186955521,0.0167768496
Qwen/Qwen3-Embedding-0.6B,16,mean_abs,1,35,1024,847,858,0.1655468644,0.01196905353,0.01408922589,0.004353499711,0.03194239459,0.006467107654,0.01169180768,0.0003087732858,0.02497623408,0.01236357039,0.7017658816,0.9813203868,0.9825372744,0.9951670744,0.970251253,0.9966844263,0.9941365819,0.9999095917,0.9968318993,1.002134077,0.13348966,0.08433465799,0.0487765847,0.04222439638,0.03427956826,0.02530176676,0.02504872099,0.02211427833,0.02009300761,0.01741569739,0.963616776,0.1599726268,0.08535629202,0.04947362985,24.24015408,8.610670352,9.369815225,0.2369748076,3.771957746,26.13295389,0.9981921363,0.9118326095,0.09862651716,0.07190846834,0.9932735457,0.9931527209,0.9962619432,0.9961565887,0.9940166221,0.993626386,0.9926640205,0.9930333725,0.996608925,0.9965600314,0.9940852638,0.9935953679,0.1603052991,0.4791250279,77.29666901,0.9044406915,0.9615862402,0.968881287,0.970759735,0.910147212,0.9612069765,0.9677473309,0.9706977829,0.975465252,0.9352106483,0.1832988454,0.08281320997,0.04783730503,0.04088573442,0.03404516814,0.02446231352,0.02427972997,0.02131161634,0.0194234948,0.01674632024
Qwen/Qwen3-Embedding-0.6B,16,mean_abs,3,35;23;13,1024,847,858,0.1799498233,0.02119425393,0.02804458891,0.006058401497,0.1119761642,0.03771381171,0.01446518552,0.002731107653,0.02747925308,0.01598191156,0.6772347997,0.9631232405,0.9527910673,0.9919219168,0.8074824937,0.9516314449,0.9901482127,0.9959099221,0.9903896658,1.0020655,0.1300535896,0.08356123107,0.04775157824,0.04248862115,0.02880129046,0.02438875664,0.02518647608,0.02223616031,0.02015379431,0.01758080877,0.9545015807,0.1585922341,0.08537059719,0.04912939184,25.31185026,10.25652017,12.0979238,5.613482169,10.24142274,26.63978245,0.9982639842,0.9039941416,0.1003752849,0.0512722919,0.9938113338,0.993714444,0.9963409856,0.9962054068,0.9887936983,0.9880684593,0.9931054793,0.9935863816,0.9966229162,0.9965940577,0.9884706928,0.9875552417,0.1588936051,0.4756099063,78.10624196,0.9099974949,0.9614775373,0.9680490026,0.970229648,0.910147212,0.9612069765,0.9677473309,0.9706977829,0.975465252,0.9352106483,0.1832988454,0.08281320997,0.04783730503,0.04088573442,0.03404516814,0.02446231352,0.02427972997,0.02131161634,0.0194234948,0.01674632024
Qwen/Qwen3-Embedding-0.6B,16,mean_abs,5,35;23;13;30;277,1024,847,858,0.2912504066,0.03822034181,0.03008937803,0.06399615098,0.1539257801,0.07695665921,0.03326942349,0.02802413144,0.03810228219,0.01620625431,0.5059256282,0.9282475864,0.9467626647,0.8836567935,0.7420107216,0.8637480353,0.9442861676,0.9696380261,0.9702534739,0.997388251,0.1004400682,0.08325762874,0.04905332137,0.03913055557,0.02736064014,0.02288469826,0.02483179249,0.02238136749,0.02041141769,0.0180902359,0.9232927172,0.1417144633,0.08656621923,0.05057509451,32.74515492,11.82319015,12.39532143,8.77295413,13.66876159,32.91546969,0.9990640931,0.8410847561,0.05261768766,0.03479303528,0.9949461264,0.9951978836,0.9968905923,0.9966162127,0.9878407713,0.9868747483,0.9937462313,0.9942156889,0.9968025976,0.9965673648,0.9874848302,0.9864119862,0.1418733135,0.462512784,82.82962783,0.9077714152,0.9641035078,0.9699822649,0.9727049964,0.910147212,0.9612069765,0.9677473309,0.9706977829,0.975465252,0.9352106483,0.1832988454,0.08281320997,0.04783730503,0.04088573442,0.03404516814,0.02446231352,0.02427972997,0.02131161634,0.0194234948,0.01674632024
Qwen/Qwen3-Embedding-0.6B,16,mean_abs,10,35;23;13;30;277;18;28;16;1;14,1024,847,858,0.3026145654,0.1375777243,0.04526163917,0.1109552669,0.1596489736,0.1927202257,0.03900567842,0.0456616515,0.0960018328,0.03311430464,0.4904803333,0.7508137285,0.9188494661,0.8027766146,0.7321542783,0.6826030355,0.9341503454,0.9417531466,0.8656692421,0.9726028441,0.1001153252,0.06923904337,0.0489474766,0.03654986279,0.02775730662,0.01859452027,0.02525688961,0.02234975178,0.01872399841,0.01813736371,0.8980091567,0.1435580961,0.08028438657,0.05126794796,33.48994244,22.391458,14.43395948,13.05488327,21.80315525,33.92602331,0.9986667783,0.8339826949,0.07161227905,0.04103750044,0.9936640291,0.9941543986,0.9924084587,0.9920535652,0.9870636515,0.9861956605,0.9923143468,0.993077658,0.9928767058,0.9922152198,0.9866533147,0.9854405534,0.1437851072,0.456960763,84.59823234,0.9086565849,0.9659601654,0.9716090741,0.9750076968,0.910147212,0.9612069765,0.9677473309,0.9706977829,0.975465252,0.9352106483,0.1832988454,0.08281320997,0.04783730503,0.04088573442,0.03404516814,0.02446231352,0.02427972997,0.02131161634,0.0194234948,0.01674632024
Qwen/Qwen3-Embedding-0.6B,16,variance,1,35,1024,847,858,0.1655468644,0.01196905353,0.01408922589,0.004353499711,0.03194239459,0.006467107654,0.01169180768,0.0003087732858,0.02497623408,0.01236357039,0.7017658816,0.9813203868,0.9825372744,0.9951670744,0.970251253,0.9966844263,0.9941365819,0.9999095917,0.9968318993,1.002134077,0.13348966,0.08433465799,0.0487765847,0.04222439638,0.03427956826,0.02530176676,0.02504872099,0.02211427833,0.02009300761,0.01741569739,0.963616776,0.1599726268,0.08535629202,0.04947362985,24.24015408,8.610670352,9.369815225,0.2369748076,3.771957746,26.13295389,0.9981921363,0.9118326095,0.09862651716,0.07190846834,0.9932735457,0.9931527209,0.9962619432,0.9961565887,0.9940166221,0.993626386,0.9926640205,0.9930333725,0.996608925,0.9965600314,0.9940852638,0.9935953679,0.1603052991,0.4791250279,77.29666901,0.9044406915,0.9615862402,0.968881287,0.970759735,0.910147212,0.9612069765,0.9677473309,0.9706977829,0.975465252,0.9352106483,0.1832988454,0.08281320997,0.04783730503,0.04088573442,0.03404516814,0.02446231352,0.02427972997,0.02131161634,0.0194234948,0.01674632024
Qwen/Qwen3-Embedding-0.6B,16,variance,3,35;30;18,1024,847,858,0.2684643855,0.08238479361,0.01526968615,0.06958026851,0.03521913764,0.08032090304,0.02546032177,0.006026202451,0.03439184974,0.01383990438,0.5406697015,0.8491055919,0.9769527458,0.8823911346,0.9792157617,0.8617853036,0.9562214836,0.9970156768,0.9911492374,0.9952234755,0.1064735282,0.07554595286,0.05020999134,0.03875991561,0.03581655097,0.02264886771,0.02494320366,0.02282802081,0.02068313222,0.01790564159,0.9307865875,0.1455479762,0.08232857557,0.05098857081,31.40916292,17.74482524,9.470544995,6.537708486,16.62357768,32.05793697,0.9978591242,0.8534674649,0.08307993598,0.06263670799,0.991472793,0.9921189719,0.9919179445,0.9915612972,0.9937334282,0.9932578811,0.9897444871,0.9906275318,0.9926495478,0.992058026,0.9937907033,0.9932668834,0.1459223954,0.4645589401,82.17862827,0.9023302788,0.9615952041,0.9706605468,0.9731181136,0.910147212,0.9612069765,0.9677473309,0.9706977829,0.975465252,0.9352106483,0.1832988454,0.08281320997,0.04783730503,0.04088573442,0.03404516814,0.02446231352,0.02427972997,0.02131161634,0.0194234948,0.01674632024
Qwen/Qwen3-Embedding-0.6B,16,variance,5,35;30;18;10;74,1024,847,858,0.3253849075,0.0894567161,0.03045881054,0.09986545849,0.03787805569,0.1007153733,0.02607961118,0.006165035159,0.05200771363,0.02093148935,0.4629211116,0.8374849078,0.9543329915,0.8443220797,0.9820852199,0.8226149917,0.9547168577,0.996335399,0.9842173207,0.9700363018,0.09294048368,0.07596522351,0.05000401244,0.03781099983,0.03662206846,0.02204105405,0.02538964655,0.02325734641,0.02093903144,0.017792853,0.9129811026,0.1377681655,0.08342845953,0.05157492325,35.20172937,19.13889066,12.63944837,8.90127425,16.83921845,36.07210825,0.9948596111,0.8171274994,0.1247989969,0.1008504667,0.9836145946,0.9841220997,0.989985496,0.9894900666,0.9923075113,0.9918548174,0.9809242604,0.9817331995,0.9910783272,0.9906909299,0.992436764,0.9922187155,0.1385567429,0.4586568772,84.33437136,0.9031595348,0.9627147635,0.9710021813,0.973692218,0.910147212,0.9612069765,0.9677473309,0.9706977829,0.975465252,0.9352106483,0.1832988454,0.08281320997,0.04783730503,0.04088573442,0.03404516814,0.02446231352,0.02427972997,0.02131161634,0.0194234948,0.01674632024
Qwen/Qwen3-Embedding-0.6B,16,variance,10,35;30;18;10;74;277;15;23;77;81,1024,847,858,0.405169479,0.1271533742,0.08316099896,0.1370405233,0.1644273623,0.177149366,0.03612810164,0.06460452642,0.06779340862,0.03313859781,0.3580591849,0.767828009,0.852167823,0.7589724252,0.729750149,0.6990025603,0.9394242334,0.8849769278,0.9391009982,0.9596028055,0.07493972749,0.07260409741,0.04654675379,0.03543197512,0.02836790326,0.01952422734,0.02604372932,0.02153505073,0.02082750452,0.01834883361,0.8757949537,0.1259850072,0.08318081924,0.05076873228,39.72501913,21.69664016,19.58467915,18.78447398,20.8366385,39.95281375,0.9972356489,0.7691205534,0.08730233518,0.06776884945,0.9899551334,0.9898537134,0.9922139345,0.9915847188,0.9767055116,0.9758910709,0.9885436981,0.989293683,0.9927059214,0.991916088,0.9763329238,0.9750609162,0.1263325031,0.4454966927,88.9503803,0.9100326604,0.9649942428,0.9716243347,0.9743919521,0.910147212,0.9612069765,0.9677473309,0.9706977829,0.975465252,0.9352106483,0.1832988454,0.08281320997,0.04783730503,0.04088573442,0.03404516814,0.02446231352,0.02427972997,0.02131161634,0.0194234948,0.01674632024
Qwen/Qwen3-Embedding-0.6B,17,mean_abs,1,35,1024,847,858,0.1573864572,0.02159873435,0.01328331817,0.002128445494,0.01977559403,0.07034124854,0.0001711719927,1.665347787e-06,0.02385050047,2.239997678e-05,0.7168502991,0.9658016264,0.9837901095,0.9976878891,0.983165651,0.9554831934,0.9999114409,0.9999995214,0.9974765156,1.000001906,0.1254257724,0.08149188207,0.04435909353,0.03838695802,0.0300888292,0.02457026979,0.02370966819,0.02052749012,0.01851291369,0.01686049917,0.9660381581,0.1488532596,0.08329085921,0.04495626186,23.77223677,11.60345183,8.772283094,0.2606178959,2.887335374,26.16329527,0.996966322,0.9151551023,0.1338842322,0.06541947153,0.9906352464,0.9905375803,0.9930076782,0.9930321965,0.9950844827,0.9943716111,0.9898774874,0.9897665374,0.993756562,0.9938414749,0.9953731529,0.9950242853,0.1493207534,0.4472858633,83.55425505,0.91152907,0.9666731396,0.9726905289,0.9732284827,0.9156464859,0.9662049727,0.9720784593,0.9725408232,0.9781287695,0.9387072341,0.1690256422,0.08151184001,0.04355865809,0.03716920555,0.02956465893,0.02484169093,0.02290647276,0.01983034824,0.01792942567,0.01628785451
Qwen/Qwen3-Embedding-0.6B,17,mean_abs,3,35;23;30,1024,847,858,0.2834261886,0.02572095482,0.03016698622,0.04560268108,0.08307415668,0.1047678783,0.01424753463,0.01409092277,0.0329686074,0.002352238267,0.5189915611,0.9538663072,0.9482940116,0.928400498,0.869745127,0.8417248348,0.9774975552,0.9800916504,1.006293314,0.9981216439,0.09362711823,0.08298449796,0.04408656533,0.03683048252,0.02744439381,0.02231721825,0.02389806098,0.02074367959,0.01925660538,0.01735146386,0.9369388228,0.1306594195,0.08517528768,0.04545789296,32.47140826,11.40710209,11.99580801,5.916893091,12.2328939,32.84767253,0.9966363356,0.843659464,0.111355656,0.04977858525,0.9897585791,0.9894810219,0.9938132533,0.9937780536,0.9907919886,0.9894089798,0.9879147928,0.9870624958,0.9944734252,0.994460295,0.9909720689,0.9900631235,0.131074188,0.4321635677,88.62573872,0.9114861657,0.9668708189,0.9728767667,0.9738630512,0.9156464859,0.9662049727,0.9720784593,0.9725408232,0.9781287695,0.9387072341,0.1690256422,0.08151184001,0.04355865809,0.03716920555,0.02956465893,0.02484169093,0.02290647276,0.01983034824,0.01792942567,0.01628785451
Qwen/Qwen3-Embedding-0.6B,17,mean_abs,5,35;23;30;18;13,1024,847,858,0.2849128169,0.0906873639,0.03157495489,0.05450890534,0.08414785551,0.1160865854,0.02998470385,0.01706692113,0.04579349808,0.01484893452,0.5168564857,0.8342248067,0.9448912027,0.9125740249,0.8666268312,0.8137938498,0.9515321144,0.975625574,0.9942126606,0.9805408834,0.09420315346,0.07332408848,0.04438121358,0.03657583569,0.02762790029,0.02179909347,0.02350306741,0.0208620217,0.0192215561,0.01722155899,0.9273787153,0.131736599,0.08063683003,0.04582823813,32.54049104,18.83802731,12.00603096,10.58148045,17.12107824,33.05557735,0.9969055522,0.8430115246,0.1086687371,0.04788172805,0.990038428,0.9897894127,0.9916690912,0.9915468611,0.9913012143,0.9899504213,0.9882717228,0.9873942671,0.9924750403,0.9925388408,0.9914860442,0.990586191,0.1321473293,0.4294483133,89.53033119,0.9132810335,0.9667118934,0.9731948943,0.974259708,0.9156464859,0.9662049727,0.9720784593,0.9725408232,0.9781287695,0.9387072341,0.1690256422,0.08151184001,0.04355865809,0.03716920555,0.02956465893,0.02484169093,0.02290647276,0.01983034824,0.01792942567,0.01628785451
Qwen/Qwen3-Embedding-0.6B,17,mean_abs,10,35;23;30;18;13;277;28;14;16;19,1024,847,858,0.3000453984,0.181992976,0.05197702904,0.09839213778,0.1341825681,0.1536331477,0.101769649,0.05568827971,0.1247024552,0.06129428809,0.4951257849,0.677406205,0.906239774,0.8296745202,0.7813413362,0.7459632589,0.8357150149,0.918808027,0.8474738046,0.9093796963,0.09299247537,0.06135494017,0.04386289384,0.03426657524,0.02566807761,0.02059103901,0.02127140099,0.02024579296,0.01688388288,0.01645844515,0.8999540388,0.1328550097,0.07500539527,0.04626775425,33.34971056,25.90906163,15.02581605,13.50057729,25.17235605,33.96150229,0.9984435373,0.8353307075,0.07589517623,0.02937110764,0.9922660534,0.9923693814,0.9899557648,0.9897755098,0.9877409815,0.9860502729,0.9908137023,0.9905367378,0.9897982461,0.9903107503,0.9876262374,0.9871925028,0.1331045465,0.4225086737,91.58689413,0.9159448938,0.9718446249,0.9752476176,0.977022096,0.9156464859,0.9662049727,0.9720784593,0.9725408232,0.9781287695,0.9387072341,0.1690256422,0.08151184001,0.04355865809,0.03716920555,0.02956465893,0.02484169093,0.02290647276,0.01983034824,0.01792942567,0.01628785451
Qwen/Qwen3-Embedding-0.6B,17,variance,1,35,1024,847,858,0.1573864572,0.02159873435,0.01328331817,0.002128445494,0.01977559403,0.07034124854,0.0001711719927,1.665347787e-06,0.02385050047,2.239997678e-05,0.7168502991,0.9658016264,0.9837901095,0.9976878891,0.983165651,0.9554831934,0.9999114409,0.9999995214,0.9974765156,1.000001906,0.1254257724,0.08149188207,0.04435909353,0.03838695802,0.0300888292,0.02457026979,0.02370966819,0.02052749012,0.01851291369,0.01686049917,0.9660381581,0.1488532596,0.08329085921,0.04495626186,23.77223677,11.60345183,8.772283094,0.2606178959,2.887335374,26.16329527,0.996966322,0.9151551023,0.1338842322,0.06541947153,0.9906352464,0.9905375803,0.9930076782,0.9930321965,0.9950844827,0.9943716111,0.9898774874,0.9897665374,0.993756562,0.9938414749,0.9953731529,0.9950242853,0.1493207534,0.4472858633,83.55425505,0.91152907,0.9666731396,0.9726905289,0.9732284827,0.9156464859,0.9662049727,0.9720784593,0.9725408232,0.9781287695,0.9387072341,0.1690256422,0.08151184001,0.04355865809,0.03716920555,0.02956465893,0.02484169093,0.02290647276,0.01983034824,0.01792942567,0.01628785451
Qwen/Qwen3-Embedding-0.6B,17,variance,3,35;30;10,1024,847,858,0.3093180188,0.02991835342,0.01687951291,0.0621568681,0.03231091198,0.1070112486,0.02402782712,0.003311460919,0.03077236681,0.006599999873,0.4854162761,0.9483678309,0.9819584793,0.9112201772,0.9971242979,0.8463738718,0.9558231642,0.9982319704,1.030030279,0.9884565868,0.0880250803,0.08293484013,0.04588884402,0.03633675221,0.03162726761,0.0225570812,0.02348958112,0.02123739852,0.0198132569,0.01727272991,0.9320956883,0.1274466146,0.08549263913,0.0466767244,34.43861297,13.98652119,11.03243719,3.05448188,9.711239415,35.30793337,0.9923710377,0.8247325664,0.1646119652,0.09732564631,0.9803266242,0.9800279827,0.98809356,0.9878730292,0.9911731835,0.9894168001,0.9770421116,0.9752089527,0.9890671931,0.9889097418,0.9914038033,0.9902509619,0.12834436,0.4306945952,89.33505026,0.9089116268,0.9683562533,0.9739248387,0.9747277721,0.9156464859,0.9662049727,0.9720784593,0.9725408232,0.9781287695,0.9387072341,0.1690256422,0.08151184001,0.04355865809,0.03716920555,0.02956465893,0.02484169093,0.02290647276,0.01983034824,0.01792942567,0.01628785451
Qwen/Qwen3-Embedding-0.6B,17,variance,5,35;30;10;74;18,1024,847,858,0.3406534641,0.09035817651,0.03776876002,0.07155117136,0.03343907004,0.1249733178,0.03641775883,0.008331494293,0.04375091371,0.03436724034,0.4435242137,0.8358059501,0.9544093404,0.8902276274,0.9966379824,0.7952145953,0.9344425228,0.9931888301,1.009360149,0.9479323635,0.08189323746,0.07442250198,0.04541374153,0.03614618422,0.03218758686,0.02157961079,0.0233823913,0.02151494689,0.01976927046,0.01686628145,0.9154231459,0.1242036365,0.0818151717,0.04719628676,36.34215751,19.86471978,15.31855659,8.53641982,16.8520562,37.71071739,0.9919838908,0.8054924684,0.1538057162,0.1480910858,0.9782248999,0.9782391936,0.9876432608,0.9873090548,0.9869651132,0.9846387175,0.9749509128,0.9735679358,0.9889860173,0.9889858309,0.9876096365,0.9864895002,0.1251919048,0.4249383458,91.38838968,0.9085563499,0.9680291618,0.9744588409,0.9751496453,0.9156464859,0.9662049727,0.9720784593,0.9725408232,0.9781287695,0.9387072341,0.1690256422,0.08151184001,0.04355865809,0.03716920555,0.02956465893,0.02484169093,0.02290647276,0.01983034824,0.01792942567,0.01628785451
Qwen/Qwen3-Embedding-0.6B,17,variance,10,35;30;10;74;18;277;22;58;19;15,1024,847,858,0.4166822406,0.1647176592,0.06481404128,0.1457989936,0.08684302613,0.1451820144,0.04656210342,0.04636899911,0.09374528617,0.06773981179,0.3488371469,0.7063000559,0.9297393913,0.7398742573,0.8960276907,0.7639583939,0.918056052,0.9270129118,0.9210339994,0.9179386372,0.06692341496,0.06534505244,0.04596618885,0.03121360779,0.03006748325,0.02154039359,0.02386877833,0.02086502443,0.01874324637,0.01696993993,0.8810432467,0.1147289173,0.07823109534,0.04915192366,40.75729857,25.33932238,22.20837809,12.46923806,23.69839012,42.85815006,0.9917897567,0.757481827,0.1236059556,0.2287881348,0.9751324206,0.9755977086,0.9860072751,0.9855215099,0.9667485131,0.9630449627,0.9720264901,0.9718645277,0.9862570898,0.9863607282,0.967790534,0.9658063148,0.1157637569,0.4118459605,95.86343972,0.9102240156,0.971838783,0.9766908996,0.9774797106,0.9156464859,0.9662049727,0.9720784593,0.9725408232,0.9781287695,0.9387072341,0.1690256422,0.08151184001,0.04355865809,0.03716920555,0.02956465893,0.02484169093,0.02290647276,0.01983034824,0.01792942567,0.01628785451
Qwen/Qwen3-Embedding-0.6B,18,mean_abs,1,35,1024,847,858,0.02887532341,0.06735544437,0.003966730971,0.0008474986206,0.000667625254,0.1229848457,0.001705833783,0.007730360095,0.009601262545,0.01048703137,0.9450041335,0.8796887366,0.9935114294,0.9987188307,0.9990282226,0.8362581092,0.9978357802,0.9909031407,0.9890863648,0.989013468,0.1655360448,0.06876532792,0.04558158264,0.03418073212,0.03066600415,0.02090221178,0.02280302162,0.02011542551,0.01914631336,0.01735464037,0.983563052,0.1704580769,0.07373154918,0.0457631126,9.959237734,15.90267736,4.585909995,0.08865277368,1.107900145,18.62793855,0.9994667046,0.9849310433,0.07491857366,0.0134726948,0.9981288289,0.9981411239,0.9934684198,0.993047936,0.9987043506,0.9987081593,0.9979244057,0.9979717551,0.9935297967,0.9934921299,0.998795106,0.9987893757,0.1705679064,0.4561480787,81.70310648,0.9321193951,0.9747298382,0.9768485155,0.9788097026,0.9334828613,0.9738656499,0.9766658683,0.9784223206,0.9798688367,0.9464874455,0.1722903971,0.07688519016,0.04512515832,0.03366203196,0.03019128784,0.02458408832,0.02247685439,0.01996642103,0.01903939542,0.0172589996
Qwen/Qwen3-Embedding-0.6B,18,mean_abs,3,35;30;23,1024,847,858,0.1332502793,0.07153820711,0.01434691308,0.02770708122,0.04714285868,0.1481428335,0.005183751675,0.02084591514,0.01666441718,0.01666236374,0.7536841442,0.8692777974,0.9735878007,0.9638348964,0.9165850198,0.7736264785,0.9925177678,0.9678518892,0.9887769365,0.9764023544,0.1352937784,0.06963517236,0.04577424996,0.0338041756,0.02883246467,0.01981585464,0.02324348247,0.02013429844,0.01961457291,0.01755786928,0.959782054,0.1560932471,0.07500057934,0.04644052818,21.47531211,15.998055,7.847446078,5.952151804,15.13140553,22.33454295,0.9995504365,0.9305754015,0.04607106918,0.0167148577,0.9976382952,0.9976371845,0.9938801893,0.9932895575,0.9972721341,0.9970278876,0.9971354976,0.9970046729,0.9938329353,0.9936836161,0.9973639069,0.9972426485,0.1561871716,0.4445088325,85.84953572,0.9316100998,0.9749567725,0.977307314,0.9795211547,0.9334828613,0.9738656499,0.9766658683,0.9784223206,0.9798688367,0.9464874455,0.1722903971,0.07688519016,0.04512515832,0.03366203196,0.03019128784,0.02458408832,0.02247685439,0.01996642103,0.01903939542,0.0172589996
Qwen/Qwen3-Embedding-0.6B,18,mean_abs,5,35;30;23;277;18,1024,847,858,0.1439745595,0.1411750972,0.02077343758,0.05316608217,0.06064343416,0.1613494252,0.03413448363,0.02888191086,0.02455309607,0.03033117446,0.7348655863,0.7457316751,0.9607947735,0.9094645355,0.8902132107,0.7543973979,0.9452996167,0.9584466076,0.9779242962,0.9506505155,0.1337918277,0.06058789832,0.045815241,0.03235092489,0.02840117308,0.01959814173,0.02245254724,0.02022221643,0.01967519271,0.01733792466,0.9463229991,0.1562942191,0.07054744003,0.04678717139,22.32992449,22.34596904,8.97307153,8.778385242,21.13947985,23.48918378,0.9997784092,0.9250114095,0.02541266156,0.01012910138,0.9981903854,0.9982803105,0.9918573831,0.9910484908,0.9966667683,0.9961392497,0.9977918275,0.9978488156,0.9914816351,0.9909408175,0.9966113426,0.996371376,0.1563468339,0.4406118469,87.11664135,0.9322485263,0.9757625743,0.9779813517,0.9804705871,0.9334828613,0.9738656499,0.9766658683,0.9784223206,0.9798688367,0.9464874455,0.1722903971,0.07688519016,0.04512515832,0.03366203196,0.03019128784,0.02458408832,0.02247685439,0.01996642103,0.01903939542,0.0172589996
Qwen/Qwen3-Embedding-0.6B,18,mean_abs,10,35;30;23;277;18;13;28;16;4;19,1024,847,858,0.1650218457,0.1980763214,0.03112969801,0.07147878597,0.07480583761,0.1887540715,0.1199125714,0.05418590067,0.09871174193,0.0466176794,0.6991530332,0.6518780825,0.9406921876,0.8753008337,0.8695979042,0.6981166623,0.792181592,0.9073954463,0.8404492805,0.9248955333,0.1301866762,0.05416793668,0.04587747389,0.03184424019,0.02837483495,0.01854877922,0.01924391808,0.0195807824,0.01729409675,0.01725208231,0.9252663735,0.1559162662,0.06754749626,0.04735151217,23.995922,26.73600045,10.67606873,10.61395052,23.50637159,27.12843064,0.9997844253,0.9135744046,0.02907400093,0.007545774801,0.9982182096,0.9983008686,0.9897782005,0.9884172355,0.9967257213,0.9961674701,0.9978680074,0.9979104088,0.9882626167,0.9873208378,0.9965772763,0.9963852069,0.1559664416,0.4361502873,88.43907695,0.9319016213,0.9777121462,0.9790400355,0.981868181,0.9334828613,0.9738656499,0.9766658683,0.9784223206,0.9798688367,0.9464874455,0.1722903971,0.07688519016,0.04512515832,0.03366203196,0.03019128784,0.02458408832,0.02247685439,0.01996642103,0.01903939542,0.0172589996
Qwen/Qwen3-Embedding-0.6B,18,variance,1,30,1024,847,858,0.09990063412,0.003481406672,0.0006104037013,0.02565372104,0.01519469751,0.0241949758,0.003431610252,0.001234958854,0.007056365527,0.000887452044,0.8120772878,0.9939648033,0.9990563043,0.9643048446,0.9799208004,0.9717717676,0.9962644349,0.998797176,0.9934797618,0.9992784776,0.14283932,0.07801947739,0.04602544976,0.03313935219,0.03020382553,0.02438977101,0.02286122495,0.02035948876,0.01931085559,0.01760724836,0.9795140326,0.1586928349,0.07829204383,0.04605356103,18.48683114,4.061282097,1.740299536,0.05707760504,0.7548744921,18.85459992,0.999642569,0.9483965595,0.03776447313,0.01126359598,0.9982298869,0.9983733846,0.9994716763,0.9994000045,0.9998373477,0.9997992971,0.9980163443,0.998153609,0.9994720132,0.9994081578,0.99982874,0.9997903132,0.1587702807,0.4512571613,83.82822225,0.9329686771,0.9743157953,0.9774634969,0.9794368157,0.9334828613,0.9738656499,0.9766658683,0.9784223206,0.9798688367,0.9464874455,0.1722903971,0.07688519016,0.04512515832,0.03366203196,0.03019128784,0.02458408832,0.02247685439,0.01996642103,0.01903939542,0.0172589996
Qwen/Qwen3-Embedding-0.6B,18,variance,3,30;74;35,1024,847,858,0.2144902138,0.07119614981,0.03884917725,0.03041730567,0.01601840235,0.1474943779,0.01356939302,0.0157787948,0.01736113634,0.03100566743,0.6215670356,0.869483935,0.9467061828,0.9491767376,0.9820648748,0.7744236829,0.978213271,0.9741750823,0.9941880766,0.9618435204,0.1134623659,0.07082833691,0.04526231278,0.03385245765,0.03141409886,0.0201713759,0.02329549118,0.0206081986,0.02005508437,0.01758825817,0.9438374611,0.1444442423,0.07625758322,0.04709179008,27.71564719,15.90438202,13.63526146,6.718573496,15.36573837,29.65974015,0.9988454647,0.8852666467,0.04356782252,0.1163944885,0.9944039614,0.9950420096,0.9941470716,0.9934921759,0.9938699243,0.9931974708,0.9934366497,0.9939857307,0.9940669138,0.993866458,0.9942439595,0.9939245365,0.1446726291,0.437056533,88.98338632,0.9293830372,0.9753526179,0.9778595229,0.9796833668,0.9334828613,0.9738656499,0.9766658683,0.9784223206,0.9798688367,0.9464874455,0.1722903971,0.07688519016,0.04512515832,0.03366203196,0.03019128784,0.02458408832,0.02247685439,0.01996642103,0.01903939542,0.0172589996
Qwen/Qwen3-Embedding-0.6B,18,variance,5,30;74;35;10;22,1024,847,858,0.2971624084,0.09645717827,0.05109189304,0.1039084089,0.02504697313,0.1587233659,0.04817226705,0.0229319124,0.03432250541,0.03328931551,0.5033651083,0.8339824404,0.9431078577,0.8255226303,0.9848469235,0.7759239204,0.94900458,0.9673301017,0.9950501467,0.9632526705,0.09434658815,0.06975600796,0.04629798832,0.03023091766,0.03234687948,0.02075177583,0.02320522906,0.02101149462,0.02061010199,0.01808580565,0.9192168588,0.1342366847,0.07720276924,0.04879080279,33.57147479,20.94507938,18.24267256,8.095755333,16.35599803,36.67953022,0.9938481264,0.8331966484,0.1613055131,0.1693522391,0.9811430708,0.9815845505,0.9813173954,0.9806229423,0.9824969334,0.9800265608,0.978386195,0.9785165396,0.9816056613,0.9815024434,0.9836985512,0.9830290702,0.1351678599,0.426348717,92.59154638,0.9301852278,0.9769082529,0.9789491667,0.9807080052,0.9334828613,0.9738656499,0.9766658683,0.9784223206,0.9798688367,0.9464874455,0.1722903971,0.07688519016,0.04512515832,0.03366203196,0.03019128784,0.02458408832,0.02247685439,0.01996642103,0.01903939542,0.0172589996
Qwen/Qwen3-Embedding-0.6B,18,variance,10,30;74;35;10;22;59;70;277;38;18,1024,847,858,0.3920786577,0.1899312471,0.07531502438,0.148774428,0.0562603829,0.1765909401,0.1132905458,0.03663039527,0.05539139209,0.06417875296,0.3806350576,0.6795277462,0.9232971906,0.7394117667,0.9523004619,0.7431679516,0.8146413493,0.9408847957,0.956328877,0.8888291058,0.07445425227,0.05931568307,0.04730204332,0.02825831971,0.03264188892,0.02074248235,0.02078842711,0.02132830409,0.02067188462,0.01741620529,0.880806176,0.1224734963,0.07322302318,0.05115476575,39.6747193,29.47905277,24.79765816,12.19063098,24.47773391,43.37718594,0.9871593284,0.7696813246,0.2099021033,0.2455446376,0.9658556787,0.9680641336,0.9670276788,0.966434003,0.9586235598,0.9558828943,0.9624123289,0.9651832011,0.968976896,0.9687836313,0.9611038586,0.9605009186,0.1242161727,0.4122599027,97.94053214,0.9299938132,0.9785011629,0.9802109306,0.9817950915,0.9334828613,0.9738656499,0.9766658683,0.9784223206,0.9798688367,0.9464874455,0.1722903971,0.07688519016,0.04512515832,0.03366203196,0.03019128784,0.02458408832,0.02247685439,0.01996642103,0.01903939542,0.0172589996
Qwen/Qwen3-Embedding-0.6B,19,mean_abs,1,35,1024,847,858,0.04323202111,0.06809688836,0.005579835666,0.002785526541,0.008614618346,0.125503735,0.009894855743,0.008403624291,0.0007642557957,0.0126497001,0.9187542286,0.8802934858,0.991079828,0.9959766675,0.9883731883,0.8383738644,0.9880434254,0.9909452329,0.9991837223,0.9877133982,0.1473286339,0.07037446159,0.04779560873,0.03469547183,0.02941642073,0.02278538817,0.02415787149,0.02079143306,0.02075249654,0.01858443482,0.9810118293,0.153985749,0.0755169295,0.04806379682,12.33581555,16.58123131,5.662033266,0.1083191395,1.448762784,20.23571446,0.9987394977,0.9769122184,0.1016365911,0.02038585969,0.9962202469,0.996126117,0.9909066526,0.9908527646,0.9978097658,0.9978452535,0.995787842,0.9959829321,0.9904094685,0.9903943248,0.9978401249,0.9977333615,0.1542013464,0.4494242338,82.68241485,0.9332269326,0.9759385088,0.9752664619,0.9778013648,0.9358558058,0.9750538306,0.9750097972,0.9771083457,0.9794067859,0.9500141457,0.1573120734,0.07842632077,0.04731007153,0.03417416231,0.02919732855,0.02666201354,0.02398594747,0.0205830162,0.02037507631,0.01845834069
Qwen/Qwen3-Embedding-0.6B,19,mean_abs,3,35;23;30,1024,847,858,0.1482041703,0.07937882933,0.01498198708,0.04205638835,0.06030328012,0.1456195724,0.01179481315,0.02067297209,0.00863700609,0.01488654369,0.7280878816,0.855799731,0.9731479988,0.9236667726,0.9017620914,0.7885928867,0.9835463949,0.9706331001,0.9928267823,0.9843118446,0.1196114921,0.07009080327,0.0480794564,0.03296402606,0.02749553291,0.02195699233,0.02463648694,0.02086369203,0.02112514888,0.01897371701,0.9575753321,0.1404227256,0.07613425099,0.04881073825,22.70911064,16.93501632,8.328554269,5.877114743,16.39463287,23.43650691,0.9995111832,0.9224767146,0.04325907927,0.02982224298,0.9974678091,0.9974455857,0.991808826,0.9913037387,0.9965468452,0.9962426325,0.9969257909,0.9969196545,0.9910213633,0.9908789583,0.9966016637,0.9960132727,0.1405083561,0.438070649,86.56531781,0.932643766,0.9758674397,0.9755886258,0.9782734995,0.9358558058,0.9750538306,0.9750097972,0.9771083457,0.9794067859,0.9500141457,0.1573120734,0.07842632077,0.04731007153,0.03417416231,0.02919732855,0.02666201354,0.02398594747,0.0205830162,0.02037507631,0.01845834069
Qwen/Qwen3-Embedding-0.6B,19,mean_abs,5,35;23;30;18;28,1024,847,858,0.1486313993,0.1508706322,0.02281906771,0.0481642458,0.07984839745,0.1600552248,0.05207723327,0.0458282284,0.01886946195,0.01902598555,0.7274083673,0.7305022392,0.9574133705,0.9145860595,0.8671209866,0.7492057373,0.9097839981,0.9312896927,0.974158687,0.9795691225,0.1211199878,0.0606399541,0.04794337066,0.03308246991,0.02679774717,0.0211431412,0.02309780142,0.02028940369,0.02100895364,0.01913829372,0.9447665947,0.1422650398,0.07141427019,0.04906294124,22.75391791,23.3770023,9.445121734,8.631379063,20.89266587,25.04294213,0.9994344303,0.9221745261,0.05138759343,0.02751755527,0.99731317,0.9972545003,0.9896740509,0.9891428308,0.9969724937,0.9966548998,0.9967607689,0.9967362617,0.9889116528,0.9884526752,0.9971607913,0.9966980747,0.1423641568,0.4351299417,87.44856767,0.9334498671,0.9759790887,0.9761885774,0.9791453261,0.9358558058,0.9750538306,0.9750097972,0.9771083457,0.9794067859,0.9500141457,0.1573120734,0.07842632077,0.04731007153,0.03417416231,0.02919732855,0.02666201354,0.02398594747,0.0205830162,0.02037507631,0.01845834069
Qwen/Qwen3-Embedding-0.6B,19,mean_abs,10,35;23;30;18;28;277;13;2;16;19,1024,847,858,0.1706122484,0.2153094626,0.03751311928,0.06033286005,0.1282575678,0.185169968,0.132882648,0.06641546978,0.07627212018,0.04152318792,0.6897698994,0.6248249576,0.9289361786,0.8908432697,0.7736978606,0.7126794115,0.7695646851,0.8984103706,0.8644808286,0.933691531,0.1174659094,0.0530476026,0.04757568322,0.03295677696,0.02445457191,0.02056992505,0.01998239594,0.02001839821,0.0190677813,0.01865699215,0.9237499933,0.141629665,0.06760321435,0.04942995502,24.41452316,27.97916817,11.71269183,11.60460647,24.35825131,28.05665596,0.9998590526,0.9105789191,0.01128932034,0.004073771402,0.9983763359,0.9984498504,0.9877957819,0.9869926067,0.9959950893,0.9956061222,0.9980573166,0.9981262511,0.9858420701,0.9849881794,0.9960078485,0.9955143713,0.1416622819,0.4291228187,89.10527523,0.9345333195,0.9775718707,0.9771400303,0.9804824194,0.9358558058,0.9750538306,0.9750097972,0.9771083457,0.9794067859,0.9500141457,0.1573120734,0.07842632077,0.04731007153,0.03417416231,0.02919732855,0.02666201354,0.02398594747,0.0205830162,0.02037507631,0.01845834069
Qwen/Qwen3-Embedding-0.6B,19,variance,1,30,1024,847,858,0.1002665749,0.01054624978,0.0009556109111,0.004062707589,0.04054878342,0.01841596821,0.001260116328,0.002531100839,0.007753362481,1.481142802e-05,0.8119333077,0.9815376785,0.9984838503,0.9941998186,0.9460658031,0.9766779142,0.9985073167,0.9973429882,0.9919361338,0.9999860719,0.1302749737,0.07851405329,0.04818071393,0.03465374208,0.02817364532,0.02655968336,0.0244279325,0.0209378525,0.02061396509,0.01882630932,0.9804408969,0.1447928576,0.07935090778,0.04822679998,18.62981283,7.315241226,2.157203384,0.04771698782,0.7769285415,19.58798042,0.9990085072,0.947602317,0.07334477835,0.01483157749,0.9969890651,0.9972711087,0.9980162221,0.9978690898,0.9997890606,0.9997695758,0.9967119638,0.9968850582,0.9979816028,0.9977159019,0.9997817109,0.999768009,0.144947949,0.4467495098,84.01357302,0.9351994445,0.9752254615,0.9757256352,0.9779492946,0.9358558058,0.9750538306,0.9750097972,0.9771083457,0.9794067859,0.9500141457,0.1573120734,0.07842632077,0.04731007153,0.03417416231,0.02919732855,0.02666201354,0.02398594747,0.0205830162,0.02037507631,0.01845834069
Qwen/Qwen3-Embedding-0.6B,19,variance,3,30;35;74,1024,847,858,0.2194077619,0.08235767282,0.04041451833,0.0123653224,0.04923211633,0.1444404558,0.01463210793,0.01656054385,0.01599466434,0.02026128549,0.6143157725,0.849593283,0.9427781084,0.978539908,0.9246961151,0.7887848946,0.98167439,0.9738880879,0.9964895821,0.9708768693,0.1023126767,0.07054214112,0.04722139579,0.03540398482,0.02858366254,0.02226523359,0.02492872492,0.02122236578,0.02149550896,0.01897284845,0.9445485249,0.1310705791,0.07687324247,0.04921020242,28.07894704,16.98343178,14.32160021,6.966028782,16.96476965,29.94465409,0.9986288403,0.8822998767,0.01033032451,0.1310643952,0.9936291545,0.9940331435,0.9928776954,0.9922897954,0.9919749427,0.9909502821,0.9924828709,0.9929953754,0.9919554704,0.9919356375,0.9925288902,0.9918951516,0.1313171856,0.4323949015,88.96955498,0.9306006123,0.9762025947,0.9761823402,0.9783936873,0.9358558058,0.9750538306,0.9750097972,0.9771083457,0.9794067859,0.9500141457,0.1573120734,0.07842632077,0.04731007153,0.03417416231,0.02919732855,0.02666201354,0.02398594747,0.0205830162,0.02037507631,0.01845834069
Qwen/Qwen3-Embedding-0.6B,19,variance,5,30;35;74;22;10,1024,847,858,0.309585004,0.1022853212,0.06103344563,0.048378315,0.08089972629,0.1594528533,0.04017069812,0.01690083131,0.04680913701,0.02026184618,0.4877516109,0.8195841783,0.9326881935,0.9144028137,0.8866207499,0.7939168453,0.9700030693,0.975114707,0.9880899776,0.9708500917,0.08334424728,0.0698184605,0.04792972586,0.03394300535,0.02811874084,0.02299232145,0.02527230462,0.02180115906,0.02186807724,0.01946523694,0.920630034,0.1207161602,0.07777355339,0.05104518966,34.44328451,20.7498968,21.27240407,8.759989828,17.98056122,37.76374651,0.9925073999,0.8246864545,0.1333340893,0.2147124834,0.9770790683,0.9764771833,0.9823909496,0.9817569342,0.9705883918,0.9667327369,0.9734432476,0.9735827546,0.9812789832,0.9803002925,0.9718760599,0.9690329489,0.1217293266,0.4218639681,92.31774913,0.9313110633,0.9774685868,0.976904788,0.9790894239,0.9358558058,0.9750538306,0.9750097972,0.9771083457,0.9794067859,0.9500141457,0.1573120734,0.07842632077,0.04731007153,0.03417416231,0.02919732855,0.02666201354,0.02398594747,0.0205830162,0.02037507631,0.01845834069
Qwen/Qwen3-Embedding-0.6B,19,variance,10,30;35;74;22;10;59;18;70;277;38,1024,847,858,0.3959759325,0.1955320455,0.08528998407,0.08446240307,0.1148335817,0.1918644598,0.0954224862,0.04118449306,0.07411962375,0.03558459298,0.3779758458,0.6629319059,0.9123478052,0.8706813262,0.8310846308,0.7234295987,0.8497648694,0.935667835,0.9255286973,0.9515254904,0.06725540326,0.05880738138,0.04882194922,0.03365566578,0.02744665645,0.02181676215,0.02305455423,0.02178370738,0.02132996837,0.01986617071,0.8840949739,0.1113455686,0.073100962,0.05337423705,40.05309588,28.67446474,28.05815519,13.17197907,25.80514655,44.05162893,0.9848924834,0.7654484444,0.166854307,0.2958608367,0.9596618038,0.959525267,0.973350717,0.9725377356,0.9373095567,0.9332427712,0.9550655105,0.957345662,0.9731396212,0.9719902979,0.9396544723,0.9365747984,0.1132031741,0.4092523537,96.79275454,0.9315129571,0.9786410932,0.9782903234,0.9803142008,0.9358558058,0.9750538306,0.9750097972,0.9771083457,0.9794067859,0.9500141457,0.1573120734,0.07842632077,0.04731007153,0.03417416231,0.02919732855,0.02666201354,0.02398594747,0.0205830162,0.02037507631,0.01845834069
Qwen/Qwen3-Embedding-0.6B,20,mean_abs,1,35,1024,847,858,0.03917450167,0.06390327072,0.01751814212,0.1235859119,0.009717997515,0.005476261291,1.952075167e-05,0.0324121212,0.005830300082,8.941914907e-05,0.9269076647,0.8881672884,0.9717961667,0.8235961902,0.9869530029,0.9927415559,0.9999760098,0.9625481338,0.9938577912,0.9999103251,0.1344252011,0.06914489108,0.0484884157,0.02798965713,0.02921405189,0.0286395066,0.02523850443,0.02218036559,0.02043402628,0.01951444577,0.9809110984,0.1399059468,0.07386511341,0.04935298837,11.81398666,16.43692691,10.49923514,0.143989604,2.79681208,20.99042176,0.9985721249,0.9788174394,0.09841309039,0.03556225646,0.9957919312,0.9961138137,0.9874912467,0.9884459102,0.9907666823,0.9909130169,0.9951078158,0.9956785756,0.9863161113,0.9876630203,0.9906027446,0.9902418616,0.140123318,0.4378328236,83.6352438,0.9404968315,0.9790216049,0.9769980932,0.9794349027,0.9428969534,0.9781560315,0.9771783566,0.9790293666,0.9811957913,0.9588858225,0.1422570734,0.07636510817,0.04894321128,0.03333595474,0.02903521003,0.02829821086,0.02475732304,0.02260351042,0.02016783823,0.01914365314
Qwen/Qwen3-Embedding-0.6B,20,mean_abs,3,35;30;2,1024,847,858,0.1556625711,0.08535187413,0.03804696225,0.1405819986,0.01492667865,0.01755725924,0.01165457153,0.06316870653,0.00890039902,0.004369143173,0.7152284888,0.8467522443,0.9325205601,0.7857870444,0.9776876684,0.9766323193,0.9804713954,0.9116928915,0.9888357572,0.9954458956,0.1062315415,0.06751280253,0.04765249951,0.02734970023,0.02963875236,0.02885525251,0.02534389847,0.02151588773,0.02082180239,0.01989652747,0.957778737,0.1258164542,0.07381286925,0.04953724105,23.27131491,17.87210024,13.81282786,6.565755785,20.04574343,23.59321182,0.9997452787,0.9186442958,0.001187743632,0.02767296934,0.99792409,0.9980428756,0.9866393151,0.9873347277,0.9886259815,0.9884943332,0.997539718,0.9977365153,0.9846370597,0.9851923566,0.9887337667,0.9879970335,0.125866,0.42645253,87.44690028,0.9393897146,0.9791680879,0.9773026127,0.9798506735,0.9428969534,0.9781560315,0.9771783566,0.9790293666,0.9811957913,0.9588858225,0.1422570734,0.07636510817,0.04894321128,0.03333595474,0.02903521003,0.02829821086,0.02475732304,0.02260351042,0.02016783823,0.01914365314
Qwen/Qwen3-Embedding-0.6B,20,mean_abs,5,35;30;2;28;23,1024,847,858,0.160919372,0.09809110843,0.04400262943,0.1730777311,0.05006197929,0.02306768121,0.02681122578,0.06473715366,0.009811946324,0.01694824163,0.7064808765,0.8230864432,0.9212349817,0.7260206235,0.9102040844,0.9660162677,0.9556525332,0.908538085,0.9871122453,0.971699685,0.1057962082,0.06616620741,0.04746338456,0.02547755087,0.02782015684,0.02877658412,0.02490574406,0.0216179671,0.02095664279,0.01958180407,0.9499575044,0.1260858666,0.07336240726,0.04964802835,23.68484334,19.15483882,14.88598851,7.749772443,21.217178,23.86748665,0.9997330245,0.91576889,0.002408598168,0.01899731745,0.9978073402,0.9980777513,0.9863055313,0.9868176162,0.9876837322,0.9869418336,0.9974264325,0.997753519,0.9843571291,0.9847591142,0.9882051125,0.9870530156,0.1261386198,0.4251285391,87.81549142,0.9408273331,0.9793136361,0.9772655685,0.9799650697,0.9428969534,0.9781560315,0.9771783566,0.9790293666,0.9811957913,0.9588858225,0.1422570734,0.07636510817,0.04894321128,0.03333595474,0.02903521003,0.02829821086,0.02475732304,0.02260351042,0.02016783823,0.01914365314
Qwen/Qwen3-Embedding-0.6B,20,mean_abs,10,35;30;2;28;23;18;277;32;7;16,1024,847,858,0.1799551663,0.2008506197,0.05718939191,0.1854370471,0.05795295115,0.07379028484,0.05924873395,0.08558126528,0.01584359258,0.0720063718,0.675056631,0.6522158488,0.9003188691,0.70812792,0.8996568167,0.8713259429,0.8989645204,0.8693629243,0.979254924,0.8811565175,0.1034528975,0.05365558082,0.04746979919,0.02543040033,0.02814041048,0.02656245456,0.02397589436,0.02116925568,0.02127569199,0.01817215598,0.9282638094,0.1261551725,0.0671408652,0.05034924171,25.18765174,28.63049905,20.00590086,11.10894097,24.60900583,29.66435607,0.9992883167,0.9049187945,0.05218263275,0.004307925559,0.9969676128,0.9974791382,0.9670146495,0.9669214525,0.9687670366,0.9683530722,0.9966211666,0.996978569,0.9625620956,0.9617824264,0.969776406,0.968464095,0.1262581924,0.4189141979,89.55848728,0.9401415248,0.9798081234,0.9775513168,0.9803648165,0.9428969534,0.9781560315,0.9771783566,0.9790293666,0.9811957913,0.9588858225,0.1422570734,0.07636510817,0.04894321128,0.03333595474,0.02903521003,0.02829821086,0.02475732304,0.02260351042,0.02016783823,0.01914365314
Qwen/Qwen3-Embedding-0.6B,20,variance,1,35,1024,847,858,0.03917450167,0.06390327072,0.01751814212,0.1235859119,0.009717997515,0.005476261291,1.952075167e-05,0.0324121212,0.005830300082,8.941914907e-05,0.9269076647,0.8881672884,0.9717961667,0.8235961902,0.9869530029,0.9927415559,0.9999760098,0.9625481338,0.9938577912,0.9999103251,0.1344252011,0.06914489108,0.0484884157,0.02798965713,0.02921405189,0.0286395066,0.02523850443,0.02218036559,0.02043402628,0.01951444577,0.9809110984,0.1399059468,0.07386511341,0.04935298837,11.81398666,16.43692691,10.49923514,0.143989604,2.79681208,20.99042176,0.9985721249,0.9788174394,0.09841309039,0.03556225646,0.9957919312,0.9961138137,0.9874912467,0.9884459102,0.9907666823,0.9909130169,0.9951078158,0.9956785756,0.9863161113,0.9876630203,0.9906027446,0.9902418616,0.140123318,0.4378328236,83.6352438,0.9404968315,0.9790216049,0.9769980932,0.9794349027,0.9428969534,0.9781560315,0.9771783566,0.9790293666,0.9811957913,0.9588858225,0.1422570734,0.07636510817,0.04894321128,0.03333595474,0.02903521003,0.02829821086,0.02475732304,0.02260351042,0.02016783823,0.01914365314
Qwen/Qwen3-Embedding-0.6B,20,variance,3,35;30;22,1024,847,858,0.2201805169,0.08656506944,0.04253519563,0.1405674755,0.04665310133,0.01626980266,0.003025995392,0.06336760868,0.00645935525,0.002993287254,0.6145332344,0.847047916,0.9413050963,0.7864410031,0.9395941007,0.9808099812,0.99713863,0.9120038092,0.9950632596,0.998972713,0.09226462774,0.0682682765,0.04862267636,0.02766910016,0.02879262378,0.02929272972,0.02605404832,0.02175647509,0.02118000361,0.02018340485,0.947510455,0.1183153662,0.07473797445,0.0507827297,28.36454651,18.98205051,17.48309035,4.108975189,17.48153096,31.35942401,0.9964542357,0.8799427113,0.09416247939,0.1391626669,0.9892949831,0.9889846462,0.9818815166,0.9825053585,0.9781750469,0.9754304595,0.9879504698,0.987770514,0.9800449185,0.9809452355,0.978290436,0.9755328016,0.1187810178,0.4205438782,89.41007591,0.9379137378,0.9796191041,0.9777353171,0.9799229996,0.9428969534,0.9781560315,0.9771783566,0.9790293666,0.9811957913,0.9588858225,0.1422570734,0.07636510817,0.04894321128,0.03333595474,0.02903521003,0.02829821086,0.02475732304,0.02260351042,0.02016783823,0.01914365314
Qwen/Qwen3-Embedding-0.6B,20,variance,5,35;30;22;74;10,1024,847,858,0.3087588421,0.09996190651,0.07924760594,0.1443863629,0.06498547659,0.06641562675,0.01726284032,0.09241399721,0.00862277216,0.008470289738,0.4920469595,0.8228743033,0.9098420718,0.782289768,0.930507201,0.9147407328,0.9861494287,0.8740183704,0.988988278,0.9842785536,0.07575161997,0.06800486365,0.04819144832,0.028222277,0.02923857569,0.02801357265,0.02642152699,0.02138001254,0.02158549418,0.02039174266,0.9240351619,0.1095878321,0.07555776154,0.05233920502,34.51684937,20.27468861,25.4206258,8.181919962,18.8714016,38.91905296,0.991039846,0.823959586,0.1027210425,0.2571923197,0.9714438446,0.9701191902,0.9807581833,0.9807151673,0.9504593203,0.9443797553,0.9677909191,0.9670814771,0.9784621296,0.9785343412,0.9510398425,0.9458208124,0.1107546049,0.4125484022,92.17260002,0.9381144111,0.980127851,0.9783144885,0.9802915853,0.9428969534,0.9781560315,0.9771783566,0.9790293666,0.9811957913,0.9588858225,0.1422570734,0.07636510817,0.04894321128,0.03333595474,0.02903521003,0.02829821086,0.02475732304,0.02260351042,0.02016783823,0.01914365314
Qwen/Qwen3-Embedding-0.6B,20,variance,10,35;30;22;74;10;59;58;70;38;18,1024,847,858,0.429060591,0.1840491446,0.1022216598,0.1555419072,0.08585919707,0.07316144002,0.04317980033,0.1106485234,0.01625391017,0.04165192724,0.3461849201,0.6859314616,0.9075749891,0.7592804414,0.9027369598,0.8922595238,0.9292301723,0.8535116572,0.9796541053,0.925881916,0.05549476499,0.05902631827,0.05005471362,0.0285223373,0.02953630721,0.02845248293,0.02592370002,0.02173979028,0.02226394461,0.01997332733,0.8874216078,0.09719904445,0.07234053114,0.05575397777,43.04238064,30.49489728,35.90915851,11.71577593,24.6365206,48.03736414,0.9672364852,0.7308490399,0.2376574051,0.3844490395,0.9229525558,0.9197472175,0.9482228516,0.9449638138,0.887421345,0.8766663096,0.9160485778,0.9149840343,0.9461056952,0.9436395153,0.8876881279,0.8776330595,0.1005172223,0.3992358495,96.62542145,0.9386083934,0.980165919,0.9788398147,0.9805536622,0.9428969534,0.9781560315,0.9771783566,0.9790293666,0.9811957913,0.9588858225,0.1422570734,0.07636510817,0.04894321128,0.03333595474,0.02903521003,0.02829821086,0.02475732304,0.02260351042,0.02016783823,0.01914365314
Qwen/Qwen3-Embedding-0.6B,21,mean_abs,1,35,1024,847,858,0.0587358597,0.006349879801,0.1029238194,0.1521939291,0.008800193232,0.01362320875,0.02244930281,4.671858604e-05,0.02473314124,0.001581909468,0.8935337333,0.9887819842,0.8364323052,0.7878366503,0.9885949196,0.9830695632,0.9734795245,0.9999480163,0.9749366905,0.9985465348,0.09804709109,0.08712068429,0.04186399144,0.02673101834,0.02887195275,0.02669202264,0.02444875239,0.02317046661,0.02031614467,0.01898857302,0.9798539598,0.1041653314,0.08767742541,0.04666715307,15.12294906,7.538775934,23.46928919,0.02888809964,4.402351715,26.67223643,0.9950324341,0.9653682118,0.1005558451,0.1220147522,0.9890958708,0.9901065915,0.9945518684,0.9944731968,0.9524682108,0.9542108379,0.9869456394,0.9887583045,0.9947398322,0.9945185635,0.9479604046,0.9488134987,0.1045280794,0.4085902341,94.05245437,0.9489948167,0.9840046513,0.9835863779,0.9851389548,0.9529046501,0.9835136975,0.9831422914,0.9847204528,0.9822835884,0.9676062167,0.1075189742,0.08633404416,0.04904234034,0.0332460976,0.02861667268,0.0266047135,0.02460884512,0.02270485374,0.02041861282,0.01863311104
Qwen/Qwen3-Embedding-0.6B,21,mean_abs,3,35;2;30,1024,847,858,0.164142089,0.03541104872,0.1189582216,0.1736350254,0.02325739015,0.02244512753,0.02972039531,0.005646100502,0.03373453975,0.009383511961,0.7043343066,0.9349846097,0.8064478413,0.7437926652,0.9642713538,0.9654373939,0.9567147947,0.9914919488,0.9566343336,0.9853581736,0.07876409271,0.08395583149,0.04113502736,0.02571916631,0.02870005447,0.02671449829,0.02448713878,0.02341381704,0.0203159211,0.01909606197,0.9614698724,0.09423143775,0.08703793608,0.04668907692,32.31975006,26.64044068,24.70952646,3.821853982,20.79800437,28.59256362,0.92433704,0.8450775899,0.4054976485,0.1291545423,0.9123275878,0.9082523728,0.9171102966,0.9028950898,0.949413149,0.9506959805,0.9102314188,0.9082527605,0.9169850753,0.9083918487,0.9450652188,0.9454555467,0.09594911802,0.3994495635,97.09564675,0.9481354417,0.981219241,0.983902789,0.9853697357,0.9529046501,0.9835136975,0.9831422914,0.9847204528,0.9822835884,0.9676062167,0.1075189742,0.08633404416,0.04904234034,0.0332460976,0.02861667268,0.0266047135,0.02460884512,0.02270485374,0.02041861282,0.01863311104
Qwen/Qwen3-Embedding-0.6B,21,mean_abs,5,35;2;30;23;28,1024,847,858,0.1757905107,0.04124931383,0.1247753118,0.179409014,0.0306347218,0.04228202007,0.04528244992,0.0208400159,0.03710458346,0.01269500841,0.6849315529,0.9239345908,0.7940445852,0.7322552472,0.9491318547,0.9285770932,0.9284605741,0.9664855893,0.9508488034,0.9794020608,0.07709033464,0.08350086163,0.04076465025,0.02548418875,0.02843238757,0.0258609335,0.02391786139,0.02297109705,0.02032382017,0.01910354786,0.9552836725,0.09353245217,0.08709340482,0.04657621157,34.39578331,29.16812313,25.00181286,5.625962764,22.22545426,28.6768179,0.9089013947,0.8251550749,0.4414863379,0.1199381803,0.8958493603,0.8910787019,0.9001282921,0.8810027196,0.9502371465,0.9514910901,0.8944577339,0.8916765061,0.8998788087,0.8883496737,0.9462947582,0.9462545108,0.09548912894,0.3981775175,97.47844956,0.9497299905,0.9806729769,0.9838385835,0.9853909821,0.9529046501,0.9835136975,0.9831422914,0.9847204528,0.9822835884,0.9676062167,0.1075189742,0.08633404416,0.04904234034,0.0332460976,0.02861667268,0.0266047135,0.02460884512,0.02270485374,0.02041861282,0.01863311104
Qwen/Qwen3-Embedding-0.6B,21,mean_abs,10,35;2;30;23;28;18;13;277;7;32,1024,847,858,0.2109060464,0.09556472327,0.1732432197,0.2048091517,0.04354148049,0.07176790532,0.06451342773,0.02843338574,0.04935579735,0.02861221276,0.6295196782,0.8283347462,0.7276248623,0.716676653,0.9240022101,0.8729142779,0.8973622221,0.9509905322,0.9244615922,0.9494320781,0.07239248674,0.07648689601,0.0381661005,0.02548373057,0.02828076926,0.02483872253,0.02361881409,0.02309372418,0.02018897077,0.01892118559,0.9349769999,0.09174127669,0.08456867835,0.04616363773,37.89587916,35.10477772,31.09763708,8.807415562,28.20320241,33.13472557,0.8883482285,0.7891282636,0.4783844309,0.1508780968,0.8700447559,0.8632387496,0.8703638299,0.8439039337,0.9143514469,0.9143469817,0.8685319356,0.86530746,0.8695761745,0.8544881398,0.9055530171,0.9033064555,0.09460110176,0.3926656224,99.27994334,0.9489304328,0.9809291959,0.9842973248,0.9857101474,0.9529046501,0.9835136975,0.9831422914,0.9847204528,0.9822835884,0.9676062167,0.1075189742,0.08633404416,0.04904234034,0.0332460976,0.02861667268,0.0266047135,0.02460884512,0.02270485374,0.02041861282,0.01863311104
Qwen/Qwen3-Embedding-0.6B,21,variance,1,35,1024,847,858,0.0587358597,0.006349879801,0.1029238194,0.1521939291,0.008800193232,0.01362320875,0.02244930281,4.671858604e-05,0.02473314124,0.001581909468,0.8935337333,0.9887819842,0.8364323052,0.7878366503,0.9885949196,0.9830695632,0.9734795245,0.9999480163,0.9749366905,0.9985465348,0.09804709109,0.08712068429,0.04186399144,0.02673101834,0.02887195275,0.02669202264,0.02444875239,0.02317046661,0.02031614467,0.01898857302,0.9798539598,0.1041653314,0.08767742541,0.04666715307,15.12294906,7.538775934,23.46928919,0.02888809964,4.402351715,26.67223643,0.9950324341,0.9653682118,0.1005558451,0.1220147522,0.9890958708,0.9901065915,0.9945518684,0.9944731968,0.9524682108,0.9542108379,0.9869456394,0.9887583045,0.9947398322,0.9945185635,0.9479604046,0.9488134987,0.1045280794,0.4085902341,94.05245437,0.9489948167,0.9840046513,0.9835863779,0.9851389548,0.9529046501,0.9835136975,0.9831422914,0.9847204528,0.9822835884,0.9676062167,0.1075189742,0.08633404416,0.04904234034,0.0332460976,0.02861667268,0.0266047135,0.02460884512,0.02270485374,0.02041861282,0.01863311104
Qwen/Qwen3-Embedding-0.6B,21,variance,3,35;30;22,1024,847,858,0.2094861093,0.03174307488,0.1324090915,0.1690818002,0.0301935678,0.02818208546,0.03399583741,0.005175152685,0.03628693107,0.004334299088,0.6364213375,0.9412871602,0.8019713502,0.7540342382,0.9531304958,0.955628581,0.9576345161,0.9901760161,0.9502738194,0.9963792975,0.07157178261,0.08499946839,0.04113789169,0.02622066679,0.02852879912,0.02659253297,0.0246492105,0.0235148981,0.02029490339,0.01941878517,0.9560663001,0.09053829851,0.08778606813,0.04741623187,41.0183328,34.84049294,29.18446979,3.608353392,18.10516919,34.80741661,0.8486024373,0.7544996239,0.5420839251,0.2120723773,0.8276001987,0.8120439801,0.844058002,0.816378593,0.9268423131,0.9270696428,0.8250565796,0.8169992928,0.8417351458,0.8234243862,0.9235865944,0.9215805704,0.09347037496,0.3960964895,98.12516952,0.9470798754,0.9795690438,0.9842875838,0.9854713008,0.9529046501,0.9835136975,0.9831422914,0.9847204528,0.9822835884,0.9676062167,0.1075189742,0.08633404416,0.04904234034,0.0332460976,0.02861667268,0.0266047135,0.02460884512,0.02270485374,0.02041861282,0.01863311104
Qwen/Qwen3-Embedding-0.6B,21,variance,5,35;30;22;10;74,1024,847,858,0.2646759778,0.04231192254,0.1557397342,0.169395838,0.05365331765,0.03029542262,0.03792754915,0.0240703371,0.05293783657,0.01521055796,0.5604585428,0.9228351512,0.7834349037,0.7530175041,0.9216166289,0.9527150677,0.954329642,0.9549828753,0.9260233251,0.9816056426,0.06394026633,0.08453801554,0.04076804996,0.02656388444,0.02798435319,0.02689474652,0.02491927952,0.02300700717,0.02006291325,0.01940744006,0.9424409857,0.08695522571,0.08827301658,0.04828848592,51.90131196,47.92868467,34.57452121,5.747605299,18.79480201,40.32893694,0.7195456552,0.6170178558,0.7123982376,0.219861327,0.6831393782,0.6584132827,0.7038914536,0.6585283368,0.8916305355,0.8898608781,0.6874598583,0.6781041072,0.6933601433,0.6570031821,0.8879267924,0.8827973536,0.0930695838,0.3925780782,99.36206202,0.9470267798,0.976945761,0.984422614,0.9854705466,0.9529046501,0.9835136975,0.9831422914,0.9847204528,0.9822835884,0.9676062167,0.1075189742,0.08633404416,0.04904234034,0.0332460976,0.02861667268,0.0266047135,0.02460884512,0.02270485374,0.02041861282,0.01863311104
Qwen/Qwen3-Embedding-0.6B,21,variance,10,35;30;22;10;74;58;59;13;38;18,1024,847,858,0.3608056466,0.08566485467,0.1949346568,0.1895707069,0.06135231488,0.06206871695,0.05629694785,0.03116401746,0.06592635514,0.03426450511,0.4374903385,0.8423487653,0.7655361697,0.7315531443,0.9133137163,0.89226609,0.9210646978,0.9420007777,0.9170239331,0.9508611409,0.05128509565,0.07928875884,0.04093308644,0.02651698529,0.02849552789,0.0258815669,0.02471262966,0.0233188732,0.02041477018,0.01931701701,0.917196543,0.08023396229,0.08671739158,0.05084442746,63.26091127,59.20555551,45.55351578,10.61621322,22.06702996,49.73019519,0.5627647923,0.4499283761,0.8066115094,0.2725426888,0.5146382736,0.4919429347,0.555522821,0.4935999034,0.7900639483,0.7858212232,0.5257332222,0.51595856,0.5301445077,0.4829212013,0.7831947896,0.7726897079,0.08959944275,0.3834144055,102.1001345,0.9477862924,0.9760671463,0.9848760528,0.9856930218,0.9529046501,0.9835136975,0.9831422914,0.9847204528,0.9822835884,0.9676062167,0.1075189742,0.08633404416,0.04904234034,0.0332460976,0.02861667268,0.0266047135,0.02460884512,0.02270485374,0.02041861282,0.01863311104
Qwen/Qwen3-Embedding-0.6B,22,mean_abs,1,35,1024,847,858,0.05468235292,0.01593928222,0.2692925327,0.03108550566,0.01277464327,0.006720129171,0.01319986693,0.00282317566,0.03292229422,0.00295456364,0.9049153235,0.9732920327,0.5867883059,0.9597584117,0.9848486594,0.9923981812,0.9869533797,0.9977913512,0.9759752381,0.9981325355,0.08793551178,0.07613940616,0.03198443733,0.03452477979,0.03070499161,0.02898711862,0.02475836187,0.02079445764,0.01949776904,0.01851653594,0.9752511664,0.09302218365,0.077372671,0.04377187693,15.32545109,10.8759703,42.2293631,0.05761464789,4.798357012,42.75509494,0.9919422325,0.9644401095,0.1182913069,0.1916944285,0.9823311881,0.9843264362,0.9874724971,0.9858289922,0.8416009426,0.8446041128,0.9820213103,0.9839311963,0.9855489745,0.9833821388,0.8336872336,0.839415258,0.09366794989,0.388183636,103.5771344,0.9605765745,0.9801304862,0.9861883182,0.9867203296,0.963465191,0.9804284919,0.9852754614,0.9867064563,0.9814999131,0.97924893,0.0947704257,0.07629266672,0.05315862551,0.03508209082,0.03040576702,0.0284862687,0.0244648043,0.02032470921,0.01948330373,0.01809205955
Qwen/Qwen3-Embedding-0.6B,22,mean_abs,3,35;13;2,1024,847,858,0.07208656107,0.02815577841,0.3738933793,0.03505635672,0.01836203235,0.009109532639,0.02456268477,0.007385034939,0.03359997832,0.007708320629,0.8795639255,0.9503251545,0.4738213043,0.9607430816,0.9819922711,0.9856809206,0.9776482577,0.9937863908,0.9738721152,0.9878322964,0.08647458551,0.07521479377,0.02612982949,0.03496559984,0.03097506895,0.02912863713,0.02481262006,0.02095393704,0.0196839739,0.01854041616,0.9639438819,0.09319251332,0.07739387867,0.04173383355,17.62091976,13.29364946,54.3508493,3.656929255,8.806142689,54.73091508,0.989408681,0.9530802034,0.1441888143,0.228610962,0.9744893548,0.9772006457,0.9852922246,0.9830542254,0.6836146256,0.6951578615,0.9742112426,0.9767911882,0.9831409213,0.9803622657,0.6595582252,0.6702384882,0.09404284939,0.3845153194,104.3934063,0.9590195065,0.9804545631,0.9866507393,0.9870021056,0.963465191,0.9804284919,0.9852754614,0.9867064563,0.9814999131,0.97924893,0.0947704257,0.07629266672,0.05315862551,0.03508209082,0.03040576702,0.0284862687,0.0244648043,0.02032470921,0.01948330373,0.01809205955
Qwen/Qwen3-Embedding-0.6B,22,mean_abs,5,35;13;2;30;277,1024,847,858,0.07678569639,0.1398077397,0.3846977566,0.0385857654,0.03735971123,0.01548752607,0.03640856397,0.01211624851,0.05379218155,0.009786829302,0.8716605638,0.747770971,0.4561529083,0.9536408134,0.9465780233,0.9751557319,0.9521878213,0.9841095051,0.9316888949,0.9843924089,0.08691041334,0.06002096631,0.02551148724,0.03519831585,0.03028056448,0.02922544485,0.02450845614,0.02104356683,0.01909787762,0.01873733626,0.9504918861,0.09413893718,0.06977622223,0.04146171661,18.66177281,25.21222437,56.20485592,5.078527726,22.08641968,56.25722561,0.9860367671,0.9474239768,0.1868574187,0.2239487337,0.9691699125,0.972046771,0.9760273797,0.9718735579,0.6568529267,0.6646953037,0.9696118938,0.9719179515,0.9721281478,0.9671760137,0.6328975993,0.6380306053,0.0952825374,0.3786845193,106.473481,0.9574169218,0.9805866655,0.9867896571,0.987154995,0.963465191,0.9804284919,0.9852754614,0.9867064563,0.9814999131,0.97924893,0.0947704257,0.07629266672,0.05315862551,0.03508209082,0.03040576702,0.0284862687,0.0244648043,0.02032470921,0.01948330373,0.01809205955
Qwen/Qwen3-Embedding-0.6B,22,mean_abs,10,35;13;2;30;277;23;18;28;7;32,1024,847,858,0.09240687075,0.1857507914,0.4098425975,0.04356928503,0.04549902804,0.02900614608,0.06053551349,0.03298193422,0.06901515542,0.02131803046,0.8434345047,0.6700649606,0.4255319177,0.9461800822,0.9307910319,0.9482495818,0.9075494981,0.9471661165,0.906352824,0.9638094099,0.08532450909,0.05456941606,0.02414657213,0.0354330774,0.03021048911,0.02883419487,0.02370072712,0.02054944501,0.01884991933,0.01861353128,0.9368075822,0.09401184996,0.06701807688,0.04091547785,20.01713246,27.91051711,58.47513791,8.147108313,26.41959507,58.63790855,0.9862634273,0.9395903086,0.175072628,0.2390438342,0.9685621629,0.971416126,0.9813192424,0.9769243657,0.6210288598,0.6306059943,0.9689313191,0.9715750661,0.9787891082,0.9740233495,0.5933579691,0.5979248439,0.09520165385,0.3757089949,107.5668221,0.9579869579,0.9811228595,0.9869257386,0.9873906944,0.963465191,0.9804284919,0.9852754614,0.9867064563,0.9814999131,0.97924893,0.0947704257,0.07629266672,0.05315862551,0.03508209082,0.03040576702,0.0284862687,0.0244648043,0.02032470921,0.01948330373,0.01809205955
Qwen/Qwen3-Embedding-0.6B,22,variance,1,35,1024,847,858,0.05468235292,0.01593928222,0.2692925327,0.03108550566,0.01277464327,0.006720129171,0.01319986693,0.00282317566,0.03292229422,0.00295456364,0.9049153235,0.9732920327,0.5867883059,0.9597584117,0.9848486594,0.9923981812,0.9869533797,0.9977913512,0.9759752381,0.9981325355,0.08793551178,0.07613940616,0.03198443733,0.03452477979,0.03070499161,0.02898711862,0.02475836187,0.02079445764,0.01949776904,0.01851653594,0.9752511664,0.09302218365,0.077372671,0.04377187693,15.32545109,10.8759703,42.2293631,0.05761464789,4.798357012,42.75509494,0.9919422325,0.9644401095,0.1182913069,0.1916944285,0.9823311881,0.9843264362,0.9874724971,0.9858289922,0.8416009426,0.8446041128,0.9820213103,0.9839311963,0.9855489745,0.9833821388,0.8336872336,0.839415258,0.09366794989,0.388183636,103.5771344,0.9605765745,0.9801304862,0.9861883182,0.9867203296,0.963465191,0.9804284919,0.9852754614,0.9867064563,0.9814999131,0.97924893,0.0947704257,0.07629266672,0.05315862551,0.03508209082,0.03040576702,0.0284862687,0.0244648043,0.02032470921,0.01948330373,0.01809205955
Qwen/Qwen3-Embedding-0.6B,22,variance,3,35;30;13,1024,847,858,0.07672587136,0.1114197559,0.352371473,0.03753839582,0.03476002109,0.01406562445,0.02704968417,0.006579921703,0.04577452678,0.005150407815,0.8717630424,0.7995427789,0.5004535633,0.9537821622,0.950171368,0.9764956084,0.9736874019,0.993662648,0.9525287495,0.9922724461,0.08630332163,0.06372072768,0.02779033328,0.03495351779,0.03017964514,0.02905775696,0.02488384704,0.02109694311,0.01938638885,0.01875319055,0.9572905548,0.09347529509,0.07171071843,0.04291091593,18.65926501,23.43947914,54.19399021,4.926609292,18.15946887,54.09233006,0.9860193954,0.9474379813,0.1862418528,0.2246093801,0.9691757286,0.9720637546,0.9701929507,0.9655688657,0.6877588874,0.6950680458,0.9695987618,0.9719134679,0.9657835758,0.9611387562,0.6679915176,0.6736531698,0.09460750307,0.380362461,105.9215156,0.957889109,0.9804356251,0.9867314488,0.9871426028,0.963465191,0.9804284919,0.9852754614,0.9867064563,0.9814999131,0.97924893,0.0947704257,0.07629266672,0.05315862551,0.03508209082,0.03040576702,0.0284862687,0.0244648043,0.02032470921,0.01948330373,0.01809205955
Qwen/Qwen3-Embedding-0.6B,22,variance,5,35;30;13;22;10,1024,847,858,0.1036431149,0.1570486966,0.3849571865,0.03848897433,0.05431775773,0.01812498628,0.0279214622,0.02290501042,0.06127345071,0.008336457527,0.8326905158,0.7347920503,0.484727391,0.9524663761,0.913579538,0.969472251,0.975053742,0.9634504456,0.9177653731,0.9907467103,0.0834877173,0.05930801404,0.02726072752,0.03535096381,0.02938789399,0.02921709863,0.02523692498,0.0207166658,0.01891735466,0.01896342528,0.9452220902,0.09314115693,0.07035758033,0.04432330063,22.11863256,29.92685861,64.63467589,5.743199312,20.54760019,64.16494321,0.9785003593,0.9264062339,0.2594012957,0.2421105373,0.9521276581,0.9557070151,0.9347019439,0.9246257602,0.5139928478,0.5241369521,0.9542228554,0.9566122997,0.9250949826,0.9175877826,0.4880232304,0.4874028402,0.09491864814,0.3762859921,107.1551165,0.9579448147,0.980522565,0.9869944216,0.987507639,0.963465191,0.9804284919,0.9852754614,0.9867064563,0.9814999131,0.97924893,0.0947704257,0.07629266672,0.05315862551,0.03508209082,0.03040576702,0.0284862687,0.0244648043,0.02032470921,0.01948330373,0.01809205955
Qwen/Qwen3-Embedding-0.6B,22,variance,10,35;30;13;22;10;74;58;277;18;17,1024,847,858,0.126546152,0.236404189,0.4230989443,0.05592104051,0.09037429551,0.02888311703,0.05256449331,0.0398236132,0.0773357222,0.01487516997,0.7983540542,0.6102614335,0.4494040502,0.917358835,0.8425837866,0.9493570739,0.9206596794,0.9334141523,0.8823384358,0.9756632116,0.08174505347,0.05030276249,0.02581094117,0.03477105214,0.02767975088,0.02921852397,0.02433514764,0.02049707253,0.01857337874,0.01907133321,0.9255649163,0.09358829166,0.0658761635,0.04474067245,23.49824486,34.50229541,71.09443405,8.18870794,26.27036533,70.63639981,0.981258856,0.9170722888,0.2446753074,0.2739395309,0.9497372872,0.953180683,0.9309734571,0.9205425245,0.3962198566,0.4104441475,0.9516399882,0.9534608998,0.9216239854,0.9145053663,0.3710285509,0.3711580807,0.09546982144,0.3702549347,109.0832009,0.958644231,0.9813392185,0.9869068349,0.9872769884,0.963465191,0.9804284919,0.9852754614,0.9867064563,0.9814999131,0.97924893,0.0947704257,0.07629266672,0.05315862551,0.03508209082,0.03040576702,0.0284862687,0.0244648043,0.02032470921,0.01948330373,0.01809205955
Qwen/Qwen3-Embedding-0.6B,23,mean_abs,1,35,1024,847,858,0.05279391495,0.1677355863,0.2271087633,0.01082856174,0.0001195276119,0.006767537999,0.008412274923,0.0073967073,0.002549877571,0.009477718955,0.9132124479,0.741607374,0.6674682672,0.988376678,0.99989648,0.9947512454,0.9945985152,0.9972918847,0.9992115148,0.9987793885,0.08648676625,0.05442819944,0.04201292029,0.03597377343,0.0297392135,0.02739943783,0.02470226912,0.02058550572,0.01993103157,0.01800133396,0.967374813,0.09130723252,0.06539772522,0.05435812737,15.87783736,36.50089817,55.28357894,0.07900538083,3.654775123,48.82042808,0.9882887439,0.961847208,0.2086053528,0.1566155954,0.9738073034,0.9775481975,0.826768114,0.8204470371,0.7012057128,0.6764882503,0.9731483153,0.9765297114,0.8025683606,0.7939935942,0.7223822561,0.7058702861,0.09239404036,0.3765421262,111.2078621,0.9583009235,0.9776900724,0.9844245704,0.9852715348,0.9605027765,0.9768359679,0.9846286743,0.9864031048,0.983561118,0.9810464765,0.09161627125,0.07099776931,0.060890147,0.03520937222,0.02877194458,0.02664538111,0.02402612974,0.01996797533,0.01929599254,0.01743531882
Qwen/Qwen3-Embedding-0.6B,23,mean_abs,3,35;13;2,1024,847,858,0.06949393624,0.2393338723,0.3555726486,0.01095024124,0.007291147839,0.01067794169,0.02016214199,0.009861740606,0.01046140301,0.01084159211,0.895058371,0.6671889127,0.5445309067,0.9894280235,0.987952207,0.9908872529,0.9931823126,0.9965242617,0.9954802512,0.9906471618,0.08632683661,0.04986724555,0.03490530307,0.03667451205,0.02992450717,0.02779508676,0.02512086853,0.02094805782,0.02022188458,0.01818321814,0.9499005608,0.09277407206,0.06555733683,0.05416483796,17.37083425,38.803909,76.07428201,2.666610808,10.19211582,73.99150915,0.9893896919,0.9543924281,0.2356960067,0.1700110228,0.9672885239,0.97196365,0.8119132687,0.8058060968,0.3123675064,0.3106290872,0.9664970118,0.9706584061,0.7856528012,0.7782573977,0.2989360847,0.2911491202,0.09389368152,0.3696644031,112.9667895,0.9565874738,0.9796176276,0.9862368175,0.9866233401,0.9605027765,0.9768359679,0.9846286743,0.9864031048,0.983561118,0.9810464765,0.09161627125,0.07099776931,0.060890147,0.03520937222,0.02877194458,0.02664538111,0.02402612974,0.01996797533,0.01929599254,0.01743531882
Qwen/Qwen3-Embedding-0.6B,23,mean_abs,5,35;13;2;30;277,1024,847,858,0.069696896,0.3142432162,0.403216035,0.01528579916,0.008862141648,0.03436098257,0.03744162832,0.01772158967,0.01886507074,0.01161992275,0.8948651779,0.5349664079,0.4574541689,0.9806207844,0.9847044712,0.9514051614,0.9572500023,0.9807405765,0.977903716,0.9888764771,0.08741202401,0.04049600409,0.02969857202,0.03681292544,0.03020759017,0.02702890148,0.02452167599,0.02087993445,0.02011889734,0.01838285219,0.9379054174,0.09396080013,0.05905301274,0.04976435991,17.15150307,43.10353438,77.97539946,3.790536875,22.79552437,75.42575327,0.9906752806,0.9555283164,0.220975217,0.1815852889,0.9685827885,0.972997636,0.8104041798,0.7991910192,0.2716026609,0.2699982234,0.9675790823,0.9716259442,0.7850988924,0.7735810239,0.2580647343,0.246792571,0.09506643235,0.3642553462,114.9228888,0.9550305566,0.9800959356,0.9862953504,0.9866282175,0.9605027765,0.9768359679,0.9846286743,0.9864031048,0.983561118,0.9810464765,0.09161627125,0.07099776931,0.060890147,0.03520937222,0.02877194458,0.02664538111,0.02402612974,0.01996797533,0.01929599254,0.01743531882
Qwen/Qwen3-Embedding-0.6B,23,mean_abs,10,35;13;2;30;277;18;7;23;28;32,1024,847,858,0.08589528899,0.3393917445,0.4638444487,0.01948596256,0.02231165052,0.04365251294,0.06282061967,0.02051017442,0.02908383695,0.03788342303,0.866326587,0.4888427484,0.3774753302,0.9730842751,0.9597478611,0.9334124166,0.9083216114,0.9757049412,0.9604155756,0.939695816,0.08589009558,0.037558022,0.02487278566,0.03707640071,0.02988238102,0.0269143776,0.02361632389,0.02108343488,0.02005465283,0.01772988904,0.9240834004,0.0939608937,0.05685369761,0.04639098784,18.75703559,42.9285057,78.52423451,7.320595562,28.32567529,76.68609259,0.9903799857,0.9468906514,0.2138047976,0.2019554353,0.966652985,0.9712864976,0.8448408595,0.8374442957,0.2601234407,0.2598723567,0.9657344382,0.9702766686,0.8261115692,0.8155916538,0.2431590689,0.2328030993,0.0951305282,0.3603988579,116.2846641,0.9560789052,0.9805225216,0.9865444796,0.9869133989,0.9605027765,0.9768359679,0.9846286743,0.9864031048,0.983561118,0.9810464765,0.09161627125,0.07099776931,0.060890147,0.03520937222,0.02877194458,0.02664538111,0.02402612974,0.01996797533,0.01929599254,0.01743531882
Qwen/Qwen3-Embedding-0.6B,23,variance,1,35,1024,847,858,0.05279391495,0.1677355863,0.2271087633,0.01082856174,0.0001195276119,0.006767537999,0.008412274923,0.0073967073,0.002549877571,0.009477718955,0.9132124479,0.741607374,0.6674682672,0.988376678,0.99989648,0.9947512454,0.9945985152,0.9972918847,0.9992115148,0.9987793885,0.08648676625,0.05442819944,0.04201292029,0.03597377343,0.0297392135,0.02739943783,0.02470226912,0.02058550572,0.01993103157,0.01800133396,0.967374813,0.09130723252,0.06539772522,0.05435812737,15.87783736,36.50089817,55.28357894,0.07900538083,3.654775123,48.82042808,0.9882887439,0.961847208,0.2086053528,0.1566155954,0.9738073034,0.9775481975,0.826768114,0.8204470371,0.7012057128,0.6764882503,0.9731483153,0.9765297114,0.8025683606,0.7939935942,0.7223822561,0.7058702861,0.09239404036,0.3765421262,111.2078621,0.9583009235,0.9776900724,0.9844245704,0.9852715348,0.9605027765,0.9768359679,0.9846286743,0.9864031048,0.983561118,0.9810464765,0.09161627125,0.07099776931,0.060890147,0.03520937222,0.02877194458,0.02664538111,0.02402612974,0.01996797533,0.01929599254,0.01743531882
Qwen/Qwen3-Embedding-0.6B,23,variance,3,35;13;30,1024,847,858,0.06925528834,0.3020254089,0.3331235835,0.0147855863,0.006538677205,0.03042448332,0.02875820561,0.01119381988,0.01540687824,0.01117011578,0.8948572352,0.5599004787,0.5518025298,0.9818756382,0.9886978903,0.9535402037,0.9761104607,0.9910164958,0.9875077477,0.9890612355,0.0866666984,0.04202245577,0.03551866189,0.03654606755,0.03007175045,0.02685881398,0.02479183491,0.02091899428,0.02014343449,0.01822967644,0.9459629212,0.09311543468,0.06020628303,0.05326123553,17.19280009,44.09857963,76.94961454,3.586207229,17.65683538,73.00422547,0.9902196537,0.9553155139,0.2235665921,0.1800065749,0.9683024097,0.9728398859,0.7754273157,0.7621481805,0.2933987606,0.2912365666,0.9673104147,0.9714504737,0.7456497666,0.7339676283,0.2862883239,0.2746204381,0.09426926788,0.3663869416,114.1431238,0.9550775863,0.9799499577,0.9861671631,0.9864773165,0.9605027765,0.9768359679,0.9846286743,0.9864031048,0.983561118,0.9810464765,0.09161627125,0.07099776931,0.060890147,0.03520937222,0.02877194458,0.02664538111,0.02402612974,0.01996797533,0.01929599254,0.01743531882
Qwen/Qwen3-Embedding-0.6B,23,variance,5,35;13;30;22;2,1024,847,858,0.08060479142,0.3521171009,0.3826770513,0.01621673225,0.008433004315,0.04795499029,0.02921736204,0.01363924495,0.02267625035,0.01358731696,0.8799214567,0.5008475009,0.4936881975,0.9779021932,0.9854713767,0.9270841327,0.9737723214,0.9904862069,0.9686606593,0.9830497099,0.08616905692,0.03800887667,0.03213176536,0.03680344912,0.03030735592,0.02640437574,0.02500783318,0.02114059874,0.01997899343,0.01832062108,0.9355460735,0.09372363062,0.05866627554,0.05205017152,18.43362838,47.27675565,82.5562054,4.20215244,22.2948078,79.4207352,0.9894035694,0.9486905856,0.2548282228,0.1708970209,0.9632309057,0.968313062,0.7523059365,0.7332902582,0.169876082,0.1759728569,0.962651454,0.9670444869,0.7217119972,0.706968762,0.1552020014,0.144112856,0.09499391708,0.3626288836,115.3311659,0.9550356054,0.9804194594,0.986409374,0.9867334624,0.9605027765,0.9768359679,0.9846286743,0.9864031048,0.983561118,0.9810464765,0.09161627125,0.07099776931,0.060890147,0.03520937222,0.02877194458,0.02664538111,0.02402612974,0.01996797533,0.01929599254,0.01743531882
Qwen/Qwen3-Embedding-0.6B,23,variance,10,35;13;30;22;2;277;16;18;60;10,1024,847,858,0.1271251293,0.3818703164,0.4231737591,0.01876763168,0.01894273142,0.0671563714,0.09575918523,0.02952315506,0.03587843905,0.03899991746,0.7983169463,0.4573892471,0.4324743862,0.973099535,0.9659488063,0.8897614202,0.8461818319,0.9573997842,0.94404937,0.9357355865,0.07974767021,0.03540794303,0.02871292636,0.03735816968,0.03030354027,0.02585029783,0.02216754293,0.02084478405,0.01986240683,0.01778906341,0.9171280077,0.09136208738,0.05728238584,0.04977742746,22.79333265,48.68042838,83.00978372,12.02495462,26.80037658,80.51587266,0.9867603744,0.9219082394,0.2724489574,0.1786150826,0.9559323231,0.9614533019,0.7573265828,0.7416882596,0.1598156712,0.1653155216,0.9557003189,0.9599565158,0.7253387814,0.7126840325,0.1435214863,0.1304646549,0.09291027707,0.3571478293,117.5104061,0.955427371,0.9807261296,0.9867548688,0.9871611751,0.9605027765,0.9768359679,0.9846286743,0.9864031048,0.983561118,0.9810464765,0.09161627125,0.07099776931,0.060890147,0.03520937222,0.02877194458,0.02664538111,0.02402612974,0.01996797533,0.01929599254,0.01743531882
Qwen/Qwen3-Embedding-0.6B,24,mean_abs,1,35,1024,847,858,0.07557695205,0.3696208356,0.005212439813,0.004578455859,0.002660047367,0.004670964191,0.01066830572,0.002946829754,0.005116698088,0.00360619073,0.8784931301,0.4425778459,0.9924593952,0.9952760043,0.9979448524,0.9968451022,0.99366307,0.9996354958,0.9997485982,1.000137985,0.08161972349,0.03279096866,0.06536808989,0.03746465141,0.02963250622,0.02742840721,0.02575735104,0.01941719794,0.01867720591,0.01788332445,0.9648356985,0.08829260983,0.05201784976,0.06571060245,19.86119239,82.20302592,83.64948902,0.02514590731,1.629499027,45.29922932,0.9782096446,0.9405184574,0.3301349903,0.02602298899,0.9538434593,0.9611220622,0.1437422016,0.1601115057,0.1346980821,0.1280652656,0.9512212353,0.9596606327,0.147496175,0.1748950324,0.1440288218,0.1175692325,0.09033107595,0.3749430848,115.3964081,0.9606855334,0.9782954499,0.9841417316,0.9856551662,0.9627164457,0.9774691468,0.9789577833,0.9865653215,0.9838395297,0.9817227677,0.08964170604,0.07148549673,0.06354866202,0.03631880298,0.02864937854,0.02654766159,0.02501009903,0.018741237,0.01802496652,0.01725208931
Qwen/Qwen3-Embedding-0.6B,24,mean_abs,3,35;13;2,1024,847,858,0.1056509932,0.5959756476,0.03151491103,0.005162645651,0.004359269992,0.01171879502,0.03099592056,0.005162147598,0.00843816407,0.008084598621,0.8501005917,0.2544086797,0.9400152988,0.9922337661,0.9928967124,0.9904227155,0.9982941439,0.9936389383,1.002755805,0.990253369,0.0809575006,0.0193208631,0.06346261932,0.03828443026,0.03022010287,0.02793338231,0.02652470697,0.01978351765,0.0192019932,0.01814950088,0.9412897728,0.09052115,0.04782103601,0.06552771957,21.15499053,86.42119423,89.75805893,2.78557607,10.67825294,83.0649987,0.9861555706,0.9326075926,0.349518367,0.04865435115,0.9473501035,0.9560833602,0.06720439897,0.09287162632,0.00557820828,-0.01342868565,0.9444370948,0.9539662416,0.06203244069,0.1044216046,-0.009277552843,0.009938918875,0.09229191409,0.364219325,118.3548911,0.9588654103,0.9796647899,0.9861900552,0.9868467204,0.9627164457,0.9774691468,0.9789577833,0.9865653215,0.9838395297,0.9817227677,0.08964170604,0.07148549673,0.06354866202,0.03631880298,0.02864937854,0.02654766159,0.02501009903,0.018741237,0.01802496652,0.01725208931
Qwen/Qwen3-Embedding-0.6B,24,mean_abs,5,35;13;2;30;277,1024,847,858,0.1067083156,0.5976536481,0.1401952539,0.007039688225,0.004776904009,0.04214252716,0.03777819618,0.005627460467,0.02521901883,0.009975131641,0.8484242086,0.2532282569,0.7432230801,0.9885473644,0.9923393602,0.9406763757,0.9837796017,0.9924982765,0.9693887431,0.9881340865,0.0817233525,0.01945150072,0.05075146788,0.03857909341,0.03054910084,0.02683425355,0.02643846481,0.01998715695,0.01877567018,0.01831810683,0.9306298773,0.09148562997,0.04834516488,0.05902673613,21.20452873,87.01070362,89.17030533,4.747995318,22.19325012,83.87589233,0.9864085083,0.9322952151,0.3514312505,0.01803824606,0.9474808587,0.9556398509,0.05940849051,0.0910199781,0.01915803072,-0.004296004775,0.9445046508,0.9538159443,0.05132585892,0.09926986849,0.004175786813,0.02072666352,0.09326080132,0.3595578311,120.1457207,0.9576316032,0.9800692358,0.9860148246,0.9866102188,0.9627164457,0.9774691468,0.9789577833,0.9865653215,0.9838395297,0.9817227677,0.08964170604,0.07148549673,0.06354866202,0.03631880298,0.02864937854,0.02654766159,0.02501009903,0.018741237,0.01802496652,0.01725208931
Qwen/Qwen3-Embedding-0.6B,24,mean_abs,10,35;13;2;30;277;7;18;28;23;429,1024,847,858,0.1273847671,0.6041200196,0.1997952236,0.01550195798,0.01168673059,0.05614826231,0.05387512946,0.01322608952,0.03289059701,0.02896600045,0.8136900461,0.2512333429,0.6455447823,0.9725634129,0.9804478328,0.9136361436,0.951699737,0.9786346767,0.9575801098,0.9487769841,0.07943820083,0.01955939868,0.04467793266,0.03846889723,0.03059144414,0.02641556035,0.025922426,0.01997464805,0.01879792299,0.01782650155,0.918205135,0.09103462538,0.0494073953,0.05583312419,23.04116276,89.52976815,88.90258295,8.377001664,26.91645182,84.08021581,0.9851040753,0.9202239047,0.3631068702,0.002963934389,0.9429915101,0.9509605694,0.00967358578,0.03837334672,0.02543895884,0.001262889574,0.9405538029,0.9501343904,-0.001909539346,0.04545355278,0.01021031776,0.02669470938,0.09296979047,0.3561540855,121.4881103,0.9589179665,0.9804344183,0.9862639058,0.9868222193,0.9627164457,0.9774691468,0.9789577833,0.9865653215,0.9838395297,0.9817227677,0.08964170604,0.07148549673,0.06354866202,0.03631880298,0.02864937854,0.02654766159,0.02501009903,0.018741237,0.01802496652,0.01725208931
Qwen/Qwen3-Embedding-0.6B,24,variance,1,35,1024,847,858,0.07557695205,0.3696208356,0.005212439813,0.004578455859,0.002660047367,0.004670964191,0.01066830572,0.002946829754,0.005116698088,0.00360619073,0.8784931301,0.4425778459,0.9924593952,0.9952760043,0.9979448524,0.9968451022,0.99366307,0.9996354958,0.9997485982,1.000137985,0.08161972349,0.03279096866,0.06536808989,0.03746465141,0.02963250622,0.02742840721,0.02575735104,0.01941719794,0.01867720591,0.01788332445,0.9648356985,0.08829260983,0.05201784976,0.06571060245,19.86119239,82.20302592,83.64948902,0.02514590731,1.629499027,45.29922932,0.9782096446,0.9405184574,0.3301349903,0.02602298899,0.9538434593,0.9611220622,0.1437422016,0.1601115057,0.1346980821,0.1280652656,0.9512212353,0.9596606327,0.147496175,0.1748950324,0.1440288218,0.1175692325,0.09033107595,0.3749430848,115.3964081,0.9606855334,0.9782954499,0.9841417316,0.9856551662,0.9627164457,0.9774691468,0.9789577833,0.9865653215,0.9838395297,0.9817227677,0.08964170604,0.07148549673,0.06354866202,0.03631880298,0.02864937854,0.02654766159,0.02501009903,0.018741237,0.01802496652,0.01725208931
Qwen/Qwen3-Embedding-0.6B,24,variance,3,35;13;2,1024,847,858,0.1056509932,0.5959756476,0.03151491103,0.005162645651,0.004359269992,0.01171879502,0.03099592056,0.005162147598,0.00843816407,0.008084598621,0.8501005917,0.2544086797,0.9400152988,0.9922337661,0.9928967124,0.9904227155,0.9982941439,0.9936389383,1.002755805,0.990253369,0.0809575006,0.0193208631,0.06346261932,0.03828443026,0.03022010287,0.02793338231,0.02652470697,0.01978351765,0.0192019932,0.01814950088,0.9412897728,0.09052115,0.04782103601,0.06552771957,21.15499053,86.42119423,89.75805893,2.78557607,10.67825294,83.0649987,0.9861555706,0.9326075926,0.349518367,0.04865435115,0.9473501035,0.9560833602,0.06720439897,0.09287162632,0.00557820828,-0.01342868565,0.9444370948,0.9539662416,0.06203244069,0.1044216046,-0.009277552843,0.009938918875,0.09229191409,0.364219325,118.3548911,0.9588654103,0.9796647899,0.9861900552,0.9868467204,0.9627164457,0.9774691468,0.9789577833,0.9865653215,0.9838395297,0.9817227677,0.08964170604,0.07148549673,0.06354866202,0.03631880298,0.02864937854,0.02654766159,0.02501009903,0.018741237,0.01802496652,0.01725208931
Qwen/Qwen3-Embedding-0.6B,24,variance,5,35;13;2;30;22,1024,847,858,0.1136031742,0.6094393954,0.1270863133,0.007098465015,0.005839306558,0.05960162852,0.03460898257,0.005992409808,0.02601970681,0.01519277889,0.8400919068,0.2498022858,0.7709331685,0.9883448979,0.9913321849,0.9091377543,0.9906070656,0.992987968,0.9672164357,0.9780556832,0.08097702429,0.01920168083,0.05268027599,0.03859801319,0.03053931639,0.02595259955,0.02664046076,0.0200109238,0.01874662248,0.01814388055,0.9299831948,0.09135527331,0.04916440778,0.06034992553,21.74535375,83.76576672,88.39162141,4.811792962,20.98873519,85.36443743,0.9865670949,0.9288395992,0.3574170083,0.04690452851,0.9448356493,0.9537598637,0.122228182,0.1577661478,0.03717259095,0.009603442918,0.9419421079,0.9515133416,0.1153897289,0.1681410554,0.02104084051,0.03590320132,0.09315451629,0.3588953172,120.1770619,0.9576339619,0.9802644398,0.9861770641,0.9867177767,0.9627164457,0.9774691468,0.9789577833,0.9865653215,0.9838395297,0.9817227677,0.08964170604,0.07148549673,0.06354866202,0.03631880298,0.02864937854,0.02654766159,0.02501009903,0.018741237,0.01802496652,0.01725208931
Qwen/Qwen3-Embedding-0.6B,24,variance,10,35;13;2;30;22;277;18;16;60;17,1024,847,858,0.1552053415,0.6161878495,0.2118608334,0.0250713522,0.03620104729,0.08424650765,0.08103610413,0.008119025486,0.03764960326,0.04772493461,0.7668146607,0.2430383239,0.6271501186,0.9554770778,0.9330986315,0.8581635668,0.900460497,0.9896439448,0.9425353739,0.9141242185,0.075437821,0.01906695385,0.04373876684,0.03808381208,0.02933805867,0.02500258775,0.02471545961,0.02035475311,0.01864492925,0.01730754731,0.9111951205,0.08929722772,0.04967782761,0.05549624825,25.27828704,84.97476953,89.33483472,12.14336206,27.53436754,83.82526625,0.9838078107,0.9042444374,0.3687594197,0.04083293469,0.9382027414,0.9471190738,0.1039440144,0.1333835258,0.01546808337,0.0393498057,0.9354178086,0.9448093877,0.1026818456,0.1507863173,0.02400215783,0.007631604543,0.0913854436,0.3517256212,123.0429814,0.9579161905,0.9809597468,0.9865214001,0.9872197537,0.9627164457,0.9774691468,0.9789577833,0.9865653215,0.9838395297,0.9817227677,0.08964170604,0.07148549673,0.06354866202,0.03631880298,0.02864937854,0.02654766159,0.02501009903,0.018741237,0.01802496652,0.01725208931
Qwen/Qwen3-Embedding-0.6B,25,mean_abs,1,35,1024,847,858,0.0202193061,0.3491114258,0.07423271559,0.002744512899,0.00511749311,0.0003266954436,0.005997733686,0.0005391863253,0.006546664447,0.0005699614868,0.9670837181,0.4577916384,0.8957666842,0.9972725368,0.9956105833,0.9997729028,0.9968730829,0.9998864309,0.9993676865,1.000083169,0.09411143015,0.03708783124,0.05442732617,0.03588299579,0.03155617801,0.02773958791,0.02440837509,0.0202308959,0.01900887469,0.01687279386,0.9650603207,0.09605356662,0.05698030772,0.05879158519,10.45315678,54.97570291,58.20971302,0.04006488665,2.427453824,43.60477629,0.9934987871,0.9834035689,0.1741751044,0.03498777994,0.9867879285,0.9879307933,0.6367720804,0.6319994997,0.6202461572,0.5797007164,0.9859120336,0.9877418832,0.6236391415,0.6272864623,0.6586535086,0.5985293011,0.09664829695,0.3807133263,116.6239789,0.960216875,0.9766253844,0.9809395814,0.9845395608,0.9612699159,0.9744514426,0.9766659872,0.9852537258,0.9849780614,0.9819972505,0.0939145239,0.07818402808,0.05863764948,0.03472396376,0.03058787821,0.02677645646,0.02362944159,0.01952625247,0.01835631765,0.01628190971
Qwen/Qwen3-Embedding-0.6B,25,mean_abs,3,35;13;2,1024,847,858,0.03349104568,0.5982608424,0.1132069049,0.003737001841,0.007336469323,0.01797760297,0.01889154799,0.02461932963,0.008917646371,0.004723100568,0.9524208621,0.2312280727,0.8517922226,0.9935222629,0.9943780509,0.9770702834,0.9946477687,0.9869340737,0.9916086663,0.9911206539,0.09534014012,0.01926960117,0.05323832074,0.03677231929,0.03242014902,0.02788643725,0.02505168234,0.02054098041,0.01940170974,0.01720069493,0.9381793619,0.09864382496,0.04796545422,0.06003465863,11.80106944,66.97971305,87.02093274,2.195077125,12.32812665,84.66161381,0.9956787206,0.9788635716,0.1942045329,0.04841544117,0.9832512372,0.9847861589,0.4491263153,0.4493353167,0.06753029168,0.0597523971,0.9821190972,0.9843672315,0.4094819082,0.4338199214,0.07628969976,0.0862020724,0.09921154573,0.3692978548,120.1908308,0.9572385074,0.9781438541,0.9835614448,0.9837400992,0.9612699159,0.9744514426,0.9766659872,0.9852537258,0.9849780614,0.9819972505,0.0939145239,0.07818402808,0.05863764948,0.03472396376,0.03058787821,0.02677645646,0.02362944159,0.01952625247,0.01835631765,0.01628190971
Qwen/Qwen3-Embedding-0.6B,25,mean_abs,5,35;13;2;7;30,1024,847,858,0.03445240975,0.6154654298,0.1835205939,0.006731075022,0.008964003562,0.04774995334,0.01926970172,0.03649005576,0.009161091398,0.006074746606,0.9509695582,0.2119153876,0.7158493405,0.9877479081,0.9922474489,0.9352944879,0.9932451482,0.9733647795,0.9910075865,0.988772407,0.09606195367,0.01782102066,0.04514921681,0.03689159666,0.03264535399,0.02693726611,0.02524421962,0.02044309123,0.01956656467,0.0173162449,0.9297109822,0.0994896105,0.04634439147,0.05529743491,11.97118595,68.05272568,86.81684027,2.705956717,21.86161536,85.68660548,0.9955519291,0.9782520358,0.1984505792,0.0372966764,0.9828313779,0.9843274632,0.4477852901,0.4571942069,0.07230152078,0.06179210921,0.9817473379,0.9839823973,0.4034618313,0.4389635451,0.07696768267,0.08469662897,0.1000756211,0.3659812293,121.4981199,0.9559277094,0.978022679,0.9830882931,0.9832900064,0.9612699159,0.9744514426,0.9766659872,0.9852537258,0.9849780614,0.9819972505,0.0939145239,0.07818402808,0.05863764948,0.03472396376,0.03058787821,0.02677645646,0.02362944159,0.01952625247,0.01835631765,0.01628190971
Qwen/Qwen3-Embedding-0.6B,25,mean_abs,10,35;13;2;7;30;18;28;429;277;23,1024,847,858,0.05006054357,0.6356702636,0.2406112351,0.01532314258,0.01604597621,0.06328063532,0.0384766256,0.04522721624,0.01097200773,0.02677358504,0.9229623515,0.1915128641,0.6130371299,0.9712061754,0.9783170777,0.8980303442,0.9563882739,0.9638279038,0.9879656812,0.9494930007,0.09455892854,0.01633434741,0.03921472083,0.03678972357,0.03264485788,0.02623190976,0.02465321121,0.02053072051,0.01978395969,0.01686486639,0.9166725042,0.09954205807,0.0448339671,0.05163984857,14.16272011,70.45105158,86.95909664,6.804697852,27.36558145,85.56634331,0.99482519,0.9696047556,0.2119879678,0.0292049593,0.9802869881,0.9817552753,0.4190975726,0.4178772625,0.06932702283,0.05792099097,0.9795569226,0.98194642,0.3745168606,0.4007461615,0.07795108548,0.0848628281,0.1002308825,0.3624377109,123.0611545,0.956932804,0.9785122204,0.9829468908,0.9830594998,0.9612699159,0.9744514426,0.9766659872,0.9852537258,0.9849780614,0.9819972505,0.0939145239,0.07818402808,0.05863764948,0.03472396376,0.03058787821,0.02677645646,0.02362944159,0.01952625247,0.01835631765,0.01628190971
Qwen/Qwen3-Embedding-0.6B,25,variance,1,35,1024,847,858,0.0202193061,0.3491114258,0.07423271559,0.002744512899,0.00511749311,0.0003266954436,0.005997733686,0.0005391863253,0.006546664447,0.0005699614868,0.9670837181,0.4577916384,0.8957666842,0.9972725368,0.9956105833,0.9997729028,0.9968730829,0.9998864309,0.9993676865,1.000083169,0.09411143015,0.03708783124,0.05442732617,0.03588299579,0.03155617801,0.02773958791,0.02440837509,0.0202308959,0.01900887469,0.01687279386,0.9650603207,0.09605356662,0.05698030772,0.05879158519,10.45315678,54.97570291,58.20971302,0.04006488665,2.427453824,43.60477629,0.9934987871,0.9834035689,0.1741751044,0.03498777994,0.9867879285,0.9879307933,0.6367720804,0.6319994997,0.6202461572,0.5797007164,0.9859120336,0.9877418832,0.6236391415,0.6272864623,0.6586535086,0.5985293011,0.09664829695,0.3807133263,116.6239789,0.960216875,0.9766253844,0.9809395814,0.9845395608,0.9612699159,0.9744514426,0.9766659872,0.9852537258,0.9849780614,0.9819972505,0.0939145239,0.07818402808,0.05863764948,0.03472396376,0.03058787821,0.02677645646,0.02362944159,0.01952625247,0.01835631765,0.01628190971
Qwen/Qwen3-Embedding-0.6B,25,variance,3,35;13;2,1024,847,858,0.03349104568,0.5982608424,0.1132069049,0.003737001841,0.007336469323,0.01797760297,0.01889154799,0.02461932963,0.008917646371,0.004723100568,0.9524208621,0.2312280727,0.8517922226,0.9935222629,0.9943780509,0.9770702834,0.9946477687,0.9869340737,0.9916086663,0.9911206539,0.09534014012,0.01926960117,0.05323832074,0.03677231929,0.03242014902,0.02788643725,0.02505168234,0.02054098041,0.01940170974,0.01720069493,0.9381793619,0.09864382496,0.04796545422,0.06003465863,11.80106944,66.97971305,87.02093274,2.195077125,12.32812665,84.66161381,0.9956787206,0.9788635716,0.1942045329,0.04841544117,0.9832512372,0.9847861589,0.4491263153,0.4493353167,0.06753029168,0.0597523971,0.9821190972,0.9843672315,0.4094819082,0.4338199214,0.07628969976,0.0862020724,0.09921154573,0.3692978548,120.1908308,0.9572385074,0.9781438541,0.9835614448,0.9837400992,0.9612699159,0.9744514426,0.9766659872,0.9852537258,0.9849780614,0.9819972505,0.0939145239,0.07818402808,0.05863764948,0.03472396376,0.03058787821,0.02677645646,0.02362944159,0.01952625247,0.01835631765,0.01628190971
Qwen/Qwen3-Embedding-0.6B,25,variance,5,35;13;2;30;277,1024,847,858,0.03438635606,0.6122787543,0.1941526612,0.007396959524,0.01169992293,0.04237476319,0.0267015754,0.02731482968,0.009468486828,0.005706014094,0.9509635481,0.2129411168,0.6980569415,0.9864758004,0.9880464566,0.9385028668,0.9792435946,0.9847748682,0.9904002709,0.9901373122,0.09616146271,0.01792594249,0.04407292076,0.03688248374,0.03254101888,0.02705784072,0.02491429644,0.02070428735,0.01957495374,0.01735822039,0.9287430364,0.09958585747,0.04623409908,0.054691402,11.97953271,67.83057907,86.89963174,2.699816213,22.59252527,85.53720322,0.9954871172,0.9782218089,0.1986891585,0.03689958577,0.9828000643,0.9842958262,0.4546236189,0.458930564,0.07043356911,0.05981802099,0.9817168365,0.9839424244,0.4130382156,0.4417977267,0.07705618203,0.08471539952,0.1001801137,0.3657014431,121.7056897,0.9563659151,0.9783742464,0.9830962445,0.9832849507,0.9612699159,0.9744514426,0.9766659872,0.9852537258,0.9849780614,0.9819972505,0.0939145239,0.07818402808,0.05863764948,0.03472396376,0.03058787821,0.02677645646,0.02362944159,0.01952625247,0.01835631765,0.01628190971
Qwen/Qwen3-Embedding-0.6B,25,variance,10,35;13;2;30;277;22;18;60;16;264,1024,847,858,0.07914920209,0.6337229791,0.2563622717,0.01319809076,0.02644280588,0.07844420397,0.05967025447,0.03736889071,0.01509672006,0.04359207316,0.8679188554,0.1931965937,0.6026725992,0.9754705757,0.9618786277,0.8728265069,0.9166856927,0.9712203254,0.9804049208,0.9195672216,0.08947933674,0.01658167422,0.03879438498,0.03718384874,0.03229836209,0.02565617453,0.02377851798,0.02081840891,0.01975613197,0.01643613485,0.9109386486,0.09717028746,0.04527085588,0.05216839262,17.30197334,67.53936716,86.82860361,11.9105216,27.58313202,85.90925773,0.9949363223,0.954750557,0.1969378212,0.07745768306,0.9799692812,0.9820291854,0.4752785326,0.4798357716,0.07222980635,0.05972461112,0.9787896969,0.9812029316,0.4376151077,0.4680928875,0.07708651881,0.08386527235,0.09785849881,0.3593924183,124.2891972,0.9566243328,0.9789481474,0.9835977393,0.983905966,0.9612699159,0.9744514426,0.9766659872,0.9852537258,0.9849780614,0.9819972505,0.0939145239,0.07818402808,0.05863764948,0.03472396376,0.03058787821,0.02677645646,0.02362944159,0.01952625247,0.01835631765,0.01628190971
Qwen/Qwen3-Embedding-0.6B,26,mean_abs,1,35,1024,847,858,0.02547653964,0.3041970744,0.09277764175,0.0005580942402,0.00977491501,0.001149901364,0.007112584225,0.003439679711,0.000148996344,0.0004265030197,0.9569181434,0.5236079923,0.8650177697,0.9993629471,0.990625131,0.999056695,0.9948462375,0.998723964,0.9999533201,0.9999558603,0.09720785668,0.03787116477,0.04980552509,0.03653429462,0.02986880982,0.02658030786,0.02448144896,0.01924181885,0.01860669163,0.01654834322,0.9695696226,0.09974911907,0.05442800451,0.05489891716,10.66278754,51.93356242,57.25218619,0.09934554291,2.442541759,42.66413083,0.995495883,0.982733176,0.16306106,0.05892092729,0.9892821205,0.9908091206,0.6654463804,0.6554084472,0.6401314806,0.5943478972,0.9885004113,0.9904041471,0.6447026607,0.649256418,0.6826184402,0.6213318294,0.1002437936,0.3741113925,121.298884,0.9655316321,0.9776758014,0.9815874312,0.9855503076,0.9664460179,0.9757443882,0.9776944424,0.9865748682,0.9853648354,0.9799690626,0.0984930483,0.07012637597,0.05582535511,0.03544512266,0.02923395517,0.02579579237,0.02385943509,0.01868011954,0.01804132515,0.01604547913
Qwen/Qwen3-Embedding-0.6B,26,mean_abs,3,35;13;2,1024,847,858,0.04444877181,0.5171667776,0.144585649,0.0005819952017,0.01102134716,0.01702141143,0.01824687961,0.02616577278,0.0009081575205,0.003159781877,0.932728907,0.3243593156,0.8180035506,0.9991866657,0.9916173622,0.9799455667,0.99220199,0.9968556986,0.9982664373,0.9948969651,0.0970940156,0.02404026324,0.04826342415,0.03743126986,0.03063819291,0.02671666671,0.02502025307,0.0196808293,0.0190347138,0.01687183205,0.9461686462,0.1016104765,0.04978999398,0.05642110644,13.21366805,61.20979735,88.18872345,3.440999127,10.96034982,87.14938624,0.9959094518,0.9735244015,0.2061298342,0.07835247848,0.9825664362,0.9847890027,0.5324739517,0.5238851799,0.0396556492,0.03567731673,0.9813464738,0.9842420692,0.4926118246,0.5091544079,0.03025594435,0.04468853902,0.1021896378,0.3643136757,124.2803537,0.9604289464,0.9796622347,0.9846584779,0.9852563154,0.9664460179,0.9757443882,0.9776944424,0.9865748682,0.9853648354,0.9799690626,0.0984930483,0.07012637597,0.05582535511,0.03544512266,0.02923395517,0.02579579237,0.02385943509,0.01868011954,0.01804132515,0.01604547913
Qwen/Qwen3-Embedding-0.6B,26,mean_abs,5,35;13;2;7;30,1024,847,858,0.04498632789,0.5366553155,0.2062457634,0.002449731394,0.01380081664,0.0440590947,0.02045049184,0.0358289809,0.004160911157,0.009043128981,0.9319340658,0.2976237582,0.6970796999,0.9954807226,0.9873223254,0.9397830144,0.9875038626,0.9863663541,0.992089875,0.9837914951,0.09779530469,0.02223700175,0.04146113321,0.03759383026,0.03075202876,0.02582876864,0.02510303306,0.01963112276,0.01906982419,0.01681833473,0.9385831687,0.1024019944,0.0479923532,0.05223421973,13.29793987,62.23204425,88.19427577,3.504222176,20.57679532,87.59942301,0.9958445905,0.9731871438,0.2096106977,0.07139869621,0.9823271153,0.9844988594,0.5357377365,0.5334207081,0.03957561153,0.03380080529,0.9811257945,0.98411609,0.4920455207,0.5175666525,0.02877329319,0.04196219314,0.102994321,0.3611659885,125.4796925,0.9593123994,0.9794517495,0.9841346304,0.9847201785,0.9664460179,0.9757443882,0.9776944424,0.9865748682,0.9853648354,0.9799690626,0.0984930483,0.07012637597,0.05582535511,0.03544512266,0.02923395517,0.02579579237,0.02385943509,0.01868011954,0.01804132515,0.01604547913
Qwen/Qwen3-Embedding-0.6B,26,mean_abs,10,35;13;2;7;30;429;18;28;23;16,1024,847,858,0.06715060275,0.5557633913,0.2322593542,0.01061580806,0.02217562032,0.07096823185,0.03781874491,0.04852863002,0.009995480482,0.03110523363,0.8910637471,0.2760868995,0.645985813,0.9797439487,0.9703711497,0.8855495935,0.9537523209,0.96560585,0.9811006056,0.9431016388,0.09463456204,0.02087673692,0.03888569788,0.03744591925,0.03058868982,0.02463185865,0.02453754944,0.01944979205,0.01908610903,0.01631723666,0.9273946303,0.1014467741,0.04699463418,0.05064952349,16.05785275,64.25382586,87.83603187,8.566627048,23.82916389,87.17916467,0.9949697732,0.9609828892,0.2232395284,0.0656105654,0.9798691598,0.9822041759,0.5123290593,0.5070505097,0.04759449423,0.04012943251,0.9790048333,0.9820188234,0.4686324917,0.4924198577,0.03785786344,0.0499486617,0.1021494738,0.3579286863,126.8958178,0.9595362436,0.9799270999,0.9841889259,0.9847112626,0.9664460179,0.9757443882,0.9776944424,0.9865748682,0.9853648354,0.9799690626,0.0984930483,0.07012637597,0.05582535511,0.03544512266,0.02923395517,0.02579579237,0.02385943509,0.01868011954,0.01804132515,0.01604547913
Qwen/Qwen3-Embedding-0.6B,26,variance,1,35,1024,847,858,0.02547653964,0.3041970744,0.09277764175,0.0005580942402,0.00977491501,0.001149901364,0.007112584225,0.003439679711,0.000148996344,0.0004265030197,0.9569181434,0.5236079923,0.8650177697,0.9993629471,0.990625131,0.999056695,0.9948462375,0.998723964,0.9999533201,0.9999558603,0.09720785668,0.03787116477,0.04980552509,0.03653429462,0.02986880982,0.02658030786,0.02448144896,0.01924181885,0.01860669163,0.01654834322,0.9695696226,0.09974911907,0.05442800451,0.05489891716,10.66278754,51.93356242,57.25218619,0.09934554291,2.442541759,42.66413083,0.995495883,0.982733176,0.16306106,0.05892092729,0.9892821205,0.9908091206,0.6654463804,0.6554084472,0.6401314806,0.5943478972,0.9885004113,0.9904041471,0.6447026607,0.649256418,0.6826184402,0.6213318294,0.1002437936,0.3741113925,121.298884,0.9655316321,0.9776758014,0.9815874312,0.9855503076,0.9664460179,0.9757443882,0.9776944424,0.9865748682,0.9853648354,0.9799690626,0.0984930483,0.07012637597,0.05582535511,0.03544512266,0.02923395517,0.02579579237,0.02385943509,0.01868011954,0.01804132515,0.01604547913
Qwen/Qwen3-Embedding-0.6B,26,variance,3,35;13;2,1024,847,858,0.04444877181,0.5171667776,0.144585649,0.0005819952017,0.01102134716,0.01702141143,0.01824687961,0.02616577278,0.0009081575205,0.003159781877,0.932728907,0.3243593156,0.8180035506,0.9991866657,0.9916173622,0.9799455667,0.99220199,0.9968556986,0.9982664373,0.9948969651,0.0970940156,0.02404026324,0.04826342415,0.03743126986,0.03063819291,0.02671666671,0.02502025307,0.0196808293,0.0190347138,0.01687183205,0.9461686462,0.1016104765,0.04978999398,0.05642110644,13.21366805,61.20979735,88.18872345,3.440999127,10.96034982,87.14938624,0.9959094518,0.9735244015,0.2061298342,0.07835247848,0.9825664362,0.9847890027,0.5324739517,0.5238851799,0.0396556492,0.03567731673,0.9813464738,0.9842420692,0.4926118246,0.5091544079,0.03025594435,0.04468853902,0.1021896378,0.3643136757,124.2803537,0.9604289464,0.9796622347,0.9846584779,0.9852563154,0.9664460179,0.9757443882,0.9776944424,0.9865748682,0.9853648354,0.9799690626,0.0984930483,0.07012637597,0.05582535511,0.03544512266,0.02923395517,0.02579579237,0.02385943509,0.01868011954,0.01804132515,0.01604547913
Qwen/Qwen3-Embedding-0.6B,26,variance,5,35;13;2;30;277,1024,847,858,0.04495525751,0.5344156954,0.2192761459,0.003734453419,0.01521533914,0.03924187096,0.02705358868,0.02732597031,0.00195133869,0.009364502558,0.9319036852,0.2979581465,0.6755799489,0.993055359,0.9852287387,0.9435949268,0.9763345688,0.996725142,0.9962853359,0.9830677143,0.09790797272,0.0222883598,0.0402299688,0.0375466672,0.03072317526,0.02596425824,0.0248485055,0.01986078978,0.01917315671,0.01682587172,0.9374725279,0.1025166344,0.04787180234,0.05152906317,13.30741697,61.98339062,88.419376,3.48594799,21.56385643,87.3884804,0.9957894468,0.9731490846,0.2100964192,0.07042943409,0.9822929944,0.9844642602,0.5435842488,0.5379911957,0.03466007329,0.02939211622,0.9810982566,0.9840936147,0.5025379566,0.5232241484,0.02580164411,0.03815025232,0.1031154384,0.3608526505,125.690339,0.9598218456,0.9798700595,0.9842017249,0.9847828939,0.9664460179,0.9757443882,0.9776944424,0.9865748682,0.9853648354,0.9799690626,0.0984930483,0.07012637597,0.05582535511,0.03544512266,0.02923395517,0.02579579237,0.02385943509,0.01868011954,0.01804132515,0.01604547913
Qwen/Qwen3-Embedding-0.6B,26,variance,10,35;13;2;30;277;18;60;22;264;7,1024,847,858,0.07159470246,0.5700881855,0.2946239496,0.009494770239,0.02051249702,0.06817636669,0.03826658577,0.0380733532,0.0157488186,0.02506705295,0.8832192943,0.2579707615,0.5553919927,0.9819569781,0.9753331576,0.8941367771,0.9554723211,0.984148224,0.9719623901,0.9555563893,0.09443321701,0.01963823893,0.03365749319,0.03778327529,0.03095217867,0.0250382222,0.02474736282,0.01995679621,0.01903568687,0.01664407518,0.9211902693,0.1017155086,0.0456796912,0.04771567333,16.3808412,63.12176038,88.26814772,9.392018956,28.86596826,86.85829603,0.9957141538,0.9594083314,0.2080474332,0.09726659511,0.9805947444,0.9833126331,0.5489928271,0.5452299471,0.03806879234,0.03125089361,0.9792807842,0.9826144653,0.5080030645,0.5348017379,0.02918036518,0.04056935399,0.1023491135,0.3555584135,127.9735589,0.9598304415,0.9802182146,0.9843304333,0.9850155215,0.9664460179,0.9757443882,0.9776944424,0.9865748682,0.9853648354,0.9799690626,0.0984930483,0.07012637597,0.05582535511,0.03544512266,0.02923395517,0.02579579237,0.02385943509,0.01868011954,0.01804132515,0.01604547913
Qwen/Qwen3-Embedding-0.6B,27,mean_abs,1,35,1024,847,858,0.2570073748,0.1720351434,0.01126568147,0.002310637731,0.01029367912,0.0006860182302,8.073082031e-05,0.002919836544,0.0003529804327,4.705969296e-05,0.5866289865,0.7534864297,0.9873882705,0.9984797714,0.9960374751,0.9999705706,1.000004131,1.001421271,1.000176911,1.000037929,0.07230055012,0.06412903161,0.05412140404,0.03590724236,0.02976516209,0.02466000717,0.02352983221,0.01943575815,0.01929962825,0.01720092913,0.9539585743,0.09730991623,0.07745380869,0.05473806566,38.05631075,52.23441058,36.17761702,0.1209384967,1.946623577,42.02715457,0.913494801,0.7874052961,0.5783397759,0.05901982644,0.852249491,0.8685991332,0.7216907589,0.7001020478,0.8352723696,0.8219504028,0.8535093531,0.8703411962,0.7302088103,0.7113770857,0.8340283808,0.8137096215,0.1052061784,0.3864973645,119.7695404,0.9660810617,0.9770787844,0.9784856669,0.9844858505,0.9666312616,0.9792267373,0.9791163088,0.9845934769,0.9824323501,0.9687253692,0.1175729998,0.08119116304,0.05228903257,0.03430617496,0.02850769404,0.02352531762,0.02244639245,0.01851459388,0.0184077893,0.01640835148
Qwen/Qwen3-Embedding-0.6B,27,mean_abs,3,35;13;2,1024,847,858,0.4665699574,0.3031235795,0.04014063051,0.003730800571,0.01032805822,0.009959221656,0.009980343351,0.007453951313,0.01192304721,0.00392159133,0.389052301,0.6953309027,0.9444377828,0.9930278887,0.9972542505,0.9936086401,0.9869864781,1.014398223,1.005149419,0.9985573976,0.05006480046,0.06178985784,0.05405064265,0.03728641646,0.03111608057,0.0255839594,0.02424792929,0.02055604558,0.0202511254,0.01793308001,0.9136568145,0.09385448224,0.08866687985,0.05631100177,47.85532453,79.60763039,89.0490551,5.931641024,11.04456282,87.70881948,0.9187280879,0.6710049589,0.7301887633,0.06644614722,0.7405323932,0.7752445008,0.2251846254,0.2266348939,0.02051443901,0.01567731594,0.7407318805,0.7807475539,0.1978413817,0.214610868,0.03810286146,0.0555288336,0.1056544612,0.3656754444,127.1934451,0.9612149096,0.9793948073,0.98278304,0.9832367165,0.9666312616,0.9792267373,0.9791163088,0.9845934769,0.9824323501,0.9687253692,0.1175729998,0.08119116304,0.05228903257,0.03430617496,0.02850769404,0.02352531762,0.02244639245,0.01851459388,0.0184077893,0.01640835148
Qwen/Qwen3-Embedding-0.6B,27,mean_abs,5,35;13;2;28;429,1024,847,858,0.4692063448,0.3032279996,0.04793708742,0.01058351788,0.01449645914,0.0120264117,0.03855421551,0.01289175715,0.01681810863,0.004111013257,0.3858115417,0.6950685668,0.9281698044,0.9799018901,0.9892435092,0.9892242075,0.9308265635,1.005680888,0.9981758652,0.9984089215,0.04986597288,0.06203801496,0.05335308351,0.03695526963,0.03100179072,0.02558301426,0.02296872045,0.0204689643,0.02019901452,0.01800921925,0.9096587854,0.09394606056,0.08903632023,0.0560394516,48.03229068,80.02086481,89.92289301,6.062683489,12.36881743,88.29537685,0.9178591614,0.6687116795,0.7319156414,0.05798884181,0.7388064711,0.7726525843,0.2172863404,0.2167559807,0.001668909369,-0.003651733411,0.7393526922,0.7786696658,0.189548628,0.2046508513,0.0189418077,0.03644481138,0.1058877004,0.3652825787,127.4156509,0.9613066355,0.9795730115,0.9827579264,0.983230285,0.9666312616,0.9792267373,0.9791163088,0.9845934769,0.9824323501,0.9687253692,0.1175729998,0.08119116304,0.05228903257,0.03430617496,0.02850769404,0.02352531762,0.02244639245,0.01851459388,0.0184077893,0.01640835148
Qwen/Qwen3-Embedding-0.6B,27,mean_abs,10,35;13;2;28;429;30;7;18;368;112,1024,847,858,0.4766844432,0.3053363122,0.1295552414,0.01706908495,0.01674325145,0.01452230218,0.05631213612,0.01316123662,0.04017867257,0.01428396369,0.3764779392,0.6914746828,0.7743327348,0.9675798867,0.984209333,0.9846462076,0.8985002397,1.005841638,0.9597861248,0.9794392914,0.04922699176,0.0624368827,0.04502921663,0.03691605596,0.03120367412,0.02576154311,0.02242956829,0.02071094738,0.01964862967,0.01787304868,0.8991741945,0.09406751075,0.0898807348,0.05173127437,48.51808176,81.12015015,88.36377625,6.956111836,21.50961408,88.24377445,0.9156463839,0.6623836551,0.7358544779,0.02691450949,0.7343226902,0.7675703963,0.2022337872,0.20137572,0.03551652275,0.02416963564,0.7361673545,0.774780686,0.1755024762,0.1920122319,0.05229005242,0.06561348069,0.106392027,0.3623897009,128.5924502,0.9613444887,0.9797770491,0.9826651148,0.9829690789,0.9666312616,0.9792267373,0.9791163088,0.9845934769,0.9824323501,0.9687253692,0.1175729998,0.08119116304,0.05228903257,0.03430617496,0.02850769404,0.02352531762,0.02244639245,0.01851459388,0.0184077893,0.01640835148
Qwen/Qwen3-Embedding-0.6B,27,variance,1,35,1024,847,858,0.2570073748,0.1720351434,0.01126568147,0.002310637731,0.01029367912,0.0006860182302,8.073082031e-05,0.002919836544,0.0003529804327,4.705969296e-05,0.5866289865,0.7534864297,0.9873882705,0.9984797714,0.9960374751,0.9999705706,1.000004131,1.001421271,1.000176911,1.000037929,0.07230055012,0.06412903161,0.05412140404,0.03590724236,0.02976516209,0.02466000717,0.02352983221,0.01943575815,0.01929962825,0.01720092913,0.9539585743,0.09730991623,0.07745380869,0.05473806566,38.05631075,52.23441058,36.17761702,0.1209384967,1.946623577,42.02715457,0.913494801,0.7874052961,0.5783397759,0.05901982644,0.852249491,0.8685991332,0.7216907589,0.7001020478,0.8352723696,0.8219504028,0.8535093531,0.8703411962,0.7302088103,0.7113770857,0.8340283808,0.8137096215,0.1052061784,0.3864973645,119.7695404,0.9660810617,0.9770787844,0.9784856669,0.9844858505,0.9666312616,0.9792267373,0.9791163088,0.9845934769,0.9824323501,0.9687253692,0.1175729998,0.08119116304,0.05228903257,0.03430617496,0.02850769404,0.02352531762,0.02244639245,0.01851459388,0.0184077893,0.01640835148
Qwen/Qwen3-Embedding-0.6B,27,variance,3,35;13;2,1024,847,858,0.4665699574,0.3031235795,0.04014063051,0.003730800571,0.01032805822,0.009959221656,0.009980343351,0.007453951313,0.01192304721,0.00392159133,0.389052301,0.6953309027,0.9444377828,0.9930278887,0.9972542505,0.9936086401,0.9869864781,1.014398223,1.005149419,0.9985573976,0.05006480046,0.06178985784,0.05405064265,0.03728641646,0.03111608057,0.0255839594,0.02424792929,0.02055604558,0.0202511254,0.01793308001,0.9136568145,0.09385448224,0.08866687985,0.05631100177,47.85532453,79.60763039,89.0490551,5.931641024,11.04456282,87.70881948,0.9187280879,0.6710049589,0.7301887633,0.06644614722,0.7405323932,0.7752445008,0.2251846254,0.2266348939,0.02051443901,0.01567731594,0.7407318805,0.7807475539,0.1978413817,0.214610868,0.03810286146,0.0555288336,0.1056544612,0.3656754444,127.1934451,0.9612149096,0.9793948073,0.98278304,0.9832367165,0.9666312616,0.9792267373,0.9791163088,0.9845934769,0.9824323501,0.9687253692,0.1175729998,0.08119116304,0.05228903257,0.03430617496,0.02850769404,0.02352531762,0.02244639245,0.01851459388,0.0184077893,0.01640835148
Qwen/Qwen3-Embedding-0.6B,27,variance,5,35;13;2;277;22,1024,847,858,0.4829948608,0.3040283438,0.09738982791,0.007405209996,0.01184208277,0.01924643158,0.02626216956,0.03798358631,0.01433679243,0.004495664676,0.3739691287,0.6976661114,0.8430996131,0.986187826,0.9953436767,0.978968792,0.9525095615,0.9439382512,1.004840062,0.9982483329,0.0485773787,0.06258166521,0.04870574842,0.03737856803,0.0313491576,0.02544456716,0.02362145364,0.01930849837,0.02043568975,0.01809648672,0.9051264905,0.09395917955,0.08991984752,0.05396100102,48.63555975,78.77126801,89.6954973,6.670111277,17.86373825,87.64000368,0.9190792527,0.6608461931,0.7371762237,0.07653230888,0.731944521,0.7682849917,0.2490984365,0.2453620914,0.00658118281,0.009171367968,0.7321752481,0.7742735202,0.2233209147,0.2360700863,-0.01456640933,-0.03392849423,0.1058870332,0.3623663209,128.4278539,0.9615762615,0.9796429881,0.9824087701,0.9829034517,0.9666312616,0.9792267373,0.9791163088,0.9845934769,0.9824323501,0.9687253692,0.1175729998,0.08119116304,0.05228903257,0.03430617496,0.02850769404,0.02352531762,0.02244639245,0.01851459388,0.0184077893,0.01640835148
Qwen/Qwen3-Embedding-0.6B,27,variance,10,35;13;2;277;22;30;18;61;341;264,1024,847,858,0.4981996317,0.3225748705,0.1783355524,0.01864691078,0.01502132109,0.04316753097,0.04046645017,0.0425071221,0.02464869636,0.0202721539,0.3513016271,0.6590101978,0.6992799441,0.9645655881,0.9884962493,0.9370469384,0.926157657,0.9359217214,0.9857819177,0.9690117736,0.04637002383,0.06006900751,0.04104981819,0.03714955542,0.031636372,0.02474835861,0.02333893487,0.01945374754,0.0203719237,0.01785021958,0.8907389456,0.09240731327,0.08867254092,0.04995934571,49.48805498,79.31527282,87.70214883,11.86520168,25.15412224,87.73551244,0.9170328991,0.6496065637,0.7284068162,0.06739687242,0.7303275391,0.7673016602,0.2481449817,0.2471412038,0.04990951058,0.0389954604,0.7309816511,0.7734039766,0.2271743362,0.2410090578,0.06752513317,0.08045155969,0.1044293589,0.3579878225,130.6035015,0.9616094705,0.979880669,0.982608767,0.9829063544,0.9666312616,0.9792267373,0.9791163088,0.9845934769,0.9824323501,0.9687253692,0.1175729998,0.08119116304,0.05228903257,0.03430617496,0.02850769404,0.02352531762,0.02244639245,0.01851459388,0.0184077893,0.01640835148
Qwen/Qwen3-Embedding-0.6B,28,mean_abs,1,370,1024,847,858,2.063402514e-08,0.004292383708,0.0008645832744,0.0005097834007,1.628582997e-05,0.002003253739,9.152168289e-07,2.205700575e-06,0.01048970756,5.357479354e-05,0.9999999591,0.9915194848,0.9983089322,0.9990069775,0.9999684834,0.9961252832,0.9999982392,0.999995782,0.9800033593,0.9998981804,0.1112560697,0.0707843027,0.03928109781,0.03326634038,0.02676273989,0.02625352692,0.02280318178,0.01977231395,0.01813675559,0.017426706,0.9982691074,0.1112560719,0.07108944588,0.03931508898,0.008288849745,3.765412795,1.730872777,0.0001009657279,0.2045226444,4.131017732,0.9999999999,0.9999999895,2.570222415e-05,6.395160777e-06,0.9999999996,0.9999999605,0.9999395579,0.9998954915,0.9999589239,0.9999312954,0.9999999997,0.999999943,0.9999348048,0.9998958691,0.9999623039,0.9999375898,0.111256072,0.3863478496,113.2556144,0.9580018733,0.9779142114,0.982222642,0.9829167033,0.9580425104,0.9777895348,0.9822351897,0.9829301012,0.9747922405,0.9735170194,0.1110635019,0.07126615639,0.0392795308,0.03324176974,0.0267172585,0.02631002879,0.022763752,0.01973817345,0.01847479669,0.01739831374
Qwen/Qwen3-Embedding-0.6B,28,mean_abs,3,370;429;416,1024,847,858,0.003024696543,0.02487362921,0.00417814664,0.003356794116,0.003759011476,0.02859563722,0.01008427543,0.0005069405096,0.01953763569,0.01145663397,0.9940207518,0.951740816,0.9920868323,0.9936174618,0.9928418137,0.9469605193,0.9812513003,0.9990428207,0.9632149421,0.9795707648,0.1113111815,0.068387072,0.03929053617,0.03330238449,0.02674508178,0.02512032042,0.02252143554,0.01988213612,0.01794216546,0.01718363154,0.9918089465,0.1116488855,0.07013149685,0.03945538656,3.170544009,9.156703414,4.091994969,0.8372941252,2.98183613,9.946651761,0.9999827979,0.9984693303,0.008265556847,0.002948613629,0.9999439469,0.9999327567,0.999213136,0.9990632748,0.9994484743,0.9993785183,0.9999464096,0.9999205672,0.9991578234,0.9990630496,0.9994558828,0.9993211256,0.1116507098,0.3856366938,113.6199051,0.9582945057,0.9783647066,0.982455281,0.9831603335,0.9580425104,0.9777895348,0.9822351897,0.9829301012,0.9747922405,0.9735170194,0.1110635019,0.07126615639,0.0392795308,0.03324176974,0.0267172585,0.02631002879,0.022763752,0.01973817345,0.01847479669,0.01739831374
Qwen/Qwen3-Embedding-0.6B,28,mean_abs,5,370;429;416;27;61,1024,847,858,0.003698060528,0.05484793872,0.004232480877,0.005072040817,0.01967947742,0.03803598704,0.03988205261,0.0155557207,0.05642437149,0.02309175172,0.992685583,0.8961725661,0.9920396245,0.9904337618,0.964311414,0.9332456179,0.9303644916,0.9733171309,0.9031290867,0.9631366205,0.1121015148,0.06493866935,0.03962084325,0.03347634051,0.02619615813,0.02496581146,0.02153403309,0.01953393472,0.0169651577,0.01703819003,0.9834937318,0.1125176117,0.06870711286,0.03978925049,3.49154208,13.69426249,4.195405493,1.54747675,4.122276236,13.98240707,0.9999945322,0.9981437994,0.002986998087,0.002850531145,0.9999564578,0.9999459684,0.9973515969,0.9977519424,0.9993466141,0.9992661895,0.999954698,0.9999342271,0.9968372625,0.9972297675,0.9993508771,0.9991764898,0.112518469,0.3847059781,113.9568232,0.9584425246,0.978491239,0.9824172427,0.9831726161,0.9580425104,0.9777895348,0.9822351897,0.9829301012,0.9747922405,0.9735170194,0.1110635019,0.07126615639,0.0392795308,0.03324176974,0.0267172585,0.02631002879,0.022763752,0.01973817345,0.01847479669,0.01739831374
Qwen/Qwen3-Embedding-0.6B,28,mean_abs,10,370;429;416;27;61;619;12;19;396;28,1024,847,858,0.009779700898,0.07804876082,0.01024156471,0.02465158409,0.02591929772,0.04832918393,0.04752579451,0.03036910821,0.07515971435,0.03617931002,0.9806701443,0.853325282,0.9802190865,0.9526856819,0.953036673,0.9140787967,0.9183143194,0.9434439112,0.8748520654,0.9396083848,0.1118482711,0.06245006694,0.0395388838,0.03252136261,0.02614787883,0.02469675635,0.0214669409,0.01912308722,0.01659775111,0.01678761499,0.9737893965,0.1129529169,0.06773684365,0.03994801397,5.683798061,16.36022161,6.497526383,5.609094895,6.509965862,16.3736277,0.9999854086,0.9950836155,0.006764379071,0.0007885664625,0.9999085572,0.9998867035,0.9968815197,0.9969710122,0.9980961462,0.9978191462,0.9998937996,0.9998774025,0.9961367763,0.9959898095,0.998234364,0.9976378559,0.112954855,0.3840067077,114.2465064,0.9593930221,0.9785234881,0.9824398239,0.9830622858,0.9580425104,0.9777895348,0.9822351897,0.9829301012,0.9747922405,0.9735170194,0.1110635019,0.07126615639,0.0392795308,0.03324176974,0.0267172585,0.02631002879,0.022763752,0.01973817345,0.01847479669,0.01739831374
Qwen/Qwen3-Embedding-0.6B,28,variance,1,7,1024,847,858,0.002794699972,0.1037692187,0.002483291449,0.00247258001,0.004028106775,0.04677986415,0.002910710669,0.01224566831,0.01540867834,0.0004606083999,0.9947174401,0.8102170846,0.9958043377,0.9959618549,0.9937822597,0.9281215991,0.9957377844,0.9830739218,0.9793529478,0.9994016125,0.1118405929,0.05845384703,0.03959758234,0.03351623353,0.02687890038,0.02472034733,0.0229465394,0.019643619,0.01831670151,0.0176025493,0.9878059426,0.1121540298,0.06522186947,0.03969615947,3.306758811,19.20121275,3.915598266,0.07169126993,1.013307848,19.54166553,0.9997329735,0.9983350192,0.03866843987,0.003307002261,0.9994667128,0.9993992738,0.9928113378,0.9903676454,0.998919919,0.9987863432,0.9995121932,0.9994397524,0.9921467838,0.9894398007,0.9990724779,0.9989269821,0.1121800605,0.3817959875,114.9287278,0.9584015173,0.9771479954,0.9813398105,0.9821591632,0.9580425104,0.9777895348,0.9822351897,0.9829301012,0.9747922405,0.9735170194,0.1110635019,0.07126615639,0.0392795308,0.03324176974,0.0267172585,0.02631002879,0.022763752,0.01973817345,0.01847479669,0.01739831374
Qwen/Qwen3-Embedding-0.6B,28,variance,3,7;277;61,1024,847,858,0.005668376362,0.1962986855,0.006270228781,0.003533463483,0.02056356092,0.06302408672,0.0350720641,0.05278671045,0.04062838832,0.01619715919,0.9896078083,0.6588666454,0.9900291327,0.9945368496,0.9701298664,0.8894392467,0.9538910209,0.9121584593,0.953567031,0.9796029505,0.1129082389,0.04823608105,0.03994895498,0.03396222802,0.02662642898,0.02403968483,0.02230661973,0.01849559932,0.01809764447,0.01750847821,0.9734392259,0.1135518938,0.06001742212,0.0402010246,4.826224893,27.20125543,7.652274611,0.4807876567,2.39307376,27.52417738,0.9992906573,0.9964544546,0.06681152624,0.006406974207,0.9984858057,0.9984136911,0.9820081052,0.9781276349,0.99515152,0.9947245937,0.9986079107,0.998424167,0.9765905396,0.9732610335,0.9956829269,0.9950303648,0.1136301645,0.3782729411,116.4335047,0.9587379705,0.9773215964,0.9805324797,0.9815008593,0.9580425104,0.9777895348,0.9822351897,0.9829301012,0.9747922405,0.9735170194,0.1110635019,0.07126615639,0.0392795308,0.03324176974,0.0267172585,0.02631002879,0.022763752,0.01973817345,0.01847479669,0.01739831374
Qwen/Qwen3-Embedding-0.6B,28,variance,5,7;277;61;1;16,1024,847,858,0.0275508541,0.2176275121,0.01991713858,0.006649101844,0.0229945542,0.08848617081,0.03848133098,0.08140649387,0.05172787942,0.01796644024,0.9469759288,0.6250692177,0.9664651821,0.9892851594,0.9662832287,0.8469856361,0.9449288269,0.8636405207,0.930244141,0.97603331,0.1092175377,0.046258711,0.03942163046,0.03414976421,0.02680886406,0.02314085745,0.02233700915,0.01770198833,0.01784673149,0.01763412341,0.9629814506,0.1123118244,0.05912619847,0.04022275259,9.769253325,28.97425317,12.76493775,5.867302164,8.798146079,29.4461227,0.9993618827,0.9854990962,0.06060421159,0.005083620582,0.9983369822,0.9982539859,0.9769014708,0.9725346549,0.9876342559,0.9863681627,0.9985147429,0.9983739539,0.9697240522,0.9666327888,0.9888222825,0.9876705247,0.1123858367,0.3763326424,117.4641605,0.9585706432,0.9774996726,0.9802848178,0.9814727448,0.9580425104,0.9777895348,0.9822351897,0.9829301012,0.9747922405,0.9735170194,0.1110635019,0.07126615639,0.0392795308,0.03324176974,0.0267172585,0.02631002879,0.022763752,0.01973817345,0.01847479669,0.01739831374
Qwen/Qwen3-Embedding-0.6B,28,variance,10,7;277;61;1;16;18;23;106;55;429,1024,847,858,0.04262580677,0.2880268639,0.0240951841,0.01447386545,0.03326193058,0.188434717,0.06368764704,0.1609483559,0.0994926837,0.06789537464,0.9181576024,0.5202031148,0.9591395996,0.9742102238,0.9548925323,0.7023750075,0.9115259613,0.7588382863,0.8314985197,0.9113643218,0.1084431979,0.03942484581,0.04006469416,0.03443900047,0.02713064433,0.01965187947,0.02206615206,0.01592831788,0.01633634388,0.0168621481,0.9403429685,0.1132714864,0.05537406372,0.04105389533,11.99586709,33.90973923,15.34378516,7.313417151,11.78170296,33.80135905,0.9997011536,0.9781625954,0.03260106371,0.005673124688,0.9986361417,0.9985947246,0.9654774639,0.9618245914,0.9801090717,0.9782526225,0.9986741319,0.9986492236,0.9554418281,0.9540926199,0.9820249173,0.9801716724,0.1133163626,0.373436121,119.0850608,0.9589993594,0.9788221954,0.9801014986,0.9813630293,0.9580425104,0.9777895348,0.9822351897,0.9829301012,0.9747922405,0.9735170194,0.1110635019,0.07126615639,0.0392795308,0.03324176974,0.0267172585,0.02631002879,0.022763752,0.01973817345,0.01847479669,0.01739831374
KaLM-Embedding/KaLM-embedding-multilingual-mini-instruct-v2.5,1,mean_abs,1,490,896,847,858,0.3670228889,0.1148596959,0.001201364218,0.009377434094,0.03113615331,0.001922768971,0.001159128536,0.005795935287,0.0001447368745,0.004324943782,0.4230538062,0.9082043662,0.9994716444,0.9994242492,1.005750833,1.001144678,1.001035155,1.006535698,1.000185175,1.006735214,0.06668078826,0.05102689828,0.04321914819,0.03478148452,0.03105887287,0.02602505454,0.02334431052,0.02171201695,0.02057664222,0.01909335961,0.9367977086,0.1053447069,0.05764837286,0.04327113258,38.67580735,37.18865376,16.50126564,0.2763629381,7.296564451,45.49082866,0.9812666264,0.7806943411,0.4211044631,0.03443633097,0.9438945854,0.8252422416,0.8787092907,0.851458521,0.961891692,0.9571404518,0.9491332564,0.8250598746,0.8522029402,0.8208285792,0.9657944188,0.9656796706,0.10782518,0.3694680608,110.353125,0.8885043397,0.9745093949,0.9751419727,0.976946401,0.8872841088,0.9697932707,0.9741169116,0.9749846174,0.9806189968,0.9609095239,0.1476559453,0.05263339747,0.04050900215,0.03260198562,0.02892951215,0.02435233588,0.02184628232,0.02020769634,0.01927258249,0.0177669513
KaLM-Embedding/KaLM-embedding-multilingual-mini-instruct-v2.5,1,mean_abs,3,490;278;690,896,847,858,0.3816855443,0.1176198873,0.001648043619,0.0647384208,0.03498647156,0.008313004662,0.006907117749,0.04869520364,0.01921178422,0.004544083233,0.4039194301,0.9028204817,0.9986468658,0.886007742,0.995065991,0.9870215363,0.9895988702,0.9245760486,0.9670728,1.006300755,0.06427267904,0.05120867363,0.04359575552,0.03112879346,0.03102227998,0.02590287523,0.02329793623,0.0201344683,0.02008536837,0.01926732532,0.9279386847,0.103948207,0.05803470963,0.04366772183,39.61549128,38.89095373,20.45841655,0.760174335,8.078519271,45.836599,0.9796664622,0.7703408718,0.4308089519,0.03477626892,0.9413551118,0.818160095,0.8625061884,0.8406884817,0.9412108348,0.9369090987,0.9467838361,0.8191261781,0.8318172521,0.803294628,0.9472151551,0.9486343235,0.1065591061,0.3672675053,111.1086511,0.8926994437,0.9754422594,0.9757658083,0.9780993682,0.8872841088,0.9697932707,0.9741169116,0.9749846174,0.9806189968,0.9609095239,0.1476559453,0.05263339747,0.04050900215,0.03260198562,0.02892951215,0.02435233588,0.02184628232,0.02020769634,0.01927258249,0.0177669513
KaLM-Embedding/KaLM-embedding-multilingual-mini-instruct-v2.5,1,mean_abs,5,490;278;690;757;724,896,847,858,0.3888828865,0.1228221559,0.01678644099,0.08403297434,0.03958485542,0.06631196212,0.02095107243,0.05055521594,0.03394680292,0.004841456596,0.394180015,0.8885843866,0.9699389697,0.8515617511,0.9836830807,0.8903632801,0.9681677179,0.9218381126,0.9416927031,1.006402335,0.06348774467,0.05101576954,0.04285883025,0.03028339474,0.03104135505,0.02365114799,0.02307132298,0.02031963144,0.01979673082,0.01950423439,0.9167599671,0.1038880163,0.05815898096,0.04359056062,40.02107866,38.531654,20.86409995,4.099694294,12.09800799,45.93957592,0.9796199653,0.7658079149,0.4259179258,0.0136245058,0.9418535731,0.8189856565,0.867587224,0.8470780722,0.9441899683,0.9399461635,0.9473799709,0.8203960967,0.8377599298,0.811391022,0.9492412137,0.9494375243,0.1064800434,0.3674343999,111.3828484,0.8936788876,0.9757517111,0.976220726,0.9786928655,0.8872841088,0.9697932707,0.9741169116,0.9749846174,0.9806189968,0.9609095239,0.1476559453,0.05263339747,0.04050900215,0.03260198562,0.02892951215,0.02435233588,0.02184628232,0.02020769634,0.01927258249,0.0177669513
KaLM-Embedding/KaLM-embedding-multilingual-mini-instruct-v2.5,1,mean_abs,10,490;278;690;757;724;446;392;784;768;107,896,847,858,0.3997554816,0.1611637784,0.02143179146,0.1054994435,0.1195662048,0.1030929423,0.02730219589,0.07384715051,0.04085240147,0.01276021375,0.3793728943,0.8199868092,0.9612676589,0.8110787585,0.8391120126,0.8259288249,0.9558896494,0.879833051,0.9295840122,0.99174707,0.0621537069,0.04788704847,0.04320616063,0.02933978173,0.0269346197,0.02231685789,0.02317048371,0.01972726501,0.01987825961,0.01955075969,0.901260216,0.1035473128,0.05708748292,0.04415242622,40.489959,42.97704284,27.97690596,5.745886981,17.17442104,46.7312343,0.9816267984,0.7605197687,0.4080388875,0.002125596707,0.9460500731,0.8264949805,0.8183568785,0.7922840012,0.8963069771,0.8958643679,0.9513107144,0.8259479608,0.7762617756,0.742327171,0.9051684784,0.909421075,0.10587502,0.3648790879,112.0610819,0.8967356541,0.9753752197,0.9753567433,0.9782796933,0.8872841088,0.9697932707,0.9741169116,0.9749846174,0.9806189968,0.9609095239,0.1476559453,0.05263339747,0.04050900215,0.03260198562,0.02892951215,0.02435233588,0.02184628232,0.02020769634,0.01927258249,0.0177669513
KaLM-Embedding/KaLM-embedding-multilingual-mini-instruct-v2.5,1,variance,1,490,896,847,858,0.3670228889,0.1148596959,0.001201364218,0.009377434094,0.03113615331,0.001922768971,0.001159128536,0.005795935287,0.0001447368745,0.004324943782,0.4230538062,0.9082043662,0.9994716444,0.9994242492,1.005750833,1.001144678,1.001035155,1.006535698,1.000185175,1.006735214,0.06668078826,0.05102689828,0.04321914819,0.03478148452,0.03105887287,0.02602505454,0.02334431052,0.02171201695,0.02057664222,0.01909335961,0.9367977086,0.1053447069,0.05764837286,0.04327113258,38.67580735,37.18865376,16.50126564,0.2763629381,7.296564451,45.49082866,0.9812666264,0.7806943411,0.4211044631,0.03443633097,0.9438945854,0.8252422416,0.8787092907,0.851458521,0.961891692,0.9571404518,0.9491332564,0.8250598746,0.8522029402,0.8208285792,0.9657944188,0.9656796706,0.10782518,0.3694680608,110.353125,0.8885043397,0.9745093949,0.9751419727,0.976946401,0.8872841088,0.9697932707,0.9741169116,0.9749846174,0.9806189968,0.9609095239,0.1476559453,0.05263339747,0.04050900215,0.03260198562,0.02892951215,0.02435233588,0.02184628232,0.02020769634,0.01927258249,0.0177669513
KaLM-Embedding/KaLM-embedding-multilingual-mini-instruct-v2.5,1,variance,3,490;821;158,896,847,858,0.7361506925,0.1826767593,0.00391707386,0.01791019336,0.08136238905,0.009775816941,0.0198856317,0.01172979553,0.003599844749,0.007882137667,0.07607700414,0.7047237258,0.9957937693,0.982465138,0.877799499,0.9853289602,0.9882249669,0.9877814666,0.9954666673,0.9891657267,0.01285219925,0.0424378533,0.04615237553,0.03664665249,0.02905424193,0.02745332696,0.02470054145,0.02283761726,0.02195026387,0.02010736131,0.8740311084,0.04871037706,0.05192297391,0.04633386872,68.54042731,73.26122951,66.82050612,4.241902757,27.56956851,64.09946506,0.7122274703,0.3658446425,0.7208316598,0.09384078502,0.6242848464,0.3400328747,0.3253968216,0.2879855477,0.4140696511,0.4404318553,0.6531144862,0.3972454356,0.2050933818,0.1894444668,0.4874053682,0.5022864777,0.05801654479,0.3275557549,127.0046478,0.8955898726,0.9755772392,0.9762432683,0.9794202798,0.8872841088,0.9697932707,0.9741169116,0.9749846174,0.9806189968,0.9609095239,0.1476559453,0.05263339747,0.04050900215,0.03260198562,0.02892951215,0.02435233588,0.02184628232,0.02020769634,0.01927258249,0.0177669513
KaLM-Embedding/KaLM-embedding-multilingual-mini-instruct-v2.5,1,variance,5,490;821;158;479;724,896,847,858,0.7439743642,0.1974461809,0.03030118616,0.03518235946,0.1280923141,0.06594736558,0.03514807517,0.05657285874,0.03483724377,0.04851814321,0.07094710454,0.6763391695,0.9462304598,0.9483791528,0.7946132661,0.8871889679,0.9555577676,0.9193672704,0.9450717367,0.9252121279,0.01219483982,0.04143968355,0.04462096471,0.03599287484,0.02676008,0.02515053594,0.02430104642,0.02162700257,0.02120289558,0.01913571592,0.85903234,0.04763132324,0.05163477211,0.04601528235,70.28711454,79.72499729,67.76078479,9.829950004,29.65634474,64.164105,0.666628079,0.3373069808,0.74325917,0.07097614441,0.5876177988,0.2810285465,0.2040425335,0.1632445872,0.3983533184,0.4216616853,0.6255394648,0.3467702202,0.0712449407,0.04983049085,0.4751989587,0.4868980493,0.05663725529,0.324723485,128.2792233,0.8954426057,0.9743269328,0.9762487605,0.9794710761,0.8872841088,0.9697932707,0.9741169116,0.9749846174,0.9806189968,0.9609095239,0.1476559453,0.05263339747,0.04050900215,0.03260198562,0.02892951215,0.02435233588,0.02184628232,0.02020769634,0.01927258249,0.0177669513
KaLM-Embedding/KaLM-embedding-multilingual-mini-instruct-v2.5,1,variance,10,490;821;158;479;724;555;609;380;743;70,896,847,858,0.744457162,0.2062392457,0.1085341545,0.05131636591,0.1742668269,0.1905575921,0.1935687275,0.09078884539,0.1277254387,0.1238686076,0.07063740552,0.6615964368,0.8063554362,0.9186285042,0.7188306779,0.690820217,0.6985281492,0.8654168394,0.814297383,0.8084376155,0.01263026486,0.04216783873,0.03955531468,0.03626692623,0.02518224784,0.02037194262,0.01847941565,0.02117721905,0.01900420613,0.01739346889,0.8257968458,0.04942523516,0.05312411643,0.04437109384,69.69851353,72.41124004,56.0195137,19.67058322,30.00419191,63.85425143,0.6863529934,0.3469599838,0.7292909377,0.03020313685,0.6062430784,0.2988526108,0.3581140859,0.3204214827,0.5930795297,0.6045817284,0.6408442366,0.3644798128,0.2352772683,0.2228418666,0.6452057017,0.6651504542,0.0585656422,0.3230875307,129.8612682,0.8918479607,0.9743263134,0.9752640369,0.9782187744,0.8872841088,0.9697932707,0.9741169116,0.9749846174,0.9806189968,0.9609095239,0.1476559453,0.05263339747,0.04050900215,0.03260198562,0.02892951215,0.02435233588,0.02184628232,0.02020769634,0.01927258249,0.0177669513
KaLM-Embedding/KaLM-embedding-multilingual-mini-instruct-v2.5,2,mean_abs,1,490,896,847,858,0.3656956469,0.008121514901,0.001108292303,0.08264425368,0.01005171406,0.02878286677,0.0005369957224,0.00586803308,0.000293380109,0.0009978381247,0.4268518923,0.990510462,0.998869558,0.9263177928,0.9951283119,0.9916985465,0.999970097,1.000631726,1.000073809,1.000515051,0.0439486627,0.05306906257,0.04540983393,0.03723239786,0.02925791485,0.02581399758,0.02291364873,0.02115184917,0.01978874777,0.01771568114,0.9573476131,0.06928639617,0.0535035928,0.04546021714,39.35452091,13.84909553,5.029664158,0.1700918701,3.925790553,39.64724876,0.9708762281,0.7732371536,0.2053377717,0.05205347141,0.928999503,0.9002046091,0.9774962482,0.9706499478,0.9966780437,0.9957755634,0.9270278592,0.8915782267,0.976794705,0.9734920557,0.9963038803,0.9951976469,0.07132847142,0.3388851482,128.2866499,0.90645001,0.9714861962,0.9788816722,0.980095803,0.9064278973,0.9718214037,0.978664367,0.9798873885,0.9828783061,0.9624268417,0.09856849201,0.05129228043,0.04352219544,0.0384796098,0.02814711894,0.02491983986,0.0219369829,0.02023688816,0.01894331227,0.01695133425
KaLM-Embedding/KaLM-embedding-multilingual-mini-instruct-v2.5,2,mean_abs,3,490;158;392,896,847,858,0.3845556885,0.04111278269,0.0197632338,0.1204073265,0.08631869175,0.0352778945,0.005148830925,0.01823470761,0.001017846414,0.007113795141,0.3999974597,0.9315321494,0.9663935031,0.8476113604,0.8557506939,0.9750975066,0.9907585343,0.9768810738,0.9990091425,0.9899018574,0.04164560616,0.05046888361,0.0444261459,0.03445095541,0.02544222273,0.02566652865,0.02295718113,0.02088138348,0.01998937536,0.01772433169,0.9467300406,0.06766754584,0.05263276296,0.04532185226,41.15962829,24.81579384,19.14528065,4.6947782,12.13935837,41.38674444,0.9596894367,0.7528788473,0.2989165913,0.1156979495,0.9180659622,0.8950501419,0.9323054365,0.9042681556,0.959259771,0.9608233679,0.9137208437,0.8816844768,0.9327508914,0.9165646549,0.9565305241,0.9559228241,0.07001875326,0.3342062265,130.0096796,0.9073013147,0.9731405394,0.9792407797,0.9808547053,0.9064278973,0.9718214037,0.978664367,0.9798873885,0.9828783061,0.9624268417,0.09856849201,0.05129228043,0.04352219544,0.0384796098,0.02814711894,0.02491983986,0.0219369829,0.02023688816,0.01894331227,0.01695133425
KaLM-Embedding/KaLM-embedding-multilingual-mini-instruct-v2.5,2,mean_abs,5,490;158;392;858;315,896,847,858,0.3948520477,0.05391414456,0.03252915917,0.1649385974,0.08943394508,0.04135843502,0.02421096878,0.02054157896,0.0229194382,0.02352702988,0.3848572846,0.9062655334,0.9444454591,0.7628480998,0.8498883104,0.9637156559,0.9564832465,0.9733962187,0.963428119,0.961514775,0.04039623943,0.04950061394,0.0437714357,0.03125876692,0.02547410403,0.02557391842,0.02234381763,0.02097666779,0.01943472277,0.01735653241,0.9390676636,0.06675431896,0.05232148188,0.04524315757,41.42481105,23.99569292,20.11356163,9.696837572,13.10239934,41.34192467,0.9638932012,0.7498246285,0.2673116264,0.1742322285,0.9263720939,0.913574958,0.9407796287,0.9175958875,0.9623728413,0.9650437759,0.9217094351,0.8999779323,0.9406048599,0.9272914902,0.9593351708,0.9610575185,0.06876852361,0.3318355952,130.9730711,0.9090233558,0.9735650296,0.9794910197,0.9807740689,0.9064278973,0.9718214037,0.978664367,0.9798873885,0.9828783061,0.9624268417,0.09856849201,0.05129228043,0.04352219544,0.0384796098,0.02814711894,0.02491983986,0.0219369829,0.02023688816,0.01894331227,0.01695133425
KaLM-Embedding/KaLM-embedding-multilingual-mini-instruct-v2.5,2,mean_abs,10,490;158;392;858;315;278;67;821;208;60,896,847,858,0.731972804,0.3492039987,0.08089712945,0.1756393428,0.1162255852,0.06741042526,0.03850768476,0.04449741234,0.03090443531,0.02782471588,0.08607546096,0.468401317,0.8816464169,0.7239675424,0.8198357752,0.8942922976,0.9389841642,0.9466319935,0.9455530408,0.951281005,0.00964929257,0.02732424184,0.04363984976,0.03168310674,0.02624453117,0.02534560967,0.02342681078,0.02178727498,0.0203713504,0.01833963624,0.8792694723,0.03600116972,0.0419858785,0.04748091988,86.13536278,57.00681259,70.03676272,9.849185328,41.08143145,75.96522095,0.1301869068,0.06739951011,0.4503953937,0.8483705514,0.1004521185,0.2245784746,0.6298734264,0.7168427354,0.3819387037,0.4229260363,0.1436439617,0.2374575109,0.5873268856,0.6698920881,0.4107180355,0.3962023594,0.05046745404,0.2958687231,144.3185828,0.920181028,0.9725156251,0.9790298054,0.9801259037,0.9064278973,0.9718214037,0.978664367,0.9798873885,0.9828783061,0.9624268417,0.09856849201,0.05129228043,0.04352219544,0.0384796098,0.02814711894,0.02491983986,0.0219369829,0.02023688816,0.01894331227,0.01695133425
KaLM-Embedding/KaLM-embedding-multilingual-mini-instruct-v2.5,2,variance,1,490,896,847,858,0.3656956469,0.008121514901,0.001108292303,0.08264425368,0.01005171406,0.02878286677,0.0005369957224,0.00586803308,0.000293380109,0.0009978381247,0.4268518923,0.990510462,0.998869558,0.9263177928,0.9951283119,0.9916985465,0.999970097,1.000631726,1.000073809,1.000515051,0.0439486627,0.05306906257,0.04540983393,0.03723239786,0.02925791485,0.02581399758,0.02291364873,0.02115184917,0.01978874777,0.01771568114,0.9573476131,0.06928639617,0.0535035928,0.04546021714,39.35452091,13.84909553,5.029664158,0.1700918701,3.925790553,39.64724876,0.9708762281,0.7732371536,0.2053377717,0.05205347141,0.928999503,0.9002046091,0.9774962482,0.9706499478,0.9966780437,0.9957755634,0.9270278592,0.8915782267,0.976794705,0.9734920557,0.9963038803,0.9951976469,0.07132847142,0.3388851482,128.2866499,0.90645001,0.9714861962,0.9788816722,0.980095803,0.9064278973,0.9718214037,0.978664367,0.9798873885,0.9828783061,0.9624268417,0.09856849201,0.05129228043,0.04352219544,0.0384796098,0.02814711894,0.02491983986,0.0219369829,0.02023688816,0.01894331227,0.01695133425
KaLM-Embedding/KaLM-embedding-multilingual-mini-instruct-v2.5,2,variance,3,490;821;67,896,847,858,0.6603833595,0.2966782803,0.04890783515,0.09257326543,0.02961321787,0.05375502406,0.01044385317,0.01487214416,0.002845932731,0.002574239488,0.1332489042,0.5317178583,0.9269382784,0.879342516,0.9536934817,0.910286738,0.9884434251,1.009039224,0.9964184246,0.9973411287,0.0144823739,0.03007261899,0.04448356743,0.03731012708,0.0295992536,0.025012751,0.02390929171,0.02251592418,0.020813047,0.01864170425,0.9069054314,0.04264329887,0.04275798421,0.04677103763,73.76705383,88.27655156,65.88755,2.795157414,39.29571253,68.94975657,0.4796832182,0.2795432472,0.5938347189,0.6232254046,0.4111607849,0.3745919193,0.03249125456,-0.1199371259,0.4442514134,0.5018573555,0.4024953956,0.3404945311,0.04626696922,-0.05849927258,0.4766914789,0.4684510098,0.05024012925,0.3062987772,140.5733717,0.9135859187,0.9717911682,0.976144007,0.979141203,0.9064278973,0.9718214037,0.978664367,0.9798873885,0.9828783061,0.9624268417,0.09856849201,0.05129228043,0.04352219544,0.0384796098,0.02814711894,0.02491983986,0.0219369829,0.02023688816,0.01894331227,0.01695133425
KaLM-Embedding/KaLM-embedding-multilingual-mini-instruct-v2.5,2,variance,5,490;821;67;479;380,896,847,858,0.6652317832,0.3009825808,0.06540683694,0.1377362818,0.06792933052,0.2057678952,0.02121355593,0.01603476329,0.0636028023,0.004475947376,0.1291398204,0.5243698502,0.8968066215,0.7940844726,0.8892668496,0.6693816875,0.9698960258,1.007257681,0.909326112,0.9946312033,0.01432601087,0.03027029873,0.04392751006,0.03438938026,0.02817040151,0.01877353515,0.02394578409,0.02294094507,0.01938664093,0.01897548797,0.8885318789,0.04279382017,0.04330406925,0.04700174557,72.92816218,89.25107532,69.09879182,8.978720889,38.99675126,68.80008586,0.5073881228,0.2935704958,0.6046323491,0.587147777,0.4343812094,0.4078870277,0.01431495686,0.1706442682,0.3932792819,0.4406591395,0.4228651112,0.3641482885,-0.00192505496,0.1051806338,0.4094436247,0.3961486315,0.05066964372,0.3047803121,142.1029711,0.9117921982,0.9715310272,0.9755557025,0.9789938583,0.9064278973,0.9718214037,0.978664367,0.9798873885,0.9828783061,0.9624268417,0.09856849201,0.05129228043,0.04352219544,0.0384796098,0.02814711894,0.02491983986,0.0219369829,0.02023688816,0.01894331227,0.01695133425
KaLM-Embedding/KaLM-embedding-multilingual-mini-instruct-v2.5,2,variance,10,490;821;67;479;380;158;743;524;724;181,896,847,858,0.7206152947,0.3488056087,0.1066756829,0.2004052981,0.2374911485,0.3329183679,0.1097691937,0.08435991431,0.1121550141,0.1031263593,0.09228779583,0.4692640151,0.8342447056,0.6707930153,0.62872408,0.4900880797,0.8409027628,0.8803350849,0.8205604128,0.8467717353,0.01072213346,0.0283705714,0.04279598994,0.03042411921,0.02085897027,0.01439521678,0.02174310178,0.02099861083,0.01832168036,0.01691878079,0.8484010107,0.03837766798,0.04356697752,0.0479064424,84.50061773,70.21771768,75.82437043,12.79406298,42.93109206,76.8746036,0.1813104882,0.0958350207,0.5659818401,0.7711579376,0.143799358,0.05449879306,0.388543259,0.4851153448,0.2828326983,0.3273643637,0.1081494598,0.02057526424,0.3482207645,0.4191802821,0.2993111996,0.2930273908,0.0516025927,0.294656303,147.1614042,0.9134278753,0.9709218786,0.978569967,0.980657266,0.9064278973,0.9718214037,0.978664367,0.9798873885,0.9828783061,0.9624268417,0.09856849201,0.05129228043,0.04352219544,0.0384796098,0.02814711894,0.02491983986,0.0219369829,0.02023688816,0.01894331227,0.01695133425
KaLM-Embedding/KaLM-embedding-multilingual-mini-instruct-v2.5,3,mean_abs,1,490,896,847,858,0.3436585044,0.2133956469,0.06878404385,0.0001821276833,0.01579552685,0.002358930162,0.002014941753,0.002570059604,0.00579931684,0.003863612458,0.4487543522,1.033473096,1.074141165,1.000333408,1.050143295,1.011506119,1.012954267,1.017479017,1.041086937,1.03234936,0.1638386643,0.06926673446,0.05044946714,0.03775043608,0.02933765739,0.02126050539,0.01737224156,0.01671244561,0.01656607044,0.01438722043,0.8736983883,0.2496241139,0.0880579089,0.05417590496,36.15416021,48.06286189,84.05627721,2.048013397,27.00405111,84.06532037,0.9966469298,0.807432571,0.394308537,0.2018654216,0.9737106979,-0.04341544554,0.74453728,0.6651893886,0.1154466973,0.08518660093,0.9698220732,-0.1214475731,0.7617228985,0.6389549597,0.08899478102,0.07080581662,0.2510500839,0.4875260491,69.1945429,0.8925499277,0.9662309914,0.9794341233,0.9797335529,0.8811417321,0.9635538748,0.9739182129,0.9849830965,0.9806110614,0.9706909034,0.3189842644,0.05855811291,0.04103521916,0.03297150219,0.02440834894,0.01836397126,0.01498399281,0.01435079894,0.0139025364,0.01217619905
KaLM-Embedding/KaLM-embedding-multilingual-mini-instruct-v2.5,3,mean_abs,3,490;392;158,896,847,858,0.3437370608,0.2611052145,0.08078142575,0.01803429112,0.05255142727,0.0275263898,0.04491246843,0.02033362776,0.01744275152,0.04654009864,0.4487719485,0.9609349957,1.055994712,0.9663665453,0.9833413095,0.9634037345,0.941632656,0.9798292187,1.020339751,0.9637363747,0.1654842347,0.06504931783,0.05009336018,0.0368334403,0.02774625358,0.02045203813,0.01631062982,0.01625504326,0.01639836357,0.01356537031,0.865044275,0.2521614811,0.08803596818,0.05449559178,36.13755866,52.34875616,85.10977873,9.962779564,25.4025206,86.36098105,0.9969175501,0.807603479,0.3904365559,0.2024412667,0.9740257424,-0.03121854576,0.6934599278,0.6090782583,0.09586663199,0.0704527049,0.9701844061,-0.1072651334,0.7109305171,0.5805039909,0.06407498283,0.04941202925,0.2535049336,0.4855052164,69.35386629,0.8930739786,0.9664123175,0.9814118326,0.9816139505,0.8811417321,0.9635538748,0.9739182129,0.9849830965,0.9806110614,0.9706909034,0.3189842644,0.05855811291,0.04103521916,0.03297150219,0.02440834894,0.01836397126,0.01498399281,0.01435079894,0.0139025364,0.01217619905
KaLM-Embedding/KaLM-embedding-multilingual-mini-instruct-v2.5,3,mean_abs,5,490;392;158;858;315,896,847,858,0.3445535857,0.2721647035,0.09683383771,0.04978798577,0.06802024769,0.03403459734,0.05168509814,0.02697296322,0.04788710745,0.05303772378,0.4477558772,0.9411762475,1.030439387,0.9105709955,0.9587760653,0.9520303852,0.9364746255,0.971318025,0.9769624169,0.9591120284,0.1663111757,0.06417544814,0.04923683032,0.03495935616,0.02724999747,0.02035768045,0.01633933772,0.01623111695,0.01581549456,0.01359852975,0.8587942362,0.2537372576,0.08817303647,0.05451580493,36.184271,53.2128848,79.36334813,13.41203928,24.97636177,82.59864049,0.9969441133,0.8071224165,0.3890807627,0.2060602579,0.9739594506,-0.04677275026,0.6872336759,0.610599516,0.2105423998,0.2091744961,0.9700966982,-0.1231972617,0.7051724239,0.582659241,0.1784863654,0.1752128208,0.255080468,0.4844258424,69.36184763,0.8935133637,0.9661961505,0.9810245786,0.9823304239,0.8811417321,0.9635538748,0.9739182129,0.9849830965,0.9806110614,0.9706909034,0.3189842644,0.05855811291,0.04103521916,0.03297150219,0.02440834894,0.01836397126,0.01498399281,0.01435079894,0.0139025364,0.01217619905
KaLM-Embedding/KaLM-embedding-multilingual-mini-instruct-v2.5,3,mean_abs,10,490;392;158;858;315;570;399;821;60;524,896,847,858,0.8796571319,0.6573075758,0.1654922811,0.06221155004,0.08665871812,0.09364390799,0.06656467598,0.04697605641,0.0696213099,0.08484578633,0.01528269467,0.152280477,0.762597904,0.8944287455,0.8624102448,0.8520648909,0.910445662,0.9148488665,0.9011561428,0.8911525616,0.007442493099,0.01361383698,0.04777510046,0.04502292712,0.03213672044,0.02388848015,0.02082719731,0.02004355161,0.01912684475,0.01656582401,0.655014261,0.06184407282,0.03972611011,0.05724944106,73.05894249,66.77594013,80.83487284,20.57443295,66.13310404,88.61297581,0.8399648783,0.2913877608,0.02804456348,0.5457505163,0.7948687205,0.07679878969,0.492610327,0.4527864658,0.1848281511,0.1702587402,0.7744622214,0.0674599857,0.4671741394,0.409508663,0.1339825819,0.1306975579,0.06544407024,0.3329404666,134.4918951,0.9005554049,0.9732471876,0.9833882438,0.984069538,0.8811417321,0.9635538748,0.9739182129,0.9849830965,0.9806110614,0.9706909034,0.3189842644,0.05855811291,0.04103521916,0.03297150219,0.02440834894,0.01836397126,0.01498399281,0.01435079894,0.0139025364,0.01217619905
KaLM-Embedding/KaLM-embedding-multilingual-mini-instruct-v2.5,3,variance,1,570,896,847,858,0.5296113256,0.1045032307,0.02976785902,0.0009545050584,0.009136398143,0.0003161908492,0.001303489464,0.001977156666,0.006261880293,0.0003583347076,0.2347007692,1.106922058,1.068885573,1.003215893,1.04799199,1.002415716,1.012793214,1.020435653,1.067212692,1.004493158,0.09097029899,0.07876258555,0.05329712986,0.04019286714,0.03108223333,0.02236816311,0.01844013891,0.01779416254,0.01802855304,0.0148619081,0.8229702774,0.1933938973,0.08795407003,0.05493234826,47.2702703,42.89369854,45.10321109,1.489949184,15.73720056,56.41053369,0.9893446504,0.6785409119,0.4591702549,0.2094959798,0.9528425886,0.9824086309,0.8095313969,0.7184033714,0.7644948171,0.810313745,0.950968839,0.9815141085,0.8091110133,0.6923644409,0.7604265821,0.8065383608,0.1965598739,0.4544115344,83.42826104,0.8845305178,0.9683578761,0.9796576544,0.9848098954,0.8811417321,0.9635538748,0.9739182129,0.9849830965,0.9806110614,0.9706909034,0.3189842644,0.05855811291,0.04103521916,0.03297150219,0.02440834894,0.01836397126,0.01498399281,0.01435079894,0.0139025364,0.01217619905
KaLM-Embedding/KaLM-embedding-multilingual-mini-instruct-v2.5,3,variance,3,570;490;821,896,847,858,0.8735609137,0.553355991,0.1053097084,0.003459203451,0.02493755541,0.003246038293,0.01100384561,0.005749468407,0.02420231283,0.009580964851,0.01686904328,0.2519898608,0.8783244207,1.002987777,0.9749468592,1.023145304,0.9804504872,0.992454539,0.9628689829,1.022487033,0.007900621027,0.02166564674,0.05291919552,0.04855521627,0.03493983632,0.02758706117,0.02157022826,0.0209116461,0.01965453422,0.01827978428,0.6810805558,0.06248559097,0.04850763987,0.05914806053,71.75368514,69.83130598,89.73584492,10.42912955,64.68831106,89.38673375,0.8805340824,0.3131027233,0.3583639133,0.1977628938,0.8399166345,0.1216278247,0.4013168178,0.4348908333,0.005222003204,-0.06338758136,0.8287541134,0.09231728087,0.4355723806,0.3796369721,-0.05052827022,-0.08071476531,0.06508368025,0.3459563925,129.7113657,0.8996411883,0.9697131097,0.9832690845,0.9830355244,0.8811417321,0.9635538748,0.9739182129,0.9849830965,0.9806110614,0.9706909034,0.3189842644,0.05855811291,0.04103521916,0.03297150219,0.02440834894,0.01836397126,0.01498399281,0.01435079894,0.0139025364,0.01217619905
KaLM-Embedding/KaLM-embedding-multilingual-mini-instruct-v2.5,3,variance,5,570;490;821;67;524,896,847,858,0.8769737338,0.6057319371,0.2755877489,0.03853606539,0.04563603604,0.1234763587,0.01838484435,0.02315488105,0.03078218986,0.05134459226,0.01587194202,0.1886631199,0.5825716366,0.9436271114,0.9471414023,0.85460689,0.9754627702,0.9685199969,0.9572875123,0.9609491181,0.007639639501,0.01667046148,0.03607278152,0.04694752284,0.03488403892,0.02368135412,0.02205524021,0.02097288665,0.02008213916,0.01765572961,0.6627144838,0.06209762951,0.04228204882,0.04979592969,71.17593814,62.97476237,80.64338218,32.61285377,65.4619113,86.5171448,0.9199210194,0.3226632204,0.05405779733,0.3542215586,0.8793860784,0.1448994618,0.5804614667,0.5626733612,0.1873000456,0.1501000216,0.8674343898,0.1297850205,0.5738133922,0.5325556938,0.1416625472,0.1234072334,0.06480112616,0.3332696513,134.5932975,0.901974723,0.9739462589,0.9830778299,0.9834769184,0.8811417321,0.9635538748,0.9739182129,0.9849830965,0.9806110614,0.9706909034,0.3189842644,0.05855811291,0.04103521916,0.03297150219,0.02440834894,0.01836397126,0.01498399281,0.01435079894,0.0139025364,0.01217619905
KaLM-Embedding/KaLM-embedding-multilingual-mini-instruct-v2.5,3,variance,10,570;490;821;67;524;158;479;380;743;724,896,847,858,0.8775647861,0.654181784,0.2816848289,0.06828782778,0.1317215973,0.1971167276,0.1401113889,0.06868117201,0.18983922,0.1075033441,0.01571895993,0.1466532281,0.5703479249,0.888406154,0.778292603,0.7282994223,0.7911368955,0.8979649008,0.7092942502,0.8534188323,0.007861889987,0.0134651934,0.03669699636,0.04592870371,0.0297862069,0.02097058113,0.01858716227,0.02020548769,0.01546159795,0.01629325509,0.6377729629,0.06421265369,0.03893720105,0.05108759752,71.07422943,68.1548461,73.36471316,32.01123126,66.1794029,88.43989724,0.9269391945,0.324342917,0.05670278934,0.351876894,0.8876684015,0.1400704283,0.4845666903,0.4772904021,0.336840603,0.3302548956,0.8780372489,0.1338617628,0.4771553874,0.447281405,0.3028706134,0.2925740479,0.06677447325,0.3290780293,136.8470814,0.9014964676,0.9738766137,0.9827779112,0.9839428227,0.8811417321,0.9635538748,0.9739182129,0.9849830965,0.9806110614,0.9706909034,0.3189842644,0.05855811291,0.04103521916,0.03297150219,0.02440834894,0.01836397126,0.01498399281,0.01435079894,0.0139025364,0.01217619905
KaLM-Embedding/KaLM-embedding-multilingual-mini-instruct-v2.5,4,mean_abs,1,490,896,847,858,0.3598549497,0.0119890745,0.1916329236,0.0147813627,0.00819906364,0.002260345236,0.001103119885,0.00180449531,0.006826854157,0.002149967688,0.427874846,0.9877962372,1.02545046,1.004484491,1.014668433,1.004680288,1.003426984,1.007375248,1.032282581,1.011118662,0.1135977419,0.1095170361,0.05235157796,0.04748353333,0.02915829771,0.02687420184,0.02139530326,0.01801955353,0.01670437558,0.0153516872,0.9018069988,0.1774562528,0.1108459768,0.06476213528,37.5550405,12.47886241,72.01767382,0.187010369,25.43375593,74.16581976,0.9908479417,0.792768175,0.1816558254,0.3878509973,0.9643355198,0.4481584906,0.986477554,0.99000311,0.3197753772,0.307608927,0.9599608476,0.4087006746,0.9875286952,0.9906186025,0.3030849078,0.3153932949,0.1794275101,0.4946935193,72.44582562,0.8769325103,0.9524793326,0.9776667735,0.9764332362,0.8710698275,0.95143116,0.9738895156,0.9837722523,0.9831949139,0.969285726,0.2394233726,0.09998340342,0.04603929811,0.04262980968,0.02591502415,0.02412244333,0.01922853834,0.01613118798,0.01459302238,0.01369202199
KaLM-Embedding/KaLM-embedding-multilingual-mini-instruct-v2.5,4,mean_abs,3,490;392;858,896,847,858,0.3600978563,0.0160582907,0.2256850638,0.04531377404,0.008831134089,0.06474924191,0.01608449849,0.001843278242,0.02253088179,0.06639337219,0.4278146329,0.9801428566,0.9773969365,0.946597102,1.013309981,0.8962839035,0.9788329384,1.007185571,1.012265708,0.9063124757,0.1146337975,0.1096750385,0.05036051562,0.04516157348,0.02938897495,0.02419676977,0.02106421836,0.01818303388,0.01653218566,0.01388788293,0.893530743,0.1791426996,0.1114649755,0.06503880174,37.55417845,13.04779251,75.01551488,3.623115129,25.98607122,76.90874185,0.9910474507,0.7927773455,0.1822325105,0.3868109686,0.9643594303,0.4501577975,0.9862719421,0.9899843095,0.2729905348,0.2644765745,0.9599942205,0.410335384,0.9873567882,0.9905579971,0.249559476,0.2667978699,0.1810846523,0.4929746488,72.59046063,0.8734509451,0.952081613,0.9773914725,0.9751651939,0.8710698275,0.95143116,0.9738895156,0.9837722523,0.9831949139,0.969285726,0.2394233726,0.09998340342,0.04603929811,0.04262980968,0.02591502415,0.02412244333,0.01922853834,0.01613118798,0.01459302238,0.01369202199
KaLM-Embedding/KaLM-embedding-multilingual-mini-instruct-v2.5,4,mean_abs,5,490;392;858;158;315,896,847,858,0.3606890346,0.03023601319,0.2454980594,0.05757039132,0.02005736468,0.07993426847,0.04392019173,0.07181679251,0.03447570177,0.06932564969,0.427189542,0.9532599661,0.9529084848,0.9272093608,0.9891408494,0.874294118,0.9333035069,0.8897661099,0.990444701,0.899932495,0.1154921714,0.1076228926,0.04953877671,0.04463305268,0.02894510609,0.0238146521,0.02026443784,0.01620718548,0.01632077853,0.01391370887,0.8855938865,0.1806510096,0.1109784381,0.06565758687,37.53202197,14.52966159,73.58956171,7.578519303,25.64116389,75.6964945,0.9918002711,0.7930129865,0.1741086894,0.3870162581,0.9651820507,0.4678970622,0.9857821453,0.9899803401,0.2989228941,0.2908067627,0.9608480985,0.4293299421,0.9868528535,0.9904095046,0.2739840902,0.2903837835,0.1825047027,0.491554901,72.75727778,0.8724436587,0.9529188708,0.9781666227,0.9758028593,0.8710698275,0.95143116,0.9738895156,0.9837722523,0.9831949139,0.969285726,0.2394233726,0.09998340342,0.04603929811,0.04262980968,0.02591502415,0.02412244333,0.01922853834,0.01613118798,0.01459302238,0.01369202199
KaLM-Embedding/KaLM-embedding-multilingual-mini-instruct-v2.5,4,mean_abs,10,490;392;858;158;315;173;524;67;399;278,896,847,858,0.3636522009,0.1339289107,0.2820151939,0.08064168079,0.1527152671,0.2176003874,0.08187606047,0.1082356349,0.07811936897,0.08660937575,0.4228895964,0.7695888548,0.8857212908,0.8905674739,0.8090708805,0.7271568625,0.8609411861,0.8416632531,0.9251646115,0.8932603073,0.1182240889,0.08984607641,0.04761438825,0.04432948172,0.02448221001,0.02048150342,0.01933001483,0.01585320768,0.01576437261,0.01428098144,0.8564215157,0.1857853348,0.1037398402,0.06631670732,37.55559735,23.53301604,73.53686803,20.27290281,26.84396175,75.57237968,0.9937924407,0.792762251,0.1469943341,0.3813078242,0.9683145307,0.5521820901,0.9810522662,0.9849699572,0.3023102684,0.285466483,0.9644077052,0.5253883088,0.981767742,0.98478746,0.2725202331,0.2789134217,0.1873837824,0.4832412282,74.26234948,0.8743311551,0.9567841428,0.9795647515,0.9771049334,0.8710698275,0.95143116,0.9738895156,0.9837722523,0.9831949139,0.969285726,0.2394233726,0.09998340342,0.04603929811,0.04262980968,0.02591502415,0.02412244333,0.01922853834,0.01613118798,0.01459302238,0.01369202199
KaLM-Embedding/KaLM-embedding-multilingual-mini-instruct-v2.5,4,variance,1,570,896,847,858,0.503029347,0.04027374824,0.09614164567,0.002273642859,0.001908052571,0.004817973349,0.0001548325441,0.0004413516338,0.001400652916,0.0001715416078,0.2662794593,0.9716651666,1.078401944,1.002366096,1.005727675,1.016253622,1.000734088,1.002663798,1.009640029,1.001280908,0.0732481653,0.1116187335,0.0570429394,0.04909443915,0.02994501668,0.02816540117,0.02210840981,0.01858293155,0.01692794931,0.01575128769,0.8703771071,0.1473893174,0.1163026783,0.06311048531,49.06487957,34.98789875,79.19601169,0.3867475461,33.27802566,81.14539449,0.9294181963,0.655204004,0.5288361453,0.3280928981,0.8687737106,0.9340276313,0.8754627723,0.933863384,0.194579709,0.1968752799,0.8664148107,0.9422654467,0.8611642962,0.9258939964,0.1742053685,0.2005931645,0.15645838,0.475077829,79.7881203,0.8735056291,0.9640158639,0.9799633464,0.9788797615,0.8710698275,0.95143116,0.9738895156,0.9837722523,0.9831949139,0.969285726,0.2394233726,0.09998340342,0.04603929811,0.04262980968,0.02591502415,0.02412244333,0.01922853834,0.01613118798,0.01459302238,0.01369202199
KaLM-Embedding/KaLM-embedding-multilingual-mini-instruct-v2.5,4,variance,3,570;490;821,896,847,858,0.8635355097,0.07678346545,0.4575698817,0.01976058503,0.01103453986,0.007080879862,0.01105143266,0.002350713891,0.02040865187,0.01988036991,0.02221294677,0.8803151404,0.3963712017,0.981668023,0.9941543996,0.9957867413,0.9814736019,0.9988291792,1.008121216,1.012028233,0.006996340971,0.1157882084,0.02400651034,0.05505240361,0.03389250772,0.03159991258,0.02482693702,0.02119609319,0.01935335442,0.01822881609,0.7601542939,0.05126858245,0.1254182568,0.04425733293,83.12133658,87.98423135,72.16439816,7.62481558,62.89012133,79.43746687,0.3242110622,0.1197671341,0.9503434143,0.2464420253,0.1884096917,0.5174283659,0.05339395974,-0.02555225968,0.3634916041,0.358831206,0.1677632152,0.5210555233,0.01768568526,-0.01434378478,0.2821565285,0.3221485258,0.1272722227,0.4027751114,103.5813851,0.8826223646,0.97985175,0.9784470091,0.9784736929,0.8710698275,0.95143116,0.9738895156,0.9837722523,0.9831949139,0.969285726,0.2394233726,0.09998340342,0.04603929811,0.04262980968,0.02591502415,0.02412244333,0.01922853834,0.01613118798,0.01459302238,0.01369202199
KaLM-Embedding/KaLM-embedding-multilingual-mini-instruct-v2.5,4,variance,5,570;490;821;67;524,896,847,858,0.8653804415,0.1547782491,0.4839023131,0.02942913215,0.1400922857,0.1431488031,0.03361060447,0.01167920603,0.05730093335,0.02538457911,0.02168718283,0.7504134322,0.3627918721,0.9704272375,0.8317047579,0.7901503444,0.9436327562,0.98210604,0.9650374692,1.014486609,0.007016380967,0.1013846,0.0225699044,0.05590103492,0.02912488912,0.02575576806,0.02451843565,0.02140761132,0.01902974205,0.01876970228,0.740042264,0.05212007116,0.1199502969,0.04373184568,82.44251277,87.25962209,76.90623271,17.73000004,65.31932103,79.24451467,0.3584599491,0.1315208841,0.9055908064,0.2487941143,0.213832992,0.5195836456,0.07305727531,-0.0007757561223,0.2768980426,0.2293511857,0.1975406392,0.529608661,0.03862744059,0.01494100354,0.2053551434,0.2328260875,0.1223911555,0.3921994732,107.1830297,0.8846141643,0.980935552,0.9794989049,0.9796993382,0.8710698275,0.95143116,0.9738895156,0.9837722523,0.9831949139,0.969285726,0.2394233726,0.09998340342,0.04603929811,0.04262980968,0.02591502415,0.02412244333,0.01922853834,0.01613118798,0.01459302238,0.01369202199
KaLM-Embedding/KaLM-embedding-multilingual-mini-instruct-v2.5,4,variance,10,570;490;821;67;524;158;479;380;743;724,896,847,858,0.8662402015,0.1677166586,0.5147640639,0.05341375622,0.1690842747,0.1931120937,0.08147117259,0.1432949272,0.1301287647,0.08525114935,0.0213883757,0.7310530826,0.3456033202,0.9288069103,0.7636740602,0.7165449214,0.8626005025,0.7666657485,0.8339777656,0.9132755451,0.007152971811,0.1020984136,0.022225358,0.05530711399,0.0276440597,0.0241438699,0.02316851213,0.01727486168,0.01699972461,0.01746672899,0.7159090208,0.0534762454,0.1226726626,0.04580319871,82.47239533,87.34970887,78.8123723,17.93582891,66.23400526,78.76946261,0.3581964259,0.1310038476,0.8980734007,0.2685556085,0.2140265051,0.5121736954,0.07138984445,-0.002227025556,0.2376964217,0.1048779937,0.1980658688,0.5235300247,0.03544083195,0.01488915655,0.1665597844,0.1196056088,0.125297294,0.3922054891,107.4280028,0.8824681541,0.9808507056,0.978967378,0.9791156643,0.8710698275,0.95143116,0.9738895156,0.9837722523,0.9831949139,0.969285726,0.2394233726,0.09998340342,0.04603929811,0.04262980968,0.02591502415,0.02412244333,0.01922853834,0.01613118798,0.01459302238,0.01369202199
KaLM-Embedding/KaLM-embedding-multilingual-mini-instruct-v2.5,5,mean_abs,1,490,896,847,858,0.4376690247,0.0149255949,0.032331287,0.06090893621,0.001155553056,0.02834559612,0.003859449596,0.004270533835,0.008713153479,0.000389329897,0.3226286614,0.9932905527,1.131098987,1.279503236,1.007107802,1.256147047,1.039295698,1.057757939,1.135631826,1.006843294,0.1667766268,0.1497926463,0.04367921066,0.04540555573,0.02888975613,0.02661244884,0.01994850596,0.01593088973,0.01511593804,0.01202518917,0.8104920779,0.2965809,0.1520622661,0.04513859968,41.76367959,13.80265062,26.37168135,0.2237219467,19.70292067,45.18767008,0.9946806189,0.745898372,0.2040980074,0.1706325723,0.9818489165,-0.1187302822,0.9881709931,0.985312335,0.9055708861,0.9165201731,0.9797421268,-0.1177351846,0.9888913866,0.9873541992,0.9084386433,0.9091014818,0.2983336403,0.6201098448,37.96421313,0.8619851948,0.9284863141,0.9717862726,0.9700522278,0.861368881,0.926423843,0.9691272553,0.9693230719,0.9825218704,0.947454776,0.4189681542,0.1222258208,0.03129845805,0.02876182113,0.02324966446,0.01717090289,0.01555679107,0.0122068192,0.01078813375,0.009680076943
KaLM-Embedding/KaLM-embedding-multilingual-mini-instruct-v2.5,5,mean_abs,3,490;392;858,896,847,858,0.4384665637,0.01831981043,0.08350648233,0.1091365536,0.01286864223,0.07096029362,0.03696639421,0.01324566169,0.03781920691,0.04409751488,0.3218455886,0.9867059511,1.045548095,1.206177706,0.9857501429,1.173369584,0.9895306184,1.047537724,1.109968768,0.9418668551,0.1679292339,0.1501925679,0.04075347905,0.04320414458,0.02854179422,0.02509144604,0.01917109806,0.01592465075,0.0149126496,0.01135444879,0.8029754501,0.2990547367,0.1529954149,0.0444667401,41.80751461,14.20152572,27.7608614,2.423548648,20.96849629,45.44567785,0.9947064197,0.7453885745,0.2037225401,0.1719364527,0.9816805824,-0.116477169,0.9881174691,0.9851616153,0.9244300542,0.9311047714,0.9794929808,-0.1184946318,0.9888507749,0.9871390599,0.930433957,0.9304861688,0.3008179916,0.6187057846,37.83823851,0.8567853688,0.9278803401,0.9717201357,0.9693838309,0.861368881,0.926423843,0.9691272553,0.9693230719,0.9825218704,0.947454776,0.4189681542,0.1222258208,0.03129845805,0.02876182113,0.02324966446,0.01717090289,0.01555679107,0.0122068192,0.01078813375,0.009680076943
KaLM-Embedding/KaLM-embedding-multilingual-mini-instruct-v2.5,5,mean_abs,5,490;392;858;524;158,896,847,858,0.4391145916,0.07151717531,0.1263626849,0.1611837663,0.0764241947,0.09949326585,0.06011923885,0.07274030347,0.04141918924,0.04466062026,0.3210188738,0.8872178112,0.9960948276,1.136998382,0.8918891284,1.140673726,0.9584480253,0.9353570197,1.113074471,0.9402683979,0.1707098438,0.1376385849,0.03957041561,0.04150717848,0.02631931272,0.02486002465,0.01892498617,0.01449195265,0.01524114268,0.01155254407,0.7878671906,0.3043577908,0.1482403134,0.04529387072,41.76289378,19.11059123,33.94511067,10.85673612,27.04577474,47.02465577,0.9959737838,0.7459075068,0.185515602,0.1668842732,0.9836371841,0.03237100235,0.9864451816,0.9835583425,0.8693769084,0.8782365236,0.9815827796,0.02031713123,0.9871832589,0.985859813,0.8808450268,0.8809190071,0.3057933792,0.6149516617,38.04419351,0.8572193303,0.9303198923,0.9727122964,0.970133383,0.861368881,0.926423843,0.9691272553,0.9693230719,0.9825218704,0.947454776,0.4189681542,0.1222258208,0.03129845805,0.02876182113,0.02324966446,0.01717090289,0.01555679107,0.0122068192,0.01078813375,0.009680076943
KaLM-Embedding/KaLM-embedding-multilingual-mini-instruct-v2.5,5,mean_abs,10,490;392;858;524;158;570;173;315;67;697,896,847,858,0.9446233915,0.1797559405,0.1629706773,0.220702928,0.2730483829,0.1367597883,0.08135109871,0.172035336,0.09909957701,0.05397353448,0.004697270047,0.7014307299,0.7869411025,0.6639971447,0.6885399341,0.7833517706,0.8721372001,0.725364103,0.9350409421,0.9186828518,0.003585730146,0.1562063957,0.04487621623,0.03479634702,0.02916734399,0.02450761346,0.02472042261,0.01613279561,0.01837925951,0.01620300178,0.5488440237,0.06475171094,0.1904389235,0.0536136728,84.37798118,87.69645051,79.72887084,18.34841669,36.00574851,87.55839488,0.4163028254,0.09796535927,0.9004609726,0.1635906866,0.1952324242,0.568627717,0.08294136689,0.02996268661,0.2104812668,0.2097673229,0.1711268589,0.5745422525,0.04497512972,0.03631225864,0.2354017071,0.2110827082,0.1922087927,0.4556897882,80.36526425,0.8620187581,0.9745384739,0.9724919925,0.9815222771,0.861368881,0.926423843,0.9691272553,0.9693230719,0.9825218704,0.947454776,0.4189681542,0.1222258208,0.03129845805,0.02876182113,0.02324966446,0.01717090289,0.01555679107,0.0122068192,0.01078813375,0.009680076943
KaLM-Embedding/KaLM-embedding-multilingual-mini-instruct-v2.5,5,variance,1,570,896,847,858,0.5036128496,0.04391435482,0.0143978389,0.04910366226,0.0002092564487,0.02421338041,0.00212059476,0.002352780317,0.004556174185,2.568057882e-05,0.2563447614,0.9909528348,1.072072765,1.276143203,1.001555014,1.260775912,1.025648308,1.03755739,1.08349276,1.000530349,0.1375640896,0.1551370629,0.04297806153,0.04701272347,0.02982573241,0.02772877304,0.02043704519,0.01622236834,0.01497172887,0.01240534064,0.7807291267,0.2771306418,0.1622627258,0.04360589214,46.45842942,27.17778958,19.73507673,0.4095022813,15.3077112,48.9637937,0.977763324,0.6888806852,0.4044272897,0.1208865094,0.94735983,0.9193732028,0.9497600925,0.9805207247,0.9473913189,0.9544386158,0.9439067767,0.9236931689,0.9484183952,0.978589152,0.9482439244,0.9494647302,0.2837518596,0.6048274616,41.43286019,0.8647428815,0.9393931452,0.9724186241,0.9706930404,0.861368881,0.926423843,0.9691272553,0.9693230719,0.9825218704,0.947454776,0.4189681542,0.1222258208,0.03129845805,0.02876182113,0.02324966446,0.01717090289,0.01555679107,0.0122068192,0.01078813375,0.009680076943
KaLM-Embedding/KaLM-embedding-multilingual-mini-instruct-v2.5,5,variance,3,570;490;524,896,847,858,0.9415067904,0.1097191318,0.07237974468,0.1393688708,0.06290142271,0.08054779151,0.008010607724,0.009178350531,0.01337586736,0.0008258641556,0.005058556781,0.8168205216,0.9148521608,0.8186417239,0.9114163407,0.8612214678,0.9890262249,0.9886992956,0.9953417558,1.002776367,0.003653908732,0.1721232967,0.04936554238,0.04059385624,0.03653284993,0.02549517703,0.02652637344,0.02080735081,0.01851265034,0.01673527882,0.58002932,0.06246722925,0.1933359491,0.05321740453,84.56502341,87.93377813,72.57874519,12.28584447,27.98429294,88.11407268,0.391625372,0.09471604311,0.9392800161,0.1212645402,0.1824179419,0.5675308521,0.07124682405,0.02104923257,0.337411059,0.3253455454,0.1545955297,0.5722254199,0.03006062793,0.02321900452,0.3709981976,0.3454108374,0.1947345701,0.4727280243,76.51286109,0.8651406513,0.9729228456,0.9709865596,0.9833661197,0.861368881,0.926423843,0.9691272553,0.9693230719,0.9825218704,0.947454776,0.4189681542,0.1222258208,0.03129845805,0.02876182113,0.02324966446,0.01717090289,0.01555679107,0.0122068192,0.01078813375,0.009680076943
KaLM-Embedding/KaLM-embedding-multilingual-mini-instruct-v2.5,5,variance,5,570;490;524;67;821,896,847,858,0.9418435063,0.1468833501,0.08091936263,0.2699282494,0.2299235176,0.09535471072,0.02043072013,0.07919262566,0.08344859571,0.007871244131,0.004912753919,0.7550738404,0.9179676811,0.6245347767,0.7301939699,0.8466678019,0.9715087479,0.9175351735,0.9532798884,0.9941871964,0.003649806004,0.1636500506,0.05094646913,0.03185200423,0.0301036176,0.02577922953,0.02679973451,0.01986044571,0.01823603889,0.01706517445,0.563944341,0.0627583572,0.1918261126,0.05543199046,84.62215129,87.57048163,73.2406621,9.511520955,29.52494032,81.63044979,0.3886413177,0.09372340909,0.9189892965,0.14367691,0.1837035895,0.5604566641,0.08416747464,0.02795496689,0.3413588372,0.3808105283,0.1584820547,0.5671039865,0.05219185609,0.03746643827,0.3951816567,0.411962665,0.193377366,0.4627843349,78.74504722,0.8690140508,0.9759254058,0.9748543252,0.9820517791,0.861368881,0.926423843,0.9691272553,0.9693230719,0.9825218704,0.947454776,0.4189681542,0.1222258208,0.03129845805,0.02876182113,0.02324966446,0.01717090289,0.01555679107,0.0122068192,0.01078813375,0.009680076943
KaLM-Embedding/KaLM-embedding-multilingual-mini-instruct-v2.5,5,variance,10,570;490;524;67;821;392;158;380;479;724,896,847,858,0.9427971884,0.1552000572,0.128672027,0.3610379627,0.2480628802,0.1763050317,0.05114477799,0.198066045,0.1089344274,0.06448604624,0.004760005789,0.7410579394,0.8388036755,0.499767178,0.7049459922,0.7112605939,0.9193066915,0.7140376626,0.9221243506,0.9068232116,0.003660285311,0.1662423126,0.04818476126,0.02638217254,0.03008146479,0.02241549454,0.02624864475,0.01599742476,0.01825838066,0.01611119975,0.5448457347,0.06398785672,0.1967830538,0.05530037225,84.66998682,87.53186306,77.28935482,12.49729648,32.80848752,77.20706185,0.3883921049,0.09289216411,0.9143852078,0.1551884323,0.1828704447,0.5579135458,0.08790941468,0.02807008023,0.2674988904,0.6348577429,0.158352161,0.565045059,0.06315258228,0.04275623665,0.3412819186,0.6758036703,0.1984168623,0.4617137148,78.69526908,0.8628854925,0.975901595,0.9747178368,0.9750783888,0.861368881,0.926423843,0.9691272553,0.9693230719,0.9825218704,0.947454776,0.4189681542,0.1222258208,0.03129845805,0.02876182113,0.02324966446,0.01717090289,0.01555679107,0.0122068192,0.01078813375,0.009680076943
KaLM-Embedding/KaLM-embedding-multilingual-mini-instruct-v2.5,6,mean_abs,1,490,896,847,858,0.4615195246,0.01537577203,1.383177259e-05,0.05223217258,4.395963247e-05,0.03454603786,0.000515070405,0.002744459263,0.01725264727,0.001592488092,0.2956923007,0.9972501055,1.000047717,1.234463441,1.000229165,1.260264717,1.004867791,1.035154272,1.240901909,1.025244422,0.1439997346,0.1263863106,0.04235275504,0.04390882125,0.03200531763,0.03050956586,0.02025435468,0.01613305836,0.01794157357,0.01325496464,0.8124772935,0.2674186738,0.1283599438,0.04235334086,43.08067569,13.88877626,0.4251799335,0.07873703952,0.9201295443,43.71842084,0.995339947,0.7303926848,0.2045530614,0.003849807249,0.9829573004,0.6918935124,0.9887586117,0.9900523625,0.9999807613,0.9999644924,0.9817832363,0.6534201546,0.9891389535,0.9920854599,0.9999806412,0.9999620789,0.2688841485,0.5830209105,46.67666534,0.8686987138,0.9373890812,0.9697913577,0.9691308116,0.8721658389,0.9365811882,0.9689650454,0.9681134413,0.9828492705,0.9487757401,0.3956698039,0.1029691619,0.03440900989,0.02889913065,0.02599763611,0.01966914504,0.01637648596,0.01266259914,0.01174719858,0.0105041857
KaLM-Embedding/KaLM-embedding-multilingual-mini-instruct-v2.5,6,mean_abs,3,490;392;858,896,847,858,0.4623077773,0.02534754053,0.09432719828,0.08580478263,0.0244185604,0.06797059096,0.04377436541,0.02484567853,0.04369878043,0.01860731149,0.2949474988,0.9786428806,0.8319217409,1.186679538,0.9568159805,1.184485767,0.9397232938,1.004708595,1.227433507,1.007015973,0.1454628826,0.1256047269,0.03568035893,0.04274573574,0.03100536478,0.02903955076,0.01918206127,0.01585760299,0.017972432,0.01318479297,0.8022790205,0.2705318703,0.1288712973,0.03939652252,43.12726955,15.128061,20.06068626,2.471171459,20.50804551,43.80774395,0.9953114402,0.7298369943,0.2055594685,0.006722696583,0.9826986845,0.6899182788,0.9883797728,0.9895413927,0.9788323641,0.9756992548,0.9814354614,0.6474161255,0.9888958231,0.991579795,0.979131787,0.975940776,0.2720310447,0.5806283192,46.69789952,0.8650052235,0.9372272645,0.9702662784,0.970583885,0.8721658389,0.9365811882,0.9689650454,0.9681134413,0.9828492705,0.9487757401,0.3956698039,0.1029691619,0.03440900989,0.02889913065,0.02599763611,0.01966914504,0.01637648596,0.01266259914,0.01174719858,0.0105041857
KaLM-Embedding/KaLM-embedding-multilingual-mini-instruct-v2.5,6,mean_abs,5,490;392;858;524;158,896,847,858,0.4627080842,0.1182035444,0.1091580791,0.1650178844,0.05370240937,0.09906950136,0.07427544827,0.06793564355,0.05745668809,0.02109555717,0.2946038859,0.8115481723,0.8144948263,1.090774898,0.9064849481,1.140301433,0.8979543639,0.9314453705,1.235875003,0.9980804692,0.1485783573,0.1065137452,0.03572273318,0.0401794592,0.03003852694,0.02858836555,0.01874386538,0.01503364951,0.018505168,0.01336325088,0.7845413281,0.2765319055,0.1207917593,0.04009996875,43.0794519,23.33723844,21.9812872,13.5804638,24.75169709,44.15331862,0.9964601521,0.7304072734,0.1897493908,0.006347209372,0.984174639,0.7426150118,0.9835560088,0.9848016614,0.9733670052,0.9698028803,0.9829805153,0.7039056482,0.9844720872,0.9869536722,0.976733071,0.9738179754,0.2777812455,0.5750716669,47.33770402,0.8665914414,0.9404823868,0.9712449361,0.9701302998,0.8721658389,0.9365811882,0.9689650454,0.9681134413,0.9828492705,0.9487757401,0.3956698039,0.1029691619,0.03440900989,0.02889913065,0.02599763611,0.01966914504,0.01637648596,0.01266259914,0.01174719858,0.0105041857
KaLM-Embedding/KaLM-embedding-multilingual-mini-instruct-v2.5,6,mean_abs,10,490;392;858;524;158;570;315;173;67;399,896,847,858,0.9446933414,0.2766067441,0.1237234549,0.209859458,0.1817854068,0.135725489,0.1062495756,0.184733072,0.09795711468,0.04412817182,0.005073192295,0.5640754867,0.7997023261,0.7289959434,0.756014196,0.7717184177,0.8449790209,0.7289350042,0.9884927701,0.9325746556,0.003554725333,0.102857561,0.0487295446,0.03730797759,0.03480612123,0.02688042712,0.02450521183,0.01634569843,0.0205636226,0.01734753678,0.564687511,0.06427300841,0.142187614,0.05560977852,82.82975092,86.89367887,89.8216239,22.27764756,32.90759468,88.67768455,0.5307484283,0.1248180597,0.8378833346,0.105788334,0.2739776299,0.6983864462,0.09804328718,0.03708444852,0.00384299838,-0.008628425575,0.2406127722,0.6990293908,0.06684541799,0.0460124895,-0.02692060587,-0.03256603373,0.1454284484,0.4187442802,95.61433814,0.8713241907,0.9731343753,0.9721581746,0.981765592,0.8721658389,0.9365811882,0.9689650454,0.9681134413,0.9828492705,0.9487757401,0.3956698039,0.1029691619,0.03440900989,0.02889913065,0.02599763611,0.01966914504,0.01637648596,0.01266259914,0.01174719858,0.0105041857
KaLM-Embedding/KaLM-embedding-multilingual-mini-instruct-v2.5,6,variance,1,570,896,847,858,0.4775501432,0.0627440724,0.001640372043,0.03838523731,0.0004514393852,0.03279779364,0.0002496969847,0.0008887144021,0.009363488863,0.001246140896,0.283837901,0.9951445468,1.006157032,1.186183018,1.002534798,1.264514381,1.002519112,1.012116941,1.139071526,1.020993458,0.1400272978,0.1277623111,0.04316655167,0.04274111961,0.03249695959,0.03101120695,0.02047023327,0.01597949192,0.01668379019,0.01337195062,0.80202995,0.2680205496,0.1363152873,0.04323747721,44.58320385,27.96240983,5.205683018,0.509007157,3.64391051,47.50951387,0.9853694279,0.7122318503,0.3938887914,0.04001496968,0.9576516187,0.9732451623,0.9567010092,0.982603745,0.9971154592,0.9963719449,0.9545515556,0.9744442809,0.9577187116,0.9828379829,0.9970232004,0.9960948334,0.2728789336,0.5768975804,47.83438921,0.8752348651,0.9459457068,0.9700754375,0.9701388135,0.8721658389,0.9365811882,0.9689650454,0.9681134413,0.9828492705,0.9487757401,0.3956698039,0.1029691619,0.03440900989,0.02889913065,0.02599763611,0.01966914504,0.01637648596,0.01266259914,0.01174719858,0.0105041857
KaLM-Embedding/KaLM-embedding-multilingual-mini-instruct-v2.5,6,variance,3,570;490;67,896,847,858,0.9401252416,0.1533486714,0.001798982163,0.09242405013,0.124517465,0.0681175963,0.001818414957,0.07628699638,0.03384521818,0.01307576503,0.005512854692,0.7488283626,1.007633169,0.8681488035,0.8156026066,0.9031884722,0.9992584023,0.9595480178,1.00560224,0.9824654937,0.003628735455,0.1282730195,0.05767936709,0.04173734356,0.03527429321,0.02955355457,0.0272235264,0.02021321643,0.01965198379,0.01716823115,0.6011102661,0.06060542957,0.1515063111,0.05778331825,83.47716632,87.73081542,86.77553628,9.146807502,23.16364689,88.27944889,0.4642514358,0.1135991659,0.9122084827,0.01401468791,0.2352386416,0.7100343804,0.06769974744,0.004042948949,0.06385954048,0.04882397568,0.2050123301,0.7113887508,0.0405570576,0.01525518221,0.05561511373,0.05353075832,0.1535011813,0.4394060393,89.29664371,0.8747333109,0.9723691717,0.9721906728,0.9795608958,0.8721658389,0.9365811882,0.9689650454,0.9681134413,0.9828492705,0.9487757401,0.3956698039,0.1029691619,0.03440900989,0.02889913065,0.02599763611,0.01966914504,0.01637648596,0.01266259914,0.01174719858,0.0105041857
KaLM-Embedding/KaLM-embedding-multilingual-mini-instruct-v2.5,6,variance,5,570;490;67;524;392,896,847,858,0.9402529551,0.2498497052,0.05200071811,0.1756390628,0.1594255598,0.1044588944,0.01368365117,0.1019828978,0.03527549446,0.01529051086,0.005543467159,0.601847574,0.91591274,0.771660601,0.7955101503,0.8193804067,0.9801926359,0.8779537061,1.015639767,0.9844486951,0.003766661586,0.1064231008,0.05412133396,0.0382959918,0.0355158164,0.0276766342,0.02756603917,0.01909135228,0.02048878588,0.01775814897,0.5823147404,0.06304347931,0.1418690381,0.05709005797,82.82486378,86.99226351,86.39086859,15.86688812,30.44503493,89.42303981,0.5109913784,0.1249026888,0.8538532714,0.07907258297,0.2704651567,0.6977084841,0.09211712665,0.02122651384,0.07551282752,0.07155306526,0.2384835475,0.6998241183,0.07048622558,0.03903087212,0.05493430873,0.05320145682,0.1449092307,0.4266053318,93.6842413,0.873215744,0.9726750786,0.9735117443,0.98235575,0.8721658389,0.9365811882,0.9689650454,0.9681134413,0.9828492705,0.9487757401,0.3956698039,0.1029691619,0.03440900989,0.02889913065,0.02599763611,0.01966914504,0.01637648596,0.01266259914,0.01174719858,0.0105041857
KaLM-Embedding/KaLM-embedding-multilingual-mini-instruct-v2.5,6,variance,10,570;490;67;524;392;821;858;494;158;170,896,847,858,0.9442728861,0.2688236531,0.1381558415,0.3328378132,0.2249388175,0.1441803027,0.1122571834,0.2247470305,0.1241861838,0.03526483617,0.004800207062,0.5728487315,0.7690764369,0.5883890559,0.7039055521,0.7627155681,0.8265296842,0.6507148101,0.9030996414,0.9479329927,0.003391346992,0.1053237909,0.04725209084,0.03036188375,0.03267590313,0.02678720753,0.02416899107,0.01471271758,0.01894302483,0.01777949325,0.5600420692,0.06085631851,0.1440470433,0.05482672287,83.39297837,86.86314686,89.69663634,23.7430498,32.10142743,87.52562474,0.4874015395,0.115058888,0.8430174182,0.08858404791,0.252121551,0.6831068233,0.09992411663,0.03211539899,0.006838246143,-0.04419161638,0.2215329727,0.684641235,0.07199378912,0.04338223817,-0.03776581377,-0.06369485726,0.1471406468,0.4142168206,96.54235254,0.8720360998,0.9746624717,0.9745810765,0.9823714243,0.8721658389,0.9365811882,0.9689650454,0.9681134413,0.9828492705,0.9487757401,0.3956698039,0.1029691619,0.03440900989,0.02889913065,0.02599763611,0.01966914504,0.01637648596,0.01266259914,0.01174719858,0.0105041857
KaLM-Embedding/KaLM-embedding-multilingual-mini-instruct-v2.5,7,mean_abs,1,490,896,847,858,0.5128017237,0.02012599664,0.002412688642,0.05337469353,0.00266495564,0.01335506696,0.02441631995,0.02499598024,0.0184017084,2.938838412e-05,0.2454044483,1.004185385,1.005360047,1.21681411,1.01516443,1.093377858,1.220924211,1.291680495,1.243191477,1.000423318,0.1080908849,0.1058673337,0.05543484897,0.04672391447,0.03072780453,0.02830452508,0.02572382462,0.02199654214,0.01901889002,0.01419601528,0.8111770549,0.2218622072,0.1080417822,0.05556891947,46.12202919,16.93034186,5.481353611,0.2199101097,2.606422505,47.12945486,0.9930212173,0.6931247382,0.2514618757,0.06109998882,0.9724665059,0.8555157481,0.9814526634,0.9925023275,0.9975583877,0.9973953655,0.9713947918,0.8368757816,0.9818213121,0.9910698175,0.9976620456,0.9973751633,0.2237588063,0.5339594432,58.87122213,0.8816534479,0.9535946523,0.9741175058,0.9747046332,0.8882110263,0.9529153076,0.9734278762,0.9740861275,0.9790755369,0.951438348,0.3572911833,0.08551922108,0.04472773475,0.03114803405,0.0245533524,0.02099912774,0.01709080393,0.01381385748,0.01240974338,0.01151060923
KaLM-Embedding/KaLM-embedding-multilingual-mini-instruct-v2.5,7,mean_abs,3,490;392;858,896,847,858,0.5136038024,0.03856450275,0.0533389451,0.08132492613,0.04241618403,0.0729146351,0.05146907032,0.05524503299,0.06013126235,0.002971548113,0.2447327846,0.9711099676,0.9150773748,1.162076236,0.9353737539,0.9821934541,1.196908998,1.249262106,1.208614541,0.9951907864,0.1092268981,0.1037402518,0.05112694824,0.04521477874,0.02868871697,0.02576400887,0.02555281631,0.02155676995,0.01873552059,0.01430934669,0.8005433436,0.2245636348,0.1079014162,0.05400765984,46.16767908,18.98479434,15.48872927,1.845814563,15.12148393,47.34999239,0.9930158529,0.6925502134,0.2531995909,0.06434632791,0.9721405614,0.8534881417,0.9792074482,0.9897308982,0.9914408188,0.9904116843,0.9709642867,0.8325492466,0.9800064674,0.9887346323,0.9923626884,0.9918468573,0.2265071187,0.5309598289,59.1460471,0.8801700271,0.9538221762,0.9746550894,0.9749891747,0.8882110263,0.9529153076,0.9734278762,0.9740861275,0.9790755369,0.951438348,0.3572911833,0.08551922108,0.04472773475,0.03114803405,0.0245533524,0.02099912774,0.01709080393,0.01381385748,0.01240974338,0.01151060923
KaLM-Embedding/KaLM-embedding-multilingual-mini-instruct-v2.5,7,mean_abs,5,490;392;858;524;158,896,847,858,0.5146249138,0.1629287709,0.0606805893,0.1141679477,0.1016488324,0.09784648128,0.09076515547,0.07699499258,0.06877090464,0.009074839314,0.244347937,0.761244144,0.9050895908,1.137870913,0.8264991248,0.9442300872,1.145619737,1.199752716,1.219971929,0.9852630252,0.1115990036,0.08321795555,0.05174850583,0.04530571383,0.02594075045,0.02534594166,0.02502835578,0.02118537001,0.0193527185,0.01449705665,0.7822951888,0.2299232217,0.09941562039,0.05509148991,46.14800264,28.96099363,17.64413306,12.22722065,22.565662,48.24050129,0.9944153624,0.6927979043,0.247619798,0.06634866111,0.97273287,0.8563961509,0.9664162396,0.976091754,0.9850074427,0.9832570019,0.9715450961,0.8346643718,0.9677542123,0.9760511005,0.9869364164,0.9856688587,0.231674155,0.5241716905,60.23770502,0.8829004266,0.957155478,0.9755139113,0.9755017819,0.8882110263,0.9529153076,0.9734278762,0.9740861275,0.9790755369,0.951438348,0.3572911833,0.08551922108,0.04472773475,0.03114803405,0.0245533524,0.02099912774,0.01709080393,0.01381385748,0.01240974338,0.01151060923
KaLM-Embedding/KaLM-embedding-multilingual-mini-instruct-v2.5,7,mean_abs,10,490;392;858;524;158;315;697;173;399;821,896,847,858,0.5173631152,0.1921819376,0.0877567167,0.1689979821,0.1396184419,0.1083778154,0.1226020638,0.1837871542,0.1038498519,0.01914010562,0.2414894099,0.711786925,0.8544380669,1.049699496,0.7673154145,0.9330670428,1.071258559,0.9908974898,1.193464472,0.9693509305,0.112400506,0.07929788777,0.04978578614,0.04259351741,0.02454327969,0.02552477849,0.02385089462,0.01783165184,0.01929390664,0.01453540773,0.7676303255,0.2328883464,0.09816305361,0.05457511943,46.27459101,30.69068496,20.47151847,15.51502347,24.86113634,48.41812497,0.9949364306,0.6912029578,0.2396752849,0.06166260105,0.973775098,0.8653310122,0.9653462915,0.9746502403,0.9825011042,0.980465054,0.9727082399,0.8471263998,0.9666511323,0.9744405382,0.9855824556,0.9843935445,0.2345114346,0.5227832973,60.33561967,0.8826545611,0.9572260877,0.9756512224,0.9759170156,0.8882110263,0.9529153076,0.9734278762,0.9740861275,0.9790755369,0.951438348,0.3572911833,0.08551922108,0.04472773475,0.03114803405,0.0245533524,0.02099912774,0.01709080393,0.01381385748,0.01240974338,0.01151060923
KaLM-Embedding/KaLM-embedding-multilingual-mini-instruct-v2.5,7,variance,1,490,896,847,858,0.5128017237,0.02012599664,0.002412688642,0.05337469353,0.00266495564,0.01335506696,0.02441631995,0.02499598024,0.0184017084,2.938838412e-05,0.2454044483,1.004185385,1.005360047,1.21681411,1.01516443,1.093377858,1.220924211,1.291680495,1.243191477,1.000423318,0.1080908849,0.1058673337,0.05543484897,0.04672391447,0.03072780453,0.02830452508,0.02572382462,0.02199654214,0.01901889002,0.01419601528,0.8111770549,0.2218622072,0.1080417822,0.05556891947,46.12202919,16.93034186,5.481353611,0.2199101097,2.606422505,47.12945486,0.9930212173,0.6931247382,0.2514618757,0.06109998882,0.9724665059,0.8555157481,0.9814526634,0.9925023275,0.9975583877,0.9973953655,0.9713947918,0.8368757816,0.9818213121,0.9910698175,0.9976620456,0.9973751633,0.2237588063,0.5339594432,58.87122213,0.8816534479,0.9535946523,0.9741175058,0.9747046332,0.8882110263,0.9529153076,0.9734278762,0.9740861275,0.9790755369,0.951438348,0.3572911833,0.08551922108,0.04472773475,0.03114803405,0.0245533524,0.02099912774,0.01709080393,0.01381385748,0.01240974338,0.01151060923
KaLM-Embedding/KaLM-embedding-multilingual-mini-instruct-v2.5,7,variance,3,490;570;524,896,847,858,0.9384405564,0.242716325,0.002780680031,0.1315076448,0.009227083828,0.05829144815,0.04860106526,0.0390371408,0.03297719414,0.001538990819,0.006552399629,0.6275811269,1.010354794,0.8441464871,0.9841806574,0.8997782215,0.9399121472,1.017019863,0.9912582973,0.9982116524,0.00369492665,0.08470650366,0.07132371488,0.04149842395,0.03813895308,0.02982084033,0.02535320682,0.02217315796,0.01941479375,0.01813443756,0.6336024605,0.06002209306,0.1118557107,0.07152259634,81.40879623,84.95614274,87.70228841,5.386993105,29.58724012,88.89580307,0.602081687,0.1493835447,0.8498915747,0.09729911361,0.3301883483,0.7106986173,0.1206905297,0.05649126703,0.0520977038,0.03750613582,0.2942130778,0.7160103139,0.08998768555,0.06121672715,0.1014403803,0.06489117562,0.115421703,0.4073880614,99.26335267,0.8878904531,0.9745429536,0.9750546922,0.9748198751,0.8882110263,0.9529153076,0.9734278762,0.9740861275,0.9790755369,0.951438348,0.3572911833,0.08551922108,0.04472773475,0.03114803405,0.0245533524,0.02099912774,0.01709080393,0.01381385748,0.01240974338,0.01151060923
KaLM-Embedding/KaLM-embedding-multilingual-mini-instruct-v2.5,7,variance,5,490;570;524;67;392,896,847,858,0.9409289374,0.3328602068,0.02260018234,0.1587850877,0.06472502978,0.1246871752,0.05734702817,0.1269012514,0.05294307385,0.004021690659,0.005736341766,0.4935213002,0.9711826567,0.803162185,0.8982712411,0.8065723519,0.9275182976,0.9664562036,0.9698339005,0.9942856651,0.003322936626,0.06842808384,0.07042754709,0.04056006424,0.03575880801,0.02746055605,0.02570098207,0.0216452143,0.01951303855,0.01855556698,0.6167870677,0.05625320558,0.1025693333,0.07205602643,81.65641798,83.60736722,89.2735107,9.761985126,35.75408325,88.83109338,0.5970442007,0.1451088418,0.7883433593,0.1381719544,0.3374756166,0.6852284517,0.1546723929,0.08711123919,0.0167380512,0.00148693502,0.3064278187,0.6924514352,0.1266123474,0.09288142318,0.05968344314,0.02716655684,0.1071001287,0.3969349509,103.1336344,0.8884413112,0.975688262,0.9767168452,0.9763256257,0.8882110263,0.9529153076,0.9734278762,0.9740861275,0.9790755369,0.951438348,0.3572911833,0.08551922108,0.04472773475,0.03114803405,0.0245533524,0.02099912774,0.01709080393,0.01381385748,0.01240974338,0.01151060923
KaLM-Embedding/KaLM-embedding-multilingual-mini-instruct-v2.5,7,variance,10,490;570;524;67;392;858;494;170;158;821,896,847,858,0.9466396836,0.3616962786,0.1046943715,0.2395944688,0.162486738,0.171595245,0.1505379245,0.2522413057,0.1240747928,0.01384396316,0.004627023597,0.451046502,0.8207687953,0.7085155762,0.7202653609,0.7583931868,0.7982737742,0.7103070329,0.8630805253,0.9781626502,0.002785943883,0.06500300083,0.06186515293,0.03719018969,0.02980243001,0.02683762181,0.02299125635,0.01653519939,0.01804938749,0.01897394933,0.5934056125,0.05221003304,0.1018371014,0.06909947952,82.55306218,83.39676036,87.75629891,19.45617061,37.52825677,89.7347027,0.5610769686,0.1296079496,0.7696467101,0.1453934499,0.3081356468,0.6637476774,0.1664347664,0.09797690023,0.05494876902,0.084344115,0.2792607481,0.669957785,0.1355654307,0.09922867968,0.009675505304,0.05543509486,0.1065246325,0.3849022188,106.9060872,0.8885230469,0.9772327938,0.9775842173,0.9723400104,0.8882110263,0.9529153076,0.9734278762,0.9740861275,0.9790755369,0.951438348,0.3572911833,0.08551922108,0.04472773475,0.03114803405,0.0245533524,0.02099912774,0.01709080393,0.01381385748,0.01240974338,0.01151060923
KaLM-Embedding/KaLM-embedding-multilingual-mini-instruct-v2.5,8,mean_abs,1,490,896,847,858,0.5200700904,0.01390695834,0.0002022009887,0.04129896551,0.000930748197,0.006649374402,0.002933887506,0.05596946081,0.01338642509,0.001937337399,0.2379267024,1.000322093,1.000254722,1.155548725,1.004324394,1.041120694,1.020851049,1.497306973,1.146344313,1.022178545,0.09199571565,0.1022165749,0.06343644056,0.04142807523,0.03124034398,0.02629902119,0.02317396291,0.02843682901,0.01832531186,0.01571384343,0.8286830729,0.1916857312,0.1036581444,0.06344927006,46.58865614,15.49206128,1.646396586,0.03620207141,1.197783637,47.03919242,0.9920054424,0.6872313502,0.238194475,0.02015426822,0.9717765134,0.8193366051,0.9828494976,0.9929618725,0.9998107424,0.9997783046,0.9713212855,0.8161577909,0.9833264289,0.9921538166,0.9998221332,0.999819343,0.1933737617,0.514906575,65.08968222,0.8837713116,0.954672905,0.9730496569,0.9739682893,0.8898009056,0.9543686255,0.9727480149,0.9737919799,0.9761156182,0.9521882841,0.3204150336,0.08467787129,0.05255531752,0.0297094739,0.02577687489,0.02093278313,0.01881162861,0.01573833507,0.01324722038,0.01273925785
KaLM-Embedding/KaLM-embedding-multilingual-mini-instruct-v2.5,8,mean_abs,3,490;392;858,896,847,858,0.5213774521,0.04045098646,0.04837229479,0.08307957366,0.0246759052,0.009754840241,0.05041753645,0.0646831087,0.04071940355,0.01366648586,0.2368947991,0.952763254,0.9123322358,1.078408767,0.9565748251,1.032971804,0.9533440945,1.498858666,1.128722537,1.00527386,0.09286958192,0.09870974058,0.0586644177,0.03919976386,0.03016853981,0.02645577698,0.02194224988,0.02886187558,0.01829435229,0.01566872282,0.8173252581,0.1940351167,0.1028709729,0.06164639531,46.66990504,18.84703071,14.63096291,1.354124375,15.76427735,47.25740616,0.9918693473,0.6862005254,0.2430874442,0.02436578638,0.9709481737,0.8115496583,0.9781285591,0.9877735764,0.9921426488,0.991951624,0.9703925217,0.8069047474,0.9792988584,0.9875330514,0.9926132157,0.9923588297,0.195806885,0.5123576194,65.5791513,0.88355751,0.9551151401,0.973703664,0.9743188808,0.8898009056,0.9543686255,0.9727480149,0.9737919799,0.9761156182,0.9521882841,0.3204150336,0.08467787129,0.05255531752,0.0297094739,0.02577687489,0.02093278313,0.01881162861,0.01573833507,0.01324722038,0.01273925785
KaLM-Embedding/KaLM-embedding-multilingual-mini-instruct-v2.5,8,mean_abs,5,490;392;858;524;158,896,847,858,0.5228855899,0.1768549206,0.05794498677,0.1081539766,0.0742413054,0.04556267047,0.0629376714,0.06816767501,0.06248013162,0.03461853569,0.2362207206,0.7222057101,0.8941682936,1.06036209,0.8693302015,0.9711188874,0.9409879098,1.485854362,1.135387778,0.9698025827,0.09479099743,0.07658911797,0.05885348014,0.03945348509,0.02806410844,0.02545866306,0.02216902831,0.02928675466,0.0188367162,0.0154726137,0.7984795202,0.198675612,0.09304449469,0.06247350666,46.67098307,29.59155829,16.01837454,13.52357875,23.28247111,48.06852869,0.9934159239,0.6861868389,0.2406807406,0.02731273983,0.9711381101,0.8113118679,0.9692850614,0.9788039777,0.9896225544,0.9890749358,0.9705333613,0.8055208946,0.971013401,0.9796928145,0.9904617719,0.9898805856,0.2003419407,0.5051981984,67.0698187,0.8871569752,0.9586177095,0.9744608819,0.974939167,0.8898009056,0.9543686255,0.9727480149,0.9737919799,0.9761156182,0.9521882841,0.3204150336,0.08467787129,0.05255531752,0.0297094739,0.02577687489,0.02093278313,0.01881162861,0.01573833507,0.01324722038,0.01273925785
KaLM-Embedding/KaLM-embedding-multilingual-mini-instruct-v2.5,8,mean_abs,10,490;392;858;524;158;315;173;697;821;399,896,847,858,0.5251237003,0.2082734418,0.08835509906,0.1491534066,0.1113324166,0.0706664544,0.08709558324,0.1505934218,0.1249143631,0.08826752036,0.2338332996,0.6704941243,0.8390719866,0.9894235545,0.8091271924,0.9205082332,0.9027088682,1.297993061,1.057680839,0.8863930491,0.09580856924,0.07260224001,0.05638985765,0.03758913384,0.02667056232,0.02463994666,0.02171496917,0.02612259217,0.01791696768,0.01443961394,0.7820146479,0.2017547924,0.09170115522,0.06185506834,46.75889512,31.55969354,19.89210825,16.77106222,25.83990418,48.24093328,0.9941333442,0.6850699032,0.2313391471,0.0225523256,0.972600421,0.8310700695,0.9666542181,0.9752559035,0.9840718537,0.9835589152,0.972205201,0.8284531828,0.9686121669,0.9759229554,0.9856888639,0.98490318,0.2032819729,0.5038964892,67.26117466,0.887576572,0.9589961802,0.9747567597,0.975393936,0.8898009056,0.9543686255,0.9727480149,0.9737919799,0.9761156182,0.9521882841,0.3204150336,0.08467787129,0.05255531752,0.0297094739,0.02577687489,0.02093278313,0.01881162861,0.01573833507,0.01324722038,0.01273925785
KaLM-Embedding/KaLM-embedding-multilingual-mini-instruct-v2.5,8,variance,1,490,896,847,858,0.5200700904,0.01390695834,0.0002022009887,0.04129896551,0.000930748197,0.006649374402,0.002933887506,0.05596946081,0.01338642509,0.001937337399,0.2379267024,1.000322093,1.000254722,1.155548725,1.004324394,1.041120694,1.020851049,1.497306973,1.146344313,1.022178545,0.09199571565,0.1022165749,0.06343644056,0.04142807523,0.03124034398,0.02629902119,0.02317396291,0.02843682901,0.01832531186,0.01571384343,0.8286830729,0.1916857312,0.1036581444,0.06344927006,46.58865614,15.49206128,1.646396586,0.03620207141,1.197783637,47.03919242,0.9920054424,0.6872313502,0.238194475,0.02015426822,0.9717765134,0.8193366051,0.9828494976,0.9929618725,0.9998107424,0.9997783046,0.9713212855,0.8161577909,0.9833264289,0.9921538166,0.9998221332,0.999819343,0.1933737617,0.514906575,65.08968222,0.8837713116,0.954672905,0.9730496569,0.9739682893,0.8898009056,0.9543686255,0.9727480149,0.9737919799,0.9761156182,0.9521882841,0.3204150336,0.08467787129,0.05255531752,0.0297094739,0.02577687489,0.02093278313,0.01881162861,0.01573833507,0.01324722038,0.01273925785
KaLM-Embedding/KaLM-embedding-multilingual-mini-instruct-v2.5,8,variance,3,490;570;524,896,847,858,0.9345698884,0.24327127,0.006810375018,0.09823504629,0.004856773965,0.04295431757,0.005126922506,0.09782017667,0.02829404292,0.006993654993,0.007936450263,0.6271527221,1.005033942,0.8800846545,0.9914107377,0.9289322649,0.994722122,0.9291256306,0.9884936227,1.002282906,0.003792824279,0.07920758684,0.07878089894,0.0389980551,0.03811600899,0.02900244156,0.02790947784,0.02181005528,0.0195308962,0.01904399201,0.67046554,0.05796756544,0.1046710448,0.07932110541,81.00247432,86.72642682,89.88137044,3.754265447,29.75385527,88.95001758,0.6113996416,0.1563918116,0.8543098311,0.007944634432,0.3299232073,0.7382065795,0.07181522987,0.02981998477,0.002907192146,0.01071174212,0.3016517274,0.7539612811,0.05121090424,0.03420876053,-0.0569865994,-0.03972002476,0.1073837864,0.4041578955,99.8092554,0.8908021925,0.9733313301,0.9745950915,0.9778954265,0.8898009056,0.9543686255,0.9727480149,0.9737919799,0.9761156182,0.9521882841,0.3204150336,0.08467787129,0.05255531752,0.0297094739,0.02577687489,0.02093278313,0.01881162861,0.01573833507,0.01324722038,0.01273925785
KaLM-Embedding/KaLM-embedding-multilingual-mini-instruct-v2.5,8,variance,5,490;570;524;67;170,896,847,858,0.9407725206,0.3230729408,0.05934482986,0.1013909457,0.0223110619,0.08816519906,0.05720092298,0.1193011809,0.029462113,0.0280191013,0.006093321903,0.5053796036,0.9034419961,0.8773836399,0.9613240723,0.8624722492,0.9247092946,0.9447675336,0.9965738967,1.007057638,0.002987566621,0.06548445753,0.07265533858,0.03988734094,0.03791845845,0.02762629826,0.02661841618,0.0227527733,0.02020155782,0.01963129945,0.6535057423,0.05044223818,0.09673783407,0.07723907856,82.43330113,85.91189234,88.68829489,12.05578297,36.13839504,89.15439304,0.5410769684,0.1316802593,0.8026212487,0.1930161136,0.291644787,0.664823609,0.0925620885,0.1285787236,0.03226549704,0.03350499421,0.278372831,0.686875519,0.1115593411,0.1263628725,-0.03108485579,-0.02354786906,0.09995312732,0.3935474604,103.6197955,0.8913198598,0.9741956395,0.9756313998,0.9794636937,0.8898009056,0.9543686255,0.9727480149,0.9737919799,0.9761156182,0.9521882841,0.3204150336,0.08467787129,0.05255531752,0.0297094739,0.02577687489,0.02093278313,0.01881162861,0.01573833507,0.01324722038,0.01273925785
KaLM-Embedding/KaLM-embedding-multilingual-mini-instruct-v2.5,8,variance,10,490;570;524;67;170;392;858;158;494;821,896,847,858,0.9442971129,0.3722031714,0.1227984558,0.2068397861,0.1135007765,0.1183507008,0.1269109707,0.2053115471,0.1057288893,0.086631644,0.005314652771,0.4323218092,0.7889577204,0.7154420528,0.7983688565,0.8236989817,0.8356181092,0.7738294665,0.8960499647,0.8927601847,0.002708916304,0.05823510777,0.06595962859,0.03381249608,0.0327372095,0.02742857909,0.02500587445,0.01937366818,0.01888273052,0.01809200705,0.6286257881,0.04863152427,0.09276107352,0.07519324267,82.34095483,86.24693791,86.59462052,20.54874374,38.4079121,89.42517428,0.5647015271,0.1332777998,0.7723900575,0.01330697498,0.3072856351,0.7105995199,0.08715680778,0.04037206118,0.08732084317,0.1324751198,0.2887292673,0.7302833956,0.06781599023,0.04593459553,0.01580125842,0.04439883045,0.09588524979,0.3823642109,107.6435475,0.8919563231,0.9759330578,0.97672905,0.9754303631,0.8898009056,0.9543686255,0.9727480149,0.9737919799,0.9761156182,0.9521882841,0.3204150336,0.08467787129,0.05255531752,0.0297094739,0.02577687489,0.02093278313,0.01881162861,0.01573833507,0.01324722038,0.01273925785
KaLM-Embedding/KaLM-embedding-multilingual-mini-instruct-v2.5,9,mean_abs,1,490,896,847,858,0.5716190892,0.01484034298,5.616386463e-08,0.02138261803,0.009748803434,0.0002848916346,0.006423470721,0.01463066936,0.0009662727729,0.05204609033,0.1913577586,0.9993114103,1.00000008,1.073782914,1.04387988,1.001691042,1.045211871,1.144420031,1.009927056,1.571219156,0.07097887381,0.1110611421,0.06325173862,0.04277292515,0.03486292297,0.02740586583,0.02510746702,0.02093116396,0.01786555976,0.0262916477,0.8216126393,0.1656910288,0.1127341557,0.06325174217,50.41395836,22.13106679,0.03154928173,0.001060436362,1.14968773,50.08900922,0.9736108934,0.637236259,0.3554834467,0.0003794509244,0.9430628287,0.873782512,0.9554520375,0.9916737642,0.9999999242,0.9999991311,0.9423626038,0.8610687932,0.957821443,0.9889524505,0.9999999274,0.9999991451,0.1693568366,0.509961645,68.1700193,0.8820913268,0.948317961,0.9642413423,0.9632727959,0.8921974392,0.9489919255,0.9635734665,0.9626447755,0.9740671163,0.9406901522,0.3047545094,0.0913121147,0.05196842373,0.03272800812,0.02743976459,0.02247899285,0.01973629732,0.0150270953,0.01453428703,0.0137482731
KaLM-Embedding/KaLM-embedding-multilingual-mini-instruct-v2.5,9,mean_abs,3,490;392;524,896,847,858,0.5753241726,0.1454048916,0.02468490053,0.0526522889,0.01166615007,0.01712216224,0.01852630825,0.06794724632,0.0371150655,0.05610213177,0.189597436,0.7765802392,0.9532325436,1.023184781,1.039083471,0.9820001338,1.031041564,1.083701758,0.9812747395,1.556850679,0.07208779064,0.0884695567,0.06180413325,0.04177849209,0.03557213507,0.02754022672,0.02538756024,0.02031720365,0.01779358539,0.02670387127,0.8015320357,0.1697478076,0.1035221894,0.06336837529,50.40060466,31.50431945,9.869920535,8.933959722,20.33461541,51.10353214,0.978124401,0.6374158582,0.3529444907,0.004681895065,0.9434758585,0.8779026574,0.9498277759,0.9848671076,0.9968703776,0.9967540564,0.9426612165,0.8651504941,0.9528259371,0.982773141,0.996607679,0.9962964838,0.173545517,0.5019242725,70.11117389,0.8859263245,0.9514563878,0.9646859979,0.9640470228,0.8921974392,0.9489919255,0.9635734665,0.9626447755,0.9740671163,0.9406901522,0.3047545094,0.0913121147,0.05196842373,0.03272800812,0.02743976459,0.02247899285,0.01973629732,0.0150270953,0.01453428703,0.0137482731
KaLM-Embedding/KaLM-embedding-multilingual-mini-instruct-v2.5,9,mean_abs,5,490;392;524;858;158,896,847,858,0.5772958219,0.1573509464,0.07576013649,0.06429059783,0.06832314337,0.02871458539,0.04521671723,0.0709471336,0.0373698815,0.07841675355,0.1882711078,0.7612245262,0.8625544381,0.9980229136,0.9224299406,0.9585864934,1.009863867,1.087338565,0.9794729569,1.574545587,0.07249483408,0.08782424296,0.05663687726,0.04126989161,0.03198062992,0.02722584679,0.02518266881,0.02064491379,0.01798702855,0.02735121548,0.7914559683,0.1715025255,0.1042239858,0.06127941403,50.54245796,32.99682888,18.52757601,14.29605676,22.53258458,51.41735469,0.9774657622,0.6355062477,0.3618489833,0.007972201254,0.9413089257,0.862038028,0.9414423159,0.9772642552,0.985515657,0.9841348374,0.9404562016,0.8463842603,0.9458663372,0.9764958941,0.9867172365,0.9849304809,0.1755087114,0.4993516983,70.59320142,0.8880258512,0.9524118952,0.965088869,0.9640156605,0.8921974392,0.9489919255,0.9635734665,0.9626447755,0.9740671163,0.9406901522,0.3047545094,0.0913121147,0.05196842373,0.03272800812,0.02743976459,0.02247899285,0.01973629732,0.0150270953,0.01453428703,0.0137482731
KaLM-Embedding/KaLM-embedding-multilingual-mini-instruct-v2.5,9,mean_abs,10,490;392;524;858;158;315;697;173;821;838,896,847,858,0.5783464495,0.2011364362,0.1130445367,0.08053514927,0.08527513543,0.07476311723,0.05257967455,0.1441632018,0.07982369122,0.1030970444,0.1874177374,0.6922828163,0.7978365032,0.9654945557,0.8957988388,0.8666477628,0.9959854879,0.9578471491,0.8877690905,1.516628398,0.07362383688,0.08148347995,0.05344548995,0.04073118256,0.03168461921,0.02511175614,0.02533823182,0.01855362897,0.01663226395,0.02687725735,0.7757867971,0.174607416,0.1019992445,0.06025724195,50.51258059,35.68417655,23.41694686,17.58434167,26.28646192,51.75221417,0.9793026703,0.6359087773,0.3545056266,0.004634104165,0.9432655415,0.8728069022,0.9374026973,0.9707539033,0.9748094218,0.9734105946,0.9425685278,0.8582088877,0.9425099172,0.9706016385,0.9774966031,0.9748855028,0.1785375029,0.4971031554,71.09880786,0.889271726,0.953522269,0.9647638208,0.9636194837,0.8921974392,0.9489919255,0.9635734665,0.9626447755,0.9740671163,0.9406901522,0.3047545094,0.0913121147,0.05196842373,0.03272800812,0.02743976459,0.02247899285,0.01973629732,0.0150270953,0.01453428703,0.0137482731
KaLM-Embedding/KaLM-embedding-multilingual-mini-instruct-v2.5,9,variance,1,490,896,847,858,0.5716190892,0.01484034298,5.616386463e-08,0.02138261803,0.009748803434,0.0002848916346,0.006423470721,0.01463066936,0.0009662727729,0.05204609033,0.1913577586,0.9993114103,1.00000008,1.073782914,1.04387988,1.001691042,1.045211871,1.144420031,1.009927056,1.571219156,0.07097887381,0.1110611421,0.06325173862,0.04277292515,0.03486292297,0.02740586583,0.02510746702,0.02093116396,0.01786555976,0.0262916477,0.8216126393,0.1656910288,0.1127341557,0.06325174217,50.41395836,22.13106679,0.03154928173,0.001060436362,1.14968773,50.08900922,0.9736108934,0.637236259,0.3554834467,0.0003794509244,0.9430628287,0.873782512,0.9554520375,0.9916737642,0.9999999242,0.9999991311,0.9423626038,0.8610687932,0.957821443,0.9889524505,0.9999999274,0.9999991451,0.1693568366,0.509961645,68.1700193,0.8820913268,0.948317961,0.9642413423,0.9632727959,0.8921974392,0.9489919255,0.9635734665,0.9626447755,0.9740671163,0.9406901522,0.3047545094,0.0913121147,0.05196842373,0.03272800812,0.02743976459,0.02247899285,0.01973629732,0.0150270953,0.01453428703,0.0137482731
KaLM-Embedding/KaLM-embedding-multilingual-mini-instruct-v2.5,9,variance,3,490;570;524,896,847,858,0.9188248103,0.3377414196,0.005748777453,0.04743591313,0.01662357887,0.01726413691,0.01358827079,0.0324958214,0.0316752299,0.1009566801,0.01398554873,0.5241512894,1.001995672,0.9447441521,0.9845638506,0.9897431678,0.9978936462,1.017905925,0.9863207866,0.979202624,0.006258169327,0.0702753015,0.07645802022,0.04539953921,0.03966814806,0.03266758426,0.02891795614,0.02245951333,0.02104890834,0.01976689145,0.6810552446,0.07709460675,0.1061145957,0.07690010179,77.05459855,85.55287668,89.82633169,3.825746671,34.60066643,88.83005219,0.7862848161,0.2240224514,0.7901528618,0.04424202708,0.4503135706,0.8207403402,0.1022307489,0.05244488186,0.003911256588,0.002652879765,0.4175029969,0.8166739809,0.07982258624,0.05203743596,0.04910412438,0.04467871678,0.1107441564,0.4130166194,97.16502155,0.8903124134,0.9642995781,0.9639936233,0.9786565321,0.8921974392,0.9489919255,0.9635734665,0.9626447755,0.9740671163,0.9406901522,0.3047545094,0.0913121147,0.05196842373,0.03272800812,0.02743976459,0.02247899285,0.01973629732,0.0150270953,0.01453428703,0.0137482731
KaLM-Embedding/KaLM-embedding-multilingual-mini-instruct-v2.5,9,variance,5,490;570;524;67;170,896,847,858,0.9283754286,0.4037737138,0.06730966148,0.06502174629,0.05250695288,0.05272854592,0.06024109474,0.04731548636,0.04615325674,0.1037087744,0.01051010699,0.4239527444,0.8841327152,0.8951083424,0.9370331449,0.9382523286,0.9678479802,1.024632915,0.9775648902,0.9498437581,0.004833075527,0.05841335568,0.06933033673,0.04420399115,0.03879731211,0.03182458905,0.02882299665,0.02323323301,0.0214390547,0.01970455484,0.6627255217,0.06747789803,0.09797178863,0.07433371384,78.60239289,88.25476756,89.34190713,13.90310817,39.73485399,89.20976293,0.7384004725,0.1976164003,0.7491940133,0.1399384964,0.4183127173,0.7802047426,0.04154273181,0.0863705957,0.01495892086,0.01351259655,0.399749055,0.7831152456,0.06283760154,0.0928166192,-0.04194099621,-0.03626084862,0.1026266794,0.4016115163,101.2145336,0.8905423829,0.9677934601,0.9665912508,0.9778282383,0.8921974392,0.9489919255,0.9635734665,0.9626447755,0.9740671163,0.9406901522,0.3047545094,0.0913121147,0.05196842373,0.03272800812,0.02743976459,0.02247899285,0.01973629732,0.0150270953,0.01453428703,0.0137482731
KaLM-Embedding/KaLM-embedding-multilingual-mini-instruct-v2.5,9,variance,10,490;570;524;67;170;494;858;392;315;158,896,847,858,0.9348337773,0.4882536988,0.1501127493,0.1431349682,0.1150594073,0.066877096,0.09733603189,0.1238124103,0.09223484331,0.1551304583,0.008482919683,0.3141231422,0.7356775972,0.771686938,0.8085075585,0.9135140228,0.9308995058,0.8457601865,0.8506402874,0.8569636493,0.004071308039,0.04517173805,0.06020957236,0.03977399279,0.03493839357,0.03233929401,0.02893389798,0.02001523738,0.01947054677,0.01855448985,0.6349821731,0.06247574086,0.08826978903,0.07084418823,78.78801418,84.89363258,85.61015124,23.01974322,44.20943344,89.54558621,0.7616813895,0.194439555,0.6837414713,0.06671698324,0.4402354162,0.7956729626,0.126419226,0.08415516244,0.1054175224,0.112252061,0.4115993097,0.7950741735,0.1039939702,0.0816937405,0.04549150425,0.05310722412,0.0936241502,0.3865260234,106.695104,0.8916453744,0.9688400854,0.9676933714,0.9770114111,0.8921974392,0.9489919255,0.9635734665,0.9626447755,0.9740671163,0.9406901522,0.3047545094,0.0913121147,0.05196842373,0.03272800812,0.02743976459,0.02247899285,0.01973629732,0.0150270953,0.01453428703,0.0137482731
KaLM-Embedding/KaLM-embedding-multilingual-mini-instruct-v2.5,10,mean_abs,1,490,896,847,858,0.5798047977,6.926535171e-06,4.624240909e-05,0.01228362513,0.0007458002564,0.006375753143,0.005617943899,0.03335845973,0.008108729639,0.04031409682,0.1813217121,0.9999994197,1.000072236,1.047421451,1.003268447,1.038695749,1.04328923,1.334201564,1.08438734,1.459148034,0.06975311868,0.1180462303,0.06350718782,0.04042802965,0.03555718019,0.02911766454,0.02431556752,0.02511136115,0.01977049118,0.02465139116,0.8155254649,0.1660017018,0.1180470479,0.06351012468,49.6520695,0.5993704727,0.820822628,0.003284743956,0.1501294565,49.6536377,0.998770342,0.6474275595,0.01011529123,0.01227502709,0.9845507811,0.9652351575,0.999962975,0.9999954381,0.9999579832,0.9999413868,0.983580992,0.9639334778,0.9999651786,0.9999950604,0.9999605736,0.9999435364,0.166348903,0.5229141711,65.71225408,0.8807551158,0.947595408,0.957599009,0.9571131885,0.8925291384,0.9474064938,0.9574488623,0.9569325229,0.9711682423,0.9297233918,0.3137266016,0.0962697627,0.05178798792,0.03147738442,0.02890331695,0.02286155204,0.01900715922,0.01534922086,0.01486861606,0.0137777914
KaLM-Embedding/KaLM-embedding-multilingual-mini-instruct-v2.5,10,mean_abs,3,490;392;524,896,847,858,0.5890829809,0.1138643561,0.02466858587,0.0446889203,0.002512408952,0.01681039267,0.01122118908,0.09697078912,0.02390449865,0.06189284674,0.1740277082,0.7919190983,0.9536035358,0.9856967958,0.998974974,1.008751935,1.04529292,1.350789887,1.03930689,1.401186684,0.06871277638,0.09594856168,0.0621533643,0.03904898354,0.03633875507,0.02902403855,0.02500477624,0.02609407381,0.01944832057,0.02429647992,0.7945701565,0.1672181321,0.1082775107,0.06372537929,50.39484408,21.53489228,9.885358316,8.362005179,20.01494728,50.32984112,0.9944857777,0.637493324,0.1399090786,0.005849759088,0.9770255852,0.9628897798,0.9897799511,0.9955921206,0.9969535427,0.996613053,0.9763797655,0.9617582983,0.9902934798,0.9953077623,0.9969536388,0.9964826694,0.1680964356,0.5150142182,67.89994794,0.8844001548,0.9479860972,0.9578439237,0.9578696933,0.8925291384,0.9474064938,0.9574488623,0.9569325229,0.9711682423,0.9297233918,0.3137266016,0.0962697627,0.05178798792,0.03147738442,0.02890331695,0.02286155204,0.01900715922,0.01534922086,0.01486861606,0.0137777914
KaLM-Embedding/KaLM-embedding-multilingual-mini-instruct-v2.5,10,mean_abs,5,490;392;524;858;158,896,847,858,0.5917567261,0.1221012743,0.08199436438,0.05980620285,0.04966867968,0.03104028832,0.04021782623,0.09869943021,0.03271420925,0.07341654855,0.1720734687,0.779561905,0.8522221947,0.9536067077,0.9116426309,0.9900586989,1.019640684,1.362172384,1.031645558,1.426278875,0.06880742765,0.09565563811,0.05625381004,0.03825938625,0.03358476972,0.02884939555,0.02470213166,0.02664946349,0.01955109669,0.02504690789,0.7845668178,0.1685451593,0.1089597642,0.06127828398,50.59287039,22.76978034,18.63540592,14.13450651,22.82893532,50.54622795,0.9935635265,0.6348266635,0.1557780011,0.01689256675,0.9749110437,0.9612384395,0.9853376708,0.9920694627,0.9860024979,0.9851110594,0.97427029,0.9597000736,0.9864542035,0.9915817329,0.9873323248,0.9859002608,0.1695515434,0.5125405398,68.38796925,0.8868157018,0.9487014713,0.9586514853,0.9574828347,0.8925291384,0.9474064938,0.9574488623,0.9569325229,0.9711682423,0.9297233918,0.3137266016,0.0962697627,0.05178798792,0.03147738442,0.02890331695,0.02286155204,0.01900715922,0.01534922086,0.01486861606,0.0137777914
KaLM-Embedding/KaLM-embedding-multilingual-mini-instruct-v2.5,10,mean_abs,10,490;392;524;858;158;315;173;697;838;761,896,847,858,0.5932098431,0.1502208871,0.1310558248,0.06208412384,0.078221739,0.08060975823,0.04802446224,0.1070205987,0.07928173361,0.1433698779,0.1710814087,0.7328719177,0.7666998562,0.9496297151,0.8671510803,0.9083511283,0.9975428639,1.365877351,0.9516091356,1.338923229,0.06970019438,0.09162158666,0.0515625333,0.03881796465,0.03254784817,0.02696741367,0.02462229926,0.02722562543,0.01837422272,0.02395604433,0.7700522134,0.1713418902,0.1078181203,0.05933929333,50.68694234,25.16411058,23.5112639,18.00518258,26.38556373,50.67676757,0.9933461714,0.6335572137,0.162812016,0.005278954649,0.9738640131,0.9613582332,0.9828919236,0.9901851901,0.9783595371,0.9781245344,0.9732206802,0.9598089352,0.9841711141,0.9893883527,0.9798689585,0.9785674936,0.1724273749,0.5106661313,68.70377731,0.8882499697,0.9490098396,0.9590292155,0.9569999305,0.8925291384,0.9474064938,0.9574488623,0.9569325229,0.9711682423,0.9297233918,0.3137266016,0.0962697627,0.05178798792,0.03147738442,0.02890331695,0.02286155204,0.01900715922,0.01534922086,0.01486861606,0.0137777914
KaLM-Embedding/KaLM-embedding-multilingual-mini-instruct-v2.5,10,variance,1,490,896,847,858,0.5798047977,6.926535171e-06,4.624240909e-05,0.01228362513,0.0007458002564,0.006375753143,0.005617943899,0.03335845973,0.008108729639,0.04031409682,0.1813217121,0.9999994197,1.000072236,1.047421451,1.003268447,1.038695749,1.04328923,1.334201564,1.08438734,1.459148034,0.06975311868,0.1180462303,0.06350718782,0.04042802965,0.03555718019,0.02911766454,0.02431556752,0.02511136115,0.01977049118,0.02465139116,0.8155254649,0.1660017018,0.1180470479,0.06351012468,49.6520695,0.5993704727,0.820822628,0.003284743956,0.1501294565,49.6536377,0.998770342,0.6474275595,0.01011529123,0.01227502709,0.9845507811,0.9652351575,0.999962975,0.9999954381,0.9999579832,0.9999413868,0.983580992,0.9639334778,0.9999651786,0.9999950604,0.9999605736,0.9999435364,0.166348903,0.5229141711,65.71225408,0.8807551158,0.947595408,0.957599009,0.9571131885,0.8925291384,0.9474064938,0.9574488623,0.9569325229,0.9711682423,0.9297233918,0.3137266016,0.0962697627,0.05178798792,0.03147738442,0.02890331695,0.02286155204,0.01900715922,0.01534922086,0.01486861606,0.0137777914
KaLM-Embedding/KaLM-embedding-multilingual-mini-instruct-v2.5,10,variance,3,490;570;524,896,847,858,0.8713948466,0.3470223408,0.008460589191,0.0289541155,0.001611164649,0.02687592872,0.013864398,0.09735064347,0.02684623257,0.07757610439,0.03307015517,0.6008832522,0.9967099088,0.9591343588,0.9994489592,0.9552428232,0.9990611459,1.057367028,0.9575024636,0.9774264238,0.01514495812,0.08444238668,0.07534914224,0.04407157646,0.04216856327,0.03187865525,0.02771978012,0.02369150213,0.02078217253,0.01965821948,0.6850456314,0.1177632289,0.1293189522,0.07599208001,70.88050914,85.09765253,89.87090767,4.772380922,32.14844393,89.0828001,0.9133437761,0.3275393324,0.7788060728,0.05449039597,0.5983325687,0.8985444017,0.1161717032,0.05863762042,0.002926143184,-0.01141409349,0.5715243002,0.8891679783,0.08619159863,0.056066036,-0.06187532411,-0.06856355325,0.1372377144,0.4376677916,89.55183215,0.888525721,0.9575505166,0.9578859298,0.9711981647,0.8925291384,0.9474064938,0.9574488623,0.9569325229,0.9711682423,0.9297233918,0.3137266016,0.0962697627,0.05178798792,0.03147738442,0.02890331695,0.02286155204,0.01900715922,0.01534922086,0.01486861606,0.0137777914
KaLM-Embedding/KaLM-embedding-multilingual-mini-instruct-v2.5,10,variance,5,490;570;524;67;494,896,847,858,0.8904118109,0.4543682924,0.009384125065,0.09219896447,0.05574539698,0.04115170034,0.02345994563,0.1591733979,0.02732010985,0.09398329838,0.02291816831,0.4130529354,0.9940307267,0.8406623037,0.9174224989,0.9342395153,1.007021728,0.9522523322,0.9557804113,0.8828953548,0.01086203193,0.06007246314,0.07776938645,0.03997606448,0.04005870425,0.0322658989,0.02891584442,0.02208097294,0.02146883597,0.01837674811,0.6619423609,0.09911681196,0.1100970898,0.07850609748,72.72228946,85.33467653,89.1976978,4.760867193,39.90494519,89.96439257,0.8971800013,0.2970034263,0.7052073438,0.04001956302,0.5947327454,0.8891304643,0.1105750415,0.05308093789,0.01867192309,0.02587996441,0.5700376791,0.8803602414,0.08058157818,0.04988174888,-0.0599632166,-0.0495160082,0.1181980706,0.420783342,95.49498002,0.8895448054,0.9613505203,0.9626283035,0.9643231421,0.8925291384,0.9474064938,0.9574488623,0.9569325229,0.9711682423,0.9297233918,0.3137266016,0.0962697627,0.05178798792,0.03147738442,0.02890331695,0.02286155204,0.01900715922,0.01534922086,0.01486861606,0.0137777914
KaLM-Embedding/KaLM-embedding-multilingual-mini-instruct-v2.5,10,variance,10,490;570;524;67;494;170;370;858;392;315,896,847,858,0.9070014508,0.5460284395,0.1422949716,0.1376449825,0.08038651256,0.06762902848,0.06183669141,0.2100292309,0.06925042596,0.1333951411,0.01613184278,0.2854742761,0.7473469111,0.7598524427,0.864275241,0.8844997223,0.9747295524,0.787797258,0.8918218801,0.8297736276,0.008032115922,0.04361657138,0.06142510729,0.03795968009,0.03964554561,0.03209209384,0.02940329412,0.01919090439,0.02104472777,0.01814403499,0.6300940204,0.08636818518,0.09607776165,0.07161565486,74.20807884,85.89660065,84.6591698,22.28147996,45.77898279,89.67109439,0.8924041589,0.2721445694,0.6393817455,0.04872314342,0.5954411145,0.8886961183,0.1041973743,0.05794842148,0.1273233968,0.1303630299,0.5735359922,0.8809502407,0.07726749385,0.05163098143,0.05616061617,0.0589794034,0.1040082272,0.4027083048,102.4964311,0.8902515973,0.9633826416,0.9627889478,0.9631633022,0.8925291384,0.9474064938,0.9574488623,0.9569325229,0.9711682423,0.9297233918,0.3137266016,0.0962697627,0.05178798792,0.03147738442,0.02890331695,0.02286155204,0.01900715922,0.01534922086,0.01486861606,0.0137777914
KaLM-Embedding/KaLM-embedding-multilingual-mini-instruct-v2.5,11,mean_abs,1,490,896,847,858,0.5866086868,0.003383619918,1.531601119e-05,0.0001583857196,0.00788495811,3.55880665e-05,0.002406238991,0.0002266684726,0.001047718178,0.05421820396,0.1755686651,0.9991941248,1.000019781,1.000495822,1.02600541,1.00016434,1.015923722,1.001650748,1.009834201,1.563724291,0.06098218964,0.1171257449,0.06274539581,0.04027399453,0.03999408835,0.03121201087,0.02434654264,0.02228490051,0.01831613931,0.02604946472,0.8288285557,0.1475168628,0.1175233994,0.06274635683,51.24909298,17.25744936,0.5176971132,0.01556045988,0.3468923639,50.24253413,0.9735295329,0.625935818,0.2907891717,0.007287068626,0.953911181,0.9685861624,0.9660041073,0.9959922624,0.9999822758,0.9999795407,0.948931746,0.9637991772,0.9673124046,0.9956449292,0.9999827949,0.9999813054,0.1495545865,0.516099186,69.68029903,0.880323593,0.9459566614,0.948533271,0.946922088,0.894144769,0.9427718951,0.9486852005,0.9471367764,0.9701559871,0.9265004706,0.2878861107,0.09715545714,0.05200414711,0.03336369427,0.03230805818,0.02586515521,0.01986281975,0.01843992223,0.01503310077,0.01380712722
KaLM-Embedding/KaLM-embedding-multilingual-mini-instruct-v2.5,11,mean_abs,3,490;392;524,896,847,858,0.5972020142,0.08001364252,0.02146192559,0.02074943838,0.01558815316,0.005453434041,0.004944713321,0.03313333959,0.01808871025,0.063065783,0.1665340304,0.8499389375,0.9601712048,0.9632601352,1.005490347,0.9925882891,1.01575192,0.9589237833,0.9974034175,1.604586725,0.05910287227,0.1017981316,0.06155616252,0.0396189172,0.04004733711,0.03164966501,0.02487215613,0.02179857264,0.01848435507,0.0273118679,0.8111760472,0.1467308039,0.1106517839,0.06290625181,50.80607373,17.67763399,9.541289949,6.142426963,17.66513944,50.69212276,0.995719734,0.6319471499,0.1021860541,0.01659507052,0.9810881924,0.9742439765,0.992635137,0.9959540888,0.9968057627,0.9967683543,0.9781056496,0.9699175774,0.9926320251,0.9948440273,0.9966112306,0.9963158813,0.1472485462,0.5113277962,71.41969133,0.8834188619,0.9446720352,0.9487280865,0.947592366,0.894144769,0.9427718951,0.9486852005,0.9471367764,0.9701559871,0.9265004706,0.2878861107,0.09715545714,0.05200414711,0.03336369427,0.03230805818,0.02586515521,0.01986281975,0.01843992223,0.01503310077,0.01380712722
KaLM-Embedding/KaLM-embedding-multilingual-mini-instruct-v2.5,11,mean_abs,5,490;392;524;858;158,896,847,858,0.5992395153,0.08678469663,0.08990783594,0.05599165424,0.03689092445,0.01461528952,0.009786854651,0.04245742989,0.02319558961,0.08865650388,0.1649786184,0.838273032,0.8391374525,0.8961656681,0.9641662006,0.9799191828,1.011656071,0.9394975289,0.9812581895,1.620342754,0.05929002176,0.101668386,0.05447588796,0.03732464363,0.03888624375,0.0316401536,0.02508459125,0.02162658578,0.01841471907,0.0279282326,0.8010631706,0.1479437819,0.1113301383,0.05985755082,50.88277293,18.16485003,19.53232566,11.77261366,22.40123384,50.81736116,0.9966079638,0.630909112,0.083423828,0.04560103374,0.9818033022,0.9748903609,0.9919960233,0.9934898456,0.9855895687,0.9849477797,0.9788233484,0.9700840996,0.9920431813,0.9924281173,0.98621257,0.9846943862,0.1484015954,0.5091317433,71.97086541,0.8852973281,0.9456962598,0.9500447766,0.9464908075,0.894144769,0.9427718951,0.9486852005,0.9471367764,0.9701559871,0.9265004706,0.2878861107,0.09715545714,0.05200414711,0.03336369427,0.03230805818,0.02586515521,0.01986281975,0.01843992223,0.01503310077,0.01380712722
KaLM-Embedding/KaLM-embedding-multilingual-mini-instruct-v2.5,11,mean_abs,10,490;392;524;858;158;173;697;315;761;838,896,847,858,0.602226169,0.1165405632,0.1316189417,0.07008568006,0.0417425256,0.08002340735,0.02703240632,0.0904407693,0.06144176674,0.1551720992,0.1626440146,0.7853141781,0.7655596399,0.870494112,0.9560561942,0.8663341473,0.9720627548,0.8440957288,0.9118444703,1.605707209,0.0596148632,0.09714185478,0.05068888769,0.03697734492,0.03932692858,0.02852963893,0.02458277795,0.01981739389,0.01745279915,0.02822704641,0.7854241423,0.1498712548,0.1099562139,0.05837171045,50.97724509,20.46421984,23.48389335,15.69550227,25.84262901,50.96321626,0.9983127262,0.6296289834,0.03983052947,0.0295387291,0.9835516465,0.9747374689,0.9927792458,0.9908584323,0.980924651,0.9802658322,0.9809911849,0.9696754032,0.9926547968,0.9898211962,0.9813847516,0.979853599,0.1502074764,0.5064308004,72.49011012,0.8871577134,0.9453607575,0.9499259556,0.9456313137,0.894144769,0.9427718951,0.9486852005,0.9471367764,0.9701559871,0.9265004706,0.2878861107,0.09715545714,0.05200414711,0.03336369427,0.03230805818,0.02586515521,0.01986281975,0.01843992223,0.01503310077,0.01380712722
KaLM-Embedding/KaLM-embedding-multilingual-mini-instruct-v2.5,11,variance,1,490,896,847,858,0.5866086868,0.003383619918,1.531601119e-05,0.0001583857196,0.00788495811,3.55880665e-05,0.002406238991,0.0002266684726,0.001047718178,0.05421820396,0.1755686651,0.9991941248,1.000019781,1.000495822,1.02600541,1.00016434,1.015923722,1.001650748,1.009834201,1.563724291,0.06098218964,0.1171257449,0.06274539581,0.04027399453,0.03999408835,0.03121201087,0.02434654264,0.02228490051,0.01831613931,0.02604946472,0.8288285557,0.1475168628,0.1175233994,0.06274635683,51.24909298,17.25744936,0.5176971132,0.01556045988,0.3468923639,50.24253413,0.9735295329,0.625935818,0.2907891717,0.007287068626,0.953911181,0.9685861624,0.9660041073,0.9959922624,0.9999822758,0.9999795407,0.948931746,0.9637991772,0.9673124046,0.9956449292,0.9999827949,0.9999813054,0.1495545865,0.516099186,69.68029903,0.880323593,0.9459566614,0.948533271,0.946922088,0.894144769,0.9427718951,0.9486852005,0.9471367764,0.9701559871,0.9265004706,0.2878861107,0.09715545714,0.05200414711,0.03336369427,0.03230805818,0.02586515521,0.01986281975,0.01843992223,0.01503310077,0.01380712722
KaLM-Embedding/KaLM-embedding-multilingual-mini-instruct-v2.5,11,variance,3,490;570;524,896,847,858,0.8198682251,0.3682370605,0.02185976943,0.00719800002,0.02053696263,0.005056701864,0.006069951955,0.02680430654,0.01136891742,0.1086853591,0.05917549018,0.6272355722,0.9866274047,0.9890234446,0.9667276723,0.9952003991,0.9988692909,0.9718892877,0.9982426594,1.066829951,0.02365989686,0.08463463985,0.07125927887,0.04582800902,0.04337757578,0.03574998805,0.02755496309,0.02489007189,0.02084178754,0.02045732275,0.7200285706,0.1313477141,0.1339658194,0.07285180247,66.33724605,82.69174697,89.57444025,7.435557879,30.60433317,88.57680413,0.9456507139,0.4013524504,0.7575674187,0.07344822901,0.6679936126,0.9172982398,0.1730413296,0.1382336111,0.009286757068,-0.003124411992,0.6550090773,0.9059805554,0.1420128786,0.1348401491,0.03077052698,0.02265809196,0.1443371751,0.4510203978,87.20698009,0.8875556478,0.9490096431,0.9481325642,0.9714687346,0.894144769,0.9427718951,0.9486852005,0.9471367764,0.9701559871,0.9265004706,0.2878861107,0.09715545714,0.05200414711,0.03336369427,0.03230805818,0.02586515521,0.01986281975,0.01843992223,0.01503310077,0.01380712722
KaLM-Embedding/KaLM-embedding-multilingual-mini-instruct-v2.5,11,variance,5,490;570;524;370;67,896,847,858,0.8435644712,0.4603210376,0.02530274533,0.07473870417,0.02069817149,0.009666037636,0.0108111094,0.04527871001,0.0155916541,0.1096004489,0.04340974736,0.4531806047,0.9777582127,0.8921570779,0.9653234356,0.9870824045,0.9893537462,0.9728001256,0.978433285,1.055098531,0.01786079251,0.06292616557,0.07267117883,0.04254105075,0.04457347163,0.03648894053,0.02808570039,0.02563748727,0.02102192786,0.02082040146,0.6996925432,0.1141735043,0.1165992561,0.07455769316,68.28229887,83.22620777,88.57485232,7.505128664,38.09655621,89.5804614,0.9355643942,0.3700337886,0.6935601859,0.04251127584,0.6657916185,0.9077770489,0.1605488607,0.1235059358,0.0318583119,0.04514451553,0.6555866098,0.89650692,0.1292033124,0.1193151213,-0.0454831868,-0.04287298261,0.127092401,0.437697107,92.21692394,0.8875943947,0.9522404609,0.9519397605,0.9538022554,0.894144769,0.9427718951,0.9486852005,0.9471367764,0.9701559871,0.9265004706,0.2878861107,0.09715545714,0.05200414711,0.03336369427,0.03230805818,0.02586515521,0.01986281975,0.01843992223,0.01503310077,0.01380712722
KaLM-Embedding/KaLM-embedding-multilingual-mini-instruct-v2.5,11,variance,10,490;570;524;370;67;170;494;858;280;315,896,847,858,0.8683087715,0.5414511544,0.1378007275,0.1558972343,0.0477486828,0.03510747832,0.03331186246,0.1072724744,0.02738001253,0.1780614438,0.03029228055,0.3228608428,0.7655152048,0.7348389107,0.9113139842,0.9379178026,0.9639778154,0.8258898453,0.9503289548,0.8869409023,0.01308937927,0.04708135408,0.05975278726,0.03679871442,0.04419216313,0.0364121428,0.02873917587,0.02285849223,0.02144316558,0.01838079871,0.6662444909,0.09939446552,0.1026746758,0.06930275769,70.37640965,85.38613113,87.64113347,21.25777942,43.93564756,89.97022508,0.9254505946,0.335839414,0.6406260944,0.009842468809,0.6596870656,0.9038474755,0.1162415505,0.08123014991,0.05335668621,0.06697789729,0.6494632285,0.8939443225,0.08834115735,0.07401584605,-0.01937977728,-0.01864976335,0.1119887689,0.4197183411,98.95257856,0.8888764611,0.9571474512,0.9556042198,0.9582139447,0.894144769,0.9427718951,0.9486852005,0.9471367764,0.9701559871,0.9265004706,0.2878861107,0.09715545714,0.05200414711,0.03336369427,0.03230805818,0.02586515521,0.01986281975,0.01843992223,0.01503310077,0.01380712722
KaLM-Embedding/KaLM-embedding-multilingual-mini-instruct-v2.5,12,mean_abs,1,490,896,847,858,0.5564200065,0.02002895115,0.001848393501,0.004745454596,0.001008734389,0.001291683113,0.001492892138,0.0009189914577,0.0002777114581,0.02131533862,0.204280216,0.9916099341,1.001209151,1.010403364,1.00278463,1.004922209,1.007783958,1.006152295,1.002006888,1.187637779,0.06328961105,0.1107408904,0.06660770667,0.04255708245,0.03719467031,0.0305373783,0.0246670876,0.02043339961,0.0191760905,0.01941194799,0.8499251235,0.1426791379,0.113004247,0.06673105192,51.66222008,31.45144503,6.800065175,0.09471396732,1.125495678,49.57548003,0.9313507351,0.6202963659,0.5008299472,0.06923206176,0.8933227844,0.965653448,0.8989308793,0.9425127823,0.9962320693,0.9980022927,0.8863640607,0.9594392048,0.9011488356,0.9378716759,0.9965503457,0.9986132974,0.1493783886,0.5044747354,72.99584949,0.8936047467,0.9541640301,0.9551172977,0.9536776976,0.9050501762,0.951319495,0.9553937049,0.9536470645,0.970415015,0.933446192,0.2633217819,0.09491783185,0.05654319404,0.0357979148,0.03152489957,0.02582735736,0.02080324587,0.01726066697,0.01626559786,0.01389203222
KaLM-Embedding/KaLM-embedding-multilingual-mini-instruct-v2.5,12,mean_abs,3,490;392;524,896,847,858,0.5733095554,0.09276044341,0.01451541351,0.006640306842,0.02703131347,0.003735180549,0.006857883248,0.02667104514,0.01254318886,0.02469774366,0.187745347,0.8397238796,0.9800907294,1.004117685,0.9537499563,1.002582475,0.9955720818,0.9872475199,0.9800510119,1.204348242,0.05941769079,0.09579528075,0.06660493678,0.04320183044,0.0361366629,0.03112145422,0.02489221899,0.0204806354,0.01915925043,0.020108407,0.8320323233,0.1392524523,0.1055898412,0.06758597515,51.13472824,28.22245874,9.740282511,4.533280282,17.42161971,50.02570084,0.9606190682,0.627491232,0.3602580161,0.1142034153,0.9339823572,0.9726730516,0.9436589113,0.9843698235,0.9957105294,0.9961970532,0.9276497208,0.9673694568,0.9450016239,0.9809972725,0.9957454348,0.9965113761,0.1428514212,0.4993850456,75.00383594,0.8970522253,0.9539711002,0.955153855,0.9541142121,0.9050501762,0.951319495,0.9553937049,0.9536470645,0.970415015,0.933446192,0.2633217819,0.09491783185,0.05654319404,0.0357979148,0.03152489957,0.02582735736,0.02080324587,0.01726066697,0.01626559786,0.01389203222
KaLM-Embedding/KaLM-embedding-multilingual-mini-instruct-v2.5,12,mean_abs,5,490;392;524;858;158,896,847,858,0.5754260416,0.09735852895,0.06536652489,0.05030994967,0.04793738087,0.02120997404,0.007872809187,0.03223577508,0.01691298888,0.03756116782,0.1860421623,0.8308389289,0.8913358261,0.9211202409,0.9142502332,0.9765620688,0.993105554,0.9746854986,0.9721228189,1.204161115,0.0595660086,0.09588815941,0.06128046274,0.04009353892,0.03504444023,0.03066762606,0.02512041724,0.02045608002,0.01922611361,0.02033998914,0.8224313641,0.1402959542,0.1062306159,0.0655663042,51.20607311,28.11776833,17.69360334,11.08773716,20.27645391,50.17692039,0.9615217124,0.6265212013,0.3504660469,0.1426324738,0.9347214142,0.9727162413,0.9454043198,0.9891092585,0.9872682247,0.9880389947,0.9280680372,0.9673079015,0.9465530045,0.9863449404,0.988232862,0.9887944207,0.1438448377,0.4974395162,75.52642495,0.8991022105,0.9551080252,0.9563912047,0.9534847197,0.9050501762,0.951319495,0.9553937049,0.9536470645,0.970415015,0.933446192,0.2633217819,0.09491783185,0.05654319404,0.0357979148,0.03152489957,0.02582735736,0.02080324587,0.01726066697,0.01626559786,0.01389203222
KaLM-Embedding/KaLM-embedding-multilingual-mini-instruct-v2.5,12,mean_abs,10,490;392;524;858;158;173;697;315;761;690,896,847,858,0.5790673075,0.126293717,0.09265642772,0.05964150111,0.05472029361,0.05385417448,0.07056431153,0.08357284308,0.03551791377,0.09932336489,0.1827326007,0.7774982784,0.8414459565,0.9068120766,0.8999058794,0.9200952007,0.875240542,0.867994649,0.9386795579,1.163485019,0.05958226584,0.0913821643,0.05891430512,0.0401965907,0.03512893595,0.02942570871,0.02254616717,0.01855191798,0.0189060841,0.02001431691,0.8075804662,0.1415482021,0.1045914011,0.0649305367,51.00679746,28.21018292,20.58873871,14.39559185,23.40462883,50.27632695,0.969843905,0.6292281875,0.3069082185,0.1385413233,0.9453794648,0.9743316001,0.9554794598,0.9926039527,0.9833066985,0.983903801,0.9388654295,0.9685563329,0.955739949,0.9904384204,0.9840711179,0.9839251358,0.1444458237,0.4954460674,76.07272828,0.9005846097,0.9550452412,0.9564684105,0.9532398805,0.9050501762,0.951319495,0.9553937049,0.9536470645,0.970415015,0.933446192,0.2633217819,0.09491783185,0.05654319404,0.0357979148,0.03152489957,0.02582735736,0.02080324587,0.01726066697,0.01626559786,0.01389203222
KaLM-Embedding/KaLM-embedding-multilingual-mini-instruct-v2.5,12,variance,1,490,896,847,858,0.5564200065,0.02002895115,0.001848393501,0.004745454596,0.001008734389,0.001291683113,0.001492892138,0.0009189914577,0.0002777114581,0.02131533862,0.204280216,0.9916099341,1.001209151,1.010403364,1.00278463,1.004922209,1.007783958,1.006152295,1.002006888,1.187637779,0.06328961105,0.1107408904,0.06660770667,0.04255708245,0.03719467031,0.0305373783,0.0246670876,0.02043339961,0.0191760905,0.01941194799,0.8499251235,0.1426791379,0.113004247,0.06673105192,51.66222008,31.45144503,6.800065175,0.09471396732,1.125495678,49.57548003,0.9313507351,0.6202963659,0.5008299472,0.06923206176,0.8933227844,0.965653448,0.8989308793,0.9425127823,0.9962320693,0.9980022927,0.8863640607,0.9594392048,0.9011488356,0.9378716759,0.9965503457,0.9986132974,0.1493783886,0.5044747354,72.99584949,0.8936047467,0.9541640301,0.9551172977,0.9536776976,0.9050501762,0.951319495,0.9553937049,0.9536470645,0.970415015,0.933446192,0.2633217819,0.09491783185,0.05654319404,0.0357979148,0.03152489957,0.02582735736,0.02080324587,0.01726066697,0.01626559786,0.01389203222
KaLM-Embedding/KaLM-embedding-multilingual-mini-instruct-v2.5,12,variance,3,490;570;524,896,847,858,0.7619025458,0.4074649013,0.01434376224,0.01433528937,0.01399180203,0.007061506243,0.003706733906,0.03009593447,0.002184266221,0.04492498455,0.09477586039,0.6337757199,1.003658206,0.9756926651,0.9748854374,0.99325646,0.9944917283,0.9788948992,0.9961441731,1.007429374,0.03311960235,0.07983328485,0.07531244899,0.04635230792,0.0407856969,0.03404410824,0.02745572207,0.02242302656,0.02150269142,0.01857295405,0.7535280219,0.1391010352,0.13473174,0.07640843339,61.79008201,81.36339993,89.84652012,5.341238095,29.10904352,89.2215928,0.9687490062,0.4727033128,0.7261286087,0.1314756948,0.7284064583,0.9348001487,0.1940185628,0.1689409699,0.003387817837,-0.003973355635,0.7168418936,0.9249386744,0.156381115,0.1599163833,0.08328457439,0.08464791675,0.147169256,0.4520103984,87.17356585,0.9013237557,0.9552231665,0.9544760736,0.9614494273,0.9050501762,0.951319495,0.9553937049,0.9536470645,0.970415015,0.933446192,0.2633217819,0.09491783185,0.05654319404,0.0357979148,0.03152489957,0.02582735736,0.02080324587,0.01726066697,0.01626559786,0.01389203222
KaLM-Embedding/KaLM-embedding-multilingual-mini-instruct-v2.5,12,variance,5,490;570;524;370;170,896,847,858,0.8008867149,0.4833232307,0.07829099066,0.02733493495,0.01849241399,0.0271337985,0.008925823714,0.04896575158,0.01277054385,0.04596366331,0.0658345754,0.4679469842,0.8705998334,0.9508419565,0.968192072,0.95949343,0.9872312095,0.9357390308,0.9824130894,1.001541312,0.02379160817,0.06095754057,0.06755879449,0.04671421351,0.04188882787,0.03400986839,0.02818596788,0.02216640645,0.02193042992,0.01909491038,0.7286467391,0.1194877989,0.1179800297,0.0732973138,64.71642496,84.77947117,87.65585641,15.07227979,36.67593374,88.91933842,0.9571458111,0.4270986728,0.6827714118,0.0008456240706,0.7168524515,0.9248141993,0.1209750519,0.08605736654,0.05207330322,0.03987394763,0.7106214131,0.9177371491,0.0873897075,0.07825274596,0.1307749868,0.1276842582,0.1282822752,0.4365416752,93.181952,0.8999238556,0.9565335234,0.9550783314,0.9609038055,0.9050501762,0.951319495,0.9553937049,0.9536470645,0.970415015,0.933446192,0.2633217819,0.09491783185,0.05654319404,0.0357979148,0.03152489957,0.02582735736,0.02080324587,0.01726066697,0.01626559786,0.01389203222
KaLM-Embedding/KaLM-embedding-multilingual-mini-instruct-v2.5,12,variance,10,490;570;524;370;170;67;494;280;858;315,896,847,858,0.828928667,0.5794311916,0.1202665128,0.05338889352,0.1407554698,0.04828576284,0.01454931042,0.08996279739,0.02169122227,0.07704339636,0.04731728497,0.311335123,0.7952227286,0.9010911927,0.7664172861,0.9159165579,0.9773872215,0.858727303,0.9705650556,0.9414681442,0.01786160545,0.04236330326,0.06445891797,0.0462423998,0.03463641164,0.03391171637,0.02914819377,0.02124842449,0.02263125151,0.01874931048,0.6975672949,0.1044102781,0.1007285905,0.07327096093,66.63431617,82.74181782,89.13498279,19.94245364,43.44127055,88.69487271,0.9588751479,0.3965981485,0.6019180072,0.09416781948,0.727747748,0.9317098619,0.172227018,0.1490454183,0.01943889307,0.0288740173,0.720438036,0.9240887752,0.1397029272,0.1415754695,-0.06485030825,-0.06581144536,0.1121089536,0.4204844489,99.33592176,0.9023190133,0.9610798246,0.9596292791,0.9652911057,0.9050501762,0.951319495,0.9553937049,0.9536470645,0.970415015,0.933446192,0.2633217819,0.09491783185,0.05654319404,0.0357979148,0.03152489957,0.02582735736,0.02080324587,0.01726066697,0.01626559786,0.01389203222
KaLM-Embedding/KaLM-embedding-multilingual-mini-instruct-v2.5,13,mean_abs,1,490,896,847,858,0.5506225483,0.03364303447,0.005011252888,0.003123437728,0.0004028202881,2.146697862e-07,0.002080471335,0.0002070027305,0.01265623514,0.0196447813,0.2118245656,0.9888348882,1.003028451,1.006082273,1.001010992,1.00000085,1.010201679,1.0014297,1.097376139,1.170449062,0.06591999973,0.1048870177,0.06814673777,0.04509839924,0.0392745292,0.02969478414,0.02589190296,0.01989449174,0.02003012539,0.01939765213,0.8496604434,0.1466918277,0.1085385851,0.06848995827,50.86406326,33.42699082,13.29444258,0.1567868586,1.738364508,50.22976354,0.9415329029,0.6311624308,0.5109583457,0.1098818537,0.8970680262,0.9701911533,0.8959246772,0.8157826459,0.9833446043,0.9925433252,0.8900145847,0.9638428168,0.8974500713,0.8069065333,0.9853718309,0.9951682561,0.1540537937,0.5053190644,71.94610385,0.8876273957,0.9475974833,0.9479398309,0.9481796739,0.9003273073,0.9473686954,0.9482277253,0.9475518638,0.9677066002,0.9268024257,0.2644151119,0.09012460123,0.05772676473,0.03808667235,0.03333631115,0.02523046202,0.02177716214,0.01687943015,0.01550863429,0.01408127722
KaLM-Embedding/KaLM-embedding-multilingual-mini-instruct-v2.5,13,mean_abs,3,490;392;524,896,847,858,0.5747881701,0.09956520598,0.0103990339,0.004926102993,0.03372230344,0.003885725603,0.008335146751,0.02677232598,0.04757484291,0.03222601297,0.1882028556,0.8410445611,0.9974076735,1.000879091,0.9411925138,0.9942245061,0.9967084915,0.9600961556,1.118553328,1.209121672,0.05993347274,0.09128918389,0.06934367996,0.04591045618,0.03778791824,0.03021110629,0.02614125326,0.01951773752,0.02089234608,0.02050543637,0.8303152954,0.1409496833,0.1013834477,0.07007236486,51.35433925,30.94870553,13.50856156,2.658882947,16.94528519,50.83559369,0.9577040289,0.6245022159,0.4003932733,0.1594982774,0.9230469203,0.9714658919,0.9316172391,0.9168746764,0.9856430477,0.9917063491,0.9157443779,0.9655278534,0.9332540719,0.9058561151,0.9870442906,0.9940104668,0.1457684871,0.500051209,74.09749967,0.8909938654,0.9478023643,0.9482615788,0.9495309604,0.9003273073,0.9473686954,0.9482277253,0.9475518638,0.9677066002,0.9268024257,0.2644151119,0.09012460123,0.05772676473,0.03808667235,0.03333631115,0.02523046202,0.02177716214,0.01687943015,0.01550863429,0.01408127722
KaLM-Embedding/KaLM-embedding-multilingual-mini-instruct-v2.5,13,mean_abs,5,490;392;524;858;158,896,847,858,0.5762096988,0.102184782,0.06319159608,0.04127249378,0.044316378,0.051979521,0.01073999801,0.03830959618,0.04758454925,0.04548917448,0.1870960909,0.835587547,0.9045256779,0.9319733511,0.9228014616,0.9083310069,0.9911600647,0.9373515112,1.118813504,1.202659627,0.06028493211,0.09176838851,0.06362911883,0.04325480061,0.03748725195,0.02792718316,0.02630285375,0.01928048947,0.02114409225,0.02063681025,0.8206202123,0.1422517975,0.1022130018,0.0679211657,51.42862967,30.75588817,19.48853001,11.59274952,19.00284423,50.96963969,0.9577524995,0.6234890071,0.3955883434,0.1806284666,0.9226884424,0.9708245038,0.934335541,0.9377084738,0.9811624432,0.9850108758,0.9151306825,0.9649396019,0.9358707605,0.9274593992,0.9833475518,0.9879437046,0.147126703,0.4979651617,74.59293471,0.8932172162,0.9490648756,0.9495644985,0.9479475675,0.9003273073,0.9473686954,0.9482277253,0.9475518638,0.9677066002,0.9268024257,0.2644151119,0.09012460123,0.05772676473,0.03808667235,0.03333631115,0.02523046202,0.02177716214,0.01687943015,0.01550863429,0.01408127722
KaLM-Embedding/KaLM-embedding-multilingual-mini-instruct-v2.5,13,mean_abs,10,490;392;524;858;158;173;697;690;315;761,896,847,858,0.5823838061,0.1277866917,0.09101558082,0.05507890014,0.05479002624,0.0770989936,0.08997207656,0.06462638418,0.05976979504,0.1149672971,0.1813373404,0.7852914298,0.8496718331,0.9074712191,0.9007521383,0.8634449048,0.8428064219,0.8877376249,1.090592812,1.187560755,0.05957438647,0.08793469839,0.06094169148,0.0429429578,0.03730859611,0.02706735998,0.02280421805,0.01861780478,0.02101465431,0.02077705312,0.8048481232,0.1426534395,0.100817882,0.06704371405,51.45609119,30.58809196,21.39914418,15.53052448,21.61699294,51.08772897,0.9642263347,0.6231142082,0.359037771,0.1666366139,0.9322242345,0.9722887677,0.9446347386,0.9604066769,0.9809332822,0.98340235,0.9245572504,0.966282152,0.9455553289,0.9523058462,0.9828346971,0.9857737496,0.1467799946,0.4963848573,75.2210756,0.8946229672,0.948942496,0.949631024,0.9473268768,0.9003273073,0.9473686954,0.9482277253,0.9475518638,0.9677066002,0.9268024257,0.2644151119,0.09012460123,0.05772676473,0.03808667235,0.03333631115,0.02523046202,0.02177716214,0.01687943015,0.01550863429,0.01408127722
KaLM-Embedding/KaLM-embedding-multilingual-mini-instruct-v2.5,13,variance,1,490,896,847,858,0.5506225483,0.03364303447,0.005011252888,0.003123437728,0.0004028202881,2.146697862e-07,0.002080471335,0.0002070027305,0.01265623514,0.0196447813,0.2118245656,0.9888348882,1.003028451,1.006082273,1.001010992,1.00000085,1.010201679,1.0014297,1.097376139,1.170449062,0.06591999973,0.1048870177,0.06814673777,0.04509839924,0.0392745292,0.02969478414,0.02589190296,0.01989449174,0.02003012539,0.01939765213,0.8496604434,0.1466918277,0.1085385851,0.06848995827,50.86406326,33.42699082,13.29444258,0.1567868586,1.738364508,50.22976354,0.9415329029,0.6311624308,0.5109583457,0.1098818537,0.8970680262,0.9701911533,0.8959246772,0.8157826459,0.9833446043,0.9925433252,0.8900145847,0.9638428168,0.8974500713,0.8069065333,0.9853718309,0.9951682561,0.1540537937,0.5053190644,71.94610385,0.8876273957,0.9475974833,0.9479398309,0.9481796739,0.9003273073,0.9473686954,0.9482277253,0.9475518638,0.9677066002,0.9268024257,0.2644151119,0.09012460123,0.05772676473,0.03808667235,0.03333631115,0.02523046202,0.02177716214,0.01687943015,0.01550863429,0.01408127722
KaLM-Embedding/KaLM-embedding-multilingual-mini-instruct-v2.5,13,variance,3,490;570;524,896,847,858,0.7168767757,0.4752875665,0.01151337611,0.009980033744,0.01834888243,0.004689274711,0.0041467566,0.01233246819,0.06076615792,0.04388477846,0.1198593146,0.600145192,1.010716942,0.9834512256,0.9692316981,0.9972087708,0.9955551421,0.9844870796,1.015959072,1.064559858,0.04168646532,0.0711437408,0.07674388372,0.04926776547,0.04249933747,0.03309392686,0.02851698546,0.02185771764,0.02072462961,0.01971737717,0.7602614862,0.147237887,0.135586154,0.07763775641,58.48389504,80.99303631,89.3415712,3.646173802,30.75942987,89.15386839,0.9824184205,0.522738208,0.6720052334,0.1588211675,0.7904172642,0.9465548229,0.1956254746,0.1826791127,0.01421146106,0.01494905469,0.7793263223,0.9360643649,0.1572615292,0.1818292485,0.06562455877,0.07553314455,0.152117415,0.4597128398,83.69085897,0.8945123467,0.9482609914,0.9494489527,0.9607095888,0.9003273073,0.9473686954,0.9482277253,0.9475518638,0.9677066002,0.9268024257,0.2644151119,0.09012460123,0.05772676473,0.03808667235,0.03333631115,0.02523046202,0.02177716214,0.01687943015,0.01550863429,0.01408127722
KaLM-Embedding/KaLM-embedding-multilingual-mini-instruct-v2.5,13,variance,5,490;570;524;370;170,896,847,858,0.7613734419,0.5417186872,0.06639424222,0.03225550406,0.0205604714,0.03129505727,0.007388676225,0.02892203341,0.07525480459,0.0473519525,0.08453820766,0.442633583,0.8919386968,0.9415003133,0.9650440367,0.9473535355,0.991339092,0.9581591998,0.9336619728,1.017927252,0.03040992676,0.05427049505,0.07004679849,0.04878311908,0.04376639125,0.03251721553,0.0293697049,0.02200247421,0.01969877826,0.01950001098,0.735061936,0.1274373104,0.1184217936,0.07502824174,61.47958814,83.62664751,86.13765062,14.08008639,37.60622944,88.80915091,0.9774360423,0.4774718122,0.6308141715,0.04465341551,0.7865684961,0.9449671711,0.1416500506,0.1179754791,0.08424263429,0.08149736533,0.7785957756,0.9375680414,0.1067268599,0.1205536544,0.1363629521,0.1412996109,0.1325515218,0.4446632997,89.44536557,0.8926708606,0.9493434587,0.9513925479,0.9602907782,0.9003273073,0.9473686954,0.9482277253,0.9475518638,0.9677066002,0.9268024257,0.2644151119,0.09012460123,0.05772676473,0.03808667235,0.03333631115,0.02523046202,0.02177716214,0.01687943015,0.01550863429,0.01408127722
KaLM-Embedding/KaLM-embedding-multilingual-mini-instruct-v2.5,13,variance,10,490;570;524;370;170;280;67;60;494;821,896,847,858,0.8058744626,0.6196481239,0.09417830668,0.04361106336,0.09706426285,0.07749421177,0.02452550628,0.06481856044,0.1308333698,0.05962490291,0.05562283829,0.2923182718,0.8413028727,0.920313754,0.848275816,0.8671617625,0.9594659069,0.9021605948,0.8120569033,0.9463392532,0.02094340065,0.03751518575,0.06915719542,0.04991335067,0.04026821783,0.03115538378,0.02975353795,0.02168450022,0.01793361327,0.01897565106,0.7022507593,0.1078858605,0.09863284003,0.07634747096,64.61346548,82.35925006,87.51366612,17.34824978,44.6791773,88.65366309,0.9730502481,0.4287228225,0.5601682474,0.09579437986,0.782195223,0.9425211162,0.1724051747,0.1559252822,0.05441909482,0.05027362575,0.7739472502,0.9330564228,0.1382610313,0.1561464102,0.1193577443,0.1249294335,0.1131141517,0.4285453507,95.64713786,0.8957684859,0.9534670845,0.9554330163,0.9633435953,0.9003273073,0.9473686954,0.9482277253,0.9475518638,0.9677066002,0.9268024257,0.2644151119,0.09012460123,0.05772676473,0.03808667235,0.03333631115,0.02523046202,0.02177716214,0.01687943015,0.01550863429,0.01408127722
KaLM-Embedding/KaLM-embedding-multilingual-mini-instruct-v2.5,14,mean_abs,1,490,896,847,858,0.5221780671,0.05672012051,0.007587444757,0.000445758769,0.0005258423066,0.001721762151,0.0001078717824,0.007583680237,0.02316051729,0.000313568473,0.2424850632,0.9764056305,1.004025031,1.000738732,1.001333548,1.005813368,1.000511024,1.046086365,1.170334483,1.002629687,0.07386383596,0.1031428343,0.06639118522,0.04578637911,0.0369379971,0.0313036584,0.0248487278,0.02167129257,0.02093429164,0.01615282321,0.8566569306,0.1545844401,0.1093448896,0.06689877598,49.12980654,36.97927836,17.66933266,0.176860874,1.556098066,50.05897231,0.9466194334,0.6543475134,0.5346707436,0.1156531189,0.894996761,0.9715712891,0.8812051867,0.6666066316,0.9688364655,0.9860246,0.8899751595,0.9642689349,0.8798675151,0.6534688098,0.9731907897,0.9913404706,0.1628249119,0.5056362589,71.08846033,0.891405721,0.9499856495,0.9502046689,0.948018328,0.9037464862,0.9497940521,0.9502285186,0.9477781718,0.9713996471,0.9256785351,0.2609478958,0.0904931527,0.05664646518,0.03919426493,0.03160104971,0.02666150278,0.02127596237,0.01774696966,0.01532340223,0.01380113528
KaLM-Embedding/KaLM-embedding-multilingual-mini-instruct-v2.5,14,mean_abs,3,490;392;524,896,847,858,0.5596135187,0.1225182345,0.01186706214,0.0009695260224,0.04211379273,0.02387346723,0.007986427511,0.03724027606,0.05420626291,0.05599092733,0.2040912127,0.8177223361,0.9983037788,0.9999140766,0.9457087483,0.9873750337,0.9857408602,0.9718943136,1.250850228,0.9847136161,0.0639731084,0.08888754823,0.06792894618,0.04707654196,0.0358986621,0.03162176554,0.02519250307,0.02071870447,0.02302395147,0.01632465846,0.8324931186,0.1452658315,0.1012984562,0.06874474433,50.63670433,35.03217625,17.56901194,3.822829877,17.60533874,50.8358303,0.9557261357,0.6342353611,0.4379951581,0.1504731525,0.9133029126,0.9701703978,0.9105683245,0.7835853899,0.971209079,0.9857193689,0.9066660238,0.9623476896,0.9104435972,0.7665244193,0.9748537524,0.9908519424,0.1511626043,0.498441549,73.93273568,0.8944799857,0.9505010473,0.9510207762,0.949837898,0.9037464862,0.9497940521,0.9502285186,0.9477781718,0.9713996471,0.9256785351,0.2609478958,0.0904931527,0.05664646518,0.03919426493,0.03160104971,0.02666150278,0.02127596237,0.01774696966,0.01532340223,0.01380113528
KaLM-Embedding/KaLM-embedding-multilingual-mini-instruct-v2.5,14,mean_abs,5,490;392;524;858;173,896,847,858,0.5616894329,0.1234768172,0.04102287768,0.02527980803,0.04776436158,0.04358655341,0.08749451245,0.03802283245,0.06751550684,0.06071085239,0.2022750795,0.8151405103,0.9452185924,0.9529922503,0.9390947564,0.9442719585,0.8415261883,0.9711012016,1.239029632,0.982800819,0.06404485595,0.08950272733,0.06496704949,0.04532105034,0.03600799984,0.03054708626,0.02172425654,0.02091109484,0.02303694938,0.01645767176,0.8241607477,0.1461175266,0.1021110783,0.06774619329,50.76370231,34.81989566,19.91280774,10.62848423,17.90648473,50.97274019,0.9553958931,0.6325201141,0.4368278458,0.1587365688,0.9126604582,0.9698968826,0.913493967,0.8035217811,0.9714344171,0.9831031422,0.9060742697,0.9620860609,0.9132815569,0.7851053605,0.9762474733,0.98862313,0.1520799932,0.4967653055,74.23060021,0.8968413447,0.9511744656,0.9518170198,0.9490608485,0.9037464862,0.9497940521,0.9502285186,0.9477781718,0.9713996471,0.9256785351,0.2609478958,0.0904931527,0.05664646518,0.03919426493,0.03160104971,0.02666150278,0.02127596237,0.01774696966,0.01532340223,0.01380113528
KaLM-Embedding/KaLM-embedding-multilingual-mini-instruct-v2.5,14,mean_abs,10,490;392;524;858;173;158;690;315;761;697,896,847,858,0.5696190244,0.1513865019,0.07210915856,0.07483181838,0.05889867023,0.1042998432,0.1081685387,0.05904821588,0.07741063389,0.1741583002,0.1944765235,0.7584700871,0.888046802,0.8644818469,0.909391462,0.8368334247,0.8078844192,0.943627706,1.227381654,0.8919476767,0.06297354,0.08517091294,0.0624231665,0.04204511338,0.03566067073,0.02768603536,0.02132924937,0.02078078823,0.02333844708,0.0152753552,0.8058660762,0.1463204546,0.100364787,0.06727425653,50.89228309,34.33099353,22.31011123,15.67677189,21.08412787,51.13523409,0.9615051283,0.6307803238,0.3972642285,0.1606907365,0.9224048604,0.9709935698,0.9271924908,0.8573555473,0.9672292996,0.9762809435,0.9148731724,0.9635635195,0.9266160488,0.8407680862,0.9723259256,0.9814792272,0.15142725,0.4945133038,75.12101155,0.897424381,0.9518744944,0.9525913015,0.9486402643,0.9037464862,0.9497940521,0.9502285186,0.9477781718,0.9713996471,0.9256785351,0.2609478958,0.0904931527,0.05664646518,0.03919426493,0.03160104971,0.02666150278,0.02127596237,0.01774696966,0.01532340223,0.01380113528
KaLM-Embedding/KaLM-embedding-multilingual-mini-instruct-v2.5,14,variance,1,490,896,847,858,0.5221780671,0.05672012051,0.007587444757,0.000445758769,0.0005258423066,0.001721762151,0.0001078717824,0.007583680237,0.02316051729,0.000313568473,0.2424850632,0.9764056305,1.004025031,1.000738732,1.001333548,1.005813368,1.000511024,1.046086365,1.170334483,1.002629687,0.07386383596,0.1031428343,0.06639118522,0.04578637911,0.0369379971,0.0313036584,0.0248487278,0.02167129257,0.02093429164,0.01615282321,0.8566569306,0.1545844401,0.1093448896,0.06689877598,49.12980654,36.97927836,17.66933266,0.176860874,1.556098066,50.05897231,0.9466194334,0.6543475134,0.5346707436,0.1156531189,0.894996761,0.9715712891,0.8812051867,0.6666066316,0.9688364655,0.9860246,0.8899751595,0.9642689349,0.8798675151,0.6534688098,0.9731907897,0.9913404706,0.1628249119,0.5056362589,71.08846033,0.891405721,0.9499856495,0.9502046689,0.948018328,0.9037464862,0.9497940521,0.9502285186,0.9477781718,0.9713996471,0.9256785351,0.2609478958,0.0904931527,0.05664646518,0.03919426493,0.03160104971,0.02666150278,0.02127596237,0.01774696966,0.01532340223,0.01380113528
KaLM-Embedding/KaLM-embedding-multilingual-mini-instruct-v2.5,14,variance,3,490;570;524,896,847,858,0.677538056,0.5257748159,0.008247435769,0.002115017615,0.02764132722,0.01887970096,0.0009262116989,0.02075446745,0.08264421287,0.05180888036,0.1472841195,0.5673834294,1.008029619,0.9970591297,0.9698671623,0.9949012915,0.99906595,0.9707529878,1.054863776,1.005295575,0.05010450101,0.06693594299,0.07444115913,0.05094604298,0.03995588767,0.03458052949,0.02771088464,0.02245949371,0.02107262311,0.01808737752,0.7670664373,0.1553811293,0.1411480141,0.07506021342,55.88574939,83.06564572,89.2219081,2.428947342,31.21760535,89.12685643,0.9876511327,0.5608449324,0.6409004512,0.1370457004,0.8203319739,0.9506412973,0.1528844358,0.1313608368,0.01633740564,0.01420685108,0.8125596721,0.939239133,0.1193994995,0.1340085075,0.08815166462,0.09640549829,0.1590109895,0.4619656504,82.23080479,0.8976440975,0.9510472748,0.9502738319,0.9609877719,0.9037464862,0.9497940521,0.9502285186,0.9477781718,0.9713996471,0.9256785351,0.2609478958,0.0904931527,0.05664646518,0.03919426493,0.03160104971,0.02666150278,0.02127596237,0.01774696966,0.01532340223,0.01380113528
KaLM-Embedding/KaLM-embedding-multilingual-mini-instruct-v2.5,14,variance,5,490;570;524;370;170,896,847,858,0.725845058,0.5838169529,0.06200617521,0.01979846013,0.03407494821,0.04619898005,0.002248564464,0.02694035872,0.1011889385,0.05252220943,0.1060662265,0.422317969,0.8935611531,0.9652037061,0.9521728914,0.9350496613,0.9970857697,0.9623558046,0.9303848528,0.9959204746,0.03730533224,0.05151044171,0.06822398591,0.05098958759,0.04055620564,0.03360154887,0.02859313181,0.02301971125,0.01921577158,0.01852590653,0.7419249999,0.1360739003,0.1237687168,0.07273393929,58.95326346,85.10188322,85.63979195,14.16050489,37.56090261,88.90787179,0.9849866282,0.5157371004,0.6005173644,0.03819797476,0.8179962475,0.950727499,0.1103951766,0.07785898183,0.09231522242,0.08595977001,0.8121097498,0.9426593812,0.0802532942,0.08641324105,0.1655515066,0.1686273798,0.1398131175,0.4473768894,87.82893445,0.8960531302,0.9521950448,0.9523075188,0.9610612591,0.9037464862,0.9497940521,0.9502285186,0.9477781718,0.9713996471,0.9256785351,0.2609478958,0.0904931527,0.05664646518,0.03919426493,0.03160104971,0.02666150278,0.02127596237,0.01774696966,0.01532340223,0.01380113528
KaLM-Embedding/KaLM-embedding-multilingual-mini-instruct-v2.5,14,variance,10,490;570;524;370;170;280;60;821;158;494,896,847,858,0.7662411425,0.6359524631,0.106528176,0.07231805533,0.08629682901,0.1436392278,0.02537620982,0.06966908301,0.1431207138,0.09091201733,0.07730413912,0.3106728281,0.8142635149,0.8724888946,0.8747726546,0.7682080335,0.9544799773,0.8905123153,0.7889172921,0.9257839371,0.02847377568,0.03968327456,0.06510679276,0.04826929366,0.03901981622,0.02891025893,0.02866451169,0.02230758974,0.01706377787,0.01803486793,0.7084537248,0.1218083284,0.1090057493,0.07286944145,61.64195706,83.81451781,88.69294882,18.86358658,42.84652998,88.66650288,0.9824064752,0.4749799247,0.5511304067,0.1085356503,0.8128622826,0.9473432772,0.1431468865,0.1167063096,0.02825382862,0.02371947117,0.8048133962,0.9371856011,0.1123980885,0.1190573492,-0.04181299352,-0.06002371453,0.1257647335,0.4326886811,93.39507457,0.8994241435,0.9559622051,0.9541774852,0.9641661501,0.9037464862,0.9497940521,0.9502285186,0.9477781718,0.9713996471,0.9256785351,0.2609478958,0.0904931527,0.05664646518,0.03919426493,0.03160104971,0.02666150278,0.02127596237,0.01774696966,0.01532340223,0.01380113528
KaLM-Embedding/KaLM-embedding-multilingual-mini-instruct-v2.5,15,mean_abs,1,490,896,847,858,0.4446016526,0.1210141394,0.005321840601,0.001021169446,8.747786283e-05,8.841377712e-05,0.001024502226,0.01433030969,0.00289259208,0.02454424193,0.3335192828,0.912938944,1.000254157,1.000702624,1.00015398,1.000192851,1.002906615,1.055075431,1.01519391,1.138018436,0.08782121585,0.09403936521,0.06443228857,0.04910638953,0.03508537273,0.03155380218,0.02734936026,0.02381761662,0.01846380293,0.01969158886,0.883463896,0.1581229333,0.1069862093,0.06477702156,44.716266,44.66035687,24.18162325,0.3860930494,2.494517557,49.27310165,0.9535045323,0.7105997549,0.5617423198,0.07337388494,0.8929782359,0.9702206377,0.8336159535,0.4367201658,0.9281297656,0.976311988,0.8890350927,0.9639990987,0.8231294695,0.4334315345,0.93918694,0.9850113767,0.16674271,0.5032795374,71.23431085,0.8992957026,0.9562258522,0.9556405372,0.9537431352,0.9068217748,0.9555335804,0.9562191669,0.953225141,0.9733212097,0.9328365382,0.2326308477,0.09100322043,0.05690913683,0.04335326115,0.03099188796,0.02787127002,0.02409214579,0.01994360189,0.01606796801,0.01528692968
KaLM-Embedding/KaLM-embedding-multilingual-mini-instruct-v2.5,15,mean_abs,3,490;392;524,896,847,858,0.4873880449,0.1750847179,0.006606328203,0.001669764941,0.03332550861,0.0249413656,0.02070985599,0.04880317384,0.08756186863,0.0418937741,0.2813211272,0.7722477988,0.9985751658,0.9997156139,0.9393821076,0.9707678931,0.9684363853,0.9723431961,0.9507889712,1.192245508,0.07612319148,0.08174492058,0.06610131438,0.05041335292,0.03386395302,0.03147164897,0.0271390047,0.02255643761,0.01777020465,0.02119987491,0.8597113578,0.1485006167,0.09909492812,0.06654090544,46.78242435,43.77849721,24.04962915,2.650713596,17.61374086,49.67302793,0.9564247276,0.684770687,0.49702495,0.09160979831,0.9031028875,0.9712619108,0.8501045667,0.4970174012,0.9293324057,0.9764633989,0.8971426939,0.9638186317,0.8411017653,0.4927668279,0.9400601709,0.9850357328,0.155571665,0.4965145044,73.86374642,0.9017901056,0.9566362656,0.9563067217,0.9549835314,0.9068217748,0.9555335804,0.9562191669,0.953225141,0.9733212097,0.9328365382,0.2326308477,0.09100322043,0.05690913683,0.04335326115,0.03099188796,0.02787127002,0.02409214579,0.01994360189,0.01606796801,0.01528692968
KaLM-Embedding/KaLM-embedding-multilingual-mini-instruct-v2.5,15,mean_abs,5,490;392;524;858;158,896,847,858,0.4909289986,0.1784809594,0.04137188099,0.07036361037,0.04011767996,0.07672236781,0.0249209501,0.05222658136,0.09032737372,0.04980714633,0.2774996883,0.7632810955,0.9380889719,0.872151935,0.927765928,0.8726323519,0.9622061952,0.9700273681,0.9540184639,1.17394214,0.07603182773,0.08181009468,0.06287697744,0.04453275344,0.03386507799,0.0286453212,0.02730293021,0.02278521922,0.01805441272,0.02113647635,0.8490521623,0.1493540734,0.09958393005,0.06559058325,46.96592917,42.69290611,24.62221553,11.60935618,18.7876312,49.74311807,0.956469064,0.6824331375,0.4917878633,0.1180754081,0.9031410456,0.9712772751,0.8671954624,0.5407800431,0.9384572019,0.9732784186,0.8968190968,0.9639770415,0.8592789845,0.5276959081,0.9504090666,0.9815733649,0.1564379025,0.4936927832,74.4979103,0.9035247996,0.9580081655,0.9577592305,0.9541168747,0.9068217748,0.9555335804,0.9562191669,0.953225141,0.9733212097,0.9328365382,0.2326308477,0.09100322043,0.05690913683,0.04335326115,0.03099188796,0.02787127002,0.02409214579,0.01994360189,0.01606796801,0.01528692968
KaLM-Embedding/KaLM-embedding-multilingual-mini-instruct-v2.5,15,mean_abs,10,490;392;524;858;158;173;690;315;697;761,896,847,858,0.505023474,0.205197989,0.06181330936,0.08480354182,0.05141872099,0.1133188639,0.0904050215,0.06723510172,0.1163277033,0.067927848,0.261128946,0.7054708643,0.8965171918,0.8465604496,0.9046437706,0.8064388645,0.8426626526,0.952759293,0.9284055672,1.118477972,0.07303716333,0.07718935679,0.06134260272,0.04412668729,0.03370910397,0.0270240096,0.02440904606,0.02284590508,0.01793578019,0.02055745185,0.8317224452,0.1475568224,0.09711771702,0.06538421759,47.52781283,42.46354185,25.47616298,15.7791959,21.72559815,49.87549664,0.9597560651,0.6752322349,0.4613232916,0.1008507183,0.910365042,0.9730531685,0.8768801778,0.574441958,0.9379624037,0.9690038408,0.9027796853,0.9653434346,0.8694256115,0.5597571034,0.9497742281,0.9769588502,0.1538735844,0.4908519546,75.48262872,0.9037576488,0.9579845695,0.9580295102,0.9542351129,0.9068217748,0.9555335804,0.9562191669,0.953225141,0.9733212097,0.9328365382,0.2326308477,0.09100322043,0.05690913683,0.04335326115,0.03099188796,0.02787127002,0.02409214579,0.01994360189,0.01606796801,0.01528692968
KaLM-Embedding/KaLM-embedding-multilingual-mini-instruct-v2.5,15,variance,1,490,896,847,858,0.4446016526,0.1210141394,0.005321840601,0.001021169446,8.747786283e-05,8.841377712e-05,0.001024502226,0.01433030969,0.00289259208,0.02454424193,0.3335192828,0.912938944,1.000254157,1.000702624,1.00015398,1.000192851,1.002906615,1.055075431,1.01519391,1.138018436,0.08782121585,0.09403936521,0.06443228857,0.04910638953,0.03508537273,0.03155380218,0.02734936026,0.02381761662,0.01846380293,0.01969158886,0.883463896,0.1581229333,0.1069862093,0.06477702156,44.716266,44.66035687,24.18162325,0.3860930494,2.494517557,49.27310165,0.9535045323,0.7105997549,0.5617423198,0.07337388494,0.8929782359,0.9702206377,0.8336159535,0.4367201658,0.9281297656,0.976311988,0.8890350927,0.9639990987,0.8231294695,0.4334315345,0.93918694,0.9850113767,0.16674271,0.5032795374,71.23431085,0.8992957026,0.9562258522,0.9556405372,0.9537431352,0.9068217748,0.9555335804,0.9562191669,0.953225141,0.9733212097,0.9328365382,0.2326308477,0.09100322043,0.05690913683,0.04335326115,0.03099188796,0.02787127002,0.02409214579,0.01994360189,0.01606796801,0.01528692968
KaLM-Embedding/KaLM-embedding-multilingual-mini-instruct-v2.5,15,variance,3,490;570;524,896,847,858,0.5863211793,0.5467884681,0.00846847655,0.00338337438,0.001895555585,0.02725031694,0.0168189304,0.03416228131,0.05315982584,0.08661479436,0.229894618,0.5742182663,1.0073123,0.9946539082,0.9994984984,0.9744648477,0.9747387753,0.9473663759,0.9968500167,0.9794046477,0.06647058461,0.06494820545,0.07124912357,0.05359535551,0.03850025182,0.03375641573,0.02918751466,0.02348307438,0.01990784128,0.01860869078,0.8045751395,0.1606816237,0.1433066038,0.07185764838,50.40799176,82.75994048,89.37390036,1.927077608,26.63011496,89.39732238,0.9908856207,0.6373165104,0.6219732238,0.09234731178,0.8477167502,0.9567004182,0.1588148791,0.1514752993,0.01253916841,0.01619893008,0.841632208,0.947195223,0.1209190093,0.1456809566,0.09672488393,0.1101591223,0.1634216172,0.4692454275,79.54406987,0.9042827122,0.956848977,0.9549219702,0.9633254069,0.9068217748,0.9555335804,0.9562191669,0.953225141,0.9733212097,0.9328365382,0.2326308477,0.09100322043,0.05690913683,0.04335326115,0.03099188796,0.02787127002,0.02409214579,0.01994360189,0.01606796801,0.01528692968
KaLM-Embedding/KaLM-embedding-multilingual-mini-instruct-v2.5,15,variance,5,490;570;524;370;170,896,847,858,0.6464341661,0.5957167326,0.05365641115,0.01773208446,0.004575117392,0.05830570185,0.0211295224,0.03966071716,0.05719865421,0.1005808455,0.1680806232,0.4395781424,0.9126264335,0.9678147982,0.9926887952,0.9062716204,0.966205969,0.9385912718,0.9608615484,0.8883608029,0.05017166789,0.05132942944,0.06664209295,0.05383783859,0.03947614533,0.03241072345,0.02986886944,0.02401893205,0.01981049642,0.01742541949,0.7793390075,0.1419019121,0.1269640215,0.07042061017,54.02773979,84.58151195,84.93662487,12.05225269,33.9875086,89.15056102,0.9878567887,0.5873934972,0.5880049939,0.003564154457,0.8430123099,0.9540336356,0.121317849,0.1045435942,0.1020716153,0.1009717826,0.838505651,0.9463759114,0.08600177747,0.1041066469,0.1911466782,0.1976830838,0.144921001,0.455328674,84.7013219,0.9028448881,0.9576356372,0.9563835298,0.9632376899,0.9068217748,0.9555335804,0.9562191669,0.953225141,0.9733212097,0.9328365382,0.2326308477,0.09100322043,0.05690913683,0.04335326115,0.03099188796,0.02787127002,0.02409214579,0.01994360189,0.01606796801,0.01528692968
KaLM-Embedding/KaLM-embedding-multilingual-mini-instruct-v2.5,15,variance,10,490;570;524;370;170;280;60;821;158;761,896,847,858,0.7010324898,0.6484089053,0.112587301,0.08360626747,0.02566687359,0.1677768793,0.03565553488,0.08825213048,0.07468747675,0.1163412008,0.1205643116,0.3188442299,0.8050353665,0.8496638806,0.9544313858,0.7361245015,0.9438539284,0.861122321,0.9266039525,0.8418026745,0.03779556233,0.03910119774,0.06173787765,0.04963907338,0.03986093514,0.02764793942,0.03064326292,0.02314318784,0.02006364542,0.01734144594,0.7420706633,0.1264203,0.1112121391,0.06957064928,57.36982085,84.48162162,85.69423549,18.95607322,40.24081837,88.7043604,0.9861648659,0.5392144515,0.5399813993,0.02020421817,0.8389998572,0.9527483514,0.127366387,0.09810368488,0.08939259276,0.08038849342,0.8319824344,0.943539716,0.09144781873,0.09070453375,0.006174363571,-0.01844286937,0.1294855522,0.4398810788,90.50608657,0.9056185301,0.9607004215,0.9567478186,0.9649378743,0.9068217748,0.9555335804,0.9562191669,0.953225141,0.9733212097,0.9328365382,0.2326308477,0.09100322043,0.05690913683,0.04335326115,0.03099188796,0.02787127002,0.02409214579,0.01994360189,0.01606796801,0.01528692968
KaLM-Embedding/KaLM-embedding-multilingual-mini-instruct-v2.5,16,mean_abs,1,490,896,847,858,0.452775522,0.1340890501,0.009913182265,0.001138590312,0.0001218204925,0.001095376137,0.001973752065,0.006446457025,0.0023726947,0.004439292844,0.3238619856,0.9306486235,0.9996461108,1.00068219,1.000223013,1.002311883,1.005433636,1.024095507,1.011729813,1.023565575,0.08422398329,0.082701853,0.06705777711,0.05073121035,0.03440593237,0.03212997062,0.02787413045,0.02351834207,0.01919935311,0.01845456726,0.8835730776,0.1539112132,0.09550849658,0.0677291889,44.34792821,61.13804844,58.61781705,0.4159454869,6.467940601,51.38837227,0.9666940242,0.7151082555,0.5402985948,0.1126677648,0.9101497544,0.9711140547,0.5437310285,0.3238791685,0.5605844017,0.8350467231,0.9086037262,0.9657154638,0.5031157934,0.3482241016,0.5963384915,0.8466733229,0.1605438501,0.4919720724,72.48373351,0.9102565869,0.9602235306,0.9573722347,0.9566948076,0.9165389008,0.9595980265,0.9603327363,0.9559192528,0.9707336614,0.9333396055,0.2297832022,0.07851849659,0.05927142201,0.04479417352,0.03039337744,0.02832369595,0.02449573034,0.02029124602,0.01676735359,0.0159305463
KaLM-Embedding/KaLM-embedding-multilingual-mini-instruct-v2.5,16,mean_abs,3,490;524;392,896,847,858,0.5039412357,0.186751925,0.01013358522,0.003302896976,0.03300930786,0.04915570585,0.01163469193,0.02631920773,0.05839044859,0.01987264482,0.2638620931,0.7794612235,1.000582881,0.9985418988,0.9377609646,0.9277506938,0.9844732143,0.9747507007,0.9617408856,1.04169514,0.07059747753,0.07126239164,0.06905455301,0.05208128894,0.03318677244,0.0305967371,0.02807942434,0.02303011867,0.01877658058,0.01932258429,0.8588278054,0.1423167629,0.0876268802,0.06976148698,47.08482097,61.01671857,59.15932417,3.688206915,18.80358668,51.87585064,0.9667769394,0.6809149133,0.4785553463,0.1402622293,0.9152759424,0.9725820905,0.5475740169,0.3459598988,0.5520894593,0.8339297346,0.9112303076,0.9660686655,0.5085055312,0.3700968039,0.588701282,0.8472394981,0.1480791042,0.4843973794,75.36550668,0.9120821862,0.9607749463,0.9584221878,0.9579489584,0.9165389008,0.9595980265,0.9603327363,0.9559192528,0.9707336614,0.9333396055,0.2297832022,0.07851849659,0.05927142201,0.04479417352,0.03039337744,0.02832369595,0.02449573034,0.02029124602,0.01676735359,0.0159305463
KaLM-Embedding/KaLM-embedding-multilingual-mini-instruct-v2.5,16,mean_abs,5,490;524;392;690;858,896,847,858,0.5060264696,0.1908247541,0.02180838823,0.03200315726,0.03643409629,0.05258230064,0.0270971729,0.02907495469,0.07109101116,0.0223413763,0.2615474389,0.7703309499,0.9800687854,0.9413789808,0.9317199624,0.9234214288,0.9552068968,0.9702240804,0.9363077796,1.0350944,0.07045296008,0.07090548275,0.06809769309,0.04943294911,0.03319669586,0.03066058013,0.0274295282,0.02307869574,0.01840406042,0.0193304126,0.8530402125,0.1426249703,0.087626856,0.06961590374,47.18369013,59.67294972,57.12121284,6.043989571,19.06658902,51.64028179,0.9670158052,0.6796501409,0.47402949,0.1498832876,0.9158228948,0.9728747813,0.5725547108,0.3536238131,0.5876450434,0.8847686579,0.9113377177,0.9659947992,0.5331211341,0.3751353087,0.6293180173,0.8961568151,0.1483530922,0.4835907446,75.58795343,0.9115166275,0.9608827259,0.958379944,0.957129905,0.9165389008,0.9595980265,0.9603327363,0.9559192528,0.9707336614,0.9333396055,0.2297832022,0.07851849659,0.05927142201,0.04479417352,0.03039337744,0.02832369595,0.02449573034,0.02029124602,0.01676735359,0.0159305463
KaLM-Embedding/KaLM-embedding-multilingual-mini-instruct-v2.5,16,mean_abs,10,490;524;392;690;858;158;173;280;315;399,896,847,858,0.5466582613,0.2340698734,0.04080397099,0.1075214459,0.04331626359,0.1781325661,0.09570528876,0.03246981546,0.1077047272,0.06494341629,0.2199089711,0.668113531,0.9474070691,0.8054462625,0.9189156019,0.7594618223,0.8324507839,0.9637908883,0.8705418328,1.014194639,0.06142291922,0.0637663373,0.06825762873,0.04385582929,0.03394875233,0.02614719465,0.0247866702,0.02377172852,0.01774285068,0.01963908314,0.8226796807,0.1354892214,0.0832534654,0.07116129202,49.42796931,59.59066676,57.15836001,10.34101734,25.0883828,52.26015535,0.9659841809,0.6504034965,0.4247646807,0.1902101281,0.9159088904,0.9708262022,0.5827603835,0.3768925669,0.5883419076,0.905068617,0.9089053181,0.9609595241,0.5459595213,0.3968845395,0.6351298348,0.9160350329,0.1408473538,0.4743097566,78.3378101,0.9122871746,0.963064082,0.9613850298,0.9598580281,0.9165389008,0.9595980265,0.9603327363,0.9559192528,0.9707336614,0.9333396055,0.2297832022,0.07851849659,0.05927142201,0.04479417352,0.03039337744,0.02832369595,0.02449573034,0.02029124602,0.01676735359,0.0159305463
KaLM-Embedding/KaLM-embedding-multilingual-mini-instruct-v2.5,16,variance,1,490,896,847,858,0.452775522,0.1340890501,0.009913182265,0.001138590312,0.0001218204925,0.001095376137,0.001973752065,0.006446457025,0.0023726947,0.004439292844,0.3238619856,0.9306486235,0.9996461108,1.00068219,1.000223013,1.002311883,1.005433636,1.024095507,1.011729813,1.023565575,0.08422398329,0.082701853,0.06705777711,0.05073121035,0.03440593237,0.03212997062,0.02787413045,0.02351834207,0.01919935311,0.01845456726,0.8835730776,0.1539112132,0.09550849658,0.0677291889,44.34792821,61.13804844,58.61781705,0.4159454869,6.467940601,51.38837227,0.9666940242,0.7151082555,0.5402985948,0.1126677648,0.9101497544,0.9711140547,0.5437310285,0.3238791685,0.5605844017,0.8350467231,0.9086037262,0.9657154638,0.5031157934,0.3482241016,0.5963384915,0.8466733229,0.1605438501,0.4919720724,72.48373351,0.9102565869,0.9602235306,0.9573722347,0.9566948076,0.9165389008,0.9595980265,0.9603327363,0.9559192528,0.9707336614,0.9333396055,0.2297832022,0.07851849659,0.05927142201,0.04479417352,0.03039337744,0.02832369595,0.02449573034,0.02029124602,0.01676735359,0.0159305463
KaLM-Embedding/KaLM-embedding-multilingual-mini-instruct-v2.5,16,variance,3,490;570;524,896,847,858,0.5468188162,0.6351877739,0.01651187761,0.003045226959,0.0001371302088,0.07013297354,0.0119915204,0.0216920316,0.02692364968,0.02562164312,0.2479836701,0.4699475857,1.006524984,0.9976331011,1.000120412,0.903646143,0.98090616,0.9663815302,1.008513786,1.016072197,0.06993568606,0.04528755529,0.07321960559,0.05484661857,0.03730686312,0.03141273872,0.02949003808,0.02406660425,0.02075409695,0.01986610453,0.8147840541,0.1543216898,0.1241393573,0.07444889666,47.94997614,79.70098949,89.41823207,1.875676558,31.15007716,89.65706866,0.9949372861,0.669779177,0.5200902327,0.1418256262,0.9011985423,0.9682691416,0.2054516515,0.2548419687,0.01170496775,0.01027089889,0.8972495178,0.9604344048,0.1773359957,0.2738388956,0.09616220146,0.1150175591,0.1557751142,0.4660464636,78.9438631,0.9132748259,0.9608502939,0.9574360907,0.9615875087,0.9165389008,0.9595980265,0.9603327363,0.9559192528,0.9707336614,0.9333396055,0.2297832022,0.07851849659,0.05927142201,0.04479417352,0.03039337744,0.02832369595,0.02449573034,0.02029124602,0.01676735359,0.0159305463
KaLM-Embedding/KaLM-embedding-multilingual-mini-instruct-v2.5,16,variance,5,490;570;524;280;170,896,847,858,0.6061099236,0.6667080444,0.06483593288,0.01597654245,0.0002114063721,0.1882453119,0.01301699356,0.02444859054,0.03043036274,0.0297914475,0.1889904192,0.378569972,0.9012134944,0.9726570306,0.9999861772,0.7287966158,0.9801663903,0.9647300744,0.9804151941,1.031101852,0.0550638927,0.03769007337,0.06773012501,0.05524463426,0.03853734621,0.02617369971,0.03044381285,0.02482123454,0.02084411212,0.02082768883,0.7886624355,0.1397950748,0.1130842576,0.07242592759,51.40252592,81.74009497,85.61411205,13.18836947,36.61061211,89.87565831,0.9940066229,0.6238451423,0.500364847,0.06891318123,0.8957550745,0.9666633213,0.1684578857,0.2004828757,0.08870393286,0.08294059717,0.8931369233,0.9583809108,0.1415178661,0.2233448907,0.1794687576,0.1935760578,0.1413195231,0.453662356,83.2757705,0.9134163448,0.9629619958,0.9599821996,0.9633306408,0.9165389008,0.9595980265,0.9603327363,0.9559192528,0.9707336614,0.9333396055,0.2297832022,0.07851849659,0.05927142201,0.04479417352,0.03039337744,0.02832369595,0.02449573034,0.02029124602,0.01676735359,0.0159305463
KaLM-Embedding/KaLM-embedding-multilingual-mini-instruct-v2.5,16,variance,10,490;570;524;280;170;370;821;60;761;158,896,847,858,0.6732969922,0.710596145,0.1245499313,0.1144021761,0.01792201032,0.2292310577,0.03497707082,0.07352413209,0.0643748926,0.04420510716,0.1301410449,0.2669191718,0.7929987339,0.7951384568,0.9677902007,0.6588033108,0.9390772397,0.8868610856,0.9152760301,0.9775634566,0.03983687983,0.02791929791,0.06261387607,0.04744790431,0.03918437576,0.02485755708,0.03064392959,0.02397270627,0.0204441642,0.02074571351,0.7506668739,0.1219360669,0.09647175539,0.07152192718,55.41855016,81.44859467,83.91685968,19.63183976,42.98072554,89.02423287,0.9929980294,0.5675772155,0.4546963943,0.08189646736,0.8935818059,0.9655046834,0.1796249747,0.2015781212,0.1286165532,0.1317621635,0.8874641657,0.9559648489,0.1564142542,0.221157951,0.05146007469,0.03079747968,0.1234958311,0.4362413924,89.37159862,0.9147649823,0.9648038658,0.9596848819,0.9625595474,0.9165389008,0.9595980265,0.9603327363,0.9559192528,0.9707336614,0.9333396055,0.2297832022,0.07851849659,0.05927142201,0.04479417352,0.03039337744,0.02832369595,0.02449573034,0.02029124602,0.01676735359,0.0159305463
KaLM-Embedding/KaLM-embedding-multilingual-mini-instruct-v2.5,17,mean_abs,1,490,896,847,858,0.4412016941,0.1932339236,0.007562834502,0.0005164355788,0.0007903056123,9.083026359e-05,0.002247755519,0.0005261420768,0.004843899697,0.001920891011,0.3396021041,0.9595771555,0.9990828569,1.000368785,1.001543309,1.000183366,1.005688559,1.00193372,1.0212841,1.009509501,0.08411791403,0.06678445101,0.06627988581,0.04593878336,0.03157980852,0.03101915266,0.02766532991,0.02200373072,0.01990758334,0.01810234402,0.8891763221,0.1505335881,0.08278044028,0.06678496948,42.77352096,78.18629051,87.47747104,0.05494322765,23.54544848,79.79136119,0.981961424,0.7340437875,0.5321360424,0.1013891863,0.9291538965,0.9695476521,0.2094914995,0.09253236879,0.05276223897,0.05124520687,0.9265350006,0.9629068543,0.1647812515,0.1162271764,-0.0005108082201,-0.04199941125,0.154591906,0.4580885116,81.68986823,0.9204664311,0.9699354157,0.9669823719,0.97047904,0.9259523163,0.9681188809,0.9691423194,0.9662842538,0.9748281808,0.9431749125,0.2202449764,0.06188470847,0.05898860609,0.04083261998,0.02803674861,0.02757643949,0.02446021292,0.01952743576,0.01733244622,0.01594455096
KaLM-Embedding/KaLM-embedding-multilingual-mini-instruct-v2.5,17,mean_abs,3,490;524;392,896,847,858,0.5171837016,0.2414671944,0.008961587355,0.0008240451915,0.03694868257,0.03472231934,0.007958023636,0.01602371317,0.02761922175,0.003197783777,0.2533074249,0.774488761,0.9992381598,1.000211555,0.9503596511,0.9605069842,0.9897837039,0.9733363709,0.9814870176,1.00955405,0.0647243784,0.05560481834,0.06838346483,0.04738196541,0.03091217718,0.03072930061,0.02808759079,0.02205068711,0.01973596552,0.01867479424,0.8619578774,0.1340559103,0.07330575281,0.06900183076,47.12480031,77.67671501,87.65139729,3.843484522,32.13763745,80.00650819,0.9792097346,0.6804037262,0.4777750294,0.1433306166,0.9258154158,0.9656997185,0.2190562209,0.1163149361,0.04914468581,0.04787897588,0.9186846801,0.9552497063,0.1756376583,0.1404378756,-0.002895006223,-0.04404942851,0.1380080816,0.4476178123,85.98185522,0.9217650792,0.9705399339,0.9680108157,0.9718482932,0.9259523163,0.9681188809,0.9691423194,0.9662842538,0.9748281808,0.9431749125,0.2202449764,0.06188470847,0.05898860609,0.04083261998,0.02803674861,0.02757643949,0.02446021292,0.01952743576,0.01733244622,0.01594455096
KaLM-Embedding/KaLM-embedding-multilingual-mini-instruct-v2.5,17,mean_abs,5,490;524;392;690;858,896,847,858,0.5182794005,0.2442715386,0.01685556911,0.03150437071,0.04342796964,0.03758304574,0.01719151784,0.01790628349,0.02865123076,0.006588365032,0.2521756976,0.7686048473,0.9850482507,0.9402257556,0.9383941638,0.9559189103,0.9717826858,0.969968494,0.9791123064,1.003169359,0.06480386356,0.05549810128,0.06779806431,0.04479515536,0.03069761269,0.03075749071,0.02773454508,0.02210011342,0.01980085882,0.01866286042,0.8570543101,0.1345258302,0.07343656368,0.06896043163,47.18283298,77.12980496,85.75340668,6.230099584,32.20776036,79.04333264,0.9792527827,0.6796611146,0.4757131295,0.1478176772,0.9258454033,0.9656107323,0.2294049625,0.1167231944,0.09017441751,0.08854613721,0.9183845129,0.9548673989,0.1849541758,0.1391861955,0.04515539497,0.006596545693,0.1384859024,0.4470965058,86.1499805,0.9211417624,0.9706293856,0.9678094155,0.971915358,0.9259523163,0.9681188809,0.9691423194,0.9662842538,0.9748281808,0.9431749125,0.2202449764,0.06188470847,0.05898860609,0.04083261998,0.02803674861,0.02757643949,0.02446021292,0.01952743576,0.01733244622,0.01594455096
KaLM-Embedding/KaLM-embedding-multilingual-mini-instruct-v2.5,17,mean_abs,10,490;524;392;690;858;158;173;280;473;67,896,847,858,0.5685522564,0.2795888937,0.03902684436,0.0981181106,0.08846726017,0.1399370374,0.09141920491,0.03498961974,0.08056817311,0.03147678557,0.2029746655,0.6608288396,0.9442445879,0.8193449271,0.9009174051,0.8360574113,0.8393605073,0.939409449,0.8846902373,0.9605636292,0.05411941773,0.04950825362,0.06743073721,0.04050226265,0.03057862088,0.02791126773,0.02485501526,0.02220779356,0.01856335054,0.01854145029,0.8260279266,0.1254367847,0.06872222428,0.07016922045,50.13054874,76.91780352,80.18721003,10.15275121,32.44357828,60.63285556,0.9759360748,0.6410405062,0.4345311978,0.1778735968,0.9197252426,0.9587557711,0.2359287765,0.127200701,0.2125181395,0.314426307,0.9079247001,0.9427640441,0.1949444386,0.1456267538,0.2258480321,0.2651007693,0.1295287021,0.4360244737,89.63106365,0.9219282261,0.9725622434,0.970569966,0.9715231581,0.9259523163,0.9681188809,0.9691423194,0.9662842538,0.9748281808,0.9431749125,0.2202449764,0.06188470847,0.05898860609,0.04083261998,0.02803674861,0.02757643949,0.02446021292,0.01952743576,0.01733244622,0.01594455096
KaLM-Embedding/KaLM-embedding-multilingual-mini-instruct-v2.5,17,variance,1,490,896,847,858,0.4412016941,0.1932339236,0.007562834502,0.0005164355788,0.0007903056123,9.083026359e-05,0.002247755519,0.0005261420768,0.004843899697,0.001920891011,0.3396021041,0.9595771555,0.9990828569,1.000368785,1.001543309,1.000183366,1.005688559,1.00193372,1.0212841,1.009509501,0.08411791403,0.06678445101,0.06627988581,0.04593878336,0.03157980852,0.03101915266,0.02766532991,0.02200373072,0.01990758334,0.01810234402,0.8891763221,0.1505335881,0.08278044028,0.06678496948,42.77352096,78.18629051,87.47747104,0.05494322765,23.54544848,79.79136119,0.981961424,0.7340437875,0.5321360424,0.1013891863,0.9291538965,0.9695476521,0.2094914995,0.09253236879,0.05276223897,0.05124520687,0.9265350006,0.9629068543,0.1647812515,0.1162271764,-0.0005108082201,-0.04199941125,0.154591906,0.4580885116,81.68986823,0.9204664311,0.9699354157,0.9669823719,0.97047904,0.9259523163,0.9681188809,0.9691423194,0.9662842538,0.9748281808,0.9431749125,0.2202449764,0.06188470847,0.05898860609,0.04083261998,0.02803674861,0.02757643949,0.02446021292,0.01952743576,0.01733244622,0.01594455096
KaLM-Embedding/KaLM-embedding-multilingual-mini-instruct-v2.5,17,variance,3,490;570;524,896,847,858,0.5333679779,0.6759719617,0.008449241457,0.004562540622,0.01520138261,0.02908609172,0.009015216758,0.005601902835,0.02114058063,0.01589114352,0.2499488089,0.4704286655,0.998757967,0.9935121923,0.9954741848,0.9723599107,0.9844987234,0.9940696432,0.9861367257,0.9901499399,0.06616838854,0.03499214796,0.07081444661,0.04876114814,0.03354680196,0.03222988174,0.02894468753,0.02333219001,0.02054425843,0.01897609009,0.8319678133,0.141799931,0.1079911113,0.07141787346,47.18891499,84.29681104,89.04139475,1.99967959,33.34938321,88.59336876,0.9948449377,0.6795832461,0.4827554504,0.1419095322,0.9245925428,0.9652744173,0.1024513613,0.07892813973,0.02014576675,0.01208158896,0.9173406862,0.9546319881,0.06879840224,0.1035314095,0.09502584348,0.1191748931,0.143015807,0.4365795538,88.04869513,0.9218216213,0.970266187,0.9678138061,0.9714817417,0.9259523163,0.9681188809,0.9691423194,0.9662842538,0.9748281808,0.9431749125,0.2202449764,0.06188470847,0.05898860609,0.04083261998,0.02803674861,0.02757643949,0.02446021292,0.01952743576,0.01733244622,0.01594455096
KaLM-Embedding/KaLM-embedding-multilingual-mini-instruct-v2.5,17,variance,5,490;570;524;280;170,896,847,858,0.5939616448,0.7044080086,0.04886818922,0.01035052869,0.05059550894,0.09481220312,0.02723589046,0.01030169474,0.03382542027,0.01591653158,0.190598202,0.3703491913,0.913976784,0.9825351935,0.9480843507,0.8748802393,0.9553765443,0.9863445367,0.945748112,0.9903354973,0.05195681393,0.02836693744,0.06672998066,0.04965615214,0.03289972945,0.02986101048,0.02892361077,0.02383919368,0.02028864509,0.01954394986,0.807945933,0.1279603596,0.09596652909,0.07015849949,50.64991752,85.60359274,87.39647884,12.66618635,38.42214014,88.37105259,0.9950497712,0.6340570476,0.4571055647,0.08523899579,0.9213965685,0.9650404581,0.08026299906,0.04530133747,0.05483797251,0.0460145702,0.9138220412,0.9532460264,0.0508000938,0.07629162282,0.1328789413,0.1561663207,0.1290883945,0.4245318072,92.49165318,0.9219702025,0.9716839235,0.9692439416,0.972850732,0.9259523163,0.9681188809,0.9691423194,0.9662842538,0.9748281808,0.9431749125,0.2202449764,0.06188470847,0.05898860609,0.04083261998,0.02803674861,0.02757643949,0.02446021292,0.01952743576,0.01733244622,0.01594455096
KaLM-Embedding/KaLM-embedding-multilingual-mini-instruct-v2.5,17,variance,10,490;570;524;280;170;370;60;761;821;158,896,847,858,0.6657221966,0.742643621,0.09759415374,0.1119021186,0.06924031131,0.1520968519,0.03729806457,0.04873581946,0.05603989012,0.03086707122,0.129557678,0.2572753144,0.8240626472,0.8001784963,0.9213173893,0.7618116836,0.9345486537,0.9273922143,0.9067226061,0.9633987323,0.03693216312,0.0206071079,0.06291641103,0.04228922255,0.03343278027,0.02719076328,0.0295867817,0.02343927862,0.0203408868,0.01988171947,0.7726172885,0.1104834445,0.08007226394,0.06972074847,54.94317407,85.75152339,84.7467368,18.17215804,44.65449388,88.02543891,0.9934637694,0.5743885887,0.4146911869,0.0946386387,0.9175985241,0.9635686109,0.07945280737,0.03526265986,0.1160295532,0.1260119271,0.9062315968,0.9490791741,0.05404671627,0.05811839007,0.04798626275,0.02751031622,0.1116986138,0.4070835386,98.74366539,0.9233456586,0.9729374594,0.9697641162,0.9722701847,0.9259523163,0.9681188809,0.9691423194,0.9662842538,0.9748281808,0.9431749125,0.2202449764,0.06188470847,0.05898860609,0.04083261998,0.02803674861,0.02757643949,0.02446021292,0.01952743576,0.01733244622,0.01594455096
KaLM-Embedding/KaLM-embedding-multilingual-mini-instruct-v2.5,18,mean_abs,1,490,896,847,858,0.3506514845,0.05616038656,0.1097761154,0.1062597206,0.005339182866,7.876832619e-05,0.002082312876,0.0005349960744,0.005149612212,0.002726072808,0.454801284,0.9392140571,0.9550230934,0.9756880804,1.001823554,1.00006009,1.002224693,1.000651945,1.007998989,1.006046852,0.08074688133,0.08089784491,0.04746593104,0.04353973912,0.03381679586,0.02860942329,0.02581663648,0.02457307754,0.02242172693,0.01885119208,0.9267502978,0.1243506059,0.08571143207,0.05331909406,38.45025432,27.06131588,42.34507731,0.4149765183,16.92419346,53.26846791,0.9718631349,0.7831483452,0.3704267577,0.2770054876,0.9222390237,0.9420761455,0.9277793807,0.9264604643,0.7578504407,0.8300697545,0.9235394201,0.939317578,0.933927252,0.9296382645,0.7534789875,0.8213660666,0.128028057,0.4369195808,87.91188263,0.9385746564,0.9757792222,0.9763269696,0.9776028422,0.9445483277,0.9761760115,0.9759775163,0.9774902241,0.9765005638,0.9577519899,0.1645382257,0.07982429703,0.04606073511,0.0413559077,0.03128267998,0.02651219844,0.02387246663,0.02275826979,0.02061444737,0.01736534223
KaLM-Embedding/KaLM-embedding-multilingual-mini-instruct-v2.5,18,mean_abs,3,490;690;524,896,847,858,0.4118209557,0.06020018896,0.1202184901,0.1556415564,0.01633409905,0.002918917069,0.01760780669,0.02246040857,0.009834649534,0.008369761591,0.3752577284,0.9377702769,0.9132055798,0.8242205498,0.9939548785,0.9968229167,0.9715511781,0.9733235057,0.9938912614,0.998271329,0.06790441584,0.08232526332,0.04625950525,0.03748716158,0.03419575399,0.02906466475,0.02550730294,0.02436116289,0.02253264276,0.01906485503,0.9092816726,0.1154485467,0.08759872299,0.05258067455,43.34922003,33.28052759,43.37836797,1.893922873,21.60507468,54.31553231,0.948176406,0.7271833358,0.4756314575,0.2448367616,0.8899501933,0.908094603,0.8867601171,0.880795559,0.7497051886,0.8187018327,0.8881797574,0.9025362552,0.8907416838,0.8826885111,0.7424514524,0.8081458833,0.1208160979,0.4300432371,90.3263463,0.9376993603,0.9756065171,0.9765519292,0.977787487,0.9445483277,0.9761760115,0.9759775163,0.9774902241,0.9765005638,0.9577519899,0.1645382257,0.07982429703,0.04606073511,0.0413559077,0.03128267998,0.02651219844,0.02387246663,0.02275826979,0.02061444737,0.01736534223
KaLM-Embedding/KaLM-embedding-multilingual-mini-instruct-v2.5,18,mean_abs,5,490;690;524;392;158,896,847,858,0.4134342492,0.0702636429,0.14756556,0.1706264232,0.02152199329,0.0210616991,0.04194731345,0.03774650517,0.0136162489,0.02601957908,0.3735187733,0.9200015995,0.8521957867,0.8031620383,0.9850956536,0.9633447363,0.9274374674,0.9453280336,0.9869620397,0.9693489439,0.06817500722,0.081464732,0.04354278425,0.03684568871,0.03418442686,0.02833175115,0.02455997272,0.02386534554,0.02256930024,0.0186727996,0.9014757569,0.1162273916,0.08762132553,0.05108050802,43.42788366,33.84704545,43.14599754,6.707610681,23.43493467,54.32632518,0.9482480054,0.7262402057,0.4766062942,0.241659884,0.8894319751,0.907815499,0.8878150842,0.8826824186,0.765523805,0.8390142135,0.8871886872,0.9020840332,0.8936932273,0.8864037684,0.7574762216,0.8246305838,0.1216880294,0.428829206,90.70970948,0.9396222805,0.9762074149,0.9772191056,0.9780444511,0.9445483277,0.9761760115,0.9759775163,0.9774902241,0.9765005638,0.9577519899,0.1645382257,0.07982429703,0.04606073511,0.0413559077,0.03128267998,0.02651219844,0.02387246663,0.02275826979,0.02061444737,0.01736534223
KaLM-Embedding/KaLM-embedding-multilingual-mini-instruct-v2.5,18,mean_abs,10,490;690;524;392;158;173;858;280;412;882,896,847,858,0.4515803568,0.08204882725,0.1802684406,0.2245548424,0.05061531217,0.04161662132,0.05861505512,0.06160156005,0.03158471602,0.05476957467,0.3284281621,0.8982314552,0.7906423782,0.6827709888,0.9391491054,0.9275207623,0.8991342141,0.917488248,0.9505103803,0.9190096928,0.06139010412,0.08145439688,0.04137158158,0.03207774178,0.03337564529,0.02793576392,0.02438445138,0.02372088685,0.02225972173,0.01812986661,0.8802556672,0.1119400169,0.08873499953,0.05046967035,46.42078658,37.3857694,45.21574538,9.955247841,26.28039282,55.80595559,0.9308668102,0.6893567729,0.5236807727,0.246619556,0.8653016447,0.8813727451,0.8627324839,0.8541568616,0.7633127684,0.8303871308,0.8613080433,0.8749198796,0.8657786638,0.8551475027,0.7527530898,0.8178975242,0.1186345031,0.4244014714,92.46118626,0.9395490538,0.9763178389,0.9775231817,0.9784844555,0.9445483277,0.9761760115,0.9759775163,0.9774902241,0.9765005638,0.9577519899,0.1645382257,0.07982429703,0.04606073511,0.0413559077,0.03128267998,0.02651219844,0.02387246663,0.02275826979,0.02061444737,0.01736534223
KaLM-Embedding/KaLM-embedding-multilingual-mini-instruct-v2.5,18,variance,1,490,896,847,858,0.3506514845,0.05616038656,0.1097761154,0.1062597206,0.005339182866,7.876832619e-05,0.002082312876,0.0005349960744,0.005149612212,0.002726072808,0.454801284,0.9392140571,0.9550230934,0.9756880804,1.001823554,1.00006009,1.002224693,1.000651945,1.007998989,1.006046852,0.08074688133,0.08089784491,0.04746593104,0.04353973912,0.03381679586,0.02860942329,0.02581663648,0.02457307754,0.02242172693,0.01885119208,0.9267502978,0.1243506059,0.08571143207,0.05331909406,38.45025432,27.06131588,42.34507731,0.4149765183,16.92419346,53.26846791,0.9718631349,0.7831483452,0.3704267577,0.2770054876,0.9222390237,0.9420761455,0.9277793807,0.9264604643,0.7578504407,0.8300697545,0.9235394201,0.939317578,0.933927252,0.9296382645,0.7534789875,0.8213660666,0.128028057,0.4369195808,87.91188263,0.9385746564,0.9757792222,0.9763269696,0.9776028422,0.9445483277,0.9761760115,0.9759775163,0.9774902241,0.9765005638,0.9577519899,0.1645382257,0.07982429703,0.04606073511,0.0413559077,0.03128267998,0.02651219844,0.02387246663,0.02275826979,0.02061444737,0.01736534223
KaLM-Embedding/KaLM-embedding-multilingual-mini-instruct-v2.5,18,variance,3,490;570;524,896,847,858,0.42020406,0.06236556124,0.222310383,0.3995510474,0.04807645588,0.003940131597,0.02152953361,0.0245851839,0.01134678977,0.03681448104,0.3734349262,0.9419526756,0.8562591161,0.6286343715,0.9707430413,0.996013365,0.9620373918,0.9805384059,1.003303122,0.9599924299,0.06909583727,0.08455403295,0.04435128561,0.02923518326,0.03414903047,0.02969484399,0.02582613325,0.02509423673,0.02325808753,0.01874654744,0.8892622567,0.1191726821,0.09017803683,0.05702954577,43.47914767,33.05236305,41.66974591,1.324702618,20.13663182,53.33336992,0.952959752,0.7256248439,0.4784494894,0.2533726025,0.8874488761,0.9071455943,0.8891775838,0.8833301459,0.770424102,0.8301848481,0.8859748903,0.9011914063,0.8931641674,0.8854220384,0.7631013831,0.8195623463,0.1237013815,0.4305494142,90.75441436,0.9393202979,0.9754616248,0.9764242699,0.9776518877,0.9445483277,0.9761760115,0.9759775163,0.9774902241,0.9765005638,0.9577519899,0.1645382257,0.07982429703,0.04606073511,0.0413559077,0.03128267998,0.02651219844,0.02387246663,0.02275826979,0.02061444737,0.01736534223
KaLM-Embedding/KaLM-embedding-multilingual-mini-instruct-v2.5,18,variance,5,490;570;524;170;280,896,847,858,0.5051459449,0.08813613376,0.2359344163,0.4368285131,0.09013213215,0.01076222378,0.04036792408,0.03562576552,0.01482435269,0.03950626601,0.2726519945,0.8773948108,0.7983526266,0.558714213,0.8832479762,0.9872588693,0.9330155707,0.9679720854,0.9941011037,0.9538977874,0.05180775625,0.08088154882,0.04246634837,0.0266837321,0.03190846393,0.03022707201,0.02572204428,0.0254402497,0.02366581949,0.01912953807,0.865925851,0.1046930013,0.08869914886,0.05557945454,49.5313202,37.3758325,41.58953131,9.750667838,25.5355936,54.42137263,0.9226303406,0.6490322826,0.5212699425,0.1983646236,0.8543616588,0.8749848332,0.8510590932,0.8402338936,0.7777262061,0.8369933216,0.8516121111,0.8668820771,0.8517842156,0.8388017765,0.7659925773,0.8216148713,0.1096567076,0.419252364,94.88673023,0.939247597,0.9756306593,0.9770814014,0.978597773,0.9445483277,0.9761760115,0.9759775163,0.9774902241,0.9765005638,0.9577519899,0.1645382257,0.07982429703,0.04606073511,0.0413559077,0.03128267998,0.02651219844,0.02387246663,0.02275826979,0.02061444737,0.01736534223
KaLM-Embedding/KaLM-embedding-multilingual-mini-instruct-v2.5,18,variance,10,490;570;524;170;280;821;370;158;60;266,896,847,858,0.5506045597,0.122050266,0.3342568174,0.4908073604,0.1094159625,0.05205057234,0.06838467059,0.05236617164,0.04620098209,0.06196903122,0.2274148621,0.8204011241,0.5982552879,0.4558179388,0.8529028589,0.9124080849,0.8802621789,0.9383195781,0.9412958842,0.912092631,0.04457472692,0.07801253445,0.03282618772,0.02245597976,0.03178385421,0.02881627928,0.0250329698,0.02543859128,0.02311537239,0.01886797671,0.8394541144,0.0991882047,0.08885763208,0.04930758373,54.00027037,45.2344864,43.3068395,16.61687348,31.851979,56.30430806,0.8768020041,0.5877814347,0.6153486742,0.1718025459,0.7954615024,0.8116513625,0.7904453053,0.7716336466,0.8008405403,0.8644404192,0.7915025706,0.8030415866,0.7928894311,0.7736034611,0.7908201686,0.8505792115,0.1070195806,0.4083142144,98.26353807,0.940460265,0.9762075521,0.9777012236,0.9791517714,0.9445483277,0.9761760115,0.9759775163,0.9774902241,0.9765005638,0.9577519899,0.1645382257,0.07982429703,0.04606073511,0.0413559077,0.03128267998,0.02651219844,0.02387246663,0.02275826979,0.02061444737,0.01736534223
KaLM-Embedding/KaLM-embedding-multilingual-mini-instruct-v2.5,19,mean_abs,1,490,896,847,858,0.3472080994,0.08109029271,0.01156664644,0.1602462695,0.03604746497,0.0007491743157,0.0001955940476,0.0001199522861,0.01135035248,0.0005964052515,0.4601348593,0.9068724816,0.9931670371,1.006450409,1.006397271,1.000252909,1.000132981,1.000110715,1.012403135,1.000826291,0.07293714596,0.07514115797,0.04972549619,0.03480599858,0.03261094909,0.03019176609,0.02633223527,0.02414157887,0.02309691471,0.02085872655,0.934092385,0.1117310829,0.08177207986,0.05030738391,39.53933391,34.02349087,13.17024791,0.1783377658,4.071118174,42.53040017,0.9544929662,0.7711877299,0.4690382336,0.08951801921,0.9001172649,0.9140473197,0.8914074769,0.8831265203,0.9809764566,0.974341968,0.9005476269,0.9101849679,0.8978154739,0.8886209727,0.9786409419,0.9725374936,0.1163551653,0.416553133,94.31592305,0.9503667874,0.9782148546,0.9796569276,0.9801455091,0.9555972169,0.9793923664,0.9794911934,0.980350925,0.9792379617,0.9657899058,0.1480653579,0.07739653026,0.04676776977,0.03230364649,0.03026800659,0.0281947681,0.02459346999,0.02254796857,0.02131033717,0.01946789149
KaLM-Embedding/KaLM-embedding-multilingual-mini-instruct-v2.5,19,mean_abs,3,490;690;524,896,847,858,0.400936056,0.08620435744,0.01488395211,0.1968164118,0.0389853436,0.005122893016,0.02715187409,0.007825862613,0.02991198233,0.005169486301,0.3921302841,0.9048722182,0.9911493871,0.8613319362,1.014347605,0.9910225303,0.9563094579,0.9869955204,0.9603974067,0.9948787774,0.06308279893,0.07609144919,0.0503631501,0.03023076997,0.03335782588,0.03035841996,0.02555320446,0.0241796334,0.02223660131,0.0210434137,0.9203921172,0.1053022796,0.08326965642,0.05112407843,44.04769499,39.78023027,17.33203237,2.250670118,5.793396392,45.81219035,0.9286415064,0.7187612936,0.5535662473,0.104043322,0.8618749688,0.8748004426,0.8433277823,0.8259433686,0.9676550383,0.9555684802,0.8608303022,0.8689028366,0.8461038877,0.8295969322,0.9624808483,0.9520252569,0.1118823032,0.4109833589,96.1587755,0.9495869495,0.9780141333,0.9797024832,0.9801490563,0.9555972169,0.9793923664,0.9794911934,0.980350925,0.9792379617,0.9657899058,0.1480653579,0.07739653026,0.04676776977,0.03230364649,0.03026800659,0.0281947681,0.02459346999,0.02254796857,0.02131033717,0.01946789149
KaLM-Embedding/KaLM-embedding-multilingual-mini-instruct-v2.5,19,mean_abs,5,490;690;524;392;158,896,847,858,0.4020682195,0.1008431374,0.03747817971,0.1983284018,0.04068464017,0.009880551456,0.06219532337,0.008538784391,0.04566995361,0.01983907605,0.3910669947,0.8795744654,0.945343739,0.8548826652,1.012006277,0.9824808389,0.892703691,0.9857879166,0.9336750012,0.9665309782,0.06338000534,0.07451466465,0.04839316861,0.03022774199,0.03352854235,0.03032077257,0.02403116285,0.02432980108,0.02177878757,0.02059597433,0.9135921372,0.1059987233,0.08287170766,0.05027747693,43.97741159,40.05071896,17.19317957,5.940244653,11.36931976,45.93592446,0.9306225007,0.719613608,0.5491987293,0.1080911012,0.8633093288,0.876343147,0.8502284186,0.8357192939,0.9750908233,0.967045966,0.8619875205,0.8702574887,0.8550653971,0.8405664358,0.970897113,0.9630124481,0.1126074112,0.4098732485,96.54044509,0.9513522766,0.9783945649,0.9799512879,0.9803187216,0.9555972169,0.9793923664,0.9794911934,0.980350925,0.9792379617,0.9657899058,0.1480653579,0.07739653026,0.04676776977,0.03230364649,0.03026800659,0.0281947681,0.02459346999,0.02254796857,0.02131033717,0.01946789149
KaLM-Embedding/KaLM-embedding-multilingual-mini-instruct-v2.5,19,mean_abs,10,490;690;524;392;158;173;463;280;882;315,896,847,858,0.4323079626,0.1096376296,0.1006550171,0.2286892648,0.05008520736,0.03400848241,0.07959801774,0.01738583541,0.06306794514,0.03847267918,0.355748427,0.8662093898,0.8335196714,0.7691071061,0.9989730678,0.941346957,0.8738390414,0.9724607563,0.8980819059,0.9339750932,0.05875233158,0.07477786058,0.04348016374,0.02771194638,0.03372611035,0.0296037622,0.02397065551,0.02445728038,0.02134690536,0.02028069664,0.896543452,0.1034933163,0.08398587256,0.04834647946,46.35775579,42.99771738,24.06867166,8.822652327,18.7665673,47.93811034,0.9159866843,0.6901532886,0.5867640829,0.1148973606,0.8405315281,0.8523654854,0.8266425015,0.809328577,0.9610695948,0.9487867658,0.8391440287,0.8466286764,0.8283395354,0.8094980276,0.9532252658,0.9416261082,0.1113435912,0.4056168376,97.9630738,0.9514314937,0.9786173898,0.9803205409,0.9805519891,0.9555972169,0.9793923664,0.9794911934,0.980350925,0.9792379617,0.9657899058,0.1480653579,0.07739653026,0.04676776977,0.03230364649,0.03026800659,0.0281947681,0.02459346999,0.02254796857,0.02131033717,0.01946789149
KaLM-Embedding/KaLM-embedding-multilingual-mini-instruct-v2.5,19,variance,1,490,896,847,858,0.3472080994,0.08109029271,0.01156664644,0.1602462695,0.03604746497,0.0007491743157,0.0001955940476,0.0001199522861,0.01135035248,0.0005964052515,0.4601348593,0.9068724816,0.9931670371,1.006450409,1.006397271,1.000252909,1.000132981,1.000110715,1.012403135,1.000826291,0.07293714596,0.07514115797,0.04972549619,0.03480599858,0.03261094909,0.03019176609,0.02633223527,0.02414157887,0.02309691471,0.02085872655,0.934092385,0.1117310829,0.08177207986,0.05030738391,39.53933391,34.02349087,13.17024791,0.1783377658,4.071118174,42.53040017,0.9544929662,0.7711877299,0.4690382336,0.08951801921,0.9001172649,0.9140473197,0.8914074769,0.8831265203,0.9809764566,0.974341968,0.9005476269,0.9101849679,0.8978154739,0.8886209727,0.9786409419,0.9725374936,0.1163551653,0.416553133,94.31592305,0.9503667874,0.9782148546,0.9796569276,0.9801455091,0.9555972169,0.9793923664,0.9794911934,0.980350925,0.9792379617,0.9657899058,0.1480653579,0.07739653026,0.04676776977,0.03230364649,0.03026800659,0.0281947681,0.02459346999,0.02254796857,0.02131033717,0.01946789149
KaLM-Embedding/KaLM-embedding-multilingual-mini-instruct-v2.5,19,variance,3,490;570;524,896,847,858,0.4066669454,0.08639886014,0.01553904813,0.4361621903,0.101580908,0.00513901874,0.03432416457,0.008306085934,0.05039968017,0.03315899322,0.3907552356,0.9102293575,0.9934344748,0.685407937,0.9691678057,0.9917170182,0.9481331075,0.9911217761,0.9563064813,0.9701525401,0.06385550726,0.07775215282,0.05127739805,0.02443659949,0.03237597765,0.03086003295,0.02573529873,0.02466462585,0.0224919709,0.0208448625,0.9060661532,0.107621692,0.0851051399,0.05208677698,44.18912999,39.69743034,17.00968471,2.292040287,3.517324168,45.7715158,0.930884595,0.7170428591,0.5569668914,0.1072172883,0.8591166601,0.8735324381,0.8443244392,0.8269272135,0.9690448616,0.9570602536,0.8584816163,0.8673900407,0.8471119482,0.8307125639,0.9639261172,0.9537393802,0.1138359672,0.4150610109,96.08632353,0.9508022139,0.9778648299,0.9794869469,0.9798735472,0.9555972169,0.9793923664,0.9794911934,0.980350925,0.9792379617,0.9657899058,0.1480653579,0.07739653026,0.04676776977,0.03230364649,0.03026800659,0.0281947681,0.02459346999,0.02254796857,0.02131033717,0.01946789149
KaLM-Embedding/KaLM-embedding-multilingual-mini-instruct-v2.5,19,variance,5,490;570;524;170;280,896,847,858,0.4834904253,0.1033153289,0.02514716313,0.4565732603,0.1237100248,0.01306581287,0.05843903049,0.01132361935,0.06275885879,0.03935910532,0.2977294682,0.8659719942,0.9724214332,0.6209457124,0.9055746019,0.9782210758,0.9075365558,0.9888767744,0.9350675824,0.9558238086,0.04965713196,0.07549734662,0.05122801555,0.02259495765,0.03087552873,0.03106789956,0.025141448,0.02511631653,0.02244603687,0.02096057109,0.887756069,0.09613980919,0.08419609374,0.05254948605,50.28414256,45.03813118,19.8828102,3.513434612,13.97795102,48.61317792,0.8890958367,0.6389807355,0.6180661872,0.07916722008,0.8102146864,0.8236266459,0.7854756244,0.7610974084,0.9583599652,0.9421053929,0.8091239327,0.816956907,0.7844736345,0.760097388,0.9496492959,0.9353550168,0.1037373425,0.4066073866,99.26394732,0.9509150971,0.9774888528,0.9796018848,0.9800598994,0.9555972169,0.9793923664,0.9794911934,0.980350925,0.9792379617,0.9657899058,0.1480653579,0.07739653026,0.04676776977,0.03230364649,0.03026800659,0.0281947681,0.02459346999,0.02254796857,0.02131033717,0.01946789149
KaLM-Embedding/KaLM-embedding-multilingual-mini-instruct-v2.5,19,variance,10,490;570;524;170;280;821;370;158;869;412,896,847,858,0.5115829216,0.176131757,0.09113742558,0.4931502262,0.1317872315,0.04365511624,0.09851673635,0.02434583212,0.08155414254,0.05441677579,0.268643898,0.7418497237,0.8514473413,0.5213215685,0.884039694,0.9208765637,0.8357814604,0.9686372696,0.902136301,0.9303700689,0.04600510898,0.0664068765,0.04605534887,0.01947748439,0.03094790165,0.03002932497,0.02377322853,0.02526063238,0.02223504959,0.02094837163,0.8646182085,0.09419226111,0.08060375803,0.05067361135,51.29005301,47.41605801,23.06991091,14.80053469,21.2415252,50.69267346,0.8948438811,0.6253781357,0.599699413,0.1463963725,0.8089879991,0.8212749092,0.7985915643,0.7776517699,0.9658107865,0.9539805914,0.8070227052,0.8142829781,0.7949193469,0.7744488957,0.9591999869,0.9482978216,0.1023364417,0.398577709,102.1489193,0.9511621007,0.9785960771,0.979898718,0.9801189053,0.9555972169,0.9793923664,0.9794911934,0.980350925,0.9792379617,0.9657899058,0.1480653579,0.07739653026,0.04676776977,0.03230364649,0.03026800659,0.0281947681,0.02459346999,0.02254796857,0.02131033717,0.01946789149
KaLM-Embedding/KaLM-embedding-multilingual-mini-instruct-v2.5,20,mean_abs,1,490,896,847,858,0.3854863715,0.08130976696,0.0116550232,0.001060884604,0.07280687231,0.04721539165,0.0007475180303,0.00114668529,0.0437987427,0.02059367847,0.4102925091,0.9097929885,0.9930013179,1.000245115,1.041608473,1.029388097,1.000703702,1.001262994,1.058051875,1.033842992,0.06745235274,0.07897337004,0.05485064337,0.03465824368,0.03131327832,0.0303448442,0.02630042718,0.02495715853,0.02459625959,0.02193615947,0.9282420101,0.1097654301,0.08596300167,0.05549746764,43.15459121,39.06534937,17.26556314,0.1203575312,2.840767106,44.38786004,0.9306064116,0.7295109245,0.5459356663,0.09986817748,0.8672952466,0.8752779783,0.8512473122,0.8305372383,0.9678945011,0.9539930527,0.8658414244,0.8695195668,0.8563407925,0.8368921583,0.9629891145,0.9522174461,0.1163143189,0.424485326,91.42945494,0.9541751882,0.9783032093,0.9796056331,0.9801302371,0.9604424974,0.9791464963,0.9795474453,0.9802894894,0.9789405936,0.9664506096,0.1526035843,0.08057481281,0.05127351851,0.03216335404,0.02790520733,0.02736320661,0.02439599389,0.02313706102,0.02157860307,0.01969550978
KaLM-Embedding/KaLM-embedding-multilingual-mini-instruct-v2.5,20,mean_abs,3,490;690;524,896,847,858,0.431986398,0.08608237121,0.01480432781,0.01519343322,0.07300992464,0.0581803137,0.009614959309,0.003991702905,0.08430985994,0.02226042515,0.3556749206,0.9074257028,0.9905582603,0.9815163991,1.045366336,0.9795215767,0.9826077084,0.9959417689,0.9211944861,1.023613253,0.05923230484,0.07979047242,0.05542603343,0.03445081863,0.03183423505,0.02924971584,0.02616009625,0.0251468038,0.02169278495,0.02200106891,0.916345698,0.1042797296,0.08730597803,0.05625890876,47.07058708,44.55348849,22.68653528,1.93908803,5.224352796,47.29564653,0.9037108413,0.6810968318,0.6143093275,0.1092508756,0.8269594975,0.8332211822,0.7955264284,0.7661238665,0.9424236999,0.9166631515,0.8245114843,0.8271907686,0.7959407424,0.7683217941,0.9328660434,0.9136556571,0.1129677894,0.4198090135,92.89987477,0.9534531746,0.9782209502,0.9796198469,0.9800989205,0.9604424974,0.9791464963,0.9795474453,0.9802894894,0.9789405936,0.9664506096,0.1526035843,0.08057481281,0.05127351851,0.03216335404,0.02790520733,0.02736320661,0.02439599389,0.02313706102,0.02157860307,0.01969550978
KaLM-Embedding/KaLM-embedding-multilingual-mini-instruct-v2.5,20,mean_abs,5,490;690;524;158;392,896,847,858,0.4329411348,0.09749258189,0.03613031887,0.01654500543,0.08219130928,0.05859294483,0.03657321716,0.00840267437,0.09736437538,0.03106266223,0.3548117546,0.8876602637,0.9472580695,0.9793679403,1.022979167,0.9786696769,0.9333429463,0.9883749573,0.90406323,1.002700124,0.05950159861,0.07859808861,0.05337370303,0.03461569974,0.03137024738,0.02942856073,0.02502221009,0.02513019309,0.02143818592,0.02170222169,0.9099847191,0.1049301973,0.08708857904,0.05537439768,46.97785572,44.30650447,21.20357437,5.38365963,10.55396519,47.38314878,0.9060437863,0.6822809704,0.6097151056,0.1142373514,0.8288070102,0.8351322534,0.8081425119,0.7811905623,0.9573262231,0.9385307572,0.826128777,0.8291139136,0.8107376315,0.7847775409,0.9499857566,0.935094471,0.1136449966,0.4189647941,93.21307685,0.9549732099,0.9785272958,0.9798155538,0.9802060418,0.9604424974,0.9791464963,0.9795474453,0.9802894894,0.9789405936,0.9664506096,0.1526035843,0.08057481281,0.05127351851,0.03216335404,0.02790520733,0.02736320661,0.02439599389,0.02313706102,0.02157860307,0.01969550978
KaLM-Embedding/KaLM-embedding-multilingual-mini-instruct-v2.5,20,mean_abs,10,490;690;524;158;392;173;473;463;280;412,896,847,858,0.4665967514,0.1035931539,0.1038249424,0.02416626147,0.1071095528,0.0880177638,0.04649147453,0.01861763701,0.1367642422,0.04757807748,0.3179638997,0.8775577788,0.8317150214,0.9724229857,0.9659298453,0.913218645,0.9195948326,0.9721116108,0.8061279116,0.9590795771,0.0544809709,0.07939210462,0.04788174346,0.03511711556,0.03026447385,0.02805718197,0.02518937127,0.02525379273,0.0195312291,0.02120919371,0.8906308013,0.102138431,0.08856704404,0.05342900704,49.62108307,47.06887258,28.08096052,7.38080008,18.47088261,49.64428263,0.8870328148,0.6478396348,0.6451491901,0.1492248839,0.7995120195,0.8041384245,0.7807836241,0.7512138741,0.9430943127,0.9191397571,0.7966211654,0.7982692511,0.7800966636,0.7514920423,0.9313700182,0.9118370229,0.1124998798,0.4149462214,94.72768263,0.9550971369,0.9785662187,0.9799664022,0.9801746475,0.9604424974,0.9791464963,0.9795474453,0.9802894894,0.9789405936,0.9664506096,0.1526035843,0.08057481281,0.05127351851,0.03216335404,0.02790520733,0.02736320661,0.02439599389,0.02313706102,0.02157860307,0.01969550978
KaLM-Embedding/KaLM-embedding-multilingual-mini-instruct-v2.5,20,variance,1,490,896,847,858,0.3854863715,0.08130976696,0.0116550232,0.001060884604,0.07280687231,0.04721539165,0.0007475180303,0.00114668529,0.0437987427,0.02059367847,0.4102925091,0.9097929885,0.9930013179,1.000245115,1.041608473,1.029388097,1.000703702,1.001262994,1.058051875,1.033842992,0.06745235274,0.07897337004,0.05485064337,0.03465824368,0.03131327832,0.0303448442,0.02630042718,0.02495715853,0.02459625959,0.02193615947,0.9282420101,0.1097654301,0.08596300167,0.05549746764,43.15459121,39.06534937,17.26556314,0.1203575312,2.840767106,44.38786004,0.9306064116,0.7295109245,0.5459356663,0.09986817748,0.8672952466,0.8752779783,0.8512473122,0.8305372383,0.9678945011,0.9539930527,0.8658414244,0.8695195668,0.8563407925,0.8368921583,0.9629891145,0.9522174461,0.1163143189,0.424485326,91.42945494,0.9541751882,0.9783032093,0.9796056331,0.9801302371,0.9604424974,0.9791464963,0.9795474453,0.9802894894,0.9789405936,0.9664506096,0.1526035843,0.08057481281,0.05127351851,0.03216335404,0.02790520733,0.02736320661,0.02439599389,0.02313706102,0.02157860307,0.01969550978
KaLM-Embedding/KaLM-embedding-multilingual-mini-instruct-v2.5,20,variance,3,490;570;170,896,847,858,0.4345215753,0.09921220723,0.01655617407,0.01750984957,0.1893411579,0.09017841631,0.01551584611,0.01404915908,0.1274006745,0.1170484069,0.3493648822,0.8650022825,0.9814975582,0.9685788946,0.8972251088,1.003868619,0.9840009887,0.9873115349,1.025706912,0.927139702,0.05890961369,0.0770120619,0.05560636893,0.03442219221,0.02766488472,0.03035191241,0.02652505196,0.025240886,0.02445619007,0.02017690725,0.9050192304,0.1041765895,0.0854941225,0.05654249634,46.21480221,39.99362084,17.06259601,1.270885079,12.91273782,45.42565748,0.9201759756,0.691956686,0.5458861707,0.0737177409,0.8559809941,0.8655779263,0.8405508046,0.8185006954,0.9693591353,0.9556594413,0.8538985408,0.8579578031,0.8462500707,0.8257021198,0.9642715849,0.9533648432,0.1101885589,0.424085792,92.9950233,0.9547229608,0.9779721546,0.979338176,0.979772814,0.9604424974,0.9791464963,0.9795474453,0.9802894894,0.9789405936,0.9664506096,0.1526035843,0.08057481281,0.05127351851,0.03216335404,0.02790520733,0.02736320661,0.02439599389,0.02313706102,0.02157860307,0.01969550978
KaLM-Embedding/KaLM-embedding-multilingual-mini-instruct-v2.5,20,variance,5,490;570;170;524;280,896,847,858,0.505926603,0.1023674466,0.02165372116,0.03851355949,0.1897675352,0.1100480919,0.02518646384,0.01479375005,0.1840129668,0.1183655761,0.2731640225,0.8678139901,0.9788638114,0.9366854868,0.9050339723,0.9192195968,0.960362754,0.9875812959,0.8272612694,0.9144119247,0.04693383829,0.07872701614,0.05650842889,0.03391977491,0.02843465572,0.02831940361,0.0263785952,0.02572639225,0.02009850978,0.02027715151,0.8881823958,0.09499365595,0.0877051705,0.05775912896,53.08832188,50.37734205,26.91882021,3.51763812,13.20516417,50.03223822,0.854431889,0.6005832058,0.6764878137,0.0945890784,0.7671508981,0.7726687188,0.7209306981,0.6842552315,0.9170859453,0.8807916291,0.764732098,0.7668193905,0.7163158054,0.6818365391,0.9015668866,0.8754758906,0.1053046006,0.4167432351,95.36027782,0.9551338862,0.9776986775,0.9793984734,0.9798685945,0.9604424974,0.9791464963,0.9795474453,0.9802894894,0.9789405936,0.9664506096,0.1526035843,0.08057481281,0.05127351851,0.03216335404,0.02790520733,0.02736320661,0.02439599389,0.02313706102,0.02157860307,0.01969550978
KaLM-Embedding/KaLM-embedding-multilingual-mini-instruct-v2.5,20,variance,10,490;570;170;524;280;821;869;412;705;158,896,847,858,0.5132143759,0.17612086,0.08683388346,0.05803731792,0.2602367812,0.1212502817,0.06818089317,0.02347261187,0.2186354384,0.1429271908,0.2658055954,0.7403784061,0.8567093696,0.9036065691,0.7515732215,0.9030176764,0.8842616352,0.9732688464,0.7616360153,0.8645719749,0.04686487875,0.06892419358,0.05075107924,0.0335783503,0.02423121528,0.02854840741,0.02492401154,0.02601714628,0.01898844685,0.01967374439,0.8655284652,0.09627416347,0.08365813653,0.05557705035,51.88119616,48.8417562,25.45042566,14.10456891,21.18365666,50.84090244,0.8847554729,0.6172941053,0.6153934582,0.1581912559,0.7973819935,0.8039191187,0.7840892132,0.7551360814,0.9506186241,0.9294573609,0.7958971437,0.7987035195,0.7796148891,0.7525060128,0.9424355386,0.9257086088,0.1056658838,0.4105802696,97.58130462,0.9555908928,0.979004221,0.9798750648,0.9801043921,0.9604424974,0.9791464963,0.9795474453,0.9802894894,0.9789405936,0.9664506096,0.1526035843,0.08057481281,0.05127351851,0.03216335404,0.02790520733,0.02736320661,0.02439599389,0.02313706102,0.02157860307,0.01969550978
KaLM-Embedding/KaLM-embedding-multilingual-mini-instruct-v2.5,21,mean_abs,1,490,896,847,858,0.428991016,0.06362778126,0.008112233376,0.0002113369323,0.004623217961,0.05415835571,0.002644062645,0.001170962013,0.01044600137,0.1062236752,0.353519963,0.9372402532,0.9969718192,1.000048947,1.003644177,1.056331428,1.003573387,1.001833613,1.020574126,1.253594835,0.06294931403,0.08117260844,0.05380404555,0.03934117365,0.03160049576,0.03050367567,0.02628792803,0.02466433464,0.02257067097,0.02508398991,0.9192953782,0.110242248,0.08668839892,0.05424408624,45.44146341,37.7668336,14.15536733,0.1564169422,2.328462812,45.42262091,0.9285202522,0.7016375951,0.5485177136,0.09409948971,0.8663509873,0.8717799466,0.8614003211,0.838188099,0.9794845179,0.9705275473,0.8658133284,0.8686067065,0.8665679948,0.8492054279,0.9775335445,0.9707478892,0.1167925154,0.4315210121,89.23295042,0.9578304801,0.9796279309,0.9807639485,0.9815236805,0.9618969627,0.9805131805,0.980690715,0.9816932407,0.9800226106,0.9689298412,0.1636937641,0.0796184367,0.04961204464,0.03616438899,0.02894471005,0.02654648657,0.02408032243,0.02263230995,0.02033082456,0.01839477585
KaLM-Embedding/KaLM-embedding-multilingual-mini-instruct-v2.5,21,mean_abs,3,490;690;524,896,847,858,0.4968792462,0.06889094954,0.0106575308,0.01173474152,0.01806116073,0.05509344808,0.008518901586,0.008399935851,0.02949846162,0.1406338786,0.2804288987,0.9362669385,0.9953922867,0.9794410002,0.998554263,1.040497747,0.9870688768,0.9852780044,0.9603930587,1.035236036,0.0508315487,0.08254519042,0.05468394487,0.03922273302,0.03200510921,0.03058627819,0.02632014006,0.02469255954,0.02162133198,0.02108687972,0.9030703012,0.1010325023,0.08865254867,0.05527301877,51.39418848,46.5775317,21.05315419,1.561194588,5.12713269,49.62913279,0.8796701232,0.6239588632,0.6602990732,0.1014974582,0.7961587142,0.7989297875,0.7729348289,0.7374836306,0.9505093375,0.9286136704,0.7947254878,0.796514015,0.7692313823,0.7395156167,0.9450925787,0.928688927,0.1113328139,0.4241825765,91.59222133,0.957373133,0.9794657484,0.9807989517,0.9814602017,0.9618969627,0.9805131805,0.980690715,0.9816932407,0.9800226106,0.9689298412,0.1636937641,0.0796184367,0.04961204464,0.03616438899,0.02894471005,0.02654648657,0.02408032243,0.02263230995,0.02033082456,0.01839477585
KaLM-Embedding/KaLM-embedding-multilingual-mini-instruct-v2.5,21,mean_abs,5,490;690;524;158;315,896,847,858,0.4977619141,0.08363623875,0.02974282723,0.01806482489,0.02462679841,0.06191264866,0.0227288116,0.01000808076,0.03313878472,0.1442663686,0.2797255649,0.9101369404,0.9576971279,0.9674348975,0.9847956247,1.023208985,0.9615610834,0.9821377744,0.9553125977,1.024245836,0.05097462099,0.08066963616,0.05289383075,0.03894866636,0.03173255375,0.03023856,0.02577679314,0.02474520223,0.02162171846,0.02097434549,0.89827702,0.1014949332,0.08803232905,0.05451526898,51.1873184,46.32200061,20.38870591,5.430200455,10.45800604,49.77151978,0.8844183376,0.6267762913,0.6510562275,0.1141816588,0.8005137286,0.8035359012,0.78608257,0.7514744343,0.9603272465,0.9435612242,0.7990852972,0.8009135234,0.7847087031,0.7576651203,0.9556112557,0.9416587857,0.1117144619,0.4228379288,91.96817611,0.9576373925,0.9798875119,0.9809954265,0.9815371058,0.9618969627,0.9805131805,0.980690715,0.9816932407,0.9800226106,0.9689298412,0.1636937641,0.0796184367,0.04961204464,0.03616438899,0.02894471005,0.02654648657,0.02408032243,0.02263230995,0.02033082456,0.01839477585
KaLM-Embedding/KaLM-embedding-multilingual-mini-instruct-v2.5,21,mean_abs,10,490;690;524;158;315;590;280;392;173;582,896,847,858,0.5344454796,0.08557216245,0.04761607924,0.02392838176,0.03719727528,0.07199729721,0.03042237398,0.0223422261,0.06845182441,0.165003431,0.244970384,0.9098998365,0.9300859198,0.9591043487,0.9810313107,0.9927103644,0.9461578659,0.9625079069,0.8880663317,0.9246031906,0.04537596877,0.08197613245,0.05221441151,0.03924887238,0.03213159349,0.02982014826,0.02578137606,0.02464979886,0.02043057502,0.01924553904,0.8837304271,0.09746649809,0.08964745941,0.0548249612,54.23322841,50.61940709,26.41979435,6.402802929,12.95831144,52.25723772,0.856623006,0.5844872042,0.699993633,0.1355880086,0.7581693703,0.7598751017,0.7346417775,0.6940810017,0.9314552349,0.9008974022,0.7581061386,0.7595083006,0.7243365111,0.6900964915,0.9204301731,0.896403929,0.1100854375,0.4196368426,93.05555746,0.9590074091,0.9799188102,0.9810875203,0.9815343014,0.9618969627,0.9805131805,0.980690715,0.9816932407,0.9800226106,0.9689298412,0.1636937641,0.0796184367,0.04961204464,0.03616438899,0.02894471005,0.02654648657,0.02408032243,0.02263230995,0.02033082456,0.01839477585
KaLM-Embedding/KaLM-embedding-multilingual-mini-instruct-v2.5,21,variance,1,490,896,847,858,0.428991016,0.06362778126,0.008112233376,0.0002113369323,0.004623217961,0.05415835571,0.002644062645,0.001170962013,0.01044600137,0.1062236752,0.353519963,0.9372402532,0.9969718192,1.000048947,1.003644177,1.056331428,1.003573387,1.001833613,1.020574126,1.253594835,0.06294931403,0.08117260844,0.05380404555,0.03934117365,0.03160049576,0.03050367567,0.02628792803,0.02466433464,0.02257067097,0.02508398991,0.9192953782,0.110242248,0.08668839892,0.05424408624,45.44146341,37.7668336,14.15536733,0.1564169422,2.328462812,45.42262091,0.9285202522,0.7016375951,0.5485177136,0.09409948971,0.8663509873,0.8717799466,0.8614003211,0.838188099,0.9794845179,0.9705275473,0.8658133284,0.8686067065,0.8665679948,0.8492054279,0.9775335445,0.9707478892,0.1167925154,0.4315210121,89.23295042,0.9578304801,0.9796279309,0.9807639485,0.9815236805,0.9618969627,0.9805131805,0.980690715,0.9816932407,0.9800226106,0.9689298412,0.1636937641,0.0796184367,0.04961204464,0.03616438899,0.02894471005,0.02654648657,0.02408032243,0.02263230995,0.02033082456,0.01839477585
KaLM-Embedding/KaLM-embedding-multilingual-mini-instruct-v2.5,21,variance,3,490;524;570,896,847,858,0.5017470574,0.06850776354,0.009707489149,0.01176735214,0.02409149164,0.07822309529,0.007422945299,0.008676970972,0.02787503349,0.2577980208,0.2785329689,0.9413942758,0.9985904131,0.9793737348,0.9939393898,1.035195875,0.9909965792,0.9842315488,0.9709603947,0.9990058379,0.05092057486,0.0837085373,0.05532979641,0.03955616126,0.03213021706,0.03069121892,0.02665133738,0.02487772816,0.02204657156,0.02052329464,0.8953966104,0.1021982421,0.08986498655,0.05587217494,51.59664566,46.97233449,21.3101182,1.561544516,3.247187716,49.99611746,0.8800393235,0.62119366,0.6663178252,0.1057975618,0.7915748465,0.7956704348,0.7681824716,0.7326027576,0.9486499197,0.9261575635,0.7908606406,0.7934740224,0.7638893835,0.733726461,0.94291863,0.9258780187,0.1125866114,0.427839469,91.07789499,0.9583080178,0.9792985401,0.980625602,0.9812411388,0.9618969627,0.9805131805,0.980690715,0.9816932407,0.9800226106,0.9689298412,0.1636937641,0.0796184367,0.04961204464,0.03616438899,0.02894471005,0.02654648657,0.02408032243,0.02263230995,0.02033082456,0.01839477585
KaLM-Embedding/KaLM-embedding-multilingual-mini-instruct-v2.5,21,variance,5,490;524;570;170;280,896,847,858,0.5675865782,0.08269713562,0.0175157629,0.01745906597,0.04926501012,0.08727715844,0.01330020451,0.01614778627,0.04343937885,0.2768424957,0.2124491768,0.9055455194,0.9835954774,0.9703630915,0.9483774344,0.9825263963,0.9818379064,0.9743947848,0.9451494354,0.8898149302,0.03957171683,0.08203924153,0.05552663477,0.03993126843,0.03123547537,0.02967898072,0.02690294337,0.02509351718,0.02186518602,0.0186248118,0.8788247827,0.0915136183,0.08943528329,0.05651656553,57.48347991,54.38972744,27.57365177,3.328036946,11.64483953,53.11321393,0.81745421,0.537542761,0.7386341264,0.08443103851,0.7165123454,0.7206314831,0.6693563543,0.6272310937,0.9110719666,0.8729835712,0.7167544238,0.7196966174,0.6546599768,0.6176361025,0.8984786907,0.8708653656,0.104835536,0.4200953248,93.72533198,0.9586392371,0.9788822231,0.9805330877,0.981117173,0.9618969627,0.9805131805,0.980690715,0.9816932407,0.9800226106,0.9689298412,0.1636937641,0.0796184367,0.04961204464,0.03616438899,0.02894471005,0.02654648657,0.02408032243,0.02263230995,0.02033082456,0.01839477585
KaLM-Embedding/KaLM-embedding-multilingual-mini-instruct-v2.5,21,variance,10,490;524;570;170;280;821;869;412;158;705,896,847,858,0.5718602656,0.1469455089,0.07233204507,0.0542729013,0.1093111178,0.1087760742,0.05210127466,0.03490132213,0.05019151932,0.3083940286,0.2082926998,0.7907315648,0.8807779855,0.9073546873,0.8303789552,0.9391473732,0.9115682647,0.9426273355,0.9330817193,0.8166578699,0.03971654989,0.07333445214,0.05090013185,0.03822289253,0.02799695942,0.02904063636,0.02556918146,0.02485044913,0.02209734031,0.01749846616,0.8584888712,0.09276539105,0.08596690236,0.05486891251,56.1733126,52.12521596,25.38644774,12.8109306,19.72879501,53.61562048,0.8507753334,0.5566826136,0.6780191083,0.1500544216,0.751550223,0.755621872,0.7325369083,0.6920601493,0.9463974044,0.9236019446,0.7524153799,0.7548202616,0.7207837515,0.6876145427,0.9394673116,0.9209177878,0.1046156758,0.4144643888,95.61038987,0.9590197442,0.9801535337,0.9811301412,0.981581562,0.9618969627,0.9805131805,0.980690715,0.9816932407,0.9800226106,0.9689298412,0.1636937641,0.0796184367,0.04961204464,0.03616438899,0.02894471005,0.02654648657,0.02408032243,0.02263230995,0.02033082456,0.01839477585
KaLM-Embedding/KaLM-embedding-multilingual-mini-instruct-v2.5,22,mean_abs,1,490,896,847,858,0.2716876447,0.1795160528,0.006434386401,2.506532723e-05,0.01095007021,0.04942972278,0.0001622836101,0.001521469122,0.008481083853,0.002314279705,0.5703278956,0.7665254423,0.9952820089,0.9999915906,0.9991336548,1.005512975,1.000063721,1.000743475,1.006004631,1.002332115,0.07507531958,0.06037572465,0.04328419532,0.03309694338,0.02865485178,0.02623405443,0.02302623414,0.02215303174,0.02046568086,0.01835910338,0.9477861548,0.103081211,0.07358550384,0.04356450619,35.90605104,42.96134879,13.46269816,0.2343707541,2.46991308,43.20550567,0.9491072711,0.8099797088,0.5177403513,0.04471907177,0.8927340606,0.8929981858,0.8563612506,0.8218368693,0.9800689829,0.9710188675,0.8962758217,0.8970224451,0.8616095902,0.8306648396,0.9772738359,0.970401717,0.1083619083,0.3779617411,113.8753434,0.9668966525,0.9831530152,0.9842679258,0.9848411754,0.9709834466,0.9834155058,0.9841856667,0.985042683,0.985257241,0.9737462598,0.1247621746,0.07465280701,0.04121863018,0.03136908849,0.02718222097,0.02472794901,0.02182255535,0.0209807381,0.01928131181,0.01736001843
KaLM-Embedding/KaLM-embedding-multilingual-mini-instruct-v2.5,22,mean_abs,3,490;690;524,896,847,858,0.3245529317,0.1976556217,0.008080884706,0.006231695873,0.01895879672,0.0501428485,0.005785593517,0.003601708178,0.01165292119,0.003725893578,0.5035391156,0.7595404296,0.993625958,0.989019275,0.9985274544,1.011657167,0.9899008314,0.9945707202,1.003834882,0.998964593,0.06706579919,0.06053157773,0.04372214288,0.03312009781,0.02897543099,0.02670585059,0.02306121837,0.02227621434,0.02066254519,0.01851335944,0.9367313266,0.0992909768,0.07544338737,0.04407833482,39.87808589,49.26503785,19.87813951,1.182383338,4.696228385,47.56031266,0.9337530614,0.7674104331,0.5849871827,0.04511010083,0.8585308701,0.8603064104,0.793750517,0.7504234054,0.952673014,0.9295900109,0.8630578199,0.864674068,0.7921389749,0.748345696,0.9452777854,0.929269674,0.1064171095,0.3726119873,115.7496208,0.9662180209,0.9830986832,0.9843019279,0.984674495,0.9709834466,0.9834155058,0.9841856667,0.985042683,0.985257241,0.9737462598,0.1247621746,0.07465280701,0.04121863018,0.03136908849,0.02718222097,0.02472794901,0.02182255535,0.0209807381,0.01928131181,0.01736001843
KaLM-Embedding/KaLM-embedding-multilingual-mini-instruct-v2.5,22,mean_abs,5,490;690;524;315;158,896,847,858,0.3253875411,0.2099662518,0.02521324269,0.009381033907,0.02163374126,0.05265645097,0.01151264657,0.005686653777,0.02202706173,0.00389955793,0.5023408288,0.7385342988,0.9600481159,0.9830177974,0.9928285097,1.005253133,0.9794011637,0.9904318487,0.983313783,0.9984154428,0.06716713645,0.05908703963,0.04240938497,0.03304750675,0.02892241798,0.0266402902,0.02290559825,0.02227002885,0.02031908394,0.01857534512,0.9330922454,0.09956403201,0.07479052605,0.04350632038,39.72259914,48.95233604,19.00240015,4.99274864,9.492013094,47.76363469,0.9364454421,0.7691475464,0.5765087685,0.0576736296,0.861751444,0.8633706688,0.8070972646,0.7643036577,0.9628161285,0.9457120605,0.8662887172,0.8677897128,0.8068699978,0.7648970813,0.9566808628,0.9437427723,0.106515702,0.3716069759,116.0923879,0.9663720691,0.9834758739,0.9844147242,0.984694313,0.9709834466,0.9834155058,0.9841856667,0.985042683,0.985257241,0.9737462598,0.1247621746,0.07465280701,0.04121863018,0.03136908849,0.02718222097,0.02472794901,0.02182255535,0.0209807381,0.01928131181,0.01736001843
KaLM-Embedding/KaLM-embedding-multilingual-mini-instruct-v2.5,22,mean_abs,10,490;690;524;315;158;590;707;744;280;208,896,847,858,0.3499106226,0.2196557043,0.03439009936,0.01459019071,0.0282286569,0.05661574621,0.0182690966,0.01705942117,0.02690156647,0.005557628094,0.4740041935,0.7341232997,0.9450675681,0.9739256999,0.9907220733,0.9969694774,0.9697095918,0.9683782042,0.9723987097,0.9954737024,0.06395347802,0.05926717113,0.04212650822,0.03303899086,0.02912298095,0.02666054403,0.02288475901,0.0219717585,0.02027589344,0.01868869696,0.9247002002,0.09837643906,0.07595002803,0.04362683957,41.33671452,52.03081768,24.45611556,6.692886456,10.51602465,50.00090285,0.9312396903,0.7508410573,0.6014287066,0.06068795372,0.8467656249,0.8482221554,0.7693216352,0.7231014336,0.9345162167,0.9036566863,0.8519068576,0.8540363168,0.7631746216,0.7161216453,0.9216474441,0.8992776845,0.1060844113,0.369462534,116.8473543,0.966368867,0.9835220511,0.9844557681,0.9845328368,0.9709834466,0.9834155058,0.9841856667,0.985042683,0.985257241,0.9737462598,0.1247621746,0.07465280701,0.04121863018,0.03136908849,0.02718222097,0.02472794901,0.02182255535,0.0209807381,0.01928131181,0.01736001843
KaLM-Embedding/KaLM-embedding-multilingual-mini-instruct-v2.5,22,variance,1,490,896,847,858,0.2716876447,0.1795160528,0.006434386401,2.506532723e-05,0.01095007021,0.04942972278,0.0001622836101,0.001521469122,0.008481083853,0.002314279705,0.5703278956,0.7665254423,0.9952820089,0.9999915906,0.9991336548,1.005512975,1.000063721,1.000743475,1.006004631,1.002332115,0.07507531958,0.06037572465,0.04328419532,0.03309694338,0.02865485178,0.02623405443,0.02302623414,0.02215303174,0.02046568086,0.01835910338,0.9477861548,0.103081211,0.07358550384,0.04356450619,35.90605104,42.96134879,13.46269816,0.2343707541,2.46991308,43.20550567,0.9491072711,0.8099797088,0.5177403513,0.04471907177,0.8927340606,0.8929981858,0.8563612506,0.8218368693,0.9800689829,0.9710188675,0.8962758217,0.8970224451,0.8616095902,0.8306648396,0.9772738359,0.970401717,0.1083619083,0.3779617411,113.8753434,0.9668966525,0.9831530152,0.9842679258,0.9848411754,0.9709834466,0.9834155058,0.9841856667,0.985042683,0.985257241,0.9737462598,0.1247621746,0.07465280701,0.04121863018,0.03136908849,0.02718222097,0.02472794901,0.02182255535,0.0209807381,0.01928131181,0.01736001843
KaLM-Embedding/KaLM-embedding-multilingual-mini-instruct-v2.5,22,variance,3,490;524;170,896,847,858,0.3513511025,0.1993136536,0.007329086521,0.0079551238,0.02533354351,0.05217894953,0.009277737428,0.00410788899,0.01434287561,0.01040256169,0.465193638,0.7517949303,0.9949130172,0.9852527311,0.979246927,0.9990712467,0.9827593428,0.9942302979,0.9914818223,0.9840516537,0.06225102675,0.06019706977,0.04398539378,0.03314968174,0.02855005653,0.02649807794,0.02300290053,0.02237368775,0.02050459288,0.01832305537,0.9323311261,0.09597029609,0.07518183623,0.04431014668,41.83988572,50.44192583,20.73852592,1.712785978,8.816819133,48.11839056,0.9250353331,0.7450118211,0.5991565355,0.04297122257,0.8467705358,0.8487799289,0.7782898244,0.7328229323,0.9476156009,0.9225308118,0.851924737,0.8546712096,0.7766747374,0.7318256772,0.939713752,0.9223666726,0.1035875601,0.3702433977,116.8364881,0.9672722845,0.983011565,0.9843998225,0.9847802198,0.9709834466,0.9834155058,0.9841856667,0.985042683,0.985257241,0.9737462598,0.1247621746,0.07465280701,0.04121863018,0.03136908849,0.02718222097,0.02472794901,0.02182255535,0.0209807381,0.01928131181,0.01736001843
KaLM-Embedding/KaLM-embedding-multilingual-mini-instruct-v2.5,22,variance,5,490;524;170;570;280,896,847,858,0.3745304944,0.2116651927,0.0101875271,0.009641470721,0.03304064403,0.06314030297,0.01393631117,0.00705804007,0.01506916199,0.0108373388,0.4408864195,0.7470188165,0.9926467492,0.9830484864,0.9768154003,0.9913843458,0.9756540297,0.9878160651,0.9899766127,0.9828583868,0.05965485307,0.06048028187,0.04437357326,0.03344359544,0.02879609248,0.02658681273,0.02309072501,0.02247672182,0.0207013008,0.01850449565,0.9220699676,0.09537611751,0.07671903018,0.04483028298,43.28855945,54.05816699,27.47674199,2.961981616,9.133253801,50.46116869,0.9203953733,0.7279096841,0.6239898946,0.0492051237,0.8312799035,0.8340769588,0.729021102,0.6822186199,0.9058105912,0.863069348,0.8374089611,0.8401079253,0.7220886774,0.6729040008,0.8887950636,0.8604179036,0.103747942,0.3698676831,117.120764,0.9670537587,0.9828699959,0.9843132345,0.9844852791,0.9709834466,0.9834155058,0.9841856667,0.985042683,0.985257241,0.9737462598,0.1247621746,0.07465280701,0.04121863018,0.03136908849,0.02718222097,0.02472794901,0.02182255535,0.0209807381,0.01928131181,0.01736001843
KaLM-Embedding/KaLM-embedding-multilingual-mini-instruct-v2.5,22,variance,10,490;524;170;570;280;869;821;31;705;533,896,847,858,0.388762687,0.2539069475,0.04078580556,0.06374582836,0.06533869747,0.09465319266,0.02337337353,0.03495238855,0.03746821321,0.02895451842,0.4207655559,0.6739957432,0.9295249069,0.8852622211,0.9158772968,0.9258777145,0.9569699978,0.9385269968,0.9473070649,0.9489771289,0.05795154989,0.0555450337,0.04229572997,0.03065601988,0.02748300209,0.02527456363,0.02305397748,0.02173749379,0.02016365661,0.01818644721,0.9058536974,0.09481022944,0.07444786346,0.04409414521,43.56818862,53.89332135,24.29621506,11.05388965,14.82200507,51.14163968,0.9267577158,0.7245546357,0.5986834095,0.0532408086,0.8392939699,0.8421400078,0.7569274186,0.7088722471,0.9359776972,0.9056763736,0.8464785329,0.849591307,0.7492740254,0.7017211594,0.9248807494,0.9034217956,0.1026452715,0.3646092789,119.0006519,0.9678806492,0.9837341111,0.9849030634,0.9851187048,0.9709834466,0.9834155058,0.9841856667,0.985042683,0.985257241,0.9737462598,0.1247621746,0.07465280701,0.04121863018,0.03136908849,0.02718222097,0.02472794901,0.02182255535,0.0209807381,0.01928131181,0.01736001843
KaLM-Embedding/KaLM-embedding-multilingual-mini-instruct-v2.5,23,mean_abs,1,490,896,847,858,0.1513827859,0.1317887453,0.0004427268671,0.0004247502928,0.0006071607281,0.01874972379,0.0007686116556,0.0010098673,0.0008157131935,0.0006028577512,0.7344457382,0.7943408179,0.9994645794,0.9995537863,0.9994748795,0.9841464806,0.999472054,0.999347974,0.9995638751,0.9998049691,0.08301392588,0.05021795657,0.03512237413,0.02924929715,0.02446354625,0.02368471199,0.02114739196,0.0205010999,0.01895222851,0.01656930203,0.9729673894,0.09782258066,0.05784071135,0.03513793064,25.08008556,29.0547005,2.308350168,0.1028673951,1.248803091,32.3768279,0.983187186,0.9057161844,0.3178046385,0.01037329737,0.9657349554,0.9620593404,0.9592974689,0.9492362983,0.9995584945,0.9993134671,0.9652279996,0.9637150707,0.9616865595,0.951714213,0.9994890036,0.9993130702,0.09941675691,0.3412969205,136.0939,0.969785541,0.9847157765,0.9862812165,0.9867440147,0.9715440069,0.9848590118,0.9861708223,0.9866653485,0.9857163938,0.973125336,0.1099738736,0.06151066772,0.03419123136,0.02847131658,0.02381473834,0.02341567323,0.02058659135,0.01995991604,0.0184479459,0.01612453533
KaLM-Embedding/KaLM-embedding-multilingual-mini-instruct-v2.5,23,mean_abs,3,490;744;690,896,847,858,0.1556886785,0.133757404,0.001864896312,0.001286179809,0.0007257972301,0.01993862222,0.001848415718,0.002016749577,0.005083482248,0.001534012392,0.7276164144,0.7922480055,0.9966311424,0.9979232893,0.9993227174,0.9825852385,0.9975427468,0.9976474323,0.991294077,0.9978032238,0.08237002569,0.05016361054,0.03507731855,0.02924703871,0.02449789482,0.02368394673,0.02113942403,0.02049807088,0.01882468506,0.01656186736,0.97145527,0.09755883119,0.05790942488,0.03514285634,25.48093411,29.47138877,3.237644181,1.024006484,2.663235356,32.74973038,0.982439564,0.9027284924,0.3241475808,0.009503455828,0.9642421279,0.9604516045,0.9575519139,0.9469711584,0.9994879623,0.9992187736,0.9636946367,0.9621575903,0.9601020052,0.9496529866,0.9994092099,0.9992221052,0.09922219036,0.3409828249,136.2180739,0.9693021865,0.984716028,0.9862729543,0.9867521399,0.9715440069,0.9848590118,0.9861708223,0.9866653485,0.9857163938,0.973125336,0.1099738736,0.06151066772,0.03419123136,0.02847131658,0.02381473834,0.02341567323,0.02058659135,0.01995991604,0.0184479459,0.01612453533
KaLM-Embedding/KaLM-embedding-multilingual-mini-instruct-v2.5,23,mean_abs,5,490;744;690;158;315,896,847,858,0.1582761668,0.1445701835,0.01752174988,0.002717017305,0.002503547843,0.02560508809,0.003526423496,0.005148970123,0.006993752043,0.004129604875,0.7229948541,0.7719933276,0.9664406041,0.9952001815,0.9959825632,0.9724503543,0.9943379732,0.9916892967,0.9878804551,0.9928059698,0.08210115943,0.04903300952,0.0341204281,0.02925786008,0.02449187934,0.02351249138,0.02113698459,0.02043896489,0.01881815196,0.01653012546,0.9684460636,0.09753930707,0.05731973397,0.0347289399,25.55247935,29.80008893,7.972703005,3.030150887,9.330595888,32.960326,0.9833621277,0.9021905845,0.3157734819,0.02168145625,0.9656157733,0.9619575177,0.959779714,0.949438818,0.9987450256,0.9983338681,0.9650970901,0.9636399506,0.9631399308,0.9538274954,0.9986141865,0.9982415152,0.09912928236,0.3401662624,136.5459033,0.9691563435,0.9850014471,0.9864090792,0.9867358256,0.9715440069,0.9848590118,0.9861708223,0.9866653485,0.9857163938,0.973125336,0.1099738736,0.06151066772,0.03419123136,0.02847131658,0.02381473834,0.02341567323,0.02058659135,0.01995991604,0.0184479459,0.01612453533
KaLM-Embedding/KaLM-embedding-multilingual-mini-instruct-v2.5,23,mean_abs,10,490;744;690;158;315;858;2;24;524;208,896,847,858,0.196968212,0.1769871344,0.02798974414,0.01570682405,0.004662984334,0.04384107896,0.00827685741,0.00775552382,0.02465146117,0.007214834474,0.665253741,0.7346896348,0.9473932865,0.9728048462,0.993097456,0.9576816581,0.988653762,0.9854932776,0.9554068408,0.9868744973,0.07645949637,0.0472290206,0.03385319243,0.02894595357,0.02471680145,0.02343594142,0.021270772,0.02055734202,0.01842005609,0.01663043922,0.9568534227,0.09521353639,0.05738551919,0.03482801979,28.96020919,34.76913355,10.33653517,5.570061417,10.9701319,37.26209756,0.9763823901,0.8749561871,0.3758410145,0.03324186083,0.9498159837,0.9455984085,0.9375564937,0.9216151186,0.997444365,0.9964114417,0.9492375293,0.9479148302,0.9395175585,0.922619581,0.9970707937,0.9962622864,0.09752989871,0.3361046666,138.3020078,0.9694498855,0.9849113463,0.9865520013,0.9867392745,0.9715440069,0.9848590118,0.9861708223,0.9866653485,0.9857163938,0.973125336,0.1099738736,0.06151066772,0.03419123136,0.02847131658,0.02381473834,0.02341567323,0.02058659135,0.01995991604,0.0184479459,0.01612453533
KaLM-Embedding/KaLM-embedding-multilingual-mini-instruct-v2.5,23,variance,1,490,896,847,858,0.1513827859,0.1317887453,0.0004427268671,0.0004247502928,0.0006071607281,0.01874972379,0.0007686116556,0.0010098673,0.0008157131935,0.0006028577512,0.7344457382,0.7943408179,0.9994645794,0.9995537863,0.9994748795,0.9841464806,0.999472054,0.999347974,0.9995638751,0.9998049691,0.08301392588,0.05021795657,0.03512237413,0.02924929715,0.02446354625,0.02368471199,0.02114739196,0.0205010999,0.01895222851,0.01656930203,0.9729673894,0.09782258066,0.05784071135,0.03513793064,25.08008556,29.0547005,2.308350168,0.1028673951,1.248803091,32.3768279,0.983187186,0.9057161844,0.3178046385,0.01037329737,0.9657349554,0.9620593404,0.9592974689,0.9492362983,0.9995584945,0.9993134671,0.9652279996,0.9637150707,0.9616865595,0.951714213,0.9994890036,0.9993130702,0.09941675691,0.3412969205,136.0939,0.969785541,0.9847157765,0.9862812165,0.9867440147,0.9715440069,0.9848590118,0.9861708223,0.9866653485,0.9857163938,0.973125336,0.1099738736,0.06151066772,0.03419123136,0.02847131658,0.02381473834,0.02341567323,0.02058659135,0.01995991604,0.0184479459,0.01612453533
KaLM-Embedding/KaLM-embedding-multilingual-mini-instruct-v2.5,23,variance,3,490;524;280,896,847,858,0.1991335885,0.177364062,0.005139657683,0.01003882941,0.004268995326,0.03828944463,0.004862875625,0.004094906588,0.002257604424,0.001084091562,0.6654112958,0.7466446297,0.992381648,0.9857416959,0.9952905708,0.9768693829,0.9951206694,0.9922243577,0.9983427596,0.9990993285,0.0760383862,0.04772188469,0.03525710636,0.02916244128,0.0246291205,0.02376820293,0.02128694757,0.02057888281,0.01913730986,0.01673975413,0.9623804681,0.09494515578,0.05801094079,0.03543925198,29.42651156,36.56620086,8.364648054,1.414031745,4.391426517,38.68336969,0.973265701,0.8709865698,0.405729784,0.02541244645,0.942347176,0.9379071229,0.9212896461,0.9032034016,0.9930561287,0.9895495488,0.9422183939,0.9411420827,0.9201913318,0.8978182745,0.9916085137,0.98911333,0.09762111689,0.335651595,138.3979704,0.9701084362,0.9846222337,0.9864546759,0.9866487303,0.9715440069,0.9848590118,0.9861708223,0.9866653485,0.9857163938,0.973125336,0.1099738736,0.06151066772,0.03419123136,0.02847131658,0.02381473834,0.02341567323,0.02058659135,0.01995991604,0.0184479459,0.01612453533
KaLM-Embedding/KaLM-embedding-multilingual-mini-instruct-v2.5,23,variance,5,490;524;280;869;170,896,847,858,0.2215621387,0.1973770608,0.005382035087,0.01928281255,0.01042047417,0.04343130548,0.01010509787,0.008135990976,0.01489638256,0.004838118557,0.6279055405,0.7094036825,0.9920286207,0.9674967086,0.9831160803,0.9600437798,0.9859516442,0.9845963918,0.9755598066,0.9918674787,0.07222199978,0.04563830981,0.03547518066,0.02880996421,0.02448703974,0.02351166359,0.02122881398,0.02055429674,0.01882294562,0.01672732639,0.9561242381,0.09277811803,0.05686145708,0.03566714248,30.8372561,37.46613603,8.527617523,3.897624552,10.20097211,39.45815553,0.9731783665,0.8586267638,0.3980522369,0.03032732576,0.9429374504,0.9386988357,0.9198543594,0.9011734649,0.9929527102,0.9894607403,0.9429984312,0.9419162727,0.9188718164,0.8969368567,0.9914706487,0.9889734628,0.09537142412,0.3330008404,139.6694149,0.9704504593,0.9846181562,0.9866579662,0.9868352607,0.9715440069,0.9848590118,0.9861708223,0.9866653485,0.9857163938,0.973125336,0.1099738736,0.06151066772,0.03419123136,0.02847131658,0.02381473834,0.02341567323,0.02058659135,0.01995991604,0.0184479459,0.01612453533
KaLM-Embedding/KaLM-embedding-multilingual-mini-instruct-v2.5,23,variance,10,490;524;280;869;170;821;31;158;473;39,896,847,858,0.2361919129,0.2309679553,0.05659437014,0.03426972582,0.0381615237,0.06086636781,0.01480766203,0.01983485024,0.02405282282,0.01879751617,0.6067369749,0.6607960846,0.8946500312,0.9425555139,0.9349999377,0.9344876074,0.9755629274,0.9637679864,0.9572353581,0.9673330452,0.07070449772,0.04307000873,0.03241342923,0.02843619908,0.02359469965,0.02318660974,0.02128123313,0.02038394616,0.01871215498,0.01652799944,0.94371953,0.0925684068,0.0560054799,0.03435789252,31.70262212,39.54203531,14.69684962,10.83722388,16.27671737,41.17969935,0.9734838477,0.8507870605,0.3987919896,0.04120017927,0.9412428555,0.9366320288,0.9140979645,0.8940056103,0.9935884103,0.9913392661,0.9416428996,0.940440961,0.9156333193,0.8941738817,0.9926308752,0.9907995634,0.09521052203,0.3297094428,141.0912705,0.9708216596,0.9852719211,0.9865776657,0.986515172,0.9715440069,0.9848590118,0.9861708223,0.9866653485,0.9857163938,0.973125336,0.1099738736,0.06151066772,0.03419123136,0.02847131658,0.02381473834,0.02341567323,0.02058659135,0.01995991604,0.0184479459,0.01612453533
KaLM-Embedding/KaLM-embedding-multilingual-mini-instruct-v2.5,24,mean_abs,1,408,896,847,858,0.008262186299,0.03073489367,0.002571697747,0.007405352408,0.009936989321,0.001434715554,0.01004919468,0.0001391195794,0.003109598447,0.0002950418504,0.9838226053,0.9407786456,0.9951271751,0.9861744813,0.9815519994,0.9973529577,0.9816151217,0.9997462856,0.9943736312,0.9994715744,0.08366687719,0.04592855687,0.03378013906,0.02647431808,0.02442861729,0.02297975581,0.02056028645,0.02025431023,0.01862810574,0.01708077631,0.996441268,0.08436390752,0.04738492758,0.03386723535,5.353069167,10.53114525,3.672260394,0.0825975633,0.9586443984,11.9452217,0.9997774548,0.9956387145,0.03569260452,0.007279744019,0.9995306815,0.9995463203,0.9981220075,0.9976038295,0.999253275,0.9991193997,0.9995277371,0.9996233352,0.998108824,0.9975174622,0.9992441562,0.9989867895,0.08438165786,0.3166149398,149.9606711,0.9555983528,0.9823971093,0.9821400309,0.9814480609,0.9558330237,0.9821589209,0.9820882427,0.9815335358,0.9812935761,0.9777950156,0.08474000166,0.04864599091,0.03382474666,0.0267499348,0.02479917763,0.0229587498,0.02087082548,0.02018735239,0.01866683983,0.01702898896
KaLM-Embedding/KaLM-embedding-multilingual-mini-instruct-v2.5,24,mean_abs,3,408;601;690,896,847,858,0.01817449175,0.07215242857,0.004449755379,0.01298648625,0.02422398659,0.01098531501,0.02265140487,0.0008025143305,0.01003642337,0.01664550039,0.9650274426,0.8665131163,0.9912027352,0.9775097907,0.9581607245,0.9809999851,0.9625482932,0.998538675,0.9825043278,0.9694970768,0.08252804631,0.04253981802,0.03383533469,0.02638865627,0.02397999437,0.02272954114,0.02027382004,0.0203431259,0.01850881887,0.01666129678,0.9908925601,0.08405571623,0.04584785188,0.0339865666,8.088306026,16.66502395,3.909334236,2.58055346,3.946236624,17.77689327,0.9991737666,0.9900523948,0.07184973264,0.0004678963713,0.9982306139,0.9983292272,0.9922511318,0.9920070578,0.9998479164,0.9998178804,0.9981975632,0.9986562341,0.9923334858,0.9921916236,0.999838563,0.9997957848,0.08412333629,0.314281928,150.9115953,0.9549229302,0.9825449339,0.9821304979,0.9814700341,0.9558330237,0.9821589209,0.9820882427,0.9815335358,0.9812935761,0.9777950156,0.08474000166,0.04864599091,0.03382474666,0.0267499348,0.02479917763,0.0229587498,0.02087082548,0.02018735239,0.01866683983,0.01702898896
KaLM-Embedding/KaLM-embedding-multilingual-mini-instruct-v2.5,24,mean_abs,5,408;601;690;67;2,896,847,858,0.01985651909,0.08661072968,0.00585344244,0.01446215286,0.02812987133,0.01139356242,0.02521154204,0.002742185453,0.02177265294,0.01920700096,0.9618187967,0.8402878894,0.9884780233,0.9748545954,0.9498276665,0.980178947,0.9578833034,0.9946880338,0.9595510062,0.9640492041,0.0825051059,0.04137845363,0.03384547928,0.02639743133,0.02384411417,0.02277994668,0.02023724212,0.02032662875,0.01813167658,0.01661832171,0.9878725144,0.08417655936,0.04530210171,0.03404475831,8.440283413,18.1479776,4.57647437,4.052483342,4.37904287,19.07456766,0.999138828,0.9891693807,0.0737004796,0.002879914561,0.9981228765,0.9981997371,0.991869031,0.9911279583,0.9996737092,0.9995966195,0.998084718,0.9985188747,0.9919216086,0.9912269353,0.9996676306,0.9995507038,0.08424824755,0.3138695275,151.0519181,0.9545909772,0.9826209329,0.9821875863,0.9815731809,0.9558330237,0.9821589209,0.9820882427,0.9815335358,0.9812935761,0.9777950156,0.08474000166,0.04864599091,0.03382474666,0.0267499348,0.02479917763,0.0229587498,0.02087082548,0.02018735239,0.01866683983,0.01702898896
KaLM-Embedding/KaLM-embedding-multilingual-mini-instruct-v2.5,24,mean_abs,10,408;601;690;67;2;24;462;61;158;697,896,847,858,0.07280525626,0.1238225925,0.02247763604,0.01964414148,0.04365750203,0.02481395467,0.04392048974,0.003553396045,0.02878489645,0.03494395704,0.8644582455,0.7822034068,0.9566151044,0.9656935822,0.9295282164,0.9581481727,0.9370619379,0.993164708,0.9496449468,0.9420896416,0.07512207445,0.03902130957,0.03318232933,0.026490927,0.02363931784,0.0225588,0.02005593934,0.02056059723,0.01817888095,0.01645190434,0.9751353872,0.0810208157,0.04453585454,0.03394534034,16.30717675,23.04221092,9.051817392,7.789537557,10.27406179,25.05758577,0.9967396819,0.9597701287,0.1400596184,0.01954433043,0.9923435174,0.9941244403,0.9803508937,0.9782247575,0.9986687913,0.9985013937,0.9924953407,0.995416092,0.9804450503,0.9781015927,0.9986414438,0.9982475377,0.08128940324,0.3098693531,153.1679587,0.9552633647,0.982542397,0.9820402416,0.9810683034,0.9558330237,0.9821589209,0.9820882427,0.9815335358,0.9812935761,0.9777950156,0.08474000166,0.04864599091,0.03382474666,0.0267499348,0.02479917763,0.0229587498,0.02087082548,0.02018735239,0.01866683983,0.01702898896
KaLM-Embedding/KaLM-embedding-multilingual-mini-instruct-v2.5,24,variance,1,61,896,847,858,0.03087408222,0.003961236359,8.107795312e-05,0.0006104736909,0.01117407635,0.005018376792,0.0116705155,5.0288016e-06,0.003898437767,0.009391904907,0.9398508366,0.9924349045,0.999848364,0.998879211,0.979629352,0.9909225547,0.9791130765,0.9999910357,0.9931196888,0.9836367063,0.07999403716,0.04849079445,0.03396869854,0.02683773852,0.02440109318,0.02285062924,0.02052497762,0.02027615889,0.01862012567,0.01682417611,0.9956112266,0.08254245985,0.04868364187,0.03397145287,10.18518357,3.967165246,0.5824356726,0.02128764508,0.3538121319,10.80839213,0.9997962665,0.9842413684,0.02670017911,0.002649518383,0.9993390997,0.9996311989,0.9996303034,0.9994629426,0.9999873827,0.9999776448,0.9993601871,0.9996966125,0.9996670763,0.9995250558,0.9999874074,0.9999777337,0.08256122975,0.3162457036,150.3045383,0.955368541,0.9820802113,0.9818665217,0.9812962365,0.9558330237,0.9821589209,0.9820882427,0.9815335358,0.9812935761,0.9777950156,0.08474000166,0.04864599091,0.03382474666,0.0267499348,0.02479917763,0.0229587498,0.02087082548,0.02018735239,0.01866683983,0.01702898896
KaLM-Embedding/KaLM-embedding-multilingual-mini-instruct-v2.5,24,variance,3,61;601;408,896,847,858,0.04273615783,0.06903064183,0.002931157116,0.01262926115,0.03539698685,0.01590312137,0.03345187382,0.0005860574701,0.01254496456,0.02155670788,0.9185978584,0.8736792369,0.994257778,0.9770999853,0.9424619534,0.9740696069,0.9480259746,0.9989958478,0.9811139565,0.9664169821,0.0787841257,0.04301539272,0.03403755631,0.02645370813,0.02365516216,0.02263409066,0.02002556077,0.02041116861,0.01853595975,0.01665628871,0.9880414785,0.08230137004,0.04620495008,0.03413761903,12.25688179,16.5644566,3.420224718,2.916435957,7.349682428,18.60057371,0.9987806643,0.9772056148,0.08251657241,0.002969969526,0.9969369798,0.9981111458,0.9906943773,0.9913504634,0.999674145,0.9995854419,0.9969395154,0.9984811816,0.9907426759,0.9913171974,0.9996685114,0.999535163,0.0824042834,0.31278425,151.7305183,0.9551862938,0.9824064046,0.9819195464,0.9811983831,0.9558330237,0.9821589209,0.9820882427,0.9815335358,0.9812935761,0.9777950156,0.08474000166,0.04864599091,0.03382474666,0.0267499348,0.02479917763,0.0229587498,0.02087082548,0.02018735239,0.01866683983,0.01702898896
KaLM-Embedding/KaLM-embedding-multilingual-mini-instruct-v2.5,24,variance,5,61;601;408;59;39,896,847,858,0.04726947141,0.08983902848,0.02026658651,0.0147909439,0.04935173343,0.01694340401,0.04729448904,0.002264307194,0.02033233201,0.05017478745,0.9104461748,0.837138819,0.9614863164,0.9734780892,0.9179574377,0.9720570952,0.9191576114,0.9959543122,0.9668004546,0.9126123602,0.0785162262,0.0414439565,0.03309743472,0.02650120262,0.02316735739,0.0227120682,0.01952298804,0.02046140512,0.01836641193,0.01581582621,0.9826148567,0.08241178785,0.04553475462,0.03378208221,12.99492363,19.29489606,9.89921514,6.925785519,8.047466146,21.340409,0.9982694339,0.9743899915,0.1004461105,0.01585888092,0.9958840369,0.9971101988,0.9863909974,0.9856467344,0.9954223978,0.9945954788,0.9959294044,0.997637077,0.9863784528,0.9842430002,0.9952817848,0.9941435325,0.08255687181,0.3113129031,152.2688773,0.9550904539,0.9824406238,0.9820156446,0.9810174774,0.9558330237,0.9821589209,0.9820882427,0.9815335358,0.9812935761,0.9777950156,0.08474000166,0.04864599091,0.03382474666,0.0267499348,0.02479917763,0.0229587498,0.02087082548,0.02018735239,0.01866683983,0.01702898896
KaLM-Embedding/KaLM-embedding-multilingual-mini-instruct-v2.5,24,variance,10,61;601;408;59;39;26;821;533;170;55,896,847,858,0.08109681434,0.1317588888,0.06793077012,0.0270549699,0.06029165684,0.02910855929,0.04902977957,0.009973729018,0.02617866575,0.05973855191,0.8485832719,0.7660247159,0.8723334424,0.9486948816,0.8956425066,0.9508259051,0.9168238634,0.9815173509,0.9565024087,0.9012521353,0.07414047888,0.03842043602,0.03042212365,0.02616506016,0.02290047173,0.02250721156,0.01972867815,0.02042912651,0.01840896285,0.01582368479,0.9699013137,0.08068366726,0.04425088322,0.03263933909,17.10278057,23.17314657,15.85249763,10.2511434,16.62404315,25.06591075,0.9970627449,0.9557787439,0.1289570835,0.040029119,0.9931163991,0.9945697664,0.9846548594,0.9846300677,0.9946855837,0.9940681376,0.9932299823,0.9956181603,0.9855165856,0.9853082287,0.9945207035,0.9937171865,0.08092362883,0.3076153953,154.0405898,0.9554589322,0.9830987449,0.9825008937,0.980774446,0.9558330237,0.9821589209,0.9820882427,0.9815335358,0.9812935761,0.9777950156,0.08474000166,0.04864599091,0.03382474666,0.0267499348,0.02479917763,0.0229587498,0.02087082548,0.02018735239,0.01866683983,0.01702898896
