example_id,model_name,model_short,model_type,layer,method,repr,pooling,D,tau,baseline_tau,abtt_tau,query_index,candidate_index,query_file_id,candidate_file_id,query_path,candidate_path,query_folder_id,candidate_folder_id,candidate_label,candidate_role,gold_similar,baseline_score,abtt_score,baseline_pred,abtt_pred,bucket,baseline_disagrees,baseline_margin,abtt_margin,baseline_margin_abs,abtt_margin_abs,bucket_slot,methods_available
1,bowphs/LaTa,LaTa,t5,7,abtt_optimal,hidden,mean,10,0.5025125628140703,0.9949748743718592,0.5025125628140703,,,1040,1041,/projects/beto/irowerojas/localLatin/data/canon/Can.apost.19/C1525.5v.3.txt,/projects/beto/irowerojas/localLatin/data/canon/Can.apost.19/Hat42.146r.1.txt,Can.apost.19,Can.apost.19,Can.apost.19,pair_example,1,,,,,rand_similar,,,,,,,"ig,bertscore,ot,attention_weighted,dla,attention_standalone,retrieval_mark"
2,bowphs/LaTa,LaTa,t5,7,abtt_optimal,hidden,mean,10,0.5025125628140703,0.9949748743718592,0.5025125628140703,,,604,607,/projects/beto/irowerojas/localLatin/data/canon/CNEO.315.1/C1525.22v.1.txt,/projects/beto/irowerojas/localLatin/data/canon/CNEO.315.1/KoeD213.25v.1.txt,CNEO.315.1,CNEO.315.1,CNEO.315.1,pair_example,1,,,,,rand_similar,,,,,,,"ig,bertscore,ot,attention_weighted,dla,attention_standalone,retrieval_mark"
3,bowphs/LaTa,LaTa,t5,7,abtt_optimal,hidden,mean,10,0.5025125628140703,0.9949748743718592,0.5025125628140703,,,848,849,/projects/beto/irowerojas/localLatin/data/canon/CORL.511.25/BAV1341.55r.12.txt,/projects/beto/irowerojas/localLatin/data/canon/CORL.511.25/BN2123.90r.7.txt,CORL.511.25,CORL.511.25,CORL.511.25,pair_example,1,,,,,rand_similar,,,,,,,"ig,bertscore,ot,attention_weighted,dla,attention_standalone,retrieval_mark"
4,bowphs/LaTa,LaTa,t5,7,abtt_optimal,hidden,mean,10,0.5025125628140703,0.9949748743718592,0.5025125628140703,,,742,745,/projects/beto/irowerojas/localLatin/data/canon/CNIC.325.3/BN2123.96v.8.txt,/projects/beto/irowerojas/localLatin/data/canon/CNIC.325.3/D1723.524.9.txt,CNIC.325.3,CNIC.325.3,CNIC.325.3,pair_example,1,,,,,rand_similar,,,,,,,"ig,bertscore,ot,attention_weighted,dla,attention_standalone,retrieval_mark"
5,bowphs/LaTa,LaTa,t5,7,abtt_optimal,hidden,mean,10,0.5025125628140703,0.9949748743718592,0.5025125628140703,,,1170,1168,/projects/beto/irowerojas/localLatin/data/canon/Can.apost.41/KoeD213.9v.1.txt,/projects/beto/irowerojas/localLatin/data/canon/Can.apost.41/Hat42.148r.3.txt,Can.apost.41,Can.apost.41,Can.apost.41,pair_example,1,,,,,rand_similar,,,,,,,"ig,bertscore,ot,attention_weighted,dla,attention_standalone,retrieval_mark"
6,bowphs/LaTa,LaTa,t5,7,abtt_optimal,hidden,mean,10,0.5025125628140703,0.9949748743718592,0.5025125628140703,,,1174,1177,/projects/beto/irowerojas/localLatin/data/canon/Can.apost.42/C1525.7r.4.txt,/projects/beto/irowerojas/localLatin/data/canon/Can.apost.42/Vat5845.10r.1.txt,Can.apost.42,Can.apost.42,Can.apost.42,pair_example,1,,,,,rand_similar,,,,,,,"ig,bertscore,ot,attention_weighted,dla,attention_standalone,retrieval_mark"
7,bowphs/LaTa,LaTa,t5,7,abtt_optimal,hidden,mean,10,0.5025125628140703,0.9949748743718592,0.5025125628140703,,,1098,1096,/projects/beto/irowerojas/localLatin/data/canon/Can.apost.29/KoeD213.7r.4.txt,/projects/beto/irowerojas/localLatin/data/canon/Can.apost.29/C1525.6r.4.txt,Can.apost.29,Can.apost.29,Can.apost.29,pair_example,1,,,,,rand_similar,,,,,,,"ig,bertscore,ot,attention_weighted,dla,attention_standalone,retrieval_mark"
8,bowphs/LaTa,LaTa,t5,7,abtt_optimal,hidden,mean,10,0.5025125628140703,0.9949748743718592,0.5025125628140703,,,645,639,/projects/beto/irowerojas/localLatin/data/canon/CNEO.315.2/KoeD213.25v.2.txt,/projects/beto/irowerojas/localLatin/data/canon/CNEO.315.2/BAV1341.12v.17.txt,CNEO.315.2,CNEO.315.2,CNEO.315.2,pair_example,1,,,,,rand_similar,,,,,,,"ig,bertscore,ot,attention_weighted,dla,attention_standalone,retrieval_mark"
9,bowphs/LaTa,LaTa,t5,7,abtt_optimal,hidden,mean,10,0.5025125628140703,0.9949748743718592,0.5025125628140703,,,1203,1208,/projects/beto/irowerojas/localLatin/data/canon/Can.apost.48/BAV1341.7v.18.txt,/projects/beto/irowerojas/localLatin/data/canon/Can.apost.48/Vat5845.10r.7.txt,Can.apost.48,Can.apost.48,Can.apost.48,pair_example,1,,,,,rand_similar,,,,,,,"ig,bertscore,ot,attention_weighted,dla,attention_standalone,retrieval_mark"
10,bowphs/LaTa,LaTa,t5,7,abtt_optimal,hidden,mean,10,0.5025125628140703,0.9949748743718592,0.5025125628140703,,,633,635,/projects/beto/irowerojas/localLatin/data/canon/CNEO.315.14/BAV1341.13r.7.txt,/projects/beto/irowerojas/localLatin/data/canon/CNEO.315.14/C1525.23v.1.txt,CNEO.315.14,CNEO.315.14,CNEO.315.14,pair_example,1,,,,,rand_similar,,,,,,,"ig,bertscore,ot,attention_weighted,dla,attention_standalone,retrieval_mark"
11,bowphs/LaTa,LaTa,t5,7,abtt_optimal,hidden,mean,10,0.5025125628140703,0.9949748743718592,0.5025125628140703,,,656,658,/projects/beto/irowerojas/localLatin/data/canon/CNEO.315.5/BAV1341.12v.20.txt,/projects/beto/irowerojas/localLatin/data/canon/CNEO.315.5/Hat42.161r.2.txt,CNEO.315.5,CNEO.315.5,CNEO.315.5,pair_example,1,,,,,rand_similar,,,,,,,"ig,bertscore,ot,attention_weighted,dla,attention_standalone,retrieval_mark"
12,bowphs/LaTa,LaTa,t5,7,abtt_optimal,hidden,mean,10,0.5025125628140703,0.9949748743718592,0.5025125628140703,,,717,716,/projects/beto/irowerojas/localLatin/data/canon/CNIC.325.17/C1525.13r.3.txt,/projects/beto/irowerojas/localLatin/data/canon/CNIC.325.17/BN2123.86r.1.txt,CNIC.325.17,CNIC.325.17,CNIC.325.17,pair_example,1,,,,,rand_similar,,,,,,,"ig,bertscore,ot,attention_weighted,dla,attention_standalone,retrieval_mark"
13,bowphs/LaTa,LaTa,t5,7,abtt_optimal,hidden,mean,10,0.5025125628140703,0.9949748743718592,0.5025125628140703,,,94,93,/projects/beto/irowerojas/localLatin/data/canon/CANC.314.16/Hat42.159r.1.txt,/projects/beto/irowerojas/localLatin/data/canon/CANC.314.16/D1723.525.3.txt,CANC.314.16,CANC.314.16,CANC.314.16,pair_example,1,,,,,rand_similar,,,,,,,"ig,bertscore,ot,attention_weighted,dla,attention_standalone,retrieval_mark"
14,bowphs/LaTa,LaTa,t5,7,abtt_optimal,hidden,mean,10,0.5025125628140703,0.9949748743718592,0.5025125628140703,,,696,695,/projects/beto/irowerojas/localLatin/data/canon/CNIC.325.12/Hat42.153r.2.txt,/projects/beto/irowerojas/localLatin/data/canon/CNIC.325.12/D1723.522.3.txt,CNIC.325.12,CNIC.325.12,CNIC.325.12,pair_example,1,,,,,rand_similar,,,,,,,"ig,bertscore,ot,attention_weighted,dla,attention_standalone,retrieval_mark"
15,bowphs/LaTa,LaTa,t5,7,abtt_optimal,hidden,mean,10,0.5025125628140703,0.9949748743718592,0.5025125628140703,,,216,219,/projects/beto/irowerojas/localLatin/data/canon/CANT.328.16/Brn425.64r.3.txt,/projects/beto/irowerojas/localLatin/data/canon/CANT.328.16/Hat42.171r.2.txt,CANT.328.16,CANT.328.16,CANT.328.16,pair_example,1,,,,,rand_similar,,,,,,,"ig,bertscore,ot,attention_weighted,dla,attention_standalone,retrieval_mark"
16,bowphs/LaTa,LaTa,t5,7,abtt_optimal,hidden,mean,10,0.5025125628140703,0.9949748743718592,0.5025125628140703,,,1073,1072,/projects/beto/irowerojas/localLatin/data/canon/Can.apost.24/KoeD213.6v.7.txt,/projects/beto/irowerojas/localLatin/data/canon/Can.apost.24/Hat42.146r.6.txt,Can.apost.24,Can.apost.24,Can.apost.24,pair_example,1,,,,,rand_similar,,,,,,,"ig,bertscore,ot,attention_weighted,dla,attention_standalone,retrieval_mark"
17,bowphs/LaTa,LaTa,t5,7,abtt_optimal,hidden,mean,10,0.5025125628140703,0.9949748743718592,0.5025125628140703,,,732,733,/projects/beto/irowerojas/localLatin/data/canon/CNIC.325.2/Hat42.150v.2.txt,/projects/beto/irowerojas/localLatin/data/canon/CNIC.325.2/KoeD213.11v.1.txt,CNIC.325.2,CNIC.325.2,CNIC.325.2,pair_example,1,,,,,rand_similar,,,,,,,"ig,bertscore,ot,attention_weighted,dla,attention_standalone,retrieval_mark"
18,bowphs/LaTa,LaTa,t5,7,abtt_optimal,hidden,mean,10,0.5025125628140703,0.9949748743718592,0.5025125628140703,,,121,116,/projects/beto/irowerojas/localLatin/data/canon/CANC.314.20/D1723.530.5.txt,/projects/beto/irowerojas/localLatin/data/canon/CANC.314.20/BAV1341.12r.7.txt,CANC.314.20,CANC.314.20,CANC.314.20,pair_example,1,,,,,rand_similar,,,,,,,"ig,bertscore,ot,attention_weighted,dla,attention_standalone,retrieval_mark"
19,bowphs/LaTa,LaTa,t5,7,abtt_optimal,hidden,mean,10,0.5025125628140703,0.9949748743718592,0.5025125628140703,,,1037,1036,/projects/beto/irowerojas/localLatin/data/canon/Can.apost.18/KoeD213.6v.1.txt,/projects/beto/irowerojas/localLatin/data/canon/Can.apost.18/Hat42.145v.4.txt,Can.apost.18,Can.apost.18,Can.apost.18,pair_example,1,,,,,rand_similar,,,,,,,"ig,bertscore,ot,attention_weighted,dla,attention_standalone,retrieval_mark"
20,bowphs/LaTa,LaTa,t5,7,abtt_optimal,hidden,mean,10,0.5025125628140703,0.9949748743718592,0.5025125628140703,,,753,751,/projects/beto/irowerojas/localLatin/data/canon/CNIC.325.4/KoeD213.12r.2.txt,/projects/beto/irowerojas/localLatin/data/canon/CNIC.325.4/D1723.557.9.txt,CNIC.325.4,CNIC.325.4,CNIC.325.4,pair_example,1,,,,,rand_similar,,,,,,,"ig,bertscore,ot,attention_weighted,dla,attention_standalone,retrieval_mark"
21,bowphs/LaTa,LaTa,t5,7,abtt_optimal,hidden,mean,10,0.5025125628140703,0.9949748743718592,0.5025125628140703,,,1144,1141,/projects/beto/irowerojas/localLatin/data/canon/Can.apost.37/KoeD213.8r.3.txt,/projects/beto/irowerojas/localLatin/data/canon/Can.apost.37/BN2123.84v.8.txt,Can.apost.37,Can.apost.37,Can.apost.37,pair_example,1,,,,,rand_similar,,,,,,,"ig,bertscore,ot,attention_weighted,dla,attention_standalone,retrieval_mark"
22,bowphs/LaTa,LaTa,t5,7,abtt_optimal,hidden,mean,10,0.5025125628140703,0.9949748743718592,0.5025125628140703,,,61,60,/projects/beto/irowerojas/localLatin/data/canon/CANC.314.10/Brn425.23v.4.txt,/projects/beto/irowerojas/localLatin/data/canon/CANC.314.10/BAV1341.11v.6.txt,CANC.314.10,CANC.314.10,CANC.314.10,pair_example,1,,,,,rand_similar,,,,,,,"ig,bertscore,ot,attention_weighted,dla,attention_standalone,retrieval_mark"
23,bowphs/LaTa,LaTa,t5,7,abtt_optimal,hidden,mean,10,0.5025125628140703,0.9949748743718592,0.5025125628140703,,,827,828,/projects/beto/irowerojas/localLatin/data/canon/CORL.511.16/Brn425.61v.2.txt,/projects/beto/irowerojas/localLatin/data/canon/CORL.511.16/D1723.560.4.txt,CORL.511.16,CORL.511.16,CORL.511.16,pair_example,1,,,,,rand_similar,,,,,,,"ig,bertscore,ot,attention_weighted,dla,attention_standalone,retrieval_mark"
24,bowphs/LaTa,LaTa,t5,7,abtt_optimal,hidden,mean,10,0.5025125628140703,0.9949748743718592,0.5025125628140703,,,760,758,/projects/beto/irowerojas/localLatin/data/canon/CNIC.325.6/Hat42.152r.1.txt,/projects/beto/irowerojas/localLatin/data/canon/CNIC.325.6/BN2123.81r.6.txt,CNIC.325.6,CNIC.325.6,CNIC.325.6,pair_example,1,,,,,rand_similar,,,,,,,"ig,bertscore,ot,attention_weighted,dla,attention_standalone,retrieval_mark"
25,bowphs/LaTa,LaTa,t5,7,abtt_optimal,hidden,mean,10,0.5025125628140703,0.9949748743718592,0.5025125628140703,,,691,686,/projects/beto/irowerojas/localLatin/data/canon/CNIC.325.11/KoeD213.13v.3.txt,/projects/beto/irowerojas/localLatin/data/canon/CNIC.325.11/BN2123.86v.10.txt,CNIC.325.11,CNIC.325.11,CNIC.325.11,pair_example,1,,,,,rand_similar,,,,,,,"ig,bertscore,ot,attention_weighted,dla,attention_standalone,retrieval_mark"
26,bowphs/LaTa,LaTa,t5,7,abtt_optimal,hidden,mean,10,0.5025125628140703,0.9949748743718592,0.5025125628140703,,,192,196,/projects/beto/irowerojas/localLatin/data/canon/CANT.328.11/BAV1341.17v.1.txt,/projects/beto/irowerojas/localLatin/data/canon/CANT.328.11/Hat42.170r.1.txt,CANT.328.11,CANT.328.11,CANT.328.11,pair_example,1,,,,,rand_similar,,,,,,,"ig,bertscore,ot,attention_weighted,dla,attention_standalone,retrieval_mark"
27,bowphs/LaTa,LaTa,t5,7,abtt_optimal,hidden,mean,10,0.5025125628140703,0.9949748743718592,0.5025125628140703,,,608,610,/projects/beto/irowerojas/localLatin/data/canon/CNEO.315.10/BAV1341.13r.3.txt,/projects/beto/irowerojas/localLatin/data/canon/CNEO.315.10/C1525.23r.3.txt,CNEO.315.10,CNEO.315.10,CNEO.315.10,pair_example,1,,,,,rand_similar,,,,,,,"ig,bertscore,ot,attention_weighted,dla,attention_standalone,retrieval_mark"
28,bowphs/LaTa,LaTa,t5,7,abtt_optimal,hidden,mean,10,0.5025125628140703,0.9949748743718592,0.5025125628140703,,,1219,1217,/projects/beto/irowerojas/localLatin/data/canon/Can.apost.5/Vat5845.7r.8.txt,/projects/beto/irowerojas/localLatin/data/canon/Can.apost.5/Hat42.144r.5.txt,Can.apost.5,Can.apost.5,Can.apost.5,pair_example,1,,,,,rand_similar,,,,,,,"ig,bertscore,ot,attention_weighted,dla,attention_standalone,retrieval_mark"
29,bowphs/LaTa,LaTa,t5,7,abtt_optimal,hidden,mean,10,0.5025125628140703,0.9949748743718592,0.5025125628140703,,,1028,1027,/projects/beto/irowerojas/localLatin/data/canon/Can.apost.16/Vat5845.8r.1.txt,/projects/beto/irowerojas/localLatin/data/canon/Can.apost.16/KoeD213.6r.2.txt,Can.apost.16,Can.apost.16,Can.apost.16,pair_example,1,,,,,rand_similar,,,,,,,"ig,bertscore,ot,attention_weighted,dla,attention_standalone,retrieval_mark"
30,bowphs/LaTa,LaTa,t5,7,abtt_optimal,hidden,mean,10,0.5025125628140703,0.9949748743718592,0.5025125628140703,,,238,237,/projects/beto/irowerojas/localLatin/data/canon/CANT.328.20/BN2123.76v.2.txt,/projects/beto/irowerojas/localLatin/data/canon/CANT.328.20/BAV1341.18r.1.txt,CANT.328.20,CANT.328.20,CANT.328.20,pair_example,1,,,,,rand_similar,,,,,,,"ig,bertscore,ot,attention_weighted,dla,attention_standalone,retrieval_mark"
31,bowphs/LaTa,LaTa,t5,7,abtt_optimal,hidden,mean,10,0.5025125628140703,0.9949748743718592,0.5025125628140703,,,1155,1154,/projects/beto/irowerojas/localLatin/data/canon/Can.apost.39/Vat5845.9v.2.txt,/projects/beto/irowerojas/localLatin/data/canon/Can.apost.39/KoeD213.8v.2.txt,Can.apost.39,Can.apost.39,Can.apost.39,pair_example,1,,,,,rand_similar,,,,,,,"ig,bertscore,ot,attention_weighted,dla,attention_standalone,retrieval_mark"
32,bowphs/LaTa,LaTa,t5,7,abtt_optimal,hidden,mean,10,0.5025125628140703,0.9949748743718592,0.5025125628140703,,,70,71,/projects/beto/irowerojas/localLatin/data/canon/CANC.314.12/BAV1341.11v.8.txt,/projects/beto/irowerojas/localLatin/data/canon/CANC.314.12/C1525.20r.4.txt,CANC.314.12,CANC.314.12,CANC.314.12,pair_example,1,,,,,rand_similar,,,,,,,"ig,bertscore,ot,attention_weighted,dla,attention_standalone,retrieval_mark"
33,bowphs/LaTa,LaTa,t5,7,abtt_optimal,hidden,mean,10,0.5025125628140703,0.9949748743718592,0.5025125628140703,,,703,699,/projects/beto/irowerojas/localLatin/data/canon/CNIC.325.13/KoeD213.14v.1.txt,/projects/beto/irowerojas/localLatin/data/canon/CNIC.325.13/Brn425.15v.4.txt,CNIC.325.13,CNIC.325.13,CNIC.325.13,pair_example,1,,,,,rand_similar,,,,,,,"ig,bertscore,ot,attention_weighted,dla,attention_standalone,retrieval_mark"
34,bowphs/LaTa,LaTa,t5,7,abtt_optimal,hidden,mean,10,0.5025125628140703,0.9949748743718592,0.5025125628140703,,,528,531,/projects/beto/irowerojas/localLatin/data/canon/CGAN.355.7/C1525.25r.4.txt,/projects/beto/irowerojas/localLatin/data/canon/CGAN.355.7/KoeD213.29v.5.txt,CGAN.355.7,CGAN.355.7,CGAN.355.7,pair_example,1,,,,,rand_similar,,,,,,,"ig,bertscore,ot,attention_weighted,dla,attention_standalone,retrieval_mark"
35,bowphs/LaTa,LaTa,t5,7,abtt_optimal,hidden,mean,10,0.5025125628140703,0.9949748743718592,0.5025125628140703,,,696,693,/projects/beto/irowerojas/localLatin/data/canon/CNIC.325.12/Hat42.153r.2.txt,/projects/beto/irowerojas/localLatin/data/canon/CNIC.325.12/Brn425.17v.2.txt,CNIC.325.12,CNIC.325.12,CNIC.325.12,pair_example,1,,,,,rand_similar,,,,,,,"ig,bertscore,ot,attention_weighted,dla,attention_standalone,retrieval_mark"
36,bowphs/LaTa,LaTa,t5,7,abtt_optimal,hidden,mean,10,0.5025125628140703,0.9949748743718592,0.5025125628140703,,,1232,1234,/projects/beto/irowerojas/localLatin/data/canon/Can.apost.7/BN2123.87v.4.txt,/projects/beto/irowerojas/localLatin/data/canon/Can.apost.7/Hat42.144v.2.txt,Can.apost.7,Can.apost.7,Can.apost.7,pair_example,1,,,,,rand_similar,,,,,,,"ig,bertscore,ot,attention_weighted,dla,attention_standalone,retrieval_mark"
37,bowphs/LaTa,LaTa,t5,7,abtt_optimal,hidden,mean,10,0.5025125628140703,0.9949748743718592,0.5025125628140703,,,665,660,/projects/beto/irowerojas/localLatin/data/canon/CNEO.315.6/KoeD213.26r.2.txt,/projects/beto/irowerojas/localLatin/data/canon/CNEO.315.6/BAV1341.12v.21.txt,CNEO.315.6,CNEO.315.6,CNEO.315.6,pair_example,1,,,,,rand_similar,,,,,,,"ig,bertscore,ot,attention_weighted,dla,attention_standalone,retrieval_mark"
38,bowphs/LaTa,LaTa,t5,7,abtt_optimal,hidden,mean,10,0.5025125628140703,0.9949748743718592,0.5025125628140703,,,103,105,/projects/beto/irowerojas/localLatin/data/canon/CANC.314.18/D1723.547.5.txt,/projects/beto/irowerojas/localLatin/data/canon/CANC.314.18/KoeD213.24r.2.txt,CANC.314.18,CANC.314.18,CANC.314.18,pair_example,1,,,,,rand_similar,,,,,,,"ig,bertscore,ot,attention_weighted,dla,attention_standalone,retrieval_mark"
39,bowphs/LaTa,LaTa,t5,7,abtt_optimal,hidden,mean,10,0.5025125628140703,0.9949748743718592,0.5025125628140703,,,515,513,/projects/beto/irowerojas/localLatin/data/canon/CGAN.355.4/D1723.557.3.txt,/projects/beto/irowerojas/localLatin/data/canon/CGAN.355.4/Brn425.57r.6.txt,CGAN.355.4,CGAN.355.4,CGAN.355.4,pair_example,1,,,,,rand_similar,,,,,,,"ig,bertscore,ot,attention_weighted,dla,attention_standalone,retrieval_mark"
40,bowphs/LaTa,LaTa,t5,7,abtt_optimal,hidden,mean,10,0.5025125628140703,0.9949748743718592,0.5025125628140703,,,203,206,/projects/beto/irowerojas/localLatin/data/canon/CANT.328.13/Brn425.58v.1.txt,/projects/beto/irowerojas/localLatin/data/canon/CANT.328.13/Hat42.170v.1.txt,CANT.328.13,CANT.328.13,CANT.328.13,pair_example,1,,,,,rand_similar,,,,,,,"ig,bertscore,ot,attention_weighted,dla,attention_standalone,retrieval_mark"
41,bowphs/LaTa,LaTa,t5,7,abtt_optimal,hidden,mean,10,0.5025125628140703,0.9949748743718592,0.5025125628140703,,,1005,1006,/projects/beto/irowerojas/localLatin/data/canon/Can.apost.12/C1525.5r.3.txt,/projects/beto/irowerojas/localLatin/data/canon/Can.apost.12/Hat42.145r.2.txt,Can.apost.12,Can.apost.12,Can.apost.12,pair_example,1,,,,,rand_similar,,,,,,,"ig,bertscore,ot,attention_weighted,dla,attention_standalone,retrieval_mark"
42,bowphs/LaTa,LaTa,t5,7,abtt_optimal,hidden,mean,10,0.5025125628140703,0.9949748743718592,0.5025125628140703,,,645,640,/projects/beto/irowerojas/localLatin/data/canon/CNEO.315.2/KoeD213.25v.2.txt,/projects/beto/irowerojas/localLatin/data/canon/CNEO.315.2/BN2123.98r.9.txt,CNEO.315.2,CNEO.315.2,CNEO.315.2,pair_example,1,,,,,rand_similar,,,,,,,"ig,bertscore,ot,attention_weighted,dla,attention_standalone,retrieval_mark"
43,bowphs/LaTa,LaTa,t5,7,abtt_optimal,hidden,mean,10,0.5025125628140703,0.9949748743718592,0.5025125628140703,,,347,346,/projects/beto/irowerojas/localLatin/data/canon/CARL.501?.25/Brn425.31v.4.txt,/projects/beto/irowerojas/localLatin/data/canon/CARL.501?.25/Brn425.14r.1.txt,CARL.501?.25,CARL.501?.25,CARL.501?.25,pair_example,1,,,,,rand_similar,,,,,,,"ig,bertscore,ot,attention_weighted,dla,attention_standalone,retrieval_mark"
44,bowphs/LaTa,LaTa,t5,7,abtt_optimal,hidden,mean,10,0.5025125628140703,0.9949748743718592,0.5025125628140703,,,281,277,/projects/beto/irowerojas/localLatin/data/canon/CANT.328.6/Hat42.169r.2.txt,/projects/beto/irowerojas/localLatin/data/canon/CANT.328.6/BAV1341.17r.4.txt,CANT.328.6,CANT.328.6,CANT.328.6,pair_example,1,,,,,rand_similar,,,,,,,"ig,bertscore,ot,attention_weighted,dla,attention_standalone,retrieval_mark"
45,bowphs/LaTa,LaTa,t5,7,abtt_optimal,hidden,mean,10,0.5025125628140703,0.9949748743718592,0.5025125628140703,,,497,495,/projects/beto/irowerojas/localLatin/data/canon/CGAN.355.17/KoeD213.30v.2.txt,/projects/beto/irowerojas/localLatin/data/canon/CGAN.355.17/D1723.531.5.txt,CGAN.355.17,CGAN.355.17,CGAN.355.17,pair_example,1,,,,,rand_similar,,,,,,,"ig,bertscore,ot,attention_weighted,dla,attention_standalone,retrieval_mark"
46,bowphs/LaTa,LaTa,t5,7,abtt_optimal,hidden,mean,10,0.5025125628140703,0.9949748743718592,0.5025125628140703,,,999,1003,/projects/beto/irowerojas/localLatin/data/canon/Can.apost.11/BAV1341.7r.5.txt,/projects/beto/irowerojas/localLatin/data/canon/Can.apost.11/Vat5845.7v.3.txt,Can.apost.11,Can.apost.11,Can.apost.11,pair_example,1,,,,,rand_similar,,,,,,,"ig,bertscore,ot,attention_weighted,dla,attention_standalone,retrieval_mark"
47,bowphs/LaTa,LaTa,t5,7,abtt_optimal,hidden,mean,10,0.5025125628140703,0.9949748743718592,0.5025125628140703,,,724,720,/projects/beto/irowerojas/localLatin/data/canon/CNIC.325.18/KoeD213.14v.2.txt,/projects/beto/irowerojas/localLatin/data/canon/CNIC.325.18/BN2123.86r.2.txt,CNIC.325.18,CNIC.325.18,CNIC.325.18,pair_example,1,,,,,rand_similar,,,,,,,"ig,bertscore,ot,attention_weighted,dla,attention_standalone,retrieval_mark"
48,bowphs/LaTa,LaTa,t5,7,abtt_optimal,hidden,mean,10,0.5025125628140703,0.9949748743718592,0.5025125628140703,,,793,791,/projects/beto/irowerojas/localLatin/data/canon/CORA.441.2/Brn425.55v.11.txt,/projects/beto/irowerojas/localLatin/data/canon/CORA.441.2/BAV1341.49v.11.txt,CORA.441.2,CORA.441.2,CORA.441.2,pair_example,1,,,,,rand_similar,,,,,,,"ig,bertscore,ot,attention_weighted,dla,attention_standalone,retrieval_mark"
49,bowphs/LaTa,LaTa,t5,7,abtt_optimal,hidden,mean,10,0.5025125628140703,0.9949748743718592,0.5025125628140703,,,242,238,/projects/beto/irowerojas/localLatin/data/canon/CANT.328.20/Hat42.172r.1.txt,/projects/beto/irowerojas/localLatin/data/canon/CANT.328.20/BN2123.76v.2.txt,CANT.328.20,CANT.328.20,CANT.328.20,pair_example,1,,,,,rand_similar,,,,,,,"ig,bertscore,ot,attention_weighted,dla,attention_standalone,retrieval_mark"
50,bowphs/LaTa,LaTa,t5,7,abtt_optimal,hidden,mean,10,0.5025125628140703,0.9949748743718592,0.5025125628140703,,,521,525,/projects/beto/irowerojas/localLatin/data/canon/CGAN.355.6/Brn425.36r.4.txt,/projects/beto/irowerojas/localLatin/data/canon/CGAN.355.6/KoeD213.29v.4.txt,CGAN.355.6,CGAN.355.6,CGAN.355.6,pair_example,1,,,,,rand_similar,,,,,,,"ig,bertscore,ot,attention_weighted,dla,attention_standalone,retrieval_mark"
51,bowphs/LaTa,LaTa,t5,7,abtt_optimal,hidden,mean,10,0.5025125628140703,0.9949748743718592,0.5025125628140703,,,1075,1078,/projects/beto/irowerojas/localLatin/data/canon/Can.apost.25/BAV1341.7r.19.txt,/projects/beto/irowerojas/localLatin/data/canon/Can.apost.25/KoeD213.6v.8.txt,Can.apost.25,Can.apost.25,Can.apost.25,pair_example,1,,,,,rand_similar,,,,,,,"ig,bertscore,ot,attention_weighted,dla,attention_standalone,retrieval_mark"
52,bowphs/LaTa,LaTa,t5,7,abtt_optimal,hidden,mean,10,0.5025125628140703,0.9949748743718592,0.5025125628140703,,,98,96,/projects/beto/irowerojas/localLatin/data/canon/CANC.314.17/Hat42.159r.2.txt,/projects/beto/irowerojas/localLatin/data/canon/CANC.314.17/BAV1341.12r.4.txt,CANC.314.17,CANC.314.17,CANC.314.17,pair_example,1,,,,,rand_similar,,,,,,,"ig,bertscore,ot,attention_weighted,dla,attention_standalone,retrieval_mark"
53,bowphs/LaTa,LaTa,t5,7,abtt_optimal,hidden,mean,10,0.5025125628140703,0.9949748743718592,0.5025125628140703,,,1063,1060,/projects/beto/irowerojas/localLatin/data/canon/Can.apost.22/KoeD213.6v.5.txt,/projects/beto/irowerojas/localLatin/data/canon/Can.apost.22/BAV1341.7r.16.txt,Can.apost.22,Can.apost.22,Can.apost.22,pair_example,1,,,,,rand_similar,,,,,,,"ig,bertscore,ot,attention_weighted,dla,attention_standalone,retrieval_mark"
54,bowphs/LaTa,LaTa,t5,7,abtt_optimal,hidden,mean,10,0.5025125628140703,0.9949748743718592,0.5025125628140703,,,234,235,/projects/beto/irowerojas/localLatin/data/canon/CANT.328.2/BN2123.92r.7.txt,/projects/beto/irowerojas/localLatin/data/canon/CANT.328.2/C1525.27v.1.txt,CANT.328.2,CANT.328.2,CANT.328.2,pair_example,1,,,,,rand_similar,,,,,,,"ig,bertscore,ot,attention_weighted,dla,attention_standalone,retrieval_mark"
55,bowphs/LaTa,LaTa,t5,7,abtt_optimal,hidden,mean,10,0.5025125628140703,0.9949748743718592,0.5025125628140703,,,601,604,/projects/beto/irowerojas/localLatin/data/canon/CNEO.315.1/BAV1341.12v.16.txt,/projects/beto/irowerojas/localLatin/data/canon/CNEO.315.1/C1525.22v.1.txt,CNEO.315.1,CNEO.315.1,CNEO.315.1,pair_example,1,,,,,rand_similar,,,,,,,"ig,bertscore,ot,attention_weighted,dla,attention_standalone,retrieval_mark"
56,bowphs/LaTa,LaTa,t5,7,abtt_optimal,hidden,mean,10,0.5025125628140703,0.9949748743718592,0.5025125628140703,,,1010,1013,/projects/beto/irowerojas/localLatin/data/canon/Can.apost.13/C1525.5r.4.txt,/projects/beto/irowerojas/localLatin/data/canon/Can.apost.13/Vat5845.7v.5.txt,Can.apost.13,Can.apost.13,Can.apost.13,pair_example,1,,,,,rand_similar,,,,,,,"ig,bertscore,ot,attention_weighted,dla,attention_standalone,retrieval_mark"
57,bowphs/LaTa,LaTa,t5,7,abtt_optimal,hidden,mean,10,0.5025125628140703,0.9949748743718592,0.5025125628140703,,,867,865,/projects/beto/irowerojas/localLatin/data/canon/CORL.511.31/Brn425.61v.9.txt,/projects/beto/irowerojas/localLatin/data/canon/CORL.511.31/BAV1341.55v.5.txt,CORL.511.31,CORL.511.31,CORL.511.31,pair_example,1,,,,,rand_similar,,,,,,,"ig,bertscore,ot,attention_weighted,dla,attention_standalone,retrieval_mark"
58,bowphs/LaTa,LaTa,t5,7,abtt_optimal,hidden,mean,10,0.5025125628140703,0.9949748743718592,0.5025125628140703,,,59,56,/projects/beto/irowerojas/localLatin/data/canon/CANC.314.1/KoeD213.20r.1.txt,/projects/beto/irowerojas/localLatin/data/canon/CANC.314.1/BAV1341.11r.9.txt,CANC.314.1,CANC.314.1,CANC.314.1,pair_example,1,,,,,rand_similar,,,,,,,"ig,bertscore,ot,attention_weighted,dla,attention_standalone,retrieval_mark"
59,bowphs/LaTa,LaTa,t5,7,abtt_optimal,hidden,mean,10,0.5025125628140703,0.9949748743718592,0.5025125628140703,,,60,65,/projects/beto/irowerojas/localLatin/data/canon/CANC.314.10/BAV1341.11v.6.txt,/projects/beto/irowerojas/localLatin/data/canon/CANC.314.10/KoeD213.22v.1.txt,CANC.314.10,CANC.314.10,CANC.314.10,pair_example,1,,,,,rand_similar,,,,,,,"ig,bertscore,ot,attention_weighted,dla,attention_standalone,retrieval_mark"
60,bowphs/LaTa,LaTa,t5,7,abtt_optimal,hidden,mean,10,0.5025125628140703,0.9949748743718592,0.5025125628140703,,,1204,1208,/projects/beto/irowerojas/localLatin/data/canon/Can.apost.48/BN2123.89r.5.txt,/projects/beto/irowerojas/localLatin/data/canon/Can.apost.48/Vat5845.10r.7.txt,Can.apost.48,Can.apost.48,Can.apost.48,pair_example,1,,,,,rand_similar,,,,,,,"ig,bertscore,ot,attention_weighted,dla,attention_standalone,retrieval_mark"
61,bowphs/LaTa,LaTa,t5,7,abtt_optimal,hidden,mean,10,0.5025125628140703,0.9949748743718592,0.5025125628140703,,,635,636,/projects/beto/irowerojas/localLatin/data/canon/CNEO.315.14/C1525.23v.1.txt,/projects/beto/irowerojas/localLatin/data/canon/CNEO.315.14/D1723.556.8.txt,CNEO.315.14,CNEO.315.14,CNEO.315.14,pair_example,1,,,,,rand_similar,,,,,,,"ig,bertscore,ot,attention_weighted,dla,attention_standalone,retrieval_mark"
62,bowphs/LaTa,LaTa,t5,7,abtt_optimal,hidden,mean,10,0.5025125628140703,0.9949748743718592,0.5025125628140703,,,1213,1211,/projects/beto/irowerojas/localLatin/data/canon/Can.apost.49/KoeD213.10r.2.txt,/projects/beto/irowerojas/localLatin/data/canon/Can.apost.49/C1525.7v.6.txt,Can.apost.49,Can.apost.49,Can.apost.49,pair_example,1,,,,,rand_similar,,,,,,,"ig,bertscore,ot,attention_weighted,dla,attention_standalone,retrieval_mark"
63,bowphs/LaTa,LaTa,t5,7,abtt_optimal,hidden,mean,10,0.5025125628140703,0.9949748743718592,0.5025125628140703,,,612,610,/projects/beto/irowerojas/localLatin/data/canon/CNEO.315.10/Hat42.161v.1.txt,/projects/beto/irowerojas/localLatin/data/canon/CNEO.315.10/C1525.23r.3.txt,CNEO.315.10,CNEO.315.10,CNEO.315.10,pair_example,1,,,,,rand_similar,,,,,,,"ig,bertscore,ot,attention_weighted,dla,attention_standalone,retrieval_mark"
64,bowphs/LaTa,LaTa,t5,7,abtt_optimal,hidden,mean,10,0.5025125628140703,0.9949748743718592,0.5025125628140703,,,1202,1198,/projects/beto/irowerojas/localLatin/data/canon/Can.apost.47/Vat5845.10r.6.txt,/projects/beto/irowerojas/localLatin/data/canon/Can.apost.47/BAV1341.7v.17.txt,Can.apost.47,Can.apost.47,Can.apost.47,pair_example,1,,,,,rand_similar,,,,,,,"ig,bertscore,ot,attention_weighted,dla,attention_standalone,retrieval_mark"
65,bowphs/LaTa,LaTa,t5,7,abtt_optimal,hidden,mean,10,0.5025125628140703,0.9949748743718592,0.5025125628140703,,,400,399,/projects/beto/irowerojas/localLatin/data/canon/CCHA.451.10/Brn425.57r.7.txt,/projects/beto/irowerojas/localLatin/data/canon/CCHA.451.10/BN2123.85r.5.txt,CCHA.451.10,CCHA.451.10,CCHA.451.10,pair_example,1,,,,,rand_similar,,,,,,,"ig,bertscore,ot,attention_weighted,dla,attention_standalone,retrieval_mark"
66,bowphs/LaTa,LaTa,t5,7,abtt_optimal,hidden,mean,10,0.5025125628140703,0.9949748743718592,0.5025125628140703,,,1170,1171,/projects/beto/irowerojas/localLatin/data/canon/Can.apost.41/KoeD213.9v.1.txt,/projects/beto/irowerojas/localLatin/data/canon/Can.apost.41/Vat5845.9v.4.txt,Can.apost.41,Can.apost.41,Can.apost.41,pair_example,1,,,,,rand_similar,,,,,,,"ig,bertscore,ot,attention_weighted,dla,attention_standalone,retrieval_mark"
67,bowphs/LaTa,LaTa,t5,7,abtt_optimal,hidden,mean,10,0.5025125628140703,0.9949748743718592,0.5025125628140703,,,121,119,/projects/beto/irowerojas/localLatin/data/canon/CANC.314.20/D1723.530.5.txt,/projects/beto/irowerojas/localLatin/data/canon/CANC.314.20/C1525.21r.3.txt,CANC.314.20,CANC.314.20,CANC.314.20,pair_example,1,,,,,rand_similar,,,,,,,"ig,bertscore,ot,attention_weighted,dla,attention_standalone,retrieval_mark"
68,bowphs/LaTa,LaTa,t5,7,abtt_optimal,hidden,mean,10,0.5025125628140703,0.9949748743718592,0.5025125628140703,,,1143,1144,/projects/beto/irowerojas/localLatin/data/canon/Can.apost.37/Hat42.147v.2.txt,/projects/beto/irowerojas/localLatin/data/canon/Can.apost.37/KoeD213.8r.3.txt,Can.apost.37,Can.apost.37,Can.apost.37,pair_example,1,,,,,rand_similar,,,,,,,"ig,bertscore,ot,attention_weighted,dla,attention_standalone,retrieval_mark"
69,bowphs/LaTa,LaTa,t5,7,abtt_optimal,hidden,mean,10,0.5025125628140703,0.9949748743718592,0.5025125628140703,,,998,994,/projects/beto/irowerojas/localLatin/data/canon/Can.apost.10/Vat5845.7v.2.txt,/projects/beto/irowerojas/localLatin/data/canon/Can.apost.10/BN2123.88r.5.txt,Can.apost.10,Can.apost.10,Can.apost.10,pair_example,1,,,,,rand_similar,,,,,,,"ig,bertscore,ot,attention_weighted,dla,attention_standalone,retrieval_mark"
70,bowphs/LaTa,LaTa,t5,7,abtt_optimal,hidden,mean,10,0.5025125628140703,0.9949748743718592,0.5025125628140703,,,1136,1138,/projects/beto/irowerojas/localLatin/data/canon/Can.apost.36/C1525.6v.4.txt,/projects/beto/irowerojas/localLatin/data/canon/Can.apost.36/KoeD213.8r.2.txt,Can.apost.36,Can.apost.36,Can.apost.36,pair_example,1,,,,,rand_similar,,,,,,,"ig,bertscore,ot,attention_weighted,dla,attention_standalone,retrieval_mark"
71,bowphs/LaTa,LaTa,t5,7,abtt_optimal,hidden,mean,10,0.5025125628140703,0.9949748743718592,0.5025125628140703,,,75,76,/projects/beto/irowerojas/localLatin/data/canon/CANC.314.13/BN2123.101v.8.txt,/projects/beto/irowerojas/localLatin/data/canon/CANC.314.13/C1525.20r.5.txt,CANC.314.13,CANC.314.13,CANC.314.13,pair_example,1,,,,,rand_similar,,,,,,,"ig,bertscore,ot,attention_weighted,dla,attention_standalone,retrieval_mark"
72,bowphs/LaTa,LaTa,t5,7,abtt_optimal,hidden,mean,10,0.5025125628140703,0.9949748743718592,0.5025125628140703,,,232,230,/projects/beto/irowerojas/localLatin/data/canon/CANT.328.19/Hat42.171v.2.txt,/projects/beto/irowerojas/localLatin/data/canon/CANT.328.19/C1525.29v.3.txt,CANT.328.19,CANT.328.19,CANT.328.19,pair_example,1,,,,,rand_similar,,,,,,,"ig,bertscore,ot,attention_weighted,dla,attention_standalone,retrieval_mark"
73,bowphs/LaTa,LaTa,t5,7,abtt_optimal,hidden,mean,10,0.5025125628140703,0.9949748743718592,0.5025125628140703,,,1104,1101,/projects/beto/irowerojas/localLatin/data/canon/Can.apost.3/Vat5845.7r.6.txt,/projects/beto/irowerojas/localLatin/data/canon/Can.apost.3/C1525.4v.1.txt,Can.apost.3,Can.apost.3,Can.apost.3,pair_example,1,,,,,rand_similar,,,,,,,"ig,bertscore,ot,attention_weighted,dla,attention_standalone,retrieval_mark"
74,bowphs/LaTa,LaTa,t5,7,abtt_optimal,hidden,mean,10,0.5025125628140703,0.9949748743718592,0.5025125628140703,,,699,700,/projects/beto/irowerojas/localLatin/data/canon/CNIC.325.13/Brn425.15v.4.txt,/projects/beto/irowerojas/localLatin/data/canon/CNIC.325.13/C1525.12v.3.txt,CNIC.325.13,CNIC.325.13,CNIC.325.13,pair_example,1,,,,,rand_similar,,,,,,,"ig,bertscore,ot,attention_weighted,dla,attention_standalone,retrieval_mark"
75,bowphs/LaTa,LaTa,t5,7,abtt_optimal,hidden,mean,10,0.5025125628140703,0.9949748743718592,0.5025125628140703,,,630,628,/projects/beto/irowerojas/localLatin/data/canon/CNEO.315.13/D1723.556.3.txt,/projects/beto/irowerojas/localLatin/data/canon/CNEO.315.13/Brn425.56v.2.txt,CNEO.315.13,CNEO.315.13,CNEO.315.13,pair_example,1,,,,,rand_similar,,,,,,,"ig,bertscore,ot,attention_weighted,dla,attention_standalone,retrieval_mark"
76,bowphs/LaTa,LaTa,t5,7,abtt_optimal,hidden,mean,10,0.5025125628140703,0.9949748743718592,0.5025125628140703,,,1133,1131,/projects/beto/irowerojas/localLatin/data/canon/Can.apost.35/KoeD213.8r.1.txt,/projects/beto/irowerojas/localLatin/data/canon/Can.apost.35/C1525.6v.3.txt,Can.apost.35,Can.apost.35,Can.apost.35,pair_example,1,,,,,rand_similar,,,,,,,"ig,bertscore,ot,attention_weighted,dla,attention_standalone,retrieval_mark"
77,bowphs/LaTa,LaTa,t5,7,abtt_optimal,hidden,mean,10,0.5025125628140703,0.9949748743718592,0.5025125628140703,,,1045,1048,/projects/beto/irowerojas/localLatin/data/canon/Can.apost.2/C1525.4r.24.txt,/projects/beto/irowerojas/localLatin/data/canon/Can.apost.2/Vat5845.7r.5.txt,Can.apost.2,Can.apost.2,Can.apost.2,pair_example,1,,,,,rand_similar,,,,,,,"ig,bertscore,ot,attention_weighted,dla,attention_standalone,retrieval_mark"
78,bowphs/LaTa,LaTa,t5,7,abtt_optimal,hidden,mean,10,0.5025125628140703,0.9949748743718592,0.5025125628140703,,,1197,1195,/projects/beto/irowerojas/localLatin/data/canon/Can.apost.46/Vat5845.10r.5.txt,/projects/beto/irowerojas/localLatin/data/canon/Can.apost.46/Hat42.148v.5.txt,Can.apost.46,Can.apost.46,Can.apost.46,pair_example,1,,,,,rand_similar,,,,,,,"ig,bertscore,ot,attention_weighted,dla,attention_standalone,retrieval_mark"
79,bowphs/LaTa,LaTa,t5,7,abtt_optimal,hidden,mean,10,0.5025125628140703,0.9949748743718592,0.5025125628140703,,,119,116,/projects/beto/irowerojas/localLatin/data/canon/CANC.314.20/C1525.21r.3.txt,/projects/beto/irowerojas/localLatin/data/canon/CANC.314.20/BAV1341.12r.7.txt,CANC.314.20,CANC.314.20,CANC.314.20,pair_example,1,,,,,rand_similar,,,,,,,"ig,bertscore,ot,attention_weighted,dla,attention_standalone,retrieval_mark"
80,bowphs/LaTa,LaTa,t5,7,abtt_optimal,hidden,mean,10,0.5025125628140703,0.9949748743718592,0.5025125628140703,,,855,854,/projects/beto/irowerojas/localLatin/data/canon/CORL.511.26/D1723.544.5.txt,/projects/beto/irowerojas/localLatin/data/canon/CORL.511.26/Brn425.43v.2.txt,CORL.511.26,CORL.511.26,CORL.511.26,pair_example,1,,,,,rand_similar,,,,,,,"ig,bertscore,ot,attention_weighted,dla,attention_standalone,retrieval_mark"
81,bowphs/LaTa,LaTa,t5,7,abtt_optimal,hidden,mean,10,0.5025125628140703,0.9949748743718592,0.5025125628140703,,,285,284,/projects/beto/irowerojas/localLatin/data/canon/CANT.328.7/Hat42.169r.3.txt,/projects/beto/irowerojas/localLatin/data/canon/CANT.328.7/C1525.28r.4.txt,CANT.328.7,CANT.328.7,CANT.328.7,pair_example,1,,,,,rand_similar,,,,,,,"ig,bertscore,ot,attention_weighted,dla,attention_standalone,retrieval_mark"
82,bowphs/LaTa,LaTa,t5,7,abtt_optimal,hidden,mean,10,0.5025125628140703,0.9949748743718592,0.5025125628140703,,,829,832,/projects/beto/irowerojas/localLatin/data/canon/CORL.511.17/BAV1341.55r.5.txt,/projects/beto/irowerojas/localLatin/data/canon/CORL.511.17/D1723.540.1.txt,CORL.511.17,CORL.511.17,CORL.511.17,pair_example,1,,,,,rand_similar,,,,,,,"ig,bertscore,ot,attention_weighted,dla,attention_standalone,retrieval_mark"
83,bowphs/LaTa,LaTa,t5,7,abtt_optimal,hidden,mean,10,0.5025125628140703,0.9949748743718592,0.5025125628140703,,,994,997,/projects/beto/irowerojas/localLatin/data/canon/Can.apost.10/BN2123.88r.5.txt,/projects/beto/irowerojas/localLatin/data/canon/Can.apost.10/KoeD213.5v.1.txt,Can.apost.10,Can.apost.10,Can.apost.10,pair_example,1,,,,,rand_similar,,,,,,,"ig,bertscore,ot,attention_weighted,dla,attention_standalone,retrieval_mark"
84,bowphs/LaTa,LaTa,t5,7,abtt_optimal,hidden,mean,10,0.5025125628140703,0.9949748743718592,0.5025125628140703,,,607,601,/projects/beto/irowerojas/localLatin/data/canon/CNEO.315.1/KoeD213.25v.1.txt,/projects/beto/irowerojas/localLatin/data/canon/CNEO.315.1/BAV1341.12v.16.txt,CNEO.315.1,CNEO.315.1,CNEO.315.1,pair_example,1,,,,,rand_similar,,,,,,,"ig,bertscore,ot,attention_weighted,dla,attention_standalone,retrieval_mark"
85,bowphs/LaTa,LaTa,t5,7,abtt_optimal,hidden,mean,10,0.5025125628140703,0.9949748743718592,0.5025125628140703,,,1092,1090,/projects/beto/irowerojas/localLatin/data/canon/Can.apost.28/Hat42.146v.3.txt,/projects/beto/irowerojas/localLatin/data/canon/Can.apost.28/BAV1341.7r.22.txt,Can.apost.28,Can.apost.28,Can.apost.28,pair_example,1,,,,,rand_similar,,,,,,,"ig,bertscore,ot,attention_weighted,dla,attention_standalone,retrieval_mark"
86,bowphs/LaTa,LaTa,t5,7,abtt_optimal,hidden,mean,10,0.5025125628140703,0.9949748743718592,0.5025125628140703,,,630,627,/projects/beto/irowerojas/localLatin/data/canon/CNEO.315.13/D1723.556.3.txt,/projects/beto/irowerojas/localLatin/data/canon/CNEO.315.13/BN2123.84v.4.txt,CNEO.315.13,CNEO.315.13,CNEO.315.13,pair_example,1,,,,,rand_similar,,,,,,,"ig,bertscore,ot,attention_weighted,dla,attention_standalone,retrieval_mark"
87,bowphs/LaTa,LaTa,t5,7,abtt_optimal,hidden,mean,10,0.5025125628140703,0.9949748743718592,0.5025125628140703,,,535,532,/projects/beto/irowerojas/localLatin/data/canon/CGAN.355.8/Hat42.165r.1.txt,/projects/beto/irowerojas/localLatin/data/canon/CGAN.355.8/Brn425.36r.6.txt,CGAN.355.8,CGAN.355.8,CGAN.355.8,pair_example,1,,,,,rand_similar,,,,,,,"ig,bertscore,ot,attention_weighted,dla,attention_standalone,retrieval_mark"
88,bowphs/LaTa,LaTa,t5,7,abtt_optimal,hidden,mean,10,0.5025125628140703,0.9949748743718592,0.5025125628140703,,,1243,1245,/projects/beto/irowerojas/localLatin/data/canon/Can.apost.9/C1525.4v.7.txt,/projects/beto/irowerojas/localLatin/data/canon/Can.apost.9/KoeD213.5r.5.txt,Can.apost.9,Can.apost.9,Can.apost.9,pair_example,1,,,,,rand_similar,,,,,,,"ig,bertscore,ot,attention_weighted,dla,attention_standalone,retrieval_mark"
89,bowphs/LaTa,LaTa,t5,7,abtt_optimal,hidden,mean,10,0.5025125628140703,0.9949748743718592,0.5025125628140703,,,1178,1181,/projects/beto/irowerojas/localLatin/data/canon/Can.apost.43/BAV1341.7v.13.txt,/projects/beto/irowerojas/localLatin/data/canon/Can.apost.43/KoeD213.9v.3.txt,Can.apost.43,Can.apost.43,Can.apost.43,pair_example,1,,,,,rand_similar,,,,,,,"ig,bertscore,ot,attention_weighted,dla,attention_standalone,retrieval_mark"
90,bowphs/LaTa,LaTa,t5,7,abtt_optimal,hidden,mean,10,0.5025125628140703,0.9949748743718592,0.5025125628140703,,,1223,1222,/projects/beto/irowerojas/localLatin/data/canon/Can.apost.50/KoeD213.10r.3.txt,/projects/beto/irowerojas/localLatin/data/canon/Can.apost.50/Hat42.149r.4.txt,Can.apost.50,Can.apost.50,Can.apost.50,pair_example,1,,,,,rand_similar,,,,,,,"ig,bertscore,ot,attention_weighted,dla,attention_standalone,retrieval_mark"
91,bowphs/LaTa,LaTa,t5,7,abtt_optimal,hidden,mean,10,0.5025125628140703,0.9949748743718592,0.5025125628140703,,,990,992,/projects/beto/irowerojas/localLatin/data/canon/Can.apost.1/Hat42.144r.1.txt,/projects/beto/irowerojas/localLatin/data/canon/Can.apost.1/Vat5845.7r.4.txt,Can.apost.1,Can.apost.1,Can.apost.1,pair_example,1,,,,,rand_similar,,,,,,,"ig,bertscore,ot,attention_weighted,dla,attention_standalone,retrieval_mark"
92,bowphs/LaTa,LaTa,t5,7,abtt_optimal,hidden,mean,10,0.5025125628140703,0.9949748743718592,0.5025125628140703,,,485,483,/projects/beto/irowerojas/localLatin/data/canon/CGAN.355.14/Hat42.165v.2.txt,/projects/beto/irowerojas/localLatin/data/canon/CGAN.355.14/BN2123.98r.8.txt,CGAN.355.14,CGAN.355.14,CGAN.355.14,pair_example,1,,,,,rand_similar,,,,,,,"ig,bertscore,ot,attention_weighted,dla,attention_standalone,retrieval_mark"
93,bowphs/LaTa,LaTa,t5,7,abtt_optimal,hidden,mean,10,0.5025125628140703,0.9949748743718592,0.5025125628140703,,,68,67,/projects/beto/irowerojas/localLatin/data/canon/CANC.314.11/Hat42.158r.2.txt,/projects/beto/irowerojas/localLatin/data/canon/CANC.314.11/C1525.20r.3.txt,CANC.314.11,CANC.314.11,CANC.314.11,pair_example,1,,,,,rand_similar,,,,,,,"ig,bertscore,ot,attention_weighted,dla,attention_standalone,retrieval_mark"
94,bowphs/LaTa,LaTa,t5,7,abtt_optimal,hidden,mean,10,0.5025125628140703,0.9949748743718592,0.5025125628140703,,,744,742,/projects/beto/irowerojas/localLatin/data/canon/CNIC.325.3/C1525.11r.3.txt,/projects/beto/irowerojas/localLatin/data/canon/CNIC.325.3/BN2123.96v.8.txt,CNIC.325.3,CNIC.325.3,CNIC.325.3,pair_example,1,,,,,rand_similar,,,,,,,"ig,bertscore,ot,attention_weighted,dla,attention_standalone,retrieval_mark"
95,bowphs/LaTa,LaTa,t5,7,abtt_optimal,hidden,mean,10,0.5025125628140703,0.9949748743718592,0.5025125628140703,,,170,173,/projects/beto/irowerojas/localLatin/data/canon/CANC.314.7/BAV1341.11v.3.txt,/projects/beto/irowerojas/localLatin/data/canon/CANC.314.7/KoeD213.22r.1.txt,CANC.314.7,CANC.314.7,CANC.314.7,pair_example,1,,,,,rand_similar,,,,,,,"ig,bertscore,ot,attention_weighted,dla,attention_standalone,retrieval_mark"
96,bowphs/LaTa,LaTa,t5,7,abtt_optimal,hidden,mean,10,0.5025125628140703,0.9949748743718592,0.5025125628140703,,,1168,1171,/projects/beto/irowerojas/localLatin/data/canon/Can.apost.41/Hat42.148r.3.txt,/projects/beto/irowerojas/localLatin/data/canon/Can.apost.41/Vat5845.9v.4.txt,Can.apost.41,Can.apost.41,Can.apost.41,pair_example,1,,,,,rand_similar,,,,,,,"ig,bertscore,ot,attention_weighted,dla,attention_standalone,retrieval_mark"
97,bowphs/LaTa,LaTa,t5,7,abtt_optimal,hidden,mean,10,0.5025125628140703,0.9949748743718592,0.5025125628140703,,,128,124,/projects/beto/irowerojas/localLatin/data/canon/CANC.314.21/D1723.530.6.txt,/projects/beto/irowerojas/localLatin/data/canon/CANC.314.21/BAV1341.12r.8.txt,CANC.314.21,CANC.314.21,CANC.314.21,pair_example,1,,,,,rand_similar,,,,,,,"ig,bertscore,ot,attention_weighted,dla,attention_standalone,retrieval_mark"
98,bowphs/LaTa,LaTa,t5,7,abtt_optimal,hidden,mean,10,0.5025125628140703,0.9949748743718592,0.5025125628140703,,,1056,1058,/projects/beto/irowerojas/localLatin/data/canon/Can.apost.21/C1525.5v.5.txt,/projects/beto/irowerojas/localLatin/data/canon/Can.apost.21/KoeD213.6v.4.txt,Can.apost.21,Can.apost.21,Can.apost.21,pair_example,1,,,,,rand_similar,,,,,,,"ig,bertscore,ot,attention_weighted,dla,attention_standalone,retrieval_mark"
99,bowphs/LaTa,LaTa,t5,7,abtt_optimal,hidden,mean,10,0.5025125628140703,0.9949748743718592,0.5025125628140703,,,174,176,/projects/beto/irowerojas/localLatin/data/canon/CANC.314.8/BAV1341.11v.4.txt,/projects/beto/irowerojas/localLatin/data/canon/CANC.314.8/Hat42.157v.3.txt,CANC.314.8,CANC.314.8,CANC.314.8,pair_example,1,,,,,rand_similar,,,,,,,"ig,bertscore,ot,attention_weighted,dla,attention_standalone,retrieval_mark"
100,bowphs/LaTa,LaTa,t5,7,abtt_optimal,hidden,mean,10,0.5025125628140703,0.9949748743718592,0.5025125628140703,,,144,145,/projects/beto/irowerojas/localLatin/data/canon/CANC.314.24/BAV1341.12v.1.txt,/projects/beto/irowerojas/localLatin/data/canon/CANC.314.24/Brn425.21v.4.txt,CANC.314.24,CANC.314.24,CANC.314.24,pair_example,1,,,,,rand_similar,,,,,,,"ig,bertscore,ot,attention_weighted,dla,attention_standalone,retrieval_mark"
101,bowphs/LaTa,LaTa,t5,7,abtt_optimal,hidden,mean,10,0.5025125628140703,0.9949748743718592,0.5025125628140703,,,710,713,/projects/beto/irowerojas/localLatin/data/canon/CNIC.325.16/BN2123.85v.7.txt,/projects/beto/irowerojas/localLatin/data/canon/CNIC.325.16/D1723.556.6.txt,CNIC.325.16,CNIC.325.16,CNIC.325.16,pair_example,1,,,,,rand_similar,,,,,,,"ig,bertscore,ot,attention_weighted,dla,attention_standalone,retrieval_mark"
102,bowphs/LaTa,LaTa,t5,7,abtt_optimal,hidden,mean,10,0.5025125628140703,0.9949748743718592,0.5025125628140703,,,65,61,/projects/beto/irowerojas/localLatin/data/canon/CANC.314.10/KoeD213.22v.1.txt,/projects/beto/irowerojas/localLatin/data/canon/CANC.314.10/Brn425.23v.4.txt,CANC.314.10,CANC.314.10,CANC.314.10,pair_example,1,,,,,rand_similar,,,,,,,"ig,bertscore,ot,attention_weighted,dla,attention_standalone,retrieval_mark"
103,bowphs/LaTa,LaTa,t5,7,abtt_optimal,hidden,mean,10,0.5025125628140703,0.9949748743718592,0.5025125628140703,,,1126,1128,/projects/beto/irowerojas/localLatin/data/canon/Can.apost.34/C1525.6v.2.txt,/projects/beto/irowerojas/localLatin/data/canon/Can.apost.34/KoeD213.7v.4.txt,Can.apost.34,Can.apost.34,Can.apost.34,pair_example,1,,,,,rand_similar,,,,,,,"ig,bertscore,ot,attention_weighted,dla,attention_standalone,retrieval_mark"
104,bowphs/LaTa,LaTa,t5,7,abtt_optimal,hidden,mean,10,0.5025125628140703,0.9949748743718592,0.5025125628140703,,,115,114,/projects/beto/irowerojas/localLatin/data/canon/CANC.314.2/KoeD213.20r.2.txt,/projects/beto/irowerojas/localLatin/data/canon/CANC.314.2/Hat42.156r.2.txt,CANC.314.2,CANC.314.2,CANC.314.2,pair_example,1,,,,,rand_similar,,,,,,,"ig,bertscore,ot,attention_weighted,dla,attention_standalone,retrieval_mark"
105,bowphs/LaTa,LaTa,t5,7,abtt_optimal,hidden,mean,10,0.5025125628140703,0.9949748743718592,0.5025125628140703,,,1083,1082,/projects/beto/irowerojas/localLatin/data/canon/Can.apost.26/KoeD213.7r.1.txt,/projects/beto/irowerojas/localLatin/data/canon/Can.apost.26/Hat42.146v.1.txt,Can.apost.26,Can.apost.26,Can.apost.26,pair_example,1,,,,,rand_similar,,,,,,,"ig,bertscore,ot,attention_weighted,dla,attention_standalone,retrieval_mark"
106,bowphs/LaTa,LaTa,t5,7,abtt_optimal,hidden,mean,10,0.5025125628140703,0.9949748743718592,0.5025125628140703,,,772,769,/projects/beto/irowerojas/localLatin/data/canon/CNIC.325.9/Hat42.152v.1.txt,/projects/beto/irowerojas/localLatin/data/canon/CNIC.325.9/Brn425.20r.2.txt,CNIC.325.9,CNIC.325.9,CNIC.325.9,pair_example,1,,,,,rand_similar,,,,,,,"ig,bertscore,ot,attention_weighted,dla,attention_standalone,retrieval_mark"
107,bowphs/LaTa,LaTa,t5,7,abtt_optimal,hidden,mean,10,0.5025125628140703,0.9949748743718592,0.5025125628140703,,,1105,1109,/projects/beto/irowerojas/localLatin/data/canon/Can.apost.30/BAV1341.7r.24.txt,/projects/beto/irowerojas/localLatin/data/canon/Can.apost.30/Vat5845.8v.7.txt,Can.apost.30,Can.apost.30,Can.apost.30,pair_example,1,,,,,rand_similar,,,,,,,"ig,bertscore,ot,attention_weighted,dla,attention_standalone,retrieval_mark"
108,bowphs/LaTa,LaTa,t5,7,abtt_optimal,hidden,mean,10,0.5025125628140703,0.9949748743718592,0.5025125628140703,,,1186,1185,/projects/beto/irowerojas/localLatin/data/canon/Can.apost.44/KoeD213.9v.4.txt,/projects/beto/irowerojas/localLatin/data/canon/Can.apost.44/Hat42.148v.3.txt,Can.apost.44,Can.apost.44,Can.apost.44,pair_example,1,,,,,rand_similar,,,,,,,"ig,bertscore,ot,attention_weighted,dla,attention_standalone,retrieval_mark"
109,bowphs/LaTa,LaTa,t5,7,abtt_optimal,hidden,mean,10,0.5025125628140703,0.9949748743718592,0.5025125628140703,,,222,224,/projects/beto/irowerojas/localLatin/data/canon/CANT.328.17/C1525.29v.1.txt,/projects/beto/irowerojas/localLatin/data/canon/CANT.328.17/Hat42.171r.3.txt,CANT.328.17,CANT.328.17,CANT.328.17,pair_example,1,,,,,rand_similar,,,,,,,"ig,bertscore,ot,attention_weighted,dla,attention_standalone,retrieval_mark"
110,bowphs/LaTa,LaTa,t5,7,abtt_optimal,hidden,mean,10,0.5025125628140703,0.9949748743718592,0.5025125628140703,,,676,675,/projects/beto/irowerojas/localLatin/data/canon/CNEO.315.9/C1525.23r.2.txt,/projects/beto/irowerojas/localLatin/data/canon/CNEO.315.9/BAV1341.13r.2.txt,CNEO.315.9,CNEO.315.9,CNEO.315.9,pair_example,1,,,,,rand_similar,,,,,,,"ig,bertscore,ot,attention_weighted,dla,attention_standalone,retrieval_mark"
111,bowphs/LaTa,LaTa,t5,7,abtt_optimal,hidden,mean,10,0.5025125628140703,0.9949748743718592,0.5025125628140703,,,1022,1020,/projects/beto/irowerojas/localLatin/data/canon/Can.apost.15/KoeD213.6r.1.txt,/projects/beto/irowerojas/localLatin/data/canon/Can.apost.15/C1525.5r.6.txt,Can.apost.15,Can.apost.15,Can.apost.15,pair_example,1,,,,,rand_similar,,,,,,,"ig,bertscore,ot,attention_weighted,dla,attention_standalone,retrieval_mark"
112,bowphs/LaTa,LaTa,t5,7,abtt_optimal,hidden,mean,10,0.5025125628140703,0.9949748743718592,0.5025125628140703,,,197,200,/projects/beto/irowerojas/localLatin/data/canon/CANT.328.12/BAV1341.17v.2.txt,/projects/beto/irowerojas/localLatin/data/canon/CANT.328.12/D1723.537.7.txt,CANT.328.12,CANT.328.12,CANT.328.12,pair_example,1,,,,,rand_similar,,,,,,,"ig,bertscore,ot,attention_weighted,dla,attention_standalone,retrieval_mark"
113,bowphs/LaTa,LaTa,t5,7,abtt_optimal,hidden,mean,10,0.5025125628140703,0.9949748743718592,0.5025125628140703,,,1204,1203,/projects/beto/irowerojas/localLatin/data/canon/Can.apost.48/BN2123.89r.5.txt,/projects/beto/irowerojas/localLatin/data/canon/Can.apost.48/BAV1341.7v.18.txt,Can.apost.48,Can.apost.48,Can.apost.48,pair_example,1,,,,,rand_similar,,,,,,,"ig,bertscore,ot,attention_weighted,dla,attention_standalone,retrieval_mark"
114,bowphs/LaTa,LaTa,t5,7,abtt_optimal,hidden,mean,10,0.5025125628140703,0.9949748743718592,0.5025125628140703,,,1165,1162,/projects/beto/irowerojas/localLatin/data/canon/Can.apost.40/Vat5845.9v.3.txt,/projects/beto/irowerojas/localLatin/data/canon/Can.apost.40/C1525.7r.2.txt,Can.apost.40,Can.apost.40,Can.apost.40,pair_example,1,,,,,rand_similar,,,,,,,"ig,bertscore,ot,attention_weighted,dla,attention_standalone,retrieval_mark"
115,bowphs/LaTa,LaTa,t5,7,abtt_optimal,hidden,mean,10,0.5025125628140703,0.9949748743718592,0.5025125628140703,,,141,140,/projects/beto/irowerojas/localLatin/data/canon/CANC.314.23/D1723.529.4.txt,/projects/beto/irowerojas/localLatin/data/canon/CANC.314.23/C1525.21r.6.txt,CANC.314.23,CANC.314.23,CANC.314.23,pair_example,1,,,,,rand_similar,,,,,,,"ig,bertscore,ot,attention_weighted,dla,attention_standalone,retrieval_mark"
116,bowphs/LaTa,LaTa,t5,7,abtt_optimal,hidden,mean,10,0.5025125628140703,0.9949748743718592,0.5025125628140703,,,265,261,/projects/beto/irowerojas/localLatin/data/canon/CANT.328.25/Hat42.173r.1.txt,/projects/beto/irowerojas/localLatin/data/canon/CANT.328.25/BAV1341.18r.6.txt,CANT.328.25,CANT.328.25,CANT.328.25,pair_example,1,,,,,rand_similar,,,,,,,"ig,bertscore,ot,attention_weighted,dla,attention_standalone,retrieval_mark"
117,bowphs/LaTa,LaTa,t5,7,abtt_optimal,hidden,mean,10,0.5025125628140703,0.9949748743718592,0.5025125628140703,,,161,156,/projects/beto/irowerojas/localLatin/data/canon/CANC.314.4/KoeD213.21r.1.txt,/projects/beto/irowerojas/localLatin/data/canon/CANC.314.4/BAV1341.11r.13.txt,CANC.314.4,CANC.314.4,CANC.314.4,pair_example,1,,,,,rand_similar,,,,,,,"ig,bertscore,ot,attention_weighted,dla,attention_standalone,retrieval_mark"
118,bowphs/LaTa,LaTa,t5,7,abtt_optimal,hidden,mean,10,0.5025125628140703,0.9949748743718592,0.5025125628140703,,,1226,1228,/projects/beto/irowerojas/localLatin/data/canon/Can.apost.6/BN2123.96v.14.txt,/projects/beto/irowerojas/localLatin/data/canon/Can.apost.6/Hat42.144v.1.txt,Can.apost.6,Can.apost.6,Can.apost.6,pair_example,1,,,,,rand_similar,,,,,,,"ig,bertscore,ot,attention_weighted,dla,attention_standalone,retrieval_mark"
119,bowphs/LaTa,LaTa,t5,7,abtt_optimal,hidden,mean,10,0.5025125628140703,0.9949748743718592,0.5025125628140703,,,1120,1123,/projects/beto/irowerojas/localLatin/data/canon/Can.apost.33/BAV1341.7v.3.txt,/projects/beto/irowerojas/localLatin/data/canon/Can.apost.33/KoeD213.7v.3.txt,Can.apost.33,Can.apost.33,Can.apost.33,pair_example,1,,,,,rand_similar,,,,,,,"ig,bertscore,ot,attention_weighted,dla,attention_standalone,retrieval_mark"
120,bowphs/LaTa,LaTa,t5,7,abtt_optimal,hidden,mean,10,0.5025125628140703,0.9949748743718592,0.5025125628140703,,,666,668,/projects/beto/irowerojas/localLatin/data/canon/CNEO.315.7/BAV1341.12v.22.txt,/projects/beto/irowerojas/localLatin/data/canon/CNEO.315.7/Hat42.161r.4.txt,CNEO.315.7,CNEO.315.7,CNEO.315.7,pair_example,1,,,,,rand_similar,,,,,,,"ig,bertscore,ot,attention_weighted,dla,attention_standalone,retrieval_mark"
121,bowphs/LaTa,LaTa,t5,7,abtt_optimal,hidden,mean,10,0.5025125628140703,0.9949748743718592,0.5025125628140703,,,1225,1226,/projects/beto/irowerojas/localLatin/data/canon/Can.apost.6/BAV1341.6v.56.txt,/projects/beto/irowerojas/localLatin/data/canon/Can.apost.6/BN2123.96v.14.txt,Can.apost.6,Can.apost.6,Can.apost.6,pair_example,1,,,,,rand_similar,,,,,,,"ig,bertscore,ot,attention_weighted,dla,attention_standalone,retrieval_mark"
122,bowphs/LaTa,LaTa,t5,7,abtt_optimal,hidden,mean,10,0.5025125628140703,0.9949748743718592,0.5025125628140703,,,1225,1228,/projects/beto/irowerojas/localLatin/data/canon/Can.apost.6/BAV1341.6v.56.txt,/projects/beto/irowerojas/localLatin/data/canon/Can.apost.6/Hat42.144v.1.txt,Can.apost.6,Can.apost.6,Can.apost.6,pair_example,1,,,,,rand_similar,,,,,,,"ig,bertscore,ot,attention_weighted,dla,attention_standalone,retrieval_mark"
123,bowphs/LaTa,LaTa,t5,7,abtt_optimal,hidden,mean,10,0.5025125628140703,0.9949748743718592,0.5025125628140703,,,528,529,/projects/beto/irowerojas/localLatin/data/canon/CGAN.355.7/C1525.25r.4.txt,/projects/beto/irowerojas/localLatin/data/canon/CGAN.355.7/D1723.538.8.txt,CGAN.355.7,CGAN.355.7,CGAN.355.7,pair_example,1,,,,,rand_similar,,,,,,,"ig,bertscore,ot,attention_weighted,dla,attention_standalone,retrieval_mark"
124,bowphs/LaTa,LaTa,t5,7,abtt_optimal,hidden,mean,10,0.5025125628140703,0.9949748743718592,0.5025125628140703,,,288,289,/projects/beto/irowerojas/localLatin/data/canon/CANT.328.8/BN2123.86v.4.txt,/projects/beto/irowerojas/localLatin/data/canon/CANT.328.8/Brn425.64r.1.txt,CANT.328.8,CANT.328.8,CANT.328.8,pair_example,1,,,,,rand_similar,,,,,,,"ig,bertscore,ot,attention_weighted,dla,attention_standalone,retrieval_mark"
125,bowphs/LaTa,LaTa,t5,7,abtt_optimal,hidden,mean,10,0.5025125628140703,0.9949748743718592,0.5025125628140703,,,687,691,/projects/beto/irowerojas/localLatin/data/canon/CNIC.325.11/Brn425.17v.1.txt,/projects/beto/irowerojas/localLatin/data/canon/CNIC.325.11/KoeD213.13v.3.txt,CNIC.325.11,CNIC.325.11,CNIC.325.11,pair_example,1,,,,,rand_similar,,,,,,,"ig,bertscore,ot,attention_weighted,dla,attention_standalone,retrieval_mark"
126,bowphs/LaTa,LaTa,t5,7,abtt_optimal,hidden,mean,10,0.5025125628140703,0.9949748743718592,0.5025125628140703,,,1241,1238,/projects/beto/irowerojas/localLatin/data/canon/Can.apost.8/Vat5845.7r.11.txt,/projects/beto/irowerojas/localLatin/data/canon/Can.apost.8/C1525.4v.6.txt,Can.apost.8,Can.apost.8,Can.apost.8,pair_example,1,,,,,rand_similar,,,,,,,"ig,bertscore,ot,attention_weighted,dla,attention_standalone,retrieval_mark"
127,bowphs/LaTa,LaTa,t5,7,abtt_optimal,hidden,mean,10,0.5025125628140703,0.9949748743718592,0.5025125628140703,,,1159,1158,/projects/beto/irowerojas/localLatin/data/canon/Can.apost.4/KoeD213.4v.7.txt,/projects/beto/irowerojas/localLatin/data/canon/Can.apost.4/Hat42.144r.4.txt,Can.apost.4,Can.apost.4,Can.apost.4,pair_example,1,,,,,rand_similar,,,,,,,"ig,bertscore,ot,attention_weighted,dla,attention_standalone,retrieval_mark"
128,bowphs/LaTa,LaTa,t5,7,abtt_optimal,hidden,mean,10,0.5025125628140703,0.9949748743718592,0.5025125628140703,,,1069,1065,/projects/beto/irowerojas/localLatin/data/canon/Can.apost.23/Vat5845.8r.8.txt,/projects/beto/irowerojas/localLatin/data/canon/Can.apost.23/BAV1341.7r.17.txt,Can.apost.23,Can.apost.23,Can.apost.23,pair_example,1,,,,,rand_similar,,,,,,,"ig,bertscore,ot,attention_weighted,dla,attention_standalone,retrieval_mark"
129,bowphs/LaTa,LaTa,t5,7,abtt_optimal,hidden,mean,10,0.5025125628140703,0.9949748743718592,0.5025125628140703,,,121,117,/projects/beto/irowerojas/localLatin/data/canon/CANC.314.20/D1723.530.5.txt,/projects/beto/irowerojas/localLatin/data/canon/CANC.314.20/Brn425.21v.3.txt,CANC.314.20,CANC.314.20,CANC.314.20,pair_example,1,,,,,rand_similar,,,,,,,"ig,bertscore,ot,attention_weighted,dla,attention_standalone,retrieval_mark"
130,bowphs/LaTa,LaTa,t5,7,abtt_optimal,hidden,mean,10,0.5025125628140703,0.9949748743718592,0.5025125628140703,,,187,190,/projects/beto/irowerojas/localLatin/data/canon/CANT.328.10/BAV1341.17r.8.txt,/projects/beto/irowerojas/localLatin/data/canon/CANT.328.10/D1723.557.5.txt,CANT.328.10,CANT.328.10,CANT.328.10,pair_example,1,,,,,rand_similar,,,,,,,"ig,bertscore,ot,attention_weighted,dla,attention_standalone,retrieval_mark"
131,bowphs/LaTa,LaTa,t5,7,abtt_optimal,hidden,mean,10,0.5025125628140703,0.9949748743718592,0.5025125628140703,,,614,617,/projects/beto/irowerojas/localLatin/data/canon/CNEO.315.11/BAV1341.13r.4.txt,/projects/beto/irowerojas/localLatin/data/canon/CNEO.315.11/KoeD213.26v.2.txt,CNEO.315.11,CNEO.315.11,CNEO.315.11,pair_example,1,,,,,rand_similar,,,,,,,"ig,bertscore,ot,attention_weighted,dla,attention_standalone,retrieval_mark"
132,bowphs/LaTa,LaTa,t5,7,abtt_optimal,hidden,mean,10,0.5025125628140703,0.9949748743718592,0.5025125628140703,,,630,631,/projects/beto/irowerojas/localLatin/data/canon/CNEO.315.13/D1723.556.3.txt,/projects/beto/irowerojas/localLatin/data/canon/CNEO.315.13/Hat42.161v.4.txt,CNEO.315.13,CNEO.315.13,CNEO.315.13,pair_example,1,,,,,rand_similar,,,,,,,"ig,bertscore,ot,attention_weighted,dla,attention_standalone,retrieval_mark"
133,bowphs/LaTa,LaTa,t5,7,abtt_optimal,hidden,mean,10,0.5025125628140703,0.9949748743718592,0.5025125628140703,,,244,245,/projects/beto/irowerojas/localLatin/data/canon/CANT.328.21/Brn425.59r.1.txt,/projects/beto/irowerojas/localLatin/data/canon/CANT.328.21/C1525.30r.1.txt,CANT.328.21,CANT.328.21,CANT.328.21,pair_example,1,,,,,rand_similar,,,,,,,"ig,bertscore,ot,attention_weighted,dla,attention_standalone,retrieval_mark"
134,bowphs/LaTa,LaTa,t5,7,abtt_optimal,hidden,mean,10,0.5025125628140703,0.9949748743718592,0.5025125628140703,,,156,155,/projects/beto/irowerojas/localLatin/data/canon/CANC.314.4/BAV1341.11r.13.txt,/projects/beto/irowerojas/localLatin/data/canon/CANC.314.4/BAV1341.11r.12.txt,CANC.314.4,CANC.314.4,CANC.314.4,pair_example,1,,,,,rand_similar,,,,,,,"ig,bertscore,ot,attention_weighted,dla,attention_standalone,retrieval_mark"
135,bowphs/LaTa,LaTa,t5,7,abtt_optimal,hidden,mean,10,0.5025125628140703,0.9949748743718592,0.5025125628140703,,,734,737,/projects/beto/irowerojas/localLatin/data/canon/CNIC.325.20/BN2123.97r.10.txt,/projects/beto/irowerojas/localLatin/data/canon/CNIC.325.20/KoeD213.16r.2.txt,CNIC.325.20,CNIC.325.20,CNIC.325.20,pair_example,1,,,,,rand_similar,,,,,,,"ig,bertscore,ot,attention_weighted,dla,attention_standalone,retrieval_mark"
136,bowphs/LaTa,LaTa,t5,7,abtt_optimal,hidden,mean,10,0.5025125628140703,0.9949748743718592,0.5025125628140703,,,1050,1053,/projects/beto/irowerojas/localLatin/data/canon/Can.apost.20/C1525.5v.4.txt,/projects/beto/irowerojas/localLatin/data/canon/Can.apost.20/Vat5845.8r.5.txt,Can.apost.20,Can.apost.20,Can.apost.20,pair_example,1,,,,,rand_similar,,,,,,,"ig,bertscore,ot,attention_weighted,dla,attention_standalone,retrieval_mark"
137,bowphs/LaTa,LaTa,t5,7,abtt_optimal,hidden,mean,10,0.5025125628140703,0.9949748743718592,0.5025125628140703,,,251,252,/projects/beto/irowerojas/localLatin/data/canon/CANT.328.22/D1723.558.6.txt,/projects/beto/irowerojas/localLatin/data/canon/CANT.328.22/Hat42.172v.1.txt,CANT.328.22,CANT.328.22,CANT.328.22,pair_example,1,,,,,rand_similar,,,,,,,"ig,bertscore,ot,attention_weighted,dla,attention_standalone,retrieval_mark"
138,bowphs/LaTa,LaTa,t5,7,abtt_optimal,hidden,mean,10,0.5025125628140703,0.9949748743718592,0.5025125628140703,,,88,86,/projects/beto/irowerojas/localLatin/data/canon/CANC.314.15/KoeD213.23r.2.txt,/projects/beto/irowerojas/localLatin/data/canon/CANC.314.15/D1723.525.2.txt,CANC.314.15,CANC.314.15,CANC.314.15,pair_example,1,,,,,rand_similar,,,,,,,"ig,bertscore,ot,attention_weighted,dla,attention_standalone,retrieval_mark"
139,bowphs/LaTa,LaTa,t5,7,abtt_optimal,hidden,mean,10,0.5025125628140703,0.9949748743718592,0.5025125628140703,,,631,628,/projects/beto/irowerojas/localLatin/data/canon/CNEO.315.13/Hat42.161v.4.txt,/projects/beto/irowerojas/localLatin/data/canon/CNEO.315.13/Brn425.56v.2.txt,CNEO.315.13,CNEO.315.13,CNEO.315.13,pair_example,1,,,,,rand_similar,,,,,,,"ig,bertscore,ot,attention_weighted,dla,attention_standalone,retrieval_mark"
140,bowphs/LaTa,LaTa,t5,7,abtt_optimal,hidden,mean,10,0.5025125628140703,0.9949748743718592,0.5025125628140703,,,213,211,/projects/beto/irowerojas/localLatin/data/canon/CANT.328.15/D1723.537.8.txt,/projects/beto/irowerojas/localLatin/data/canon/CANT.328.15/Brn425.35r.3.txt,CANT.328.15,CANT.328.15,CANT.328.15,pair_example,1,,,,,rand_similar,,,,,,,"ig,bertscore,ot,attention_weighted,dla,attention_standalone,retrieval_mark"
141,bowphs/LaTa,LaTa,t5,7,abtt_optimal,hidden,mean,10,0.5025125628140703,0.9949748743718592,0.5025125628140703,,,836,837,/projects/beto/irowerojas/localLatin/data/canon/CORL.511.2/BAV1341.54v.17.txt,/projects/beto/irowerojas/localLatin/data/canon/CORL.511.2/BN2123.98r.3.txt,CORL.511.2,CORL.511.2,CORL.511.2,pair_example,1,,,,,rand_similar,,,,,,,"ig,bertscore,ot,attention_weighted,dla,attention_standalone,retrieval_mark"
142,bowphs/LaTa,LaTa,t5,7,abtt_optimal,hidden,mean,10,0.5025125628140703,0.9949748743718592,0.5025125628140703,,,269,270,/projects/beto/irowerojas/localLatin/data/canon/CANT.328.4/BAV1341.17r.2.txt,/projects/beto/irowerojas/localLatin/data/canon/CANT.328.4/Brn425.34v.4.txt,CANT.328.4,CANT.328.4,CANT.328.4,pair_example,1,,,,,rand_similar,,,,,,,"ig,bertscore,ot,attention_weighted,dla,attention_standalone,retrieval_mark"
143,bowphs/LaTa,LaTa,t5,7,abtt_optimal,hidden,mean,10,0.5025125628140703,0.9949748743718592,0.5025125628140703,,,1148,1147,/projects/beto/irowerojas/localLatin/data/canon/Can.apost.38/Hat42.147v.3.txt,/projects/beto/irowerojas/localLatin/data/canon/Can.apost.38/C1525.6v.6.txt,Can.apost.38,Can.apost.38,Can.apost.38,pair_example,1,,,,,rand_similar,,,,,,,"ig,bertscore,ot,attention_weighted,dla,attention_standalone,retrieval_mark"
144,bowphs/LaTa,LaTa,t5,7,abtt_optimal,hidden,mean,10,0.5025125628140703,0.9949748743718592,0.5025125628140703,,,745,744,/projects/beto/irowerojas/localLatin/data/canon/CNIC.325.3/D1723.524.9.txt,/projects/beto/irowerojas/localLatin/data/canon/CNIC.325.3/C1525.11r.3.txt,CNIC.325.3,CNIC.325.3,CNIC.325.3,pair_example,1,,,,,rand_similar,,,,,,,"ig,bertscore,ot,attention_weighted,dla,attention_standalone,retrieval_mark"
145,bowphs/LaTa,LaTa,t5,7,abtt_optimal,hidden,mean,10,0.5025125628140703,0.9949748743718592,0.5025125628140703,,,237,242,/projects/beto/irowerojas/localLatin/data/canon/CANT.328.20/BAV1341.18r.1.txt,/projects/beto/irowerojas/localLatin/data/canon/CANT.328.20/Hat42.172r.1.txt,CANT.328.20,CANT.328.20,CANT.328.20,pair_example,1,,,,,rand_similar,,,,,,,"ig,bertscore,ot,attention_weighted,dla,attention_standalone,retrieval_mark"
146,bowphs/LaTa,LaTa,t5,7,abtt_optimal,hidden,mean,10,0.5025125628140703,0.9949748743718592,0.5025125628140703,,,822,823,/projects/beto/irowerojas/localLatin/data/canon/CORL.511.15/BN2123.93v.7.txt,/projects/beto/irowerojas/localLatin/data/canon/CORL.511.15/Brn425.39r.3.txt,CORL.511.15,CORL.511.15,CORL.511.15,pair_example,1,,,,,rand_similar,,,,,,,"ig,bertscore,ot,attention_weighted,dla,attention_standalone,retrieval_mark"
147,bowphs/LaTa,LaTa,t5,7,abtt_optimal,hidden,mean,10,0.5025125628140703,0.9949748743718592,0.5025125628140703,,,89,94,/projects/beto/irowerojas/localLatin/data/canon/CANC.314.16/BAV1341.12r.3.txt,/projects/beto/irowerojas/localLatin/data/canon/CANC.314.16/Hat42.159r.1.txt,CANC.314.16,CANC.314.16,CANC.314.16,pair_example,1,,,,,rand_similar,,,,,,,"ig,bertscore,ot,attention_weighted,dla,attention_standalone,retrieval_mark"
148,bowphs/LaTa,LaTa,t5,7,abtt_optimal,hidden,mean,10,0.5025125628140703,0.9949748743718592,0.5025125628140703,,,762,764,/projects/beto/irowerojas/localLatin/data/canon/CNIC.325.7/BN2123.82r.1.txt,/projects/beto/irowerojas/localLatin/data/canon/CNIC.325.7/Hat42.152r.2.txt,CNIC.325.7,CNIC.325.7,CNIC.325.7,pair_example,1,,,,,rand_similar,,,,,,,"ig,bertscore,ot,attention_weighted,dla,attention_standalone,retrieval_mark"
149,bowphs/LaTa,LaTa,t5,7,abtt_optimal,hidden,mean,10,0.5025125628140703,0.9949748743718592,0.5025125628140703,,,154,151,/projects/beto/irowerojas/localLatin/data/canon/CANC.314.3/KoeD213.20v.1.txt,/projects/beto/irowerojas/localLatin/data/canon/CANC.314.3/BAV1341.11r.11.txt,CANC.314.3,CANC.314.3,CANC.314.3,pair_example,1,,,,,rand_similar,,,,,,,"ig,bertscore,ot,attention_weighted,dla,attention_standalone,retrieval_mark"
150,bowphs/LaTa,LaTa,t5,7,abtt_optimal,hidden,mean,10,0.5025125628140703,0.9949748743718592,0.5025125628140703,,,622,623,/projects/beto/irowerojas/localLatin/data/canon/CNEO.315.12/D1723.555.10.txt,/projects/beto/irowerojas/localLatin/data/canon/CNEO.315.12/Hat42.161v.3.txt,CNEO.315.12,CNEO.315.12,CNEO.315.12,pair_example,1,,,,,rand_similar,,,,,,,"ig,bertscore,ot,attention_weighted,dla,attention_standalone,retrieval_mark"
151,bowphs/LaTa,LaTa,t5,7,abtt_optimal,hidden,mean,10,0.5025125628140703,0.9949748743718592,0.5025125628140703,,,105,104,/projects/beto/irowerojas/localLatin/data/canon/CANC.314.18/KoeD213.24r.2.txt,/projects/beto/irowerojas/localLatin/data/canon/CANC.314.18/Hat42.159r.3.txt,CANC.314.18,CANC.314.18,CANC.314.18,pair_example,1,,,,,rand_similar,,,,,,,"ig,bertscore,ot,attention_weighted,dla,attention_standalone,retrieval_mark"
152,bowphs/LaTa,LaTa,t5,7,abtt_optimal,hidden,mean,10,0.5025125628140703,0.9949748743718592,0.5025125628140703,,,646,651,/projects/beto/irowerojas/localLatin/data/canon/CNEO.315.3/BAV1341.12v.18.txt,/projects/beto/irowerojas/localLatin/data/canon/CNEO.315.3/KoeD213.25v.3.txt,CNEO.315.3,CNEO.315.3,CNEO.315.3,pair_example,1,,,,,rand_similar,,,,,,,"ig,bertscore,ot,attention_weighted,dla,attention_standalone,retrieval_mark"
153,bowphs/LaTa,LaTa,t5,7,abtt_optimal,hidden,mean,10,0.5025125628140703,0.9949748743718592,0.5025125628140703,,,81,80,/projects/beto/irowerojas/localLatin/data/canon/CANC.314.14/Hat42.158v.1.txt,/projects/beto/irowerojas/localLatin/data/canon/CANC.314.14/C1525.20v.1.txt,CANC.314.14,CANC.314.14,CANC.314.14,pair_example,1,,,,,rand_similar,,,,,,,"ig,bertscore,ot,attention_weighted,dla,attention_standalone,retrieval_mark"
154,bowphs/LaTa,LaTa,t5,7,abtt_optimal,hidden,mean,10,0.5025125628140703,0.9949748743718592,0.5025125628140703,,,178,179,/projects/beto/irowerojas/localLatin/data/canon/CANC.314.9/BAV1341.11v.5.txt,/projects/beto/irowerojas/localLatin/data/canon/CANC.314.9/Brn425.55r.5.txt,CANC.314.9,CANC.314.9,CANC.314.9,pair_example,1,,,,,rand_similar,,,,,,,"ig,bertscore,ot,attention_weighted,dla,attention_standalone,retrieval_mark"
155,bowphs/LaTa,LaTa,t5,7,abtt_optimal,hidden,mean,10,0.5025125628140703,0.9949748743718592,0.5025125628140703,,,755,754,/projects/beto/irowerojas/localLatin/data/canon/CNIC.325.5/C1525.11v.2.txt,/projects/beto/irowerojas/localLatin/data/canon/CNIC.325.5/BN2123.76r.3.txt,CNIC.325.5,CNIC.325.5,CNIC.325.5,pair_example,1,,,,,rand_similar,,,,,,,"ig,bertscore,ot,attention_weighted,dla,attention_standalone,retrieval_mark"
156,bowphs/LaTa,LaTa,t5,7,abtt_optimal,hidden,mean,10,0.5025125628140703,0.9949748743718592,0.5025125628140703,,,639,640,/projects/beto/irowerojas/localLatin/data/canon/CNEO.315.2/BAV1341.12v.17.txt,/projects/beto/irowerojas/localLatin/data/canon/CNEO.315.2/BN2123.98r.9.txt,CNEO.315.2,CNEO.315.2,CNEO.315.2,pair_example,1,,,,,rand_similar,,,,,,,"ig,bertscore,ot,attention_weighted,dla,attention_standalone,retrieval_mark"
157,bowphs/LaTa,LaTa,t5,7,abtt_optimal,hidden,mean,10,0.5025125628140703,0.9949748743718592,0.5025125628140703,,,86,87,/projects/beto/irowerojas/localLatin/data/canon/CANC.314.15/D1723.525.2.txt,/projects/beto/irowerojas/localLatin/data/canon/CANC.314.15/Hat42.158v.2.txt,CANC.314.15,CANC.314.15,CANC.314.15,pair_example,1,,,,,rand_similar,,,,,,,"ig,bertscore,ot,attention_weighted,dla,attention_standalone,retrieval_mark"
158,bowphs/LaTa,LaTa,t5,7,abtt_optimal,hidden,mean,10,0.5025125628140703,0.9949748743718592,0.5025125628140703,,,1189,1191,/projects/beto/irowerojas/localLatin/data/canon/Can.apost.45/C1525.7v.2.txt,/projects/beto/irowerojas/localLatin/data/canon/Can.apost.45/KoeD213.9v.5.txt,Can.apost.45,Can.apost.45,Can.apost.45,pair_example,1,,,,,rand_similar,,,,,,,"ig,bertscore,ot,attention_weighted,dla,attention_standalone,retrieval_mark"
159,bowphs/LaTa,LaTa,t5,7,abtt_optimal,hidden,mean,10,0.5025125628140703,0.9949748743718592,0.5025125628140703,,,1059,1058,/projects/beto/irowerojas/localLatin/data/canon/Can.apost.21/Vat5845.8r.6.txt,/projects/beto/irowerojas/localLatin/data/canon/Can.apost.21/KoeD213.6v.4.txt,Can.apost.21,Can.apost.21,Can.apost.21,pair_example,1,,,,,rand_similar,,,,,,,"ig,bertscore,ot,attention_weighted,dla,attention_standalone,retrieval_mark"
160,bowphs/LaTa,LaTa,t5,7,abtt_optimal,hidden,mean,10,0.5025125628140703,0.9949748743718592,0.5025125628140703,,,1214,1213,/projects/beto/irowerojas/localLatin/data/canon/Can.apost.49/Vat5845.10v.1.txt,/projects/beto/irowerojas/localLatin/data/canon/Can.apost.49/KoeD213.10r.2.txt,Can.apost.49,Can.apost.49,Can.apost.49,pair_example,1,,,,,rand_similar,,,,,,,"ig,bertscore,ot,attention_weighted,dla,attention_standalone,retrieval_mark"
161,bowphs/LaTa,LaTa,t5,7,abtt_optimal,hidden,mean,10,0.5025125628140703,0.9949748743718592,0.5025125628140703,,,127,124,/projects/beto/irowerojas/localLatin/data/canon/CANC.314.21/C1525.21r.4.txt,/projects/beto/irowerojas/localLatin/data/canon/CANC.314.21/BAV1341.12r.8.txt,CANC.314.21,CANC.314.21,CANC.314.21,pair_example,1,,,,,rand_similar,,,,,,,"ig,bertscore,ot,attention_weighted,dla,attention_standalone,retrieval_mark"
162,bowphs/LaTa,LaTa,t5,7,abtt_optimal,hidden,mean,10,0.5025125628140703,0.9949748743718592,0.5025125628140703,,,290,288,/projects/beto/irowerojas/localLatin/data/canon/CANT.328.8/C1525.28r.5.txt,/projects/beto/irowerojas/localLatin/data/canon/CANT.328.8/BN2123.86v.4.txt,CANT.328.8,CANT.328.8,CANT.328.8,pair_example,1,,,,,rand_similar,,,,,,,"ig,bertscore,ot,attention_weighted,dla,attention_standalone,retrieval_mark"
163,bowphs/LaTa,LaTa,t5,7,abtt_optimal,hidden,mean,10,0.5025125628140703,0.9949748743718592,0.5025125628140703,,,1029,1033,/projects/beto/irowerojas/localLatin/data/canon/Can.apost.17/BAV1341.7r.11.txt,/projects/beto/irowerojas/localLatin/data/canon/Can.apost.17/Vat5845.8r.2.txt,Can.apost.17,Can.apost.17,Can.apost.17,pair_example,1,,,,,rand_similar,,,,,,,"ig,bertscore,ot,attention_weighted,dla,attention_standalone,retrieval_mark"
164,bowphs/LaTa,LaTa,t5,7,abtt_optimal,hidden,mean,10,0.5025125628140703,0.9949748743718592,0.5025125628140703,,,686,687,/projects/beto/irowerojas/localLatin/data/canon/CNIC.325.11/BN2123.86v.10.txt,/projects/beto/irowerojas/localLatin/data/canon/CNIC.325.11/Brn425.17v.1.txt,CNIC.325.11,CNIC.325.11,CNIC.325.11,pair_example,1,,,,,rand_similar,,,,,,,"ig,bertscore,ot,attention_weighted,dla,attention_standalone,retrieval_mark"
165,bowphs/LaTa,LaTa,t5,7,abtt_optimal,hidden,mean,10,0.5025125628140703,0.9949748743718592,0.5025125628140703,,,531,529,/projects/beto/irowerojas/localLatin/data/canon/CGAN.355.7/KoeD213.29v.5.txt,/projects/beto/irowerojas/localLatin/data/canon/CGAN.355.7/D1723.538.8.txt,CGAN.355.7,CGAN.355.7,CGAN.355.7,pair_example,1,,,,,rand_similar,,,,,,,"ig,bertscore,ot,attention_weighted,dla,attention_standalone,retrieval_mark"
166,bowphs/LaTa,LaTa,t5,7,abtt_optimal,hidden,mean,10,0.5025125628140703,0.9949748743718592,0.5025125628140703,,,725,727,/projects/beto/irowerojas/localLatin/data/canon/CNIC.325.19/BN2123.96r.5.txt,/projects/beto/irowerojas/localLatin/data/canon/CNIC.325.19/Hat42.154v.2.txt,CNIC.325.19,CNIC.325.19,CNIC.325.19,pair_example,1,,,,,rand_similar,,,,,,,"ig,bertscore,ot,attention_weighted,dla,attention_standalone,retrieval_mark"
167,bowphs/LaTa,LaTa,t5,7,abtt_optimal,hidden,mean,10,0.5025125628140703,0.9949748743718592,0.5025125628140703,,,93,89,/projects/beto/irowerojas/localLatin/data/canon/CANC.314.16/D1723.525.3.txt,/projects/beto/irowerojas/localLatin/data/canon/CANC.314.16/BAV1341.12r.3.txt,CANC.314.16,CANC.314.16,CANC.314.16,pair_example,1,,,,,rand_similar,,,,,,,"ig,bertscore,ot,attention_weighted,dla,attention_standalone,retrieval_mark"
168,bowphs/LaTa,LaTa,t5,7,abtt_optimal,hidden,mean,10,0.5025125628140703,0.9949748743718592,0.5025125628140703,,,163,162,/projects/beto/irowerojas/localLatin/data/canon/CANC.314.5/C1525.19v.1.txt,/projects/beto/irowerojas/localLatin/data/canon/CANC.314.5/BAV1341.11v.1.txt,CANC.314.5,CANC.314.5,CANC.314.5,pair_example,1,,,,,rand_similar,,,,,,,"ig,bertscore,ot,attention_weighted,dla,attention_standalone,retrieval_mark"
169,bowphs/LaTa,LaTa,t5,7,abtt_optimal,hidden,mean,10,0.5025125628140703,0.9949748743718592,0.5025125628140703,,,104,103,/projects/beto/irowerojas/localLatin/data/canon/CANC.314.18/Hat42.159r.3.txt,/projects/beto/irowerojas/localLatin/data/canon/CANC.314.18/D1723.547.5.txt,CANC.314.18,CANC.314.18,CANC.314.18,pair_example,1,,,,,rand_similar,,,,,,,"ig,bertscore,ot,attention_weighted,dla,attention_standalone,retrieval_mark"
170,bowphs/LaTa,LaTa,t5,7,abtt_optimal,hidden,mean,10,0.5025125628140703,0.9949748743718592,0.5025125628140703,,,133,131,/projects/beto/irowerojas/localLatin/data/canon/CANC.314.22/Brn425.27r.5.txt,/projects/beto/irowerojas/localLatin/data/canon/CANC.314.22/BAV1341.12r.9.txt,CANC.314.22,CANC.314.22,CANC.314.22,pair_example,1,,,,,rand_similar,,,,,,,"ig,bertscore,ot,attention_weighted,dla,attention_standalone,retrieval_mark"
171,bowphs/LaTa,LaTa,t5,7,abtt_optimal,hidden,mean,10,0.5025125628140703,0.9949748743718592,0.5025125628140703,,,647,646,/projects/beto/irowerojas/localLatin/data/canon/CNEO.315.3/Brn425.24v.2.txt,/projects/beto/irowerojas/localLatin/data/canon/CNEO.315.3/BAV1341.12v.18.txt,CNEO.315.3,CNEO.315.3,CNEO.315.3,pair_example,1,,,,,rand_similar,,,,,,,"ig,bertscore,ot,attention_weighted,dla,attention_standalone,retrieval_mark"
172,bowphs/LaTa,LaTa,t5,7,abtt_optimal,hidden,mean,10,0.5025125628140703,0.9949748743718592,0.5025125628140703,,,290,289,/projects/beto/irowerojas/localLatin/data/canon/CANT.328.8/C1525.28r.5.txt,/projects/beto/irowerojas/localLatin/data/canon/CANT.328.8/Brn425.64r.1.txt,CANT.328.8,CANT.328.8,CANT.328.8,pair_example,1,,,,,rand_similar,,,,,,,"ig,bertscore,ot,attention_weighted,dla,attention_standalone,retrieval_mark"
173,bowphs/LaTa,LaTa,t5,7,abtt_optimal,hidden,mean,10,0.5025125628140703,0.9949748743718592,0.5025125628140703,,,680,679,/projects/beto/irowerojas/localLatin/data/canon/CNIC.325.1/C1525.11r.1.txt,/projects/beto/irowerojas/localLatin/data/canon/CNIC.325.1/BN2123.76v.6.txt,CNIC.325.1,CNIC.325.1,CNIC.325.1,pair_example,1,,,,,rand_similar,,,,,,,"ig,bertscore,ot,attention_weighted,dla,attention_standalone,retrieval_mark"
174,bowphs/LaTa,LaTa,t5,7,abtt_optimal,hidden,mean,10,0.5025125628140703,0.9949748743718592,0.5025125628140703,,,166,168,/projects/beto/irowerojas/localLatin/data/canon/CANC.314.6/BAV1341.11v.2.txt,/projects/beto/irowerojas/localLatin/data/canon/CANC.314.6/Hat42.157v.1.txt,CANC.314.6,CANC.314.6,CANC.314.6,pair_example,1,,,,,rand_similar,,,,,,,"ig,bertscore,ot,attention_weighted,dla,attention_standalone,retrieval_mark"
175,bowphs/LaTa,LaTa,t5,7,abtt_optimal,hidden,mean,10,0.5025125628140703,0.9949748743718592,0.5025125628140703,,,997,998,/projects/beto/irowerojas/localLatin/data/canon/Can.apost.10/KoeD213.5v.1.txt,/projects/beto/irowerojas/localLatin/data/canon/Can.apost.10/Vat5845.7v.2.txt,Can.apost.10,Can.apost.10,Can.apost.10,pair_example,1,,,,,rand_similar,,,,,,,"ig,bertscore,ot,attention_weighted,dla,attention_standalone,retrieval_mark"
176,bowphs/LaTa,LaTa,t5,7,abtt_optimal,hidden,mean,10,0.5025125628140703,0.9949748743718592,0.5025125628140703,,,140,142,/projects/beto/irowerojas/localLatin/data/canon/CANC.314.23/C1525.21r.6.txt,/projects/beto/irowerojas/localLatin/data/canon/CANC.314.23/Hat42.159v.5.txt,CANC.314.23,CANC.314.23,CANC.314.23,pair_example,1,,,,,rand_similar,,,,,,,"ig,bertscore,ot,attention_weighted,dla,attention_standalone,retrieval_mark"
177,bowphs/LaTa,LaTa,t5,7,abtt_optimal,hidden,mean,10,0.5025125628140703,0.9949748743718592,0.5025125628140703,,,753,748,/projects/beto/irowerojas/localLatin/data/canon/CNIC.325.4/KoeD213.12r.2.txt,/projects/beto/irowerojas/localLatin/data/canon/CNIC.325.4/BN2123.81v.6.txt,CNIC.325.4,CNIC.325.4,CNIC.325.4,pair_example,1,,,,,rand_similar,,,,,,,"ig,bertscore,ot,attention_weighted,dla,attention_standalone,retrieval_mark"
178,bowphs/LaTa,LaTa,t5,7,abtt_optimal,hidden,mean,10,0.5025125628140703,0.9949748743718592,0.5025125628140703,,,664,665,/projects/beto/irowerojas/localLatin/data/canon/CNEO.315.6/Hat42.161r.3.txt,/projects/beto/irowerojas/localLatin/data/canon/CNEO.315.6/KoeD213.26r.2.txt,CNEO.315.6,CNEO.315.6,CNEO.315.6,pair_example,1,,,,,rand_similar,,,,,,,"ig,bertscore,ot,attention_weighted,dla,attention_standalone,retrieval_mark"
179,bowphs/LaTa,LaTa,t5,7,abtt_optimal,hidden,mean,10,0.5025125628140703,0.9949748743718592,0.5025125628140703,,,618,622,/projects/beto/irowerojas/localLatin/data/canon/CNEO.315.12/BAV1341.13r.5.txt,/projects/beto/irowerojas/localLatin/data/canon/CNEO.315.12/D1723.555.10.txt,CNEO.315.12,CNEO.315.12,CNEO.315.12,pair_example,1,,,,,rand_similar,,,,,,,"ig,bertscore,ot,attention_weighted,dla,attention_standalone,retrieval_mark"
180,bowphs/LaTa,LaTa,t5,7,abtt_optimal,hidden,mean,10,0.5025125628140703,0.9949748743718592,0.5025125628140703,,,713,712,/projects/beto/irowerojas/localLatin/data/canon/CNIC.325.16/D1723.556.6.txt,/projects/beto/irowerojas/localLatin/data/canon/CNIC.325.16/C1525.13r.2.txt,CNIC.325.16,CNIC.325.16,CNIC.325.16,pair_example,1,,,,,rand_similar,,,,,,,"ig,bertscore,ot,attention_weighted,dla,attention_standalone,retrieval_mark"
181,bowphs/LaTa,LaTa,t5,7,abtt_optimal,hidden,mean,10,0.5025125628140703,0.9949748743718592,0.5025125628140703,,,146,144,/projects/beto/irowerojas/localLatin/data/canon/CANC.314.24/C1525.21v.1.txt,/projects/beto/irowerojas/localLatin/data/canon/CANC.314.24/BAV1341.12v.1.txt,CANC.314.24,CANC.314.24,CANC.314.24,pair_example,1,,,,,rand_similar,,,,,,,"ig,bertscore,ot,attention_weighted,dla,attention_standalone,retrieval_mark"
182,bowphs/LaTa,LaTa,t5,7,abtt_optimal,hidden,mean,10,0.5025125628140703,0.9949748743718592,0.5025125628140703,,,631,627,/projects/beto/irowerojas/localLatin/data/canon/CNEO.315.13/Hat42.161v.4.txt,/projects/beto/irowerojas/localLatin/data/canon/CNEO.315.13/BN2123.84v.4.txt,CNEO.315.13,CNEO.315.13,CNEO.315.13,pair_example,1,,,,,rand_similar,,,,,,,"ig,bertscore,ot,attention_weighted,dla,attention_standalone,retrieval_mark"
183,bowphs/LaTa,LaTa,t5,7,abtt_optimal,hidden,mean,10,0.5025125628140703,0.9949748743718592,0.5025125628140703,,,110,106,/projects/beto/irowerojas/localLatin/data/canon/CANC.314.19/Hat42.159v.1.txt,/projects/beto/irowerojas/localLatin/data/canon/CANC.314.19/BAV1341.12r.6.txt,CANC.314.19,CANC.314.19,CANC.314.19,pair_example,1,,,,,rand_similar,,,,,,,"ig,bertscore,ot,attention_weighted,dla,attention_standalone,retrieval_mark"
184,bowphs/LaTa,LaTa,t5,7,abtt_optimal,hidden,mean,10,0.5025125628140703,0.9949748743718592,0.5025125628140703,,,135,131,/projects/beto/irowerojas/localLatin/data/canon/CANC.314.22/D1723.530.7.txt,/projects/beto/irowerojas/localLatin/data/canon/CANC.314.22/BAV1341.12r.9.txt,CANC.314.22,CANC.314.22,CANC.314.22,pair_example,1,,,,,rand_similar,,,,,,,"ig,bertscore,ot,attention_weighted,dla,attention_standalone,retrieval_mark"
185,bowphs/LaTa,LaTa,t5,7,abtt_optimal,hidden,mean,10,0.5025125628140703,0.9949748743718592,0.5025125628140703,,,1141,1143,/projects/beto/irowerojas/localLatin/data/canon/Can.apost.37/BN2123.84v.8.txt,/projects/beto/irowerojas/localLatin/data/canon/Can.apost.37/Hat42.147v.2.txt,Can.apost.37,Can.apost.37,Can.apost.37,pair_example,1,,,,,rand_similar,,,,,,,"ig,bertscore,ot,attention_weighted,dla,attention_standalone,retrieval_mark"
186,bowphs/LaTa,LaTa,t5,7,abtt_optimal,hidden,mean,10,0.5025125628140703,0.9949748743718592,0.5025125628140703,,,1116,1119,/projects/beto/irowerojas/localLatin/data/canon/Can.apost.32/C1525.6r.7.txt,/projects/beto/irowerojas/localLatin/data/canon/Can.apost.32/Vat5845.9r.1.txt,Can.apost.32,Can.apost.32,Can.apost.32,pair_example,1,,,,,rand_similar,,,,,,,"ig,bertscore,ot,attention_weighted,dla,attention_standalone,retrieval_mark"
187,bowphs/LaTa,LaTa,t5,7,abtt_optimal,hidden,mean,10,0.5025125628140703,0.9949748743718592,0.5025125628140703,,,1174,1175,/projects/beto/irowerojas/localLatin/data/canon/Can.apost.42/C1525.7r.4.txt,/projects/beto/irowerojas/localLatin/data/canon/Can.apost.42/Hat42.148v.1.txt,Can.apost.42,Can.apost.42,Can.apost.42,pair_example,1,,,,,rand_similar,,,,,,,"ig,bertscore,ot,attention_weighted,dla,attention_standalone,retrieval_mark"
188,bowphs/LaTa,LaTa,t5,7,abtt_optimal,hidden,mean,10,0.5025125628140703,0.9949748743718592,0.5025125628140703,,,1111,1114,/projects/beto/irowerojas/localLatin/data/canon/Can.apost.31/C1525.6r.6.txt,/projects/beto/irowerojas/localLatin/data/canon/Can.apost.31/Vat5845.8v.8.txt,Can.apost.31,Can.apost.31,Can.apost.31,pair_example,1,,,,,rand_similar,,,,,,,"ig,bertscore,ot,attention_weighted,dla,attention_standalone,retrieval_mark"
189,bowphs/LaTa,LaTa,t5,7,abtt_optimal,hidden,mean,10,0.5025125628140703,0.9949748743718592,0.5025125628140703,,,748,751,/projects/beto/irowerojas/localLatin/data/canon/CNIC.325.4/BN2123.81v.6.txt,/projects/beto/irowerojas/localLatin/data/canon/CNIC.325.4/D1723.557.9.txt,CNIC.325.4,CNIC.325.4,CNIC.325.4,pair_example,1,,,,,rand_similar,,,,,,,"ig,bertscore,ot,attention_weighted,dla,attention_standalone,retrieval_mark"
190,bowphs/LaTa,LaTa,t5,7,abtt_optimal,hidden,mean,10,0.5025125628140703,0.9949748743718592,0.5025125628140703,,,1087,1088,/projects/beto/irowerojas/localLatin/data/canon/Can.apost.27/Hat42.146v.2.txt,/projects/beto/irowerojas/localLatin/data/canon/Can.apost.27/KoeD213.7r.2.txt,Can.apost.27,Can.apost.27,Can.apost.27,pair_example,1,,,,,rand_similar,,,,,,,"ig,bertscore,ot,attention_weighted,dla,attention_standalone,retrieval_mark"
191,bowphs/LaTa,LaTa,t5,7,abtt_optimal,hidden,mean,10,0.5025125628140703,0.9949748743718592,0.5025125628140703,,,256,258,/projects/beto/irowerojas/localLatin/data/canon/CANT.328.24/BAV1341.18r.5.txt,/projects/beto/irowerojas/localLatin/data/canon/CANT.328.24/C1525.30r.4.txt,CANT.328.24,CANT.328.24,CANT.328.24,pair_example,1,,,,,rand_similar,,,,,,,"ig,bertscore,ot,attention_weighted,dla,attention_standalone,retrieval_mark"
192,bowphs/LaTa,LaTa,t5,7,abtt_optimal,hidden,mean,10,0.5025125628140703,0.9949748743718592,0.5025125628140703,,,652,655,/projects/beto/irowerojas/localLatin/data/canon/CNEO.315.4/BAV1341.12v.19.txt,/projects/beto/irowerojas/localLatin/data/canon/CNEO.315.4/KoeD213.25v.4.txt,CNEO.315.4,CNEO.315.4,CNEO.315.4,pair_example,1,,,,,rand_similar,,,,,,,"ig,bertscore,ot,attention_weighted,dla,attention_standalone,retrieval_mark"
193,bowphs/LaTa,LaTa,t5,7,abtt_optimal,hidden,mean,10,0.5025125628140703,0.9949748743718592,0.5025125628140703,,,703,700,/projects/beto/irowerojas/localLatin/data/canon/CNIC.325.13/KoeD213.14v.1.txt,/projects/beto/irowerojas/localLatin/data/canon/CNIC.325.13/C1525.12v.3.txt,CNIC.325.13,CNIC.325.13,CNIC.325.13,pair_example,1,,,,,rand_similar,,,,,,,"ig,bertscore,ot,attention_weighted,dla,attention_standalone,retrieval_mark"
194,bowphs/LaTa,LaTa,t5,7,abtt_optimal,hidden,mean,10,0.5025125628140703,0.9949748743718592,0.5025125628140703,,,293,296,/projects/beto/irowerojas/localLatin/data/canon/CANT.328.9/BAV1341.17r.7.txt,/projects/beto/irowerojas/localLatin/data/canon/CANT.328.9/D1723.563.1.txt,CANT.328.9,CANT.328.9,CANT.328.9,pair_example,1,,,,,rand_similar,,,,,,,"ig,bertscore,ot,attention_weighted,dla,attention_standalone,retrieval_mark"
195,bowphs/LaTa,LaTa,t5,7,abtt_optimal,hidden,mean,10,0.5025125628140703,0.9949748743718592,0.5025125628140703,,,180,179,/projects/beto/irowerojas/localLatin/data/canon/CANC.314.9/C1525.20r.1.txt,/projects/beto/irowerojas/localLatin/data/canon/CANC.314.9/Brn425.55r.5.txt,CANC.314.9,CANC.314.9,CANC.314.9,pair_example,1,,,,,rand_similar,,,,,,,"ig,bertscore,ot,attention_weighted,dla,attention_standalone,retrieval_mark"
196,bowphs/LaTa,LaTa,t5,7,abtt_optimal,hidden,mean,10,0.5025125628140703,0.9949748743718592,0.5025125628140703,,,618,623,/projects/beto/irowerojas/localLatin/data/canon/CNEO.315.12/BAV1341.13r.5.txt,/projects/beto/irowerojas/localLatin/data/canon/CNEO.315.12/Hat42.161v.3.txt,CNEO.315.12,CNEO.315.12,CNEO.315.12,pair_example,1,,,,,rand_similar,,,,,,,"ig,bertscore,ot,attention_weighted,dla,attention_standalone,retrieval_mark"
197,bowphs/LaTa,LaTa,t5,7,abtt_optimal,hidden,mean,10,0.5025125628140703,0.9949748743718592,0.5025125628140703,,,128,127,/projects/beto/irowerojas/localLatin/data/canon/CANC.314.21/D1723.530.6.txt,/projects/beto/irowerojas/localLatin/data/canon/CANC.314.21/C1525.21r.4.txt,CANC.314.21,CANC.314.21,CANC.314.21,pair_example,1,,,,,rand_similar,,,,,,,"ig,bertscore,ot,attention_weighted,dla,attention_standalone,retrieval_mark"
198,bowphs/LaTa,LaTa,t5,7,abtt_optimal,hidden,mean,10,0.5025125628140703,0.9949748743718592,0.5025125628140703,,,693,695,/projects/beto/irowerojas/localLatin/data/canon/CNIC.325.12/Brn425.17v.2.txt,/projects/beto/irowerojas/localLatin/data/canon/CNIC.325.12/D1723.522.3.txt,CNIC.325.12,CNIC.325.12,CNIC.325.12,pair_example,1,,,,,rand_similar,,,,,,,"ig,bertscore,ot,attention_weighted,dla,attention_standalone,retrieval_mark"
199,bowphs/LaTa,LaTa,t5,7,abtt_optimal,hidden,mean,10,0.5025125628140703,0.9949748743718592,0.5025125628140703,,,146,145,/projects/beto/irowerojas/localLatin/data/canon/CANC.314.24/C1525.21v.1.txt,/projects/beto/irowerojas/localLatin/data/canon/CANC.314.24/Brn425.21v.4.txt,CANC.314.24,CANC.314.24,CANC.314.24,pair_example,1,,,,,rand_similar,,,,,,,"ig,bertscore,ot,attention_weighted,dla,attention_standalone,retrieval_mark"
200,bowphs/LaTa,LaTa,t5,7,abtt_optimal,hidden,mean,10,0.5025125628140703,0.9949748743718592,0.5025125628140703,,,1017,1016,/projects/beto/irowerojas/localLatin/data/canon/Can.apost.14/KoeD213.5v.5.txt,/projects/beto/irowerojas/localLatin/data/canon/Can.apost.14/Hat42.145r.4.txt,Can.apost.14,Can.apost.14,Can.apost.14,pair_example,1,,,,,rand_similar,,,,,,,"ig,bertscore,ot,attention_weighted,dla,attention_standalone,retrieval_mark"
201,bowphs/PhilTa,PhilTa,t5,1,abtt_optimal,hidden,mean,10,0.4170854271356784,0.8944723618090452,0.4170854271356784,,,117,119,/projects/beto/irowerojas/localLatin/data/canon/CANC.314.20/Brn425.21v.3.txt,/projects/beto/irowerojas/localLatin/data/canon/CANC.314.20/C1525.21r.3.txt,CANC.314.20,CANC.314.20,CANC.314.20,pair_example,1,,,,,rand_similar,,,,,,,"ig,bertscore,ot,attention_weighted,dla,attention_standalone,retrieval_mark"
202,bowphs/PhilTa,PhilTa,t5,1,abtt_optimal,hidden,mean,10,0.4170854271356784,0.8944723618090452,0.4170854271356784,,,828,827,/projects/beto/irowerojas/localLatin/data/canon/CORL.511.16/D1723.560.4.txt,/projects/beto/irowerojas/localLatin/data/canon/CORL.511.16/Brn425.61v.2.txt,CORL.511.16,CORL.511.16,CORL.511.16,pair_example,1,,,,,rand_similar,,,,,,,"ig,bertscore,ot,attention_weighted,dla,attention_standalone,retrieval_mark"
203,bowphs/PhilTa,PhilTa,t5,1,abtt_optimal,hidden,mean,10,0.4170854271356784,0.8944723618090452,0.4170854271356784,,,656,658,/projects/beto/irowerojas/localLatin/data/canon/CNEO.315.5/BAV1341.12v.20.txt,/projects/beto/irowerojas/localLatin/data/canon/CNEO.315.5/Hat42.161r.2.txt,CNEO.315.5,CNEO.315.5,CNEO.315.5,pair_example,1,,,,,rand_similar,,,,,,,"ig,bertscore,ot,attention_weighted,dla,attention_standalone,retrieval_mark"
204,bowphs/PhilTa,PhilTa,t5,1,abtt_optimal,hidden,mean,10,0.4170854271356784,0.8944723618090452,0.4170854271356784,,,1214,1213,/projects/beto/irowerojas/localLatin/data/canon/Can.apost.49/Vat5845.10v.1.txt,/projects/beto/irowerojas/localLatin/data/canon/Can.apost.49/KoeD213.10r.2.txt,Can.apost.49,Can.apost.49,Can.apost.49,pair_example,1,,,,,rand_similar,,,,,,,"ig,bertscore,ot,attention_weighted,dla,attention_standalone,retrieval_mark"
205,bowphs/PhilTa,PhilTa,t5,1,abtt_optimal,hidden,mean,10,0.4170854271356784,0.8944723618090452,0.4170854271356784,,,71,70,/projects/beto/irowerojas/localLatin/data/canon/CANC.314.12/C1525.20r.4.txt,/projects/beto/irowerojas/localLatin/data/canon/CANC.314.12/BAV1341.11v.8.txt,CANC.314.12,CANC.314.12,CANC.314.12,pair_example,1,,,,,rand_similar,,,,,,,"ig,bertscore,ot,attention_weighted,dla,attention_standalone,retrieval_mark"
206,bowphs/PhilTa,PhilTa,t5,1,abtt_optimal,hidden,mean,10,0.4170854271356784,0.8944723618090452,0.4170854271356784,,,192,196,/projects/beto/irowerojas/localLatin/data/canon/CANT.328.11/BAV1341.17v.1.txt,/projects/beto/irowerojas/localLatin/data/canon/CANT.328.11/Hat42.170r.1.txt,CANT.328.11,CANT.328.11,CANT.328.11,pair_example,1,,,,,rand_similar,,,,,,,"ig,bertscore,ot,attention_weighted,dla,attention_standalone,retrieval_mark"
207,bowphs/PhilTa,PhilTa,t5,1,abtt_optimal,hidden,mean,10,0.4170854271356784,0.8944723618090452,0.4170854271356784,,,1048,1045,/projects/beto/irowerojas/localLatin/data/canon/Can.apost.2/Vat5845.7r.5.txt,/projects/beto/irowerojas/localLatin/data/canon/Can.apost.2/C1525.4r.24.txt,Can.apost.2,Can.apost.2,Can.apost.2,pair_example,1,,,,,rand_similar,,,,,,,"ig,bertscore,ot,attention_weighted,dla,attention_standalone,retrieval_mark"
208,bowphs/PhilTa,PhilTa,t5,1,abtt_optimal,hidden,mean,10,0.4170854271356784,0.8944723618090452,0.4170854271356784,,,116,119,/projects/beto/irowerojas/localLatin/data/canon/CANC.314.20/BAV1341.12r.7.txt,/projects/beto/irowerojas/localLatin/data/canon/CANC.314.20/C1525.21r.3.txt,CANC.314.20,CANC.314.20,CANC.314.20,pair_example,1,,,,,rand_similar,,,,,,,"ig,bertscore,ot,attention_weighted,dla,attention_standalone,retrieval_mark"
209,bowphs/PhilTa,PhilTa,t5,1,abtt_optimal,hidden,mean,10,0.4170854271356784,0.8944723618090452,0.4170854271356784,,,1138,1136,/projects/beto/irowerojas/localLatin/data/canon/Can.apost.36/KoeD213.8r.2.txt,/projects/beto/irowerojas/localLatin/data/canon/Can.apost.36/C1525.6v.4.txt,Can.apost.36,Can.apost.36,Can.apost.36,pair_example,1,,,,,rand_similar,,,,,,,"ig,bertscore,ot,attention_weighted,dla,attention_standalone,retrieval_mark"
210,bowphs/PhilTa,PhilTa,t5,1,abtt_optimal,hidden,mean,10,0.4170854271356784,0.8944723618090452,0.4170854271356784,,,1141,1144,/projects/beto/irowerojas/localLatin/data/canon/Can.apost.37/BN2123.84v.8.txt,/projects/beto/irowerojas/localLatin/data/canon/Can.apost.37/KoeD213.8r.3.txt,Can.apost.37,Can.apost.37,Can.apost.37,pair_example,1,,,,,rand_similar,,,,,,,"ig,bertscore,ot,attention_weighted,dla,attention_standalone,retrieval_mark"
211,bowphs/PhilTa,PhilTa,t5,1,abtt_optimal,hidden,mean,10,0.4170854271356784,0.8944723618090452,0.4170854271356784,,,269,270,/projects/beto/irowerojas/localLatin/data/canon/CANT.328.4/BAV1341.17r.2.txt,/projects/beto/irowerojas/localLatin/data/canon/CANT.328.4/Brn425.34v.4.txt,CANT.328.4,CANT.328.4,CANT.328.4,pair_example,1,,,,,rand_similar,,,,,,,"ig,bertscore,ot,attention_weighted,dla,attention_standalone,retrieval_mark"
212,bowphs/PhilTa,PhilTa,t5,1,abtt_optimal,hidden,mean,10,0.4170854271356784,0.8944723618090452,0.4170854271356784,,,745,744,/projects/beto/irowerojas/localLatin/data/canon/CNIC.325.3/D1723.524.9.txt,/projects/beto/irowerojas/localLatin/data/canon/CNIC.325.3/C1525.11r.3.txt,CNIC.325.3,CNIC.325.3,CNIC.325.3,pair_example,1,,,,,rand_similar,,,,,,,"ig,bertscore,ot,attention_weighted,dla,attention_standalone,retrieval_mark"
213,bowphs/PhilTa,PhilTa,t5,1,abtt_optimal,hidden,mean,10,0.4170854271356784,0.8944723618090452,0.4170854271356784,,,1083,1082,/projects/beto/irowerojas/localLatin/data/canon/Can.apost.26/KoeD213.7r.1.txt,/projects/beto/irowerojas/localLatin/data/canon/Can.apost.26/Hat42.146v.1.txt,Can.apost.26,Can.apost.26,Can.apost.26,pair_example,1,,,,,rand_similar,,,,,,,"ig,bertscore,ot,attention_weighted,dla,attention_standalone,retrieval_mark"
214,bowphs/PhilTa,PhilTa,t5,1,abtt_optimal,hidden,mean,10,0.4170854271356784,0.8944723618090452,0.4170854271356784,,,1181,1178,/projects/beto/irowerojas/localLatin/data/canon/Can.apost.43/KoeD213.9v.3.txt,/projects/beto/irowerojas/localLatin/data/canon/Can.apost.43/BAV1341.7v.13.txt,Can.apost.43,Can.apost.43,Can.apost.43,pair_example,1,,,,,rand_similar,,,,,,,"ig,bertscore,ot,attention_weighted,dla,attention_standalone,retrieval_mark"
215,bowphs/PhilTa,PhilTa,t5,1,abtt_optimal,hidden,mean,10,0.4170854271356784,0.8944723618090452,0.4170854271356784,,,219,216,/projects/beto/irowerojas/localLatin/data/canon/CANT.328.16/Hat42.171r.2.txt,/projects/beto/irowerojas/localLatin/data/canon/CANT.328.16/Brn425.64r.3.txt,CANT.328.16,CANT.328.16,CANT.328.16,pair_example,1,,,,,rand_similar,,,,,,,"ig,bertscore,ot,attention_weighted,dla,attention_standalone,retrieval_mark"
216,bowphs/PhilTa,PhilTa,t5,1,abtt_optimal,hidden,mean,10,0.4170854271356784,0.8944723618090452,0.4170854271356784,,,745,742,/projects/beto/irowerojas/localLatin/data/canon/CNIC.325.3/D1723.524.9.txt,/projects/beto/irowerojas/localLatin/data/canon/CNIC.325.3/BN2123.96v.8.txt,CNIC.325.3,CNIC.325.3,CNIC.325.3,pair_example,1,,,,,rand_similar,,,,,,,"ig,bertscore,ot,attention_weighted,dla,attention_standalone,retrieval_mark"
217,bowphs/PhilTa,PhilTa,t5,1,abtt_optimal,hidden,mean,10,0.4170854271356784,0.8944723618090452,0.4170854271356784,,,1133,1131,/projects/beto/irowerojas/localLatin/data/canon/Can.apost.35/KoeD213.8r.1.txt,/projects/beto/irowerojas/localLatin/data/canon/Can.apost.35/C1525.6v.3.txt,Can.apost.35,Can.apost.35,Can.apost.35,pair_example,1,,,,,rand_similar,,,,,,,"ig,bertscore,ot,attention_weighted,dla,attention_standalone,retrieval_mark"
218,bowphs/PhilTa,PhilTa,t5,1,abtt_optimal,hidden,mean,10,0.4170854271356784,0.8944723618090452,0.4170854271356784,,,764,762,/projects/beto/irowerojas/localLatin/data/canon/CNIC.325.7/Hat42.152r.2.txt,/projects/beto/irowerojas/localLatin/data/canon/CNIC.325.7/BN2123.82r.1.txt,CNIC.325.7,CNIC.325.7,CNIC.325.7,pair_example,1,,,,,rand_similar,,,,,,,"ig,bertscore,ot,attention_weighted,dla,attention_standalone,retrieval_mark"
219,bowphs/PhilTa,PhilTa,t5,1,abtt_optimal,hidden,mean,10,0.4170854271356784,0.8944723618090452,0.4170854271356784,,,151,154,/projects/beto/irowerojas/localLatin/data/canon/CANC.314.3/BAV1341.11r.11.txt,/projects/beto/irowerojas/localLatin/data/canon/CANC.314.3/KoeD213.20v.1.txt,CANC.314.3,CANC.314.3,CANC.314.3,pair_example,1,,,,,rand_similar,,,,,,,"ig,bertscore,ot,attention_weighted,dla,attention_standalone,retrieval_mark"
220,bowphs/PhilTa,PhilTa,t5,1,abtt_optimal,hidden,mean,10,0.4170854271356784,0.8944723618090452,0.4170854271356784,,,155,156,/projects/beto/irowerojas/localLatin/data/canon/CANC.314.4/BAV1341.11r.12.txt,/projects/beto/irowerojas/localLatin/data/canon/CANC.314.4/BAV1341.11r.13.txt,CANC.314.4,CANC.314.4,CANC.314.4,pair_example,1,,,,,rand_similar,,,,,,,"ig,bertscore,ot,attention_weighted,dla,attention_standalone,retrieval_mark"
221,bowphs/PhilTa,PhilTa,t5,1,abtt_optimal,hidden,mean,10,0.4170854271356784,0.8944723618090452,0.4170854271356784,,,1058,1059,/projects/beto/irowerojas/localLatin/data/canon/Can.apost.21/KoeD213.6v.4.txt,/projects/beto/irowerojas/localLatin/data/canon/Can.apost.21/Vat5845.8r.6.txt,Can.apost.21,Can.apost.21,Can.apost.21,pair_example,1,,,,,rand_similar,,,,,,,"ig,bertscore,ot,attention_weighted,dla,attention_standalone,retrieval_mark"
222,bowphs/PhilTa,PhilTa,t5,1,abtt_optimal,hidden,mean,10,0.4170854271356784,0.8944723618090452,0.4170854271356784,,,1069,1065,/projects/beto/irowerojas/localLatin/data/canon/Can.apost.23/Vat5845.8r.8.txt,/projects/beto/irowerojas/localLatin/data/canon/Can.apost.23/BAV1341.7r.17.txt,Can.apost.23,Can.apost.23,Can.apost.23,pair_example,1,,,,,rand_similar,,,,,,,"ig,bertscore,ot,attention_weighted,dla,attention_standalone,retrieval_mark"
223,bowphs/PhilTa,PhilTa,t5,1,abtt_optimal,hidden,mean,10,0.4170854271356784,0.8944723618090452,0.4170854271356784,,,124,128,/projects/beto/irowerojas/localLatin/data/canon/CANC.314.21/BAV1341.12r.8.txt,/projects/beto/irowerojas/localLatin/data/canon/CANC.314.21/D1723.530.6.txt,CANC.314.21,CANC.314.21,CANC.314.21,pair_example,1,,,,,rand_similar,,,,,,,"ig,bertscore,ot,attention_weighted,dla,attention_standalone,retrieval_mark"
224,bowphs/PhilTa,PhilTa,t5,1,abtt_optimal,hidden,mean,10,0.4170854271356784,0.8944723618090452,0.4170854271356784,,,94,89,/projects/beto/irowerojas/localLatin/data/canon/CANC.314.16/Hat42.159r.1.txt,/projects/beto/irowerojas/localLatin/data/canon/CANC.314.16/BAV1341.12r.3.txt,CANC.314.16,CANC.314.16,CANC.314.16,pair_example,1,,,,,rand_similar,,,,,,,"ig,bertscore,ot,attention_weighted,dla,attention_standalone,retrieval_mark"
225,bowphs/PhilTa,PhilTa,t5,1,abtt_optimal,hidden,mean,10,0.4170854271356784,0.8944723618090452,0.4170854271356784,,,680,679,/projects/beto/irowerojas/localLatin/data/canon/CNIC.325.1/C1525.11r.1.txt,/projects/beto/irowerojas/localLatin/data/canon/CNIC.325.1/BN2123.76v.6.txt,CNIC.325.1,CNIC.325.1,CNIC.325.1,pair_example,1,,,,,rand_similar,,,,,,,"ig,bertscore,ot,attention_weighted,dla,attention_standalone,retrieval_mark"
226,bowphs/PhilTa,PhilTa,t5,1,abtt_optimal,hidden,mean,10,0.4170854271356784,0.8944723618090452,0.4170854271356784,,,1213,1211,/projects/beto/irowerojas/localLatin/data/canon/Can.apost.49/KoeD213.10r.2.txt,/projects/beto/irowerojas/localLatin/data/canon/Can.apost.49/C1525.7v.6.txt,Can.apost.49,Can.apost.49,Can.apost.49,pair_example,1,,,,,rand_similar,,,,,,,"ig,bertscore,ot,attention_weighted,dla,attention_standalone,retrieval_mark"
227,bowphs/PhilTa,PhilTa,t5,1,abtt_optimal,hidden,mean,10,0.4170854271356784,0.8944723618090452,0.4170854271356784,,,693,695,/projects/beto/irowerojas/localLatin/data/canon/CNIC.325.12/Brn425.17v.2.txt,/projects/beto/irowerojas/localLatin/data/canon/CNIC.325.12/D1723.522.3.txt,CNIC.325.12,CNIC.325.12,CNIC.325.12,pair_example,1,,,,,rand_similar,,,,,,,"ig,bertscore,ot,attention_weighted,dla,attention_standalone,retrieval_mark"
228,bowphs/PhilTa,PhilTa,t5,1,abtt_optimal,hidden,mean,10,0.4170854271356784,0.8944723618090452,0.4170854271356784,,,93,89,/projects/beto/irowerojas/localLatin/data/canon/CANC.314.16/D1723.525.3.txt,/projects/beto/irowerojas/localLatin/data/canon/CANC.314.16/BAV1341.12r.3.txt,CANC.314.16,CANC.314.16,CANC.314.16,pair_example,1,,,,,rand_similar,,,,,,,"ig,bertscore,ot,attention_weighted,dla,attention_standalone,retrieval_mark"
229,bowphs/PhilTa,PhilTa,t5,1,abtt_optimal,hidden,mean,10,0.4170854271356784,0.8944723618090452,0.4170854271356784,,,75,76,/projects/beto/irowerojas/localLatin/data/canon/CANC.314.13/BN2123.101v.8.txt,/projects/beto/irowerojas/localLatin/data/canon/CANC.314.13/C1525.20r.5.txt,CANC.314.13,CANC.314.13,CANC.314.13,pair_example,1,,,,,rand_similar,,,,,,,"ig,bertscore,ot,attention_weighted,dla,attention_standalone,retrieval_mark"
230,bowphs/PhilTa,PhilTa,t5,1,abtt_optimal,hidden,mean,10,0.4170854271356784,0.8944723618090452,0.4170854271356784,,,162,163,/projects/beto/irowerojas/localLatin/data/canon/CANC.314.5/BAV1341.11v.1.txt,/projects/beto/irowerojas/localLatin/data/canon/CANC.314.5/C1525.19v.1.txt,CANC.314.5,CANC.314.5,CANC.314.5,pair_example,1,,,,,rand_similar,,,,,,,"ig,bertscore,ot,attention_weighted,dla,attention_standalone,retrieval_mark"
231,bowphs/PhilTa,PhilTa,t5,1,abtt_optimal,hidden,mean,10,0.4170854271356784,0.8944723618090452,0.4170854271356784,,,1189,1191,/projects/beto/irowerojas/localLatin/data/canon/Can.apost.45/C1525.7v.2.txt,/projects/beto/irowerojas/localLatin/data/canon/Can.apost.45/KoeD213.9v.5.txt,Can.apost.45,Can.apost.45,Can.apost.45,pair_example,1,,,,,rand_similar,,,,,,,"ig,bertscore,ot,attention_weighted,dla,attention_standalone,retrieval_mark"
232,bowphs/PhilTa,PhilTa,t5,1,abtt_optimal,hidden,mean,10,0.4170854271356784,0.8944723618090452,0.4170854271356784,,,607,601,/projects/beto/irowerojas/localLatin/data/canon/CNEO.315.1/KoeD213.25v.1.txt,/projects/beto/irowerojas/localLatin/data/canon/CNEO.315.1/BAV1341.12v.16.txt,CNEO.315.1,CNEO.315.1,CNEO.315.1,pair_example,1,,,,,rand_similar,,,,,,,"ig,bertscore,ot,attention_weighted,dla,attention_standalone,retrieval_mark"
233,bowphs/PhilTa,PhilTa,t5,1,abtt_optimal,hidden,mean,10,0.4170854271356784,0.8944723618090452,0.4170854271356784,,,1204,1208,/projects/beto/irowerojas/localLatin/data/canon/Can.apost.48/BN2123.89r.5.txt,/projects/beto/irowerojas/localLatin/data/canon/Can.apost.48/Vat5845.10r.7.txt,Can.apost.48,Can.apost.48,Can.apost.48,pair_example,1,,,,,rand_similar,,,,,,,"ig,bertscore,ot,attention_weighted,dla,attention_standalone,retrieval_mark"
234,bowphs/PhilTa,PhilTa,t5,1,abtt_optimal,hidden,mean,10,0.4170854271356784,0.8944723618090452,0.4170854271356784,,,1238,1241,/projects/beto/irowerojas/localLatin/data/canon/Can.apost.8/C1525.4v.6.txt,/projects/beto/irowerojas/localLatin/data/canon/Can.apost.8/Vat5845.7r.11.txt,Can.apost.8,Can.apost.8,Can.apost.8,pair_example,1,,,,,rand_similar,,,,,,,"ig,bertscore,ot,attention_weighted,dla,attention_standalone,retrieval_mark"
235,bowphs/PhilTa,PhilTa,t5,1,abtt_optimal,hidden,mean,10,0.4170854271356784,0.8944723618090452,0.4170854271356784,,,668,666,/projects/beto/irowerojas/localLatin/data/canon/CNEO.315.7/Hat42.161r.4.txt,/projects/beto/irowerojas/localLatin/data/canon/CNEO.315.7/BAV1341.12v.22.txt,CNEO.315.7,CNEO.315.7,CNEO.315.7,pair_example,1,,,,,rand_similar,,,,,,,"ig,bertscore,ot,attention_weighted,dla,attention_standalone,retrieval_mark"
236,bowphs/PhilTa,PhilTa,t5,1,abtt_optimal,hidden,mean,10,0.4170854271356784,0.8944723618090452,0.4170854271356784,,,141,140,/projects/beto/irowerojas/localLatin/data/canon/CANC.314.23/D1723.529.4.txt,/projects/beto/irowerojas/localLatin/data/canon/CANC.314.23/C1525.21r.6.txt,CANC.314.23,CANC.314.23,CANC.314.23,pair_example,1,,,,,rand_similar,,,,,,,"ig,bertscore,ot,attention_weighted,dla,attention_standalone,retrieval_mark"
237,bowphs/PhilTa,PhilTa,t5,1,abtt_optimal,hidden,mean,10,0.4170854271356784,0.8944723618090452,0.4170854271356784,,,617,614,/projects/beto/irowerojas/localLatin/data/canon/CNEO.315.11/KoeD213.26v.2.txt,/projects/beto/irowerojas/localLatin/data/canon/CNEO.315.11/BAV1341.13r.4.txt,CNEO.315.11,CNEO.315.11,CNEO.315.11,pair_example,1,,,,,rand_similar,,,,,,,"ig,bertscore,ot,attention_weighted,dla,attention_standalone,retrieval_mark"
238,bowphs/PhilTa,PhilTa,t5,1,abtt_optimal,hidden,mean,10,0.4170854271356784,0.8944723618090452,0.4170854271356784,,,992,990,/projects/beto/irowerojas/localLatin/data/canon/Can.apost.1/Vat5845.7r.4.txt,/projects/beto/irowerojas/localLatin/data/canon/Can.apost.1/Hat42.144r.1.txt,Can.apost.1,Can.apost.1,Can.apost.1,pair_example,1,,,,,rand_similar,,,,,,,"ig,bertscore,ot,attention_weighted,dla,attention_standalone,retrieval_mark"
239,bowphs/PhilTa,PhilTa,t5,1,abtt_optimal,hidden,mean,10,0.4170854271356784,0.8944723618090452,0.4170854271356784,,,1198,1202,/projects/beto/irowerojas/localLatin/data/canon/Can.apost.47/BAV1341.7v.17.txt,/projects/beto/irowerojas/localLatin/data/canon/Can.apost.47/Vat5845.10r.6.txt,Can.apost.47,Can.apost.47,Can.apost.47,pair_example,1,,,,,rand_similar,,,,,,,"ig,bertscore,ot,attention_weighted,dla,attention_standalone,retrieval_mark"
240,bowphs/PhilTa,PhilTa,t5,1,abtt_optimal,hidden,mean,10,0.4170854271356784,0.8944723618090452,0.4170854271356784,,,485,483,/projects/beto/irowerojas/localLatin/data/canon/CGAN.355.14/Hat42.165v.2.txt,/projects/beto/irowerojas/localLatin/data/canon/CGAN.355.14/BN2123.98r.8.txt,CGAN.355.14,CGAN.355.14,CGAN.355.14,pair_example,1,,,,,rand_similar,,,,,,,"ig,bertscore,ot,attention_weighted,dla,attention_standalone,retrieval_mark"
241,bowphs/PhilTa,PhilTa,t5,1,abtt_optimal,hidden,mean,10,0.4170854271356784,0.8944723618090452,0.4170854271356784,,,1020,1022,/projects/beto/irowerojas/localLatin/data/canon/Can.apost.15/C1525.5r.6.txt,/projects/beto/irowerojas/localLatin/data/canon/Can.apost.15/KoeD213.6r.1.txt,Can.apost.15,Can.apost.15,Can.apost.15,pair_example,1,,,,,rand_similar,,,,,,,"ig,bertscore,ot,attention_weighted,dla,attention_standalone,retrieval_mark"
242,bowphs/PhilTa,PhilTa,t5,1,abtt_optimal,hidden,mean,10,0.4170854271356784,0.8944723618090452,0.4170854271356784,,,1175,1177,/projects/beto/irowerojas/localLatin/data/canon/Can.apost.42/Hat42.148v.1.txt,/projects/beto/irowerojas/localLatin/data/canon/Can.apost.42/Vat5845.10r.1.txt,Can.apost.42,Can.apost.42,Can.apost.42,pair_example,1,,,,,rand_similar,,,,,,,"ig,bertscore,ot,attention_weighted,dla,attention_standalone,retrieval_mark"
243,bowphs/PhilTa,PhilTa,t5,1,abtt_optimal,hidden,mean,10,0.4170854271356784,0.8944723618090452,0.4170854271356784,,,1234,1231,/projects/beto/irowerojas/localLatin/data/canon/Can.apost.7/Hat42.144v.2.txt,/projects/beto/irowerojas/localLatin/data/canon/Can.apost.7/BAV1341.7r.1.txt,Can.apost.7,Can.apost.7,Can.apost.7,pair_example,1,,,,,rand_similar,,,,,,,"ig,bertscore,ot,attention_weighted,dla,attention_standalone,retrieval_mark"
244,bowphs/PhilTa,PhilTa,t5,1,abtt_optimal,hidden,mean,10,0.4170854271356784,0.8944723618090452,0.4170854271356784,,,630,628,/projects/beto/irowerojas/localLatin/data/canon/CNEO.315.13/D1723.556.3.txt,/projects/beto/irowerojas/localLatin/data/canon/CNEO.315.13/Brn425.56v.2.txt,CNEO.315.13,CNEO.315.13,CNEO.315.13,pair_example,1,,,,,rand_similar,,,,,,,"ig,bertscore,ot,attention_weighted,dla,attention_standalone,retrieval_mark"
245,bowphs/PhilTa,PhilTa,t5,1,abtt_optimal,hidden,mean,10,0.4170854271356784,0.8944723618090452,0.4170854271356784,,,1211,1214,/projects/beto/irowerojas/localLatin/data/canon/Can.apost.49/C1525.7v.6.txt,/projects/beto/irowerojas/localLatin/data/canon/Can.apost.49/Vat5845.10v.1.txt,Can.apost.49,Can.apost.49,Can.apost.49,pair_example,1,,,,,rand_similar,,,,,,,"ig,bertscore,ot,attention_weighted,dla,attention_standalone,retrieval_mark"
246,bowphs/PhilTa,PhilTa,t5,1,abtt_optimal,hidden,mean,10,0.4170854271356784,0.8944723618090452,0.4170854271356784,,,751,748,/projects/beto/irowerojas/localLatin/data/canon/CNIC.325.4/D1723.557.9.txt,/projects/beto/irowerojas/localLatin/data/canon/CNIC.325.4/BN2123.81v.6.txt,CNIC.325.4,CNIC.325.4,CNIC.325.4,pair_example,1,,,,,rand_similar,,,,,,,"ig,bertscore,ot,attention_weighted,dla,attention_standalone,retrieval_mark"
247,bowphs/PhilTa,PhilTa,t5,1,abtt_optimal,hidden,mean,10,0.4170854271356784,0.8944723618090452,0.4170854271356784,,,1056,1059,/projects/beto/irowerojas/localLatin/data/canon/Can.apost.21/C1525.5v.5.txt,/projects/beto/irowerojas/localLatin/data/canon/Can.apost.21/Vat5845.8r.6.txt,Can.apost.21,Can.apost.21,Can.apost.21,pair_example,1,,,,,rand_similar,,,,,,,"ig,bertscore,ot,attention_weighted,dla,attention_standalone,retrieval_mark"
248,bowphs/PhilTa,PhilTa,t5,1,abtt_optimal,hidden,mean,10,0.4170854271356784,0.8944723618090452,0.4170854271356784,,,997,994,/projects/beto/irowerojas/localLatin/data/canon/Can.apost.10/KoeD213.5v.1.txt,/projects/beto/irowerojas/localLatin/data/canon/Can.apost.10/BN2123.88r.5.txt,Can.apost.10,Can.apost.10,Can.apost.10,pair_example,1,,,,,rand_similar,,,,,,,"ig,bertscore,ot,attention_weighted,dla,attention_standalone,retrieval_mark"
249,bowphs/PhilTa,PhilTa,t5,1,abtt_optimal,hidden,mean,10,0.4170854271356784,0.8944723618090452,0.4170854271356784,,,1104,1101,/projects/beto/irowerojas/localLatin/data/canon/Can.apost.3/Vat5845.7r.6.txt,/projects/beto/irowerojas/localLatin/data/canon/Can.apost.3/C1525.4v.1.txt,Can.apost.3,Can.apost.3,Can.apost.3,pair_example,1,,,,,rand_similar,,,,,,,"ig,bertscore,ot,attention_weighted,dla,attention_standalone,retrieval_mark"
250,bowphs/PhilTa,PhilTa,t5,1,abtt_optimal,hidden,mean,10,0.4170854271356784,0.8944723618090452,0.4170854271356784,,,627,628,/projects/beto/irowerojas/localLatin/data/canon/CNEO.315.13/BN2123.84v.4.txt,/projects/beto/irowerojas/localLatin/data/canon/CNEO.315.13/Brn425.56v.2.txt,CNEO.315.13,CNEO.315.13,CNEO.315.13,pair_example,1,,,,,rand_similar,,,,,,,"ig,bertscore,ot,attention_weighted,dla,attention_standalone,retrieval_mark"
251,bowphs/PhilTa,PhilTa,t5,1,abtt_optimal,hidden,mean,10,0.4170854271356784,0.8944723618090452,0.4170854271356784,,,640,639,/projects/beto/irowerojas/localLatin/data/canon/CNEO.315.2/BN2123.98r.9.txt,/projects/beto/irowerojas/localLatin/data/canon/CNEO.315.2/BAV1341.12v.17.txt,CNEO.315.2,CNEO.315.2,CNEO.315.2,pair_example,1,,,,,rand_similar,,,,,,,"ig,bertscore,ot,attention_weighted,dla,attention_standalone,retrieval_mark"
252,bowphs/PhilTa,PhilTa,t5,1,abtt_optimal,hidden,mean,10,0.4170854271356784,0.8944723618090452,0.4170854271356784,,,612,610,/projects/beto/irowerojas/localLatin/data/canon/CNEO.315.10/Hat42.161v.1.txt,/projects/beto/irowerojas/localLatin/data/canon/CNEO.315.10/C1525.23r.3.txt,CNEO.315.10,CNEO.315.10,CNEO.315.10,pair_example,1,,,,,rand_similar,,,,,,,"ig,bertscore,ot,attention_weighted,dla,attention_standalone,retrieval_mark"
253,bowphs/PhilTa,PhilTa,t5,1,abtt_optimal,hidden,mean,10,0.4170854271356784,0.8944723618090452,0.4170854271356784,,,174,176,/projects/beto/irowerojas/localLatin/data/canon/CANC.314.8/BAV1341.11v.4.txt,/projects/beto/irowerojas/localLatin/data/canon/CANC.314.8/Hat42.157v.3.txt,CANC.314.8,CANC.314.8,CANC.314.8,pair_example,1,,,,,rand_similar,,,,,,,"ig,bertscore,ot,attention_weighted,dla,attention_standalone,retrieval_mark"
254,bowphs/PhilTa,PhilTa,t5,1,abtt_optimal,hidden,mean,10,0.4170854271356784,0.8944723618090452,0.4170854271356784,,,141,142,/projects/beto/irowerojas/localLatin/data/canon/CANC.314.23/D1723.529.4.txt,/projects/beto/irowerojas/localLatin/data/canon/CANC.314.23/Hat42.159v.5.txt,CANC.314.23,CANC.314.23,CANC.314.23,pair_example,1,,,,,rand_similar,,,,,,,"ig,bertscore,ot,attention_weighted,dla,attention_standalone,retrieval_mark"
255,bowphs/PhilTa,PhilTa,t5,1,abtt_optimal,hidden,mean,10,0.4170854271356784,0.8944723618090452,0.4170854271356784,,,699,700,/projects/beto/irowerojas/localLatin/data/canon/CNIC.325.13/Brn425.15v.4.txt,/projects/beto/irowerojas/localLatin/data/canon/CNIC.325.13/C1525.12v.3.txt,CNIC.325.13,CNIC.325.13,CNIC.325.13,pair_example,1,,,,,rand_similar,,,,,,,"ig,bertscore,ot,attention_weighted,dla,attention_standalone,retrieval_mark"
256,bowphs/PhilTa,PhilTa,t5,1,abtt_optimal,hidden,mean,10,0.4170854271356784,0.8944723618090452,0.4170854271356784,,,80,81,/projects/beto/irowerojas/localLatin/data/canon/CANC.314.14/C1525.20v.1.txt,/projects/beto/irowerojas/localLatin/data/canon/CANC.314.14/Hat42.158v.1.txt,CANC.314.14,CANC.314.14,CANC.314.14,pair_example,1,,,,,rand_similar,,,,,,,"ig,bertscore,ot,attention_weighted,dla,attention_standalone,retrieval_mark"
257,bowphs/PhilTa,PhilTa,t5,1,abtt_optimal,hidden,mean,10,0.4170854271356784,0.8944723618090452,0.4170854271356784,,,528,529,/projects/beto/irowerojas/localLatin/data/canon/CGAN.355.7/C1525.25r.4.txt,/projects/beto/irowerojas/localLatin/data/canon/CGAN.355.7/D1723.538.8.txt,CGAN.355.7,CGAN.355.7,CGAN.355.7,pair_example,1,,,,,rand_similar,,,,,,,"ig,bertscore,ot,attention_weighted,dla,attention_standalone,retrieval_mark"
258,bowphs/PhilTa,PhilTa,t5,1,abtt_optimal,hidden,mean,10,0.4170854271356784,0.8944723618090452,0.4170854271356784,,,513,515,/projects/beto/irowerojas/localLatin/data/canon/CGAN.355.4/Brn425.57r.6.txt,/projects/beto/irowerojas/localLatin/data/canon/CGAN.355.4/D1723.557.3.txt,CGAN.355.4,CGAN.355.4,CGAN.355.4,pair_example,1,,,,,rand_similar,,,,,,,"ig,bertscore,ot,attention_weighted,dla,attention_standalone,retrieval_mark"
259,bowphs/PhilTa,PhilTa,t5,1,abtt_optimal,hidden,mean,10,0.4170854271356784,0.8944723618090452,0.4170854271356784,,,1017,1016,/projects/beto/irowerojas/localLatin/data/canon/Can.apost.14/KoeD213.5v.5.txt,/projects/beto/irowerojas/localLatin/data/canon/Can.apost.14/Hat42.145r.4.txt,Can.apost.14,Can.apost.14,Can.apost.14,pair_example,1,,,,,rand_similar,,,,,,,"ig,bertscore,ot,attention_weighted,dla,attention_standalone,retrieval_mark"
260,bowphs/PhilTa,PhilTa,t5,1,abtt_optimal,hidden,mean,10,0.4170854271356784,0.8944723618090452,0.4170854271356784,,,105,103,/projects/beto/irowerojas/localLatin/data/canon/CANC.314.18/KoeD213.24r.2.txt,/projects/beto/irowerojas/localLatin/data/canon/CANC.314.18/D1723.547.5.txt,CANC.314.18,CANC.314.18,CANC.314.18,pair_example,1,,,,,rand_similar,,,,,,,"ig,bertscore,ot,attention_weighted,dla,attention_standalone,retrieval_mark"
261,bowphs/PhilTa,PhilTa,t5,1,abtt_optimal,hidden,mean,10,0.4170854271356784,0.8944723618090452,0.4170854271356784,,,135,133,/projects/beto/irowerojas/localLatin/data/canon/CANC.314.22/D1723.530.7.txt,/projects/beto/irowerojas/localLatin/data/canon/CANC.314.22/Brn425.27r.5.txt,CANC.314.22,CANC.314.22,CANC.314.22,pair_example,1,,,,,rand_similar,,,,,,,"ig,bertscore,ot,attention_weighted,dla,attention_standalone,retrieval_mark"
262,bowphs/PhilTa,PhilTa,t5,1,abtt_optimal,hidden,mean,10,0.4170854271356784,0.8944723618090452,0.4170854271356784,,,245,244,/projects/beto/irowerojas/localLatin/data/canon/CANT.328.21/C1525.30r.1.txt,/projects/beto/irowerojas/localLatin/data/canon/CANT.328.21/Brn425.59r.1.txt,CANT.328.21,CANT.328.21,CANT.328.21,pair_example,1,,,,,rand_similar,,,,,,,"ig,bertscore,ot,attention_weighted,dla,attention_standalone,retrieval_mark"
263,bowphs/PhilTa,PhilTa,t5,1,abtt_optimal,hidden,mean,10,0.4170854271356784,0.8944723618090452,0.4170854271356784,,,696,695,/projects/beto/irowerojas/localLatin/data/canon/CNIC.325.12/Hat42.153r.2.txt,/projects/beto/irowerojas/localLatin/data/canon/CNIC.325.12/D1723.522.3.txt,CNIC.325.12,CNIC.325.12,CNIC.325.12,pair_example,1,,,,,rand_similar,,,,,,,"ig,bertscore,ot,attention_weighted,dla,attention_standalone,retrieval_mark"
264,bowphs/PhilTa,PhilTa,t5,1,abtt_optimal,hidden,mean,10,0.4170854271356784,0.8944723618090452,0.4170854271356784,,,733,732,/projects/beto/irowerojas/localLatin/data/canon/CNIC.325.2/KoeD213.11v.1.txt,/projects/beto/irowerojas/localLatin/data/canon/CNIC.325.2/Hat42.150v.2.txt,CNIC.325.2,CNIC.325.2,CNIC.325.2,pair_example,1,,,,,rand_similar,,,,,,,"ig,bertscore,ot,attention_weighted,dla,attention_standalone,retrieval_mark"
265,bowphs/PhilTa,PhilTa,t5,1,abtt_optimal,hidden,mean,10,0.4170854271356784,0.8944723618090452,0.4170854271356784,,,1056,1058,/projects/beto/irowerojas/localLatin/data/canon/Can.apost.21/C1525.5v.5.txt,/projects/beto/irowerojas/localLatin/data/canon/Can.apost.21/KoeD213.6v.4.txt,Can.apost.21,Can.apost.21,Can.apost.21,pair_example,1,,,,,rand_similar,,,,,,,"ig,bertscore,ot,attention_weighted,dla,attention_standalone,retrieval_mark"
266,bowphs/PhilTa,PhilTa,t5,1,abtt_optimal,hidden,mean,10,0.4170854271356784,0.8944723618090452,0.4170854271356784,,,121,117,/projects/beto/irowerojas/localLatin/data/canon/CANC.314.20/D1723.530.5.txt,/projects/beto/irowerojas/localLatin/data/canon/CANC.314.20/Brn425.21v.3.txt,CANC.314.20,CANC.314.20,CANC.314.20,pair_example,1,,,,,rand_similar,,,,,,,"ig,bertscore,ot,attention_weighted,dla,attention_standalone,retrieval_mark"
267,bowphs/PhilTa,PhilTa,t5,1,abtt_optimal,hidden,mean,10,0.4170854271356784,0.8944723618090452,0.4170854271356784,,,1105,1109,/projects/beto/irowerojas/localLatin/data/canon/Can.apost.30/BAV1341.7r.24.txt,/projects/beto/irowerojas/localLatin/data/canon/Can.apost.30/Vat5845.8v.7.txt,Can.apost.30,Can.apost.30,Can.apost.30,pair_example,1,,,,,rand_similar,,,,,,,"ig,bertscore,ot,attention_weighted,dla,attention_standalone,retrieval_mark"
268,bowphs/PhilTa,PhilTa,t5,1,abtt_optimal,hidden,mean,10,0.4170854271356784,0.8944723618090452,0.4170854271356784,,,86,87,/projects/beto/irowerojas/localLatin/data/canon/CANC.314.15/D1723.525.2.txt,/projects/beto/irowerojas/localLatin/data/canon/CANC.314.15/Hat42.158v.2.txt,CANC.314.15,CANC.314.15,CANC.314.15,pair_example,1,,,,,rand_similar,,,,,,,"ig,bertscore,ot,attention_weighted,dla,attention_standalone,retrieval_mark"
269,bowphs/PhilTa,PhilTa,t5,1,abtt_optimal,hidden,mean,10,0.4170854271356784,0.8944723618090452,0.4170854271356784,,,495,497,/projects/beto/irowerojas/localLatin/data/canon/CGAN.355.17/D1723.531.5.txt,/projects/beto/irowerojas/localLatin/data/canon/CGAN.355.17/KoeD213.30v.2.txt,CGAN.355.17,CGAN.355.17,CGAN.355.17,pair_example,1,,,,,rand_similar,,,,,,,"ig,bertscore,ot,attention_weighted,dla,attention_standalone,retrieval_mark"
270,bowphs/PhilTa,PhilTa,t5,1,abtt_optimal,hidden,mean,10,0.4170854271356784,0.8944723618090452,0.4170854271356784,,,1013,1010,/projects/beto/irowerojas/localLatin/data/canon/Can.apost.13/Vat5845.7v.5.txt,/projects/beto/irowerojas/localLatin/data/canon/Can.apost.13/C1525.5r.4.txt,Can.apost.13,Can.apost.13,Can.apost.13,pair_example,1,,,,,rand_similar,,,,,,,"ig,bertscore,ot,attention_weighted,dla,attention_standalone,retrieval_mark"
271,bowphs/PhilTa,PhilTa,t5,1,abtt_optimal,hidden,mean,10,0.4170854271356784,0.8944723618090452,0.4170854271356784,,,1243,1245,/projects/beto/irowerojas/localLatin/data/canon/Can.apost.9/C1525.4v.7.txt,/projects/beto/irowerojas/localLatin/data/canon/Can.apost.9/KoeD213.5r.5.txt,Can.apost.9,Can.apost.9,Can.apost.9,pair_example,1,,,,,rand_similar,,,,,,,"ig,bertscore,ot,attention_weighted,dla,attention_standalone,retrieval_mark"
272,bowphs/PhilTa,PhilTa,t5,1,abtt_optimal,hidden,mean,10,0.4170854271356784,0.8944723618090452,0.4170854271356784,,,1041,1040,/projects/beto/irowerojas/localLatin/data/canon/Can.apost.19/Hat42.146r.1.txt,/projects/beto/irowerojas/localLatin/data/canon/Can.apost.19/C1525.5v.3.txt,Can.apost.19,Can.apost.19,Can.apost.19,pair_example,1,,,,,rand_similar,,,,,,,"ig,bertscore,ot,attention_weighted,dla,attention_standalone,retrieval_mark"
273,bowphs/PhilTa,PhilTa,t5,1,abtt_optimal,hidden,mean,10,0.4170854271356784,0.8944723618090452,0.4170854271356784,,,686,687,/projects/beto/irowerojas/localLatin/data/canon/CNIC.325.11/BN2123.86v.10.txt,/projects/beto/irowerojas/localLatin/data/canon/CNIC.325.11/Brn425.17v.1.txt,CNIC.325.11,CNIC.325.11,CNIC.325.11,pair_example,1,,,,,rand_similar,,,,,,,"ig,bertscore,ot,attention_weighted,dla,attention_standalone,retrieval_mark"
274,bowphs/PhilTa,PhilTa,t5,1,abtt_optimal,hidden,mean,10,0.4170854271356784,0.8944723618090452,0.4170854271356784,,,1116,1119,/projects/beto/irowerojas/localLatin/data/canon/Can.apost.32/C1525.6r.7.txt,/projects/beto/irowerojas/localLatin/data/canon/Can.apost.32/Vat5845.9r.1.txt,Can.apost.32,Can.apost.32,Can.apost.32,pair_example,1,,,,,rand_similar,,,,,,,"ig,bertscore,ot,attention_weighted,dla,attention_standalone,retrieval_mark"
275,bowphs/PhilTa,PhilTa,t5,1,abtt_optimal,hidden,mean,10,0.4170854271356784,0.8944723618090452,0.4170854271356784,,,256,258,/projects/beto/irowerojas/localLatin/data/canon/CANT.328.24/BAV1341.18r.5.txt,/projects/beto/irowerojas/localLatin/data/canon/CANT.328.24/C1525.30r.4.txt,CANT.328.24,CANT.328.24,CANT.328.24,pair_example,1,,,,,rand_similar,,,,,,,"ig,bertscore,ot,attention_weighted,dla,attention_standalone,retrieval_mark"
276,bowphs/PhilTa,PhilTa,t5,1,abtt_optimal,hidden,mean,10,0.4170854271356784,0.8944723618090452,0.4170854271356784,,,717,716,/projects/beto/irowerojas/localLatin/data/canon/CNIC.325.17/C1525.13r.3.txt,/projects/beto/irowerojas/localLatin/data/canon/CNIC.325.17/BN2123.86r.1.txt,CNIC.325.17,CNIC.325.17,CNIC.325.17,pair_example,1,,,,,rand_similar,,,,,,,"ig,bertscore,ot,attention_weighted,dla,attention_standalone,retrieval_mark"
277,bowphs/PhilTa,PhilTa,t5,1,abtt_optimal,hidden,mean,10,0.4170854271356784,0.8944723618090452,0.4170854271356784,,,1171,1170,/projects/beto/irowerojas/localLatin/data/canon/Can.apost.41/Vat5845.9v.4.txt,/projects/beto/irowerojas/localLatin/data/canon/Can.apost.41/KoeD213.9v.1.txt,Can.apost.41,Can.apost.41,Can.apost.41,pair_example,1,,,,,rand_similar,,,,,,,"ig,bertscore,ot,attention_weighted,dla,attention_standalone,retrieval_mark"
278,bowphs/PhilTa,PhilTa,t5,1,abtt_optimal,hidden,mean,10,0.4170854271356784,0.8944723618090452,0.4170854271356784,,,618,623,/projects/beto/irowerojas/localLatin/data/canon/CNEO.315.12/BAV1341.13r.5.txt,/projects/beto/irowerojas/localLatin/data/canon/CNEO.315.12/Hat42.161v.3.txt,CNEO.315.12,CNEO.315.12,CNEO.315.12,pair_example,1,,,,,rand_similar,,,,,,,"ig,bertscore,ot,attention_weighted,dla,attention_standalone,retrieval_mark"
279,bowphs/PhilTa,PhilTa,t5,1,abtt_optimal,hidden,mean,10,0.4170854271356784,0.8944723618090452,0.4170854271356784,,,98,96,/projects/beto/irowerojas/localLatin/data/canon/CANC.314.17/Hat42.159r.2.txt,/projects/beto/irowerojas/localLatin/data/canon/CANC.314.17/BAV1341.12r.4.txt,CANC.314.17,CANC.314.17,CANC.314.17,pair_example,1,,,,,rand_similar,,,,,,,"ig,bertscore,ot,attention_weighted,dla,attention_standalone,retrieval_mark"
280,bowphs/PhilTa,PhilTa,t5,1,abtt_optimal,hidden,mean,10,0.4170854271356784,0.8944723618090452,0.4170854271356784,,,265,261,/projects/beto/irowerojas/localLatin/data/canon/CANT.328.25/Hat42.173r.1.txt,/projects/beto/irowerojas/localLatin/data/canon/CANT.328.25/BAV1341.18r.6.txt,CANT.328.25,CANT.328.25,CANT.328.25,pair_example,1,,,,,rand_similar,,,,,,,"ig,bertscore,ot,attention_weighted,dla,attention_standalone,retrieval_mark"
281,bowphs/PhilTa,PhilTa,t5,1,abtt_optimal,hidden,mean,10,0.4170854271356784,0.8944723618090452,0.4170854271356784,,,222,224,/projects/beto/irowerojas/localLatin/data/canon/CANT.328.17/C1525.29v.1.txt,/projects/beto/irowerojas/localLatin/data/canon/CANT.328.17/Hat42.171r.3.txt,CANT.328.17,CANT.328.17,CANT.328.17,pair_example,1,,,,,rand_similar,,,,,,,"ig,bertscore,ot,attention_weighted,dla,attention_standalone,retrieval_mark"
282,bowphs/PhilTa,PhilTa,t5,1,abtt_optimal,hidden,mean,10,0.4170854271356784,0.8944723618090452,0.4170854271356784,,,285,284,/projects/beto/irowerojas/localLatin/data/canon/CANT.328.7/Hat42.169r.3.txt,/projects/beto/irowerojas/localLatin/data/canon/CANT.328.7/C1525.28r.4.txt,CANT.328.7,CANT.328.7,CANT.328.7,pair_example,1,,,,,rand_similar,,,,,,,"ig,bertscore,ot,attention_weighted,dla,attention_standalone,retrieval_mark"
283,bowphs/PhilTa,PhilTa,t5,1,abtt_optimal,hidden,mean,10,0.4170854271356784,0.8944723618090452,0.4170854271356784,,,636,635,/projects/beto/irowerojas/localLatin/data/canon/CNEO.315.14/D1723.556.8.txt,/projects/beto/irowerojas/localLatin/data/canon/CNEO.315.14/C1525.23v.1.txt,CNEO.315.14,CNEO.315.14,CNEO.315.14,pair_example,1,,,,,rand_similar,,,,,,,"ig,bertscore,ot,attention_weighted,dla,attention_standalone,retrieval_mark"
284,bowphs/PhilTa,PhilTa,t5,1,abtt_optimal,hidden,mean,10,0.4170854271356784,0.8944723618090452,0.4170854271356784,,,660,664,/projects/beto/irowerojas/localLatin/data/canon/CNEO.315.6/BAV1341.12v.21.txt,/projects/beto/irowerojas/localLatin/data/canon/CNEO.315.6/Hat42.161r.3.txt,CNEO.315.6,CNEO.315.6,CNEO.315.6,pair_example,1,,,,,rand_similar,,,,,,,"ig,bertscore,ot,attention_weighted,dla,attention_standalone,retrieval_mark"
285,bowphs/PhilTa,PhilTa,t5,1,abtt_optimal,hidden,mean,10,0.4170854271356784,0.8944723618090452,0.4170854271356784,,,187,190,/projects/beto/irowerojas/localLatin/data/canon/CANT.328.10/BAV1341.17r.8.txt,/projects/beto/irowerojas/localLatin/data/canon/CANT.328.10/D1723.557.5.txt,CANT.328.10,CANT.328.10,CANT.328.10,pair_example,1,,,,,rand_similar,,,,,,,"ig,bertscore,ot,attention_weighted,dla,attention_standalone,retrieval_mark"
286,bowphs/PhilTa,PhilTa,t5,1,abtt_optimal,hidden,mean,10,0.4170854271356784,0.8944723618090452,0.4170854271356784,,,146,144,/projects/beto/irowerojas/localLatin/data/canon/CANC.314.24/C1525.21v.1.txt,/projects/beto/irowerojas/localLatin/data/canon/CANC.314.24/BAV1341.12v.1.txt,CANC.314.24,CANC.314.24,CANC.314.24,pair_example,1,,,,,rand_similar,,,,,,,"ig,bertscore,ot,attention_weighted,dla,attention_standalone,retrieval_mark"
287,bowphs/PhilTa,PhilTa,t5,1,abtt_optimal,hidden,mean,10,0.4170854271356784,0.8944723618090452,0.4170854271356784,,,1006,1005,/projects/beto/irowerojas/localLatin/data/canon/Can.apost.12/Hat42.145r.2.txt,/projects/beto/irowerojas/localLatin/data/canon/Can.apost.12/C1525.5r.3.txt,Can.apost.12,Can.apost.12,Can.apost.12,pair_example,1,,,,,rand_similar,,,,,,,"ig,bertscore,ot,attention_weighted,dla,attention_standalone,retrieval_mark"
288,bowphs/PhilTa,PhilTa,t5,1,abtt_optimal,hidden,mean,10,0.4170854271356784,0.8944723618090452,0.4170854271356784,,,173,170,/projects/beto/irowerojas/localLatin/data/canon/CANC.314.7/KoeD213.22r.1.txt,/projects/beto/irowerojas/localLatin/data/canon/CANC.314.7/BAV1341.11v.3.txt,CANC.314.7,CANC.314.7,CANC.314.7,pair_example,1,,,,,rand_similar,,,,,,,"ig,bertscore,ot,attention_weighted,dla,attention_standalone,retrieval_mark"
289,bowphs/PhilTa,PhilTa,t5,1,abtt_optimal,hidden,mean,10,0.4170854271356784,0.8944723618090452,0.4170854271356784,,,1217,1219,/projects/beto/irowerojas/localLatin/data/canon/Can.apost.5/Hat42.144r.5.txt,/projects/beto/irowerojas/localLatin/data/canon/Can.apost.5/Vat5845.7r.8.txt,Can.apost.5,Can.apost.5,Can.apost.5,pair_example,1,,,,,rand_similar,,,,,,,"ig,bertscore,ot,attention_weighted,dla,attention_standalone,retrieval_mark"
290,bowphs/PhilTa,PhilTa,t5,1,abtt_optimal,hidden,mean,10,0.4170854271356784,0.8944723618090452,0.4170854271356784,,,1232,1234,/projects/beto/irowerojas/localLatin/data/canon/Can.apost.7/BN2123.87v.4.txt,/projects/beto/irowerojas/localLatin/data/canon/Can.apost.7/Hat42.144v.2.txt,Can.apost.7,Can.apost.7,Can.apost.7,pair_example,1,,,,,rand_similar,,,,,,,"ig,bertscore,ot,attention_weighted,dla,attention_standalone,retrieval_mark"
291,bowphs/PhilTa,PhilTa,t5,1,abtt_optimal,hidden,mean,10,0.4170854271356784,0.8944723618090452,0.4170854271356784,,,1087,1088,/projects/beto/irowerojas/localLatin/data/canon/Can.apost.27/Hat42.146v.2.txt,/projects/beto/irowerojas/localLatin/data/canon/Can.apost.27/KoeD213.7r.2.txt,Can.apost.27,Can.apost.27,Can.apost.27,pair_example,1,,,,,rand_similar,,,,,,,"ig,bertscore,ot,attention_weighted,dla,attention_standalone,retrieval_mark"
292,bowphs/PhilTa,PhilTa,t5,1,abtt_optimal,hidden,mean,10,0.4170854271356784,0.8944723618090452,0.4170854271356784,,,127,124,/projects/beto/irowerojas/localLatin/data/canon/CANC.314.21/C1525.21r.4.txt,/projects/beto/irowerojas/localLatin/data/canon/CANC.314.21/BAV1341.12r.8.txt,CANC.314.21,CANC.314.21,CANC.314.21,pair_example,1,,,,,rand_similar,,,,,,,"ig,bertscore,ot,attention_weighted,dla,attention_standalone,retrieval_mark"
293,bowphs/PhilTa,PhilTa,t5,1,abtt_optimal,hidden,mean,10,0.4170854271356784,0.8944723618090452,0.4170854271356784,,,631,628,/projects/beto/irowerojas/localLatin/data/canon/CNEO.315.13/Hat42.161v.4.txt,/projects/beto/irowerojas/localLatin/data/canon/CNEO.315.13/Brn425.56v.2.txt,CNEO.315.13,CNEO.315.13,CNEO.315.13,pair_example,1,,,,,rand_similar,,,,,,,"ig,bertscore,ot,attention_weighted,dla,attention_standalone,retrieval_mark"
294,bowphs/PhilTa,PhilTa,t5,1,abtt_optimal,hidden,mean,10,0.4170854271356784,0.8944723618090452,0.4170854271356784,,,88,87,/projects/beto/irowerojas/localLatin/data/canon/CANC.314.15/KoeD213.23r.2.txt,/projects/beto/irowerojas/localLatin/data/canon/CANC.314.15/Hat42.158v.2.txt,CANC.314.15,CANC.314.15,CANC.314.15,pair_example,1,,,,,rand_similar,,,,,,,"ig,bertscore,ot,attention_weighted,dla,attention_standalone,retrieval_mark"
295,bowphs/PhilTa,PhilTa,t5,1,abtt_optimal,hidden,mean,10,0.4170854271356784,0.8944723618090452,0.4170854271356784,,,655,652,/projects/beto/irowerojas/localLatin/data/canon/CNEO.315.4/KoeD213.25v.4.txt,/projects/beto/irowerojas/localLatin/data/canon/CNEO.315.4/BAV1341.12v.19.txt,CNEO.315.4,CNEO.315.4,CNEO.315.4,pair_example,1,,,,,rand_similar,,,,,,,"ig,bertscore,ot,attention_weighted,dla,attention_standalone,retrieval_mark"
296,bowphs/PhilTa,PhilTa,t5,1,abtt_optimal,hidden,mean,10,0.4170854271356784,0.8944723618090452,0.4170854271356784,,,531,529,/projects/beto/irowerojas/localLatin/data/canon/CGAN.355.7/KoeD213.29v.5.txt,/projects/beto/irowerojas/localLatin/data/canon/CGAN.355.7/D1723.538.8.txt,CGAN.355.7,CGAN.355.7,CGAN.355.7,pair_example,1,,,,,rand_similar,,,,,,,"ig,bertscore,ot,attention_weighted,dla,attention_standalone,retrieval_mark"
297,bowphs/PhilTa,PhilTa,t5,1,abtt_optimal,hidden,mean,10,0.4170854271356784,0.8944723618090452,0.4170854271356784,,,127,128,/projects/beto/irowerojas/localLatin/data/canon/CANC.314.21/C1525.21r.4.txt,/projects/beto/irowerojas/localLatin/data/canon/CANC.314.21/D1723.530.6.txt,CANC.314.21,CANC.314.21,CANC.314.21,pair_example,1,,,,,rand_similar,,,,,,,"ig,bertscore,ot,attention_weighted,dla,attention_standalone,retrieval_mark"
298,bowphs/PhilTa,PhilTa,t5,1,abtt_optimal,hidden,mean,10,0.4170854271356784,0.8944723618090452,0.4170854271356784,,,1197,1195,/projects/beto/irowerojas/localLatin/data/canon/Can.apost.46/Vat5845.10r.5.txt,/projects/beto/irowerojas/localLatin/data/canon/Can.apost.46/Hat42.148v.5.txt,Can.apost.46,Can.apost.46,Can.apost.46,pair_example,1,,,,,rand_similar,,,,,,,"ig,bertscore,ot,attention_weighted,dla,attention_standalone,retrieval_mark"
299,bowphs/PhilTa,PhilTa,t5,1,abtt_optimal,hidden,mean,10,0.4170854271356784,0.8944723618090452,0.4170854271356784,,,734,737,/projects/beto/irowerojas/localLatin/data/canon/CNIC.325.20/BN2123.97r.10.txt,/projects/beto/irowerojas/localLatin/data/canon/CNIC.325.20/KoeD213.16r.2.txt,CNIC.325.20,CNIC.325.20,CNIC.325.20,pair_example,1,,,,,rand_similar,,,,,,,"ig,bertscore,ot,attention_weighted,dla,attention_standalone,retrieval_mark"
300,bowphs/PhilTa,PhilTa,t5,1,abtt_optimal,hidden,mean,10,0.4170854271356784,0.8944723618090452,0.4170854271356784,,,399,400,/projects/beto/irowerojas/localLatin/data/canon/CCHA.451.10/BN2123.85r.5.txt,/projects/beto/irowerojas/localLatin/data/canon/CCHA.451.10/Brn425.57r.7.txt,CCHA.451.10,CCHA.451.10,CCHA.451.10,pair_example,1,,,,,rand_similar,,,,,,,"ig,bertscore,ot,attention_weighted,dla,attention_standalone,retrieval_mark"
301,bowphs/PhilTa,PhilTa,t5,1,abtt_optimal,hidden,mean,10,0.4170854271356784,0.8944723618090452,0.4170854271356784,,,288,290,/projects/beto/irowerojas/localLatin/data/canon/CANT.328.8/BN2123.86v.4.txt,/projects/beto/irowerojas/localLatin/data/canon/CANT.328.8/C1525.28r.5.txt,CANT.328.8,CANT.328.8,CANT.328.8,pair_example,1,,,,,rand_similar,,,,,,,"ig,bertscore,ot,attention_weighted,dla,attention_standalone,retrieval_mark"
302,bowphs/PhilTa,PhilTa,t5,1,abtt_optimal,hidden,mean,10,0.4170854271356784,0.8944723618090452,0.4170854271356784,,,1203,1208,/projects/beto/irowerojas/localLatin/data/canon/Can.apost.48/BAV1341.7v.18.txt,/projects/beto/irowerojas/localLatin/data/canon/Can.apost.48/Vat5845.10r.7.txt,Can.apost.48,Can.apost.48,Can.apost.48,pair_example,1,,,,,rand_similar,,,,,,,"ig,bertscore,ot,attention_weighted,dla,attention_standalone,retrieval_mark"
303,bowphs/PhilTa,PhilTa,t5,1,abtt_optimal,hidden,mean,10,0.4170854271356784,0.8944723618090452,0.4170854271356784,,,277,281,/projects/beto/irowerojas/localLatin/data/canon/CANT.328.6/BAV1341.17r.4.txt,/projects/beto/irowerojas/localLatin/data/canon/CANT.328.6/Hat42.169r.2.txt,CANT.328.6,CANT.328.6,CANT.328.6,pair_example,1,,,,,rand_similar,,,,,,,"ig,bertscore,ot,attention_weighted,dla,attention_standalone,retrieval_mark"
304,bowphs/PhilTa,PhilTa,t5,1,abtt_optimal,hidden,mean,10,0.4170854271356784,0.8944723618090452,0.4170854271356784,,,289,290,/projects/beto/irowerojas/localLatin/data/canon/CANT.328.8/Brn425.64r.1.txt,/projects/beto/irowerojas/localLatin/data/canon/CANT.328.8/C1525.28r.5.txt,CANT.328.8,CANT.328.8,CANT.328.8,pair_example,1,,,,,rand_similar,,,,,,,"ig,bertscore,ot,attention_weighted,dla,attention_standalone,retrieval_mark"
305,bowphs/PhilTa,PhilTa,t5,1,abtt_optimal,hidden,mean,10,0.4170854271356784,0.8944723618090452,0.4170854271356784,,,235,234,/projects/beto/irowerojas/localLatin/data/canon/CANT.328.2/C1525.27v.1.txt,/projects/beto/irowerojas/localLatin/data/canon/CANT.328.2/BN2123.92r.7.txt,CANT.328.2,CANT.328.2,CANT.328.2,pair_example,1,,,,,rand_similar,,,,,,,"ig,bertscore,ot,attention_weighted,dla,attention_standalone,retrieval_mark"
306,bowphs/PhilTa,PhilTa,t5,1,abtt_optimal,hidden,mean,10,0.4170854271356784,0.8944723618090452,0.4170854271356784,,,133,131,/projects/beto/irowerojas/localLatin/data/canon/CANC.314.22/Brn425.27r.5.txt,/projects/beto/irowerojas/localLatin/data/canon/CANC.314.22/BAV1341.12r.9.txt,CANC.314.22,CANC.314.22,CANC.314.22,pair_example,1,,,,,rand_similar,,,,,,,"ig,bertscore,ot,attention_weighted,dla,attention_standalone,retrieval_mark"
307,bowphs/PhilTa,PhilTa,t5,1,abtt_optimal,hidden,mean,10,0.4170854271356784,0.8944723618090452,0.4170854271356784,,,1090,1092,/projects/beto/irowerojas/localLatin/data/canon/Can.apost.28/BAV1341.7r.22.txt,/projects/beto/irowerojas/localLatin/data/canon/Can.apost.28/Hat42.146v.3.txt,Can.apost.28,Can.apost.28,Can.apost.28,pair_example,1,,,,,rand_similar,,,,,,,"ig,bertscore,ot,attention_weighted,dla,attention_standalone,retrieval_mark"
308,bowphs/PhilTa,PhilTa,t5,1,abtt_optimal,hidden,mean,10,0.4170854271356784,0.8944723618090452,0.4170854271356784,,,755,754,/projects/beto/irowerojas/localLatin/data/canon/CNIC.325.5/C1525.11v.2.txt,/projects/beto/irowerojas/localLatin/data/canon/CNIC.325.5/BN2123.76r.3.txt,CNIC.325.5,CNIC.325.5,CNIC.325.5,pair_example,1,,,,,rand_similar,,,,,,,"ig,bertscore,ot,attention_weighted,dla,attention_standalone,retrieval_mark"
309,bowphs/PhilTa,PhilTa,t5,1,abtt_optimal,hidden,mean,10,0.4170854271356784,0.8944723618090452,0.4170854271356784,,,1231,1232,/projects/beto/irowerojas/localLatin/data/canon/Can.apost.7/BAV1341.7r.1.txt,/projects/beto/irowerojas/localLatin/data/canon/Can.apost.7/BN2123.87v.4.txt,Can.apost.7,Can.apost.7,Can.apost.7,pair_example,1,,,,,rand_similar,,,,,,,"ig,bertscore,ot,attention_weighted,dla,attention_standalone,retrieval_mark"
310,bowphs/PhilTa,PhilTa,t5,1,abtt_optimal,hidden,mean,10,0.4170854271356784,0.8944723618090452,0.4170854271356784,,,712,710,/projects/beto/irowerojas/localLatin/data/canon/CNIC.325.16/C1525.13r.2.txt,/projects/beto/irowerojas/localLatin/data/canon/CNIC.325.16/BN2123.85v.7.txt,CNIC.325.16,CNIC.325.16,CNIC.325.16,pair_example,1,,,,,rand_similar,,,,,,,"ig,bertscore,ot,attention_weighted,dla,attention_standalone,retrieval_mark"
311,bowphs/PhilTa,PhilTa,t5,1,abtt_optimal,hidden,mean,10,0.4170854271356784,0.8944723618090452,0.4170854271356784,,,65,60,/projects/beto/irowerojas/localLatin/data/canon/CANC.314.10/KoeD213.22v.1.txt,/projects/beto/irowerojas/localLatin/data/canon/CANC.314.10/BAV1341.11v.6.txt,CANC.314.10,CANC.314.10,CANC.314.10,pair_example,1,,,,,rand_similar,,,,,,,"ig,bertscore,ot,attention_weighted,dla,attention_standalone,retrieval_mark"
312,bowphs/PhilTa,PhilTa,t5,1,abtt_optimal,hidden,mean,10,0.4170854271356784,0.8944723618090452,0.4170854271356784,,,670,674,/projects/beto/irowerojas/localLatin/data/canon/CNEO.315.8/BAV1341.13r.1.txt,/projects/beto/irowerojas/localLatin/data/canon/CNEO.315.8/KoeD213.26r.4.txt,CNEO.315.8,CNEO.315.8,CNEO.315.8,pair_example,1,,,,,rand_similar,,,,,,,"ig,bertscore,ot,attention_weighted,dla,attention_standalone,retrieval_mark"
313,bowphs/PhilTa,PhilTa,t5,1,abtt_optimal,hidden,mean,10,0.4170854271356784,0.8944723618090452,0.4170854271356784,,,1111,1114,/projects/beto/irowerojas/localLatin/data/canon/Can.apost.31/C1525.6r.6.txt,/projects/beto/irowerojas/localLatin/data/canon/Can.apost.31/Vat5845.8v.8.txt,Can.apost.31,Can.apost.31,Can.apost.31,pair_example,1,,,,,rand_similar,,,,,,,"ig,bertscore,ot,attention_weighted,dla,attention_standalone,retrieval_mark"
314,bowphs/PhilTa,PhilTa,t5,1,abtt_optimal,hidden,mean,10,0.4170854271356784,0.8944723618090452,0.4170854271356784,,,720,724,/projects/beto/irowerojas/localLatin/data/canon/CNIC.325.18/BN2123.86r.2.txt,/projects/beto/irowerojas/localLatin/data/canon/CNIC.325.18/KoeD213.14v.2.txt,CNIC.325.18,CNIC.325.18,CNIC.325.18,pair_example,1,,,,,rand_similar,,,,,,,"ig,bertscore,ot,attention_weighted,dla,attention_standalone,retrieval_mark"
315,bowphs/PhilTa,PhilTa,t5,1,abtt_optimal,hidden,mean,10,0.4170854271356784,0.8944723618090452,0.4170854271356784,,,532,535,/projects/beto/irowerojas/localLatin/data/canon/CGAN.355.8/Brn425.36r.6.txt,/projects/beto/irowerojas/localLatin/data/canon/CGAN.355.8/Hat42.165r.1.txt,CGAN.355.8,CGAN.355.8,CGAN.355.8,pair_example,1,,,,,rand_similar,,,,,,,"ig,bertscore,ot,attention_weighted,dla,attention_standalone,retrieval_mark"
316,bowphs/PhilTa,PhilTa,t5,1,abtt_optimal,hidden,mean,10,0.4170854271356784,0.8944723618090452,0.4170854271356784,,,665,664,/projects/beto/irowerojas/localLatin/data/canon/CNEO.315.6/KoeD213.26r.2.txt,/projects/beto/irowerojas/localLatin/data/canon/CNEO.315.6/Hat42.161r.3.txt,CNEO.315.6,CNEO.315.6,CNEO.315.6,pair_example,1,,,,,rand_similar,,,,,,,"ig,bertscore,ot,attention_weighted,dla,attention_standalone,retrieval_mark"
317,bowphs/PhilTa,PhilTa,t5,1,abtt_optimal,hidden,mean,10,0.4170854271356784,0.8944723618090452,0.4170854271356784,,,1027,1028,/projects/beto/irowerojas/localLatin/data/canon/Can.apost.16/KoeD213.6r.2.txt,/projects/beto/irowerojas/localLatin/data/canon/Can.apost.16/Vat5845.8r.1.txt,Can.apost.16,Can.apost.16,Can.apost.16,pair_example,1,,,,,rand_similar,,,,,,,"ig,bertscore,ot,attention_weighted,dla,attention_standalone,retrieval_mark"
318,bowphs/PhilTa,PhilTa,t5,1,abtt_optimal,hidden,mean,10,0.4170854271356784,0.8944723618090452,0.4170854271356784,,,110,106,/projects/beto/irowerojas/localLatin/data/canon/CANC.314.19/Hat42.159v.1.txt,/projects/beto/irowerojas/localLatin/data/canon/CANC.314.19/BAV1341.12r.6.txt,CANC.314.19,CANC.314.19,CANC.314.19,pair_example,1,,,,,rand_similar,,,,,,,"ig,bertscore,ot,attention_weighted,dla,attention_standalone,retrieval_mark"
319,bowphs/PhilTa,PhilTa,t5,1,abtt_optimal,hidden,mean,10,0.4170854271356784,0.8944723618090452,0.4170854271356784,,,1072,1073,/projects/beto/irowerojas/localLatin/data/canon/Can.apost.24/Hat42.146r.6.txt,/projects/beto/irowerojas/localLatin/data/canon/Can.apost.24/KoeD213.6v.7.txt,Can.apost.24,Can.apost.24,Can.apost.24,pair_example,1,,,,,rand_similar,,,,,,,"ig,bertscore,ot,attention_weighted,dla,attention_standalone,retrieval_mark"
320,bowphs/PhilTa,PhilTa,t5,1,abtt_optimal,hidden,mean,10,0.4170854271356784,0.8944723618090452,0.4170854271356784,,,145,146,/projects/beto/irowerojas/localLatin/data/canon/CANC.314.24/Brn425.21v.4.txt,/projects/beto/irowerojas/localLatin/data/canon/CANC.314.24/C1525.21v.1.txt,CANC.314.24,CANC.314.24,CANC.314.24,pair_example,1,,,,,rand_similar,,,,,,,"ig,bertscore,ot,attention_weighted,dla,attention_standalone,retrieval_mark"
321,bowphs/PhilTa,PhilTa,t5,1,abtt_optimal,hidden,mean,10,0.4170854271356784,0.8944723618090452,0.4170854271356784,,,1003,999,/projects/beto/irowerojas/localLatin/data/canon/Can.apost.11/Vat5845.7v.3.txt,/projects/beto/irowerojas/localLatin/data/canon/Can.apost.11/BAV1341.7r.5.txt,Can.apost.11,Can.apost.11,Can.apost.11,pair_example,1,,,,,rand_similar,,,,,,,"ig,bertscore,ot,attention_weighted,dla,attention_standalone,retrieval_mark"
322,bowphs/PhilTa,PhilTa,t5,1,abtt_optimal,hidden,mean,10,0.4170854271356784,0.8944723618090452,0.4170854271356784,,,232,230,/projects/beto/irowerojas/localLatin/data/canon/CANT.328.19/Hat42.171v.2.txt,/projects/beto/irowerojas/localLatin/data/canon/CANT.328.19/C1525.29v.3.txt,CANT.328.19,CANT.328.19,CANT.328.19,pair_example,1,,,,,rand_similar,,,,,,,"ig,bertscore,ot,attention_weighted,dla,attention_standalone,retrieval_mark"
323,bowphs/PhilTa,PhilTa,t5,1,abtt_optimal,hidden,mean,10,0.4170854271356784,0.8944723618090452,0.4170854271356784,,,288,289,/projects/beto/irowerojas/localLatin/data/canon/CANT.328.8/BN2123.86v.4.txt,/projects/beto/irowerojas/localLatin/data/canon/CANT.328.8/Brn425.64r.1.txt,CANT.328.8,CANT.328.8,CANT.328.8,pair_example,1,,,,,rand_similar,,,,,,,"ig,bertscore,ot,attention_weighted,dla,attention_standalone,retrieval_mark"
324,bowphs/PhilTa,PhilTa,t5,1,abtt_optimal,hidden,mean,10,0.4170854271356784,0.8944723618090452,0.4170854271356784,,,347,346,/projects/beto/irowerojas/localLatin/data/canon/CARL.501?.25/Brn425.31v.4.txt,/projects/beto/irowerojas/localLatin/data/canon/CARL.501?.25/Brn425.14r.1.txt,CARL.501?.25,CARL.501?.25,CARL.501?.25,pair_example,1,,,,,rand_similar,,,,,,,"ig,bertscore,ot,attention_weighted,dla,attention_standalone,retrieval_mark"
325,bowphs/PhilTa,PhilTa,t5,1,abtt_optimal,hidden,mean,10,0.4170854271356784,0.8944723618090452,0.4170854271356784,,,1144,1143,/projects/beto/irowerojas/localLatin/data/canon/Can.apost.37/KoeD213.8r.3.txt,/projects/beto/irowerojas/localLatin/data/canon/Can.apost.37/Hat42.147v.2.txt,Can.apost.37,Can.apost.37,Can.apost.37,pair_example,1,,,,,rand_similar,,,,,,,"ig,bertscore,ot,attention_weighted,dla,attention_standalone,retrieval_mark"
326,bowphs/PhilTa,PhilTa,t5,1,abtt_optimal,hidden,mean,10,0.4170854271356784,0.8944723618090452,0.4170854271356784,,,1143,1141,/projects/beto/irowerojas/localLatin/data/canon/Can.apost.37/Hat42.147v.2.txt,/projects/beto/irowerojas/localLatin/data/canon/Can.apost.37/BN2123.84v.8.txt,Can.apost.37,Can.apost.37,Can.apost.37,pair_example,1,,,,,rand_similar,,,,,,,"ig,bertscore,ot,attention_weighted,dla,attention_standalone,retrieval_mark"
327,bowphs/PhilTa,PhilTa,t5,1,abtt_optimal,hidden,mean,10,0.4170854271356784,0.8944723618090452,0.4170854271356784,,,1168,1170,/projects/beto/irowerojas/localLatin/data/canon/Can.apost.41/Hat42.148r.3.txt,/projects/beto/irowerojas/localLatin/data/canon/Can.apost.41/KoeD213.9v.1.txt,Can.apost.41,Can.apost.41,Can.apost.41,pair_example,1,,,,,rand_similar,,,,,,,"ig,bertscore,ot,attention_weighted,dla,attention_standalone,retrieval_mark"
328,bowphs/PhilTa,PhilTa,t5,1,abtt_optimal,hidden,mean,10,0.4170854271356784,0.8944723618090452,0.4170854271356784,,,242,237,/projects/beto/irowerojas/localLatin/data/canon/CANT.328.20/Hat42.172r.1.txt,/projects/beto/irowerojas/localLatin/data/canon/CANT.328.20/BAV1341.18r.1.txt,CANT.328.20,CANT.328.20,CANT.328.20,pair_example,1,,,,,rand_similar,,,,,,,"ig,bertscore,ot,attention_weighted,dla,attention_standalone,retrieval_mark"
329,bowphs/PhilTa,PhilTa,t5,1,abtt_optimal,hidden,mean,10,0.4170854271356784,0.8944723618090452,0.4170854271356784,,,772,769,/projects/beto/irowerojas/localLatin/data/canon/CNIC.325.9/Hat42.152v.1.txt,/projects/beto/irowerojas/localLatin/data/canon/CNIC.325.9/Brn425.20r.2.txt,CNIC.325.9,CNIC.325.9,CNIC.325.9,pair_example,1,,,,,rand_similar,,,,,,,"ig,bertscore,ot,attention_weighted,dla,attention_standalone,retrieval_mark"
330,bowphs/PhilTa,PhilTa,t5,1,abtt_optimal,hidden,mean,10,0.4170854271356784,0.8944723618090452,0.4170854271356784,,,665,660,/projects/beto/irowerojas/localLatin/data/canon/CNEO.315.6/KoeD213.26r.2.txt,/projects/beto/irowerojas/localLatin/data/canon/CNEO.315.6/BAV1341.12v.21.txt,CNEO.315.6,CNEO.315.6,CNEO.315.6,pair_example,1,,,,,rand_similar,,,,,,,"ig,bertscore,ot,attention_weighted,dla,attention_standalone,retrieval_mark"
331,bowphs/PhilTa,PhilTa,t5,1,abtt_optimal,hidden,mean,10,0.4170854271356784,0.8944723618090452,0.4170854271356784,,,836,837,/projects/beto/irowerojas/localLatin/data/canon/CORL.511.2/BAV1341.54v.17.txt,/projects/beto/irowerojas/localLatin/data/canon/CORL.511.2/BN2123.98r.3.txt,CORL.511.2,CORL.511.2,CORL.511.2,pair_example,1,,,,,rand_similar,,,,,,,"ig,bertscore,ot,attention_weighted,dla,attention_standalone,retrieval_mark"
332,bowphs/PhilTa,PhilTa,t5,1,abtt_optimal,hidden,mean,10,0.4170854271356784,0.8944723618090452,0.4170854271356784,,,848,849,/projects/beto/irowerojas/localLatin/data/canon/CORL.511.25/BAV1341.55r.12.txt,/projects/beto/irowerojas/localLatin/data/canon/CORL.511.25/BN2123.90r.7.txt,CORL.511.25,CORL.511.25,CORL.511.25,pair_example,1,,,,,rand_similar,,,,,,,"ig,bertscore,ot,attention_weighted,dla,attention_standalone,retrieval_mark"
333,bowphs/PhilTa,PhilTa,t5,1,abtt_optimal,hidden,mean,10,0.4170854271356784,0.8944723618090452,0.4170854271356784,,,1037,1036,/projects/beto/irowerojas/localLatin/data/canon/Can.apost.18/KoeD213.6v.1.txt,/projects/beto/irowerojas/localLatin/data/canon/Can.apost.18/Hat42.145v.4.txt,Can.apost.18,Can.apost.18,Can.apost.18,pair_example,1,,,,,rand_similar,,,,,,,"ig,bertscore,ot,attention_weighted,dla,attention_standalone,retrieval_mark"
334,bowphs/PhilTa,PhilTa,t5,1,abtt_optimal,hidden,mean,10,0.4170854271356784,0.8944723618090452,0.4170854271356784,,,604,601,/projects/beto/irowerojas/localLatin/data/canon/CNEO.315.1/C1525.22v.1.txt,/projects/beto/irowerojas/localLatin/data/canon/CNEO.315.1/BAV1341.12v.16.txt,CNEO.315.1,CNEO.315.1,CNEO.315.1,pair_example,1,,,,,rand_similar,,,,,,,"ig,bertscore,ot,attention_weighted,dla,attention_standalone,retrieval_mark"
335,bowphs/PhilTa,PhilTa,t5,1,abtt_optimal,hidden,mean,10,0.4170854271356784,0.8944723618090452,0.4170854271356784,,,760,758,/projects/beto/irowerojas/localLatin/data/canon/CNIC.325.6/Hat42.152r.1.txt,/projects/beto/irowerojas/localLatin/data/canon/CNIC.325.6/BN2123.81r.6.txt,CNIC.325.6,CNIC.325.6,CNIC.325.6,pair_example,1,,,,,rand_similar,,,,,,,"ig,bertscore,ot,attention_weighted,dla,attention_standalone,retrieval_mark"
336,bowphs/PhilTa,PhilTa,t5,1,abtt_optimal,hidden,mean,10,0.4170854271356784,0.8944723618090452,0.4170854271356784,,,109,110,/projects/beto/irowerojas/localLatin/data/canon/CANC.314.19/D1723.525.4.txt,/projects/beto/irowerojas/localLatin/data/canon/CANC.314.19/Hat42.159v.1.txt,CANC.314.19,CANC.314.19,CANC.314.19,pair_example,1,,,,,rand_similar,,,,,,,"ig,bertscore,ot,attention_weighted,dla,attention_standalone,retrieval_mark"
337,bowphs/PhilTa,PhilTa,t5,1,abtt_optimal,hidden,mean,10,0.4170854271356784,0.8944723618090452,0.4170854271356784,,,1123,1120,/projects/beto/irowerojas/localLatin/data/canon/Can.apost.33/KoeD213.7v.3.txt,/projects/beto/irowerojas/localLatin/data/canon/Can.apost.33/BAV1341.7v.3.txt,Can.apost.33,Can.apost.33,Can.apost.33,pair_example,1,,,,,rand_similar,,,,,,,"ig,bertscore,ot,attention_weighted,dla,attention_standalone,retrieval_mark"
338,bowphs/PhilTa,PhilTa,t5,1,abtt_optimal,hidden,mean,10,0.4170854271356784,0.8944723618090452,0.4170854271356784,,,104,105,/projects/beto/irowerojas/localLatin/data/canon/CANC.314.18/Hat42.159r.3.txt,/projects/beto/irowerojas/localLatin/data/canon/CANC.314.18/KoeD213.24r.2.txt,CANC.314.18,CANC.314.18,CANC.314.18,pair_example,1,,,,,rand_similar,,,,,,,"ig,bertscore,ot,attention_weighted,dla,attention_standalone,retrieval_mark"
339,bowphs/PhilTa,PhilTa,t5,1,abtt_optimal,hidden,mean,10,0.4170854271356784,0.8944723618090452,0.4170854271356784,,,712,713,/projects/beto/irowerojas/localLatin/data/canon/CNIC.325.16/C1525.13r.2.txt,/projects/beto/irowerojas/localLatin/data/canon/CNIC.325.16/D1723.556.6.txt,CNIC.325.16,CNIC.325.16,CNIC.325.16,pair_example,1,,,,,rand_similar,,,,,,,"ig,bertscore,ot,attention_weighted,dla,attention_standalone,retrieval_mark"
340,bowphs/PhilTa,PhilTa,t5,1,abtt_optimal,hidden,mean,10,0.4170854271356784,0.8944723618090452,0.4170854271356784,,,156,161,/projects/beto/irowerojas/localLatin/data/canon/CANC.314.4/BAV1341.11r.13.txt,/projects/beto/irowerojas/localLatin/data/canon/CANC.314.4/KoeD213.21r.1.txt,CANC.314.4,CANC.314.4,CANC.314.4,pair_example,1,,,,,rand_similar,,,,,,,"ig,bertscore,ot,attention_weighted,dla,attention_standalone,retrieval_mark"
341,bowphs/PhilTa,PhilTa,t5,1,abtt_optimal,hidden,mean,10,0.4170854271356784,0.8944723618090452,0.4170854271356784,,,854,855,/projects/beto/irowerojas/localLatin/data/canon/CORL.511.26/Brn425.43v.2.txt,/projects/beto/irowerojas/localLatin/data/canon/CORL.511.26/D1723.544.5.txt,CORL.511.26,CORL.511.26,CORL.511.26,pair_example,1,,,,,rand_similar,,,,,,,"ig,bertscore,ot,attention_weighted,dla,attention_standalone,retrieval_mark"
342,bowphs/PhilTa,PhilTa,t5,1,abtt_optimal,hidden,mean,10,0.4170854271356784,0.8944723618090452,0.4170854271356784,,,1228,1225,/projects/beto/irowerojas/localLatin/data/canon/Can.apost.6/Hat42.144v.1.txt,/projects/beto/irowerojas/localLatin/data/canon/Can.apost.6/BAV1341.6v.56.txt,Can.apost.6,Can.apost.6,Can.apost.6,pair_example,1,,,,,rand_similar,,,,,,,"ig,bertscore,ot,attention_weighted,dla,attention_standalone,retrieval_mark"
343,bowphs/PhilTa,PhilTa,t5,1,abtt_optimal,hidden,mean,10,0.4170854271356784,0.8944723618090452,0.4170854271356784,,,161,155,/projects/beto/irowerojas/localLatin/data/canon/CANC.314.4/KoeD213.21r.1.txt,/projects/beto/irowerojas/localLatin/data/canon/CANC.314.4/BAV1341.11r.12.txt,CANC.314.4,CANC.314.4,CANC.314.4,pair_example,1,,,,,rand_similar,,,,,,,"ig,bertscore,ot,attention_weighted,dla,attention_standalone,retrieval_mark"
344,bowphs/PhilTa,PhilTa,t5,1,abtt_optimal,hidden,mean,10,0.4170854271356784,0.8944723618090452,0.4170854271356784,,,647,651,/projects/beto/irowerojas/localLatin/data/canon/CNEO.315.3/Brn425.24v.2.txt,/projects/beto/irowerojas/localLatin/data/canon/CNEO.315.3/KoeD213.25v.3.txt,CNEO.315.3,CNEO.315.3,CNEO.315.3,pair_example,1,,,,,rand_similar,,,,,,,"ig,bertscore,ot,attention_weighted,dla,attention_standalone,retrieval_mark"
345,bowphs/PhilTa,PhilTa,t5,1,abtt_optimal,hidden,mean,10,0.4170854271356784,0.8944723618090452,0.4170854271356784,,,59,56,/projects/beto/irowerojas/localLatin/data/canon/CANC.314.1/KoeD213.20r.1.txt,/projects/beto/irowerojas/localLatin/data/canon/CANC.314.1/BAV1341.11r.9.txt,CANC.314.1,CANC.314.1,CANC.314.1,pair_example,1,,,,,rand_similar,,,,,,,"ig,bertscore,ot,attention_weighted,dla,attention_standalone,retrieval_mark"
346,bowphs/PhilTa,PhilTa,t5,1,abtt_optimal,hidden,mean,10,0.4170854271356784,0.8944723618090452,0.4170854271356784,,,116,117,/projects/beto/irowerojas/localLatin/data/canon/CANC.314.20/BAV1341.12r.7.txt,/projects/beto/irowerojas/localLatin/data/canon/CANC.314.20/Brn425.21v.3.txt,CANC.314.20,CANC.314.20,CANC.314.20,pair_example,1,,,,,rand_similar,,,,,,,"ig,bertscore,ot,attention_weighted,dla,attention_standalone,retrieval_mark"
347,bowphs/PhilTa,PhilTa,t5,1,abtt_optimal,hidden,mean,10,0.4170854271356784,0.8944723618090452,0.4170854271356784,,,1029,1033,/projects/beto/irowerojas/localLatin/data/canon/Can.apost.17/BAV1341.7r.11.txt,/projects/beto/irowerojas/localLatin/data/canon/Can.apost.17/Vat5845.8r.2.txt,Can.apost.17,Can.apost.17,Can.apost.17,pair_example,1,,,,,rand_similar,,,,,,,"ig,bertscore,ot,attention_weighted,dla,attention_standalone,retrieval_mark"
348,bowphs/PhilTa,PhilTa,t5,1,abtt_optimal,hidden,mean,10,0.4170854271356784,0.8944723618090452,0.4170854271356784,,,1075,1078,/projects/beto/irowerojas/localLatin/data/canon/Can.apost.25/BAV1341.7r.19.txt,/projects/beto/irowerojas/localLatin/data/canon/Can.apost.25/KoeD213.6v.8.txt,Can.apost.25,Can.apost.25,Can.apost.25,pair_example,1,,,,,rand_similar,,,,,,,"ig,bertscore,ot,attention_weighted,dla,attention_standalone,retrieval_mark"
349,bowphs/PhilTa,PhilTa,t5,1,abtt_optimal,hidden,mean,10,0.4170854271356784,0.8944723618090452,0.4170854271356784,,,61,60,/projects/beto/irowerojas/localLatin/data/canon/CANC.314.10/Brn425.23v.4.txt,/projects/beto/irowerojas/localLatin/data/canon/CANC.314.10/BAV1341.11v.6.txt,CANC.314.10,CANC.314.10,CANC.314.10,pair_example,1,,,,,rand_similar,,,,,,,"ig,bertscore,ot,attention_weighted,dla,attention_standalone,retrieval_mark"
350,bowphs/PhilTa,PhilTa,t5,1,abtt_optimal,hidden,mean,10,0.4170854271356784,0.8944723618090452,0.4170854271356784,,,474,475,/projects/beto/irowerojas/localLatin/data/canon/CGAN.355.11/D1723.538.10.txt,/projects/beto/irowerojas/localLatin/data/canon/CGAN.355.11/Hat42.165r.4.txt,CGAN.355.11,CGAN.355.11,CGAN.355.11,pair_example,1,,,,,rand_similar,,,,,,,"ig,bertscore,ot,attention_weighted,dla,attention_standalone,retrieval_mark"
351,bowphs/PhilTa,PhilTa,t5,1,abtt_optimal,hidden,mean,10,0.4170854271356784,0.8944723618090452,0.4170854271356784,,,725,727,/projects/beto/irowerojas/localLatin/data/canon/CNIC.325.19/BN2123.96r.5.txt,/projects/beto/irowerojas/localLatin/data/canon/CNIC.325.19/Hat42.154v.2.txt,CNIC.325.19,CNIC.325.19,CNIC.325.19,pair_example,1,,,,,rand_similar,,,,,,,"ig,bertscore,ot,attention_weighted,dla,attention_standalone,retrieval_mark"
352,bowphs/PhilTa,PhilTa,t5,1,abtt_optimal,hidden,mean,10,0.4170854271356784,0.8944723618090452,0.4170854271356784,,,142,140,/projects/beto/irowerojas/localLatin/data/canon/CANC.314.23/Hat42.159v.5.txt,/projects/beto/irowerojas/localLatin/data/canon/CANC.314.23/C1525.21r.6.txt,CANC.314.23,CANC.314.23,CANC.314.23,pair_example,1,,,,,rand_similar,,,,,,,"ig,bertscore,ot,attention_weighted,dla,attention_standalone,retrieval_mark"
353,bowphs/PhilTa,PhilTa,t5,1,abtt_optimal,hidden,mean,10,0.4170854271356784,0.8944723618090452,0.4170854271356784,,,521,525,/projects/beto/irowerojas/localLatin/data/canon/CGAN.355.6/Brn425.36r.4.txt,/projects/beto/irowerojas/localLatin/data/canon/CGAN.355.6/KoeD213.29v.4.txt,CGAN.355.6,CGAN.355.6,CGAN.355.6,pair_example,1,,,,,rand_similar,,,,,,,"ig,bertscore,ot,attention_weighted,dla,attention_standalone,retrieval_mark"
354,bowphs/PhilTa,PhilTa,t5,1,abtt_optimal,hidden,mean,10,0.4170854271356784,0.8944723618090452,0.4170854271356784,,,238,237,/projects/beto/irowerojas/localLatin/data/canon/CANT.328.20/BN2123.76v.2.txt,/projects/beto/irowerojas/localLatin/data/canon/CANT.328.20/BAV1341.18r.1.txt,CANT.328.20,CANT.328.20,CANT.328.20,pair_example,1,,,,,rand_similar,,,,,,,"ig,bertscore,ot,attention_weighted,dla,attention_standalone,retrieval_mark"
355,bowphs/PhilTa,PhilTa,t5,1,abtt_optimal,hidden,mean,10,0.4170854271356784,0.8944723618090452,0.4170854271356784,,,179,178,/projects/beto/irowerojas/localLatin/data/canon/CANC.314.9/Brn425.55r.5.txt,/projects/beto/irowerojas/localLatin/data/canon/CANC.314.9/BAV1341.11v.5.txt,CANC.314.9,CANC.314.9,CANC.314.9,pair_example,1,,,,,rand_similar,,,,,,,"ig,bertscore,ot,attention_weighted,dla,attention_standalone,retrieval_mark"
356,bowphs/PhilTa,PhilTa,t5,1,abtt_optimal,hidden,mean,10,0.4170854271356784,0.8944723618090452,0.4170854271356784,,,296,293,/projects/beto/irowerojas/localLatin/data/canon/CANT.328.9/D1723.563.1.txt,/projects/beto/irowerojas/localLatin/data/canon/CANT.328.9/BAV1341.17r.7.txt,CANT.328.9,CANT.328.9,CANT.328.9,pair_example,1,,,,,rand_similar,,,,,,,"ig,bertscore,ot,attention_weighted,dla,attention_standalone,retrieval_mark"
357,bowphs/PhilTa,PhilTa,t5,1,abtt_optimal,hidden,mean,10,0.4170854271356784,0.8944723618090452,0.4170854271356784,,,180,178,/projects/beto/irowerojas/localLatin/data/canon/CANC.314.9/C1525.20r.1.txt,/projects/beto/irowerojas/localLatin/data/canon/CANC.314.9/BAV1341.11v.5.txt,CANC.314.9,CANC.314.9,CANC.314.9,pair_example,1,,,,,rand_similar,,,,,,,"ig,bertscore,ot,attention_weighted,dla,attention_standalone,retrieval_mark"
358,bowphs/PhilTa,PhilTa,t5,1,abtt_optimal,hidden,mean,10,0.4170854271356784,0.8944723618090452,0.4170854271356784,,,608,610,/projects/beto/irowerojas/localLatin/data/canon/CNEO.315.10/BAV1341.13r.3.txt,/projects/beto/irowerojas/localLatin/data/canon/CNEO.315.10/C1525.23r.3.txt,CNEO.315.10,CNEO.315.10,CNEO.315.10,pair_example,1,,,,,rand_similar,,,,,,,"ig,bertscore,ot,attention_weighted,dla,attention_standalone,retrieval_mark"
359,bowphs/PhilTa,PhilTa,t5,1,abtt_optimal,hidden,mean,10,0.4170854271356784,0.8944723618090452,0.4170854271356784,,,1126,1128,/projects/beto/irowerojas/localLatin/data/canon/Can.apost.34/C1525.6v.2.txt,/projects/beto/irowerojas/localLatin/data/canon/Can.apost.34/KoeD213.7v.4.txt,Can.apost.34,Can.apost.34,Can.apost.34,pair_example,1,,,,,rand_similar,,,,,,,"ig,bertscore,ot,attention_weighted,dla,attention_standalone,retrieval_mark"
360,bowphs/PhilTa,PhilTa,t5,1,abtt_optimal,hidden,mean,10,0.4170854271356784,0.8944723618090452,0.4170854271356784,,,200,197,/projects/beto/irowerojas/localLatin/data/canon/CANT.328.12/D1723.537.7.txt,/projects/beto/irowerojas/localLatin/data/canon/CANT.328.12/BAV1341.17v.2.txt,CANT.328.12,CANT.328.12,CANT.328.12,pair_example,1,,,,,rand_similar,,,,,,,"ig,bertscore,ot,attention_weighted,dla,attention_standalone,retrieval_mark"
361,bowphs/PhilTa,PhilTa,t5,1,abtt_optimal,hidden,mean,10,0.4170854271356784,0.8944723618090452,0.4170854271356784,,,242,238,/projects/beto/irowerojas/localLatin/data/canon/CANT.328.20/Hat42.172r.1.txt,/projects/beto/irowerojas/localLatin/data/canon/CANT.328.20/BN2123.76v.2.txt,CANT.328.20,CANT.328.20,CANT.328.20,pair_example,1,,,,,rand_similar,,,,,,,"ig,bertscore,ot,attention_weighted,dla,attention_standalone,retrieval_mark"
362,bowphs/PhilTa,PhilTa,t5,1,abtt_optimal,hidden,mean,10,0.4170854271356784,0.8944723618090452,0.4170854271356784,,,1186,1185,/projects/beto/irowerojas/localLatin/data/canon/Can.apost.44/KoeD213.9v.4.txt,/projects/beto/irowerojas/localLatin/data/canon/Can.apost.44/Hat42.148v.3.txt,Can.apost.44,Can.apost.44,Can.apost.44,pair_example,1,,,,,rand_similar,,,,,,,"ig,bertscore,ot,attention_weighted,dla,attention_standalone,retrieval_mark"
363,bowphs/PhilTa,PhilTa,t5,1,abtt_optimal,hidden,mean,10,0.4170854271356784,0.8944723618090452,0.4170854271356784,,,1098,1096,/projects/beto/irowerojas/localLatin/data/canon/Can.apost.29/KoeD213.7r.4.txt,/projects/beto/irowerojas/localLatin/data/canon/Can.apost.29/C1525.6r.4.txt,Can.apost.29,Can.apost.29,Can.apost.29,pair_example,1,,,,,rand_similar,,,,,,,"ig,bertscore,ot,attention_weighted,dla,attention_standalone,retrieval_mark"
364,bowphs/PhilTa,PhilTa,t5,1,abtt_optimal,hidden,mean,10,0.4170854271356784,0.8944723618090452,0.4170854271356784,,,791,793,/projects/beto/irowerojas/localLatin/data/canon/CORA.441.2/BAV1341.49v.11.txt,/projects/beto/irowerojas/localLatin/data/canon/CORA.441.2/Brn425.55v.11.txt,CORA.441.2,CORA.441.2,CORA.441.2,pair_example,1,,,,,rand_similar,,,,,,,"ig,bertscore,ot,attention_weighted,dla,attention_standalone,retrieval_mark"
365,bowphs/PhilTa,PhilTa,t5,1,abtt_optimal,hidden,mean,10,0.4170854271356784,0.8944723618090452,0.4170854271356784,,,1174,1177,/projects/beto/irowerojas/localLatin/data/canon/Can.apost.42/C1525.7r.4.txt,/projects/beto/irowerojas/localLatin/data/canon/Can.apost.42/Vat5845.10r.1.txt,Can.apost.42,Can.apost.42,Can.apost.42,pair_example,1,,,,,rand_similar,,,,,,,"ig,bertscore,ot,attention_weighted,dla,attention_standalone,retrieval_mark"
366,bowphs/PhilTa,PhilTa,t5,1,abtt_optimal,hidden,mean,10,0.4170854271356784,0.8944723618090452,0.4170854271356784,,,68,67,/projects/beto/irowerojas/localLatin/data/canon/CANC.314.11/Hat42.158r.2.txt,/projects/beto/irowerojas/localLatin/data/canon/CANC.314.11/C1525.20r.3.txt,CANC.314.11,CANC.314.11,CANC.314.11,pair_example,1,,,,,rand_similar,,,,,,,"ig,bertscore,ot,attention_weighted,dla,attention_standalone,retrieval_mark"
367,bowphs/PhilTa,PhilTa,t5,1,abtt_optimal,hidden,mean,10,0.4170854271356784,0.8944723618090452,0.4170854271356784,,,1159,1158,/projects/beto/irowerojas/localLatin/data/canon/Can.apost.4/KoeD213.4v.7.txt,/projects/beto/irowerojas/localLatin/data/canon/Can.apost.4/Hat42.144r.4.txt,Can.apost.4,Can.apost.4,Can.apost.4,pair_example,1,,,,,rand_similar,,,,,,,"ig,bertscore,ot,attention_weighted,dla,attention_standalone,retrieval_mark"
368,bowphs/PhilTa,PhilTa,t5,1,abtt_optimal,hidden,mean,10,0.4170854271356784,0.8944723618090452,0.4170854271356784,,,213,211,/projects/beto/irowerojas/localLatin/data/canon/CANT.328.15/D1723.537.8.txt,/projects/beto/irowerojas/localLatin/data/canon/CANT.328.15/Brn425.35r.3.txt,CANT.328.15,CANT.328.15,CANT.328.15,pair_example,1,,,,,rand_similar,,,,,,,"ig,bertscore,ot,attention_weighted,dla,attention_standalone,retrieval_mark"
369,bowphs/PhilTa,PhilTa,t5,1,abtt_optimal,hidden,mean,10,0.4170854271356784,0.8944723618090452,0.4170854271356784,,,651,646,/projects/beto/irowerojas/localLatin/data/canon/CNEO.315.3/KoeD213.25v.3.txt,/projects/beto/irowerojas/localLatin/data/canon/CNEO.315.3/BAV1341.12v.18.txt,CNEO.315.3,CNEO.315.3,CNEO.315.3,pair_example,1,,,,,rand_similar,,,,,,,"ig,bertscore,ot,attention_weighted,dla,attention_standalone,retrieval_mark"
370,bowphs/PhilTa,PhilTa,t5,1,abtt_optimal,hidden,mean,10,0.4170854271356784,0.8944723618090452,0.4170854271356784,,,206,203,/projects/beto/irowerojas/localLatin/data/canon/CANT.328.13/Hat42.170v.1.txt,/projects/beto/irowerojas/localLatin/data/canon/CANT.328.13/Brn425.58v.1.txt,CANT.328.13,CANT.328.13,CANT.328.13,pair_example,1,,,,,rand_similar,,,,,,,"ig,bertscore,ot,attention_weighted,dla,attention_standalone,retrieval_mark"
371,bowphs/PhilTa,PhilTa,t5,1,abtt_optimal,hidden,mean,10,0.4170854271356784,0.8944723618090452,0.4170854271356784,,,997,998,/projects/beto/irowerojas/localLatin/data/canon/Can.apost.10/KoeD213.5v.1.txt,/projects/beto/irowerojas/localLatin/data/canon/Can.apost.10/Vat5845.7v.2.txt,Can.apost.10,Can.apost.10,Can.apost.10,pair_example,1,,,,,rand_similar,,,,,,,"ig,bertscore,ot,attention_weighted,dla,attention_standalone,retrieval_mark"
372,bowphs/PhilTa,PhilTa,t5,1,abtt_optimal,hidden,mean,10,0.4170854271356784,0.8944723618090452,0.4170854271356784,,,116,121,/projects/beto/irowerojas/localLatin/data/canon/CANC.314.20/BAV1341.12r.7.txt,/projects/beto/irowerojas/localLatin/data/canon/CANC.314.20/D1723.530.5.txt,CANC.314.20,CANC.314.20,CANC.314.20,pair_example,1,,,,,rand_similar,,,,,,,"ig,bertscore,ot,attention_weighted,dla,attention_standalone,retrieval_mark"
373,bowphs/PhilTa,PhilTa,t5,1,abtt_optimal,hidden,mean,10,0.4170854271356784,0.8944723618090452,0.4170854271356784,,,528,531,/projects/beto/irowerojas/localLatin/data/canon/CGAN.355.7/C1525.25r.4.txt,/projects/beto/irowerojas/localLatin/data/canon/CGAN.355.7/KoeD213.29v.5.txt,CGAN.355.7,CGAN.355.7,CGAN.355.7,pair_example,1,,,,,rand_similar,,,,,,,"ig,bertscore,ot,attention_weighted,dla,attention_standalone,retrieval_mark"
374,bowphs/PhilTa,PhilTa,t5,1,abtt_optimal,hidden,mean,10,0.4170854271356784,0.8944723618090452,0.4170854271356784,,,1050,1053,/projects/beto/irowerojas/localLatin/data/canon/Can.apost.20/C1525.5v.4.txt,/projects/beto/irowerojas/localLatin/data/canon/Can.apost.20/Vat5845.8r.5.txt,Can.apost.20,Can.apost.20,Can.apost.20,pair_example,1,,,,,rand_similar,,,,,,,"ig,bertscore,ot,attention_weighted,dla,attention_standalone,retrieval_mark"
375,bowphs/PhilTa,PhilTa,t5,1,abtt_optimal,hidden,mean,10,0.4170854271356784,0.8944723618090452,0.4170854271356784,,,623,622,/projects/beto/irowerojas/localLatin/data/canon/CNEO.315.12/Hat42.161v.3.txt,/projects/beto/irowerojas/localLatin/data/canon/CNEO.315.12/D1723.555.10.txt,CNEO.315.12,CNEO.315.12,CNEO.315.12,pair_example,1,,,,,rand_similar,,,,,,,"ig,bertscore,ot,attention_weighted,dla,attention_standalone,retrieval_mark"
376,bowphs/PhilTa,PhilTa,t5,1,abtt_optimal,hidden,mean,10,0.4170854271356784,0.8944723618090452,0.4170854271356784,,,748,753,/projects/beto/irowerojas/localLatin/data/canon/CNIC.325.4/BN2123.81v.6.txt,/projects/beto/irowerojas/localLatin/data/canon/CNIC.325.4/KoeD213.12r.2.txt,CNIC.325.4,CNIC.325.4,CNIC.325.4,pair_example,1,,,,,rand_similar,,,,,,,"ig,bertscore,ot,attention_weighted,dla,attention_standalone,retrieval_mark"
377,bowphs/PhilTa,PhilTa,t5,1,abtt_optimal,hidden,mean,10,0.4170854271356784,0.8944723618090452,0.4170854271356784,,,65,61,/projects/beto/irowerojas/localLatin/data/canon/CANC.314.10/KoeD213.22v.1.txt,/projects/beto/irowerojas/localLatin/data/canon/CANC.314.10/Brn425.23v.4.txt,CANC.314.10,CANC.314.10,CANC.314.10,pair_example,1,,,,,rand_similar,,,,,,,"ig,bertscore,ot,attention_weighted,dla,attention_standalone,retrieval_mark"
378,bowphs/PhilTa,PhilTa,t5,1,abtt_optimal,hidden,mean,10,0.4170854271356784,0.8944723618090452,0.4170854271356784,,,93,94,/projects/beto/irowerojas/localLatin/data/canon/CANC.314.16/D1723.525.3.txt,/projects/beto/irowerojas/localLatin/data/canon/CANC.314.16/Hat42.159r.1.txt,CANC.314.16,CANC.314.16,CANC.314.16,pair_example,1,,,,,rand_similar,,,,,,,"ig,bertscore,ot,attention_weighted,dla,attention_standalone,retrieval_mark"
379,bowphs/PhilTa,PhilTa,t5,1,abtt_optimal,hidden,mean,10,0.4170854271356784,0.8944723618090452,0.4170854271356784,,,1223,1222,/projects/beto/irowerojas/localLatin/data/canon/Can.apost.50/KoeD213.10r.3.txt,/projects/beto/irowerojas/localLatin/data/canon/Can.apost.50/Hat42.149r.4.txt,Can.apost.50,Can.apost.50,Can.apost.50,pair_example,1,,,,,rand_similar,,,,,,,"ig,bertscore,ot,attention_weighted,dla,attention_standalone,retrieval_mark"
380,bowphs/PhilTa,PhilTa,t5,1,abtt_optimal,hidden,mean,10,0.4170854271356784,0.8944723618090452,0.4170854271356784,,,1063,1060,/projects/beto/irowerojas/localLatin/data/canon/Can.apost.22/KoeD213.6v.5.txt,/projects/beto/irowerojas/localLatin/data/canon/Can.apost.22/BAV1341.7r.16.txt,Can.apost.22,Can.apost.22,Can.apost.22,pair_example,1,,,,,rand_similar,,,,,,,"ig,bertscore,ot,attention_weighted,dla,attention_standalone,retrieval_mark"
381,bowphs/PhilTa,PhilTa,t5,1,abtt_optimal,hidden,mean,10,0.4170854271356784,0.8944723618090452,0.4170854271356784,,,832,829,/projects/beto/irowerojas/localLatin/data/canon/CORL.511.17/D1723.540.1.txt,/projects/beto/irowerojas/localLatin/data/canon/CORL.511.17/BAV1341.55r.5.txt,CORL.511.17,CORL.511.17,CORL.511.17,pair_example,1,,,,,rand_similar,,,,,,,"ig,bertscore,ot,attention_weighted,dla,attention_standalone,retrieval_mark"
382,bowphs/PhilTa,PhilTa,t5,1,abtt_optimal,hidden,mean,10,0.4170854271356784,0.8944723618090452,0.4170854271356784,,,867,865,/projects/beto/irowerojas/localLatin/data/canon/CORL.511.31/Brn425.61v.9.txt,/projects/beto/irowerojas/localLatin/data/canon/CORL.511.31/BAV1341.55v.5.txt,CORL.511.31,CORL.511.31,CORL.511.31,pair_example,1,,,,,rand_similar,,,,,,,"ig,bertscore,ot,attention_weighted,dla,attention_standalone,retrieval_mark"
383,bowphs/PhilTa,PhilTa,t5,1,abtt_optimal,hidden,mean,10,0.4170854271356784,0.8944723618090452,0.4170854271356784,,,88,86,/projects/beto/irowerojas/localLatin/data/canon/CANC.314.15/KoeD213.23r.2.txt,/projects/beto/irowerojas/localLatin/data/canon/CANC.314.15/D1723.525.2.txt,CANC.314.15,CANC.314.15,CANC.314.15,pair_example,1,,,,,rand_similar,,,,,,,"ig,bertscore,ot,attention_weighted,dla,attention_standalone,retrieval_mark"
384,bowphs/PhilTa,PhilTa,t5,1,abtt_optimal,hidden,mean,10,0.4170854271356784,0.8944723618090452,0.4170854271356784,,,168,166,/projects/beto/irowerojas/localLatin/data/canon/CANC.314.6/Hat42.157v.1.txt,/projects/beto/irowerojas/localLatin/data/canon/CANC.314.6/BAV1341.11v.2.txt,CANC.314.6,CANC.314.6,CANC.314.6,pair_example,1,,,,,rand_similar,,,,,,,"ig,bertscore,ot,attention_weighted,dla,attention_standalone,retrieval_mark"
385,bowphs/PhilTa,PhilTa,t5,1,abtt_optimal,hidden,mean,10,0.4170854271356784,0.8944723618090452,0.4170854271356784,,,823,822,/projects/beto/irowerojas/localLatin/data/canon/CORL.511.15/Brn425.39r.3.txt,/projects/beto/irowerojas/localLatin/data/canon/CORL.511.15/BN2123.93v.7.txt,CORL.511.15,CORL.511.15,CORL.511.15,pair_example,1,,,,,rand_similar,,,,,,,"ig,bertscore,ot,attention_weighted,dla,attention_standalone,retrieval_mark"
386,bowphs/PhilTa,PhilTa,t5,1,abtt_optimal,hidden,mean,10,0.4170854271356784,0.8944723618090452,0.4170854271356784,,,612,608,/projects/beto/irowerojas/localLatin/data/canon/CNEO.315.10/Hat42.161v.1.txt,/projects/beto/irowerojas/localLatin/data/canon/CNEO.315.10/BAV1341.13r.3.txt,CNEO.315.10,CNEO.315.10,CNEO.315.10,pair_example,1,,,,,rand_similar,,,,,,,"ig,bertscore,ot,attention_weighted,dla,attention_standalone,retrieval_mark"
387,bowphs/PhilTa,PhilTa,t5,1,abtt_optimal,hidden,mean,10,0.4170854271356784,0.8944723618090452,0.4170854271356784,,,1165,1162,/projects/beto/irowerojas/localLatin/data/canon/Can.apost.40/Vat5845.9v.3.txt,/projects/beto/irowerojas/localLatin/data/canon/Can.apost.40/C1525.7r.2.txt,Can.apost.40,Can.apost.40,Can.apost.40,pair_example,1,,,,,rand_similar,,,,,,,"ig,bertscore,ot,attention_weighted,dla,attention_standalone,retrieval_mark"
388,bowphs/PhilTa,PhilTa,t5,1,abtt_optimal,hidden,mean,10,0.4170854271356784,0.8944723618090452,0.4170854271356784,,,1147,1148,/projects/beto/irowerojas/localLatin/data/canon/Can.apost.38/C1525.6v.6.txt,/projects/beto/irowerojas/localLatin/data/canon/Can.apost.38/Hat42.147v.3.txt,Can.apost.38,Can.apost.38,Can.apost.38,pair_example,1,,,,,rand_similar,,,,,,,"ig,bertscore,ot,attention_weighted,dla,attention_standalone,retrieval_mark"
389,bowphs/PhilTa,PhilTa,t5,1,abtt_optimal,hidden,mean,10,0.4170854271356784,0.8944723618090452,0.4170854271356784,,,251,252,/projects/beto/irowerojas/localLatin/data/canon/CANT.328.22/D1723.558.6.txt,/projects/beto/irowerojas/localLatin/data/canon/CANT.328.22/Hat42.172v.1.txt,CANT.328.22,CANT.328.22,CANT.328.22,pair_example,1,,,,,rand_similar,,,,,,,"ig,bertscore,ot,attention_weighted,dla,attention_standalone,retrieval_mark"
390,bowphs/PhilTa,PhilTa,t5,1,abtt_optimal,hidden,mean,10,0.4170854271356784,0.8944723618090452,0.4170854271356784,,,104,103,/projects/beto/irowerojas/localLatin/data/canon/CANC.314.18/Hat42.159r.3.txt,/projects/beto/irowerojas/localLatin/data/canon/CANC.314.18/D1723.547.5.txt,CANC.314.18,CANC.314.18,CANC.314.18,pair_example,1,,,,,rand_similar,,,,,,,"ig,bertscore,ot,attention_weighted,dla,attention_standalone,retrieval_mark"
391,bowphs/PhilTa,PhilTa,t5,1,abtt_optimal,hidden,mean,10,0.4170854271356784,0.8944723618090452,0.4170854271356784,,,691,686,/projects/beto/irowerojas/localLatin/data/canon/CNIC.325.11/KoeD213.13v.3.txt,/projects/beto/irowerojas/localLatin/data/canon/CNIC.325.11/BN2123.86v.10.txt,CNIC.325.11,CNIC.325.11,CNIC.325.11,pair_example,1,,,,,rand_similar,,,,,,,"ig,bertscore,ot,attention_weighted,dla,attention_standalone,retrieval_mark"
392,bowphs/PhilTa,PhilTa,t5,1,abtt_optimal,hidden,mean,10,0.4170854271356784,0.8944723618090452,0.4170854271356784,,,1154,1155,/projects/beto/irowerojas/localLatin/data/canon/Can.apost.39/KoeD213.8v.2.txt,/projects/beto/irowerojas/localLatin/data/canon/Can.apost.39/Vat5845.9v.2.txt,Can.apost.39,Can.apost.39,Can.apost.39,pair_example,1,,,,,rand_similar,,,,,,,"ig,bertscore,ot,attention_weighted,dla,attention_standalone,retrieval_mark"
393,bowphs/PhilTa,PhilTa,t5,1,abtt_optimal,hidden,mean,10,0.4170854271356784,0.8944723618090452,0.4170854271356784,,,687,691,/projects/beto/irowerojas/localLatin/data/canon/CNIC.325.11/Brn425.17v.1.txt,/projects/beto/irowerojas/localLatin/data/canon/CNIC.325.11/KoeD213.13v.3.txt,CNIC.325.11,CNIC.325.11,CNIC.325.11,pair_example,1,,,,,rand_similar,,,,,,,"ig,bertscore,ot,attention_weighted,dla,attention_standalone,retrieval_mark"
394,bowphs/PhilTa,PhilTa,t5,1,abtt_optimal,hidden,mean,10,0.4170854271356784,0.8944723618090452,0.4170854271356784,,,703,699,/projects/beto/irowerojas/localLatin/data/canon/CNIC.325.13/KoeD213.14v.1.txt,/projects/beto/irowerojas/localLatin/data/canon/CNIC.325.13/Brn425.15v.4.txt,CNIC.325.13,CNIC.325.13,CNIC.325.13,pair_example,1,,,,,rand_similar,,,,,,,"ig,bertscore,ot,attention_weighted,dla,attention_standalone,retrieval_mark"
395,bowphs/PhilTa,PhilTa,t5,1,abtt_optimal,hidden,mean,10,0.4170854271356784,0.8944723618090452,0.4170854271356784,,,1228,1226,/projects/beto/irowerojas/localLatin/data/canon/Can.apost.6/Hat42.144v.1.txt,/projects/beto/irowerojas/localLatin/data/canon/Can.apost.6/BN2123.96v.14.txt,Can.apost.6,Can.apost.6,Can.apost.6,pair_example,1,,,,,rand_similar,,,,,,,"ig,bertscore,ot,attention_weighted,dla,attention_standalone,retrieval_mark"
396,bowphs/PhilTa,PhilTa,t5,1,abtt_optimal,hidden,mean,10,0.4170854271356784,0.8944723618090452,0.4170854271356784,,,114,115,/projects/beto/irowerojas/localLatin/data/canon/CANC.314.2/Hat42.156r.2.txt,/projects/beto/irowerojas/localLatin/data/canon/CANC.314.2/KoeD213.20r.2.txt,CANC.314.2,CANC.314.2,CANC.314.2,pair_example,1,,,,,rand_similar,,,,,,,"ig,bertscore,ot,attention_weighted,dla,attention_standalone,retrieval_mark"
397,bowphs/PhilTa,PhilTa,t5,1,abtt_optimal,hidden,mean,10,0.4170854271356784,0.8944723618090452,0.4170854271356784,,,645,639,/projects/beto/irowerojas/localLatin/data/canon/CNEO.315.2/KoeD213.25v.2.txt,/projects/beto/irowerojas/localLatin/data/canon/CNEO.315.2/BAV1341.12v.17.txt,CNEO.315.2,CNEO.315.2,CNEO.315.2,pair_example,1,,,,,rand_similar,,,,,,,"ig,bertscore,ot,attention_weighted,dla,attention_standalone,retrieval_mark"
398,bowphs/PhilTa,PhilTa,t5,1,abtt_optimal,hidden,mean,10,0.4170854271356784,0.8944723618090452,0.4170854271356784,,,1175,1174,/projects/beto/irowerojas/localLatin/data/canon/Can.apost.42/Hat42.148v.1.txt,/projects/beto/irowerojas/localLatin/data/canon/Can.apost.42/C1525.7r.4.txt,Can.apost.42,Can.apost.42,Can.apost.42,pair_example,1,,,,,rand_similar,,,,,,,"ig,bertscore,ot,attention_weighted,dla,attention_standalone,retrieval_mark"
399,bowphs/PhilTa,PhilTa,t5,1,abtt_optimal,hidden,mean,10,0.4170854271356784,0.8944723618090452,0.4170854271356784,,,676,675,/projects/beto/irowerojas/localLatin/data/canon/CNEO.315.9/C1525.23r.2.txt,/projects/beto/irowerojas/localLatin/data/canon/CNEO.315.9/BAV1341.13r.2.txt,CNEO.315.9,CNEO.315.9,CNEO.315.9,pair_example,1,,,,,rand_similar,,,,,,,"ig,bertscore,ot,attention_weighted,dla,attention_standalone,retrieval_mark"
400,bowphs/PhilTa,PhilTa,t5,1,abtt_optimal,hidden,mean,10,0.4170854271356784,0.8944723618090452,0.4170854271356784,,,636,633,/projects/beto/irowerojas/localLatin/data/canon/CNEO.315.14/D1723.556.8.txt,/projects/beto/irowerojas/localLatin/data/canon/CNEO.315.14/BAV1341.13r.7.txt,CNEO.315.14,CNEO.315.14,CNEO.315.14,pair_example,1,,,,,rand_similar,,,,,,,"ig,bertscore,ot,attention_weighted,dla,attention_standalone,retrieval_mark"
401,google/mt5-base,mT5-base,t5,1,abtt_optimal,hidden,mean,10,0.4371859296482412,0.9949748743718592,0.4371859296482412,,,998,997,/projects/beto/irowerojas/localLatin/data/canon/Can.apost.10/Vat5845.7v.2.txt,/projects/beto/irowerojas/localLatin/data/canon/Can.apost.10/KoeD213.5v.1.txt,Can.apost.10,Can.apost.10,Can.apost.10,pair_example,1,,,,,rand_similar,,,,,,,"ig,bertscore,ot,attention_weighted,dla,attention_standalone,retrieval_mark"
402,google/mt5-base,mT5-base,t5,1,abtt_optimal,hidden,mean,10,0.4371859296482412,0.9949748743718592,0.4371859296482412,,,623,622,/projects/beto/irowerojas/localLatin/data/canon/CNEO.315.12/Hat42.161v.3.txt,/projects/beto/irowerojas/localLatin/data/canon/CNEO.315.12/D1723.555.10.txt,CNEO.315.12,CNEO.315.12,CNEO.315.12,pair_example,1,,,,,rand_similar,,,,,,,"ig,bertscore,ot,attention_weighted,dla,attention_standalone,retrieval_mark"
403,google/mt5-base,mT5-base,t5,1,abtt_optimal,hidden,mean,10,0.4371859296482412,0.9949748743718592,0.4371859296482412,,,1203,1204,/projects/beto/irowerojas/localLatin/data/canon/Can.apost.48/BAV1341.7v.18.txt,/projects/beto/irowerojas/localLatin/data/canon/Can.apost.48/BN2123.89r.5.txt,Can.apost.48,Can.apost.48,Can.apost.48,pair_example,1,,,,,rand_similar,,,,,,,"ig,bertscore,ot,attention_weighted,dla,attention_standalone,retrieval_mark"
404,google/mt5-base,mT5-base,t5,1,abtt_optimal,hidden,mean,10,0.4371859296482412,0.9949748743718592,0.4371859296482412,,,135,131,/projects/beto/irowerojas/localLatin/data/canon/CANC.314.22/D1723.530.7.txt,/projects/beto/irowerojas/localLatin/data/canon/CANC.314.22/BAV1341.12r.9.txt,CANC.314.22,CANC.314.22,CANC.314.22,pair_example,1,,,,,rand_similar,,,,,,,"ig,bertscore,ot,attention_weighted,dla,attention_standalone,retrieval_mark"
405,google/mt5-base,mT5-base,t5,1,abtt_optimal,hidden,mean,10,0.4371859296482412,0.9949748743718592,0.4371859296482412,,,1013,1010,/projects/beto/irowerojas/localLatin/data/canon/Can.apost.13/Vat5845.7v.5.txt,/projects/beto/irowerojas/localLatin/data/canon/Can.apost.13/C1525.5r.4.txt,Can.apost.13,Can.apost.13,Can.apost.13,pair_example,1,,,,,rand_similar,,,,,,,"ig,bertscore,ot,attention_weighted,dla,attention_standalone,retrieval_mark"
406,google/mt5-base,mT5-base,t5,1,abtt_optimal,hidden,mean,10,0.4371859296482412,0.9949748743718592,0.4371859296482412,,,96,98,/projects/beto/irowerojas/localLatin/data/canon/CANC.314.17/BAV1341.12r.4.txt,/projects/beto/irowerojas/localLatin/data/canon/CANC.314.17/Hat42.159r.2.txt,CANC.314.17,CANC.314.17,CANC.314.17,pair_example,1,,,,,rand_similar,,,,,,,"ig,bertscore,ot,attention_weighted,dla,attention_standalone,retrieval_mark"
407,google/mt5-base,mT5-base,t5,1,abtt_optimal,hidden,mean,10,0.4371859296482412,0.9949748743718592,0.4371859296482412,,,665,664,/projects/beto/irowerojas/localLatin/data/canon/CNEO.315.6/KoeD213.26r.2.txt,/projects/beto/irowerojas/localLatin/data/canon/CNEO.315.6/Hat42.161r.3.txt,CNEO.315.6,CNEO.315.6,CNEO.315.6,pair_example,1,,,,,rand_similar,,,,,,,"ig,bertscore,ot,attention_weighted,dla,attention_standalone,retrieval_mark"
408,google/mt5-base,mT5-base,t5,1,abtt_optimal,hidden,mean,10,0.4371859296482412,0.9949748743718592,0.4371859296482412,,,70,71,/projects/beto/irowerojas/localLatin/data/canon/CANC.314.12/BAV1341.11v.8.txt,/projects/beto/irowerojas/localLatin/data/canon/CANC.314.12/C1525.20r.4.txt,CANC.314.12,CANC.314.12,CANC.314.12,pair_example,1,,,,,rand_similar,,,,,,,"ig,bertscore,ot,attention_weighted,dla,attention_standalone,retrieval_mark"
409,google/mt5-base,mT5-base,t5,1,abtt_optimal,hidden,mean,10,0.4371859296482412,0.9949748743718592,0.4371859296482412,,,732,733,/projects/beto/irowerojas/localLatin/data/canon/CNIC.325.2/Hat42.150v.2.txt,/projects/beto/irowerojas/localLatin/data/canon/CNIC.325.2/KoeD213.11v.1.txt,CNIC.325.2,CNIC.325.2,CNIC.325.2,pair_example,1,,,,,rand_similar,,,,,,,"ig,bertscore,ot,attention_weighted,dla,attention_standalone,retrieval_mark"
410,google/mt5-base,mT5-base,t5,1,abtt_optimal,hidden,mean,10,0.4371859296482412,0.9949748743718592,0.4371859296482412,,,124,127,/projects/beto/irowerojas/localLatin/data/canon/CANC.314.21/BAV1341.12r.8.txt,/projects/beto/irowerojas/localLatin/data/canon/CANC.314.21/C1525.21r.4.txt,CANC.314.21,CANC.314.21,CANC.314.21,pair_example,1,,,,,rand_similar,,,,,,,"ig,bertscore,ot,attention_weighted,dla,attention_standalone,retrieval_mark"
411,google/mt5-base,mT5-base,t5,1,abtt_optimal,hidden,mean,10,0.4371859296482412,0.9949748743718592,0.4371859296482412,,,737,734,/projects/beto/irowerojas/localLatin/data/canon/CNIC.325.20/KoeD213.16r.2.txt,/projects/beto/irowerojas/localLatin/data/canon/CNIC.325.20/BN2123.97r.10.txt,CNIC.325.20,CNIC.325.20,CNIC.325.20,pair_example,1,,,,,rand_similar,,,,,,,"ig,bertscore,ot,attention_weighted,dla,attention_standalone,retrieval_mark"
412,google/mt5-base,mT5-base,t5,1,abtt_optimal,hidden,mean,10,0.4371859296482412,0.9949748743718592,0.4371859296482412,,,180,178,/projects/beto/irowerojas/localLatin/data/canon/CANC.314.9/C1525.20r.1.txt,/projects/beto/irowerojas/localLatin/data/canon/CANC.314.9/BAV1341.11v.5.txt,CANC.314.9,CANC.314.9,CANC.314.9,pair_example,1,,,,,rand_similar,,,,,,,"ig,bertscore,ot,attention_weighted,dla,attention_standalone,retrieval_mark"
413,google/mt5-base,mT5-base,t5,1,abtt_optimal,hidden,mean,10,0.4371859296482412,0.9949748743718592,0.4371859296482412,,,1141,1143,/projects/beto/irowerojas/localLatin/data/canon/Can.apost.37/BN2123.84v.8.txt,/projects/beto/irowerojas/localLatin/data/canon/Can.apost.37/Hat42.147v.2.txt,Can.apost.37,Can.apost.37,Can.apost.37,pair_example,1,,,,,rand_similar,,,,,,,"ig,bertscore,ot,attention_weighted,dla,attention_standalone,retrieval_mark"
414,google/mt5-base,mT5-base,t5,1,abtt_optimal,hidden,mean,10,0.4371859296482412,0.9949748743718592,0.4371859296482412,,,288,290,/projects/beto/irowerojas/localLatin/data/canon/CANT.328.8/BN2123.86v.4.txt,/projects/beto/irowerojas/localLatin/data/canon/CANT.328.8/C1525.28r.5.txt,CANT.328.8,CANT.328.8,CANT.328.8,pair_example,1,,,,,rand_similar,,,,,,,"ig,bertscore,ot,attention_weighted,dla,attention_standalone,retrieval_mark"
415,google/mt5-base,mT5-base,t5,1,abtt_optimal,hidden,mean,10,0.4371859296482412,0.9949748743718592,0.4371859296482412,,,725,727,/projects/beto/irowerojas/localLatin/data/canon/CNIC.325.19/BN2123.96r.5.txt,/projects/beto/irowerojas/localLatin/data/canon/CNIC.325.19/Hat42.154v.2.txt,CNIC.325.19,CNIC.325.19,CNIC.325.19,pair_example,1,,,,,rand_similar,,,,,,,"ig,bertscore,ot,attention_weighted,dla,attention_standalone,retrieval_mark"
416,google/mt5-base,mT5-base,t5,1,abtt_optimal,hidden,mean,10,0.4371859296482412,0.9949748743718592,0.4371859296482412,,,1177,1175,/projects/beto/irowerojas/localLatin/data/canon/Can.apost.42/Vat5845.10r.1.txt,/projects/beto/irowerojas/localLatin/data/canon/Can.apost.42/Hat42.148v.1.txt,Can.apost.42,Can.apost.42,Can.apost.42,pair_example,1,,,,,rand_similar,,,,,,,"ig,bertscore,ot,attention_weighted,dla,attention_standalone,retrieval_mark"
417,google/mt5-base,mT5-base,t5,1,abtt_optimal,hidden,mean,10,0.4371859296482412,0.9949748743718592,0.4371859296482412,,,1092,1090,/projects/beto/irowerojas/localLatin/data/canon/Can.apost.28/Hat42.146v.3.txt,/projects/beto/irowerojas/localLatin/data/canon/Can.apost.28/BAV1341.7r.22.txt,Can.apost.28,Can.apost.28,Can.apost.28,pair_example,1,,,,,rand_similar,,,,,,,"ig,bertscore,ot,attention_weighted,dla,attention_standalone,retrieval_mark"
418,google/mt5-base,mT5-base,t5,1,abtt_optimal,hidden,mean,10,0.4371859296482412,0.9949748743718592,0.4371859296482412,,,1056,1058,/projects/beto/irowerojas/localLatin/data/canon/Can.apost.21/C1525.5v.5.txt,/projects/beto/irowerojas/localLatin/data/canon/Can.apost.21/KoeD213.6v.4.txt,Can.apost.21,Can.apost.21,Can.apost.21,pair_example,1,,,,,rand_similar,,,,,,,"ig,bertscore,ot,attention_weighted,dla,attention_standalone,retrieval_mark"
419,google/mt5-base,mT5-base,t5,1,abtt_optimal,hidden,mean,10,0.4371859296482412,0.9949748743718592,0.4371859296482412,,,1048,1045,/projects/beto/irowerojas/localLatin/data/canon/Can.apost.2/Vat5845.7r.5.txt,/projects/beto/irowerojas/localLatin/data/canon/Can.apost.2/C1525.4r.24.txt,Can.apost.2,Can.apost.2,Can.apost.2,pair_example,1,,,,,rand_similar,,,,,,,"ig,bertscore,ot,attention_weighted,dla,attention_standalone,retrieval_mark"
420,google/mt5-base,mT5-base,t5,1,abtt_optimal,hidden,mean,10,0.4371859296482412,0.9949748743718592,0.4371859296482412,,,281,277,/projects/beto/irowerojas/localLatin/data/canon/CANT.328.6/Hat42.169r.2.txt,/projects/beto/irowerojas/localLatin/data/canon/CANT.328.6/BAV1341.17r.4.txt,CANT.328.6,CANT.328.6,CANT.328.6,pair_example,1,,,,,rand_similar,,,,,,,"ig,bertscore,ot,attention_weighted,dla,attention_standalone,retrieval_mark"
421,google/mt5-base,mT5-base,t5,1,abtt_optimal,hidden,mean,10,0.4371859296482412,0.9949748743718592,0.4371859296482412,,,1104,1101,/projects/beto/irowerojas/localLatin/data/canon/Can.apost.3/Vat5845.7r.6.txt,/projects/beto/irowerojas/localLatin/data/canon/Can.apost.3/C1525.4v.1.txt,Can.apost.3,Can.apost.3,Can.apost.3,pair_example,1,,,,,rand_similar,,,,,,,"ig,bertscore,ot,attention_weighted,dla,attention_standalone,retrieval_mark"
422,google/mt5-base,mT5-base,t5,1,abtt_optimal,hidden,mean,10,0.4371859296482412,0.9949748743718592,0.4371859296482412,,,753,751,/projects/beto/irowerojas/localLatin/data/canon/CNIC.325.4/KoeD213.12r.2.txt,/projects/beto/irowerojas/localLatin/data/canon/CNIC.325.4/D1723.557.9.txt,CNIC.325.4,CNIC.325.4,CNIC.325.4,pair_example,1,,,,,rand_similar,,,,,,,"ig,bertscore,ot,attention_weighted,dla,attention_standalone,retrieval_mark"
423,google/mt5-base,mT5-base,t5,1,abtt_optimal,hidden,mean,10,0.4371859296482412,0.9949748743718592,0.4371859296482412,,,109,106,/projects/beto/irowerojas/localLatin/data/canon/CANC.314.19/D1723.525.4.txt,/projects/beto/irowerojas/localLatin/data/canon/CANC.314.19/BAV1341.12r.6.txt,CANC.314.19,CANC.314.19,CANC.314.19,pair_example,1,,,,,rand_similar,,,,,,,"ig,bertscore,ot,attention_weighted,dla,attention_standalone,retrieval_mark"
424,google/mt5-base,mT5-base,t5,1,abtt_optimal,hidden,mean,10,0.4371859296482412,0.9949748743718592,0.4371859296482412,,,269,270,/projects/beto/irowerojas/localLatin/data/canon/CANT.328.4/BAV1341.17r.2.txt,/projects/beto/irowerojas/localLatin/data/canon/CANT.328.4/Brn425.34v.4.txt,CANT.328.4,CANT.328.4,CANT.328.4,pair_example,1,,,,,rand_similar,,,,,,,"ig,bertscore,ot,attention_weighted,dla,attention_standalone,retrieval_mark"
425,google/mt5-base,mT5-base,t5,1,abtt_optimal,hidden,mean,10,0.4371859296482412,0.9949748743718592,0.4371859296482412,,,1060,1063,/projects/beto/irowerojas/localLatin/data/canon/Can.apost.22/BAV1341.7r.16.txt,/projects/beto/irowerojas/localLatin/data/canon/Can.apost.22/KoeD213.6v.5.txt,Can.apost.22,Can.apost.22,Can.apost.22,pair_example,1,,,,,rand_similar,,,,,,,"ig,bertscore,ot,attention_weighted,dla,attention_standalone,retrieval_mark"
426,google/mt5-base,mT5-base,t5,1,abtt_optimal,hidden,mean,10,0.4371859296482412,0.9949748743718592,0.4371859296482412,,,655,652,/projects/beto/irowerojas/localLatin/data/canon/CNEO.315.4/KoeD213.25v.4.txt,/projects/beto/irowerojas/localLatin/data/canon/CNEO.315.4/BAV1341.12v.19.txt,CNEO.315.4,CNEO.315.4,CNEO.315.4,pair_example,1,,,,,rand_similar,,,,,,,"ig,bertscore,ot,attention_weighted,dla,attention_standalone,retrieval_mark"
427,google/mt5-base,mT5-base,t5,1,abtt_optimal,hidden,mean,10,0.4371859296482412,0.9949748743718592,0.4371859296482412,,,703,700,/projects/beto/irowerojas/localLatin/data/canon/CNIC.325.13/KoeD213.14v.1.txt,/projects/beto/irowerojas/localLatin/data/canon/CNIC.325.13/C1525.12v.3.txt,CNIC.325.13,CNIC.325.13,CNIC.325.13,pair_example,1,,,,,rand_similar,,,,,,,"ig,bertscore,ot,attention_weighted,dla,attention_standalone,retrieval_mark"
428,google/mt5-base,mT5-base,t5,1,abtt_optimal,hidden,mean,10,0.4371859296482412,0.9949748743718592,0.4371859296482412,,,531,528,/projects/beto/irowerojas/localLatin/data/canon/CGAN.355.7/KoeD213.29v.5.txt,/projects/beto/irowerojas/localLatin/data/canon/CGAN.355.7/C1525.25r.4.txt,CGAN.355.7,CGAN.355.7,CGAN.355.7,pair_example,1,,,,,rand_similar,,,,,,,"ig,bertscore,ot,attention_weighted,dla,attention_standalone,retrieval_mark"
429,google/mt5-base,mT5-base,t5,1,abtt_optimal,hidden,mean,10,0.4371859296482412,0.9949748743718592,0.4371859296482412,,,601,607,/projects/beto/irowerojas/localLatin/data/canon/CNEO.315.1/BAV1341.12v.16.txt,/projects/beto/irowerojas/localLatin/data/canon/CNEO.315.1/KoeD213.25v.1.txt,CNEO.315.1,CNEO.315.1,CNEO.315.1,pair_example,1,,,,,rand_similar,,,,,,,"ig,bertscore,ot,attention_weighted,dla,attention_standalone,retrieval_mark"
430,google/mt5-base,mT5-base,t5,1,abtt_optimal,hidden,mean,10,0.4371859296482412,0.9949748743718592,0.4371859296482412,,,1241,1238,/projects/beto/irowerojas/localLatin/data/canon/Can.apost.8/Vat5845.7r.11.txt,/projects/beto/irowerojas/localLatin/data/canon/Can.apost.8/C1525.4v.6.txt,Can.apost.8,Can.apost.8,Can.apost.8,pair_example,1,,,,,rand_similar,,,,,,,"ig,bertscore,ot,attention_weighted,dla,attention_standalone,retrieval_mark"
431,google/mt5-base,mT5-base,t5,1,abtt_optimal,hidden,mean,10,0.4371859296482412,0.9949748743718592,0.4371859296482412,,,145,146,/projects/beto/irowerojas/localLatin/data/canon/CANC.314.24/Brn425.21v.4.txt,/projects/beto/irowerojas/localLatin/data/canon/CANC.314.24/C1525.21v.1.txt,CANC.314.24,CANC.314.24,CANC.314.24,pair_example,1,,,,,rand_similar,,,,,,,"ig,bertscore,ot,attention_weighted,dla,attention_standalone,retrieval_mark"
432,google/mt5-base,mT5-base,t5,1,abtt_optimal,hidden,mean,10,0.4371859296482412,0.9949748743718592,0.4371859296482412,,,1186,1185,/projects/beto/irowerojas/localLatin/data/canon/Can.apost.44/KoeD213.9v.4.txt,/projects/beto/irowerojas/localLatin/data/canon/Can.apost.44/Hat42.148v.3.txt,Can.apost.44,Can.apost.44,Can.apost.44,pair_example,1,,,,,rand_similar,,,,,,,"ig,bertscore,ot,attention_weighted,dla,attention_standalone,retrieval_mark"
433,google/mt5-base,mT5-base,t5,1,abtt_optimal,hidden,mean,10,0.4371859296482412,0.9949748743718592,0.4371859296482412,,,998,994,/projects/beto/irowerojas/localLatin/data/canon/Can.apost.10/Vat5845.7v.2.txt,/projects/beto/irowerojas/localLatin/data/canon/Can.apost.10/BN2123.88r.5.txt,Can.apost.10,Can.apost.10,Can.apost.10,pair_example,1,,,,,rand_similar,,,,,,,"ig,bertscore,ot,attention_weighted,dla,attention_standalone,retrieval_mark"
434,google/mt5-base,mT5-base,t5,1,abtt_optimal,hidden,mean,10,0.4371859296482412,0.9949748743718592,0.4371859296482412,,,75,76,/projects/beto/irowerojas/localLatin/data/canon/CANC.314.13/BN2123.101v.8.txt,/projects/beto/irowerojas/localLatin/data/canon/CANC.314.13/C1525.20r.5.txt,CANC.314.13,CANC.314.13,CANC.314.13,pair_example,1,,,,,rand_similar,,,,,,,"ig,bertscore,ot,attention_weighted,dla,attention_standalone,retrieval_mark"
435,google/mt5-base,mT5-base,t5,1,abtt_optimal,hidden,mean,10,0.4371859296482412,0.9949748743718592,0.4371859296482412,,,633,635,/projects/beto/irowerojas/localLatin/data/canon/CNEO.315.14/BAV1341.13r.7.txt,/projects/beto/irowerojas/localLatin/data/canon/CNEO.315.14/C1525.23v.1.txt,CNEO.315.14,CNEO.315.14,CNEO.315.14,pair_example,1,,,,,rand_similar,,,,,,,"ig,bertscore,ot,attention_weighted,dla,attention_standalone,retrieval_mark"
436,google/mt5-base,mT5-base,t5,1,abtt_optimal,hidden,mean,10,0.4371859296482412,0.9949748743718592,0.4371859296482412,,,1096,1098,/projects/beto/irowerojas/localLatin/data/canon/Can.apost.29/C1525.6r.4.txt,/projects/beto/irowerojas/localLatin/data/canon/Can.apost.29/KoeD213.7r.4.txt,Can.apost.29,Can.apost.29,Can.apost.29,pair_example,1,,,,,rand_similar,,,,,,,"ig,bertscore,ot,attention_weighted,dla,attention_standalone,retrieval_mark"
437,google/mt5-base,mT5-base,t5,1,abtt_optimal,hidden,mean,10,0.4371859296482412,0.9949748743718592,0.4371859296482412,,,720,724,/projects/beto/irowerojas/localLatin/data/canon/CNIC.325.18/BN2123.86r.2.txt,/projects/beto/irowerojas/localLatin/data/canon/CNIC.325.18/KoeD213.14v.2.txt,CNIC.325.18,CNIC.325.18,CNIC.325.18,pair_example,1,,,,,rand_similar,,,,,,,"ig,bertscore,ot,attention_weighted,dla,attention_standalone,retrieval_mark"
438,google/mt5-base,mT5-base,t5,1,abtt_optimal,hidden,mean,10,0.4371859296482412,0.9949748743718592,0.4371859296482412,,,151,154,/projects/beto/irowerojas/localLatin/data/canon/CANC.314.3/BAV1341.11r.11.txt,/projects/beto/irowerojas/localLatin/data/canon/CANC.314.3/KoeD213.20v.1.txt,CANC.314.3,CANC.314.3,CANC.314.3,pair_example,1,,,,,rand_similar,,,,,,,"ig,bertscore,ot,attention_weighted,dla,attention_standalone,retrieval_mark"
439,google/mt5-base,mT5-base,t5,1,abtt_optimal,hidden,mean,10,0.4371859296482412,0.9949748743718592,0.4371859296482412,,,1189,1191,/projects/beto/irowerojas/localLatin/data/canon/Can.apost.45/C1525.7v.2.txt,/projects/beto/irowerojas/localLatin/data/canon/Can.apost.45/KoeD213.9v.5.txt,Can.apost.45,Can.apost.45,Can.apost.45,pair_example,1,,,,,rand_similar,,,,,,,"ig,bertscore,ot,attention_weighted,dla,attention_standalone,retrieval_mark"
440,google/mt5-base,mT5-base,t5,1,abtt_optimal,hidden,mean,10,0.4371859296482412,0.9949748743718592,0.4371859296482412,,,400,399,/projects/beto/irowerojas/localLatin/data/canon/CCHA.451.10/Brn425.57r.7.txt,/projects/beto/irowerojas/localLatin/data/canon/CCHA.451.10/BN2123.85r.5.txt,CCHA.451.10,CCHA.451.10,CCHA.451.10,pair_example,1,,,,,rand_similar,,,,,,,"ig,bertscore,ot,attention_weighted,dla,attention_standalone,retrieval_mark"
441,google/mt5-base,mT5-base,t5,1,abtt_optimal,hidden,mean,10,0.4371859296482412,0.9949748743718592,0.4371859296482412,,,693,695,/projects/beto/irowerojas/localLatin/data/canon/CNIC.325.12/Brn425.17v.2.txt,/projects/beto/irowerojas/localLatin/data/canon/CNIC.325.12/D1723.522.3.txt,CNIC.325.12,CNIC.325.12,CNIC.325.12,pair_example,1,,,,,rand_similar,,,,,,,"ig,bertscore,ot,attention_weighted,dla,attention_standalone,retrieval_mark"
442,google/mt5-base,mT5-base,t5,1,abtt_optimal,hidden,mean,10,0.4371859296482412,0.9949748743718592,0.4371859296482412,,,94,89,/projects/beto/irowerojas/localLatin/data/canon/CANC.314.16/Hat42.159r.1.txt,/projects/beto/irowerojas/localLatin/data/canon/CANC.314.16/BAV1341.12r.3.txt,CANC.314.16,CANC.314.16,CANC.314.16,pair_example,1,,,,,rand_similar,,,,,,,"ig,bertscore,ot,attention_weighted,dla,attention_standalone,retrieval_mark"
443,google/mt5-base,mT5-base,t5,1,abtt_optimal,hidden,mean,10,0.4371859296482412,0.9949748743718592,0.4371859296482412,,,647,651,/projects/beto/irowerojas/localLatin/data/canon/CNEO.315.3/Brn425.24v.2.txt,/projects/beto/irowerojas/localLatin/data/canon/CNEO.315.3/KoeD213.25v.3.txt,CNEO.315.3,CNEO.315.3,CNEO.315.3,pair_example,1,,,,,rand_similar,,,,,,,"ig,bertscore,ot,attention_weighted,dla,attention_standalone,retrieval_mark"
444,google/mt5-base,mT5-base,t5,1,abtt_optimal,hidden,mean,10,0.4371859296482412,0.9949748743718592,0.4371859296482412,,,1040,1041,/projects/beto/irowerojas/localLatin/data/canon/Can.apost.19/C1525.5v.3.txt,/projects/beto/irowerojas/localLatin/data/canon/Can.apost.19/Hat42.146r.1.txt,Can.apost.19,Can.apost.19,Can.apost.19,pair_example,1,,,,,rand_similar,,,,,,,"ig,bertscore,ot,attention_weighted,dla,attention_standalone,retrieval_mark"
445,google/mt5-base,mT5-base,t5,1,abtt_optimal,hidden,mean,10,0.4371859296482412,0.9949748743718592,0.4371859296482412,,,744,742,/projects/beto/irowerojas/localLatin/data/canon/CNIC.325.3/C1525.11r.3.txt,/projects/beto/irowerojas/localLatin/data/canon/CNIC.325.3/BN2123.96v.8.txt,CNIC.325.3,CNIC.325.3,CNIC.325.3,pair_example,1,,,,,rand_similar,,,,,,,"ig,bertscore,ot,attention_weighted,dla,attention_standalone,retrieval_mark"
446,google/mt5-base,mT5-base,t5,1,abtt_optimal,hidden,mean,10,0.4371859296482412,0.9949748743718592,0.4371859296482412,,,285,284,/projects/beto/irowerojas/localLatin/data/canon/CANT.328.7/Hat42.169r.3.txt,/projects/beto/irowerojas/localLatin/data/canon/CANT.328.7/C1525.28r.4.txt,CANT.328.7,CANT.328.7,CANT.328.7,pair_example,1,,,,,rand_similar,,,,,,,"ig,bertscore,ot,attention_weighted,dla,attention_standalone,retrieval_mark"
447,google/mt5-base,mT5-base,t5,1,abtt_optimal,hidden,mean,10,0.4371859296482412,0.9949748743718592,0.4371859296482412,,,116,117,/projects/beto/irowerojas/localLatin/data/canon/CANC.314.20/BAV1341.12r.7.txt,/projects/beto/irowerojas/localLatin/data/canon/CANC.314.20/Brn425.21v.3.txt,CANC.314.20,CANC.314.20,CANC.314.20,pair_example,1,,,,,rand_similar,,,,,,,"ig,bertscore,ot,attention_weighted,dla,attention_standalone,retrieval_mark"
448,google/mt5-base,mT5-base,t5,1,abtt_optimal,hidden,mean,10,0.4371859296482412,0.9949748743718592,0.4371859296482412,,,142,141,/projects/beto/irowerojas/localLatin/data/canon/CANC.314.23/Hat42.159v.5.txt,/projects/beto/irowerojas/localLatin/data/canon/CANC.314.23/D1723.529.4.txt,CANC.314.23,CANC.314.23,CANC.314.23,pair_example,1,,,,,rand_similar,,,,,,,"ig,bertscore,ot,attention_weighted,dla,attention_standalone,retrieval_mark"
449,google/mt5-base,mT5-base,t5,1,abtt_optimal,hidden,mean,10,0.4371859296482412,0.9949748743718592,0.4371859296482412,,,119,116,/projects/beto/irowerojas/localLatin/data/canon/CANC.314.20/C1525.21r.3.txt,/projects/beto/irowerojas/localLatin/data/canon/CANC.314.20/BAV1341.12r.7.txt,CANC.314.20,CANC.314.20,CANC.314.20,pair_example,1,,,,,rand_similar,,,,,,,"ig,bertscore,ot,attention_weighted,dla,attention_standalone,retrieval_mark"
450,google/mt5-base,mT5-base,t5,1,abtt_optimal,hidden,mean,10,0.4371859296482412,0.9949748743718592,0.4371859296482412,,,529,528,/projects/beto/irowerojas/localLatin/data/canon/CGAN.355.7/D1723.538.8.txt,/projects/beto/irowerojas/localLatin/data/canon/CGAN.355.7/C1525.25r.4.txt,CGAN.355.7,CGAN.355.7,CGAN.355.7,pair_example,1,,,,,rand_similar,,,,,,,"ig,bertscore,ot,attention_weighted,dla,attention_standalone,retrieval_mark"
451,google/mt5-base,mT5-base,t5,1,abtt_optimal,hidden,mean,10,0.4371859296482412,0.9949748743718592,0.4371859296482412,,,170,173,/projects/beto/irowerojas/localLatin/data/canon/CANC.314.7/BAV1341.11v.3.txt,/projects/beto/irowerojas/localLatin/data/canon/CANC.314.7/KoeD213.22r.1.txt,CANC.314.7,CANC.314.7,CANC.314.7,pair_example,1,,,,,rand_similar,,,,,,,"ig,bertscore,ot,attention_weighted,dla,attention_standalone,retrieval_mark"
452,google/mt5-base,mT5-base,t5,1,abtt_optimal,hidden,mean,10,0.4371859296482412,0.9949748743718592,0.4371859296482412,,,1195,1197,/projects/beto/irowerojas/localLatin/data/canon/Can.apost.46/Hat42.148v.5.txt,/projects/beto/irowerojas/localLatin/data/canon/Can.apost.46/Vat5845.10r.5.txt,Can.apost.46,Can.apost.46,Can.apost.46,pair_example,1,,,,,rand_similar,,,,,,,"ig,bertscore,ot,attention_weighted,dla,attention_standalone,retrieval_mark"
453,google/mt5-base,mT5-base,t5,1,abtt_optimal,hidden,mean,10,0.4371859296482412,0.9949748743718592,0.4371859296482412,,,1171,1168,/projects/beto/irowerojas/localLatin/data/canon/Can.apost.41/Vat5845.9v.4.txt,/projects/beto/irowerojas/localLatin/data/canon/Can.apost.41/Hat42.148r.3.txt,Can.apost.41,Can.apost.41,Can.apost.41,pair_example,1,,,,,rand_similar,,,,,,,"ig,bertscore,ot,attention_weighted,dla,attention_standalone,retrieval_mark"
454,google/mt5-base,mT5-base,t5,1,abtt_optimal,hidden,mean,10,0.4371859296482412,0.9949748743718592,0.4371859296482412,,,140,141,/projects/beto/irowerojas/localLatin/data/canon/CANC.314.23/C1525.21r.6.txt,/projects/beto/irowerojas/localLatin/data/canon/CANC.314.23/D1723.529.4.txt,CANC.314.23,CANC.314.23,CANC.314.23,pair_example,1,,,,,rand_similar,,,,,,,"ig,bertscore,ot,attention_weighted,dla,attention_standalone,retrieval_mark"
455,google/mt5-base,mT5-base,t5,1,abtt_optimal,hidden,mean,10,0.4371859296482412,0.9949748743718592,0.4371859296482412,,,237,242,/projects/beto/irowerojas/localLatin/data/canon/CANT.328.20/BAV1341.18r.1.txt,/projects/beto/irowerojas/localLatin/data/canon/CANT.328.20/Hat42.172r.1.txt,CANT.328.20,CANT.328.20,CANT.328.20,pair_example,1,,,,,rand_similar,,,,,,,"ig,bertscore,ot,attention_weighted,dla,attention_standalone,retrieval_mark"
456,google/mt5-base,mT5-base,t5,1,abtt_optimal,hidden,mean,10,0.4371859296482412,0.9949748743718592,0.4371859296482412,,,1114,1111,/projects/beto/irowerojas/localLatin/data/canon/Can.apost.31/Vat5845.8v.8.txt,/projects/beto/irowerojas/localLatin/data/canon/Can.apost.31/C1525.6r.6.txt,Can.apost.31,Can.apost.31,Can.apost.31,pair_example,1,,,,,rand_similar,,,,,,,"ig,bertscore,ot,attention_weighted,dla,attention_standalone,retrieval_mark"
457,google/mt5-base,mT5-base,t5,1,abtt_optimal,hidden,mean,10,0.4371859296482412,0.9949748743718592,0.4371859296482412,,,178,179,/projects/beto/irowerojas/localLatin/data/canon/CANC.314.9/BAV1341.11v.5.txt,/projects/beto/irowerojas/localLatin/data/canon/CANC.314.9/Brn425.55r.5.txt,CANC.314.9,CANC.314.9,CANC.314.9,pair_example,1,,,,,rand_similar,,,,,,,"ig,bertscore,ot,attention_weighted,dla,attention_standalone,retrieval_mark"
458,google/mt5-base,mT5-base,t5,1,abtt_optimal,hidden,mean,10,0.4371859296482412,0.9949748743718592,0.4371859296482412,,,608,610,/projects/beto/irowerojas/localLatin/data/canon/CNEO.315.10/BAV1341.13r.3.txt,/projects/beto/irowerojas/localLatin/data/canon/CNEO.315.10/C1525.23r.3.txt,CNEO.315.10,CNEO.315.10,CNEO.315.10,pair_example,1,,,,,rand_similar,,,,,,,"ig,bertscore,ot,attention_weighted,dla,attention_standalone,retrieval_mark"
459,google/mt5-base,mT5-base,t5,1,abtt_optimal,hidden,mean,10,0.4371859296482412,0.9949748743718592,0.4371859296482412,,,793,791,/projects/beto/irowerojas/localLatin/data/canon/CORA.441.2/Brn425.55v.11.txt,/projects/beto/irowerojas/localLatin/data/canon/CORA.441.2/BAV1341.49v.11.txt,CORA.441.2,CORA.441.2,CORA.441.2,pair_example,1,,,,,rand_similar,,,,,,,"ig,bertscore,ot,attention_weighted,dla,attention_standalone,retrieval_mark"
460,google/mt5-base,mT5-base,t5,1,abtt_optimal,hidden,mean,10,0.4371859296482412,0.9949748743718592,0.4371859296482412,,,60,61,/projects/beto/irowerojas/localLatin/data/canon/CANC.314.10/BAV1341.11v.6.txt,/projects/beto/irowerojas/localLatin/data/canon/CANC.314.10/Brn425.23v.4.txt,CANC.314.10,CANC.314.10,CANC.314.10,pair_example,1,,,,,rand_similar,,,,,,,"ig,bertscore,ot,attention_weighted,dla,attention_standalone,retrieval_mark"
461,google/mt5-base,mT5-base,t5,1,abtt_optimal,hidden,mean,10,0.4371859296482412,0.9949748743718592,0.4371859296482412,,,521,525,/projects/beto/irowerojas/localLatin/data/canon/CGAN.355.6/Brn425.36r.4.txt,/projects/beto/irowerojas/localLatin/data/canon/CGAN.355.6/KoeD213.29v.4.txt,CGAN.355.6,CGAN.355.6,CGAN.355.6,pair_example,1,,,,,rand_similar,,,,,,,"ig,bertscore,ot,attention_weighted,dla,attention_standalone,retrieval_mark"
462,google/mt5-base,mT5-base,t5,1,abtt_optimal,hidden,mean,10,0.4371859296482412,0.9949748743718592,0.4371859296482412,,,1211,1214,/projects/beto/irowerojas/localLatin/data/canon/Can.apost.49/C1525.7v.6.txt,/projects/beto/irowerojas/localLatin/data/canon/Can.apost.49/Vat5845.10v.1.txt,Can.apost.49,Can.apost.49,Can.apost.49,pair_example,1,,,,,rand_similar,,,,,,,"ig,bertscore,ot,attention_weighted,dla,attention_standalone,retrieval_mark"
463,google/mt5-base,mT5-base,t5,1,abtt_optimal,hidden,mean,10,0.4371859296482412,0.9949748743718592,0.4371859296482412,,,1243,1245,/projects/beto/irowerojas/localLatin/data/canon/Can.apost.9/C1525.4v.7.txt,/projects/beto/irowerojas/localLatin/data/canon/Can.apost.9/KoeD213.5r.5.txt,Can.apost.9,Can.apost.9,Can.apost.9,pair_example,1,,,,,rand_similar,,,,,,,"ig,bertscore,ot,attention_weighted,dla,attention_standalone,retrieval_mark"
464,google/mt5-base,mT5-base,t5,1,abtt_optimal,hidden,mean,10,0.4371859296482412,0.9949748743718592,0.4371859296482412,,,256,258,/projects/beto/irowerojas/localLatin/data/canon/CANT.328.24/BAV1341.18r.5.txt,/projects/beto/irowerojas/localLatin/data/canon/CANT.328.24/C1525.30r.4.txt,CANT.328.24,CANT.328.24,CANT.328.24,pair_example,1,,,,,rand_similar,,,,,,,"ig,bertscore,ot,attention_weighted,dla,attention_standalone,retrieval_mark"
465,google/mt5-base,mT5-base,t5,1,abtt_optimal,hidden,mean,10,0.4371859296482412,0.9949748743718592,0.4371859296482412,,,990,992,/projects/beto/irowerojas/localLatin/data/canon/Can.apost.1/Hat42.144r.1.txt,/projects/beto/irowerojas/localLatin/data/canon/Can.apost.1/Vat5845.7r.4.txt,Can.apost.1,Can.apost.1,Can.apost.1,pair_example,1,,,,,rand_similar,,,,,,,"ig,bertscore,ot,attention_weighted,dla,attention_standalone,retrieval_mark"
466,google/mt5-base,mT5-base,t5,1,abtt_optimal,hidden,mean,10,0.4371859296482412,0.9949748743718592,0.4371859296482412,,,121,117,/projects/beto/irowerojas/localLatin/data/canon/CANC.314.20/D1723.530.5.txt,/projects/beto/irowerojas/localLatin/data/canon/CANC.314.20/Brn425.21v.3.txt,CANC.314.20,CANC.314.20,CANC.314.20,pair_example,1,,,,,rand_similar,,,,,,,"ig,bertscore,ot,attention_weighted,dla,attention_standalone,retrieval_mark"
467,google/mt5-base,mT5-base,t5,1,abtt_optimal,hidden,mean,10,0.4371859296482412,0.9949748743718592,0.4371859296482412,,,1082,1083,/projects/beto/irowerojas/localLatin/data/canon/Can.apost.26/Hat42.146v.1.txt,/projects/beto/irowerojas/localLatin/data/canon/Can.apost.26/KoeD213.7r.1.txt,Can.apost.26,Can.apost.26,Can.apost.26,pair_example,1,,,,,rand_similar,,,,,,,"ig,bertscore,ot,attention_weighted,dla,attention_standalone,retrieval_mark"
468,google/mt5-base,mT5-base,t5,1,abtt_optimal,hidden,mean,10,0.4371859296482412,0.9949748743718592,0.4371859296482412,,,529,531,/projects/beto/irowerojas/localLatin/data/canon/CGAN.355.7/D1723.538.8.txt,/projects/beto/irowerojas/localLatin/data/canon/CGAN.355.7/KoeD213.29v.5.txt,CGAN.355.7,CGAN.355.7,CGAN.355.7,pair_example,1,,,,,rand_similar,,,,,,,"ig,bertscore,ot,attention_weighted,dla,attention_standalone,retrieval_mark"
469,google/mt5-base,mT5-base,t5,1,abtt_optimal,hidden,mean,10,0.4371859296482412,0.9949748743718592,0.4371859296482412,,,1005,1006,/projects/beto/irowerojas/localLatin/data/canon/Can.apost.12/C1525.5r.3.txt,/projects/beto/irowerojas/localLatin/data/canon/Can.apost.12/Hat42.145r.2.txt,Can.apost.12,Can.apost.12,Can.apost.12,pair_example,1,,,,,rand_similar,,,,,,,"ig,bertscore,ot,attention_weighted,dla,attention_standalone,retrieval_mark"
470,google/mt5-base,mT5-base,t5,1,abtt_optimal,hidden,mean,10,0.4371859296482412,0.9949748743718592,0.4371859296482412,,,206,203,/projects/beto/irowerojas/localLatin/data/canon/CANT.328.13/Hat42.170v.1.txt,/projects/beto/irowerojas/localLatin/data/canon/CANT.328.13/Brn425.58v.1.txt,CANT.328.13,CANT.328.13,CANT.328.13,pair_example,1,,,,,rand_similar,,,,,,,"ig,bertscore,ot,attention_weighted,dla,attention_standalone,retrieval_mark"
471,google/mt5-base,mT5-base,t5,1,abtt_optimal,hidden,mean,10,0.4371859296482412,0.9949748743718592,0.4371859296482412,,,687,691,/projects/beto/irowerojas/localLatin/data/canon/CNIC.325.11/Brn425.17v.1.txt,/projects/beto/irowerojas/localLatin/data/canon/CNIC.325.11/KoeD213.13v.3.txt,CNIC.325.11,CNIC.325.11,CNIC.325.11,pair_example,1,,,,,rand_similar,,,,,,,"ig,bertscore,ot,attention_weighted,dla,attention_standalone,retrieval_mark"
472,google/mt5-base,mT5-base,t5,1,abtt_optimal,hidden,mean,10,0.4371859296482412,0.9949748743718592,0.4371859296482412,,,187,190,/projects/beto/irowerojas/localLatin/data/canon/CANT.328.10/BAV1341.17r.8.txt,/projects/beto/irowerojas/localLatin/data/canon/CANT.328.10/D1723.557.5.txt,CANT.328.10,CANT.328.10,CANT.328.10,pair_example,1,,,,,rand_similar,,,,,,,"ig,bertscore,ot,attention_weighted,dla,attention_standalone,retrieval_mark"
473,google/mt5-base,mT5-base,t5,1,abtt_optimal,hidden,mean,10,0.4371859296482412,0.9949748743718592,0.4371859296482412,,,633,636,/projects/beto/irowerojas/localLatin/data/canon/CNEO.315.14/BAV1341.13r.7.txt,/projects/beto/irowerojas/localLatin/data/canon/CNEO.315.14/D1723.556.8.txt,CNEO.315.14,CNEO.315.14,CNEO.315.14,pair_example,1,,,,,rand_similar,,,,,,,"ig,bertscore,ot,attention_weighted,dla,attention_standalone,retrieval_mark"
474,google/mt5-base,mT5-base,t5,1,abtt_optimal,hidden,mean,10,0.4371859296482412,0.9949748743718592,0.4371859296482412,,,832,829,/projects/beto/irowerojas/localLatin/data/canon/CORL.511.17/D1723.540.1.txt,/projects/beto/irowerojas/localLatin/data/canon/CORL.511.17/BAV1341.55r.5.txt,CORL.511.17,CORL.511.17,CORL.511.17,pair_example,1,,,,,rand_similar,,,,,,,"ig,bertscore,ot,attention_weighted,dla,attention_standalone,retrieval_mark"
475,google/mt5-base,mT5-base,t5,1,abtt_optimal,hidden,mean,10,0.4371859296482412,0.9949748743718592,0.4371859296482412,,,1213,1214,/projects/beto/irowerojas/localLatin/data/canon/Can.apost.49/KoeD213.10r.2.txt,/projects/beto/irowerojas/localLatin/data/canon/Can.apost.49/Vat5845.10v.1.txt,Can.apost.49,Can.apost.49,Can.apost.49,pair_example,1,,,,,rand_similar,,,,,,,"ig,bertscore,ot,attention_weighted,dla,attention_standalone,retrieval_mark"
476,google/mt5-base,mT5-base,t5,1,abtt_optimal,hidden,mean,10,0.4371859296482412,0.9949748743718592,0.4371859296482412,,,745,744,/projects/beto/irowerojas/localLatin/data/canon/CNIC.325.3/D1723.524.9.txt,/projects/beto/irowerojas/localLatin/data/canon/CNIC.325.3/C1525.11r.3.txt,CNIC.325.3,CNIC.325.3,CNIC.325.3,pair_example,1,,,,,rand_similar,,,,,,,"ig,bertscore,ot,attention_weighted,dla,attention_standalone,retrieval_mark"
477,google/mt5-base,mT5-base,t5,1,abtt_optimal,hidden,mean,10,0.4371859296482412,0.9949748743718592,0.4371859296482412,,,200,197,/projects/beto/irowerojas/localLatin/data/canon/CANT.328.12/D1723.537.7.txt,/projects/beto/irowerojas/localLatin/data/canon/CANT.328.12/BAV1341.17v.2.txt,CANT.328.12,CANT.328.12,CANT.328.12,pair_example,1,,,,,rand_similar,,,,,,,"ig,bertscore,ot,attention_weighted,dla,attention_standalone,retrieval_mark"
478,google/mt5-base,mT5-base,t5,1,abtt_optimal,hidden,mean,10,0.4371859296482412,0.9949748743718592,0.4371859296482412,,,1159,1158,/projects/beto/irowerojas/localLatin/data/canon/Can.apost.4/KoeD213.4v.7.txt,/projects/beto/irowerojas/localLatin/data/canon/Can.apost.4/Hat42.144r.4.txt,Can.apost.4,Can.apost.4,Can.apost.4,pair_example,1,,,,,rand_similar,,,,,,,"ig,bertscore,ot,attention_weighted,dla,attention_standalone,retrieval_mark"
479,google/mt5-base,mT5-base,t5,1,abtt_optimal,hidden,mean,10,0.4371859296482412,0.9949748743718592,0.4371859296482412,,,1208,1204,/projects/beto/irowerojas/localLatin/data/canon/Can.apost.48/Vat5845.10r.7.txt,/projects/beto/irowerojas/localLatin/data/canon/Can.apost.48/BN2123.89r.5.txt,Can.apost.48,Can.apost.48,Can.apost.48,pair_example,1,,,,,rand_similar,,,,,,,"ig,bertscore,ot,attention_weighted,dla,attention_standalone,retrieval_mark"
480,google/mt5-base,mT5-base,t5,1,abtt_optimal,hidden,mean,10,0.4371859296482412,0.9949748743718592,0.4371859296482412,,,105,104,/projects/beto/irowerojas/localLatin/data/canon/CANC.314.18/KoeD213.24r.2.txt,/projects/beto/irowerojas/localLatin/data/canon/CANC.314.18/Hat42.159r.3.txt,CANC.314.18,CANC.314.18,CANC.314.18,pair_example,1,,,,,rand_similar,,,,,,,"ig,bertscore,ot,attention_weighted,dla,attention_standalone,retrieval_mark"
481,google/mt5-base,mT5-base,t5,1,abtt_optimal,hidden,mean,10,0.4371859296482412,0.9949748743718592,0.4371859296482412,,,1069,1065,/projects/beto/irowerojas/localLatin/data/canon/Can.apost.23/Vat5845.8r.8.txt,/projects/beto/irowerojas/localLatin/data/canon/Can.apost.23/BAV1341.7r.17.txt,Can.apost.23,Can.apost.23,Can.apost.23,pair_example,1,,,,,rand_similar,,,,,,,"ig,bertscore,ot,attention_weighted,dla,attention_standalone,retrieval_mark"
482,google/mt5-base,mT5-base,t5,1,abtt_optimal,hidden,mean,10,0.4371859296482412,0.9949748743718592,0.4371859296482412,,,88,86,/projects/beto/irowerojas/localLatin/data/canon/CANC.314.15/KoeD213.23r.2.txt,/projects/beto/irowerojas/localLatin/data/canon/CANC.314.15/D1723.525.2.txt,CANC.314.15,CANC.314.15,CANC.314.15,pair_example,1,,,,,rand_similar,,,,,,,"ig,bertscore,ot,attention_weighted,dla,attention_standalone,retrieval_mark"
483,google/mt5-base,mT5-base,t5,1,abtt_optimal,hidden,mean,10,0.4371859296482412,0.9949748743718592,0.4371859296482412,,,827,828,/projects/beto/irowerojas/localLatin/data/canon/CORL.511.16/Brn425.61v.2.txt,/projects/beto/irowerojas/localLatin/data/canon/CORL.511.16/D1723.560.4.txt,CORL.511.16,CORL.511.16,CORL.511.16,pair_example,1,,,,,rand_similar,,,,,,,"ig,bertscore,ot,attention_weighted,dla,attention_standalone,retrieval_mark"
484,google/mt5-base,mT5-base,t5,1,abtt_optimal,hidden,mean,10,0.4371859296482412,0.9949748743718592,0.4371859296482412,,,836,837,/projects/beto/irowerojas/localLatin/data/canon/CORL.511.2/BAV1341.54v.17.txt,/projects/beto/irowerojas/localLatin/data/canon/CORL.511.2/BN2123.98r.3.txt,CORL.511.2,CORL.511.2,CORL.511.2,pair_example,1,,,,,rand_similar,,,,,,,"ig,bertscore,ot,attention_weighted,dla,attention_standalone,retrieval_mark"
485,google/mt5-base,mT5-base,t5,1,abtt_optimal,hidden,mean,10,0.4371859296482412,0.9949748743718592,0.4371859296482412,,,647,646,/projects/beto/irowerojas/localLatin/data/canon/CNEO.315.3/Brn425.24v.2.txt,/projects/beto/irowerojas/localLatin/data/canon/CNEO.315.3/BAV1341.12v.18.txt,CNEO.315.3,CNEO.315.3,CNEO.315.3,pair_example,1,,,,,rand_similar,,,,,,,"ig,bertscore,ot,attention_weighted,dla,attention_standalone,retrieval_mark"
486,google/mt5-base,mT5-base,t5,1,abtt_optimal,hidden,mean,10,0.4371859296482412,0.9949748743718592,0.4371859296482412,,,103,105,/projects/beto/irowerojas/localLatin/data/canon/CANC.314.18/D1723.547.5.txt,/projects/beto/irowerojas/localLatin/data/canon/CANC.314.18/KoeD213.24r.2.txt,CANC.314.18,CANC.314.18,CANC.314.18,pair_example,1,,,,,rand_similar,,,,,,,"ig,bertscore,ot,attention_weighted,dla,attention_standalone,retrieval_mark"
487,google/mt5-base,mT5-base,t5,1,abtt_optimal,hidden,mean,10,0.4371859296482412,0.9949748743718592,0.4371859296482412,,,196,192,/projects/beto/irowerojas/localLatin/data/canon/CANT.328.11/Hat42.170r.1.txt,/projects/beto/irowerojas/localLatin/data/canon/CANT.328.11/BAV1341.17v.1.txt,CANT.328.11,CANT.328.11,CANT.328.11,pair_example,1,,,,,rand_similar,,,,,,,"ig,bertscore,ot,attention_weighted,dla,attention_standalone,retrieval_mark"
488,google/mt5-base,mT5-base,t5,1,abtt_optimal,hidden,mean,10,0.4371859296482412,0.9949748743718592,0.4371859296482412,,,636,635,/projects/beto/irowerojas/localLatin/data/canon/CNEO.315.14/D1723.556.8.txt,/projects/beto/irowerojas/localLatin/data/canon/CNEO.315.14/C1525.23v.1.txt,CNEO.315.14,CNEO.315.14,CNEO.315.14,pair_example,1,,,,,rand_similar,,,,,,,"ig,bertscore,ot,attention_weighted,dla,attention_standalone,retrieval_mark"
489,google/mt5-base,mT5-base,t5,1,abtt_optimal,hidden,mean,10,0.4371859296482412,0.9949748743718592,0.4371859296482412,,,674,670,/projects/beto/irowerojas/localLatin/data/canon/CNEO.315.8/KoeD213.26r.4.txt,/projects/beto/irowerojas/localLatin/data/canon/CNEO.315.8/BAV1341.13r.1.txt,CNEO.315.8,CNEO.315.8,CNEO.315.8,pair_example,1,,,,,rand_similar,,,,,,,"ig,bertscore,ot,attention_weighted,dla,attention_standalone,retrieval_mark"
490,google/mt5-base,mT5-base,t5,1,abtt_optimal,hidden,mean,10,0.4371859296482412,0.9949748743718592,0.4371859296482412,,,290,289,/projects/beto/irowerojas/localLatin/data/canon/CANT.328.8/C1525.28r.5.txt,/projects/beto/irowerojas/localLatin/data/canon/CANT.328.8/Brn425.64r.1.txt,CANT.328.8,CANT.328.8,CANT.328.8,pair_example,1,,,,,rand_similar,,,,,,,"ig,bertscore,ot,attention_weighted,dla,attention_standalone,retrieval_mark"
491,google/mt5-base,mT5-base,t5,1,abtt_optimal,hidden,mean,10,0.4371859296482412,0.9949748743718592,0.4371859296482412,,,87,86,/projects/beto/irowerojas/localLatin/data/canon/CANC.314.15/Hat42.158v.2.txt,/projects/beto/irowerojas/localLatin/data/canon/CANC.314.15/D1723.525.2.txt,CANC.314.15,CANC.314.15,CANC.314.15,pair_example,1,,,,,rand_similar,,,,,,,"ig,bertscore,ot,attention_weighted,dla,attention_standalone,retrieval_mark"
492,google/mt5-base,mT5-base,t5,1,abtt_optimal,hidden,mean,10,0.4371859296482412,0.9949748743718592,0.4371859296482412,,,133,131,/projects/beto/irowerojas/localLatin/data/canon/CANC.314.22/Brn425.27r.5.txt,/projects/beto/irowerojas/localLatin/data/canon/CANC.314.22/BAV1341.12r.9.txt,CANC.314.22,CANC.314.22,CANC.314.22,pair_example,1,,,,,rand_similar,,,,,,,"ig,bertscore,ot,attention_weighted,dla,attention_standalone,retrieval_mark"
493,google/mt5-base,mT5-base,t5,1,abtt_optimal,hidden,mean,10,0.4371859296482412,0.9949748743718592,0.4371859296482412,,,1228,1226,/projects/beto/irowerojas/localLatin/data/canon/Can.apost.6/Hat42.144v.1.txt,/projects/beto/irowerojas/localLatin/data/canon/Can.apost.6/BN2123.96v.14.txt,Can.apost.6,Can.apost.6,Can.apost.6,pair_example,1,,,,,rand_similar,,,,,,,"ig,bertscore,ot,attention_weighted,dla,attention_standalone,retrieval_mark"
494,google/mt5-base,mT5-base,t5,1,abtt_optimal,hidden,mean,10,0.4371859296482412,0.9949748743718592,0.4371859296482412,,,1198,1202,/projects/beto/irowerojas/localLatin/data/canon/Can.apost.47/BAV1341.7v.17.txt,/projects/beto/irowerojas/localLatin/data/canon/Can.apost.47/Vat5845.10r.6.txt,Can.apost.47,Can.apost.47,Can.apost.47,pair_example,1,,,,,rand_similar,,,,,,,"ig,bertscore,ot,attention_weighted,dla,attention_standalone,retrieval_mark"
495,google/mt5-base,mT5-base,t5,1,abtt_optimal,hidden,mean,10,0.4371859296482412,0.9949748743718592,0.4371859296482412,,,60,65,/projects/beto/irowerojas/localLatin/data/canon/CANC.314.10/BAV1341.11v.6.txt,/projects/beto/irowerojas/localLatin/data/canon/CANC.314.10/KoeD213.22v.1.txt,CANC.314.10,CANC.314.10,CANC.314.10,pair_example,1,,,,,rand_similar,,,,,,,"ig,bertscore,ot,attention_weighted,dla,attention_standalone,retrieval_mark"
496,google/mt5-base,mT5-base,t5,1,abtt_optimal,hidden,mean,10,0.4371859296482412,0.9949748743718592,0.4371859296482412,,,81,80,/projects/beto/irowerojas/localLatin/data/canon/CANC.314.14/Hat42.158v.1.txt,/projects/beto/irowerojas/localLatin/data/canon/CANC.314.14/C1525.20v.1.txt,CANC.314.14,CANC.314.14,CANC.314.14,pair_example,1,,,,,rand_similar,,,,,,,"ig,bertscore,ot,attention_weighted,dla,attention_standalone,retrieval_mark"
497,google/mt5-base,mT5-base,t5,1,abtt_optimal,hidden,mean,10,0.4371859296482412,0.9949748743718592,0.4371859296482412,,,1136,1138,/projects/beto/irowerojas/localLatin/data/canon/Can.apost.36/C1525.6v.4.txt,/projects/beto/irowerojas/localLatin/data/canon/Can.apost.36/KoeD213.8r.2.txt,Can.apost.36,Can.apost.36,Can.apost.36,pair_example,1,,,,,rand_similar,,,,,,,"ig,bertscore,ot,attention_weighted,dla,attention_standalone,retrieval_mark"
498,google/mt5-base,mT5-base,t5,1,abtt_optimal,hidden,mean,10,0.4371859296482412,0.9949748743718592,0.4371859296482412,,,1144,1141,/projects/beto/irowerojas/localLatin/data/canon/Can.apost.37/KoeD213.8r.3.txt,/projects/beto/irowerojas/localLatin/data/canon/Can.apost.37/BN2123.84v.8.txt,Can.apost.37,Can.apost.37,Can.apost.37,pair_example,1,,,,,rand_similar,,,,,,,"ig,bertscore,ot,attention_weighted,dla,attention_standalone,retrieval_mark"
499,google/mt5-base,mT5-base,t5,1,abtt_optimal,hidden,mean,10,0.4371859296482412,0.9949748743718592,0.4371859296482412,,,1028,1027,/projects/beto/irowerojas/localLatin/data/canon/Can.apost.16/Vat5845.8r.1.txt,/projects/beto/irowerojas/localLatin/data/canon/Can.apost.16/KoeD213.6r.2.txt,Can.apost.16,Can.apost.16,Can.apost.16,pair_example,1,,,,,rand_similar,,,,,,,"ig,bertscore,ot,attention_weighted,dla,attention_standalone,retrieval_mark"
500,google/mt5-base,mT5-base,t5,1,abtt_optimal,hidden,mean,10,0.4371859296482412,0.9949748743718592,0.4371859296482412,,,1075,1078,/projects/beto/irowerojas/localLatin/data/canon/Can.apost.25/BAV1341.7r.19.txt,/projects/beto/irowerojas/localLatin/data/canon/Can.apost.25/KoeD213.6v.8.txt,Can.apost.25,Can.apost.25,Can.apost.25,pair_example,1,,,,,rand_similar,,,,,,,"ig,bertscore,ot,attention_weighted,dla,attention_standalone,retrieval_mark"
501,google/mt5-base,mT5-base,t5,1,abtt_optimal,hidden,mean,10,0.4371859296482412,0.9949748743718592,0.4371859296482412,,,1174,1177,/projects/beto/irowerojas/localLatin/data/canon/Can.apost.42/C1525.7r.4.txt,/projects/beto/irowerojas/localLatin/data/canon/Can.apost.42/Vat5845.10r.1.txt,Can.apost.42,Can.apost.42,Can.apost.42,pair_example,1,,,,,rand_similar,,,,,,,"ig,bertscore,ot,attention_weighted,dla,attention_standalone,retrieval_mark"
502,google/mt5-base,mT5-base,t5,1,abtt_optimal,hidden,mean,10,0.4371859296482412,0.9949748743718592,0.4371859296482412,,,1231,1232,/projects/beto/irowerojas/localLatin/data/canon/Can.apost.7/BAV1341.7r.1.txt,/projects/beto/irowerojas/localLatin/data/canon/Can.apost.7/BN2123.87v.4.txt,Can.apost.7,Can.apost.7,Can.apost.7,pair_example,1,,,,,rand_similar,,,,,,,"ig,bertscore,ot,attention_weighted,dla,attention_standalone,retrieval_mark"
503,google/mt5-base,mT5-base,t5,1,abtt_optimal,hidden,mean,10,0.4371859296482412,0.9949748743718592,0.4371859296482412,,,293,296,/projects/beto/irowerojas/localLatin/data/canon/CANT.328.9/BAV1341.17r.7.txt,/projects/beto/irowerojas/localLatin/data/canon/CANT.328.9/D1723.563.1.txt,CANT.328.9,CANT.328.9,CANT.328.9,pair_example,1,,,,,rand_similar,,,,,,,"ig,bertscore,ot,attention_weighted,dla,attention_standalone,retrieval_mark"
504,google/mt5-base,mT5-base,t5,1,abtt_optimal,hidden,mean,10,0.4371859296482412,0.9949748743718592,0.4371859296482412,,,1003,999,/projects/beto/irowerojas/localLatin/data/canon/Can.apost.11/Vat5845.7v.3.txt,/projects/beto/irowerojas/localLatin/data/canon/Can.apost.11/BAV1341.7r.5.txt,Can.apost.11,Can.apost.11,Can.apost.11,pair_example,1,,,,,rand_similar,,,,,,,"ig,bertscore,ot,attention_weighted,dla,attention_standalone,retrieval_mark"
505,google/mt5-base,mT5-base,t5,1,abtt_optimal,hidden,mean,10,0.4371859296482412,0.9949748743718592,0.4371859296482412,,,347,346,/projects/beto/irowerojas/localLatin/data/canon/CARL.501?.25/Brn425.31v.4.txt,/projects/beto/irowerojas/localLatin/data/canon/CARL.501?.25/Brn425.14r.1.txt,CARL.501?.25,CARL.501?.25,CARL.501?.25,pair_example,1,,,,,rand_similar,,,,,,,"ig,bertscore,ot,attention_weighted,dla,attention_standalone,retrieval_mark"
506,google/mt5-base,mT5-base,t5,1,abtt_optimal,hidden,mean,10,0.4371859296482412,0.9949748743718592,0.4371859296482412,,,1144,1143,/projects/beto/irowerojas/localLatin/data/canon/Can.apost.37/KoeD213.8r.3.txt,/projects/beto/irowerojas/localLatin/data/canon/Can.apost.37/Hat42.147v.2.txt,Can.apost.37,Can.apost.37,Can.apost.37,pair_example,1,,,,,rand_similar,,,,,,,"ig,bertscore,ot,attention_weighted,dla,attention_standalone,retrieval_mark"
507,google/mt5-base,mT5-base,t5,1,abtt_optimal,hidden,mean,10,0.4371859296482412,0.9949748743718592,0.4371859296482412,,,1222,1223,/projects/beto/irowerojas/localLatin/data/canon/Can.apost.50/Hat42.149r.4.txt,/projects/beto/irowerojas/localLatin/data/canon/Can.apost.50/KoeD213.10r.3.txt,Can.apost.50,Can.apost.50,Can.apost.50,pair_example,1,,,,,rand_similar,,,,,,,"ig,bertscore,ot,attention_weighted,dla,attention_standalone,retrieval_mark"
508,google/mt5-base,mT5-base,t5,1,abtt_optimal,hidden,mean,10,0.4371859296482412,0.9949748743718592,0.4371859296482412,,,676,675,/projects/beto/irowerojas/localLatin/data/canon/CNEO.315.9/C1525.23r.2.txt,/projects/beto/irowerojas/localLatin/data/canon/CNEO.315.9/BAV1341.13r.2.txt,CNEO.315.9,CNEO.315.9,CNEO.315.9,pair_example,1,,,,,rand_similar,,,,,,,"ig,bertscore,ot,attention_weighted,dla,attention_standalone,retrieval_mark"
509,google/mt5-base,mT5-base,t5,1,abtt_optimal,hidden,mean,10,0.4371859296482412,0.9949748743718592,0.4371859296482412,,,93,89,/projects/beto/irowerojas/localLatin/data/canon/CANC.314.16/D1723.525.3.txt,/projects/beto/irowerojas/localLatin/data/canon/CANC.314.16/BAV1341.12r.3.txt,CANC.314.16,CANC.314.16,CANC.314.16,pair_example,1,,,,,rand_similar,,,,,,,"ig,bertscore,ot,attention_weighted,dla,attention_standalone,retrieval_mark"
510,google/mt5-base,mT5-base,t5,1,abtt_optimal,hidden,mean,10,0.4371859296482412,0.9949748743718592,0.4371859296482412,,,660,664,/projects/beto/irowerojas/localLatin/data/canon/CNEO.315.6/BAV1341.12v.21.txt,/projects/beto/irowerojas/localLatin/data/canon/CNEO.315.6/Hat42.161r.3.txt,CNEO.315.6,CNEO.315.6,CNEO.315.6,pair_example,1,,,,,rand_similar,,,,,,,"ig,bertscore,ot,attention_weighted,dla,attention_standalone,retrieval_mark"
511,google/mt5-base,mT5-base,t5,1,abtt_optimal,hidden,mean,10,0.4371859296482412,0.9949748743718592,0.4371859296482412,,,849,848,/projects/beto/irowerojas/localLatin/data/canon/CORL.511.25/BN2123.90r.7.txt,/projects/beto/irowerojas/localLatin/data/canon/CORL.511.25/BAV1341.55r.12.txt,CORL.511.25,CORL.511.25,CORL.511.25,pair_example,1,,,,,rand_similar,,,,,,,"ig,bertscore,ot,attention_weighted,dla,attention_standalone,retrieval_mark"
512,google/mt5-base,mT5-base,t5,1,abtt_optimal,hidden,mean,10,0.4371859296482412,0.9949748743718592,0.4371859296482412,,,56,59,/projects/beto/irowerojas/localLatin/data/canon/CANC.314.1/BAV1341.11r.9.txt,/projects/beto/irowerojas/localLatin/data/canon/CANC.314.1/KoeD213.20r.1.txt,CANC.314.1,CANC.314.1,CANC.314.1,pair_example,1,,,,,rand_similar,,,,,,,"ig,bertscore,ot,attention_weighted,dla,attention_standalone,retrieval_mark"
513,google/mt5-base,mT5-base,t5,1,abtt_optimal,hidden,mean,10,0.4371859296482412,0.9949748743718592,0.4371859296482412,,,1148,1147,/projects/beto/irowerojas/localLatin/data/canon/Can.apost.38/Hat42.147v.3.txt,/projects/beto/irowerojas/localLatin/data/canon/Can.apost.38/C1525.6v.6.txt,Can.apost.38,Can.apost.38,Can.apost.38,pair_example,1,,,,,rand_similar,,,,,,,"ig,bertscore,ot,attention_weighted,dla,attention_standalone,retrieval_mark"
514,google/mt5-base,mT5-base,t5,1,abtt_optimal,hidden,mean,10,0.4371859296482412,0.9949748743718592,0.4371859296482412,,,1170,1171,/projects/beto/irowerojas/localLatin/data/canon/Can.apost.41/KoeD213.9v.1.txt,/projects/beto/irowerojas/localLatin/data/canon/Can.apost.41/Vat5845.9v.4.txt,Can.apost.41,Can.apost.41,Can.apost.41,pair_example,1,,,,,rand_similar,,,,,,,"ig,bertscore,ot,attention_weighted,dla,attention_standalone,retrieval_mark"
515,google/mt5-base,mT5-base,t5,1,abtt_optimal,hidden,mean,10,0.4371859296482412,0.9949748743718592,0.4371859296482412,,,854,855,/projects/beto/irowerojas/localLatin/data/canon/CORL.511.26/Brn425.43v.2.txt,/projects/beto/irowerojas/localLatin/data/canon/CORL.511.26/D1723.544.5.txt,CORL.511.26,CORL.511.26,CORL.511.26,pair_example,1,,,,,rand_similar,,,,,,,"ig,bertscore,ot,attention_weighted,dla,attention_standalone,retrieval_mark"
516,google/mt5-base,mT5-base,t5,1,abtt_optimal,hidden,mean,10,0.4371859296482412,0.9949748743718592,0.4371859296482412,,,612,610,/projects/beto/irowerojas/localLatin/data/canon/CNEO.315.10/Hat42.161v.1.txt,/projects/beto/irowerojas/localLatin/data/canon/CNEO.315.10/C1525.23r.3.txt,CNEO.315.10,CNEO.315.10,CNEO.315.10,pair_example,1,,,,,rand_similar,,,,,,,"ig,bertscore,ot,attention_weighted,dla,attention_standalone,retrieval_mark"
517,google/mt5-base,mT5-base,t5,1,abtt_optimal,hidden,mean,10,0.4371859296482412,0.9949748743718592,0.4371859296482412,,,748,751,/projects/beto/irowerojas/localLatin/data/canon/CNIC.325.4/BN2123.81v.6.txt,/projects/beto/irowerojas/localLatin/data/canon/CNIC.325.4/D1723.557.9.txt,CNIC.325.4,CNIC.325.4,CNIC.325.4,pair_example,1,,,,,rand_similar,,,,,,,"ig,bertscore,ot,attention_weighted,dla,attention_standalone,retrieval_mark"
518,google/mt5-base,mT5-base,t5,1,abtt_optimal,hidden,mean,10,0.4371859296482412,0.9949748743718592,0.4371859296482412,,,686,687,/projects/beto/irowerojas/localLatin/data/canon/CNIC.325.11/BN2123.86v.10.txt,/projects/beto/irowerojas/localLatin/data/canon/CNIC.325.11/Brn425.17v.1.txt,CNIC.325.11,CNIC.325.11,CNIC.325.11,pair_example,1,,,,,rand_similar,,,,,,,"ig,bertscore,ot,attention_weighted,dla,attention_standalone,retrieval_mark"
519,google/mt5-base,mT5-base,t5,1,abtt_optimal,hidden,mean,10,0.4371859296482412,0.9949748743718592,0.4371859296482412,,,1211,1213,/projects/beto/irowerojas/localLatin/data/canon/Can.apost.49/C1525.7v.6.txt,/projects/beto/irowerojas/localLatin/data/canon/Can.apost.49/KoeD213.10r.2.txt,Can.apost.49,Can.apost.49,Can.apost.49,pair_example,1,,,,,rand_similar,,,,,,,"ig,bertscore,ot,attention_weighted,dla,attention_standalone,retrieval_mark"
520,google/mt5-base,mT5-base,t5,1,abtt_optimal,hidden,mean,10,0.4371859296482412,0.9949748743718592,0.4371859296482412,,,474,475,/projects/beto/irowerojas/localLatin/data/canon/CGAN.355.11/D1723.538.10.txt,/projects/beto/irowerojas/localLatin/data/canon/CGAN.355.11/Hat42.165r.4.txt,CGAN.355.11,CGAN.355.11,CGAN.355.11,pair_example,1,,,,,rand_similar,,,,,,,"ig,bertscore,ot,attention_weighted,dla,attention_standalone,retrieval_mark"
521,google/mt5-base,mT5-base,t5,1,abtt_optimal,hidden,mean,10,0.4371859296482412,0.9949748743718592,0.4371859296482412,,,1087,1088,/projects/beto/irowerojas/localLatin/data/canon/Can.apost.27/Hat42.146v.2.txt,/projects/beto/irowerojas/localLatin/data/canon/Can.apost.27/KoeD213.7r.2.txt,Can.apost.27,Can.apost.27,Can.apost.27,pair_example,1,,,,,rand_similar,,,,,,,"ig,bertscore,ot,attention_weighted,dla,attention_standalone,retrieval_mark"
522,google/mt5-base,mT5-base,t5,1,abtt_optimal,hidden,mean,10,0.4371859296482412,0.9949748743718592,0.4371859296482412,,,612,608,/projects/beto/irowerojas/localLatin/data/canon/CNEO.315.10/Hat42.161v.1.txt,/projects/beto/irowerojas/localLatin/data/canon/CNEO.315.10/BAV1341.13r.3.txt,CNEO.315.10,CNEO.315.10,CNEO.315.10,pair_example,1,,,,,rand_similar,,,,,,,"ig,bertscore,ot,attention_weighted,dla,attention_standalone,retrieval_mark"
523,google/mt5-base,mT5-base,t5,1,abtt_optimal,hidden,mean,10,0.4371859296482412,0.9949748743718592,0.4371859296482412,,,1165,1162,/projects/beto/irowerojas/localLatin/data/canon/Can.apost.40/Vat5845.9v.3.txt,/projects/beto/irowerojas/localLatin/data/canon/Can.apost.40/C1525.7r.2.txt,Can.apost.40,Can.apost.40,Can.apost.40,pair_example,1,,,,,rand_similar,,,,,,,"ig,bertscore,ot,attention_weighted,dla,attention_standalone,retrieval_mark"
524,google/mt5-base,mT5-base,t5,1,abtt_optimal,hidden,mean,10,0.4371859296482412,0.9949748743718592,0.4371859296482412,,,176,174,/projects/beto/irowerojas/localLatin/data/canon/CANC.314.8/Hat42.157v.3.txt,/projects/beto/irowerojas/localLatin/data/canon/CANC.314.8/BAV1341.11v.4.txt,CANC.314.8,CANC.314.8,CANC.314.8,pair_example,1,,,,,rand_similar,,,,,,,"ig,bertscore,ot,attention_weighted,dla,attention_standalone,retrieval_mark"
525,google/mt5-base,mT5-base,t5,1,abtt_optimal,hidden,mean,10,0.4371859296482412,0.9949748743718592,0.4371859296482412,,,1203,1208,/projects/beto/irowerojas/localLatin/data/canon/Can.apost.48/BAV1341.7v.18.txt,/projects/beto/irowerojas/localLatin/data/canon/Can.apost.48/Vat5845.10r.7.txt,Can.apost.48,Can.apost.48,Can.apost.48,pair_example,1,,,,,rand_similar,,,,,,,"ig,bertscore,ot,attention_weighted,dla,attention_standalone,retrieval_mark"
526,google/mt5-base,mT5-base,t5,1,abtt_optimal,hidden,mean,10,0.4371859296482412,0.9949748743718592,0.4371859296482412,,,242,238,/projects/beto/irowerojas/localLatin/data/canon/CANT.328.20/Hat42.172r.1.txt,/projects/beto/irowerojas/localLatin/data/canon/CANT.328.20/BN2123.76v.2.txt,CANT.328.20,CANT.328.20,CANT.328.20,pair_example,1,,,,,rand_similar,,,,,,,"ig,bertscore,ot,attention_weighted,dla,attention_standalone,retrieval_mark"
527,google/mt5-base,mT5-base,t5,1,abtt_optimal,hidden,mean,10,0.4371859296482412,0.9949748743718592,0.4371859296482412,,,1155,1154,/projects/beto/irowerojas/localLatin/data/canon/Can.apost.39/Vat5845.9v.2.txt,/projects/beto/irowerojas/localLatin/data/canon/Can.apost.39/KoeD213.8v.2.txt,Can.apost.39,Can.apost.39,Can.apost.39,pair_example,1,,,,,rand_similar,,,,,,,"ig,bertscore,ot,attention_weighted,dla,attention_standalone,retrieval_mark"
528,google/mt5-base,mT5-base,t5,1,abtt_optimal,hidden,mean,10,0.4371859296482412,0.9949748743718592,0.4371859296482412,,,758,760,/projects/beto/irowerojas/localLatin/data/canon/CNIC.325.6/BN2123.81r.6.txt,/projects/beto/irowerojas/localLatin/data/canon/CNIC.325.6/Hat42.152r.1.txt,CNIC.325.6,CNIC.325.6,CNIC.325.6,pair_example,1,,,,,rand_similar,,,,,,,"ig,bertscore,ot,attention_weighted,dla,attention_standalone,retrieval_mark"
529,google/mt5-base,mT5-base,t5,1,abtt_optimal,hidden,mean,10,0.4371859296482412,0.9949748743718592,0.4371859296482412,,,628,627,/projects/beto/irowerojas/localLatin/data/canon/CNEO.315.13/Brn425.56v.2.txt,/projects/beto/irowerojas/localLatin/data/canon/CNEO.315.13/BN2123.84v.4.txt,CNEO.315.13,CNEO.315.13,CNEO.315.13,pair_example,1,,,,,rand_similar,,,,,,,"ig,bertscore,ot,attention_weighted,dla,attention_standalone,retrieval_mark"
530,google/mt5-base,mT5-base,t5,1,abtt_optimal,hidden,mean,10,0.4371859296482412,0.9949748743718592,0.4371859296482412,,,755,754,/projects/beto/irowerojas/localLatin/data/canon/CNIC.325.5/C1525.11v.2.txt,/projects/beto/irowerojas/localLatin/data/canon/CNIC.325.5/BN2123.76r.3.txt,CNIC.325.5,CNIC.325.5,CNIC.325.5,pair_example,1,,,,,rand_similar,,,,,,,"ig,bertscore,ot,attention_weighted,dla,attention_standalone,retrieval_mark"
531,google/mt5-base,mT5-base,t5,1,abtt_optimal,hidden,mean,10,0.4371859296482412,0.9949748743718592,0.4371859296482412,,,145,144,/projects/beto/irowerojas/localLatin/data/canon/CANC.314.24/Brn425.21v.4.txt,/projects/beto/irowerojas/localLatin/data/canon/CANC.314.24/BAV1341.12v.1.txt,CANC.314.24,CANC.314.24,CANC.314.24,pair_example,1,,,,,rand_similar,,,,,,,"ig,bertscore,ot,attention_weighted,dla,attention_standalone,retrieval_mark"
532,google/mt5-base,mT5-base,t5,1,abtt_optimal,hidden,mean,10,0.4371859296482412,0.9949748743718592,0.4371859296482412,,,1181,1178,/projects/beto/irowerojas/localLatin/data/canon/Can.apost.43/KoeD213.9v.3.txt,/projects/beto/irowerojas/localLatin/data/canon/Can.apost.43/BAV1341.7v.13.txt,Can.apost.43,Can.apost.43,Can.apost.43,pair_example,1,,,,,rand_similar,,,,,,,"ig,bertscore,ot,attention_weighted,dla,attention_standalone,retrieval_mark"
533,google/mt5-base,mT5-base,t5,1,abtt_optimal,hidden,mean,10,0.4371859296482412,0.9949748743718592,0.4371859296482412,,,251,252,/projects/beto/irowerojas/localLatin/data/canon/CANT.328.22/D1723.558.6.txt,/projects/beto/irowerojas/localLatin/data/canon/CANT.328.22/Hat42.172v.1.txt,CANT.328.22,CANT.328.22,CANT.328.22,pair_example,1,,,,,rand_similar,,,,,,,"ig,bertscore,ot,attention_weighted,dla,attention_standalone,retrieval_mark"
534,google/mt5-base,mT5-base,t5,1,abtt_optimal,hidden,mean,10,0.4371859296482412,0.9949748743718592,0.4371859296482412,,,1234,1232,/projects/beto/irowerojas/localLatin/data/canon/Can.apost.7/Hat42.144v.2.txt,/projects/beto/irowerojas/localLatin/data/canon/Can.apost.7/BN2123.87v.4.txt,Can.apost.7,Can.apost.7,Can.apost.7,pair_example,1,,,,,rand_similar,,,,,,,"ig,bertscore,ot,attention_weighted,dla,attention_standalone,retrieval_mark"
535,google/mt5-base,mT5-base,t5,1,abtt_optimal,hidden,mean,10,0.4371859296482412,0.9949748743718592,0.4371859296482412,,,1133,1131,/projects/beto/irowerojas/localLatin/data/canon/Can.apost.35/KoeD213.8r.1.txt,/projects/beto/irowerojas/localLatin/data/canon/Can.apost.35/C1525.6v.3.txt,Can.apost.35,Can.apost.35,Can.apost.35,pair_example,1,,,,,rand_similar,,,,,,,"ig,bertscore,ot,attention_weighted,dla,attention_standalone,retrieval_mark"
536,google/mt5-base,mT5-base,t5,1,abtt_optimal,hidden,mean,10,0.4371859296482412,0.9949748743718592,0.4371859296482412,,,224,222,/projects/beto/irowerojas/localLatin/data/canon/CANT.328.17/Hat42.171r.3.txt,/projects/beto/irowerojas/localLatin/data/canon/CANT.328.17/C1525.29v.1.txt,CANT.328.17,CANT.328.17,CANT.328.17,pair_example,1,,,,,rand_similar,,,,,,,"ig,bertscore,ot,attention_weighted,dla,attention_standalone,retrieval_mark"
537,google/mt5-base,mT5-base,t5,1,abtt_optimal,hidden,mean,10,0.4371859296482412,0.9949748743718592,0.4371859296482412,,,660,665,/projects/beto/irowerojas/localLatin/data/canon/CNEO.315.6/BAV1341.12v.21.txt,/projects/beto/irowerojas/localLatin/data/canon/CNEO.315.6/KoeD213.26r.2.txt,CNEO.315.6,CNEO.315.6,CNEO.315.6,pair_example,1,,,,,rand_similar,,,,,,,"ig,bertscore,ot,attention_weighted,dla,attention_standalone,retrieval_mark"
538,google/mt5-base,mT5-base,t5,1,abtt_optimal,hidden,mean,10,0.4371859296482412,0.9949748743718592,0.4371859296482412,,,630,631,/projects/beto/irowerojas/localLatin/data/canon/CNEO.315.13/D1723.556.3.txt,/projects/beto/irowerojas/localLatin/data/canon/CNEO.315.13/Hat42.161v.4.txt,CNEO.315.13,CNEO.315.13,CNEO.315.13,pair_example,1,,,,,rand_similar,,,,,,,"ig,bertscore,ot,attention_weighted,dla,attention_standalone,retrieval_mark"
539,google/mt5-base,mT5-base,t5,1,abtt_optimal,hidden,mean,10,0.4371859296482412,0.9949748743718592,0.4371859296482412,,,110,106,/projects/beto/irowerojas/localLatin/data/canon/CANC.314.19/Hat42.159v.1.txt,/projects/beto/irowerojas/localLatin/data/canon/CANC.314.19/BAV1341.12r.6.txt,CANC.314.19,CANC.314.19,CANC.314.19,pair_example,1,,,,,rand_similar,,,,,,,"ig,bertscore,ot,attention_weighted,dla,attention_standalone,retrieval_mark"
540,google/mt5-base,mT5-base,t5,1,abtt_optimal,hidden,mean,10,0.4371859296482412,0.9949748743718592,0.4371859296482412,,,1037,1036,/projects/beto/irowerojas/localLatin/data/canon/Can.apost.18/KoeD213.6v.1.txt,/projects/beto/irowerojas/localLatin/data/canon/Can.apost.18/Hat42.145v.4.txt,Can.apost.18,Can.apost.18,Can.apost.18,pair_example,1,,,,,rand_similar,,,,,,,"ig,bertscore,ot,attention_weighted,dla,attention_standalone,retrieval_mark"
541,google/mt5-base,mT5-base,t5,1,abtt_optimal,hidden,mean,10,0.4371859296482412,0.9949748743718592,0.4371859296482412,,,693,696,/projects/beto/irowerojas/localLatin/data/canon/CNIC.325.12/Brn425.17v.2.txt,/projects/beto/irowerojas/localLatin/data/canon/CNIC.325.12/Hat42.153r.2.txt,CNIC.325.12,CNIC.325.12,CNIC.325.12,pair_example,1,,,,,rand_similar,,,,,,,"ig,bertscore,ot,attention_weighted,dla,attention_standalone,retrieval_mark"
542,google/mt5-base,mT5-base,t5,1,abtt_optimal,hidden,mean,10,0.4371859296482412,0.9949748743718592,0.4371859296482412,,,1126,1128,/projects/beto/irowerojas/localLatin/data/canon/Can.apost.34/C1525.6v.2.txt,/projects/beto/irowerojas/localLatin/data/canon/Can.apost.34/KoeD213.7v.4.txt,Can.apost.34,Can.apost.34,Can.apost.34,pair_example,1,,,,,rand_similar,,,,,,,"ig,bertscore,ot,attention_weighted,dla,attention_standalone,retrieval_mark"
543,google/mt5-base,mT5-base,t5,1,abtt_optimal,hidden,mean,10,0.4371859296482412,0.9949748743718592,0.4371859296482412,,,668,666,/projects/beto/irowerojas/localLatin/data/canon/CNEO.315.7/Hat42.161r.4.txt,/projects/beto/irowerojas/localLatin/data/canon/CNEO.315.7/BAV1341.12v.22.txt,CNEO.315.7,CNEO.315.7,CNEO.315.7,pair_example,1,,,,,rand_similar,,,,,,,"ig,bertscore,ot,attention_weighted,dla,attention_standalone,retrieval_mark"
544,google/mt5-base,mT5-base,t5,1,abtt_optimal,hidden,mean,10,0.4371859296482412,0.9949748743718592,0.4371859296482412,,,67,68,/projects/beto/irowerojas/localLatin/data/canon/CANC.314.11/C1525.20r.3.txt,/projects/beto/irowerojas/localLatin/data/canon/CANC.314.11/Hat42.158r.2.txt,CANC.314.11,CANC.314.11,CANC.314.11,pair_example,1,,,,,rand_similar,,,,,,,"ig,bertscore,ot,attention_weighted,dla,attention_standalone,retrieval_mark"
545,google/mt5-base,mT5-base,t5,1,abtt_optimal,hidden,mean,10,0.4371859296482412,0.9949748743718592,0.4371859296482412,,,699,700,/projects/beto/irowerojas/localLatin/data/canon/CNIC.325.13/Brn425.15v.4.txt,/projects/beto/irowerojas/localLatin/data/canon/CNIC.325.13/C1525.12v.3.txt,CNIC.325.13,CNIC.325.13,CNIC.325.13,pair_example,1,,,,,rand_similar,,,,,,,"ig,bertscore,ot,attention_weighted,dla,attention_standalone,retrieval_mark"
546,google/mt5-base,mT5-base,t5,1,abtt_optimal,hidden,mean,10,0.4371859296482412,0.9949748743718592,0.4371859296482412,,,717,716,/projects/beto/irowerojas/localLatin/data/canon/CNIC.325.17/C1525.13r.3.txt,/projects/beto/irowerojas/localLatin/data/canon/CNIC.325.17/BN2123.86r.1.txt,CNIC.325.17,CNIC.325.17,CNIC.325.17,pair_example,1,,,,,rand_similar,,,,,,,"ig,bertscore,ot,attention_weighted,dla,attention_standalone,retrieval_mark"
547,google/mt5-base,mT5-base,t5,1,abtt_optimal,hidden,mean,10,0.4371859296482412,0.9949748743718592,0.4371859296482412,,,235,234,/projects/beto/irowerojas/localLatin/data/canon/CANT.328.2/C1525.27v.1.txt,/projects/beto/irowerojas/localLatin/data/canon/CANT.328.2/BN2123.92r.7.txt,CANT.328.2,CANT.328.2,CANT.328.2,pair_example,1,,,,,rand_similar,,,,,,,"ig,bertscore,ot,attention_weighted,dla,attention_standalone,retrieval_mark"
548,google/mt5-base,mT5-base,t5,1,abtt_optimal,hidden,mean,10,0.4371859296482412,0.9949748743718592,0.4371859296482412,,,1217,1219,/projects/beto/irowerojas/localLatin/data/canon/Can.apost.5/Hat42.144r.5.txt,/projects/beto/irowerojas/localLatin/data/canon/Can.apost.5/Vat5845.7r.8.txt,Can.apost.5,Can.apost.5,Can.apost.5,pair_example,1,,,,,rand_similar,,,,,,,"ig,bertscore,ot,attention_weighted,dla,attention_standalone,retrieval_mark"
549,google/mt5-base,mT5-base,t5,1,abtt_optimal,hidden,mean,10,0.4371859296482412,0.9949748743718592,0.4371859296482412,,,1120,1123,/projects/beto/irowerojas/localLatin/data/canon/Can.apost.33/BAV1341.7v.3.txt,/projects/beto/irowerojas/localLatin/data/canon/Can.apost.33/KoeD213.7v.3.txt,Can.apost.33,Can.apost.33,Can.apost.33,pair_example,1,,,,,rand_similar,,,,,,,"ig,bertscore,ot,attention_weighted,dla,attention_standalone,retrieval_mark"
550,google/mt5-base,mT5-base,t5,1,abtt_optimal,hidden,mean,10,0.4371859296482412,0.9949748743718592,0.4371859296482412,,,483,485,/projects/beto/irowerojas/localLatin/data/canon/CGAN.355.14/BN2123.98r.8.txt,/projects/beto/irowerojas/localLatin/data/canon/CGAN.355.14/Hat42.165v.2.txt,CGAN.355.14,CGAN.355.14,CGAN.355.14,pair_example,1,,,,,rand_similar,,,,,,,"ig,bertscore,ot,attention_weighted,dla,attention_standalone,retrieval_mark"
551,google/mt5-base,mT5-base,t5,1,abtt_optimal,hidden,mean,10,0.4371859296482412,0.9949748743718592,0.4371859296482412,,,607,604,/projects/beto/irowerojas/localLatin/data/canon/CNEO.315.1/KoeD213.25v.1.txt,/projects/beto/irowerojas/localLatin/data/canon/CNEO.315.1/C1525.22v.1.txt,CNEO.315.1,CNEO.315.1,CNEO.315.1,pair_example,1,,,,,rand_similar,,,,,,,"ig,bertscore,ot,attention_weighted,dla,attention_standalone,retrieval_mark"
552,google/mt5-base,mT5-base,t5,1,abtt_optimal,hidden,mean,10,0.4371859296482412,0.9949748743718592,0.4371859296482412,,,1119,1116,/projects/beto/irowerojas/localLatin/data/canon/Can.apost.32/Vat5845.9r.1.txt,/projects/beto/irowerojas/localLatin/data/canon/Can.apost.32/C1525.6r.7.txt,Can.apost.32,Can.apost.32,Can.apost.32,pair_example,1,,,,,rand_similar,,,,,,,"ig,bertscore,ot,attention_weighted,dla,attention_standalone,retrieval_mark"
553,google/mt5-base,mT5-base,t5,1,abtt_optimal,hidden,mean,10,0.4371859296482412,0.9949748743718592,0.4371859296482412,,,535,532,/projects/beto/irowerojas/localLatin/data/canon/CGAN.355.8/Hat42.165r.1.txt,/projects/beto/irowerojas/localLatin/data/canon/CGAN.355.8/Brn425.36r.6.txt,CGAN.355.8,CGAN.355.8,CGAN.355.8,pair_example,1,,,,,rand_similar,,,,,,,"ig,bertscore,ot,attention_weighted,dla,attention_standalone,retrieval_mark"
554,google/mt5-base,mT5-base,t5,1,abtt_optimal,hidden,mean,10,0.4371859296482412,0.9949748743718592,0.4371859296482412,,,1016,1017,/projects/beto/irowerojas/localLatin/data/canon/Can.apost.14/Hat42.145r.4.txt,/projects/beto/irowerojas/localLatin/data/canon/Can.apost.14/KoeD213.5v.5.txt,Can.apost.14,Can.apost.14,Can.apost.14,pair_example,1,,,,,rand_similar,,,,,,,"ig,bertscore,ot,attention_weighted,dla,attention_standalone,retrieval_mark"
555,google/mt5-base,mT5-base,t5,1,abtt_optimal,hidden,mean,10,0.4371859296482412,0.9949748743718592,0.4371859296482412,,,1050,1053,/projects/beto/irowerojas/localLatin/data/canon/Can.apost.20/C1525.5v.4.txt,/projects/beto/irowerojas/localLatin/data/canon/Can.apost.20/Vat5845.8r.5.txt,Can.apost.20,Can.apost.20,Can.apost.20,pair_example,1,,,,,rand_similar,,,,,,,"ig,bertscore,ot,attention_weighted,dla,attention_standalone,retrieval_mark"
556,google/mt5-base,mT5-base,t5,1,abtt_optimal,hidden,mean,10,0.4371859296482412,0.9949748743718592,0.4371859296482412,,,1059,1058,/projects/beto/irowerojas/localLatin/data/canon/Can.apost.21/Vat5845.8r.6.txt,/projects/beto/irowerojas/localLatin/data/canon/Can.apost.21/KoeD213.6v.4.txt,Can.apost.21,Can.apost.21,Can.apost.21,pair_example,1,,,,,rand_similar,,,,,,,"ig,bertscore,ot,attention_weighted,dla,attention_standalone,retrieval_mark"
557,google/mt5-base,mT5-base,t5,1,abtt_optimal,hidden,mean,10,0.4371859296482412,0.9949748743718592,0.4371859296482412,,,618,623,/projects/beto/irowerojas/localLatin/data/canon/CNEO.315.12/BAV1341.13r.5.txt,/projects/beto/irowerojas/localLatin/data/canon/CNEO.315.12/Hat42.161v.3.txt,CNEO.315.12,CNEO.315.12,CNEO.315.12,pair_example,1,,,,,rand_similar,,,,,,,"ig,bertscore,ot,attention_weighted,dla,attention_standalone,retrieval_mark"
558,google/mt5-base,mT5-base,t5,1,abtt_optimal,hidden,mean,10,0.4371859296482412,0.9949748743718592,0.4371859296482412,,,513,515,/projects/beto/irowerojas/localLatin/data/canon/CGAN.355.4/Brn425.57r.6.txt,/projects/beto/irowerojas/localLatin/data/canon/CGAN.355.4/D1723.557.3.txt,CGAN.355.4,CGAN.355.4,CGAN.355.4,pair_example,1,,,,,rand_similar,,,,,,,"ig,bertscore,ot,attention_weighted,dla,attention_standalone,retrieval_mark"
559,google/mt5-base,mT5-base,t5,1,abtt_optimal,hidden,mean,10,0.4371859296482412,0.9949748743718592,0.4371859296482412,,,1059,1056,/projects/beto/irowerojas/localLatin/data/canon/Can.apost.21/Vat5845.8r.6.txt,/projects/beto/irowerojas/localLatin/data/canon/Can.apost.21/C1525.5v.5.txt,Can.apost.21,Can.apost.21,Can.apost.21,pair_example,1,,,,,rand_similar,,,,,,,"ig,bertscore,ot,attention_weighted,dla,attention_standalone,retrieval_mark"
560,google/mt5-base,mT5-base,t5,1,abtt_optimal,hidden,mean,10,0.4371859296482412,0.9949748743718592,0.4371859296482412,,,772,769,/projects/beto/irowerojas/localLatin/data/canon/CNIC.325.9/Hat42.152v.1.txt,/projects/beto/irowerojas/localLatin/data/canon/CNIC.325.9/Brn425.20r.2.txt,CNIC.325.9,CNIC.325.9,CNIC.325.9,pair_example,1,,,,,rand_similar,,,,,,,"ig,bertscore,ot,attention_weighted,dla,attention_standalone,retrieval_mark"
561,google/mt5-base,mT5-base,t5,1,abtt_optimal,hidden,mean,10,0.4371859296482412,0.9949748743718592,0.4371859296482412,,,680,679,/projects/beto/irowerojas/localLatin/data/canon/CNIC.325.1/C1525.11r.1.txt,/projects/beto/irowerojas/localLatin/data/canon/CNIC.325.1/BN2123.76v.6.txt,CNIC.325.1,CNIC.325.1,CNIC.325.1,pair_example,1,,,,,rand_similar,,,,,,,"ig,bertscore,ot,attention_weighted,dla,attention_standalone,retrieval_mark"
562,google/mt5-base,mT5-base,t5,1,abtt_optimal,hidden,mean,10,0.4371859296482412,0.9949748743718592,0.4371859296482412,,,753,748,/projects/beto/irowerojas/localLatin/data/canon/CNIC.325.4/KoeD213.12r.2.txt,/projects/beto/irowerojas/localLatin/data/canon/CNIC.325.4/BN2123.81v.6.txt,CNIC.325.4,CNIC.325.4,CNIC.325.4,pair_example,1,,,,,rand_similar,,,,,,,"ig,bertscore,ot,attention_weighted,dla,attention_standalone,retrieval_mark"
563,google/mt5-base,mT5-base,t5,1,abtt_optimal,hidden,mean,10,0.4371859296482412,0.9949748743718592,0.4371859296482412,,,1175,1174,/projects/beto/irowerojas/localLatin/data/canon/Can.apost.42/Hat42.148v.1.txt,/projects/beto/irowerojas/localLatin/data/canon/Can.apost.42/C1525.7r.4.txt,Can.apost.42,Can.apost.42,Can.apost.42,pair_example,1,,,,,rand_similar,,,,,,,"ig,bertscore,ot,attention_weighted,dla,attention_standalone,retrieval_mark"
564,google/mt5-base,mT5-base,t5,1,abtt_optimal,hidden,mean,10,0.4371859296482412,0.9949748743718592,0.4371859296482412,,,114,115,/projects/beto/irowerojas/localLatin/data/canon/CANC.314.2/Hat42.156r.2.txt,/projects/beto/irowerojas/localLatin/data/canon/CANC.314.2/KoeD213.20r.2.txt,CANC.314.2,CANC.314.2,CANC.314.2,pair_example,1,,,,,rand_similar,,,,,,,"ig,bertscore,ot,attention_weighted,dla,attention_standalone,retrieval_mark"
565,google/mt5-base,mT5-base,t5,1,abtt_optimal,hidden,mean,10,0.4371859296482412,0.9949748743718592,0.4371859296482412,,,710,712,/projects/beto/irowerojas/localLatin/data/canon/CNIC.325.16/BN2123.85v.7.txt,/projects/beto/irowerojas/localLatin/data/canon/CNIC.325.16/C1525.13r.2.txt,CNIC.325.16,CNIC.325.16,CNIC.325.16,pair_example,1,,,,,rand_similar,,,,,,,"ig,bertscore,ot,attention_weighted,dla,attention_standalone,retrieval_mark"
566,google/mt5-base,mT5-base,t5,1,abtt_optimal,hidden,mean,10,0.4371859296482412,0.9949748743718592,0.4371859296482412,,,639,645,/projects/beto/irowerojas/localLatin/data/canon/CNEO.315.2/BAV1341.12v.17.txt,/projects/beto/irowerojas/localLatin/data/canon/CNEO.315.2/KoeD213.25v.2.txt,CNEO.315.2,CNEO.315.2,CNEO.315.2,pair_example,1,,,,,rand_similar,,,,,,,"ig,bertscore,ot,attention_weighted,dla,attention_standalone,retrieval_mark"
567,google/mt5-base,mT5-base,t5,1,abtt_optimal,hidden,mean,10,0.4371859296482412,0.9949748743718592,0.4371859296482412,,,161,155,/projects/beto/irowerojas/localLatin/data/canon/CANC.314.4/KoeD213.21r.1.txt,/projects/beto/irowerojas/localLatin/data/canon/CANC.314.4/BAV1341.11r.12.txt,CANC.314.4,CANC.314.4,CANC.314.4,pair_example,1,,,,,rand_similar,,,,,,,"ig,bertscore,ot,attention_weighted,dla,attention_standalone,retrieval_mark"
568,google/mt5-base,mT5-base,t5,1,abtt_optimal,hidden,mean,10,0.4371859296482412,0.9949748743718592,0.4371859296482412,,,745,742,/projects/beto/irowerojas/localLatin/data/canon/CNIC.325.3/D1723.524.9.txt,/projects/beto/irowerojas/localLatin/data/canon/CNIC.325.3/BN2123.96v.8.txt,CNIC.325.3,CNIC.325.3,CNIC.325.3,pair_example,1,,,,,rand_similar,,,,,,,"ig,bertscore,ot,attention_weighted,dla,attention_standalone,retrieval_mark"
569,google/mt5-base,mT5-base,t5,1,abtt_optimal,hidden,mean,10,0.4371859296482412,0.9949748743718592,0.4371859296482412,,,245,244,/projects/beto/irowerojas/localLatin/data/canon/CANT.328.21/C1525.30r.1.txt,/projects/beto/irowerojas/localLatin/data/canon/CANT.328.21/Brn425.59r.1.txt,CANT.328.21,CANT.328.21,CANT.328.21,pair_example,1,,,,,rand_similar,,,,,,,"ig,bertscore,ot,attention_weighted,dla,attention_standalone,retrieval_mark"
570,google/mt5-base,mT5-base,t5,1,abtt_optimal,hidden,mean,10,0.4371859296482412,0.9949748743718592,0.4371859296482412,,,124,128,/projects/beto/irowerojas/localLatin/data/canon/CANC.314.21/BAV1341.12r.8.txt,/projects/beto/irowerojas/localLatin/data/canon/CANC.314.21/D1723.530.6.txt,CANC.314.21,CANC.314.21,CANC.314.21,pair_example,1,,,,,rand_similar,,,,,,,"ig,bertscore,ot,attention_weighted,dla,attention_standalone,retrieval_mark"
571,google/mt5-base,mT5-base,t5,1,abtt_optimal,hidden,mean,10,0.4371859296482412,0.9949748743718592,0.4371859296482412,,,211,213,/projects/beto/irowerojas/localLatin/data/canon/CANT.328.15/Brn425.35r.3.txt,/projects/beto/irowerojas/localLatin/data/canon/CANT.328.15/D1723.537.8.txt,CANT.328.15,CANT.328.15,CANT.328.15,pair_example,1,,,,,rand_similar,,,,,,,"ig,bertscore,ot,attention_weighted,dla,attention_standalone,retrieval_mark"
572,google/mt5-base,mT5-base,t5,1,abtt_optimal,hidden,mean,10,0.4371859296482412,0.9949748743718592,0.4371859296482412,,,156,155,/projects/beto/irowerojas/localLatin/data/canon/CANC.314.4/BAV1341.11r.13.txt,/projects/beto/irowerojas/localLatin/data/canon/CANC.314.4/BAV1341.11r.12.txt,CANC.314.4,CANC.314.4,CANC.314.4,pair_example,1,,,,,rand_similar,,,,,,,"ig,bertscore,ot,attention_weighted,dla,attention_standalone,retrieval_mark"
573,google/mt5-base,mT5-base,t5,1,abtt_optimal,hidden,mean,10,0.4371859296482412,0.9949748743718592,0.4371859296482412,,,822,823,/projects/beto/irowerojas/localLatin/data/canon/CORL.511.15/BN2123.93v.7.txt,/projects/beto/irowerojas/localLatin/data/canon/CORL.511.15/Brn425.39r.3.txt,CORL.511.15,CORL.511.15,CORL.511.15,pair_example,1,,,,,rand_similar,,,,,,,"ig,bertscore,ot,attention_weighted,dla,attention_standalone,retrieval_mark"
574,google/mt5-base,mT5-base,t5,1,abtt_optimal,hidden,mean,10,0.4371859296482412,0.9949748743718592,0.4371859296482412,,,166,168,/projects/beto/irowerojas/localLatin/data/canon/CANC.314.6/BAV1341.11v.2.txt,/projects/beto/irowerojas/localLatin/data/canon/CANC.314.6/Hat42.157v.1.txt,CANC.314.6,CANC.314.6,CANC.314.6,pair_example,1,,,,,rand_similar,,,,,,,"ig,bertscore,ot,attention_weighted,dla,attention_standalone,retrieval_mark"
575,google/mt5-base,mT5-base,t5,1,abtt_optimal,hidden,mean,10,0.4371859296482412,0.9949748743718592,0.4371859296482412,,,1231,1234,/projects/beto/irowerojas/localLatin/data/canon/Can.apost.7/BAV1341.7r.1.txt,/projects/beto/irowerojas/localLatin/data/canon/Can.apost.7/Hat42.144v.2.txt,Can.apost.7,Can.apost.7,Can.apost.7,pair_example,1,,,,,rand_similar,,,,,,,"ig,bertscore,ot,attention_weighted,dla,attention_standalone,retrieval_mark"
576,google/mt5-base,mT5-base,t5,1,abtt_optimal,hidden,mean,10,0.4371859296482412,0.9949748743718592,0.4371859296482412,,,61,65,/projects/beto/irowerojas/localLatin/data/canon/CANC.314.10/Brn425.23v.4.txt,/projects/beto/irowerojas/localLatin/data/canon/CANC.314.10/KoeD213.22v.1.txt,CANC.314.10,CANC.314.10,CANC.314.10,pair_example,1,,,,,rand_similar,,,,,,,"ig,bertscore,ot,attention_weighted,dla,attention_standalone,retrieval_mark"
577,google/mt5-base,mT5-base,t5,1,abtt_optimal,hidden,mean,10,0.4371859296482412,0.9949748743718592,0.4371859296482412,,,639,640,/projects/beto/irowerojas/localLatin/data/canon/CNEO.315.2/BAV1341.12v.17.txt,/projects/beto/irowerojas/localLatin/data/canon/CNEO.315.2/BN2123.98r.9.txt,CNEO.315.2,CNEO.315.2,CNEO.315.2,pair_example,1,,,,,rand_similar,,,,,,,"ig,bertscore,ot,attention_weighted,dla,attention_standalone,retrieval_mark"
578,google/mt5-base,mT5-base,t5,1,abtt_optimal,hidden,mean,10,0.4371859296482412,0.9949748743718592,0.4371859296482412,,,658,656,/projects/beto/irowerojas/localLatin/data/canon/CNEO.315.5/Hat42.161r.2.txt,/projects/beto/irowerojas/localLatin/data/canon/CNEO.315.5/BAV1341.12v.20.txt,CNEO.315.5,CNEO.315.5,CNEO.315.5,pair_example,1,,,,,rand_similar,,,,,,,"ig,bertscore,ot,attention_weighted,dla,attention_standalone,retrieval_mark"
579,google/mt5-base,mT5-base,t5,1,abtt_optimal,hidden,mean,10,0.4371859296482412,0.9949748743718592,0.4371859296482412,,,997,994,/projects/beto/irowerojas/localLatin/data/canon/Can.apost.10/KoeD213.5v.1.txt,/projects/beto/irowerojas/localLatin/data/canon/Can.apost.10/BN2123.88r.5.txt,Can.apost.10,Can.apost.10,Can.apost.10,pair_example,1,,,,,rand_similar,,,,,,,"ig,bertscore,ot,attention_weighted,dla,attention_standalone,retrieval_mark"
580,google/mt5-base,mT5-base,t5,1,abtt_optimal,hidden,mean,10,0.4371859296482412,0.9949748743718592,0.4371859296482412,,,1033,1029,/projects/beto/irowerojas/localLatin/data/canon/Can.apost.17/Vat5845.8r.2.txt,/projects/beto/irowerojas/localLatin/data/canon/Can.apost.17/BAV1341.7r.11.txt,Can.apost.17,Can.apost.17,Can.apost.17,pair_example,1,,,,,rand_similar,,,,,,,"ig,bertscore,ot,attention_weighted,dla,attention_standalone,retrieval_mark"
581,google/mt5-base,mT5-base,t5,1,abtt_optimal,hidden,mean,10,0.4371859296482412,0.9949748743718592,0.4371859296482412,,,617,614,/projects/beto/irowerojas/localLatin/data/canon/CNEO.315.11/KoeD213.26v.2.txt,/projects/beto/irowerojas/localLatin/data/canon/CNEO.315.11/BAV1341.13r.4.txt,CNEO.315.11,CNEO.315.11,CNEO.315.11,pair_example,1,,,,,rand_similar,,,,,,,"ig,bertscore,ot,attention_weighted,dla,attention_standalone,retrieval_mark"
582,google/mt5-base,mT5-base,t5,1,abtt_optimal,hidden,mean,10,0.4371859296482412,0.9949748743718592,0.4371859296482412,,,179,180,/projects/beto/irowerojas/localLatin/data/canon/CANC.314.9/Brn425.55r.5.txt,/projects/beto/irowerojas/localLatin/data/canon/CANC.314.9/C1525.20r.1.txt,CANC.314.9,CANC.314.9,CANC.314.9,pair_example,1,,,,,rand_similar,,,,,,,"ig,bertscore,ot,attention_weighted,dla,attention_standalone,retrieval_mark"
583,google/mt5-base,mT5-base,t5,1,abtt_optimal,hidden,mean,10,0.4371859296482412,0.9949748743718592,0.4371859296482412,,,238,237,/projects/beto/irowerojas/localLatin/data/canon/CANT.328.20/BN2123.76v.2.txt,/projects/beto/irowerojas/localLatin/data/canon/CANT.328.20/BAV1341.18r.1.txt,CANT.328.20,CANT.328.20,CANT.328.20,pair_example,1,,,,,rand_similar,,,,,,,"ig,bertscore,ot,attention_weighted,dla,attention_standalone,retrieval_mark"
584,google/mt5-base,mT5-base,t5,1,abtt_optimal,hidden,mean,10,0.4371859296482412,0.9949748743718592,0.4371859296482412,,,762,764,/projects/beto/irowerojas/localLatin/data/canon/CNIC.325.7/BN2123.82r.1.txt,/projects/beto/irowerojas/localLatin/data/canon/CNIC.325.7/Hat42.152r.2.txt,CNIC.325.7,CNIC.325.7,CNIC.325.7,pair_example,1,,,,,rand_similar,,,,,,,"ig,bertscore,ot,attention_weighted,dla,attention_standalone,retrieval_mark"
585,google/mt5-base,mT5-base,t5,1,abtt_optimal,hidden,mean,10,0.4371859296482412,0.9949748743718592,0.4371859296482412,,,161,156,/projects/beto/irowerojas/localLatin/data/canon/CANC.314.4/KoeD213.21r.1.txt,/projects/beto/irowerojas/localLatin/data/canon/CANC.314.4/BAV1341.11r.13.txt,CANC.314.4,CANC.314.4,CANC.314.4,pair_example,1,,,,,rand_similar,,,,,,,"ig,bertscore,ot,attention_weighted,dla,attention_standalone,retrieval_mark"
586,google/mt5-base,mT5-base,t5,1,abtt_optimal,hidden,mean,10,0.4371859296482412,0.9949748743718592,0.4371859296482412,,,601,604,/projects/beto/irowerojas/localLatin/data/canon/CNEO.315.1/BAV1341.12v.16.txt,/projects/beto/irowerojas/localLatin/data/canon/CNEO.315.1/C1525.22v.1.txt,CNEO.315.1,CNEO.315.1,CNEO.315.1,pair_example,1,,,,,rand_similar,,,,,,,"ig,bertscore,ot,attention_weighted,dla,attention_standalone,retrieval_mark"
587,google/mt5-base,mT5-base,t5,1,abtt_optimal,hidden,mean,10,0.4371859296482412,0.9949748743718592,0.4371859296482412,,,1109,1105,/projects/beto/irowerojas/localLatin/data/canon/Can.apost.30/Vat5845.8v.7.txt,/projects/beto/irowerojas/localLatin/data/canon/Can.apost.30/BAV1341.7r.24.txt,Can.apost.30,Can.apost.30,Can.apost.30,pair_example,1,,,,,rand_similar,,,,,,,"ig,bertscore,ot,attention_weighted,dla,attention_standalone,retrieval_mark"
588,google/mt5-base,mT5-base,t5,1,abtt_optimal,hidden,mean,10,0.4371859296482412,0.9949748743718592,0.4371859296482412,,,495,497,/projects/beto/irowerojas/localLatin/data/canon/CGAN.355.17/D1723.531.5.txt,/projects/beto/irowerojas/localLatin/data/canon/CGAN.355.17/KoeD213.30v.2.txt,CGAN.355.17,CGAN.355.17,CGAN.355.17,pair_example,1,,,,,rand_similar,,,,,,,"ig,bertscore,ot,attention_weighted,dla,attention_standalone,retrieval_mark"
589,google/mt5-base,mT5-base,t5,1,abtt_optimal,hidden,mean,10,0.4371859296482412,0.9949748743718592,0.4371859296482412,,,135,133,/projects/beto/irowerojas/localLatin/data/canon/CANC.314.22/D1723.530.7.txt,/projects/beto/irowerojas/localLatin/data/canon/CANC.314.22/Brn425.27r.5.txt,CANC.314.22,CANC.314.22,CANC.314.22,pair_example,1,,,,,rand_similar,,,,,,,"ig,bertscore,ot,attention_weighted,dla,attention_standalone,retrieval_mark"
590,google/mt5-base,mT5-base,t5,1,abtt_optimal,hidden,mean,10,0.4371859296482412,0.9949748743718592,0.4371859296482412,,,867,865,/projects/beto/irowerojas/localLatin/data/canon/CORL.511.31/Brn425.61v.9.txt,/projects/beto/irowerojas/localLatin/data/canon/CORL.511.31/BAV1341.55v.5.txt,CORL.511.31,CORL.511.31,CORL.511.31,pair_example,1,,,,,rand_similar,,,,,,,"ig,bertscore,ot,attention_weighted,dla,attention_standalone,retrieval_mark"
591,google/mt5-base,mT5-base,t5,1,abtt_optimal,hidden,mean,10,0.4371859296482412,0.9949748743718592,0.4371859296482412,,,1022,1020,/projects/beto/irowerojas/localLatin/data/canon/Can.apost.15/KoeD213.6r.1.txt,/projects/beto/irowerojas/localLatin/data/canon/Can.apost.15/C1525.5r.6.txt,Can.apost.15,Can.apost.15,Can.apost.15,pair_example,1,,,,,rand_similar,,,,,,,"ig,bertscore,ot,attention_weighted,dla,attention_standalone,retrieval_mark"
592,google/mt5-base,mT5-base,t5,1,abtt_optimal,hidden,mean,10,0.4371859296482412,0.9949748743718592,0.4371859296482412,,,627,631,/projects/beto/irowerojas/localLatin/data/canon/CNEO.315.13/BN2123.84v.4.txt,/projects/beto/irowerojas/localLatin/data/canon/CNEO.315.13/Hat42.161v.4.txt,CNEO.315.13,CNEO.315.13,CNEO.315.13,pair_example,1,,,,,rand_similar,,,,,,,"ig,bertscore,ot,attention_weighted,dla,attention_standalone,retrieval_mark"
593,google/mt5-base,mT5-base,t5,1,abtt_optimal,hidden,mean,10,0.4371859296482412,0.9949748743718592,0.4371859296482412,,,261,265,/projects/beto/irowerojas/localLatin/data/canon/CANT.328.25/BAV1341.18r.6.txt,/projects/beto/irowerojas/localLatin/data/canon/CANT.328.25/Hat42.173r.1.txt,CANT.328.25,CANT.328.25,CANT.328.25,pair_example,1,,,,,rand_similar,,,,,,,"ig,bertscore,ot,attention_weighted,dla,attention_standalone,retrieval_mark"
594,google/mt5-base,mT5-base,t5,1,abtt_optimal,hidden,mean,10,0.4371859296482412,0.9949748743718592,0.4371859296482412,,,622,618,/projects/beto/irowerojas/localLatin/data/canon/CNEO.315.12/D1723.555.10.txt,/projects/beto/irowerojas/localLatin/data/canon/CNEO.315.12/BAV1341.13r.5.txt,CNEO.315.12,CNEO.315.12,CNEO.315.12,pair_example,1,,,,,rand_similar,,,,,,,"ig,bertscore,ot,attention_weighted,dla,attention_standalone,retrieval_mark"
595,google/mt5-base,mT5-base,t5,1,abtt_optimal,hidden,mean,10,0.4371859296482412,0.9949748743718592,0.4371859296482412,,,162,163,/projects/beto/irowerojas/localLatin/data/canon/CANC.314.5/BAV1341.11v.1.txt,/projects/beto/irowerojas/localLatin/data/canon/CANC.314.5/C1525.19v.1.txt,CANC.314.5,CANC.314.5,CANC.314.5,pair_example,1,,,,,rand_similar,,,,,,,"ig,bertscore,ot,attention_weighted,dla,attention_standalone,retrieval_mark"
596,google/mt5-base,mT5-base,t5,1,abtt_optimal,hidden,mean,10,0.4371859296482412,0.9949748743718592,0.4371859296482412,,,1072,1073,/projects/beto/irowerojas/localLatin/data/canon/Can.apost.24/Hat42.146r.6.txt,/projects/beto/irowerojas/localLatin/data/canon/Can.apost.24/KoeD213.6v.7.txt,Can.apost.24,Can.apost.24,Can.apost.24,pair_example,1,,,,,rand_similar,,,,,,,"ig,bertscore,ot,attention_weighted,dla,attention_standalone,retrieval_mark"
597,google/mt5-base,mT5-base,t5,1,abtt_optimal,hidden,mean,10,0.4371859296482412,0.9949748743718592,0.4371859296482412,,,651,646,/projects/beto/irowerojas/localLatin/data/canon/CNEO.315.3/KoeD213.25v.3.txt,/projects/beto/irowerojas/localLatin/data/canon/CNEO.315.3/BAV1341.12v.18.txt,CNEO.315.3,CNEO.315.3,CNEO.315.3,pair_example,1,,,,,rand_similar,,,,,,,"ig,bertscore,ot,attention_weighted,dla,attention_standalone,retrieval_mark"
598,google/mt5-base,mT5-base,t5,1,abtt_optimal,hidden,mean,10,0.4371859296482412,0.9949748743718592,0.4371859296482412,,,219,216,/projects/beto/irowerojas/localLatin/data/canon/CANT.328.16/Hat42.171r.2.txt,/projects/beto/irowerojas/localLatin/data/canon/CANT.328.16/Brn425.64r.3.txt,CANT.328.16,CANT.328.16,CANT.328.16,pair_example,1,,,,,rand_similar,,,,,,,"ig,bertscore,ot,attention_weighted,dla,attention_standalone,retrieval_mark"
599,google/mt5-base,mT5-base,t5,1,abtt_optimal,hidden,mean,10,0.4371859296482412,0.9949748743718592,0.4371859296482412,,,140,142,/projects/beto/irowerojas/localLatin/data/canon/CANC.314.23/C1525.21r.6.txt,/projects/beto/irowerojas/localLatin/data/canon/CANC.314.23/Hat42.159v.5.txt,CANC.314.23,CANC.314.23,CANC.314.23,pair_example,1,,,,,rand_similar,,,,,,,"ig,bertscore,ot,attention_weighted,dla,attention_standalone,retrieval_mark"
600,google/mt5-base,mT5-base,t5,1,abtt_optimal,hidden,mean,10,0.4371859296482412,0.9949748743718592,0.4371859296482412,,,87,88,/projects/beto/irowerojas/localLatin/data/canon/CANC.314.15/Hat42.158v.2.txt,/projects/beto/irowerojas/localLatin/data/canon/CANC.314.15/KoeD213.23r.2.txt,CANC.314.15,CANC.314.15,CANC.314.15,pair_example,1,,,,,rand_similar,,,,,,,"ig,bertscore,ot,attention_weighted,dla,attention_standalone,retrieval_mark"
