model,repr,pooling,layer,method,D,sif_a,tau,aucroc,spearman,same_avg,diff_avg,gap,dir_acc_at_1,dir_acc_at_3,existing_acc,new_acc,overall_assignment_acc,train_aucroc,train_dir_acc_at_1,n_train,n_test,n_existing,n_new
bowphs/LaTa,hidden,mean,1,baseline,10,0.001,0.7638190954773869,0.6038161037840165,0.0704727081979793,0.6575062274932861,0.613503098487854,0.04400312900543213,0.5221238938053098,0.6371681415929203,0.9057591623036649,0.17142857142857143,0.7920353982300885,0.6152704235413855,0.5446009389671361,213,226,191,35
bowphs/LaTa,hidden,mean,1,abtt_fixed,10,0.001,0.18592964824120603,0.6398553942208931,0.09493698980708264,0.08857385069131851,0.00031645630951970816,0.0882573943817988,0.5398230088495575,0.6194690265486725,0.9895287958115183,0.02857142857142857,0.8407079646017699,0.6051261348905052,0.5211267605633803,213,226,191,35
bowphs/LaTa,hidden,mean,1,abtt_optimal,2,0.001,0.25125628140703515,0.7176798908880077,0.14776601001031936,0.14063584804534912,-0.0007060236530378461,0.14134187169838697,0.5575221238938053,0.6238938053097345,0.9790575916230366,0.0,0.827433628318584,0.6962411806081553,0.5821596244131455,213,226,191,35
bowphs/LaTa,hidden,mean,1,whitening,10,0.001,0.0,0.5124083831179358,0.008427385041816365,0.03441115841269493,0.0005731110577471554,0.033838047354947776,0.1415929203539823,0.22566371681415928,1.0,0.0,0.8451327433628318,0.5123109140487268,0.004694835680751174,213,226,191,35
bowphs/LaTa,hidden,mean,2,baseline,10,0.001,0.8241206030150754,0.5802994657843858,0.054509084953034366,0.47354286909103394,0.3348395824432373,0.13870328664779663,0.23893805309734514,0.4247787610619469,0.8743455497382199,0.08571428571428572,0.7522123893805309,0.5707284046246657,0.22065727699530516,213,226,191,35
bowphs/LaTa,hidden,mean,2,abtt_fixed,10,0.001,0.18592964824120603,0.6606414325847675,0.10904702055180755,0.09932764619588852,-9.212240547640249e-05,0.09941976860136492,0.5486725663716814,0.6283185840707964,0.9947643979057592,0.0,0.8407079646017699,0.6475829482330198,0.5164319248826291,213,226,191,35
bowphs/LaTa,hidden,mean,2,abtt_optimal,5,0.001,0.22613065326633167,0.6819554705374095,0.12351546930295579,0.12053212523460388,-0.0020432958845049143,0.1225754211191088,0.5442477876106194,0.6150442477876106,0.9947643979057592,0.0,0.8407079646017699,0.6576364964384129,0.5539906103286385,213,226,191,35
bowphs/LaTa,hidden,mean,2,whitening,10,0.001,0.0,0.5112068330676113,0.007607949160562939,0.008897156454622746,-0.0009793582139536738,0.00987651466857642,0.19911504424778761,0.23008849557522124,1.0,0.0,0.8451327433628318,0.5221059012999407,0.028169014084507043,213,226,191,35
bowphs/LaTa,hidden,mean,3,baseline,10,0.001,0.8793969849246231,0.5620017914077529,0.04208821169743765,0.4502338469028473,0.3014490306377411,0.1487848162651062,0.17699115044247787,0.37168141592920356,0.8167539267015707,0.22857142857142856,0.7256637168141593,0.5472055715422577,0.20187793427230047,213,226,191,35
bowphs/LaTa,hidden,mean,3,abtt_fixed,10,0.001,0.19597989949748745,0.6574198354296203,0.10686012788324523,0.0991082638502121,3.111600744887255e-05,0.09907714784276322,0.5663716814159292,0.6327433628318584,0.9947643979057592,0.0,0.8407079646017699,0.6420281535054144,0.5164319248826291,213,226,191,35
bowphs/LaTa,hidden,mean,3,abtt_optimal,3,0.001,0.23618090452261306,0.6924061682308652,0.1306096381473093,0.13209298253059387,-0.003449181793257594,0.13554216432385147,0.5663716814159292,0.6283185840707964,0.9947643979057592,0.0,0.8407079646017699,0.6823847200585749,0.539906103286385,213,226,191,35
bowphs/LaTa,hidden,mean,3,whitening,10,0.001,0.005025125628140704,0.502643563194942,0.0017945122956670495,-0.024573545902967453,-0.0015062277670949697,-0.023067318135872483,0.25663716814159293,0.34513274336283184,1.0,0.0,0.8451327433628318,0.5336548668416017,0.10328638497652583,213,226,191,35
bowphs/LaTa,hidden,mean,4,baseline,10,0.001,0.9045226130653267,0.5616047996900931,0.04181872478350604,0.4252926707267761,0.2676307260990143,0.15766194462776184,0.1592920353982301,0.37610619469026546,0.7539267015706806,0.22857142857142856,0.672566371681416,0.5463532771133808,0.18779342723004694,213,226,191,35
bowphs/LaTa,hidden,mean,4,abtt_fixed,10,0.001,0.21105527638190955,0.6444521308841146,0.09805735812872082,0.09444636851549149,-0.00010544868564466015,0.09455181720113615,0.5575221238938053,0.6460176991150443,0.9895287958115183,0.0,0.8362831858407079,0.6376731792498104,0.5305164319248826,213,226,191,35
bowphs/LaTa,hidden,mean,4,abtt_optimal,5,0.001,0.22613065326633167,0.6801761685241423,0.1223076390434799,0.12117689102888107,-0.002153656678274274,0.12333054770715535,0.5486725663716814,0.6194690265486725,1.0,0.0,0.8451327433628318,0.6738120657866258,0.5539906103286385,213,226,191,35
bowphs/LaTa,hidden,mean,4,whitening,10,0.001,0.0,0.5124892760469593,0.008478002764654453,0.04411320760846138,-0.00415599113330245,0.04826919874176383,0.2345132743362832,0.3230088495575221,1.0,0.0,0.8451327433628318,0.5421519944873207,0.04225352112676056,213,226,191,35
bowphs/LaTa,hidden,mean,5,baseline,10,0.001,0.914572864321608,0.5645495561040804,0.043817691725661384,0.41745758056640625,0.2542615830898285,0.16319599747657776,0.18584070796460178,0.3893805309734513,0.7172774869109948,0.2857142857142857,0.6504424778761062,0.5510660350276859,0.19718309859154928,213,226,191,35
bowphs/LaTa,hidden,mean,5,abtt_fixed,10,0.001,0.21608040201005024,0.651652568414953,0.10294517720977317,0.09960894286632538,5.6266766478074715e-05,0.0995526760998473,0.5530973451327433,0.6238938053097345,0.9895287958115183,0.0,0.8362831858407079,0.638455396410732,0.5117370892018779,213,226,191,35
bowphs/LaTa,hidden,mean,5,abtt_optimal,7,0.001,0.25125628140703515,0.6767433151340357,0.11997734088712839,0.11556163430213928,-0.0009830902563408017,0.11654472455848008,0.5619469026548672,0.6415929203539823,0.9738219895287958,0.0,0.8230088495575221,0.6593382743149749,0.5633802816901409,213,226,191,35
bowphs/LaTa,hidden,mean,5,whitening,10,0.001,0.0,0.5433287786746903,0.029412571735111928,0.09743809700012207,-0.007948360405862331,0.1053864574059844,0.24778761061946902,0.34513274336283184,1.0,0.0,0.8451327433628318,0.5004305979346587,0.107981220657277,213,226,191,35
bowphs/LaTa,hidden,mean,6,baseline,10,0.001,0.9195979899497487,0.5658828391613305,0.044722754277640345,0.41218331456184387,0.2467450499534607,0.16543826460838318,0.18141592920353983,0.3893805309734513,0.7382198952879581,0.2571428571428571,0.6637168141592921,0.5537634920316327,0.215962441314554,213,226,191,35
bowphs/LaTa,hidden,mean,6,abtt_fixed,10,0.001,0.21608040201005024,0.657628352262601,0.10700167380334182,0.1007670983672142,0.0002004976850003004,0.1005666006822139,0.5575221238938053,0.6327433628318584,1.0,0.0,0.8451327433628318,0.6200803575686433,0.5258215962441315,213,226,191,35
bowphs/LaTa,hidden,mean,6,abtt_optimal,5,0.001,0.21608040201005024,0.7081270724784531,0.14128134183545285,0.1331762820482254,-0.0017879335209727287,0.13496421556919813,0.5707964601769911,0.6106194690265486,1.0,0.0,0.8451327433628318,0.6959851347424107,0.5586854460093896,213,226,191,35
bowphs/LaTa,hidden,mean,6,whitening,10,0.001,0.0,0.5095722963633311,0.006497893816939509,0.0029424172826111317,-0.0027009386103600264,0.005643355892971158,0.24336283185840707,0.3053097345132743,1.0,0.0,0.8451327433628318,0.5079091394220534,0.12206572769953052,213,226,191,35
bowphs/LaTa,hidden,mean,7,baseline,10,0.001,0.9296482412060302,0.5659310002652386,0.04475544711921753,0.41546812653541565,0.24945206940174103,0.16601605713367462,0.18584070796460178,0.3893805309734513,0.7225130890052356,0.2571428571428571,0.6504424778761062,0.5508112713638886,0.20657276995305165,213,226,191,35
bowphs/LaTa,hidden,mean,7,abtt_fixed,10,0.001,0.20100502512562815,0.6675855346039646,0.11376083331744212,0.10486103594303131,7.175438076956198e-05,0.10478928156226175,0.5663716814159292,0.6460176991150443,1.0,0.0,0.8451327433628318,0.6256502921423164,0.5352112676056338,213,226,191,35
bowphs/LaTa,hidden,mean,7,abtt_optimal,5,0.001,0.20100502512562815,0.7157533258757143,0.1464582143121005,0.13512802124023438,-0.0016377130523324013,0.13676573429256678,0.5663716814159292,0.6194690265486725,1.0,0.0,0.8451327433628318,0.6994264168220555,0.5586854460093896,213,226,191,35
bowphs/LaTa,hidden,mean,7,whitening,10,0.001,0.010050251256281407,0.5082749679570538,0.005617239625280479,-0.004883472807705402,-0.0031291721388697624,-0.00175430066883564,0.18584070796460178,0.26991150442477874,1.0,0.0,0.8451327433628318,0.5208770833377512,0.028169014084507043,213,226,191,35
bowphs/LaTa,hidden,mean,8,baseline,10,0.001,0.9346733668341709,0.565423687189944,0.044411071584441145,0.4180917739868164,0.2521910071372986,0.16590076684951782,0.168141592920354,0.4026548672566372,0.7015706806282722,0.22857142857142856,0.6283185840707964,0.549193132506645,0.2112676056338028,213,226,191,35
bowphs/LaTa,hidden,mean,8,abtt_fixed,10,0.001,0.15577889447236182,0.6675050848134967,0.11370622218866878,0.10541686415672302,0.0011566354660317302,0.10426022869069129,0.5575221238938053,0.6504424778761062,1.0,0.0,0.8451327433628318,0.6378549560335418,0.5258215962441315,213,226,191,35
bowphs/LaTa,hidden,mean,8,abtt_optimal,5,0.001,0.20100502512562815,0.7247678920817424,0.15257750477480056,0.13931141793727875,-0.0016076836036518216,0.14091910154093057,0.5530973451327433,0.6194690265486725,1.0,0.0,0.8451327433628318,0.7063360798263425,0.5586854460093896,213,226,191,35
bowphs/LaTa,hidden,mean,8,whitening,10,0.001,0.0,0.5092357729158227,0.006269466484493633,0.031068015843629837,0.017268231138586998,0.013799784705042839,0.22566371681415928,0.28761061946902655,1.0,0.0,0.8451327433628318,0.5377884639994928,0.12206572769953052,213,226,191,35
bowphs/LaTa,hidden,mean,9,baseline,10,0.001,0.9346733668341709,0.5669439142895909,0.045443035960521246,0.4186086356639862,0.2522352933883667,0.1663733422756195,0.17699115044247787,0.40707964601769914,0.7486910994764397,0.2,0.6637168141592921,0.5510953037529015,0.20187793427230047,213,226,191,35
bowphs/LaTa,hidden,mean,9,abtt_fixed,10,0.001,0.18592964824120603,0.6627531287999131,0.11048048747793124,0.10189622640609741,0.0009783662389963865,0.10091786016710103,0.5530973451327433,0.6460176991150443,1.0,0.0,0.8451327433628318,0.6231791437820332,0.5258215962441315,213,226,191,35
bowphs/LaTa,hidden,mean,9,abtt_optimal,5,0.001,0.17587939698492464,0.7255591764004065,0.15311464638254338,0.13887865841388702,-0.0016292461659759283,0.14050790457986295,0.5619469026548672,0.6327433628318584,1.0,0.0,0.8451327433628318,0.7063780226246505,0.5539906103286385,213,226,191,35
bowphs/LaTa,hidden,mean,9,whitening,10,0.001,0.005025125628140704,0.5091320382085343,0.006199047950482504,-0.014735229313373566,0.014361269772052765,-0.02909649908542633,0.3008849557522124,0.4026548672566372,1.0,0.0,0.8451327433628318,0.5893520426981139,0.10328638497652583,213,226,191,35
bowphs/LaTa,hidden,mean,10,baseline,10,0.001,0.9396984924623115,0.5680739377485403,0.046210121321246335,0.426550030708313,0.26214614510536194,0.16440388560295105,0.17256637168141592,0.415929203539823,0.7120418848167539,0.2571428571428571,0.6415929203539823,0.5507677504708763,0.20657276995305165,213,226,191,35
bowphs/LaTa,hidden,mean,10,abtt_fixed,10,0.001,0.21608040201005024,0.663135577515891,0.11074010227537462,0.10121288150548935,0.0009037116542458534,0.1003091698512435,0.5575221238938053,0.6504424778761062,1.0,0.0,0.8451327433628318,0.6261769812498184,0.539906103286385,213,226,191,35
bowphs/LaTa,hidden,mean,10,abtt_optimal,5,0.001,0.20100502512562815,0.7232480678353278,0.15154581386438415,0.1370837539434433,-0.0017144022276625037,0.1387981561711058,0.5575221238938053,0.6327433628318584,1.0,0.0,0.8451327433628318,0.704745779545989,0.568075117370892,213,226,191,35
bowphs/LaTa,hidden,mean,10,whitening,10,0.001,0.005025125628140704,0.5053449559713646,0.0036282800998566145,0.01268578227609396,0.0157328974455595,-0.003047115169465542,0.24778761061946902,0.34513274336283184,1.0,0.0,0.8451327433628318,0.5599883112497883,0.12206572769953052,213,226,191,35
bowphs/LaTa,hidden,mean,11,baseline,10,0.001,0.9296482412060302,0.5656984935222812,0.0445976163084688,0.4355827271938324,0.27589601278305054,0.15968671441078186,0.17256637168141592,0.41150442477876104,0.7696335078534031,0.2,0.6814159292035398,0.5509631876368905,0.20187793427230047,213,226,191,35
bowphs/LaTa,hidden,mean,11,abtt_fixed,10,0.001,0.19597989949748745,0.6619961272913083,0.10996661781349483,0.10150063782930374,0.0008800050709396601,0.10062063275836408,0.5619469026548672,0.6371681415929203,1.0,0.0,0.8451327433628318,0.6194299852887053,0.5352112676056338,213,226,191,35
bowphs/LaTa,hidden,mean,11,abtt_optimal,7,0.001,0.20603015075376885,0.6836174012614785,0.1246436252893092,0.11889442056417465,-0.00028979277703911066,0.11918421334121376,0.5619469026548672,0.6327433628318584,1.0,0.0,0.8451327433628318,0.6467209633163502,0.5539906103286385,213,226,191,35
bowphs/LaTa,hidden,mean,11,whitening,10,0.001,0.010050251256281407,0.537881236127749,0.025714742530922555,0.10983030498027802,-0.008393565192818642,0.11822387017309666,0.2743362831858407,0.38495575221238937,1.0,0.0,0.8451327433628318,0.5108814068240859,0.046948356807511735,213,226,191,35
bowphs/LaTa,hidden,mean,12,baseline,10,0.001,0.8090452261306533,0.6697618686202147,0.1152381778394774,0.7455406785011292,0.6965246200561523,0.04901605844497681,0.5132743362831859,0.6548672566371682,0.9057591623036649,0.11428571428571428,0.7831858407079646,0.66049595472683,0.5023474178403756,213,226,191,35
bowphs/LaTa,hidden,mean,12,abtt_fixed,10,0.001,0.19597989949748745,0.6508203139225754,0.10238022412596844,0.08818797022104263,0.0005014485213905573,0.08768652169965208,0.5619469026548672,0.6548672566371682,0.9842931937172775,0.05714285714285714,0.8407079646017699,0.6065569243170932,0.5492957746478874,213,226,191,35
bowphs/LaTa,hidden,mean,12,abtt_optimal,2,0.001,0.20603015075376885,0.7330279544692055,0.1581846210611382,0.13761746883392334,-0.002766302553936839,0.14038377138786018,0.5707964601769911,0.6371681415929203,0.9947643979057592,0.0,0.8407079646017699,0.7250527021986855,0.5539906103286385,213,226,191,35
bowphs/LaTa,hidden,mean,12,whitening,10,0.001,0.0,0.5104923728603256,0.007123924455704422,-0.008817214518785477,-0.002224986208602786,-0.006592228310182691,0.13716814159292035,0.22566371681415928,1.0,0.0,0.8451327433628318,0.49319794332835065,0.09859154929577464,213,226,191,35
bowphs/LaTa,hidden,sif,1,sif_only,10,0.001,0.7587939698492463,0.5757469624060586,0.05141874318094532,0.5810202360153198,0.5394222736358643,0.041597962379455566,0.5265486725663717,0.6327433628318584,0.7172774869109948,0.3142857142857143,0.6548672566371682,0.594413855434788,0.5305164319248826,213,226,191,35
bowphs/LaTa,hidden,sif,1,sif_abtt_fixed,10,0.001,0.20100502512562815,0.6317132671171533,0.0894099306459488,0.08103972673416138,-5.498799146153033e-05,0.08109471472562291,0.5486725663716814,0.6371681415929203,0.93717277486911,0.14285714285714285,0.8141592920353983,0.5672203000973931,0.539906103286385,213,226,191,35
bowphs/LaTa,hidden,sif,1,sif_abtt_optimal,5,0.001,0.1658291457286432,0.6856437933047083,0.12601918582325694,0.10511927306652069,-0.0009548084926791489,0.10607408155919984,0.5353982300884956,0.6283185840707964,1.0,0.0,0.8451327433628318,0.6727510436753983,0.5492957746478874,213,226,191,35
bowphs/LaTa,hidden,sif,2,sif_only,10,0.001,0.7889447236180904,0.6014745999425692,0.06888324268218898,0.7113234996795654,0.6730973720550537,0.03822612762451172,0.5442477876106194,0.6283185840707964,0.9267015706806283,0.08571428571428572,0.7964601769911505,0.6107053900860244,0.5352112676056338,213,226,191,35
bowphs/LaTa,hidden,sif,2,sif_abtt_fixed,10,0.001,0.23115577889447236,0.6465513386490622,0.0994823476137458,0.09023460000753403,-0.00016060542839113623,0.09039520543592516,0.5309734513274337,0.6592920353982301,0.9267015706806283,0.05714285714285714,0.7920353982300885,0.6011418402862624,0.5258215962441315,213,226,191,35
bowphs/LaTa,hidden,sif,2,sif_abtt_optimal,1,0.001,0.23115577889447236,0.7075285131460678,0.1408750262867812,0.1417667716741562,-0.0026419623754918575,0.14440873404964805,0.5309734513274337,0.6194690265486725,0.9947643979057592,0.0,0.8407079646017699,0.681067158927008,0.5446009389671361,213,226,191,35
bowphs/LaTa,hidden,sif,3,sif_only,10,0.001,0.8492462311557789,0.6095398223642844,0.07435809721458535,0.7634164690971375,0.7301616072654724,0.03325486183166504,0.5088495575221239,0.6327433628318584,0.8900523560209425,0.14285714285714285,0.7743362831858407,0.6123772827941271,0.4835680751173709,213,226,191,35
bowphs/LaTa,hidden,sif,3,sif_abtt_fixed,10,0.001,0.18592964824120603,0.6530544170923215,0.10389678364840589,0.09399202466011047,-0.0006432115915231407,0.09463523625163361,0.5309734513274337,0.6327433628318584,0.9790575916230366,0.0,0.827433628318584,0.6248424556001823,0.5070422535211268,213,226,191,35
bowphs/LaTa,hidden,sif,3,sif_abtt_optimal,5,0.001,0.20603015075376885,0.6957477955065429,0.1328780099637423,0.12175098806619644,-0.0022545219399034977,0.12400551000609994,0.5575221238938053,0.6194690265486725,0.9947643979057592,0.0,0.8407079646017699,0.6667025025672395,0.5586854460093896,213,226,191,35
bowphs/LaTa,hidden,sif,4,sif_only,10,0.001,0.864321608040201,0.610629923067924,0.07509808211057427,0.7822818756103516,0.7516342997550964,0.030647575855255127,0.4690265486725664,0.5929203539823009,0.9109947643979057,0.14285714285714285,0.7920353982300885,0.5993687029397982,0.4131455399061033,213,226,191,35
bowphs/LaTa,hidden,sif,4,sif_abtt_fixed,10,0.001,0.17587939698492464,0.6453731742288664,0.09868258308432402,0.09228098392486572,-0.0006969759124331176,0.09297795983729884,0.5398230088495575,0.6283185840707964,0.9947643979057592,0.0,0.8407079646017699,0.6300134281064683,0.5023474178403756,213,226,191,35
bowphs/LaTa,hidden,sif,4,sif_abtt_optimal,5,0.001,0.20603015075376885,0.6752089881712622,0.11893580520638493,0.11303304880857468,-0.0015507228672504425,0.11458377167582512,0.5530973451327433,0.6283185840707964,1.0,0.0,0.8451327433628318,0.6531134797545491,0.5539906103286385,213,226,191,35
bowphs/LaTa,hidden,sif,5,sif_only,10,0.001,0.8693467336683417,0.624364922022117,0.08442170858202487,0.7967275977134705,0.7645531892776489,0.03217440843582153,0.4469026548672566,0.5707964601769911,0.9214659685863874,0.11428571428571428,0.7964601769911505,0.6137807021406904,0.41784037558685444,213,226,191,35
bowphs/LaTa,hidden,sif,5,sif_abtt_fixed,10,0.001,0.16080402010050251,0.6447431923443706,0.09825493719990713,0.09410280734300613,-0.0004760436713695526,0.09457885101437569,0.5265486725663717,0.6017699115044248,1.0,0.0,0.8451327433628318,0.6262483160619909,0.5117370892018779,213,226,191,35
bowphs/LaTa,hidden,sif,5,sif_abtt_optimal,2,0.001,0.23618090452261306,0.6989848017978212,0.13507536270072956,0.13939344882965088,-0.0032377890311181545,0.14263123786076903,0.5486725663716814,0.6238938053097345,0.9895287958115183,0.0,0.8362831858407079,0.7031265064331771,0.5539906103286385,213,226,191,35
bowphs/LaTa,hidden,sif,6,sif_only,10,0.001,0.8592964824120604,0.6261002324624291,0.08559967637175774,0.8116887807846069,0.7806758284568787,0.03101295232772827,0.4424778761061947,0.5575221238938053,0.9633507853403142,0.08571428571428572,0.827433628318584,0.6138328039236562,0.4272300469483568,213,226,191,35
bowphs/LaTa,hidden,sif,6,sif_abtt_fixed,10,0.001,0.21608040201005024,0.6570825868462941,0.10663119595331944,0.09654596447944641,-0.0006636848556809127,0.09720964933512732,0.5353982300884956,0.6283185840707964,0.9738219895287958,0.0,0.8230088495575221,0.6118150372403226,0.5258215962441315,213,226,191,35
bowphs/LaTa,hidden,sif,6,sif_abtt_optimal,2,0.001,0.25125628140703515,0.7121686371023959,0.1440248468798664,0.14416471123695374,-0.0031128241680562496,0.14727753540500998,0.5486725663716814,0.6371681415929203,0.9842931937172775,0.0,0.831858407079646,0.7129595405613983,0.568075117370892,213,226,191,35
bowphs/LaTa,hidden,sif,7,sif_only,10,0.001,0.8844221105527639,0.6341826768598203,0.09108622156866043,0.8394150137901306,0.8108997344970703,0.028515279293060303,0.45132743362831856,0.5796460176991151,0.9476439790575916,0.11428571428571428,0.8185840707964602,0.6166343905203456,0.4084507042253521,213,226,191,35
bowphs/LaTa,hidden,sif,7,sif_abtt_fixed,10,0.001,0.18090452261306533,0.6671759134374757,0.11348277324884591,0.10164983570575714,-0.0006657149060629308,0.10231555061182007,0.5442477876106194,0.6371681415929203,1.0,0.0,0.8451327433628318,0.62836893013612,0.5352112676056338,213,226,191,35
bowphs/LaTa,hidden,sif,7,sif_abtt_optimal,2,0.001,0.24120603015075376,0.7181855119797271,0.1481092369891443,0.1461603045463562,-0.0029090791940689087,0.1490693837404251,0.5398230088495575,0.6460176991150443,0.9842931937172775,0.0,0.831858407079646,0.716680786504647,0.5727699530516432,213,226,191,35
bowphs/LaTa,hidden,sif,8,sif_only,10,0.001,0.8894472361809045,0.6349585318996914,0.09161288943439226,0.8454340100288391,0.817543089389801,0.027890920639038086,0.42920353982300885,0.5619469026548672,0.9476439790575916,0.11428571428571428,0.8185840707964602,0.6153754901278586,0.38497652582159625,213,226,191,35
bowphs/LaTa,hidden,sif,8,sif_abtt_fixed,10,0.001,0.18090452261306533,0.6706643001456395,0.11585076867159541,0.10488348454236984,-0.0006509182858280838,0.10553440282819793,0.5575221238938053,0.6283185840707964,1.0,0.0,0.8451327433628318,0.6239511526428376,0.5305164319248826,213,226,191,35
bowphs/LaTa,hidden,sif,8,sif_abtt_optimal,3,0.001,0.23618090452261306,0.7239786824572243,0.15204177151614665,0.14431247115135193,-0.0022379516158252954,0.14655042276717722,0.5442477876106194,0.6238938053097345,0.9842931937172775,0.0,0.831858407079646,0.719379501052811,0.5727699530516432,213,226,191,35
bowphs/LaTa,hidden,sif,9,sif_only,10,0.001,0.8994974874371859,0.6342509806253377,0.09113258770231068,0.8614806532859802,0.8370601534843445,0.024420499801635742,0.415929203539823,0.5575221238938053,0.9476439790575916,0.08571428571428572,0.8141592920353983,0.6187458565767369,0.4225352112676056,213,226,191,35
bowphs/LaTa,hidden,sif,9,sif_abtt_fixed,10,0.001,0.19095477386934673,0.661840766942315,0.10986115571140453,0.10047134011983871,-0.0004168562591075897,0.1008881963789463,0.5663716814159292,0.6238938053097345,0.9947643979057592,0.0,0.8407079646017699,0.6142712430163761,0.5305164319248826,213,226,191,35
bowphs/LaTa,hidden,sif,9,sif_abtt_optimal,3,0.001,0.22613065326633167,0.7262493848431144,0.1535831754102544,0.1445973515510559,-0.002200968796387315,0.14679832034744322,0.5486725663716814,0.6327433628318584,0.9842931937172775,0.0,0.831858407079646,0.721346152262369,0.5868544600938967,213,226,191,35
bowphs/LaTa,hidden,sif,10,sif_only,10,0.001,0.9045226130653267,0.637303580849582,0.09320476145087044,0.8672856688499451,0.8433630466461182,0.023922622203826904,0.41150442477876104,0.5707964601769911,0.93717277486911,0.08571428571428572,0.8053097345132744,0.6163618732911269,0.43661971830985913,213,226,191,35
bowphs/LaTa,hidden,sif,10,sif_abtt_fixed,10,0.001,0.20100502512562815,0.6573991489161476,0.10684608541223681,0.09835445135831833,0.0001424355577910319,0.0982120158005273,0.5575221238938053,0.6106194690265486,1.0,0.0,0.8451327433628318,0.6124360668218558,0.5305164319248826,213,226,191,35
bowphs/LaTa,hidden,sif,10,sif_abtt_optimal,3,0.001,0.22613065326633167,0.7245471285105034,0.15242764549312507,0.14218807220458984,-0.002176690613850951,0.1443647628184408,0.5398230088495575,0.6371681415929203,0.9842931937172775,0.0,0.831858407079646,0.7180036243903807,0.5727699530516432,213,226,191,35
bowphs/LaTa,hidden,sif,11,sif_only,10,0.001,0.8994974874371859,0.6361203606213222,0.09240156492461125,0.8645368814468384,0.8405019640922546,0.02403491735458374,0.4336283185840708,0.588495575221239,0.9476439790575916,0.08571428571428572,0.8141592920353983,0.6146791311819333,0.4225352112676056,213,226,191,35
bowphs/LaTa,hidden,sif,11,sif_abtt_fixed,10,0.001,0.20603015075376885,0.65151998941624,0.1028551796010882,0.09630018472671509,0.0008303524227812886,0.0954698323039338,0.5442477876106194,0.6150442477876106,0.9947643979057592,0.0,0.8407079646017699,0.6089582419867187,0.5492957746478874,213,226,191,35
bowphs/LaTa,hidden,sif,11,sif_abtt_optimal,2,0.001,0.21105527638190955,0.7288036556191418,0.15531707191098526,0.14858880639076233,-0.002583323745056987,0.15117213013581932,0.5575221238938053,0.6371681415929203,1.0,0.0,0.8451327433628318,0.7162621229111883,0.5539906103286385,213,226,191,35
bowphs/LaTa,hidden,sif,12,sif_only,10,0.001,0.7839195979899498,0.6627193495563941,0.1104575573685159,0.7145454287528992,0.6612676978111267,0.05327773094177246,0.5486725663716814,0.668141592920354,0.9109947643979057,0.14285714285714285,0.7920353982300885,0.6643901006710995,0.5446009389671361,213,226,191,35
bowphs/LaTa,hidden,sif,12,sif_abtt_fixed,10,0.001,0.20603015075376885,0.6357183735235832,0.09212868703152316,0.08496767282485962,0.0007449667318724096,0.08422270609298721,0.5309734513274337,0.6327433628318584,0.9319371727748691,0.0,0.7876106194690266,0.5825436983053778,0.5727699530516432,213,226,191,35
bowphs/LaTa,hidden,sif,12,sif_abtt_optimal,10,0.001,0.20603015075376885,0.6357183735235832,0.09212868703152316,0.08496767282485962,0.0007449667318724096,0.08422270609298721,0.5309734513274337,0.6327433628318584,0.9319371727748691,0.0,0.7876106194690266,0.5825436983053778,0.5727699530516432,213,226,191,35
bowphs/PhilTa,hidden,mean,1,baseline,10,0.001,0.864321608040201,0.5395074337701229,0.026818535374085142,0.7480775713920593,0.7319828867912292,0.016094684600830078,0.5353982300884956,0.6150442477876106,0.8010471204188482,0.34285714285714286,0.7300884955752213,0.5656306655757429,0.4835680751173709,213,226,191,35
bowphs/PhilTa,hidden,mean,1,abtt_fixed,10,0.001,0.18090452261306533,0.6207159983009262,0.08194473701993926,0.08059929311275482,-0.00029143737629055977,0.08089073048904538,0.5442477876106194,0.6327433628318584,0.9895287958115183,0.0,0.8362831858407079,0.5874856991331872,0.5070422535211268,213,226,191,35
bowphs/PhilTa,hidden,mean,1,abtt_optimal,2,0.001,0.22613065326633167,0.6778826646453103,0.12075075698273455,0.12014976143836975,-0.002417400712147355,0.1225671621505171,0.5398230088495575,0.6371681415929203,0.9842931937172775,0.0,0.831858407079646,0.6788449550063008,0.5586854460093896,213,226,191,35
bowphs/PhilTa,hidden,mean,1,whitening,10,0.001,0.0,0.5065674141044395,0.004458868089700796,-0.010815830901265144,-0.0012311222963035107,-0.009584708604961634,0.13274336283185842,0.21238938053097345,1.0,0.0,0.8451327433628318,0.4603244059693996,0.14553990610328638,213,226,191,35
bowphs/PhilTa,hidden,mean,2,baseline,10,0.001,0.8844221105527639,0.5489235842206579,0.03321043026214665,0.819682240486145,0.8061292767524719,0.013552963733673096,0.47345132743362833,0.5973451327433629,0.9214659685863874,0.11428571428571428,0.7964601769911505,0.5684586852587264,0.39436619718309857,213,226,191,35
bowphs/PhilTa,hidden,mean,2,abtt_fixed,10,0.001,0.22613065326633167,0.6340745913376242,0.09101285068137599,0.0869046077132225,0.000338204437866807,0.0865664032753557,0.5486725663716814,0.6415929203539823,0.9424083769633508,0.02857142857142857,0.8008849557522124,0.5945644401903833,0.5211267605633803,213,226,191,35
bowphs/PhilTa,hidden,mean,2,abtt_optimal,3,0.001,0.19095477386934673,0.6716104412467566,0.11649303054900341,0.11923449486494064,-0.0018049704376608133,0.12103946530260146,0.5442477876106194,0.6371681415929203,1.0,0.0,0.8451327433628318,0.6661569256387474,0.5774647887323944,213,226,191,35
bowphs/PhilTa,hidden,mean,2,whitening,10,0.001,0.0,0.5275307683184617,0.018690752404785096,0.03244909271597862,-0.005654240492731333,0.038103333208709955,0.18141592920353983,0.26991150442477874,1.0,0.0,0.8451327433628318,0.46254453864080775,0.03755868544600939,213,226,191,35
bowphs/PhilTa,hidden,mean,3,baseline,10,0.001,0.9296482412060302,0.562720924712532,0.04257637557220311,0.6706590056419373,0.6092782020568848,0.06138080358505249,0.18584070796460178,0.3893805309734513,0.7277486910994765,0.2857142857142857,0.6592920353982301,0.5833784117729416,0.215962441314554,213,226,191,35
bowphs/PhilTa,hidden,mean,3,abtt_fixed,10,0.001,0.19597989949748745,0.6418333834482755,0.0962796934200165,0.0928114578127861,-0.00014121866843197495,0.09295267648121808,0.5486725663716814,0.6283185840707964,0.9947643979057592,0.0,0.8407079646017699,0.5891096325569223,0.5023474178403756,213,226,191,35
bowphs/PhilTa,hidden,mean,3,abtt_optimal,3,0.001,0.2864321608040201,0.7191162238020514,0.14874102512486667,0.1538967490196228,-0.003312783781439066,0.15720953280106187,0.5486725663716814,0.6415929203539823,0.9790575916230366,0.0,0.827433628318584,0.7069502299012748,0.5633802816901409,213,226,191,35
bowphs/PhilTa,hidden,mean,3,whitening,10,0.001,0.0,0.4985875965679483,-0.0009587869290009491,-0.01475231721997261,-0.003933348227292299,-0.010818968992680311,0.24336283185840707,0.3141592920353982,1.0,0.0,0.8451327433628318,0.5144997067456201,0.11267605633802817,213,226,191,35
bowphs/PhilTa,hidden,mean,4,baseline,10,0.001,0.9547738693467337,0.5539184607332509,0.03660106487576182,0.6201098561286926,0.5410202741622925,0.07908958196640015,0.14601769911504425,0.40707964601769914,0.5759162303664922,0.3142857142857143,0.5353982300884956,0.5774088000577189,0.18779342723004694,213,226,191,35
bowphs/PhilTa,hidden,mean,4,abtt_fixed,10,0.001,0.20100502512562815,0.6449743092436768,0.09841182455374105,0.09801800549030304,0.00016667123418301344,0.09785133425612003,0.5575221238938053,0.6371681415929203,0.9947643979057592,0.0,0.8407079646017699,0.597066558659235,0.5023474178403756,213,226,191,35
bowphs/PhilTa,hidden,mean,4,abtt_optimal,3,0.001,0.2814070351758794,0.7097804828566614,0.1424037140192423,0.15181170403957367,-0.0029165055602788925,0.15472820959985256,0.5619469026548672,0.6283185840707964,0.9895287958115183,0.0,0.8362831858407079,0.6982762816755046,0.539906103286385,213,226,191,35
bowphs/PhilTa,hidden,mean,4,whitening,10,0.001,0.005025125628140704,0.5178567313713414,0.012121583044631618,0.04230069741606712,-0.005085811018943787,0.04738650843501091,0.22566371681415928,0.30973451327433627,1.0,0.0,0.8451327433628318,0.521579582058385,0.009389671361502348,213,226,191,35
bowphs/PhilTa,hidden,mean,5,baseline,10,0.001,0.9396984924623115,0.5431510599713104,0.029291910859753023,0.6191955208778381,0.5688604116439819,0.0503351092338562,0.16371681415929204,0.35398230088495575,0.6230366492146597,0.2857142857142857,0.5707964601769911,0.5731669801239465,0.19718309859154928,213,226,191,35
bowphs/PhilTa,hidden,mean,5,abtt_fixed,10,0.001,0.22110552763819097,0.64940573508307,0.10141997616690383,0.09968139231204987,0.0005146308685652912,0.09916676144348457,0.5442477876106194,0.6061946902654868,0.9895287958115183,0.0,0.8362831858407079,0.606352339133341,0.5211267605633803,213,226,191,35
bowphs/PhilTa,hidden,mean,5,abtt_optimal,5,0.001,0.2562814070351759,0.6890675422117674,0.12834330365154697,0.1356305181980133,-0.0012697995407506824,0.136900317738764,0.5353982300884956,0.6238938053097345,0.9947643979057592,0.0,0.8407079646017699,0.6843463410912634,0.5492957746478874,213,226,191,35
bowphs/PhilTa,hidden,mean,5,whitening,10,0.001,0.0,0.5150131918319413,0.010191296011059229,0.07260099053382874,0.005693136248737574,0.06690785428509116,0.24778761061946902,0.2920353982300885,1.0,0.0,0.8451327433628318,0.571735155072709,0.0,213,226,191,35
bowphs/PhilTa,hidden,mean,6,baseline,10,0.001,0.9447236180904522,0.5387018280190546,0.026271672056342805,0.6370053291320801,0.6001836061477661,0.036821722984313965,0.14601769911504425,0.3672566371681416,0.6387434554973822,0.2857142857142857,0.584070796460177,0.5689122888552436,0.215962441314554,213,226,191,35
bowphs/PhilTa,hidden,mean,6,abtt_fixed,10,0.001,0.21608040201005024,0.6535618107382624,0.10424121387693766,0.0997256189584732,0.000309955095872283,0.09941566386260092,0.5353982300884956,0.5929203539823009,0.9842931937172775,0.0,0.831858407079646,0.6109600797766326,0.5117370892018779,213,226,191,35
bowphs/PhilTa,hidden,mean,6,abtt_optimal,5,0.001,0.23115577889447236,0.6918760536626287,0.1302497844452415,0.13661523163318634,-0.0011462051188573241,0.13776143675204366,0.5398230088495575,0.6238938053097345,1.0,0.0,0.8451327433628318,0.6873703650680452,0.5539906103286385,213,226,191,35
bowphs/PhilTa,hidden,mean,6,whitening,10,0.001,0.0,0.5121244320172279,0.008230349235468828,0.016872594133019447,-0.004556239116936922,0.02142883324995637,0.24778761061946902,0.29646017699115046,1.0,0.0,0.8451327433628318,0.465541587061241,0.014084507042253521,213,226,191,35
bowphs/PhilTa,hidden,mean,7,baseline,10,0.001,0.9547738693467337,0.5398183558947258,0.027029596312048414,0.6448442339897156,0.6088734269142151,0.03597080707550049,0.15486725663716813,0.37168141592920356,0.6020942408376964,0.34285714285714286,0.5619469026548672,0.5671161951623803,0.2112676056338028,213,226,191,35
bowphs/PhilTa,hidden,mean,7,abtt_fixed,10,0.001,0.21608040201005024,0.6490156925836654,0.10115520653827013,0.09731389582157135,0.0004997761570848525,0.0968141196644865,0.5176991150442478,0.6017699115044248,0.9895287958115183,0.0,0.8362831858407079,0.611701266475247,0.5211267605633803,213,226,191,35
bowphs/PhilTa,hidden,mean,7,abtt_optimal,5,0.001,0.22110552763819097,0.6881018224435658,0.12768775133411459,0.13451041281223297,-0.0008721593767404556,0.13538257218897343,0.5309734513274337,0.6017699115044248,1.0,0.0,0.8451327433628318,0.6891702313935607,0.5352112676056338,213,226,191,35
bowphs/PhilTa,hidden,mean,7,whitening,10,0.001,0.0,0.5060580061923377,0.004112313436895684,-0.01989804580807686,-0.002004806185141206,-0.017893239622935653,0.23893805309734514,0.33185840707964603,1.0,0.0,0.8451327433628318,0.560769147577844,0.018779342723004695,213,226,191,35
bowphs/PhilTa,hidden,mean,8,baseline,10,0.001,0.9547738693467337,0.5418179984833382,0.028386998713843162,0.6479496955871582,0.6104347109794617,0.03751498460769653,0.16371681415929204,0.38495575221238937,0.5863874345549738,0.34285714285714286,0.5486725663716814,0.5662517937881951,0.22065727699530516,213,226,191,35
bowphs/PhilTa,hidden,mean,8,abtt_fixed,10,0.001,0.21105527638190955,0.6670702450346728,0.11341104315841982,0.10524038225412369,0.00015951343812048435,0.1050808688160032,0.5265486725663717,0.6061946902654868,0.9947643979057592,0.0,0.8407079646017699,0.6261292932004782,0.5211267605633803,213,226,191,35
bowphs/PhilTa,hidden,mean,8,abtt_optimal,5,0.001,0.21608040201005024,0.6921388751113083,0.13042819356086183,0.13603563606739044,-0.000806180527433753,0.1368418165948242,0.5265486725663717,0.6106194690265486,1.0,0.0,0.8451327433628318,0.6930372045196436,0.5258215962441315,213,226,191,35
bowphs/PhilTa,hidden,mean,8,whitening,10,0.001,0.0,0.5270005530369172,0.018328627034069123,0.058052144944667816,-0.006326068192720413,0.06437821313738823,0.24778761061946902,0.3008849557522124,1.0,0.0,0.8451327433628318,0.510861212143419,0.0,213,226,191,35
bowphs/PhilTa,hidden,mean,9,baseline,10,0.001,0.949748743718593,0.5398991883957642,0.02708446723331283,0.6577484607696533,0.6267160177230835,0.031032443046569824,0.17699115044247787,0.37610619469026546,0.6701570680628273,0.2857142857142857,0.6106194690265486,0.5633346364121583,0.20187793427230047,213,226,191,35
bowphs/PhilTa,hidden,mean,9,abtt_fixed,10,0.001,0.18592964824120603,0.6794698660948084,0.12182818505525211,0.1076415404677391,-0.00035061160451732576,0.10799215207225643,0.5353982300884956,0.6061946902654868,1.0,0.0,0.8451327433628318,0.6330065806056008,0.5211267605633803,213,226,191,35
bowphs/PhilTa,hidden,mean,9,abtt_optimal,3,0.001,0.20100502512562815,0.7319276212934682,0.15743769013260966,0.15983499586582184,-0.002957751043140888,0.16279274690896273,0.5442477876106194,0.6194690265486725,1.0,0.0,0.8451327433628318,0.7143906012230135,0.5305164319248826,213,226,191,35
bowphs/PhilTa,hidden,mean,9,whitening,10,0.001,0.0,0.4992989749480078,-0.00047587205140216254,-0.005006007384508848,0.011609727516770363,-0.01661573490127921,0.24778761061946902,0.3230088495575221,1.0,0.0,0.8451327433628318,0.5385496234592063,0.014084507042253521,213,226,191,35
bowphs/PhilTa,hidden,mean,10,baseline,10,0.001,0.9698492462311558,0.538874772911633,0.026389070942474734,0.667856752872467,0.639697790145874,0.028158962726593018,0.18584070796460178,0.3893805309734513,0.581151832460733,0.34285714285714286,0.5442477876106194,0.561599866493188,0.19718309859154928,213,226,191,35
bowphs/PhilTa,hidden,mean,10,abtt_fixed,10,0.001,0.18090452261306533,0.6774402915110445,0.12045046414114796,0.1059642881155014,-0.00013588773435913026,0.10610017584986053,0.5486725663716814,0.6238938053097345,1.0,0.0,0.8451327433628318,0.6325773635038082,0.5211267605633803,213,226,191,35
bowphs/PhilTa,hidden,mean,10,abtt_optimal,3,0.001,0.21105527638190955,0.7344735932929126,0.15916595323675894,0.1597493290901184,-0.002895619021728635,0.16264494811184704,0.5486725663716814,0.6283185840707964,1.0,0.0,0.8451327433628318,0.7170759266239224,0.539906103286385,213,226,191,35
bowphs/PhilTa,hidden,mean,10,whitening,10,0.001,0.0,0.5128641108368486,0.00873250143888663,0.06370417773723602,0.004564832895994186,0.05913934484124184,0.22123893805309736,0.3053097345132743,1.0,0.0,0.8451327433628318,0.4903925840990093,0.009389671361502348,213,226,191,35
bowphs/PhilTa,hidden,mean,11,baseline,10,0.001,0.964824120603015,0.5394724258242458,0.026794771192926174,0.663763165473938,0.6336798071861267,0.03008335828781128,0.18141592920353983,0.37610619469026546,0.6020942408376964,0.34285714285714286,0.5619469026548672,0.5609284365120418,0.2112676056338028,213,226,191,35
bowphs/PhilTa,hidden,mean,11,abtt_fixed,10,0.001,0.20603015075376885,0.6696626055838036,0.1151707958543899,0.10279979556798935,0.0003711322497110814,0.10242866331827827,0.5353982300884956,0.6061946902654868,0.9947643979057592,0.0,0.8407079646017699,0.6232377305479239,0.5164319248826291,213,226,191,35
bowphs/PhilTa,hidden,mean,11,abtt_optimal,3,0.001,0.19597989949748745,0.7317582013666716,0.15732268407254998,0.1555522382259369,-0.0026178001426160336,0.15817003836855292,0.5442477876106194,0.6194690265486725,1.0,0.0,0.8451327433628318,0.7168038285761094,0.5305164319248826,213,226,191,35
bowphs/PhilTa,hidden,mean,11,whitening,10,0.001,0.0,0.5279255242006827,0.018956753746001854,0.03045571781694889,-0.005820015445351601,0.03627573326230049,0.2168141592920354,0.34513274336283184,1.0,0.0,0.8451327433628318,0.49014282595435155,0.06103286384976526,213,226,191,35
bowphs/PhilTa,hidden,mean,12,baseline,10,0.001,0.8542713567839196,0.5890709503501117,0.06046336612706081,0.809893012046814,0.7884554862976074,0.021437525749206543,0.4823008849557522,0.5707964601769911,0.9319371727748691,0.14285714285714285,0.8097345132743363,0.6003021706150186,0.40375586854460094,213,226,191,35
bowphs/PhilTa,hidden,mean,12,abtt_fixed,10,0.001,0.15577889447236182,0.6414583472317698,0.09602511039408322,0.07985541224479675,0.001531256944872439,0.07832415529992431,0.5530973451327433,0.6238938053097345,1.0,0.0,0.8451327433628318,0.5919116629927471,0.5164319248826291,213,226,191,35
bowphs/PhilTa,hidden,mean,12,abtt_optimal,5,0.001,0.20100502512562815,0.671066669953949,0.11612390635496497,0.09842481464147568,0.00041378819150850177,0.09801102644996718,0.5663716814159292,0.6637168141592921,1.0,0.0,0.8451327433628318,0.6607517540152771,0.5492957746478874,213,226,191,35
bowphs/PhilTa,hidden,mean,12,whitening,10,0.001,0.0,0.5223493304740422,0.015171266256432257,0.03588404506444931,-0.0024239737540483475,0.03830801881849766,0.22566371681415928,0.3141592920353982,1.0,0.0,0.8451327433628318,0.48808698773628084,0.1643192488262911,213,226,191,35
bowphs/PhilTa,hidden,sif,1,sif_only,10,0.001,0.8592964824120604,0.5321383820189522,0.021816257164599607,0.6622986793518066,0.6423646211624146,0.01993405818939209,0.5575221238938053,0.6946902654867256,0.6020942408376964,0.6285714285714286,0.6061946902654868,0.5607893176007812,0.5023474178403756,213,226,191,35
bowphs/PhilTa,hidden,sif,1,sif_abtt_fixed,10,0.001,0.1457286432160804,0.6095094673732391,0.07433749156201507,0.0741867944598198,0.00032291345996782184,0.07386388099985197,0.5486725663716814,0.6238938053097345,0.9947643979057592,0.0,0.8407079646017699,0.5577347426968366,0.48826291079812206,213,226,191,35
bowphs/PhilTa,hidden,sif,1,sif_abtt_optimal,1,0.001,0.19597989949748745,0.6587992250392943,0.10779648860107144,0.10914665460586548,-0.0017270937096327543,0.11087374831549823,0.5619469026548672,0.6283185840707964,0.9842931937172775,0.0,0.831858407079646,0.6672448246754045,0.5352112676056338,213,226,191,35
bowphs/PhilTa,hidden,sif,2,sif_only,10,0.001,0.914572864321608,0.5283194945191012,0.019223910364770346,0.7721040844917297,0.7599064707756042,0.012197613716125488,0.5486725663716814,0.6946902654867256,0.6073298429319371,0.6,0.6061946902654868,0.5590115446011235,0.4788732394366197,213,226,191,35
bowphs/PhilTa,hidden,sif,2,sif_abtt_fixed,10,0.001,0.1708542713567839,0.6119811330940063,0.07601531389161723,0.07804969698190689,0.000693871988914907,0.07735582499299198,0.5486725663716814,0.6238938053097345,0.9947643979057592,0.0,0.8407079646017699,0.5631368074463583,0.48826291079812206,213,226,191,35
bowphs/PhilTa,hidden,sif,2,sif_abtt_optimal,3,0.001,0.21105527638190955,0.6708378090327429,0.11596855040988459,0.10887808352708817,-0.00016180698003154248,0.10903989050711971,0.5442477876106194,0.6415929203539823,1.0,0.0,0.8451327433628318,0.6516068184935142,0.5446009389671361,213,226,191,35
bowphs/PhilTa,hidden,sif,3,sif_only,10,0.001,0.9095477386934674,0.5409027159398065,0.027765684319583154,0.8218188881874084,0.809612512588501,0.01220637559890747,0.5353982300884956,0.6592920353982301,0.7591623036649214,0.3142857142857143,0.6902654867256637,0.5611676904638252,0.49295774647887325,213,226,191,35
bowphs/PhilTa,hidden,sif,3,sif_abtt_fixed,10,0.001,0.19095477386934673,0.6087105892711482,0.07379519512310381,0.07714257389307022,0.0006822057184763253,0.0764603681745939,0.5309734513274337,0.6150442477876106,1.0,0.0,0.8451327433628318,0.5706423984632909,0.4835680751173709,213,226,191,35
bowphs/PhilTa,hidden,sif,3,sif_abtt_optimal,2,0.001,0.2562814070351759,0.7063776218896911,0.14009377539485585,0.13415329158306122,-0.0017111494671553373,0.13586444105021656,0.5442477876106194,0.6371681415929203,0.9685863874345549,0.0,0.8185840707964602,0.6824774824379019,0.5633802816901409,213,226,191,35
bowphs/PhilTa,hidden,sif,4,sif_only,10,0.001,0.8944723618090452,0.5596597839997655,0.04049840434926004,0.8341614007949829,0.8194073438644409,0.014754056930541992,0.504424778761062,0.6017699115044248,0.900523560209424,0.17142857142857143,0.7876106194690266,0.5760015341053142,0.45539906103286387,213,226,191,35
bowphs/PhilTa,hidden,sif,4,sif_abtt_fixed,10,0.001,0.18090452261306533,0.6172234420618092,0.07957391122568863,0.08135836571455002,0.000417948147514835,0.08094041756703518,0.5309734513274337,0.5973451327433629,1.0,0.0,0.8451327433628318,0.5850185453251238,0.5023474178403756,213,226,191,35
bowphs/PhilTa,hidden,sif,4,sif_abtt_optimal,3,0.001,0.22613065326633167,0.6793514876725298,0.12174782711756729,0.12389351427555084,-0.0009806547313928604,0.1248741690069437,0.5530973451327433,0.6194690265486725,0.9842931937172775,0.0,0.831858407079646,0.6800404110601359,0.5446009389671361,213,226,191,35
bowphs/PhilTa,hidden,sif,5,sif_only,10,0.001,0.8994974874371859,0.5701885949349424,0.04764559822043617,0.8400079607963562,0.8240021467208862,0.01600581407546997,0.42920353982300885,0.5973451327433629,0.9109947643979057,0.11428571428571428,0.7876106194690266,0.5806011376977877,0.39906103286384975,213,226,191,35
bowphs/PhilTa,hidden,sif,5,sif_abtt_fixed,10,0.001,0.18090452261306533,0.6201811502072117,0.08158167009417194,0.08224201947450638,9.061546734301373e-06,0.08223295792777208,0.5088495575221239,0.6017699115044248,0.9895287958115183,0.0,0.8362831858407079,0.5871188414299373,0.49295774647887325,213,226,191,35
bowphs/PhilTa,hidden,sif,5,sif_abtt_optimal,3,0.001,0.21608040201005024,0.678961364602479,0.12148300279556522,0.1248023584485054,-0.0013378052972257137,0.12614016374573112,0.5442477876106194,0.6150442477876106,0.9947643979057592,0.0,0.8407079646017699,0.6849081921213918,0.5492957746478874,213,226,191,35
bowphs/PhilTa,hidden,sif,6,sif_only,10,0.001,0.9095477386934674,0.5762180186904563,0.05173850679100268,0.8508303165435791,0.834963321685791,0.015866994857788086,0.41150442477876104,0.5486725663716814,0.900523560209424,0.11428571428571428,0.7787610619469026,0.5891269915986677,0.3615023474178404,213,226,191,35
bowphs/PhilTa,hidden,sif,6,sif_abtt_fixed,10,0.001,0.18090452261306533,0.6287481464722786,0.08739714000591706,0.08575168251991272,0.00022624304983764887,0.08552543947007507,0.5132743362831859,0.6150442477876106,0.9947643979057592,0.0,0.8407079646017699,0.5887994629743721,0.47417840375586856,213,226,191,35
bowphs/PhilTa,hidden,sif,6,sif_abtt_optimal,3,0.001,0.23618090452261306,0.6853625614633176,0.12582827931868465,0.12806661427021027,-0.0014187672641128302,0.1294853815343231,0.5442477876106194,0.6017699115044248,0.9947643979057592,0.0,0.8407079646017699,0.6895850730389079,0.5446009389671361,213,226,191,35
bowphs/PhilTa,hidden,sif,7,sif_only,10,0.001,0.914572864321608,0.5747721180121481,0.05075699686288543,0.8607526421546936,0.8464615345001221,0.014291107654571533,0.4336283185840708,0.5619469026548672,0.9162303664921466,0.11428571428571428,0.7920353982300885,0.5931033464139301,0.38967136150234744,213,226,191,35
bowphs/PhilTa,hidden,sif,7,sif_abtt_fixed,10,0.001,0.19095477386934673,0.6193658961212325,0.0810282572688759,0.08264707028865814,0.0009828098118305206,0.08166426047682762,0.5132743362831859,0.5973451327433629,0.9947643979057592,0.0,0.8407079646017699,0.5857039315813096,0.49295774647887325,213,226,191,35
bowphs/PhilTa,hidden,sif,7,sif_abtt_optimal,3,0.001,0.19597989949748745,0.6941673619913454,0.13180517611716455,0.13168980181217194,-0.0014507044106721878,0.13314050622284412,0.5442477876106194,0.6061946902654868,1.0,0.0,0.8451327433628318,0.6980683923559657,0.5446009389671361,213,226,191,35
bowphs/PhilTa,hidden,sif,8,sif_only,10,0.001,0.914572864321608,0.584988375267132,0.05769202226057724,0.8689073920249939,0.8534731268882751,0.01543426513671875,0.4336283185840708,0.588495575221239,0.9319371727748691,0.08571428571428572,0.8008849557522124,0.6013396692520625,0.431924882629108,213,226,191,35
bowphs/PhilTa,hidden,sif,8,sif_abtt_fixed,10,0.001,0.22110552763819097,0.6254930520708751,0.08518750865272952,0.08516937494277954,0.0013396419817581773,0.08382973296102136,0.5176991150442478,0.6327433628318584,0.9790575916230366,0.0,0.827433628318584,0.5751249271549019,0.5023474178403756,213,226,191,35
bowphs/PhilTa,hidden,sif,8,sif_abtt_optimal,3,0.001,0.23115577889447236,0.7084153542514069,0.14147703399226474,0.13653522729873657,-0.0015141958137974143,0.138049423112534,0.5398230088495575,0.6283185840707964,1.0,0.0,0.8451327433628318,0.7007102954947811,0.5446009389671361,213,226,191,35
bowphs/PhilTa,hidden,sif,9,sif_only,10,0.001,0.9246231155778895,0.5913104718958305,0.06198360376547512,0.8778688311576843,0.8622542023658752,0.015614628791809082,0.43805309734513276,0.5796460176991151,0.900523560209424,0.17142857142857143,0.7876106194690266,0.6054862363758029,0.4131455399061033,213,226,191,35
bowphs/PhilTa,hidden,sif,9,sif_abtt_fixed,10,0.001,0.21105527638190955,0.6261672672402652,0.0856451810865307,0.08471386134624481,0.0012291257735341787,0.08348473557271063,0.5221238938053098,0.6327433628318584,0.9842931937172775,0.0,0.831858407079646,0.5586198319062836,0.5211267605633803,213,226,191,35
bowphs/PhilTa,hidden,sif,9,sif_abtt_optimal,3,0.001,0.23115577889447236,0.7175376031263989,0.1476694218747217,0.13706663250923157,-0.0021236950997263193,0.1391903276089579,0.5530973451327433,0.6415929203539823,0.9947643979057592,0.0,0.8407079646017699,0.6961601553081902,0.5492957746478874,213,226,191,35
bowphs/PhilTa,hidden,sif,10,sif_only,10,0.001,0.9296482412060302,0.5818464624813117,0.05555922113574493,0.8897091746330261,0.8766340613365173,0.013075113296508789,0.43805309734513276,0.5663716814159292,0.900523560209424,0.17142857142857143,0.7876106194690266,0.595023468487446,0.43661971830985913,213,226,191,35
bowphs/PhilTa,hidden,sif,10,sif_abtt_fixed,10,0.001,0.18090452261306533,0.6249754662381597,0.08483615973832238,0.08412344008684158,0.0018480530707165599,0.08227538701612502,0.5398230088495575,0.6194690265486725,1.0,0.0,0.8451327433628318,0.5480826963049948,0.5070422535211268,213,226,191,35
bowphs/PhilTa,hidden,sif,10,sif_abtt_optimal,3,0.001,0.21105527638190955,0.7227413791825431,0.15120186220110446,0.13788922131061554,-0.0021051743533462286,0.13999439566396177,0.5575221238938053,0.6415929203539823,1.0,0.0,0.8451327433628318,0.6931960989301651,0.5539906103286385,213,226,191,35
bowphs/PhilTa,hidden,sif,11,sif_only,10,0.001,0.9246231155778895,0.5794165122127375,0.05390971619388491,0.8847132921218872,0.8712990283966064,0.013414263725280762,0.41150442477876104,0.5530973451327433,0.8952879581151832,0.17142857142857143,0.7831858407079646,0.5890531910135199,0.4084507042253521,213,226,191,35
bowphs/PhilTa,hidden,sif,11,sif_abtt_fixed,10,0.001,0.22110552763819097,0.6284728768587245,0.08721028079580562,0.08406130224466324,0.0018501924350857735,0.08221110980957747,0.5221238938053098,0.6415929203539823,0.9738219895287958,0.02857142857142857,0.827433628318584,0.5583702217080044,0.5258215962441315,213,226,191,35
bowphs/PhilTa,hidden,sif,11,sif_abtt_optimal,5,0.001,0.25125628140703515,0.6753157241351305,0.11900825998129139,0.11281736195087433,-0.0005627123755402863,0.11338007432641461,0.5265486725663717,0.6238938053097345,0.9790575916230366,0.02857142857142857,0.831858407079646,0.6380232943545585,0.5492957746478874,213,226,191,35
bowphs/PhilTa,hidden,sif,12,sif_only,10,0.001,0.8442211055276382,0.5833875775210475,0.05660536471522845,0.7896414399147034,0.7671144008636475,0.022527039051055908,0.504424778761062,0.6150442477876106,0.9162303664921466,0.11428571428571428,0.7920353982300885,0.5942161497576367,0.5023474178403756,213,226,191,35
bowphs/PhilTa,hidden,sif,12,sif_abtt_fixed,10,0.001,0.15577889447236182,0.631465028955479,0.08924142099383166,0.0780489519238472,0.001481895917095244,0.07656705600675195,0.5309734513274337,0.6327433628318584,1.0,0.0,0.8451327433628318,0.5642242626438798,0.5070422535211268,213,226,191,35
bowphs/PhilTa,hidden,sif,12,sif_abtt_optimal,5,0.001,0.18592964824120603,0.6777707520174084,0.1206747881716654,0.10075816512107849,2.6742265617940575e-05,0.10073142285546055,0.5530973451327433,0.6504424778761062,1.0,0.0,0.8451327433628318,0.6260589940129554,0.5446009389671361,213,226,191,35
google/mt5-base,hidden,mean,1,baseline,10,0.001,0.9849246231155779,0.516392279301691,0.011127448188948782,0.9795279502868652,0.9790288805961609,0.0004990696907043457,0.24778761061946902,0.37610619469026546,0.9528795811518325,0.05714285714285714,0.8141592920353983,0.5261807884032922,0.2535211267605634,213,226,191,35
google/mt5-base,hidden,mean,1,abtt_fixed,10,0.001,0.22110552763819097,0.6182582511593311,0.08027636293513452,0.06973913311958313,0.0013881459599360824,0.06835098715964705,0.5398230088495575,0.6592920353982301,0.8481675392670157,0.2,0.7477876106194691,0.5408343593825645,0.5633802816901409,213,226,191,35
google/mt5-base,hidden,mean,1,abtt_optimal,10,0.001,0.22110552763819097,0.6182582511593311,0.08027636293513452,0.06973913311958313,0.0013881459599360824,0.06835098715964705,0.5398230088495575,0.6592920353982301,0.8481675392670157,0.2,0.7477876106194691,0.5408343593825645,0.5633802816901409,213,226,191,35
google/mt5-base,hidden,mean,1,whitening,10,0.001,0.0,0.5194271942690422,0.01318770107254773,0.048129092901945114,-0.0063099549151957035,0.05443904781714082,0.22123893805309736,0.26548672566371684,1.0,0.0,0.8451327433628318,0.5030492488343181,0.056338028169014086,213,226,191,35
google/mt5-base,hidden,mean,2,baseline,10,0.001,0.9849246231155779,0.525185155374046,0.017096250399692415,0.9806386828422546,0.9799365997314453,0.0007020831108093262,0.252212389380531,0.37168141592920356,0.9528795811518325,0.05714285714285714,0.8141592920353983,0.5284500392723662,0.24413145539906103,213,226,191,35
google/mt5-base,hidden,mean,2,abtt_fixed,10,0.001,0.23115577889447236,0.6145685788337044,0.07777173030427496,0.07213590294122696,0.0009657862246967852,0.07117011671653017,0.5309734513274337,0.6238938053097345,0.8900523560209425,0.11428571428571428,0.7699115044247787,0.5623167160125374,0.5352112676056338,213,226,191,35
google/mt5-base,hidden,mean,2,abtt_optimal,5,0.001,0.2814070351758794,0.6315970439596671,0.08933103575042615,0.08567885309457779,0.0009310900932177901,0.08474776300136,0.5486725663716814,0.6592920353982301,0.8638743455497382,0.11428571428571428,0.7477876106194691,0.5950915977947507,0.5446009389671361,213,226,191,35
google/mt5-base,hidden,mean,2,whitening,10,0.001,0.0,0.5258501653470806,0.017547901030521854,0.05378330498933792,-0.0038991018664091825,0.057682406855747104,0.23008849557522124,0.3008849557522124,1.0,0.0,0.8451327433628318,0.4930078815474224,0.11737089201877934,213,226,191,35
google/mt5-base,hidden,mean,3,baseline,10,0.001,0.9899497487437187,0.5206843984933933,0.01404103531455846,0.9831295609474182,0.9825767874717712,0.0005527734756469727,0.22566371681415928,0.3495575221238938,0.8481675392670157,0.11428571428571428,0.7345132743362832,0.5290215314748277,0.25821596244131456,213,226,191,35
google/mt5-base,hidden,mean,3,abtt_fixed,10,0.001,0.20603015075376885,0.6274184890941185,0.08649453864643292,0.07617460936307907,-8.832287130644545e-05,0.07626293223438552,0.5486725663716814,0.6283185840707964,0.9895287958115183,0.05714285714285714,0.8451327433628318,0.5576519173825998,0.5211267605633803,213,226,191,35
google/mt5-base,hidden,mean,3,abtt_optimal,7,0.001,0.2864321608040201,0.6372669212054529,0.09317987605648789,0.08358755707740784,0.0009740837849676609,0.08261347329244018,0.5398230088495575,0.6548672566371682,0.8429319371727748,0.17142857142857143,0.7389380530973452,0.5889517984287799,0.5539906103286385,213,226,191,35
google/mt5-base,hidden,mean,3,whitening,10,0.001,0.0,0.5516513235984655,0.035062239814974354,0.13864505290985107,-0.009095331653952599,0.14774038456380367,0.1902654867256637,0.28761061946902655,1.0,0.0,0.8451327433628318,0.4847830245536249,0.04225352112676056,213,226,191,35
google/mt5-base,hidden,mean,4,baseline,10,0.001,0.9899497487437187,0.5263613256707426,0.017894661274314456,0.9867580533027649,0.9861675500869751,0.0005905032157897949,0.2345132743362832,0.39823008849557523,0.9424083769633508,0.08571428571428572,0.8097345132743363,0.5358958846101098,0.26291079812206575,213,226,191,35
google/mt5-base,hidden,mean,4,abtt_fixed,10,0.001,0.18592964824120603,0.6320361136974288,0.08962908617214817,0.07885191589593887,0.0004027605173178017,0.07844915537862107,0.5398230088495575,0.6238938053097345,0.9895287958115183,0.0,0.8362831858407079,0.5517758324363262,0.4694835680751174,213,226,191,35
google/mt5-base,hidden,mean,4,abtt_optimal,3,0.001,0.20603015075376885,0.6864748795227124,0.126583345856175,0.11797883361577988,-0.0009513738914392889,0.11893020750721917,0.5,0.6238938053097345,1.0,0.0,0.8451327433628318,0.6698098696705831,0.49765258215962443,213,226,191,35
google/mt5-base,hidden,mean,4,whitening,10,0.001,0.0,0.518040956154421,0.012246782736967507,0.013372210785746574,-0.0017756831366568804,0.015147893922403455,0.1592920353982301,0.2831858407079646,1.0,0.0,0.8451327433628318,0.4788150402485657,0.12206572769953052,213,226,191,35
google/mt5-base,hidden,mean,5,baseline,10,0.001,0.04522613065326633,0.47134168576996693,-0.019453908812984384,0.6028342247009277,0.6808789968490601,-0.07804477214813232,0.19911504424778761,0.3053097345132743,1.0,0.0,0.8451327433628318,0.44520221483619105,0.1643192488262911,213,226,191,35
google/mt5-base,hidden,mean,5,abtt_fixed,10,0.001,0.21105527638190955,0.6331978618484131,0.090417706968478,0.08223889023065567,1.1395251931389794e-05,0.08222749497872428,0.5353982300884956,0.6327433628318584,0.9895287958115183,0.0,0.8362831858407079,0.5681454088022276,0.49765258215962443,213,226,191,35
google/mt5-base,hidden,mean,5,abtt_optimal,10,0.001,0.21105527638190955,0.6331978618484131,0.090417706968478,0.08223889023065567,1.1395251931389794e-05,0.08222749497872428,0.5353982300884956,0.6327433628318584,0.9895287958115183,0.0,0.8362831858407079,0.5681454088022276,0.49765258215962443,213,226,191,35
google/mt5-base,hidden,mean,5,whitening,10,0.001,0.0,0.543853152584368,0.02976922645718135,0.1098574697971344,-0.007113606669008732,0.11697107646614313,0.21238938053097345,0.3230088495575221,1.0,0.0,0.8451327433628318,0.49389087484984057,0.014084507042253521,213,226,191,35
google/mt5-base,hidden,mean,6,baseline,10,0.001,0.010050251256281407,0.47448575382057945,-0.01731964464544211,0.6100510358810425,0.6864877343177795,-0.07643669843673706,0.2079646017699115,0.35398230088495575,1.0,0.0,0.8451327433628318,0.44380949694434013,0.18309859154929578,213,226,191,35
google/mt5-base,hidden,mean,6,abtt_fixed,10,0.001,0.21105527638190955,0.6179377209851404,0.08005877983762544,0.07658947259187698,0.0010102519299834967,0.07557922066189349,0.504424778761062,0.6194690265486725,0.9895287958115183,0.0,0.8362831858407079,0.5698358687808336,0.4647887323943662,213,226,191,35
google/mt5-base,hidden,mean,6,abtt_optimal,5,0.001,0.19095477386934673,0.6991341193483317,0.13517672281519894,0.12697643041610718,-0.00115757598541677,0.12813400640152395,0.5353982300884956,0.6194690265486725,1.0,0.0,0.8451327433628318,0.678741836380478,0.48826291079812206,213,226,191,35
google/mt5-base,hidden,mean,6,whitening,10,0.001,0.005025125628140704,0.4977988502246471,-0.001494236619588116,-0.026560606434941292,-0.0005710778059437871,-0.025989528628997505,0.21238938053097345,0.26991150442477874,1.0,0.0,0.8451327433628318,0.5205410477966913,0.16901408450704225,213,226,191,35
google/mt5-base,hidden,mean,7,baseline,10,0.001,0.07537688442211056,0.4778152753566298,-0.015059490477503467,0.6216015815734863,0.6970201134681702,-0.07541853189468384,0.21238938053097345,0.36283185840707965,1.0,0.0,0.8451327433628318,0.4427022169320981,0.19248826291079812,213,226,191,35
google/mt5-base,hidden,mean,7,abtt_fixed,10,0.001,0.21105527638190955,0.6156647626211501,0.07851584453482824,0.07446437329053879,0.001754189026542008,0.07271018426399678,0.5353982300884956,0.5929203539823009,0.9842931937172775,0.0,0.831858407079646,0.5769201085117645,0.48826291079812206,213,226,191,35
google/mt5-base,hidden,mean,7,abtt_optimal,10,0.001,0.21105527638190955,0.6156647626211501,0.07851584453482824,0.07446437329053879,0.001754189026542008,0.07271018426399678,0.5353982300884956,0.5929203539823009,0.9842931937172775,0.0,0.831858407079646,0.5769201085117645,0.48826291079812206,213,226,191,35
google/mt5-base,hidden,mean,7,whitening,10,0.001,0.0,0.511253523757222,0.007639164943752434,0.01671278476715088,-0.004998066928237677,0.021710851695388556,0.22566371681415928,0.3053097345132743,1.0,0.0,0.8451327433628318,0.48575022400314594,0.046948356807511735,213,226,191,35
google/mt5-base,hidden,mean,8,baseline,10,0.001,0.010050251256281407,0.4753887896258525,-0.016706643612785888,0.6432898044586182,0.7155495285987854,-0.07225972414016724,0.22123893805309736,0.37168141592920356,1.0,0.0,0.8451327433628318,0.4383643797986716,0.20657276995305165,213,226,191,35
google/mt5-base,hidden,mean,8,abtt_fixed,10,0.001,0.16080402010050251,0.635589621630576,0.09204128734820076,0.08080950379371643,0.000923937011975795,0.07988556678174064,0.5353982300884956,0.5929203539823009,1.0,0.0,0.8451327433628318,0.5860641316975264,0.4835680751173709,213,226,191,35
google/mt5-base,hidden,mean,8,abtt_optimal,2,0.001,0.23115577889447236,0.7089299186848809,0.14182633191289476,0.1502004861831665,0.0007596428622491658,0.14944084332091734,0.504424778761062,0.5707964601769911,1.0,0.0,0.8451327433628318,0.6544778905726447,0.48826291079812206,213,226,191,35
google/mt5-base,hidden,mean,8,whitening,10,0.001,0.010050251256281407,0.5103116126150428,0.007000053394594156,-0.01868082396686077,-0.0037692533805966377,-0.014911570586264133,0.18584070796460178,0.26548672566371684,1.0,0.0,0.8451327433628318,0.5045266660278671,0.014084507042253521,213,226,191,35
google/mt5-base,hidden,mean,9,baseline,10,0.001,0.06030150753768844,0.47958555345749593,-0.013857785853041524,0.7012847661972046,0.767724335193634,-0.06643956899642944,0.2831858407079646,0.42035398230088494,1.0,0.0,0.8451327433628318,0.435562226074198,0.22535211267605634,213,226,191,35
google/mt5-base,hidden,mean,9,abtt_fixed,10,0.001,0.1658291457286432,0.6384454280508961,0.09397987303189474,0.08153294771909714,0.00014960012049414217,0.081383347598603,0.5353982300884956,0.5752212389380531,1.0,0.0,0.8451327433628318,0.6030909845076964,0.49295774647887325,213,226,191,35
google/mt5-base,hidden,mean,9,abtt_optimal,2,0.001,0.2914572864321608,0.7091252622171689,0.1419589354998338,0.14850808680057526,0.0006082507316023111,0.14789983606897295,0.5,0.5707964601769911,0.9685863874345549,0.0,0.8185840707964602,0.6552980066641954,0.5023474178403756,213,226,191,35
google/mt5-base,hidden,mean,9,whitening,10,0.001,0.0,0.5050639255565901,0.0034376250500141553,0.006885108537971973,0.008931615389883518,-0.002046506851911545,0.1902654867256637,0.25663716814159293,1.0,0.0,0.8451327433628318,0.45933891048440256,0.0892018779342723,213,226,191,35
google/mt5-base,hidden,mean,10,baseline,10,0.001,0.020100502512562814,0.48229570829171853,-0.012018071744675183,0.7155563235282898,0.7796424031257629,-0.06408607959747314,0.28761061946902655,0.40707964601769914,1.0,0.0,0.8451327433628318,0.43458102103417773,0.22065727699530516,213,226,191,35
google/mt5-base,hidden,mean,10,abtt_fixed,10,0.001,0.19597989949748745,0.6359382911030347,0.09227797203486816,0.07998014986515045,0.0005954059888608754,0.07938474387628958,0.5309734513274337,0.6106194690265486,0.9895287958115183,0.0,0.8362831858407079,0.5991571889339857,0.4788732394366197,213,226,191,35
google/mt5-base,hidden,mean,10,abtt_optimal,3,0.001,0.2663316582914573,0.667500532571973,0.11370313202460788,0.11405424028635025,0.0033556269481778145,0.11069861333817244,0.5,0.5973451327433629,0.9895287958115183,0.0,0.8362831858407079,0.6502653640218178,0.5023474178403756,213,226,191,35
google/mt5-base,hidden,mean,10,whitening,10,0.001,0.010050251256281407,0.49935041930575824,-0.0004409533075754195,-0.016722436994314194,-0.0036054763477295637,-0.01311696064658463,0.17699115044247787,0.28761061946902655,1.0,0.0,0.8451327433628318,0.48082619866032583,0.107981220657277,213,226,191,35
google/mt5-base,hidden,mean,11,baseline,10,0.001,0.0,0.48788058350551283,-0.008226932730987744,0.749183714389801,0.8050463199615479,-0.055862605571746826,0.3053097345132743,0.4424778761061947,1.0,0.0,0.8451327433628318,0.4354346469804612,0.2300469483568075,213,226,191,35
google/mt5-base,hidden,mean,11,abtt_fixed,10,0.001,0.21105527638190955,0.6448737167915995,0.09834354013283418,0.08539844304323196,0.0005091095226816833,0.08488933352055028,0.5265486725663717,0.6150442477876106,0.9895287958115183,0.0,0.8362831858407079,0.6047698306955891,0.5023474178403756,213,226,191,35
google/mt5-base,hidden,mean,11,abtt_optimal,10,0.001,0.21105527638190955,0.6448737167915995,0.09834354013283418,0.08539844304323196,0.0005091095226816833,0.08488933352055028,0.5265486725663717,0.6150442477876106,0.9895287958115183,0.0,0.8362831858407079,0.6047698306955891,0.5023474178403756,213,226,191,35
google/mt5-base,hidden,mean,11,whitening,10,0.001,0.0,0.5220186081130773,0.01494686543325549,0.1031627207994461,0.017699671909213066,0.08546304889023304,0.23008849557522124,0.29646017699115046,1.0,0.0,0.8451327433628318,0.486482016106725,0.07511737089201878,213,226,191,35
google/mt5-base,hidden,mean,12,baseline,10,0.001,0.9597989949748744,0.5794499893163323,0.053932441206020816,0.9247677326202393,0.9160100221633911,0.008757710456848145,0.28761061946902655,0.5221238938053098,0.7172774869109948,0.3142857142857143,0.6548672566371682,0.5647594586681463,0.3145539906103286,213,226,191,35
google/mt5-base,hidden,mean,12,abtt_fixed,10,0.001,0.23618090452261306,0.6265570478850688,0.08590977296235124,0.07207116484642029,0.0006516899447888136,0.07141947490163147,0.5265486725663717,0.6283185840707964,0.8952879581151832,0.08571428571428572,0.7699115044247787,0.57113856130136,0.539906103286385,213,226,191,35
google/mt5-base,hidden,mean,12,abtt_optimal,10,0.001,0.23618090452261306,0.6265570478850688,0.08590977296235124,0.07207116484642029,0.0006516899447888136,0.07141947490163147,0.5265486725663717,0.6283185840707964,0.8952879581151832,0.08571428571428572,0.7699115044247787,0.57113856130136,0.539906103286385,213,226,191,35
google/mt5-base,hidden,mean,12,whitening,10,0.001,0.0,0.5355345959075912,0.024121969274448065,0.11304661631584167,-0.009010227397084236,0.12205684371292591,0.2079646017699115,0.25663716814159293,1.0,0.0,0.8451327433628318,0.5106065224528108,0.14553990610328638,213,226,191,35
google/mt5-base,hidden,sif,1,sif_only,10,0.001,0.9447236180904522,0.45901032819002563,-0.027824711924063338,0.9711059331893921,0.9728003740310669,-0.0016944408416748047,0.34513274336283184,0.4247787610619469,1.0,0.0,0.8451327433628318,0.48698187760425693,0.3615023474178404,213,226,191,35
google/mt5-base,hidden,sif,1,sif_abtt_fixed,10,0.001,0.18592964824120603,0.6186110901627431,0.08051587799324988,0.06357944756746292,0.0013475583400577307,0.06223188922740519,0.5353982300884956,0.6814159292035398,0.8219895287958116,0.17142857142857143,0.7212389380530974,0.5393797012735767,0.5539906103286385,213,226,191,35
google/mt5-base,hidden,sif,1,sif_abtt_optimal,7,0.001,0.22110552763819097,0.6312130644014069,0.0890703817827209,0.0671611800789833,0.0012658163905143738,0.06589536368846893,0.5707964601769911,0.6991150442477876,0.7068062827225131,0.5428571428571428,0.6814159292035398,0.5650266498277386,0.5868544600938967,213,226,191,35
google/mt5-base,hidden,sif,2,sif_only,10,0.001,0.949748743718593,0.4781975226459916,-0.01480001241360634,0.9735548496246338,0.974382221698761,-0.0008273720741271973,0.3053097345132743,0.3938053097345133,1.0,0.0,0.8451327433628318,0.5018668613772516,0.3286384976525822,213,226,191,35
google/mt5-base,hidden,sif,2,sif_abtt_fixed,10,0.001,0.24623115577889448,0.6299870410172269,0.08823812951116747,0.06823573261499405,0.0004313561075832695,0.06780437650741078,0.5353982300884956,0.6991150442477876,0.643979057591623,0.42857142857142855,0.6106194690265486,0.5637037626265454,0.6009389671361502,213,226,191,35
google/mt5-base,hidden,sif,2,sif_abtt_optimal,7,0.001,0.24623115577889448,0.6232164277424717,0.08364208481065959,0.06893165409564972,0.0006501197349280119,0.06828153436072171,0.5353982300884956,0.6548672566371682,0.675392670157068,0.34285714285714286,0.6238938053097345,0.5777325560493621,0.6009389671361502,213,226,191,35
google/mt5-base,hidden,sif,3,sif_only,10,0.001,0.9597989949748744,0.48101189561138136,-0.012889552691743016,0.9792746305465698,0.9799578189849854,-0.0006831884384155273,0.25663716814159293,0.38495575221238937,1.0,0.0,0.8451327433628318,0.5031617620551764,0.30985915492957744,213,226,191,35
google/mt5-base,hidden,sif,3,sif_abtt_fixed,10,0.001,0.19095477386934673,0.621616516273498,0.0825560288907693,0.0690813735127449,0.0008606561459600925,0.06822071736678481,0.5221238938053098,0.6150442477876106,0.9633507853403142,0.02857142857142857,0.8185840707964602,0.5354665935351279,0.4788732394366197,213,226,191,35
google/mt5-base,hidden,sif,3,sif_abtt_optimal,1,0.001,0.2613065326633166,0.6285631965533811,0.08727159183775643,0.08919508010149002,0.003006269922479987,0.08618881017901003,0.49557522123893805,0.5707964601769911,0.9424083769633508,0.05714285714285714,0.8053097345132744,0.6473774507132668,0.5070422535211268,213,226,191,35
google/mt5-base,hidden,sif,4,sif_only,10,0.001,0.9899497487437187,0.49327861539021817,-0.004562627175419991,0.9836506247520447,0.983837366104126,-0.00018674135208129883,0.3008849557522124,0.4424778761061947,0.8481675392670157,0.14285714285714285,0.7389380530973452,0.5161829913248682,0.2863849765258216,213,226,191,35
google/mt5-base,hidden,sif,4,sif_abtt_fixed,10,0.001,0.20603015075376885,0.6323002041337898,0.08980835670513217,0.07386552542448044,0.001816260046325624,0.07204926537815481,0.5176991150442478,0.5973451327433629,0.9424083769633508,0.05714285714285714,0.8053097345132744,0.5426552834092881,0.48826291079812206,213,226,191,35
google/mt5-base,hidden,sif,4,sif_abtt_optimal,3,0.001,0.16080402010050251,0.6291394781020262,0.08766278472532633,0.08967150747776031,0.002858234103769064,0.08681327337399125,0.5,0.584070796460177,1.0,0.0,0.8451327433628318,0.6249238754238232,0.49765258215962443,213,226,191,35
google/mt5-base,hidden,sif,5,sif_only,10,0.001,0.0,0.4786976447910916,-0.014460518243578822,0.8334906101226807,0.866364598274231,-0.03287398815155029,0.2743362831858407,0.39823008849557523,1.0,0.0,0.8451327433628318,0.4607128638439122,0.3051643192488263,213,226,191,35
google/mt5-base,hidden,sif,5,sif_abtt_fixed,10,0.001,0.21105527638190955,0.6290629359879105,0.08761082621523401,0.07173345237970352,0.0010273290099576116,0.07070612336974591,0.5132743362831859,0.6017699115044248,0.93717277486911,0.05714285714285714,0.8008849557522124,0.5651972813176223,0.4835680751173709,213,226,191,35
google/mt5-base,hidden,sif,5,sif_abtt_optimal,3,0.001,0.2562814070351759,0.666557010016865,0.11306264767517309,0.10986817628145218,0.0025607075076550245,0.10730746877379715,0.5132743362831859,0.588495575221239,0.9738219895287958,0.0,0.8230088495575221,0.6589061722588014,0.5211267605633803,213,226,191,35
google/mt5-base,hidden,sif,6,sif_only,10,0.001,0.005025125628140704,0.49127363499627924,-0.005923652999673857,0.8323562741279602,0.8666030168533325,-0.034246742725372314,0.29646017699115046,0.42920353982300885,1.0,0.0,0.8451327433628318,0.4659268394308858,0.29107981220657275,213,226,191,35
google/mt5-base,hidden,sif,6,sif_abtt_fixed,10,0.001,0.16080402010050251,0.627782487132062,0.08674162870838553,0.07519543915987015,0.0018620259361341596,0.07333341322373599,0.5221238938053098,0.6061946902654868,1.0,0.0,0.8451327433628318,0.5895715951238254,0.4694835680751174,213,226,191,35
google/mt5-base,hidden,sif,6,sif_abtt_optimal,2,0.001,0.23618090452261306,0.690412649011382,0.1292563924261043,0.1276048868894577,0.0002096440875902772,0.12739524280186743,0.504424778761062,0.588495575221239,0.9895287958115183,0.0,0.8362831858407079,0.6723808818363617,0.5070422535211268,213,226,191,35
google/mt5-base,hidden,sif,7,sif_only,10,0.001,0.0,0.5018496603302687,0.0012555910690328063,0.8399190902709961,0.8714423179626465,-0.03152322769165039,0.3230088495575221,0.4557522123893805,1.0,0.0,0.8451327433628318,0.46858225500560546,0.30985915492957744,213,226,191,35
google/mt5-base,hidden,sif,7,sif_abtt_fixed,10,0.001,0.20100502512562815,0.6221285024462859,0.08290357662984399,0.07303950935602188,0.0022717290557920933,0.07076778030022979,0.5265486725663717,0.6061946902654868,0.9685863874345549,0.0,0.8185840707964602,0.5964085424830738,0.49295774647887325,213,226,191,35
google/mt5-base,hidden,sif,7,sif_abtt_optimal,5,0.001,0.1306532663316583,0.647501729851779,0.10012749455586115,0.09870526194572449,0.002539821667596698,0.09616544027812779,0.5088495575221239,0.5530973451327433,1.0,0.0,0.8451327433628318,0.6349365904287471,0.5164319248826291,213,226,191,35
google/mt5-base,hidden,sif,8,sif_only,10,0.001,0.9899497487437187,0.5041439900582269,0.0028130337349653563,0.8516914248466492,0.8793711066246033,-0.0276796817779541,0.2920353982300885,0.4646017699115044,0.643979057591623,0.2857142857142857,0.588495575221239,0.468874177868139,0.2676056338028169,213,226,191,35
google/mt5-base,hidden,sif,8,sif_abtt_fixed,10,0.001,0.1457286432160804,0.637283518758619,0.09319114284911068,0.07774027436971664,0.0019199964590370655,0.07582027791067958,0.5398230088495575,0.5973451327433629,1.0,0.0,0.8451327433628318,0.606404440916307,0.5117370892018779,213,226,191,35
google/mt5-base,hidden,sif,8,sif_abtt_optimal,10,0.001,0.1457286432160804,0.637283518758619,0.09319114284911068,0.07774027436971664,0.0019199964590370655,0.07582027791067958,0.5398230088495575,0.5973451327433629,1.0,0.0,0.8451327433628318,0.606404440916307,0.5117370892018779,213,226,191,35
google/mt5-base,hidden,sif,9,sif_only,10,0.001,0.0,0.5119010096146563,0.008078673224889572,0.8934526443481445,0.9087317585945129,-0.015279114246368408,0.336283185840708,0.4690265486725664,1.0,0.0,0.8451327433628318,0.4769014278157044,0.3145539906103286,213,226,191,35
google/mt5-base,hidden,sif,9,sif_abtt_fixed,10,0.001,0.17587939698492464,0.6408881286242691,0.09563803316737339,0.07892663776874542,0.0006467187195084989,0.07827991904923692,0.5442477876106194,0.584070796460177,0.9895287958115183,0.0,0.8362831858407079,0.6267552543279618,0.49765258215962443,213,226,191,35
google/mt5-base,hidden,sif,9,sif_abtt_optimal,7,0.001,0.19095477386934673,0.6445138077139627,0.09809922574924945,0.0924646258354187,-0.00014094500511419028,0.09260557084053289,0.5353982300884956,0.5973451327433629,0.9895287958115183,0.0,0.8362831858407079,0.6188278928436215,0.5023474178403756,213,226,191,35
google/mt5-base,hidden,sif,10,sif_only,10,0.001,0.06030150753768844,0.5086211800247964,0.0058522510684405685,0.906080424785614,0.9160940647125244,-0.0100136399269104,0.3407079646017699,0.4690265486725664,1.0,0.0,0.8451327433628318,0.4760110125366309,0.27230046948356806,213,226,191,35
google/mt5-base,hidden,sif,10,sif_abtt_fixed,10,0.001,0.1407035175879397,0.6378899941570167,0.09360283200158588,0.07675807923078537,0.0010221374686807394,0.07573594176210463,0.5442477876106194,0.588495575221239,1.0,0.0,0.8451327433628318,0.5996407270144217,0.4788732394366197,213,226,191,35
google/mt5-base,hidden,sif,10,sif_abtt_optimal,7,0.001,0.15577889447236182,0.6494777853836469,0.1014688855328582,0.08995731920003891,0.000796917243860662,0.08916040195617825,0.5176991150442478,0.5973451327433629,1.0,0.0,0.8451327433628318,0.6078514551290716,0.5023474178403756,213,226,191,35
google/mt5-base,hidden,sif,11,sif_only,10,0.001,0.02512562814070352,0.5183175753263031,0.012434382470512206,0.9262229800224304,0.9277790188789368,-0.0015560388565063477,0.36283185840707965,0.48672566371681414,1.0,0.0,0.8451327433628318,0.4821225788020358,0.27699530516431925,213,226,191,35
google/mt5-base,hidden,sif,11,sif_abtt_fixed,10,0.001,0.18090452261306533,0.6445947812136325,0.09815419238359437,0.08077606558799744,0.000603454012889415,0.08017261157510802,0.5442477876106194,0.584070796460177,0.9895287958115183,0.0,0.8362831858407079,0.6028885445464327,0.4694835680751174,213,226,191,35
google/mt5-base,hidden,sif,11,sif_abtt_optimal,7,0.001,0.18090452261306533,0.6448030160493504,0.09829554687747104,0.0889170840382576,3.932226491087931e-07,0.08891669081560849,0.5221238938053098,0.5929203539823009,1.0,0.0,0.8451327433628318,0.6085422660858029,0.5070422535211268,213,226,191,35
google/mt5-base,hidden,sif,12,sif_only,10,0.001,0.9547738693467337,0.5636515559642099,0.04320810901591442,0.9100173711776733,0.9019383788108826,0.008078992366790771,0.2920353982300885,0.48672566371681414,0.6073298429319371,0.34285714285714286,0.5663716814159292,0.5480219396588859,0.3145539906103286,213,226,191,35
google/mt5-base,hidden,sif,12,sif_abtt_fixed,10,0.001,0.25125628140703515,0.634106517456275,0.09103452284935477,0.07169089466333389,0.0005713658174499869,0.0711195288458839,0.5442477876106194,0.6592920353982301,0.806282722513089,0.2571428571428571,0.7212389380530974,0.5805644469959167,0.5727699530516432,213,226,191,35
google/mt5-base,hidden,sif,12,sif_abtt_optimal,10,0.001,0.25125628140703515,0.634106517456275,0.09103452284935477,0.07169089466333389,0.0005713658174499869,0.0711195288458839,0.5442477876106194,0.6592920353982301,0.806282722513089,0.2571428571428571,0.7212389380530974,0.5805644469959167,0.5727699530516432,213,226,191,35
sentence-transformers/LaBSE,hidden,mean,1,baseline,10,0.001,0.9748743718592965,0.5369723790932708,0.02509768319500256,0.9425930976867676,0.9387456178665161,0.003847479820251465,0.2743362831858407,0.3672566371681416,0.8272251308900523,0.14285714285714285,0.7212389380530974,0.5318408223214789,0.25821596244131456,213,226,191,35
sentence-transformers/LaBSE,hidden,mean,1,abtt_fixed,10,0.001,0.19095477386934673,0.6489814097736062,0.10113193459504302,0.08041608333587646,0.00013672964996658266,0.08027935368590988,0.5265486725663717,0.6283185840707964,0.9895287958115183,0.0,0.8362831858407079,0.6031760043598811,0.5070422535211268,213,226,191,35
sentence-transformers/LaBSE,hidden,mean,1,abtt_optimal,10,0.001,0.19095477386934673,0.6489814097736062,0.10113193459504302,0.08041608333587646,0.00013672964996658266,0.08027935368590988,0.5265486725663717,0.6283185840707964,0.9895287958115183,0.0,0.8362831858407079,0.6031760043598811,0.5070422535211268,213,226,191,35
sentence-transformers/LaBSE,hidden,mean,1,whitening,10,0.001,0.0,0.5070998047934379,0.0048195185380036365,0.014818469062447548,0.010941353626549244,0.003877115435898304,0.2168141592920354,0.3053097345132743,1.0,0.0,0.8451327433628318,0.5002225113532818,0.12206572769953052,213,226,191,35
sentence-transformers/LaBSE,hidden,mean,2,baseline,10,0.001,0.9798994974874372,0.5740467001969469,0.050264566922405655,0.9661194682121277,0.9606872200965881,0.005432248115539551,0.2610619469026549,0.37168141592920356,0.9685863874345549,0.05714285714285714,0.827433628318584,0.5522412964008543,0.2676056338028169,213,226,191,35
sentence-transformers/LaBSE,hidden,mean,2,abtt_fixed,10,0.001,0.1407035175879397,0.6350123530915118,0.09164942446931787,0.07841143757104874,-3.314041532576084e-05,0.0784445779863745,0.5265486725663717,0.5929203539823009,1.0,0.0,0.8451327433628318,0.6193949713124575,0.48826291079812206,213,226,191,35
sentence-transformers/LaBSE,hidden,mean,2,abtt_optimal,7,0.001,0.2613065326633166,0.6265452644280273,0.08590177408646038,0.08043607324361801,-6.988836685195565e-05,0.08050596161046997,0.5176991150442478,0.6194690265486725,0.9528795811518325,0.08571428571428572,0.8185840707964602,0.6069852783983443,0.5023474178403756,213,226,191,35
sentence-transformers/LaBSE,hidden,mean,2,whitening,10,0.001,0.0,0.5006416646282293,0.00043557739066332166,-0.025527646765112877,-0.002101665595546365,-0.023425981169566512,0.17699115044247787,0.2743362831858407,1.0,0.0,0.8451327433628318,0.4963384997359404,0.09859154929577464,213,226,191,35
sentence-transformers/LaBSE,hidden,mean,3,baseline,10,0.001,0.964824120603015,0.5692267828430932,0.04699269852258559,0.944597601890564,0.9367830753326416,0.007814526557922363,0.2920353982300885,0.4336283185840708,0.9528795811518325,0.08571428571428572,0.8185840707964602,0.5508600936687975,0.3004694835680751,213,226,191,35
sentence-transformers/LaBSE,hidden,mean,3,abtt_fixed,10,0.001,0.22613065326633167,0.641962800049116,0.09636754432194752,0.08375640958547592,0.0005160653381608427,0.08324034424731508,0.5530973451327433,0.6460176991150443,0.9581151832460733,0.05714285714285714,0.8185840707964602,0.6053508654394647,0.5117370892018779,213,226,191,35
sentence-transformers/LaBSE,hidden,mean,3,abtt_optimal,7,0.001,0.271356783919598,0.6410022770876097,0.09571551971387629,0.08801957964897156,-0.00024631607811897993,0.08826589572709054,0.5442477876106194,0.6548672566371682,0.900523560209424,0.11428571428571428,0.7787610619469026,0.6240473917620596,0.5117370892018779,213,226,191,35
sentence-transformers/LaBSE,hidden,mean,3,whitening,10,0.001,0.005025125628140704,0.5508857614586768,0.03454272482839257,0.1720651537179947,0.017783839255571365,0.15428131446242332,0.23893805309734514,0.336283185840708,1.0,0.0,0.8451327433628318,0.5134392517621771,0.09389671361502347,213,226,191,35
sentence-transformers/LaBSE,hidden,mean,4,baseline,10,0.001,0.9748743718592965,0.5768733199005951,0.052183340004549494,0.932162880897522,0.9214616417884827,0.010701239109039307,0.30973451327433627,0.4690265486725664,0.7277486910994765,0.3142857142857143,0.6637168141592921,0.5550656667398343,0.3286384976525822,213,226,191,35
sentence-transformers/LaBSE,hidden,mean,4,abtt_fixed,10,0.001,0.17587939698492464,0.6350874852193149,0.09170042584892973,0.08077791333198547,0.0009327833540737629,0.07984512997791171,0.5309734513274337,0.5929203539823009,1.0,0.0,0.8451327433628318,0.6130536936366833,0.4788732394366197,213,226,191,35
sentence-transformers/LaBSE,hidden,mean,4,abtt_optimal,7,0.001,0.2763819095477387,0.6311181320372417,0.08900593955693772,0.08426286280155182,0.00020927973673678935,0.08405358306481503,0.5221238938053098,0.6238938053097345,0.9109947643979057,0.05714285714285714,0.7787610619469026,0.6150392819826906,0.49765258215962443,213,226,191,35
sentence-transformers/LaBSE,hidden,mean,4,whitening,10,0.001,0.0,0.5024391151796065,0.001655755862251057,0.0030342184472829103,-0.004674937110394239,0.00770915555767715,0.1902654867256637,0.28761061946902655,1.0,0.0,0.8451327433628318,0.559217387329093,0.15492957746478872,213,226,191,35
sentence-transformers/LaBSE,hidden,mean,5,baseline,10,0.001,0.9698492462311558,0.5689188015470854,0.04678363388651574,0.9410803914070129,0.9333064556121826,0.007773935794830322,0.35398230088495575,0.504424778761062,0.8429319371727748,0.2,0.7433628318584071,0.5547930508796965,0.352112676056338,213,226,191,35
sentence-transformers/LaBSE,hidden,mean,5,abtt_fixed,10,0.001,0.21608040201005024,0.6390112354155044,0.09436395580759488,0.08195952326059341,0.0006925856578163803,0.08126693760277703,0.5309734513274337,0.6238938053097345,0.9895287958115183,0.0,0.8362831858407079,0.6058823381465386,0.5258215962441315,213,226,191,35
sentence-transformers/LaBSE,hidden,mean,5,abtt_optimal,10,0.001,0.21608040201005024,0.6390112354155044,0.09436395580759488,0.08195952326059341,0.0006925856578163803,0.08126693760277703,0.5309734513274337,0.6238938053097345,0.9895287958115183,0.0,0.8362831858407079,0.6058823381465386,0.5258215962441315,213,226,191,35
sentence-transformers/LaBSE,hidden,mean,5,whitening,10,0.001,0.0,0.49830149020244824,-0.0011529986254150124,0.007244205567985773,0.013023936189711094,-0.005779730621725321,0.17256637168141592,0.23893805309734514,1.0,0.0,0.8451327433628318,0.46992447386692426,0.09859154929577464,213,226,191,35
sentence-transformers/LaBSE,hidden,mean,6,baseline,10,0.001,0.964824120603015,0.5937997825881677,0.06367340389929198,0.9267310500144958,0.9152182936668396,0.01151275634765625,0.3938053097345133,0.5353982300884956,0.7382198952879581,0.3142857142857143,0.672566371681416,0.5753055450253352,0.3615023474178404,213,226,191,35
sentence-transformers/LaBSE,hidden,mean,6,abtt_fixed,10,0.001,0.19095477386934673,0.6417802269642883,0.09624360960221422,0.0875140130519867,0.001119448570534587,0.08639456448145211,0.5442477876106194,0.6194690265486725,1.0,0.0,0.8451327433628318,0.6150916056852241,0.49765258215962443,213,226,191,35
sentence-transformers/LaBSE,hidden,mean,6,abtt_optimal,7,0.001,0.2562814070351759,0.6359534988125498,0.09228829537036909,0.08966905623674393,0.0007007771637290716,0.08896827907301486,0.5265486725663717,0.6106194690265486,0.9476439790575916,0.0,0.8008849557522124,0.6048240283855839,0.5070422535211268,213,226,191,35
sentence-transformers/LaBSE,hidden,mean,6,whitening,10,0.001,0.0,0.5190521781951982,0.012933589412138654,0.026871418580412865,-0.002776909153908491,0.029648327734321356,0.2168141592920354,0.2831858407079646,1.0,0.0,0.8451327433628318,0.5067713084826486,0.018779342723004695,213,226,191,35
sentence-transformers/LaBSE,hidden,mean,7,baseline,10,0.001,0.9698492462311558,0.5734297506145123,0.04984576765666408,0.9284750819206238,0.916398823261261,0.012076258659362793,0.41150442477876104,0.504424778761062,0.837696335078534,0.17142857142857143,0.7345132743362832,0.5535211065481709,0.38497652582159625,213,226,191,35
sentence-transformers/LaBSE,hidden,mean,7,abtt_fixed,10,0.001,0.21105527638190955,0.6394662984265842,0.09467286282314395,0.08730480074882507,0.0008039059466682374,0.08650089480215684,0.5132743362831859,0.6150442477876106,0.9947643979057592,0.0,0.8407079646017699,0.6077931149404785,0.4835680751173709,213,226,191,35
sentence-transformers/LaBSE,hidden,mean,7,abtt_optimal,7,0.001,0.25125628140703515,0.6335615577464325,0.09066459193100078,0.09005757421255112,-0.00031759546254761517,0.09037516967509873,0.5265486725663717,0.5973451327433629,0.9738219895287958,0.0,0.8230088495575221,0.5941798289217121,0.5164319248826291,213,226,191,35
sentence-transformers/LaBSE,hidden,mean,7,whitening,10,0.001,0.0,0.5444330598121028,0.030162492672249956,0.11330127716064453,-0.008044016547501087,0.12134529370814562,0.26991150442477874,0.3407079646017699,1.0,0.0,0.8451327433628318,0.47997489054063897,0.107981220657277,213,226,191,35
sentence-transformers/LaBSE,hidden,mean,8,baseline,10,0.001,0.9798994974874372,0.5492142428276816,0.033407735868445816,0.9434666633605957,0.9356786012649536,0.00778806209564209,0.34513274336283184,0.5088495575221239,0.7905759162303665,0.2,0.6991150442477876,0.5393723532701106,0.38028169014084506,213,226,191,35
sentence-transformers/LaBSE,hidden,mean,8,abtt_fixed,10,0.001,0.22110552763819097,0.6229256885648015,0.08344472451221345,0.08223674446344376,0.000891061732545495,0.08134568273089826,0.5,0.5973451327433629,0.9895287958115183,0.0,0.8362831858407079,0.5890886241711736,0.48826291079812206,213,226,191,35
sentence-transformers/LaBSE,hidden,mean,8,abtt_optimal,10,0.001,0.22110552763819097,0.6229256885648015,0.08344472451221345,0.08223674446344376,0.000891061732545495,0.08134568273089826,0.5,0.5973451327433629,0.9895287958115183,0.0,0.8362831858407079,0.5890886241711736,0.48826291079812206,213,226,191,35
sentence-transformers/LaBSE,hidden,mean,8,whitening,10,0.001,0.0,0.5133571629077237,0.009067150576557069,0.0030362496618181467,-0.0009440435678698123,0.003980293229687959,0.21238938053097345,0.2831858407079646,1.0,0.0,0.8451327433628318,0.5174946592590244,0.09859154929577464,213,226,191,35
sentence-transformers/LaBSE,hidden,mean,9,baseline,10,0.001,0.9698492462311558,0.551838811492726,0.0351893521581835,0.9341438412666321,0.9265540838241577,0.007589757442474365,0.4424778761061947,0.5796460176991151,0.8167539267015707,0.22857142857142856,0.7256637168141593,0.5411881484890458,0.431924882629108,213,226,191,35
sentence-transformers/LaBSE,hidden,mean,9,abtt_fixed,10,0.001,0.24623115577889448,0.6098479446589234,0.07456725756273722,0.07919089496135712,-0.0003441133303567767,0.0795350082917139,0.5265486725663717,0.6238938053097345,0.9633507853403142,0.02857142857142857,0.8185840707964602,0.5903164311664433,0.49295774647887325,213,226,191,35
sentence-transformers/LaBSE,hidden,mean,9,abtt_optimal,5,0.001,0.16080402010050251,0.6393827265235669,0.09461613233418517,0.10154828429222107,-0.0011810637079179287,0.102729348000139,0.5353982300884956,0.584070796460177,1.0,0.0,0.8451327433628318,0.6423794275234609,0.5258215962441315,213,226,191,35
sentence-transformers/LaBSE,hidden,mean,9,whitening,10,0.001,0.0,0.513281184788133,0.009015602456135825,0.02857273444533348,-0.005481429863721132,0.03405416430905461,0.21238938053097345,0.27876106194690264,1.0,0.0,0.8451327433628318,0.5111738721566741,0.07511737089201878,213,226,191,35
sentence-transformers/LaBSE,hidden,mean,10,baseline,10,0.001,0.9597989949748744,0.5684368682254186,0.04645648669865945,0.9212028980255127,0.9104999899864197,0.010702908039093018,0.4911504424778761,0.6061946902654868,0.8638743455497382,0.2571428571428571,0.7699115044247787,0.5607131991890368,0.45539906103286387,213,226,191,35
sentence-transformers/LaBSE,hidden,mean,10,abtt_fixed,10,0.001,0.18090452261306533,0.6144613997312808,0.07769897471695511,0.0828949511051178,-0.0007460159249603748,0.08364096703007817,0.5265486725663717,0.5929203539823009,1.0,0.0,0.8451327433628318,0.5998261038266972,0.48826291079812206,213,226,191,35
sentence-transformers/LaBSE,hidden,mean,10,abtt_optimal,3,0.001,0.19095477386934673,0.6541577918099617,0.10464577924406547,0.1135920062661171,-0.0025547745171934366,0.11614678078331053,0.5309734513274337,0.6017699115044248,1.0,0.0,0.8451327433628318,0.6661516735423102,0.5070422535211268,213,226,191,35
sentence-transformers/LaBSE,hidden,mean,10,whitening,10,0.001,0.0,0.5050232776654623,0.003409930283573173,0.017395412549376488,0.010511606931686401,0.006883805617690086,0.2079646017699115,0.33185840707964603,1.0,0.0,0.8451327433628318,0.5160630314696248,0.051643192488262914,213,226,191,35
sentence-transformers/LaBSE,hidden,mean,11,baseline,10,0.001,0.9698492462311558,0.5850161117121682,0.05771085038608281,0.9451496005058289,0.9383218288421631,0.0068277716636657715,0.5176991150442478,0.6371681415929203,0.7801047120418848,0.2857142857142857,0.7035398230088495,0.5649509752551298,0.4694835680751174,213,226,191,35
sentence-transformers/LaBSE,hidden,mean,11,abtt_fixed,10,0.001,0.19597989949748745,0.6195205514770694,0.08113324080576718,0.0826217383146286,0.0001649370533414185,0.08245680126128718,0.5353982300884956,0.6150442477876106,1.0,0.0,0.8451327433628318,0.6055068502378755,0.49765258215962443,213,226,191,35
sentence-transformers/LaBSE,hidden,mean,11,abtt_optimal,7,0.001,0.20100502512562815,0.6479754852528323,0.10044909038658698,0.09489862620830536,-0.00034236416104249656,0.09524099036934786,0.5353982300884956,0.6194690265486725,1.0,0.0,0.8451327433628318,0.6415951637709697,0.5070422535211268,213,226,191,35
sentence-transformers/LaBSE,hidden,mean,11,whitening,10,0.001,0.0,0.5234768159576288,0.015936593156772733,0.07365746051073074,0.002165770623832941,0.0714916898868978,0.2610619469026549,0.336283185840708,1.0,0.0,0.8451327433628318,0.5188849360356298,0.06103286384976526,213,226,191,35
sentence-transformers/LaBSE,hidden,mean,12,baseline,10,0.001,0.9095477386934674,0.5611487295459329,0.041509134103161496,0.8308253884315491,0.8156007528305054,0.015224635601043701,0.5132743362831859,0.6150442477876106,0.7643979057591623,0.34285714285714286,0.6991150442477876,0.549747290325091,0.48826291079812206,213,226,191,35
sentence-transformers/LaBSE,hidden,mean,12,abtt_fixed,10,0.001,0.15577889447236182,0.6072986894056368,0.07283676571196605,0.07667427510023117,-1.5976702343323268e-05,0.0766902518025745,0.5398230088495575,0.6238938053097345,1.0,0.0,0.8451327433628318,0.607112167075648,0.5070422535211268,213,226,191,35
sentence-transformers/LaBSE,hidden,mean,12,abtt_optimal,2,0.001,0.2562814070351759,0.6597199259587987,0.10842148111059728,0.10698576271533966,-0.0008715734584257007,0.10785733617376536,0.5442477876106194,0.6327433628318584,0.9895287958115183,0.02857142857142857,0.8407079646017699,0.6551919291108024,0.5164319248826291,213,226,191,35
sentence-transformers/LaBSE,hidden,mean,12,whitening,10,0.001,0.0,0.5079174558561486,0.005374588416476701,0.0029499686788767576,0.005964240524917841,-0.0030142718460410833,0.18584070796460178,0.2610619469026549,1.0,0.0,0.8451327433628318,0.5253183349897573,0.023474178403755867,213,226,191,35
sentence-transformers/LaBSE,hidden,sif,1,sif_only,10,0.001,0.9547738693467337,0.5023144321042443,0.0015710886113727079,0.9342368841171265,0.9336621165275574,0.0005747675895690918,0.3407079646017699,0.46017699115044247,0.9319371727748691,0.08571428571428572,0.8008849557522124,0.5041374684214619,0.3427230046948357,213,226,191,35
sentence-transformers/LaBSE,hidden,sif,1,sif_abtt_fixed,10,0.001,0.1407035175879397,0.6328185352449848,0.09016021153126914,0.0692342147231102,0.0018536922289058566,0.06738052249420434,0.5132743362831859,0.6106194690265486,1.0,0.0,0.8451327433628318,0.5933328112470021,0.5164319248826291,213,226,191,35
sentence-transformers/LaBSE,hidden,sif,1,sif_abtt_optimal,7,0.001,0.15075376884422112,0.631210063144827,0.08906834446225989,0.07110319286584854,0.0016888363752514124,0.06941435649059713,0.5265486725663717,0.6106194690265486,1.0,0.0,0.8451327433628318,0.612067433762064,0.5164319248826291,213,226,191,35
sentence-transformers/LaBSE,hidden,sif,2,sif_only,10,0.001,0.9597989949748744,0.5470469931518174,0.031936558003082025,0.9617576599121094,0.9579745531082153,0.003783106803894043,0.30973451327433627,0.415929203539823,0.9947643979057592,0.02857142857142857,0.8451327433628318,0.5256387375301546,0.323943661971831,213,226,191,35
sentence-transformers/LaBSE,hidden,sif,2,sif_abtt_fixed,10,0.001,0.1658291457286432,0.6206971447696599,0.08193193881842414,0.0695815458893776,0.0017456853529438376,0.06783586053643376,0.5265486725663717,0.5929203539823009,0.9895287958115183,0.0,0.8362831858407079,0.5729288111122722,0.5070422535211268,213,226,191,35
sentence-transformers/LaBSE,hidden,sif,2,sif_abtt_optimal,5,0.001,0.24623115577889448,0.6270025431318841,0.08621218516424171,0.07929496467113495,0.001243511331267655,0.0780514533398673,0.5221238938053098,0.6061946902654868,0.9476439790575916,0.05714285714285714,0.8097345132743363,0.6173006916937034,0.5117370892018779,213,226,191,35
sentence-transformers/LaBSE,hidden,sif,3,sif_only,10,0.001,0.9698492462311558,0.548236155465252,0.03274378814921442,0.9384173154830933,0.9326927065849304,0.005724608898162842,0.336283185840708,0.47345132743362833,0.8010471204188482,0.2,0.7079646017699115,0.5263184278507677,0.37089201877934275,213,226,191,35
sentence-transformers/LaBSE,hidden,sif,3,sif_abtt_fixed,10,0.001,0.1658291457286432,0.6480757957076471,0.10051718338138696,0.08184988051652908,0.0012712719617411494,0.08057860855478793,0.5132743362831859,0.5973451327433629,1.0,0.0,0.8451327433628318,0.6045339548527817,0.49765258215962443,213,226,191,35
sentence-transformers/LaBSE,hidden,sif,3,sif_abtt_optimal,5,0.001,0.19095477386934673,0.6559209192659563,0.1058426298501282,0.09366524964570999,0.0004148431762587279,0.09325040646945126,0.5265486725663717,0.6017699115044248,1.0,0.0,0.8451327433628318,0.6494029106082831,0.49765258215962443,213,226,191,35
sentence-transformers/LaBSE,hidden,sif,4,sif_only,10,0.001,0.9597989949748744,0.5613527545653746,0.041647630879455375,0.9249939918518066,0.9162404537200928,0.008753538131713867,0.336283185840708,0.4778761061946903,0.8691099476439791,0.17142857142857143,0.7610619469026548,0.5340503028536341,0.36619718309859156,213,226,191,35
sentence-transformers/LaBSE,hidden,sif,4,sif_abtt_fixed,10,0.001,0.15577889447236182,0.6391741089772781,0.09447451804758297,0.07985273748636246,0.001596466638147831,0.07825627084821463,0.5309734513274337,0.6017699115044248,1.0,0.0,0.8451327433628318,0.6115773613832434,0.4788732394366197,213,226,191,35
sentence-transformers/LaBSE,hidden,sif,4,sif_abtt_optimal,7,0.001,0.20603015075376885,0.6292596089358649,0.0877443322395208,0.08177486807107925,0.0010405579814687371,0.08073431008961052,0.5132743362831859,0.6017699115044248,0.9947643979057592,0.0,0.8407079646017699,0.6091751067198872,0.5070422535211268,213,226,191,35
sentence-transformers/LaBSE,hidden,sif,5,sif_only,10,0.001,0.9547738693467337,0.5518127871739267,0.035171686264942166,0.9346176981925964,0.9284766912460327,0.006141006946563721,0.38495575221238937,0.5088495575221239,0.93717277486911,0.11428571428571428,0.8097345132743363,0.5325778911792248,0.36619718309859156,213,226,191,35
sentence-transformers/LaBSE,hidden,sif,5,sif_abtt_fixed,10,0.001,0.18090452261306533,0.6376478592218099,0.09343846535696364,0.0785951167345047,0.0011957770911976695,0.07739933964330703,0.5309734513274337,0.588495575221239,0.9895287958115183,0.0,0.8362831858407079,0.5888082904416234,0.5070422535211268,213,226,191,35
sentence-transformers/LaBSE,hidden,sif,5,sif_abtt_optimal,5,0.001,0.22110552763819097,0.6503552601513375,0.10206453515753156,0.0928109809756279,0.00029991401243023574,0.09251106696319766,0.5221238938053098,0.5752212389380531,0.9842931937172775,0.0,0.831858407079646,0.6515799662258144,0.5164319248826291,213,226,191,35
sentence-transformers/LaBSE,hidden,sif,6,sif_only,10,0.001,0.9447236180904522,0.5782654799577294,0.053128369589448665,0.9195037484169006,0.909710168838501,0.009793579578399658,0.4247787610619469,0.5176991150442478,0.9424083769633508,0.11428571428571428,0.8141592920353983,0.5500465365333609,0.38028169014084506,213,226,191,35
sentence-transformers/LaBSE,hidden,sif,6,sif_abtt_fixed,10,0.001,0.17587939698492464,0.6363034574153517,0.09252585514768169,0.0818103477358818,0.0017869628500193357,0.08002338488586247,0.5398230088495575,0.6150442477876106,0.9947643979057592,0.02857142857142857,0.8451327433628318,0.6111409195666334,0.49295774647887325,213,226,191,35
sentence-transformers/LaBSE,hidden,sif,6,sif_abtt_optimal,7,0.001,0.18592964824120603,0.6370500451679045,0.09303265572021953,0.08593659847974777,0.0008483336423523724,0.0850882648373954,0.5353982300884956,0.5973451327433629,1.0,0.0,0.8451327433628318,0.6100026201303634,0.5164319248826291,213,226,191,35
sentence-transformers/LaBSE,hidden,sif,7,sif_only,10,0.001,0.964824120603015,0.569815774411214,0.04739251925718508,0.9242150783538818,0.9126152396202087,0.011599838733673096,0.3938053097345133,0.5265486725663717,0.8534031413612565,0.14285714285714285,0.7433628318584071,0.5430711113638255,0.3615023474178404,213,226,191,35
sentence-transformers/LaBSE,hidden,sif,7,sif_abtt_fixed,10,0.001,0.1708542713567839,0.6398132356301447,0.09490837160665576,0.08479081094264984,0.001102505368180573,0.08368830557446927,0.5353982300884956,0.6238938053097345,1.0,0.0,0.8451327433628318,0.6028551579803485,0.49765258215962443,213,226,191,35
sentence-transformers/LaBSE,hidden,sif,7,sif_abtt_optimal,5,0.001,0.22110552763819097,0.6479152989799433,0.10040823458971065,0.09979594498872757,-0.00126073497813195,0.10105667996685952,0.5088495575221239,0.5929203539823009,0.9947643979057592,0.0,0.8407079646017699,0.6437729837781234,0.5164319248826291,213,226,191,35
sentence-transformers/LaBSE,hidden,sif,8,sif_only,10,0.001,0.9748743718592965,0.5473808174826701,0.03216316547290875,0.9412728548049927,0.9338094592094421,0.007463395595550537,0.34513274336283184,0.5088495575221239,0.8272251308900523,0.14285714285714285,0.7212389380530974,0.530545527119878,0.3380281690140845,213,226,191,35
sentence-transformers/LaBSE,hidden,sif,8,sif_abtt_fixed,10,0.001,0.19095477386934673,0.6296639527250121,0.08801880990554446,0.08122055977582932,0.0008866029093042016,0.08033395686652511,0.5176991150442478,0.5929203539823009,1.0,0.0,0.8451327433628318,0.5901657477799289,0.48826291079812206,213,226,191,35
sentence-transformers/LaBSE,hidden,sif,8,sif_abtt_optimal,5,0.001,0.23115577889447236,0.647249866011015,0.09995652371114194,0.0982775017619133,-0.0013182105030864477,0.09959571226499975,0.5132743362831859,0.5929203539823009,0.9842931937172775,0.0,0.831858407079646,0.6443031742832503,0.5164319248826291,213,226,191,35
sentence-transformers/LaBSE,hidden,sif,9,sif_only,10,0.001,0.9698492462311558,0.549643442661255,0.033699086376570514,0.9328951239585876,0.9259635210037231,0.006931602954864502,0.39823008849557523,0.5663716814159292,0.7591623036649214,0.2571428571428571,0.6814159292035398,0.5310780601093315,0.38028169014084506,213,226,191,35
sentence-transformers/LaBSE,hidden,sif,9,sif_abtt_fixed,10,0.001,0.1658291457286432,0.6161148302521506,0.07882136057389678,0.07907593250274658,-0.0004668790497817099,0.07954281155252829,0.5309734513274337,0.5973451327433629,1.0,0.0,0.8451327433628318,0.5896055734754236,0.47417840375586856,213,226,191,35
sentence-transformers/LaBSE,hidden,sif,9,sif_abtt_optimal,5,0.001,0.23115577889447236,0.6352825467543404,0.09183283800983082,0.09561005979776382,-0.001152592245489359,0.09676265204325318,0.5265486725663717,0.584070796460177,0.9947643979057592,0.02857142857142857,0.8451327433628318,0.6324976943789796,0.5117370892018779,213,226,191,35
sentence-transformers/LaBSE,hidden,sif,10,sif_only,10,0.001,0.949748743718593,0.5669044749581597,0.0454162636541323,0.9161447882652283,0.9057685732841492,0.010376214981079102,0.4469026548672566,0.584070796460177,0.900523560209424,0.17142857142857143,0.7876106194690266,0.5442726578769094,0.4413145539906103,213,226,191,35
sentence-transformers/LaBSE,hidden,sif,10,sif_abtt_fixed,10,0.001,0.21608040201005024,0.6165457623546223,0.07911388698559402,0.0812646672129631,-0.0010032400023192167,0.08226790721528232,0.5265486725663717,0.584070796460177,0.9790575916230366,0.0,0.827433628318584,0.5980402430916808,0.47417840375586856,213,226,191,35
sentence-transformers/LaBSE,hidden,sif,10,sif_abtt_optimal,5,0.001,0.19095477386934673,0.6321916553303766,0.08973467133395682,0.09638968855142593,-0.001595309004187584,0.09798499755561352,0.5088495575221239,0.584070796460177,1.0,0.0,0.8451327433628318,0.6367741830807832,0.5023474178403756,213,226,191,35
sentence-transformers/LaBSE,hidden,sif,11,sif_only,10,0.001,0.9547738693467337,0.583389974497779,0.0566069918390574,0.9398271441459656,0.932963490486145,0.006863653659820557,0.504424778761062,0.5752212389380531,0.9633507853403142,0.11428571428571428,0.831858407079646,0.5486624981623827,0.4647887323943662,213,226,191,35
sentence-transformers/LaBSE,hidden,sif,11,sif_abtt_fixed,10,0.001,0.15577889447236182,0.6168349706900101,0.0793102081138404,0.08084862679243088,-4.1311821405543014e-05,0.08088993861383642,0.5398230088495575,0.6106194690265486,1.0,0.0,0.8451327433628318,0.594110737962947,0.4835680751173709,213,226,191,35
sentence-transformers/LaBSE,hidden,sif,11,sif_abtt_optimal,5,0.001,0.1708542713567839,0.6534372686615314,0.10415667191177161,0.09959843754768372,-0.0008741268538869917,0.10047256440157071,0.5442477876106194,0.6238938053097345,1.0,0.0,0.8451327433628318,0.6514775380164246,0.5023474178403756,213,226,191,35
sentence-transformers/LaBSE,hidden,sif,12,sif_only,10,0.001,0.9095477386934674,0.561785660648684,0.04194149727318967,0.8290846943855286,0.8135281205177307,0.015556573867797852,0.5132743362831859,0.6150442477876106,0.7486910994764397,0.34285714285714286,0.6858407079646017,0.5461512070180633,0.4835680751173709,213,226,191,35
sentence-transformers/LaBSE,hidden,sif,12,sif_abtt_fixed,10,0.001,0.1708542713567839,0.6090387736567504,0.07401797407167396,0.07738310098648071,-0.00018788821762427688,0.07757098920410499,0.5353982300884956,0.6061946902654868,1.0,0.0,0.8451327433628318,0.6071503865567636,0.5023474178403756,213,226,191,35
sentence-transformers/LaBSE,hidden,sif,12,sif_abtt_optimal,2,0.001,0.24120603015075376,0.6572316425422037,0.1067323783150159,0.10517644137144089,-0.0010024033254012465,0.10617884469684213,0.5486725663716814,0.6327433628318584,0.9947643979057592,0.0,0.8407079646017699,0.6556560862156534,0.5117370892018779,213,226,191,35
Qwen/Qwen3-Embedding-0.6B,hidden,mean,1,baseline,10,0.001,0.9798994974874372,0.5187745518902357,0.012744588447913544,0.9685438871383667,0.9675111174583435,0.0010327696800231934,0.2610619469026549,0.4247787610619469,0.8691099476439791,0.14285714285714285,0.7566371681415929,0.5278226973120165,0.3192488262910798,213,226,191,35
Qwen/Qwen3-Embedding-0.6B,hidden,mean,1,abtt_fixed,10,0.001,0.18592964824120603,0.6101534081222302,0.07477461303775423,0.07221744954586029,0.0014720181934535503,0.07074543135240674,0.5221238938053098,0.6283185840707964,0.9581151832460733,0.02857142857142857,0.8141592920353983,0.540259784963884,0.47417840375586856,213,226,191,35
Qwen/Qwen3-Embedding-0.6B,hidden,mean,1,abtt_optimal,3,0.001,0.18592964824120603,0.6392126418889369,0.09450067505551421,0.08834169059991837,0.001334061729721725,0.08700762887019664,0.5309734513274337,0.6017699115044248,1.0,0.0,0.8451327433628318,0.6107854783922588,0.5305164319248826,213,226,191,35
Qwen/Qwen3-Embedding-0.6B,hidden,mean,1,whitening,10,0.001,0.005025125628140704,0.4997322435992262,-0.00018175977317651164,0.006908484734594822,-0.004594070836901665,0.011502555571496487,0.24778761061946902,0.3274336283185841,1.0,0.0,0.8451327433628318,0.5420269058242889,0.1267605633802817,213,226,191,35
Qwen/Qwen3-Embedding-0.6B,hidden,mean,2,baseline,10,0.001,0.9849246231155779,0.5260546133624161,0.017686458053655704,0.9779046773910522,0.9768902063369751,0.0010144710540771484,0.27876106194690264,0.40707964601769914,0.8900523560209425,0.11428571428571428,0.7699115044247787,0.5426131680068719,0.3051643192488263,213,226,191,35
Qwen/Qwen3-Embedding-0.6B,hidden,mean,2,abtt_fixed,10,0.001,0.3065326633165829,0.6161444399647165,0.07884146031335802,0.0746169313788414,0.0005091776256449521,0.07410775375319645,0.584070796460177,0.7168141592920354,0.6492146596858639,0.6857142857142857,0.6548672566371682,0.5283218683931155,0.568075117370892,213,226,191,35
Qwen/Qwen3-Embedding-0.6B,hidden,mean,2,abtt_optimal,10,0.001,0.3065326633165829,0.6161444399647165,0.07884146031335802,0.0746169313788414,0.0005091776256449521,0.07410775375319645,0.584070796460177,0.7168141592920354,0.6492146596858639,0.6857142857142857,0.6548672566371682,0.5283218683931155,0.568075117370892,213,226,191,35
Qwen/Qwen3-Embedding-0.6B,hidden,mean,2,whitening,10,0.001,0.0,0.5194950951813275,0.013233754516249297,0.02476639859378338,0.0025414249394088984,0.02222497365437448,0.26548672566371684,0.36283185840707965,1.0,0.0,0.8451327433628318,0.5147657883073736,0.09389671361502347,213,226,191,35
Qwen/Qwen3-Embedding-0.6B,hidden,mean,3,baseline,10,0.001,0.9798994974874372,0.5162719470412365,0.011045763941528501,0.9685378074645996,0.9673937559127808,0.0011440515518188477,0.30973451327433627,0.45132743362831856,0.8167539267015707,0.17142857142857143,0.7168141592920354,0.5336471489721895,0.3474178403755869,213,226,191,35
Qwen/Qwen3-Embedding-0.6B,hidden,mean,3,abtt_fixed,10,0.001,0.1708542713567839,0.6256670846671804,0.08530564589657846,0.07654932886362076,0.0009619633783586323,0.07558736548526213,0.504424778761062,0.6150442477876106,0.9895287958115183,0.0,0.8362831858407079,0.544342069386161,0.49295774647887325,213,226,191,35
Qwen/Qwen3-Embedding-0.6B,hidden,mean,3,abtt_optimal,3,0.001,0.22110552763819097,0.643770825497838,0.09759487269601543,0.09156738966703415,0.0016107962001115084,0.08995659346692264,0.5309734513274337,0.6283185840707964,0.9842931937172775,0.0,0.831858407079646,0.6216563810234703,0.5446009389671361,213,226,191,35
Qwen/Qwen3-Embedding-0.6B,hidden,mean,3,whitening,10,0.001,0.0,0.5167815563799545,0.011391829581681574,0.000985572231002152,-0.0017219233559444547,0.0027074955869466066,0.2610619469026549,0.33185840707964603,1.0,0.0,0.8451327433628318,0.48474386807877873,0.07511737089201878,213,226,191,35
Qwen/Qwen3-Embedding-0.6B,hidden,mean,4,baseline,10,0.001,0.9798994974874372,0.5228693938541356,0.01552425934996543,0.9668956398963928,0.9654635787010193,0.0014320611953735352,0.28761061946902655,0.4911504424778761,0.8115183246073299,0.17142857142857143,0.7123893805309734,0.5486691557494158,0.352112676056338,213,226,191,35
Qwen/Qwen3-Embedding-0.6B,hidden,mean,4,abtt_fixed,10,0.001,0.1457286432160804,0.6216002007175944,0.0825449535240909,0.07268966734409332,0.0014616569969803095,0.07122801034711301,0.5132743362831859,0.6061946902654868,1.0,0.0,0.8451327433628318,0.5446588718980144,0.49295774647887325,213,226,191,35
Qwen/Qwen3-Embedding-0.6B,hidden,mean,4,abtt_optimal,3,0.001,0.18592964824120603,0.6331405358334727,0.09037879277908474,0.08531918376684189,0.002022604690864682,0.0832965790759772,0.5221238938053098,0.588495575221239,0.9947643979057592,0.0,0.8407079646017699,0.6329559829441497,0.5258215962441315,213,226,191,35
Qwen/Qwen3-Embedding-0.6B,hidden,mean,4,whitening,10,0.001,0.0,0.5384443443757017,0.02609703365739163,0.07107194513082504,0.006003751885145903,0.06506819324567914,0.2345132743362832,0.34513274336283184,1.0,0.0,0.8451327433628318,0.548613552568825,0.06572769953051644,213,226,191,35
Qwen/Qwen3-Embedding-0.6B,hidden,mean,5,baseline,10,0.001,0.9798994974874372,0.5358174995898954,0.024313724992220353,0.9709041714668274,0.9691867232322693,0.0017174482345581055,0.2920353982300885,0.49557522123893805,0.8743455497382199,0.14285714285714285,0.7610619469026548,0.5566961344619539,0.3192488262910798,213,226,191,35
Qwen/Qwen3-Embedding-0.6B,hidden,mean,5,abtt_fixed,10,0.001,0.12060301507537688,0.6348951026582834,0.09156983223593088,0.07950384169816971,0.0017592551885172725,0.07774458650965244,0.5088495575221239,0.6061946902654868,1.0,0.0,0.8451327433628318,0.5876718649928145,0.49295774647887325,213,226,191,35
Qwen/Qwen3-Embedding-0.6B,hidden,mean,5,abtt_optimal,7,0.001,0.1658291457286432,0.6460772408227617,0.09916051933701804,0.08502493053674698,0.0009065066697075963,0.08411842386703938,0.5486725663716814,0.6283185840707964,1.0,0.0,0.8451327433628318,0.619658069288911,0.5539906103286385,213,226,191,35
Qwen/Qwen3-Embedding-0.6B,hidden,mean,5,whitening,10,0.001,0.0,0.5168614220332357,0.011446053105719323,0.016710489988327026,-0.004006963223218918,0.020717453211545944,0.2168141592920354,0.2920353982300885,1.0,0.0,0.8451327433628318,0.45950781593320367,0.028169014084507043,213,226,191,35
Qwen/Qwen3-Embedding-0.6B,hidden,mean,6,baseline,10,0.001,0.9849246231155779,0.5241983865244626,0.016426409490976693,0.9672934412956238,0.9657887816429138,0.001504659652709961,0.2610619469026549,0.5088495575221239,0.6282722513089005,0.2571428571428571,0.5707964601769911,0.5393319885665067,0.3051643192488263,213,226,191,35
Qwen/Qwen3-Embedding-0.6B,hidden,mean,6,abtt_fixed,10,0.001,0.19597989949748745,0.6380403994112542,0.09370493047388859,0.0836973786354065,0.0016581439413130283,0.08203923469409347,0.5265486725663717,0.6283185840707964,0.9842931937172775,0.02857142857142857,0.8362831858407079,0.5666792108757157,0.49765258215962443,213,226,191,35
Qwen/Qwen3-Embedding-0.6B,hidden,mean,6,abtt_optimal,3,0.001,0.19597989949748745,0.6528568175819331,0.10376264865264058,0.09768469631671906,0.0019838251173496246,0.09570087119936943,0.5398230088495575,0.6283185840707964,1.0,0.0,0.8451327433628318,0.6455012440564392,0.539906103286385,213,226,191,35
Qwen/Qwen3-Embedding-0.6B,hidden,mean,6,whitening,10,0.001,0.0,0.5194643776223731,0.013212938003374398,0.034347690641880035,0.00574845727533102,0.028599233366549015,0.24778761061946902,0.3495575221238938,1.0,0.0,0.8451327433628318,0.4860340098148614,0.04225352112676056,213,226,191,35
Qwen/Qwen3-Embedding-0.6B,hidden,mean,7,baseline,10,0.001,0.9849246231155779,0.5284201876844865,0.01929226315363063,0.9694810509681702,0.9678129553794861,0.001668095588684082,0.3008849557522124,0.504424778761062,0.675392670157068,0.22857142857142856,0.6061946902654868,0.5362347804478209,0.3145539906103286,213,226,191,35
Qwen/Qwen3-Embedding-0.6B,hidden,mean,7,abtt_fixed,10,0.001,0.18090452261306533,0.6284929792350107,0.08722392674137436,0.07904122024774551,0.0011836603516712785,0.07785755989607424,0.5176991150442478,0.6150442477876106,1.0,0.0,0.8451327433628318,0.5788246222423473,0.5117370892018779,213,226,191,35
Qwen/Qwen3-Embedding-0.6B,hidden,mean,7,abtt_optimal,2,0.001,0.2864321608040201,0.6524375682231949,0.10347805275033665,0.10452653467655182,0.0002119856799254194,0.1043145489966264,0.5221238938053098,0.6371681415929203,0.9267015706806283,0.05714285714285714,0.7920353982300885,0.6234792776685742,0.5211267605633803,213,226,191,35
Qwen/Qwen3-Embedding-0.6B,hidden,mean,7,whitening,10,0.001,0.0,0.5212486750157193,0.014424179717760983,0.07587610930204391,-0.00469790818169713,0.08057401748374104,0.26548672566371684,0.3584070796460177,1.0,0.0,0.8451327433628318,0.4615857967925916,0.15492957746478872,213,226,191,35
Qwen/Qwen3-Embedding-0.6B,hidden,mean,8,baseline,10,0.001,0.9798994974874372,0.5426224762453563,0.028933096329061967,0.9638939499855042,0.9612382054328918,0.0026557445526123047,0.3274336283185841,0.5575221238938053,0.7486910994764397,0.2,0.6637168141592921,0.544986301891391,0.352112676056338,213,226,191,35
Qwen/Qwen3-Embedding-0.6B,hidden,mean,8,abtt_fixed,10,0.001,0.1457286432160804,0.6278450703816825,0.08678411162699007,0.07939279824495316,0.0017388827400282025,0.07765391550492495,0.5309734513274337,0.6150442477876106,1.0,0.0,0.8451327433628318,0.5932928903825336,0.49765258215962443,213,226,191,35
Qwen/Qwen3-Embedding-0.6B,hidden,mean,8,abtt_optimal,3,0.001,0.19597989949748745,0.6543939040893471,0.10480605757440502,0.10094266384840012,0.0014650984667241573,0.09947756538167596,0.5398230088495575,0.6415929203539823,1.0,0.0,0.8451327433628318,0.6562593622317652,0.5211267605633803,213,226,191,35
Qwen/Qwen3-Embedding-0.6B,hidden,mean,8,whitening,10,0.001,0.0,0.5383713675126907,0.02604770017456972,0.06981293112039566,-0.003541262587532401,0.07335419370792806,0.24336283185840707,0.3407079646017699,1.0,0.0,0.8451327433628318,0.559948094492563,0.13615023474178403,213,226,191,35
Qwen/Qwen3-Embedding-0.6B,hidden,mean,9,baseline,10,0.001,0.9798994974874372,0.5406785684014171,0.02761352792645417,0.9670566320419312,0.9647788405418396,0.0022777915000915527,0.3584070796460177,0.5265486725663717,0.8167539267015707,0.17142857142857143,0.7168141592920354,0.544156569285237,0.3615023474178404,213,226,191,35
Qwen/Qwen3-Embedding-0.6B,hidden,mean,9,abtt_fixed,10,0.001,0.19597989949748745,0.6156348709113217,0.07849555336926313,0.07364394515752792,0.0017544352449476719,0.07188950991258025,0.5265486725663717,0.6327433628318584,0.9842931937172775,0.0,0.831858407079646,0.583497262030346,0.5023474178403756,213,226,191,35
Qwen/Qwen3-Embedding-0.6B,hidden,mean,9,abtt_optimal,2,0.001,0.2663316582914573,0.6597780778228651,0.10846095590495103,0.11561905592679977,0.0024166947696357965,0.11320236115716398,0.5176991150442478,0.6238938053097345,0.9685863874345549,0.0,0.8185840707964602,0.641062359546489,0.5352112676056338,213,226,191,35
Qwen/Qwen3-Embedding-0.6B,hidden,mean,9,whitening,10,0.001,0.0,0.5194026202218787,0.013171097979642528,0.01672142744064331,-0.005243787541985512,0.021965214982628822,0.2168141592920354,0.30973451327433627,1.0,0.0,0.8451327433628318,0.47593255164056014,0.09859154929577464,213,226,191,35
Qwen/Qwen3-Embedding-0.6B,hidden,mean,10,baseline,10,0.001,0.9798994974874372,0.5444000862750482,0.0301397780325723,0.9692354202270508,0.9669808149337769,0.0022546052932739258,0.4336283185840708,0.5929203539823009,0.8900523560209425,0.14285714285714285,0.7743362831858407,0.5431354187230185,0.40375586854460094,213,226,191,35
Qwen/Qwen3-Embedding-0.6B,hidden,mean,10,abtt_fixed,10,0.001,0.19095477386934673,0.6238640344558759,0.08408169482563109,0.07789946347475052,0.0015919243451207876,0.07630753912962973,0.5309734513274337,0.6327433628318584,0.9947643979057592,0.0,0.8407079646017699,0.5903979989364627,0.5117370892018779,213,226,191,35
Qwen/Qwen3-Embedding-0.6B,hidden,mean,10,abtt_optimal,2,0.001,0.2914572864321608,0.6337484413608446,0.0907914527352344,0.10182755440473557,0.00276486505754292,0.09906268934719265,0.5221238938053098,0.6017699115044248,0.9633507853403142,0.02857142857142857,0.8185840707964602,0.6177756488841859,0.5164319248826291,213,226,191,35
Qwen/Qwen3-Embedding-0.6B,hidden,mean,10,whitening,10,0.001,0.0,0.49448083014837574,-0.0037465502219515196,-0.02663434110581875,0.010220356285572052,-0.0368546973913908,0.3008849557522124,0.3495575221238938,1.0,0.0,0.8451327433628318,0.4713318137925181,0.018779342723004695,213,226,191,35
Qwen/Qwen3-Embedding-0.6B,hidden,mean,11,baseline,10,0.001,0.9849246231155779,0.5520864050892288,0.03535742426711717,0.9713473320007324,0.9688018560409546,0.002545475959777832,0.39823008849557523,0.5973451327433629,0.6910994764397905,0.3142857142857143,0.6327433628318584,0.551078758416238,0.4272300469483568,213,226,191,35
Qwen/Qwen3-Embedding-0.6B,hidden,mean,11,abtt_fixed,10,0.001,0.19597989949748745,0.6208341350112654,0.08202493087819984,0.0764656662940979,0.0012798276729881763,0.07518583862110972,0.5309734513274337,0.6106194690265486,0.9842931937172775,0.02857142857142857,0.8362831858407079,0.5980122072529529,0.4788732394366197,213,226,191,35
Qwen/Qwen3-Embedding-0.6B,hidden,mean,11,abtt_optimal,2,0.001,0.24623115577889448,0.6462922033074573,0.09930644071058914,0.11092065274715424,0.00296284188516438,0.10795781086198986,0.5309734513274337,0.6150442477876106,0.9895287958115183,0.0,0.8362831858407079,0.6314934836771008,0.5070422535211268,213,226,191,35
Qwen/Qwen3-Embedding-0.6B,hidden,mean,11,whitening,10,0.001,0.0,0.5044047166700989,0.002990130059539942,0.03046441078186035,0.012536106631159782,0.01792830415070057,0.26548672566371684,0.33185840707964603,1.0,0.0,0.8451327433628318,0.48995347924758614,0.10328638497652583,213,226,191,35
Qwen/Qwen3-Embedding-0.6B,hidden,mean,12,baseline,10,0.001,0.9849246231155779,0.5594798898889317,0.04037628818089092,0.9751831293106079,0.9727329015731812,0.002450227737426758,0.4690265486725664,0.6150442477876106,0.8167539267015707,0.22857142857142856,0.7256637168141593,0.5538827861281728,0.4647887323943662,213,226,191,35
Qwen/Qwen3-Embedding-0.6B,hidden,mean,12,abtt_fixed,10,0.001,0.17587939698492464,0.633559624050918,0.09066327929494059,0.0815771296620369,0.0013692997163161635,0.08020782994572073,0.5265486725663717,0.6017699115044248,1.0,0.0,0.8451327433628318,0.5905677427480754,0.47417840375586856,213,226,191,35
Qwen/Qwen3-Embedding-0.6B,hidden,mean,12,abtt_optimal,2,0.001,0.23618090452261306,0.650978554672179,0.10248764150889081,0.11090538650751114,0.002359892474487424,0.10854549403302372,0.5221238938053098,0.6194690265486725,1.0,0.0,0.8451327433628318,0.6253308265956499,0.49295774647887325,213,226,191,35
Qwen/Qwen3-Embedding-0.6B,hidden,mean,12,whitening,10,0.001,0.0,0.5145917670657492,0.009905244733888527,0.04026084393262863,-0.002288825809955597,0.04254966974258423,0.24778761061946902,0.3230088495575221,1.0,0.0,0.8451327433628318,0.47783625166606114,0.107981220657277,213,226,191,35
Qwen/Qwen3-Embedding-0.6B,hidden,mean,13,baseline,10,0.001,0.9849246231155779,0.5693135171439833,0.047051575722223,0.9752736687660217,0.972528874874115,0.0027447938919067383,0.4557522123893805,0.6238938053097345,0.8272251308900523,0.22857142857142856,0.7345132743362832,0.5605880118950861,0.4647887323943662,213,226,191,35
Qwen/Qwen3-Embedding-0.6B,hidden,mean,13,abtt_fixed,10,0.001,0.21105527638190955,0.6358555450491432,0.092221802150784,0.08284323662519455,0.0014406002592295408,0.08140263636596501,0.5353982300884956,0.6106194690265486,0.9738219895287958,0.0,0.8230088495575221,0.5978171892683445,0.4788732394366197,213,226,191,35
Qwen/Qwen3-Embedding-0.6B,hidden,mean,13,abtt_optimal,5,0.001,0.17587939698492464,0.6356908787904864,0.09211002298771054,0.09348326921463013,0.0027067309711128473,0.09077653824351728,0.5309734513274337,0.6017699115044248,1.0,0.0,0.8451327433628318,0.6202730823843847,0.49295774647887325,213,226,191,35
Qwen/Qwen3-Embedding-0.6B,hidden,mean,13,whitening,10,0.001,0.0,0.5542612686911815,0.03683384699442998,0.13950222730636597,-0.006752773188054562,0.14625500049442053,0.22566371681415928,0.336283185840708,1.0,0.0,0.8451327433628318,0.45610921638375945,0.0,213,226,191,35
Qwen/Qwen3-Embedding-0.6B,hidden,mean,14,baseline,10,0.001,0.9849246231155779,0.5751656854773344,0.05102415932242408,0.9769927859306335,0.9742066860198975,0.002786099910736084,0.4778761061946903,0.6106194690265486,0.8848167539267016,0.22857142857142856,0.7831858407079646,0.559414624509379,0.47417840375586856,213,226,191,35
Qwen/Qwen3-Embedding-0.6B,hidden,mean,14,abtt_fixed,10,0.001,0.18592964824120603,0.6293308736726388,0.0877927083469973,0.07928500324487686,0.001491827191784978,0.07779317605309188,0.5442477876106194,0.6061946902654868,0.9895287958115183,0.0,0.8362831858407079,0.6057072189498401,0.4835680751173709,213,226,191,35
Qwen/Qwen3-Embedding-0.6B,hidden,mean,14,abtt_optimal,2,0.001,0.2613065326633166,0.663591345520127,0.11104948785628053,0.11587928235530853,0.002049290109425783,0.11382999224588275,0.5132743362831859,0.6150442477876106,0.9895287958115183,0.0,0.8362831858407079,0.6279248690810169,0.49765258215962443,213,226,191,35
Qwen/Qwen3-Embedding-0.6B,hidden,mean,14,whitening,10,0.001,0.0,0.5051680228317874,0.00350819768141502,-0.0005322627839632332,0.00012525891361292452,-0.0006575216975761577,0.19469026548672566,0.25663716814159293,1.0,0.0,0.8451327433628318,0.48550108230173206,0.0,213,226,191,35
Qwen/Qwen3-Embedding-0.6B,hidden,mean,15,baseline,10,0.001,0.9849246231155779,0.5809024766449867,0.054918422306103803,0.9781160950660706,0.975339949131012,0.0027761459350585938,0.4557522123893805,0.5929203539823009,0.900523560209424,0.2,0.7920353982300885,0.5653228138197895,0.4788732394366197,213,226,191,35
Qwen/Qwen3-Embedding-0.6B,hidden,mean,15,abtt_fixed,10,0.001,0.19095477386934673,0.6315905580226286,0.08932663295036315,0.07796056568622589,0.0009587111417204142,0.07700185454450548,0.5442477876106194,0.6106194690265486,0.9895287958115183,0.0,0.8362831858407079,0.6044586008306597,0.47417840375586856,213,226,191,35
Qwen/Qwen3-Embedding-0.6B,hidden,mean,15,abtt_optimal,7,0.001,0.21105527638190955,0.6355383384141182,0.09200647514651075,0.08649630099534988,0.0011616562260314822,0.0853346447693184,0.504424778761062,0.6061946902654868,0.9790575916230366,0.0,0.827433628318584,0.6233412436974226,0.5117370892018779,213,226,191,35
Qwen/Qwen3-Embedding-0.6B,hidden,mean,15,whitening,10,0.001,0.0,0.5127547361843097,0.00865823713027629,0.022622838616371155,-0.005239629652351141,0.027862468268722296,0.2610619469026549,0.3407079646017699,1.0,0.0,0.8451327433628318,0.5025078390621541,0.13615023474178403,213,226,191,35
Qwen/Qwen3-Embedding-0.6B,hidden,mean,16,baseline,10,0.001,0.9849246231155779,0.609886598426552,0.07459349661750675,0.9731318354606628,0.9687411785125732,0.0043906569480896,0.4424778761061947,0.6150442477876106,0.7068062827225131,0.34285714285714286,0.6504424778761062,0.5800169714222337,0.4647887323943662,213,226,191,35
Qwen/Qwen3-Embedding-0.6B,hidden,mean,16,abtt_fixed,10,0.001,0.1658291457286432,0.6237037391547882,0.08397288276696172,0.07778517156839371,0.0018933217506855726,0.07589184981770813,0.5265486725663717,0.6194690265486725,1.0,0.0,0.8451327433628318,0.5906203870010959,0.49295774647887325,213,226,191,35
Qwen/Qwen3-Embedding-0.6B,hidden,mean,16,abtt_optimal,10,0.001,0.1658291457286432,0.6237037391547882,0.08397288276696172,0.07778517156839371,0.0018933217506855726,0.07589184981770813,0.5265486725663717,0.6194690265486725,1.0,0.0,0.8451327433628318,0.5906203870010959,0.49295774647887325,213,226,191,35
Qwen/Qwen3-Embedding-0.6B,hidden,mean,16,whitening,10,0.001,0.0,0.4967135837597938,-0.0022309462701093556,-0.03250577300786972,-0.0003271969617344439,-0.03217857604613528,0.22123893805309736,0.3008849557522124,1.0,0.0,0.8451327433628318,0.4992976492257448,0.03755868544600939,213,226,191,35
Qwen/Qwen3-Embedding-0.6B,hidden,mean,17,baseline,10,0.001,0.9798994974874372,0.6008465114682646,0.06845688209196116,0.9664183259010315,0.9615134596824646,0.0049048662185668945,0.4823008849557522,0.6150442477876106,0.7591623036649214,0.3142857142857143,0.6902654867256637,0.5730167405765678,0.49295774647887325,213,226,191,35
Qwen/Qwen3-Embedding-0.6B,hidden,mean,17,abtt_fixed,10,0.001,0.19095477386934673,0.6290752834394772,0.08761920794333625,0.0787607729434967,0.0019020879408344626,0.07685868500266224,0.5575221238938053,0.6194690265486725,1.0,0.0,0.8451327433628318,0.5768040199200921,0.49295774647887325,213,226,191,35
Qwen/Qwen3-Embedding-0.6B,hidden,mean,17,abtt_optimal,7,0.001,0.17587939698492464,0.6308443126953234,0.0888200648239403,0.08437703549861908,0.0029010954312980175,0.08147594006732106,0.5221238938053098,0.5929203539823009,1.0,0.0,0.8451327433628318,0.6144207181741326,0.49295774647887325,213,226,191,35
Qwen/Qwen3-Embedding-0.6B,hidden,mean,17,whitening,10,0.001,0.0,0.507474861152605,0.005074174295319809,0.018698105588555336,0.025449706241488457,-0.006751600652933121,0.24778761061946902,0.3584070796460177,1.0,0.0,0.8451327433628318,0.48398445931787737,0.014084507042253521,213,226,191,35
Qwen/Qwen3-Embedding-0.6B,hidden,mean,18,baseline,10,0.001,0.9798994974874372,0.6145614684741563,0.07776690363902654,0.9672945141792297,0.9619001150131226,0.005394399166107178,0.5088495575221239,0.6283185840707964,0.7696335078534031,0.2857142857142857,0.6946902654867256,0.5832072624707331,0.49295774647887325,213,226,191,35
Qwen/Qwen3-Embedding-0.6B,hidden,mean,18,abtt_fixed,10,0.001,0.20100502512562815,0.6287444402225426,0.08739462412023058,0.08145563304424286,0.0027064464520663023,0.07874918659217656,0.5442477876106194,0.6061946902654868,0.9790575916230366,0.0,0.827433628318584,0.5722283836409376,0.48826291079812206,213,226,191,35
Qwen/Qwen3-Embedding-0.6B,hidden,mean,18,abtt_optimal,2,0.001,0.23618090452261306,0.6782552635997611,0.12100368554032526,0.11837051808834076,0.0005969632184132934,0.11777355486992747,0.5398230088495575,0.6460176991150443,1.0,0.0,0.8451327433628318,0.635174808755881,0.49765258215962443,213,226,191,35
Qwen/Qwen3-Embedding-0.6B,hidden,mean,18,whitening,10,0.001,0.0,0.5181560110375341,0.012325404616005876,0.0599781833589077,-0.0031146283727139235,0.06309281173162162,0.19911504424778761,0.26991150442477874,1.0,0.0,0.8451327433628318,0.49103891251126797,0.14084507042253522,213,226,191,35
Qwen/Qwen3-Embedding-0.6B,hidden,mean,19,baseline,10,0.001,0.9748743718592965,0.6155439670794784,0.07843384580876382,0.9655128121376038,0.9598968625068665,0.005615949630737305,0.5309734513274337,0.6238938053097345,0.9319371727748691,0.22857142857142856,0.8230088495575221,0.5911925942777201,0.5117370892018779,213,226,191,35
Qwen/Qwen3-Embedding-0.6B,hidden,mean,19,abtt_fixed,10,0.001,0.17587939698492464,0.6303467285255862,0.08848229348859077,0.0831802487373352,0.002575445920228958,0.08060480281710625,0.5176991150442478,0.5929203539823009,1.0,0.0,0.8451327433628318,0.574820502823384,0.49295774647887325,213,226,191,35
Qwen/Qwen3-Embedding-0.6B,hidden,mean,19,abtt_optimal,3,0.001,0.21608040201005024,0.6672624060264265,0.11354148636521406,0.10844273120164871,0.00015599033213220537,0.1082867408695165,0.5398230088495575,0.6238938053097345,1.0,0.0,0.8451327433628318,0.6382620304940171,0.5023474178403756,213,226,191,35
Qwen/Qwen3-Embedding-0.6B,hidden,mean,19,whitening,10,0.001,0.0,0.5239746821246285,0.016275092924746073,0.10755310207605362,0.02373044192790985,0.08382266014814377,0.20353982300884957,0.3185840707964602,1.0,0.0,0.8451327433628318,0.49878249993576657,0.028169014084507043,213,226,191,35
Qwen/Qwen3-Embedding-0.6B,hidden,mean,20,baseline,10,0.001,0.9748743718592965,0.6052999733794584,0.07147999228671795,0.9611625671386719,0.9554446935653687,0.005717873573303223,0.504424778761062,0.6371681415929203,0.8586387434554974,0.2571428571428571,0.7654867256637168,0.5785314418355965,0.5211267605633803,213,226,191,35
Qwen/Qwen3-Embedding-0.6B,hidden,mean,20,abtt_fixed,10,0.001,0.18090452261306533,0.6346003349482914,0.09136973727896332,0.08486215770244598,0.0019814232364296913,0.08288073446601629,0.5176991150442478,0.5796460176991151,0.9947643979057592,0.0,0.8407079646017699,0.5793174316291703,0.5023474178403756,213,226,191,35
Qwen/Qwen3-Embedding-0.6B,hidden,mean,20,abtt_optimal,1,0.001,0.3065326633165829,0.6611242924688683,0.10937479671051546,0.11785043776035309,-0.0004852161218877882,0.11833565388224088,0.48672566371681414,0.6238938053097345,0.9738219895287958,0.0,0.8230088495575221,0.6422855802040249,0.5023474178403756,213,226,191,35
Qwen/Qwen3-Embedding-0.6B,hidden,mean,20,whitening,10,0.001,0.0,0.510840498480921,0.0073589485014428045,0.019032785668969154,-0.0014335247687995434,0.020466310437768698,0.22566371681415928,0.35398230088495575,1.0,0.0,0.8451327433628318,0.44603041866310034,0.004694835680751174,213,226,191,35
Qwen/Qwen3-Embedding-0.6B,hidden,mean,21,baseline,10,0.001,0.9698492462311558,0.5949076491193468,0.06442544864161937,0.9556156396865845,0.9497685432434082,0.0058470964431762695,0.5398230088495575,0.6283185840707964,0.900523560209424,0.22857142857142856,0.7964601769911505,0.5773237062323449,0.5117370892018779,213,226,191,35
Qwen/Qwen3-Embedding-0.6B,hidden,mean,21,abtt_fixed,10,0.001,0.20100502512562815,0.6248739069383251,0.0847672189993702,0.08106306195259094,0.0008619746076874435,0.0802010873449035,0.5,0.5929203539823009,0.9842931937172775,0.0,0.831858407079646,0.5717536730277527,0.49765258215962443,213,226,191,35
Qwen/Qwen3-Embedding-0.6B,hidden,mean,21,abtt_optimal,5,0.001,0.19095477386934673,0.6555986366802058,0.10562385717609346,0.10040242969989777,0.0002040207473328337,0.10019840895256493,0.5221238938053098,0.588495575221239,1.0,0.0,0.8451327433628318,0.6256911746582451,0.5117370892018779,213,226,191,35
Qwen/Qwen3-Embedding-0.6B,hidden,mean,21,whitening,10,0.001,0.0,0.5108678320727249,0.0073774709642732555,0.012542794458568096,-0.003126917639747262,0.015669712098315358,0.18584070796460178,0.252212389380531,1.0,0.0,0.8451327433628318,0.5371481027578339,0.12206572769953052,213,226,191,35
Qwen/Qwen3-Embedding-0.6B,hidden,mean,22,baseline,10,0.001,0.9698492462311558,0.5906911656219878,0.06156320472911148,0.958208441734314,0.953143298625946,0.00506514310836792,0.5442477876106194,0.6150442477876106,0.93717277486911,0.2,0.8230088495575221,0.5729367755589821,0.5117370892018779,213,226,191,35
Qwen/Qwen3-Embedding-0.6B,hidden,mean,22,abtt_fixed,10,0.001,0.21608040201005024,0.6232879744765083,0.08369065234422804,0.08137363940477371,0.0006094420095905662,0.08076419739518315,0.5132743362831859,0.6017699115044248,0.9528795811518325,0.02857142857142857,0.8097345132743363,0.5758408396805206,0.4835680751173709,213,226,191,35
Qwen/Qwen3-Embedding-0.6B,hidden,mean,22,abtt_optimal,2,0.001,0.23618090452261306,0.6786739892492976,0.12128792593700587,0.12148747593164444,-0.0015296917408704758,0.12301716767251492,0.5221238938053098,0.5973451327433629,0.9947643979057592,0.0,0.8407079646017699,0.6485457832643747,0.5070422535211268,213,226,191,35
Qwen/Qwen3-Embedding-0.6B,hidden,mean,22,whitening,10,0.001,0.0,0.512311376059625,0.008357341777340998,0.038295868784189224,0.020311009138822556,0.01798485964536667,0.20353982300884957,0.27876106194690264,1.0,0.0,0.8451327433628318,0.5368583251177887,0.11737089201877934,213,226,191,35
Qwen/Qwen3-Embedding-0.6B,hidden,mean,23,baseline,10,0.001,0.9748743718592965,0.5846700003577336,0.05747590220917641,0.9638537168502808,0.9598065614700317,0.0040471553802490234,0.5221238938053098,0.6061946902654868,0.9267015706806283,0.2,0.8141592920353983,0.5776635637215162,0.5117370892018779,213,226,191,35
Qwen/Qwen3-Embedding-0.6B,hidden,mean,23,abtt_fixed,10,0.001,0.18592964824120603,0.6221161348520579,0.08289518122851186,0.08039141446352005,0.0003967829397879541,0.0799946315237321,0.5,0.6194690265486725,0.9895287958115183,0.0,0.8362831858407079,0.5684540002900735,0.4835680751173709,213,226,191,35
Qwen/Qwen3-Embedding-0.6B,hidden,mean,23,abtt_optimal,3,0.001,0.24120603015075376,0.6722670718725616,0.1169387661989242,0.11368511617183685,-0.0009072226821444929,0.11459233885398135,0.5132743362831859,0.6194690265486725,0.9947643979057592,0.0,0.8407079646017699,0.6108267554318636,0.5211267605633803,213,226,191,35
Qwen/Qwen3-Embedding-0.6B,hidden,mean,23,whitening,10,0.001,0.0,0.506183555402149,0.0041976181957595424,0.008877736516296864,-0.003696327330544591,0.012574063846841455,0.2831858407079646,0.3185840707964602,1.0,0.0,0.8451327433628318,0.4681909861499012,0.08450704225352113,213,226,191,35
Qwen/Qwen3-Embedding-0.6B,hidden,mean,24,baseline,10,0.001,0.9798994974874372,0.5850067050891966,0.057704464960768406,0.9692535400390625,0.965778112411499,0.0034754276275634766,0.5265486725663717,0.6194690265486725,0.8795811518324608,0.2,0.7743362831858407,0.5848867004441399,0.5211267605633803,213,226,191,35
Qwen/Qwen3-Embedding-0.6B,hidden,mean,24,abtt_fixed,10,0.001,0.20100502512562815,0.6219120896899545,0.08275667077937006,0.07998497039079666,0.0003655010659713298,0.07961946932482533,0.5132743362831859,0.6106194690265486,0.9581151832460733,0.0,0.8097345132743363,0.5715283506932791,0.5070422535211268,213,226,191,35
Qwen/Qwen3-Embedding-0.6B,hidden,mean,24,abtt_optimal,5,0.001,0.24120603015075376,0.6541316063498694,0.1046280039643271,0.0970369428396225,-3.0888451874488965e-05,0.09706783129149699,0.5265486725663717,0.6548672566371682,0.9528795811518325,0.05714285714285714,0.8141592920353983,0.6224724532473417,0.5305164319248826,213,226,191,35
Qwen/Qwen3-Embedding-0.6B,hidden,mean,24,whitening,10,0.001,0.0,0.5112027038219814,0.0076047911096250925,0.03836214914917946,0.02334652654826641,0.015015622600913048,0.24336283185840707,0.29646017699115046,1.0,0.0,0.8451327433628318,0.46422846432102943,0.056338028169014086,213,226,191,35
Qwen/Qwen3-Embedding-0.6B,hidden,mean,25,baseline,10,0.001,0.9849246231155779,0.5819387762994674,0.05562188583856344,0.9736617207527161,0.9708316326141357,0.0028300881385803223,0.5265486725663717,0.6106194690265486,0.8324607329842932,0.3142857142857143,0.7522123893805309,0.5848605139351433,0.5211267605633803,213,226,191,35
Qwen/Qwen3-Embedding-0.6B,hidden,mean,25,abtt_fixed,10,0.001,0.2864321608040201,0.624775771890964,0.08470060272018695,0.0803515687584877,0.0004342554893810302,0.07991731326910667,0.5442477876106194,0.672566371681416,0.7643979057591623,0.34285714285714286,0.6991150442477876,0.5626090087410173,0.5539906103286385,213,226,191,35
Qwen/Qwen3-Embedding-0.6B,hidden,mean,25,abtt_optimal,10,0.001,0.2864321608040201,0.624775771890964,0.08470060272018695,0.0803515687584877,0.0004342554893810302,0.07991731326910667,0.5442477876106194,0.672566371681416,0.7643979057591623,0.34285714285714286,0.6991150442477876,0.5626090087410173,0.5539906103286385,213,226,191,35
Qwen/Qwen3-Embedding-0.6B,hidden,mean,25,whitening,10,0.001,0.0,0.5128537776514429,0.008725587092648026,0.014825747348368168,-0.005163449794054031,0.0199891971424222,0.22566371681415928,0.28761061946902655,1.0,0.0,0.8451327433628318,0.5505445733588912,0.11267605633802817,213,226,191,35
Qwen/Qwen3-Embedding-0.6B,hidden,mean,26,baseline,10,0.001,0.9849246231155779,0.583143831172912,0.05643990421444868,0.9753938913345337,0.9728267192840576,0.0025671720504760742,0.5176991150442478,0.5973451327433629,0.8429319371727748,0.22857142857142856,0.7477876106194691,0.590349768417068,0.5258215962441315,213,226,191,35
Qwen/Qwen3-Embedding-0.6B,hidden,mean,26,abtt_fixed,10,0.001,0.1708542713567839,0.6174345975834608,0.0797172483469945,0.07815314829349518,0.00048648807569406927,0.07766666021780111,0.5176991150442478,0.5973451327433629,0.9947643979057592,0.0,0.8407079646017699,0.557930746990635,0.4835680751173709,213,226,191,35
Qwen/Qwen3-Embedding-0.6B,hidden,mean,26,abtt_optimal,3,0.001,0.2663316582914573,0.6676934388422062,0.11383408114331431,0.10950402915477753,-0.0007778273429721594,0.11028185649774969,0.5221238938053098,0.6548672566371682,0.9476439790575916,0.05714285714285714,0.8097345132743363,0.6196412527172201,0.5070422535211268,213,226,191,35
Qwen/Qwen3-Embedding-0.6B,hidden,mean,26,whitening,10,0.001,0.0,0.5138565196316826,0.009406799311505563,0.04032383859157562,0.00033358627115376294,0.03999025232042186,0.2079646017699115,0.26991150442477874,1.0,0.0,0.8451327433628318,0.48275995645839453,0.1643192488262911,213,226,191,35
Qwen/Qwen3-Embedding-0.6B,hidden,mean,27,baseline,10,0.001,0.9899497487437187,0.5985208397588424,0.06687816379052315,0.9814743399620056,0.9793086051940918,0.0021657347679138184,0.5353982300884956,0.6504424778761062,0.7329842931937173,0.42857142857142855,0.6858407079646017,0.6033979239276489,0.5305164319248826,213,226,191,35
Qwen/Qwen3-Embedding-0.6B,hidden,mean,27,abtt_fixed,10,0.001,0.19597989949748745,0.6323782166622031,0.08986131336546815,0.08320879936218262,0.0004386736254673451,0.08277012573671527,0.5398230088495575,0.6460176991150443,0.9476439790575916,0.02857142857142857,0.8053097345132744,0.5705050549085724,0.5070422535211268,213,226,191,35
Qwen/Qwen3-Embedding-0.6B,hidden,mean,27,abtt_optimal,10,0.001,0.19597989949748745,0.6323782166622031,0.08986131336546815,0.08320879936218262,0.0004386736254673451,0.08277012573671527,0.5398230088495575,0.6460176991150443,0.9476439790575916,0.02857142857142857,0.8053097345132744,0.5705050549085724,0.5070422535211268,213,226,191,35
Qwen/Qwen3-Embedding-0.6B,hidden,mean,27,whitening,10,0.001,0.0,0.50824350511962,0.0055959298533296165,0.036178722977638245,0.02670123055577278,0.009477492421865463,0.2610619469026549,0.3185840707964602,1.0,0.0,0.8451327433628318,0.5554655904586816,0.15023474178403756,213,226,191,35
Qwen/Qwen3-Embedding-0.6B,hidden,mean,28,baseline,10,0.001,0.949748743718593,0.5608527331335826,0.04130820507560962,0.887366533279419,0.8784869313240051,0.008879601955413818,0.504424778761062,0.6504424778761062,0.5863874345549738,0.5142857142857142,0.5752212389380531,0.5569091032738216,0.48826291079812206,213,226,191,35
Qwen/Qwen3-Embedding-0.6B,hidden,mean,28,abtt_fixed,10,0.001,0.22613065326633167,0.6223580280753251,0.08305938379364011,0.08044680953025818,0.0005002263933420181,0.07994658313691616,0.5353982300884956,0.6415929203539823,0.9162303664921466,0.08571428571428572,0.7876106194690266,0.5702811873801542,0.5211267605633803,213,226,191,35
Qwen/Qwen3-Embedding-0.6B,hidden,mean,28,abtt_optimal,10,0.001,0.22613065326633167,0.6223580280753251,0.08305938379364011,0.08044680953025818,0.0005002263933420181,0.07994658313691616,0.5353982300884956,0.6415929203539823,0.9162303664921466,0.08571428571428572,0.7876106194690266,0.5702811873801542,0.5211267605633803,213,226,191,35
Qwen/Qwen3-Embedding-0.6B,hidden,mean,28,whitening,10,0.001,0.0,0.5438008622348298,0.029734466807912422,0.10918932408094406,-0.007110795006155968,0.11630011908710003,0.23008849557522124,0.2610619469026549,1.0,0.0,0.8451327433628318,0.4844193970129725,0.028169014084507043,213,226,191,35
Qwen/Qwen3-Embedding-0.6B,hidden,sif,1,sif_only,10,0.001,0.8592964824120604,0.47430310016510535,-0.01744363405801119,0.9483329653739929,0.9500392079353333,-0.001706242561340332,0.34513274336283184,0.4469026548672566,1.0,0.0,0.8451327433628318,0.4807569597551823,0.3380281690140845,213,226,191,35
Qwen/Qwen3-Embedding-0.6B,hidden,sif,1,sif_abtt_fixed,10,0.001,0.20100502512562815,0.6215035562271924,0.08247934906850875,0.0709533542394638,0.0011415814515203238,0.06981177278794348,0.5353982300884956,0.6238938053097345,0.8743455497382199,0.17142857142857143,0.7654867256637168,0.5542921290997852,0.5070422535211268,213,226,191,35
Qwen/Qwen3-Embedding-0.6B,hidden,sif,1,sif_abtt_optimal,2,0.001,0.21105527638190955,0.6363544586345466,0.09256047592334932,0.08156440407037735,0.001979112159460783,0.07958529191091657,0.5353982300884956,0.6150442477876106,0.9424083769633508,0.05714285714285714,0.8053097345132744,0.6104809307720922,0.5258215962441315,213,226,191,35
Qwen/Qwen3-Embedding-0.6B,hidden,sif,2,sif_only,10,0.001,0.914572864321608,0.48889593479191984,-0.007537689421546254,0.9675789475440979,0.9680760502815247,-0.0004971027374267578,0.29646017699115046,0.40707964601769914,1.0,0.0,0.8451327433628318,0.4984541822641191,0.3286384976525822,213,226,191,35
Qwen/Qwen3-Embedding-0.6B,hidden,sif,2,sif_abtt_fixed,10,0.001,0.17587939698492464,0.6220558881511841,0.0828542844117473,0.07343444973230362,0.0007784115732647479,0.07265603815903887,0.5309734513274337,0.5752212389380531,0.9842931937172775,0.02857142857142857,0.8362831858407079,0.5538745011309761,0.49295774647887325,213,226,191,35
Qwen/Qwen3-Embedding-0.6B,hidden,sif,2,sif_abtt_optimal,2,0.001,0.24120603015075376,0.6361985141483666,0.09245461729574746,0.08558500558137894,0.0010972663294523954,0.08448773925192654,0.5530973451327433,0.6415929203539823,0.9581151832460733,0.08571428571428572,0.8230088495575221,0.5875067814921251,0.5211267605633803,213,226,191,35
Qwen/Qwen3-Embedding-0.6B,hidden,sif,3,sif_only,10,0.001,0.8894472361809045,0.48654905285982286,-0.00913080570633882,0.9541909694671631,0.9546751379966736,-0.00048416852951049805,0.35398230088495575,0.48672566371681414,1.0,0.0,0.8451327433628318,0.5019918267516346,0.37089201877934275,213,226,191,35
Qwen/Qwen3-Embedding-0.6B,hidden,sif,3,sif_abtt_fixed,10,0.001,0.19597989949748745,0.6255989621856173,0.08525940282257806,0.07393121719360352,0.0012703172396868467,0.07266089995391667,0.5530973451327433,0.6371681415929203,0.9162303664921466,0.14285714285714285,0.7964601769911505,0.5586694925740041,0.5211267605633803,213,226,191,35
Qwen/Qwen3-Embedding-0.6B,hidden,sif,3,sif_abtt_optimal,5,0.001,0.15075376884422112,0.6475053152455456,0.10012992840191354,0.0835079774260521,0.0015701722586527467,0.08193780516739935,0.5309734513274337,0.6017699115044248,1.0,0.0,0.8451327433628318,0.6061707349537176,0.5258215962441315,213,226,191,35
Qwen/Qwen3-Embedding-0.6B,hidden,sif,4,sif_only,10,0.001,0.9748743718592965,0.4931046230792361,-0.004680737072224571,0.9538977742195129,0.9540457129478455,-0.00014793872833251953,0.30973451327433627,0.47345132743362833,0.6858638743455497,0.2,0.6106194690265486,0.5143880318875734,0.3474178403755869,213,226,191,35
Qwen/Qwen3-Embedding-0.6B,hidden,sif,4,sif_abtt_fixed,10,0.001,0.135678391959799,0.6213317393236643,0.0823627158867305,0.07195430994033813,0.0012170982081443071,0.07073721173219383,0.5176991150442478,0.6017699115044248,1.0,0.0,0.8451327433628318,0.5497387587505967,0.4694835680751174,213,226,191,35
Qwen/Qwen3-Embedding-0.6B,hidden,sif,4,sif_abtt_optimal,1,0.001,0.22613065326633167,0.6664072694704607,0.11296100042146204,0.09932836890220642,0.0019023314816877246,0.0974260374205187,0.5353982300884956,0.6238938053097345,0.9685863874345549,0.02857142857142857,0.8230088495575221,0.6384616101586296,0.5117370892018779,213,226,191,35
Qwen/Qwen3-Embedding-0.6B,hidden,sif,5,sif_only,10,0.001,0.9748743718592965,0.5141759621021462,0.009622962183122462,0.9612287282943726,0.9602734446525574,0.0009552836418151855,0.3053097345132743,0.45132743362831856,0.8167539267015707,0.14285714285714285,0.7123893805309734,0.5270415157757442,0.3286384976525822,213,226,191,35
Qwen/Qwen3-Embedding-0.6B,hidden,sif,5,sif_abtt_fixed,10,0.001,0.15577889447236182,0.63139132695665,0.0891913904180581,0.07626727223396301,0.001250068424269557,0.07501720380969346,0.5088495575221239,0.5973451327433629,0.9947643979057592,0.0,0.8407079646017699,0.5867274246278544,0.48826291079812206,213,226,191,35
Qwen/Qwen3-Embedding-0.6B,hidden,sif,5,sif_abtt_optimal,2,0.001,0.20603015075376885,0.6575043741803952,0.10691751469031667,0.09625411778688431,0.0014046456199139357,0.09484947216697037,0.5221238938053098,0.6238938053097345,0.9685863874345549,0.02857142857142857,0.8230088495575221,0.6161976774687085,0.5258215962441315,213,226,191,35
Qwen/Qwen3-Embedding-0.6B,hidden,sif,6,sif_only,10,0.001,0.9748743718592965,0.5064150952973492,0.004354711094877972,0.9563833475112915,0.9556325078010559,0.0007508397102355957,0.30973451327433627,0.5176991150442478,0.7696335078534031,0.14285714285714285,0.672566371681416,0.5168769091555483,0.3427230046948357,213,226,191,35
Qwen/Qwen3-Embedding-0.6B,hidden,sif,6,sif_abtt_fixed,10,0.001,0.18090452261306533,0.6396928227990436,0.09482663266630366,0.08132851868867874,0.0007299944991245866,0.08059852418955415,0.5221238938053098,0.6061946902654868,0.9947643979057592,0.0,0.8407079646017699,0.5869018287503902,0.49765258215962443,213,226,191,35
Qwen/Qwen3-Embedding-0.6B,hidden,sif,6,sif_abtt_optimal,3,0.001,0.1457286432160804,0.650215268653152,0.10196950577719655,0.0925065204501152,0.0019164299592375755,0.09059009049087763,0.5442477876106194,0.6327433628318584,1.0,0.0,0.8451327433628318,0.6356238013569346,0.5258215962441315,213,226,191,35
Qwen/Qwen3-Embedding-0.6B,hidden,sif,7,sif_only,10,0.001,0.9698492462311558,0.5117914133928396,0.008004276841788437,0.9602472186088562,0.959185779094696,0.0010614395141601562,0.4026548672566372,0.5442477876106194,0.9162303664921466,0.11428571428571428,0.7920353982300885,0.5149979901484478,0.3427230046948357,213,226,191,35
Qwen/Qwen3-Embedding-0.6B,hidden,sif,7,sif_abtt_fixed,10,0.001,0.135678391959799,0.6312547395682766,0.0890986718240545,0.07850804924964905,0.00027435453375801444,0.07823369471589103,0.5309734513274337,0.6017699115044248,1.0,0.0,0.8451327433628318,0.5928458950575899,0.48826291079812206,213,226,191,35
Qwen/Qwen3-Embedding-0.6B,hidden,sif,7,sif_abtt_optimal,2,0.001,0.271356783919598,0.6698080758859468,0.11526954437008878,0.1069636195898056,0.000524731061886996,0.10643888852791861,0.5442477876106194,0.6327433628318584,0.9267015706806283,0.05714285714285714,0.7920353982300885,0.6399873811602221,0.5164319248826291,213,226,191,35
Qwen/Qwen3-Embedding-0.6B,hidden,sif,8,sif_only,10,0.001,0.9698492462311558,0.5257510030239775,0.01748036052085154,0.9554626941680908,0.9535195827484131,0.0019431114196777344,0.39823008849557523,0.5530973451327433,0.8795811518324608,0.14285714285714285,0.7654867256637168,0.5224012022714504,0.3755868544600939,213,226,191,35
Qwen/Qwen3-Embedding-0.6B,hidden,sif,8,sif_abtt_fixed,10,0.001,0.15075376884422112,0.6237168318848343,0.08398177040684048,0.07707807421684265,0.0011823278618976474,0.075895746354945,0.5309734513274337,0.6106194690265486,1.0,0.0,0.8451327433628318,0.591719801197547,0.49295774647887325,213,226,191,35
Qwen/Qwen3-Embedding-0.6B,hidden,sif,8,sif_abtt_optimal,5,0.001,0.17587939698492464,0.6596959763341452,0.10840522356632462,0.09518773853778839,0.001039199996739626,0.09414853854104877,0.5353982300884956,0.6327433628318584,1.0,0.0,0.8451327433628318,0.6266173189877292,0.5117370892018779,213,226,191,35
Qwen/Qwen3-Embedding-0.6B,hidden,sif,9,sif_only,10,0.001,0.9748743718592965,0.5275622915838803,0.01870990396844961,0.9603851437568665,0.9586323499679565,0.0017527937889099121,0.3584070796460177,0.5530973451327433,0.8429319371727748,0.14285714285714285,0.7345132743362832,0.5226667167054195,0.3568075117370892,213,226,191,35
Qwen/Qwen3-Embedding-0.6B,hidden,sif,9,sif_abtt_fixed,10,0.001,0.1457286432160804,0.6177897731356194,0.07995834950698107,0.07410208880901337,0.0013806717470288277,0.07272141706198454,0.5353982300884956,0.6061946902654868,1.0,0.0,0.8451327433628318,0.5864038165825896,0.5164319248826291,213,226,191,35
Qwen/Qwen3-Embedding-0.6B,hidden,sif,9,sif_abtt_optimal,5,0.001,0.20100502512562815,0.6559459767369984,0.10585963942546893,0.09409298747777939,0.0011042708065360785,0.09298871667124331,0.5265486725663717,0.6194690265486725,0.9947643979057592,0.0,0.8407079646017699,0.6264683616422976,0.5305164319248826,213,226,191,35
Qwen/Qwen3-Embedding-0.6B,hidden,sif,10,sif_only,10,0.001,0.9798994974874372,0.5299097777958256,0.020303430452521348,0.963481068611145,0.961764931678772,0.0017161369323730469,0.3672566371681416,0.588495575221239,0.7068062827225131,0.2,0.6283185840707964,0.5235352112627435,0.37089201877934275,213,226,191,35
Qwen/Qwen3-Embedding-0.6B,hidden,sif,10,sif_abtt_fixed,10,0.001,0.20100502512562815,0.6228651598666652,0.08340363626937419,0.07666019350290298,0.0016772211529314518,0.07498297234997153,0.5309734513274337,0.6415929203539823,0.9685863874345549,0.0,0.8185840707964602,0.58056015655094,0.5117370892018779,213,226,191,35
Qwen/Qwen3-Embedding-0.6B,hidden,sif,10,sif_abtt_optimal,7,0.001,0.19095477386934673,0.6350623068923031,0.09168333423376156,0.08424808084964752,0.0014046172145754099,0.08284346363507211,0.5309734513274337,0.6017699115044248,0.9947643979057592,0.0,0.8407079646017699,0.5871260414870249,0.5305164319248826,213,226,191,35
Qwen/Qwen3-Embedding-0.6B,hidden,sif,11,sif_only,10,0.001,0.9798994974874372,0.5372344149781476,0.02527555905335812,0.9664615392684937,0.9643887281417847,0.0020728111267089844,0.3893805309734513,0.5663716814159292,0.8010471204188482,0.17142857142857143,0.7035398230088495,0.5338512656590761,0.39906103286384975,213,226,191,35
Qwen/Qwen3-Embedding-0.6B,hidden,sif,11,sif_abtt_fixed,10,0.001,0.12060301507537688,0.6196356063601823,0.0812113426503631,0.07581276446580887,0.001570057705976069,0.0742427067598328,0.5221238938053098,0.6150442477876106,1.0,0.0,0.8451327433628318,0.5985716171678358,0.5070422535211268,213,226,191,35
Qwen/Qwen3-Embedding-0.6B,hidden,sif,11,sif_abtt_optimal,10,0.001,0.12060301507537688,0.6196356063601823,0.0812113426503631,0.07581276446580887,0.001570057705976069,0.0742427067598328,0.5221238938053098,0.6150442477876106,1.0,0.0,0.8451327433628318,0.5985716171678358,0.5070422535211268,213,226,191,35
Qwen/Qwen3-Embedding-0.6B,hidden,sif,12,sif_only,10,0.001,0.9798994974874372,0.5402683228124183,0.027335043986290778,0.9700437784194946,0.968148410320282,0.0018953680992126465,0.4424778761061947,0.588495575221239,0.8900523560209425,0.17142857142857143,0.7787610619469026,0.5327099826375061,0.43661971830985913,213,226,191,35
Qwen/Qwen3-Embedding-0.6B,hidden,sif,12,sif_abtt_fixed,10,0.001,0.17587939698492464,0.6325309383225256,0.08996498426628134,0.08132322877645493,0.001641147187910974,0.07968208158854395,0.5221238938053098,0.6017699115044248,1.0,0.0,0.8451327433628318,0.5927326174471093,0.4788732394366197,213,226,191,35
Qwen/Qwen3-Embedding-0.6B,hidden,sif,12,sif_abtt_optimal,1,0.001,0.20603015075376885,0.6536317863446934,0.1042887148936333,0.11049690842628479,0.0011240170570090413,0.10937289136927575,0.5088495575221239,0.6194690265486725,1.0,0.0,0.8451327433628318,0.6447119994425381,0.5023474178403756,213,226,191,35
Qwen/Qwen3-Embedding-0.6B,hidden,sif,13,sif_only,10,0.001,0.9798994974874372,0.5497219990415316,0.03375241221793331,0.9700580835342407,0.9678241610527039,0.0022339224815368652,0.4424778761061947,0.5929203539823009,0.8795811518324608,0.17142857142857143,0.7699115044247787,0.5388035980756516,0.4225352112676056,213,226,191,35
Qwen/Qwen3-Embedding-0.6B,hidden,sif,13,sif_abtt_fixed,10,0.001,0.17587939698492464,0.6177931571027698,0.07996064662007202,0.07545404881238937,0.0017306292429566383,0.07372341956943274,0.5221238938053098,0.588495575221239,0.9947643979057592,0.0,0.8407079646017699,0.5849504406755489,0.4835680751173709,213,226,191,35
Qwen/Qwen3-Embedding-0.6B,hidden,sif,13,sif_abtt_optimal,2,0.001,0.2914572864321608,0.646008070922795,0.09911356525187406,0.10417500138282776,0.002162891672924161,0.1020121097099036,0.5398230088495575,0.6061946902654868,0.9424083769633508,0.02857142857142857,0.8008849557522124,0.6210033950241787,0.5023474178403756,213,226,191,35
Qwen/Qwen3-Embedding-0.6B,hidden,sif,14,sif_only,10,0.001,0.9849246231155779,0.5552110556140498,0.03747850738129288,0.9726549386978149,0.9703625440597534,0.0022923946380615234,0.39823008849557523,0.5796460176991151,0.7068062827225131,0.2857142857142857,0.6415929203539823,0.5376229613173974,0.4131455399061033,213,226,191,35
Qwen/Qwen3-Embedding-0.6B,hidden,sif,14,sif_abtt_fixed,10,0.001,0.18090452261306533,0.6200206131941847,0.0814726939559665,0.07472234964370728,0.0015987880760803819,0.0731235615676269,0.5353982300884956,0.5973451327433629,0.9895287958115183,0.0,0.8362831858407079,0.5784957374429155,0.4694835680751174,213,226,191,35
Qwen/Qwen3-Embedding-0.6B,hidden,sif,14,sif_abtt_optimal,5,0.001,0.1708542713567839,0.63410770587331,0.09103532957354009,0.08757958561182022,0.0024800326209515333,0.08509955299086869,0.5265486725663717,0.6017699115044248,1.0,0.0,0.8451327433628318,0.6144700336336365,0.5117370892018779,213,226,191,35
Qwen/Qwen3-Embedding-0.6B,hidden,sif,15,sif_only,10,0.001,0.9849246231155779,0.5605254350250912,0.041086027755053885,0.9746264219284058,0.9723616242408752,0.0022647976875305176,0.42920353982300885,0.6017699115044248,0.7958115183246073,0.22857142857142856,0.7079646017699115,0.5455480789483301,0.431924882629108,213,226,191,35
Qwen/Qwen3-Embedding-0.6B,hidden,sif,15,sif_abtt_fixed,10,0.001,0.16080402010050251,0.6223475740339499,0.08305228735504439,0.07507655769586563,0.0015614030417054892,0.07351515465416014,0.5398230088495575,0.6150442477876106,0.9947643979057592,0.0,0.8407079646017699,0.576507683323933,0.49295774647887325,213,226,191,35
Qwen/Qwen3-Embedding-0.6B,hidden,sif,15,sif_abtt_optimal,7,0.001,0.20100502512562815,0.6339658813929182,0.09093905592378158,0.08457636088132858,0.0015267858980223536,0.08304957498330623,0.5132743362831859,0.6194690265486725,0.9895287958115183,0.0,0.8362831858407079,0.6102947895701945,0.5117370892018779,213,226,191,35
Qwen/Qwen3-Embedding-0.6B,hidden,sif,16,sif_only,10,0.001,0.9798994974874372,0.5864266620193518,0.05866836368883774,0.9702705144882202,0.9666406512260437,0.0036298632621765137,0.4424778761061947,0.584070796460177,0.8952879581151832,0.2,0.7876106194690266,0.557233155158222,0.4413145539906103,213,226,191,35
Qwen/Qwen3-Embedding-0.6B,hidden,sif,16,sif_abtt_fixed,10,0.001,0.1708542713567839,0.6259176593776015,0.08547574165050308,0.07715483009815216,0.0018402072601020336,0.07531462283805013,0.5398230088495575,0.6017699115044248,0.9947643979057592,0.0,0.8407079646017699,0.5774842773684896,0.49765258215962443,213,226,191,35
Qwen/Qwen3-Embedding-0.6B,hidden,sif,16,sif_abtt_optimal,7,0.001,0.18592964824120603,0.6361076304591851,0.09239292340168001,0.0850227102637291,0.001529549714177847,0.08349316054955125,0.5309734513274337,0.6017699115044248,1.0,0.0,0.8451327433628318,0.6076683468279335,0.5117370892018779,213,226,191,35
Qwen/Qwen3-Embedding-0.6B,hidden,sif,17,sif_only,10,0.001,0.9748743718592965,0.5737260491667867,0.05004690178575532,0.9604305624961853,0.9564228057861328,0.00400775671005249,0.4469026548672566,0.5973451327433629,0.8115183246073299,0.22857142857142856,0.7212389380530974,0.5468173849027724,0.460093896713615,213,226,191,35
Qwen/Qwen3-Embedding-0.6B,hidden,sif,17,sif_abtt_fixed,10,0.001,0.18592964824120603,0.6270695174817355,0.0862576488605288,0.07878876477479935,0.0024035221431404352,0.07638524263165891,0.5221238938053098,0.5796460176991151,0.9947643979057592,0.0,0.8407079646017699,0.5648512593960129,0.5023474178403756,213,226,191,35
Qwen/Qwen3-Embedding-0.6B,hidden,sif,17,sif_abtt_optimal,5,0.001,0.1708542713567839,0.640046205654319,0.09506651690327682,0.08779239654541016,0.002277139574289322,0.08551525697112083,0.5132743362831859,0.6371681415929203,1.0,0.0,0.8451327433628318,0.6130681430663178,0.5070422535211268,213,226,191,35
Qwen/Qwen3-Embedding-0.6B,hidden,sif,18,sif_only,10,0.001,0.9798994974874372,0.5880116679187345,0.059744301371595324,0.9632979035377502,0.9587315320968628,0.004566371440887451,0.4646017699115044,0.6371681415929203,0.6910994764397905,0.34285714285714286,0.6371681415929203,0.5559744027121136,0.47417840375586856,213,226,191,35
Qwen/Qwen3-Embedding-0.6B,hidden,sif,18,sif_abtt_fixed,10,0.001,0.16080402010050251,0.6266169521606952,0.08595043733310384,0.0796227753162384,0.002401720266789198,0.0772210550494492,0.5442477876106194,0.588495575221239,1.0,0.0,0.8451327433628318,0.5625084052036291,0.48826291079812206,213,226,191,35
Qwen/Qwen3-Embedding-0.6B,hidden,sif,18,sif_abtt_optimal,1,0.001,0.2562814070351759,0.6654433625418041,0.11230667870033832,0.11252331733703613,0.00033021700801327825,0.11219310032902285,0.5,0.6371681415929203,0.9895287958115183,0.0,0.8362831858407079,0.6523763369236139,0.49765258215962443,213,226,191,35
Qwen/Qwen3-Embedding-0.6B,hidden,sif,19,sif_only,10,0.001,0.9748743718592965,0.5872871968086288,0.059252514073823835,0.9606364369392395,0.9559670686721802,0.004669368267059326,0.47345132743362833,0.6194690265486725,0.837696335078534,0.22857142857142856,0.7433628318584071,0.5612665433024009,0.5070422535211268,213,226,191,35
Qwen/Qwen3-Embedding-0.6B,hidden,sif,19,sif_abtt_fixed,10,0.001,0.15075376884422112,0.6276085351064031,0.08662354615769068,0.08006896078586578,0.0021658537443727255,0.07790310704149306,0.5309734513274337,0.5752212389380531,1.0,0.0,0.8451327433628318,0.5583963589015415,0.48826291079812206,213,226,191,35
Qwen/Qwen3-Embedding-0.6B,hidden,sif,19,sif_abtt_optimal,5,0.001,0.22110552763819097,0.652858267853569,0.10376363312963541,0.09461364150047302,0.0010262745199725032,0.09358736698050052,0.5353982300884956,0.6194690265486725,0.9790575916230366,0.02857142857142857,0.831858407079646,0.6127385925081827,0.5164319248826291,213,226,191,35
Qwen/Qwen3-Embedding-0.6B,hidden,sif,20,sif_only,10,0.001,0.9698492462311558,0.573696278312928,0.05002669265956961,0.9548093676567078,0.9503791928291321,0.004430174827575684,0.4778761061946903,0.5929203539823009,0.8795811518324608,0.22857142857142856,0.7787610619469026,0.5493717284432387,0.4835680751173709,213,226,191,35
Qwen/Qwen3-Embedding-0.6B,hidden,sif,20,sif_abtt_fixed,10,0.001,0.20603015075376885,0.6312036980637584,0.08906402370186832,0.0827595591545105,0.0011979585979133844,0.08156160055659711,0.5176991150442478,0.588495575221239,0.9738219895287958,0.02857142857142857,0.827433628318584,0.5678541023829378,0.5164319248826291,213,226,191,35
Qwen/Qwen3-Embedding-0.6B,hidden,sif,20,sif_abtt_optimal,5,0.001,0.18592964824120603,0.654111000407043,0.10461401618660175,0.09684817492961884,0.0005102254799567163,0.09633794944966212,0.5309734513274337,0.5707964601769911,1.0,0.0,0.8451327433628318,0.6191882902216764,0.5164319248826291,213,226,191,35
Qwen/Qwen3-Embedding-0.6B,hidden,sif,21,sif_only,10,0.001,0.9748743718592965,0.5618582346584626,0.04199076214638946,0.9488328695297241,0.9444974064826965,0.004335463047027588,0.4557522123893805,0.6371681415929203,0.6020942408376964,0.45714285714285713,0.5796460176991151,0.5490947974803942,0.4694835680751174,213,226,191,35
Qwen/Qwen3-Embedding-0.6B,hidden,sif,21,sif_abtt_fixed,10,0.001,0.22613065326633167,0.6285588860237967,0.08726866575325844,0.08219239860773087,0.0010419391328468919,0.08115045947488397,0.5132743362831859,0.6106194690265486,0.9162303664921466,0.05714285714285714,0.7831858407079646,0.5591153043279198,0.5446009389671361,213,226,191,35
Qwen/Qwen3-Embedding-0.6B,hidden,sif,21,sif_abtt_optimal,10,0.001,0.22613065326633167,0.6285588860237967,0.08726866575325844,0.08219239860773087,0.0010419391328468919,0.08115045947488397,0.5132743362831859,0.6106194690265486,0.9162303664921466,0.05714285714285714,0.7831858407079646,0.5591153043279198,0.5446009389671361,213,226,191,35
Qwen/Qwen3-Embedding-0.6B,hidden,sif,22,sif_only,10,0.001,0.9698492462311558,0.5528459042878732,0.035872989418943006,0.9519373178482056,0.9485744833946228,0.0033628344535827637,0.5132743362831859,0.6061946902654868,0.8429319371727748,0.2571428571428571,0.7522123893805309,0.5410724051055901,0.49765258215962443,213,226,191,35
Qwen/Qwen3-Embedding-0.6B,hidden,sif,22,sif_abtt_fixed,10,0.001,0.22110552763819097,0.6191278098610092,0.08086663895598926,0.07914558798074722,0.0009586615487933159,0.07818692643195391,0.5088495575221239,0.6106194690265486,0.9319371727748691,0.02857142857142857,0.7920353982300885,0.5624584979586112,0.5070422535211268,213,226,191,35
Qwen/Qwen3-Embedding-0.6B,hidden,sif,22,sif_abtt_optimal,7,0.001,0.2613065326633166,0.6354077132535811,0.09191780384705478,0.08621580898761749,0.00027038491680286825,0.08594542407081462,0.5265486725663717,0.6327433628318584,0.8691099476439791,0.11428571428571428,0.7522123893805309,0.5979157215564334,0.5258215962441315,213,226,191,35
Qwen/Qwen3-Embedding-0.6B,hidden,sif,23,sif_only,10,0.001,0.9748743718592965,0.5480961841097282,0.032648772443661815,0.9570401310920715,0.9543980360031128,0.0026420950889587402,0.504424778761062,0.6061946902654868,0.7905759162303665,0.2571428571428571,0.7079646017699115,0.5433487327431029,0.5023474178403756,213,226,191,35
Qwen/Qwen3-Embedding-0.6B,hidden,sif,23,sif_abtt_fixed,10,0.001,0.21608040201005024,0.6167553266060066,0.07925614391680791,0.07683958858251572,0.0007097504567354918,0.07612983812578022,0.5265486725663717,0.6415929203539823,0.8952879581151832,0.11428571428571428,0.7743362831858407,0.5529261648447152,0.5117370892018779,213,226,191,35
Qwen/Qwen3-Embedding-0.6B,hidden,sif,23,sif_abtt_optimal,1,0.001,0.271356783919598,0.6794611846076547,0.12182229186630342,0.11877112835645676,-0.0010678605176508427,0.1198389888741076,0.5309734513274337,0.6238938053097345,0.9581151832460733,0.02857142857142857,0.8141592920353983,0.6342933195749777,0.5211267605633803,213,226,191,35
Qwen/Qwen3-Embedding-0.6B,hidden,sif,24,sif_only,10,0.001,0.9798994974874372,0.5485370868296966,0.03294806713538164,0.9636673331260681,0.9613460898399353,0.0023212432861328125,0.5088495575221239,0.6238938053097345,0.7539267015706806,0.34285714285714286,0.6902654867256637,0.5493763394387023,0.5023474178403756,213,226,191,35
Qwen/Qwen3-Embedding-0.6B,hidden,sif,24,sif_abtt_fixed,10,0.001,0.21608040201005024,0.6223234431253418,0.08303590675103777,0.07783640176057816,0.0006359689286909997,0.07720043283188716,0.5530973451327433,0.6327433628318584,0.8743455497382199,0.17142857142857143,0.7654867256637168,0.5645453802584397,0.5164319248826291,213,226,191,35
Qwen/Qwen3-Embedding-0.6B,hidden,sif,24,sif_abtt_optimal,7,0.001,0.24623115577889448,0.6387337501091732,0.09417559253531678,0.08504173904657364,9.546511137159541e-06,0.08503219253543648,0.5221238938053098,0.6238938053097345,0.8481675392670157,0.14285714285714285,0.7389380530973452,0.6033593838960466,0.5492957746478874,213,226,191,35
Qwen/Qwen3-Embedding-0.6B,hidden,sif,25,sif_only,10,0.001,0.9849246231155779,0.5468495547827219,0.03180253239503758,0.9696279168128967,0.9678177833557129,0.0018101334571838379,0.504424778761062,0.6327433628318584,0.6701570680628273,0.45714285714285713,0.6371681415929203,0.5506249575578827,0.49295774647887325,213,226,191,35
Qwen/Qwen3-Embedding-0.6B,hidden,sif,25,sif_abtt_fixed,10,0.001,0.21105527638190955,0.6279798247878494,0.0868755859514073,0.07869846373796463,0.000721694843377918,0.07797676889458671,0.5486725663716814,0.6504424778761062,0.8691099476439791,0.2,0.7654867256637168,0.562874079335851,0.5164319248826291,213,226,191,35
Qwen/Qwen3-Embedding-0.6B,hidden,sif,25,sif_abtt_optimal,10,0.001,0.21105527638190955,0.6279798247878494,0.0868755859514073,0.07869846373796463,0.000721694843377918,0.07797676889458671,0.5486725663716814,0.6504424778761062,0.8691099476439791,0.2,0.7654867256637168,0.562874079335851,0.5164319248826291,213,226,191,35
Qwen/Qwen3-Embedding-0.6B,hidden,sif,26,sif_only,10,0.001,0.9849246231155779,0.5503479523937056,0.034177323444972416,0.9739508628845215,0.9723504185676575,0.0016004443168640137,0.49557522123893805,0.6061946902654868,0.7853403141361257,0.2857142857142857,0.7079646017699115,0.557736493395649,0.5164319248826291,213,226,191,35
Qwen/Qwen3-Embedding-0.6B,hidden,sif,26,sif_abtt_fixed,10,0.001,0.20100502512562815,0.6232339720007335,0.08365399424806656,0.07642166316509247,0.000808257085736841,0.07561340607935563,0.5132743362831859,0.6327433628318584,0.9528795811518325,0.05714285714285714,0.8141592920353983,0.5586390156200307,0.5070422535211268,213,226,191,35
Qwen/Qwen3-Embedding-0.6B,hidden,sif,26,sif_abtt_optimal,1,0.001,0.3065326633165829,0.6968188613949615,0.1336050735989677,0.1328396499156952,-0.0007620756514370441,0.13360172556713223,0.5398230088495575,0.6150442477876106,0.9214659685863874,0.08571428571428572,0.7920353982300885,0.645915222681245,0.5164319248826291,213,226,191,35
Qwen/Qwen3-Embedding-0.6B,hidden,sif,27,sif_only,10,0.001,0.9899497487437187,0.5676041101665008,0.045891191789680326,0.9816553592681885,0.980238139629364,0.0014172196388244629,0.4690265486725664,0.6150442477876106,0.7120418848167539,0.37142857142857144,0.6592920353982301,0.5725279997151539,0.47417840375586856,213,226,191,35
Qwen/Qwen3-Embedding-0.6B,hidden,sif,27,sif_abtt_fixed,10,0.001,0.20603015075376885,0.6278842277158512,0.08681069250692108,0.07836342602968216,0.0008294130675494671,0.07753401296213269,0.5176991150442478,0.6460176991150443,0.900523560209424,0.11428571428571428,0.7787610619469026,0.5617104564111256,0.5164319248826291,213,226,191,35
Qwen/Qwen3-Embedding-0.6B,hidden,sif,27,sif_abtt_optimal,10,0.001,0.20603015075376885,0.6278842277158512,0.08681069250692108,0.07836342602968216,0.0008294130675494671,0.07753401296213269,0.5176991150442478,0.6460176991150443,0.900523560209424,0.11428571428571428,0.7787610619469026,0.5617104564111256,0.5164319248826291,213,226,191,35
Qwen/Qwen3-Embedding-0.6B,hidden,sif,28,sif_only,10,0.001,0.9246231155778895,0.5454692788959372,0.030865570050238492,0.8962094783782959,0.8904925584793091,0.005716919898986816,0.4823008849557522,0.5575221238938053,0.9685863874345549,0.08571428571428572,0.831858407079646,0.5402168805141156,0.4460093896713615,213,226,191,35
Qwen/Qwen3-Embedding-0.6B,hidden,sif,28,sif_abtt_fixed,10,0.001,0.21608040201005024,0.6224647237538702,0.08313181122200582,0.078578881919384,0.0010195003123953938,0.07755938160698861,0.5309734513274337,0.6371681415929203,0.9267015706806283,0.05714285714285714,0.7920353982300885,0.567450159454141,0.5258215962441315,213,226,191,35
Qwen/Qwen3-Embedding-0.6B,hidden,sif,28,sif_abtt_optimal,10,0.001,0.21608040201005024,0.6224647237538702,0.08313181122200582,0.078578881919384,0.0010195003123953938,0.07755938160698861,0.5309734513274337,0.6371681415929203,0.9267015706806283,0.05714285714285714,0.7920353982300885,0.567450159454141,0.5258215962441315,213,226,191,35
KaLM-Embedding/KaLM-embedding-multilingual-mini-instruct-v2.5,hidden,mean,1,baseline,10,0.001,0.9698492462311558,0.5043740393964679,0.0029691964041332767,0.9401941299438477,0.9394811391830444,0.0007129907608032227,0.3230088495575221,0.5132743362831859,0.675392670157068,0.2,0.6017699115044248,0.5156068388114836,0.352112676056338,213,226,191,35
KaLM-Embedding/KaLM-embedding-multilingual-mini-instruct-v2.5,hidden,mean,1,abtt_fixed,10,0.001,0.24120603015075376,0.6235906179671897,0.08389609355837872,0.07914993166923523,0.0011381205404177308,0.0780118111288175,0.5353982300884956,0.7345132743362832,0.8429319371727748,0.2571428571428571,0.7522123893805309,0.5548578513934848,0.5164319248826291,213,226,191,35
KaLM-Embedding/KaLM-embedding-multilingual-mini-instruct-v2.5,hidden,mean,1,abtt_optimal,2,0.001,0.25125628140703515,0.6569052307108233,0.10651080261621222,0.10197477042675018,0.002203964162617922,0.09977080626413226,0.5088495575221239,0.5973451327433629,0.9267015706806283,0.02857142857142857,0.7876106194690266,0.625426745164385,0.5258215962441315,213,226,191,35
KaLM-Embedding/KaLM-embedding-multilingual-mini-instruct-v2.5,hidden,mean,1,whitening,10,0.001,0.005025125628140704,0.5116612112281964,0.007916177861311977,0.03830007091164589,-0.005890416447073221,0.04419048735871911,0.2168141592920354,0.3230088495575221,1.0,0.0,0.8451327433628318,0.5571824588658519,0.06572769953051644,213,226,191,35
KaLM-Embedding/KaLM-embedding-multilingual-mini-instruct-v2.5,hidden,mean,2,baseline,10,0.001,0.9748743718592965,0.5240870983190707,0.01635086455182856,0.9579846262931824,0.9562453031539917,0.0017393231391906738,0.29646017699115046,0.45132743362831856,0.7853403141361257,0.14285714285714285,0.6858407079646017,0.5448266184335171,0.323943661971831,213,226,191,35
KaLM-Embedding/KaLM-embedding-multilingual-mini-instruct-v2.5,hidden,mean,2,abtt_fixed,10,0.001,0.17587939698492464,0.6331356008813784,0.09037544282249856,0.07946253567934036,0.0015961738536134362,0.07786636182572693,0.5132743362831859,0.5973451327433629,0.9790575916230366,0.0,0.827433628318584,0.553193306688848,0.49765258215962443,213,226,191,35
KaLM-Embedding/KaLM-embedding-multilingual-mini-instruct-v2.5,hidden,mean,2,abtt_optimal,2,0.001,0.23115577889447236,0.6605856776974327,0.10900917287933563,0.10081000626087189,0.001132666482590139,0.09967733977828175,0.5309734513274337,0.6061946902654868,0.9685863874345549,0.02857142857142857,0.8230088495575221,0.6143361668188131,0.5492957746478874,213,226,191,35
KaLM-Embedding/KaLM-embedding-multilingual-mini-instruct-v2.5,hidden,mean,2,whitening,10,0.001,0.0,0.5102119467253995,0.006932363481614844,0.00295921484939754,-0.003440244821831584,0.006399459671229124,0.1902654867256637,0.26991150442477874,1.0,0.0,0.8451327433628318,0.5044258652286411,0.10328638497652583,213,226,191,35
KaLM-Embedding/KaLM-embedding-multilingual-mini-instruct-v2.5,hidden,mean,3,baseline,10,0.001,0.964824120603015,0.5201408689125251,0.013672075198735865,0.9371881484985352,0.933814287185669,0.003373861312866211,0.3053097345132743,0.4247787610619469,0.806282722513089,0.11428571428571428,0.6991150442477876,0.5555552459640598,0.30985915492957744,213,226,191,35
KaLM-Embedding/KaLM-embedding-multilingual-mini-instruct-v2.5,hidden,mean,3,abtt_fixed,10,0.001,0.18592964824120603,0.6209806527318121,0.08212439040514902,0.07333123683929443,0.000688796048052609,0.07264244079124182,0.5088495575221239,0.6327433628318584,0.9685863874345549,0.0,0.8185840707964602,0.5517717885686468,0.48826291079812206,213,226,191,35
KaLM-Embedding/KaLM-embedding-multilingual-mini-instruct-v2.5,hidden,mean,3,abtt_optimal,5,0.001,0.1457286432160804,0.6639717396846208,0.11130770797796796,0.09439494460821152,0.00020886740821879357,0.09418607719999272,0.5176991150442478,0.6194690265486725,1.0,0.0,0.8451327433628318,0.6291893174626978,0.49765258215962443,213,226,191,35
KaLM-Embedding/KaLM-embedding-multilingual-mini-instruct-v2.5,hidden,mean,3,whitening,10,0.001,0.0,0.5012329121744503,0.0008369516190683648,-0.014744924381375313,0.012045261450111866,-0.02679018583148718,0.2168141592920354,0.2743362831858407,1.0,0.0,0.8451327433628318,0.4404346921041067,0.004694835680751174,213,226,191,35
KaLM-Embedding/KaLM-embedding-multilingual-mini-instruct-v2.5,hidden,mean,4,baseline,10,0.001,0.964824120603015,0.523694799841566,0.016084563514116364,0.9384794235229492,0.9350835680961609,0.00339585542678833,0.30973451327433627,0.4469026548672566,0.8534031413612565,0.14285714285714285,0.7433628318584071,0.5654796616387419,0.3145539906103286,213,226,191,35
KaLM-Embedding/KaLM-embedding-multilingual-mini-instruct-v2.5,hidden,mean,4,abtt_fixed,10,0.001,0.1708542713567839,0.6313519681958653,0.08916467280520453,0.07705136388540268,-0.00014161989383865148,0.07719298377924133,0.5265486725663717,0.6017699115044248,0.9895287958115183,0.0,0.8362831858407079,0.5546963925790689,0.47417840375586856,213,226,191,35
KaLM-Embedding/KaLM-embedding-multilingual-mini-instruct-v2.5,hidden,mean,4,abtt_optimal,7,0.001,0.1407035175879397,0.6473587975249987,0.10003046887502431,0.08786609768867493,-8.118750702124089e-05,0.08794728519569617,0.5442477876106194,0.6061946902654868,1.0,0.0,0.8451327433628318,0.624285338854166,0.49295774647887325,213,226,191,35
KaLM-Embedding/KaLM-embedding-multilingual-mini-instruct-v2.5,hidden,mean,4,whitening,10,0.001,0.02512562814070352,0.5129348720070825,0.008780776131346682,0.012919561006128788,-0.00443734135478735,0.017356902360916138,0.2168141592920354,0.3230088495575221,1.0,0.0,0.8451327433628318,0.5367147678151727,0.004694835680751174,213,226,191,35
KaLM-Embedding/KaLM-embedding-multilingual-mini-instruct-v2.5,hidden,mean,5,baseline,10,0.001,0.9698492462311558,0.5139434150738655,0.009465104025282318,0.9362232685089111,0.9331232905387878,0.003099977970123291,0.28761061946902655,0.4424778761061947,0.7905759162303665,0.11428571428571428,0.6858407079646017,0.5571638176221594,0.3004694835680751,213,226,191,35
KaLM-Embedding/KaLM-embedding-multilingual-mini-instruct-v2.5,hidden,mean,5,abtt_fixed,10,0.001,0.16080402010050251,0.635554190688805,0.09201723602735969,0.08014874905347824,-0.00032432054285891354,0.08047306959633715,0.5265486725663717,0.588495575221239,0.9947643979057592,0.0,0.8407079646017699,0.5755439112988474,0.49295774647887325,213,226,191,35
KaLM-Embedding/KaLM-embedding-multilingual-mini-instruct-v2.5,hidden,mean,5,abtt_optimal,7,0.001,0.1407035175879397,0.6462079666966067,0.09924925900295667,0.0898241177201271,3.754416684387252e-05,0.08978657355328323,0.5309734513274337,0.6327433628318584,1.0,0.0,0.8451327433628318,0.6276804370059854,0.5117370892018779,213,226,191,35
KaLM-Embedding/KaLM-embedding-multilingual-mini-instruct-v2.5,hidden,mean,5,whitening,10,0.001,0.0,0.5039196612358828,0.0026607764509280394,0.012625394389033318,-0.004425725433975458,0.017051119823008776,0.22123893805309736,0.3230088495575221,1.0,0.0,0.8451327433628318,0.5300444080781287,0.018779342723004695,213,226,191,35
KaLM-Embedding/KaLM-embedding-multilingual-mini-instruct-v2.5,hidden,mean,6,baseline,10,0.001,0.9698492462311558,0.5258199110693433,0.017527136852765888,0.935886025428772,0.931803286075592,0.004082739353179932,0.2920353982300885,0.45132743362831856,0.7696335078534031,0.14285714285714285,0.672566371681416,0.5623103296605316,0.323943661971831,213,226,191,35
KaLM-Embedding/KaLM-embedding-multilingual-mini-instruct-v2.5,hidden,mean,6,abtt_fixed,10,0.001,0.22613065326633167,0.6469608389595816,0.099760325642514,0.0839746817946434,-0.00046709622256457806,0.08444177801720798,0.5176991150442478,0.6548672566371682,0.8848167539267016,0.05714285714285714,0.7566371681415929,0.5850317618682708,0.5305164319248826,213,226,191,35
KaLM-Embedding/KaLM-embedding-multilingual-mini-instruct-v2.5,hidden,mean,6,abtt_optimal,10,0.001,0.22613065326633167,0.6469608389595816,0.099760325642514,0.0839746817946434,-0.00046709622256457806,0.08444177801720798,0.5176991150442478,0.6548672566371682,0.8848167539267016,0.05714285714285714,0.7566371681415929,0.5850317618682708,0.5305164319248826,213,226,191,35
KaLM-Embedding/KaLM-embedding-multilingual-mini-instruct-v2.5,hidden,mean,6,whitening,10,0.001,0.0,0.5251424327887724,0.017067853985446246,0.06767717003822327,0.01347192283719778,0.054205247201025486,0.19469026548672566,0.24778761061946902,1.0,0.0,0.8451327433628318,0.4463056235848621,0.04225352112676056,213,226,191,35
KaLM-Embedding/KaLM-embedding-multilingual-mini-instruct-v2.5,hidden,mean,7,baseline,10,0.001,0.9597989949748744,0.5338912770028492,0.023006161738829398,0.9265041351318359,0.9209909439086914,0.005513191223144531,0.35398230088495575,0.5442477876106194,0.837696335078534,0.11428571428571428,0.7256637168141593,0.5604854603970476,0.36619718309859156,213,226,191,35
KaLM-Embedding/KaLM-embedding-multilingual-mini-instruct-v2.5,hidden,mean,7,abtt_fixed,10,0.001,0.17587939698492464,0.6432059044103405,0.09721139154516824,0.08389706164598465,-0.0011164548341184855,0.08501351648010314,0.5265486725663717,0.6194690265486725,1.0,0.0,0.8451327433628318,0.581886051995163,0.4788732394366197,213,226,191,35
KaLM-Embedding/KaLM-embedding-multilingual-mini-instruct-v2.5,hidden,mean,7,abtt_optimal,2,0.001,0.4020100502512563,0.6706425057857781,0.11583597416947802,0.12245926260948181,-0.0019747591577470303,0.12443402176722884,0.5265486725663717,0.6238938053097345,0.837696335078534,0.2571428571428571,0.7477876106194691,0.6292916963566282,0.5023474178403756,213,226,191,35
KaLM-Embedding/KaLM-embedding-multilingual-mini-instruct-v2.5,hidden,mean,7,whitening,10,0.001,0.0,0.5072644307667714,0.004931382312677884,-0.01080817636102438,0.0010655641090124846,-0.011873740470036864,0.19911504424778761,0.26991150442477874,1.0,0.0,0.8451327433628318,0.46959551509430325,0.107981220657277,213,226,191,35
KaLM-Embedding/KaLM-embedding-multilingual-mini-instruct-v2.5,hidden,mean,8,baseline,10,0.001,0.9547738693467337,0.531750897637572,0.021553224044617295,0.9259110689163208,0.921006441116333,0.004904627799987793,0.415929203539823,0.5663716814159292,0.9057591623036649,0.11428571428571428,0.7831858407079646,0.5619498829670173,0.38967136150234744,213,226,191,35
KaLM-Embedding/KaLM-embedding-multilingual-mini-instruct-v2.5,hidden,mean,8,abtt_fixed,10,0.001,0.20100502512562815,0.6346761922119124,0.09142123089715827,0.08295571804046631,-0.0009054607944563031,0.08386117883492261,0.5309734513274337,0.6415929203539823,0.9895287958115183,0.0,0.8362831858407079,0.5838586950330504,0.4788732394366197,213,226,191,35
KaLM-Embedding/KaLM-embedding-multilingual-mini-instruct-v2.5,hidden,mean,8,abtt_optimal,7,0.001,0.20100502512562815,0.6324525430835417,0.08991176781344438,0.08484302461147308,-0.00037950181285850704,0.08522252642433159,0.5398230088495575,0.6238938053097345,0.9947643979057592,0.0,0.8407079646017699,0.5998654575633813,0.48826291079812206,213,226,191,35
KaLM-Embedding/KaLM-embedding-multilingual-mini-instruct-v2.5,hidden,mean,8,whitening,10,0.001,0.0,0.5106838691442463,0.007252859768200306,0.00491719925776124,-0.0008192473324015737,0.005736446590162814,0.23008849557522124,0.2831858407079646,1.0,0.0,0.8451327433628318,0.48306657532786024,0.107981220657277,213,226,191,35
KaLM-Embedding/KaLM-embedding-multilingual-mini-instruct-v2.5,hidden,mean,9,baseline,10,0.001,0.9597989949748744,0.5658768165055093,0.04471866596342657,0.927535355091095,0.919310986995697,0.00822436809539795,0.42035398230088494,0.5707964601769911,0.8429319371727748,0.2,0.7433628318584071,0.5809928750503573,0.38497652582159625,213,226,191,35
KaLM-Embedding/KaLM-embedding-multilingual-mini-instruct-v2.5,hidden,mean,9,abtt_fixed,10,0.001,0.15577889447236182,0.6457773568767209,0.09895695136395473,0.08594544976949692,-0.0011174371466040611,0.08706288691610098,0.5442477876106194,0.6415929203539823,1.0,0.0,0.8451327433628318,0.5843317042628826,0.4647887323943662,213,226,191,35
KaLM-Embedding/KaLM-embedding-multilingual-mini-instruct-v2.5,hidden,mean,9,abtt_optimal,5,0.001,0.18090452261306533,0.6373787532627082,0.09325579017429343,0.0896671712398529,-0.0003564911021385342,0.09002366234199144,0.5309734513274337,0.6194690265486725,1.0,0.0,0.8451327433628318,0.6262175185575308,0.4835680751173709,213,226,191,35
KaLM-Embedding/KaLM-embedding-multilingual-mini-instruct-v2.5,hidden,mean,9,whitening,10,0.001,0.0,0.4964077375859165,-0.0024385400027251373,-0.03296196833252907,6.294711783993989e-05,-0.03302491545036901,0.14601769911504425,0.24336283185840707,1.0,0.0,0.8451327433628318,0.4400705467511296,0.12206572769953052,213,226,191,35
KaLM-Embedding/KaLM-embedding-multilingual-mini-instruct-v2.5,hidden,mean,10,baseline,10,0.001,0.9547738693467337,0.5697307522365606,0.04733480429164127,0.9269132614135742,0.9175739288330078,0.009339332580566406,0.415929203539823,0.5752212389380531,0.8952879581151832,0.14285714285714285,0.7787610619469026,0.5825237748597383,0.352112676056338,213,226,191,35
KaLM-Embedding/KaLM-embedding-multilingual-mini-instruct-v2.5,hidden,mean,10,abtt_fixed,10,0.001,0.18592964824120603,0.6488077598878714,0.10101405714377736,0.08527480065822601,-0.00125065294560045,0.08652545360382646,0.5353982300884956,0.6106194690265486,1.0,0.0,0.8451327433628318,0.5787276187335031,0.5164319248826291,213,226,191,35
KaLM-Embedding/KaLM-embedding-multilingual-mini-instruct-v2.5,hidden,mean,10,abtt_optimal,10,0.001,0.18592964824120603,0.6488077598878714,0.10101405714377736,0.08527480065822601,-0.00125065294560045,0.08652545360382646,0.5353982300884956,0.6106194690265486,1.0,0.0,0.8451327433628318,0.5787276187335031,0.5164319248826291,213,226,191,35
KaLM-Embedding/KaLM-embedding-multilingual-mini-instruct-v2.5,hidden,mean,10,whitening,10,0.001,0.0,0.5049521136419962,0.003361886629345153,-0.004915971774607897,-0.0014747806126251817,-0.003441191161982715,0.15486725663716813,0.20353982300884957,1.0,0.0,0.8451327433628318,0.49662955957793264,0.09859154929577464,213,226,191,35
KaLM-Embedding/KaLM-embedding-multilingual-mini-instruct-v2.5,hidden,mean,11,baseline,10,0.001,0.949748743718593,0.5904414570460159,0.06139369692453257,0.9294376969337463,0.9186234474182129,0.010814249515533447,0.4336283185840708,0.5575221238938053,0.93717277486911,0.14285714285714285,0.8141592920353983,0.6019360904193032,0.352112676056338,213,226,191,35
KaLM-Embedding/KaLM-embedding-multilingual-mini-instruct-v2.5,hidden,mean,11,abtt_fixed,10,0.001,0.22110552763819097,0.6396497980738458,0.09479742651445405,0.07982658594846725,-0.0007089151768013835,0.08053550112526864,0.5309734513274337,0.6460176991150443,0.9790575916230366,0.08571428571428572,0.8407079646017699,0.5810528673068438,0.5117370892018779,213,226,191,35
KaLM-Embedding/KaLM-embedding-multilingual-mini-instruct-v2.5,hidden,mean,11,abtt_optimal,10,0.001,0.22110552763819097,0.6396497980738458,0.09479742651445405,0.07982658594846725,-0.0007089151768013835,0.08053550112526864,0.5309734513274337,0.6460176991150443,0.9790575916230366,0.08571428571428572,0.8407079646017699,0.5810528673068438,0.5117370892018779,213,226,191,35
KaLM-Embedding/KaLM-embedding-multilingual-mini-instruct-v2.5,hidden,mean,11,whitening,10,0.001,0.0,0.5145731351037606,0.009893025887083268,0.046213824301958084,0.0052519142627716064,0.04096191003918648,0.18584070796460178,0.2610619469026549,1.0,0.0,0.8451327433628318,0.4607431188783179,0.03755868544600939,213,226,191,35
KaLM-Embedding/KaLM-embedding-multilingual-mini-instruct-v2.5,hidden,mean,12,baseline,10,0.001,0.9396984924623115,0.5990728695429098,0.06725289402439807,0.9176551103591919,0.9042925834655762,0.013362526893615723,0.4778761061946903,0.5929203539823009,0.9476439790575916,0.08571428571428572,0.8141592920353983,0.6051299075231572,0.4131455399061033,213,226,191,35
KaLM-Embedding/KaLM-embedding-multilingual-mini-instruct-v2.5,hidden,mean,12,abtt_fixed,10,0.001,0.1457286432160804,0.6362383966183532,0.09248169041414732,0.07928460091352463,-6.033670069882646e-05,0.07934493761422345,0.5309734513274337,0.6017699115044248,1.0,0.0,0.8451327433628318,0.5824294097279774,0.4835680751173709,213,226,191,35
KaLM-Embedding/KaLM-embedding-multilingual-mini-instruct-v2.5,hidden,mean,12,abtt_optimal,3,0.001,0.23618090452261306,0.6326803565863441,0.09006641274726877,0.09683187305927277,0.002774318680167198,0.09405755437910557,0.5176991150442478,0.6017699115044248,1.0,0.0,0.8451327433628318,0.612913243208016,0.49765258215962443,213,226,191,35
KaLM-Embedding/KaLM-embedding-multilingual-mini-instruct-v2.5,hidden,mean,12,whitening,10,0.001,0.0,0.5104367388289606,0.0070857668632054605,0.011670440435409546,-0.002710905158892274,0.01438134559430182,0.18141592920353983,0.2743362831858407,1.0,0.0,0.8451327433628318,0.4406622582919876,0.09859154929577464,213,226,191,35
KaLM-Embedding/KaLM-embedding-multilingual-mini-instruct-v2.5,hidden,mean,13,baseline,10,0.001,0.9447236180904522,0.6121080520048072,0.07610146930789798,0.9221220016479492,0.9079771637916565,0.014144837856292725,0.43805309734513276,0.584070796460177,0.9267015706806283,0.11428571428571428,0.8008849557522124,0.6182404964054702,0.39906103286384975,213,226,191,35
KaLM-Embedding/KaLM-embedding-multilingual-mini-instruct-v2.5,hidden,mean,13,abtt_fixed,10,0.001,0.1708542713567839,0.6335378296910568,0.09064848479293171,0.0776439979672432,-0.0005240461323410273,0.07816804409958422,0.5088495575221239,0.6017699115044248,1.0,0.0,0.8451327433628318,0.5811013690612659,0.49295774647887325,213,226,191,35
KaLM-Embedding/KaLM-embedding-multilingual-mini-instruct-v2.5,hidden,mean,13,abtt_optimal,10,0.001,0.1708542713567839,0.6335378296910568,0.09064848479293171,0.0776439979672432,-0.0005240461323410273,0.07816804409958422,0.5088495575221239,0.6017699115044248,1.0,0.0,0.8451327433628318,0.5811013690612659,0.49295774647887325,213,226,191,35
KaLM-Embedding/KaLM-embedding-multilingual-mini-instruct-v2.5,hidden,mean,13,whitening,10,0.001,0.0,0.5061852675283859,0.004198989434113622,-0.02849496528506279,-0.0034400823060423136,-0.025054882979020476,0.17256637168141592,0.252212389380531,1.0,0.0,0.8451327433628318,0.5111851900546301,0.004694835680751174,213,226,191,35
KaLM-Embedding/KaLM-embedding-multilingual-mini-instruct-v2.5,hidden,mean,14,baseline,10,0.001,0.9447236180904522,0.6219299360881404,0.0827687853187124,0.9266338348388672,0.9118131399154663,0.014820694923400879,0.46017699115044247,0.5796460176991151,0.9528795811518325,0.11428571428571428,0.8230088495575221,0.6327335455640571,0.4225352112676056,213,226,191,35
KaLM-Embedding/KaLM-embedding-multilingual-mini-instruct-v2.5,hidden,mean,14,abtt_fixed,10,0.001,0.20603015075376885,0.6308279165687734,0.08880893476410504,0.07611583173274994,-0.00048243271885439754,0.07659826445160434,0.5265486725663717,0.6238938053097345,0.9790575916230366,0.02857142857142857,0.831858407079646,0.5757151345742451,0.49765258215962443,213,226,191,35
KaLM-Embedding/KaLM-embedding-multilingual-mini-instruct-v2.5,hidden,mean,14,abtt_optimal,3,0.001,0.2914572864321608,0.6282849861112321,0.0870827363269315,0.09143853932619095,0.0023073269985616207,0.08913121232762933,0.5088495575221239,0.5973451327433629,0.9581151832460733,0.05714285714285714,0.8185840707964602,0.6165823133951095,0.5023474178403756,213,226,191,35
KaLM-Embedding/KaLM-embedding-multilingual-mini-instruct-v2.5,hidden,mean,14,whitening,10,0.001,0.0,0.5292891823916397,0.019883606511789005,0.07768203318119049,-0.007865024730563164,0.08554705791175365,0.17256637168141592,0.2831858407079646,1.0,0.0,0.8451327433628318,0.5217661917571478,0.03755868544600939,213,226,191,35
KaLM-Embedding/KaLM-embedding-multilingual-mini-instruct-v2.5,hidden,mean,15,baseline,10,0.001,0.9447236180904522,0.6267102126839469,0.08601374467865484,0.9233010411262512,0.9077122807502747,0.015588760375976562,0.4690265486725664,0.5752212389380531,0.93717277486911,0.14285714285714285,0.8141592920353983,0.6321147844936612,0.43661971830985913,213,226,191,35
KaLM-Embedding/KaLM-embedding-multilingual-mini-instruct-v2.5,hidden,mean,15,abtt_fixed,10,0.001,0.22613065326633167,0.6228708803825623,0.08340751948429091,0.07409891486167908,0.00025667398585937917,0.0738422408758197,0.5132743362831859,0.6371681415929203,0.9633507853403142,0.0,0.8141592920353983,0.5768668971309597,0.49295774647887325,213,226,191,35
KaLM-Embedding/KaLM-embedding-multilingual-mini-instruct-v2.5,hidden,mean,15,abtt_optimal,7,0.001,0.22110552763819097,0.6396532424689811,0.09479976464737214,0.08175235986709595,-0.00024385126016568393,0.08199621112726163,0.5176991150442478,0.6061946902654868,0.9842931937172775,0.0,0.831858407079646,0.589186219465532,0.49295774647887325,213,226,191,35
KaLM-Embedding/KaLM-embedding-multilingual-mini-instruct-v2.5,hidden,mean,15,whitening,10,0.001,0.0,0.4993643378849304,-0.00043154201957660307,-0.010824107564985752,-0.002129788277670741,-0.008694319287315011,0.18584070796460178,0.25663716814159293,1.0,0.0,0.8451327433628318,0.49375333403328403,0.014084507042253521,213,226,191,35
KaLM-Embedding/KaLM-embedding-multilingual-mini-instruct-v2.5,hidden,mean,16,baseline,10,0.001,0.949748743718593,0.6283489390618417,0.08712614903254907,0.9198743104934692,0.9037543535232544,0.016119956970214844,0.4557522123893805,0.5796460176991151,0.8586387434554974,0.17142857142857143,0.7522123893805309,0.6289764472817492,0.4413145539906103,213,226,191,35
KaLM-Embedding/KaLM-embedding-multilingual-mini-instruct-v2.5,hidden,mean,16,abtt_fixed,10,0.001,0.21105527638190955,0.6281304918966878,0.08697786217641003,0.07713323831558228,0.00030826975125819445,0.07682496856432408,0.5088495575221239,0.6238938053097345,0.9738219895287958,0.0,0.8230088495575221,0.5795580664138198,0.4647887323943662,213,226,191,35
KaLM-Embedding/KaLM-embedding-multilingual-mini-instruct-v2.5,hidden,mean,16,abtt_optimal,7,0.001,0.24120603015075376,0.6408267942196684,0.09559639799295179,0.08418156951665878,-7.813971751602367e-05,0.0842597092341748,0.5132743362831859,0.6061946902654868,0.9738219895287958,0.0,0.8230088495575221,0.5947682116690536,0.49295774647887325,213,226,191,35
KaLM-Embedding/KaLM-embedding-multilingual-mini-instruct-v2.5,hidden,mean,16,whitening,10,0.001,0.0,0.5500617050295742,0.03398714931288792,0.16446740925312042,-0.00816905964165926,0.17263646889477968,0.168141592920354,0.23008849557522124,1.0,0.0,0.8451327433628318,0.5503092153284087,0.10328638497652583,213,226,191,35
KaLM-Embedding/KaLM-embedding-multilingual-mini-instruct-v2.5,hidden,mean,17,baseline,10,0.001,0.949748743718593,0.6266963948180828,0.08600436480021233,0.9167068600654602,0.9006518125534058,0.016055047512054443,0.4911504424778761,0.6106194690265486,0.8219895287958116,0.2857142857142857,0.7389380530973452,0.6292408767756092,0.4835680751173709,213,226,191,35
KaLM-Embedding/KaLM-embedding-multilingual-mini-instruct-v2.5,hidden,mean,17,abtt_fixed,10,0.001,0.21105527638190955,0.63831681715652,0.09389256906163268,0.07829327881336212,-0.00042304801172576845,0.07871632682508789,0.5309734513274337,0.6238938053097345,0.9738219895287958,0.02857142857142857,0.827433628318584,0.5722670962766483,0.4788732394366197,213,226,191,35
KaLM-Embedding/KaLM-embedding-multilingual-mini-instruct-v2.5,hidden,mean,17,abtt_optimal,5,0.001,0.19597989949748745,0.62522102542584,0.08500285084250919,0.08280353993177414,0.0004743838799186051,0.08232915605185553,0.5265486725663717,0.5929203539823009,1.0,0.0,0.8451327433628318,0.6118643033843671,0.5070422535211268,213,226,191,35
KaLM-Embedding/KaLM-embedding-multilingual-mini-instruct-v2.5,hidden,mean,17,whitening,10,0.001,0.0,0.5219774969407325,0.014920494391351862,0.05424508452415466,0.011558599770069122,0.04268648475408554,0.17256637168141592,0.2920353982300885,1.0,0.0,0.8451327433628318,0.5244299169867939,0.1643192488262911,213,226,191,35
KaLM-Embedding/KaLM-embedding-multilingual-mini-instruct-v2.5,hidden,mean,18,baseline,10,0.001,0.9547738693467337,0.6170624820528885,0.07946464795197485,0.9301756620407104,0.9186291694641113,0.011546492576599121,0.5088495575221239,0.6017699115044248,0.9162303664921466,0.22857142857142856,0.8097345132743363,0.6144694665058522,0.5305164319248826,213,226,191,35
KaLM-Embedding/KaLM-embedding-multilingual-mini-instruct-v2.5,hidden,mean,18,abtt_fixed,10,0.001,0.19597989949748745,0.64319551079695,0.09720433612661117,0.08421267569065094,-0.0005864306003786623,0.0847991062910296,0.5265486725663717,0.6371681415929203,1.0,0.0,0.8451327433628318,0.5792553434656547,0.49765258215962443,213,226,191,35
KaLM-Embedding/KaLM-embedding-multilingual-mini-instruct-v2.5,hidden,mean,18,abtt_optimal,2,0.001,0.30150753768844224,0.6498213587627185,0.10170211087645716,0.11138561367988586,0.0018603155622258782,0.10952529811765999,0.5176991150442478,0.6238938053097345,0.9790575916230366,0.08571428571428572,0.8407079646017699,0.6363806950294011,0.5164319248826291,213,226,191,35
KaLM-Embedding/KaLM-embedding-multilingual-mini-instruct-v2.5,hidden,mean,18,whitening,10,0.001,0.0,0.5234005356981141,0.01588583723414721,0.03973477706313133,-0.0059364489279687405,0.04567122599110007,0.22123893805309736,0.28761061946902655,1.0,0.0,0.8451327433628318,0.5122861823457855,0.07981220657276995,213,226,191,35
KaLM-Embedding/KaLM-embedding-multilingual-mini-instruct-v2.5,hidden,mean,19,baseline,10,0.001,0.9547738693467337,0.6067796130159623,0.07248440497727197,0.9278913140296936,0.9174450039863586,0.010446310043334961,0.5221238938053098,0.6194690265486725,0.8952879581151832,0.22857142857142856,0.7920353982300885,0.613210294878338,0.5305164319248826,213,226,191,35
KaLM-Embedding/KaLM-embedding-multilingual-mini-instruct-v2.5,hidden,mean,19,abtt_fixed,10,0.001,0.21608040201005024,0.6321675647070918,0.08971831807649804,0.08110971003770828,-0.0007658589165657759,0.08187556895427406,0.5176991150442478,0.6283185840707964,0.9790575916230366,0.02857142857142857,0.831858407079646,0.5742190021638144,0.4835680751173709,213,226,191,35
KaLM-Embedding/KaLM-embedding-multilingual-mini-instruct-v2.5,hidden,mean,19,abtt_optimal,1,0.001,0.3165829145728643,0.6445273838678873,0.09810844154810329,0.11281106621026993,0.00011105780868092552,0.112700008401589,0.5088495575221239,0.6283185840707964,0.9319371727748691,0.05714285714285714,0.7964601769911505,0.6277518211336174,0.5258215962441315,213,226,191,35
KaLM-Embedding/KaLM-embedding-multilingual-mini-instruct-v2.5,hidden,mean,19,whitening,10,0.001,0.0,0.5056880459265577,0.0038614684784616746,0.012791567482054234,-0.0022116447798907757,0.01500321226194501,0.18141592920353983,0.25663716814159293,1.0,0.0,0.8451327433628318,0.48404898859663836,0.051643192488262914,213,226,191,35
KaLM-Embedding/KaLM-embedding-multilingual-mini-instruct-v2.5,hidden,mean,20,baseline,10,0.001,0.9597989949748744,0.6249079480364451,0.08479032686697058,0.9364064335823059,0.9256118535995483,0.010794579982757568,0.5176991150442478,0.6327433628318584,0.8900523560209425,0.22857142857142856,0.7876106194690266,0.6266854482950339,0.5117370892018779,213,226,191,35
KaLM-Embedding/KaLM-embedding-multilingual-mini-instruct-v2.5,hidden,mean,20,abtt_fixed,10,0.001,0.21105527638190955,0.6249494822046836,0.08481852119147062,0.07843036949634552,-0.00017856457270681858,0.07860893406905234,0.5265486725663717,0.6150442477876106,1.0,0.0,0.8451327433628318,0.5535943400055342,0.4835680751173709,213,226,191,35
KaLM-Embedding/KaLM-embedding-multilingual-mini-instruct-v2.5,hidden,mean,20,abtt_optimal,1,0.001,0.32663316582914576,0.6459118292856252,0.09904823426210121,0.11714812368154526,2.4030498025240377e-05,0.11712409318352002,0.504424778761062,0.6061946902654868,0.9319371727748691,0.05714285714285714,0.7964601769911505,0.627757936250596,0.5211267605633803,213,226,191,35
KaLM-Embedding/KaLM-embedding-multilingual-mini-instruct-v2.5,hidden,mean,20,whitening,10,0.001,0.0,0.5201021345742503,0.013647788721738517,0.03252249211072922,0.0022226504515856504,0.030299841659143567,0.17699115044247787,0.26991150442477874,1.0,0.0,0.8451327433628318,0.5194441980041343,0.014084507042253521,213,226,191,35
KaLM-Embedding/KaLM-embedding-multilingual-mini-instruct-v2.5,hidden,mean,21,baseline,10,0.001,0.964824120603015,0.6150091592710871,0.07807080622761457,0.9494035840034485,0.9411829710006714,0.0082206130027771,0.5221238938053098,0.6327433628318584,0.9528795811518325,0.2,0.8362831858407079,0.6093016008735149,0.49765258215962443,213,226,191,35
KaLM-Embedding/KaLM-embedding-multilingual-mini-instruct-v2.5,hidden,mean,21,abtt_fixed,10,0.001,0.23618090452261306,0.6415853869985403,0.09611134784752634,0.08697487413883209,-0.00039209783426485956,0.08736697197309695,0.5398230088495575,0.6504424778761062,0.9738219895287958,0.08571428571428572,0.8362831858407079,0.5807909282436886,0.49295774647887325,213,226,191,35
KaLM-Embedding/KaLM-embedding-multilingual-mini-instruct-v2.5,hidden,mean,21,abtt_optimal,2,0.001,0.33668341708542715,0.6451317845721392,0.09851872235150823,0.11497872322797775,0.0005829207948409021,0.11439580243313685,0.504424778761062,0.6327433628318584,0.9162303664921466,0.08571428571428572,0.7876106194690266,0.629780831741718,0.5211267605633803,213,226,191,35
KaLM-Embedding/KaLM-embedding-multilingual-mini-instruct-v2.5,hidden,mean,21,whitening,10,0.001,0.0,0.5076627519000976,0.005201916475967371,-0.018656574189662933,-0.0038515778724104166,-0.014804996317252517,0.17699115044247787,0.23008849557522124,1.0,0.0,0.8451327433628318,0.49026776667100475,0.06103286384976526,213,226,191,35
KaLM-Embedding/KaLM-embedding-multilingual-mini-instruct-v2.5,hidden,mean,22,baseline,10,0.001,0.9547738693467337,0.6194699128257835,0.08109886615375637,0.9384043216705322,0.9292091131210327,0.009195208549499512,0.5530973451327433,0.6283185840707964,0.9633507853403142,0.17142857142857143,0.8407079646017699,0.6249898595086395,0.5070422535211268,213,226,191,35
KaLM-Embedding/KaLM-embedding-multilingual-mini-instruct-v2.5,hidden,mean,22,abtt_fixed,10,0.001,0.18090452261306533,0.6399990516834915,0.09503450772649064,0.08188144117593765,0.0006378900143317878,0.08124355116160586,0.5353982300884956,0.6283185840707964,0.9842931937172775,0.0,0.831858407079646,0.560583252953244,0.48826291079812206,213,226,191,35
KaLM-Embedding/KaLM-embedding-multilingual-mini-instruct-v2.5,hidden,mean,22,abtt_optimal,2,0.001,0.33668341708542715,0.6460368547862347,0.09913310438635135,0.10911066830158234,0.0005383602692745626,0.10857230803230777,0.5309734513274337,0.668141592920354,0.8429319371727748,0.22857142857142856,0.7477876106194691,0.6262578586034049,0.5633802816901409,213,226,191,35
KaLM-Embedding/KaLM-embedding-multilingual-mini-instruct-v2.5,hidden,mean,22,whitening,10,0.001,0.0,0.5124249605284403,0.00843563808838852,0.05791206657886505,-0.001805235049687326,0.05971730162855238,0.1504424778761062,0.22566371681415928,1.0,0.0,0.8451327433628318,0.5369511121548454,0.004694835680751174,213,226,191,35
KaLM-Embedding/KaLM-embedding-multilingual-mini-instruct-v2.5,hidden,mean,23,baseline,10,0.001,0.949748743718593,0.6217821493799123,0.08266846437657432,0.9328890442848206,0.923262894153595,0.009626150131225586,0.5265486725663717,0.6327433628318584,0.9476439790575916,0.11428571428571428,0.8185840707964602,0.6364060431755861,0.5352112676056338,213,226,191,35
KaLM-Embedding/KaLM-embedding-multilingual-mini-instruct-v2.5,hidden,mean,23,abtt_fixed,10,0.001,0.19597989949748745,0.6307570949705545,0.0887608594689909,0.07603506743907928,0.0007283456507138908,0.0753067217883654,0.5309734513274337,0.668141592920354,0.9267015706806283,0.0,0.7831858407079646,0.563599608376073,0.5258215962441315,213,226,191,35
KaLM-Embedding/KaLM-embedding-multilingual-mini-instruct-v2.5,hidden,mean,23,abtt_optimal,10,0.001,0.19597989949748745,0.6307570949705545,0.0887608594689909,0.07603506743907928,0.0007283456507138908,0.0753067217883654,0.5309734513274337,0.668141592920354,0.9267015706806283,0.0,0.7831858407079646,0.563599608376073,0.5258215962441315,213,226,191,35
KaLM-Embedding/KaLM-embedding-multilingual-mini-instruct-v2.5,hidden,mean,23,whitening,10,0.001,0.0,0.5208274315334818,0.014139391669502116,-0.0009801521664485335,-0.004260609857738018,0.0032804576912894845,0.20353982300884957,0.29646017699115046,1.0,0.0,0.8451327433628318,0.5329754970714754,0.1596244131455399,213,226,191,35
KaLM-Embedding/KaLM-embedding-multilingual-mini-instruct-v2.5,hidden,mean,24,baseline,10,0.001,0.7487437185929648,0.6163939269714107,0.07901081771069535,0.6577357649803162,0.6151661276817322,0.042569637298583984,0.5796460176991151,0.6637168141592921,0.8900523560209425,0.3142857142857143,0.8008849557522124,0.6218648621285233,0.49765258215962443,213,226,191,35
KaLM-Embedding/KaLM-embedding-multilingual-mini-instruct-v2.5,hidden,mean,24,abtt_fixed,10,0.001,0.11557788944723618,0.631163855879095,0.08903697793003647,0.07217580080032349,0.00021112328977324069,0.07196467751055025,0.5309734513274337,0.6061946902654868,1.0,0.0,0.8451327433628318,0.5666199830088516,0.47417840375586856,213,226,191,35
KaLM-Embedding/KaLM-embedding-multilingual-mini-instruct-v2.5,hidden,mean,24,abtt_optimal,2,0.001,0.19597989949748745,0.6390970431539605,0.09442220403196201,0.09123039245605469,0.000707432918716222,0.09052295953733847,0.5176991150442478,0.6238938053097345,0.9895287958115183,0.0,0.8362831858407079,0.5942427554480391,0.5164319248826291,213,226,191,35
KaLM-Embedding/KaLM-embedding-multilingual-mini-instruct-v2.5,hidden,mean,24,whitening,10,0.001,0.0,0.5162160310126086,0.011033999765546606,0.032258737832307816,0.0021988097578287125,0.030059928074479103,0.10176991150442478,0.168141592920354,1.0,0.0,0.8451327433628318,0.49102749598239276,0.018779342723004695,213,226,191,35
KaLM-Embedding/KaLM-embedding-multilingual-mini-instruct-v2.5,hidden,sif,1,sif_only,10,0.001,0.7939698492462312,0.4658164529771982,-0.02320456120746831,0.9080555438995361,0.9113141894340515,-0.003258645534515381,0.415929203539823,0.5088495575221239,1.0,0.0,0.8451327433628318,0.4804735438094131,0.45539906103286387,213,226,191,35
KaLM-Embedding/KaLM-embedding-multilingual-mini-instruct-v2.5,hidden,sif,1,sif_abtt_fixed,10,0.001,0.17587939698492464,0.6204722720954524,0.08177929018524352,0.07226654142141342,0.0010202471166849136,0.07124629430472851,0.5265486725663717,0.6061946902654868,0.9790575916230366,0.0,0.827433628318584,0.5408758336840074,0.4835680751173709,213,226,191,35
KaLM-Embedding/KaLM-embedding-multilingual-mini-instruct-v2.5,hidden,sif,1,sif_abtt_optimal,1,0.001,0.16080402010050251,0.6665000868551567,0.11302400695159748,0.09509236365556717,0.001433578785508871,0.0936587848700583,0.5221238938053098,0.588495575221239,1.0,0.0,0.8451327433628318,0.6327571430114298,0.5070422535211268,213,226,191,35
KaLM-Embedding/KaLM-embedding-multilingual-mini-instruct-v2.5,hidden,sif,2,sif_only,10,0.001,0.964824120603015,0.4883356062312693,-0.007918053061523695,0.9378450512886047,0.9380319714546204,-0.000186920166015625,0.30973451327433627,0.47345132743362833,0.7225130890052356,0.17142857142857143,0.6371681415929203,0.5107157068801527,0.3615023474178404,213,226,191,35
KaLM-Embedding/KaLM-embedding-multilingual-mini-instruct-v2.5,hidden,sif,2,sif_abtt_fixed,10,0.001,0.19095477386934673,0.6161669594603958,0.07885674705400703,0.07173410058021545,0.0015145497163757682,0.07021955086383969,0.5309734513274337,0.6460176991150443,0.9214659685863874,0.02857142857142857,0.7831858407079646,0.5435957292220284,0.5070422535211268,213,226,191,35
KaLM-Embedding/KaLM-embedding-multilingual-mini-instruct-v2.5,hidden,sif,2,sif_abtt_optimal,2,0.001,0.21105527638190955,0.6483574706875932,0.10070839069833556,0.08762357383966446,0.0011140367714688182,0.08650953706819564,0.5221238938053098,0.6061946902654868,0.9319371727748691,0.02857142857142857,0.7920353982300885,0.6094418047248846,0.5211267605633803,213,226,191,35
KaLM-Embedding/KaLM-embedding-multilingual-mini-instruct-v2.5,hidden,sif,3,sif_only,10,0.001,0.949748743718593,0.49031826855614496,-0.006572177244570781,0.9066944718360901,0.9051907062530518,0.00150376558303833,0.35398230088495575,0.47345132743362833,0.8115183246073299,0.14285714285714285,0.7079646017699115,0.5318758609554565,0.3333333333333333,213,226,191,35
KaLM-Embedding/KaLM-embedding-multilingual-mini-instruct-v2.5,hidden,sif,3,sif_abtt_fixed,10,0.001,0.16080402010050251,0.629210198986937,0.0877107916540117,0.07427772134542465,0.00037157366750761867,0.07390614767791703,0.5221238938053098,0.6106194690265486,0.9895287958115183,0.0,0.8362831858407079,0.5759032483945229,0.48826291079812206,213,226,191,35
KaLM-Embedding/KaLM-embedding-multilingual-mini-instruct-v2.5,hidden,sif,3,sif_abtt_optimal,5,0.001,0.15075376884422112,0.6503785047828347,0.1020803141366021,0.08484397083520889,0.0009189689299091697,0.08392500190529972,0.5442477876106194,0.6061946902654868,1.0,0.0,0.8451327433628318,0.616544587068589,0.5164319248826291,213,226,191,35
KaLM-Embedding/KaLM-embedding-multilingual-mini-instruct-v2.5,hidden,sif,4,sif_only,10,0.001,0.949748743718593,0.4999472866545682,-3.57830054821029e-05,0.9085649251937866,0.9065113663673401,0.002053558826446533,0.3185840707964602,0.4424778761061947,0.837696335078534,0.11428571428571428,0.7256637168141593,0.5469261254909785,0.323943661971831,213,226,191,35
KaLM-Embedding/KaLM-embedding-multilingual-mini-instruct-v2.5,hidden,sif,4,sif_abtt_fixed,10,0.001,0.17587939698492464,0.6338077010712996,0.09083167956068793,0.07584857195615768,6.642649532295763e-05,0.07578214546083473,0.5619469026548672,0.6371681415929203,0.9685863874345549,0.05714285714285714,0.827433628318584,0.5695801681233057,0.47417840375586856,213,226,191,35
KaLM-Embedding/KaLM-embedding-multilingual-mini-instruct-v2.5,hidden,sif,4,sif_abtt_optimal,7,0.001,0.1708542713567839,0.643701776453841,0.09754800065064197,0.08159118890762329,-6.785435107303783e-05,0.08165904325869633,0.5575221238938053,0.6017699115044248,0.9790575916230366,0.0,0.827433628318584,0.6038874784941446,0.5070422535211268,213,226,191,35
KaLM-Embedding/KaLM-embedding-multilingual-mini-instruct-v2.5,hidden,sif,5,sif_only,10,0.001,0.9597989949748744,0.4968307737650373,-0.002151342109113735,0.9104330539703369,0.9090225100517273,0.0014105439186096191,0.2831858407079646,0.4557522123893805,0.7958115183246073,0.11428571428571428,0.6902654867256637,0.5461473850699518,0.3192488262910798,213,226,191,35
KaLM-Embedding/KaLM-embedding-multilingual-mini-instruct-v2.5,hidden,sif,5,sif_abtt_fixed,10,0.001,0.19095477386934673,0.6360440602191458,0.09234977049181314,0.07778085023164749,8.656334830448031e-05,0.07769428688334301,0.5486725663716814,0.6327433628318584,0.9581151832460733,0.02857142857142857,0.8141592920353983,0.5718781452475407,0.49295774647887325,213,226,191,35
KaLM-Embedding/KaLM-embedding-multilingual-mini-instruct-v2.5,hidden,sif,5,sif_abtt_optimal,10,0.001,0.19095477386934673,0.6360440602191458,0.09234977049181314,0.07778085023164749,8.656334830448031e-05,0.07769428688334301,0.5486725663716814,0.6327433628318584,0.9581151832460733,0.02857142857142857,0.8141592920353983,0.5718781452475407,0.49295774647887325,213,226,191,35
KaLM-Embedding/KaLM-embedding-multilingual-mini-instruct-v2.5,hidden,sif,6,sif_only,10,0.001,0.9547738693467337,0.5061350720156552,0.004164624987685986,0.9103784561157227,0.9078963398933411,0.002482116222381592,0.3274336283185841,0.4823008849557522,0.8429319371727748,0.11428571428571428,0.7300884955752213,0.5502698369339948,0.323943661971831,213,226,191,35
KaLM-Embedding/KaLM-embedding-multilingual-mini-instruct-v2.5,hidden,sif,6,sif_abtt_fixed,10,0.001,0.18090452261306533,0.6461214338223327,0.0991905185399137,0.0813857838511467,-6.77407078910619e-05,0.08145352455903776,0.5265486725663717,0.6504424778761062,0.9895287958115183,0.0,0.8362831858407079,0.5754405954111866,0.48826291079812206,213,226,191,35
KaLM-Embedding/KaLM-embedding-multilingual-mini-instruct-v2.5,hidden,sif,6,sif_abtt_optimal,7,0.001,0.21608040201005024,0.6479903706797616,0.10045919494942783,0.08538815379142761,-0.0003790835035033524,0.08576723729493096,0.5309734513274337,0.6415929203539823,0.9162303664921466,0.05714285714285714,0.7831858407079646,0.6182745733879874,0.5352112676056338,213,226,191,35
KaLM-Embedding/KaLM-embedding-multilingual-mini-instruct-v2.5,hidden,sif,7,sif_only,10,0.001,0.9447236180904522,0.514278951530955,0.009692873725314709,0.8992637991905212,0.895232617855072,0.004031181335449219,0.3938053097345133,0.5530973451327433,0.8638743455497382,0.11428571428571428,0.7477876106194691,0.5509844425999366,0.3568075117370892,213,226,191,35
KaLM-Embedding/KaLM-embedding-multilingual-mini-instruct-v2.5,hidden,sif,7,sif_abtt_fixed,10,0.001,0.16080402010050251,0.6326246016990094,0.09002856507475965,0.07844212651252747,-0.0004773943219333887,0.07891952083446085,0.5221238938053098,0.584070796460177,1.0,0.0,0.8451327433628318,0.5711116350604708,0.4694835680751174,213,226,191,35
KaLM-Embedding/KaLM-embedding-multilingual-mini-instruct-v2.5,hidden,sif,7,sif_abtt_optimal,7,0.001,0.18592964824120603,0.6361635867731359,0.0924309078072094,0.08168771117925644,-0.0008436259813606739,0.08253133716061711,0.5442477876106194,0.6194690265486725,0.9842931937172775,0.02857142857142857,0.8362831858407079,0.6005546657676788,0.5070422535211268,213,226,191,35
KaLM-Embedding/KaLM-embedding-multilingual-mini-instruct-v2.5,hidden,sif,8,sif_only,10,0.001,0.9396984924623115,0.5138280781934901,0.009386810754492362,0.9011271595954895,0.8974294066429138,0.0036977529525756836,0.415929203539823,0.5309734513274337,0.900523560209424,0.11428571428571428,0.7787610619469026,0.5540905521590629,0.41784037558685444,213,226,191,35
KaLM-Embedding/KaLM-embedding-multilingual-mini-instruct-v2.5,hidden,sif,8,sif_abtt_fixed,10,0.001,0.18592964824120603,0.6318682044702528,0.08951510560899362,0.07868599891662598,-0.0007876866147853434,0.07947368553141132,0.5353982300884956,0.6238938053097345,0.9895287958115183,0.0,0.8362831858407079,0.5820321243862137,0.4647887323943662,213,226,191,35
KaLM-Embedding/KaLM-embedding-multilingual-mini-instruct-v2.5,hidden,sif,8,sif_abtt_optimal,7,0.001,0.19095477386934673,0.6303255183029115,0.0884678955119872,0.07965659350156784,-0.0009471683879382908,0.08060376188950613,0.5442477876106194,0.6017699115044248,0.9947643979057592,0.02857142857142857,0.8451327433628318,0.5906208801556909,0.4788732394366197,213,226,191,35
KaLM-Embedding/KaLM-embedding-multilingual-mini-instruct-v2.5,hidden,sif,9,sif_only,10,0.001,0.9346733668341709,0.5435798166663283,0.029582960555932694,0.9068533778190613,0.8994492888450623,0.0074040889739990234,0.4247787610619469,0.5442477876106194,0.9633507853403142,0.08571428571428572,0.827433628318584,0.5705155837591764,0.38967136150234744,213,226,191,35
KaLM-Embedding/KaLM-embedding-multilingual-mini-instruct-v2.5,hidden,sif,9,sif_abtt_fixed,10,0.001,0.1708542713567839,0.6443908569074988,0.09801576397405254,0.08285918831825256,-0.0007206054287962615,0.08357979374704883,0.5265486725663717,0.6238938053097345,1.0,0.0,0.8451327433628318,0.58222038615287,0.4694835680751174,213,226,191,35
KaLM-Embedding/KaLM-embedding-multilingual-mini-instruct-v2.5,hidden,sif,9,sif_abtt_optimal,7,0.001,0.20603015075376885,0.6367056660823682,0.09279888344482429,0.08229576796293259,-0.0007693593506701291,0.08306512731360272,0.5353982300884956,0.6238938053097345,0.9947643979057592,0.05714285714285714,0.8495575221238938,0.5916416855096929,0.4788732394366197,213,226,191,35
KaLM-Embedding/KaLM-embedding-multilingual-mini-instruct-v2.5,hidden,sif,10,sif_only,10,0.001,0.9396984924623115,0.5474308317114461,0.032197116256665256,0.9076399207115173,0.8990939259529114,0.008545994758605957,0.42920353982300885,0.5398230088495575,0.9319371727748691,0.11428571428571428,0.8053097345132744,0.5716827327392563,0.38497652582159625,213,226,191,35
KaLM-Embedding/KaLM-embedding-multilingual-mini-instruct-v2.5,hidden,sif,10,sif_abtt_fixed,10,0.001,0.15577889447236182,0.6489004362739363,0.10107696796073451,0.08243965357542038,-0.000719948613550514,0.0831596021889709,0.5265486725663717,0.6017699115044248,1.0,0.0,0.8451327433628318,0.5803429959250144,0.49765258215962443,213,226,191,35
KaLM-Embedding/KaLM-embedding-multilingual-mini-instruct-v2.5,hidden,sif,10,sif_abtt_optimal,7,0.001,0.20603015075376885,0.6392534912066808,0.0945284044919704,0.08274625241756439,-0.0008049206808209419,0.08355117309838533,0.5353982300884956,0.6327433628318584,1.0,0.02857142857142857,0.8495575221238938,0.5938502043903877,0.49765258215962443,213,226,191,35
KaLM-Embedding/KaLM-embedding-multilingual-mini-instruct-v2.5,hidden,sif,11,sif_only,10,0.001,0.9396984924623115,0.5645024424185761,0.043785709895037134,0.9147476553916931,0.9048440456390381,0.00990360975265503,0.4469026548672566,0.5752212389380531,0.9476439790575916,0.08571428571428572,0.8141592920353983,0.5868013238439211,0.3755868544600939,213,226,191,35
KaLM-Embedding/KaLM-embedding-multilingual-mini-instruct-v2.5,hidden,sif,11,sif_abtt_fixed,10,0.001,0.22613065326633167,0.6385857418316673,0.09407512118472475,0.07810340076684952,-0.00028357573319226503,0.07838697650004178,0.5442477876106194,0.6371681415929203,0.93717277486911,0.14285714285714285,0.8141592920353983,0.58129083905668,0.5352112676056338,213,226,191,35
KaLM-Embedding/KaLM-embedding-multilingual-mini-instruct-v2.5,hidden,sif,11,sif_abtt_optimal,10,0.001,0.22613065326633167,0.6385857418316673,0.09407512118472475,0.07810340076684952,-0.00028357573319226503,0.07838697650004178,0.5442477876106194,0.6371681415929203,0.93717277486911,0.14285714285714285,0.8141592920353983,0.58129083905668,0.5352112676056338,213,226,191,35
KaLM-Embedding/KaLM-embedding-multilingual-mini-instruct-v2.5,hidden,sif,12,sif_only,10,0.001,0.9296482412060302,0.570398662752867,0.04778819698452792,0.9005563855171204,0.888375461101532,0.012180924415588379,0.46017699115044247,0.588495575221239,0.9476439790575916,0.08571428571428572,0.8141592920353983,0.5872690070041268,0.40375586854460094,213,226,191,35
KaLM-Embedding/KaLM-embedding-multilingual-mini-instruct-v2.5,hidden,sif,12,sif_abtt_fixed,10,0.001,0.15075376884422112,0.6382147744328068,0.09382330016381553,0.07868675142526627,-0.00011148353951284662,0.07879823496477911,0.5309734513274337,0.6061946902654868,1.0,0.0,0.8451327433628318,0.5813747739687558,0.49295774647887325,213,226,191,35
KaLM-Embedding/KaLM-embedding-multilingual-mini-instruct-v2.5,hidden,sif,12,sif_abtt_optimal,10,0.001,0.15075376884422112,0.6382147744328068,0.09382330016381553,0.07868675142526627,-0.00011148353951284662,0.07879823496477911,0.5309734513274337,0.6061946902654868,1.0,0.0,0.8451327433628318,0.5813747739687558,0.49295774647887325,213,226,191,35
KaLM-Embedding/KaLM-embedding-multilingual-mini-instruct-v2.5,hidden,sif,13,sif_only,10,0.001,0.9346733668341709,0.5828440277975175,0.056236390928360636,0.908935546875,0.8962152004241943,0.012720346450805664,0.45132743362831856,0.584070796460177,0.9476439790575916,0.08571428571428572,0.8141592920353983,0.5989347022384337,0.4131455399061033,213,226,191,35
KaLM-Embedding/KaLM-embedding-multilingual-mini-instruct-v2.5,hidden,sif,13,sif_abtt_fixed,10,0.001,0.19095477386934673,0.6362240550432874,0.09247195503024146,0.07732389122247696,-0.0002967987093143165,0.07762068993179128,0.5353982300884956,0.5973451327433629,0.9947643979057592,0.02857142857142857,0.8451327433628318,0.5780000677594415,0.4788732394366197,213,226,191,35
KaLM-Embedding/KaLM-embedding-multilingual-mini-instruct-v2.5,hidden,sif,13,sif_abtt_optimal,3,0.001,0.21105527638190955,0.6389561250933412,0.09432654568033419,0.09844786673784256,0.0024851819034665823,0.09596268483437598,0.5353982300884956,0.6017699115044248,1.0,0.0,0.8451327433628318,0.6253511938804249,0.49295774647887325,213,226,191,35
KaLM-Embedding/KaLM-embedding-multilingual-mini-instruct-v2.5,hidden,sif,14,sif_only,10,0.001,0.9396984924623115,0.592270209293534,0.06263509511556338,0.9155100584030151,0.9021325707435608,0.013377487659454346,0.4557522123893805,0.5619469026548672,0.9424083769633508,0.08571428571428572,0.8097345132743363,0.6116140767428441,0.431924882629108,213,226,191,35
KaLM-Embedding/KaLM-embedding-multilingual-mini-instruct-v2.5,hidden,sif,14,sif_abtt_fixed,10,0.001,0.17587939698492464,0.634427390055713,0.09125233839286122,0.07592549920082092,-0.00037624617107212543,0.07630174537189305,0.5353982300884956,0.6061946902654868,0.9947643979057592,0.0,0.8407079646017699,0.5792046964887443,0.4835680751173709,213,226,191,35
KaLM-Embedding/KaLM-embedding-multilingual-mini-instruct-v2.5,hidden,sif,14,sif_abtt_optimal,3,0.001,0.18090452261306533,0.6370580015192401,0.09303805667053942,0.09641530364751816,0.0025451695546507835,0.09387013409286737,0.5265486725663717,0.5973451327433629,1.0,0.0,0.8451327433628318,0.6244844253641835,0.48826291079812206,213,226,191,35
KaLM-Embedding/KaLM-embedding-multilingual-mini-instruct-v2.5,hidden,sif,15,sif_only,10,0.001,0.9447236180904522,0.5923449184254433,0.06268580935632821,0.9107392430305481,0.8967580199241638,0.013981223106384277,0.4557522123893805,0.5575221238938053,0.8691099476439791,0.11428571428571428,0.7522123893805309,0.6082862695355179,0.4413145539906103,213,226,191,35
KaLM-Embedding/KaLM-embedding-multilingual-mini-instruct-v2.5,hidden,sif,15,sif_abtt_fixed,10,0.001,0.1658291457286432,0.6302443030913023,0.08841276479813862,0.07438068836927414,-5.376866465667263e-05,0.07443445703393081,0.5221238938053098,0.6150442477876106,1.0,0.0,0.8451327433628318,0.5712462169494571,0.47417840375586856,213,226,191,35
KaLM-Embedding/KaLM-embedding-multilingual-mini-instruct-v2.5,hidden,sif,15,sif_abtt_optimal,3,0.001,0.25125628140703515,0.6371605880948168,0.09310769474731238,0.09798401594161987,0.0036555540282279253,0.09432846191339195,0.5,0.6061946902654868,0.9947643979057592,0.0,0.8407079646017699,0.6160583859533396,0.47417840375586856,213,226,191,35
KaLM-Embedding/KaLM-embedding-multilingual-mini-instruct-v2.5,hidden,sif,16,sif_only,10,0.001,0.9396984924623115,0.592621295885386,0.06287342059747132,0.9053995609283447,0.8908421993255615,0.014557361602783203,0.4690265486725664,0.5663716814159292,0.8743455497382199,0.14285714285714285,0.7610619469026548,0.6025531501063464,0.4413145539906103,213,226,191,35
KaLM-Embedding/KaLM-embedding-multilingual-mini-instruct-v2.5,hidden,sif,16,sif_abtt_fixed,10,0.001,0.24120603015075376,0.6324259950555406,0.0898937464143795,0.07589811086654663,-0.00015355320647358894,0.07605166407302022,0.5353982300884956,0.6592920353982301,0.93717277486911,0.17142857142857143,0.8185840707964602,0.5711385613013601,0.48826291079812206,213,226,191,35
KaLM-Embedding/KaLM-embedding-multilingual-mini-instruct-v2.5,hidden,sif,16,sif_abtt_optimal,10,0.001,0.24120603015075376,0.6324259950555406,0.0898937464143795,0.07589811086654663,-0.00015355320647358894,0.07605166407302022,0.5353982300884956,0.6592920353982301,0.93717277486911,0.17142857142857143,0.8185840707964602,0.5711385613013601,0.48826291079812206,213,226,191,35
KaLM-Embedding/KaLM-embedding-multilingual-mini-instruct-v2.5,hidden,sif,17,sif_only,10,0.001,0.9296482412060302,0.587681388696325,0.0595201003975054,0.8978115320205688,0.8834604024887085,0.014351129531860352,0.46017699115044247,0.584070796460177,0.8952879581151832,0.11428571428571428,0.7743362831858407,0.5948216449694261,0.4507042253521127,213,226,191,35
KaLM-Embedding/KaLM-embedding-multilingual-mini-instruct-v2.5,hidden,sif,17,sif_abtt_fixed,10,0.001,0.19095477386934673,0.634897701061631,0.09157159609053092,0.07676516473293304,-0.000708754756487906,0.07747391948942095,0.5221238938053098,0.6061946902654868,0.9738219895287958,0.0,0.8230088495575221,0.5650532801758708,0.47417840375586856,213,226,191,35
KaLM-Embedding/KaLM-embedding-multilingual-mini-instruct-v2.5,hidden,sif,17,sif_abtt_optimal,3,0.001,0.21105527638190955,0.6486862996383667,0.10093160719224999,0.09919645637273788,0.0015721744857728481,0.09762428188696504,0.5088495575221239,0.6150442477876106,1.0,0.0,0.8451327433628318,0.6283305873663557,0.5117370892018779,213,226,191,35
KaLM-Embedding/KaLM-embedding-multilingual-mini-instruct-v2.5,hidden,sif,18,sif_only,10,0.001,0.9547738693467337,0.5887566644010201,0.06025002175156509,0.9220292568206787,0.9119048714637756,0.010124385356903076,0.504424778761062,0.6238938053097345,0.8272251308900523,0.37142857142857144,0.7566371681415929,0.5912601811149703,0.49765258215962443,213,226,191,35
KaLM-Embedding/KaLM-embedding-multilingual-mini-instruct-v2.5,hidden,sif,18,sif_abtt_fixed,10,0.001,0.1658291457286432,0.6366317425142618,0.09274870246268889,0.08054192364215851,-0.000663018086925149,0.08120494172908366,0.5309734513274337,0.588495575221239,1.0,0.0,0.8451327433628318,0.5705948337025992,0.4835680751173709,213,226,191,35
KaLM-Embedding/KaLM-embedding-multilingual-mini-instruct-v2.5,hidden,sif,18,sif_abtt_optimal,2,0.001,0.24120603015075376,0.6546494540371857,0.10497953063156512,0.10799060761928558,0.0012693550670519471,0.10672125255223364,0.5176991150442478,0.5929203539823009,1.0,0.02857142857142857,0.8495575221238938,0.6331768915449977,0.49765258215962443,213,226,191,35
KaLM-Embedding/KaLM-embedding-multilingual-mini-instruct-v2.5,hidden,sif,19,sif_only,10,0.001,0.9547738693467337,0.5816612507078132,0.05543349521554765,0.9225638508796692,0.9136979579925537,0.008865892887115479,0.5088495575221239,0.6327433628318584,0.8219895287958116,0.3142857142857143,0.7433628318584071,0.5918303664577549,0.5070422535211268,213,226,191,35
KaLM-Embedding/KaLM-embedding-multilingual-mini-instruct-v2.5,hidden,sif,19,sif_abtt_fixed,10,0.001,0.19095477386934673,0.6262238681193877,0.08568360303734418,0.0790662169456482,-0.000492087216116488,0.07955830416176468,0.5132743362831859,0.588495575221239,0.9947643979057592,0.02857142857142857,0.8451327433628318,0.5765686372318799,0.4694835680751174,213,226,191,35
KaLM-Embedding/KaLM-embedding-multilingual-mini-instruct-v2.5,hidden,sif,19,sif_abtt_optimal,1,0.001,0.22110552763819097,0.6605313126537489,0.10897226866386087,0.11860093474388123,-0.00032285877387039363,0.11892379351775162,0.5088495575221239,0.584070796460177,1.0,0.0,0.8451327433628318,0.6349917251124725,0.5164319248826291,213,226,191,35
KaLM-Embedding/KaLM-embedding-multilingual-mini-instruct-v2.5,hidden,sif,20,sif_only,10,0.001,0.9597989949748744,0.5996708044527851,0.06765878570205325,0.9330057501792908,0.9239025712013245,0.009103178977966309,0.5309734513274337,0.6371681415929203,0.8638743455497382,0.2857142857142857,0.7743362831858407,0.6045795963105527,0.5023474178403756,213,226,191,35
KaLM-Embedding/KaLM-embedding-multilingual-mini-instruct-v2.5,hidden,sif,20,sif_abtt_fixed,10,0.001,0.15577889447236182,0.6271934754212798,0.0863417943002581,0.0791691392660141,-0.0004461223434191197,0.07961526160943322,0.5132743362831859,0.588495575221239,1.0,0.0,0.8451327433628318,0.5747596968618156,0.460093896713615,213,226,191,35
KaLM-Embedding/KaLM-embedding-multilingual-mini-instruct-v2.5,hidden,sif,20,sif_abtt_optimal,1,0.001,0.3316582914572864,0.6621807347849585,0.11009193353572484,0.12421193718910217,-0.0001403653295710683,0.12435230251867324,0.5221238938053098,0.6415929203539823,0.9057591623036649,0.08571428571428572,0.7787610619469026,0.634791356400508,0.5211267605633803,213,226,191,35
KaLM-Embedding/KaLM-embedding-multilingual-mini-instruct-v2.5,hidden,sif,21,sif_only,10,0.001,0.964824120603015,0.5959774863054073,0.06515167820529913,0.9458924531936646,0.9386262893676758,0.0072661638259887695,0.5132743362831859,0.6106194690265486,0.8952879581151832,0.2,0.7876106194690266,0.5909778501093101,0.49295774647887325,213,226,191,35
KaLM-Embedding/KaLM-embedding-multilingual-mini-instruct-v2.5,hidden,sif,21,sif_abtt_fixed,10,0.001,0.12562814070351758,0.6356922484914758,0.0921109527716084,0.08313249796628952,-0.0004741089360322803,0.0836066069023218,0.5398230088495575,0.6017699115044248,1.0,0.0,0.8451327433628318,0.5806755793839089,0.4647887323943662,213,226,191,35
KaLM-Embedding/KaLM-embedding-multilingual-mini-instruct-v2.5,hidden,sif,21,sif_abtt_optimal,2,0.001,0.2914572864321608,0.6513953264835393,0.10277055559618803,0.11221589893102646,0.00046219376963563263,0.11175370516139083,0.5176991150442478,0.6238938053097345,0.9528795811518325,0.05714285714285714,0.8141592920353983,0.6284683254447502,0.5211267605633803,213,226,191,35
KaLM-Embedding/KaLM-embedding-multilingual-mini-instruct-v2.5,hidden,sif,22,sif_only,10,0.001,0.949748743718593,0.6051078526730279,0.0713495764255059,0.9357178211212158,0.9272984266281128,0.008419394493103027,0.5442477876106194,0.6017699115044248,0.9738219895287958,0.14285714285714285,0.8451327433628318,0.611114930319475,0.49765258215962443,213,226,191,35
KaLM-Embedding/KaLM-embedding-multilingual-mini-instruct-v2.5,hidden,sif,22,sif_abtt_fixed,10,0.001,0.19597989949748745,0.6368441670235947,0.09289290100136452,0.08033857494592667,0.000684205035213381,0.07965436991071329,0.5353982300884956,0.6637168141592921,0.9528795811518325,0.02857142857142857,0.8097345132743363,0.5539070986497081,0.49295774647887325,213,226,191,35
KaLM-Embedding/KaLM-embedding-multilingual-mini-instruct-v2.5,hidden,sif,22,sif_abtt_optimal,7,0.001,0.24120603015075376,0.6346084927262432,0.09137527496232241,0.08252496272325516,0.0010073393350467086,0.08151762338820845,0.5486725663716814,0.668141592920354,0.8848167539267016,0.22857142857142856,0.7831858407079646,0.5649148516810432,0.5446009389671361,213,226,191,35
KaLM-Embedding/KaLM-embedding-multilingual-mini-instruct-v2.5,hidden,sif,23,sif_only,10,0.001,0.9597989949748744,0.6015347862154581,0.0689240984825952,0.936775267124176,0.9288613200187683,0.007913947105407715,0.5530973451327433,0.6504424778761062,0.7853403141361257,0.4857142857142857,0.7389380530973452,0.6207749658157563,0.5305164319248826,213,226,191,35
KaLM-Embedding/KaLM-embedding-multilingual-mini-instruct-v2.5,hidden,sif,23,sif_abtt_fixed,10,0.001,0.18592964824120603,0.629652612406526,0.08801111184208026,0.07515645027160645,0.0006363886641338468,0.0745200616074726,0.5221238938053098,0.6592920353982301,0.9267015706806283,0.05714285714285714,0.7920353982300885,0.5584624662750066,0.5070422535211268,213,226,191,35
KaLM-Embedding/KaLM-embedding-multilingual-mini-instruct-v2.5,hidden,sif,23,sif_abtt_optimal,7,0.001,0.2562814070351759,0.6288175177988615,0.08744423082401415,0.07811424881219864,0.0012282019015401602,0.07688604691065848,0.5575221238938053,0.672566371681416,0.7801047120418848,0.34285714285714286,0.7123893805309734,0.5642577971563425,0.5539906103286385,213,226,191,35
KaLM-Embedding/KaLM-embedding-multilingual-mini-instruct-v2.5,hidden,sif,24,sif_only,10,0.001,0.7236180904522613,0.5898144562754382,0.06096807468588852,0.6214097142219543,0.5825033783912659,0.03890633583068848,0.5619469026548672,0.6371681415929203,0.8900523560209425,0.2,0.7831858407079646,0.5943828113530303,0.5023474178403756,213,226,191,35
KaLM-Embedding/KaLM-embedding-multilingual-mini-instruct-v2.5,hidden,sif,24,sif_abtt_fixed,10,0.001,0.1457286432160804,0.6292627713337375,0.0877464789463678,0.07233738154172897,0.0007837858283892274,0.07155359571333975,0.5309734513274337,0.6327433628318584,0.9895287958115183,0.02857142857142857,0.8407079646017699,0.5682344232066322,0.48826291079812206,213,226,191,35
KaLM-Embedding/KaLM-embedding-multilingual-mini-instruct-v2.5,hidden,sif,24,sif_abtt_optimal,1,0.001,0.23115577889447236,0.6549469007211718,0.10518144413627967,0.0997457429766655,0.0009038725984282792,0.09884187037823722,0.5353982300884956,0.6238938053097345,0.9581151832460733,0.02857142857142857,0.8141592920353983,0.651277983009542,0.5164319248826291,213,226,191,35
