model,method,variant,n,n_q_mean,full_cos_mean,suff@0.10_raw_mean,suff@0.10_raw_std,suff@0.10_raw_se,suff@0.10_raw_n,suff@0.10_ratio_mean,suff@0.10_ratio_std,suff@0.10_ratio_se,suff@0.10_ratio_n,suff@0.25_raw_mean,suff@0.25_raw_std,suff@0.25_raw_se,suff@0.25_raw_n,suff@0.25_ratio_mean,suff@0.25_ratio_std,suff@0.25_ratio_se,suff@0.25_ratio_n,suff@0.50_raw_mean,suff@0.50_raw_std,suff@0.50_raw_se,suff@0.50_raw_n,suff@0.50_ratio_mean,suff@0.50_ratio_std,suff@0.50_ratio_se,suff@0.50_ratio_n,comp@0.10_drop_mean,comp@0.10_drop_std,comp@0.10_drop_se,comp@0.10_drop_n,comp@0.10_ratio_mean,comp@0.10_ratio_std,comp@0.10_ratio_se,comp@0.10_ratio_n,comp@0.25_drop_mean,comp@0.25_drop_std,comp@0.25_drop_se,comp@0.25_drop_n,comp@0.25_ratio_mean,comp@0.25_ratio_std,comp@0.25_ratio_se,comp@0.25_ratio_n,comp@0.50_drop_mean,comp@0.50_drop_std,comp@0.50_drop_se,comp@0.50_drop_n,comp@0.50_ratio_mean,comp@0.50_ratio_std,comp@0.50_ratio_se,comp@0.50_ratio_n,compactness@0.70_mean,compactness@0.70_std,compactness@0.70_se,compactness@0.70_n,compactness@0.80_mean,compactness@0.80_std,compactness@0.80_se,compactness@0.80_n,compactness@0.90_mean,compactness@0.90_std,compactness@0.90_se,compactness@0.90_n,compactness@0.95_mean,compactness@0.95_std,compactness@0.95_se,compactness@0.95_n,loo_n_used_mean,loo_n_used_std,loo_n_used_se,loo_n_used_n,loo_n_total_mean,loo_n_total_std,loo_n_total_se,loo_n_total_n,loo_rho_mean,loo_rho_std,loo_rho_se,loo_rho_n,loo_p_mean,loo_p_std,loo_p_se,loo_p_n,loo_tau_n_used_mean,loo_tau_n_used_std,loo_tau_n_used_se,loo_tau_n_used_n,loo_tau_mean,loo_tau_std,loo_tau_se,loo_tau_n,loo_tau_p_mean,loo_tau_p_std,loo_tau_p_se,loo_tau_p_n,aopc_suff_raw_mean,aopc_suff_raw_std,aopc_suff_raw_se,aopc_suff_raw_n,aopc_suff_ratio_mean,aopc_suff_ratio_std,aopc_suff_ratio_se,aopc_suff_ratio_n,aopc_comp_raw_mean,aopc_comp_raw_std,aopc_comp_raw_se,aopc_comp_raw_n,aopc_comp_ratio_mean,aopc_comp_ratio_std,aopc_comp_ratio_se,aopc_comp_ratio_n,del_auc_mean,del_auc_std,del_auc_se,del_auc_n,del_auc_random_mean,del_auc_random_std,del_auc_random_se,del_auc_random_n,del_auc_gap_mean,del_auc_gap_std,del_auc_gap_se,del_auc_gap_n,ins_auc_mean,ins_auc_std,ins_auc_se,ins_auc_n,ins_auc_random_mean,ins_auc_random_std,ins_auc_random_se,ins_auc_random_n,ins_auc_gap_mean,ins_auc_gap_std,ins_auc_gap_se,ins_auc_gap_n,rand_loo_rho_mean,rand_loo_rho_std,rand_loo_rho_se,rand_loo_rho_n,rand_loo_rho_gap_mean,rand_loo_rho_gap_std,rand_loo_rho_gap_se,rand_loo_rho_gap_n,rand_loo_tau_mean,rand_loo_tau_std,rand_loo_tau_se,rand_loo_tau_n,rand_loo_tau_gap_mean,rand_loo_tau_gap_std,rand_loo_tau_gap_se,rand_loo_tau_gap_n,rand_aopc_suff_ratio_mean,rand_aopc_suff_ratio_std,rand_aopc_suff_ratio_se,rand_aopc_suff_ratio_n,rand_aopc_suff_ratio_gap_mean,rand_aopc_suff_ratio_gap_std,rand_aopc_suff_ratio_gap_se,rand_aopc_suff_ratio_gap_n,rand_aopc_comp_ratio_mean,rand_aopc_comp_ratio_std,rand_aopc_comp_ratio_se,rand_aopc_comp_ratio_n,rand_aopc_comp_ratio_gap_mean,rand_aopc_comp_ratio_gap_std,rand_aopc_comp_ratio_gap_se,rand_aopc_comp_ratio_gap_n,rand_ins_auc_gap_mean,rand_ins_auc_gap_std,rand_ins_auc_gap_se,rand_ins_auc_gap_n,rand_ins_auc_gap_gap_mean,rand_ins_auc_gap_gap_std,rand_ins_auc_gap_gap_se,rand_ins_auc_gap_gap_n,rand_del_auc_gap_mean,rand_del_auc_gap_std,rand_del_auc_gap_se,rand_del_auc_gap_n,rand_del_auc_gap_gap_mean,rand_del_auc_gap_gap_std,rand_del_auc_gap_gap_se,rand_del_auc_gap_gap_n,full_cos_drift_mean,full_cos_drift_std,full_cos_drift_se,full_cos_drift_n
bowphs/LaTa,attention_standalone,abtt,200,74.815,0.5897392870128426,0.41699139476408786,0.15212717560606648,0.010757015747380633,200,0.720866764904555,0.4138275262487568,0.02963480468336786,195,0.5099282580774267,0.15728663443541976,0.011121844579929485,200,0.9052005997134389,0.35069147714407223,0.025113538298172994,195,0.572567678424911,0.17673468048817273,0.012497029104402474,200,1.009720951030487,0.18932286520452055,0.013557691976871976,195,0.05683973696271515,0.033919368889203196,0.002398461575512359,200,0.10750748084155486,0.11632755508706466,0.00833038924584885,195,0.14696151882077693,0.06790382048207406,0.0048015251931348545,200,0.2745032821311061,0.182237014785819,0.013050263688866904,195,0.31048849218085417,0.1218955144951162,0.008619314489571976,200,0.5534654462353892,0.20125105295314105,0.014411887243584184,195,0.13228260856984062,0.10884623476090427,0.00779464076954715,195,0.20896352748113953,0.14469106779279,0.010361542578706487,195,0.341227607838119,0.2170079838164539,0.015540264499627117,195,0.435933388474637,0.2643956843422158,0.01893376821892955,195,74.8,46.48412491751064,3.2869239946694337,200,74.815,46.490402910859686,3.287367915836369,200,0.5753854084968044,0.25761042125413325,0.018215807577312074,200,0.05149965356777626,0.16421529435866686,0.011611774821555834,200,74.8,46.48412491751064,3.2869239946694337,200,0.428753467656204,0.2097816532571685,0.014833802958666882,200,0.0489048092255722,0.1592524761242597,0.011260850578821278,200,0.5393996486675189,0.16909272340247855,0.01195666113671938,200,0.9382184341233472,0.17630227268231324,0.01262526797947605,195,0.3053102955702381,0.10455673957819754,0.007393277957449936,200,0.5358393766509869,0.13180035831120432,0.00943841969903802,195,0.47390475082169803,0.1328896900285015,0.009516428363589964,195,0.8017467293217584,0.048729238220814514,0.0034895732290536104,195,0.32784197850006036,0.1383016690743902,0.009903988232865027,195,0.9284743066506621,0.17685836434215987,0.012665090530370595,195,0.8059215322164228,0.04888013961971368,0.0035003795026801155,195,0.12255277443423941,0.1703482142186278,0.012198888996801499,195,0.004931140474924144,0.062354792949064534,0.004409149693376665,200,0.5704542680218804,0.2658543157347864,0.018798738946377694,200,0.003653000568690236,0.04287978170490778,0.0030320584419339146,200,0.42510046708751376,0.21425196737822627,0.015149901901570275,200,0.8157831469294373,0.04582313839918386,0.003281463098282305,195,0.12243528719390968,0.18743531902040503,0.013422521987083828,195,0.20702009311572087,0.05402565275376746,0.0038688573516662324,195,0.328819283535266,0.1446628441055313,0.010359521438481865,195,0.0001174872403297495,0.04680304326919936,0.003351635543538483,195,0.12243528719390968,0.18743531902040503,0.013422521987083828,195,-0.0009773050352057386,0.049993660576591055,0.0035801203946575666,195,0.328819283535266,0.1446628441055313,0.010359521438481865,195,,,,0
bowphs/LaTa,attention_standalone,baseline,200,74.815,0.07914052862433336,-0.06234382978299706,0.5491834470664201,0.0388331339536069,200,0.7884421111680329,0.9533210672697301,0.0675791386925999,199,-0.033460211289537155,0.580907286584975,0.041076348158491295,200,0.9097852924264221,0.802814816817153,0.05691003347438899,199,0.016146974396473387,0.6032049923303547,0.04265303405223732,200,0.9623399117434812,0.6880935356396227,0.0487776574702662,199,-0.16835180051541646,0.5716765216725669,0.040423634511981034,200,0.7370772068324618,1.7036825493248442,0.12077085385170692,199,-0.22171885511470799,0.6555710939527948,0.046355876608390446,200,0.9541845055200544,1.7834007158331096,0.12642192484525036,199,-0.17515413007322833,0.7357775466514578,0.05202732926820471,200,1.0735044429512124,1.7117572782045372,0.12134325620554215,199,0.11599090553100966,0.2004805706306329,0.014211690848940185,199,0.17176633217684162,0.2641960845758174,0.018728363879258966,199,0.2725201202508461,0.36246503528115515,0.025694465098349425,199,0.3216599614841535,0.3894004739602332,0.02760386772117472,199,74.69,46.35566999519603,3.2778408600048885,200,74.815,46.490402910859686,3.287367915836369,200,0.14386819716613483,0.31427080798605783,0.022222301945591688,200,0.1779703049929814,0.26007663351999044,0.01839019511901538,200,74.69,46.35566999519603,3.2778408600048885,200,0.11345106688090464,0.23344946697613486,0.016507370116320995,200,0.1638833103139164,0.2521786539326032,0.017831723626623934,200,0.008992976129708482,0.5562989451009046,0.039336275644777256,200,0.927438859502592,0.6419687321866684,0.045507956845015914,199,-0.1288770689484449,0.6249342336841187,0.04418952344336589,200,0.9648537929394676,1.5068689676693237,0.10681910895910973,199,0.04473833348834685,1.5072958546885213,0.10684937017756685,199,0.6971658160717913,0.5331909570590315,0.037796904813955416,199,0.6524274825834445,1.2746316822593997,0.09035624428618455,199,0.9178467330747776,0.6420467415092388,0.04551348677927448,199,0.7208753773839566,0.42975577467513126,0.030464579141099794,199,0.19697135569082094,0.9309942064897656,0.06599642949522445,199,-0.002304796809625374,0.06996094851301536,0.004946986111179607,200,0.14617299397576022,0.3166476968677477,0.02239037337022867,200,-0.0008167042865568747,0.048508421396877714,0.003430063371438685,200,0.11426777116746152,0.23481447599276176,0.01660389082952476,200,0.7001985805633005,0.5240210596208383,0.03714686801937649,199,0.22724027893929144,0.989844510557384,0.07016821694148048,199,0.2758494299443688,0.3914508008785269,0.02774921154282483,199,0.6890043629950988,1.2986190849762511,0.09205666618047874,199,-0.03026892324847055,0.38507422308395933,0.027297187927740583,199,0.2272402789392914,0.989844510557384,0.07016821694148048,199,-0.036576880411654446,0.35009745061551617,0.024817750266267348,199,0.6890043629950989,1.2986190849762511,0.09205666618047874,199,,,,0
bowphs/LaTa,attention_weighted,abtt,200,74.815,0.5897392870128426,0.17199372263470677,0.10893424272192227,0.007702814173209255,200,0.2651229641803411,0.35808415341215194,0.025642938841626016,195,0.2732410637445178,0.12621642962922833,0.008924849328798203,200,0.45936130573512135,0.28492622997601846,0.020403991128980694,195,0.4164937593478253,0.16748483326386984,0.01184296613467806,200,0.7093534857081607,0.1549733265565179,0.011097870422649272,195,0.02848665228705445,0.02483099294585236,0.001755816349560753,200,0.04612605698112616,0.0721256447341896,0.005165024699383707,195,0.08199797489985532,0.0508456355847696,0.003595329371573061,200,0.13474890207553622,0.10586516672282156,0.007581162053287693,195,0.15842732832041373,0.09861332218599422,0.006973014883305033,200,0.2548336386067558,0.1372913686274464,0.009831639115134513,195,0.47553608171780193,0.15642585692837624,0.01120188828307745,195,0.583854259520549,0.1588953281020343,0.011378730786924265,195,0.7045382888127664,0.1609062348578848,0.011522734810741357,195,0.7865768598113254,0.170126391097043,0.012183003913124225,195,74.8,46.48412491751064,3.2869239946694337,200,74.815,46.490402910859686,3.287367915836369,200,0.0011333210385018099,0.2861448978419011,0.020233499766594016,200,0.2585835049805999,0.29582650531278476,0.02091809279613883,200,74.8,46.48412491751064,3.2869239946694337,200,0.00032185059540232373,0.19514887434431827,0.013799109238978891,200,0.26870474267136685,0.3019620020970942,0.021351937934352177,200,0.39379190896365307,0.14742244760460865,0.010424341240033727,200,0.6642413302949215,0.13214273473647037,0.009462937784103367,195,0.17157968472181281,0.08704615593901767,0.006155092714070106,200,0.2825027890443548,0.09709412352046297,0.006953054603482548,195,0.72724133842833,0.09890167015016159,0.0070824957061872505,195,0.8017467293217584,0.048729238220814514,0.0034895732290536104,195,0.0745053908934282,0.11460237465687707,0.008206846509202942,195,0.6544972028222364,0.13282565934815418,0.009511843031330805,195,0.8059215322164228,0.04888013961971368,0.0035003795026801155,195,-0.15142432939418624,0.12716579396941285,0.009106531653053057,195,0.002336844473679061,0.061519091554253516,0.004350056681044872,200,-0.0012035234351772495,0.29216166757618184,0.020658949634588804,200,0.0011210497214612502,0.04182461948871974,0.0029574472061020757,200,-0.0007991991260589255,0.19937247771980576,0.014097763097763852,200,0.8109090458959539,0.0484968534608492,0.003472931810742486,195,-0.14666771560103253,0.1365606546018796,0.009779311596896751,195,0.20420254998768952,0.05230383279307425,0.0037455552632391924,195,0.07830023905666518,0.11223157665722641,0.008037070138113665,195,-0.004756613793153678,0.04861607289498471,0.0034814692917483864,195,-0.14666771560103253,0.1365606546018796,0.009779311596896751,195,-0.0037948481632369864,0.045810801319701444,0.0032805796216703485,195,0.07830023905666518,0.11223157665722641,0.008037070138113665,195,,,,0
bowphs/LaTa,attention_weighted,baseline,200,74.815,0.07914052862433336,0.1172116218929996,0.5576590075125355,0.039432446580187366,200,-0.18534038897473615,1.8193522070378823,0.12897045848595892,199,0.14226875489492724,0.6148347898478711,0.04347538492108355,200,-0.21631811429962888,1.9401540254722134,0.1375338723478516,199,0.042030374545979576,0.5880437601867633,0.04158097304624962,200,0.34116909339782747,1.4225215347234015,0.10083987796850322,199,0.0006742436265053975,0.056192066270554966,0.003973379110879328,200,0.015397929968965735,0.24505407017197964,0.017371422455571023,199,0.02038081446674904,0.11511624623167004,0.008139947833515423,200,0.022271178965730776,0.4479010073896573,0.03175086058428278,199,0.0010885263012033266,0.2899562272032064,0.020503001450265453,200,0.18164744988947343,0.7367259069438169,0.052225114867519205,199,0.3344762447083008,0.2803347774319026,0.019872405483167075,199,0.3474978346846977,0.2767241889451534,0.019616457651439476,199,0.3768818935012196,0.27317694878810045,0.01936500046374091,199,0.4077141204911123,0.27658308656223546,0.019606455168716234,199,74.69,46.35566999519603,3.2778408600048885,200,74.815,46.490402910859686,3.287367915836369,200,-0.013530797012884517,0.3318988277616038,0.0234687911778096,200,0.19761781249086036,0.2902598663245185,0.020524471978436782,200,74.69,46.35566999519603,3.2778408600048885,200,-0.009893019182748231,0.23504907424179208,0.016620479430799143,200,0.19294917680743942,0.28469730067115656,0.020131139189008024,200,0.08499647202616707,0.41188266082053815,0.02912450225193612,200,0.39331650017441816,0.9921555248404902,0.07033204040046045,199,-0.02264678491748896,0.2893328940051807,0.020458925137139185,200,0.4524433183385366,0.43598897343634163,0.03090643888599012,199,0.557148808089278,0.4361078154836672,0.030914863375361503,199,0.6971658160717913,0.5331909570590315,0.037796904813955416,199,0.14001700798251326,0.6327145830756553,0.04485194760770174,199,0.38372437374660356,0.9913905320895786,0.07027781150215158,199,0.7208753773839566,0.42975577467513126,0.030464579141099794,199,-0.33715100363735306,0.7108775332058295,0.05039277223523017,199,0.0015991565958797802,0.07433354003311284,0.0052561750227015785,200,-0.015129953608764297,0.34288605421519835,0.024245705410986494,200,0.0012146040955427848,0.0516381070012305,0.0036513655628206618,200,-0.01110762327829102,0.24275994790760672,0.017165720536596173,200,0.7038543945617365,0.5425504427503313,0.0384603811634661,199,-0.3105378943873182,0.6838346307012112,0.048475751703790496,199,0.288370065888327,0.3713472948657045,0.026324111786098642,199,0.16407325245020957,0.49448801114845875,0.03505332572050949,199,-0.026613109250034832,0.33432389987338107,0.023699592900532862,199,-0.31053789438731827,0.6838346307012113,0.0484757517037905,199,-0.024056244467696254,0.32441450043129255,0.022997134198791198,199,0.16407325245020957,0.49448801114845875,0.03505332572050949,199,,,,0
bowphs/LaTa,bertscore,abtt,200,74.815,0.5897392870128426,0.3463177660911117,0.14113352464177323,0.009979647232695656,200,0.5653623769516947,0.35942422960992276,0.025738903691383003,195,0.4740782577785205,0.1549009474158355,0.010953151032995809,200,0.7878984347131972,0.40810843622570236,0.029225252140219878,195,0.5606054462760909,0.17531320090620442,0.012396515319229673,200,0.9604907211769496,0.31209610191816856,0.02234966607133273,195,0.042585800072731675,0.023185315271284774,0.001639449365227348,200,0.07357883288079016,0.07690670933868972,0.005507403847086307,195,0.1108325357867233,0.054814195675997116,0.003875948946778389,200,0.19154780228607204,0.15630821567485076,0.011193463817932426,195,0.24865439507329293,0.1104862508835851,0.00781255772276612,200,0.4260331418226197,0.22910365168052935,0.01640645326651764,195,0.20986024266112518,0.13690963705977255,0.00980430274978435,195,0.2966872748549218,0.17166320012400674,0.012293057093400905,195,0.43315863519919834,0.23002535787391568,0.01647245801797546,195,0.5166288334508903,0.25695557954556636,0.018400971248000275,195,74.8,46.48412491751064,3.2869239946694337,200,74.815,46.490402910859686,3.287367915836369,200,0.49571152361352633,0.2200559908458269,0.015560308336780902,200,0.05137439528746968,0.14918421640082347,0.010548917106302362,200,74.8,46.48412491751064,3.2869239946694337,200,0.3614659197922926,0.1681127957386742,0.011887369787104545,200,0.05195493670358708,0.15715047492670736,0.011112216648736128,200,0.5124290240715752,0.16349649672550334,0.011560948153484758,200,0.8671670687700647,0.23533068953604458,0.016852380709471745,195,0.26527233623894186,0.09689067099417209,0.006851205049369381,200,0.4512022176039455,0.1788387467472639,0.012806908660028694,195,0.5585419098687394,0.17934487769436344,0.012843153449971658,195,0.8017467293217584,0.048729238220814514,0.0034895732290536104,195,0.24320481945301903,0.17281723903920385,0.012375699536640203,195,0.8574229412973798,0.23583839045298366,0.0168887379272901,195,0.8059215322164228,0.04888013961971368,0.0035003795026801155,195,0.05150140908095706,0.23263570458298274,0.016659388828451742,195,-0.002994894709263414,0.05840566742983742,0.004129904349936431,200,0.4987064183227898,0.2276851940631196,0.01609977446978069,200,-0.0021613901429964628,0.04016417649058104,0.002840036155726316,200,0.36362730993528897,0.17233744597229714,0.012186097669938157,200,0.8127076065339399,0.042642515972406196,0.003053693995430417,195,0.0544594622361246,0.24822659587888815,0.01777587574410472,195,0.20410317062993882,0.04978819899595974,0.003565406985264193,195,0.24709904697400675,0.18213080512076932,0.013042657856776023,195,-0.0029580531551675424,0.04382638278818224,0.0031384724589963095,195,0.0544594622361246,0.24822659587888815,0.01777587574410472,195,-0.003894227520987773,0.04194864263916572,0.0030040046939671344,195,0.24709904697400675,0.18213080512076932,0.013042657856776023,195,,,,0
bowphs/LaTa,bertscore,baseline,200,74.815,0.07914052862433336,0.456601810926699,0.5457316684693705,0.038589056348294064,200,-0.019044180886231304,1.8720309371983996,0.13270475465740858,199,0.48445226635203814,0.5683670893233121,0.04018962230637742,200,-0.031550381580912515,1.990035312937932,0.1410698630644582,199,0.48111924668575007,0.5730195254374545,0.04051859921891214,200,0.0162718566967126,2.014247295053334,0.14278620497021885,199,0.2911381319703424,0.515694121407403,0.03646508102652134,200,0.2917255559726354,0.8185283394896966,0.058023935563092835,199,0.3238803368572461,0.5301450065834917,0.037486912916737385,200,0.2984497711516046,0.8696294782310183,0.06164639924391747,199,0.3350599370313953,0.5284323180067273,0.0373658075460683,200,0.2823996688558475,0.9331018406787244,0.06614583572158304,199,0.37655608952945513,0.4403820166690375,0.031217853464034835,199,0.40334688833284027,0.4368452729072778,0.030967140346070645,199,0.4357819434024008,0.4396503227352124,0.031165985056284113,199,0.466967476984747,0.4381210072679605,0.03105757475715777,199,74.69,46.35566999519603,3.2778408600048885,200,74.815,46.490402910859686,3.287367915836369,200,0.28188282634304224,0.3189688515311867,0.02255450379049872,200,0.17091766123926305,0.2840709235228655,0.02008684763609433,200,74.69,46.35566999519603,3.2778408600048885,200,0.206124391625287,0.2373300549764725,0.016781769125323982,200,0.1638195518412998,0.2775554069491702,0.019626131040875003,200,0.4488568181809888,0.5499761093706853,0.03888918364266059,200,0.07210261970178942,1.8783124733040628,0.1331500409457972,199,0.3126731358474343,0.4980347354781906,0.0352163738723077,200,0.30259120344316287,0.8736572562734524,0.06193192085914014,199,0.7070009229846518,0.8732255675896666,0.061901319259705094,199,0.6971658160717913,0.5331909570590315,0.037796904813955416,199,-0.009835106912860339,1.1210186302044518,0.07946690374161258,199,0.06251049327397487,1.8773818442453731,0.1330840704009432,199,0.7208753773839566,0.42975577467513126,0.030464579141099794,199,-0.658364884109982,1.5956147956403233,0.11311013390626419,199,0.002498603375451006,0.06066022357686973,0.0042893255439496675,200,0.2793842229675913,0.325227889031661,0.022997084576527348,200,0.0015339212146172187,0.04180151818841262,0.002955813697491937,200,0.20459047041066977,0.24182893512894055,0.017099887991679556,200,0.6941096190747736,0.505282433752661,0.0358185220508131,199,-0.6220069993729841,1.5963615538438591,0.11316307019178143,199,0.28115858063524163,0.47589678244618094,0.03373542846000386,199,0.021432622807921322,1.121397432482589,0.07949375632315117,199,-0.03635788473699765,0.37082796295910475,0.02628729732332367,199,-0.6220069993729841,1.5963615538438591,0.11316307019178143,199,-0.031267729720781644,0.32151738633734245,0.022791763225794598,199,0.02143262280792133,1.121397432482589,0.07949375632315117,199,,,,0
bowphs/LaTa,dla,abtt,200,74.815,0.5897392870128426,0.41331949204692053,0.15170574386504002,0.010727216023191927,200,0.704415916764211,0.3425603785340624,0.024531258232482055,195,0.5073555265774286,0.15394005547942857,0.010885205712573728,200,0.8927674107691027,0.31496509224879,0.022555118736256062,195,0.5670765143465374,0.17892844129662042,0.012652151418797938,200,0.9888532597272988,0.15191557089009564,0.010878899991258937,195,0.06731598133498283,0.038138583106329525,0.0026968050739332307,200,0.12270876616092725,0.11275788760083984,0.008074760047622795,195,0.1619362976042872,0.06620520583388513,0.004681414999499135,200,0.29217707562712064,0.16453324314752335,0.011782470269188806,195,0.32070565418941,0.12180437766807486,0.008612870142730301,200,0.554897388018612,0.16180154154982013,0.011586849054633551,195,0.12801976862786715,0.09108599726311202,0.00652280374568296,195,0.20838283488252363,0.13457500512626777,0.009637116284485329,195,0.35285622987048043,0.20352335849611006,0.01457461042335242,195,0.45214520223564136,0.24292325505855877,0.017396095619750886,195,74.8,46.48412491751064,3.2869239946694337,200,74.815,46.490402910859686,3.287367915836369,200,0.6007891893597058,0.24296546961156795,0.017180253115651373,200,0.02737941101947451,0.11261144565268731,0.007962831686023556,200,74.8,46.48412491751064,3.2869239946694337,200,0.44966263269055806,0.19948953465680064,0.01410604027315725,200,0.026198986748907718,0.10865478232099314,0.007683053338752245,200,0.5345566468990252,0.17050835198364714,0.01205676119365796,200,0.9225404762845231,0.15338158957511283,0.010983883769854992,195,0.3075936812146249,0.10674313253031799,0.00754787928572822,200,0.5286697145616226,0.11470563526163949,0.00821424115470021,195,0.48107441291106234,0.11599738916241917,0.008306745572894889,195,0.8017467293217584,0.048729238220814514,0.0034895732290536104,195,0.320672316410696,0.12333354003226076,0.008832098248503976,195,0.9127963488118382,0.15385607721459926,0.011017862535473402,195,0.8059215322164228,0.04888013961971368,0.0035003795026801155,195,0.10687481659541538,0.14583315704044136,0.01044332928847885,195,0.002558692558990536,0.061467992736458386,0.0043464434489875175,200,0.5982304968007153,0.2470826745561876,0.017471383469238908,200,0.002162652519258709,0.04264016409006427,0.0030151149178991557,200,0.4474999801712994,0.20180678022070533,0.014269894278348396,200,0.8165141282069053,0.0472080342819982,0.003380637552350237,195,0.10602634807761756,0.15993852896059174,0.011453435952066635,195,0.20992848674071718,0.04837945704399953,0.0034645248787159876,195,0.31874122782090536,0.12553684158150508,0.008989879949644775,195,0.0008484685177978295,0.044699702972472104,0.0032010122163731924,195,0.10602634807761753,0.15993852896059177,0.011453435952066637,195,0.0019310885897906487,0.03970978867287877,0.002843677031361108,195,0.31874122782090536,0.12553684158150508,0.008989879949644775,195,,,,0
bowphs/LaTa,dla,baseline,200,74.815,0.07914052862433336,0.03403465029887118,0.6153983000626425,0.04351523111049683,200,0.9728242478901605,0.5544492118995273,0.03930386254472591,199,0.040807331952105376,0.6298062710546823,0.04453402850965787,200,1.0092070569429303,0.451677821002159,0.032018591802754987,199,0.056929854669683,0.6352879303065375,0.04492164035257195,200,1.0348259429729283,0.28843802323850853,0.02044682934835363,199,-0.10311185392551352,0.8510120481728387,0.060175639013446705,200,1.2004452888341337,1.5723973271841654,0.11146429120461977,199,-0.10182512374994104,0.8679582478352109,0.06137391628310716,200,1.2496397935768269,1.52673601609789,0.10822744668210983,199,-0.07997731157280151,0.8538884415699086,0.060379030741089544,200,1.2513262759472854,1.4271237450731329,0.10116612001034515,199,0.08610798924990076,0.16985988715655959,0.012041048149012192,199,0.11754001223805755,0.2059623088990848,0.014600280971868232,199,0.15429172960175552,0.24946950586673447,0.017684424393164484,199,0.19166668347875754,0.28736467802294696,0.02037074192337391,199,74.69,46.35566999519603,3.2778408600048885,200,74.815,46.490402910859686,3.287367915836369,200,0.07511220637338076,0.5793617184436303,0.04096705998713822,200,0.06035204970864351,0.16802208794800783,0.011880955777715882,200,74.69,46.35566999519603,3.2778408600048885,200,0.08248153429061585,0.48950170332903,0.034612997382632266,200,0.059096544999488146,0.17345317165528584,0.012264991389576686,200,0.05546407631663926,0.6231628252661675,0.044064265952907467,200,1.0112272316317468,0.2920456010340107,0.020702563757837324,199,-0.05891338189839846,0.7852258687024992,0.05552385365226348,200,1.164326557068151,1.2856475107474228,0.09113713566346004,199,-0.15473443064033637,1.2864853723712446,0.09119653009921255,199,0.6971658160717913,0.5331909570590315,0.037796904813955416,199,0.8519002467121276,1.0445272680830566,0.07404457484627823,199,1.001635105203932,0.29238859445733434,0.02072687791696088,199,0.7208753773839566,0.42975577467513126,0.030464579141099794,199,0.28075972781997555,0.6639678762544751,0.047067434820609794,199,-0.0019270355372832343,0.06934931758764616,0.0049037372736884105,200,0.077039241910664,0.5797594193009333,0.04099518168444649,200,-0.0014103025943659694,0.047407317783224136,0.003352203588238339,200,0.08389183688498178,0.48949903851281684,0.03461280895167078,200,0.7275335295236267,0.509598778515505,0.03612449961848472,199,0.2836937021081201,0.7354068030560338,0.05213160607216892,199,0.3032347328514113,0.43108271355755706,0.030558643344494433,199,0.8610918242167396,1.0328569053488659,0.07321728476648848,199,-0.0029339742881445445,0.33723704822172434,0.023906100511687022,199,0.2836937021081201,0.7354068030560338,0.05213160607216892,199,-0.009191577504611966,0.3469702381714945,0.024596068053703835,199,0.8610918242167396,1.0328569053488659,0.07321728476648848,199,,,,0
bowphs/LaTa,ig,abtt,200,74.815,0.5897392870128426,0.317666530362323,0.13474623833743604,0.009527997886777977,200,0.5560860055313106,0.26803228084044406,0.01919419030325565,195,0.45725901270127495,0.1556407989478166,0.011005466436529318,200,0.8043048633239982,0.22940069748979666,0.016427725158746378,195,0.5582832808773088,0.18435005220898923,0.013035517202907035,200,0.9692910937323561,0.13340564258545445,0.009553376493623231,195,0.03786731567851089,0.026081788760619687,0.001844260969810926,200,0.06944315400531978,0.06467456785414293,0.004631442001242432,195,0.09536308210157421,0.05103906964278676,0.0036090072249866977,200,0.1769827839883502,0.11826505619246999,0.00846913658185371,195,0.19787387435355733,0.09379010482981148,0.006631961913335686,200,0.3540021089934087,0.1621954997034559,0.01161506098399032,195,0.19608444682848472,0.10702246336837329,0.007664037787443246,195,0.27184747058035275,0.1329386015012917,0.009519930986907586,195,0.38762176446153535,0.18009022642078246,0.012896528980905158,195,0.47516782821136244,0.2165095590763717,0.015504571562630909,195,74.8,46.48412491751064,3.2869239946694337,200,74.815,46.490402910859686,3.287367915836369,200,0.3702401611555112,0.19275393391219736,0.013629761376969838,200,0.0879352167134659,0.1980460651007325,0.01400397156200404,200,74.8,46.48412491751064,3.2869239946694337,200,0.26202432010958193,0.13958251738250263,0.009869974457625675,200,0.08699742827127514,0.19270701840201382,0.013626443949430477,200,0.5066141559400937,0.16565813585167583,0.01171379912194423,200,0.8758756325870206,0.11844621191924408,0.008482109412899745,195,0.2223903507907658,0.08650986649571249,0.006117171323866121,200,0.3884755381436221,0.12403028979668333,0.008881993535482625,195,0.6212685893290628,0.12465368838669051,0.00892663603575856,195,0.8017467293217584,0.048729238220814514,0.0034895732290536104,195,0.18047813999269552,0.1172136514794221,0.008393843926488835,195,0.8661315051143357,0.11965781656265538,0.008568874223559952,195,0.8059215322164228,0.04888013961971368,0.0035003795026801155,195,0.06020997289791301,0.10889513605167235,0.007798142663715026,195,-0.009096945688767157,0.05993828260897708,0.00423827660854834,200,0.3793371068442783,0.1997377452723534,0.014123591414099237,200,-0.00612086578620671,0.04138587836133514,0.002926423523466168,200,0.2681451858957886,0.1442543257811716,0.010200321197535984,200,0.8121999453309522,0.0437736659537658,0.0031346973280725206,195,0.06367568725606847,0.11558062146377716,0.008276900218093216,195,0.20502941492480642,0.048138682658453294,0.0034472826668382516,195,0.18344612321881565,0.12263147726159913,0.008781822489245965,195,-0.0034657143581554614,0.038899566672331444,0.0027856558287745153,195,0.06367568725606847,0.11558062146377716,0.008276900218093216,195,-0.002967983226120141,0.037742793791708786,0.002702817602204583,195,0.18344612321881565,0.12263147726159916,0.008781822489245967,195,,,,0
bowphs/LaTa,ig,baseline,200,74.815,0.07914052862433336,0.024626929921355595,0.6041345434685578,0.042718763243565626,200,0.9489473056436198,0.5989131586053518,0.04245582815675104,199,0.03750344370875634,0.6211967672429937,0.04392524465686822,200,0.9901381232121306,0.46867087470517815,0.03322319744133175,199,0.0526714667183167,0.6267807171743001,0.04432008954309151,200,1.0144544313960147,0.2889897978497111,0.020485943613481862,199,-0.07942676036678016,0.8466106572426373,0.05986441367610687,200,1.144127713284627,1.5316913732469706,0.10857872263681853,199,-0.0841037585532575,0.8846198031039755,0.06255206615467296,200,1.2423038626428171,1.5847663299255796,0.11234110656142829,199,-0.06352121494978924,0.8659596073170113,0.06123259105674985,200,1.2034516009518512,1.478372651145847,0.10479905863956362,199,0.08210194799268833,0.1700028837953604,0.01205118491197472,199,0.11135157644470163,0.20500992109643906,0.014532767990550758,199,0.15922202623366685,0.26242652583037,0.018602923185678386,199,0.19679410044935017,0.2988630577415892,0.02118584045043336,199,74.69,46.35566999519603,3.2778408600048885,200,74.815,46.490402910859686,3.287367915836369,200,0.003491798242077795,0.24356994524564665,0.017222995997643282,200,0.27642987290358945,0.28947479475600046,0.020468959035455196,200,74.69,46.35566999519603,3.2778408600048885,200,0.007270190666422398,0.17542366380364122,0.01240432622561438,200,0.25792969038616703,0.28365351688143253,0.020057332529427378,200,0.050934424770060806,0.6170289654480637,0.04363053656568458,200,0.9953421827302594,0.2955617371714519,0.020951816040045586,199,-0.05858557952967619,0.8112977065114763,0.05736741098353583,200,1.154035723071152,1.3734944904651845,0.09736444294732703,199,-0.14444359664333745,1.374467493608482,0.09743341731139679,199,0.6971658160717913,0.5331909570590315,0.037796904813955416,199,0.8416094127151288,1.1078133374888457,0.07853080536033992,199,0.985750056302445,0.2960026626867005,0.020983072421102422,199,0.7208753773839566,0.42975577467513126,0.030464579141099794,199,0.26487467891848837,0.6695081995768225,0.04746017792789794,199,-0.0038458470079191865,0.06037542776797222,0.004269187439177174,200,0.007337645249996986,0.24926419455780005,0.017625640227882333,200,-0.0025790277772052704,0.041838723182042195,0.002958444487820884,200,0.00984921844362767,0.17849568729401333,0.012621551089815029,200,0.6950569785180356,0.39791277674211384,0.02820728886651626,199,0.3002852042122239,0.6153424471485416,0.04362046954274364,199,0.2669970416206275,0.6077368938989377,0.04308132616751021,199,0.8870386814505246,1.0085406761526092,0.07149355298109834,199,-0.035410525293735534,0.32432089427587313,0.022990498634366204,199,0.30028520421222393,0.6153424471485415,0.04362046954274363,199,-0.0454292687353958,0.38904709263083975,0.027578817182913936,199,0.8870386814505246,1.008540676152609,0.07149355298109833,199,,,,0
bowphs/LaTa,inverse,abtt,200,74.815,0.5897392870128426,0.16322406788207708,0.12741445352231515,0.009009562410680723,200,0.27584729012073406,0.20159622265732602,0.01443660535950765,195,0.2658978410276378,0.16363959295266292,0.011571066584743432,200,0.43620691869034867,0.2049881178125642,0.014679504016692485,195,0.39599903452229723,0.18579466587121687,0.013137666814582626,200,0.6529132728813325,0.16117581236644854,0.011542039657100257,195,-0.007650096843964846,0.019479293192591878,0.0013773940309202669,200,-0.01696403403382189,0.04244932463284474,0.0030398592762508605,195,-0.005951555045859228,0.03667491770010328,0.002593308300520157,200,-0.022272707263026457,0.08356272762013749,0.00598405121640862,195,0.03404573552554862,0.06785967560589104,0.0047984036790044895,200,0.0349767477261882,0.13499669729546807,0.009667314287948356,195,0.5132438342570635,0.18587022561993985,0.01331044332075042,195,0.6448679704458841,0.16816318653633291,0.012042415914453571,195,0.7973858597326328,0.15188567248642737,0.01087675892210125,195,0.8834414706104134,0.13493770929272333,0.009663090069332818,195,74.8,46.48412491751064,3.2869239946694337,200,74.815,46.490402910859686,3.287367915836369,200,-0.3702401611555112,0.19275393391219736,0.013629761376969838,200,0.0879352167134659,0.1980460651007325,0.01400397156200404,200,74.8,46.48412491751064,3.2869239946694337,200,-0.26202432010958193,0.13958251738250263,0.009869974457625675,200,0.08699742827127514,0.19270701840201382,0.013626443949430477,200,0.37866489641762874,0.16698313792238578,0.011807490916872752,200,0.6310127168017478,0.12557972026042113,0.00899295055561987,195,0.09444109126830082,0.07447557426700507,0.005266218359696162,200,0.14361262235834923,0.1211741551734044,0.008677461486883718,195,0.8661315051143357,0.11965781656265538,0.008568874223559952,195,0.8017467293217584,0.048729238220814514,0.0034895732290536104,195,-0.06438477579257736,0.13143289380966378,0.009412105019514554,195,0.6212685893290627,0.12465368838669051,0.00892663603575856,195,0.8059215322164228,0.04888013961971368,0.0035003795026801155,195,-0.18465294288735984,0.13614295250448827,0.009749399328410811,195,0.009096945688767157,0.05993828260897708,0.00423827660854834,200,-0.3793371068442783,0.1997377452723534,0.014123591414099237,200,0.00612086578620671,0.04138587836133514,0.002926423523466168,200,-0.2681451858957886,0.1442543257811716,0.010200321197535984,200,0.8144588400205635,0.04183166865816009,0.002995628013199761,195,-0.18344612321881562,0.12263147726159916,0.008781822489245967,195,0.20728830961441772,0.050569445143529526,0.003621353183920266,195,-0.06367568725606847,0.11558062146377718,0.008276900218093217,195,-0.001206819668544188,0.042474323005235876,0.0030416494468804675,195,-0.18344612321881565,0.12263147726159916,0.008781822489245967,195,-0.0007090885365088678,0.0482338443734358,0.003454097338792059,195,-0.06367568725606848,0.11558062146377716,0.008276900218093216,195,,,,0
bowphs/LaTa,inverse,baseline,200,74.815,0.07914052862433336,0.12354375382496421,0.45427435667564936,0.0321220478124508,200,-0.20239908182527103,1.2929328905929827,0.09165358254784645,199,0.12948970904041818,0.49336313596214565,0.03488604190262938,200,-0.1785796989995933,1.3895280255293039,0.09850103011300666,199,0.1436365743921854,0.5237527290503378,0.03703491063764543,200,-0.2048320552321091,1.480452627443233,0.1049465042499716,199,0.005252812583990725,0.013204368696454109,0.0009336898646550073,200,-0.007373737048612002,0.061979452734354325,0.004393606914008629,199,0.013253885344382668,0.033634861205257556,0.002378343844250595,200,-0.013419891195417175,0.14424275680625365,0.010225097925854142,199,0.02691702147663868,0.0668018695935358,0.00472360549855286,200,-0.014939799261197447,0.29256933416378095,0.020739690215050753,199,0.6150161908726182,0.4190878751269786,0.02970835179243956,199,0.7057144700368324,0.3779452198090873,0.026791826284540618,199,0.8108987842060625,0.3346050980485378,0.023719526510657982,199,0.8469323045743902,0.31472679036267576,0.02231039064006995,199,74.69,46.35566999519603,3.2778408600048885,200,74.815,46.490402910859686,3.287367915836369,200,-0.003491798242077795,0.24356994524564665,0.017222995997643282,200,0.27642987290358945,0.28947479475600046,0.020468959035455196,200,74.69,46.35566999519603,3.2778408600048885,200,-0.007270190666422398,0.17542366380364122,0.01240432622561438,200,0.25792969038616703,0.28365351688143253,0.020057332529427378,200,0.1402950796706064,0.4717164165806998,0.03335538769612312,200,-0.13485147021552288,1.3754673557686885,0.09750429566069373,199,0.030775075370869428,0.07591370277768743,0.005367909401908282,200,0.023842070125369576,0.29657072058142486,0.021023340977595093,199,0.9857500563024449,0.2960026626867005,0.020983072421102422,199,0.6971658160717913,0.5331909570590315,0.037796904813955416,199,-0.2885842402306537,0.7524536849390797,0.05334002748925776,199,-0.14444359664333745,1.374467493608482,0.09743341731139679,199,0.7208753773839566,0.42975577467513126,0.030464579141099794,199,-0.8653189740272941,1.0729855928262229,0.07606193199992364,199,0.0038458470079191865,0.06037542776797222,0.004269187439177174,200,-0.007337645249996986,0.24926419455780005,0.017625640227882333,200,0.0025790277772052704,0.041838723182042195,0.002958444487820884,200,-0.00984921844362767,0.17849568729401333,0.012621551089815029,200,0.7521872112350018,0.6067221280817566,0.043009391325981756,199,-0.8870386814505246,1.008540676152609,0.07149355298109833,199,0.3241272743375935,0.399396597791166,0.02831247415184314,199,-0.30028520421222393,0.6153424471485416,0.04362046954274364,199,0.021719707423230483,0.3906595201199235,0.02769311913705896,199,-0.8870386814505246,1.0085406761526092,0.07149355298109834,199,0.011700963981570197,0.3738306964547936,0.026500155457197954,199,-0.30028520421222393,0.6153424471485415,0.04362046954274363,199,,,,0
bowphs/LaTa,ot,abtt,200,74.815,0.5897392870128426,0.33319573826526366,0.1337407690237033,0.009456900469776435,200,0.5807611813860635,0.26842626190800595,0.01922240387351275,195,0.4684787326921104,0.15494763015802948,0.010956452001352784,200,0.8201499060674351,0.2248666271849567,0.01610303364022274,195,0.5625208681813901,0.1839906365045149,0.013010102674717161,200,0.974432378699485,0.13284305527987997,0.009513088779876467,195,0.038436383158853435,0.025414818408090734,0.0017970990438985655,200,0.07056938514826123,0.06531702925360118,0.004677449617657256,195,0.0966829970237756,0.050079632821039735,0.0035411647967089586,200,0.17936439144730643,0.11917541560023791,0.008534328773116143,195,0.2028660219482558,0.09571344753903246,0.006767962780559272,200,0.3610604546101141,0.1658033818022851,0.01187342678746554,195,0.18422957008002466,0.10601134635524774,0.007591630194193893,195,0.2578852029810397,0.12907053307562458,0.009242932853565335,195,0.376142080129864,0.1822823849065265,0.013053512710694467,195,0.46415539714989157,0.22522922150622704,0.01612899955889313,195,74.8,46.48412491751064,3.2869239946694337,200,74.815,46.490402910859686,3.287367915836369,200,0.38243507403943733,0.18942393510135275,0.013394294902920701,200,0.08489735213633798,0.19897744226416092,0.014069829872814292,200,74.8,46.48412491751064,3.2869239946694337,200,0.27043209222763404,0.1370510884506995,0.009690975401248693,200,0.08323707978801952,0.19001243643592178,0.01343590823136181,200,0.5128467149939886,0.16534934960008663,0.01169196463670064,200,0.8849552860621209,0.11712513320242206,0.008387505001010428,195,0.22858514126847695,0.08640511792146624,0.006109764481149207,200,0.39754731626516354,0.12356806916749465,0.008848893228717637,195,0.6121968112075213,0.12429196794353294,0.008900732696799632,195,0.8017467293217584,0.048729238220814514,0.0034895732290536104,195,0.18954991811423696,0.11693176601375993,0.008373657689015213,195,0.8752111585894361,0.11851283689862337,0.008486880526771353,195,0.8059215322164228,0.04888013961971368,0.0035003795026801155,195,0.06928962637301335,0.10721058601128419,0.007677509529716456,195,-0.008977596847747382,0.06205876094241938,0.004388217069441961,200,0.3914126708871846,0.19431489684410597,0.01374013812440318,200,-0.006321515880141454,0.042521988089407665,0.0030067586127553764,200,0.2767536081077755,0.1400186498094824,0.009900813677286948,200,0.8126116236916454,0.04374110268935026,0.0031323654242729963,195,0.07234366237047574,0.11415855545595861,0.008175063956086743,195,0.2056830048572067,0.0487395473818201,0.003490311483407107,195,0.19186431140795682,0.12174884675643455,0.008718616005943034,195,-0.003054035997462371,0.04007607177499769,0.002869907109114774,195,0.07234366237047572,0.1141585554559586,0.00817506395608674,195,-0.0023143932937198753,0.03853966597953845,0.0027598828048458995,195,0.19186431140795682,0.12174884675643455,0.008718616005943034,195,,,,0
bowphs/LaTa,ot,baseline,200,74.815,0.07914052862433336,0.029560170495119626,0.601819942145297,0.04255509621442352,200,0.9291347901002236,0.6145621765379359,0.04356515762567576,199,0.04536791317404261,0.6177120681914507,0.043678839223894185,200,0.9605024297633132,0.4925922357060069,0.03491893776250244,199,0.06333769887901089,0.6221380814282432,0.043991805621229924,200,0.9785429930118063,0.35389862203880074,0.02508720816416547,199,0.024501137675671938,0.7690954157674534,0.05438325838686535,200,0.8724191297330472,1.421395152670345,0.10076003086179618,199,0.0513805369139845,0.7852244001238149,0.05552374980806884,200,0.8815681340014453,1.4299921362341896,0.10136945486861368,199,0.07996952174398735,0.7623215897802126,0.05390427655784978,200,0.8274376443218895,1.3535050448037946,0.09594742871453756,199,0.08737859178597349,0.18239827733734354,0.012929871063034074,199,0.11460087549612367,0.2127885023576511,0.015084176996321082,199,0.16040903754640606,0.26564671567194753,0.018831196391203696,199,0.1974932879731387,0.2998288574840008,0.021254304178953107,199,74.69,46.35566999519603,3.2778408600048885,200,74.815,46.490402910859686,3.287367915836369,200,0.03058534750044826,0.25463697145841585,0.01800555292590512,200,0.24191608916665697,0.26443805962780204,0.018698594516663142,200,74.69,46.35566999519603,3.2778408600048885,200,0.025590213863488344,0.1834446561799639,0.012971496035728716,200,0.22450589204136392,0.25782141071235726,0.01823072678497898,200,0.061170816427047275,0.6121798302548643,0.04328765092788441,200,0.9634550960118851,0.34301960360385597,0.024316014994418312,199,0.07497824118995931,0.7156362198074189,0.050603122388853256,200,0.8085498342195684,1.2566672561874361,0.08908277988606689,199,0.20104229220824613,1.2568021716421347,0.08909234378907699,199,0.6971658160717913,0.5331909570590315,0.037796904813955416,199,0.49612352386354525,1.0173352168159235,0.07211698143938886,199,0.9538629695840706,0.3430647895447098,0.024319218140838504,199,0.7208753773839566,0.42975577467513126,0.030464579141099794,199,0.2329875922001139,0.6733006092928421,0.047729014724835664,199,-0.005363415257967304,0.059153458141205824,0.0041827811382281225,200,0.03594876275841557,0.2588758435322084,0.018305286444701217,200,-0.003499705096959272,0.04108016700900266,0.002904806466434167,200,0.029089918960447613,0.18568110863849957,0.013129637105651907,200,0.6908492254437042,0.41216522165598,0.0292176178990019,199,0.27260587056818075,0.6175937917406435,0.043780063129477464,199,0.26810376562336363,0.6084418796199371,0.043131301280251784,199,0.5404460685962049,0.9125412377625334,0.0646883332244903,199,-0.039618278368066834,0.3273291820281314,0.02320375049904947,199,0.27260587056818075,0.6175937917406434,0.04378006312947746,199,-0.04432254473265963,0.390540035785493,0.02768464911716189,199,0.5404460685962048,0.9125412377625334,0.0646883332244903,199,,,,0
bowphs/LaTa,random,abtt,1000,74.815,0.5897392870128428,0.31918125369291345,0.15027245284496224,0.004752032205703303,1000,0.5474124278109794,0.2051382861918735,0.0065696830085288606,975,0.43296866472166107,0.17322786713666555,0.0054779461436489365,1000,0.7359614401890222,0.15622516693520652,0.005003209511845233,975,0.5135501470687208,0.18919713062087615,0.005982938595303555,1000,0.8709396350949793,0.09343395369451625,0.0029922813015625777,975,0.011717643211816852,0.01613654600986205,0.0005102823895926596,1000,0.02097015710132752,0.03945163894871992,0.001263463621888678,975,0.030632884772291497,0.02761148818733856,0.0008731519225882383,1000,0.05347896045059657,0.0629490491981169,0.0020159830063760124,975,0.07938798185078474,0.05257283762775571,0.0016624990996191146,1000,0.13597414146648126,0.09914262146137888,0.0031751049876014422,975,0.22020259455330232,0.11876300055393622,0.00380346000381087,975,0.3302782729002188,0.151219667229126,0.0048429052264839165,975,0.5136376650103326,0.19162599743694808,0.006136943438127371,975,0.6589838450955601,0.20742014982293716,0.0066427611306243,975,74.8,46.39097026493542,1.4670112890234084,1000,74.815,46.39723567712282,1.4672094187533282,1000,-0.001763442065962187,0.1387263639898945,0.004386912817216305,1000,0.5128574270876731,0.28451497586826296,0.008997153521715536,1000,74.8,46.39097026493542,1.4670112890234084,1000,-0.0010745259763442307,0.09525910454539047,0.003012357382315324,1000,0.5157431413723723,0.2855790316377217,0.00903080191960486,1000,0.4807854002957272,0.1770216199412967,0.0055979151410717985,1000,0.8163025321363488,0.07643363307300163,0.00244783531051904,975,0.12033265758960132,0.0533573680113388,0.001687308128676396,1000,0.2047826569828691,0.0754483074736037,0.002416279636693344,975,0.8049614704898158,0.07344637146507023,0.0023521663732768657,975,0.8017467293217584,0.048629075240865835,0.001557376807913704,975,-0.0032147411680574804,0.07185167613402343,0.0023010952494284427,975,0.8065584046636638,0.07826238355943399,0.002506402198351554,975,0.8059215322164227,0.04877966646184422,0.0015621995867526085,975,0.0006368724472411703,0.07641141170956897,0.0024471236573387393,975,0.0015230392369389736,0.0629691893650623,0.0019912606080804878,1000,-0.0032864813029011616,0.1551097939491652,0.004905002362787655,1000,0.001014298388589454,0.04359982658708584,0.0013787475760355691,1000,-0.002088824364933686,0.10675792817097429,0.003375982113009325,1000,0.8127286672348237,0.044739101499641235,0.0014327979452071914,975,0.0035738649015249063,0.07613729820389871,0.0024383449994195357,975,0.20593892555338716,0.05305946871289723,0.0016992629533750035,975,-0.0011562685705180419,0.07245433982442608,0.0023203959342503497,975,-0.002936992454283741,0.044478985337131176,0.0014244675610316712,975,0.0035738649015249124,0.07613729820389871,0.0024383449994195357,975,-0.002058472597539439,0.04578945569301013,0.0014664362007723098,975,-0.001156268570518042,0.07245433982442608,0.0023203959342503497,975,,,,0
bowphs/LaTa,random,baseline,1000,74.815,0.07914052862433338,0.09665546375633752,0.5412180740677635,0.017114818249038436,1000,0.26467732807448396,1.4495440632431997,0.0459536361418429,995,0.08276290806604099,0.5775165339145525,0.018262676335758635,1000,0.519009906507449,1.3746156547525814,0.04357824590171361,995,0.07598397578358725,0.5978061751184599,0.01890429112687812,1000,0.819072878397935,1.1063503572260092,0.03507366423040017,995,0.00259376422398308,0.08950815319650259,0.0028304963325622903,1000,0.025900356072190735,0.47272215387009664,0.014986299765549126,995,0.004394459352751045,0.15036475799846802,0.004754951150951801,1000,0.029625433509241447,0.7175963598320985,0.022749333982062324,995,0.007148174590980888,0.3096504581115479,0.009792007261470524,1000,0.1773260269574323,0.9704552739360124,0.030765500464062696,995,0.18300986951640216,0.21157818374425333,0.006707479350149386,995,0.21876189474350952,0.23276258443181558,0.00737907000114425,995,0.287904215813217,0.27347216656953705,0.008669650517101599,995,0.3380820035187488,0.3008165042000241,0.009536524297536847,995,74.69,46.26277276757354,1.4629573282034387,1000,74.815,46.39723567712282,1.4672094187533282,1000,0.004316597440146752,0.14726398813429176,0.0046568961982437216,1000,0.5065420764295252,0.29409787784428615,0.009300191490099152,1000,74.69,46.26277276757354,1.4629573282034387,1000,0.003094801354403332,0.10171901466204263,0.0032166376768011725,1000,0.5104815799973452,0.29757122854877727,0.009410028483486575,1000,0.08156136142381273,0.5036013343347641,0.015925272491978115,1000,0.718235441606382,0.7711458923410527,0.024446968289898747,995,0.0020280151524076713,0.26429685782476786,0.008357800491519617,1000,0.3034818159705271,0.7026606976044563,0.022275841657854595,995,0.7061103104572876,0.7023038249839951,0.022264528035202128,995,0.6971658160717913,0.5321170567602602,0.016869244772400385,995,-0.008944494385496196,0.6238826108598635,0.019778408412457503,995,0.7086433151785676,0.7715445385720083,0.024459606225033792,995,0.7208753773839566,0.42889020325327526,0.01359673351426457,995,-0.012232062205389105,0.6173065967822785,0.019569934751085073,995,0.0018547134172216427,0.06515239828577463,0.002060299736054977,1000,0.002461884022925112,0.1677327056775745,0.005304173880437918,1000,0.0014161308409212075,0.04487672497888083,0.0014191266486223513,1000,0.0016786705134821246,0.11594063258097587,0.0036663647231661013,1000,0.7410065311585835,0.4420281470079442,0.014013234331496201,995,-0.022771089552201338,0.6475676839944651,0.020529275709575193,995,0.30903400042181933,0.4987812309548411,0.015812428047476124,995,-0.0055521844512922665,0.6580076339247263,0.020860244372480744,995,0.010539027346812219,0.3241435182085965,0.01027604035724683,995,-0.022771089552201328,0.6475676839944651,0.020529275709575193,995,-0.0033923099342039378,0.3425527946507896,0.010859653655187125,995,-0.005552184451292266,0.6580076339247263,0.020860244372480744,995,,,,0
bowphs/LaTa,retrieval_mark,abtt,200,74.815,0.5897392870128426,0.4471288543779266,0.1527032267672545,0.010797748715619277,200,0.797028009749798,0.2669105373552745,0.019113860583796972,195,0.5166649286382049,0.16000607112805532,0.011314137792566497,200,0.9172566566290179,0.2615798683298403,0.018732123446027503,195,0.5726737952077915,0.17808564198102395,0.012592556507674173,200,1.0038331798766824,0.19350293340605293,0.013857032878233637,195,0.05782665616628227,0.03276698325175318,0.0023169756056340704,200,0.11213777475855624,0.0853729212136903,0.0061136818721320265,195,0.15202526249162543,0.06850460702059653,0.004844007216678338,200,0.28032206874332066,0.14961745047185224,0.010714328169875156,195,0.3169684601345208,0.1260148679117449,0.008910596763072189,200,0.5556430965389393,0.19829340677641633,0.014200085801654341,195,0.10108488650497961,0.08206896601465818,0.005877080726013345,195,0.177346092863164,0.12671134279738708,0.009073987728671825,195,0.3278557505105392,0.22410852211538157,0.016048744608581994,195,0.4304114587346443,0.27711380038320343,0.01984453142560063,195,74.8,46.48412491751064,3.2869239946694337,200,74.815,46.490402910859686,3.287367915836369,200,0.5381810627220915,0.24304627227355644,0.01718596672667437,200,0.05651062074126198,0.16874034879573513,0.011931744489324759,200,74.8,46.48412491751064,3.2869239946694337,200,0.40008521644609496,0.19095935882440163,0.013502865755576956,200,0.056864975311853964,0.16700777107870754,0.011809232744060467,200,0.5450403067833544,0.17231076779591792,0.012184211237995412,200,0.952752622404833,0.15882802403305862,0.011373911042436579,195,0.3065132134597798,0.10753299855710505,0.00760373124810522,200,0.5351877926626017,0.12505827756583393,0.008955609268664561,195,0.47455633481008314,0.12658266774679505,0.009064773116907152,195,0.8017467293217584,0.048729238220814514,0.0034895732290536104,195,0.32719039451167514,0.12641112023263085,0.009052488344257405,195,0.9430084949321479,0.1595404546528404,0.011424929258791265,195,0.8059215322164228,0.04888013961971368,0.0035003795026801155,195,0.13708696271572532,0.14277378323647888,0.010224242979852437,195,0.003136587041308219,0.06028879202509086,0.004263061367048719,200,0.5350444756807832,0.24850300553889743,0.017571816036179255,200,0.002428489930106428,0.04169553000126754,0.0029483192009063415,200,0.3976567265159885,0.19362970019082515,0.013691687404405059,200,0.8129613674008079,0.041265472162744704,0.002955081840000165,195,0.1397912550040251,0.16040435136783157,0.011486794187515165,195,0.20779767905832086,0.05131765641713707,0.003674933706115701,195,0.32739011360428094,0.13581352713251926,0.009725808687535514,195,-0.002704292288299749,0.04763859785963797,0.0034114708505669842,195,0.1397912550040251,0.1604043513678316,0.011486794187515166,195,-0.00019971909260576,0.04599867008235131,0.003294033183200444,195,0.3273901136042809,0.13581352713251924,0.009725808687535512,195,,,,0
bowphs/LaTa,retrieval_mark,baseline,200,74.815,0.07914052862433336,0.053798988437890854,0.592924690298876,0.04192610692432687,200,0.6956237016406,1.3843277828286593,0.09813239468180979,199,0.0893509021708804,0.6186536560559549,0.043745419540301575,200,0.7308241483091761,1.2855494917524095,0.09113018728113018,199,0.09107612573790988,0.6295403453889716,0.04451522472550631,200,0.8068742553952172,1.1978460600252934,0.08491305584452175,199,-0.03229042855173534,0.5582980776515534,0.039477635663082704,200,0.487300804958169,1.371081631476112,0.09719339990855815,199,-0.03916165577642795,0.7307235628015042,0.05166995864297376,200,0.7809730446571249,1.4807170820010076,0.10496525093653011,199,-0.03251636483465883,0.7647280583206308,0.05407443958021396,200,0.8886987223141724,1.4924863850857149,0.10579955471180967,199,0.13883305587484787,0.24010335538690997,0.017020475589321744,199,0.18360487286238664,0.2675459478952138,0.01896582939390566,199,0.2700318944471226,0.3441566823330163,0.024396620368389965,199,0.31654881460748535,0.37337700819803105,0.026467994349382754,199,74.69,46.35566999519603,3.2778408600048885,200,74.815,46.490402910859686,3.287367915836369,200,0.08308131007624726,0.29648244300453996,0.020964474595126428,200,0.2864279757553379,0.3222572739872155,0.022787030372305127,200,74.69,46.35566999519603,3.2778408600048885,200,0.06796202375240779,0.21749492738358026,0.015379213802660533,200,0.26556588028220574,0.31661465282365653,0.0223880368034632,200,0.08799009646224266,0.5872818833554649,0.041527100218865624,200,0.7990140245868027,1.0204527498523615,0.0723379774969412,199,-0.011635925932630041,0.6597295404213837,0.046649923178104485,200,0.8183713000251176,1.2036655792859288,0.08532559062712658,199,0.19122082640269705,1.2045077406946973,0.08538528986655253,199,0.6971658160717913,0.5331909570590315,0.037796904813955416,199,0.5059449896690944,1.241217379600348,0.08798756717283839,199,0.7894218981589881,1.020965881548541,0.07237435243845276,199,0.7208753773839566,0.42975577467513126,0.030464579141099794,199,0.06854652077503143,1.0185793427652032,0.07220517518959961,199,-0.0034373520775789106,0.07052818426025344,0.004987095735519953,200,0.08651866215382617,0.3027012951894642,0.021404213850242097,200,-0.00235322464880388,0.048219046703648724,0.003409601490650085,200,0.07031524840121167,0.22108102262064314,0.015632789028671327,200,0.7263323151118042,0.48020846178271576,0.03404107530437309,199,0.07268170947499838,1.0151636956504477,0.0719630463853405,199,0.30986237559147345,0.4953839902397517,0.03511683999429929,199,0.508508924433644,1.162404624988065,0.08240067912688023,199,-0.004135188699966945,0.26453129391767216,0.018752126239477373,199,0.07268170947499841,1.0151636956504477,0.0719630463853405,199,-0.0025639347645498387,0.2724289948328424,0.0193119794136315,199,0.508508924433644,1.162404624988065,0.08240067912688023,199,,,,0
bowphs/PhilTa,attention_standalone,abtt,200,77.145,0.615253811707083,0.26525893675334816,0.1577987915847679,0.011158059559263208,200,0.48555044083549154,0.35295887781928614,0.025020591462692556,199,0.4116477381333003,0.16754305362768093,0.011847082936083457,200,0.7051940273342362,0.3027378228409683,0.02146051526571057,199,0.5344260043530269,0.1743065509103111,0.012325334415391916,200,0.8884421570256616,0.2087814066564511,0.014800121513396044,199,0.04970139398792685,0.04027679501670997,0.0028479994880776164,200,0.09473837556668721,0.09453630514104056,0.0067015009905416565,199,0.13745340554890104,0.07115245802174679,0.005031238556526831,200,0.2404181664293846,0.14455485401386625,0.010247221910315359,199,0.2744732825901387,0.11240722119117745,0.007948390835861775,200,0.45795704580912794,0.18093982479520868,0.01282648410348247,199,0.27015672295284965,0.17858322338654975,0.012659429058853021,199,0.3583670096889233,0.209440558604812,0.014846847556139813,199,0.47935128290444495,0.2529627804684495,0.017932056064073363,199,0.5598237168800837,0.2855315421104016,0.020240794363910988,199,77.12,44.50143242006021,3.1467264636739447,200,77.145,44.53967769806194,3.149430813216284,200,0.21722689237905193,0.24801712602389503,0.01753745916618947,200,0.19604971658196807,0.2666209310551773,0.018852946835538682,200,77.12,44.50143242006021,3.1467264636739447,200,0.15154007814928533,0.17551059909242464,0.012410473478836698,200,0.20728005118731094,0.28220509289899176,0.019954913487425667,200,0.48779210181001514,0.15348634270709785,0.010853123374771128,200,0.8168996116167363,0.16590822209169487,0.011760922039715127,199,0.27780633397696625,0.10099215097627276,0.007141223480193807,200,0.45829820770231194,0.12199877527974265,0.008648263882984515,199,0.5506704182730587,0.1204593201729245,0.008539134803866767,199,0.7245271242850074,0.05353772987480721,0.0037951890467064118,199,0.17385670601194875,0.12135558800863085,0.008602669546205338,199,0.8079309856413657,0.16437155809514362,0.011651990817158309,199,0.7289915074352975,0.05872565696843,0.004162951447668683,199,0.07893947820606817,0.16228771695702798,0.011504271235454975,199,0.0005752174330455067,0.06136028975966667,0.004338827698463177,200,0.21665167494600637,0.2537838882687552,0.01794523083507259,200,5.8972564762495014e-05,0.042575292145746665,0.003010527778725582,200,0.15148110558452285,0.17938042787394665,0.012684111696181206,200,0.7335842665569908,0.047819587017116194,0.00338984064676943,199,0.08331534505974564,0.17252881563403405,0.012230243472531507,199,0.27976372072476424,0.054820506386552045,0.0038861226626466187,199,0.17853448697754773,0.1284486389591303,0.009105482596702897,199,-0.004375866853677456,0.07094608429220928,0.005029234572368428,199,0.0833153450597456,0.17252881563403405,0.012230243472531507,199,-0.004677780965598967,0.06994694412158525,0.004958407403556009,199,0.17853448697754776,0.1284486389591303,0.009105482596702897,199,,,,0
bowphs/PhilTa,attention_standalone,baseline,200,77.145,0.8543424587374537,0.5653714748912295,0.08856004694156558,0.0062621409734579985,200,0.6663252177341223,0.1078750264729801,0.007627916273972256,200,0.6984530071236434,0.08474838181325521,0.0059926155474739435,200,0.8220412860631956,0.0942458767496315,0.0066641898548536,200,0.7975899733589756,0.07555635038769029,0.005342640772084263,200,0.9371557501442048,0.061125533991018374,0.0043222279588697905,200,0.017669367981601562,0.01471966790127218,0.0010408376989803514,200,0.021831594652101785,0.01986283219832571,0.001404514334100661,200,0.05988428294709885,0.02633316314377403,0.001862035822905428,200,0.07292174994553272,0.038907939733790586,0.002751206802776084,200,0.18984195408572246,0.05148306998648368,0.0036404027903744226,200,0.2277902436227275,0.07770611871515133,0.005494652348317039,200,0.14789073955426,0.08577291813974063,0.006065061205876922,200,0.23964122420255213,0.11081226458694733,0.007835610372806837,200,0.40471359416844777,0.1368128301072754,0.009674127992217748,200,0.53287450376256,0.15031782424646828,0.010629075285788535,200,77.1,44.486348196715326,3.145659848012335,200,77.145,44.53967769806194,3.149430813216284,200,0.2868412782896062,0.27487104704732296,0.01943631813190086,200,0.1572339021614617,0.2424543211555014,0.017144109461703604,200,77.1,44.486348196715326,3.145659848012335,200,0.20081422798895873,0.20722120000960959,0.01465275157324088,200,0.15511993160248091,0.24990834283680377,0.01767118838949965,200,0.7569191342457101,0.07000280509315916,0.004949945818345303,200,0.8891611225685296,0.05137393838825996,0.003632686021059851,200,0.2785563650307761,0.041766254010831165,0.0029533201435818553,200,0.33001641574934765,0.06164648529771706,0.004359064779033254,200,0.6789354569837865,0.059941065231758586,0.004238473369692169,200,0.8577546935383137,0.04285694736687676,0.0030304438104073505,200,0.17881923655452706,0.055202825302658326,0.0039034292112166027,200,0.8802092498353954,0.051556849379958844,0.0036456197813182346,200,0.86074724119053,0.04021929023092983,0.0028439332856800346,200,0.019462008644865417,0.05968496514013826,0.004220364358547446,200,0.00031976857177407335,0.06396737374681777,0.004523176375106917,200,0.28652150971783213,0.28248338466656214,0.01997459168702541,200,0.00013587423360589295,0.04390610583324934,0.0031046305170184837,200,0.2006783537553528,0.2118104399536236,0.014977259841731328,200,0.8666214287188305,0.03687359350030287,0.0026073568010780363,200,0.022539693849699276,0.06424903282081997,0.004543092679227885,200,0.14845187142343086,0.04719772213010524,0.0033373829374755792,200,0.18156454432591673,0.0606381193233043,0.004287762537190749,200,-0.0030776852048338466,0.01952074508889337,0.0013803251226170497,200,0.022539693849699262,0.06424903282081997,0.004543092679227885,200,-0.0027453077713897,0.01950294864604779,0.0013790667240753387,200,0.18156454432591673,0.060638119323304304,0.004287762537190749,200,,,,0
bowphs/PhilTa,attention_weighted,abtt,200,77.145,0.615253811707083,0.20692902956210105,0.12880861938159172,0.009108144824000046,200,0.35527351239986305,0.2598972622863306,0.018423628446790154,199,0.3597007075768673,0.16464977288834404,0.011642497093017302,200,0.5924905372949031,0.23186474082039796,0.01643645568717092,199,0.47520630851259477,0.180909610673679,0.012792241248917664,200,0.7754670700622884,0.16954550962818513,0.012018762516898028,199,0.026295925488955624,0.02671496731112823,0.001889033454487572,200,0.04994578149729709,0.07366705462636429,0.005222119045295202,199,0.09325992999024908,0.06331174081101858,0.0044768161256196325,200,0.1558149319133996,0.11612327965111051,0.008231761040859919,199,0.19361738227169895,0.10815814425980311,0.007647935724665963,200,0.31116716067651656,0.16336471108321254,0.011580617324850636,199,0.37626494844995756,0.18458283405438033,0.013084730182832283,199,0.48495073320161003,0.2129461525241759,0.01509535252032267,199,0.6301917177566891,0.23688730749954112,0.01679249599914549,199,0.7230751398226225,0.24776572981334008,0.01756364691098503,199,77.12,44.50143242006021,3.1467264636739447,200,77.145,44.53967769806194,3.149430813216284,200,0.04126550626487746,0.20439802051662723,0.014453122636841417,200,0.33843425206965067,0.3116630126725861,0.022037902970581454,200,77.12,44.50143242006021,3.1467264636739447,200,0.02719959540856799,0.13874411714482138,0.009810690608284392,200,0.3474274318284964,0.31476873626735563,0.02225751079201671,200,0.4392099635091303,0.1558068925732349,0.011017211029413833,200,0.7206997965061498,0.1217602511758256,0.00863135535756369,199,0.21317347858678165,0.09029371312587549,0.006384729684981933,200,0.346585154177435,0.11024383023007851,0.007814977921823247,199,0.6623834717979357,0.10970677224865752,0.00777690689092034,199,0.7245271242850074,0.05353772987480721,0.0037951890467064118,199,0.062143652487071814,0.11880094048410704,0.00842157538464974,199,0.7117311705307792,0.12195450951363637,0.008645125966022712,199,0.7289915074352975,0.05872565696843,0.004162951447668683,199,-0.017260336904518496,0.12267621884701765,0.00869628658421402,199,0.004138052964806908,0.0612830963998729,0.004333369303645903,200,0.037127453300070556,0.21675717857297686,0.015327047083981535,200,0.002834332028245683,0.04187373285124195,0.0029609200452707088,200,0.02436526338032231,0.14767419366726817,0.010442142374838082,200,0.735903096834033,0.04862455261494291,0.003446903145067196,199,-0.015203300327883133,0.12229183306231697,0.00866903819838935,199,0.2825018941565985,0.0507747405815047,0.0035993259287402705,199,0.06408326002083652,0.11610107573198494,0.008230187046765355,199,-0.002057036576635376,0.0779920171923702,0.005528707512835823,199,-0.015203300327883121,0.12229183306231697,0.00866903819838935,199,-0.001939607533764722,0.06853591841243166,0.004858382443055755,199,0.06408326002083653,0.11610107573198494,0.008230187046765355,199,,,,0
bowphs/PhilTa,attention_weighted,baseline,200,77.145,0.8543424587374537,0.5043099620403686,0.12793820426890468,0.00904659718113722,200,0.5891899941689961,0.1355080737107654,0.009581867782640873,200,0.6896201916458218,0.11880743734333073,0.0084009544600865,200,0.8071856631157093,0.11397342058369124,0.008059137856975452,200,0.7879400955393392,0.1061052058080789,0.007502771054608684,200,0.9225592041669521,0.08100601019362472,0.0057279899124778625,200,0.010728657478998036,0.00840850479595905,0.0005945710760862251,200,0.013146124062923202,0.01161640132914377,0.0008214036152821983,200,0.04180091941842484,0.022990872458401375,0.0016257001820730642,200,0.05051728127836015,0.03157887437026804,0.0022329636209454597,200,0.12094203564554938,0.04548875670750629,0.0032165408335622743,200,0.14496275610040682,0.06251386388093436,0.0044203977068381466,200,0.18701221493452494,0.1077041632726202,0.007615834421209284,200,0.26842714176279525,0.13360940428455037,0.009447611579990052,200,0.4146074239088439,0.16474409121274586,0.01164916640569477,200,0.5498450973213513,0.180235857514939,0.012744599706178573,200,77.1,44.486348196715326,3.145659848012335,200,77.145,44.53967769806194,3.149430813216284,200,0.11078827926523296,0.22345749010938418,0.01580083065632714,200,0.25730621546418,0.2872116152541234,0.020308928078173232,200,77.1,44.486348196715326,3.145659848012335,200,0.07515323930852114,0.1560966430335839,0.011037699480950302,200,0.2588043390730192,0.2895247002976017,0.0204724878901437,200,0.7328619119567057,0.09378112123083533,0.006631326676960136,200,0.8580093383406946,0.06288358425607306,0.004446540885278487,200,0.20576909676476696,0.048781975689535226,0.0034494065809747665,200,0.24370495367225467,0.06347411493325718,0.004488297709912045,200,0.7652469190608795,0.06284268923547619,0.004443649170640406,200,0.8577546935383137,0.04285694736687676,0.0030304438104073505,200,0.09250777447743408,0.06741692673349037,0.004767096606000768,200,0.8490574656075602,0.06592018512144879,0.004661260991644899,200,0.86074724119053,0.04021929023092983,0.0028439332856800346,200,-0.011689775582969743,0.05268925971286706,0.003725693283866746,200,-0.0035141220727021995,0.05742768766868683,0.004060750737839154,200,0.11430240133793518,0.23075954641662907,0.01631716400947303,200,-0.0023590091011543744,0.039399076740792016,0.0027859354335903214,200,0.07751224840967551,0.16174778487475658,0.011437295552684325,200,0.8667153934147592,0.03791415949058642,0.0026809359278781955,200,-0.008706055074064845,0.0521634762240046,0.0036885147768256892,200,0.1488769416982902,0.04686748046300341,0.003314031325251774,200,0.09482801197396445,0.07063767600276516,0.00499483797088135,200,-0.002983720508904906,0.020977674448573926,0.001483345585611039,200,-0.008706055074064838,0.052163476224004614,0.0036885147768256905,200,-0.0023202374965303725,0.02195275949888043,0.0015522945107415745,200,0.09482801197396444,0.07063767600276513,0.004994837970881348,200,,,,0
bowphs/PhilTa,bertscore,abtt,200,77.145,0.615253811707083,0.45061154333626796,0.11404675833923453,0.008064323619401617,200,0.8414074386299736,0.5064233424242227,0.03589939892220321,199,0.5688636689189017,0.13982635846465877,0.009887216625898122,200,1.0155695015977917,0.4231430759325769,0.029995817355801885,199,0.6425508356060854,0.17489393141916248,0.012366868489486477,200,1.104546066183897,0.3006595552900531,0.021313190785128323,199,0.12067056448344182,0.052200285059479344,0.0036911175545428663,200,0.2305745006816418,0.15310005581403865,0.01085297520522992,199,0.25049712467595114,0.09235110328238455,0.006530209138103334,200,0.4423968401528411,0.1965850992670521,0.013935548205511121,199,0.4054454248512076,0.147984401781682,0.010464077400966195,200,0.685775359677221,0.22844347763429163,0.016193928770169147,199,0.1215965848695873,0.08705728370107783,0.006171327217477262,199,0.17791390491571749,0.12305235731636213,0.00872295033335391,199,0.25445781842370047,0.17206700951948747,0.012197506905035509,199,0.30978979570112497,0.20659179032769553,0.014644903727232627,199,77.12,44.50143242006021,3.1467264636739447,200,77.145,44.53967769806194,3.149430813216284,200,0.6457113289789091,0.16828111814639196,0.011899271978696833,200,0.012537682948359196,0.09548391276219265,0.006751732220837115,200,77.12,44.50143242006021,3.1467264636739447,200,0.48182018125343634,0.14128207007835708,0.009990150981247932,200,0.01293903590001157,0.09556102564206312,0.006757184924864438,200,0.5925391334788007,0.15585549834010448,0.011020647976149657,200,1.0226216265658272,0.2843800795859637,0.02015916934972644,199,0.3775098306015836,0.1174920218772887,0.008307940540474904,200,0.643476956341087,0.1923055558958026,0.013632179419321443,199,0.36549166963428364,0.1924120305393415,0.013639727206682913,199,0.7245271242850074,0.05353772987480721,0.0037951890467064118,199,0.3590354546507238,0.18943026609149202,0.013428355529198657,199,1.013653000590457,0.2845423829243898,0.02017067472833848,199,0.7289915074352975,0.05872565696843,0.004162951447668683,199,0.2846614931551592,0.27968987213876895,0.019826689359035792,199,0.0026221902291499828,0.05713554569271055,0.004040093180610947,200,0.6430891387497591,0.16710837796780423,0.011816346725411903,200,0.0022166202906145223,0.03838175785200862,0.002714000125101531,200,0.4796035609628218,0.13955672024480706,0.0098681503245257,200,0.7355766741874952,0.04496928078460886,0.003187787795095173,199,0.28704495237833205,0.29352903285701437,0.020807721451661175,199,0.2804729790323231,0.052050971960168335,0.0036897955724979233,199,0.3630039773087638,0.20754424659157011,0.014712421561637943,199,-0.002383459223172824,0.052215559578712996,0.0037014628794342624,199,0.28704495237833205,0.2935290328570143,0.02080772145166117,199,-0.0039685226580401245,0.054058183100711955,0.003832082997699395,199,0.3630039773087638,0.20754424659157006,0.014712421561637939,199,,,,0
bowphs/PhilTa,bertscore,baseline,200,77.145,0.8543424587374537,0.5895882272580018,0.09640042546529494,0.006816539455577839,200,0.6950781494862036,0.12117667160269668,0.008568484621188217,200,0.7432630993743703,0.09120928769368918,0.006449470583540233,200,0.8743056703913519,0.10056029938802684,0.00711068696154232,200,0.838395728388446,0.08677803763402502,0.006136133886908051,200,0.9838850865543407,0.05967792384126013,0.0042198664635289375,200,0.03842011129781757,0.02609559229505139,0.0018452370270910258,200,0.046796748386499,0.03447582413430227,0.002437808903235997,200,0.0945015124879803,0.05060283054008892,0.00357816046221306,200,0.11320186487520703,0.0631531114607178,0.004465599336690342,200,0.21301189217883923,0.08150424934288102,0.005763220740587037,200,0.25277783234028994,0.09874287563191174,0.006982175695318469,200,0.12960594642598677,0.06970420746876167,0.004928831777839537,200,0.19921059298502597,0.09203844768590909,0.006508101048858962,200,0.31063378750141674,0.1321001942783095,0.0093408943170253,200,0.3932380178931568,0.1599298296495723,0.011308746705922194,200,77.1,44.486348196715326,3.145659848012335,200,77.145,44.53967769806194,3.149430813216284,200,0.5614219776647987,0.2544556611174966,0.017992732348748798,200,0.031369539691864484,0.10386754471352402,0.007344544521212977,200,77.1,44.486348196715326,3.145659848012335,200,0.41593071152444483,0.19747995681363298,0.013963941661134642,200,0.03199726514572673,0.10619233115434575,0.007508931746924535,200,0.778499753995453,0.07703824178921073,0.005447426317983977,200,0.9139406599129916,0.05308386925676128,0.0037535963923075993,200,0.2668126674811155,0.06276559422118644,0.004438197729900411,200,0.31581866739329767,0.0791063016846199,0.005593660235578354,200,0.6931332053398366,0.07694071923273602,0.0054405304318837855,200,0.8577546935383137,0.04285694736687676,0.0030304438104073505,200,0.16462148819847713,0.06683943564292882,0.004726261819379679,200,0.9049887871798573,0.05429301444156316,0.0038390958682688464,200,0.86074724119053,0.04021929023092983,0.0028439332856800346,200,0.04424154598932738,0.059656055347433234,0.004218320127501004,200,-0.0004075951364156438,0.06132190987057276,0.004336113830479228,200,0.5618295728012144,0.25667578510786304,0.0181497188216151,200,4.7682538635287904e-05,0.04199904393197388,0.002969780876765045,200,0.4158830289858095,0.19866853997737527,0.014047987182643275,200,0.8663012038570068,0.0393096523218418,0.0027796121722859844,200,0.047639456055984845,0.06362879560812662,0.0044992352853239145,200,0.14921150105650052,0.04461164196174419,0.003154519455101565,200,0.1666071663367972,0.06772321136828031,0.004788754200224089,200,-0.0033979100666574526,0.019587328282391674,0.0013850332653806202,200,0.04763945605598483,0.06362879560812662,0.0044992352853239145,200,-0.0019856781383200493,0.01871580481331231,0.0013234072498856959,200,0.1666071663367972,0.06772321136828031,0.004788754200224089,200,,,,0
bowphs/PhilTa,dla,abtt,200,77.145,0.615253811707083,0.511797303932517,0.1343708580783283,0.009501454494104111,200,0.8723820027132924,0.3143418045092848,0.022283099716503656,199,0.5829606452476761,0.16485330754347394,0.011656889166502184,200,0.9702165293259175,0.20772568147657883,0.014725283139629496,199,0.6131054902443058,0.18950677456019166,0.013400152537230182,200,1.0064959454860434,0.10588581634849183,0.007506046508641024,199,0.17812132480762508,0.0617047233959679,0.0043631828344529115,200,0.311168996375601,0.16794338564985808,0.011905190959265106,199,0.34128014483054886,0.1122720290842868,0.007938831310307247,200,0.5666559374247855,0.18011818402994445,0.012768239533906022,199,0.48190886631101454,0.17243162069602852,0.012192756828514839,200,0.7761793592525251,0.14553755063875373,0.010316883427076144,199,0.06865506303475866,0.04703133920041318,0.0033339632405544675,199,0.11476297257436822,0.08514850542339594,0.006036017512919573,199,0.2050707989731313,0.1535025064035128,0.010881504171112194,199,0.28525698858454324,0.22494809715462227,0.015946147817530086,199,77.12,44.50143242006021,3.1467264636739447,200,77.145,44.53967769806194,3.149430813216284,200,0.5988207031462704,0.18363512600884255,0.01298496428648987,200,0.01987799743090981,0.09999914609892924,0.007071007431941715,200,77.12,44.50143242006021,3.1467264636739447,200,0.4453588567925919,0.14825042506672964,0.010482888087847265,200,0.020062163292254392,0.10137822093474906,0.007168522748758907,200,0.5863108308862125,0.17427770316427463,0.012323294571707482,200,0.9682621157500959,0.11688316882516452,0.008285628156197537,199,0.42316941653177353,0.13991920538287728,0.00989378189444658,200,0.6867651751589603,0.11785753179490809,0.00835469891580827,199,0.3222034508164104,0.11799413811761683,0.008364382681273624,199,0.7245271242850074,0.05353772987480721,0.0037951890467064118,199,0.40232367346859715,0.13428129679957138,0.009518948748536215,199,0.9592934897747253,0.11698164886774615,0.008292609221322992,199,0.7289915074352975,0.05872565696843,0.004162951447668683,199,0.2303019823394277,0.1324955998189622,0.009392364045796816,199,-0.0028688079583277094,0.06167010851160925,0.0043607351925069125,200,0.6016895111045981,0.1885096923839342,0.013329648180406994,200,-0.001959794984113778,0.0423422604278598,0.002994049947930647,200,0.4473186517767057,0.15030848799758562,0.010628415113298957,200,0.7364613342397435,0.05119920297395074,0.003629415269964057,199,0.2318007815103525,0.14316718790039418,0.010148852867648626,199,0.28046997670555335,0.05208790802139982,0.003692413900457327,199,0.40629519845340695,0.13501145952054588,0.009570708611485873,199,-0.001498799170924799,0.07114164300170775,0.005043097361732344,199,0.2318007815103525,0.14316718790039418,0.010148852867648626,199,-0.003971524984809902,0.0678733413363327,0.004811413599444162,199,0.4062951984534069,0.1350114595205459,0.009570708611485875,199,,,,0
bowphs/PhilTa,dla,baseline,200,77.145,0.8543424587374537,0.6213436415711804,0.07819015761125526,0.0055288790668963535,200,0.729458318457976,0.07152210805154927,0.005057376760800745,200,0.7350566326302319,0.08393878202895842,0.005935368197721601,200,0.8619514831645364,0.058464292660418526,0.004134049779745684,200,0.8179350159919286,0.08604741619104775,0.006084471149227099,200,0.9589364093881494,0.04657089285015906,0.003293059414025957,200,0.05621444259450816,0.03075297341581252,0.0021745636043970654,200,0.06769627073470634,0.04004205196082242,0.002831400647412162,200,0.13359621011814457,0.05787663602675655,0.004092496180678519,200,0.15905778060398493,0.07216851201304345,0.005103084423256583,200,0.28518878891171434,0.09468699169677117,0.006695381391894121,200,0.3372941075284108,0.1152824351104049,0.008151699161826544,200,0.10170339862234982,0.04782981392991642,0.003382078577273469,200,0.18171622315210698,0.06995059793777084,0.004946254214985148,200,0.3454365951382367,0.11517245145331029,0.008143922142851414,200,0.4863087874887484,0.14945668926121194,0.010568183847029362,200,77.1,44.486348196715326,3.145659848012335,200,77.145,44.53967769806194,3.149430813216284,200,0.5314942504180027,0.2932321054595608,0.020734641023206428,200,0.06933462378887471,0.20064185310105057,0.014187521491758797,200,77.1,44.486348196715326,3.145659848012335,200,0.39965087123817894,0.2294145356762755,0.016222057387945753,200,0.06808995519561209,0.19633990279382443,0.013883327668302081,200,0.7768833043747877,0.07974417398353001,0.005638764618387393,200,0.9108568221716413,0.03771846782059672,0.0026670984371910517,200,0.337224267703034,0.0710302679456659,0.005022598413387782,200,0.3975350359452102,0.08443818505299067,0.0059706813242054275,200,0.611416836787924,0.08316832593871874,0.005880888725120105,200,0.8577546935383137,0.04285694736687676,0.0030304438104073505,200,0.2463378567503896,0.0784499880439168,0.005547251852985715,200,0.901904949438507,0.03917273874758496,0.0027699309206066346,200,0.86074724119053,0.04021929023092983,0.0028439332856800346,200,0.041157708247977126,0.04856544796759497,0.0034340957589248833,200,0.0016889805355631603,0.05603828781506318,0.003962505332011465,200,0.5298052698824395,0.29503085783877564,0.020861832023708254,200,0.0009393252078880445,0.038449490356421284,0.002718789536419225,200,0.39871154603029096,0.22995444543533225,0.016260234773131536,200,0.8667053347685902,0.03847589371888492,0.0027206565360836416,200,0.044151487403051276,0.051102085994590374,0.003613463153955295,200,0.14962893116484732,0.046318688465295174,0.0032752258709477337,200,0.24790610478036285,0.07879676115323737,0.005571772414699087,200,-0.002993779155074161,0.018968947401742122,0.0013413071339742795,200,0.044151487403051276,0.051102085994590374,0.003613463153955295,200,-0.0015682480299732357,0.020069032869913815,0.0014190949234171777,200,0.24790610478036285,0.07879676115323737,0.005571772414699087,200,,,,0
bowphs/PhilTa,ig,abtt,200,77.145,0.615253811707083,0.48642160196084033,0.12569370530572005,0.008887887137413817,200,0.8440654208261309,0.2778266334836393,0.01969460787272915,199,0.5768494592103043,0.15612399624054182,0.011039633644763017,200,0.9714793076923722,0.20663895531191284,0.014648247164317243,199,0.628394152365831,0.18824067205428596,0.013310625570469864,200,1.0378719121879227,0.14165474936844968,0.010041638942746041,199,0.1603178419429701,0.057683468655829816,0.0040788371848898925,200,0.28801043271770915,0.14773137562537303,0.010472399557085354,199,0.3099378555325589,0.10614292132682371,0.007505437944514726,200,0.5224433359791512,0.17543396305918432,0.012436183913278246,199,0.4536333418245263,0.15607818030585624,0.01103639396895276,200,0.7464610468668166,0.2037470960343655,0.014443248695379015,199,0.08444054674362145,0.05617656620040379,0.003982251194137279,199,0.13628710159891153,0.09526793877400234,0.006753365123677514,199,0.22086325430877665,0.1490174444082452,0.010563566555937955,199,0.2903310791778767,0.1984807982468938,0.014069930743227448,199,77.12,44.50143242006021,3.1467264636739447,200,77.145,44.53967769806194,3.149430813216284,200,0.61391251312421,0.17867394329038352,0.012634155692197082,200,0.009771965890726271,0.05710261582258606,0.004037764687164084,200,77.12,44.50143242006021,3.1467264636739447,200,0.46186064731380405,0.1434518314823742,0.010143576281481666,200,0.009912018470371774,0.05797376332246878,0.004099364117622162,200,0.5892323786503182,0.17092922340404215,0.012086521297194853,200,0.9794883612170749,0.12644454812808892,0.008963416364377419,199,0.41350765377682863,0.1312765620725051,0.009282654725232509,200,0.6842964891891935,0.143402932101185,0.01016556433096166,199,0.324672136786177,0.1441626747013824,0.010219421055954069,199,0.7245271242850074,0.05353772987480721,0.0037951890467064118,199,0.3998549874988305,0.14975539755060324,0.010615878667217402,199,0.9705197352417043,0.1267941199902002,0.008988196856662465,199,0.7289915074352975,0.05872565696843,0.004162951447668683,199,0.24152822780640673,0.13615280970815388,0.009651616781118677,199,0.00016817609341957085,0.06063687973689572,0.004287674885195212,200,0.6137443370307905,0.18595434851298853,0.013148958082466078,200,-0.00018512155934938601,0.04191220203153881,0.0029636402270961683,200,0.4620457688731534,0.14782842424461443,0.010453048123548869,200,0.7334846406881903,0.04774786128602161,0.003384756144500587,199,0.24600372052888447,0.14255179077045024,0.010105228521745294,199,0.2787568422258683,0.052762580582188176,0.0037402401702450977,199,0.4055396469633253,0.15688122650409056,0.01112101528874054,199,-0.004475492722477734,0.07463637059262547,0.0052908320323149065,199,0.24600372052888447,0.14255179077045022,0.010105228521745292,199,-0.005684659464494972,0.0677136834650864,0.004800095753028347,199,0.4055396469633253,0.15688122650409053,0.011121015288740538,199,,,,0
bowphs/PhilTa,ig,baseline,200,77.145,0.8543424587374537,0.5431735287207943,0.09184908295351242,0.006494710940219436,200,0.6369780572287221,0.09665268265407072,0.00683437673245648,200,0.6951038198016058,0.08953206495277087,0.006330873026173871,200,0.8136840656047412,0.06325433400966952,0.004472756851767618,200,0.8010966918695757,0.09473612404511808,0.006698855573563293,200,0.9374918462714175,0.04168066389674942,0.002947268008574882,200,0.03483563291294727,0.029137353287278702,0.002060322009526291,200,0.042157433173035004,0.037653729212505684,0.002662520726312477,200,0.095356823346543,0.05418293597192374,0.003831312145034379,200,0.11303327133401062,0.06596047876085025,0.004664110182210845,200,0.1957248293979044,0.08699414301062527,0.006151414844632543,200,0.23076662879284615,0.10276716558178084,0.0072667359666198,200,0.15559669220336864,0.060928614514495265,0.004308303649150071,200,0.239519452437029,0.07954448071609158,0.0056246441720310915,200,0.4107985468757402,0.10424918082998752,0.0073715302698026805,200,0.5484955464294278,0.12721102938463677,0.008995178151959781,200,77.1,44.486348196715326,3.145659848012335,200,77.145,44.53967769806194,3.149430813216284,200,0.32853826952751675,0.23724713319355112,0.016775905669822806,200,0.13118478494742014,0.23832435219383072,0.016852076555814874,200,77.1,44.486348196715326,3.145659848012335,200,0.23442362020575214,0.17294958249212306,0.01222938225835624,200,0.12746795339902545,0.235294014155195,0.01663779929817419,200,0.7453330639650673,0.08533634222816844,0.006034190627119383,200,0.8724677192167313,0.036554452854830756,0.002584790149621478,200,0.22398294110980724,0.07737684500882847,0.005471369181256307,200,0.26332070246317096,0.09047487768227788,0.006397539953616212,200,0.7456311702699634,0.08862249205864418,0.006266556510031825,200,0.8577546935383137,0.04285694736687676,0.0030304438104073505,200,0.11212352326835036,0.08300693947645067,0.00586947697893396,200,0.863515846483597,0.03816820702460141,0.0026988998012827674,200,0.86074724119053,0.04021929023092983,0.0028439332856800346,200,0.0027686052930670883,0.046513919988799377,0.003289030824364854,200,0.0013296335781179211,0.06210046013928201,0.00439116564792912,200,0.32720863594939886,0.2382043452071261,0.016843590780406013,200,0.0011243821240391697,0.0422564131316499,0.002987979627400992,200,0.23329923808171293,0.17314679381555131,0.01224332720476853,200,0.8667812510173475,0.0386845310657206,0.0027354094243592694,200,0.005686468199383772,0.047988052156031115,0.0033932677095463324,200,0.14997559180545217,0.04505615829183412,0.0031859515062370395,200,0.11334511065771874,0.08082678422175463,0.005715316722470454,200,-0.002917862906316678,0.020131063982928913,0.0014234811854829303,200,0.005686468199383765,0.047988052156031094,0.0033932677095463307,200,-0.0012215873893683872,0.020555926249651378,0.0014535234844699045,200,0.11334511065771874,0.0808267842217546,0.005715316722470452,200,,,,0
bowphs/PhilTa,inverse,abtt,200,77.145,0.615253811707083,0.032654672297380206,0.07295938307324548,0.005159007452227889,200,0.04618278482995173,0.14751367128329707,0.010456966905450718,199,0.07294368289580877,0.08802582712411113,0.00622436592790137,200,0.1089712350991454,0.16133506522124155,0.011436739544413217,199,0.16452872027360477,0.11856075203260817,0.008383511174483398,200,0.25532651533264317,0.1925742697722379,0.013651228040974435,199,-0.016822212022094857,0.018511570909874323,0.0013089657320787761,200,-0.03025869900685876,0.04073484158938073,0.002887616359170389,199,-0.02428082914616737,0.03145913687259935,0.0022244969012890758,200,-0.048687664158419394,0.07251864667943647,0.005140710564369268,199,-0.012295127146796076,0.05733637931511748,0.0040542942622403665,200,-0.03823828730993119,0.13898798875375512,0.009852597294944697,199,0.8594472770509366,0.12115834526235787,0.008588687378639624,199,0.9090166088261871,0.11621026824049352,0.008237927498466299,199,0.9514920673031636,0.11376028215719854,0.008064252589768318,199,0.9702538212292214,0.1140415028043443,0.00808418779289051,199,77.12,44.50143242006021,3.1467264636739447,200,77.145,44.53967769806194,3.149430813216284,200,-0.61391251312421,0.17867394329038352,0.012634155692197082,200,0.009771965890726271,0.05710261582258606,0.004037764687164084,200,77.12,44.50143242006021,3.1467264636739447,200,-0.46186064731380405,0.1434518314823742,0.010143576281481666,200,0.009912018470371774,0.05797376332246878,0.004099364117622162,200,0.21261152218539794,0.11216798112847352,0.007931474008794832,200,0.3336407627615477,0.14513540934143782,0.010288376386333653,199,0.036886797311908345,0.06118864455120187,0.004326690549376813,200,0.038448890733666405,0.1273899854881559,0.009030436641883837,199,0.9705197352417043,0.12679411999020018,0.008988196856662464,199,0.7245271242850074,0.05353772987480721,0.0037951890467064118,199,-0.2459926109566968,0.14375098079672374,0.010190236848831167,199,0.32467213678617696,0.1441626747013824,0.010219421055954069,199,0.7289915074352975,0.05872565696843,0.004162951447668683,199,-0.4043193706491205,0.15494007661313047,0.01098341082135998,199,-0.00016817609341957085,0.06063687973689572,0.004287674885195212,200,-0.6137443370307905,0.18595434851298853,0.013148958082466078,200,0.00018512155934938601,0.04191220203153881,0.0029636402270961683,200,-0.4620457688731534,0.14782842424461443,0.010453048123548869,200,0.7391804097248731,0.048004524514822296,0.0034029505183919427,199,-0.40553964696332545,0.15688122650409056,0.01112101528874054,199,0.28445261126255084,0.051738714635389836,0.003667660237631757,199,-0.2460037205288845,0.14255179077045022,0.010105228521745292,199,0.0012202763142048693,0.054671504088863135,0.0038755601698131463,199,-0.4055396469633253,0.15688122650409056,0.01112101528874054,199,1.1109572187633611e-05,0.05226614363896927,0.0037050486883931305,199,-0.2460037205288845,0.14255179077045022,0.010105228521745292,199,,,,0
bowphs/PhilTa,inverse,baseline,200,77.145,0.8543424587374537,0.4381966074628473,0.16786471959900168,0.011869828155043243,200,0.5140172909828752,0.18974410543270592,0.013416934364164159,200,0.544124160686791,0.13297228121471558,0.009402560175676995,200,0.6363226062941991,0.1370768580139697,0.009692797584542352,200,0.6624509069578411,0.11955717118128652,0.008453968648176857,200,0.7738036288730327,0.10075228826460209,0.007124262625196194,200,0.0018617638455235741,0.011212318348503112,0.0007928306337048902,200,0.0024317378584903376,0.014600232663012181,0.0010323923522917238,200,0.012695106425088167,0.021642569601060417,0.0015303607727211652,200,0.015304256949378514,0.02833428492873502,0.0020035365013180324,200,0.055682400351691703,0.034861358865847215,0.0024650703255418333,200,0.06549286466265145,0.04278292309974178,0.003025209504281,200,0.32457808396159576,0.19178416807285636,0.01356118857685373,200,0.516185152011897,0.1874997718795937,0.013258236016699145,200,0.7296976608413676,0.1466613576234022,0.010370524051353306,200,0.8367875907160122,0.1118183550238266,0.007906751709847264,200,77.1,44.486348196715326,3.145659848012335,200,77.145,44.53967769806194,3.149430813216284,200,-0.32853826952751675,0.23724713319355112,0.016775905669822806,200,0.13118478494742014,0.23832435219383072,0.016852076555814874,200,77.1,44.486348196715326,3.145659848012335,200,-0.23442362020575214,0.17294958249212306,0.01222938225835624,200,0.12746795339902545,0.235294014155195,0.01663779929817419,200,0.64529972633246,0.1061929318629761,0.007508974223439139,200,0.7545830430030975,0.08709144129367982,0.00615829487220711,200,0.12394960347720006,0.03358163412706194,0.0023745801214571085,200,0.14543602624953725,0.04049847493788303,0.002863674625629053,200,0.863515846483597,0.03816820702460141,0.0026988998012827674,200,0.8577546935383137,0.04285694736687676,0.0030304438104073505,200,-0.005761152945283343,0.048543682986437645,0.0034325567423480093,200,0.7456311702699634,0.08862249205864418,0.006266556510031825,200,0.86074724119053,0.04021929023092983,0.0028439332856800346,200,-0.11511607092056661,0.07919102759880689,0.005599651262424739,200,-0.0013296335781179211,0.06210046013928201,0.00439116564792912,200,-0.32720863594939886,0.2382043452071261,0.016843590780406013,200,-0.0011243821240391697,0.0422564131316499,0.002987979627400992,200,-0.23329923808171293,0.17314679381555131,0.01224332720476853,200,0.8679281536608164,0.03616358337247412,0.0025571515034681527,200,-0.11334511065771874,0.08082678422175461,0.005715316722470453,200,0.151122494448921,0.048137739762186875,0.003403852221683564,200,-0.005686468199383763,0.0479880521560311,0.003393267709546331,200,-0.0017709602628478676,0.02002105110837955,0.0014157021005217622,200,-0.11334511065771873,0.08082678422175463,0.005715316722470454,200,-7.468474589957502e-05,0.01668127329620047,0.0011795441466569425,200,-0.005686468199383768,0.047988052156031094,0.0033932677095463307,200,,,,0
bowphs/PhilTa,ot,abtt,200,77.145,0.615253811707083,0.4876776315874086,0.12566650485206565,0.00888596377489078,200,0.8461743348461906,0.2774263912651298,0.019666235454113928,199,0.5764234965011013,0.15636240447130736,0.011056491652429517,200,0.9709076958850197,0.20459035012549082,0.014503025393003527,199,0.6292456185136924,0.18769106659084184,0.013271762595452012,200,1.0400861427696577,0.1441253305400198,0.010216773798543395,199,0.16105158110929416,0.05788640518291197,0.004093186964334916,200,0.28936743449239755,0.14815718654468812,0.010502584492844332,199,0.30977783754413873,0.10642214830402288,0.007525182273421502,200,0.5225001800645076,0.175384342569677,0.012432666410038741,199,0.4546177544209452,0.15572087678180915,0.011011128794473204,200,0.7486156161725349,0.20445944945076447,0.014493746090199886,199,0.08391803905869484,0.05663691303259679,0.004014884315849954,199,0.13625750970631628,0.09604307529002055,0.00680831309442961,199,0.22059041650197633,0.14911848146793089,0.010570728883200004,199,0.2887450324588406,0.1974800371444964,0.013998988669608154,199,77.12,44.50143242006021,3.1467264636739447,200,77.145,44.53967769806194,3.149430813216284,200,0.615754126277385,0.17776358971700323,0.012569783973695622,200,0.008105245380968146,0.04315132383678639,0.0030512593702168365,200,77.12,44.50143242006021,3.1467264636739447,200,0.46348668060570886,0.14279227480546838,0.01009693858159997,200,0.00791835542008659,0.04247837567251668,0.0030036747491826213,200,0.5898170543455243,0.1709715573345122,0.012089514758125816,200,0.9808118977204113,0.1274351799550413,0.009033640392698382,199,0.41431885036118865,0.13164352851326958,0.009308603171105753,200,0.6859638807300892,0.1444942663192114,0.010242926962515797,199,0.32300474524528144,0.14516417833455705,0.010290415766184577,199,0.7245271242850074,0.05353772987480721,0.0037951890467064118,199,0.4015223790397261,0.15018714179180012,0.010646484205012907,199,0.9718432717450407,0.12775818451461504,0.009056537578839763,199,0.7289915074352975,0.05872565696843,0.004162951447668683,199,0.24285176430974315,0.1371101451945879,0.009719480494440736,199,0.0004889535531023342,0.06050746927043807,0.00427852418335634,200,0.6152651727242826,0.1844145836438527,0.0130400802644262,200,-5.7903651017382485e-06,0.04177870050546071,0.0029542002436573106,200,0.4634924709708106,0.1468576497174353,0.010384403998431718,200,0.734001618825966,0.04820008486367789,0.0034168134239668034,199,0.24681027889444523,0.1431434659607194,0.010147171263930447,199,0.2794993304843992,0.05267840153394728,0.003734272875729752,199,0.4064645502456901,0.1567753988682797,0.011113513366540862,199,-0.003958514584702097,0.07433795245897966,0.005269677731697389,199,0.24681027889444523,0.14314346596071936,0.010147171263930445,199,-0.004942171205964071,0.06675878779862814,0.00473240499395873,199,0.4064645502456901,0.15677539886827968,0.01111351336654086,199,,,,0
bowphs/PhilTa,ot,baseline,200,77.145,0.8543424587374537,0.5464539346950051,0.08984077123541567,0.006352701856759174,200,0.6408563101242762,0.09437344188780325,0.0066732100722780244,200,0.6986969234976034,0.08741964521117304,0.006181502393774255,200,0.81814219790313,0.06179727845030352,0.004369727465108292,200,0.8034896944075777,0.09378416182826509,0.00663154167966628,200,0.9404109586414716,0.040697464324182,0.0028777453000726687,200,0.03513168766853239,0.029046717785464478,0.002053913111731383,200,0.04250484836635944,0.03752705741012604,0.0026535636772677,200,0.09590607087935435,0.05399188905203467,0.003817803087776543,200,0.11374360453940043,0.0659394626171258,0.00466262411643665,200,0.1973971522198749,0.08665008130256548,0.006127086007940972,200,0.23289538284147843,0.10284923938601194,0.007272539460972759,200,0.15239378497322373,0.05815181746601796,0.004111954446854362,200,0.23655048317956912,0.07874163100366227,0.0055678741244378485,200,0.401471052434182,0.10155919116736298,0.007181319276626328,200,0.541377648154692,0.12703790047673583,0.008982936089480163,200,77.1,44.486348196715326,3.145659848012335,200,77.145,44.53967769806194,3.149430813216284,200,0.33999246293573726,0.23541009628077025,0.01664600754399107,200,0.12249542054760196,0.22689052423909573,0.01604358282764353,200,77.1,44.486348196715326,3.145659848012335,200,0.24322414220484184,0.17207272704717452,0.012167379215231896,200,0.11826590539849569,0.21945601088967812,0.01551788334722402,200,0.7476262883888342,0.08427771580207498,0.005959334434655987,200,0.8753262214846567,0.03642345401554515,0.002575527132862836,200,0.22971066343096389,0.07711885854967561,0.005453126783784178,200,0.2705092266950236,0.09167735638728473,0.006482568038270488,200,0.7384426460381107,0.08992749040651275,0.006358833828153336,200,0.8577546935383137,0.04285694736687676,0.0030304438104073505,200,0.11931204750020302,0.08416341968077574,0.005951252478412586,200,0.8663743487515225,0.03795442728062462,0.0026837832906181362,200,0.86074724119053,0.04021929023092983,0.0028439332856800346,200,0.005627107560992522,0.046598877743114296,0.0032950382447839,200,0.0007964122583701699,0.062142226722107584,0.0043941189913234155,200,0.33919605067736713,0.23839097357357508,0.0168567873987538,200,0.0006405354859879143,0.04230296822355217,0.002991271569519278,200,0.24258360671885393,0.1735884080880313,0.012274554049442466,200,0.866624468038205,0.0389617349678282,0.0027550107002544347,200,0.008701753446451634,0.048554125254427,0.003433295122198633,200,0.14960779090934617,0.04455532352090593,0.0031505371399593064,200,0.12090143578567741,0.08308741841771174,0.005875167699444801,200,-0.003074645885459124,0.019883799643107745,0.001405996956339614,200,0.008701753446451644,0.048554125254426976,0.0034332951221986317,200,-0.0015893882854743852,0.020634583724364598,0.0014590854078459772,200,0.12090143578567741,0.08308741841771172,0.0058751676994447995,200,,,,0
bowphs/PhilTa,random,abtt,1000,77.145,0.6152538117070829,0.24789584765520867,0.13265793227365924,0.004195012156731225,1000,0.40046448031550697,0.21116183892320783,0.006694280331988421,995,0.3705964124346225,0.15290134004338773,0.004835164918290139,1000,0.6027726033674422,0.18085167999849588,0.005733383695627285,995,0.48749494806287375,0.17759884195509373,0.005616168503863676,1000,0.7921043999056612,0.14178479539886374,0.004494880192622245,995,0.02116405448037411,0.025996618393366974,0.0008220852558526677,1000,0.03373340201751559,0.061488606111587164,0.0019493198611699601,995,0.05632848785128304,0.04514761046484632,0.0014276927998296766,1000,0.09313288169106246,0.09334883976526126,0.0029593571700319513,995,0.13407116183294232,0.07867129959119476,0.0024878049319364895,1000,0.21952280634866814,0.14567662234234657,0.004618259401176752,995,0.3514822181362696,0.16305921710459412,0.005169324701750101,995,0.47786156031999516,0.1782939387143971,0.005652297845741861,995,0.6419557354161824,0.19249882957990846,0.006102623160315466,995,0.7507814159710668,0.20026108505149912,0.006348703202051776,995,77.12,44.412251103136484,1.4044386950123697,1000,77.145,44.450419737217494,1.4056456932011048,1000,-0.0022773823216688622,0.13459891636905047,0.004256391463167203,1000,0.5061643348537704,0.2869232019559793,0.009073308317293737,1000,77.12,44.412251103136484,1.4044386950123697,1000,-0.001824197698918075,0.09245290177138382,0.0029236174588938863,1000,0.5086707366819521,0.2884927981240471,0.009122943306271404,1000,0.454016242500725,0.16135289719233203,0.005102426621947568,1000,0.7377494719843813,0.10090777827765877,0.0031989916308430948,995,0.17405305896171205,0.07400908919181964,0.0023403728940070033,1000,0.28473984227801125,0.10304236400019144,0.0032666625475776772,995,0.7242287836973594,0.10192177728319524,0.003231137560401357,995,0.7245271242850073,0.05342989949368968,0.0016938416862849858,995,0.0002983405876479829,0.11332512538482427,0.003592647998579128,995,0.7287808460090106,0.10194446765671998,0.003231856893600891,995,0.7289915074352976,0.05860737757953751,0.0018579787760931335,995,-0.00021066142628693705,0.11811682834655388,0.0037445551947704932,995,-0.0003522144429722889,0.05963412767863584,0.0018857966974177892,1000,-0.0019251678786965712,0.14714083270624334,0.004653001681655261,1000,-0.00035253215782970364,0.041009603100860006,0.0012968375173822149,1000,-0.0014716655410883712,0.10086790264553808,0.0031897231516402405,1000,0.7354042847542444,0.04571907971951495,0.0014493922657789582,995,0.002345187230136881,0.10242076191907835,0.0032469564368185658,995,0.2812197489796525,0.05445173937154411,0.0017262361882065664,995,0.0035200932983586648,0.10446620383876891,0.003311801305015554,995,-0.0025558486564238184,0.06843851151311606,0.002169646674366327,995,0.0023451872301368804,0.10242076191907834,0.0032469564368185653,995,-0.0032217527107106844,0.06525961615116266,0.002068868916379891,995,0.003520093298358665,0.10446620383876891,0.003311801305015554,995,,,,0
bowphs/PhilTa,random,baseline,1000,77.145,0.8543424587374537,0.5580275615149818,0.13265777987701474,0.004195007337526181,1000,0.6496143805846379,0.12393626614167022,0.003919208857044864,1000,0.6984299396617107,0.11523537249820912,0.0036440624411226835,1000,0.8152129938514796,0.08384667058750946,0.002651464532783783,1000,0.7888245297963592,0.10310014127950266,0.00326031273528375,1000,0.9221053103085668,0.05121828650199111,0.0016196644319735013,1000,0.009198119791877696,0.01134952264032115,0.0003589034189906281,1000,0.011070963736625165,0.01474028053919246,0.0004661285985370303,1000,0.025696136636743375,0.021785303933778883,0.0006889117994976728,1000,0.030983262295180978,0.028322042717925957,0.0008956216297723178,1000,0.06984748178215958,0.04412931421105579,0.0013954914448817272,1000,0.08354542237316503,0.05757875550737153,0.0018208001224125803,1000,0.15009680055426147,0.08667709955679632,0.0027409705557664755,1000,0.24153630893836622,0.11755523977699951,0.003717423085825428,1000,0.41179376916950855,0.15078458555009955,0.004768227263828276,1000,0.5756794427420074,0.1586224541758573,0.00501608243241396,1000,77.1,44.39719710872648,1.403962645910179,1000,77.145,44.450419737217494,1.4056456932011048,1000,-0.004398787874914385,0.13653321396273524,0.004317559323853471,1000,0.5020034732062009,0.2887658797392852,0.009131578905184104,1000,77.1,44.39719710872648,1.403962645910179,1000,-0.003159089700382765,0.09348186917716435,0.002956156265297298,1000,0.5038082784804324,0.29062112685845526,0.009190246970374537,1000,0.7422592582621803,0.09885991989852771,0.0031262251618114963,1000,0.8673464673634773,0.04674488687963201,0.001478203115065583,1000,0.12761836023406806,0.04393885575678131,0.0013894686197303034,1000,0.15134777634045155,0.05619784618731686,0.0017771319354773084,1000,0.8576040963926828,0.052219255237066955,0.0016513178426680749,1000,0.8577546935383137,0.04277106161449396,0.0013525397264519956,1000,0.00015059714563095983,0.03535947755775592,0.001118164859561167,1000,0.8583945946303431,0.05028861446196831,0.0015902656207390287,1000,0.8607472411905298,0.04013869036990345,0.0012692968386516135,1000,-0.0023526465601868955,0.03572667730970375,0.001129776735285207,1000,0.00026888804294448966,0.06157074589716848,0.001947037942705198,1000,-0.004667675917858875,0.1510248960218132,0.0047758265481903225,1000,-1.330632255645886e-05,0.04230409426808461,0.0013377729223762115,1000,-0.003145783377826306,0.10349210007567719,0.0032727075607322425,1000,0.8678574990798058,0.0367885208803033,0.0011633551773042108,1000,-0.0005110317163286073,0.034981263121373174,0.0011062046689319037,1000,0.15015211744578238,0.046220109986502084,0.0014616082126084095,1000,0.0011956588946691702,0.03622194206429109,0.0011454383819782103,1000,-0.0018416148438582872,0.020253397627806355,0.0006404686686091929,1000,-0.0005110317163286085,0.034981263121373174,0.0011062046689319037,1000,-0.0010450617490382092,0.020801673917800745,0.0006578066872436855,1000,0.0011956588946691693,0.036221942064291086,0.00114543838197821,1000,,,,0
bowphs/PhilTa,retrieval_mark,abtt,200,77.145,0.615253811707083,0.37309841260705623,0.14317741927245856,0.010124172408034492,200,0.6908857073595488,0.41774824401604127,0.029613387860820767,199,0.494707001140587,0.1517815470611492,0.01073257611859237,200,0.8776154077240382,0.36788425020043797,0.02607862305856746,199,0.5909468885031793,0.1648398769020223,0.01165593947673757,200,1.0014783727224394,0.24474938842091817,0.017349824138887374,199,0.08201555676076655,0.059022097472875,0.00417349253629233,200,0.16916320072496446,0.18129643222774958,0.012851763334131922,199,0.19199072947960186,0.0884610661231335,0.006255141972665927,200,0.36280917911944294,0.2582123353363231,0.01830418714212292,199,0.3571598588776246,0.12277389201037814,0.008681425159320327,200,0.6254926409460156,0.2914125209584386,0.02065768590115349,199,0.19941051658156567,0.1656393077805445,0.011741859209621902,199,0.25945773791924814,0.19581592931789715,0.013881023193469805,199,0.3498363239416517,0.24507171562150518,0.017372673308323282,199,0.40559167059234097,0.2748256357919049,0.019481872786734758,199,77.12,44.50143242006021,3.1467264636739447,200,77.145,44.53967769806194,3.149430813216284,200,0.44478103330429924,0.27266224238089987,0.019280132056106434,200,0.09307188856382317,0.2245165817798396,0.015875719746534865,200,77.12,44.50143242006021,3.1467264636739447,200,0.31812251993423546,0.20074242754791566,0.014194633179098037,200,0.09569314288135523,0.23034635384428548,0.01628794688248902,200,0.5447995939509348,0.14512580601063776,0.010261944155528538,200,0.9274736779288426,0.211061093275936,0.01496172421318223,199,0.3444912337936328,0.09843873934852569,0.006960670012479754,200,0.5940298840601659,0.20825436518929097,0.014762760534363062,199,0.4149387419152049,0.20760831868983057,0.014716963512260171,199,0.7245271242850074,0.05353772987480721,0.0037951890467064118,199,0.3095883823698025,0.21058982728087372,0.014928317052536309,199,0.9185050519534717,0.21038078433342336,0.014913498390887597,199,0.7289915074352975,0.05872565696843,0.004162951447668683,199,0.18951354451817415,0.21983588898394088,0.015583752988701476,199,-0.000906747713564502,0.061175175595384525,0.004325738150377419,200,0.44568778101786377,0.27482011387228855,0.01943271661255544,200,-0.0006946467851309902,0.04189672346089231,0.0029625457268694466,200,0.3188171667193665,0.20101400725161922,0.014213836764110178,200,0.7329086777083744,0.0457890580833578,0.003245900267032736,199,0.19456500022046802,0.22125330514008126,0.015684230955977783,199,0.2785052750729668,0.05634048889713404,0.003993871366015915,199,0.31552460898719903,0.21234159688064994,0.015052496707014942,199,-0.005051455702293863,0.06365008791762788,0.004512035102193458,199,0.19456500022046805,0.22125330514008132,0.015684230955977787,199,-0.005936226617396471,0.0637220723097138,0.004517137940453823,199,0.31552460898719903,0.2123415968806499,0.01505249670701494,199,,,,0
bowphs/PhilTa,retrieval_mark,baseline,200,77.145,0.8543424587374537,0.6686987974143253,0.08913568050983928,0.006302844413418493,200,0.7859144382454875,0.09172690088760836,0.006486071363485422,200,0.7548619928096649,0.07623080017779156,0.005390331574099308,200,0.8881879475063073,0.07978839122845097,0.005641891249760293,200,0.8256952561557626,0.07114389624886423,0.005030633147760408,200,0.9706849470813294,0.05869397915457059,0.0041502910675018725,200,0.0260782742393368,0.01588764304769726,0.0011234260136098039,200,0.03202862900102322,0.022982978330091674,0.0016251419829071297,200,0.0766874818791109,0.033900260968741915,0.0023971104414991047,200,0.09333785229743675,0.04857730154070647,0.0034349339331177266,200,0.2200660383156079,0.06468583410538514,0.004573979194262588,200,0.26326011323883275,0.08961847616154563,0.006336983221343386,200,0.0764840915804965,0.05802312857680999,0.004102854768232129,200,0.14936134357611022,0.09683163515221112,0.006847030584951015,200,0.29928410112824083,0.14591389132381866,0.01031767020243891,200,0.4347817813976566,0.1653458389089763,0.011691716393351564,200,77.1,44.486348196715326,3.145659848012335,200,77.145,44.53967769806194,3.149430813216284,200,0.4689404656039791,0.22108973646974076,0.015633405190850044,200,0.05910077259261867,0.17464937205354897,0.012349575530903677,200,77.1,44.486348196715326,3.145659848012335,200,0.33393668150339223,0.17051939098940935,0.012057541769241162,200,0.05667095505435484,0.16654056226231162,0.011776196091830097,200,0.792818767829403,0.07183888245352682,0.0050797760935752095,200,0.9310885711225667,0.045710777224459584,0.0032322400548722963,200,0.2966458176999159,0.05547269020678592,0.003922511541587891,200,0.3510428462737956,0.07288299855763491,0.005153606251331301,200,0.6579090264593386,0.07125461750019367,0.005038462322524058,200,0.8577546935383137,0.04285694736687676,0.0030304438104073505,200,0.19984566707897514,0.06696778625439057,0.004735337578153084,200,0.9221366983894325,0.046273458192387935,0.0032720276076789708,200,0.86074724119053,0.04021929023092983,0.0028439332856800346,200,0.061389457198902465,0.053127344868927326,0.003756670582325484,200,0.0028682165265221955,0.061679926724889415,0.004361429445025866,200,0.46607224907745687,0.22861522231398182,0.016165537398068665,200,0.002079091138637533,0.04306948029969601,0.0030454721582095466,200,0.33185759036475465,0.17496604085765896,0.012371967396781319,200,0.8665752823357568,0.036570230331739624,0.0025859057857127053,200,0.06451328878680991,0.0567327063358769,0.004011608136516356,200,0.1492129513870983,0.046759139221528544,0.0033063704425988693,200,0.2018298948866974,0.07059293790911775,0.0049916745099418056,200,-0.003123831587907446,0.01918410693019292,0.0013565212101347254,200,0.06451328878680991,0.0567327063358769,0.004011608136516356,200,-0.001984227807722245,0.019565972672804802,0.0013835231957450953,200,0.20182989488669734,0.07059293790911775,0.0049916745099418056,200,,,,0
google/mt5-base,attention_standalone,abtt,200,102.01,0.5736188461950664,0.283534079019097,0.11824090740158677,0.008360894743731265,200,0.6162288533869422,0.5465298796716981,0.03884018728525054,198,0.39549581993876815,0.14353726323906751,0.010149617218930318,200,0.759602894094709,0.3487921635754074,0.024787579711166702,198,0.4783281580744888,0.17748972346495545,0.012550418705299509,200,0.8569374835930154,0.18804226707616092,0.013363582015256843,198,0.10372159023275002,0.05001928786186209,0.003536897763724465,200,0.22060772319738264,0.1803970333427676,0.012820258912368331,198,0.21776918566645848,0.09046230062918542,0.00639665062166331,200,0.4120440191831956,0.1963516652375876,0.013954105228756897,198,0.3360861862932645,0.14008104816698674,0.009905225907459571,200,0.587349503116161,0.16836073177217195,0.011964876206660615,198,0.26992770806464134,0.1841453107957531,0.01308663739172703,198,0.373818561520546,0.22617814093130542,0.016073780556844844,198,0.49897851588405967,0.27824371469985143,0.019773919765151474,198,0.5864883182907935,0.31144547122250366,0.022133465856782813,198,102.0,55.74880849167277,3.9420360527532,200,102.01,55.76088486929736,3.9428899816042513,200,0.26763088571649535,0.19316268085665703,0.013658664150591509,200,0.12367147114455843,0.22056348611991372,0.015596193671753593,200,102.0,55.74880849167277,3.9420360527532,200,0.17878691280725154,0.13631503070007703,0.009638928258567688,200,0.14074357019811384,0.23992327734006735,0.016965137637166235,200,0.4505112266430102,0.15456601905673087,0.010929468021602353,200,0.8252651920824875,0.18482587795770616,0.013135003193879195,198,0.3131703934193879,0.11929520100919062,0.008435444559661096,200,0.554213380022467,0.12067982036141826,0.008576341383573586,198,0.45229922623350216,0.12022841706886295,0.008544261548460894,198,0.692281131363366,0.05280553996296352,0.003752726315882879,198,0.23998190512986387,0.1259931903268955,0.008953946144540962,198,0.8187525858265182,0.18432327392525183,0.013099284680625033,198,0.6829967503113544,0.05577285349030208,0.003963604105776304,198,0.13575583551516376,0.17654113728450904,0.012546232311763831,198,0.0002995902414888771,0.050793524166781776,0.003591644537869417,200,0.26733129547500645,0.19658698861558138,0.013900799274312021,200,0.00026638816715135585,0.03449992986578798,0.0024395134358558977,200,0.17852052464010015,0.13793614716156213,0.009753558502868614,200,0.6882658566978359,0.05459301187591037,0.0038797564133181465,198,0.13699933538465173,0.195342515096791,0.013882388051114162,198,0.3106892403049259,0.05862924253520035,0.004166598835963846,198,0.24352413971754122,0.13674968047726452,0.00971837661305121,198,-0.001243499869487937,0.06804130314676209,0.004835484857552976,198,0.13699933538465167,0.19534251509679096,0.01388238805111416,198,-0.0035422345876773443,0.06252765462335262,0.004443646919244992,198,0.24352413971754122,0.13674968047726452,0.00971837661305121,198,,,,0
google/mt5-base,attention_standalone,baseline,200,102.01,0.9799628740319275,0.8686479240324103,0.043855028038015144,0.003101018771480668,200,0.8863458641424835,0.04135274095292953,0.0029240803548467127,200,0.9405932484750243,0.023506101767412323,0.0016621323958998342,200,0.9598141977378748,0.017475280935640526,0.0012356889652731411,200,0.9659380230894299,0.01662705681490852,0.0011757104624995813,200,0.9857311105303392,0.010063543479029808,0.0007115999836787638,200,0.003575215026807357,0.003141855735284466,0.0002221627495929492,200,0.003658081773222831,0.0033065011476557894,0.00023380493835085104,200,0.010705220010614547,0.007164501577710979,0.0005066067649421151,200,0.010977457924758762,0.007601747806561073,0.0005375247422889298,200,0.03435573855399415,0.016446780392106862,0.0011629629943944707,200,0.03520277464866774,0.017361339467981806,0.0012276320868291582,200,0.032436254569202204,0.017652859101286673,0.0012482456377850468,200,0.06043143767950134,0.02788971378541391,0.001972100574301811,200,0.12433346952432928,0.04193725267879723,0.0029654115753511225,200,0.21973116448332242,0.06352495995725731,0.004491892996038053,200,101.645,55.30235735159231,3.910467189891264,200,102.01,55.76088486929736,3.9428899816042513,200,0.144916789999905,0.2888203666261013,0.020422683978610103,200,0.2176902976155405,0.2908894952740581,0.020568993468421864,200,101.645,55.30235735159231,3.910467189891264,200,0.102843300852915,0.20270362360982436,0.014333310682559235,200,0.21537860987822427,0.28576827911729646,0.020206868801185038,200,0.9410191074723199,0.01849282162563953,0.0013076399574762944,200,0.9602684307420691,0.010873316385863857,0.0007688595750431136,200,0.08169831098700438,0.029985888199297542,0.0021203224885624965,200,0.08359961523882672,0.031418777812978436,0.0022216430848150497,200,0.922895317074966,0.028781399468715118,0.0020351522736367354,200,0.9614040210364669,0.01593651868343781,0.0011268820429564987,200,0.038508703961501134,0.019798636031122967,0.0013999749795851363,200,0.9537734984282764,0.012768952342853133,0.0009029012790279303,200,0.9612745608294183,0.015964954309781763,0.001128892745378008,200,-0.007501062401141868,0.013353838396648908,0.0009442589685139736,200,-0.0034201742547866044,0.052892906366572894,0.0037400932768468804,200,0.14833696425469162,0.29285962232008345,0.02070830248782622,200,-0.0024606247576226398,0.035987199501790655,0.0025446792803629314,200,0.10530392561053764,0.2047881230260432,0.014480707049818011,200,0.9676468232853013,0.012756873182334276,0.0009020471533965379,200,-0.007378392543232311,0.013265798678052965,0.0009380336203106789,200,0.04494925660737388,0.01950736157876163,0.0013793787655400265,200,0.03865035863145285,0.01968295933988778,0.001391795402305374,200,-0.00012266985790956338,0.0038961014208897613,0.00027549597349016934,200,-0.007378392543232304,0.013265798678052963,0.0009380336203106788,200,-0.0001416546699517203,0.004069763449989766,0.00028777573333129216,200,0.03865035863145286,0.01968295933988778,0.001391795402305374,200,,,,0
google/mt5-base,attention_weighted,abtt,200,102.01,0.5736188461950664,0.4620642344408591,0.10623766939417371,0.007512137644607477,200,0.962217070292571,0.5960226801420387,0.04235748745682451,198,0.549562505495843,0.14158673312971376,0.01001169391220706,200,1.0667129560540893,0.38810758326559114,0.027581604925089587,198,0.5863126813044137,0.18776233691256863,0.013276802168231048,200,1.074891144821604,0.1827338140070097,0.012986326682895783,198,0.14994612773831942,0.04765396567916419,0.0033696442282168,200,0.31861250384866197,0.21010933623419883,0.014931820332711003,198,0.3064808193547605,0.09532703155672802,0.006740639044414638,200,0.5885356798111434,0.2218241682854194,0.015764357194479633,198,0.47021717539524643,0.16629926784010107,0.011759133999609341,200,0.844686003672405,0.14933442139898387,0.010612735206271321,198,0.08547374002324096,0.06967068654384373,0.004951280093378224,198,0.13729635810746157,0.11071147803505721,0.00786792214195421,198,0.22805767798793347,0.18738145400685433,0.013316620075339071,198,0.2915023545357926,0.23422267548677028,0.016645480733502367,198,102.0,55.74880849167277,3.9420360527532,200,102.01,55.76088486929736,3.9428899816042513,200,0.5641488358016771,0.18280685882915623,0.012926396952550826,200,0.014244941923835361,0.07767346894320766,0.005492343660802483,200,102.0,55.74880849167277,3.9420360527532,200,0.4062010419083859,0.14425675661631088,0.010200493083537078,200,0.01401685535376099,0.06403338950681142,0.0045278443942625875,200,0.5518657118191005,0.16657034774228172,0.011778302243316873,200,1.0265210188481741,0.2093859121345485,0.014880408820619547,198,0.41275453039688953,0.1406398063191227,0.009944736075301433,200,0.743387581432747,0.1035518817813141,0.007359111791915883,198,0.26312502482322236,0.10384921188178552,0.007380242122054081,198,0.692281131363366,0.05280553996296352,0.003752726315882879,198,0.4291561065401437,0.12512226377294228,0.008892052089475647,198,1.0200084125922049,0.20942644700086752,0.014883289508131746,198,0.6829967503113544,0.05577285349030208,0.003963604105776304,198,0.33701166228085033,0.2118881351534893,0.015058234067326108,198,-0.00101934076396919,0.05206684430709484,0.0036816818684530946,200,0.5651681765656462,0.18270953679598753,0.012919515245589581,200,-0.0010156576901747536,0.03555743733024648,0.0025142905057832974,200,0.4072166995985607,0.14386372097426828,0.010172701266763444,200,0.6861677598887839,0.06100778246518979,0.004335634308281904,198,0.3403532589593904,0.24203467906071569,0.017200655652881616,198,0.30642002156234605,0.07285832406063819,0.00517781562739909,198,0.4369675598704008,0.14842117677971928,0.010547833737259614,198,-0.003341596678539969,0.07482309916601672,0.005317446114047214,198,0.34035325895939034,0.24203467906071569,0.017200655652881616,198,-0.007811453330257226,0.07879018985702232,0.005599374973103904,198,0.4369675598704008,0.14842117677971928,0.010547833737259614,198,,,,0
google/mt5-base,attention_weighted,baseline,200,102.01,0.9799628740319275,0.9181998643077572,0.029044108126164515,0.002053728580952624,200,0.9369224739435066,0.02326814914412776,0.0016453066045472701,200,0.9544485101301534,0.019832076273581016,0.0014023395618057973,200,0.9739709071145262,0.01258933396326668,0.0008902003416047982,200,0.9696937497740333,0.01789832721145817,0.001265602854311778,200,0.9895230217085349,0.008123234831687103,0.0005743994434656714,200,0.003449300037382139,0.0024531798181401223,0.0001734660084876862,200,0.0035514201935330915,0.00261719828054327,0.00018506386518819183,200,0.010440658261607706,0.0055211376865571815,0.000390403389802919,200,0.010715730641631222,0.005831624654006081,0.00041235813381823534,200,0.03379725887527063,0.01775351885876456,0.0012553633574955674,200,0.034595444445497,0.0184194729718808,0.0013024534244299242,200,0.014769487613241074,0.011043324116971748,0.0007808809369951665,200,0.028127101529379424,0.01726300281092074,0.0012206786351244487,200,0.0675801854988269,0.03447193627413743,0.0024375339900073105,200,0.14785396926934205,0.07040476208063862,0.004978368469504507,200,101.645,55.30235735159231,3.910467189891264,200,102.01,55.76088486929736,3.9428899816042513,200,0.24158354003944602,0.2342632926020255,0.01656491627819806,200,0.1760486814537248,0.27879451038223485,0.019713748884886157,200,101.645,55.30235735159231,3.910467189891264,200,0.17006060557382333,0.15741711199752834,0.011131070736825451,200,0.17847685648034242,0.28686948161464104,0.02028473557651823,200,0.9553272696633317,0.01882750676372383,0.001331305770546471,200,0.9748507888278032,0.009209702019826703,0.0006512242750926905,200,0.10930189014196025,0.04413555384601507,0.0031208549415941266,200,0.11167389286508027,0.045491719038469006,0.00321675030199346,200,0.8948210394487124,0.044292804487688534,0.0031319742411014505,200,0.9614040210364669,0.01593651868343781,0.0011268820429564987,200,0.06658298158775466,0.04160973143670608,0.002942252326224593,200,0.9683558565140106,0.012161378739542806,0.0008599393375308625,200,0.9612745608294183,0.015964954309781763,0.001128892745378008,200,0.007081295684592192,0.007952934091330199,0.0005623573626309257,200,0.0019698618786952683,0.0520311600322509,0.0036791586091807077,200,0.23961367816075074,0.23897821181746662,0.016898311413196577,200,0.0014004153682097092,0.035533744793971915,0.002512615190476972,200,0.1686601902056136,0.16070043409810017,0.011363236669038851,200,0.9679484255991739,0.012388611473083162,0.0008760071182102567,200,0.006902363228629051,0.008103925894321363,0.0005730340954107892,200,0.04523651151675763,0.01932539684552927,0.001366511915859486,200,0.06643738134832264,0.041038769155115284,0.002901879196113134,200,0.00017893245596316276,0.003921463428167095,0.00027728933822319983,200,0.00690236322862903,0.008103925894321365,0.0005730340954107893,200,0.00014560023943202828,0.004229157120718906,0.0002990465678763713,200,0.06643738134832264,0.04103876915511529,0.0029018791961131344,200,,,,0
google/mt5-base,bertscore,abtt,200,102.01,0.5736188461950664,0.34934320661360074,0.09467603914198919,0.006694606929318355,200,0.7769028577903284,0.6219010249337286,0.04419658133938643,198,0.49377038333033924,0.11009911616386603,0.007785183164211509,200,1.0593948301987794,0.7010880116847386,0.049824155439838945,198,0.6029066086182049,0.16708996441749688,0.011815044690783098,200,1.159334688238678,0.39005095634028536,0.02771971443564659,198,0.09555331414838854,0.03525949116183925,0.002493222530172367,200,0.22674550651395783,0.21573924352973653,0.015331920422185775,198,0.2183128831776673,0.06419841642274192,0.004539513559395862,200,0.4864365300274853,0.35962706094700025,0.02555758233825441,198,0.3997114418194609,0.12185164686173097,0.008616212579467847,200,0.7903420345819673,0.35501067346250814,0.025229509965364813,198,0.17838949888460792,0.12639309557570513,0.008982366173047823,198,0.24370637928494898,0.15990545247596777,0.011363985672348116,198,0.3147084134924175,0.19929548539194106,0.014163313417333644,198,0.35627965606069484,0.2218114397686712,0.015763452618183346,198,102.0,55.74880849167277,3.9420360527532,200,102.01,55.76088486929736,3.9428899816042513,200,0.5686322029757606,0.14596306737733453,0.010321147474530218,200,0.006734998771535547,0.058924208120522674,0.004166570713806901,200,102.0,55.74880849167277,3.9420360527532,200,0.4070663229933909,0.11645946395534937,0.008234927669617784,200,0.006977243308404661,0.05945626808440928,0.0042041930346531095,200,0.5369583616515334,0.14300372170742787,0.010111890135423613,200,1.0417738000657863,0.3638765870844154,0.025859583010477343,198,0.3738146623602632,0.10601760825680179,0.007496576972356345,200,0.7208374840377549,0.24709231515044522,0.01756008619868039,198,0.2856751222182143,0.2476170519335732,0.017597377618034066,198,0.692281131363366,0.05280553996296352,0.003752726315882879,198,0.4066060091451519,0.2648486860694633,0.01882197653195059,198,1.035261193809817,0.36421565310063625,0.025883679382994053,198,0.6829967503113544,0.05577285349030208,0.003963604105776304,198,0.35226444349846253,0.3643312523394577,0.025891894663169684,198,-0.005859127273422491,0.05080560477993044,0.0035924987662172485,200,0.5744913302491831,0.16319025752251964,0.011539293771775264,200,-0.003879820976226302,0.03473143998181018,0.0024558836731511558,200,0.41094614396961726,0.12741032111040324,0.009009270205032165,200,0.6907098864716724,0.05693385580313943,0.004046112947372118,198,0.3510639135941137,0.3774031314074435,0.026820872656972514,198,0.31452064057428664,0.05044030843350154,0.0035846366304068226,198,0.40631684346346836,0.26207481468404775,0.01862484607646761,198,0.001200529904348751,0.06778863367306148,0.004817528419954921,198,0.35106391359411376,0.3774031314074435,0.026820872656972514,198,0.00028916568168339216,0.06354773567841568,0.004516140923138403,198,0.40631684346346825,0.26207481468404775,0.01862484607646761,198,,,,0
google/mt5-base,bertscore,baseline,200,102.01,0.9799628740319275,0.8874828336984308,0.048684635339912685,0.0034425235788446496,200,0.9055747617570015,0.04647338014919871,0.0032861642248158693,200,0.9484126646607279,0.027479294352656922,0.0019430795378984908,200,0.9678267686860313,0.02400583055499289,0.0016974685573450693,200,0.9709907909450847,0.019252325264443478,0.0013613449748097076,200,0.9908579012090791,0.011789555009027048,0.0008336474294054854,200,0.003980953192999231,0.003104134646849034,0.00021949546585030608,200,0.00409665924943543,0.003289320604121638,0.00023259009046710413,200,0.011635092728709502,0.007397432816186618,0.0005230774907697456,200,0.011957817977955842,0.007840263629757815,0.0005543903578892006,200,0.034631119607709315,0.01983439622815252,0.0014025036073667526,200,0.03554801994293622,0.020938186612383794,0.0014805533739365967,200,0.02969163137959466,0.018090632448116303,0.001279200888001643,200,0.0505259778761688,0.0300706752961872,0.002126317841679276,200,0.10384151461492865,0.05258845423828916,0.00371856526040127,200,0.18663989480433596,0.08189992397199565,0.0057911991619260805,200,101.645,55.30235735159231,3.910467189891264,200,102.01,55.76088486929736,3.9428899816042513,200,0.35090494193985605,0.26238595085097255,0.018553488513480286,200,0.1092040014896618,0.22414143986482732,0.015849193207333613,200,101.645,55.30235735159231,3.910467189891264,200,0.24552731895022362,0.1913728709127001,0.013532105475750804,200,0.10229412298132008,0.2091487503969153,0.014789049968235143,200,0.9475702984541112,0.020954879531997282,0.0014817337416022465,200,0.966938412253636,0.01353443739197893,0.0009570292459413072,200,0.08285626562800968,0.026537703201636106,0.0018764989890992843,200,0.08483776803043636,0.028231351365331586,0.001996257999248606,200,0.9216571642833561,0.02565779283066074,0.001814279930083979,200,0.9614040210364669,0.01593651868343781,0.0011268820429564987,200,0.039746856753110786,0.018449880663104917,0.0013046035728964042,200,0.9604434799398435,0.015967909346693163,0.0011291016980418788,200,0.9612745608294183,0.015964954309781763,0.001128892745378008,200,-0.0008310808895747568,0.011689521255290495,0.0008265739748440192,200,-0.004325573575507008,0.05014978094791476,0.003546125018329045,200,0.355230515515363,0.268712231506011,0.01900082410856698,200,-0.002882852148171638,0.034047659575113146,0.002407533096909359,200,0.24841017109839528,0.19501947120171176,0.013789959055014499,200,0.9677020631814409,0.012954192055136806,0.0009159997046980134,200,-0.0007636509278047965,0.012366369535418573,0.0008744343757153207,200,0.04501184242974249,0.01943565858774036,0.0013743085984217766,200,0.03982592560069389,0.018524242652413904,0.0013098617595866948,200,-6.742996176994485e-05,0.004307978841649726,0.00030462010521386894,200,-0.000763650927804812,0.012366369535418566,0.0008744343757153203,200,-7.906884758310247e-05,0.0041562242933736405,0.0002938894381976768,200,0.03982592560069389,0.0185242426524139,0.0013098617595866946,200,,,,0
google/mt5-base,dla,abtt,200,102.01,0.5736188461950664,0.4622851988850072,0.10825777916560127,0.007654980976419239,200,0.9337171466839074,0.5182880120111133,0.03683312514643153,198,0.5450142057708439,0.14593066174117492,0.010318856050022505,200,1.0510225125965365,0.3442768598250042,0.02446669104645033,198,0.5714890813941963,0.19196442772822697,0.01357393485932242,200,1.031885160870575,0.14512717691978372,0.0103137393606551,198,0.1663500805543542,0.05078453822125542,0.0035910091355677116,200,0.34119272581708227,0.2056381819055155,0.014614069230773744,198,0.3271803509249066,0.10363219971844549,0.007327903117019143,200,0.622339073525679,0.2043177746956017,0.014520231976428832,198,0.4692844377105602,0.17653676171749183,0.012483034133915216,200,0.8247237767342533,0.11945970477210992,0.008489631544347856,198,0.0832258205488981,0.062287431035731256,0.004426574972256196,198,0.13252180318886825,0.10079904891700953,0.00716347647902355,198,0.231377355072792,0.19106190019010114,0.013578177996264568,198,0.31170844728854646,0.26240533011757194,0.01864833478553226,198,102.0,55.74880849167277,3.9420360527532,200,102.01,55.76088486929736,3.9428899816042513,200,0.5515759375517953,0.19012445738291933,0.013443829308487502,200,0.017833403625375818,0.0785989765847241,0.005557786933738108,200,102.0,55.74880849167277,3.9420360527532,200,0.3996891618216486,0.1518911227452224,0.0107403242895185,200,0.01883543407547156,0.09381183794273194,0.006633498676487921,200,0.5435692665568671,0.1691210815180745,0.011958666358303336,200,1.0020876143857755,0.18178205179744353,0.012918687887935881,198,0.41243034749599544,0.14464874187895635,0.010228210627271257,200,0.7366227432191365,0.08868232988300576,0.006302378753047129,198,0.2698898630368327,0.08867048300382402,0.00630153683200442,198,0.692281131363366,0.05280553996296352,0.003752726315882879,198,0.42239126832653323,0.11129449745136694,0.007909355527689697,198,0.995575008129806,0.18159963137718585,0.012905723833176938,198,0.6829967503113544,0.05577285349030208,0.003963604105776304,198,0.31257825781845155,0.18863601563735186,0.013405777888117183,198,-0.0015830961854983324,0.050872049243020544,0.0035971970992595796,200,0.5531590337372937,0.19024381070661145,0.013452268862941487,200,-0.0012885972733703785,0.03457773076484242,0.002445014790186278,200,0.400977759095019,0.15117925232405705,0.010689987449305285,200,0.6867144445414007,0.06114577183364341,0.004345440785683161,198,0.3153731698443747,0.21302365443198076,0.015138931908529435,198,0.3079572318630956,0.06752209966206091,0.004798586672595436,198,0.42866551135604086,0.12401025987135457,0.008813025413339401,198,-0.002794912025923115,0.0630506931340276,0.004480817647630818,198,0.3153731698443747,0.21302365443198074,0.015138931908529434,198,-0.006274243029507639,0.0667120961986372,0.004741022233044616,198,0.42866551135604086,0.12401025987135458,0.008813025413339403,198,,,,0
google/mt5-base,dla,baseline,200,102.01,0.9799628740319275,0.8828532948265305,0.04386453490900943,0.00310169100877546,200,0.900825447837976,0.040472620759086676,0.0028618464591141624,200,0.9313408395832883,0.027579148773281603,0.0019501403116940074,200,0.9503493085553649,0.021889519594948934,0.00154782277425042,200,0.9595849963139216,0.02123517043110213,0.0015015533011484379,200,0.9791753654835077,0.012103441331869452,0.0008558425441458427,200,0.004192811660561748,0.0032057634203209078,0.00022668170533886943,200,0.004297853874738479,0.003361770748893454,0.00023771308933371395,200,0.013465427051412328,0.007811787837703849,0.0005523768153230988,200,0.013773725775530866,0.00808798073851433,0.0005719066026309662,200,0.044890646132163814,0.024011493798302228,0.0016978690091198237,200,0.04587733421406815,0.02474885679751473,0.0017500084468137448,200,0.024024584889864017,0.018253704779764717,0.0012907318431548925,200,0.0447358525351342,0.02957381415250624,0.002091184453278785,200,0.11012426095141098,0.0632929698961476,0.004475488821500198,200,0.24534613379746253,0.10967027706476913,0.007754859660710574,200,101.645,55.30235735159231,3.910467189891264,200,102.01,55.76088486929736,3.9428899816042513,200,0.23685738633040196,0.366206125150185,0.02589468344057453,200,0.11020068722227574,0.23296009099347392,0.016472766008732057,200,101.645,55.30235735159231,3.910467189891264,200,0.1713545246639053,0.2619457185958596,0.018522359392191542,200,0.11044902178148053,0.23095008984860263,0.016330637464758935,200,0.940678899630729,0.022780385159205677,0.0016108164824115722,200,0.9598755472882555,0.014651329566778079,0.001036005449006774,200,0.12537007310860937,0.044410236095019706,0.0031402779096884013,200,0.1280173256133896,0.04569257170863378,0.0032309527305027534,200,0.878477606700403,0.04482450472434702,0.0031695711253914216,200,0.9614040210364669,0.01593651868343781,0.0011268820429564987,200,0.08292641433606401,0.04357613645491873,0.0030812981585183353,200,0.9533806149744629,0.0172411047329321,0.0012191302071803767,200,0.9612745608294183,0.015964954309781763,0.001128892745378008,200,-0.00789394585495531,0.011623612043898795,0.0008219134898122463,200,-0.002469834105322898,0.05316225033145158,0.0037591387712506198,200,0.23932722043572485,0.3624401628889618,0.025628389695314176,200,-0.0019964689075213583,0.03644807232074248,0.002577267909917471,200,0.1733509935714266,0.25928066321373416,0.018333911518897683,200,0.9677272811484008,0.012974968038897949,0.000917468788598346,200,-0.007851733860145173,0.011804685636154406,0.0008347173263100213,200,0.04496945867693739,0.019137006710326913,0.0013531907216484623,200,0.08304786693645222,0.04295829473432722,0.003037610151485313,200,-4.221199481012143e-05,0.004156369445289983,0.00029389970198811155,200,-0.007851733860145189,0.011804685636154421,0.0008347173263100224,200,-0.00012145260038820355,0.004464864245586931,0.00031571357851318773,200,0.08304786693645223,0.04295829473432722,0.003037610151485313,200,,,,0
google/mt5-base,ig,abtt,200,102.01,0.5736188461950664,0.41128104683429095,0.1053840577351235,0.007451778185346047,200,0.9030735736666285,0.7131160052140746,0.050678947718763974,198,0.5445707129791313,0.11998186305661467,0.008483998898672794,200,1.1262806330953787,0.6059250226047388,0.04306121629237325,198,0.6220005350642278,0.15967785464221648,0.011290929382283111,200,1.210347505566766,0.42897713998468723,0.030486077848305433,198,0.13959024879259693,0.04599183231572345,0.0032521136509642647,200,0.31217289256059483,0.2512230269696074,0.017853643104981713,198,0.30870020957447364,0.08571016962641737,0.006060624215948897,200,0.6419596683198288,0.35769525669035596,0.02542029498779595,198,0.5140208778261859,0.14769213998510378,0.010443411371141971,200,1.004750429404561,0.39852404693176047,0.02832187076359608,198,0.126321657998404,0.10486788878649801,0.007452636337327288,198,0.17753308870754148,0.13741275611531414,0.009765499346727921,198,0.25157253098397087,0.1860295321668565,0.013220543173757628,198,0.3040226952279132,0.22183267702231724,0.015764961884080265,198,102.0,55.74880849167277,3.9420360527532,200,102.01,55.76088486929736,3.9428899816042513,200,0.6855444224745227,0.173822756593904,0.012291124991208819,200,0.006019383197418978,0.051785203939142724,0.0036617668870496133,200,102.0,55.74880849167277,3.9420360527532,200,0.5152888034487795,0.1429980201840441,0.010111486976838837,200,0.007170629852092392,0.05917391483651547,0.004184227645025534,200,0.5631188643675231,0.14746151371899144,0.010427103631473195,200,1.091331930688974,0.37446167571558686,0.02661183250342847,198,0.45728380905671473,0.13190709656384728,0.009327240246692514,200,0.8756393873171284,0.2861044174574568,0.02033255558481147,198,0.1308732189388409,0.28709094472963476,0.020402665025189032,198,0.692281131363366,0.05280553996296352,0.003752726315882879,198,0.5614079124245251,0.30035196734418595,0.02134508486553245,198,1.0848193244330042,0.3749534434580481,0.026646780915086245,198,0.6829967503113544,0.05577285349030208,0.003963604105776304,198,0.40182257412164984,0.3683640986973474,0.02617849657398775,198,-0.001963270114092231,0.0477063983349215,0.003373351776860961,200,0.6875076925886151,0.18597452791068306,0.013150384981361084,200,-0.0013240694678827187,0.03282253094553457,0.0023209034207292796,200,0.5166128729166622,0.1505209317136173,0.010643437152521605,200,0.6939863357493838,0.05097825696574979,0.0036228669678860814,198,0.39734559493958993,0.3669225860516475,0.026076052731088123,198,0.31940379878825725,0.05045846314776758,0.0035859268297690726,198,0.5562355885288711,0.2881493386945336,0.020477881809023324,198,0.004476979182059914,0.059440987099886614,0.004224287010193475,198,0.39734559493958993,0.3669225860516475,0.026076052731088123,198,0.005172323895653943,0.059317919532209655,0.004215540978997185,198,0.5562355885288711,0.2881493386945336,0.020477881809023324,198,,,,0
google/mt5-base,ig,baseline,200,102.01,0.9799628740319275,0.8225104115583133,0.045942932648018193,0.003248655922301049,200,0.8392040411163667,0.04276889816557668,0.003024217791675616,200,0.9143603341239568,0.033682735316179976,0.002381729055098247,200,0.9329800699652567,0.028483860609086167,0.002014113099105721,200,0.9560481410741453,0.0216624901007501,0.0015317693647626852,200,0.9755727833993033,0.013446905784994682,0.0009508398266546355,200,0.00401452291205672,0.003454663835231929,0.0002442816224612423,200,0.004096135153847902,0.003578207135750458,0.0002530174530179242,200,0.012030070527358156,0.007339619563756843,0.0005189894764861913,200,0.012273120287056682,0.007561906432061528,0.0005347075316808877,200,0.03771764980674268,0.018694887276518437,0.0013219281566744293,200,0.03848171746225873,0.019129674997496484,0.0013526722912624515,200,0.045011528615204736,0.025756379207698875,0.001821251039657607,200,0.08596281907171925,0.03506416856143025,0.0024794111366455477,200,0.18368034285092694,0.059998487014856716,0.00424253370291382,200,0.32323929001164337,0.09845115267634336,0.0069615477673074504,200,101.645,55.30235735159231,3.910467189891264,200,102.01,55.76088486929736,3.9428899816042513,200,0.14287486106035963,0.35681892457829456,0.025230908122500333,200,0.11781783385295666,0.23395810111368548,0.016543335981101494,200,101.645,55.30235735159231,3.910467189891264,200,0.10134500958868843,0.25165178461913784,0.017794468340188888,200,0.12236836846014615,0.24095714313593308,0.017038242988675584,200,0.924993063719115,0.023348718775584764,0.001651003737823365,200,0.9438595511142327,0.015345803589652592,0.0010851121781000211,200,0.10429277442325148,0.04307351246081685,0.003045757275056685,200,0.10648657018676085,0.0442084307178044,0.003126008114617516,200,0.9000083621270317,0.04335364932220646,0.0030655659424915754,200,0.9614040210364669,0.01593651868343781,0.0011268820429564987,200,0.061395658909435255,0.042380279106098165,0.0029967382744500565,200,0.9373646188004401,0.017757365648363267,0.001255635366596672,200,0.9612745608294183,0.015964954309781763,0.001128892745378008,200,-0.023909942028978125,0.013095152788940889,0.0009259671337734032,200,-0.0002667653018143791,0.05126843319865556,0.0036252256775578862,200,0.143141626362174,0.3544732669698708,0.025065045082374508,200,-7.262080389430049e-05,0.03506771836637371,0.0024796621457602885,200,0.10141763039258272,0.24998892880216492,0.017676886677757183,200,0.9679088285413162,0.0126529120073818,0.0008946959882176362,200,-0.02404927742708353,0.012758495379022114,0.0009021618600243768,200,0.04524913851161755,0.019411098512960138,0.001372571938879422,200,0.0612374316751433,0.04226534915485655,0.002988611499661618,200,0.00013933539810540062,0.0035885317480470855,0.0002537475133547309,200,-0.024049277427083526,0.012758495379022105,0.0009021618600243761,200,0.00015822723429195057,0.004094608853652674,0.00028953256867242816,200,0.0612374316751433,0.04226534915485656,0.002988611499661619,200,,,,0
google/mt5-base,inverse,abtt,200,102.01,0.5736188461950664,-0.09465471908793038,0.07427124311575936,0.005251769965430812,200,-0.20082857521580483,0.20481259795068704,0.01455539753391337,198,-0.06492139448020862,0.09851998154958444,0.00696641470360847,200,-0.185586498882765,0.31943507806235316,0.022701262490668013,198,0.06382515127673549,0.150110532317344,0.010614417532911632,200,0.002066551388746424,0.3970410036808925,0.028216475469105617,198,-0.04135174749621486,0.02575040454157079,0.0018208285669641575,200,-0.0919597753470333,0.07944549338779232,0.005645945367167411,198,-0.0627824398731245,0.05297220553127354,0.003745700574557106,200,-0.16848307558981757,0.21390405221822617,0.015201499054764573,198,-0.047327718377592386,0.1041521614244205,0.007364669961844368,200,-0.21014241362797934,0.4324663500218502,0.030734045208118208,198,0.8689344467539086,0.07941142365810702,0.005643524136909096,198,0.9120298427942584,0.06696959945016118,0.004759322192274219,198,0.9532465741281526,0.05986191317536727,0.004254200923801885,198,0.9740378659877983,0.05517877348760217,0.003921384678393583,198,102.0,55.74880849167277,3.9420360527532,200,102.01,55.76088486929736,3.9428899816042513,200,-0.6855444224745227,0.173822756593904,0.012291124991208819,200,0.006019383197418978,0.051785203939142724,0.0036617668870496133,200,102.0,55.74880849167277,3.9420360527532,200,-0.5152888034487795,0.1429980201840441,0.010111486976838837,200,0.007170629852092392,0.05917391483651547,0.004184227645025534,200,0.12374706881488395,0.13251543151503292,0.00937025602361413,200,0.13738582519481018,0.2881183194483519,0.020475677367187747,198,0.017912013504075435,0.10243024963096072,0.007242912411268318,200,-0.07830671817703513,0.3754785021026834,0.026684095208141228,198,1.0848193244330042,0.37495344345804804,0.026646780915086238,198,0.692281131363366,0.05280553996296352,0.003752726315882879,198,-0.3925381930696384,0.37138860776384314,0.026393439073854726,198,0.1308732189388409,0.28709094472963476,0.020402665025189032,198,0.6829967503113544,0.05577285349030208,0.003963604105776304,198,-0.5521235313725137,0.29799923879290613,0.021177883728024736,198,0.001963270114092231,0.0477063983349215,0.003373351776860961,200,-0.6875076925886151,0.18597452791068306,0.013150384981361084,200,0.0013240694678827187,0.03282253094553457,0.0023209034207292796,200,-0.5166128729166622,0.1505209317136173,0.010643437152521605,200,0.6936214137236815,0.04806316611865274,0.003415700482271823,198,-0.5562355885288711,0.2881493386945336,0.020477881809023324,198,0.31903887676255477,0.051873082902729614,0.003686459478145307,198,-0.39734559493958993,0.3669225860516475,0.026076052731088123,198,0.004112057156357516,0.06931859160326508,0.004926257795526039,198,-0.5562355885288711,0.2881493386945336,0.020477881809023324,198,0.004807401869951547,0.0693042265669854,0.004925236916850938,198,-0.39734559493958993,0.36692258605164757,0.026076052731088126,198,,,,0
google/mt5-base,inverse,baseline,200,102.01,0.9799628740319275,0.6734819995817497,0.16392687797318536,0.011591380703357905,200,0.6872718528775479,0.16729230968667316,0.011829352661980654,200,0.8661647439244947,0.06762598123773973,0.0047818789917599995,200,0.8838499591794985,0.06722075356102246,0.0047532250679468745,200,0.9431820637333171,0.023720795015655282,0.0016773135010705906,200,0.962481588973207,0.018873183673412713,0.0013345356158049363,200,0.001607571646408858,0.004857285340835891,0.0003434619402663069,200,0.0016464391946197155,0.005003739497422731,0.000353817812991858,200,0.0067276818000237305,0.007397966484019571,0.0005231152267841039,200,0.0068718264872404955,0.00761627014361724,0.000538551626590039,200,0.024795254733850677,0.013752823388182055,0.0009724714678244482,200,0.025331566397947224,0.01418805927565076,0.0010032472925689349,200,0.11394556894419389,0.06992184093141547,0.004944220787565098,200,0.15838468528614735,0.08311998992419806,0.005877470852755795,200,0.2599860079900719,0.10757631070413126,0.007606793879392219,200,0.40775779806701956,0.12762501022604122,0.009024451017983623,200,101.645,55.30235735159231,3.910467189891264,200,102.01,55.76088486929736,3.9428899816042513,200,-0.14287486106035963,0.35681892457829456,0.025230908122500333,200,0.11781783385295666,0.23395810111368548,0.016543335981101494,200,101.645,55.30235735159231,3.910467189891264,200,-0.10134500958868843,0.25165178461913784,0.017794468340188888,200,0.12236836846014615,0.24095714313593308,0.017038242988675584,200,0.8883504770175089,0.04461737561775363,0.003154924885806091,200,0.9065032944408244,0.042778547002288954,0.003024900067462597,200,0.06765018772164544,0.019675593480972735,0.0013912745574265648,200,0.06913031351335248,0.020505267439840956,0.0014499413656755256,200,0.9373646188004401,0.017757365648363273,0.0012556353665966725,200,0.9614040210364669,0.01593651868343781,0.0011268820429564987,200,0.024039402236026883,0.01294738018467033,0.0009155180327180724,200,0.9000083621270317,0.04335364932220646,0.0030655659424915754,200,0.9612745608294183,0.015964954309781763,0.001128892745378008,200,-0.06126619870238649,0.042008086388837795,0.002970420275021751,200,0.0002667653018143791,0.05126843319865556,0.0036252256775578862,200,-0.143141626362174,0.3544732669698708,0.025065045082374508,200,7.262080389430049e-05,0.03506771836637371,0.0024796621457602885,200,-0.10141763039258272,0.24998892880216492,0.017676886677757183,200,0.9677407261159676,0.012553855230760315,0.0008876916163704829,200,-0.06123743167514329,0.04226534915485655,0.002988611499661618,200,0.04508103608626895,0.019607680862872148,0.001386472410147859,200,0.02404927742708353,0.012758495379022114,0.0009021618600243768,200,-2.8767027243203947e-05,0.0046254186430987705,0.00032706648883618197,200,-0.06123743167514329,0.04226534915485656,0.002988611499661619,200,-9.875191056642318e-06,0.004344951753527154,0.0003072344848847431,200,0.024049277427083526,0.012758495379022109,0.0009021618600243763,200,,,,0
google/mt5-base,ot,abtt,200,102.01,0.5736188461950664,0.41223438841542803,0.10120954060738102,0.0071565952484254364,200,0.908021190525938,0.6945647481881908,0.04936056728969215,198,0.5443839233826195,0.1200973722673653,0.008492166633293921,200,1.1271528717609463,0.6142293476662553,0.04365137897636164,198,0.6206530141813604,0.16037936790683896,0.011340533860933798,200,1.204515611622217,0.41742163043671354,0.029664863543811402,198,0.13969382102192765,0.045626981636484126,0.0032263148120232,200,0.31327902196806895,0.24583410768136793,0.017470669287436638,198,0.3075005693083185,0.08534336409609834,0.0060346871481623664,200,0.6414553220952823,0.36814104548929355,0.02616264487274025,198,0.5122045008663605,0.14886841871945602,0.010526586838104573,200,0.9955154880973199,0.38104592513159624,0.02707975473414754,198,0.12678890913684226,0.10497616031107347,0.007460330859527422,198,0.17797014486551263,0.13749708009210607,0.009771491990813919,198,0.25205786904857913,0.18524165460907924,0.01316455115385142,198,0.3045407601380064,0.22048327715944144,0.015669064211608505,198,102.0,55.74880849167277,3.9420360527532,200,102.01,55.76088486929736,3.9428899816042513,200,0.6778899988021811,0.16786276659964472,0.011869690057134348,200,0.00613314406962693,0.051840098725256405,0.00366564853460089,200,102.0,55.74880849167277,3.9420360527532,200,0.5080393452544183,0.13698326245673226,0.0096861793792212,200,0.005543295342594278,0.039749147409657536,0.0028106891679752534,200,0.5619113729341422,0.14811406609745437,0.01047324605266225,200,1.0867943925403667,0.3641747691069416,0.02588077388407966,198,0.4543365636792215,0.13287621497007227,0.009395767266373953,200,0.8664143706502008,0.2768539909261911,0.01967515639712454,198,0.14009823560576837,0.27788741426579355,0.01974859859589182,198,0.692281131363366,0.05280553996296352,0.003752726315882879,198,0.5521828957575976,0.2935792893307957,0.020863771597498887,198,1.0802817862843972,0.3646705390645698,0.025916006720784302,198,0.6829967503113544,0.05577285349030208,0.003963604105776304,198,0.3972850359730427,0.3590971074640344,0.025519920184186584,198,-0.0035286706268797467,0.04772905548986369,0.0033749538796511627,200,0.6814186694290609,0.18144248021346948,0.012829920815425024,200,-0.0023578193084702738,0.03284067479207392,0.002322186384421758,200,0.5103971645628885,0.14586456513931872,0.010314182314483914,200,0.6937723862974816,0.05248792129889199,0.0037301541403135584,198,0.3930220062428849,0.3538471058954196,0.02514681881908767,198,0.3170348796117735,0.04790599024065058,0.0034045304790105285,198,0.5493794910384274,0.2798267230226051,0.01988641926795413,198,0.004263029730157788,0.05955174011456651,0.0042321578842162404,198,0.393022006242885,0.3538471058954196,0.02514681881908767,198,0.0028034047191702613,0.060066527395782866,0.0042687422232582685,198,0.5493794910384274,0.2798267230226051,0.01988641926795413,198,,,,0
google/mt5-base,ot,baseline,200,102.01,0.9799628740319275,0.8234688207150727,0.04549372649517545,0.0032168922506184664,200,0.8401828078298818,0.04226336143623783,0.0029884709467301795,200,0.9145537740697268,0.03365149209635073,0.002379519825837511,200,0.9331785804739144,0.02848233717651678,0.002014005376155672,200,0.9563745159004465,0.02132511312975242,0.0015079132103618215,200,0.9759109912685107,0.013242017157564432,0.0009363520128702421,200,0.004020741753730519,0.003451975943816571,0.00024409155983655297,200,0.004102414016385154,0.0035754648608869503,0.00025282354490273784,200,0.012054137411211885,0.007311271360780372,0.0005169849558302798,200,0.012297840762618703,0.007532847059772176,0.0005326527237606052,200,0.038106100515817885,0.018759439852539934,0.0013264927130992154,200,0.038884953321442206,0.019207293243585225,0.001358160730077767,200,0.04451755358616873,0.025079950623827663,0.0017734203157932322,200,0.08574528863190121,0.034769126242548805,0.0024585484942037405,200,0.18296605169622868,0.0596283235073882,0.004216359190285941,200,0.32085575437354324,0.09507130410533828,0.006722556382913315,200,101.645,55.30235735159231,3.910467189891264,200,102.01,55.76088486929736,3.9428899816042513,200,0.15084134984295092,0.3532063608314227,0.024975461290212157,200,0.12079114458367797,0.23576466882516164,0.01667107960904724,200,101.645,55.30235735159231,3.910467189891264,200,0.10747468732136337,0.24956341788837125,0.017646798512495943,200,0.12292846948387082,0.23926603255055745,0.016918663412410037,200,0.9253350655071847,0.02302087361318038,0.0016278215840718304,200,0.9442130247019407,0.015081457587136839,0.0010664200930041766,200,0.10542748207876539,0.042916626909341754,0.0030346637913248615,200,0.10764404413045309,0.04404075220601582,0.0031141514533430184,200,0.8988508881833394,0.043141605359559146,0.0030505721701018173,200,0.9614040210364669,0.01593651868343781,0.0011268820429564987,200,0.06255313285312748,0.041986499622636266,0.002968893860145252,200,0.937718092388148,0.017458016366133318,0.0012344681758558597,200,0.9612745608294183,0.015964954309781763,0.001128892745378008,200,-0.02355646844127032,0.013063240236815755,0.0009237105755721381,200,-9.887874371982062e-05,0.05196556779546234,0.0036745205376380687,200,0.15094022858667072,0.3516710239365107,0.024866896577232338,200,-2.1958478197527663e-05,0.035650939067427695,0.0025209020770246534,200,0.10749664579956089,0.24843677979156292,0.017567133168676318,200,0.9678923771733844,0.01266287252690436,0.0008954003033074905,200,-0.02367935247144377,0.012809711636035523,0.0009057833962884942,200,0.045223871141372544,0.019366099759209405,0.0013693900464872134,200,0.06242017298908054,0.041871215935346665,0.0029607420724409856,200,0.0001228840301734576,0.0035684553983231894,0.00025232790105160697,200,-0.023679352471443774,0.012809711636035502,0.0009057833962884926,200,0.00013295986404693826,0.004217850395009619,0.000298247061634166,200,0.06242017298908054,0.04187121593534667,0.002960742072440986,200,,,,0
google/mt5-base,random,abtt,1000,102.01,0.5736188461950664,0.1988516571265803,0.11452162367256973,0.003621491721459775,1000,0.34989439696739894,0.2403292565143873,0.007638165172922528,990,0.30577572552694676,0.1389508259542213,0.004394010927769787,1000,0.5337683703163958,0.2135716019989452,0.006787751087708113,990,0.423735333888579,0.1727425985066228,0.005462600602169289,1000,0.7413039189613555,0.17248437247156623,0.0054819132127046895,990,0.02697865099613064,0.02697337244229177,0.0008529729309366067,1000,0.04776245261487336,0.07497610092093943,0.0023828969105205914,990,0.06901548579780427,0.04815454241936389,0.0015227803372838502,1000,0.11947038174707851,0.11998140879882474,0.0038132594898220443,990,0.15402464368345675,0.08373126794592903,0.0026478151808298407,1000,0.2683736983035625,0.17965279439673723,0.005709740617023971,990,0.40147601495415847,0.17102407194392216,0.005435501815299216,990,0.5370641015314164,0.18440791511884672,0.005860868274219899,990,0.6972895506515392,0.20537825634275933,0.00652734946891041,990,0.7853264134557562,0.21481753191939928,0.006827349339973937,990,102.0,55.637087320289204,1.7593991830978795,1000,102.01,55.6491394967319,1.7597803063810908,1000,0.002392588356411543,0.11880439781636204,0.003756924931444387,1000,0.4989098616570378,0.29195133754653785,0.009232311925796944,1000,102.0,55.637087320289204,1.7593991830978795,1000,0.0018558544842637778,0.080489186879358,0.002545291575537116,1000,0.49783340060053244,0.2922259883358331,0.009240997146350304,1000,0.39780099433449984,0.1580373533687889,0.004997579920302571,1000,0.6948963478188052,0.11430957351894154,0.0036329967314309795,990,0.18376319434186536,0.08171432514072946,0.0025840338490826413,1000,0.3195149318925155,0.12161507619516469,0.0038651808480113905,990,0.6869976743634538,0.12089876338379715,0.003842414932416848,990,0.6922811313633659,0.05269864604775313,0.0016748729170142566,990,0.005283456999912289,0.12930659016596957,0.004109633208872133,990,0.6883837415628358,0.11415035551486986,0.0036279364510837563,990,0.6829967503113545,0.05565995286138671,0.0017689894257501796,990,0.00538699125148125,0.1267816308512126,0.004029384734005868,990,-0.004142091690366669,0.05312346157127057,0.0016799113575764232,1000,0.00653468004677821,0.1336417939469193,0.004226124594631686,1000,-0.0028935790457375004,0.035970305519310956,0.001137480935731484,1000,0.004749433530001278,0.0904438030473783,0.002860084178773932,1000,0.6917995734287786,0.06072093184672386,0.0019298378966660825,990,0.003096774390026461,0.13136386545242265,0.004175017709585884,990,0.3153239498985361,0.06238268525835968,0.0019826518870176154,990,0.004190981993979379,0.13479931172170273,0.00428420335942328,990,0.0022902168614547906,0.07204917137603944,0.0022898729831065993,990,0.0030967743900264587,0.13136386545242262,0.004175017709585883,990,0.0010924750059329081,0.07367455868911232,0.002341531182974913,990,0.00419098199397938,0.13479931172170273,0.00428420335942328,990,,,,0
google/mt5-base,random,baseline,1000,102.01,0.9799628740319276,0.8988240750725169,0.04888618330098782,0.0015459168534361026,1000,0.9169578496539279,0.04287473567764469,0.0013558181881903998,1000,0.9486296795820613,0.0286149396882384,0.0009048838452318182,1000,0.9679224148923854,0.020026444757345132,0.0006332917886874868,1000,0.968979918534423,0.019937512205853287,0.0006304794944790423,1000,0.988752129248164,0.008051058452681116,0.0002545968228562329,1000,0.0013589016127649933,0.002021936385416135,6.393924261883046e-05,1000,0.0013936116958260078,0.0021090634237370992,6.669444148762065e-05,1000,0.004023625075311365,0.003910517224349661,0.00012366141258264593,1000,0.004124748479405934,0.004068099783695209,0.00012864461065315177,1000,0.011163030871978834,0.008293800258198276,0.0002622729927439914,1000,0.011437387733357252,0.008644277436145638,0.00027335605424620946,1000,0.027727581040558724,0.01839748976360805,0.0005817797088263418,1000,0.045617770577142495,0.02720817477276223,0.0008603980325786288,1000,0.0947547539799157,0.052798562264333285,0.0016696371393751035,1000,0.1752819350450593,0.08684185565155901,0.002746180600944922,1000,101.645,55.191530872771416,1.7453094510945848,1000,102.01,55.6491394967319,1.7597803063810908,1000,0.0018051206694762838,0.11561516073840827,0.003656072399798448,1000,0.49839789039259025,0.2884052953490456,0.009120176225565503,1000,101.645,55.191530872771416,1.7453094510945848,1000,0.0013297836820060321,0.07869098078042526,0.002488427305786781,1000,0.498001589908018,0.2894137159478888,0.009152065284883257,1000,0.9484112362287568,0.023899485151232844,0.0007557680798326952,1000,0.9677236277735757,0.01361422450582127,0.00043051958015275497,1000,0.04411036602820725,0.019671561604625104,0.0006220693980293201,1000,0.0451472802171329,0.020551532659524474,0.0006498965261143508,1000,0.9613476520966596,0.017255553844927895,0.0005456685243764806,1000,0.9614040210364672,0.015904581740151285,0.0005029470353120234,1000,5.636893980731461e-05,0.007314884052801598,0.00023131694426896428,1000,0.9612286954597831,0.016737926407193803,0.0005292997075501134,1000,0.9612745608294183,0.01593296038121483,0.0005038444467386353,1000,-4.586536963519683e-05,0.007168266997609267,0.00022668050588662048,1000,-0.0007183167358348422,0.05057795183005854,0.0015994152716926652,1000,0.0025234374053111266,0.12879764782284364,0.004072939243924129,1000,-0.0005053623481859248,0.034419727542958314,0.0010884473547817933,1000,0.0018351460301919576,0.08788846301173736,0.00277927723168552,1000,0.9678204648882472,0.012631755389914519,0.000399451178782382,1000,-9.683711467162104e-05,0.007526663004340554,0.00023801398274241953,1000,0.04507420705625024,0.01943884952178588,0.0006147103958211828,1000,7.307316088266775e-05,0.007227007212334036,0.00022853803457439678,1000,5.097174503641932e-05,0.004126545960580552,0.00013049284104801946,1000,-9.68371146716161e-05,0.0075266630043405456,0.00023801398274241926,1000,-1.6704221075354666e-05,0.0040981546022970435,0.00012959502746760172,1000,7.30731608826693e-05,0.007227007212334035,0.00022853803457439673,1000,,,,0
google/mt5-base,retrieval_mark,abtt,200,102.01,0.5736188461950664,0.3600038893322695,0.12028934552908732,0.008505741192810935,200,0.7907093609056325,0.6834868317634312,0.04857329405053004,198,0.48169136374708627,0.1269221748048395,0.008974753048744637,200,1.0126566638790564,0.649490634680193,0.04615728952669241,198,0.5746759151830847,0.15449463888073214,0.010924420680953255,200,1.121434856265252,0.44500090634696504,0.031624837337356285,198,0.1217448708136039,0.05085025653322789,0.003595656121972098,200,0.27419295658884396,0.25164486631085975,0.017883621921562374,198,0.2766744372147238,0.08577213887321636,0.006065006103412557,200,0.5824905318328631,0.3894312093843414,0.027675670937324436,198,0.4599246469554215,0.13113777452458134,0.009272840963604393,200,0.902232923327268,0.41381508295483693,0.0294085573749092,198,0.17452770860842215,0.14149991361065822,0.010055960982016441,198,0.24645262125585488,0.18067005138153774,0.012839661459516264,198,0.3471598534257142,0.23207145758690556,0.01649260033440631,198,0.4116338155509718,0.26728574110669634,0.01899517049186263,198,102.0,55.74880849167277,3.9420360527532,200,102.01,55.76088486929736,3.9428899816042513,200,0.5044516330620428,0.2327568625094318,0.01645839558481241,200,0.023900076988126972,0.11065334651908833,0.007824373168463222,200,102.0,55.74880849167277,3.9420360527532,200,0.3586129103001855,0.17436539234429854,0.012329495133090642,200,0.023300877639701144,0.10759168171917075,0.007607880774289033,200,0.5248414221343971,0.14495980370729336,0.010250206020089796,200,1.0190062250356227,0.3865585267694531,0.027471518273538942,198,0.40466293775413303,0.11586887644564765,0.008193166826318368,200,0.7778436188333593,0.29900598604156464,0.02124943013955908,198,0.22866898742260994,0.2994740406124848,0.021282693329496977,198,0.692281131363366,0.05280553996296352,0.003752726315882879,198,0.46361214394075606,0.32402661584970066,0.023027568872480125,198,1.0124936187796534,0.3866719354804491,0.02747957787968071,198,0.6829967503113544,0.05577285349030208,0.003963604105776304,198,0.32949686846829895,0.3973619476389394,0.02823928396302748,198,0.0020568116483752788,0.04470505685266816,0.0031611248853851788,200,0.5023948214136675,0.24048407378494044,0.017004791934069743,200,0.0016078588723373393,0.03067183541613774,0.002168826281418871,200,0.3570050514278482,0.179242863480864,0.01267438442466135,200,0.695842699428414,0.053985762742934665,0.003836601096599232,198,0.3231635256072086,0.3897827096546499,0.027700650973800756,198,0.31814863720547076,0.04989987027521835,0.0035462293629095277,198,0.4596949816278885,0.3110806916158871,0.022107542098968622,198,0.006333342861090345,0.06138928891038877,0.004362746790752139,198,0.3231635256072086,0.38978270965464995,0.027700650973800763,198,0.003917162312867505,0.05716084694359614,0.004062244505289367,198,0.4596949816278886,0.3110806916158871,0.022107542098968622,198,,,,0
google/mt5-base,retrieval_mark,baseline,200,102.01,0.9799628740319275,0.8998852506080773,0.031473256360127294,0.0022254952998268644,200,0.918314526410713,0.029147992748825156,0.0020610743330670583,200,0.9409409817307588,0.01781260329740772,0.0012595412582182856,200,0.9602585514944784,0.014928840727427412,0.0010556284513617833,200,0.9690662470350168,0.014469007064124623,0.001023113301207858,200,0.9889521931499797,0.009236940792428237,0.0006531503471744648,200,0.004127183726003094,0.0031280060735893694,0.00022118343062277497,200,0.0042454311814553395,0.0033003093734594,0.00023336711379866676,200,0.013541623136649543,0.007839894422542827,0.0005543642509966625,200,0.01389436880433569,0.008269739729837562,0.0005847589041615948,200,0.040522038011704654,0.017130720085588073,0.001211324833912792,200,0.0415348054343885,0.01822239679261324,0.0012885180341528815,200,0.016351371695220357,0.013078042007232619,0.0009247572187956712,200,0.031495781654015224,0.020437194581576834,0.0014451278877061944,200,0.08502017327808653,0.04046827008861691,0.0028615388202549745,200,0.19948665682804717,0.07026882382674546,0.004968756183389456,200,101.645,55.30235735159231,3.910467189891264,200,102.01,55.76088486929736,3.9428899816042513,200,0.2572293387701364,0.2889824839039992,0.020434147401265017,200,0.18213456554172727,0.289672849744509,0.02048296363799742,200,101.645,55.30235735159231,3.910467189891264,200,0.1807025836352511,0.20870488249051383,0.014757663767578387,200,0.18420740511074235,0.2953964926502713,0.020887686309172898,200,0.9507601224766039,0.015610857681865273,0.0011038543326985042,200,0.97024917444315,0.009195099435886674,0.0006501917164800065,200,0.08516173688101823,0.026227168606316194,0.0018545408772849112,200,0.08715665064811716,0.027843309727800074,0.0019688193119204796,200,0.9193382816656753,0.024890013200196428,0.0017599897117681574,200,0.9614040210364669,0.01593651868343781,0.0011268820429564987,200,0.04206573937079158,0.015320975667678758,0.0010833565789009742,200,0.9637542421293575,0.011115644387028114,0.0007859947523325764,200,0.9612745608294183,0.015964954309781763,0.001128892745378008,200,0.0024796812999390806,0.012469677589544276,0.0008817393582776679,200,0.000962560785976788,0.050496415484916686,0.003570635781499797,200,0.25626677798415964,0.2953105852364205,0.02088161173768409,200,0.0008663377699303559,0.03443704673773675,0.0024350669272291733,200,0.17983624586532074,0.21285608990338897,0.015051198458753974,200,0.9675567651058331,0.012896058616096455,0.0009118890498021006,200,0.0026924093373168916,0.012835054393292198,0.0009075753998395101,200,0.04510026948642649,0.019671548504531813,0.0013909885343994532,200,0.04205638116169069,0.015050286672431162,0.0010642159764877594,200,-0.00021272803737777937,0.004185084927838218,0.0002959301932316017,200,0.00269240933731686,0.012835054393292215,0.0009075753998395113,200,9.358209100891762e-06,0.004396855709652089,0.00031090464881937814,200,0.04205638116169069,0.015050286672431162,0.0010642159764877594,200,,,,0
