model,repr,pooling,layer,method,D,sif_a,tau,aucroc,spearman,same_avg,diff_avg,gap,dir_acc_at_1,dir_acc_at_3,existing_acc,new_acc,overall_assignment_acc,train_aucroc,train_dir_acc_at_1,n_train,n_test,n_existing,n_new
bowphs/LaTa,hidden,mean,1,baseline,10,0.001,0.9447236180904522,0.8671459534321055,0.041949178954604656,0.8512058854103088,0.6431891322135925,0.2080167531967163,0.5665101721439749,0.838810641627543,0.3,0.9090909090909091,0.6040688575899843,0.8514377088946483,0.47417840375586856,639,639,320,319
bowphs/LaTa,hidden,mean,1,abtt_fixed,10,0.001,0.4271356783919598,0.9508458187829956,0.05151251636100801,0.5577273964881897,0.0010733436793088913,0.5566540528088808,0.8043818466353677,0.9436619718309859,0.86875,0.7931034482758621,0.8309859154929577,0.987629996705649,0.8294209702660407,639,639,320,319
bowphs/LaTa,hidden,mean,1,abtt_optimal,3,0.001,0.507537688442211,0.9683443075034723,0.053511849944581226,0.6033146381378174,0.0027834938373416662,0.6005311443004757,0.8200312989045383,0.9264475743348983,0.871875,0.8275862068965517,0.8497652582159625,0.991319821697488,0.812206572769953,639,639,320,319
bowphs/LaTa,hidden,mean,1,whitening,10,0.001,0.0,0.5359997224103716,0.0041132415889650175,0.04654180631041527,-0.0012439934071153402,0.04778579971753061,0.081377151799687,0.09233176838810642,1.0,0.0,0.5007824726134585,0.498609237966,0.009389671361502348,639,639,320,319
bowphs/LaTa,hidden,mean,2,baseline,10,0.001,0.9949748743718593,0.5712065180557806,0.008135878771747948,0.9032986164093018,0.8633027076721191,0.03999590873718262,0.48043818466353677,0.596244131455399,0.184375,0.9090909090909091,0.5461658841940532,0.5294795821279241,0.27073552425665104,639,639,320,319
bowphs/LaTa,hidden,mean,2,abtt_fixed,10,0.001,0.4623115577889447,0.9581557084908934,0.05234772608789819,0.5542088150978088,0.001090562785975635,0.5531182523118332,0.8137715179968701,0.9374021909233177,0.853125,0.8244514106583072,0.838810641627543,0.985116980542606,0.7934272300469484,639,639,320,319
bowphs/LaTa,hidden,mean,2,abtt_optimal,5,0.001,0.5175879396984925,0.9632743258485453,0.05293256651315323,0.5844963788986206,0.0018514692783355713,0.582644909620285,0.7949921752738655,0.917057902973396,0.853125,0.7962382445141066,0.8247261345852895,0.990939199480788,0.7762128325508607,639,639,320,319
bowphs/LaTa,hidden,mean,2,whitening,10,0.001,0.0,0.5330204012448794,0.0037728285175631362,0.06756778061389923,-0.0016206040745601058,0.06918838468845934,0.07511737089201878,0.09233176838810642,1.0,0.0,0.5007824726134585,0.5050477114438733,0.0,639,639,320,319
bowphs/LaTa,hidden,mean,3,baseline,10,0.001,0.8492462311557789,0.480323456956286,-0.0022481926265249695,0.9493315815925598,0.9162795543670654,0.033052027225494385,0.04225352112676056,0.06103286384976526,0.99375,0.01567398119122257,0.5054773082942097,0.4768200839768201,0.06416275430359937,639,639,320,319
bowphs/LaTa,hidden,mean,3,abtt_fixed,10,0.001,0.48743718592964824,0.9576650597527824,0.05229166578946215,0.5548163056373596,0.001215852447785437,0.5536004531895742,0.8169014084507042,0.9327073552425665,0.840625,0.8432601880877743,0.8419405320813772,0.9837972714429788,0.7981220657276995,639,639,320,319
bowphs/LaTa,hidden,mean,3,abtt_optimal,5,0.001,0.5326633165829145,0.9583341463249527,0.05236811394881055,0.5765103697776794,0.001707854913547635,0.5748025148641318,0.8012519561815337,0.9233176838810642,0.825,0.8369905956112853,0.8309859154929577,0.989078013255186,0.7574334898278561,639,639,320,319
bowphs/LaTa,hidden,mean,3,whitening,10,0.001,0.0,0.5731484729760923,0.008357761687268903,0.14690597355365753,0.012092884629964828,0.1348130889236927,0.08607198748043818,0.10172143974960876,1.0,0.0,0.5007824726134585,0.49601284412318264,0.004694835680751174,639,639,320,319
bowphs/LaTa,hidden,mean,4,baseline,10,0.001,0.8442211055276382,0.46779672722978605,-0.0036794654544406655,0.9336580634117126,0.9046412706375122,0.02901679277420044,0.03755868544600939,0.051643192488262914,1.0,0.01567398119122257,0.5086071987480438,0.46889349967023103,0.03912363067292645,639,639,320,319
bowphs/LaTa,hidden,mean,4,abtt_fixed,10,0.001,0.47738693467336685,0.9568913571978119,0.05220326446940768,0.5671675205230713,0.001372260507196188,0.5657952600158751,0.8200312989045383,0.9295774647887324,0.865625,0.8244514106583072,0.8450704225352113,0.9861017973542909,0.812206572769953,639,639,320,319
bowphs/LaTa,hidden,mean,4,abtt_optimal,5,0.001,0.577889447236181,0.9663839137120118,0.053287860249990805,0.5975374579429626,0.0025878427550196648,0.594949615187943,0.810641627543036,0.9358372456964006,0.815625,0.8683385579937304,0.8419405320813772,0.9900435168857301,0.7715179968701096,639,639,320,319
bowphs/LaTa,hidden,mean,4,whitening,10,0.001,0.0,0.540605635175641,0.004639498381203616,0.015616409480571747,-0.0014032396720722318,0.01701964915264398,0.07668231611893583,0.08607198748043818,1.0,0.0,0.5007824726134585,0.5441601902365036,0.19561815336463223,639,639,320,319
bowphs/LaTa,hidden,mean,5,baseline,10,0.001,0.8190954773869347,0.46759810286912373,-0.0037021597774242938,0.9325103759765625,0.9031919836997986,0.029318392276763916,0.026604068857589983,0.046948356807511735,1.0,0.009404388714733543,0.5054773082942097,0.4688461579111545,0.03442879499217527,639,639,320,319
bowphs/LaTa,hidden,mean,5,abtt_fixed,10,0.001,0.4824120603015075,0.9575377021268612,0.052277114225456264,0.5762835144996643,0.001326669822447002,0.5749568446772173,0.8278560250391236,0.9327073552425665,0.86875,0.8338557993730408,0.8513302034428795,0.98690427010463,0.8200312989045383,639,639,320,319
bowphs/LaTa,hidden,mean,5,abtt_optimal,5,0.001,0.577889447236181,0.96227543014557,0.052818435186880335,0.5970134139060974,0.0021026162430644035,0.594910797663033,0.8215962441314554,0.945226917057903,0.803125,0.896551724137931,0.8497652582159625,0.9893071522046073,0.7699530516431925,639,639,320,319
bowphs/LaTa,hidden,mean,5,whitening,10,0.001,0.0,0.5849242860351843,0.00970323665363857,0.17049430310726166,-0.00020681590831372887,0.1707011190155754,0.06103286384976526,0.081377151799687,1.0,0.0,0.5007824726134585,0.4708262108662278,0.001564945226917058,639,639,320,319
bowphs/LaTa,hidden,mean,6,baseline,10,0.001,0.8190954773869347,0.46567165562568735,-0.003922270824294118,0.9324175715446472,0.9035477042198181,0.0288698673248291,0.017214397496087636,0.03599374021909233,1.0,0.003134796238244514,0.5023474178403756,0.4685330080629048,0.028169014084507043,639,639,320,319
bowphs/LaTa,hidden,mean,6,abtt_fixed,10,0.001,0.49246231155778897,0.9578899100063627,0.05231735661742137,0.5709931254386902,0.0010779674630612135,0.569915157975629,0.838810641627543,0.9499217527386542,0.88125,0.8495297805642633,0.865414710485133,0.9864034974507407,0.8262910798122066,639,639,320,319
bowphs/LaTa,hidden,mean,6,abtt_optimal,5,0.001,0.5477386934673367,0.9566144091139304,0.05217162107357801,0.5838097929954529,0.0020137205719947815,0.5817960724234581,0.7949921752738655,0.9280125195618153,0.84375,0.8087774294670846,0.8262910798122066,0.9888007266315286,0.7809076682316118,639,639,320,319
bowphs/LaTa,hidden,mean,6,whitening,10,0.001,0.0,0.5598070592803402,0.0068334051053311,0.06439144909381866,-0.00035710245720110834,0.06474855155101977,0.07198748043818466,0.08450704225352113,1.0,0.0,0.5007824726134585,0.5203268784978589,0.001564945226917058,639,639,320,319
bowphs/LaTa,hidden,mean,7,baseline,10,0.001,0.8140703517587939,0.46370158336256784,-0.004147366356881339,0.9326509833335876,0.904167115688324,0.028483867645263672,0.018779342723004695,0.03442879499217527,1.0,0.003134796238244514,0.5023474178403756,0.4685004951427608,0.03129890453834116,639,639,320,319
bowphs/LaTa,hidden,mean,7,abtt_fixed,10,0.001,0.4623115577889447,0.9577557829808356,0.05230203159873609,0.5656023621559143,0.0009399825939908624,0.5646623795619234,0.8200312989045383,0.9405320813771518,0.90625,0.7962382445141066,0.8513302034428795,0.9856130788885711,0.8513302034428795,639,639,320,319
bowphs/LaTa,hidden,mean,7,abtt_optimal,5,0.001,0.542713567839196,0.956947215805672,0.05220964673432274,0.575802743434906,0.0016489726258441806,0.5741537708090618,0.8043818466353677,0.9233176838810642,0.834375,0.8401253918495298,0.837245696400626,0.9884647866538792,0.7683881064162754,639,639,320,319
bowphs/LaTa,hidden,mean,7,whitening,10,0.001,0.010050251256281407,0.5509518881957113,0.005821635392913613,0.1245882511138916,-0.0008396021439693868,0.125427853257861,0.07198748043818466,0.08763693270735524,1.0,0.0,0.5007824726134585,0.5287225687491108,0.13615023474178403,639,639,320,319
bowphs/LaTa,hidden,mean,8,baseline,10,0.001,0.8140703517587939,0.46344200122212,-0.004177025563401866,0.9147970080375671,0.8912865519523621,0.023510456085205078,0.018779342723004695,0.03599374021909233,1.0,0.003134796238244514,0.5023474178403756,0.4689136360361418,0.03442879499217527,639,639,320,319
bowphs/LaTa,hidden,mean,8,abtt_fixed,10,0.001,0.457286432160804,0.9541499273351408,0.05189003554552793,0.5561272501945496,0.000977705349214375,0.5551495448453352,0.8294209702660407,0.9405320813771518,0.909375,0.8119122257053292,0.8607198748043818,0.9861070818551219,0.8419405320813772,639,639,320,319
bowphs/LaTa,hidden,mean,8,abtt_optimal,5,0.001,0.5628140703517588,0.956677523810257,0.05217883240102446,0.5685248970985413,0.0016641232650727034,0.5668607738334686,0.8043818466353677,0.9264475743348983,0.8,0.8683385579937304,0.8341158059467919,0.9886392097205159,0.7605633802816901,639,639,320,319
bowphs/LaTa,hidden,mean,8,whitening,10,0.001,0.0,0.5418703957298097,0.004784006760798366,0.03053741157054901,-0.0014821861404925585,0.03201959771104157,0.06416275430359937,0.07355242566510173,1.0,0.0,0.5007824726134585,0.48193558439867057,0.003129890453834116,639,639,320,319
bowphs/LaTa,hidden,mean,9,baseline,10,0.001,0.7688442211055276,0.46449810498843247,-0.004056357786794079,0.9136860370635986,0.8904167413711548,0.023269295692443848,0.017214397496087636,0.03599374021909233,1.0,0.0,0.5007824726134585,0.4695300805415492,0.03129890453834116,639,639,320,319
bowphs/LaTa,hidden,mean,9,abtt_fixed,10,0.001,0.46733668341708545,0.9478164018481965,0.051166382754092174,0.5503930449485779,0.0010164831764996052,0.5493765617720783,0.8184663536776213,0.9405320813771518,0.853125,0.8432601880877743,0.8482003129890454,0.9873877904175721,0.8247261345852895,639,639,320,319
bowphs/LaTa,hidden,mean,9,abtt_optimal,7,0.001,0.5175879396984925,0.9579827569676257,0.05232796507914328,0.574504017829895,0.001783587853424251,0.5727204299764708,0.8169014084507042,0.9280125195618153,0.834375,0.8652037617554859,0.8497652582159625,0.9889537353810731,0.7996870109546166,639,639,320,319
bowphs/LaTa,hidden,mean,9,whitening,10,0.001,0.0,0.582893488275599,0.00947120277848584,0.1694650799036026,0.0008388723945245147,0.16862620750907809,0.07511737089201878,0.08450704225352113,1.0,0.0,0.5007824726134585,0.49686057476625756,0.0,639,639,320,319
bowphs/LaTa,hidden,mean,10,baseline,10,0.001,0.7738693467336684,0.4658709878974196,-0.003899495617139456,0.9162571430206299,0.8924137353897095,0.02384340763092041,0.01564945226917058,0.03755868544600939,1.0,0.0,0.5007824726134585,0.4705504727509838,0.03129890453834116,639,639,320,319
bowphs/LaTa,hidden,mean,10,abtt_fixed,10,0.001,0.44221105527638194,0.94503720935439,0.05084883916636637,0.5438612103462219,0.0010324291652068496,0.5428287811810151,0.8059467918622848,0.9358372456964006,0.9125,0.774294670846395,0.8435054773082942,0.9877022297300766,0.8419405320813772,639,639,320,319
bowphs/LaTa,hidden,mean,10,abtt_optimal,7,0.001,0.5226130653266332,0.9549371244448815,0.05197997871967969,0.5688801407814026,0.0019246235024183989,0.5669555172789842,0.8153364632237872,0.9248826291079812,0.825,0.8714733542319749,0.8482003129890454,0.989285242825346,0.7965571205007824,639,639,320,319
bowphs/LaTa,hidden,mean,10,whitening,10,0.001,0.0,0.5625240662110993,0.007143843528102123,0.0931534469127655,-0.001570790889672935,0.09472423780243844,0.07668231611893583,0.09076682316118936,1.0,0.0,0.5007824726134585,0.5059971543365984,0.01564945226917058,639,639,320,319
bowphs/LaTa,hidden,mean,11,baseline,10,0.001,0.7738693467336684,0.46780969085125373,-0.0036779842634283473,0.9162258505821228,0.8926506042480469,0.023575246334075928,0.01564945226917058,0.03755868544600939,1.0,0.0,0.5007824726134585,0.4720206289412561,0.03442879499217527,639,639,320,319
bowphs/LaTa,hidden,mean,11,abtt_fixed,10,0.001,0.457286432160804,0.9492894099291341,0.051334684975623344,0.5420811772346497,0.001071108621545136,0.5410100686131045,0.7934272300469484,0.9374021909233177,0.865625,0.780564263322884,0.8231611893583725,0.9881887261725715,0.8262910798122066,639,639,320,319
bowphs/LaTa,hidden,mean,11,abtt_optimal,7,0.001,0.5125628140703518,0.9573503269155443,0.05225570520215662,0.5714418292045593,0.0018147487426176667,0.5696270804619417,0.809076682316119,0.9248826291079812,0.840625,0.8463949843260188,0.8435054773082942,0.9896499770003327,0.8075117370892019,639,639,320,319
bowphs/LaTa,hidden,mean,11,whitening,10,0.001,0.0,0.5668282761272609,0.00763563179288559,0.11893559247255325,0.006047187373042107,0.11288840509951115,0.07042253521126761,0.08607198748043818,1.0,0.0,0.5007824726134585,0.4661528988227168,0.003129890453834116,639,639,320,319
bowphs/LaTa,hidden,mean,12,baseline,10,0.001,0.8492462311557789,0.9291782869162681,0.04903683832815835,0.8139119148254395,0.5657724738121033,0.24813944101333618,0.7261345852895149,0.9139280125195618,0.65625,0.890282131661442,0.7730829420970265,0.9432517315835549,0.6807511737089202,639,639,320,319
bowphs/LaTa,hidden,mean,12,abtt_fixed,10,0.001,0.4271356783919598,0.9629464745342928,0.0528951070414541,0.5378729104995728,0.0005653279949910939,0.5373075825045817,0.8231611893583725,0.9436619718309859,0.890625,0.8181818181818182,0.8544600938967136,0.9910060674128689,0.8247261345852895,639,639,320,319
bowphs/LaTa,hidden,mean,12,abtt_optimal,2,0.001,0.5527638190954774,0.9567833565152086,0.0521909245813623,0.5674285888671875,0.0015797076048329473,0.5658488812623546,0.7887323943661971,0.9374021909233177,0.790625,0.8557993730407524,0.8231611893583725,0.9921087090208548,0.7636932707355243,639,639,320,319
bowphs/LaTa,hidden,mean,12,whitening,10,0.001,0.0,0.5886356425525168,0.010127294309495471,0.21612393856048584,-0.0015187500976026058,0.21764268865808845,0.07355242566510173,0.0892018779342723,1.0,0.0,0.5007824726134585,0.4872255769656,0.15492957746478872,639,639,320,319
bowphs/LaTa,hidden,sif,1,sif_only,10,0.001,0.7889447236180904,0.9265443157417875,0.048735887365369046,0.7711664438247681,0.39600667357444763,0.37515977025032043,0.8294209702660407,0.9530516431924883,0.740625,0.9623824451410659,0.8513302034428795,0.9746080368300464,0.7777777777777778,639,639,320,319
bowphs/LaTa,hidden,sif,1,sif_abtt_fixed,10,0.001,0.37185929648241206,0.9605569207178094,0.05262208259509439,0.5694106221199036,0.000993569497950375,0.5684170526219532,0.810641627543036,0.94679186228482,0.9,0.7774294670846394,0.838810641627543,0.9907354871546449,0.86697965571205,639,639,320,319
bowphs/LaTa,hidden,sif,1,sif_abtt_optimal,1,0.001,0.5326633165829145,0.9605803702720003,0.05262476188254301,0.6086210012435913,0.002759486436843872,0.6058615148067474,0.8482003129890454,0.9530516431924883,0.834375,0.9122257053291536,0.8732394366197183,0.9927497224255495,0.8059467918622848,639,639,320,319
bowphs/LaTa,hidden,sif,2,sif_only,10,0.001,0.8542713567839196,0.9258104442456099,0.04865203704256254,0.8274678587913513,0.5466696619987488,0.28079819679260254,0.8012519561815337,0.9499217527386542,0.6875,0.9561128526645768,0.8215962441314554,0.967155019784181,0.7543035993740219,639,639,320,319
bowphs/LaTa,hidden,sif,2,sif_abtt_fixed,10,0.001,0.4020100502512563,0.9642943372114029,0.053049110461946464,0.5679349899291992,0.00132536340970546,0.5666096265194938,0.8137715179968701,0.9483568075117371,0.89375,0.7899686520376176,0.8419405320813772,0.9911303740696659,0.8575899843505478,639,639,320,319
bowphs/LaTa,hidden,sif,2,sif_abtt_optimal,1,0.001,0.542713567839196,0.9569187887517709,0.052206398730198104,0.6018244028091431,0.0024943717289716005,0.5993300310801715,0.8262910798122066,0.9436619718309859,0.846875,0.8620689655172413,0.8544600938967136,0.9916547370115776,0.7871674491392802,639,639,320,319
bowphs/LaTa,hidden,sif,3,sif_only,10,0.001,0.8844221105527639,0.9198313831047022,0.0479688844613268,0.8368711471557617,0.62367182970047,0.21319931745529175,0.7104851330203443,0.9014084507042254,0.578125,0.9153605015673981,0.7464788732394366,0.9487632356885758,0.6635367762128326,639,639,320,319
bowphs/LaTa,hidden,sif,3,sif_abtt_fixed,10,0.001,0.4221105527638191,0.9578078365666951,0.052307979111348275,0.5724383592605591,0.0010661558480933309,0.5713722034124658,0.8262910798122066,0.94679186228482,0.884375,0.8213166144200627,0.8528951486697965,0.9888857967331377,0.865414710485133,639,639,320,319
bowphs/LaTa,hidden,sif,3,sif_abtt_optimal,2,0.001,0.5175879396984925,0.9710657941839707,0.05382280021031432,0.6250618696212769,0.0030243496876209974,0.6220375199336559,0.8059467918622848,0.9311424100156495,0.878125,0.7962382445141066,0.837245696400626,0.9934934439607701,0.8325508607198748,639,639,320,319
bowphs/LaTa,hidden,sif,4,sif_only,10,0.001,0.8994974874371859,0.8981420387281334,0.04549071418557118,0.8392791748046875,0.6623002290725708,0.1769789457321167,0.6291079812206573,0.8325508607198748,0.48125,0.8746081504702194,0.6776212832550861,0.9173242205205849,0.5821596244131455,639,639,320,319
bowphs/LaTa,hidden,sif,4,sif_abtt_fixed,10,0.001,0.4271356783919598,0.9582113679987652,0.052354085604145416,0.572563111782074,0.0011450947495177388,0.5714180170325562,0.8200312989045383,0.9514866979655712,0.8875,0.8087774294670846,0.8482003129890454,0.9884242030690678,0.8622848200312989,639,639,320,319
bowphs/LaTa,hidden,sif,4,sif_abtt_optimal,2,0.001,0.542713567839196,0.9711164983143532,0.05382859353751664,0.6296947002410889,0.002726182108744979,0.6269685181323439,0.8184663536776213,0.9374021909233177,0.875,0.8244514106583072,0.8497652582159625,0.9943704638633514,0.8184663536776213,639,639,320,319
bowphs/LaTa,hidden,sif,5,sif_only,10,0.001,0.914572864321608,0.8838420360159491,0.04385683161865892,0.847227931022644,0.6855716705322266,0.16165626049041748,0.6197183098591549,0.8278560250391236,0.43125,0.896551724137931,0.6635367762128326,0.9037288404960118,0.5492957746478874,639,639,320,319
bowphs/LaTa,hidden,sif,5,sif_abtt_fixed,10,0.001,0.4221105527638191,0.9571845319307493,0.05223676188159973,0.5795606970787048,0.0011807818664237857,0.578379915212281,0.8184663536776213,0.945226917057903,0.903125,0.7899686520376176,0.8466353677621283,0.9893270813351914,0.8732394366197183,639,639,320,319
bowphs/LaTa,hidden,sif,5,sif_abtt_optimal,2,0.001,0.5728643216080402,0.9693696613826858,0.053629004315939546,0.6386091709136963,0.0022734799422323704,0.6363356909714639,0.8450704225352113,0.9483568075117371,0.865625,0.8808777429467085,0.8732394366197183,0.9950156334876539,0.8137715179968701,639,639,320,319
bowphs/LaTa,hidden,sif,6,sif_only,10,0.001,0.9195979899497487,0.8659871361939933,0.041816775393483024,0.8529518246650696,0.7085778713226318,0.14437395334243774,0.6134585289514867,0.8184663536776213,0.459375,0.8714733542319749,0.6651017214397497,0.888617879448862,0.5258215962441315,639,639,320,319
bowphs/LaTa,hidden,sif,6,sif_abtt_fixed,10,0.001,0.4271356783919598,0.9569206912627715,0.05220661610634902,0.58038729429245,0.0008444284903816879,0.5795428658020683,0.8435054773082942,0.9514866979655712,0.903125,0.8401253918495298,0.8716744913928013,0.990084204088205,0.8701095461658842,639,639,320,319
bowphs/LaTa,hidden,sif,6,sif_abtt_optimal,2,0.001,0.5728643216080402,0.966916461936573,0.053348707879020234,0.6325269937515259,0.002216000808402896,0.630310992943123,0.837245696400626,0.9514866979655712,0.8625,0.8683385579937304,0.865414710485133,0.9950755475232166,0.8169014084507042,639,639,320,319
bowphs/LaTa,hidden,sif,7,sif_only,10,0.001,0.9296482412060302,0.8573240634148506,0.04082695435117259,0.8700650930404663,0.7464807629585266,0.1235843300819397,0.6009389671361502,0.809076682316119,0.45625,0.8526645768025078,0.6541471048513302,0.8798512322062856,0.514866979655712,639,639,320,319
bowphs/LaTa,hidden,sif,7,sif_abtt_fixed,10,0.001,0.4221105527638191,0.9615001237295817,0.05272985061367442,0.5812404155731201,0.000679931603372097,0.580560483969748,0.8466353677621283,0.9514866979655712,0.909375,0.8369905956112853,0.8732394366197183,0.9906297510857347,0.8685446009389671,639,639,320,319
bowphs/LaTa,hidden,sif,7,sif_abtt_optimal,2,0.001,0.5577889447236181,0.9684058183387815,0.05351887801887747,0.6289842128753662,0.002150786342099309,0.6268334265332669,0.8215962441314554,0.9342723004694836,0.859375,0.8463949843260188,0.8528951486697965,0.9947734156865029,0.812206572769953,639,639,320,319
bowphs/LaTa,hidden,sif,8,sif_only,10,0.001,0.9346733668341709,0.8459657962147906,0.039529187130985084,0.8700740933418274,0.7549582719802856,0.11511582136154175,0.6009389671361502,0.8028169014084507,0.409375,0.8871473354231975,0.647887323943662,0.867717327514411,0.48513302034428796,639,639,320,319
bowphs/LaTa,hidden,sif,8,sif_abtt_fixed,10,0.001,0.4020100502512563,0.9564958561319413,0.052158075506179596,0.5754888653755188,0.0007491594296880066,0.5747397059458308,0.8075117370892019,0.9405320813771518,0.915625,0.7492163009404389,0.8325508607198748,0.9906132989034095,0.8701095461658842,639,639,320,319
bowphs/LaTa,hidden,sif,8,sif_abtt_optimal,2,0.001,0.5879396984924623,0.9680920146348225,0.05348302359201749,0.6219155192375183,0.0019178097136318684,0.6199977095238864,0.8278560250391236,0.945226917057903,0.825,0.8871473354231975,0.8560250391236307,0.9943524574160761,0.8059467918622848,639,639,320,319
bowphs/LaTa,hidden,sif,9,sif_only,10,0.001,0.9396984924623115,0.8538804742597119,0.04043349846160273,0.8847343921661377,0.7773101329803467,0.10742425918579102,0.6150234741784038,0.8137715179968701,0.4375,0.8871473354231975,0.6619718309859155,0.8766271168023663,0.49608763693270735,639,639,320,319
bowphs/LaTa,hidden,sif,9,sif_abtt_fixed,10,0.001,0.4321608040201005,0.9579056831498891,0.05231915881737518,0.5792064666748047,0.0008384998072870076,0.5783679668675177,0.8325508607198748,0.945226917057903,0.90625,0.8087774294670846,0.8575899843505478,0.9903817249388995,0.8622848200312989,639,639,320,319
bowphs/LaTa,hidden,sif,9,sif_abtt_optimal,2,0.001,0.5979899497487438,0.9702616956974359,0.053730925927094636,0.6258332133293152,0.0019301986321806908,0.6239030146971345,0.8215962441314554,0.9499217527386542,0.8125,0.890282131661442,0.8513302034428795,0.9943340480112213,0.8012519561815337,639,639,320,319
bowphs/LaTa,hidden,sif,10,sif_only,10,0.001,0.9396984924623115,0.8578009631926505,0.04088144372778826,0.8889591097831726,0.7832854986190796,0.10567361116409302,0.6056338028169014,0.8169014084507042,0.45,0.8620689655172413,0.6557120500782473,0.8805056065330155,0.5179968701095462,639,639,320,319
bowphs/LaTa,hidden,sif,10,sif_abtt_fixed,10,0.001,0.4321608040201005,0.9568799642540304,0.052201962740127845,0.5765727162361145,0.0008067324524745345,0.57576598378364,0.8341158059467919,0.94679186228482,0.90625,0.8119122257053292,0.8591549295774648,0.9899982244537733,0.8732394366197183,639,639,320,319
bowphs/LaTa,hidden,sif,10,sif_abtt_optimal,3,0.001,0.5376884422110553,0.9634211952733309,0.05294934744652871,0.6124746203422546,0.0014034488704055548,0.6110711714718491,0.8341158059467919,0.9358372456964006,0.8625,0.8683385579937304,0.865414710485133,0.9937949022826718,0.8309859154929577,639,639,320,319
bowphs/LaTa,hidden,sif,11,sif_only,10,0.001,0.9396984924623115,0.8682624951060116,0.04207675221551424,0.8880974054336548,0.7761762142181396,0.11192119121551514,0.6275430359937402,0.8247261345852895,0.44375,0.9028213166144201,0.672926447574335,0.8907018148679788,0.5320813771517997,639,639,320,319
bowphs/LaTa,hidden,sif,11,sif_abtt_fixed,10,0.001,0.4271356783919598,0.9556755088741298,0.052064344678967325,0.5762006044387817,0.0007246492896229029,0.5754759551491588,0.8294209702660407,0.94679186228482,0.90625,0.8025078369905956,0.8544600938967136,0.9907887005813112,0.8685446009389671,639,639,320,319
bowphs/LaTa,hidden,sif,11,sif_abtt_optimal,3,0.001,0.5326633165829145,0.9658714745862802,0.05322931023633127,0.6133129596710205,0.001126146991737187,0.6121868126792833,0.8356807511737089,0.9358372456964006,0.875,0.8589341692789969,0.86697965571205,0.9941486990376383,0.8231611893583725,639,639,320,319
bowphs/LaTa,hidden,sif,12,sif_only,10,0.001,0.8492462311557789,0.9284040755502161,0.04894837887261696,0.8161445260047913,0.5304232239723206,0.2857213020324707,0.7793427230046949,0.9436619718309859,0.684375,0.9373040752351097,0.810641627543036,0.9658599313926727,0.7449139280125195,639,639,320,319
bowphs/LaTa,hidden,sif,12,sif_abtt_fixed,10,0.001,0.40703517587939697,0.9649437128847205,0.05312330650325865,0.5642801523208618,0.0006278966320678592,0.563652255688794,0.8231611893583725,0.945226917057903,0.925,0.780564263322884,0.8528951486697965,0.9919502200482265,0.8732394366197183,639,639,320,319
bowphs/LaTa,hidden,sif,12,sif_abtt_optimal,3,0.001,0.5025125628140703,0.9606427881183675,0.05263189358965533,0.592529833316803,0.001018668175674975,0.591511165141128,0.8591549295774648,0.94679186228482,0.9,0.8714733542319749,0.8857589984350548,0.9936234726151987,0.8419405320813772,639,639,320,319
bowphs/LaTa,ff1,mean,1,baseline,10,0.001,0.9396984924623115,0.8159575786946023,0.03610052320288705,0.8176816701889038,0.633419930934906,0.1842617392539978,0.5226917057902973,0.7511737089201878,0.275,0.8714733542319749,0.5727699530516432,0.8081006401061744,0.39123630672926446,639,639,320,319
bowphs/LaTa,ff1,mean,1,abtt_fixed,10,0.001,0.3869346733668342,0.9622884269503691,0.05281992016931087,0.4928516149520874,0.001059162081219256,0.49179245287086815,0.8012519561815337,0.918622848200313,0.878125,0.780564263322884,0.8294209702660407,0.9840122435552059,0.7777777777777778,639,639,320,319
bowphs/LaTa,ff1,mean,1,abtt_optimal,7,0.001,0.3969849246231156,0.9456168115428794,0.050915063063701915,0.49518680572509766,0.001082477974705398,0.49410432775039226,0.7777777777777778,0.9014084507042254,0.8625,0.7586206896551724,0.810641627543036,0.9868192460553158,0.7699530516431925,639,639,320,319
bowphs/LaTa,ff1,mean,1,whitening,10,0.001,0.0,0.5817958721617025,0.00934581599706049,0.1799023300409317,0.0012524031335487962,0.1786499269073829,0.107981220657277,0.12363067292644757,1.0,0.0,0.5007824726134585,0.5017752353738545,0.03755868544600939,639,639,320,319
bowphs/LaTa,ff1,mean,2,baseline,10,0.001,0.9899497487437187,0.537903848332885,0.004330798969518784,0.9049458503723145,0.8722337484359741,0.03271210193634033,0.352112676056338,0.431924882629108,0.43125,0.6269592476489029,0.5289514866979655,0.5250827507929111,0.18622848200312989,639,639,320,319
bowphs/LaTa,ff1,mean,2,abtt_fixed,10,0.001,0.4371859296482412,0.9644112752712639,0.05306247151237748,0.4286404252052307,0.0013451282866299152,0.4272952969186008,0.6948356807511737,0.8748043818466353,0.7125,0.780564263322884,0.7464788732394366,0.9838639666789541,0.6932707355242567,639,639,320,319
bowphs/LaTa,ff1,mean,2,abtt_optimal,10,0.001,0.4371859296482412,0.9644112752712639,0.05306247151237748,0.4286404252052307,0.0013451282866299152,0.4272952969186008,0.6948356807511737,0.8748043818466353,0.7125,0.780564263322884,0.7464788732394366,0.9838639666789541,0.6932707355242567,639,639,320,319
bowphs/LaTa,ff1,mean,2,whitening,10,0.001,0.0,0.5608338400428038,0.0069507225777628865,0.07608263939619064,-0.0016326522454619408,0.07771529164165258,0.107981220657277,0.11737089201877934,1.0,0.0,0.5007824726134585,0.5052533176706409,0.056338028169014086,639,639,320,319
bowphs/LaTa,ff1,mean,3,baseline,10,0.001,0.005025125628140704,0.4636870158800823,-0.004149030801055777,0.9603663086891174,0.9333321452140808,0.02703416347503662,0.03286384976525822,0.04225352112676056,1.0,0.0,0.5007824726134585,0.4723210107907665,0.04225352112676056,639,639,320,319
bowphs/LaTa,ff1,mean,3,abtt_fixed,10,0.001,0.3869346733668342,0.964852016278946,0.05311282947827952,0.46588456630706787,0.0011733617866411805,0.4647112045204267,0.7746478873239436,0.917057902973396,0.8125,0.8087774294670846,0.810641627543036,0.9848272079905152,0.7887323943661971,639,639,320,319
bowphs/LaTa,ff1,mean,3,abtt_optimal,7,0.001,0.4170854271356784,0.963440419483323,0.05295154395671051,0.47804784774780273,0.001471546944230795,0.47657630080357194,0.7636932707355243,0.8857589984350548,0.821875,0.786833855799373,0.8043818466353677,0.9862301335868848,0.7543035993740219,639,639,320,319
bowphs/LaTa,ff1,mean,3,whitening,10,0.001,0.005025125628140704,0.5343242738856605,0.003921805743489693,0.025932472199201584,0.004277036990970373,0.02165543520823121,0.11267605633802817,0.12206572769953052,1.0,0.0,0.5007824726134585,0.49889652945070734,0.02190923317683881,639,639,320,319
bowphs/LaTa,ff1,mean,4,baseline,10,0.001,0.5879396984924623,0.48062128841672985,-0.002214163148247252,0.8245298862457275,0.8221348524093628,0.002395033836364746,0.03286384976525822,0.04538341158059468,1.0,0.009404388714733543,0.5054773082942097,0.4764729648046027,0.03755868544600939,639,639,320,319
bowphs/LaTa,ff1,mean,4,abtt_fixed,10,0.001,0.40703517587939697,0.9590211297738592,0.05244660696056096,0.48708653450012207,0.001081974245607853,0.4860045602545142,0.810641627543036,0.9374021909233177,0.8375,0.8495297805642633,0.8435054773082942,0.9850199598704908,0.7965571205007824,639,639,320,319
bowphs/LaTa,ff1,mean,4,abtt_optimal,7,0.001,0.457286432160804,0.9607147185197368,0.052640112177524914,0.5052270293235779,0.0010589425219222903,0.5041680868016556,0.812206572769953,0.9327073552425665,0.821875,0.8714733542319749,0.8466353677621283,0.9878663370826732,0.7824726134585289,639,639,320,319
bowphs/LaTa,ff1,mean,4,whitening,10,0.001,0.0,0.5598159413520456,0.006834419968444867,0.11058615893125534,0.004685336723923683,0.10590082220733166,0.12832550860719874,0.14241001564945227,1.0,0.0,0.5007824726134585,0.5556856635222697,0.054773082942097026,639,639,320,319
bowphs/LaTa,ff1,mean,5,baseline,10,0.001,0.9949748743718593,0.50607497202977,0.0006941111196774812,0.920989990234375,0.8920512199401855,0.028938770294189453,0.2190923317683881,0.26291079812206575,0.540625,0.3793103448275862,0.460093896713615,0.5130913203881406,0.1111111111111111,639,639,320,319
bowphs/LaTa,ff1,mean,5,abtt_fixed,10,0.001,0.3919597989949749,0.9640941089897228,0.053026232885808766,0.5039260983467102,0.0005207612412050366,0.5034053371055052,0.8215962441314554,0.9420970266040689,0.86875,0.8307210031347962,0.8497652582159625,0.9876135905756189,0.7981220657276995,639,639,320,319
bowphs/LaTa,ff1,mean,5,abtt_optimal,7,0.001,0.4271356783919598,0.9615856482357151,0.052739622429975805,0.511430025100708,0.0004348568618297577,0.5109951682388783,0.812206572769953,0.9342723004694836,0.840625,0.8495297805642633,0.8450704225352113,0.9889305019983358,0.7902973395931142,639,639,320,319
bowphs/LaTa,ff1,mean,5,whitening,10,0.001,0.0,0.5448562650726987,0.005125164798359342,0.04566262289881706,0.010139231570065022,0.03552339132875204,0.12050078247261346,0.13302034428794993,1.0,0.0,0.5007824726134585,0.5039505040066763,0.006259780907668232,639,639,320,319
bowphs/LaTa,ff1,mean,6,baseline,10,0.001,0.9899497487437187,0.49443652690157197,-0.000635668530279599,0.9403865337371826,0.9155054688453674,0.024881064891815186,0.10015649452269171,0.1189358372456964,0.865625,0.12852664576802508,0.49765258215962443,0.506052307716184,0.0594679186228482,639,639,320,319
bowphs/LaTa,ff1,mean,6,abtt_fixed,10,0.001,0.38190954773869346,0.9592718851481542,0.05247525764286225,0.4895074665546417,0.0009793799836188555,0.48852808657102287,0.8028169014084507,0.9389671361502347,0.8625,0.8119122257053292,0.837245696400626,0.9912358510944178,0.8075117370892019,639,639,320,319
bowphs/LaTa,ff1,mean,6,abtt_optimal,10,0.001,0.38190954773869346,0.9592718851481542,0.05247525764286225,0.4895074665546417,0.0009793799836188555,0.48852808657102287,0.8028169014084507,0.9389671361502347,0.8625,0.8119122257053292,0.837245696400626,0.9912358510944178,0.8075117370892019,639,639,320,319
bowphs/LaTa,ff1,mean,6,whitening,10,0.001,0.0,0.5721581938781709,0.008244614935878893,0.15123368799686432,-0.0016939077759161592,0.15292759577278048,0.1111111111111111,0.12832550860719874,1.0,0.0,0.5007824726134585,0.5165984962221806,0.0297339593114241,639,639,320,319
bowphs/LaTa,ff1,mean,7,baseline,10,0.001,0.9949748743718593,0.5139313690836388,0.001591763409954457,0.9791735410690308,0.9477754235267639,0.031398117542266846,0.12832550860719874,0.162754303599374,0.8125,0.14106583072100312,0.47730829420970267,0.5401961698812972,0.11580594679186229,639,639,320,319
bowphs/LaTa,ff1,mean,7,abtt_fixed,10,0.001,0.36180904522613067,0.9570908111417592,0.05222605357850632,0.4796450436115265,0.00041265381150878966,0.4792323898000177,0.8200312989045383,0.9374021909233177,0.89375,0.8087774294670846,0.8513302034428795,0.9867430410204598,0.8028169014084507,639,639,320,319
bowphs/LaTa,ff1,mean,7,abtt_optimal,10,0.001,0.36180904522613067,0.9570908111417592,0.05222605357850632,0.4796450436115265,0.00041265381150878966,0.4792323898000177,0.8200312989045383,0.9374021909233177,0.89375,0.8087774294670846,0.8513302034428795,0.9867430410204598,0.8028169014084507,639,639,320,319
bowphs/LaTa,ff1,mean,7,whitening,10,0.001,0.0,0.5869429829399184,0.009933889800456668,0.16239158809185028,2.0803578081540763e-05,0.16237078451376874,0.1267605633802817,0.13615023474178403,1.0,0.0,0.5007824726134585,0.473021471951539,0.0,639,639,320,319
bowphs/LaTa,ff1,mean,8,baseline,10,0.001,0.9949748743718593,0.5095062169856271,0.0010861565919041743,0.35782313346862793,0.3732307255268097,-0.015407592058181763,0.5054773082942097,0.5790297339593115,0.0875,0.9937304075235109,0.539906103286385,0.4990352044234887,0.25039123630672927,639,639,320,319
bowphs/LaTa,ff1,mean,8,abtt_fixed,10,0.001,0.36683417085427134,0.9592373081168332,0.05247130695768925,0.45872923731803894,0.001039952621795237,0.4576892846962437,0.8153364632237872,0.9342723004694836,0.86875,0.8275862068965517,0.8482003129890454,0.9815905203101097,0.7934272300469484,639,639,320,319
bowphs/LaTa,ff1,mean,8,abtt_optimal,7,0.001,0.4170854271356784,0.9555138728668705,0.05204587655278749,0.4643181562423706,0.0012902106391265988,0.463027945603244,0.7699530516431925,0.9280125195618153,0.790625,0.8275862068965517,0.809076682316119,0.985192679002219,0.7809076682316118,639,639,320,319
bowphs/LaTa,ff1,mean,8,whitening,10,0.001,0.0,0.551103591325771,0.005838972173922633,0.07830948382616043,0.0022525617387145758,0.07605692208744586,0.107981220657277,0.1267605633802817,1.0,0.0,0.5007824726134585,0.47907907568162744,0.03129890453834116,639,639,320,319
bowphs/LaTa,ff1,mean,9,baseline,10,0.001,0.9899497487437187,0.552852098485119,0.006038748668627749,0.8538122177124023,0.8027541637420654,0.051058053970336914,0.40375586854460094,0.5211267605633803,0.121875,0.7836990595611285,0.4522691705790297,0.5777438838004814,0.20500782472613457,639,639,320,319
bowphs/LaTa,ff1,mean,9,abtt_fixed,10,0.001,0.3969849246231156,0.9634427423165213,0.05295180935782585,0.4687497913837433,0.0006780763505958021,0.4680717150331475,0.8231611893583725,0.9374021909233177,0.83125,0.8871473354231975,0.8591549295774648,0.9874078634615773,0.7902973395931142,639,639,320,319
bowphs/LaTa,ff1,mean,9,abtt_optimal,10,0.001,0.3969849246231156,0.9634427423165213,0.05295180935782585,0.4687497913837433,0.0006780763505958021,0.4680717150331475,0.8231611893583725,0.9374021909233177,0.83125,0.8871473354231975,0.8591549295774648,0.9874078634615773,0.7902973395931142,639,639,320,319
bowphs/LaTa,ff1,mean,9,whitening,10,0.001,0.0,0.5336050472997418,0.00383962877997021,0.03708678483963013,-0.0004173309134785086,0.037504115753108636,0.10485133020344288,0.11424100156494522,1.0,0.0,0.5007824726134585,0.5174876221217632,0.2081377151799687,639,639,320,319
bowphs/LaTa,ff1,mean,10,baseline,10,0.001,0.9949748743718593,0.5951192451862821,0.010868087203637957,0.9512319564819336,0.9134619832038879,0.037769973278045654,0.40062597809076683,0.5508607198748043,0.20625,0.7304075235109718,0.4679186228482003,0.6221139919098551,0.2535211267605634,639,639,320,319
bowphs/LaTa,ff1,mean,10,abtt_fixed,10,0.001,0.35175879396984927,0.9667992252267295,0.05333531270558702,0.462302565574646,0.0008471982437185943,0.4614553673309274,0.810641627543036,0.9405320813771518,0.878125,0.8087774294670846,0.8435054773082942,0.9868641700689142,0.8043818466353677,639,639,320,319
bowphs/LaTa,ff1,mean,10,abtt_optimal,10,0.001,0.35175879396984927,0.9667992252267295,0.05333531270558702,0.462302565574646,0.0008471982437185943,0.4614553673309274,0.810641627543036,0.9405320813771518,0.878125,0.8087774294670846,0.8435054773082942,0.9868641700689142,0.8043818466353677,639,639,320,319
bowphs/LaTa,ff1,mean,10,whitening,10,0.001,0.0,0.5355327886931027,0.004059888888305393,0.03611453250050545,0.0003162074717693031,0.035798325028736144,0.10485133020344288,0.1189358372456964,1.0,0.0,0.5007824726134585,0.49525890473504863,0.16901408450704225,639,639,320,319
bowphs/LaTa,ff1,mean,11,baseline,10,0.001,0.9748743718592965,0.683109383454145,0.020921620469963167,0.8695256114006042,0.7871360182762146,0.08238959312438965,0.4679186228482003,0.6823161189358372,0.153125,0.8683385579937304,0.5101721439749609,0.7096377713001131,0.28325508607198746,639,639,320,319
bowphs/LaTa,ff1,mean,11,abtt_fixed,10,0.001,0.32663316582914576,0.962768235800222,0.05287474192920799,0.45667868852615356,0.0011517296079546213,0.45552695891819894,0.7527386541471048,0.8935837245696401,0.9,0.6927899686520376,0.7965571205007824,0.9899904070767271,0.810641627543036,639,639,320,319
bowphs/LaTa,ff1,mean,11,abtt_optimal,10,0.001,0.32663316582914576,0.962768235800222,0.05287474192920799,0.45667868852615356,0.0011517296079546213,0.45552695891819894,0.7527386541471048,0.8935837245696401,0.9,0.6927899686520376,0.7965571205007824,0.9899904070767271,0.810641627543036,639,639,320,319
bowphs/LaTa,ff1,mean,11,whitening,10,0.001,0.0,0.5613530153848101,0.007010042376740867,0.09990323334932327,-0.0013906593667343259,0.1012938927160576,0.12050078247261346,0.12519561815336464,1.0,0.0,0.5007824726134585,0.47909720877271345,0.04381846635367762,639,639,320,319
bowphs/LaTa,ff1,mean,12,baseline,10,0.001,0.9899497487437187,0.6241541292297852,0.014185540481478609,0.9218869805335999,0.8745312690734863,0.047355711460113525,0.42566510172143973,0.6056338028169014,0.153125,0.7962382445141066,0.47417840375586856,0.659273007191135,0.24413145539906103,639,639,320,319
bowphs/LaTa,ff1,mean,12,abtt_fixed,10,0.001,0.34673366834170855,0.9679457425100022,0.05346631090464412,0.44227227568626404,0.0008719869656488299,0.4414002887206152,0.7323943661971831,0.8857589984350548,0.859375,0.6959247648902821,0.7777777777777778,0.9876686691202254,0.7636932707355243,639,639,320,319
bowphs/LaTa,ff1,mean,12,abtt_optimal,10,0.001,0.34673366834170855,0.9679457425100022,0.05346631090464412,0.44227227568626404,0.0008719869656488299,0.4414002887206152,0.7323943661971831,0.8857589984350548,0.859375,0.6959247648902821,0.7777777777777778,0.9876686691202254,0.7636932707355243,639,639,320,319
bowphs/LaTa,ff1,mean,12,whitening,10,0.001,0.0,0.5768430055444037,0.008779897749229892,0.17758780717849731,-0.0013808354269713163,0.17896864260546863,0.10954616588419405,0.12206572769953052,1.0,0.0,0.5007824726134585,0.48582334215365264,0.001564945226917058,639,639,320,319
bowphs/LaTa,ff1,sif,1,sif_only,10,0.001,0.6934673366834171,0.939444203091014,0.05020979625049785,0.6854668855667114,0.24196241796016693,0.4435044676065445,0.8450704225352113,0.9530516431924883,0.75625,0.9811912225705329,0.8685446009389671,0.9742170355774011,0.7683881064162754,639,639,320,319
bowphs/LaTa,ff1,sif,1,sif_abtt_fixed,10,0.001,0.37185929648241206,0.9743329143827132,0.05419609319802675,0.5449337363243103,0.0010123795364052057,0.5439213567879051,0.8466353677621283,0.9624413145539906,0.875,0.8683385579937304,0.8716744913928013,0.9840020084326817,0.8482003129890454,639,639,320,319
bowphs/LaTa,ff1,sif,1,sif_abtt_optimal,2,0.001,0.4321608040201005,0.9617803016577198,0.052761863043436254,0.569175124168396,0.0015639165649190545,0.5676112076034769,0.8466353677621283,0.9593114241001565,0.86875,0.8808777429467085,0.8748043818466353,0.9909959359080083,0.8278560250391236,639,639,320,319
bowphs/LaTa,ff1,sif,2,sif_only,10,0.001,0.7185929648241206,0.9254162483907743,0.04860699720944237,0.6493467688560486,0.2522389590740204,0.3971078097820282,0.7730829420970265,0.9154929577464789,0.646875,0.9623824451410659,0.8043818466353677,0.9478187722002283,0.7214397496087637,639,639,320,319
bowphs/LaTa,ff1,sif,2,sif_abtt_fixed,10,0.001,0.3768844221105528,0.964286151989657,0.05304817523896811,0.4994140565395355,0.001085198950022459,0.49832885758951306,0.8356807511737089,0.9499217527386542,0.85,0.8746081504702194,0.8622848200312989,0.9882786605478211,0.8169014084507042,639,639,320,319
bowphs/LaTa,ff1,sif,2,sif_abtt_optimal,7,0.001,0.3869346733668342,0.9656233517562766,0.05320096034195943,0.5070466995239258,0.0010653618955984712,0.5059813376283273,0.8278560250391236,0.9436619718309859,0.85625,0.8526645768025078,0.8544600938967136,0.9897759645658906,0.8137715179968701,639,639,320,319
bowphs/LaTa,ff1,sif,3,sif_only,10,0.001,0.7939698492462312,0.9165978112540073,0.04759942462396631,0.7004380822181702,0.40089380741119385,0.2995442748069763,0.6572769953051644,0.8685446009389671,0.4625,0.9090909090909091,0.6854460093896714,0.9279349743439211,0.621283255086072,639,639,320,319
bowphs/LaTa,ff1,sif,3,sif_abtt_fixed,10,0.001,0.3165829145728643,0.968485922900786,0.05352803056590908,0.5003349184989929,0.0008720465702936053,0.4994628719286993,0.810641627543036,0.9420970266040689,0.89375,0.7836990595611285,0.838810641627543,0.9876938712385666,0.8497652582159625,639,639,320,319
bowphs/LaTa,ff1,sif,3,sif_abtt_optimal,3,0.001,0.4020100502512563,0.9665930571887286,0.05331175646088332,0.5298008322715759,0.0010692502837628126,0.5287315819878131,0.8262910798122066,0.9342723004694836,0.86875,0.8369905956112853,0.8528951486697965,0.9896131581906229,0.8215962441314554,639,639,320,319
bowphs/LaTa,ff1,sif,4,sif_only,10,0.001,0.7688442211055276,0.929945961166034,0.04912455086909331,0.689502477645874,0.3353178799152374,0.3541845977306366,0.7057902973395931,0.9280125195618153,0.5125,0.9655172413793104,0.7386541471048513,0.9475179068016224,0.6870109546165885,639,639,320,319
bowphs/LaTa,ff1,sif,4,sif_abtt_fixed,10,0.001,0.3316582914572864,0.9624600068959388,0.05283952446502551,0.513095498085022,0.0007668975158594549,0.5123286005691625,0.8231611893583725,0.945226917057903,0.9,0.7962382445141066,0.8482003129890454,0.9861830796546509,0.8528951486697965,639,639,320,319
bowphs/LaTa,ff1,sif,4,sif_abtt_optimal,3,0.001,0.4221105527638191,0.9570519645217979,0.05222161506080635,0.5380944013595581,0.0008329776464961469,0.537261423713062,0.8528951486697965,0.945226917057903,0.884375,0.8714733542319749,0.8779342723004695,0.9887220577988998,0.8309859154929577,639,639,320,319
bowphs/LaTa,ff1,sif,5,sif_only,10,0.001,0.7437185929648241,0.9148413622173438,0.04739873714729479,0.6995782256126404,0.3191894292831421,0.3803887963294983,0.7965571205007824,0.94679186228482,0.675,0.9561128526645768,0.8153364632237872,0.9609913461060446,0.7636932707355243,639,639,320,319
bowphs/LaTa,ff1,sif,5,sif_abtt_fixed,10,0.001,0.35175879396984927,0.9603098376321897,0.052593851499316946,0.5226036906242371,0.0005994610255584121,0.5220042295986786,0.8341158059467919,0.9499217527386542,0.8875,0.8307210031347962,0.8591549295774648,0.9917124750762103,0.8450704225352113,639,639,320,319
bowphs/LaTa,ff1,sif,5,sif_abtt_optimal,10,0.001,0.35175879396984927,0.9603098376321897,0.052593851499316946,0.5226036906242371,0.0005994610255584121,0.5220042295986786,0.8341158059467919,0.9499217527386542,0.8875,0.8307210031347962,0.8591549295774648,0.9917124750762103,0.8450704225352113,639,639,320,319
bowphs/LaTa,ff1,sif,6,sif_only,10,0.001,0.7537688442211056,0.9137240905101469,0.047271080474663045,0.7123050093650818,0.3563571572303772,0.3559478521347046,0.7996870109546166,0.9483568075117371,0.6875,0.9592476489028213,0.8231611893583725,0.959994210305495,0.755868544600939,639,639,320,319
bowphs/LaTa,ff1,sif,6,sif_abtt_fixed,10,0.001,0.3316582914572864,0.9663426778921896,0.05328314874828708,0.5189871788024902,0.0011407777201384306,0.5178464010823518,0.8419405320813772,0.9389671361502347,0.934375,0.8087774294670846,0.8716744913928013,0.9901371066618813,0.8716744913928013,639,639,320,319
bowphs/LaTa,ff1,sif,6,sif_abtt_optimal,10,0.001,0.3316582914572864,0.9663426778921896,0.05328314874828708,0.5189871788024902,0.0011407777201384306,0.5178464010823518,0.8419405320813772,0.9389671361502347,0.934375,0.8087774294670846,0.8716744913928013,0.9901371066618813,0.8716744913928013,639,639,320,319
bowphs/LaTa,ff1,sif,7,sif_only,10,0.001,0.7437185929648241,0.9075812806898805,0.04656921837861042,0.6950724720954895,0.3690032362937927,0.3260692358016968,0.7652582159624414,0.9154929577464789,0.65625,0.9278996865203761,0.7918622848200313,0.9541427366470278,0.7136150234741784,639,639,320,319
bowphs/LaTa,ff1,sif,7,sif_abtt_fixed,10,0.001,0.32663316582914576,0.9613812389142786,0.05271626713183136,0.5137622356414795,0.000647296488750726,0.5131149391527288,0.8341158059467919,0.9420970266040689,0.934375,0.7899686520376176,0.8622848200312989,0.9898616793996273,0.8497652582159625,639,639,320,319
bowphs/LaTa,ff1,sif,7,sif_abtt_optimal,10,0.001,0.32663316582914576,0.9613812389142786,0.05271626713183136,0.5137622356414795,0.000647296488750726,0.5131149391527288,0.8341158059467919,0.9420970266040689,0.934375,0.7899686520376176,0.8622848200312989,0.9898616793996273,0.8497652582159625,639,639,320,319
bowphs/LaTa,ff1,sif,8,sif_only,10,0.001,0.7286432160804021,0.9159334145926753,0.047523512322105776,0.6515436768531799,0.3068229854106903,0.3447206914424896,0.7230046948356808,0.9280125195618153,0.528125,0.987460815047022,0.7574334898278561,0.9509478529372464,0.6885758998435054,639,639,320,319
bowphs/LaTa,ff1,sif,8,sif_abtt_fixed,10,0.001,0.3065326633165829,0.9617569074090813,0.0527591900750612,0.49521175026893616,0.0009254782926291227,0.49428627197630703,0.8137715179968701,0.9342723004694836,0.915625,0.7711598746081505,0.8435054773082942,0.9860402945145569,0.8732394366197183,639,639,320,319
bowphs/LaTa,ff1,sif,8,sif_abtt_optimal,3,0.001,0.4271356783919598,0.9576782224742386,0.05229316972911481,0.5222041010856628,0.0011511704651638865,0.521052930620499,0.8622848200312989,0.9420970266040689,0.875,0.9028213166144201,0.8888888888888888,0.9890225835618314,0.8247261345852895,639,639,320,319
bowphs/LaTa,ff1,sif,9,sif_only,10,0.001,0.7386934673366834,0.9325770564517931,0.04942517324000198,0.7009379863739014,0.32459527254104614,0.3763427138328552,0.7715179968701096,0.9327073552425665,0.66875,0.9373040752351097,0.8028169014084507,0.9653394944088945,0.7527386541471048,639,639,320,319
bowphs/LaTa,ff1,sif,9,sif_abtt_fixed,10,0.001,0.31155778894472363,0.9626485324627443,0.05286106492506768,0.5112238526344299,0.000414506794186309,0.5108093458402436,0.8184663536776213,0.9420970266040689,0.925,0.7711598746081505,0.8482003129890454,0.9869662449803862,0.8544600938967136,639,639,320,319
bowphs/LaTa,ff1,sif,9,sif_abtt_optimal,5,0.001,0.3919597989949749,0.96405712063632,0.05302200668900185,0.5174157023429871,0.0008539519621990621,0.516561750380788,0.837245696400626,0.9389671361502347,0.88125,0.8589341692789969,0.8701095461658842,0.9884768523551224,0.8262910798122066,639,639,320,319
bowphs/LaTa,ff1,sif,10,sif_only,10,0.001,0.7939698492462312,0.9091033337346305,0.04674312435511537,0.7212406396865845,0.38764193654060364,0.33359870314598083,0.7370892018779343,0.9389671361502347,0.559375,0.9655172413793104,0.7621283255086072,0.9418819175871619,0.676056338028169,639,639,320,319
bowphs/LaTa,ff1,sif,10,sif_abtt_fixed,10,0.001,0.3316582914572864,0.9636431032715269,0.052974702099740145,0.4986090064048767,0.0006374100921675563,0.49797159631270915,0.8309859154929577,0.9436619718309859,0.909375,0.8150470219435737,0.8622848200312989,0.9877600944385201,0.8419405320813772,639,639,320,319
bowphs/LaTa,ff1,sif,10,sif_abtt_optimal,7,0.001,0.35678391959798994,0.965733608905415,0.053213558048231135,0.5035715699195862,0.0006919369334354997,0.5028796329861507,0.8262910798122066,0.94679186228482,0.89375,0.8244514106583072,0.8591549295774648,0.9895828212414091,0.8435054773082942,639,639,320,319
bowphs/LaTa,ff1,sif,11,sif_only,10,0.001,0.7537688442211056,0.9153921391519553,0.04746166754317415,0.6978684067726135,0.35104700922966003,0.3468213975429535,0.7683881064162754,0.9405320813771518,0.646875,0.9404388714733543,0.7934272300469484,0.9464888740303717,0.7136150234741784,639,639,320,319
bowphs/LaTa,ff1,sif,11,sif_abtt_fixed,10,0.001,0.32663316582914576,0.9688387944469157,0.053568348786764794,0.4927689731121063,0.000784329604357481,0.49198464350774884,0.8184663536776213,0.9311424100156495,0.915625,0.786833855799373,0.8513302034428795,0.9916874571670484,0.8450704225352113,639,639,320,319
bowphs/LaTa,ff1,sif,11,sif_abtt_optimal,10,0.001,0.32663316582914576,0.9688387944469157,0.053568348786764794,0.4927689731121063,0.000784329604357481,0.49198464350774884,0.8184663536776213,0.9311424100156495,0.915625,0.786833855799373,0.8513302034428795,0.9916874571670484,0.8450704225352113,639,639,320,319
bowphs/LaTa,ff1,sif,12,sif_only,10,0.001,0.8492462311557789,0.9073122966055355,0.04653848492946946,0.759367823600769,0.5035070180892944,0.2558608055114746,0.6322378716744914,0.892018779342723,0.409375,0.9247648902821317,0.6666666666666666,0.9048202971528928,0.5414710485133021,639,639,320,319
bowphs/LaTa,ff1,sif,12,sif_abtt_fixed,10,0.001,0.32160804020100503,0.9656079768127268,0.05319920363933925,0.4774722456932068,0.0006619657506234944,0.4768102799425833,0.8137715179968701,0.9311424100156495,0.9,0.7836990595611285,0.8419405320813772,0.991076170518661,0.8419405320813772,639,639,320,319
bowphs/LaTa,ff1,sif,12,sif_abtt_optimal,7,0.001,0.32663316582914576,0.9670659639056498,0.05336578960032542,0.4863106608390808,0.0007938248454593122,0.4855168359936215,0.7871674491392802,0.9139280125195618,0.90625,0.7272727272727273,0.8169014084507042,0.9918542067700603,0.8356807511737089,639,639,320,319
bowphs/PhilTa,hidden,mean,1,baseline,10,0.001,0.9949748743718593,0.7816515888245441,0.03218080654861075,0.9576357007026672,0.9122492074966431,0.04538649320602417,0.5586854460093896,0.810641627543036,0.228125,0.9498432601880877,0.5884194053208138,0.743994976477524,0.41158059467918623,639,639,320,319
bowphs/PhilTa,hidden,mean,1,abtt_fixed,10,0.001,0.4120603015075377,0.9644283093813835,0.05306441778722342,0.5629788637161255,0.001163673703558743,0.5618151900125667,0.8466353677621283,0.9499217527386542,0.9125,0.8401253918495298,0.8763693270735524,0.9860994256611076,0.8482003129890454,639,639,320,319
bowphs/PhilTa,hidden,mean,1,abtt_optimal,7,0.001,0.4371859296482412,0.9683387658871283,0.0535112167733495,0.5731404423713684,0.0009754085913300514,0.5721650337800384,0.8309859154929577,0.945226917057903,0.890625,0.8307210031347962,0.8607198748043818,0.9892321790686379,0.838810641627543,639,639,320,319
bowphs/PhilTa,hidden,mean,1,whitening,10,0.001,0.0,0.5129156936760845,0.0014757148865919294,-0.0667572021484375,-0.0011798962950706482,-0.06557730585336685,0.07042253521126761,0.0782472613458529,1.0,0.0,0.5007824726134585,0.4781725823103603,0.001564945226917058,639,639,320,319
bowphs/PhilTa,hidden,mean,2,baseline,10,0.001,0.9949748743718593,0.7561523666197101,0.02926732915553617,0.968825101852417,0.9490366578102112,0.01978844404220581,0.37715179968701096,0.48043818466353677,0.775,0.3510971786833856,0.5633802816901409,0.7228169709798471,0.4131455399061033,639,639,320,319
bowphs/PhilTa,hidden,mean,2,abtt_fixed,10,0.001,0.4170854271356784,0.9641171271606055,0.05302886288447961,0.5503670573234558,0.00100851955357939,0.5493585377698764,0.812206572769953,0.9248826291079812,0.884375,0.7931034482758621,0.838810641627543,0.9845378614221514,0.8278560250391236,639,639,320,319
bowphs/PhilTa,hidden,mean,2,abtt_optimal,5,0.001,0.47738693467336685,0.9690922487321644,0.053597307839886255,0.5690262317657471,0.0008139443234540522,0.568212287442293,0.8028169014084507,0.9264475743348983,0.846875,0.8087774294670846,0.8278560250391236,0.9853294428047652,0.810641627543036,639,639,320,319
bowphs/PhilTa,hidden,mean,2,whitening,10,0.001,0.0,0.5457321612272772,0.0052252424377787045,0.06389294564723969,-0.0013595490017905831,0.06525249464903027,0.06885758998435054,0.07981220657276995,1.0,0.0,0.5007824726134585,0.5017154825213236,0.004694835680751174,639,639,320,319
bowphs/PhilTa,hidden,mean,3,baseline,10,0.001,0.9949748743718593,0.5679295202853908,0.00776145719749179,0.9584610462188721,0.9373542070388794,0.021106839179992676,0.11737089201877934,0.14241001564945227,0.878125,0.12852664576802508,0.5039123630672926,0.5590666042596669,0.10015649452269171,639,639,320,319
bowphs/PhilTa,hidden,mean,3,abtt_fixed,10,0.001,0.4371859296482412,0.9646491997574165,0.05308965616947161,0.549314558506012,0.0007593960617668927,0.5485551624442451,0.7981220657276995,0.9311424100156495,0.865625,0.7962382445141066,0.8309859154929577,0.9825317313551354,0.8075117370892019,639,639,320,319
bowphs/PhilTa,hidden,mean,3,abtt_optimal,5,0.001,0.5125628140703518,0.9646134502483861,0.05308557151992557,0.5653806924819946,0.00044995624921284616,0.5649307362327818,0.7511737089201878,0.9123630672926447,0.796875,0.768025078369906,0.7824726134585289,0.9848517653767288,0.7824726134585289,639,639,320,319
bowphs/PhilTa,hidden,mean,3,whitening,10,0.001,0.005025125628140704,0.5469221044302446,0.0053612023702342484,0.07060004025697708,-0.000997306196950376,0.07159734645392746,0.06572769953051644,0.08294209702660407,1.0,0.0,0.5007824726134585,0.5009672766438948,0.2112676056338028,639,639,320,319
bowphs/PhilTa,hidden,mean,4,baseline,10,0.001,0.9849246231155779,0.4778421733506966,-0.002531697889431349,0.9526768326759338,0.9468343257904053,0.0058425068855285645,0.03286384976525822,0.04225352112676056,0.9875,0.006269592476489028,0.49765258215962443,0.502680508359309,0.056338028169014086,639,639,320,319
bowphs/PhilTa,hidden,mean,4,abtt_fixed,10,0.001,0.4371859296482412,0.9647934255768005,0.053106135051100414,0.5458234548568726,0.0007695392123423517,0.5450539156445302,0.7887323943661971,0.9342723004694836,0.8625,0.774294670846395,0.8184663536776213,0.9819624789388466,0.8184663536776213,639,639,320,319
bowphs/PhilTa,hidden,mean,4,abtt_optimal,5,0.001,0.5175879396984925,0.9687163700762627,0.05355436088417462,0.5742798447608948,0.0006308936863206327,0.5736489510745741,0.7621283255086072,0.9123630672926447,0.83125,0.7554858934169278,0.7934272300469484,0.9856785997910285,0.7715179968701096,639,639,320,319
bowphs/PhilTa,hidden,mean,4,whitening,10,0.001,0.0,0.5647973566954605,0.007403584014548385,0.1569245308637619,-0.0010795610724017024,0.1580040919361636,0.06416275430359937,0.07668231611893583,1.0,0.0,0.5007824726134585,0.5061818297953696,0.004694835680751174,639,639,320,319
bowphs/PhilTa,hidden,mean,5,baseline,10,0.001,0.9849246231155779,0.46826786416903254,-0.0036256345255951355,0.9530738592147827,0.9464177489280701,0.0066561102867126465,0.03129890453834116,0.04225352112676056,0.9875,0.006269592476489028,0.49765258215962443,0.4998403885026854,0.050078247261345854,639,639,320,319
bowphs/PhilTa,hidden,mean,5,abtt_fixed,10,0.001,0.4723618090452261,0.9669086417314726,0.05334781436193253,0.5555384159088135,0.0011103719007223845,0.5544280440080911,0.8059467918622848,0.945226917057903,0.84375,0.8275862068965517,0.8356807511737089,0.9873365284568989,0.8137715179968701,639,639,320,319
bowphs/PhilTa,hidden,mean,5,abtt_optimal,10,0.001,0.4723618090452261,0.9669086417314726,0.05334781436193253,0.5555384159088135,0.0011103719007223845,0.5544280440080911,0.8059467918622848,0.945226917057903,0.84375,0.8275862068965517,0.8356807511737089,0.9873365284568989,0.8137715179968701,639,639,320,319
bowphs/PhilTa,hidden,mean,5,whitening,10,0.001,0.0,0.5504087434273222,0.005759577026966097,0.11166314780712128,6.163292709970847e-05,0.11160151488002157,0.07198748043818466,0.08607198748043818,1.0,0.0,0.5007824726134585,0.4900223040474279,0.004694835680751174,639,639,320,319
bowphs/PhilTa,hidden,mean,6,baseline,10,0.001,0.9849246231155779,0.4641328892430214,-0.004098086425277519,0.9501833319664001,0.943972647190094,0.006210684776306152,0.028169014084507043,0.03912363067292645,0.9875,0.003134796238244514,0.49608763693270735,0.4988765427547548,0.04538341158059468,639,639,320,319
bowphs/PhilTa,hidden,mean,6,abtt_fixed,10,0.001,0.46733668341708545,0.9703239697493672,0.05373804120461411,0.5576426386833191,0.001193008734844625,0.5564496299484745,0.809076682316119,0.945226917057903,0.85625,0.8181818181818182,0.837245696400626,0.9871896561756391,0.8200312989045383,639,639,320,319
bowphs/PhilTa,hidden,mean,6,abtt_optimal,10,0.001,0.46733668341708545,0.9703239697493672,0.05373804120461411,0.5576426386833191,0.001193008734844625,0.5564496299484745,0.809076682316119,0.945226917057903,0.85625,0.8181818181818182,0.837245696400626,0.9871896561756391,0.8200312989045383,639,639,320,319
bowphs/PhilTa,hidden,mean,6,whitening,10,0.001,0.0,0.5246897037741703,0.0028209838411376647,0.05760164186358452,0.0037038445007056,0.05389779736287892,0.0594679186228482,0.07511737089201878,1.0,0.0,0.5007824726134585,0.5222291894227366,0.13458528951486698,639,639,320,319
bowphs/PhilTa,hidden,mean,7,baseline,10,0.001,0.9547738693467337,0.46635253334161597,-0.0038444754385440097,0.9502640962600708,0.9438492655754089,0.006414830684661865,0.03129890453834116,0.0406885758998435,0.990625,0.0,0.49608763693270735,0.5008389058720797,0.046948356807511735,639,639,320,319
bowphs/PhilTa,hidden,mean,7,abtt_fixed,10,0.001,0.4723618090452261,0.9717475789109575,0.053900699229092894,0.560411274433136,0.0011431899620220065,0.559268084471114,0.8325508607198748,0.9514866979655712,0.859375,0.8589341692789969,0.8591549295774648,0.9872542790583476,0.8231611893583725,639,639,320,319
bowphs/PhilTa,hidden,mean,7,abtt_optimal,7,0.001,0.49748743718592964,0.9705331132260839,0.053761937415507624,0.5637571215629578,0.0009653712040744722,0.5627917503588833,0.7965571205007824,0.9374021909233177,0.825,0.8338557993730408,0.8294209702660407,0.9883299570477155,0.8043818466353677,639,639,320,319
bowphs/PhilTa,hidden,mean,7,whitening,10,0.001,0.0,0.5524962404391633,0.0059980892177989055,0.08819898962974548,0.006782105658203363,0.08141688397154212,0.08294209702660407,0.09389671361502347,1.0,0.0,0.5007824726134585,0.4815088926175386,0.0,639,639,320,319
bowphs/PhilTa,hidden,mean,8,baseline,10,0.001,0.9547738693467337,0.4688584832235474,-0.0035581518686246386,0.950832724571228,0.9442078471183777,0.006624877452850342,0.03286384976525822,0.04381846635367762,0.990625,0.0,0.49608763693270735,0.5031885342496327,0.053208137715179966,639,639,320,319
bowphs/PhilTa,hidden,mean,8,abtt_fixed,10,0.001,0.49246231155778897,0.9680477259485113,0.05347796327741942,0.5528879165649414,0.0006359191611409187,0.5522519974038005,0.8262910798122066,0.9483568075117371,0.815625,0.8840125391849529,0.8497652582159625,0.9873019892357827,0.812206572769953,639,639,320,319
bowphs/PhilTa,hidden,mean,8,abtt_optimal,7,0.001,0.47738693467336685,0.9707487606357557,0.05378657674952403,0.5650263428688049,0.000886776193510741,0.5641395666752942,0.7965571205007824,0.9311424100156495,0.871875,0.786833855799373,0.8294209702660407,0.9894278207301136,0.8200312989045383,639,639,320,319
bowphs/PhilTa,hidden,mean,8,whitening,10,0.001,0.0,0.5726994029522281,0.00830645206870591,0.14412929117679596,-0.001636197790503502,0.14576548896729946,0.07042253521126761,0.0892018779342723,1.0,0.0,0.5007824726134585,0.5058358216347647,0.004694835680751174,639,639,320,319
bowphs/PhilTa,hidden,mean,9,baseline,10,0.001,0.9547738693467337,0.4665881018112391,-0.0038175599739393284,0.9457254409790039,0.9403271079063416,0.0053983330726623535,0.0297339593114241,0.03912363067292645,0.990625,0.0,0.49608763693270735,0.5025625569191973,0.04538341158059468,639,639,320,319
bowphs/PhilTa,hidden,mean,9,abtt_fixed,10,0.001,0.4371859296482412,0.9682024708839494,0.0534956440469566,0.541406512260437,0.0005289946566335857,0.5408775176038034,0.7965571205007824,0.9311424100156495,0.871875,0.774294670846395,0.8231611893583725,0.9879640715653584,0.8309859154929577,639,639,320,319
bowphs/PhilTa,hidden,mean,9,abtt_optimal,10,0.001,0.4371859296482412,0.9682024708839494,0.0534956440469566,0.541406512260437,0.0005289946566335857,0.5408775176038034,0.7965571205007824,0.9311424100156495,0.871875,0.774294670846395,0.8231611893583725,0.9879640715653584,0.8309859154929577,639,639,320,319
bowphs/PhilTa,hidden,mean,9,whitening,10,0.001,0.0,0.5428699219160817,0.0048982101245971165,0.07098089158535004,-0.00023470383894164115,0.07121559542429168,0.07042253521126761,0.07668231611893583,1.0,0.0,0.5007824726134585,0.49901475720458793,0.001564945226917058,639,639,320,319
bowphs/PhilTa,hidden,mean,10,baseline,10,0.001,0.9346733668341709,0.46834818995324645,-0.0036164567021504503,0.9439889788627625,0.9390391111373901,0.0049498677253723145,0.03286384976525822,0.03599374021909233,0.990625,0.0,0.49608763693270735,0.504335708426711,0.051643192488262914,639,639,320,319
bowphs/PhilTa,hidden,mean,10,abtt_fixed,10,0.001,0.4472361809045226,0.9678839993913735,0.05345925629023722,0.5303011536598206,0.0007513018790632486,0.5295498517807573,0.812206572769953,0.9342723004694836,0.853125,0.8275862068965517,0.8403755868544601,0.9888846799649882,0.8153364632237872,639,639,320,319
bowphs/PhilTa,hidden,mean,10,abtt_optimal,10,0.001,0.4472361809045226,0.9678839993913735,0.05345925629023722,0.5303011536598206,0.0007513018790632486,0.5295498517807573,0.812206572769953,0.9342723004694836,0.853125,0.8275862068965517,0.8403755868544601,0.9888846799649882,0.8153364632237872,639,639,320,319
bowphs/PhilTa,hidden,mean,10,whitening,10,0.001,0.0,0.5717567419348688,0.008198745977174111,0.16053232550621033,0.0015176080632954836,0.15901471744291484,0.06572769953051644,0.07668231611893583,1.0,0.0,0.5007824726134585,0.49602343615099154,0.026604068857589983,639,639,320,319
bowphs/PhilTa,hidden,mean,11,baseline,10,0.001,0.9346733668341709,0.472152681020714,-0.003181765062109973,0.9453453421592712,0.9398924112319946,0.005452930927276611,0.03286384976525822,0.0406885758998435,0.990625,0.0,0.49608763693270735,0.5074184432855282,0.051643192488262914,639,639,320,319
bowphs/PhilTa,hidden,mean,11,abtt_fixed,10,0.001,0.46733668341708545,0.9681456831428101,0.053489155621595126,0.5149834156036377,0.0007466271636076272,0.5142367884400301,0.8028169014084507,0.9405320813771518,0.778125,0.8808777429467085,0.8294209702660407,0.9886848360316103,0.7887323943661971,639,639,320,319
bowphs/PhilTa,hidden,mean,11,abtt_optimal,10,0.001,0.46733668341708545,0.9681456831428101,0.053489155621595126,0.5149834156036377,0.0007466271636076272,0.5142367884400301,0.8028169014084507,0.9405320813771518,0.778125,0.8808777429467085,0.8294209702660407,0.9886848360316103,0.7887323943661971,639,639,320,319
bowphs/PhilTa,hidden,mean,11,whitening,10,0.001,0.0,0.5548038977937465,0.006261756379195767,0.12188304215669632,-0.00048135584802366793,0.12236439800471999,0.06103286384976526,0.07042253521126761,1.0,0.0,0.5007824726134585,0.4782504337147561,0.004694835680751174,639,639,320,319
bowphs/PhilTa,hidden,mean,12,baseline,10,0.001,0.8944723618090452,0.9132151356342124,0.04721292856270817,0.826721727848053,0.6318808197975159,0.1948409080505371,0.6244131455399061,0.8482003129890454,0.409375,0.9028213166144201,0.6557120500782473,0.8927608705348185,0.543035993740219,639,639,320,319
bowphs/PhilTa,hidden,mean,12,abtt_fixed,10,0.001,0.3768844221105528,0.9681230078663521,0.05348656480118439,0.48915737867355347,0.0008670954266563058,0.48829028324689716,0.7965571205007824,0.9139280125195618,0.878125,0.768025078369906,0.8231611893583725,0.9885554060570142,0.8169014084507042,639,639,320,319
bowphs/PhilTa,hidden,mean,12,abtt_optimal,2,0.001,0.48743718592964824,0.9761319818780075,0.05440165015325479,0.5271679759025574,0.0022202273830771446,0.5249477485194802,0.784037558685446,0.9280125195618153,0.803125,0.8244514106583072,0.8137715179968701,0.991172189553364,0.7652582159624414,639,639,320,319
bowphs/PhilTa,hidden,mean,12,whitening,10,0.001,0.0,0.558430338166021,0.006676104422498798,0.15629374980926514,0.009410655125975609,0.14688309468328953,0.06885758998435054,0.08294209702660407,1.0,0.0,0.5007824726134585,0.5090477562067037,0.23943661971830985,639,639,320,319
bowphs/PhilTa,hidden,sif,1,sif_only,10,0.001,0.8241206030150754,0.9459279495192157,0.050950612911220175,0.7995691895484924,0.4644100069999695,0.33515918254852295,0.8043818466353677,0.9436619718309859,0.696875,0.9561128526645768,0.8262910798122066,0.9592120869129303,0.7683881064162754,639,639,320,319
bowphs/PhilTa,hidden,sif,1,sif_abtt_fixed,10,0.001,0.37185929648241206,0.9659944077680145,0.053243356274402784,0.5619698166847229,0.0008210354135371745,0.5611487812711857,0.8356807511737089,0.9530516431924883,0.90625,0.8181818181818182,0.8622848200312989,0.9880076600624069,0.8685446009389671,639,639,320,319
bowphs/PhilTa,hidden,sif,1,sif_abtt_optimal,1,0.001,0.5125628140703518,0.9726400114256847,0.05400266633758275,0.5982799530029297,0.0013496596366167068,0.596930293366313,0.8356807511737089,0.9514866979655712,0.83125,0.890282131661442,0.8607198748043818,0.9909902945018925,0.8059467918622848,639,639,320,319
bowphs/PhilTa,hidden,sif,2,sif_only,10,0.001,0.8844221105527639,0.9405288002778905,0.050333719614148,0.8484929800033569,0.5910341143608093,0.2574588656425476,0.7543035993740219,0.9389671361502347,0.596875,0.9498432601880877,0.7730829420970265,0.9446306293951016,0.7214397496087637,639,639,320,319
bowphs/PhilTa,hidden,sif,2,sif_abtt_fixed,10,0.001,0.3919597989949749,0.966330975237315,0.05328181163219199,0.5602781772613525,0.0007785752532072365,0.5594996020081453,0.837245696400626,0.9561815336463224,0.89375,0.8338557993730408,0.863849765258216,0.9861617631986855,0.8560250391236307,639,639,320,319
bowphs/PhilTa,hidden,sif,2,sif_abtt_optimal,1,0.001,0.5326633165829145,0.972861123023927,0.05402792999612784,0.599303126335144,0.0013794006081297994,0.5979237257270142,0.8497652582159625,0.9483568075117371,0.825,0.9247648902821317,0.8748043818466353,0.9897862457407095,0.7902973395931142,639,639,320,319
bowphs/PhilTa,hidden,sif,3,sif_only,10,0.001,0.9095477386934674,0.9341229793729314,0.04960180652896244,0.8645036220550537,0.6503133773803711,0.21419024467468262,0.7230046948356808,0.9280125195618153,0.528125,0.9592476489028213,0.7433489827856025,0.9335274383832384,0.6635367762128326,639,639,320,319
bowphs/PhilTa,hidden,sif,3,sif_abtt_fixed,10,0.001,0.38190954773869346,0.966560338423966,0.053308018096603384,0.5600295066833496,0.0007865363731980324,0.5592429703101516,0.8231611893583725,0.9530516431924883,0.896875,0.799373040752351,0.8482003129890454,0.9851892941585496,0.8763693270735524,639,639,320,319
bowphs/PhilTa,hidden,sif,3,sif_abtt_optimal,1,0.001,0.5376884422110553,0.9727508326914571,0.05401532849841175,0.5982697606086731,0.0012668229173868895,0.5970029376912862,0.8466353677621283,0.9420970266040689,0.834375,0.9059561128526645,0.8701095461658842,0.9888301310217721,0.7902973395931142,639,639,320,319
bowphs/PhilTa,hidden,sif,4,sif_only,10,0.001,0.9095477386934674,0.9081797420717168,0.046637597080278224,0.8480480909347534,0.6546317934989929,0.1934162974357605,0.647887323943662,0.8748043818466353,0.45625,0.9153605015673981,0.6854460093896714,0.9142731120752364,0.6118935837245696,639,639,320,319
bowphs/PhilTa,hidden,sif,4,sif_abtt_fixed,10,0.001,0.3869346733668342,0.9675811683089982,0.053424655567693914,0.5603944063186646,0.0008519005496054888,0.5595425057690591,0.8262910798122066,0.9514866979655712,0.90625,0.7962382445141066,0.8513302034428795,0.9860929783398327,0.8779342723004695,639,639,320,319
bowphs/PhilTa,hidden,sif,4,sif_abtt_optimal,2,0.001,0.5376884422110553,0.9705509879805991,0.053763979740280625,0.5942197442054749,0.0017948526656255126,0.5924248915398493,0.812206572769953,0.94679186228482,0.815625,0.8683385579937304,0.8419405320813772,0.9898723865581733,0.7934272300469484,639,639,320,319
bowphs/PhilTa,hidden,sif,5,sif_only,10,0.001,0.9095477386934674,0.8957867522318776,0.045221605037562375,0.8487377762794495,0.665789008140564,0.1829487681388855,0.6150234741784038,0.8450704225352113,0.4625,0.8526645768025078,0.6572769953051644,0.9042672781705283,0.5915492957746479,639,639,320,319
bowphs/PhilTa,hidden,sif,5,sif_abtt_fixed,10,0.001,0.4020100502512563,0.9682851416235826,0.05350508979903029,0.5614858865737915,0.0008955204975791276,0.5605903660762124,0.8403755868544601,0.9546165884194053,0.896875,0.8275862068965517,0.8622848200312989,0.988615711537083,0.8716744913928013,639,639,320,319
bowphs/PhilTa,hidden,sif,5,sif_abtt_optimal,2,0.001,0.5376884422110553,0.9730294952474611,0.054047167785540765,0.6141608953475952,0.0013811730314046144,0.6127797223161906,0.837245696400626,0.9483568075117371,0.86875,0.8589341692789969,0.863849765258216,0.9924976609463807,0.8184663536776213,639,639,320,319
bowphs/PhilTa,hidden,sif,6,sif_only,10,0.001,0.914572864321608,0.8806994307377375,0.043497765394533996,0.8475182056427002,0.6727908253669739,0.17472738027572632,0.5978090766823161,0.8247261345852895,0.440625,0.8432601880877743,0.6416275430359938,0.8892410993981449,0.5524256651017214,639,639,320,319
bowphs/PhilTa,hidden,sif,6,sif_abtt_fixed,10,0.001,0.40703517587939697,0.96876813607325,0.05356027553760036,0.5641548037528992,0.0010118058416992426,0.5631429979111999,0.8309859154929577,0.9514866979655712,0.896875,0.8119122257053292,0.8544600938967136,0.9889305941029254,0.8779342723004695,639,639,320,319
bowphs/PhilTa,hidden,sif,6,sif_abtt_optimal,2,0.001,0.5628140703517588,0.9762543177597766,0.054415627945325146,0.6177592873573303,0.001155260019004345,0.616604027338326,0.837245696400626,0.9514866979655712,0.84375,0.8840125391849529,0.863849765258216,0.9921525277793775,0.8153364632237872,639,639,320,319
bowphs/PhilTa,hidden,sif,7,sif_only,10,0.001,0.914572864321608,0.8897495760165747,0.04453181237317872,0.8549176454544067,0.6796391010284424,0.17527854442596436,0.6150234741784038,0.8309859154929577,0.484375,0.8432601880877743,0.6635367762128326,0.8928646321115882,0.5758998435054773,639,639,320,319
bowphs/PhilTa,hidden,sif,7,sif_abtt_fixed,10,0.001,0.3969849246231156,0.970456150019452,0.053753143791888086,0.5705810189247131,0.0007943304372020066,0.5697866884875111,0.809076682316119,0.9436619718309859,0.90625,0.7648902821316614,0.8356807511737089,0.9896466957743266,0.8826291079812206,639,639,320,319
bowphs/PhilTa,hidden,sif,7,sif_abtt_optimal,2,0.001,0.5628140703517588,0.976756270952785,0.05447297986252254,0.6210456490516663,0.0011457288637757301,0.6198999201878905,0.838810641627543,0.945226917057903,0.85625,0.877742946708464,0.86697965571205,0.9922973852727386,0.812206572769953,639,639,320,319
bowphs/PhilTa,hidden,sif,8,sif_only,10,0.001,0.914572864321608,0.8949623676687458,0.04512741291794104,0.8617755174636841,0.6891043186187744,0.17267119884490967,0.621283255086072,0.8341158059467919,0.5125,0.8275862068965517,0.6697965571205008,0.8948684077550314,0.5993740219092332,639,639,320,319
bowphs/PhilTa,hidden,sif,8,sif_abtt_fixed,10,0.001,0.4221105527638191,0.9723723325523748,0.053972082018584874,0.5671717524528503,0.0006746423896402121,0.5664971100632101,0.8419405320813772,0.9546165884194053,0.9,0.8275862068965517,0.863849765258216,0.9917346837953879,0.8701095461658842,639,639,320,319
bowphs/PhilTa,hidden,sif,8,sif_abtt_optimal,2,0.001,0.5326633165829145,0.9779618324437325,0.054610724305165996,0.6201002597808838,0.0010222912533208728,0.6190779685275629,0.8262910798122066,0.945226917057903,0.89375,0.8213166144200627,0.8575899843505478,0.9927560373464769,0.8294209702660407,639,639,320,319
bowphs/PhilTa,hidden,sif,9,sif_only,10,0.001,0.9246231155778895,0.8827204283534487,0.0437286795306114,0.8634779453277588,0.7018468976020813,0.1616310477256775,0.6275430359937402,0.8231611893583725,0.46875,0.877742946708464,0.672926447574335,0.8804309787892571,0.5696400625978091,639,639,320,319
bowphs/PhilTa,hidden,sif,9,sif_abtt_fixed,10,0.001,0.37185929648241206,0.9671722390550201,0.05337793233325647,0.5609903931617737,0.0005178655264899135,0.5604725276352838,0.7777777777777778,0.9248826291079812,0.928125,0.6833855799373041,0.8059467918622848,0.9896983894752638,0.8732394366197183,639,639,320,319
bowphs/PhilTa,hidden,sif,9,sif_abtt_optimal,3,0.001,0.507537688442211,0.9798085622640306,0.05482172703851571,0.6007792353630066,0.00045579663128592074,0.6003234387317207,0.8309859154929577,0.9436619718309859,0.8875,0.8369905956112853,0.8622848200312989,0.992964590920113,0.8309859154929577,639,639,320,319
bowphs/PhilTa,hidden,sif,10,sif_only,10,0.001,0.9346733668341709,0.8777460036318492,0.04316031419554339,0.8721144199371338,0.7227787971496582,0.14933562278747559,0.6197183098591549,0.8200312989045383,0.425,0.896551724137931,0.6604068857589984,0.8715161064792607,0.5461658841940532,639,639,320,319
bowphs/PhilTa,hidden,sif,10,sif_abtt_fixed,10,0.001,0.4271356783919598,0.9683843376622538,0.053516423690467586,0.5556464195251465,0.00045246159425005317,0.5551939579308964,0.8544600938967136,0.9483568075117371,0.89375,0.8652037617554859,0.8794992175273866,0.9916611613067052,0.8544600938967136,639,639,320,319
bowphs/PhilTa,hidden,sif,10,sif_abtt_optimal,3,0.001,0.5025125628140703,0.9764715247860238,0.0544404454772338,0.5902839303016663,0.0004710337088909,0.5898128965927754,0.8247261345852895,0.9358372456964006,0.875,0.8432601880877743,0.8591549295774648,0.9928572948297159,0.8309859154929577,639,639,320,319
bowphs/PhilTa,hidden,sif,11,sif_only,10,0.001,0.9296482412060302,0.8813588277771385,0.0435731064520951,0.8686380386352539,0.718866229057312,0.1497718095779419,0.6103286384976526,0.8028169014084507,0.446875,0.8714733542319749,0.6588419405320813,0.8718344487237515,0.5477308294209703,639,639,320,319
bowphs/PhilTa,hidden,sif,11,sif_abtt_fixed,10,0.001,0.4170854271356784,0.963653567082029,0.05297589766857486,0.5405963063240051,0.0006918550934642553,0.5399044512305409,0.8262910798122066,0.9514866979655712,0.89375,0.8181818181818182,0.8560250391236307,0.9908058320349848,0.8482003129890454,639,639,320,319
bowphs/PhilTa,hidden,sif,11,sif_abtt_optimal,3,0.001,0.5175879396984925,0.974154432304212,0.054175700281855164,0.5764560699462891,0.0005394730251282454,0.5759165969211608,0.8231611893583725,0.9420970266040689,0.85,0.8652037617554859,0.8575899843505478,0.9925301335707666,0.809076682316119,639,639,320,319
bowphs/PhilTa,hidden,sif,12,sif_only,10,0.001,0.8894472361809045,0.9246570027071846,0.04852024769541938,0.8329235911369324,0.6169890761375427,0.21593451499938965,0.6588419405320813,0.9014084507042254,0.45,0.9247648902821317,0.6870109546165885,0.9237576109764171,0.6244131455399061,639,639,320,319
bowphs/PhilTa,hidden,sif,12,sif_abtt_fixed,10,0.001,0.37185929648241206,0.9656172017788566,0.05320025766091144,0.5220909714698792,0.0006576396990567446,0.5214333317708224,0.8153364632237872,0.9374021909233177,0.90625,0.786833855799373,0.8466353677621283,0.9908373605873271,0.8528951486697965,639,639,320,319
bowphs/PhilTa,hidden,sif,12,sif_abtt_optimal,2,0.001,0.4723618090452261,0.966819942686635,0.05333767983077358,0.5628575682640076,0.0008788644336163998,0.5619787038303912,0.8356807511737089,0.9499217527386542,0.8875,0.8432601880877743,0.865414710485133,0.9931005718336474,0.8215962441314554,639,639,320,319
bowphs/PhilTa,ff1,mean,1,baseline,10,0.001,0.9949748743718593,0.7746956657127123,0.03138604016019644,0.9592865109443665,0.9152016043663025,0.044084906578063965,0.5054773082942097,0.7120500782472613,0.2125,0.9278996865203761,0.5696400625978091,0.7290839457118048,0.3474178403755869,639,639,320,319
bowphs/PhilTa,ff1,mean,1,abtt_fixed,10,0.001,0.40703517587939697,0.9524510513784599,0.051695926225072,0.4552933871746063,0.0014195310650393367,0.453873856109567,0.7730829420970265,0.9154929577464789,0.771875,0.8432601880877743,0.8075117370892019,0.9767294185213903,0.7527386541471048,639,639,320,319
bowphs/PhilTa,ff1,mean,1,abtt_optimal,10,0.001,0.40703517587939697,0.9524510513784599,0.051695926225072,0.4552933871746063,0.0014195310650393367,0.453873856109567,0.7730829420970265,0.9154929577464789,0.771875,0.8432601880877743,0.8075117370892019,0.9767294185213903,0.7527386541471048,639,639,320,319
bowphs/PhilTa,ff1,mean,1,whitening,10,0.001,0.0,0.5676957658378842,0.007734749024427999,0.06486885994672775,-0.001152144162915647,0.0660210041096434,0.10641627543035993,0.12206572769953052,1.0,0.0,0.5007824726134585,0.5186251943953712,0.07355242566510173,639,639,320,319
bowphs/PhilTa,ff1,mean,2,baseline,10,0.001,0.9949748743718593,0.7227373049533555,0.025449407730539587,0.9730969071388245,0.9540050625801086,0.01909184455871582,0.3568075117370892,0.46322378716744916,0.725,0.40752351097178685,0.5665101721439749,0.6869976054418523,0.3646322378716745,639,639,320,319
bowphs/PhilTa,ff1,mean,2,abtt_fixed,10,0.001,0.36180904522613067,0.9609574877722742,0.05266785038551616,0.4523214101791382,0.0013755179243162274,0.45094589225482196,0.7417840375586855,0.9076682316118936,0.8375,0.7210031347962382,0.7793427230046949,0.9783020813633985,0.7527386541471048,639,639,320,319
bowphs/PhilTa,ff1,mean,2,abtt_optimal,7,0.001,0.40703517587939697,0.9643602835520093,0.05305664532598958,0.4576697051525116,0.0014492860063910484,0.45622041914612055,0.758998435054773,0.9139280125195618,0.76875,0.8056426332288401,0.7871674491392802,0.982068364677715,0.7339593114241002,639,639,320,319
bowphs/PhilTa,ff1,mean,2,whitening,10,0.001,0.0,0.5797096029331233,0.009107420052584194,0.1974228471517563,0.007220655679702759,0.19020219147205353,0.11737089201877934,0.12363067292644757,1.0,0.0,0.5007824726134585,0.4936189710033798,0.014084507042253521,639,639,320,319
bowphs/PhilTa,ff1,mean,3,baseline,10,0.001,0.9798994974874372,0.523867343394254,0.0027270229996042656,0.9373890161514282,0.9120244979858398,0.02536451816558838,0.04225352112676056,0.050078247261345854,0.96875,0.0438871473354232,0.5070422535211268,0.5217155566655183,0.0297339593114241,639,639,320,319
bowphs/PhilTa,ff1,mean,3,abtt_fixed,10,0.001,0.3919597989949749,0.956095067855267,0.05211228243946047,0.42335009574890137,0.0011326352832838893,0.4222174604656175,0.7402190923317684,0.9029733959311425,0.73125,0.8338557993730408,0.7824726134585289,0.9791964284419065,0.7183098591549296,639,639,320,319
bowphs/PhilTa,ff1,mean,3,abtt_optimal,10,0.001,0.3919597989949749,0.956095067855267,0.05211228243946047,0.42335009574890137,0.0011326352832838893,0.4222174604656175,0.7402190923317684,0.9029733959311425,0.73125,0.8338557993730408,0.7824726134585289,0.9791964284419065,0.7183098591549296,639,639,320,319
bowphs/PhilTa,ff1,mean,3,whitening,10,0.001,0.0,0.5248658962028048,0.0028411151488065395,0.011998459696769714,-0.0011368870036676526,0.013135346700437367,0.09546165884194054,0.10485133020344288,1.0,0.0,0.5007824726134585,0.5134023748569759,0.006259780907668232,639,639,320,319
bowphs/PhilTa,ff1,mean,4,baseline,10,0.001,0.04020100502512563,0.4362375761054175,-0.007285335180757601,0.9546516537666321,0.9547528028488159,-0.00010114908218383789,0.017214397496087636,0.023474178403755867,1.0,0.0,0.5007824726134585,0.47693922702006036,0.028169014084507043,639,639,320,319
bowphs/PhilTa,ff1,mean,4,abtt_fixed,10,0.001,0.4020100502512563,0.9682228012049885,0.053497966938622084,0.46389055252075195,0.001209201174788177,0.4626813513459638,0.7824726134585289,0.9264475743348983,0.775,0.8463949843260188,0.810641627543036,0.9847312695473284,0.7777777777777778,639,639,320,319
bowphs/PhilTa,ff1,mean,4,abtt_optimal,5,0.001,0.44221105527638194,0.9658806331857471,0.05323035667501347,0.4849894642829895,0.0013077110052108765,0.4836817532777786,0.7902973395931142,0.9248826291079812,0.7875,0.8526645768025078,0.8200312989045383,0.9857428887945993,0.7480438184663537,639,639,320,319
bowphs/PhilTa,ff1,mean,4,whitening,10,0.001,0.005025125628140704,0.5353146304113552,0.004034961403299576,0.039448026567697525,0.0018004094017669559,0.03764761716593057,0.10485133020344288,0.11580594679186229,1.0,0.0,0.5007824726134585,0.5282917149918341,0.2112676056338028,639,639,320,319
bowphs/PhilTa,ff1,mean,5,baseline,10,0.001,0.949748743718593,0.46373963358257553,-0.004143018833834054,0.9498523473739624,0.9413414001464844,0.008510947227478027,0.01564945226917058,0.023474178403755867,0.99375,0.003134796238244514,0.49921752738654146,0.49516692678921626,0.03912363067292645,639,639,320,319
bowphs/PhilTa,ff1,mean,5,abtt_fixed,10,0.001,0.35678391959798994,0.9639098087671158,0.05300517520303398,0.4705963730812073,0.0010827674996107817,0.4695136055815965,0.7856025039123631,0.9280125195618153,0.878125,0.7523510971786834,0.8153364632237872,0.9838974466972894,0.8215962441314554,639,639,320,319
bowphs/PhilTa,ff1,mean,5,abtt_optimal,7,0.001,0.4221105527638191,0.9617178285058002,0.05275472501725054,0.4845140874385834,0.0011356292525306344,0.48337845818605274,0.8028169014084507,0.9389671361502347,0.821875,0.8495297805642633,0.8356807511737089,0.9858550088628794,0.7965571205007824,639,639,320,319
bowphs/PhilTa,ff1,mean,5,whitening,10,0.001,0.0,0.5746918407807127,0.008534103142896229,0.0902191549539566,0.0013241569977253675,0.08889499795623124,0.10641627543035993,0.1111111111111111,1.0,0.0,0.5007824726134585,0.5457792968178394,0.03755868544600939,639,639,320,319
bowphs/PhilTa,ff1,mean,6,baseline,10,0.001,0.8994974874371859,0.47390991539622074,-0.0029809878544548645,0.9212669134140015,0.9120560884475708,0.009210824966430664,0.025039123630672927,0.03912363067292645,0.996875,0.0,0.49921752738654146,0.5066558000136729,0.048513302034428794,639,639,320,319
bowphs/PhilTa,ff1,mean,6,abtt_fixed,10,0.001,0.3919597989949749,0.9669226340362138,0.0533494130876978,0.4804644286632538,0.0009701025555841625,0.4794943261076696,0.8356807511737089,0.94679186228482,0.84375,0.8808777429467085,0.8622848200312989,0.9860790129814281,0.812206572769953,639,639,320,319
bowphs/PhilTa,ff1,mean,6,abtt_optimal,7,0.001,0.4170854271356784,0.9693151079858607,0.05362277118117373,0.48423609137535095,0.00127433892339468,0.48296175245195627,0.8153364632237872,0.9405320813771518,0.809375,0.8808777429467085,0.8450704225352113,0.9874540366436728,0.7996870109546166,639,639,320,319
bowphs/PhilTa,ff1,mean,6,whitening,10,0.001,0.0,0.515522775291019,0.0017735935160212912,0.010495366528630257,-1.114480801334139e-05,0.010506511336643598,0.09859154929577464,0.107981220657277,1.0,0.0,0.5007824726134585,0.5115474575000065,0.13771517996870108,639,639,320,319
bowphs/PhilTa,ff1,mean,7,baseline,10,0.001,0.9899497487437187,0.6942394820674843,0.022193317717768227,0.9179041385650635,0.8622081875801086,0.055695950984954834,0.49139280125195617,0.6807511737089202,0.05625,0.9341692789968652,0.4945226917057903,0.6810552648491652,0.2863849765258216,639,639,320,319
bowphs/PhilTa,ff1,mean,7,abtt_fixed,10,0.001,0.35678391959798994,0.9661921361787289,0.053265948228386456,0.48505517840385437,0.0005092835053801537,0.4845458948984742,0.8341158059467919,0.9499217527386542,0.88125,0.8338557993730408,0.8575899843505478,0.9874161874138663,0.8294209702660407,639,639,320,319
bowphs/PhilTa,ff1,mean,7,abtt_optimal,10,0.001,0.35678391959798994,0.9661921361787289,0.053265948228386456,0.48505517840385437,0.0005092835053801537,0.4845458948984742,0.8341158059467919,0.9499217527386542,0.88125,0.8338557993730408,0.8575899843505478,0.9874161874138663,0.8294209702660407,639,639,320,319
bowphs/PhilTa,ff1,mean,7,whitening,10,0.001,0.005025125628140704,0.6121627683110157,0.012815438232156926,0.3001123368740082,-0.0006117066368460655,0.30072404351085424,0.14397496087636932,0.15336463223787167,1.0,0.0,0.5007824726134585,0.49014404904532555,0.06259780907668232,639,639,320,319
bowphs/PhilTa,ff1,mean,8,baseline,10,0.001,0.9849246231155779,0.7111902356587283,0.02413006845453692,0.9086087942123413,0.8448233604431152,0.06378543376922607,0.48200312989045385,0.6854460093896714,0.075,0.9153605015673981,0.4945226917057903,0.6977877847623501,0.2895148669796557,639,639,320,319
bowphs/PhilTa,ff1,mean,8,abtt_fixed,10,0.001,0.36180904522613067,0.9634440917719983,0.052951963543235066,0.48197653889656067,0.00048409044393338263,0.4814924484526273,0.8466353677621283,0.94679186228482,0.875,0.8683385579937304,0.8716744913928013,0.9911751253871588,0.8169014084507042,639,639,320,319
bowphs/PhilTa,ff1,mean,8,abtt_optimal,10,0.001,0.36180904522613067,0.9634440917719983,0.052951963543235066,0.48197653889656067,0.00048409044393338263,0.4814924484526273,0.8466353677621283,0.94679186228482,0.875,0.8683385579937304,0.8716744913928013,0.9911751253871588,0.8169014084507042,639,639,320,319
bowphs/PhilTa,ff1,mean,8,whitening,10,0.001,0.0,0.5591909111828668,0.006763005898169822,0.11308735609054565,-0.0013002646155655384,0.11438762070611119,0.11267605633802817,0.11737089201877934,1.0,0.0,0.5007824726134585,0.49800953922629704,0.03912363067292645,639,639,320,319
bowphs/PhilTa,ff1,mean,9,baseline,10,0.001,0.9949748743718593,0.48818317234329495,-0.0013501611917917289,0.7594431042671204,0.7461969256401062,0.01324617862701416,0.3489827856025039,0.41471048513302033,0.2625,0.6677115987460815,0.4647887323943662,0.5231015292608567,0.18622848200312989,639,639,320,319
bowphs/PhilTa,ff1,mean,9,abtt_fixed,10,0.001,0.34673366834170855,0.9588063008863621,0.05242206114884209,0.47473159432411194,0.000766347162425518,0.4739652471616864,0.8169014084507042,0.9233176838810642,0.884375,0.8025078369905956,0.8435054773082942,0.9878669127363586,0.8200312989045383,639,639,320,319
bowphs/PhilTa,ff1,mean,9,abtt_optimal,10,0.001,0.34673366834170855,0.9588063008863621,0.05242206114884209,0.47473159432411194,0.000766347162425518,0.4739652471616864,0.8169014084507042,0.9233176838810642,0.884375,0.8025078369905956,0.8435054773082942,0.9878669127363586,0.8200312989045383,639,639,320,319
bowphs/PhilTa,ff1,mean,9,whitening,10,0.001,0.0,0.5497419907494606,0.005683395858877047,0.06330911070108414,-0.0010879157343879342,0.06439702643547207,0.10641627543035993,0.1189358372456964,1.0,0.0,0.5007824726134585,0.4745423317184098,0.09233176838810642,639,639,320,319
bowphs/PhilTa,ff1,mean,10,baseline,10,0.001,0.9899497487437187,0.5590451146857965,0.0067463472202186035,0.8223394155502319,0.7860115170478821,0.036327898502349854,0.4162754303599374,0.513302034428795,0.13125,0.8087774294670846,0.4694835680751174,0.5859312334699605,0.2347417840375587,639,639,320,319
bowphs/PhilTa,ff1,mean,10,abtt_fixed,10,0.001,0.36180904522613067,0.9600811602343875,0.05256772339142549,0.44616299867630005,0.001092564663849771,0.4450704340124503,0.838810641627543,0.9405320813771518,0.859375,0.8683385579937304,0.863849765258216,0.9875587077532653,0.809076682316119,639,639,320,319
bowphs/PhilTa,ff1,mean,10,abtt_optimal,10,0.001,0.36180904522613067,0.9600811602343875,0.05256772339142549,0.44616299867630005,0.001092564663849771,0.4450704340124503,0.838810641627543,0.9405320813771518,0.859375,0.8683385579937304,0.863849765258216,0.9875587077532653,0.809076682316119,639,639,320,319
bowphs/PhilTa,ff1,mean,10,whitening,10,0.001,0.0,0.5282810361818215,0.003231320753957241,0.026280345395207405,0.0005684149800799787,0.025711930415127426,0.10954616588419405,0.11267605633802817,1.0,0.0,0.5007824726134585,0.49862780855388683,0.010954616588419406,639,639,320,319
bowphs/PhilTa,ff1,mean,11,baseline,10,0.001,0.9597989949748744,0.7881360321027052,0.03292170282951805,0.8704107403755188,0.7710132002830505,0.09939754009246826,0.4788732394366197,0.6917057902973396,0.140625,0.8934169278996865,0.5164319248826291,0.7541354672922902,0.3286384976525822,639,639,320,319
bowphs/PhilTa,ff1,mean,11,abtt_fixed,10,0.001,0.35175879396984927,0.9671156282916482,0.05337146412893292,0.41561511158943176,0.0008870133315213025,0.41472809825791046,0.7605633802816901,0.9092331768388107,0.78125,0.799373040752351,0.7902973395931142,0.9805635483790525,0.7636932707355243,639,639,320,319
bowphs/PhilTa,ff1,mean,11,abtt_optimal,7,0.001,0.37185929648241206,0.9650335291017154,0.05313356867971625,0.4224833846092224,0.001069732941687107,0.4214136516675353,0.7464788732394366,0.8982785602503912,0.765625,0.786833855799373,0.7762128325508607,0.9831038850659983,0.7699530516431925,639,639,320,319
bowphs/PhilTa,ff1,mean,11,whitening,10,0.001,0.0,0.5533888941760998,0.006100083552148447,0.10859106481075287,0.0006777524249628186,0.10791331238579005,0.10328638497652583,0.1189358372456964,1.0,0.0,0.5007824726134585,0.5198904581694457,0.02034428794992175,639,639,320,319
bowphs/PhilTa,ff1,mean,12,baseline,10,0.001,0.9447236180904522,0.6876930965707062,0.02144534407362158,0.7894454598426819,0.6960136890411377,0.09343177080154419,0.4428794992175274,0.5665101721439749,0.24375,0.8056426332288401,0.5242566510172144,0.6901830772138794,0.2863849765258216,639,639,320,319
bowphs/PhilTa,ff1,mean,12,abtt_fixed,10,0.001,0.35678391959798994,0.9557659776966423,0.05207468142049948,0.4135734736919403,0.0007811551331542432,0.41279231855878606,0.7996870109546166,0.9264475743348983,0.821875,0.8401253918495298,0.8309859154929577,0.9872700865085451,0.7762128325508607,639,639,320,319
bowphs/PhilTa,ff1,mean,12,abtt_optimal,7,0.001,0.36180904522613067,0.9581688933345704,0.05234923255518074,0.4197219908237457,0.0006154212751425803,0.41910656954860315,0.7527386541471048,0.9061032863849765,0.790625,0.7962382445141066,0.7934272300469484,0.9883079901030856,0.7652582159624414,639,639,320,319
bowphs/PhilTa,ff1,mean,12,whitening,10,0.001,0.0,0.5852930192137241,0.009745374816722262,0.19519858062267303,-0.0016161281382665038,0.19681470876093954,0.10954616588419405,0.12050078247261346,1.0,0.0,0.5007824726134585,0.5051851027089365,0.23943661971830985,639,639,320,319
bowphs/PhilTa,ff1,sif,1,sif_only,10,0.001,0.8743718592964824,0.9255218156290748,0.04861905905825498,0.8234752416610718,0.5711131691932678,0.25236207246780396,0.7167449139280125,0.9107981220657277,0.559375,0.9216300940438872,0.7402190923317684,0.9380077510156891,0.6635367762128326,639,639,320,319
bowphs/PhilTa,ff1,sif,1,sif_abtt_fixed,10,0.001,0.3417085427135678,0.9553675786198292,0.052029161337785415,0.5210015773773193,0.0010602938709780574,0.5199412835063413,0.8278560250391236,0.9546165884194053,0.8875,0.8181818181818182,0.8528951486697965,0.9848504759124738,0.8419405320813772,639,639,320,319
bowphs/PhilTa,ff1,sif,1,sif_abtt_optimal,5,0.001,0.36683417085427134,0.955940942342015,0.052094672443554195,0.5290366411209106,0.0009910410735756159,0.528045600047335,0.8231611893583725,0.9436619718309859,0.871875,0.8275862068965517,0.8497652582159625,0.9863855255426868,0.8184663536776213,639,639,320,319
bowphs/PhilTa,ff1,sif,2,sif_only,10,0.001,0.8040201005025126,0.9307208693820455,0.049213089944971145,0.7526265978813171,0.4488378167152405,0.30378878116607666,0.7198748043818466,0.8794992175273866,0.603125,0.896551724137931,0.7496087636932708,0.9318225594027976,0.6885758998435054,639,639,320,319
bowphs/PhilTa,ff1,sif,2,sif_abtt_fixed,10,0.001,0.34673366834170855,0.9671987082923685,0.05338095664215542,0.5050707459449768,0.001766009139828384,0.5033047368051484,0.8482003129890454,0.9546165884194053,0.89375,0.8557993730407524,0.8748043818466353,0.9838333419028978,0.8262910798122066,639,639,320,319
bowphs/PhilTa,ff1,sif,2,sif_abtt_optimal,2,0.001,0.4321608040201005,0.9645490745854661,0.053078216117587854,0.5275956392288208,0.0015612714923918247,0.526034367736429,0.8075117370892019,0.9420970266040689,0.815625,0.8495297805642633,0.8325508607198748,0.9864858850061764,0.7856025039123631,639,639,320,319
bowphs/PhilTa,ff1,sif,3,sif_only,10,0.001,0.8341708542713568,0.9125255749465672,0.047134141082078064,0.7488107681274414,0.4810349643230438,0.2677758038043976,0.6791862284820032,0.9045383411580594,0.459375,0.9498432601880877,0.704225352112676,0.9209948129227989,0.6165884194053208,639,639,320,319
bowphs/PhilTa,ff1,sif,3,sif_abtt_fixed,10,0.001,0.3165829145728643,0.9695661509490279,0.05365145472266098,0.47662800550460815,0.0010936001781374216,0.47553440532647073,0.8184663536776213,0.9420970266040689,0.884375,0.7962382445141066,0.8403755868544601,0.9841958655677331,0.8278560250391236,639,639,320,319
bowphs/PhilTa,ff1,sif,3,sif_abtt_optimal,3,0.001,0.4271356783919598,0.9655753465368481,0.05319547538557699,0.49922555685043335,0.0011800078209489584,0.4980455490294844,0.8341158059467919,0.9483568075117371,0.79375,0.9278996865203761,0.8607198748043818,0.9846879631205854,0.7809076682316118,639,639,320,319
bowphs/PhilTa,ff1,sif,4,sif_only,10,0.001,0.9246231155778895,0.8096397157400796,0.035378659973265794,0.7886806726455688,0.6287072896957397,0.1599733829498291,0.5336463223787168,0.7981220657276995,0.171875,0.9341692789968652,0.5524256651017214,0.8121810633930793,0.40688575899843504,639,639,320,319
bowphs/PhilTa,ff1,sif,4,sif_abtt_fixed,10,0.001,0.3417085427135678,0.9714889037815682,0.05387114365536993,0.49869024753570557,0.0009813111973926425,0.4977089363383129,0.8278560250391236,0.9561815336463224,0.88125,0.8213166144200627,0.8513302034428795,0.9888590288367727,0.8356807511737089,639,639,320,319
bowphs/PhilTa,ff1,sif,4,sif_abtt_optimal,7,0.001,0.35678391959798994,0.9690993278428635,0.0535981166813801,0.5043905377388,0.0009316487703472376,0.5034588889684528,0.8278560250391236,0.9483568075117371,0.878125,0.8244514106583072,0.8513302034428795,0.9891911234478045,0.837245696400626,639,639,320,319
bowphs/PhilTa,ff1,sif,5,sif_only,10,0.001,0.8190954773869347,0.9151944771079036,0.047439083172087254,0.7413852214813232,0.472819447517395,0.2685657739639282,0.6447574334898278,0.8841940532081377,0.46875,0.890282131661442,0.6791862284820032,0.924950797152559,0.6103286384976526,639,639,320,319
bowphs/PhilTa,ff1,sif,5,sif_abtt_fixed,10,0.001,0.32160804020100503,0.9632343288730953,0.0529279965587108,0.5014836192131042,0.0009792729979380965,0.5005043462151662,0.8137715179968701,0.9405320813771518,0.89375,0.7774294670846394,0.8356807511737089,0.9909864261091275,0.8544600938967136,639,639,320,319
bowphs/PhilTa,ff1,sif,5,sif_abtt_optimal,5,0.001,0.3969849246231156,0.9717540164772496,0.05390143476932717,0.5238553881645203,0.0008589021163061261,0.5229964860482141,0.8497652582159625,0.9405320813771518,0.871875,0.8683385579937304,0.8701095461658842,0.9918202086634083,0.8341158059467919,639,639,320,319
bowphs/PhilTa,ff1,sif,6,sif_only,10,0.001,0.7537688442211056,0.9245844750058503,0.04851196086151718,0.7117536664009094,0.4018825590610504,0.309871107339859,0.7464788732394366,0.9045383411580594,0.634375,0.9184952978056427,0.7762128325508607,0.9470030766847385,0.702660406885759,639,639,320,319
bowphs/PhilTa,ff1,sif,6,sif_abtt_fixed,10,0.001,0.3165829145728643,0.9733897777376037,0.05408833276233465,0.5079478621482849,0.0006025736802257597,0.5073452884680592,0.8419405320813772,0.9483568075117371,0.9125,0.8244514106583072,0.8685446009389671,0.9885981425866086,0.8763693270735524,639,639,320,319
bowphs/PhilTa,ff1,sif,6,sif_abtt_optimal,3,0.001,0.4371859296482412,0.9666686488176625,0.053320393371464526,0.5310843586921692,0.0008780297939665616,0.5302063288982026,0.8497652582159625,0.9530516431924883,0.84375,0.9122257053291536,0.8779342723004695,0.9910400885456683,0.8231611893583725,639,639,320,319
bowphs/PhilTa,ff1,sif,7,sif_only,10,0.001,0.7839195979899498,0.9378070813140723,0.05002274280827546,0.7348455190658569,0.39897027611732483,0.3358752429485321,0.758998435054773,0.9311424100156495,0.590625,0.9717868338557993,0.7809076682316118,0.9531168239187515,0.7136150234741784,639,639,320,319
bowphs/PhilTa,ff1,sif,7,sif_abtt_fixed,10,0.001,0.35175879396984927,0.9680583446145599,0.05347917653966078,0.5093249678611755,0.0007006075466051698,0.5086243603145704,0.863849765258216,0.9530516431924883,0.890625,0.8840125391849529,0.8873239436619719,0.9866178248308402,0.8575899843505478,639,639,320,319
bowphs/PhilTa,ff1,sif,7,sif_abtt_optimal,3,0.001,0.45226130653266333,0.9738864658420299,0.05414508310367001,0.5402962565422058,0.0005878493539057672,0.5397084071883,0.8779342723004695,0.9561815336463224,0.85625,0.9467084639498433,0.9014084507042254,0.9888022924095525,0.8309859154929577,639,639,320,319
bowphs/PhilTa,ff1,sif,8,sif_only,10,0.001,0.7587939698492463,0.9376117531643293,0.05000042510210617,0.7228842973709106,0.3747423589229584,0.34814193844795227,0.7683881064162754,0.9327073552425665,0.653125,0.9310344827586207,0.7918622848200313,0.9494282077996515,0.7198748043818466,639,639,320,319
bowphs/PhilTa,ff1,sif,8,sif_abtt_fixed,10,0.001,0.32663316582914576,0.9601139121824813,0.05257146554715045,0.5091385841369629,0.0008412634488195181,0.5082973206881434,0.8466353677621283,0.9561815336463224,0.903125,0.8463949843260188,0.8748043818466353,0.991503685484563,0.8482003129890454,639,639,320,319
bowphs/PhilTa,ff1,sif,8,sif_abtt_optimal,10,0.001,0.32663316582914576,0.9601139121824813,0.05257146554715045,0.5091385841369629,0.0008412634488195181,0.5082973206881434,0.8466353677621283,0.9561815336463224,0.903125,0.8463949843260188,0.8748043818466353,0.991503685484563,0.8482003129890454,639,639,320,319
bowphs/PhilTa,ff1,sif,9,sif_only,10,0.001,0.7839195979899498,0.9352347979526682,0.04972884014084482,0.7246897220611572,0.4124804735183716,0.31220924854278564,0.729264475743349,0.9264475743348983,0.54375,0.9561128526645768,0.7496087636932708,0.9386947188540788,0.6838810641627543,639,639,320,319
bowphs/PhilTa,ff1,sif,9,sif_abtt_fixed,10,0.001,0.36180904522613067,0.9656249888006257,0.053201147386554806,0.5001042485237122,0.0008187411003746092,0.49928550742333755,0.8435054773082942,0.9420970266040689,0.8875,0.8495297805642633,0.8685446009389671,0.9900609822185412,0.8356807511737089,639,639,320,319
bowphs/PhilTa,ff1,sif,9,sif_abtt_optimal,2,0.001,0.4170854271356784,0.9681673850415472,0.053491635226300516,0.5269328355789185,0.0009363939752802253,0.5259964416036382,0.8200312989045383,0.9405320813771518,0.865625,0.8307210031347962,0.8482003129890454,0.9903562695329369,0.8153364632237872,639,639,320,319
bowphs/PhilTa,ff1,sif,10,sif_only,10,0.001,0.8241206030150754,0.9140309257145112,0.047306138698189136,0.7502632737159729,0.4889799654483795,0.2612833082675934,0.6713615023474179,0.9029733959311425,0.475,0.9247648902821317,0.6995305164319249,0.9010037189760945,0.6322378716744914,639,639,320,319
bowphs/PhilTa,ff1,sif,10,sif_abtt_fixed,10,0.001,0.33668341708542715,0.9670947891595278,0.05336908310178371,0.4743632376194,0.0008026560535654426,0.4735605815658346,0.8466353677621283,0.9436619718309859,0.88125,0.8620689655172413,0.8716744913928013,0.9840383091540749,0.8278560250391236,639,639,320,319
bowphs/PhilTa,ff1,sif,10,sif_abtt_optimal,2,0.001,0.4120603015075377,0.9737594842938646,0.05413057450936854,0.5029590725898743,0.0008443049155175686,0.5021147676743567,0.8435054773082942,0.9499217527386542,0.84375,0.9028213166144201,0.8732394366197183,0.9883466567611251,0.8215962441314554,639,639,320,319
bowphs/PhilTa,ff1,sif,11,sif_only,10,0.001,0.914572864321608,0.8560041853472231,0.04067614838218152,0.8239149451255798,0.6586290001869202,0.16528594493865967,0.6040688575899843,0.8200312989045383,0.340625,0.9310344827586207,0.6353677621283255,0.830434408533914,0.4616588419405321,639,639,320,319
bowphs/PhilTa,ff1,sif,11,sif_abtt_fixed,10,0.001,0.31155778894472363,0.9696842614865981,0.053664949737466154,0.45120352506637573,0.0008467485313303769,0.45035677653504536,0.7887323943661971,0.918622848200313,0.865625,0.7617554858934169,0.8137715179968701,0.9869580649415185,0.8294209702660407,639,639,320,319
bowphs/PhilTa,ff1,sif,11,sif_abtt_optimal,10,0.001,0.31155778894472363,0.9696842614865981,0.053664949737466154,0.45120352506637573,0.0008467485313303769,0.45035677653504536,0.7887323943661971,0.918622848200313,0.865625,0.7617554858934169,0.8137715179968701,0.9869580649415185,0.8294209702660407,639,639,320,319
bowphs/PhilTa,ff1,sif,12,sif_only,10,0.001,0.9045226130653267,0.859571205434067,0.041083707181505766,0.8118772506713867,0.6355416178703308,0.1763356328010559,0.5915492957746479,0.8215962441314554,0.325,0.9153605015673981,0.6197183098591549,0.8359733252674274,0.47730829420970267,639,639,320,319
bowphs/PhilTa,ff1,sif,12,sif_abtt_fixed,10,0.001,0.3165829145728643,0.957701660967319,0.05229584775274952,0.44380027055740356,0.0005174269899725914,0.443282843567431,0.8075117370892019,0.9342723004694836,0.884375,0.7962382445141066,0.8403755868544601,0.9914145627810096,0.8341158059467919,639,639,320,319
bowphs/PhilTa,ff1,sif,12,sif_abtt_optimal,7,0.001,0.33668341708542715,0.9550198394289564,0.05198942952701347,0.4533218741416931,0.0004684520827140659,0.45285342205897905,0.810641627543036,0.9374021909233177,0.871875,0.8150470219435737,0.8435054773082942,0.9922936550368581,0.8356807511737089,639,639,320,319
sentence-transformers/LaBSE,hidden,mean,1,baseline,10,0.001,0.9798994974874372,0.842996407926498,0.039189912247209004,0.9401420950889587,0.8692035675048828,0.07093852758407593,0.5633802816901409,0.7574334898278561,0.3375,0.8934169278996865,0.6150234741784038,0.8262419400137084,0.47104851330203446,639,639,320,319
sentence-transformers/LaBSE,hidden,mean,1,abtt_fixed,10,0.001,0.44221105527638194,0.9703642764359103,0.05374264654587159,0.5128792524337769,0.00029814292793162167,0.5125811095058452,0.8075117370892019,0.9358372456964006,0.790625,0.877742946708464,0.8341158059467919,0.9860938418203605,0.8184663536776213,639,639,320,319
sentence-transformers/LaBSE,hidden,mean,1,abtt_optimal,10,0.001,0.44221105527638194,0.9703642764359103,0.05374264654587159,0.5128792524337769,0.00029814292793162167,0.5125811095058452,0.8075117370892019,0.9358372456964006,0.790625,0.877742946708464,0.8341158059467919,0.9860938418203605,0.8184663536776213,639,639,320,319
sentence-transformers/LaBSE,hidden,mean,1,whitening,10,0.001,0.0,0.551314371846837,0.005863051944374436,0.03455430641770363,-0.0015637970063835382,0.03611810342408717,0.06729264475743349,0.0782472613458529,1.0,0.0,0.5007824726134585,0.4937541172190705,0.11580594679186229,639,639,320,319
sentence-transformers/LaBSE,hidden,mean,2,baseline,10,0.001,0.9899497487437187,0.8545136343450843,0.04050584175049268,0.9696821570396423,0.9308351874351501,0.03884696960449219,0.5524256651017214,0.7511737089201878,0.309375,0.896551724137931,0.6025039123630673,0.8468448444536538,0.45539906103286387,639,639,320,319
sentence-transformers/LaBSE,hidden,mean,2,abtt_fixed,10,0.001,0.4623115577889447,0.9714802539931826,0.05387015535216917,0.5283556580543518,0.0004299160500522703,0.5279257420042995,0.8341158059467919,0.9374021909233177,0.80625,0.9153605015673981,0.8607198748043818,0.9836597247514207,0.8184663536776213,639,639,320,319
sentence-transformers/LaBSE,hidden,mean,2,abtt_optimal,10,0.001,0.4623115577889447,0.9714802539931826,0.05387015535216917,0.5283556580543518,0.0004299160500522703,0.5279257420042995,0.8341158059467919,0.9374021909233177,0.80625,0.9153605015673981,0.8607198748043818,0.9836597247514207,0.8184663536776213,639,639,320,319
sentence-transformers/LaBSE,hidden,mean,2,whitening,10,0.001,0.0,0.5560224892728245,0.006400989635991255,0.11327742785215378,-0.0016436222940683365,0.11492105014622211,0.07511737089201878,0.0892018779342723,1.0,0.0,0.5007824726134585,0.5231878715571103,0.004694835680751174,639,639,320,319
sentence-transformers/LaBSE,hidden,mean,3,baseline,10,0.001,0.9798994974874372,0.8743432189132246,0.04277152051893002,0.9522238969802856,0.8856297731399536,0.06659412384033203,0.5696400625978091,0.7856025039123631,0.375,0.8714733542319749,0.622848200312989,0.8588290791873585,0.49765258215962443,639,639,320,319
sentence-transformers/LaBSE,hidden,mean,3,abtt_fixed,10,0.001,0.47738693467336685,0.9674339006842358,0.05340782913698509,0.5388274788856506,0.0009304268751293421,0.5378970520105213,0.8450704225352113,0.9436619718309859,0.79375,0.9498432601880877,0.8716744913928013,0.983040747369798,0.8325508607198748,639,639,320,319
sentence-transformers/LaBSE,hidden,mean,3,abtt_optimal,5,0.001,0.507537688442211,0.9648980083762693,0.05311808442036216,0.540846586227417,0.0009912585373967886,0.5398553276900202,0.7746478873239436,0.9123630672926447,0.765625,0.8526645768025078,0.809076682316119,0.9854059241533901,0.8184663536776213,639,639,320,319
sentence-transformers/LaBSE,hidden,mean,3,whitening,10,0.001,0.0,0.5444809394723205,0.005082281379543015,0.10786932706832886,-0.0013101132353767753,0.10917944030370563,0.07668231611893583,0.0892018779342723,1.0,0.0,0.5007824726134585,0.5109404019062058,0.046948356807511735,639,639,320,319
sentence-transformers/LaBSE,hidden,mean,4,baseline,10,0.001,0.9798994974874372,0.8765529080123986,0.0430239940722664,0.9458608627319336,0.8691967129707336,0.07666414976119995,0.5868544600938967,0.784037558685446,0.28125,0.9561128526645768,0.6181533646322379,0.8631188159107638,0.4757433489827856,639,639,320,319
sentence-transformers/LaBSE,hidden,mean,4,abtt_fixed,10,0.001,0.4371859296482412,0.959629689949552,0.05251613952513437,0.5188347101211548,0.0008510567131452262,0.5179836534080096,0.8059467918622848,0.9374021909233177,0.825,0.8526645768025078,0.838810641627543,0.9830589495393263,0.8356807511737089,639,639,320,319
sentence-transformers/LaBSE,hidden,mean,4,abtt_optimal,5,0.001,0.5175879396984925,0.9574902499629564,0.052271692459814986,0.5163836479187012,0.0012402610154822469,0.5151433869032189,0.758998435054773,0.9217527386541471,0.7125,0.8714733542319749,0.7918622848200313,0.9846834096999351,0.7793427230046949,639,639,320,319
sentence-transformers/LaBSE,hidden,mean,4,whitening,10,0.001,0.0,0.5678343062464879,0.0077505783292732625,0.18211820721626282,-0.0014783224323764443,0.18359652964863926,0.07355242566510173,0.08450704225352113,1.0,0.0,0.5007824726134585,0.5139165947809532,0.006259780907668232,639,639,320,319
sentence-transformers/LaBSE,hidden,mean,5,baseline,10,0.001,0.9748743718592965,0.8793530502494302,0.04334393132530127,0.9477906823158264,0.8778770565986633,0.06991362571716309,0.596244131455399,0.7809076682316118,0.428125,0.8808777429467085,0.6541471048513302,0.860260971677171,0.5258215962441315,639,639,320,319
sentence-transformers/LaBSE,hidden,mean,5,abtt_fixed,10,0.001,0.4221105527638191,0.956283106733212,0.05213376729165014,0.4946659505367279,0.001322057330980897,0.493343893205747,0.7949921752738655,0.917057902973396,0.834375,0.8432601880877743,0.838810641627543,0.9863941258087445,0.8153364632237872,639,639,320,319
sentence-transformers/LaBSE,hidden,mean,5,abtt_optimal,10,0.001,0.4221105527638191,0.956283106733212,0.05213376729165014,0.4946659505367279,0.001322057330980897,0.493343893205747,0.7949921752738655,0.917057902973396,0.834375,0.8432601880877743,0.838810641627543,0.9863941258087445,0.8153364632237872,639,639,320,319
sentence-transformers/LaBSE,hidden,mean,5,whitening,10,0.001,0.0,0.568654885787619,0.007844335884639763,0.16203084588050842,0.0016739603597670794,0.16035688552074134,0.07511737089201878,0.08450704225352113,1.0,0.0,0.5007824726134585,0.49540387160260996,0.001564945226917058,639,639,320,319
sentence-transformers/LaBSE,hidden,mean,6,baseline,10,0.001,0.9698492462311558,0.90387943672755,0.04614625494035688,0.9433489441871643,0.8617997169494629,0.08154922723770142,0.6400625978090767,0.8732394366197183,0.425,0.9247648902821317,0.6744913928012519,0.8908684896360116,0.5774647887323944,639,639,320,319
sentence-transformers/LaBSE,hidden,mean,6,abtt_fixed,10,0.001,0.44221105527638194,0.9669304210579829,0.05335030281334136,0.5235720276832581,0.0016530719585716724,0.5219189557246864,0.8294209702660407,0.9342723004694836,0.853125,0.877742946708464,0.865414710485133,0.9848588919693524,0.8419405320813772,639,639,320,319
sentence-transformers/LaBSE,hidden,mean,6,abtt_optimal,5,0.001,0.48743718592964824,0.9684670968907706,0.05352587955306102,0.5345235466957092,0.0011908881133422256,0.533332658582367,0.7824726134585289,0.9217527386541471,0.81875,0.8213166144200627,0.8200312989045383,0.9869811659239085,0.8262910798122066,639,639,320,319
sentence-transformers/LaBSE,hidden,mean,6,whitening,10,0.001,0.0,0.5779200369317206,0.008902950142020232,0.20694874227046967,0.001848783460445702,0.20509995881002396,0.07668231611893583,0.09076682316118936,1.0,0.0,0.5007824726134585,0.48619342990791226,0.0594679186228482,639,639,320,319
sentence-transformers/LaBSE,hidden,mean,7,baseline,10,0.001,0.9798994974874372,0.8958175131800874,0.04522511970666799,0.9487582445144653,0.8590764999389648,0.08968174457550049,0.6025039123630673,0.8622848200312989,0.315625,0.9498432601880877,0.6322378716744914,0.8854290401027758,0.5007824726134585,639,639,320,319
sentence-transformers/LaBSE,hidden,mean,7,abtt_fixed,10,0.001,0.4371859296482412,0.9674844057146297,0.0534135997155197,0.5123003721237183,0.0014355727471411228,0.5108647993765771,0.8153364632237872,0.9233176838810642,0.859375,0.8463949843260188,0.8528951486697965,0.9823677506463496,0.8262910798122066,639,639,320,319
sentence-transformers/LaBSE,hidden,mean,7,abtt_optimal,3,0.001,0.5326633165829145,0.9634656830596304,0.052954430509793336,0.5283471345901489,0.0013899612240493298,0.5269571733660996,0.7120500782472613,0.8857589984350548,0.753125,0.7711598746081505,0.7621283255086072,0.983085838322965,0.7402190923317684,639,639,320,319
sentence-transformers/LaBSE,hidden,mean,7,whitening,10,0.001,0.0,0.5547623080183892,0.006257005365272197,0.13397791981697083,0.0038735326379537582,0.13010438717901707,0.06259780907668232,0.07511737089201878,1.0,0.0,0.5007824726134585,0.5184698254657171,0.13458528951486698,639,639,320,319
sentence-transformers/LaBSE,hidden,mean,8,baseline,10,0.001,0.9849246231155779,0.8889159111817606,0.04443655991296097,0.9566165208816528,0.8762071132659912,0.08040940761566162,0.5915492957746479,0.8231611893583725,0.334375,0.9059561128526645,0.6197183098591549,0.8751273029342289,0.47417840375586856,639,639,320,319
sentence-transformers/LaBSE,hidden,mean,8,abtt_fixed,10,0.001,0.4271356783919598,0.9653907808475898,0.05317438737124639,0.5099214315414429,0.0010602903785184026,0.5088611411629245,0.7902973395931142,0.9280125195618153,0.871875,0.7899686520376176,0.8309859154929577,0.9833263637022812,0.8356807511737089,639,639,320,319
sentence-transformers/LaBSE,hidden,mean,8,abtt_optimal,3,0.001,0.5527638190954774,0.9603958709494047,0.05260368145110114,0.5158703923225403,0.001866681850515306,0.514003710472025,0.6823161189358372,0.8873239436619719,0.653125,0.7931034482758621,0.7230046948356808,0.9835843601709452,0.704225352112676,639,639,320,319
sentence-transformers/LaBSE,hidden,mean,8,whitening,10,0.001,0.0,0.5529858826162215,0.0060540345445529425,0.12389398366212845,-0.0016929605044424534,0.1255869441665709,0.054773082942097026,0.07042253521126761,1.0,0.0,0.5007824726134585,0.5165809675674642,0.003129890453834116,639,639,320,319
sentence-transformers/LaBSE,hidden,mean,9,baseline,10,0.001,0.9798994974874372,0.9162712209063482,0.04756210922723951,0.952743411064148,0.8613237738609314,0.09141963720321655,0.6494522691705791,0.9154929577464789,0.346875,0.9686520376175548,0.6572769953051644,0.9104191912438746,0.539906103286385,639,639,320,319
sentence-transformers/LaBSE,hidden,mean,9,abtt_fixed,10,0.001,0.4824120603015075,0.9712417322070646,0.05384290244907491,0.5567020177841187,0.0005278316675685346,0.5561741861165501,0.8482003129890454,0.9405320813771518,0.853125,0.9028213166144201,0.8779342723004695,0.9841228151150723,0.863849765258216,639,639,320,319
sentence-transformers/LaBSE,hidden,mean,9,abtt_optimal,7,0.001,0.507537688442211,0.9693436677730874,0.053626034351077434,0.5630001425743103,0.0009242589585483074,0.562075883615762,0.8482003129890454,0.9327073552425665,0.83125,0.9216300940438872,0.8763693270735524,0.9844150054126413,0.8278560250391236,639,639,320,319
sentence-transformers/LaBSE,hidden,mean,9,whitening,10,0.001,0.0,0.5630232651876015,0.007200880780489077,0.10982885211706161,0.0029911366291344166,0.1068377154879272,0.06572769953051644,0.07511737089201878,1.0,0.0,0.5007824726134585,0.5013338471541373,0.001564945226917058,639,639,320,319
sentence-transformers/LaBSE,hidden,mean,10,baseline,10,0.001,0.9698492462311558,0.9290387841910539,0.04902089909553708,0.9502725601196289,0.8468363285064697,0.10343623161315918,0.6995305164319249,0.9061032863849765,0.509375,0.9278996865203761,0.7183098591549296,0.932468546455333,0.6854460093896714,639,639,320,319
sentence-transformers/LaBSE,hidden,mean,10,abtt_fixed,10,0.001,0.4824120603015075,0.9732058093483108,0.05406731299400526,0.5854937434196472,0.0006031417287886143,0.5848906016908586,0.8435054773082942,0.9405320813771518,0.884375,0.8652037617554859,0.8748043818466353,0.98535661365871,0.8763693270735524,639,639,320,319
sentence-transformers/LaBSE,hidden,mean,10,abtt_optimal,1,0.001,0.6080402010050251,0.9679432869434784,0.0534660303377506,0.6087382435798645,0.002679521916434169,0.6060587216634303,0.7621283255086072,0.9061032863849765,0.759375,0.8307210031347962,0.7949921752738655,0.9859164368676343,0.7730829420970265,639,639,320,319
sentence-transformers/LaBSE,hidden,mean,10,whitening,10,0.001,0.0,0.5511089670254581,0.005839583016072525,0.1345580369234085,-0.0006040196749381721,0.13516205659834668,0.06572769953051644,0.0782472613458529,1.0,0.0,0.5007824726134585,0.5006360570264645,0.23943661971830985,639,639,320,319
sentence-transformers/LaBSE,hidden,mean,11,baseline,10,0.001,0.9748743718592965,0.9479274222139573,0.051179067663873756,0.9721193313598633,0.9126370549201965,0.05948227643966675,0.8356807511737089,0.9374021909233177,0.796875,0.9184952978056427,0.8575899843505478,0.963765041283925,0.8028169014084507,639,639,320,319
sentence-transformers/LaBSE,hidden,mean,11,abtt_fixed,10,0.001,0.4824120603015075,0.9695023947082939,0.05364417009395517,0.6000434756278992,0.0006157492171041667,0.599427726410795,0.8779342723004695,0.9593114241001565,0.890625,0.9122257053291536,0.9014084507042254,0.9900399708590288,0.8982785602503912,639,639,320,319
sentence-transformers/LaBSE,hidden,mean,11,abtt_optimal,1,0.001,0.577889447236181,0.9757917199978108,0.05436277268131088,0.6524798274040222,0.0038080639205873013,0.6486717634834349,0.8356807511737089,0.945226917057903,0.8625,0.8620689655172413,0.8622848200312989,0.9902885266072545,0.8482003129890454,639,639,320,319
sentence-transformers/LaBSE,hidden,mean,11,whitening,10,0.001,0.0,0.5647874791238132,0.007402455428611555,0.17028313875198364,-0.0007729522767476737,0.17105609102873132,0.06885758998435054,0.07668231611893583,1.0,0.0,0.5007824726134585,0.49555486556425615,0.006259780907668232,639,639,320,319
sentence-transformers/LaBSE,hidden,mean,12,baseline,10,0.001,0.9195979899497487,0.9429969211620237,0.05061572093732316,0.9065139293670654,0.723953366279602,0.18256056308746338,0.8356807511737089,0.9374021909233177,0.803125,0.9122257053291536,0.8575899843505478,0.9654505783005409,0.7965571205007824,639,639,320,319
sentence-transformers/LaBSE,hidden,mean,12,abtt_fixed,10,0.001,0.4221105527638191,0.9705382898257826,0.05376252888085013,0.5832492113113403,0.0011054384522140026,0.5821437728591263,0.8294209702660407,0.9514866979655712,0.9125,0.799373040752351,0.8560250391236307,0.984165540131593,0.918622848200313,639,639,320,319
sentence-transformers/LaBSE,hidden,mean,12,abtt_optimal,1,0.001,0.5829145728643216,0.9797748922437679,0.05481787998615888,0.6466003060340881,0.0031878757290542126,0.6434124303050339,0.8497652582159625,0.9483568075117371,0.85625,0.8934169278996865,0.8748043818466353,0.9911828103638571,0.8513302034428795,639,639,320,319
sentence-transformers/LaBSE,hidden,mean,12,whitening,10,0.001,0.0,0.5754545928363205,0.008621253258502036,0.21370090544223785,0.003085131524130702,0.21061577391810715,0.06885758998435054,0.08294209702660407,1.0,0.0,0.5007824726134585,0.5206170079552346,0.004694835680751174,639,639,320,319
sentence-transformers/LaBSE,hidden,sif,1,sif_only,10,0.001,0.9748743718592965,0.8412322714180596,0.03898834641922209,0.9295854568481445,0.8528852462768555,0.07670021057128906,0.593114241001565,0.809076682316119,0.328125,0.9310344827586207,0.6291079812206573,0.8495998539129103,0.5242566510172144,639,639,320,319
sentence-transformers/LaBSE,hidden,sif,1,sif_abtt_fixed,10,0.001,0.3919597989949749,0.9667600246512332,0.053330833745813176,0.48413509130477905,0.0008710593683645129,0.48326403193641454,0.809076682316119,0.9405320813771518,0.803125,0.8714733542319749,0.837245696400626,0.9883811326603358,0.8356807511737089,639,639,320,319
sentence-transformers/LaBSE,hidden,sif,1,sif_abtt_optimal,7,0.001,0.40703517587939697,0.9626397056965914,0.05286005640082982,0.48711350560188293,0.0013480496127158403,0.4857654559891671,0.7949921752738655,0.9389671361502347,0.775,0.8714733542319749,0.8231611893583725,0.9887203308378438,0.8341158059467919,639,639,320,319
sentence-transformers/LaBSE,hidden,sif,2,sif_only,10,0.001,0.9899497487437187,0.8556211612139596,0.04063238500224344,0.9640643000602722,0.9208326935768127,0.04323160648345947,0.5727699530516432,0.8043818466353677,0.20625,0.9780564263322884,0.5915492957746479,0.8653038936823827,0.4444444444444444,639,639,320,319
sentence-transformers/LaBSE,hidden,sif,2,sif_abtt_fixed,10,0.001,0.4371859296482412,0.958783315898811,0.05241943494161617,0.5010335445404053,0.0005653998232446611,0.5004681447171606,0.8294209702660407,0.9389671361502347,0.803125,0.9153605015673981,0.8591549295774648,0.9890585388910134,0.8278560250391236,639,639,320,319
sentence-transformers/LaBSE,hidden,sif,2,sif_abtt_optimal,10,0.001,0.4371859296482412,0.958783315898811,0.05241943494161617,0.5010335445404053,0.0005653998232446611,0.5004681447171606,0.8294209702660407,0.9389671361502347,0.803125,0.9153605015673981,0.8591549295774648,0.9890585388910134,0.8278560250391236,639,639,320,319
sentence-transformers/LaBSE,hidden,sif,3,sif_only,10,0.001,0.9748743718592965,0.8754883093132471,0.04290235568586858,0.9449252486228943,0.8738722205162048,0.07105302810668945,0.6118935837245696,0.8153364632237872,0.409375,0.896551724137931,0.6525821596244131,0.883429115582487,0.564945226917058,639,639,320,319
sentence-transformers/LaBSE,hidden,sif,3,sif_abtt_fixed,10,0.001,0.4170854271356784,0.9603200138538197,0.05259501420896571,0.5056262612342834,0.0011756343301385641,0.5044506269041449,0.8200312989045383,0.918622848200313,0.85625,0.8526645768025078,0.8544600938967136,0.9865007714104775,0.8419405320813772,639,639,320,319
sentence-transformers/LaBSE,hidden,sif,3,sif_abtt_optimal,7,0.001,0.4020100502512563,0.9622211090320647,0.05281222859222724,0.5239902138710022,0.001026876620016992,0.5229633372509852,0.7996870109546166,0.9076682316118936,0.890625,0.7774294670846394,0.8341158059467919,0.9876225937992564,0.8497652582159625,639,639,320,319
sentence-transformers/LaBSE,hidden,sif,4,sif_only,10,0.001,0.9698492462311558,0.8786939076155701,0.043268619335478424,0.9368727207183838,0.8555727601051331,0.08129996061325073,0.6056338028169014,0.7902973395931142,0.4125,0.896551724137931,0.6541471048513302,0.8864772536548194,0.5633802816901409,639,639,320,319
sentence-transformers/LaBSE,hidden,sif,4,sif_abtt_fixed,10,0.001,0.3869346733668342,0.9572382557442891,0.052242900230252055,0.4981287717819214,0.001240262994542718,0.49688850878737867,0.812206572769953,0.92018779342723,0.875,0.8244514106583072,0.8497652582159625,0.9854503646178929,0.8419405320813772,639,639,320,319
sentence-transformers/LaBSE,hidden,sif,4,sif_abtt_optimal,7,0.001,0.4371859296482412,0.9593849739415724,0.052488178885732005,0.5037953853607178,0.0014606559416279197,0.5023347294190899,0.7965571205007824,0.9264475743348983,0.825,0.8495297805642633,0.837245696400626,0.986356276578938,0.8262910798122066,639,639,320,319
sentence-transformers/LaBSE,hidden,sif,5,sif_only,10,0.001,0.9748743718592965,0.8798111240172148,0.0433962696890478,0.9402768015861511,0.8659915924072266,0.07428520917892456,0.6056338028169014,0.8247261345852895,0.325,0.9529780564263323,0.6384976525821596,0.8828990594256279,0.5195618153364632,639,639,320,319
sentence-transformers/LaBSE,hidden,sif,5,sif_abtt_fixed,10,0.001,0.4120603015075377,0.9574993421957606,0.052272731315608764,0.49070677161216736,0.000981481745839119,0.48972528986632824,0.8169014084507042,0.9280125195618153,0.85,0.8495297805642633,0.8497652582159625,0.985155088816571,0.8435054773082942,639,639,320,319
sentence-transformers/LaBSE,hidden,sif,5,sif_abtt_optimal,5,0.001,0.5376884422110553,0.9552391038217508,0.05201448212848131,0.5148044228553772,0.0012069358490407467,0.5135974870063365,0.7762128325508607,0.9217527386541471,0.684375,0.9310344827586207,0.8075117370892019,0.9852850138533361,0.7699530516431925,639,639,320,319
sentence-transformers/LaBSE,hidden,sif,6,sif_only,10,0.001,0.964824120603015,0.9017902473658076,0.045907549385825044,0.9363084435462952,0.8511615991592407,0.08514684438705444,0.6619718309859155,0.8685446009389671,0.440625,0.9467084639498433,0.6932707355242567,0.9098755784427274,0.596244131455399,639,639,320,319
sentence-transformers/LaBSE,hidden,sif,6,sif_abtt_fixed,10,0.001,0.4371859296482412,0.9649620743280961,0.05312540443588448,0.5119273662567139,0.0012421532301232219,0.5106852130265906,0.8043818466353677,0.9311424100156495,0.80625,0.8808777429467085,0.8435054773082942,0.9840315279536623,0.8482003129890454,639,639,320,319
sentence-transformers/LaBSE,hidden,sif,6,sif_abtt_optimal,3,0.001,0.5125628140703518,0.964483061878197,0.05307067367065477,0.5425847768783569,0.0011092161294072866,0.5414755607489496,0.7902973395931142,0.918622848200313,0.784375,0.8746081504702194,0.8294209702660407,0.987466027509937,0.8075117370892019,639,639,320,319
sentence-transformers/LaBSE,hidden,sif,7,sif_only,10,0.001,0.9748743718592965,0.896552258503992,0.04530906987088586,0.944198727607727,0.8566005229949951,0.08759820461273193,0.6009389671361502,0.8419405320813772,0.35,0.9341692789968652,0.6416275430359938,0.902909322640052,0.5524256651017214,639,639,320,319
sentence-transformers/LaBSE,hidden,sif,7,sif_abtt_fixed,10,0.001,0.3919597989949749,0.9612392585003195,0.05270004480461384,0.5006484985351562,0.0011783053632825613,0.4994701931718737,0.7683881064162754,0.9139280125195618,0.875,0.7554858934169278,0.8153364632237872,0.9825058269392984,0.863849765258216,639,639,320,319
sentence-transformers/LaBSE,hidden,sif,7,sif_abtt_optimal,3,0.001,0.5527638190954774,0.9652989072640481,0.05316389012522922,0.5216415524482727,0.0015045362524688244,0.5201370161958039,0.730829420970266,0.9045383411580594,0.6375,0.8934169278996865,0.7652582159624414,0.9853637863036283,0.7543035993740219,639,639,320,319
sentence-transformers/LaBSE,hidden,sif,8,sif_only,10,0.001,0.9849246231155779,0.8895348356179615,0.04450727667204428,0.9539286494255066,0.8767364025115967,0.07719224691390991,0.5837245696400626,0.838810641627543,0.25,0.9592476489028213,0.6040688575899843,0.8887784810705152,0.47417840375586856,639,639,320,319
sentence-transformers/LaBSE,hidden,sif,8,sif_abtt_fixed,10,0.001,0.40703517587939697,0.9573276295168653,0.0522531118541162,0.4989362955093384,0.0009963548509404063,0.497939940658398,0.8028169014084507,0.9233176838810642,0.86875,0.8244514106583072,0.8466353677621283,0.984707713798527,0.8716744913928013,639,639,320,319
sentence-transformers/LaBSE,hidden,sif,8,sif_abtt_optimal,3,0.001,0.5125628140703518,0.9642498051806613,0.053044022343421975,0.5126409530639648,0.001978159649297595,0.5106627934146672,0.7151799687010955,0.8998435054773083,0.728125,0.8119122257053292,0.7699530516431925,0.986178704686643,0.7433489827856025,639,639,320,319
sentence-transformers/LaBSE,hidden,sif,9,sif_only,10,0.001,0.9748743718592965,0.9132212081838591,0.047213622397114255,0.9506743550300598,0.8651890754699707,0.08548527956008911,0.651017214397496,0.8873239436619719,0.4375,0.9184952978056427,0.6776212832550861,0.9202765928458359,0.6165884194053208,639,639,320,319
sentence-transformers/LaBSE,hidden,sif,9,sif_abtt_fixed,10,0.001,0.44221105527638194,0.9671716196328339,0.053377861559626136,0.5400276780128479,0.0007931090076453984,0.5392345690052025,0.8169014084507042,0.9311424100156495,0.84375,0.8589341692789969,0.8513302034428795,0.9857568426399302,0.8794992175273866,639,639,320,319
sentence-transformers/LaBSE,hidden,sif,9,sif_abtt_optimal,10,0.001,0.44221105527638194,0.9671716196328339,0.053377861559626136,0.5400276780128479,0.0007931090076453984,0.5392345690052025,0.8169014084507042,0.9311424100156495,0.84375,0.8589341692789969,0.8513302034428795,0.9857568426399302,0.8794992175273866,639,639,320,319
sentence-transformers/LaBSE,hidden,sif,10,sif_only,10,0.001,0.9698492462311558,0.9295958327753003,0.04908454607443518,0.947827160358429,0.8484693765640259,0.09935778379440308,0.6979655712050078,0.917057902973396,0.48125,0.9561128526645768,0.7183098591549296,0.942547494134607,0.6697965571205008,639,639,320,319
sentence-transformers/LaBSE,hidden,sif,10,sif_abtt_fixed,10,0.001,0.4723618090452261,0.9657141192287716,0.053211331206492844,0.5652949213981628,0.0007390393293462694,0.5645558820688166,0.8341158059467919,0.945226917057903,0.85,0.8808777429467085,0.865414710485133,0.986928188515253,0.8888888888888888,639,639,320,319
sentence-transformers/LaBSE,hidden,sif,10,sif_abtt_optimal,2,0.001,0.5628140703517588,0.968376417907159,0.05351551879904652,0.6040627360343933,0.000433021632488817,0.6036297144019045,0.7918622848200313,0.9217527386541471,0.803125,0.8401253918495298,0.8215962441314554,0.9879673527913644,0.838810641627543,639,639,320,319
sentence-transformers/LaBSE,hidden,sif,11,sif_only,10,0.001,0.9748743718592965,0.948565725715697,0.05125199862657463,0.9706000089645386,0.9139782786369324,0.0566217303276062,0.8012519561815337,0.9264475743348983,0.7125,0.9341692789968652,0.8231611893583725,0.9643105192030125,0.7777777777777778,639,639,320,319
sentence-transformers/LaBSE,hidden,sif,11,sif_abtt_fixed,10,0.001,0.4321608040201005,0.9678766769362441,0.05345841964481677,0.5973365306854248,0.0005322190118022263,0.5968043116736226,0.8435054773082942,0.9546165884194053,0.903125,0.8338557993730408,0.8685446009389671,0.9883482398087595,0.9092331768388107,639,639,320,319
sentence-transformers/LaBSE,hidden,sif,11,sif_abtt_optimal,2,0.001,0.5728643216080402,0.9751159967593601,0.05428556623306185,0.6478549242019653,0.0014051584294065833,0.6464497657725587,0.86697965571205,0.9546165884194053,0.86875,0.9184952978056427,0.8935837245696401,0.990077204139392,0.8497652582159625,639,639,320,319
sentence-transformers/LaBSE,hidden,sif,12,sif_only,10,0.001,0.9195979899497487,0.9420174377079185,0.05050380760608627,0.9056128859519958,0.723293125629425,0.1823197603225708,0.8325508607198748,0.9405320813771518,0.784375,0.9216300940438872,0.8528951486697965,0.9657550069954587,0.7934272300469484,639,639,320,319
sentence-transformers/LaBSE,hidden,sif,12,sif_abtt_fixed,10,0.001,0.4321608040201005,0.9696635550878033,0.053662583876095515,0.5833181142807007,0.0012222700752317905,0.5820958442054689,0.8450704225352113,0.9514866979655712,0.903125,0.8401253918495298,0.8716744913928013,0.9842106656239813,0.92018779342723,639,639,320,319
sentence-transformers/LaBSE,hidden,sif,12,sif_abtt_optimal,1,0.001,0.5477386934673367,0.9782294338892692,0.05464129977746123,0.6448190808296204,0.003371784696355462,0.6414472961332649,0.8341158059467919,0.94679186228482,0.875,0.8463949843260188,0.8607198748043818,0.9911450532386403,0.8622848200312989,639,639,320,319
Qwen/Qwen3-Embedding-0.6B,hidden,mean,1,baseline,10,0.001,0.9899497487437187,0.9095484217587264,0.046793979000514,0.9754723906517029,0.9412217736244202,0.034250617027282715,0.5555555555555556,0.8450704225352113,0.165625,0.9717868338557993,0.568075117370892,0.8781448968220209,0.46635367762128327,639,639,320,319
Qwen/Qwen3-Embedding-0.6B,hidden,mean,1,abtt_fixed,10,0.001,0.4020100502512563,0.9683383455649305,0.05351116874838523,0.5477727055549622,0.0007565508713014424,0.5470161546836607,0.7902973395931142,0.9154929577464789,0.88125,0.7648902821316614,0.8231611893583725,0.989484349922007,0.8497652582159625,639,639,320,319
Qwen/Qwen3-Embedding-0.6B,hidden,mean,1,abtt_optimal,3,0.001,0.5326633165829145,0.9669443138127298,0.053351890164773416,0.563029408454895,0.002173574408516288,0.5608558340463787,0.8169014084507042,0.9264475743348983,0.7625,0.9341692789968652,0.8482003129890454,0.9909528309600553,0.7996870109546166,639,639,320,319
Qwen/Qwen3-Embedding-0.6B,hidden,mean,1,whitening,10,0.001,0.0,0.5559456919828496,0.006392214998067593,0.15827517211437225,-0.001343569834716618,0.15961874194908887,0.09233176838810642,0.107981220657277,1.0,0.0,0.5007824726134585,0.5082604231482873,0.026604068857589983,639,639,320,319
Qwen/Qwen3-Embedding-0.6B,hidden,mean,2,baseline,10,0.001,0.9899497487437187,0.895177793856208,0.04515202697597103,0.9815360903739929,0.9559637308120728,0.025572359561920166,0.5915492957746479,0.8294209702660407,0.421875,0.890282131661442,0.6557120500782473,0.8799797814307431,0.5367762128325508,639,639,320,319
Qwen/Qwen3-Embedding-0.6B,hidden,mean,2,abtt_fixed,10,0.001,0.40703517587939697,0.9633733227872281,0.05294387765592326,0.5403926968574524,0.0010488600237295032,0.5393438368337229,0.7746478873239436,0.9248826291079812,0.878125,0.7366771159874608,0.8075117370892019,0.989570398634881,0.8513302034428795,639,639,320,319
Qwen/Qwen3-Embedding-0.6B,hidden,mean,2,abtt_optimal,3,0.001,0.49246231155778897,0.9693255496741419,0.053623964222378445,0.5498154163360596,0.0018586115911602974,0.5479568047448993,0.7652582159624414,0.8982785602503912,0.803125,0.8025078369905956,0.8028169014084507,0.9899712205393971,0.7996870109546166,639,639,320,319
Qwen/Qwen3-Embedding-0.6B,hidden,mean,2,whitening,10,0.001,0.0,0.5588957565111559,0.006729281964370262,0.09779229015111923,0.001236403244547546,0.09655588690657169,0.09859154929577464,0.10641627543035993,1.0,0.0,0.5007824726134585,0.49333643441811276,0.001564945226917058,639,639,320,319
Qwen/Qwen3-Embedding-0.6B,hidden,mean,3,baseline,10,0.001,0.9949748743718593,0.795024405012913,0.03370875110589308,0.9984305500984192,0.9947754740715027,0.003655076026916504,0.27699530516431925,0.323943661971831,1.0,0.0,0.5007824726134585,0.8371324557715488,0.4460093896713615,639,639,320,319
Qwen/Qwen3-Embedding-0.6B,hidden,mean,3,abtt_fixed,10,0.001,0.3969849246231156,0.9621309388595349,0.0528019259736951,0.5393789410591125,0.0008624474285170436,0.5385164936305955,0.7699530516431925,0.9107981220657277,0.88125,0.7304075235109718,0.8059467918622848,0.9880199329989767,0.8497652582159625,639,639,320,319
Qwen/Qwen3-Embedding-0.6B,hidden,mean,3,abtt_optimal,3,0.001,0.507537688442211,0.9659175109280451,0.053234570233672084,0.5469304323196411,0.0011155303800478578,0.5458149019395933,0.7902973395931142,0.9295774647887324,0.775,0.8714733542319749,0.8231611893583725,0.9911059203011157,0.810641627543036,639,639,320,319
Qwen/Qwen3-Embedding-0.6B,hidden,mean,3,whitening,10,0.001,0.2814070351758794,0.5779731413230743,0.008909016241441593,0.17207834124565125,-0.0004897548933513463,0.1725680961390026,0.09859154929577464,0.107981220657277,1.0,0.0,0.5007824726134585,0.6747075546878485,0.20500782472613457,639,639,320,319
Qwen/Qwen3-Embedding-0.6B,hidden,mean,4,baseline,10,0.001,0.9949748743718593,0.7837470055914798,0.03242022363328832,0.9974666833877563,0.9918377995491028,0.0056288838386535645,0.25039123630672927,0.2895148669796557,1.0,0.003134796238244514,0.5023474178403756,0.8265556827852539,0.4272300469483568,639,639,320,319
Qwen/Qwen3-Embedding-0.6B,hidden,mean,4,abtt_fixed,10,0.001,0.38190954773869346,0.9658797040524678,0.05323025051456712,0.5252311825752258,0.0009554486023262143,0.5242757339728996,0.7730829420970265,0.9233176838810642,0.8875,0.7335423197492164,0.810641627543036,0.9878027618896722,0.8528951486697965,639,639,320,319
Qwen/Qwen3-Embedding-0.6B,hidden,mean,4,abtt_optimal,7,0.001,0.4120603015075377,0.9653581505717111,0.053170659117483254,0.5346810221672058,0.0011943718418478966,0.5334866503253579,0.7981220657276995,0.9374021909233177,0.8625,0.7931034482758621,0.8278560250391236,0.9890830732510796,0.8450704225352113,639,639,320,319
Qwen/Qwen3-Embedding-0.6B,hidden,mean,4,whitening,10,0.001,0.010050251256281407,0.5549030274657549,0.006273082691975296,0.10676495730876923,0.000670728157274425,0.1060942291514948,0.10328638497652583,0.11580594679186229,1.0,0.0,0.5007824726134585,0.5310387228648654,0.21283255086071987,639,639,320,319
Qwen/Qwen3-Embedding-0.6B,hidden,mean,5,baseline,10,0.001,0.9949748743718593,0.7875769261519119,0.03285782078270329,0.996616542339325,0.9888808131217957,0.007735729217529297,0.23630672926447574,0.27543035993740217,1.0,0.003134796238244514,0.5023474178403756,0.8259404816918064,0.39436619718309857,639,639,320,319
Qwen/Qwen3-Embedding-0.6B,hidden,mean,5,abtt_fixed,10,0.001,0.4170854271356784,0.9629092207142389,0.052890850513090885,0.5265872478485107,0.0010152100585401058,0.5255720377899706,0.8247261345852895,0.9483568075117371,0.8625,0.8401253918495298,0.8513302034428795,0.9890252315687836,0.8701095461658842,639,639,320,319
Qwen/Qwen3-Embedding-0.6B,hidden,mean,5,abtt_optimal,7,0.001,0.4321608040201005,0.9686645930181652,0.05354844496693263,0.5328397750854492,0.0011871140450239182,0.5316526610404253,0.8215962441314554,0.9405320813771518,0.85625,0.8463949843260188,0.8513302034428795,0.9900271568079948,0.8435054773082942,639,639,320,319
Qwen/Qwen3-Embedding-0.6B,hidden,mean,5,whitening,10,0.001,0.005025125628140704,0.5419114988163063,0.004788703097062414,0.07803469896316528,-0.001558043179102242,0.07959274214226753,0.09702660406885759,0.107981220657277,1.0,0.0,0.5007824726134585,0.49350381148364164,0.046948356807511735,639,639,320,319
Qwen/Qwen3-Embedding-0.6B,hidden,mean,6,baseline,10,0.001,0.9949748743718593,0.8009416013629765,0.034384835166637616,0.9955161809921265,0.985568106174469,0.00994807481765747,0.2519561815336463,0.30359937402190923,1.0,0.006269592476489028,0.5039123630672926,0.8398273957687474,0.4287949921752739,639,639,320,319
Qwen/Qwen3-Embedding-0.6B,hidden,mean,6,abtt_fixed,10,0.001,0.4472361809045226,0.9704163521439906,0.05374859658611243,0.526913046836853,0.0008467430016025901,0.5260663038352504,0.8341158059467919,0.9436619718309859,0.853125,0.8746081504702194,0.863849765258216,0.9888010259714448,0.8528951486697965,639,639,320,319
Qwen/Qwen3-Embedding-0.6B,hidden,mean,6,abtt_optimal,7,0.001,0.4623115577889447,0.9759324615673974,0.05437885346126627,0.5413058400154114,0.001080782269127667,0.5402250577462837,0.8262910798122066,0.9499217527386542,0.846875,0.8652037617554859,0.8560250391236307,0.9909296321165388,0.8435054773082942,639,639,320,319
Qwen/Qwen3-Embedding-0.6B,hidden,mean,6,whitening,10,0.001,0.0,0.5545163310438161,0.006228900008749752,0.05368927866220474,0.0023932354524731636,0.05129604320973158,0.08607198748043818,0.10172143974960876,1.0,0.0,0.5007824726134585,0.5211157024993203,0.010954616588419406,639,639,320,319
Qwen/Qwen3-Embedding-0.6B,hidden,mean,7,baseline,10,0.001,0.9949748743718593,0.8087706442906597,0.03527936204267695,0.9951852560043335,0.9845535755157471,0.010631680488586426,0.26291079812206575,0.3114241001564945,1.0,0.009404388714733543,0.5054773082942097,0.8463595396142877,0.4303599374021909,639,639,320,319
Qwen/Qwen3-Embedding-0.6B,hidden,mean,7,abtt_fixed,10,0.001,0.4020100502512563,0.9684328295705426,0.05352196425470283,0.5225023031234741,0.0007558418437838554,0.5217464612796903,0.809076682316119,0.9389671361502347,0.88125,0.799373040752351,0.8403755868544601,0.9892364216362984,0.8685446009389671,639,639,320,319
Qwen/Qwen3-Embedding-0.6B,hidden,mean,7,abtt_optimal,7,0.001,0.4623115577889447,0.9768027939834107,0.054478295467716174,0.5384674072265625,0.0009478396386839449,0.5375195675878786,0.8356807511737089,0.9436619718309859,0.840625,0.8871473354231975,0.863849765258216,0.9910683761677623,0.8341158059467919,639,639,320,319
Qwen/Qwen3-Embedding-0.6B,hidden,mean,7,whitening,10,0.001,0.010050251256281407,0.5514743708097471,0.005881333099651921,0.08061898499727249,-0.0015256801852956414,0.08214466518256813,0.10485133020344288,0.1189358372456964,1.0,0.0,0.5007824726134585,0.6251748864678532,0.04225352112676056,639,639,320,319
Qwen/Qwen3-Embedding-0.6B,hidden,mean,8,baseline,10,0.001,0.9949748743718593,0.8084832877018282,0.03524652939689221,0.9942976832389832,0.982013463973999,0.01228421926498413,0.28169014084507044,0.3536776212832551,0.996875,0.0438871473354232,0.5211267605633803,0.8465721803290892,0.4428794992175274,639,639,320,319
Qwen/Qwen3-Embedding-0.6B,hidden,mean,8,abtt_fixed,10,0.001,0.4170854271356784,0.9643699177792263,0.0530577461087114,0.517632782459259,0.0005112711223773658,0.5171215113368817,0.8341158059467919,0.94679186228482,0.86875,0.8620689655172413,0.865414710485133,0.9890760617891928,0.865414710485133,639,639,320,319
Qwen/Qwen3-Embedding-0.6B,hidden,mean,8,abtt_optimal,5,0.001,0.4723618090452261,0.9770292591591194,0.05450417081264028,0.5338906645774841,0.0007858325261622667,0.5331048320513219,0.8153364632237872,0.9389671361502347,0.821875,0.8683385579937304,0.8450704225352113,0.9899183352353315,0.8215962441314554,639,639,320,319
Qwen/Qwen3-Embedding-0.6B,hidden,mean,8,whitening,10,0.001,0.08040201005025126,0.5517232679174835,0.005909771676500205,0.14581669867038727,0.0017885732231661677,0.1440281254472211,0.10015649452269171,0.11424100156494522,1.0,0.0,0.5007824726134585,0.6388291846471136,0.18779342723004694,639,639,320,319
Qwen/Qwen3-Embedding-0.6B,hidden,mean,9,baseline,10,0.001,0.9949748743718593,0.8121259326009375,0.03566272889811911,0.9936407208442688,0.9799531102180481,0.013687610626220703,0.28169014084507044,0.3458528951486698,0.9875,0.05642633228840126,0.5226917057902973,0.8486750835371357,0.4397496087636933,639,639,320,319
Qwen/Qwen3-Embedding-0.6B,hidden,mean,9,abtt_fixed,10,0.001,0.4271356783919598,0.958439735685474,0.052380178325221516,0.5087105631828308,0.0005064833676442504,0.5082040798151866,0.8325508607198748,0.945226917057903,0.83125,0.8934169278996865,0.8622848200312989,0.98788748659907,0.8560250391236307,639,639,320,319
Qwen/Qwen3-Embedding-0.6B,hidden,mean,9,abtt_optimal,5,0.001,0.4723618090452261,0.9757077661693636,0.05435318032671502,0.5263393521308899,0.0007967554847709835,0.5255425966461189,0.8169014084507042,0.9374021909233177,0.81875,0.8746081504702194,0.8466353677621283,0.9885418666823368,0.8137715179968701,639,639,320,319
Qwen/Qwen3-Embedding-0.6B,hidden,mean,9,whitening,10,0.001,0.005025125628140704,0.5424256302919395,0.004847446563978533,0.09082522988319397,0.0003511521499603987,0.09047407773323357,0.07668231611893583,0.09233176838810642,1.0,0.0,0.5007824726134585,0.4973565694945593,0.12206572769953052,639,639,320,319
Qwen/Qwen3-Embedding-0.6B,hidden,mean,10,baseline,10,0.001,0.9949748743718593,0.8196450763966566,0.036521847474006566,0.9933736324310303,0.979528546333313,0.013845086097717285,0.3004694835680751,0.36619718309859156,0.978125,0.09090909090909091,0.5352112676056338,0.8551093144473486,0.4522691705790297,639,639,320,319
Qwen/Qwen3-Embedding-0.6B,hidden,mean,10,abtt_fixed,10,0.001,0.4271356783919598,0.9597854746293742,0.05253393909326574,0.49611690640449524,0.0008390714065171778,0.49527783499797806,0.8153364632237872,0.9327073552425665,0.821875,0.8652037617554859,0.8435054773082942,0.9858164343094293,0.8184663536776213,639,639,320,319
Qwen/Qwen3-Embedding-0.6B,hidden,mean,10,abtt_optimal,7,0.001,0.4472361809045226,0.9772625379788759,0.054530824667504536,0.5196947455406189,0.0006189655396156013,0.5190757800010033,0.7871674491392802,0.9280125195618153,0.809375,0.8275862068965517,0.8184663536776213,0.9895442639575698,0.8200312989045383,639,639,320,319
Qwen/Qwen3-Embedding-0.6B,hidden,mean,10,whitening,10,0.001,0.005025125628140704,0.5676649827674536,0.007731232238390515,0.10878841578960419,0.000903933250810951,0.10788448253879324,0.07042253521126761,0.08607198748043818,1.0,0.0,0.5007824726134585,0.5379808127258333,0.22065727699530516,639,639,320,319
Qwen/Qwen3-Embedding-0.6B,hidden,mean,11,baseline,10,0.001,0.9949748743718593,0.8382211827433049,0.03864430695401693,0.9931206107139587,0.9792172908782959,0.013903319835662842,0.352112676056338,0.4131455399061033,0.96875,0.14420062695924765,0.5571205007824727,0.8713455345357786,0.48982785602503914,639,639,320,319
Qwen/Qwen3-Embedding-0.6B,hidden,mean,11,abtt_fixed,10,0.001,0.4120603015075377,0.9641068956334231,0.0530276938557581,0.49880844354629517,0.0006570178084075451,0.4981514257378876,0.7996870109546166,0.9295774647887324,0.834375,0.8181818181818182,0.8262910798122066,0.9849778680730239,0.8482003129890454,639,639,320,319
Qwen/Qwen3-Embedding-0.6B,hidden,mean,11,abtt_optimal,3,0.001,0.5376884422110553,0.9720183991396403,0.053931642471505205,0.5565580725669861,0.0004063559463247657,0.5561517166206613,0.8231611893583725,0.9327073552425665,0.7875,0.9059561128526645,0.8466353677621283,0.988076784556934,0.7934272300469484,639,639,320,319
Qwen/Qwen3-Embedding-0.6B,hidden,mean,11,whitening,10,0.001,0.01507537688442211,0.56564677255158,0.00750063620664624,0.12433625757694244,-0.0008409499423578382,0.12517720751930028,0.08763693270735524,0.09702660406885759,1.0,0.0,0.5007824726134585,0.5241162167422704,0.20187793427230047,639,639,320,319
Qwen/Qwen3-Embedding-0.6B,hidden,mean,12,baseline,10,0.001,0.9949748743718593,0.8562944952525493,0.0407093184669806,0.9932591915130615,0.9798750877380371,0.013384103775024414,0.38341158059467917,0.4569640062597809,0.940625,0.16614420062695925,0.5539906103286385,0.8848495525639626,0.5414710485133021,639,639,320,319
Qwen/Qwen3-Embedding-0.6B,hidden,mean,12,abtt_fixed,10,0.001,0.3919597989949749,0.970278951029765,0.053732897478236126,0.5157060027122498,0.0006942577310837805,0.515011744981166,0.7856025039123631,0.9374021909233177,0.85625,0.7711598746081505,0.8137715179968701,0.9856569667255359,0.865414710485133,639,639,320,319
Qwen/Qwen3-Embedding-0.6B,hidden,mean,12,abtt_optimal,3,0.001,0.5175879396984925,0.9732918869099677,0.05407714800104837,0.5687371492385864,0.0004911799333058298,0.5682459693052806,0.8169014084507042,0.9374021909233177,0.809375,0.877742946708464,0.8435054773082942,0.989302984471926,0.8215962441314554,639,639,320,319
Qwen/Qwen3-Embedding-0.6B,hidden,mean,12,whitening,10,0.001,0.010050251256281407,0.538228281764003,0.004367868222030506,-0.012057008221745491,-0.0015237092738971114,-0.01053329894784838,0.081377151799687,0.09076682316118936,1.0,0.0,0.5007824726134585,0.5761148126538536,0.20657276995305165,639,639,320,319
Qwen/Qwen3-Embedding-0.6B,hidden,mean,13,baseline,10,0.001,0.9949748743718593,0.8550066059163932,0.040562167450477575,0.9930140972137451,0.9790201187133789,0.013993978500366211,0.38967136150234744,0.45539906103286387,0.940625,0.18808777429467086,0.564945226917058,0.88275739681022,0.5367762128325508,639,639,320,319
Qwen/Qwen3-Embedding-0.6B,hidden,mean,13,abtt_fixed,10,0.001,0.4271356783919598,0.9710989553931518,0.05382658912718924,0.5080076456069946,0.0006823089788667858,0.5073253366281278,0.8215962441314554,0.9405320813771518,0.8125,0.8808777429467085,0.8466353677621283,0.986070930803687,0.8450704225352113,639,639,320,319
Qwen/Qwen3-Embedding-0.6B,hidden,mean,13,abtt_optimal,5,0.001,0.46733668341708545,0.9743240876165603,0.05419508467378885,0.5357217192649841,0.0006435451796278358,0.5350781740853563,0.8075117370892019,0.9420970266040689,0.815625,0.8589341692789969,0.837245696400626,0.988398045365609,0.8278560250391236,639,639,320,319
Qwen/Qwen3-Embedding-0.6B,hidden,mean,13,whitening,10,0.001,0.01507537688442211,0.5394089446952883,0.0045027676049072,0.05489127337932587,-0.0009838590631261468,0.055875132442452013,0.081377151799687,0.09859154929577464,1.0,0.0,0.5007824726134585,0.494489083061738,0.2190923317683881,639,639,320,319
Qwen/Qwen3-Embedding-0.6B,hidden,mean,14,baseline,10,0.001,0.9949748743718593,0.8572823409061677,0.04082218724221902,0.9931408166885376,0.9795938730239868,0.013546943664550781,0.38810641627543035,0.45539906103286387,0.9375,0.1786833855799373,0.5586854460093896,0.8831510748525019,0.5383411580594679,639,639,320,319
Qwen/Qwen3-Embedding-0.6B,hidden,mean,14,abtt_fixed,10,0.001,0.4221105527638191,0.9719106860459092,0.05391933544264459,0.5017126798629761,0.0007103641983121634,0.5010023156646639,0.812206572769953,0.9420970266040689,0.803125,0.8714733542319749,0.837245696400626,0.9858193356040033,0.8325508607198748,639,639,320,319
Qwen/Qwen3-Embedding-0.6B,hidden,mean,14,abtt_optimal,5,0.001,0.4824120603015075,0.9724502248922858,0.053980981802649736,0.5245290398597717,0.000650012691039592,0.5238790271687321,0.8137715179968701,0.9420970266040689,0.775,0.9059561128526645,0.8403755868544601,0.9883159341239424,0.810641627543036,639,639,320,319
Qwen/Qwen3-Embedding-0.6B,hidden,mean,14,whitening,10,0.001,0.02512562814070352,0.5357087598995279,0.0040799944058378685,0.06296630203723907,-0.0016326962504535913,0.06459899828769267,0.09233176838810642,0.09859154929577464,1.0,0.0,0.5007824726134585,0.5355831921005394,0.12206572769953052,639,639,320,319
Qwen/Qwen3-Embedding-0.6B,hidden,mean,15,baseline,10,0.001,0.9949748743718593,0.8559838771484051,0.04067382801877763,0.9931097626686096,0.9798062443733215,0.013303518295288086,0.37715179968701096,0.4507042253521127,0.934375,0.18495297805642633,0.5602503912363067,0.8820436150231705,0.5242566510172144,639,639,320,319
Qwen/Qwen3-Embedding-0.6B,hidden,mean,15,abtt_fixed,10,0.001,0.4221105527638191,0.9722955463235103,0.05396330861600145,0.4947979152202606,0.0008296779124066234,0.493968237307854,0.812206572769953,0.9374021909233177,0.803125,0.8746081504702194,0.838810641627543,0.984829487579109,0.8341158059467919,639,639,320,319
Qwen/Qwen3-Embedding-0.6B,hidden,mean,15,abtt_optimal,3,0.001,0.5125628140703518,0.9708527571963695,0.05379845913659871,0.5508487224578857,0.0005832391325384378,0.5502654833253473,0.810641627543036,0.9311424100156495,0.803125,0.8714733542319749,0.837245696400626,0.9886107148630949,0.8012519561815337,639,639,320,319
Qwen/Qwen3-Embedding-0.6B,hidden,mean,15,whitening,10,0.001,0.0,0.5580814818029911,0.006636245497174664,0.09913819283246994,0.002431278582662344,0.0967069142498076,0.07981220657276995,0.08763693270735524,1.0,0.0,0.5007824726134585,0.48866817085742165,0.012519561815336464,639,639,320,319
Qwen/Qwen3-Embedding-0.6B,hidden,mean,16,baseline,10,0.001,0.9949748743718593,0.8548333225598117,0.04054236852717707,0.9917062520980835,0.9762606024742126,0.01544564962387085,0.41471048513302033,0.5320813771517997,0.803125,0.31347962382445144,0.5586854460093896,0.8827494009805317,0.5352112676056338,639,639,320,319
Qwen/Qwen3-Embedding-0.6B,hidden,mean,16,abtt_fixed,10,0.001,0.4221105527638191,0.9738593882436059,0.05414198928495536,0.4869934618473053,0.0007777858409099281,0.48621567600639537,0.8043818466353677,0.9342723004694836,0.7875,0.8714733542319749,0.8294209702660407,0.9843101040415746,0.8325508607198748,639,639,320,319
Qwen/Qwen3-Embedding-0.6B,hidden,mean,16,abtt_optimal,3,0.001,0.5376884422110553,0.9695824329036358,0.053653315058098096,0.5374729037284851,0.00045623545884154737,0.5370166682696436,0.7965571205007824,0.9327073552425665,0.746875,0.9059561128526645,0.8262910798122066,0.9872142481010739,0.7652582159624414,639,639,320,319
Qwen/Qwen3-Embedding-0.6B,hidden,mean,16,whitening,10,0.001,0.020100502512562814,0.5505669173070054,0.005777649776546229,0.11615020036697388,-0.0016850382089614868,0.11783523857593536,0.08607198748043818,0.09859154929577464,1.0,0.0,0.5007824726134585,0.507129660857776,0.2190923317683881,639,639,320,319
Qwen/Qwen3-Embedding-0.6B,hidden,mean,17,baseline,10,0.001,0.9949748743718593,0.8689306525449028,0.04215309421477711,0.9892386794090271,0.9701407551765442,0.01909792423248291,0.4835680751173709,0.701095461658842,0.478125,0.6300940438871473,0.5539906103286385,0.8941769440613597,0.5367762128325508,639,639,320,319
Qwen/Qwen3-Embedding-0.6B,hidden,mean,17,abtt_fixed,10,0.001,0.3969849246231156,0.978892237750694,0.054717030089982584,0.4984617829322815,0.0009208231349475682,0.4975409597973339,0.8012519561815337,0.9342723004694836,0.840625,0.8181818181818182,0.8294209702660407,0.9853402535809745,0.8450704225352113,639,639,320,319
Qwen/Qwen3-Embedding-0.6B,hidden,mean,17,abtt_optimal,5,0.001,0.4271356783919598,0.9747445425476455,0.05424312480328359,0.5100188255310059,0.0008093332289718091,0.509209492302034,0.7527386541471048,0.9295774647887324,0.825,0.7460815047021944,0.7856025039123631,0.987812340766995,0.812206572769953,639,639,320,319
Qwen/Qwen3-Embedding-0.6B,hidden,mean,17,whitening,10,0.001,0.0,0.5757931181221738,0.00865993277788207,0.14749044179916382,-0.0015589793911203742,0.1490494211902842,0.07355242566510173,0.09076682316118936,1.0,0.0,0.5007824726134585,0.4956919632459398,0.001564945226917058,639,639,320,319
Qwen/Qwen3-Embedding-0.6B,hidden,mean,18,baseline,10,0.001,0.9949748743718593,0.8897911547308215,0.044536563053624335,0.9897367358207703,0.9720763564109802,0.01766037940979004,0.5352112676056338,0.7746478873239436,0.378125,0.7554858934169278,0.5665101721439749,0.913116951944131,0.564945226917058,639,639,320,319
Qwen/Qwen3-Embedding-0.6B,hidden,mean,18,abtt_fixed,10,0.001,0.4221105527638191,0.9781679009317392,0.054634269175535884,0.5059674382209778,0.0007026563980616629,0.5052647818229161,0.8137715179968701,0.945226917057903,0.8125,0.8683385579937304,0.8403755868544601,0.986646354227482,0.8356807511737089,639,639,320,319
Qwen/Qwen3-Embedding-0.6B,hidden,mean,18,abtt_optimal,5,0.001,0.4371859296482412,0.9746357454650886,0.05423069392056968,0.5267100930213928,0.000542727648280561,0.5261673653731123,0.7746478873239436,0.9389671361502347,0.828125,0.780564263322884,0.8043818466353677,0.98755617487705,0.8215962441314554,639,639,320,319
Qwen/Qwen3-Embedding-0.6B,hidden,mean,18,whitening,10,0.001,0.0,0.5530126173202212,0.006057089550522255,0.06214262917637825,-0.0015738358488306403,0.06371646502520889,0.081377151799687,0.09546165884194054,1.0,0.0,0.5007824726134585,0.49162571830930335,0.0297339593114241,639,639,320,319
Qwen/Qwen3-Embedding-0.6B,hidden,mean,19,baseline,10,0.001,0.9949748743718593,0.9009842242460514,0.045815455199214566,0.9881091713905334,0.9676879644393921,0.020421206951141357,0.5524256651017214,0.837245696400626,0.271875,0.8714733542319749,0.5712050078247262,0.9224156931576122,0.5007824726134585,639,639,320,319
Qwen/Qwen3-Embedding-0.6B,hidden,mean,19,abtt_fixed,10,0.001,0.40703517587939697,0.9757585587886296,0.054358983764436083,0.5082234144210815,0.0006117841694504023,0.5076116302516311,0.7965571205007824,0.9389671361502347,0.8375,0.8213166144200627,0.8294209702660407,0.9855962582878877,0.8419405320813772,639,639,320,319
Qwen/Qwen3-Embedding-0.6B,hidden,mean,19,abtt_optimal,10,0.001,0.40703517587939697,0.9757585587886296,0.054358983764436083,0.5082234144210815,0.0006117841694504023,0.5076116302516311,0.7965571205007824,0.9389671361502347,0.8375,0.8213166144200627,0.8294209702660407,0.9855962582878877,0.8419405320813772,639,639,320,319
Qwen/Qwen3-Embedding-0.6B,hidden,mean,19,whitening,10,0.001,0.010050251256281407,0.5197042953698767,0.0022513636667048876,-0.003528605680912733,-0.0008573209634050727,-0.0026712847175076604,0.081377151799687,0.09233176838810642,1.0,0.0,0.5007824726134585,0.52712249327861,0.018779342723004695,639,639,320,319
Qwen/Qwen3-Embedding-0.6B,hidden,mean,20,baseline,10,0.001,0.9899497487437187,0.9168898909370082,0.04763279691895192,0.9859514832496643,0.9614756107330322,0.02447587251663208,0.672926447574335,0.8231611893583725,0.659375,0.7617554858934169,0.7104851330203443,0.9356417625604007,0.6791862284820032,639,639,320,319
Qwen/Qwen3-Embedding-0.6B,hidden,mean,20,abtt_fixed,10,0.001,0.4371859296482412,0.9761340613667755,0.05440188775044357,0.5291664600372314,0.00035208353074267507,0.5288143765064888,0.8309859154929577,0.945226917057903,0.825,0.8808777429467085,0.8528951486697965,0.9818462314336431,0.8419405320813772,639,639,320,319
Qwen/Qwen3-Embedding-0.6B,hidden,mean,20,abtt_optimal,2,0.001,0.5175879396984925,0.9755369273181953,0.05433366070659404,0.565019428730011,0.000564078742172569,0.5644553499878384,0.810641627543036,0.9327073552425665,0.815625,0.8683385579937304,0.8419405320813772,0.9874850355946245,0.8137715179968701,639,639,320,319
Qwen/Qwen3-Embedding-0.6B,hidden,mean,20,whitening,10,0.001,0.0,0.5549590077458302,0.006279479032428905,0.10767560452222824,0.007500623352825642,0.1001749811694026,0.09389671361502347,0.10328638497652583,1.0,0.0,0.5007824726134585,0.48643226862193045,0.00782472613458529,639,639,320,319
Qwen/Qwen3-Embedding-0.6B,hidden,mean,21,baseline,10,0.001,0.9899497487437187,0.9281265522885902,0.048916669758835636,0.9841559529304504,0.9554833173751831,0.028672635555267334,0.7198748043818466,0.9248826291079812,0.525,0.9404388714733543,0.7323943661971831,0.9482304912290066,0.6776212832550861,639,639,320,319
Qwen/Qwen3-Embedding-0.6B,hidden,mean,21,abtt_fixed,10,0.001,0.4472361809045226,0.97790047646397,0.05460371392427854,0.5464754104614258,0.00017738489259500057,0.5462980255688308,0.8482003129890454,0.9514866979655712,0.85,0.896551724137931,0.8732394366197183,0.98704691708784,0.8701095461658842,639,639,320,319
Qwen/Qwen3-Embedding-0.6B,hidden,mean,21,abtt_optimal,5,0.001,0.4723618090452261,0.9797395630569352,0.054813843361576846,0.5695999264717102,0.00017049990128725767,0.569429426570423,0.8450704225352113,0.94679186228482,0.875,0.8714733542319749,0.8732394366197183,0.9882153098597573,0.86697965571205,639,639,320,319
Qwen/Qwen3-Embedding-0.6B,hidden,mean,21,whitening,10,0.001,0.0,0.49775387560294665,-0.0002566365663556279,-0.09034296870231628,0.00016281961870845407,-0.09050578832102474,0.0782472613458529,0.08607198748043818,1.0,0.0,0.5007824726134585,0.5252222028981677,0.012519561815336464,639,639,320,319
Qwen/Qwen3-Embedding-0.6B,hidden,mean,22,baseline,10,0.001,0.9849246231155779,0.9370862840504671,0.049940386315104245,0.9848009943962097,0.9564801454544067,0.02832084894180298,0.7902973395931142,0.9107981220657277,0.83125,0.8087774294670846,0.8200312989045383,0.9553186589691484,0.7981220657276995,639,639,320,319
Qwen/Qwen3-Embedding-0.6B,hidden,mean,22,abtt_fixed,10,0.001,0.4623115577889447,0.9755414955568183,0.05433418266212078,0.558661162853241,0.0002070790360448882,0.5584540838171961,0.838810641627543,0.9514866979655712,0.85,0.8871473354231975,0.8685446009389671,0.9890752558740334,0.8607198748043818,639,639,320,319
Qwen/Qwen3-Embedding-0.6B,hidden,mean,22,abtt_optimal,3,0.001,0.5376884422110553,0.9799116518135864,0.05483350579277441,0.590915322303772,0.000679542135912925,0.590235780167859,0.8450704225352113,0.9483568075117371,0.815625,0.9278996865203761,0.8716744913928013,0.989744292100127,0.8294209702660407,639,639,320,319
Qwen/Qwen3-Embedding-0.6B,hidden,mean,22,whitening,10,0.001,0.0,0.5483675039794557,0.005526350477533543,0.05420595034956932,0.0029015783220529556,0.051304372027516365,0.08450704225352113,0.09233176838810642,1.0,0.0,0.5007824726134585,0.480692368160742,0.004694835680751174,639,639,320,319
Qwen/Qwen3-Embedding-0.6B,hidden,mean,23,baseline,10,0.001,0.9849246231155779,0.9396675490335709,0.05023531520023173,0.9859163165092468,0.959446907043457,0.026469409465789795,0.7871674491392802,0.92018779342723,0.85,0.7931034482758621,0.8215962441314554,0.9527624515100996,0.8262910798122066,639,639,320,319
Qwen/Qwen3-Embedding-0.6B,hidden,mean,23,abtt_fixed,10,0.001,0.457286432160804,0.9767055889446237,0.05446718906294928,0.5621121525764465,0.00025789893697947264,0.5618542536394671,0.8341158059467919,0.9530516431924883,0.846875,0.877742946708464,0.8622848200312989,0.9903576165625605,0.865414710485133,639,639,320,319
Qwen/Qwen3-Embedding-0.6B,hidden,mean,23,abtt_optimal,5,0.001,0.48743718592964824,0.9754248450858296,0.05432085447087418,0.5834691524505615,0.00042643750202842057,0.5830427149485331,0.8544600938967136,0.9499217527386542,0.871875,0.890282131661442,0.8810641627543035,0.991477458702662,0.8513302034428795,639,639,320,319
Qwen/Qwen3-Embedding-0.6B,hidden,mean,23,whitening,10,0.001,0.0,0.5408204972464693,0.004664048344738215,0.046889081597328186,0.003885544603690505,0.04300353699363768,0.08763693270735524,0.10172143974960876,1.0,0.0,0.5007824726134585,0.516213516307083,0.2347417840375587,639,639,320,319
Qwen/Qwen3-Embedding-0.6B,hidden,mean,24,baseline,10,0.001,0.9899497487437187,0.9415529042516209,0.05045073117505004,0.9871782064437866,0.9627199769020081,0.024458229541778564,0.812206572769953,0.9389671361502347,0.665625,0.9905956112852664,0.8278560250391236,0.9515276225463654,0.7386541471048513,639,639,320,319
Qwen/Qwen3-Embedding-0.6B,hidden,mean,24,abtt_fixed,10,0.001,0.4623115577889447,0.9764666247140869,0.05443988560726183,0.5597732067108154,0.00013769167708233,0.5596355150337331,0.837245696400626,0.9561815336463224,0.846875,0.8840125391849529,0.865414710485133,0.9897620567728547,0.8622848200312989,639,639,320,319
Qwen/Qwen3-Embedding-0.6B,hidden,mean,24,abtt_optimal,3,0.001,0.542713567839196,0.978838679853811,0.05471091069855326,0.5970126390457153,0.00034252257319167256,0.5966701164725237,0.8513302034428795,0.9514866979655712,0.821875,0.9341692789968652,0.8779342723004695,0.9907571432462847,0.8294209702660407,639,639,320,319
Qwen/Qwen3-Embedding-0.6B,hidden,mean,24,whitening,10,0.001,0.0,0.5557467579110943,0.006369486645680566,0.1349641978740692,0.001604394637979567,0.13335980323608965,0.10015649452269171,0.11424100156494522,1.0,0.0,0.5007824726134585,0.5014880475068105,0.001564945226917058,639,639,320,319
Qwen/Qwen3-Embedding-0.6B,hidden,mean,25,baseline,10,0.001,0.9899497487437187,0.9430081150058166,0.05061699991858439,0.9882409572601318,0.9657450914382935,0.02249586582183838,0.8294209702660407,0.9389671361502347,0.721875,0.9811912225705329,0.8513302034428795,0.9480284540550876,0.7605633802816901,639,639,320,319
Qwen/Qwen3-Embedding-0.6B,hidden,mean,25,abtt_fixed,10,0.001,0.4221105527638191,0.9748551536523189,0.054255762951630086,0.5547777414321899,0.00022008712403476238,0.5545576543081552,0.8137715179968701,0.94679186228482,0.8875,0.8025078369905956,0.8450704225352113,0.9889975196003747,0.865414710485133,639,639,320,319
Qwen/Qwen3-Embedding-0.6B,hidden,mean,25,abtt_optimal,5,0.001,0.4623115577889447,0.9758958935361923,0.05437467528942388,0.5831940770149231,0.00025070106494240463,0.5829433759499807,0.8262910798122066,0.9499217527386542,0.890625,0.8150470219435737,0.8528951486697965,0.9904350765224503,0.8513302034428795,639,639,320,319
Qwen/Qwen3-Embedding-0.6B,hidden,mean,25,whitening,10,0.001,0.0,0.5623117924401203,0.007119590758614303,0.15323114395141602,2.661044527485501e-05,0.15320453350614116,0.09546165884194054,0.10641627543035993,1.0,0.0,0.5007824726134585,0.516326609230091,0.003129890453834116,639,639,320,319
Qwen/Qwen3-Embedding-0.6B,hidden,mean,26,baseline,10,0.001,0.9899497487437187,0.9465482344720038,0.05102148512030486,0.9886520504951477,0.9669874906539917,0.021664559841156006,0.8309859154929577,0.9389671361502347,0.734375,0.9780564263322884,0.8560250391236307,0.9515360155770967,0.7683881064162754,639,639,320,319
Qwen/Qwen3-Embedding-0.6B,hidden,mean,26,abtt_fixed,10,0.001,0.40703517587939697,0.9753504480568261,0.05431235405229602,0.5535237193107605,0.00031002325704321265,0.5532136960537173,0.8075117370892019,0.9436619718309859,0.89375,0.7836990595611285,0.838810641627543,0.9888048483119152,0.8685446009389671,639,639,320,319
Qwen/Qwen3-Embedding-0.6B,hidden,mean,26,abtt_optimal,5,0.001,0.5175879396984925,0.9758493705055666,0.054369359684228354,0.5824289917945862,0.000290689873509109,0.5821383019210771,0.8497652582159625,0.9530516431924883,0.84375,0.9153605015673981,0.8794992175273866,0.9907121731803916,0.810641627543036,639,639,320,319
Qwen/Qwen3-Embedding-0.6B,hidden,mean,26,whitening,10,0.001,0.0,0.5680180534135715,0.007771573215738873,0.13494820892810822,-0.00024984401534311473,0.13519805294345133,0.107981220657277,0.1189358372456964,1.0,0.0,0.5007824726134585,0.5003937989295558,0.03129890453834116,639,639,320,319
Qwen/Qwen3-Embedding-0.6B,hidden,mean,27,baseline,10,0.001,0.9949748743718593,0.9476443573359873,0.05114672537929605,0.9911946654319763,0.9748814105987549,0.016313254833221436,0.6948356807511737,0.9374021909233177,0.40625,1.0,0.702660406885759,0.9502152472746884,0.6118935837245696,639,639,320,319
Qwen/Qwen3-Embedding-0.6B,hidden,mean,27,abtt_fixed,10,0.001,0.44221105527638194,0.9750250080646556,0.05427517009223087,0.5495302677154541,0.00029638540581800044,0.5492338823096361,0.8309859154929577,0.9436619718309859,0.878125,0.8557993730407524,0.86697965571205,0.9890034718594805,0.8466353677621283,639,639,320,319
Qwen/Qwen3-Embedding-0.6B,hidden,mean,27,abtt_optimal,5,0.001,0.5025125628140703,0.9738396109780902,0.054139729584030585,0.5753209590911865,0.0003642012597993016,0.5749567578313872,0.8294209702660407,0.9499217527386542,0.840625,0.8808777429467085,0.8607198748043818,0.9901888809543343,0.812206572769953,639,639,320,319
Qwen/Qwen3-Embedding-0.6B,hidden,mean,27,whitening,10,0.001,0.005025125628140704,0.5438504451145708,0.005010243245504364,0.06303812563419342,0.004314922261983156,0.058723203372210264,0.0892018779342723,0.1111111111111111,1.0,0.0,0.5007824726134585,0.5013470871888986,0.2222222222222222,639,639,320,319
Qwen/Qwen3-Embedding-0.6B,hidden,mean,28,baseline,10,0.001,0.949748743718593,0.9519011925160172,0.05163310072599464,0.9427138566970825,0.8430415987968445,0.09967225790023804,0.8059467918622848,0.9389671361502347,0.690625,0.9843260188087775,0.837245696400626,0.9615914938556221,0.7527386541471048,639,639,320,319
Qwen/Qwen3-Embedding-0.6B,hidden,mean,28,abtt_fixed,10,0.001,0.45226130653266333,0.9706264689984284,0.05377260401271212,0.5489004850387573,0.0002361217193538323,0.5486643633194035,0.7981220657276995,0.9280125195618153,0.85,0.8181818181818182,0.8341158059467919,0.9872558793755926,0.8341158059467919,639,639,320,319
Qwen/Qwen3-Embedding-0.6B,hidden,mean,28,abtt_optimal,3,0.001,0.542713567839196,0.9746593056303839,0.054233385846167805,0.5847276449203491,0.0007777093560434878,0.5839499355643056,0.8169014084507042,0.9389671361502347,0.790625,0.8996865203761756,0.8450704225352113,0.9882603720302401,0.7918622848200313,639,639,320,319
Qwen/Qwen3-Embedding-0.6B,hidden,mean,28,whitening,10,0.001,0.0,0.569746053274113,0.007969010560523418,0.15160666406154633,0.0007222588756121695,0.15088440518593416,0.0782472613458529,0.09076682316118936,1.0,0.0,0.5007824726134585,0.49324751319334925,0.00782472613458529,639,639,320,319
Qwen/Qwen3-Embedding-0.6B,hidden,sif,1,sif_only,10,0.001,0.9798994974874372,0.8882089071229082,0.044355779396390405,0.9554157853126526,0.8979099988937378,0.057505786418914795,0.6087636932707355,0.8575899843505478,0.309375,0.9561128526645768,0.6322378716744914,0.8806577633151056,0.5508607198748043,639,639,320,319
Qwen/Qwen3-Embedding-0.6B,hidden,sif,1,sif_abtt_fixed,10,0.001,0.36683417085427134,0.9596143592504444,0.05251438787777325,0.5236983895301819,0.0015220596687868237,0.5221763298613951,0.7683881064162754,0.9045383411580594,0.89375,0.7084639498432602,0.8012519561815337,0.9896314754908881,0.8497652582159625,639,639,320,319
Qwen/Qwen3-Embedding-0.6B,hidden,sif,1,sif_abtt_optimal,2,0.001,0.4170854271356784,0.9650463821120783,0.053135037232554215,0.5404353737831116,0.0023169219493865967,0.538118451833725,0.7856025039123631,0.9295774647887324,0.85625,0.7711598746081505,0.8137715179968701,0.9928941999874784,0.8278560250391236,639,639,320,319
Qwen/Qwen3-Embedding-0.6B,hidden,sif,2,sif_only,10,0.001,0.9849246231155779,0.8821430826314949,0.0436627134516632,0.9709942936897278,0.9333804845809937,0.03761380910873413,0.6353677621283255,0.8466353677621283,0.43125,0.9122257053291536,0.6713615023474179,0.8821080364270889,0.5712050078247262,639,639,320,319
Qwen/Qwen3-Embedding-0.6B,hidden,sif,2,sif_abtt_fixed,10,0.001,0.4271356783919598,0.9601072202106486,0.0525707009391763,0.5241164565086365,0.0013357007410377264,0.5227807557675987,0.7715179968701096,0.918622848200313,0.81875,0.774294670846395,0.7965571205007824,0.9895784117341799,0.8356807511737089,639,639,320,319
Qwen/Qwen3-Embedding-0.6B,hidden,sif,2,sif_abtt_optimal,7,0.001,0.44221105527638194,0.959762865719579,0.052531355855743436,0.528769314289093,0.001430000178515911,0.5273393141105771,0.784037558685446,0.9264475743348983,0.81875,0.799373040752351,0.809076682316119,0.9905987578913198,0.838810641627543,639,639,320,319
Qwen/Qwen3-Embedding-0.6B,hidden,sif,3,sif_only,10,0.001,0.9899497487437187,0.7781206611411553,0.03177737157705979,0.968421459197998,0.9366365671157837,0.031784892082214355,0.5211267605633803,0.6776212832550861,0.5125,0.658307210031348,0.5852895148669797,0.8272306482443057,0.5712050078247262,639,639,320,319
Qwen/Qwen3-Embedding-0.6B,hidden,sif,3,sif_abtt_fixed,10,0.001,0.3869346733668342,0.9667773795335566,0.05333281667128856,0.5344529151916504,0.0010958081111311913,0.5333571070805192,0.7683881064162754,0.9061032863849765,0.871875,0.7178683385579937,0.7949921752738655,0.9908887607048846,0.863849765258216,639,639,320,319
Qwen/Qwen3-Embedding-0.6B,hidden,sif,3,sif_abtt_optimal,3,0.001,0.4623115577889447,0.9688111195485263,0.053565186722048116,0.5414585471153259,0.0018925874028354883,0.5395659597124904,0.7887323943661971,0.9374021909233177,0.803125,0.8244514106583072,0.8137715179968701,0.9929462966459952,0.8278560250391236,639,639,320,319
Qwen/Qwen3-Embedding-0.6B,hidden,sif,4,sif_only,10,0.001,0.9849246231155779,0.7764393391667861,0.0315852679307131,0.9582919478416443,0.9177838563919067,0.04050809144973755,0.5383411580594679,0.6619718309859155,0.63125,0.5924764890282131,0.6118935837245696,0.8254588955752472,0.594679186228482,639,639,320,319
Qwen/Qwen3-Embedding-0.6B,hidden,sif,4,sif_abtt_fixed,10,0.001,0.38190954773869346,0.9678728719142432,0.053457984892513265,0.5299275517463684,0.0012355092912912369,0.5286920424550772,0.7871674491392802,0.9217527386541471,0.884375,0.7523510971786834,0.8184663536776213,0.9900274561479112,0.865414710485133,639,639,320,319
Qwen/Qwen3-Embedding-0.6B,hidden,sif,4,sif_abtt_optimal,5,0.001,0.4020100502512563,0.9714021183088413,0.05386122776417694,0.5377137660980225,0.0012354620266705751,0.5364783040713519,0.7730829420970265,0.9154929577464789,0.871875,0.7335423197492164,0.8028169014084507,0.9916577879761096,0.8466353677621283,639,639,320,319
Qwen/Qwen3-Embedding-0.6B,hidden,sif,5,sif_only,10,0.001,0.9849246231155779,0.7745282226224575,0.031366908531209665,0.9550025463104248,0.9122353792190552,0.04276716709136963,0.5226917057902973,0.6525821596244131,0.659375,0.5642633228840125,0.6118935837245696,0.822449901953513,0.5899843505477308,639,639,320,319
Qwen/Qwen3-Embedding-0.6B,hidden,sif,5,sif_abtt_fixed,10,0.001,0.3969849246231156,0.9648389641685946,0.053111338176774485,0.5199774503707886,0.0011195099214091897,0.5188579404493794,0.7856025039123631,0.9327073552425665,0.86875,0.7586206896551724,0.8137715179968701,0.9923471562903668,0.86697965571205,639,639,320,319
Qwen/Qwen3-Embedding-0.6B,hidden,sif,5,sif_abtt_optimal,5,0.001,0.4221105527638191,0.9669661263225714,0.05335438240762711,0.5340979695320129,0.0014423520769923925,0.5326556174550205,0.7621283255086072,0.9139280125195618,0.8625,0.7241379310344828,0.7934272300469484,0.9927099102166763,0.8513302034428795,639,639,320,319
Qwen/Qwen3-Embedding-0.6B,hidden,sif,6,sif_only,10,0.001,0.9849246231155779,0.7764607424155403,0.03158771341240672,0.9497267007827759,0.9021779894828796,0.04754871129989624,0.5273865414710485,0.6948356807511737,0.5125,0.6802507836990596,0.596244131455399,0.8249014728421904,0.5508607198748043,639,639,320,319
Qwen/Qwen3-Embedding-0.6B,hidden,sif,6,sif_abtt_fixed,10,0.001,0.4120603015075377,0.9692539621671973,0.05361578481276813,0.5315843820571899,0.0010454828152433038,0.5305388992419466,0.810641627543036,0.9374021909233177,0.86875,0.8056426332288401,0.837245696400626,0.9911361996849609,0.86697965571205,639,639,320,319
Qwen/Qwen3-Embedding-0.6B,hidden,sif,6,sif_abtt_optimal,5,0.001,0.4321608040201005,0.9706935878167442,0.05378027284112805,0.5427380800247192,0.0010396781144663692,0.5416984019102529,0.7887323943661971,0.918622848200313,0.871875,0.7586206896551724,0.8153364632237872,0.9923020941198839,0.8466353677621283,639,639,320,319
Qwen/Qwen3-Embedding-0.6B,hidden,sif,7,sif_only,10,0.001,0.9849246231155779,0.7787516090044342,0.03184946210282406,0.9535225033760071,0.9087138772010803,0.04480862617492676,0.539906103286385,0.6964006259780907,0.58125,0.6489028213166145,0.6150234741784038,0.8259771738577056,0.568075117370892,639,639,320,319
Qwen/Qwen3-Embedding-0.6B,hidden,sif,7,sif_abtt_fixed,10,0.001,0.4170854271356784,0.9651923224035848,0.05315171200548222,0.5253260135650635,0.0007176388753578067,0.5246083746897057,0.7965571205007824,0.9264475743348983,0.865625,0.7836990595611285,0.8247261345852895,0.9906475618107569,0.8575899843505478,639,639,320,319
Qwen/Qwen3-Embedding-0.6B,hidden,sif,7,sif_abtt_optimal,5,0.001,0.4371859296482412,0.9712740085274083,0.053846590260762106,0.5450354218482971,0.0009230545838363469,0.5441123672644608,0.7793427230046949,0.9092331768388107,0.86875,0.7429467084639498,0.8059467918622848,0.992506243942828,0.8513302034428795,639,639,320,319
Qwen/Qwen3-Embedding-0.6B,hidden,sif,8,sif_only,10,0.001,0.9849246231155779,0.7805190970293441,0.03205141086668527,0.947452187538147,0.8969988226890564,0.050453364849090576,0.5289514866979655,0.7104851330203443,0.471875,0.7084639498432602,0.5899843505477308,0.8264950376695107,0.5446009389671361,639,639,320,319
Qwen/Qwen3-Embedding-0.6B,hidden,sif,8,sif_abtt_fixed,10,0.001,0.4170854271356784,0.9622937362833934,0.05282052680043156,0.5227576494216919,0.000693184498231858,0.52206446492346,0.8169014084507042,0.9342723004694836,0.8625,0.8244514106583072,0.8435054773082942,0.9895943112889671,0.863849765258216,639,639,320,319
Qwen/Qwen3-Embedding-0.6B,hidden,sif,8,sif_abtt_optimal,5,0.001,0.4371859296482412,0.9701619687254623,0.0537195313725448,0.5419220328330994,0.0006412960356101394,0.5412807367974892,0.8028169014084507,0.9217527386541471,0.871875,0.7899686520376176,0.8309859154929577,0.9922582868744351,0.8482003129890454,639,639,320,319
Qwen/Qwen3-Embedding-0.6B,hidden,sif,9,sif_only,10,0.001,0.9849246231155779,0.7795505087690493,0.0319407423930661,0.9498052597045898,0.9017106294631958,0.04809463024139404,0.5305164319248826,0.7089201877934272,0.509375,0.6896551724137931,0.5993740219092332,0.8241707150279621,0.5492957746478874,639,639,320,319
Qwen/Qwen3-Embedding-0.6B,hidden,sif,9,sif_abtt_fixed,10,0.001,0.3768844221105528,0.952059687167904,0.05165120992859227,0.5157569646835327,0.0005984502495266497,0.5151585144340061,0.7856025039123631,0.9154929577464789,0.878125,0.7492163009404389,0.8137715179968701,0.989130610732409,0.86697965571205,639,639,320,319
Qwen/Qwen3-Embedding-0.6B,hidden,sif,9,sif_abtt_optimal,5,0.001,0.4271356783919598,0.9675770978203463,0.05342419048383386,0.538070559501648,0.0006091900868341327,0.5374613694148138,0.7902973395931142,0.9154929577464789,0.878125,0.7648902821316614,0.8215962441314554,0.991329941689275,0.8497652582159625,639,639,320,319
Qwen/Qwen3-Embedding-0.6B,hidden,sif,10,sif_only,10,0.001,0.9849246231155779,0.7832665330749989,0.03236532604204788,0.9558643698692322,0.9124300479888916,0.043434321880340576,0.5352112676056338,0.7104851330203443,0.53125,0.6802507836990596,0.6056338028169014,0.8295910125630891,0.5571205007824727,639,639,320,319
Qwen/Qwen3-Embedding-0.6B,hidden,sif,10,sif_abtt_fixed,10,0.001,0.37185929648241206,0.9523122123198737,0.05168006282126812,0.5134782791137695,0.0007569850422441959,0.5127212940715253,0.7574334898278561,0.8982785602503912,0.8875,0.6959247648902821,0.7918622848200313,0.9883641163373993,0.8732394366197183,639,639,320,319
Qwen/Qwen3-Embedding-0.6B,hidden,sif,10,sif_abtt_optimal,5,0.001,0.4472361809045226,0.9682760715129992,0.05350405347086605,0.5389116406440735,0.0006537269800901413,0.5382579136639833,0.7809076682316118,0.92018779342723,0.8375,0.7836990595611285,0.810641627543036,0.99096999695295,0.837245696400626,639,639,320,319
Qwen/Qwen3-Embedding-0.6B,hidden,sif,11,sif_only,10,0.001,0.9899497487437187,0.7909333095121258,0.03324131275460575,0.9624226689338684,0.9239093661308289,0.03851330280303955,0.48200312989045385,0.7480438184663537,0.321875,0.7554858934169278,0.5383411580594679,0.8368316709644588,0.47730829420970267,639,639,320,319
Qwen/Qwen3-Embedding-0.6B,hidden,sif,11,sif_abtt_fixed,10,0.001,0.3969849246231156,0.9553382003104278,0.05202580464558479,0.509977400302887,0.0006794020882807672,0.5092979982146062,0.7934272300469484,0.9233176838810642,0.85625,0.786833855799373,0.8215962441314554,0.9868469752933352,0.8622848200312989,639,639,320,319
Qwen/Qwen3-Embedding-0.6B,hidden,sif,11,sif_abtt_optimal,5,0.001,0.457286432160804,0.9667675683285719,0.053331695667530724,0.5360113382339478,0.000604679633397609,0.5354066586005501,0.7918622848200313,0.9154929577464789,0.821875,0.8181818181818182,0.8200312989045383,0.9870616653352564,0.837245696400626,639,639,320,319
Qwen/Qwen3-Embedding-0.6B,hidden,sif,12,sif_only,10,0.001,0.9899497487437187,0.8089777967674923,0.03530303076609218,0.969459593296051,0.9357156753540039,0.03374391794204712,0.5195618153364632,0.755868544600939,0.390625,0.7617554858934169,0.5758998435054773,0.8470805458550874,0.513302034428795,639,639,320,319
Qwen/Qwen3-Embedding-0.6B,hidden,sif,12,sif_abtt_fixed,10,0.001,0.4120603015075377,0.9597365181544458,0.0525283454488072,0.5238023996353149,0.0007187448209151626,0.5230836548143998,0.8184663536776213,0.9374021909233177,0.8625,0.8275862068965517,0.8450704225352113,0.9879374072866567,0.8701095461658842,639,639,320,319
Qwen/Qwen3-Embedding-0.6B,hidden,sif,12,sif_abtt_optimal,5,0.001,0.45226130653266333,0.9685739029734433,0.053538082949103845,0.5457680225372314,0.0006297690561041236,0.5451382534811273,0.7996870109546166,0.9280125195618153,0.8375,0.8275862068965517,0.8325508607198748,0.9885539438966537,0.8482003129890454,639,639,320,319
Qwen/Qwen3-Embedding-0.6B,hidden,sif,13,sif_only,10,0.001,0.9899497487437187,0.8137241856356969,0.03584534129453963,0.970041036605835,0.9359920024871826,0.034049034118652344,0.5273865414710485,0.7574334898278561,0.39375,0.7711598746081505,0.5821596244131455,0.8500170992170673,0.5117370892018779,639,639,320,319
Qwen/Qwen3-Embedding-0.6B,hidden,sif,13,sif_abtt_fixed,10,0.001,0.3919597989949749,0.9591498589774782,0.052461315237606755,0.5181368589401245,0.0006961704348213971,0.5174406885053031,0.8043818466353677,0.9264475743348983,0.871875,0.7899686520376176,0.8309859154929577,0.987844773095623,0.8779342723004695,639,639,320,319
Qwen/Qwen3-Embedding-0.6B,hidden,sif,13,sif_abtt_optimal,5,0.001,0.4371859296482412,0.9695896447476606,0.05365413906537004,0.5421382188796997,0.0006385318120010197,0.5414996870676987,0.7871674491392802,0.918622848200313,0.85625,0.7836990595611285,0.8200312989045383,0.988979374996215,0.8513302034428795,639,639,320,319
Qwen/Qwen3-Embedding-0.6B,hidden,sif,14,sif_only,10,0.001,0.9899497487437187,0.8169181918942502,0.036210280466219665,0.9724143147468567,0.941073477268219,0.031340837478637695,0.5289514866979655,0.7527386541471048,0.425,0.7492163009404389,0.5868544600938967,0.8512189144419514,0.5226917057902973,639,639,320,319
Qwen/Qwen3-Embedding-0.6B,hidden,sif,14,sif_abtt_fixed,10,0.001,0.3969849246231156,0.9593974066297376,0.052489599413606224,0.5126611590385437,0.0006626363610848784,0.5119985226774588,0.7981220657276995,0.9264475743348983,0.8625,0.7899686520376176,0.8262910798122066,0.9876422926683665,0.8591549295774648,639,639,320,319
Qwen/Qwen3-Embedding-0.6B,hidden,sif,14,sif_abtt_optimal,5,0.001,0.4371859296482412,0.9700935004516693,0.053711708358717955,0.5385507941246033,0.0006275108316913247,0.537923283292912,0.7949921752738655,0.9295774647887324,0.853125,0.8056426332288401,0.8294209702660407,0.989438976898534,0.8466353677621283,639,639,320,319
Qwen/Qwen3-Embedding-0.6B,hidden,sif,15,sif_only,10,0.001,0.9899497487437187,0.8208378180605723,0.03665812715486374,0.9744670391082764,0.9452494382858276,0.02921760082244873,0.5305164319248826,0.7464788732394366,0.44375,0.7335423197492164,0.5884194053208138,0.851705261214488,0.5461658841940532,639,639,320,319
Qwen/Qwen3-Embedding-0.6B,hidden,sif,15,sif_abtt_fixed,10,0.001,0.3969849246231156,0.9601642181128869,0.052577213377018844,0.5077083110809326,0.0007791875978000462,0.5069291234831326,0.784037558685446,0.9280125195618153,0.846875,0.774294670846395,0.810641627543036,0.9865966235056116,0.8482003129890454,639,639,320,319
Qwen/Qwen3-Embedding-0.6B,hidden,sif,15,sif_abtt_optimal,5,0.001,0.45226130653266333,0.9699932867908352,0.05370025819631621,0.533145546913147,0.0008525349549017847,0.5322930119582452,0.7996870109546166,0.9139280125195618,0.81875,0.8369905956112853,0.8278560250391236,0.9887718403296017,0.8325508607198748,639,639,320,319
Qwen/Qwen3-Embedding-0.6B,hidden,sif,16,sif_only,10,0.001,0.9899497487437187,0.8307466926505425,0.03779029039817879,0.9717474579811096,0.9394180774688721,0.03232938051223755,0.5039123630672926,0.7605633802816901,0.31875,0.7836990595611285,0.5508607198748043,0.8613900185197001,0.47417840375586856,639,639,320,319
Qwen/Qwen3-Embedding-0.6B,hidden,sif,16,sif_abtt_fixed,10,0.001,0.3768844221105528,0.9630947044756659,0.05291204342405331,0.5005292892456055,0.0008367769187316298,0.49969251232687384,0.758998435054773,0.9139280125195618,0.878125,0.7084639498432602,0.7934272300469484,0.9852354961233294,0.8560250391236307,639,639,320,319
Qwen/Qwen3-Embedding-0.6B,hidden,sif,16,sif_abtt_optimal,5,0.001,0.45226130653266333,0.9690878242879775,0.05359680231395137,0.522505521774292,0.0009757972438819706,0.52152972453041,0.7777777777777778,0.917057902973396,0.81875,0.8150470219435737,0.8169014084507042,0.9863782838193258,0.8215962441314554,639,639,320,319
Qwen/Qwen3-Embedding-0.6B,hidden,sif,17,sif_only,10,0.001,0.9849246231155779,0.8518457940503525,0.040201020986704604,0.9653211236000061,0.9247597455978394,0.04056137800216675,0.5414710485133021,0.7683881064162754,0.3875,0.786833855799373,0.5868544600938967,0.8748634175283646,0.513302034428795,639,639,320,319
Qwen/Qwen3-Embedding-0.6B,hidden,sif,17,sif_abtt_fixed,10,0.001,0.37185929648241206,0.965977240924569,0.05324139483377896,0.5050181746482849,0.0009153286227956414,0.5041028460254893,0.755868544600939,0.9123630672926447,0.865625,0.7115987460815048,0.7887323943661971,0.987327813060104,0.8685446009389671,639,639,320,319
Qwen/Qwen3-Embedding-0.6B,hidden,sif,17,sif_abtt_optimal,7,0.001,0.4020100502512563,0.9706829470284748,0.05377905705125732,0.518319845199585,0.000884069362655282,0.5174357758369297,0.7762128325508607,0.917057902973396,0.859375,0.7586206896551724,0.809076682316119,0.9888729366298088,0.865414710485133,639,639,320,319
Qwen/Qwen3-Embedding-0.6B,hidden,sif,18,sif_only,10,0.001,0.9849246231155779,0.877611423100793,0.04314493736065212,0.9714184999465942,0.9350491762161255,0.03636932373046875,0.5821596244131455,0.7918622848200313,0.45625,0.7899686520376176,0.622848200312989,0.8961596219972379,0.5884194053208138,639,639,320,319
Qwen/Qwen3-Embedding-0.6B,hidden,sif,18,sif_abtt_fixed,10,0.001,0.4020100502512563,0.9689541175846481,0.053581525320230396,0.5131810903549194,0.0007827690569683909,0.512398321297951,0.7965571205007824,0.9217527386541471,0.834375,0.8150470219435737,0.8247261345852895,0.9866761270360842,0.8607198748043818,639,639,320,319
Qwen/Qwen3-Embedding-0.6B,hidden,sif,18,sif_abtt_optimal,7,0.001,0.40703517587939697,0.972970251939798,0.05404039879328612,0.5273909568786621,0.0005945024895481765,0.5267964543891139,0.7762128325508607,0.92018779342723,0.846875,0.7617554858934169,0.8043818466353677,0.988226143662114,0.865414710485133,639,639,320,319
Qwen/Qwen3-Embedding-0.6B,hidden,sif,19,sif_only,10,0.001,0.9798994974874372,0.8861979529955014,0.044126012804296344,0.969521164894104,0.9295946359634399,0.03992652893066406,0.6165884194053208,0.784037558685446,0.634375,0.7115987460815048,0.672926447574335,0.9042159183487286,0.6384976525821596,639,639,320,319
Qwen/Qwen3-Embedding-0.6B,hidden,sif,19,sif_abtt_fixed,10,0.001,0.40703517587939697,0.9711524690455929,0.05383270346335866,0.5176695585250854,0.0007612768677063286,0.5169082816573791,0.8028169014084507,0.9248826291079812,0.8375,0.8307210031347962,0.8341158059467919,0.9855142967161791,0.8685446009389671,639,639,320,319
Qwen/Qwen3-Embedding-0.6B,hidden,sif,19,sif_abtt_optimal,5,0.001,0.46733668341708545,0.9708311659087373,0.05379599217004195,0.537642240524292,0.000614045187830925,0.5370281953364611,0.8137715179968701,0.9264475743348983,0.809375,0.8714733542319749,0.8403755868544601,0.9874410326269225,0.8403755868544601,639,639,320,319
Qwen/Qwen3-Embedding-0.6B,hidden,sif,20,sif_only,10,0.001,0.9798994974874372,0.9004098429017027,0.045749827822206726,0.9665577411651611,0.9194537401199341,0.04710400104522705,0.6353677621283255,0.8560250391236307,0.46875,0.8463949843260188,0.6572769953051644,0.9159265909381196,0.6275430359937402,639,639,320,319
Qwen/Qwen3-Embedding-0.6B,hidden,sif,20,sif_abtt_fixed,10,0.001,0.4472361809045226,0.9695108675189119,0.053645138176118344,0.5342369675636292,0.0005226549692451954,0.533714312594384,0.8137715179968701,0.9311424100156495,0.834375,0.8495297805642633,0.8419405320813772,0.9853021798462309,0.8419405320813772,639,639,320,319
Qwen/Qwen3-Embedding-0.6B,hidden,sif,20,sif_abtt_optimal,2,0.001,0.5326633165829145,0.9726281981597055,0.0540013165833391,0.5560411810874939,0.0014087376184761524,0.5546324434690177,0.7934272300469484,0.917057902973396,0.775,0.8620689655172413,0.8184663536776213,0.9879706225042966,0.7730829420970265,639,639,320,319
Qwen/Qwen3-Embedding-0.6B,hidden,sif,21,sif_only,10,0.001,0.9748743718592965,0.9186071062148442,0.04782900164414675,0.9658799767494202,0.9138681888580322,0.05201178789138794,0.7183098591549296,0.8685446009389671,0.6375,0.8495297805642633,0.7433489827856025,0.9367268640005965,0.6948356807511737,639,639,320,319
Qwen/Qwen3-Embedding-0.6B,hidden,sif,21,sif_abtt_fixed,10,0.001,0.44221105527638194,0.9714278464517883,0.05386416739748234,0.5430500507354736,0.000376805110136047,0.5426732456253376,0.8200312989045383,0.9311424100156495,0.846875,0.8526645768025078,0.8497652582159625,0.9887479046493685,0.8560250391236307,639,639,320,319
Qwen/Qwen3-Embedding-0.6B,hidden,sif,21,sif_abtt_optimal,3,0.001,0.5125628140703518,0.9786363721433632,0.054687795525227324,0.5731377601623535,0.001429460709914565,0.571708299452439,0.8325508607198748,0.9405320813771518,0.81875,0.8934169278996865,0.8560250391236307,0.9892407678216221,0.8309859154929577,639,639,320,319
Qwen/Qwen3-Embedding-0.6B,hidden,sif,22,sif_only,10,0.001,0.9748743718592965,0.9319218405121489,0.049350309904700365,0.9697474837303162,0.9207131266593933,0.04903435707092285,0.7449139280125195,0.8732394366197183,0.71875,0.8275862068965517,0.7730829420970265,0.9459620818299082,0.7370892018779343,639,639,320,319
Qwen/Qwen3-Embedding-0.6B,hidden,sif,22,sif_abtt_fixed,10,0.001,0.4271356783919598,0.9736227026018255,0.054114946175123566,0.5509306788444519,0.0005175313563086092,0.5504131474881433,0.8184663536776213,0.9374021909233177,0.86875,0.8213166144200627,0.8450704225352113,0.9905943138448694,0.8450704225352113,639,639,320,319
Qwen/Qwen3-Embedding-0.6B,hidden,sif,22,sif_abtt_optimal,10,0.001,0.4271356783919598,0.9736227026018255,0.054114946175123566,0.5509306788444519,0.0005175313563086092,0.5504131474881433,0.8184663536776213,0.9374021909233177,0.86875,0.8213166144200627,0.8450704225352113,0.9905943138448694,0.8450704225352113,639,639,320,319
Qwen/Qwen3-Embedding-0.6B,hidden,sif,23,sif_only,10,0.001,0.9798994974874372,0.9322375467271081,0.04938638170773648,0.9728107452392578,0.9284560084342957,0.04435473680496216,0.7355242566510172,0.9045383411580594,0.60625,0.9059561128526645,0.755868544600939,0.9438295324570702,0.701095461658842,639,639,320,319
Qwen/Qwen3-Embedding-0.6B,hidden,sif,23,sif_abtt_fixed,10,0.001,0.4371859296482412,0.9724877220567701,0.053985266134939376,0.5502100586891174,0.0006663373787887394,0.5495437213103287,0.8262910798122066,0.945226917057903,0.871875,0.8401253918495298,0.8560250391236307,0.9923327994874565,0.8560250391236307,639,639,320,319
Qwen/Qwen3-Embedding-0.6B,hidden,sif,23,sif_abtt_optimal,10,0.001,0.4371859296482412,0.9724877220567701,0.053985266134939376,0.5502100586891174,0.0006663373787887394,0.5495437213103287,0.8262910798122066,0.945226917057903,0.871875,0.8401253918495298,0.8560250391236307,0.9923327994874565,0.8560250391236307,639,639,320,319
Qwen/Qwen3-Embedding-0.6B,hidden,sif,24,sif_only,10,0.001,0.9849246231155779,0.9331380538524764,0.049489271401113366,0.9768092632293701,0.9381086826324463,0.03870058059692383,0.729264475743349,0.9248826291079812,0.54375,0.9498432601880877,0.7464788732394366,0.9420696727931492,0.6588419405320813,639,639,320,319
Qwen/Qwen3-Embedding-0.6B,hidden,sif,24,sif_abtt_fixed,10,0.001,0.4221105527638191,0.974364504914208,0.05419970265319471,0.5493332743644714,0.0005326695973053575,0.5488006047671661,0.8262910798122066,0.9436619718309859,0.878125,0.8307210031347962,0.8544600938967136,0.9925651793671257,0.8607198748043818,639,639,320,319
Qwen/Qwen3-Embedding-0.6B,hidden,sif,24,sif_abtt_optimal,10,0.001,0.4221105527638191,0.974364504914208,0.05419970265319471,0.5493332743644714,0.0005326695973053575,0.5488006047671661,0.8262910798122066,0.9436619718309859,0.878125,0.8307210031347962,0.8544600938967136,0.9925651793671257,0.8607198748043818,639,639,320,319
Qwen/Qwen3-Embedding-0.6B,hidden,sif,25,sif_only,10,0.001,0.9849246231155779,0.9312106885368714,0.04926905545767065,0.9802546501159668,0.946908712387085,0.033345937728881836,0.7417840375586855,0.9217527386541471,0.625,0.9028213166144201,0.7636932707355243,0.9366952203175172,0.730829420970266,639,639,320,319
Qwen/Qwen3-Embedding-0.6B,hidden,sif,25,sif_abtt_fixed,10,0.001,0.4170854271356784,0.9708881085054233,0.05380249828881043,0.5504452586174011,0.0004588202864397317,0.5499864383309614,0.8184663536776213,0.9405320813771518,0.875,0.8181818181818182,0.8466353677621283,0.9923558832002356,0.865414710485133,639,639,320,319
Qwen/Qwen3-Embedding-0.6B,hidden,sif,25,sif_abtt_optimal,10,0.001,0.4170854271356784,0.9708881085054233,0.05380249828881043,0.5504452586174011,0.0004588202864397317,0.5499864383309614,0.8184663536776213,0.9405320813771518,0.875,0.8181818181818182,0.8466353677621283,0.9923558832002356,0.865414710485133,639,639,320,319
Qwen/Qwen3-Embedding-0.6B,hidden,sif,26,sif_only,10,0.001,0.9849246231155779,0.9350271809091958,0.04970511833688156,0.9831761717796326,0.9542261958122253,0.028949975967407227,0.7636932707355243,0.8998435054773083,0.734375,0.8495297805642633,0.7918622848200313,0.9397987765701304,0.7527386541471048,639,639,320,319
Qwen/Qwen3-Embedding-0.6B,hidden,sif,26,sif_abtt_fixed,10,0.001,0.3869346733668342,0.9685845437617129,0.05353929873897516,0.5504067540168762,0.0005295418086461723,0.54987721220823,0.7918622848200313,0.9264475743348983,0.9,0.7523510971786834,0.8262910798122066,0.9921379522280664,0.8810641627543035,639,639,320,319
Qwen/Qwen3-Embedding-0.6B,hidden,sif,26,sif_abtt_optimal,10,0.001,0.3869346733668342,0.9685845437617129,0.05353929873897516,0.5504067540168762,0.0005295418086461723,0.54987721220823,0.7918622848200313,0.9264475743348983,0.9,0.7523510971786834,0.8262910798122066,0.9921379522280664,0.8810641627543035,639,639,320,319
Qwen/Qwen3-Embedding-0.6B,hidden,sif,27,sif_only,10,0.001,0.9899497487437187,0.93081351724332,0.04922367565879089,0.9883303046226501,0.968612015247345,0.019718289375305176,0.7605633802816901,0.9217527386541471,0.690625,0.8808777429467085,0.7856025039123631,0.9358169685160493,0.755868544600939,639,639,320,319
Qwen/Qwen3-Embedding-0.6B,hidden,sif,27,sif_abtt_fixed,10,0.001,0.40703517587939697,0.9627927914654596,0.05287754759814127,0.5467185974121094,0.0003433901001699269,0.5463752073119394,0.812206572769953,0.9358372456964006,0.89375,0.799373040752351,0.8466353677621283,0.9892030855313845,0.8591549295774648,639,639,320,319
Qwen/Qwen3-Embedding-0.6B,hidden,sif,27,sif_abtt_optimal,7,0.001,0.4472361809045226,0.9716592670049862,0.05389060893145316,0.5569358468055725,0.000587605289183557,0.556348241516389,0.837245696400626,0.9420970266040689,0.85625,0.8652037617554859,0.8607198748043818,0.99185316483689,0.838810641627543,639,639,320,319
Qwen/Qwen3-Embedding-0.6B,hidden,sif,28,sif_only,10,0.001,0.949748743718593,0.9307505684636502,0.049216483287934265,0.9387800693511963,0.845674455165863,0.09310561418533325,0.7824726134585289,0.9280125195618153,0.646875,0.9623824451410659,0.8043818466353677,0.9460311602721405,0.7402190923317684,639,639,320,319
Qwen/Qwen3-Embedding-0.6B,hidden,sif,28,sif_abtt_fixed,10,0.001,0.4321608040201005,0.9638871334906576,0.053002584382622564,0.5472873449325562,0.00046963460044935346,0.5468177103321068,0.8231611893583725,0.9358372456964006,0.871875,0.8275862068965517,0.8497652582159625,0.988454401861397,0.8403755868544601,639,639,320,319
Qwen/Qwen3-Embedding-0.6B,hidden,sif,28,sif_abtt_optimal,10,0.001,0.4321608040201005,0.9638871334906576,0.053002584382622564,0.5472873449325562,0.00046963460044935346,0.5468177103321068,0.8231611893583725,0.9358372456964006,0.871875,0.8275862068965517,0.8497652582159625,0.988454401861397,0.8403755868544601,639,639,320,319
Qwen/Qwen3-Embedding-0.6B,ffn_int,mean,1,baseline,10,0.001,0.9849246231155779,0.8822096483942874,0.04367031908931362,0.9688092470169067,0.9268705248832703,0.041938722133636475,0.5899843505477308,0.8278560250391236,0.340625,0.9247648902821317,0.6322378716744914,0.8721049483904597,0.5086071987480438,639,639,320,319
Qwen/Qwen3-Embedding-0.6B,ffn_int,mean,1,abtt_fixed,10,0.001,0.38190954773869346,0.9651174608079415,0.05314315850668154,0.5089274048805237,0.0006034644902683794,0.5083239403902553,0.784037558685446,0.9248826291079812,0.85625,0.768025078369906,0.812206572769953,0.9886779051612395,0.8450704225352113,639,639,320,319
Qwen/Qwen3-Embedding-0.6B,ffn_int,mean,1,abtt_optimal,10,0.001,0.38190954773869346,0.9651174608079415,0.05314315850668154,0.5089274048805237,0.0006034644902683794,0.5083239403902553,0.784037558685446,0.9248826291079812,0.85625,0.768025078369906,0.812206572769953,0.9886779051612395,0.8450704225352113,639,639,320,319
Qwen/Qwen3-Embedding-0.6B,ffn_int,mean,1,whitening,10,0.001,0.0,0.5362357443855241,0.004140205588309292,0.06217527762055397,-0.0009282980463467538,0.06310357566690072,0.081377151799687,0.09233176838810642,1.0,0.0,0.5007824726134585,0.5046092820840985,0.23943661971830985,639,639,320,319
Qwen/Qwen3-Embedding-0.6B,ffn_int,mean,2,baseline,10,0.001,0.9949748743718593,0.7797583138513995,0.03196448574676557,0.9996062517166138,0.99880450963974,0.0008017420768737793,0.352112676056338,0.37715179968701096,1.0,0.0,0.5007824726134585,0.8317106960760613,0.5289514866979655,639,639,320,319
Qwen/Qwen3-Embedding-0.6B,ffn_int,mean,2,abtt_fixed,10,0.001,0.36180904522613067,0.9683959075838025,0.05351774564078458,0.5308424234390259,0.0006511744577437639,0.5301912489812821,0.7934272300469484,0.945226917057903,0.909375,0.7429467084639498,0.8262910798122066,0.9921341529137435,0.8763693270735524,639,639,320,319
Qwen/Qwen3-Embedding-0.6B,ffn_int,mean,2,abtt_optimal,10,0.001,0.36180904522613067,0.9683959075838025,0.05351774564078458,0.5308424234390259,0.0006511744577437639,0.5301912489812821,0.7934272300469484,0.945226917057903,0.909375,0.7429467084639498,0.8262910798122066,0.9921341529137435,0.8763693270735524,639,639,320,319
Qwen/Qwen3-Embedding-0.6B,ffn_int,mean,2,whitening,10,0.001,0.06030150753768844,0.575029204649967,0.008572649388262805,0.14405183494091034,0.0008685963111929595,0.14318323862971738,0.0782472613458529,0.0892018779342723,1.0,0.0,0.5007824726134585,0.5764840139014378,0.21439749608763695,639,639,320,319
Qwen/Qwen3-Embedding-0.6B,ffn_int,mean,3,baseline,10,0.001,0.9597989949748744,0.8750754533650531,0.04285518379713073,0.9106814861297607,0.8027786612510681,0.10790282487869263,0.5978090766823161,0.8841940532081377,0.290625,0.9561128526645768,0.622848200312989,0.8711477341729834,0.5054773082942097,639,639,320,319
Qwen/Qwen3-Embedding-0.6B,ffn_int,mean,3,abtt_fixed,10,0.001,0.37185929648241206,0.9742781176414579,0.05418983225933584,0.5082947015762329,0.0007638665847480297,0.5075308349914849,0.8215962441314554,0.9514866979655712,0.85625,0.8495297805642633,0.8528951486697965,0.9907502354020615,0.8591549295774648,639,639,320,319
Qwen/Qwen3-Embedding-0.6B,ffn_int,mean,3,abtt_optimal,7,0.001,0.37185929648241206,0.9748397344643274,0.05425400119375146,0.5151890516281128,0.0008495075162500143,0.5143395441118628,0.8075117370892019,0.9436619718309859,0.88125,0.7962382445141066,0.838810641627543,0.9911490713013635,0.8544600938967136,639,639,320,319
Qwen/Qwen3-Embedding-0.6B,ffn_int,mean,3,whitening,10,0.001,0.0,0.5387139751246244,0.004423362822868743,0.07433126121759415,0.0005112437647767365,0.07382001745281741,0.07668231611893583,0.09233176838810642,1.0,0.0,0.5007824726134585,0.4801784648462916,0.0,639,639,320,319
Qwen/Qwen3-Embedding-0.6B,ffn_int,mean,4,baseline,10,0.001,0.9698492462311558,0.8825052344493064,0.04370409201304905,0.9401580095291138,0.8639698028564453,0.07618820667266846,0.6181533646322379,0.8748043818466353,0.33125,0.9373040752351097,0.6338028169014085,0.8805926396136912,0.5289514866979655,639,639,320,319
Qwen/Qwen3-Embedding-0.6B,ffn_int,mean,4,abtt_fixed,10,0.001,0.3768844221105528,0.9641268941211483,0.053029978832978886,0.5044720768928528,0.0006436031544581056,0.5038284737383947,0.8247261345852895,0.9483568075117371,0.86875,0.8369905956112853,0.8528951486697965,0.9916048969155071,0.863849765258216,639,639,320,319
Qwen/Qwen3-Embedding-0.6B,ffn_int,mean,4,abtt_optimal,10,0.001,0.3768844221105528,0.9641268941211483,0.053029978832978886,0.5044720768928528,0.0006436031544581056,0.5038284737383947,0.8247261345852895,0.9483568075117371,0.86875,0.8369905956112853,0.8528951486697965,0.9916048969155071,0.863849765258216,639,639,320,319
Qwen/Qwen3-Embedding-0.6B,ffn_int,mean,4,whitening,10,0.001,0.0,0.5467082157371375,0.005336764235479354,0.12482082843780518,4.470018029678613e-05,0.12477612825750839,0.09233176838810642,0.10172143974960876,1.0,0.0,0.5007824726134585,0.5107315720188007,0.010954616588419406,639,639,320,319
Qwen/Qwen3-Embedding-0.6B,ffn_int,mean,5,baseline,10,0.001,0.964824120603015,0.8834699623820482,0.04381431941529886,0.9337645769119263,0.8534830808639526,0.08028149604797363,0.6275430359937402,0.8794992175273866,0.371875,0.9341692789968652,0.6525821596244131,0.8810290311594201,0.5305164319248826,639,639,320,319
Qwen/Qwen3-Embedding-0.6B,ffn_int,mean,5,abtt_fixed,10,0.001,0.4170854271356784,0.9659384606712704,0.053236963898969154,0.49923884868621826,0.0009814865188673139,0.49825736216735095,0.8341158059467919,0.9530516431924883,0.85,0.8714733542319749,0.8607198748043818,0.9907104865150937,0.838810641627543,639,639,320,319
Qwen/Qwen3-Embedding-0.6B,ffn_int,mean,5,abtt_optimal,10,0.001,0.4170854271356784,0.9659384606712704,0.053236963898969154,0.49923884868621826,0.0009814865188673139,0.49825736216735095,0.8341158059467919,0.9530516431924883,0.85,0.8714733542319749,0.8607198748043818,0.9907104865150937,0.838810641627543,639,639,320,319
Qwen/Qwen3-Embedding-0.6B,ffn_int,mean,5,whitening,10,0.001,0.0,0.6104559725992401,0.012620423861114425,0.2869948744773865,-0.0017707959050312638,0.28876567038241774,0.10485133020344288,0.12206572769953052,1.0,0.0,0.5007824726134585,0.5241281730693134,0.003129890453834116,639,639,320,319
Qwen/Qwen3-Embedding-0.6B,ffn_int,mean,6,baseline,10,0.001,0.9547738693467337,0.8902324598551374,0.044586985473621596,0.9118598699569702,0.8031806349754333,0.10867923498153687,0.6103286384976526,0.8826291079812206,0.309375,0.9404388714733543,0.6244131455399061,0.8882825842033399,0.5086071987480438,639,639,320,319
Qwen/Qwen3-Embedding-0.6B,ffn_int,mean,6,abtt_fixed,10,0.001,0.38190954773869346,0.9709021782379377,0.05380410586128011,0.48810622096061707,0.0004296253027860075,0.48767659565783106,0.8341158059467919,0.9530516431924883,0.865625,0.8652037617554859,0.865414710485133,0.9875906219935766,0.8482003129890454,639,639,320,319
Qwen/Qwen3-Embedding-0.6B,ffn_int,mean,6,abtt_optimal,3,0.001,0.457286432160804,0.9778776242097444,0.05460110288282988,0.5137556195259094,0.0011607131455093622,0.5125949063804001,0.7981220657276995,0.9342723004694836,0.821875,0.8338557993730408,0.8278560250391236,0.9885806254449659,0.7996870109546166,639,639,320,319
Qwen/Qwen3-Embedding-0.6B,ffn_int,mean,6,whitening,10,0.001,0.0,0.5468765879606714,0.005356002659993456,0.05085891857743263,0.0007027956307865679,0.050156122946646065,0.07511737089201878,0.08450704225352113,1.0,0.0,0.5007824726134585,0.5020691871717005,0.0,639,639,320,319
Qwen/Qwen3-Embedding-0.6B,ffn_int,mean,7,baseline,10,0.001,0.9597989949748744,0.8747746022214514,0.042820809297432066,0.8983383178710938,0.776246190071106,0.12209212779998779,0.5618153364632238,0.8685446009389671,0.19375,0.9467084639498433,0.5696400625978091,0.8682357554668276,0.45539906103286387,639,639,320,319
Qwen/Qwen3-Embedding-0.6B,ffn_int,mean,7,abtt_fixed,10,0.001,0.38190954773869346,0.9732228877028724,0.054069264324110265,0.46881791949272156,0.0002126920153386891,0.46860522747738287,0.8075117370892019,0.9374021909233177,0.821875,0.8463949843260188,0.8341158059467919,0.9904285946619542,0.8278560250391236,639,639,320,319
Qwen/Qwen3-Embedding-0.6B,ffn_int,mean,7,abtt_optimal,10,0.001,0.38190954773869346,0.9732228877028724,0.054069264324110265,0.46881791949272156,0.0002126920153386891,0.46860522747738287,0.8075117370892019,0.9374021909233177,0.821875,0.8463949843260188,0.8341158059467919,0.9904285946619542,0.8278560250391236,639,639,320,319
Qwen/Qwen3-Embedding-0.6B,ffn_int,mean,7,whitening,10,0.001,0.0,0.5363938961429863,0.004158276029043889,0.07169963419437408,-0.0008642764878459275,0.07256391068222001,0.07511737089201878,0.09076682316118936,1.0,0.0,0.5007824726134585,0.5203348397883261,0.009389671361502348,639,639,320,319
Qwen/Qwen3-Embedding-0.6B,ffn_int,mean,8,baseline,10,0.001,0.9447236180904522,0.8801215319602602,0.04343173612470457,0.8977471590042114,0.7866269946098328,0.11112016439437866,0.6118935837245696,0.863849765258216,0.346875,0.9247648902821317,0.6353677621283255,0.8844664204971948,0.5305164319248826,639,639,320,319
Qwen/Qwen3-Embedding-0.6B,ffn_int,mean,8,abtt_fixed,10,0.001,0.3768844221105528,0.9672269915518336,0.05338418821668776,0.45711374282836914,0.0006994068971835077,0.45641433593118563,0.7809076682316118,0.9248826291079812,0.85,0.7711598746081505,0.810641627543036,0.9878221729319393,0.8247261345852895,639,639,320,319
Qwen/Qwen3-Embedding-0.6B,ffn_int,mean,8,abtt_optimal,10,0.001,0.3768844221105528,0.9672269915518336,0.05338418821668776,0.45711374282836914,0.0006994068971835077,0.45641433593118563,0.7809076682316118,0.9248826291079812,0.85,0.7711598746081505,0.810641627543036,0.9878221729319393,0.8247261345852895,639,639,320,319
Qwen/Qwen3-Embedding-0.6B,ffn_int,mean,8,whitening,10,0.001,0.0,0.5856216226834882,0.009782913561122125,0.20736196637153625,-0.0009929355001077056,0.20835490187164396,0.08763693270735524,0.10485133020344288,1.0,0.0,0.5007824726134585,0.5034722624380283,0.001564945226917058,639,639,320,319
Qwen/Qwen3-Embedding-0.6B,ffn_int,mean,9,baseline,10,0.001,0.9547738693467337,0.8759795221679918,0.04295848043883748,0.9074687957763672,0.8096516728401184,0.09781712293624878,0.5837245696400626,0.8309859154929577,0.290625,0.9278996865203761,0.6087636932707355,0.8719031645041622,0.47730829420970267,639,639,320,319
Qwen/Qwen3-Embedding-0.6B,ffn_int,mean,9,abtt_fixed,10,0.001,0.4120603015075377,0.963446171260766,0.0529522011404246,0.4520150125026703,0.0011278125457465649,0.4508871999569237,0.784037558685446,0.9233176838810642,0.75625,0.8620689655172413,0.809076682316119,0.9828270762348998,0.8012519561815337,639,639,320,319
Qwen/Qwen3-Embedding-0.6B,ffn_int,mean,9,abtt_optimal,5,0.001,0.4371859296482412,0.9661568512363379,0.05326191665906442,0.47135889530181885,0.0008941079722717404,0.4704647873295471,0.7120500782472613,0.8982785602503912,0.753125,0.7492163009404389,0.7511737089201878,0.9837648045751297,0.7809076682316118,639,639,320,319
Qwen/Qwen3-Embedding-0.6B,ffn_int,mean,9,whitening,10,0.001,0.0,0.5334448602979536,0.0038213263633790737,0.07360327988862991,-0.00039188581285998225,0.0739951657014899,0.0892018779342723,0.10015649452269171,1.0,0.0,0.5007824726134585,0.4942222272828577,0.006259780907668232,639,639,320,319
Qwen/Qwen3-Embedding-0.6B,ffn_int,mean,10,baseline,10,0.001,0.9597989949748744,0.9033276642929966,0.04608321080116986,0.9385694861412048,0.862934947013855,0.07563453912734985,0.6713615023474179,0.8748043818466353,0.49375,0.9122257053291536,0.702660406885759,0.9012333875269063,0.6056338028169014,639,639,320,319
Qwen/Qwen3-Embedding-0.6B,ffn_int,mean,10,abtt_fixed,10,0.001,0.38190954773869346,0.9649198430083319,0.053120579190845466,0.46790093183517456,0.001174825825728476,0.4667261060094461,0.784037558685446,0.9248826291079812,0.846875,0.7774294670846394,0.812206572769953,0.9838746738375003,0.8294209702660407,639,639,320,319
Qwen/Qwen3-Embedding-0.6B,ffn_int,mean,10,abtt_optimal,10,0.001,0.38190954773869346,0.9649198430083319,0.053120579190845466,0.46790093183517456,0.001174825825728476,0.4667261060094461,0.784037558685446,0.9248826291079812,0.846875,0.7774294670846394,0.812206572769953,0.9838746738375003,0.8294209702660407,639,639,320,319
Qwen/Qwen3-Embedding-0.6B,ffn_int,mean,10,whitening,10,0.001,0.0,0.5838405294927034,0.00957941003389527,0.1749178171157837,-0.0011599287390708923,0.17607774585485458,0.07511737089201878,0.09233176838810642,1.0,0.0,0.5007824726134585,0.5077546480638728,0.0297339593114241,639,639,320,319
Qwen/Qwen3-Embedding-0.6B,ffn_int,mean,11,baseline,10,0.001,0.9447236180904522,0.903180341362682,0.04606637805136537,0.9218575358390808,0.832122266292572,0.08973526954650879,0.7136150234741784,0.8716744913928013,0.56875,0.9467084639498433,0.7574334898278561,0.9152783473231378,0.6150234741784038,639,639,320,319
Qwen/Qwen3-Embedding-0.6B,ffn_int,mean,11,abtt_fixed,10,0.001,0.3768844221105528,0.9606527763011194,0.05263303481445093,0.44904059171676636,0.0005047738086432219,0.44853581790812314,0.7652582159624414,0.9107981220657277,0.81875,0.7774294670846394,0.7981220657276995,0.9810824310978805,0.8184663536776213,639,639,320,319
Qwen/Qwen3-Embedding-0.6B,ffn_int,mean,11,abtt_optimal,5,0.001,0.4371859296482412,0.9659628946642927,0.053239755665939116,0.47568580508232117,0.00033050167257897556,0.4753553034097422,0.7902973395931142,0.9233176838810642,0.778125,0.8652037617554859,0.8215962441314554,0.981928849250553,0.7902973395931142,639,639,320,319
Qwen/Qwen3-Embedding-0.6B,ffn_int,mean,11,whitening,10,0.001,0.0,0.5810207759068131,0.009257231758029689,0.2135092318058014,-0.0017808726988732815,0.21529010450467467,0.0892018779342723,0.107981220657277,1.0,0.0,0.5007824726134585,0.4785108191462139,0.003129890453834116,639,639,320,319
Qwen/Qwen3-Embedding-0.6B,ffn_int,mean,12,baseline,10,0.001,0.9447236180904522,0.8804232790538097,0.04346621299336675,0.8837395906448364,0.7260794639587402,0.1576601266860962,0.6118935837245696,0.8466353677621283,0.35,0.9216300940438872,0.6353677621283255,0.8780149487591082,0.5367762128325508,639,639,320,319
Qwen/Qwen3-Embedding-0.6B,ffn_int,mean,12,abtt_fixed,10,0.001,0.36683417085427134,0.9618117152114471,0.05276545227756765,0.4455181956291199,0.0004090704314876348,0.44510912519763224,0.7652582159624414,0.9061032863849765,0.840625,0.768025078369906,0.8043818466353677,0.981341694004652,0.8200312989045383,639,639,320,319
Qwen/Qwen3-Embedding-0.6B,ffn_int,mean,12,abtt_optimal,5,0.001,0.44221105527638194,0.9621834348898131,0.052807924038900604,0.4663233160972595,0.0008325884118676186,0.4654907276853919,0.7543035993740219,0.8888888888888888,0.7375,0.8275862068965517,0.7824726134585289,0.9827544057136715,0.7605633802816901,639,639,320,319
Qwen/Qwen3-Embedding-0.6B,ffn_int,mean,12,whitening,10,0.001,0.0,0.5249893160733996,0.0028552174535922577,0.017733195796608925,-0.001562256133183837,0.019295451929792762,0.0782472613458529,0.09233176838810642,1.0,0.0,0.5007824726134585,0.5111714865650834,0.0,639,639,320,319
Qwen/Qwen3-Embedding-0.6B,ffn_int,mean,13,baseline,10,0.001,0.9296482412060302,0.880220882854478,0.043443087709535366,0.8739290237426758,0.7389038801193237,0.13502514362335205,0.6338028169014085,0.8450704225352113,0.390625,0.9435736677115988,0.6666666666666666,0.8848230437117561,0.5712050078247262,639,639,320,319
Qwen/Qwen3-Embedding-0.6B,ffn_int,mean,13,abtt_fixed,10,0.001,0.35678391959798994,0.9570860106198165,0.052225505082868294,0.41872990131378174,0.000447559985332191,0.41828234132844955,0.7183098591549296,0.8857589984350548,0.79375,0.7210031347962382,0.7574334898278561,0.980395376911438,0.7918622848200313,639,639,320,319
Qwen/Qwen3-Embedding-0.6B,ffn_int,mean,13,abtt_optimal,10,0.001,0.35678391959798994,0.9570860106198165,0.052225505082868294,0.41872990131378174,0.000447559985332191,0.41828234132844955,0.7183098591549296,0.8857589984350548,0.79375,0.7210031347962382,0.7574334898278561,0.980395376911438,0.7918622848200313,639,639,320,319
Qwen/Qwen3-Embedding-0.6B,ffn_int,mean,13,whitening,10,0.001,0.0,0.5595966548370302,0.006809366647603053,0.1262582540512085,0.0029507623985409737,0.12330749165266752,0.07355242566510173,0.08607198748043818,1.0,0.0,0.5007824726134585,0.5005419031097019,0.009389671361502348,639,639,320,319
Qwen/Qwen3-Embedding-0.6B,ffn_int,mean,14,baseline,10,0.001,0.9296482412060302,0.8715947763065174,0.042457490336396474,0.8689607977867126,0.7442112565040588,0.12474954128265381,0.6134585289514867,0.8059467918622848,0.359375,0.9404388714733543,0.6494522691705791,0.873645484000293,0.5054773082942097,639,639,320,319
Qwen/Qwen3-Embedding-0.6B,ffn_int,mean,14,abtt_fixed,10,0.001,0.3869346733668342,0.959853677436516,0.05254173177553589,0.4073581099510193,0.0006536234286613762,0.4067044865223579,0.730829420970266,0.892018779342723,0.7375,0.8025078369905956,0.7699530516431925,0.9769806337896417,0.7605633802816901,639,639,320,319
Qwen/Qwen3-Embedding-0.6B,ffn_int,mean,14,abtt_optimal,5,0.001,0.4321608040201005,0.9541791729112166,0.0518933770719497,0.42072558403015137,0.0008097284007817507,0.4199158556293696,0.7073552425665102,0.8763693270735524,0.690625,0.8025078369905956,0.7464788732394366,0.9770182700275847,0.7245696400625978,639,639,320,319
Qwen/Qwen3-Embedding-0.6B,ffn_int,mean,14,whitening,10,0.001,0.0,0.566604288640297,0.007610042902806436,0.17125511169433594,-0.0014668721705675125,0.17272198386490345,0.07355242566510173,0.08763693270735524,1.0,0.0,0.5007824726134585,0.46929186353351104,0.003129890453834116,639,639,320,319
Qwen/Qwen3-Embedding-0.6B,ffn_int,mean,15,baseline,10,0.001,0.9698492462311558,0.8365550697958283,0.03845394105254948,0.9221382737159729,0.8353139758110046,0.08682429790496826,0.5696400625978091,0.7668231611893583,0.26875,0.9122257053291536,0.5899843505477308,0.8242717825454848,0.46635367762128327,639,639,320,319
Qwen/Qwen3-Embedding-0.6B,ffn_int,mean,15,abtt_fixed,10,0.001,0.3768844221105528,0.9576541424367512,0.05229041840421999,0.4139617383480072,0.0007476067985408008,0.4132141315494664,0.6995305164319249,0.8763693270735524,0.746875,0.7241379310344828,0.7355242566510172,0.9756364997041486,0.7480438184663537,639,639,320,319
Qwen/Qwen3-Embedding-0.6B,ffn_int,mean,15,abtt_optimal,10,0.001,0.3768844221105528,0.9576541424367512,0.05229041840421999,0.4139617383480072,0.0007476067985408008,0.4132141315494664,0.6995305164319249,0.8763693270735524,0.746875,0.7241379310344828,0.7355242566510172,0.9756364997041486,0.7480438184663537,639,639,320,319
Qwen/Qwen3-Embedding-0.6B,ffn_int,mean,15,whitening,10,0.001,0.0,0.5096943222302349,0.00110764906612541,-0.006464794743806124,0.0019911625422537327,-0.008455957286059856,0.06416275430359937,0.07981220657276995,1.0,0.0,0.5007824726134585,0.5218520499108324,0.0,639,639,320,319
Qwen/Qwen3-Embedding-0.6B,ffn_int,mean,16,baseline,10,0.001,0.9447236180904522,0.9055970944498047,0.04634251021837135,0.9112763404846191,0.7997512221336365,0.11152511835098267,0.6322378716744914,0.8591549295774648,0.428125,0.9059561128526645,0.6666666666666666,0.8919398617358137,0.5618153364632238,639,639,320,319
Qwen/Qwen3-Embedding-0.6B,ffn_int,mean,16,abtt_fixed,10,0.001,0.3869346733668342,0.9748904385947098,0.05425979452095292,0.48052749037742615,0.0006960619939491153,0.47983142838347703,0.7730829420970265,0.9311424100156495,0.81875,0.7836990595611285,0.8012519561815337,0.9862983485485894,0.8403755868544601,639,639,320,319
Qwen/Qwen3-Embedding-0.6B,ffn_int,mean,16,abtt_optimal,3,0.001,0.46733668341708545,0.9769952794277637,0.05450028837346886,0.5095480680465698,0.0005498485988937318,0.5089982194476761,0.7887323943661971,0.92018779342723,0.803125,0.8369905956112853,0.8200312989045383,0.9884820908036585,0.7902973395931142,639,639,320,319
Qwen/Qwen3-Embedding-0.6B,ffn_int,mean,16,whitening,10,0.001,0.0,0.5452701828874975,0.005172458123141602,0.0813814252614975,0.015251148492097855,0.06613027676939964,0.07355242566510173,0.09076682316118936,1.0,0.0,0.5007824726134585,0.5071321879774544,0.09076682316118936,639,639,320,319
Qwen/Qwen3-Embedding-0.6B,ffn_int,mean,17,baseline,10,0.001,0.9597989949748744,0.9090264368946614,0.04673433831453722,0.94466632604599,0.8785805702209473,0.06608575582504272,0.7120500782472613,0.8701095461658842,0.5625,0.9278996865203761,0.7449139280125195,0.9166614474065868,0.6416275430359938,639,639,320,319
Qwen/Qwen3-Embedding-0.6B,ffn_int,mean,17,abtt_fixed,10,0.001,0.4020100502512563,0.9612333076228882,0.05269936487223339,0.4650847911834717,0.0006220308714546263,0.46446276031201705,0.7777777777777778,0.9154929577464789,0.790625,0.8181818181818182,0.8043818466353677,0.9839707158983505,0.8012519561815337,639,639,320,319
Qwen/Qwen3-Embedding-0.6B,ffn_int,mean,17,abtt_optimal,7,0.001,0.4170854271356784,0.9609921754146997,0.05267181370883779,0.47689929604530334,0.0005884511047042906,0.47631084494059905,0.7949921752738655,0.917057902973396,0.809375,0.8307210031347962,0.8200312989045383,0.9859703525917967,0.8028169014084507,639,639,320,319
Qwen/Qwen3-Embedding-0.6B,ffn_int,mean,17,whitening,10,0.001,0.0,0.5740665230226616,0.008462655965629487,0.18404144048690796,-0.00046330582699738443,0.18450474631390534,0.0782472613458529,0.09859154929577464,1.0,0.0,0.5007824726134585,0.5000515382744422,0.0892018779342723,639,639,320,319
Qwen/Qwen3-Embedding-0.6B,ffn_int,mean,18,baseline,10,0.001,0.9547738693467337,0.9166094586033295,0.04760075542109227,0.9304099082946777,0.8402690291404724,0.09014087915420532,0.6823161189358372,0.8998435054773083,0.45625,0.9686520376175548,0.7120500782472613,0.9128882677611209,0.6259780907668232,639,639,320,319
Qwen/Qwen3-Embedding-0.6B,ffn_int,mean,18,abtt_fixed,10,0.001,0.3969849246231156,0.9626204372421572,0.05285785483538782,0.48232606053352356,0.0007219781982712448,0.4816040823352523,0.784037558685446,0.9280125195618153,0.8125,0.8213166144200627,0.8169014084507042,0.9866856598611122,0.8294209702660407,639,639,320,319
Qwen/Qwen3-Embedding-0.6B,ffn_int,mean,18,abtt_optimal,3,0.001,0.48743718592964824,0.9685836146284337,0.05353919257852845,0.5207617878913879,0.0004591033502947539,0.5203026845410932,0.8043818466353677,0.9327073552425665,0.778125,0.8871473354231975,0.8325508607198748,0.9894748286100526,0.7824726134585289,639,639,320,319
Qwen/Qwen3-Embedding-0.6B,ffn_int,mean,18,whitening,10,0.001,0.0,0.5404801911218307,0.004625165592687213,0.01958833821117878,-0.0012917218264192343,0.020880060037598014,0.0782472613458529,0.09233176838810642,1.0,0.0,0.5007824726134585,0.4985674915607443,0.006259780907668232,639,639,320,319
Qwen/Qwen3-Embedding-0.6B,ffn_int,mean,19,baseline,10,0.001,0.9547738693467337,0.9337311616568463,0.049557038416160916,0.9431442618370056,0.8534340858459473,0.08971017599105835,0.755868544600939,0.9139280125195618,0.621875,0.9278996865203761,0.7746478873239436,0.9448402767107398,0.701095461658842,639,639,320,319
Qwen/Qwen3-Embedding-0.6B,ffn_int,mean,19,abtt_fixed,10,0.001,0.4271356783919598,0.9739305333061319,0.05415011814197198,0.5215886831283569,9.511910320725292e-05,0.5214935640251497,0.8169014084507042,0.945226917057903,0.8375,0.8495297805642633,0.8435054773082942,0.9841630878468939,0.8356807511737089,639,639,320,319
Qwen/Qwen3-Embedding-0.6B,ffn_int,mean,19,abtt_optimal,1,0.001,0.5477386934673367,0.9717720682095323,0.05390349731513703,0.5680680274963379,0.0006025791517458856,0.567465448344592,0.7715179968701096,0.9092331768388107,0.7625,0.8463949843260188,0.8043818466353677,0.9863398071270024,0.7715179968701096,639,639,320,319
Qwen/Qwen3-Embedding-0.6B,ffn_int,mean,19,whitening,10,0.001,0.0,0.5809572408882886,0.009249972157197013,0.11900587379932404,0.0008960857521742582,0.11810978804714978,0.10485133020344288,0.11424100156494522,1.0,0.0,0.5007824726134585,0.4971137357439653,0.06729264475743349,639,639,320,319
Qwen/Qwen3-Embedding-0.6B,ffn_int,mean,20,baseline,10,0.001,0.949748743718593,0.9463693210101944,0.05100104291466325,0.9405148029327393,0.835680365562439,0.10483443737030029,0.8169014084507042,0.9405320813771518,0.71875,0.9592476489028213,0.838810641627543,0.9524684594164958,0.7699530516431925,639,639,320,319
Qwen/Qwen3-Embedding-0.6B,ffn_int,mean,20,abtt_fixed,10,0.001,0.44221105527638194,0.9778777348208492,0.054601115520977836,0.5481603741645813,0.0002931287162937224,0.5478672454482876,0.8341158059467919,0.9546165884194053,0.8375,0.8808777429467085,0.8591549295774648,0.9874021069247247,0.8544600938967136,639,639,320,319
Qwen/Qwen3-Embedding-0.6B,ffn_int,mean,20,abtt_optimal,3,0.001,0.507537688442211,0.9831917798782385,0.05520828502673349,0.5813664793968201,0.0005170057993382215,0.5808494735974818,0.8309859154929577,0.9483568075117371,0.83125,0.8808777429467085,0.8560250391236307,0.9902256421986757,0.8466353677621283,639,639,320,319
Qwen/Qwen3-Embedding-0.6B,ffn_int,mean,20,whitening,10,0.001,0.0,0.5495301594229003,0.005659192326005907,0.14508824050426483,-0.0014340992784127593,0.1465223397826776,0.08607198748043818,0.10172143974960876,1.0,0.0,0.5007824726134585,0.4966163364206715,0.003129890453834116,639,639,320,319
Qwen/Qwen3-Embedding-0.6B,ffn_int,mean,21,baseline,10,0.001,0.9597989949748744,0.9496357886034192,0.051374261337325484,0.9497372508049011,0.856863260269165,0.09287399053573608,0.8043818466353677,0.9420970266040689,0.68125,0.9561128526645768,0.8184663536776213,0.9519673183442477,0.7370892018779343,639,639,320,319
Qwen/Qwen3-Embedding-0.6B,ffn_int,mean,21,abtt_fixed,10,0.001,0.45226130653266333,0.9754774296049914,0.05432686264659851,0.5668267011642456,0.0005246151122264564,0.5663020860520191,0.8169014084507042,0.9436619718309859,0.85625,0.8307210031347962,0.8435054773082942,0.9852901717103562,0.8435054773082942,639,639,320,319
Qwen/Qwen3-Embedding-0.6B,ffn_int,mean,21,abtt_optimal,7,0.001,0.46733668341708545,0.9739848876029684,0.05415632852806913,0.5837147831916809,0.00042965856846421957,0.5832851246232167,0.8153364632237872,0.945226917057903,0.890625,0.8025078369905956,0.8466353677621283,0.9874059235086581,0.8356807511737089,639,639,320,319
Qwen/Qwen3-Embedding-0.6B,ffn_int,mean,21,whitening,10,0.001,0.0,0.5961717762139138,0.010988346885173556,0.26449087262153625,-0.0013046078383922577,0.2657954804599285,0.07981220657276995,0.10015649452269171,1.0,0.0,0.5007824726134585,0.517906087811733,0.06103286384976526,639,639,320,319
Qwen/Qwen3-Embedding-0.6B,ffn_int,mean,22,baseline,10,0.001,0.9547738693467337,0.9435061193823883,0.05067390065327771,0.9434500932693481,0.8476691842079163,0.09578090906143188,0.7824726134585289,0.9436619718309859,0.64375,0.9623824451410659,0.8028169014084507,0.9454912374111158,0.7323943661971831,639,639,320,319
Qwen/Qwen3-Embedding-0.6B,ffn_int,mean,22,abtt_fixed,10,0.001,0.44221105527638194,0.9684042919055368,0.053518703612429656,0.559015691280365,0.0004927249392494559,0.5585229663411155,0.8544600938967136,0.9499217527386542,0.875,0.8871473354231975,0.8810641627543035,0.9899939300772811,0.8607198748043818,639,639,320,319
Qwen/Qwen3-Embedding-0.6B,ffn_int,mean,22,abtt_optimal,10,0.001,0.44221105527638194,0.9684042919055368,0.053518703612429656,0.559015691280365,0.0004927249392494559,0.5585229663411155,0.8544600938967136,0.9499217527386542,0.875,0.8871473354231975,0.8810641627543035,0.9899939300772811,0.8607198748043818,639,639,320,319
Qwen/Qwen3-Embedding-0.6B,ffn_int,mean,22,whitening,10,0.001,0.0,0.5694056586605907,0.007930117566725584,0.1085885539650917,-0.0016797916032373905,0.1102683455683291,0.09389671361502347,0.10485133020344288,1.0,0.0,0.5007824726134585,0.5142764128734678,0.017214397496087636,639,639,320,319
Qwen/Qwen3-Embedding-0.6B,ffn_int,mean,23,baseline,10,0.001,0.964824120603015,0.9431330502485454,0.05063127470655142,0.9525627493858337,0.8673075437545776,0.0852552056312561,0.7824726134585289,0.94679186228482,0.596875,0.9749216300940439,0.7856025039123631,0.9348269477950495,0.6995305164319249,639,639,320,319
Qwen/Qwen3-Embedding-0.6B,ffn_int,mean,23,abtt_fixed,10,0.001,0.4271356783919598,0.9807305943103684,0.05492707611550339,0.5476917624473572,0.0004000387853011489,0.547291723662056,0.8403755868544601,0.9420970266040689,0.85,0.8746081504702194,0.8622848200312989,0.9889277733998676,0.8356807511737089,639,639,320,319
Qwen/Qwen3-Embedding-0.6B,ffn_int,mean,23,abtt_optimal,3,0.001,0.49748743718592964,0.9748992764219732,0.05426080430900564,0.5736631751060486,0.0008364311652258039,0.5728267439408228,0.8309859154929577,0.945226917057903,0.821875,0.8871473354231975,0.8544600938967136,0.9895251522552189,0.810641627543036,639,639,320,319
Qwen/Qwen3-Embedding-0.6B,ffn_int,mean,23,whitening,10,0.001,0.0,0.5594252186858968,0.0067897800037896635,0.07190495729446411,-0.0012562437914311886,0.0731612010858953,0.081377151799687,0.09702660406885759,1.0,0.0,0.5007824726134585,0.49396604412330236,0.0,639,639,320,319
Qwen/Qwen3-Embedding-0.6B,ffn_int,mean,24,baseline,10,0.001,0.9748743718592965,0.9225138793708033,0.048275379779874686,0.9575965404510498,0.8897234797477722,0.06787306070327759,0.6979655712050078,0.9092331768388107,0.4375,0.9717868338557993,0.704225352112676,0.9222070532359231,0.6103286384976526,639,639,320,319
Qwen/Qwen3-Embedding-0.6B,ffn_int,mean,24,abtt_fixed,10,0.001,0.44221105527638194,0.9628439380402607,0.052883391477936983,0.5355591177940369,0.0003297013172414154,0.5352294164767954,0.8450704225352113,0.9530516431924883,0.83125,0.9122257053291536,0.8716744913928013,0.9886273397415255,0.8622848200312989,639,639,320,319
Qwen/Qwen3-Embedding-0.6B,ffn_int,mean,24,abtt_optimal,10,0.001,0.44221105527638194,0.9628439380402607,0.052883391477936983,0.5355591177940369,0.0003297013172414154,0.5352294164767954,0.8450704225352113,0.9530516431924883,0.83125,0.9122257053291536,0.8716744913928013,0.9886273397415255,0.8622848200312989,639,639,320,319
Qwen/Qwen3-Embedding-0.6B,ffn_int,mean,24,whitening,10,0.001,0.0,0.516779118340122,0.0019171401878767525,0.008645737543702126,0.005809689871966839,0.0028360476717352867,0.09389671361502347,0.107981220657277,1.0,0.0,0.5007824726134585,0.5073514256834892,0.003129890453834116,639,639,320,319
Qwen/Qwen3-Embedding-0.6B,ffn_int,mean,25,baseline,10,0.001,0.964824120603015,0.9502604869392841,0.051445637807778916,0.9553263783454895,0.8780837059020996,0.07724267244338989,0.7824726134585289,0.945226917057903,0.609375,0.9811912225705329,0.7949921752738655,0.9458974819733472,0.6917057902973396,639,639,320,319
Qwen/Qwen3-Embedding-0.6B,ffn_int,mean,25,abtt_fixed,10,0.001,0.4020100502512563,0.9765044537118853,0.054444207853996,0.5328097939491272,0.0004571417230181396,0.5323526522261091,0.8325508607198748,0.9483568075117371,0.8625,0.8526645768025078,0.8575899843505478,0.9894095379690695,0.8575899843505478,639,639,320,319
Qwen/Qwen3-Embedding-0.6B,ffn_int,mean,25,abtt_optimal,3,0.001,0.5025125628140703,0.975485659071179,0.054327802924835585,0.561583936214447,0.00025929458206519485,0.5613246416323818,0.837245696400626,0.9499217527386542,0.790625,0.9247648902821317,0.8575899843505478,0.9906265446947077,0.8184663536776213,639,639,320,319
Qwen/Qwen3-Embedding-0.6B,ffn_int,mean,25,whitening,10,0.001,0.0,0.5722150590470836,0.0082511127567826,0.11611723899841309,0.003022724762558937,0.11309451423585415,0.07511737089201878,0.0892018779342723,1.0,0.0,0.5007824726134585,0.4981777106939116,0.10485133020344288,639,639,320,319
Qwen/Qwen3-Embedding-0.6B,ffn_int,mean,26,baseline,10,0.001,0.9798994974874372,0.9399103625305502,0.050263058463157116,0.9702490568161011,0.919548511505127,0.05070054531097412,0.7417840375586855,0.9389671361502347,0.5125,0.9937304075235109,0.7527386541471048,0.945992182761111,0.6682316118935837,639,639,320,319
Qwen/Qwen3-Embedding-0.6B,ffn_int,mean,26,abtt_fixed,10,0.001,0.4321608040201005,0.9651711514381501,0.053149293063889,0.5371500253677368,0.00022102399088907987,0.5369290013768477,0.809076682316119,0.9389671361502347,0.859375,0.8181818181818182,0.838810641627543,0.9868702144326097,0.8685446009389671,639,639,320,319
Qwen/Qwen3-Embedding-0.6B,ffn_int,mean,26,abtt_optimal,3,0.001,0.542713567839196,0.9733269727523701,0.05408115682170389,0.569111168384552,0.00038655477692373097,0.5687246136076283,0.8278560250391236,0.9514866979655712,0.784375,0.9278996865203761,0.8560250391236307,0.9875603426097315,0.7981220657276995,639,639,320,319
Qwen/Qwen3-Embedding-0.6B,ffn_int,mean,26,whitening,10,0.001,0.0,0.5563631935974398,0.006439917706738768,0.1527693122625351,0.001503799227066338,0.15126551303546876,0.09233176838810642,0.10172143974960876,1.0,0.0,0.5007824726134585,0.48809084201992825,0.004694835680751174,639,639,320,319
Qwen/Qwen3-Embedding-0.6B,ffn_int,mean,27,baseline,10,0.001,0.9949748743718593,0.8415611845989168,0.03902592721788297,0.993995726108551,0.9843854904174805,0.009610235691070557,0.29264475743348983,0.37245696400625977,0.9625,0.10031347962382445,0.5320813771517997,0.7939848058282126,0.4162754303599374,639,639,320,319
Qwen/Qwen3-Embedding-0.6B,ffn_int,mean,27,abtt_fixed,10,0.001,0.4170854271356784,0.9630855126928677,0.052910993193925525,0.5114271640777588,0.00033733865711838007,0.5110898254206404,0.7856025039123631,0.9280125195618153,0.8625,0.7899686520376176,0.8262910798122066,0.9845399913407871,0.8200312989045383,639,639,320,319
Qwen/Qwen3-Embedding-0.6B,ffn_int,mean,27,abtt_optimal,10,0.001,0.4170854271356784,0.9630855126928677,0.052910993193925525,0.5114271640777588,0.00033733865711838007,0.5110898254206404,0.7856025039123631,0.9280125195618153,0.8625,0.7899686520376176,0.8262910798122066,0.9845399913407871,0.8200312989045383,639,639,320,319
Qwen/Qwen3-Embedding-0.6B,ffn_int,mean,27,whitening,10,0.001,0.0,0.5845518142013066,0.009660678959034013,0.2074151486158371,-0.0008689308306202292,0.20828407944645733,0.09076682316118936,0.10172143974960876,1.0,0.0,0.5007824726134585,0.4880810501507418,0.004694835680751174,639,639,320,319
Qwen/Qwen3-Embedding-0.6B,ffn_int,sif,1,sif_only,10,0.001,0.9798994974874372,0.8736963209286519,0.04269760757218516,0.9590847492218018,0.9088727831840515,0.050211966037750244,0.6071987480438185,0.8435054773082942,0.390625,0.9153605015673981,0.6525821596244131,0.8711795447956314,0.5524256651017214,639,639,320,319
Qwen/Qwen3-Embedding-0.6B,ffn_int,sif,1,sif_abtt_fixed,10,0.001,0.3869346733668342,0.9689042098542195,0.0535758229876964,0.4982229769229889,0.0010093300370499492,0.49721364688593894,0.7730829420970265,0.917057902973396,0.821875,0.780564263322884,0.8012519561815337,0.9883350688524406,0.8356807511737089,639,639,320,319
Qwen/Qwen3-Embedding-0.6B,ffn_int,sif,1,sif_abtt_optimal,7,0.001,0.3869346733668342,0.9704305103653887,0.053750214269101454,0.4997106194496155,0.0008528169710189104,0.49885780247859657,0.7636932707355243,0.8935837245696401,0.846875,0.7366771159874608,0.7918622848200313,0.9913346447798836,0.8341158059467919,639,639,320,319
Qwen/Qwen3-Embedding-0.6B,ffn_int,sif,2,sif_only,10,0.001,0.9949748743718593,0.7386120337183353,0.02726321455985649,0.9702620506286621,0.93187016248703,0.03839188814163208,0.41471048513302033,0.6666666666666666,0.296875,0.6489028213166145,0.4726134585289515,0.8114400071344214,0.3615023474178404,639,639,320,319
Qwen/Qwen3-Embedding-0.6B,ffn_int,sif,2,sif_abtt_fixed,10,0.001,0.35175879396984927,0.967933973488465,0.05346496620566065,0.5228065252304077,0.0008557526161894202,0.5219507726142183,0.7746478873239436,0.9295774647887324,0.878125,0.7272727272727273,0.8028169014084507,0.9925403341540697,0.8748043818466353,639,639,320,319
Qwen/Qwen3-Embedding-0.6B,ffn_int,sif,2,sif_abtt_optimal,2,0.001,0.4120603015075377,0.9668820840052404,0.05334477994251316,0.5368452072143555,0.0018750360468402505,0.5349701711675152,0.7887323943661971,0.9358372456964006,0.84375,0.7899686520376176,0.8169014084507042,0.993834403638555,0.837245696400626,639,639,320,319
Qwen/Qwen3-Embedding-0.6B,ffn_int,sif,3,sif_only,10,0.001,0.9447236180904522,0.8765790785997644,0.0430269842581105,0.8855255246162415,0.7477268576622009,0.13779866695404053,0.6541471048513302,0.9154929577464789,0.3625,0.9686520376175548,0.6651017214397497,0.8881616451206016,0.5665101721439749,639,639,320,319
Qwen/Qwen3-Embedding-0.6B,ffn_int,sif,3,sif_abtt_fixed,10,0.001,0.35175879396984927,0.9735944304034709,0.054111715864406,0.5151816010475159,0.0008321967325173318,0.5143494043149985,0.7934272300469484,0.9327073552425665,0.875,0.774294670846395,0.8247261345852895,0.9923733600461204,0.8716744913928013,639,639,320,319
Qwen/Qwen3-Embedding-0.6B,ffn_int,sif,3,sif_abtt_optimal,7,0.001,0.34673366834170855,0.9745188074052276,0.05421733287013887,0.5209737420082092,0.0008744469378143549,0.5200992950703949,0.784037558685446,0.9327073552425665,0.89375,0.7398119122257053,0.8169014084507042,0.99325702299223,0.8685446009389671,639,639,320,319
Qwen/Qwen3-Embedding-0.6B,ffn_int,sif,4,sif_only,10,0.001,0.9597989949748744,0.882218065899353,0.04367128085228999,0.9245898723602295,0.8310652375221252,0.09352463483810425,0.6431924882629108,0.8935837245696401,0.375,0.9278996865203761,0.651017214397496,0.8857957602829766,0.5790297339593115,639,639,320,319
Qwen/Qwen3-Embedding-0.6B,ffn_int,sif,4,sif_abtt_fixed,10,0.001,0.33668341708542715,0.9637216371558452,0.05298367518506727,0.49277475476264954,0.0005847820430062711,0.49218997271964327,0.7793427230046949,0.9327073552425665,0.884375,0.7366771159874608,0.810641627543036,0.9912531494876602,0.8794992175273866,639,639,320,319
Qwen/Qwen3-Embedding-0.6B,ffn_int,sif,4,sif_abtt_optimal,5,0.001,0.35678391959798994,0.961033455478964,0.052676530265800485,0.5059314370155334,0.0013704834273084998,0.504560953588225,0.7636932707355243,0.9107981220657277,0.884375,0.7084639498432602,0.7965571205007824,0.9923173259163962,0.8591549295774648,639,639,320,319
Qwen/Qwen3-Embedding-0.6B,ffn_int,sif,5,sif_only,10,0.001,0.9597989949748744,0.8780794297457772,0.043198410629939815,0.917336106300354,0.8211817145347595,0.09615439176559448,0.6400625978090767,0.9076682316118936,0.325,0.9686520376175548,0.6463223787167449,0.8882597940739401,0.5712050078247262,639,639,320,319
Qwen/Qwen3-Embedding-0.6B,ffn_int,sif,5,sif_abtt_fixed,10,0.001,0.36180904522613067,0.9632313866177111,0.05292766038396509,0.4941563010215759,0.000883300497662276,0.49327300052391365,0.7996870109546166,0.9374021909233177,0.865625,0.7931034482758621,0.8294209702660407,0.9894772578686045,0.865414710485133,639,639,320,319
Qwen/Qwen3-Embedding-0.6B,ffn_int,sif,5,sif_abtt_optimal,7,0.001,0.3919597989949749,0.9714934167146387,0.05387165929182196,0.5054358243942261,0.0015725347911939025,0.5038632896030322,0.7965571205007824,0.9405320813771518,0.853125,0.8025078369905956,0.8278560250391236,0.9911147623417215,0.8450704225352113,639,639,320,319
Qwen/Qwen3-Embedding-0.6B,ffn_int,sif,6,sif_only,10,0.001,0.949748743718593,0.8798251716275084,0.04339787473383173,0.8968749046325684,0.7761412858963013,0.12073361873626709,0.6275430359937402,0.9107981220657277,0.309375,0.9561128526645768,0.6322378716744914,0.892720868360229,0.564945226917058,639,639,320,319
Qwen/Qwen3-Embedding-0.6B,ffn_int,sif,6,sif_abtt_fixed,10,0.001,0.36683417085427134,0.9685314504314695,0.05353323242776883,0.49135857820510864,0.0007691922946833074,0.49058938591042534,0.7981220657276995,0.9327073552425665,0.859375,0.7931034482758621,0.8262910798122066,0.986930456590773,0.8435054773082942,639,639,320,319
Qwen/Qwen3-Embedding-0.6B,ffn_int,sif,6,sif_abtt_optimal,2,0.001,0.4623115577889447,0.9731248862641316,0.054058066924674394,0.5234953165054321,0.0021470191422849894,0.5213482973631471,0.8012519561815337,0.9389671361502347,0.790625,0.8683385579937304,0.8294209702660407,0.9885770966878753,0.7793427230046949,639,639,320,319
Qwen/Qwen3-Embedding-0.6B,ffn_int,sif,7,sif_only,10,0.001,0.949748743718593,0.8641400413570495,0.04160573095423419,0.8769707083702087,0.7439104914665222,0.13306021690368652,0.6009389671361502,0.86697965571205,0.275,0.9435736677115988,0.6087636932707355,0.872069177270457,0.5101721439749609,639,639,320,319
Qwen/Qwen3-Embedding-0.6B,ffn_int,sif,7,sif_abtt_fixed,10,0.001,0.34673366834170855,0.9626698804059464,0.052863504087698805,0.46710625290870667,0.0005505837616510689,0.4665556691470556,0.784037558685446,0.917057902973396,0.865625,0.7617554858934169,0.8137715179968701,0.9868026096638115,0.8294209702660407,639,639,320,319
Qwen/Qwen3-Embedding-0.6B,ffn_int,sif,7,sif_abtt_optimal,5,0.001,0.4472361809045226,0.9741652721924701,0.05417693882039308,0.4918460249900818,0.000981860444881022,0.49086416454520077,0.8012519561815337,0.9342723004694836,0.78125,0.8808777429467085,0.8309859154929577,0.9896694110687473,0.7902973395931142,639,639,320,319
Qwen/Qwen3-Embedding-0.6B,ffn_int,sif,8,sif_only,10,0.001,0.9396984924623115,0.8749816993927317,0.0428444717025865,0.8842902779579163,0.7615495324134827,0.1227407455444336,0.6384976525821596,0.8857589984350548,0.359375,0.9529780564263323,0.6557120500782473,0.894473889258369,0.5743348982785602,639,639,320,319
Qwen/Qwen3-Embedding-0.6B,ffn_int,sif,8,sif_abtt_fixed,10,0.001,0.36180904522613067,0.9573765638695729,0.05225870297094472,0.4609852731227875,0.0009439124842174351,0.46004136063857004,0.7543035993740219,0.917057902973396,0.846875,0.7210031347962382,0.784037558685446,0.9841006754743369,0.8200312989045383,639,639,320,319
Qwen/Qwen3-Embedding-0.6B,ffn_int,sif,8,sif_abtt_optimal,5,0.001,0.4120603015075377,0.9608595084557545,0.05265665551371031,0.4848756492137909,0.0009475754341110587,0.48392807377967983,0.7683881064162754,0.917057902973396,0.80625,0.7899686520376176,0.7981220657276995,0.9846960510548635,0.8075117370892019,639,639,320,319
Qwen/Qwen3-Embedding-0.6B,ffn_int,sif,9,sif_only,10,0.001,0.949748743718593,0.8676069141497221,0.042001847174066395,0.8932235240936279,0.7851682305335999,0.10805529356002808,0.6134585289514867,0.8403755868544601,0.3125,0.9561128526645768,0.6338028169014085,0.8784149186961703,0.513302034428795,639,639,320,319
Qwen/Qwen3-Embedding-0.6B,ffn_int,sif,9,sif_abtt_fixed,10,0.001,0.4020100502512563,0.9531289868390042,0.05177338543628882,0.4477267563343048,0.0012918137945234776,0.44643494253978133,0.7449139280125195,0.9139280125195618,0.784375,0.7774294670846394,0.7809076682316118,0.9828494576501831,0.7981220657276995,639,639,320,319
Qwen/Qwen3-Embedding-0.6B,ffn_int,sif,9,sif_abtt_optimal,5,0.001,0.45226130653266333,0.9647226676531407,0.05309805042760345,0.4817309081554413,0.001437764149159193,0.4802931440062821,0.7355242566510172,0.9076682316118936,0.740625,0.799373040752351,0.7699530516431925,0.9855501599407712,0.7715179968701096,639,639,320,319
Qwen/Qwen3-Embedding-0.6B,ffn_int,sif,10,sif_only,10,0.001,0.9597989949748744,0.8870349472245661,0.04422164567269147,0.9250096082687378,0.8405001163482666,0.08450949192047119,0.6369327073552425,0.8873239436619719,0.353125,0.9655172413793104,0.6588419405320813,0.8972206726264631,0.564945226917058,639,639,320,319
Qwen/Qwen3-Embedding-0.6B,ffn_int,sif,10,sif_abtt_fixed,10,0.001,0.36683417085427134,0.9580900276169382,0.05234022155540983,0.4675136208534241,0.0012581851333379745,0.4662554357200861,0.755868544600939,0.9061032863849765,0.8625,0.7241379310344828,0.7934272300469484,0.9830392506702162,0.8231611893583725,639,639,320,319
Qwen/Qwen3-Embedding-0.6B,ffn_int,sif,10,sif_abtt_optimal,10,0.001,0.36683417085427134,0.9580900276169382,0.05234022155540983,0.4675136208534241,0.0012581851333379745,0.4662554357200861,0.755868544600939,0.9061032863849765,0.8625,0.7241379310344828,0.7934272300469484,0.9830392506702162,0.8231611893583725,639,639,320,319
Qwen/Qwen3-Embedding-0.6B,ffn_int,sif,11,sif_only,10,0.001,0.9447236180904522,0.8946014878786379,0.04508617969519564,0.9204963445663452,0.8344513177871704,0.0860450267791748,0.6964006259780907,0.8763693270735524,0.546875,0.9184952978056427,0.7323943661971831,0.9145317244933436,0.6259780907668232,639,639,320,319
Qwen/Qwen3-Embedding-0.6B,ffn_int,sif,11,sif_abtt_fixed,10,0.001,0.36683417085427134,0.9584713483391897,0.05238379030802014,0.45664265751838684,0.0007011956768110394,0.4559414618415758,0.758998435054773,0.9123630672926447,0.8125,0.7617554858934169,0.7871674491392802,0.9769681766438925,0.8200312989045383,639,639,320,319
Qwen/Qwen3-Embedding-0.6B,ffn_int,sif,11,sif_abtt_optimal,3,0.001,0.46733668341708545,0.9577662910357796,0.0523032322228285,0.47120702266693115,0.0014185336185619235,0.46978848904836923,0.7339593114241002,0.9092331768388107,0.675,0.8495297805642633,0.7621283255086072,0.9776034392682712,0.7543035993740219,639,639,320,319
Qwen/Qwen3-Embedding-0.6B,ffn_int,sif,12,sif_only,10,0.001,0.9447236180904522,0.8637133922041028,0.04155698308842915,0.8779221177101135,0.7288461923599243,0.1490759253501892,0.6134585289514867,0.8450704225352113,0.325,0.9498432601880877,0.6369327073552425,0.8686282879582758,0.5352112676056338,639,639,320,319
Qwen/Qwen3-Embedding-0.6B,ffn_int,sif,12,sif_abtt_fixed,10,0.001,0.36180904522613067,0.9571062524519717,0.05222781786401563,0.4489349126815796,0.00078217638656497,0.4481527362950146,0.7417840375586855,0.8998435054773083,0.825,0.7272727272727273,0.7762128325508607,0.980321474491323,0.8278560250391236,639,639,320,319
Qwen/Qwen3-Embedding-0.6B,ffn_int,sif,12,sif_abtt_optimal,5,0.001,0.4271356783919598,0.9618647200528068,0.05277150847825454,0.4714837074279785,0.0010728661436587572,0.47041084128431976,0.7386541471048513,0.8951486697965572,0.721875,0.8087774294670846,0.7652582159624414,0.9818340736278103,0.7918622848200313,639,639,320,319
Qwen/Qwen3-Embedding-0.6B,ffn_int,sif,13,sif_only,10,0.001,0.9246231155778895,0.8711075122682094,0.04240181676529297,0.8619073629379272,0.7235079407691956,0.1383994221687317,0.6275430359937402,0.838810641627543,0.390625,0.9247648902821317,0.6572769953051644,0.8841430643091055,0.5790297339593115,639,639,320,319
Qwen/Qwen3-Embedding-0.6B,ffn_int,sif,13,sif_abtt_fixed,10,0.001,0.35175879396984927,0.9558185622158042,0.052080689596224035,0.42343053221702576,0.0005395114421844482,0.4228910207748413,0.7136150234741784,0.8748043818466353,0.78125,0.7115987460815048,0.7464788732394366,0.9735415405169586,0.7996870109546166,639,639,320,319
Qwen/Qwen3-Embedding-0.6B,ffn_int,sif,13,sif_abtt_optimal,5,0.001,0.4170854271356784,0.9574601084369329,0.05226824856439087,0.4409926235675812,0.0016375050181522965,0.4393551185494289,0.7230046948356808,0.8857589984350548,0.709375,0.7899686520376176,0.7496087636932708,0.9765005386161272,0.7433489827856025,639,639,320,319
Qwen/Qwen3-Embedding-0.6B,ffn_int,sif,14,sif_only,10,0.001,0.9296482412060302,0.8761704811791001,0.04298029893812767,0.8687845468521118,0.747139573097229,0.12164497375488281,0.6071987480438185,0.8200312989045383,0.303125,0.9655172413793104,0.6338028169014085,0.888181441850838,0.5211267605633803,639,639,320,319
Qwen/Qwen3-Embedding-0.6B,ffn_int,sif,14,sif_abtt_fixed,10,0.001,0.35678391959798994,0.9548784563149627,0.05197327544579729,0.4133217930793762,0.0008772060973569751,0.41244458698201925,0.6917057902973396,0.8685446009389671,0.796875,0.6802507836990596,0.7386541471048513,0.9758988078189151,0.7902973395931142,639,639,320,319
Qwen/Qwen3-Embedding-0.6B,ffn_int,sif,14,sif_abtt_optimal,5,0.001,0.40703517587939697,0.9541794162556467,0.05189340487587622,0.4278314411640167,0.001237798249348998,0.4265936429146677,0.6995305164319249,0.8575899843505478,0.74375,0.7523510971786834,0.7480438184663537,0.9789299122987005,0.7464788732394366,639,639,320,319
Qwen/Qwen3-Embedding-0.6B,ffn_int,sif,15,sif_only,10,0.001,0.9698492462311558,0.8257539175466775,0.03721982839413021,0.9132994413375854,0.8238393664360046,0.08946007490158081,0.5665101721439749,0.7762128325508607,0.234375,0.9373040752351097,0.5852895148669797,0.8270425649157177,0.4788732394366197,639,639,320,319
Qwen/Qwen3-Embedding-0.6B,ffn_int,sif,15,sif_abtt_fixed,10,0.001,0.35678391959798994,0.9508574993156491,0.051513850949473056,0.42086485028266907,0.0014813950983807445,0.4193834551842883,0.6948356807511737,0.8607198748043818,0.809375,0.664576802507837,0.7370892018779343,0.9741619224935733,0.7683881064162754,639,639,320,319
Qwen/Qwen3-Embedding-0.6B,ffn_int,sif,15,sif_abtt_optimal,5,0.001,0.4271356783919598,0.9584508410403834,0.052381447195316046,0.4446299076080322,0.0011522364802658558,0.44347767112776637,0.7104851330203443,0.865414710485133,0.7625,0.7366771159874608,0.7496087636932708,0.9781489229438957,0.7276995305164319,639,639,320,319
Qwen/Qwen3-Embedding-0.6B,ffn_int,sif,16,sif_only,10,0.001,0.9447236180904522,0.8958275898517232,0.04522627104195316,0.9035617113113403,0.7879615426063538,0.11560016870498657,0.6588419405320813,0.8873239436619719,0.43125,0.9341692789968652,0.6823161189358372,0.8987068147195753,0.5821596244131455,639,639,320,319
Qwen/Qwen3-Embedding-0.6B,ffn_int,sif,16,sif_abtt_fixed,10,0.001,0.4020100502512563,0.9677186579121075,0.05344036478608875,0.48968306183815,0.0007735213148407638,0.48890954052330926,0.7668231611893583,0.918622848200313,0.7875,0.7899686520376176,0.7887323943661971,0.9855205713413484,0.8403755868544601,639,639,320,319
Qwen/Qwen3-Embedding-0.6B,ffn_int,sif,16,sif_abtt_optimal,3,0.001,0.45226130653266333,0.9699273625724497,0.053692725859902236,0.515889048576355,0.0008995981770567596,0.5149894503992982,0.7762128325508607,0.9139280125195618,0.796875,0.8181818181818182,0.8075117370892019,0.9892033273059322,0.8169014084507042,639,639,320,319
Qwen/Qwen3-Embedding-0.6B,ffn_int,sif,17,sif_only,10,0.001,0.9597989949748744,0.893357433723264,0.04494403717696071,0.9372761845588684,0.8677194714546204,0.06955671310424805,0.6823161189358372,0.8888888888888888,0.471875,0.9404388714733543,0.7057902973395931,0.918000348800081,0.6244131455399061,639,639,320,319
Qwen/Qwen3-Embedding-0.6B,ffn_int,sif,17,sif_abtt_fixed,10,0.001,0.3869346733668342,0.956478998999589,0.052156149452371785,0.4700319468975067,0.0009260267252102494,0.46910592017229646,0.7762128325508607,0.9107981220657277,0.81875,0.7931034482758621,0.8059467918622848,0.984011575796931,0.8169014084507042,639,639,320,319
Qwen/Qwen3-Embedding-0.6B,ffn_int,sif,17,sif_abtt_optimal,10,0.001,0.3869346733668342,0.956478998999589,0.052156149452371785,0.4700319468975067,0.0009260267252102494,0.46910592017229646,0.7762128325508607,0.9107981220657277,0.81875,0.7931034482758621,0.8059467918622848,0.984011575796931,0.8169014084507042,639,639,320,319
Qwen/Qwen3-Embedding-0.6B,ffn_int,sif,18,sif_only,10,0.001,0.949748743718593,0.9020286806630419,0.045934792178388986,0.9173884987831116,0.814528226852417,0.10286027193069458,0.6635367762128326,0.8982785602503912,0.425,0.9529780564263323,0.6885758998435054,0.9121023738369176,0.6025039123630673,639,639,320,319
Qwen/Qwen3-Embedding-0.6B,ffn_int,sif,18,sif_abtt_fixed,10,0.001,0.4170854271356784,0.9637425647768494,0.052986066322733893,0.49847280979156494,0.0006246755947358906,0.49784813419682905,0.7793427230046949,0.9327073552425665,0.790625,0.8181818181818182,0.8043818466353677,0.9874291856740797,0.8309859154929577,639,639,320,319
Qwen/Qwen3-Embedding-0.6B,ffn_int,sif,18,sif_abtt_optimal,3,0.001,0.47738693467336685,0.9693174308190589,0.053623036582289424,0.5250504016876221,0.0008876976207830012,0.5241627040668391,0.7918622848200313,0.9342723004694836,0.79375,0.8652037617554859,0.8294209702660407,0.9891618111621505,0.7996870109546166,639,639,320,319
Qwen/Qwen3-Embedding-0.6B,ffn_int,sif,19,sif_only,10,0.001,0.949748743718593,0.9170539603885707,0.047651543084025666,0.9302690625190735,0.8270443677902222,0.10322469472885132,0.7323943661971831,0.9123630672926447,0.571875,0.9341692789968652,0.7527386541471048,0.9405428147148778,0.6917057902973396,639,639,320,319
Qwen/Qwen3-Embedding-0.6B,ffn_int,sif,19,sif_abtt_fixed,10,0.001,0.4221105527638191,0.9726864459674266,0.054007971832258646,0.5266414284706116,0.0007714477833360434,0.5258699806872755,0.810641627543036,0.9295774647887324,0.890625,0.799373040752351,0.8450704225352113,0.9859145487235467,0.8544600938967136,639,639,320,319
Qwen/Qwen3-Embedding-0.6B,ffn_int,sif,19,sif_abtt_optimal,5,0.001,0.4321608040201005,0.9773639904840824,0.054542416377167426,0.5421884655952454,0.001504398649558425,0.5406840669456869,0.7683881064162754,0.9139280125195618,0.896875,0.7053291536050157,0.8012519561815337,0.9890851513608834,0.8403755868544601,639,639,320,319
Qwen/Qwen3-Embedding-0.6B,ffn_int,sif,20,sif_only,10,0.001,0.9396984924623115,0.935443919307164,0.04975273382418102,0.9194673895835876,0.7888904213905334,0.1305769681930542,0.7746478873239436,0.9327073552425665,0.61875,0.9717868338557993,0.7949921752738655,0.9484008329110145,0.7120500782472613,639,639,320,319
Qwen/Qwen3-Embedding-0.6B,ffn_int,sif,20,sif_abtt_fixed,10,0.001,0.4371859296482412,0.9752951867489312,0.05430604003338291,0.5438992381095886,0.000836200313642621,0.543063037795946,0.8059467918622848,0.9420970266040689,0.85,0.8213166144200627,0.8356807511737089,0.9850185207362777,0.8435054773082942,639,639,320,319
Qwen/Qwen3-Embedding-0.6B,ffn_int,sif,20,sif_abtt_optimal,2,0.001,0.5175879396984925,0.9806330574382671,0.05491593179629093,0.5742471814155579,0.001388017670251429,0.5728591637453064,0.8184663536776213,0.9374021909233177,0.8,0.8934169278996865,0.8466353677621283,0.9893752347659642,0.8231611893583725,639,639,320,319
Qwen/Qwen3-Embedding-0.6B,ffn_int,sif,21,sif_only,10,0.001,0.949748743718593,0.9383556570877009,0.05008542170508091,0.928801417350769,0.8085286021232605,0.12027281522750854,0.7574334898278561,0.9233176838810642,0.584375,0.9655172413793104,0.7746478873239436,0.9410005860384777,0.6979655712050078,639,639,320,319
Qwen/Qwen3-Embedding-0.6B,ffn_int,sif,21,sif_abtt_fixed,10,0.001,0.4824120603015075,0.9703984552672544,0.05374655173371063,0.562473475933075,0.0007910046260803938,0.5616824713069946,0.8169014084507042,0.9514866979655712,0.821875,0.8557993730407524,0.838810641627543,0.9853342782957215,0.8247261345852895,639,639,320,319
Qwen/Qwen3-Embedding-0.6B,ffn_int,sif,21,sif_abtt_optimal,3,0.001,0.5577889447236181,0.9709113147151838,0.05380514977233395,0.5839588046073914,0.0011480660177767277,0.5828107385896146,0.8278560250391236,0.9514866979655712,0.771875,0.9278996865203761,0.8497652582159625,0.9853856956828897,0.8028169014084507,639,639,320,319
Qwen/Qwen3-Embedding-0.6B,ffn_int,sif,22,sif_only,10,0.001,0.9346733668341709,0.9321804050304339,0.04937985284009562,0.907561182975769,0.7671654224395752,0.14039576053619385,0.7480438184663537,0.9342723004694836,0.559375,0.9749216300940439,0.7668231611893583,0.9383192832770831,0.702660406885759,639,639,320,319
Qwen/Qwen3-Embedding-0.6B,ffn_int,sif,22,sif_abtt_fixed,10,0.001,0.4321608040201005,0.9638749441469228,0.05300119165867507,0.5453391671180725,0.0012255610199645162,0.544113606098108,0.8262910798122066,0.9374021909233177,0.83125,0.8683385579937304,0.8497652582159625,0.9852383053133134,0.8513302034428795,639,639,320,319
Qwen/Qwen3-Embedding-0.6B,ffn_int,sif,22,sif_abtt_optimal,1,0.001,0.5025125628140703,0.9620212568881407,0.052789393985795324,0.5800694823265076,0.0011905762366950512,0.5788789060898125,0.8294209702660407,0.9342723004694836,0.815625,0.896551724137931,0.8560250391236307,0.9911090863963846,0.8513302034428795,639,639,320,319
Qwen/Qwen3-Embedding-0.6B,ffn_int,sif,23,sif_only,10,0.001,0.9447236180904522,0.9310625139010507,0.04925212539383129,0.9175805449485779,0.7902618646621704,0.12731868028640747,0.7433489827856025,0.9295774647887324,0.55,0.9749216300940439,0.7621283255086072,0.9227984107537266,0.6572769953051644,639,639,320,319
Qwen/Qwen3-Embedding-0.6B,ffn_int,sif,23,sif_abtt_fixed,10,0.001,0.3919597989949749,0.9745360627375568,0.054219304421280055,0.5312842726707458,0.0006085322820581496,0.5306757403886877,0.8169014084507042,0.9327073552425665,0.853125,0.8275862068965517,0.8403755868544601,0.988566124728634,0.8466353677621283,639,639,320,319
Qwen/Qwen3-Embedding-0.6B,ffn_int,sif,23,sif_abtt_optimal,3,0.001,0.45226130653266333,0.9708467178300544,0.053797769093699786,0.558526873588562,0.001339802285656333,0.5571870713029057,0.8184663536776213,0.9327073552425665,0.846875,0.8432601880877743,0.8450704225352113,0.9887932546466939,0.8356807511737089,639,639,320,319
Qwen/Qwen3-Embedding-0.6B,ffn_int,sif,24,sif_only,10,0.001,0.9597989949748744,0.9048960412683837,0.046262409634175515,0.9327552318572998,0.8394513130187988,0.09330391883850098,0.6744913928012519,0.9107981220657277,0.43125,0.9529780564263323,0.6917057902973396,0.915068371884899,0.6165884194053208,639,639,320,319
Qwen/Qwen3-Embedding-0.6B,ffn_int,sif,24,sif_abtt_fixed,10,0.001,0.3869346733668342,0.9646413242467637,0.05308875633330945,0.5268630385398865,0.0006775704678148031,0.5261854680720717,0.8294209702660407,0.94679186228482,0.875,0.8401253918495298,0.8575899843505478,0.9890704894615195,0.863849765258216,639,639,320,319
Qwen/Qwen3-Embedding-0.6B,ffn_int,sif,24,sif_abtt_optimal,5,0.001,0.4170854271356784,0.9693927791035625,0.05363164568894366,0.5472829937934875,0.001150531112216413,0.5461324626812711,0.8325508607198748,0.9499217527386542,0.865625,0.8495297805642633,0.8575899843505478,0.9910081397661359,0.8685446009389671,639,639,320,319
Qwen/Qwen3-Embedding-0.6B,ffn_int,sif,25,sif_only,10,0.001,0.9547738693467337,0.9385806290134964,0.05011112643503541,0.936424195766449,0.8428972959518433,0.09352689981460571,0.7355242566510172,0.9280125195618153,0.54375,0.9655172413793104,0.7543035993740219,0.9300526545820686,0.647887323943662,639,639,320,319
Qwen/Qwen3-Embedding-0.6B,ffn_int,sif,25,sif_abtt_fixed,10,0.001,0.36683417085427134,0.9722849276574617,0.053962095353760654,0.5218690037727356,0.0008583363378420472,0.5210106674348935,0.8247261345852895,0.9327073552425665,0.878125,0.8307210031347962,0.8544600938967136,0.9881866768454519,0.863849765258216,639,639,320,319
Qwen/Qwen3-Embedding-0.6B,ffn_int,sif,25,sif_abtt_optimal,2,0.001,0.44221105527638194,0.972292604068126,0.05396297244125658,0.5458815097808838,0.0012811851920560002,0.5446003245888278,0.8184663536776213,0.9389671361502347,0.85,0.8432601880877743,0.8466353677621283,0.9918572174388344,0.8435054773082942,639,639,320,319
Qwen/Qwen3-Embedding-0.6B,ffn_int,sif,26,sif_only,10,0.001,0.9748743718592965,0.9203475498246614,0.04802786038074188,0.9616497755050659,0.9060029983520508,0.05564677715301514,0.7230046948356808,0.9295774647887324,0.5125,0.9717868338557993,0.7417840375586855,0.9297977839129157,0.6525821596244131,639,639,320,319
Qwen/Qwen3-Embedding-0.6B,ffn_int,sif,26,sif_abtt_fixed,10,0.001,0.4120603015075377,0.9694506065890858,0.05363825291289884,0.5297784805297852,0.000496354594361037,0.5292821259354241,0.8153364632237872,0.9405320813771518,0.8625,0.8275862068965517,0.8450704225352113,0.9883961457084476,0.8591549295774648,639,639,320,319
Qwen/Qwen3-Embedding-0.6B,ffn_int,sif,26,sif_abtt_optimal,5,0.001,0.4723618090452261,0.9706304731204176,0.05377306151368185,0.5422248840332031,0.0012394207296893,0.5409854633035138,0.812206572769953,0.9514866979655712,0.809375,0.8683385579937304,0.838810641627543,0.9912282006569406,0.8325508607198748,639,639,320,319
Qwen/Qwen3-Embedding-0.6B,ffn_int,sif,27,sif_only,10,0.001,0.9949748743718593,0.7679432006668168,0.030614520382173674,0.9874656796455383,0.9722557067871094,0.015209972858428955,0.5414710485133021,0.676056338028169,0.609375,0.677115987460815,0.6431924882629108,0.7477654908464271,0.5179968701095462,639,639,320,319
Qwen/Qwen3-Embedding-0.6B,ffn_int,sif,27,sif_abtt_fixed,10,0.001,0.4723618090452261,0.9661225175494472,0.05325799377781827,0.5010301470756531,0.0007576786447316408,0.5002724684309214,0.812206572769953,0.945226917057903,0.765625,0.9059561128526645,0.8356807511737089,0.9868112099298694,0.8028169014084507,639,639,320,319
Qwen/Qwen3-Embedding-0.6B,ffn_int,sif,27,sif_abtt_optimal,10,0.001,0.4723618090452261,0.9661225175494472,0.05325799377781827,0.5010301470756531,0.0007576786447316408,0.5002724684309214,0.812206572769953,0.945226917057903,0.765625,0.9059561128526645,0.8356807511737089,0.9868112099298694,0.8028169014084507,639,639,320,319
KaLM-Embedding/KaLM-embedding-multilingual-mini-instruct-v2.5,hidden,mean,1,baseline,10,0.001,0.9748743718592965,0.9260877684072474,0.04868372340821182,0.9554323554039001,0.8876997232437134,0.06773263216018677,0.6416275430359938,0.892018779342723,0.359375,0.9592476489028213,0.6588419405320813,0.913853777148202,0.564945226917058,639,639,320,319
KaLM-Embedding/KaLM-embedding-multilingual-mini-instruct-v2.5,hidden,mean,1,abtt_fixed,10,0.001,0.4120603015075377,0.965907091361985,0.05323337972009804,0.5523415803909302,0.0009576150332577527,0.5513839653576724,0.8043818466353677,0.9389671361502347,0.88125,0.786833855799373,0.8341158059467919,0.9913721371044053,0.8560250391236307,639,639,320,319
KaLM-Embedding/KaLM-embedding-multilingual-mini-instruct-v2.5,hidden,mean,1,abtt_optimal,10,0.001,0.4120603015075377,0.965907091361985,0.05323337972009804,0.5523415803909302,0.0009576150332577527,0.5513839653576724,0.8043818466353677,0.9389671361502347,0.88125,0.786833855799373,0.8341158059467919,0.9913721371044053,0.8560250391236307,639,639,320,319
KaLM-Embedding/KaLM-embedding-multilingual-mini-instruct-v2.5,hidden,mean,1,whitening,10,0.001,0.0,0.549794022213099,0.005689340686857225,0.19668379426002502,0.003848972264677286,0.19283482199534774,0.08607198748043818,0.09859154929577464,1.0,0.0,0.5007824726134585,0.49696239063357117,0.004694835680751174,639,639,320,319
KaLM-Embedding/KaLM-embedding-multilingual-mini-instruct-v2.5,hidden,mean,2,baseline,10,0.001,0.9849246231155779,0.9247401158912363,0.048529744000296464,0.9702815413475037,0.9264616370201111,0.04381990432739258,0.5993740219092332,0.8998435054773083,0.240625,0.9780564263322884,0.6087636932707355,0.9109144779181434,0.5320813771517997,639,639,320,319
KaLM-Embedding/KaLM-embedding-multilingual-mini-instruct-v2.5,hidden,mean,2,abtt_fixed,10,0.001,0.4170854271356784,0.9685465599083679,0.05353495879883281,0.5505909323692322,0.0009061620221473277,0.5496847703470849,0.8137715179968701,0.9358372456964006,0.859375,0.8275862068965517,0.8435054773082942,0.9933891930783677,0.8528951486697965,639,639,320,319
KaLM-Embedding/KaLM-embedding-multilingual-mini-instruct-v2.5,hidden,mean,2,abtt_optimal,10,0.001,0.4170854271356784,0.9685465599083679,0.05353495879883281,0.5505909323692322,0.0009061620221473277,0.5496847703470849,0.8137715179968701,0.9358372456964006,0.859375,0.8275862068965517,0.8435054773082942,0.9933891930783677,0.8528951486697965,639,639,320,319
KaLM-Embedding/KaLM-embedding-multilingual-mini-instruct-v2.5,hidden,mean,2,whitening,10,0.001,0.0,0.5474267786564282,0.005418865317901229,0.09007112681865692,0.00021001276036258787,0.08986111405829433,0.08763693270735524,0.10015649452269171,1.0,0.0,0.5007824726134585,0.4988654786909239,0.003129890453834116,639,639,320,319
KaLM-Embedding/KaLM-embedding-multilingual-mini-instruct-v2.5,hidden,mean,3,baseline,10,0.001,0.9798994974874372,0.8902383222436853,0.04458765529556997,0.9530075788497925,0.8940545320510864,0.058953046798706055,0.6009389671361502,0.8857589984350548,0.25625,0.9686520376175548,0.6118935837245696,0.8782602463074752,0.5226917057902973,639,639,320,319
KaLM-Embedding/KaLM-embedding-multilingual-mini-instruct-v2.5,hidden,mean,3,abtt_fixed,10,0.001,0.3768844221105528,0.9652073876360412,0.0531534333212878,0.5424679517745972,0.0007953675230965018,0.5416725842515007,0.7824726134585289,0.9374021909233177,0.875,0.7554858934169278,0.8153364632237872,0.992652126099749,0.865414710485133,639,639,320,319
KaLM-Embedding/KaLM-embedding-multilingual-mini-instruct-v2.5,hidden,mean,3,abtt_optimal,7,0.001,0.4623115577889447,0.9693860539483983,0.05363087728952399,0.5550352334976196,0.0012018963461741805,0.5538333371514454,0.8262910798122066,0.9499217527386542,0.815625,0.8934169278996865,0.8544600938967136,0.9928552742852805,0.8482003129890454,639,639,320,319
KaLM-Embedding/KaLM-embedding-multilingual-mini-instruct-v2.5,hidden,mean,3,whitening,10,0.001,0.0,0.5960843823801111,0.010978363650584399,0.20663833618164062,-0.0015527954092249274,0.20819113159086555,0.09389671361502347,0.10485133020344288,1.0,0.0,0.5007824726134585,0.5111619882792765,0.0,639,639,320,319
KaLM-Embedding/KaLM-embedding-multilingual-mini-instruct-v2.5,hidden,mean,4,baseline,10,0.001,0.9798994974874372,0.8831747966492268,0.04378059451648271,0.9520254135131836,0.8916298151016235,0.06039559841156006,0.5852895148669797,0.863849765258216,0.2625,0.9561128526645768,0.6087636932707355,0.8769081221488304,0.5195618153364632,639,639,320,319
KaLM-Embedding/KaLM-embedding-multilingual-mini-instruct-v2.5,hidden,mean,4,abtt_fixed,10,0.001,0.3969849246231156,0.9709710004672656,0.05381196931718201,0.5388835668563843,0.0008913656929507852,0.5379922011634335,0.7871674491392802,0.9358372456964006,0.859375,0.7899686520376176,0.8247261345852895,0.9947327802928598,0.8622848200312989,639,639,320,319
KaLM-Embedding/KaLM-embedding-multilingual-mini-instruct-v2.5,hidden,mean,4,abtt_optimal,10,0.001,0.3969849246231156,0.9709710004672656,0.05381196931718201,0.5388835668563843,0.0008913656929507852,0.5379922011634335,0.7871674491392802,0.9358372456964006,0.859375,0.7899686520376176,0.8247261345852895,0.9947327802928598,0.8622848200312989,639,639,320,319
KaLM-Embedding/KaLM-embedding-multilingual-mini-instruct-v2.5,hidden,mean,4,whitening,10,0.001,0.0,0.6046476839428381,0.011956784106565371,0.2520327866077423,0.012764142826199532,0.23926864378154278,0.09389671361502347,0.10172143974960876,1.0,0.0,0.5007824726134585,0.509037549866864,0.051643192488262914,639,639,320,319
KaLM-Embedding/KaLM-embedding-multilingual-mini-instruct-v2.5,hidden,mean,5,baseline,10,0.001,0.9798994974874372,0.8645979823915085,0.04165805415228205,0.9474700093269348,0.8853459358215332,0.06212407350540161,0.5696400625978091,0.8419405320813772,0.271875,0.9278996865203761,0.5993740219092332,0.8696958031783867,0.4835680751173709,639,639,320,319
KaLM-Embedding/KaLM-embedding-multilingual-mini-instruct-v2.5,hidden,mean,5,abtt_fixed,10,0.001,0.3969849246231156,0.9655430702165045,0.053191787573888975,0.5245805382728577,0.0008581314468756318,0.523722406825982,0.7699530516431925,0.9154929577464789,0.853125,0.7586206896551724,0.8059467918622848,0.9937530177205317,0.8497652582159625,639,639,320,319
KaLM-Embedding/KaLM-embedding-multilingual-mini-instruct-v2.5,hidden,mean,5,abtt_optimal,10,0.001,0.3969849246231156,0.9655430702165045,0.053191787573888975,0.5245805382728577,0.0008581314468756318,0.523722406825982,0.7699530516431925,0.9154929577464789,0.853125,0.7586206896551724,0.8059467918622848,0.9937530177205317,0.8497652582159625,639,639,320,319
KaLM-Embedding/KaLM-embedding-multilingual-mini-instruct-v2.5,hidden,mean,5,whitening,10,0.001,0.0,0.5861262416041195,0.009840569424669963,0.18934598565101624,-0.0017488165758550167,0.19109480222687125,0.08450704225352113,0.09546165884194054,1.0,0.0,0.5007824726134585,0.4896641553506008,0.19561815336463223,639,639,320,319
KaLM-Embedding/KaLM-embedding-multilingual-mini-instruct-v2.5,hidden,mean,6,baseline,10,0.001,0.9798994974874372,0.8680727860003861,0.042055076527340945,0.947170078754425,0.8860534429550171,0.06111663579940796,0.5618153364632238,0.837245696400626,0.23125,0.9435736677115988,0.5868544600938967,0.8755489807717622,0.46635367762128327,639,639,320,319
KaLM-Embedding/KaLM-embedding-multilingual-mini-instruct-v2.5,hidden,mean,6,abtt_fixed,10,0.001,0.3919597989949749,0.9616569923982297,0.05274777403566019,0.5088772773742676,0.0008282818016596138,0.508048995572608,0.7636932707355243,0.9014084507042254,0.85625,0.7554858934169278,0.8059467918622848,0.9908289790696694,0.8435054773082942,639,639,320,319
KaLM-Embedding/KaLM-embedding-multilingual-mini-instruct-v2.5,hidden,mean,6,abtt_optimal,7,0.001,0.4371859296482412,0.9620617847968932,0.05279402460334929,0.5118532180786133,0.0007370204548351467,0.5111161976237781,0.7902973395931142,0.9280125195618153,0.84375,0.8150470219435737,0.8294209702660407,0.9910182021925544,0.8215962441314554,639,639,320,319
KaLM-Embedding/KaLM-embedding-multilingual-mini-instruct-v2.5,hidden,mean,6,whitening,10,0.001,0.0,0.5883288294703732,0.0100922328781635,0.228162944316864,0.002788793994113803,0.2253741503227502,0.09546165884194054,0.1111111111111111,1.0,0.0,0.5007824726134585,0.4980177365347752,0.010954616588419406,639,639,320,319
KaLM-Embedding/KaLM-embedding-multilingual-mini-instruct-v2.5,hidden,mean,7,baseline,10,0.001,0.9698492462311558,0.8768105433974043,0.043053430847410125,0.9417046308517456,0.8715489506721497,0.07015568017959595,0.622848200312989,0.8622848200312989,0.4375,0.896551724137931,0.6666666666666666,0.8938972972575928,0.5383411580594679,639,639,320,319
KaLM-Embedding/KaLM-embedding-multilingual-mini-instruct-v2.5,hidden,mean,7,abtt_fixed,10,0.001,0.3969849246231156,0.9635924212633656,0.052968911300169126,0.5169448852539062,0.0005891069304198027,0.5163557783234864,0.784037558685446,0.918622848200313,0.8625,0.7648902821316614,0.8137715179968701,0.9912261283036736,0.8482003129890454,639,639,320,319
KaLM-Embedding/KaLM-embedding-multilingual-mini-instruct-v2.5,hidden,mean,7,abtt_optimal,10,0.001,0.3969849246231156,0.9635924212633656,0.052968911300169126,0.5169448852539062,0.0005891069304198027,0.5163557783234864,0.784037558685446,0.918622848200313,0.8625,0.7648902821316614,0.8137715179968701,0.9912261283036736,0.8482003129890454,639,639,320,319
KaLM-Embedding/KaLM-embedding-multilingual-mini-instruct-v2.5,hidden,mean,7,whitening,10,0.001,0.0,0.5731935912456886,0.008362917138802975,0.13181863725185394,-0.00024469129857607186,0.13206332855043001,0.08294209702660407,0.08607198748043818,1.0,0.0,0.5007824726134585,0.48320421574680394,0.001564945226917058,639,639,320,319
KaLM-Embedding/KaLM-embedding-multilingual-mini-instruct-v2.5,hidden,mean,8,baseline,10,0.001,0.9698492462311558,0.8790566788555679,0.04331006867062833,0.9409436583518982,0.8705799579620361,0.07036370038986206,0.6197183098591549,0.8701095461658842,0.403125,0.9122257053291536,0.6572769953051644,0.896962474679009,0.5336463223787168,639,639,320,319
KaLM-Embedding/KaLM-embedding-multilingual-mini-instruct-v2.5,hidden,mean,8,abtt_fixed,10,0.001,0.4371859296482412,0.9667936393659435,0.05333467447909587,0.5169309377670288,0.0005715284496545792,0.5163594093173742,0.8075117370892019,0.94679186228482,0.83125,0.8495297805642633,0.8403755868544601,0.9892302103330344,0.8450704225352113,639,639,320,319
KaLM-Embedding/KaLM-embedding-multilingual-mini-instruct-v2.5,hidden,mean,8,abtt_optimal,7,0.001,0.4472361809045226,0.9633216231569037,0.05293797058538651,0.5183072090148926,0.0005167204071767628,0.5177904886077158,0.8262910798122066,0.9436619718309859,0.859375,0.8495297805642633,0.8544600938967136,0.9901976136207399,0.8356807511737089,639,639,320,319
KaLM-Embedding/KaLM-embedding-multilingual-mini-instruct-v2.5,hidden,mean,8,whitening,10,0.001,0.0,0.5676268329974516,0.007726875214265876,0.09915252029895782,-0.0013870856491848826,0.10053960594814271,0.07981220657276995,0.09076682316118936,1.0,0.0,0.5007824726134585,0.508397837439498,0.006259780907668232,639,639,320,319
KaLM-Embedding/KaLM-embedding-multilingual-mini-instruct-v2.5,hidden,mean,9,baseline,10,0.001,0.9698492462311558,0.8809204317248753,0.04352301641502471,0.9435882568359375,0.8797261714935303,0.06386208534240723,0.6103286384976526,0.8497652582159625,0.4125,0.9090909090909091,0.6604068857589984,0.900135103617318,0.5289514866979655,639,639,320,319
KaLM-Embedding/KaLM-embedding-multilingual-mini-instruct-v2.5,hidden,mean,9,abtt_fixed,10,0.001,0.4371859296482412,0.970417192788386,0.05374869263604036,0.4978732466697693,0.000645712367258966,0.4972275343025103,0.8012519561815337,0.94679186228482,0.825,0.8495297805642633,0.837245696400626,0.987321158503502,0.8247261345852895,639,639,320,319
KaLM-Embedding/KaLM-embedding-multilingual-mini-instruct-v2.5,hidden,mean,9,abtt_optimal,7,0.001,0.457286432160804,0.9668184604978323,0.053337510479584786,0.4960123598575592,0.0005446349387057126,0.4954677249188535,0.784037558685446,0.9420970266040689,0.8125,0.8338557993730408,0.8231611893583725,0.9873481451482675,0.7856025039123631,639,639,320,319
KaLM-Embedding/KaLM-embedding-multilingual-mini-instruct-v2.5,hidden,mean,9,whitening,10,0.001,0.0,0.5685514644047492,0.007832521081356006,0.1270136833190918,0.0072012958116829395,0.11981238750740886,0.07198748043818466,0.081377151799687,1.0,0.0,0.5007824726134585,0.47707761992253583,0.003129890453834116,639,639,320,319
KaLM-Embedding/KaLM-embedding-multilingual-mini-instruct-v2.5,hidden,mean,10,baseline,10,0.001,0.9698492462311558,0.8815295007116497,0.0435926071150807,0.9428691864013672,0.8783866763114929,0.06448251008987427,0.6134585289514867,0.8341158059467919,0.409375,0.9153605015673981,0.6619718309859155,0.9043898405966591,0.5164319248826291,639,639,320,319
KaLM-Embedding/KaLM-embedding-multilingual-mini-instruct-v2.5,hidden,mean,10,abtt_fixed,10,0.001,0.4020100502512563,0.967971913097368,0.05346930109054278,0.4814486801624298,0.0008161388104781508,0.48063254135195166,0.7762128325508607,0.9217527386541471,0.84375,0.786833855799373,0.8153364632237872,0.9869739702528426,0.8278560250391236,639,639,320,319
KaLM-Embedding/KaLM-embedding-multilingual-mini-instruct-v2.5,hidden,mean,10,abtt_optimal,10,0.001,0.4020100502512563,0.967971913097368,0.05346930109054278,0.4814486801624298,0.0008161388104781508,0.48063254135195166,0.7762128325508607,0.9217527386541471,0.84375,0.786833855799373,0.8153364632237872,0.9869739702528426,0.8278560250391236,639,639,320,319
KaLM-Embedding/KaLM-embedding-multilingual-mini-instruct-v2.5,hidden,mean,10,whitening,10,0.001,0.0,0.5639581502443023,0.007307704513580746,0.1674969643354416,-0.0015352278714999557,0.16903219220694155,0.07355242566510173,0.08607198748043818,1.0,0.0,0.5007824726134585,0.495791683733839,0.004694835680751174,639,639,320,319
KaLM-Embedding/KaLM-embedding-multilingual-mini-instruct-v2.5,hidden,mean,11,baseline,10,0.001,0.9698492462311558,0.8804566061796477,0.04347002086757525,0.9446792006492615,0.8848375082015991,0.059841692447662354,0.6181533646322379,0.8200312989045383,0.409375,0.9310344827586207,0.6697965571205008,0.908191975622494,0.5039123630672926,639,639,320,319
KaLM-Embedding/KaLM-embedding-multilingual-mini-instruct-v2.5,hidden,mean,11,abtt_fixed,10,0.001,0.38190954773869346,0.9709821058221748,0.05381323818727571,0.4646179676055908,0.0007532294257543981,0.4638647381798364,0.758998435054773,0.917057902973396,0.86875,0.7460815047021944,0.8075117370892019,0.9862054840960818,0.8278560250391236,639,639,320,319
KaLM-Embedding/KaLM-embedding-multilingual-mini-instruct-v2.5,hidden,mean,11,abtt_optimal,10,0.001,0.38190954773869346,0.9709821058221748,0.05381323818727571,0.4646179676055908,0.0007532294257543981,0.4638647381798364,0.758998435054773,0.917057902973396,0.86875,0.7460815047021944,0.8075117370892019,0.9862054840960818,0.8278560250391236,639,639,320,319
KaLM-Embedding/KaLM-embedding-multilingual-mini-instruct-v2.5,hidden,mean,11,whitening,10,0.001,0.0,0.5187802391403233,0.0021457841156308287,0.006062156520783901,0.0006186629761941731,0.005443493544589728,0.07042253521126761,0.0892018779342723,1.0,0.0,0.5007824726134585,0.49760001343805965,0.0,639,639,320,319
KaLM-Embedding/KaLM-embedding-multilingual-mini-instruct-v2.5,hidden,mean,12,baseline,10,0.001,0.964824120603015,0.8884489553422708,0.0443832067059437,0.9399116635322571,0.8718144297599792,0.06809723377227783,0.6416275430359938,0.838810641627543,0.440625,0.9404388714733543,0.6901408450704225,0.9165303825755247,0.5446009389671361,639,639,320,319
KaLM-Embedding/KaLM-embedding-multilingual-mini-instruct-v2.5,hidden,mean,12,abtt_fixed,10,0.001,0.3919597989949749,0.9718964393356271,0.05391770764913834,0.4650166928768158,0.0008610582444816828,0.4641556346323341,0.755868544600939,0.9280125195618153,0.828125,0.7648902821316614,0.7965571205007824,0.9831959551164203,0.8215962441314554,639,639,320,319
KaLM-Embedding/KaLM-embedding-multilingual-mini-instruct-v2.5,hidden,mean,12,abtt_optimal,10,0.001,0.3919597989949749,0.9718964393356271,0.05391770764913834,0.4650166928768158,0.0008610582444816828,0.4641556346323341,0.755868544600939,0.9280125195618153,0.828125,0.7648902821316614,0.7965571205007824,0.9831959551164203,0.8215962441314554,639,639,320,319
KaLM-Embedding/KaLM-embedding-multilingual-mini-instruct-v2.5,hidden,mean,12,whitening,10,0.001,0.0,0.5710167315223817,0.008114198150110323,0.09000488370656967,-0.00154557591304183,0.0915504596196115,0.08450704225352113,0.10172143974960876,1.0,0.0,0.5007824726134585,0.5000547849612271,0.004694835680751174,639,639,320,319
KaLM-Embedding/KaLM-embedding-multilingual-mini-instruct-v2.5,hidden,mean,13,baseline,10,0.001,0.964824120603015,0.8840350634547149,0.04387888645142915,0.9412868022918701,0.8770431876182556,0.0642436146736145,0.6494522691705791,0.8231611893583725,0.49375,0.9122257053291536,0.702660406885759,0.9098659995654045,0.5477308294209703,639,639,320,319
KaLM-Embedding/KaLM-embedding-multilingual-mini-instruct-v2.5,hidden,mean,13,abtt_fixed,10,0.001,0.3969849246231156,0.9716404078116394,0.053888454127160305,0.45563650131225586,0.0007668740581721067,0.45486962725408375,0.7527386541471048,0.9264475743348983,0.821875,0.7648902821316614,0.7934272300469484,0.9824610295695108,0.8200312989045383,639,639,320,319
KaLM-Embedding/KaLM-embedding-multilingual-mini-instruct-v2.5,hidden,mean,13,abtt_optimal,10,0.001,0.3969849246231156,0.9716404078116394,0.053888454127160305,0.45563650131225586,0.0007668740581721067,0.45486962725408375,0.7527386541471048,0.9264475743348983,0.821875,0.7648902821316614,0.7934272300469484,0.9824610295695108,0.8200312989045383,639,639,320,319
KaLM-Embedding/KaLM-embedding-multilingual-mini-instruct-v2.5,hidden,mean,13,whitening,10,0.001,0.0,0.5539977640628857,0.006169652844005681,0.13525158166885376,0.0012716708006337285,0.13397991086822003,0.07668231611893583,0.08450704225352113,1.0,0.0,0.5007824726134585,0.5127431477696793,0.025039123630672927,639,639,320,319
KaLM-Embedding/KaLM-embedding-multilingual-mini-instruct-v2.5,hidden,mean,14,baseline,10,0.001,0.9698492462311558,0.8871309466023122,0.04423261432170234,0.9449608325958252,0.8838161826133728,0.06114464998245239,0.6244131455399061,0.838810641627543,0.365625,0.9623824451410659,0.6635367762128326,0.9119518922070514,0.5086071987480438,639,639,320,319
KaLM-Embedding/KaLM-embedding-multilingual-mini-instruct-v2.5,hidden,mean,14,abtt_fixed,10,0.001,0.3869346733668342,0.9709710889561493,0.0538119794277007,0.45682641863822937,0.0007492408039979637,0.4560771778342314,0.7402190923317684,0.917057902973396,0.85,0.7241379310344828,0.7871674491392802,0.9830441897788359,0.8184663536776213,639,639,320,319
KaLM-Embedding/KaLM-embedding-multilingual-mini-instruct-v2.5,hidden,mean,14,abtt_optimal,10,0.001,0.3869346733668342,0.9709710889561493,0.0538119794277007,0.45682641863822937,0.0007492408039979637,0.4560771778342314,0.7402190923317684,0.917057902973396,0.85,0.7241379310344828,0.7871674491392802,0.9830441897788359,0.8184663536776213,639,639,320,319
KaLM-Embedding/KaLM-embedding-multilingual-mini-instruct-v2.5,hidden,mean,14,whitening,10,0.001,0.0,0.5603022541348532,0.006889990131629317,0.14441844820976257,-0.0008599884458817542,0.14527843665564433,0.07511737089201878,0.08763693270735524,1.0,0.0,0.5007824726134585,0.48619688958656077,0.03599374021909233,639,639,320,319
KaLM-Embedding/KaLM-embedding-multilingual-mini-instruct-v2.5,hidden,mean,15,baseline,10,0.001,0.964824120603015,0.8904892988401896,0.04461633125416633,0.9439886808395386,0.8797755241394043,0.06421315670013428,0.6588419405320813,0.8513302034428795,0.496875,0.9216300940438872,0.7089201877934272,0.9157482879656442,0.5821596244131455,639,639,320,319
KaLM-Embedding/KaLM-embedding-multilingual-mini-instruct-v2.5,hidden,mean,15,abtt_fixed,10,0.001,0.40703517587939697,0.9638532864926277,0.05299871710922844,0.4540063738822937,0.0008200421580113471,0.45318633172428235,0.7511737089201878,0.9248826291079812,0.796875,0.7836990595611285,0.7902973395931142,0.98380473191474,0.8043818466353677,639,639,320,319
KaLM-Embedding/KaLM-embedding-multilingual-mini-instruct-v2.5,hidden,mean,15,abtt_optimal,10,0.001,0.40703517587939697,0.9638532864926277,0.05299871710922844,0.4540063738822937,0.0008200421580113471,0.45318633172428235,0.7511737089201878,0.9248826291079812,0.796875,0.7836990595611285,0.7902973395931142,0.98380473191474,0.8043818466353677,639,639,320,319
KaLM-Embedding/KaLM-embedding-multilingual-mini-instruct-v2.5,hidden,mean,15,whitening,10,0.001,0.0,0.5595810033657189,0.00680758129087024,0.1265023797750473,0.011130893602967262,0.11537148617208004,0.07355242566510173,0.09076682316118936,1.0,0.0,0.5007824726134585,0.5020748918997214,0.00782472613458529,639,639,320,319
KaLM-Embedding/KaLM-embedding-multilingual-mini-instruct-v2.5,hidden,mean,16,baseline,10,0.001,0.964824120603015,0.8994041999213422,0.04563492556882972,0.946044385433197,0.8795995116233826,0.06644487380981445,0.704225352112676,0.8685446009389671,0.53125,0.9529780564263323,0.7417840375586855,0.9235153298533609,0.621283255086072,639,639,320,319
KaLM-Embedding/KaLM-embedding-multilingual-mini-instruct-v2.5,hidden,mean,16,abtt_fixed,10,0.001,0.40703517587939697,0.9590457739279803,0.05244942274001356,0.45730000734329224,0.0008899313979782164,0.456410075945314,0.7386541471048513,0.917057902973396,0.790625,0.7554858934169278,0.7730829420970265,0.9852526390900767,0.8137715179968701,639,639,320,319
KaLM-Embedding/KaLM-embedding-multilingual-mini-instruct-v2.5,hidden,mean,16,abtt_optimal,10,0.001,0.40703517587939697,0.9590457739279803,0.05244942274001356,0.45730000734329224,0.0008899313979782164,0.456410075945314,0.7386541471048513,0.917057902973396,0.790625,0.7554858934169278,0.7730829420970265,0.9852526390900767,0.8137715179968701,639,639,320,319
KaLM-Embedding/KaLM-embedding-multilingual-mini-instruct-v2.5,hidden,mean,16,whitening,10,0.001,0.0,0.550261619596996,0.005742768626108143,0.10569026321172714,0.0010951088042929769,0.10459515440743417,0.07668231611893583,0.08763693270735524,1.0,0.0,0.5007824726134585,0.49145278618571153,0.0,639,639,320,319
KaLM-Embedding/KaLM-embedding-multilingual-mini-instruct-v2.5,hidden,mean,17,baseline,10,0.001,0.964824120603015,0.9077600171739226,0.04658964036267868,0.948762059211731,0.8809497356414795,0.06781232357025146,0.7370892018779343,0.9076682316118936,0.55625,0.9717868338557993,0.7636932707355243,0.934573815600026,0.6807511737089202,639,639,320,319
KaLM-Embedding/KaLM-embedding-multilingual-mini-instruct-v2.5,hidden,mean,17,abtt_fixed,10,0.001,0.4020100502512563,0.964836796190943,0.05311109046906726,0.48129382729530334,0.0005688753444701433,0.4807249519508332,0.7699530516431925,0.9389671361502347,0.840625,0.7648902821316614,0.8028169014084507,0.9885250691078007,0.8294209702660407,639,639,320,319
KaLM-Embedding/KaLM-embedding-multilingual-mini-instruct-v2.5,hidden,mean,17,abtt_optimal,10,0.001,0.4020100502512563,0.964836796190943,0.05311109046906726,0.48129382729530334,0.0005688753444701433,0.4807249519508332,0.7699530516431925,0.9389671361502347,0.840625,0.7648902821316614,0.8028169014084507,0.9885250691078007,0.8294209702660407,639,639,320,319
KaLM-Embedding/KaLM-embedding-multilingual-mini-instruct-v2.5,hidden,mean,17,whitening,10,0.001,0.0,0.5406057900311874,0.004639517569771541,0.0008189528016373515,-1.5518411601078697e-05,0.0008344712132384302,0.06885758998435054,0.08607198748043818,1.0,0.0,0.5007824726134585,0.4912483197532408,0.006259780907668232,639,639,320,319
KaLM-Embedding/KaLM-embedding-multilingual-mini-instruct-v2.5,hidden,mean,18,baseline,10,0.001,0.9698492462311558,0.9274944761920437,0.048844450323712596,0.9630613327026367,0.9082844853401184,0.05477684736251831,0.7902973395931142,0.9123630672926447,0.696875,0.9341692789968652,0.8153364632237872,0.9449966127385852,0.7464788732394366,639,639,320,319
KaLM-Embedding/KaLM-embedding-multilingual-mini-instruct-v2.5,hidden,mean,18,abtt_fixed,10,0.001,0.4170854271356784,0.9699573492429266,0.05369615206191889,0.503645658493042,0.0008356262696906924,0.5028100322233513,0.784037558685446,0.9374021909233177,0.840625,0.780564263322884,0.810641627543036,0.9874546295669687,0.8450704225352113,639,639,320,319
KaLM-Embedding/KaLM-embedding-multilingual-mini-instruct-v2.5,hidden,mean,18,abtt_optimal,10,0.001,0.4170854271356784,0.9699573492429266,0.05369615206191889,0.503645658493042,0.0008356262696906924,0.5028100322233513,0.784037558685446,0.9374021909233177,0.840625,0.780564263322884,0.810641627543036,0.9874546295669687,0.8450704225352113,639,639,320,319
KaLM-Embedding/KaLM-embedding-multilingual-mini-instruct-v2.5,hidden,mean,18,whitening,10,0.001,0.0,0.5779164863152605,0.008902543894345066,0.18836525082588196,0.00014051389007363468,0.18822473693580832,0.08607198748043818,0.10328638497652583,1.0,0.0,0.5007824726134585,0.5190772091821184,0.00782472613458529,639,639,320,319
KaLM-Embedding/KaLM-embedding-multilingual-mini-instruct-v2.5,hidden,mean,19,baseline,10,0.001,0.9698492462311558,0.9374208162754419,0.049978609130684463,0.9641760587692261,0.9083772897720337,0.05579876899719238,0.7918622848200313,0.9264475743348983,0.69375,0.9310344827586207,0.812206572769953,0.9563783050033815,0.758998435054773,639,639,320,319
KaLM-Embedding/KaLM-embedding-multilingual-mini-instruct-v2.5,hidden,mean,19,abtt_fixed,10,0.001,0.4170854271356784,0.9683918149729298,0.05351727802929629,0.5130513906478882,0.0010453823488205671,0.5120060082990676,0.7668231611893583,0.9342723004694836,0.846875,0.7460815047021944,0.7965571205007824,0.9891307258631461,0.8466353677621283,639,639,320,319
KaLM-Embedding/KaLM-embedding-multilingual-mini-instruct-v2.5,hidden,mean,19,abtt_optimal,10,0.001,0.4170854271356784,0.9683918149729298,0.05351727802929629,0.5130513906478882,0.0010453823488205671,0.5120060082990676,0.7668231611893583,0.9342723004694836,0.846875,0.7460815047021944,0.7965571205007824,0.9891307258631461,0.8466353677621283,639,639,320,319
KaLM-Embedding/KaLM-embedding-multilingual-mini-instruct-v2.5,hidden,mean,19,whitening,10,0.001,0.0,0.5826039968924474,0.009438128690493522,0.1428738534450531,0.002556079300120473,0.14031777414493263,0.08450704225352113,0.10015649452269171,1.0,0.0,0.5007824726134585,0.5070763783526675,0.001564945226917058,639,639,320,319
KaLM-Embedding/KaLM-embedding-multilingual-mini-instruct-v2.5,hidden,mean,20,baseline,10,0.001,0.9748743718592965,0.9415923149882163,0.05045523414694621,0.9692521691322327,0.9201703071594238,0.04908186197280884,0.7934272300469484,0.9264475743348983,0.671875,0.9498432601880877,0.810641627543036,0.9587114178767042,0.7355242566510172,639,639,320,319
KaLM-Embedding/KaLM-embedding-multilingual-mini-instruct-v2.5,hidden,mean,20,abtt_fixed,10,0.001,0.44221105527638194,0.9678146683509641,0.05345133469885365,0.5139257907867432,0.0010615409119054675,0.5128642498748377,0.7856025039123631,0.9311424100156495,0.815625,0.8087774294670846,0.812206572769953,0.9892755948695808,0.837245696400626,639,639,320,319
KaLM-Embedding/KaLM-embedding-multilingual-mini-instruct-v2.5,hidden,mean,20,abtt_optimal,10,0.001,0.44221105527638194,0.9678146683509641,0.05345133469885365,0.5139257907867432,0.0010615409119054675,0.5128642498748377,0.7856025039123631,0.9311424100156495,0.815625,0.8087774294670846,0.812206572769953,0.9892755948695808,0.837245696400626,639,639,320,319
KaLM-Embedding/KaLM-embedding-multilingual-mini-instruct-v2.5,hidden,mean,20,whitening,10,0.001,0.0,0.5869607028388871,0.009935914598552458,0.19955812394618988,0.006104497704654932,0.19345362624153495,0.10015649452269171,0.1111111111111111,1.0,0.0,0.5007824726134585,0.4987359508552015,0.0,639,639,320,319
KaLM-Embedding/KaLM-embedding-multilingual-mini-instruct-v2.5,hidden,mean,21,baseline,10,0.001,0.9798994974874372,0.9420337086014159,0.05050566667801725,0.9767892360687256,0.9386196732521057,0.03816956281661987,0.8028169014084507,0.9248826291079812,0.728125,0.9278996865203761,0.8278560250391236,0.9598273398152092,0.7652582159624414,639,639,320,319
KaLM-Embedding/KaLM-embedding-multilingual-mini-instruct-v2.5,hidden,mean,21,abtt_fixed,10,0.001,0.4321608040201005,0.9693450393507854,0.05362619106411717,0.5186894536018372,0.0011278333840891719,0.517561620217748,0.7777777777777778,0.9280125195618153,0.83125,0.780564263322884,0.8059467918622848,0.986892866405125,0.8184663536776213,639,639,320,319
KaLM-Embedding/KaLM-embedding-multilingual-mini-instruct-v2.5,hidden,mean,21,abtt_optimal,10,0.001,0.4321608040201005,0.9693450393507854,0.05362619106411717,0.5186894536018372,0.0011278333840891719,0.517561620217748,0.7777777777777778,0.9280125195618153,0.83125,0.780564263322884,0.8059467918622848,0.986892866405125,0.8184663536776213,639,639,320,319
KaLM-Embedding/KaLM-embedding-multilingual-mini-instruct-v2.5,hidden,mean,21,whitening,10,0.001,0.0,0.568086156670719,0.007779354342339436,0.14464668929576874,-0.0003980287001468241,0.14504471799591556,0.07981220657276995,0.09233176838810642,1.0,0.0,0.5007824726134585,0.5044030023425191,0.004694835680751174,639,639,320,319
KaLM-Embedding/KaLM-embedding-multilingual-mini-instruct-v2.5,hidden,mean,22,baseline,10,0.001,0.9748743718592965,0.9548962093972628,0.0519753038690188,0.9729433655738831,0.927127480506897,0.045815885066986084,0.8356807511737089,0.945226917057903,0.74375,0.9592476489028213,0.8513302034428795,0.9735063220244938,0.784037558685446,639,639,320,319
KaLM-Embedding/KaLM-embedding-multilingual-mini-instruct-v2.5,hidden,mean,22,abtt_fixed,10,0.001,0.46733668341708545,0.9717115418130549,0.05389658172036188,0.5299756526947021,0.0011421504896134138,0.5288335022050887,0.8153364632237872,0.9405320813771518,0.80625,0.8746081504702194,0.8403755868544601,0.9880274625491801,0.8325508607198748,639,639,320,319
KaLM-Embedding/KaLM-embedding-multilingual-mini-instruct-v2.5,hidden,mean,22,abtt_optimal,10,0.001,0.46733668341708545,0.9717115418130549,0.05389658172036188,0.5299756526947021,0.0011421504896134138,0.5288335022050887,0.8153364632237872,0.9405320813771518,0.80625,0.8746081504702194,0.8403755868544601,0.9880274625491801,0.8325508607198748,639,639,320,319
KaLM-Embedding/KaLM-embedding-multilingual-mini-instruct-v2.5,hidden,mean,22,whitening,10,0.001,0.0,0.5581718400143989,0.006646571221660937,0.13836948573589325,-0.0015233932062983513,0.1398928789421916,0.08607198748043818,0.0892018779342723,1.0,0.0,0.5007824726134585,0.49874749271159113,0.004694835680751174,639,639,320,319
KaLM-Embedding/KaLM-embedding-multilingual-mini-instruct-v2.5,hidden,mean,23,baseline,10,0.001,0.9698492462311558,0.9583955354880465,0.05237512812154433,0.9672902822494507,0.9116741418838501,0.055616140365600586,0.8544600938967136,0.9514866979655712,0.75625,0.9811912225705329,0.8685446009389671,0.9760608370617079,0.7746478873239436,639,639,320,319
KaLM-Embedding/KaLM-embedding-multilingual-mini-instruct-v2.5,hidden,mean,23,abtt_fixed,10,0.001,0.4321608040201005,0.9709984098990037,0.05381510105034243,0.5354633331298828,0.0011205823393538594,0.534342750790529,0.8231611893583725,0.94679186228482,0.846875,0.8432601880877743,0.8450704225352113,0.990114218671355,0.8528951486697965,639,639,320,319
KaLM-Embedding/KaLM-embedding-multilingual-mini-instruct-v2.5,hidden,mean,23,abtt_optimal,10,0.001,0.4321608040201005,0.9709984098990037,0.05381510105034243,0.5354633331298828,0.0011205823393538594,0.534342750790529,0.8231611893583725,0.94679186228482,0.846875,0.8432601880877743,0.8450704225352113,0.990114218671355,0.8528951486697965,639,639,320,319
KaLM-Embedding/KaLM-embedding-multilingual-mini-instruct-v2.5,hidden,mean,23,whitening,10,0.001,0.0,0.5266890769189181,0.003049427766450563,0.008247963152825832,0.006456779316067696,0.0017911838367581367,0.08607198748043818,0.09233176838810642,1.0,0.0,0.5007824726134585,0.5031746840219652,0.003129890453834116,639,639,320,319
KaLM-Embedding/KaLM-embedding-multilingual-mini-instruct-v2.5,hidden,mean,24,baseline,10,0.001,0.8492462311557789,0.9304567743085268,0.04918291510204425,0.8310790061950684,0.6016685962677002,0.22941040992736816,0.8153364632237872,0.945226917057903,0.725,0.9561128526645768,0.8403755868544601,0.9712790373246711,0.784037558685446,639,639,320,319
KaLM-Embedding/KaLM-embedding-multilingual-mini-instruct-v2.5,hidden,mean,24,abtt_fixed,10,0.001,0.4221105527638191,0.9709194556924876,0.053806079940051724,0.5068807601928711,0.0013022383209317923,0.5055785218719393,0.7777777777777778,0.917057902973396,0.8125,0.7899686520376176,0.8012519561815337,0.9891909507516989,0.812206572769953,639,639,320,319
KaLM-Embedding/KaLM-embedding-multilingual-mini-instruct-v2.5,hidden,mean,24,abtt_optimal,10,0.001,0.4221105527638191,0.9709194556924876,0.053806079940051724,0.5068807601928711,0.0013022383209317923,0.5055785218719393,0.7777777777777778,0.917057902973396,0.8125,0.7899686520376176,0.8012519561815337,0.9891909507516989,0.812206572769953,639,639,320,319
KaLM-Embedding/KaLM-embedding-multilingual-mini-instruct-v2.5,hidden,mean,24,whitening,10,0.001,0.0,0.5519549871206642,0.005936255402537228,0.06459122151136398,-0.000892280600965023,0.065483502112329,0.06572769953051644,0.0782472613458529,1.0,0.0,0.5007824726134585,0.5062282735346972,0.009389671361502348,639,639,320,319
KaLM-Embedding/KaLM-embedding-multilingual-mini-instruct-v2.5,hidden,sif,1,sif_only,10,0.001,0.9547738693467337,0.9111883309355058,0.046981350923895875,0.9241076111793518,0.8165668845176697,0.10754072666168213,0.6697965571205008,0.8935837245696401,0.459375,0.9341692789968652,0.6964006259780907,0.9115042351187017,0.6071987480438185,639,639,320,319
KaLM-Embedding/KaLM-embedding-multilingual-mini-instruct-v2.5,hidden,sif,1,sif_abtt_fixed,10,0.001,0.3969849246231156,0.957462243231253,0.05226849248065406,0.5274865031242371,0.0015559170860797167,0.5259305860381573,0.8137715179968701,0.9342723004694836,0.859375,0.8244514106583072,0.8419405320813772,0.9896693419903051,0.838810641627543,639,639,320,319
KaLM-Embedding/KaLM-embedding-multilingual-mini-instruct-v2.5,hidden,sif,1,sif_abtt_optimal,3,0.001,0.44221105527638194,0.9656511151435496,0.05320413251719485,0.5516361594200134,0.002098164753988385,0.549537994666025,0.8262910798122066,0.9374021909233177,0.83125,0.8746081504702194,0.8528951486697965,0.9931955777178643,0.8278560250391236,639,639,320,319
KaLM-Embedding/KaLM-embedding-multilingual-mini-instruct-v2.5,hidden,sif,2,sif_only,10,0.001,0.9698492462311558,0.9161885059222734,0.04755265841994914,0.9497846961021423,0.879197895526886,0.07058680057525635,0.6635367762128326,0.8967136150234741,0.4625,0.9310344827586207,0.6964006259780907,0.9089557817147936,0.6259780907668232,639,639,320,319
KaLM-Embedding/KaLM-embedding-multilingual-mini-instruct-v2.5,hidden,sif,2,sif_abtt_fixed,10,0.001,0.4321608040201005,0.9618983900730693,0.052775355530611474,0.5234498977661133,0.0014591319486498833,0.5219907658174634,0.7887323943661971,0.9327073552425665,0.815625,0.8213166144200627,0.8184663536776213,0.9910613762189496,0.8294209702660407,639,639,320,319
KaLM-Embedding/KaLM-embedding-multilingual-mini-instruct-v2.5,hidden,sif,2,sif_abtt_optimal,7,0.001,0.3919597989949749,0.9661969145784506,0.05326649419639573,0.5335084199905396,0.0016977550694718957,0.5318106649210677,0.7543035993740219,0.92018779342723,0.8625,0.7147335423197492,0.7887323943661971,0.9926113928449792,0.838810641627543,639,639,320,319
KaLM-Embedding/KaLM-embedding-multilingual-mini-instruct-v2.5,hidden,sif,3,sif_only,10,0.001,0.964824120603015,0.875699089834313,0.04292643894134671,0.9229956269264221,0.8307838439941406,0.0922117829322815,0.647887323943662,0.892018779342723,0.396875,0.9623824451410659,0.6791862284820032,0.8847924707445314,0.5665101721439749,639,639,320,319
KaLM-Embedding/KaLM-embedding-multilingual-mini-instruct-v2.5,hidden,sif,3,sif_abtt_fixed,10,0.001,0.36683417085427134,0.9573398188606004,0.05225450457806389,0.5264142751693726,0.0010419758036732674,0.5253722993656993,0.7543035993740219,0.9280125195618153,0.878125,0.6927899686520376,0.7856025039123631,0.9943494870430603,0.8560250391236307,639,639,320,319
KaLM-Embedding/KaLM-embedding-multilingual-mini-instruct-v2.5,hidden,sif,3,sif_abtt_optimal,10,0.001,0.36683417085427134,0.9573398188606004,0.05225450457806389,0.5264142751693726,0.0010419758036732674,0.5253722993656993,0.7543035993740219,0.9280125195618153,0.878125,0.6927899686520376,0.7856025039123631,0.9943494870430603,0.8560250391236307,639,639,320,319
KaLM-Embedding/KaLM-embedding-multilingual-mini-instruct-v2.5,hidden,sif,4,sif_only,10,0.001,0.964824120603015,0.8654369454982365,0.04175391197982648,0.9238864183425903,0.8349113464355469,0.08897507190704346,0.6400625978090767,0.8779342723004695,0.428125,0.9278996865203761,0.6776212832550861,0.8835950535138027,0.5805946791862285,639,639,320,319
KaLM-Embedding/KaLM-embedding-multilingual-mini-instruct-v2.5,hidden,sif,4,sif_abtt_fixed,10,0.001,0.40703517587939697,0.9617318761160938,0.052756330062090226,0.530720055103302,0.0013196556828916073,0.5294003994204104,0.7746478873239436,0.9436619718309859,0.84375,0.768025078369906,0.8059467918622848,0.9943423143981418,0.8419405320813772,639,639,320,319
KaLM-Embedding/KaLM-embedding-multilingual-mini-instruct-v2.5,hidden,sif,4,sif_abtt_optimal,10,0.001,0.40703517587939697,0.9617318761160938,0.052756330062090226,0.530720055103302,0.0013196556828916073,0.5294003994204104,0.7746478873239436,0.9436619718309859,0.84375,0.768025078369906,0.8059467918622848,0.9943423143981418,0.8419405320813772,639,639,320,319
KaLM-Embedding/KaLM-embedding-multilingual-mini-instruct-v2.5,hidden,sif,5,sif_only,10,0.001,0.9698492462311558,0.8470876693439421,0.03965736955061176,0.923149049282074,0.8406704068183899,0.08247864246368408,0.5915492957746479,0.865414710485133,0.328125,0.9310344827586207,0.6291079812206573,0.8767107477697622,0.5179968701095462,639,639,320,319
KaLM-Embedding/KaLM-embedding-multilingual-mini-instruct-v2.5,hidden,sif,5,sif_abtt_fixed,10,0.001,0.4170854271356784,0.9550443176664207,0.05199222634924265,0.519132137298584,0.0009553173440508544,0.5181768199545331,0.7809076682316118,0.9342723004694836,0.825,0.7962382445141066,0.810641627543036,0.9941513355315168,0.8435054773082942,639,639,320,319
KaLM-Embedding/KaLM-embedding-multilingual-mini-instruct-v2.5,hidden,sif,5,sif_abtt_optimal,10,0.001,0.4170854271356784,0.9550443176664207,0.05199222634924265,0.519132137298584,0.0009553173440508544,0.5181768199545331,0.7809076682316118,0.9342723004694836,0.825,0.7962382445141066,0.810641627543036,0.9941513355315168,0.8435054773082942,639,639,320,319
KaLM-Embedding/KaLM-embedding-multilingual-mini-instruct-v2.5,hidden,sif,6,sif_only,10,0.001,0.964824120603015,0.8499878925084824,0.0399887418002613,0.9222614169120789,0.8398036956787109,0.08245772123336792,0.6197183098591549,0.8622848200312989,0.434375,0.8996865203761756,0.6666666666666666,0.8800315614797329,0.5492957746478874,639,639,320,319
KaLM-Embedding/KaLM-embedding-multilingual-mini-instruct-v2.5,hidden,sif,6,sif_abtt_fixed,10,0.001,0.4472361809045226,0.9511216165113886,0.051544028320094734,0.5072260499000549,0.0007633432396687567,0.5064627066603862,0.7918622848200313,0.9436619718309859,0.8125,0.8275862068965517,0.8200312989045383,0.992774751847785,0.8262910798122066,639,639,320,319
KaLM-Embedding/KaLM-embedding-multilingual-mini-instruct-v2.5,hidden,sif,6,sif_abtt_optimal,10,0.001,0.4472361809045226,0.9511216165113886,0.051544028320094734,0.5072260499000549,0.0007633432396687567,0.5064627066603862,0.7918622848200313,0.9436619718309859,0.8125,0.8275862068965517,0.8200312989045383,0.992774751847785,0.8262910798122066,639,639,320,319
KaLM-Embedding/KaLM-embedding-multilingual-mini-instruct-v2.5,hidden,sif,7,sif_only,10,0.001,0.9597989949748744,0.8554152143981678,0.04060885403373367,0.916740357875824,0.8260632157325745,0.09067714214324951,0.6400625978090767,0.8841940532081377,0.459375,0.9090909090909091,0.6838810641627543,0.8944397817775169,0.5743348982785602,639,639,320,319
KaLM-Embedding/KaLM-embedding-multilingual-mini-instruct-v2.5,hidden,sif,7,sif_abtt_fixed,10,0.001,0.4170854271356784,0.9578206453326162,0.05230944260892611,0.5126530528068542,0.000591076968703419,0.5120619758381508,0.7918622848200313,0.9342723004694836,0.853125,0.7931034482758621,0.8231611893583725,0.9916154774302424,0.838810641627543,639,639,320,319
KaLM-Embedding/KaLM-embedding-multilingual-mini-instruct-v2.5,hidden,sif,7,sif_abtt_optimal,10,0.001,0.4170854271356784,0.9578206453326162,0.05230944260892611,0.5126530528068542,0.000591076968703419,0.5120619758381508,0.7918622848200313,0.9342723004694836,0.853125,0.7931034482758621,0.8231611893583725,0.9916154774302424,0.838810641627543,639,639,320,319
KaLM-Embedding/KaLM-embedding-multilingual-mini-instruct-v2.5,hidden,sif,8,sif_only,10,0.001,0.9597989949748744,0.8575734914558895,0.040855453375719594,0.9183794260025024,0.82961505651474,0.08876436948776245,0.6494522691705791,0.8873239436619719,0.471875,0.9122257053291536,0.6917057902973396,0.896621601349277,0.5821596244131455,639,639,320,319
KaLM-Embedding/KaLM-embedding-multilingual-mini-instruct-v2.5,hidden,sif,8,sif_abtt_fixed,10,0.001,0.4371859296482412,0.9569348937286115,0.052208238844597216,0.5116105079650879,0.0006021955632604659,0.5110083124018274,0.7949921752738655,0.9436619718309859,0.828125,0.8213166144200627,0.8247261345852895,0.9894136020840872,0.8309859154929577,639,639,320,319
KaLM-Embedding/KaLM-embedding-multilingual-mini-instruct-v2.5,hidden,sif,8,sif_abtt_optimal,7,0.001,0.44221105527638194,0.9591240423456475,0.05245836549378276,0.5184177160263062,0.0005937633104622364,0.5178239527158439,0.784037558685446,0.9264475743348983,0.825,0.799373040752351,0.812206572769953,0.9912560622953076,0.8294209702660407,639,639,320,319
KaLM-Embedding/KaLM-embedding-multilingual-mini-instruct-v2.5,hidden,sif,9,sif_only,10,0.001,0.9597989949748744,0.8603020793693079,0.04116721501058869,0.9232408404350281,0.8434950709342957,0.07974576950073242,0.6275430359937402,0.8732394366197183,0.45625,0.8840125391849529,0.6697965571205008,0.8989747527273839,0.5805946791862285,639,639,320,319
KaLM-Embedding/KaLM-embedding-multilingual-mini-instruct-v2.5,hidden,sif,9,sif_abtt_fixed,10,0.001,0.40703517587939697,0.9593112516403074,0.052479755559859495,0.4986919164657593,0.000653234776109457,0.4980386816896498,0.7668231611893583,0.9248826291079812,0.84375,0.7586206896551724,0.8012519561815337,0.9879678018012388,0.8419405320813772,639,639,320,319
KaLM-Embedding/KaLM-embedding-multilingual-mini-instruct-v2.5,hidden,sif,9,sif_abtt_optimal,7,0.001,0.4472361809045226,0.962791596865529,0.052877411106140165,0.5069996118545532,0.0005895978538319468,0.5064100140007213,0.784037558685446,0.9374021909233177,0.825,0.8087774294670846,0.8169014084507042,0.9890917656217271,0.8059467918622848,639,639,320,319
KaLM-Embedding/KaLM-embedding-multilingual-mini-instruct-v2.5,hidden,sif,10,sif_only,10,0.001,0.9597989949748744,0.8604347684504743,0.041182375733348126,0.9233089089393616,0.844754695892334,0.07855421304702759,0.6400625978090767,0.86697965571205,0.475,0.8934169278996865,0.6838810641627543,0.9018241463648771,0.5868544600938967,639,639,320,319
KaLM-Embedding/KaLM-embedding-multilingual-mini-instruct-v2.5,hidden,sif,10,sif_abtt_fixed,10,0.001,0.40703517587939697,0.9588088670639907,0.05242235435388489,0.4900471568107605,0.0008570829522795975,0.4891900738584809,0.7777777777777778,0.9295774647887324,0.84375,0.7836990595611285,0.8137715179968701,0.987186340410412,0.8341158059467919,639,639,320,319
KaLM-Embedding/KaLM-embedding-multilingual-mini-instruct-v2.5,hidden,sif,10,sif_abtt_optimal,7,0.001,0.3919597989949749,0.9643975152498424,0.05306089932672415,0.4952472448348999,0.0008093743235804141,0.4944378705113195,0.7323943661971831,0.9014084507042254,0.853125,0.6865203761755486,0.7699530516431925,0.9883258353673289,0.8278560250391236,639,639,320,319
KaLM-Embedding/KaLM-embedding-multilingual-mini-instruct-v2.5,hidden,sif,11,sif_only,10,0.001,0.964824120603015,0.8624328695675181,0.041410673772727946,0.9299352169036865,0.8599876761436462,0.06994754076004028,0.6291079812206573,0.8591549295774648,0.409375,0.9498432601880877,0.6791862284820032,0.9069209725811774,0.5477308294209703,639,639,320,319
KaLM-Embedding/KaLM-embedding-multilingual-mini-instruct-v2.5,hidden,sif,11,sif_abtt_fixed,10,0.001,0.3969849246231156,0.9606302337579871,0.05263045915981795,0.479931116104126,0.0009527109796181321,0.47897840512450784,0.758998435054773,0.9139280125195618,0.825,0.7586206896551724,0.7918622848200313,0.9872186000429345,0.8278560250391236,639,639,320,319
KaLM-Embedding/KaLM-embedding-multilingual-mini-instruct-v2.5,hidden,sif,11,sif_abtt_optimal,10,0.001,0.3969849246231156,0.9606302337579871,0.05263045915981795,0.479931116104126,0.0009527109796181321,0.47897840512450784,0.758998435054773,0.9139280125195618,0.825,0.7586206896551724,0.7918622848200313,0.9872186000429345,0.8278560250391236,639,639,320,319
KaLM-Embedding/KaLM-embedding-multilingual-mini-instruct-v2.5,hidden,sif,12,sif_only,10,0.001,0.9547738693467337,0.8714885122182575,0.04244534886733546,0.9232308268547058,0.8423780202865601,0.08085280656814575,0.6776212832550861,0.8732394366197183,0.515625,0.9247648902821317,0.7198748043818466,0.9163022164808314,0.6071987480438185,639,639,320,319
KaLM-Embedding/KaLM-embedding-multilingual-mini-instruct-v2.5,hidden,sif,12,sif_abtt_fixed,10,0.001,0.40703517587939697,0.9601743832734064,0.05257837482285227,0.48092329502105713,0.0009665839024819434,0.4799567111185752,0.7746478873239436,0.9327073552425665,0.803125,0.8025078369905956,0.8028169014084507,0.9851343077185328,0.8309859154929577,639,639,320,319
KaLM-Embedding/KaLM-embedding-multilingual-mini-instruct-v2.5,hidden,sif,12,sif_abtt_optimal,5,0.001,0.45226130653266333,0.9617116121617175,0.052754014753313365,0.49842318892478943,0.0013801971217617393,0.4970429918030277,0.7824726134585289,0.917057902973396,0.803125,0.8307210031347962,0.8169014084507042,0.9853308071039993,0.8075117370892019,639,639,320,319
KaLM-Embedding/KaLM-embedding-multilingual-mini-instruct-v2.5,hidden,sif,13,sif_only,10,0.001,0.9597989949748744,0.8710739086146095,0.04239797729589796,0.9281600117683411,0.8543811440467834,0.07377886772155762,0.6682316118935837,0.863849765258216,0.46875,0.9467084639498433,0.7073552425665102,0.9123874202722524,0.5696400625978091,639,639,320,319
KaLM-Embedding/KaLM-embedding-multilingual-mini-instruct-v2.5,hidden,sif,13,sif_abtt_fixed,10,0.001,0.3869346733668342,0.9618840106294617,0.05277371257132617,0.4738526940345764,0.0009645632817409933,0.4728881307528354,0.7636932707355243,0.9233176838810642,0.8125,0.7711598746081505,0.7918622848200313,0.984891335811054,0.8341158059467919,639,639,320,319
KaLM-Embedding/KaLM-embedding-multilingual-mini-instruct-v2.5,hidden,sif,13,sif_abtt_optimal,7,0.001,0.45226130653266333,0.9640583152362505,0.05302214318100464,0.48322686553001404,0.0009274660260416567,0.4822993995039724,0.784037558685446,0.9374021909233177,0.7625,0.8620689655172413,0.812206572769953,0.9855590250075243,0.7949921752738655,639,639,320,319
KaLM-Embedding/KaLM-embedding-multilingual-mini-instruct-v2.5,hidden,sif,14,sif_only,10,0.001,0.9597989949748744,0.8750175816350878,0.04284857151798668,0.933908224105835,0.8645473718643188,0.06936085224151611,0.6744913928012519,0.86697965571205,0.525,0.9059561128526645,0.7151799687010955,0.9146910942161104,0.6071987480438185,639,639,320,319
KaLM-Embedding/KaLM-embedding-multilingual-mini-instruct-v2.5,hidden,sif,14,sif_abtt_fixed,10,0.001,0.4221105527638191,0.9606013200152255,0.0526271555478399,0.4706108272075653,0.0009812493808567524,0.46962957782670856,0.7809076682316118,0.9389671361502347,0.784375,0.8307210031347962,0.8075117370892019,0.9851866806908185,0.8247261345852895,639,639,320,319
KaLM-Embedding/KaLM-embedding-multilingual-mini-instruct-v2.5,hidden,sif,14,sif_abtt_optimal,7,0.001,0.45226130653266333,0.9644683284790545,0.053068990269295076,0.48160043358802795,0.0008877709042280912,0.48071266268379986,0.7887323943661971,0.9342723004694836,0.771875,0.8557993730407524,0.8137715179968701,0.9857687011058467,0.7934272300469484,639,639,320,319
KaLM-Embedding/KaLM-embedding-multilingual-mini-instruct-v2.5,hidden,sif,15,sif_only,10,0.001,0.9597989949748744,0.8793362373615199,0.04334201032676233,0.9318799376487732,0.8571902513504028,0.07468968629837036,0.6885758998435054,0.8841940532081377,0.5,0.9467084639498433,0.7230046948356808,0.9182819700959884,0.6118935837245696,639,639,320,319
KaLM-Embedding/KaLM-embedding-multilingual-mini-instruct-v2.5,hidden,sif,15,sif_abtt_fixed,10,0.001,0.3969849246231156,0.959552439154048,0.05250731304232958,0.4717254936695099,0.0009735088679008186,0.47075198480160907,0.7652582159624414,0.9233176838810642,0.81875,0.774294670846395,0.7965571205007824,0.9857351980613642,0.8356807511737089,639,639,320,319
KaLM-Embedding/KaLM-embedding-multilingual-mini-instruct-v2.5,hidden,sif,15,sif_abtt_optimal,10,0.001,0.3969849246231156,0.959552439154048,0.05250731304232958,0.4717254936695099,0.0009735088679008186,0.47075198480160907,0.7652582159624414,0.9233176838810642,0.81875,0.774294670846395,0.7965571205007824,0.9857351980613642,0.8356807511737089,639,639,320,319
KaLM-Embedding/KaLM-embedding-multilingual-mini-instruct-v2.5,hidden,sif,16,sif_only,10,0.001,0.9547738693467337,0.8909791290561258,0.04467229803028475,0.9322196245193481,0.8511791825294495,0.08104044198989868,0.7276995305164319,0.8951486697965572,0.578125,0.9467084639498433,0.7621283255086072,0.9276635709009272,0.6572769953051644,639,639,320,319
KaLM-Embedding/KaLM-embedding-multilingual-mini-instruct-v2.5,hidden,sif,16,sif_abtt_fixed,10,0.001,0.3869346733668342,0.9581782952784678,0.052350306797789944,0.4844852685928345,0.0011053197085857391,0.48337994888424873,0.758998435054773,0.9092331768388107,0.834375,0.7429467084639498,0.7887323943661971,0.9878736018321813,0.8419405320813772,639,639,320,319
KaLM-Embedding/KaLM-embedding-multilingual-mini-instruct-v2.5,hidden,sif,16,sif_abtt_optimal,10,0.001,0.3869346733668342,0.9581782952784678,0.052350306797789944,0.4844852685928345,0.0011053197085857391,0.48337994888424873,0.758998435054773,0.9092331768388107,0.834375,0.7429467084639498,0.7887323943661971,0.9878736018321813,0.8419405320813772,639,639,320,319
KaLM-Embedding/KaLM-embedding-multilingual-mini-instruct-v2.5,hidden,sif,17,sif_only,10,0.001,0.949748743718593,0.9017504605514566,0.045903003443899554,0.9310624003410339,0.8420882821083069,0.08897411823272705,0.7668231611893583,0.9123630672926447,0.63125,0.9655172413793104,0.7981220657276995,0.9353135075594496,0.7104851330203443,639,639,320,319
KaLM-Embedding/KaLM-embedding-multilingual-mini-instruct-v2.5,hidden,sif,17,sif_abtt_fixed,10,0.001,0.3969849246231156,0.9593334955334574,0.052482297091491784,0.5061072707176208,0.00096604332793504,0.5051412273896858,0.7777777777777778,0.9217527386541471,0.84375,0.7617554858934169,0.8028169014084507,0.9885780983252875,0.8607198748043818,639,639,320,319
KaLM-Embedding/KaLM-embedding-multilingual-mini-instruct-v2.5,hidden,sif,17,sif_abtt_optimal,7,0.001,0.457286432160804,0.9639229051219093,0.05300667155979853,0.5221474170684814,0.000838746374938637,0.5213086706935428,0.7996870109546166,0.945226917057903,0.79375,0.8495297805642633,0.8215962441314554,0.989394973930832,0.8341158059467919,639,639,320,319
KaLM-Embedding/KaLM-embedding-multilingual-mini-instruct-v2.5,hidden,sif,18,sif_only,10,0.001,0.964824120603015,0.9181696946014126,0.04777902408649163,0.9528067708015442,0.8856447339057922,0.06716203689575195,0.7824726134585289,0.917057902973396,0.653125,0.9623824451410659,0.8075117370892019,0.9418185381164137,0.7183098591549296,639,639,320,319
KaLM-Embedding/KaLM-embedding-multilingual-mini-instruct-v2.5,hidden,sif,18,sif_abtt_fixed,10,0.001,0.40703517587939697,0.9641270710989157,0.053029999054015786,0.5176277756690979,0.001053978456184268,0.5165737972129136,0.7636932707355243,0.9123630672926447,0.84375,0.7335423197492164,0.7887323943661971,0.9911009351402013,0.8513302034428795,639,639,320,319
KaLM-Embedding/KaLM-embedding-multilingual-mini-instruct-v2.5,hidden,sif,18,sif_abtt_optimal,10,0.001,0.40703517587939697,0.9641270710989157,0.053029999054015786,0.5176277756690979,0.001053978456184268,0.5165737972129136,0.7636932707355243,0.9123630672926447,0.84375,0.7335423197492164,0.7887323943661971,0.9911009351402013,0.8513302034428795,639,639,320,319
KaLM-Embedding/KaLM-embedding-multilingual-mini-instruct-v2.5,hidden,sif,19,sif_only,10,0.001,0.964824120603015,0.9263190451660093,0.04871014851265098,0.9560948014259338,0.8903396129608154,0.06575518846511841,0.8012519561815337,0.9295774647887324,0.690625,0.9592476489028213,0.8247261345852895,0.9521884154116859,0.7543035993740219,639,639,320,319
KaLM-Embedding/KaLM-embedding-multilingual-mini-instruct-v2.5,hidden,sif,19,sif_abtt_fixed,10,0.001,0.40703517587939697,0.9643161165379132,0.05305159891335561,0.5247290730476379,0.001155672944150865,0.5235734001034871,0.7621283255086072,0.9248826291079812,0.85,0.7272727272727273,0.7887323943661971,0.9925154659148661,0.8482003129890454,639,639,320,319
KaLM-Embedding/KaLM-embedding-multilingual-mini-instruct-v2.5,hidden,sif,19,sif_abtt_optimal,10,0.001,0.40703517587939697,0.9643161165379132,0.05305159891335561,0.5247290730476379,0.001155672944150865,0.5235734001034871,0.7621283255086072,0.9248826291079812,0.85,0.7272727272727273,0.7887323943661971,0.9925154659148661,0.8482003129890454,639,639,320,319
KaLM-Embedding/KaLM-embedding-multilingual-mini-instruct-v2.5,hidden,sif,20,sif_only,10,0.001,0.9698492462311558,0.931706469630239,0.049325702166062,0.9631645679473877,0.9062991142272949,0.05686545372009277,0.8028169014084507,0.9327073552425665,0.7,0.9498432601880877,0.8247261345852895,0.9565937836908515,0.7433489827856025,639,639,320,319
KaLM-Embedding/KaLM-embedding-multilingual-mini-instruct-v2.5,hidden,sif,20,sif_abtt_fixed,10,0.001,0.4221105527638191,0.9624754039617093,0.05284128369527624,0.5239831209182739,0.001211012015119195,0.5227721089031547,0.7871674491392802,0.9327073552425665,0.840625,0.7836990595611285,0.812206572769953,0.9922589431196362,0.8482003129890454,639,639,320,319
KaLM-Embedding/KaLM-embedding-multilingual-mini-instruct-v2.5,hidden,sif,20,sif_abtt_optimal,10,0.001,0.4221105527638191,0.9624754039617093,0.05284128369527624,0.5239831209182739,0.001211012015119195,0.5227721089031547,0.7871674491392802,0.9327073552425665,0.840625,0.7836990595611285,0.812206572769953,0.9922589431196362,0.8482003129890454,639,639,320,319
KaLM-Embedding/KaLM-embedding-multilingual-mini-instruct-v2.5,hidden,sif,21,sif_only,10,0.001,0.9748743718592965,0.9338314527454539,0.04956849742547133,0.9715397357940674,0.9262344837188721,0.04530525207519531,0.812206572769953,0.9280125195618153,0.759375,0.9216300940438872,0.8403755868544601,0.9590705566978699,0.7683881064162754,639,639,320,319
KaLM-Embedding/KaLM-embedding-multilingual-mini-instruct-v2.5,hidden,sif,21,sif_abtt_fixed,10,0.001,0.4170854271356784,0.9596809581965683,0.05252199730689333,0.5268285870552063,0.0012888936325907707,0.5255396934226155,0.7809076682316118,0.9280125195618153,0.853125,0.7617554858934169,0.8075117370892019,0.9918322225558198,0.8482003129890454,639,639,320,319
KaLM-Embedding/KaLM-embedding-multilingual-mini-instruct-v2.5,hidden,sif,21,sif_abtt_optimal,10,0.001,0.4170854271356784,0.9596809581965683,0.05252199730689333,0.5268285870552063,0.0012888936325907707,0.5255396934226155,0.7809076682316118,0.9280125195618153,0.853125,0.7617554858934169,0.8075117370892019,0.9918322225558198,0.8482003129890454,639,639,320,319
KaLM-Embedding/KaLM-embedding-multilingual-mini-instruct-v2.5,hidden,sif,22,sif_only,10,0.001,0.9698492462311558,0.9472925808397941,0.051106532275329054,0.9679228663444519,0.9155601263046265,0.05236274003982544,0.837245696400626,0.9358372456964006,0.771875,0.9435736677115988,0.8575899843505478,0.9712865208225796,0.7871674491392802,639,639,320,319
KaLM-Embedding/KaLM-embedding-multilingual-mini-instruct-v2.5,hidden,sif,22,sif_abtt_fixed,10,0.001,0.4371859296482412,0.9646889533884363,0.053094198319987074,0.540064811706543,0.0011463315458968282,0.5389184801606461,0.812206572769953,0.9342723004694836,0.84375,0.8244514106583072,0.8341158059467919,0.9916281648374656,0.8607198748043818,639,639,320,319
KaLM-Embedding/KaLM-embedding-multilingual-mini-instruct-v2.5,hidden,sif,22,sif_abtt_optimal,10,0.001,0.4371859296482412,0.9646889533884363,0.053094198319987074,0.540064811706543,0.0011463315458968282,0.5389184801606461,0.812206572769953,0.9342723004694836,0.84375,0.8244514106583072,0.8341158059467919,0.9916281648374656,0.8607198748043818,639,639,320,319
KaLM-Embedding/KaLM-embedding-multilingual-mini-instruct-v2.5,hidden,sif,23,sif_only,10,0.001,0.9698492462311558,0.951175583669359,0.051550194473060404,0.9665857553482056,0.9109974503517151,0.05558830499649048,0.837245696400626,0.9499217527386542,0.734375,0.9811912225705329,0.8575899843505478,0.972805014652804,0.7762128325508607,639,639,320,319
KaLM-Embedding/KaLM-embedding-multilingual-mini-instruct-v2.5,hidden,sif,23,sif_abtt_fixed,10,0.001,0.4221105527638191,0.9671121993474033,0.0533710723463342,0.5390251874923706,0.0011417270870879292,0.5378834604052827,0.812206572769953,0.9436619718309859,0.846875,0.8275862068965517,0.837245696400626,0.9926461968667907,0.8513302034428795,639,639,320,319
KaLM-Embedding/KaLM-embedding-multilingual-mini-instruct-v2.5,hidden,sif,23,sif_abtt_optimal,10,0.001,0.4221105527638191,0.9671121993474033,0.0533710723463342,0.5390251874923706,0.0011417270870879292,0.5378834604052827,0.812206572769953,0.9436619718309859,0.846875,0.8275862068965517,0.837245696400626,0.9926461968667907,0.8513302034428795,639,639,320,319
KaLM-Embedding/KaLM-embedding-multilingual-mini-instruct-v2.5,hidden,sif,24,sif_only,10,0.001,0.8241206030150754,0.9312874194601833,0.049277822540850655,0.801940381526947,0.5393586158752441,0.2625817656517029,0.8247261345852895,0.9327073552425665,0.75,0.9592476489028213,0.8544600938967136,0.9716964322987862,0.7887323943661971,639,639,320,319
KaLM-Embedding/KaLM-embedding-multilingual-mini-instruct-v2.5,hidden,sif,24,sif_abtt_fixed,10,0.001,0.4271356783919598,0.9654931624860756,0.053186085241355735,0.506788969039917,0.0012834931258112192,0.5055054759141058,0.7621283255086072,0.9076682316118936,0.809375,0.7711598746081505,0.7902973395931142,0.9872156526960659,0.7996870109546166,639,639,320,319
KaLM-Embedding/KaLM-embedding-multilingual-mini-instruct-v2.5,hidden,sif,24,sif_abtt_optimal,7,0.001,0.45226130653266333,0.9665954795719208,0.05331203323633315,0.5200075507164001,0.0012878987472504377,0.5187196519691497,0.7715179968701096,0.9123630672926447,0.80625,0.799373040752351,0.8028169014084507,0.9888649695828047,0.7887323943661971,639,639,320,319
KaLM-Embedding/KaLM-embedding-multilingual-mini-instruct-v2.5,ffn_int,mean,1,baseline,10,0.001,0.8994974874371859,0.9395567941344611,0.05022266062173911,0.8390287160873413,0.6022151708602905,0.23681354522705078,0.6635367762128326,0.9248826291079812,0.375,0.9686520376175548,0.6713615023474179,0.935431942548657,0.6040688575899843,639,639,320,319
KaLM-Embedding/KaLM-embedding-multilingual-mini-instruct-v2.5,ffn_int,mean,1,abtt_fixed,10,0.001,0.4170854271356784,0.973903367218824,0.05414701421273847,0.5382823944091797,0.0011393289314582944,0.5371430654777214,0.8309859154929577,0.9561815336463224,0.834375,0.8808777429467085,0.8575899843505478,0.9925459985863327,0.8607198748043818,639,639,320,319
KaLM-Embedding/KaLM-embedding-multilingual-mini-instruct-v2.5,ffn_int,mean,1,abtt_optimal,3,0.001,0.4271356783919598,0.9730400475468471,0.05404837346489334,0.5464028120040894,0.0010314052924513817,0.545371406711638,0.8137715179968701,0.945226917057903,0.8625,0.8213166144200627,0.8419405320813772,0.9927879112910303,0.8450704225352113,639,639,320,319
KaLM-Embedding/KaLM-embedding-multilingual-mini-instruct-v2.5,ffn_int,mean,1,whitening,10,0.001,0.0,0.6193811826353486,0.013640210071093247,0.3427172899246216,0.003419925458729267,0.3392973644658923,0.107981220657277,0.1189358372456964,1.0,0.0,0.5007824726134585,0.4866873465264101,0.06729264475743349,639,639,320,319
KaLM-Embedding/KaLM-embedding-multilingual-mini-instruct-v2.5,ffn_int,mean,2,baseline,10,0.001,0.914572864321608,0.8735092886117594,0.042676237727036354,0.8442408442497253,0.6695032119750977,0.17473763227462769,0.6353677621283255,0.8701095461658842,0.446875,0.9028213166144201,0.6744913928012519,0.8934909030254032,0.6040688575899843,639,639,320,319
KaLM-Embedding/KaLM-embedding-multilingual-mini-instruct-v2.5,ffn_int,mean,2,abtt_fixed,10,0.001,0.35175879396984927,0.9649170334862732,0.05312025818187816,0.5206766724586487,0.0009489959920756519,0.519727676466573,0.809076682316119,0.945226917057903,0.884375,0.786833855799373,0.8356807511737089,0.9917495932258363,0.8810641627543035,639,639,320,319
KaLM-Embedding/KaLM-embedding-multilingual-mini-instruct-v2.5,ffn_int,mean,2,abtt_optimal,7,0.001,0.4321608040201005,0.9673453675560552,0.053397713563048115,0.5270726084709167,0.0009144554496742785,0.5261581530212425,0.8325508607198748,0.9530516431924883,0.809375,0.9090909090909091,0.8591549295774648,0.9929559906540553,0.8575899843505478,639,639,320,319
KaLM-Embedding/KaLM-embedding-multilingual-mini-instruct-v2.5,ffn_int,mean,2,whitening,10,0.001,0.005025125628140704,0.5357961758555515,0.004089985656433007,0.020385993644595146,-0.0015282046515494585,0.021914198296144605,0.08763693270735524,0.09859154929577464,1.0,0.0,0.5007824726134585,0.5031143612722858,0.2237871674491393,639,639,320,319
KaLM-Embedding/KaLM-embedding-multilingual-mini-instruct-v2.5,ffn_int,mean,3,baseline,10,0.001,0.964824120603015,0.8741940930219038,0.042754481767285316,0.9105733633041382,0.7955772876739502,0.11499607563018799,0.5555555555555556,0.8591549295774648,0.196875,0.9498432601880877,0.5727699530516432,0.8746751960428921,0.4679186228482003,639,639,320,319
KaLM-Embedding/KaLM-embedding-multilingual-mini-instruct-v2.5,ffn_int,mean,3,abtt_fixed,10,0.001,0.35678391959798994,0.9724729001687438,0.05398357262306042,0.5124674439430237,0.0003697588690556586,0.512097685073968,0.7856025039123631,0.9374021909233177,0.871875,0.7586206896551724,0.8153364632237872,0.9920688968119815,0.8607198748043818,639,639,320,319
KaLM-Embedding/KaLM-embedding-multilingual-mini-instruct-v2.5,ffn_int,mean,3,abtt_optimal,5,0.001,0.45226130653266333,0.973185744493923,0.0540650204338952,0.5264206528663635,0.001056281034834683,0.5253643718315288,0.8356807511737089,0.9483568075117371,0.81875,0.9090909090909091,0.863849765258216,0.9921013867059781,0.8075117370892019,639,639,320,319
KaLM-Embedding/KaLM-embedding-multilingual-mini-instruct-v2.5,ffn_int,mean,3,whitening,10,0.001,0.0,0.5815355599879637,0.009316051869220361,0.1890968233346939,0.0023384741507470608,0.18675834918394685,0.0892018779342723,0.107981220657277,1.0,0.0,0.5007824726134585,0.5057484892141726,0.023474178403755867,639,639,320,319
KaLM-Embedding/KaLM-embedding-multilingual-mini-instruct-v2.5,ffn_int,mean,4,baseline,10,0.001,0.9748743718592965,0.8255032949057083,0.03719119287760279,0.9105184674263,0.8069454431533813,0.1035730242729187,0.539906103286385,0.7981220657276995,0.23125,0.9216300940438872,0.5758998435054773,0.8242096522432337,0.42566510172143973,639,639,320,319
KaLM-Embedding/KaLM-embedding-multilingual-mini-instruct-v2.5,ffn_int,mean,4,abtt_fixed,10,0.001,0.38190954773869346,0.9617448839820033,0.05275781630833627,0.4875757098197937,0.0007804469205439091,0.4867952628992498,0.7777777777777778,0.9327073552425665,0.846875,0.786833855799373,0.8169014084507042,0.9916453308303604,0.8497652582159625,639,639,320,319
KaLM-Embedding/KaLM-embedding-multilingual-mini-instruct-v2.5,ffn_int,mean,4,abtt_optimal,10,0.001,0.38190954773869346,0.9617448839820033,0.05275781630833627,0.4875757098197937,0.0007804469205439091,0.4867952628992498,0.7777777777777778,0.9327073552425665,0.846875,0.786833855799373,0.8169014084507042,0.9916453308303604,0.8497652582159625,639,639,320,319
KaLM-Embedding/KaLM-embedding-multilingual-mini-instruct-v2.5,ffn_int,mean,4,whitening,10,0.001,0.0,0.5294120347271085,0.0033605461126300345,-0.011299893260002136,0.006948382593691349,-0.018248275853693485,0.08294209702660407,0.09076682316118936,1.0,0.0,0.5007824726134585,0.5088082957867055,0.003129890453834116,639,639,320,319
KaLM-Embedding/KaLM-embedding-multilingual-mini-instruct-v2.5,ffn_int,mean,5,baseline,10,0.001,0.949748743718593,0.8521791316753967,0.040239107310402956,0.8686423897743225,0.7311355471611023,0.13750684261322021,0.5226917057902973,0.7777777777777778,0.203125,0.9122257053291536,0.5571205007824727,0.8462956593248333,0.37402190923317685,639,639,320,319
KaLM-Embedding/KaLM-embedding-multilingual-mini-instruct-v2.5,ffn_int,mean,5,abtt_fixed,10,0.001,0.40703517587939697,0.9617133155727295,0.05275420938079774,0.44080883264541626,0.0004949616850353777,0.4403138709603809,0.7777777777777778,0.9280125195618153,0.7625,0.8652037617554859,0.8137715179968701,0.9858112994785568,0.7996870109546166,639,639,320,319
KaLM-Embedding/KaLM-embedding-multilingual-mini-instruct-v2.5,ffn_int,mean,5,abtt_optimal,10,0.001,0.40703517587939697,0.9617133155727295,0.05275420938079774,0.44080883264541626,0.0004949616850353777,0.4403138709603809,0.7777777777777778,0.9280125195618153,0.7625,0.8652037617554859,0.8137715179968701,0.9858112994785568,0.7996870109546166,639,639,320,319
KaLM-Embedding/KaLM-embedding-multilingual-mini-instruct-v2.5,ffn_int,mean,5,whitening,10,0.001,0.0,0.5985004607394955,0.011254423947660247,0.28191742300987244,-0.0005379618960432708,0.2824553849059157,0.07198748043818466,0.0892018779342723,1.0,0.0,0.5007824726134585,0.5003822513166294,0.001564945226917058,639,639,320,319
KaLM-Embedding/KaLM-embedding-multilingual-mini-instruct-v2.5,ffn_int,mean,6,baseline,10,0.001,0.9447236180904522,0.8751644178765419,0.04286534865982409,0.8711277842521667,0.7216317653656006,0.14949601888656616,0.5211267605633803,0.8497652582159625,0.18125,0.9153605015673981,0.5477308294209703,0.8800018289668888,0.4397496087636933,639,639,320,319
KaLM-Embedding/KaLM-embedding-multilingual-mini-instruct-v2.5,ffn_int,mean,6,abtt_fixed,10,0.001,0.36683417085427134,0.9594319615388376,0.052493547571150094,0.4504714906215668,0.0014590976061299443,0.44901239301543683,0.7605633802816901,0.9217527386541471,0.8375,0.7554858934169278,0.7965571205007824,0.9845086297280136,0.7981220657276995,639,639,320,319
KaLM-Embedding/KaLM-embedding-multilingual-mini-instruct-v2.5,ffn_int,mean,6,abtt_optimal,7,0.001,0.3919597989949749,0.9619759505796663,0.052784217400231745,0.4560038149356842,0.0014574375236406922,0.4545463774120435,0.7668231611893583,0.9264475743348983,0.825,0.786833855799373,0.8059467918622848,0.9851663486026547,0.7902973395931142,639,639,320,319
KaLM-Embedding/KaLM-embedding-multilingual-mini-instruct-v2.5,ffn_int,mean,6,whitening,10,0.001,0.0,0.5342026127316302,0.003907907518226937,0.06248700991272926,-0.0009449423523619771,0.06343195226509124,0.07981220657276995,0.09859154929577464,1.0,0.0,0.5007824726134585,0.5212497607295458,0.00782472613458529,639,639,320,319
KaLM-Embedding/KaLM-embedding-multilingual-mini-instruct-v2.5,ffn_int,mean,7,baseline,10,0.001,0.9195979899497487,0.8811352384901513,0.04354755969903224,0.8439851999282837,0.6929517388343811,0.1510334610939026,0.5696400625978091,0.8466353677621283,0.2625,0.9467084639498433,0.6040688575899843,0.8982359818138567,0.4757433489827856,639,639,320,319
KaLM-Embedding/KaLM-embedding-multilingual-mini-instruct-v2.5,ffn_int,mean,7,abtt_fixed,10,0.001,0.3768844221105528,0.9543449125904594,0.051912314073433115,0.44946062564849854,0.0009780395776033401,0.4484825860708952,0.7527386541471048,0.9092331768388107,0.8375,0.7429467084639498,0.7902973395931142,0.9850611191089875,0.8200312989045383,639,639,320,319
KaLM-Embedding/KaLM-embedding-multilingual-mini-instruct-v2.5,ffn_int,mean,7,abtt_optimal,7,0.001,0.40703517587939697,0.9601740956845344,0.05257834196366604,0.45912134647369385,0.0009570490219630301,0.4581642974517308,0.7386541471048513,0.9217527386541471,0.80625,0.7492163009404389,0.7777777777777778,0.9864323261872989,0.784037558685446,639,639,320,319
KaLM-Embedding/KaLM-embedding-multilingual-mini-instruct-v2.5,ffn_int,mean,7,whitening,10,0.001,0.0,0.5439316226042907,0.005019522709296772,0.1087416559457779,-0.0009900828590616584,0.10973173880483955,0.06103286384976526,0.08294209702660407,1.0,0.0,0.5007824726134585,0.48527947030834706,0.001564945226917058,639,639,320,319
KaLM-Embedding/KaLM-embedding-multilingual-mini-instruct-v2.5,ffn_int,mean,8,baseline,10,0.001,0.9296482412060302,0.886715977982019,0.04418520104427125,0.8803465366363525,0.7627436518669128,0.1176028847694397,0.5899843505477308,0.784037558685446,0.425,0.9059561128526645,0.6651017214397497,0.9132412470878544,0.458528951486698,639,639,320,319
KaLM-Embedding/KaLM-embedding-multilingual-mini-instruct-v2.5,ffn_int,mean,8,abtt_fixed,10,0.001,0.36180904522613067,0.9507887655752049,0.05150599760409085,0.40343379974365234,0.0008877548389136791,0.40254604490473866,0.6885758998435054,0.8826291079812206,0.778125,0.7115987460815048,0.7449139280125195,0.9815372205353906,0.7746478873239436,639,639,320,319
KaLM-Embedding/KaLM-embedding-multilingual-mini-instruct-v2.5,ffn_int,mean,8,abtt_optimal,10,0.001,0.36180904522613067,0.9507887655752049,0.05150599760409085,0.40343379974365234,0.0008877548389136791,0.40254604490473866,0.6885758998435054,0.8826291079812206,0.778125,0.7115987460815048,0.7449139280125195,0.9815372205353906,0.7746478873239436,639,639,320,319
KaLM-Embedding/KaLM-embedding-multilingual-mini-instruct-v2.5,ffn_int,mean,8,whitening,10,0.001,0.0,0.5765834455261768,0.008750239056656967,0.20669770240783691,0.0035579348914325237,0.2031397675164044,0.07355242566510173,0.0892018779342723,1.0,0.0,0.5007824726134585,0.5081449239928748,0.15492957746478872,639,639,320,319
KaLM-Embedding/KaLM-embedding-multilingual-mini-instruct-v2.5,ffn_int,mean,9,baseline,10,0.001,0.914572864321608,0.8703307568467501,0.0423130666323361,0.8195441961288452,0.6639031767845154,0.15564101934432983,0.5054773082942097,0.7355242566510172,0.203125,0.9059561128526645,0.5539906103286385,0.8810145880084568,0.37402190923317685,639,639,320,319
KaLM-Embedding/KaLM-embedding-multilingual-mini-instruct-v2.5,ffn_int,mean,9,abtt_fixed,10,0.001,0.35175879396984927,0.9550701011149201,0.05199517230162228,0.368460476398468,0.001369672711007297,0.3670908036874607,0.676056338028169,0.8466353677621283,0.753125,0.7115987460815048,0.7323943661971831,0.9724877834199259,0.7355242566510172,639,639,320,319
KaLM-Embedding/KaLM-embedding-multilingual-mini-instruct-v2.5,ffn_int,mean,9,abtt_optimal,10,0.001,0.35175879396984927,0.9550701011149201,0.05199517230162228,0.368460476398468,0.001369672711007297,0.3670908036874607,0.676056338028169,0.8466353677621283,0.753125,0.7115987460815048,0.7323943661971831,0.9724877834199259,0.7355242566510172,639,639,320,319
KaLM-Embedding/KaLM-embedding-multilingual-mini-instruct-v2.5,ffn_int,mean,9,whitening,10,0.001,0.0,0.5434862801746541,0.004968640047253916,0.10859441012144089,-0.000653417722787708,0.1092478278442286,0.0594679186228482,0.07668231611893583,1.0,0.0,0.5007824726134585,0.506120620539015,0.00782472613458529,639,639,320,319
KaLM-Embedding/KaLM-embedding-multilingual-mini-instruct-v2.5,ffn_int,mean,10,baseline,10,0.001,0.9195979899497487,0.8611349035597263,0.041262371420901355,0.8559154868125916,0.7500344514846802,0.10588103532791138,0.5039123630672926,0.7245696400625978,0.35,0.8244514106583072,0.5868544600938967,0.8831103646238798,0.38184663536776214,639,639,320,319
KaLM-Embedding/KaLM-embedding-multilingual-mini-instruct-v2.5,ffn_int,mean,10,abtt_fixed,10,0.001,0.35175879396984927,0.9546260196518768,0.05194443266364042,0.36799752712249756,0.0014404250541701913,0.36655710206832737,0.6416275430359938,0.8575899843505478,0.803125,0.64576802507837,0.7245696400625978,0.9685499668204727,0.6917057902973396,639,639,320,319
KaLM-Embedding/KaLM-embedding-multilingual-mini-instruct-v2.5,ffn_int,mean,10,abtt_optimal,10,0.001,0.35175879396984927,0.9546260196518768,0.05194443266364042,0.36799752712249756,0.0014404250541701913,0.36655710206832737,0.6416275430359938,0.8575899843505478,0.803125,0.64576802507837,0.7245696400625978,0.9685499668204727,0.6917057902973396,639,639,320,319
KaLM-Embedding/KaLM-embedding-multilingual-mini-instruct-v2.5,ffn_int,mean,10,whitening,10,0.001,0.0,0.5828242457240733,0.00946329743573115,0.2075233906507492,3.336310328450054e-05,0.2074900275474647,0.07511737089201878,0.08450704225352113,1.0,0.0,0.5007824726134585,0.49185797154516203,0.03912363067292645,639,639,320,319
KaLM-Embedding/KaLM-embedding-multilingual-mini-instruct-v2.5,ffn_int,mean,11,baseline,10,0.001,0.8793969849246231,0.8892323916744527,0.0444727201829566,0.7938776612281799,0.6252594590187073,0.16861820220947266,0.5837245696400626,0.7965571205007824,0.33125,0.9435736677115988,0.6369327073552425,0.9128189245181932,0.460093896713615,639,639,320,319
KaLM-Embedding/KaLM-embedding-multilingual-mini-instruct-v2.5,ffn_int,mean,11,abtt_fixed,10,0.001,0.36683417085427134,0.9555561484310766,0.05205070685308701,0.392574280500412,0.000915385433472693,0.3916588950669393,0.7089201877934272,0.8998435054773083,0.775,0.7554858934169278,0.7652582159624414,0.9728288006630793,0.758998435054773,639,639,320,319
KaLM-Embedding/KaLM-embedding-multilingual-mini-instruct-v2.5,ffn_int,mean,11,abtt_optimal,10,0.001,0.36683417085427134,0.9555561484310766,0.05205070685308701,0.392574280500412,0.000915385433472693,0.3916588950669393,0.7089201877934272,0.8998435054773083,0.775,0.7554858934169278,0.7652582159624414,0.9728288006630793,0.758998435054773,639,639,320,319
KaLM-Embedding/KaLM-embedding-multilingual-mini-instruct-v2.5,ffn_int,mean,11,whitening,10,0.001,0.0,0.5465842428110192,0.005322617578083764,0.11735884845256805,-0.0008590350626036525,0.1182178835151717,0.06729264475743349,0.08607198748043818,1.0,0.0,0.5007824726134585,0.4924612623638611,0.001564945226917058,639,639,320,319
KaLM-Embedding/KaLM-embedding-multilingual-mini-instruct-v2.5,ffn_int,mean,12,baseline,10,0.001,0.8743718592964824,0.8800953945562259,0.043428749730233245,0.8007842898368835,0.6528612971305847,0.14792299270629883,0.5258215962441315,0.7323943661971831,0.4,0.8432601880877743,0.621283255086072,0.8905984332226413,0.42566510172143973,639,639,320,319
KaLM-Embedding/KaLM-embedding-multilingual-mini-instruct-v2.5,ffn_int,mean,12,abtt_fixed,10,0.001,0.34673366834170855,0.9440733884327065,0.05073871539693366,0.34848475456237793,0.0012393337674438953,0.34724542079493403,0.6103286384976526,0.8497652582159625,0.74375,0.6112852664576802,0.6776212832550861,0.9728512684264154,0.730829420970266,639,639,320,319
KaLM-Embedding/KaLM-embedding-multilingual-mini-instruct-v2.5,ffn_int,mean,12,abtt_optimal,10,0.001,0.34673366834170855,0.9440733884327065,0.05073871539693366,0.34848475456237793,0.0012393337674438953,0.34724542079493403,0.6103286384976526,0.8497652582159625,0.74375,0.6112852664576802,0.6776212832550861,0.9728512684264154,0.730829420970266,639,639,320,319
KaLM-Embedding/KaLM-embedding-multilingual-mini-instruct-v2.5,ffn_int,mean,12,whitening,10,0.001,0.0,0.5563919635457655,0.006443220680008112,0.09034989029169083,0.00016420308384113014,0.0901856872078497,0.06103286384976526,0.07355242566510173,1.0,0.0,0.5007824726134585,0.5158276556418471,0.004694835680751174,639,639,320,319
KaLM-Embedding/KaLM-embedding-multilingual-mini-instruct-v2.5,ffn_int,mean,13,baseline,10,0.001,0.914572864321608,0.8596896809882828,0.041097243902226466,0.8425508737564087,0.7230437994003296,0.1195070743560791,0.5273865414710485,0.758998435054773,0.3,0.8934169278996865,0.596244131455399,0.8707145720444287,0.40688575899843504,639,639,320,319
KaLM-Embedding/KaLM-embedding-multilingual-mini-instruct-v2.5,ffn_int,mean,13,abtt_fixed,10,0.001,0.37185929648241206,0.9452801666458054,0.05087659885920912,0.35783517360687256,0.0018734501209110022,0.35596172348596156,0.6666666666666666,0.8701095461658842,0.696875,0.7617554858934169,0.729264475743349,0.9686629330996701,0.7183098591549296,639,639,320,319
KaLM-Embedding/KaLM-embedding-multilingual-mini-instruct-v2.5,ffn_int,mean,13,abtt_optimal,10,0.001,0.37185929648241206,0.9452801666458054,0.05087659885920912,0.35783517360687256,0.0018734501209110022,0.35596172348596156,0.6666666666666666,0.8701095461658842,0.696875,0.7617554858934169,0.729264475743349,0.9686629330996701,0.7183098591549296,639,639,320,319
KaLM-Embedding/KaLM-embedding-multilingual-mini-instruct-v2.5,ffn_int,mean,13,whitening,10,0.001,0.0,0.505205026752623,0.000594714223764555,-0.008539380505681038,-0.0014995771925896406,-0.007039803313091397,0.046948356807511735,0.057902973395931145,1.0,0.0,0.5007824726134585,0.5065955981512675,0.0,639,639,320,319
KaLM-Embedding/KaLM-embedding-multilingual-mini-instruct-v2.5,ffn_int,mean,14,baseline,10,0.001,0.9346733668341709,0.8716816834514594,0.04246742012958811,0.8832799792289734,0.7869470715522766,0.09633290767669678,0.5821596244131455,0.7965571205007824,0.28125,0.9655172413793104,0.622848200312989,0.8883391997432861,0.4507042253521127,639,639,320,319
KaLM-Embedding/KaLM-embedding-multilingual-mini-instruct-v2.5,ffn_int,mean,14,abtt_fixed,10,0.001,0.35678391959798994,0.9446308462780403,0.05080240913697056,0.37728065252304077,0.0011001401580870152,0.37618051236495376,0.6635367762128326,0.86697965571205,0.78125,0.6614420062695925,0.7214397496087637,0.9684304726284847,0.7496087636932708,639,639,320,319
KaLM-Embedding/KaLM-embedding-multilingual-mini-instruct-v2.5,ffn_int,mean,14,abtt_optimal,7,0.001,0.3969849246231156,0.9405262009169307,0.05033342261760805,0.39208853244781494,0.0008960698032751679,0.3911924626445398,0.6713615023474179,0.8685446009389671,0.71875,0.7398119122257053,0.729264475743349,0.9688971090188376,0.7136150234741784,639,639,320,319
KaLM-Embedding/KaLM-embedding-multilingual-mini-instruct-v2.5,ffn_int,mean,14,whitening,10,0.001,0.0,0.5696154989872668,0.00795409907874601,0.16252687573432922,-0.0015776536893099546,0.16410452942363918,0.0594679186228482,0.07511737089201878,1.0,0.0,0.5007824726134585,0.49668200123655015,0.006259780907668232,639,639,320,319
KaLM-Embedding/KaLM-embedding-multilingual-mini-instruct-v2.5,ffn_int,mean,15,baseline,10,0.001,0.9195979899497487,0.8940446494554903,0.045022556728762764,0.8793501853942871,0.7598477602005005,0.11950242519378662,0.6447574334898278,0.837245696400626,0.48125,0.9028213166144201,0.6917057902973396,0.9172777998074046,0.5727699530516432,639,639,320,319
KaLM-Embedding/KaLM-embedding-multilingual-mini-instruct-v2.5,ffn_int,mean,15,abtt_fixed,10,0.001,0.3768844221105528,0.9503177613692841,0.05145218184080125,0.41821351647377014,0.0010946490801870823,0.41711886739358306,0.7433489827856025,0.9092331768388107,0.81875,0.7554858934169278,0.7871674491392802,0.9781758980755875,0.7918622848200313,639,639,320,319
KaLM-Embedding/KaLM-embedding-multilingual-mini-instruct-v2.5,ffn_int,mean,15,abtt_optimal,7,0.001,0.3869346733668342,0.9587392373735987,0.05241439863950033,0.42293331027030945,0.0010147818829864264,0.421918528387323,0.704225352112676,0.8794992175273866,0.778125,0.7084639498432602,0.7433489827856025,0.9788204632635202,0.7527386541471048,639,639,320,319
KaLM-Embedding/KaLM-embedding-multilingual-mini-instruct-v2.5,ffn_int,mean,15,whitening,10,0.001,0.0,0.599414584091849,0.011358869584556898,0.2342008799314499,-0.0014989884803071618,0.23569986841175705,0.06416275430359937,0.07198748043818466,1.0,0.0,0.5007824726134585,0.48082273645084495,0.004694835680751174,639,639,320,319
KaLM-Embedding/KaLM-embedding-multilingual-mini-instruct-v2.5,ffn_int,mean,16,baseline,10,0.001,0.9447236180904522,0.9113453323374794,0.04699928951169687,0.9243358969688416,0.8377864360809326,0.08654946088790894,0.7276995305164319,0.8951486697965572,0.559375,0.9404388714733543,0.7496087636932708,0.9304528662936784,0.6525821596244131,639,639,320,319
KaLM-Embedding/KaLM-embedding-multilingual-mini-instruct-v2.5,ffn_int,mean,16,abtt_fixed,10,0.001,0.36180904522613067,0.9642070871720365,0.05303914149053076,0.46812358498573303,0.0007694059750065207,0.4673541790107265,0.7949921752738655,0.9389671361502347,0.88125,0.7774294670846394,0.8294209702660407,0.9898725592542787,0.8356807511737089,639,639,320,319
KaLM-Embedding/KaLM-embedding-multilingual-mini-instruct-v2.5,ffn_int,mean,16,abtt_optimal,10,0.001,0.36180904522613067,0.9642070871720365,0.05303914149053076,0.46812358498573303,0.0007694059750065207,0.4673541790107265,0.7949921752738655,0.9389671361502347,0.88125,0.7774294670846394,0.8294209702660407,0.9898725592542787,0.8356807511737089,639,639,320,319
KaLM-Embedding/KaLM-embedding-multilingual-mini-instruct-v2.5,ffn_int,mean,16,whitening,10,0.001,0.0,0.560508532783959,0.006913561572272807,0.16205239295959473,0.005145252216607332,0.1569071407429874,0.06729264475743349,0.09076682316118936,1.0,0.0,0.5007824726134585,0.4932236696177055,0.0,639,639,320,319
KaLM-Embedding/KaLM-embedding-multilingual-mini-instruct-v2.5,ffn_int,mean,17,baseline,10,0.001,0.964824120603015,0.9196058913067149,0.047943120332262314,0.9537543654441833,0.8941708207130432,0.05958354473114014,0.7198748043818466,0.8998435054773083,0.615625,0.8996865203761756,0.7574334898278561,0.9402280587928464,0.6885758998435054,639,639,320,319
KaLM-Embedding/KaLM-embedding-multilingual-mini-instruct-v2.5,ffn_int,mean,17,abtt_fixed,10,0.001,0.4472361809045226,0.9686456895803764,0.05354628510738095,0.4970747232437134,0.0010225859005004168,0.49605213734321296,0.7981220657276995,0.9405320813771518,0.775,0.8746081504702194,0.8247261345852895,0.9852420470622677,0.8262910798122066,639,639,320,319
KaLM-Embedding/KaLM-embedding-multilingual-mini-instruct-v2.5,ffn_int,mean,17,abtt_optimal,7,0.001,0.457286432160804,0.9694875064536049,0.05364246899918754,0.5161480903625488,0.001005684258416295,0.5151424061041325,0.7871674491392802,0.9358372456964006,0.815625,0.8213166144200627,0.8184663536776213,0.9866433838544659,0.8184663536776213,639,639,320,319
KaLM-Embedding/KaLM-embedding-multilingual-mini-instruct-v2.5,ffn_int,mean,17,whitening,10,0.001,0.0,0.5506362151640833,0.005785568018602603,0.08278586715459824,-0.000550722295884043,0.08333658945048228,0.08607198748043818,0.107981220657277,1.0,0.0,0.5007824726134585,0.4773566277507122,0.0,639,639,320,319
KaLM-Embedding/KaLM-embedding-multilingual-mini-instruct-v2.5,ffn_int,mean,18,baseline,10,0.001,0.9547738693467337,0.9461263858409998,0.05097328574949354,0.9430084228515625,0.8614679574966431,0.08154046535491943,0.7230046948356808,0.8951486697965572,0.578125,0.9184952978056427,0.7480438184663537,0.9514227672275937,0.6823161189358372,639,639,320,319
KaLM-Embedding/KaLM-embedding-multilingual-mini-instruct-v2.5,ffn_int,mean,18,abtt_fixed,10,0.001,0.4170854271356784,0.9675890770029824,0.05342555919530086,0.4828793704509735,0.0010128930443897843,0.4818664774065837,0.7699530516431925,0.92018779342723,0.803125,0.7931034482758621,0.7981220657276995,0.9845968198725967,0.809076682316119,639,639,320,319
KaLM-Embedding/KaLM-embedding-multilingual-mini-instruct-v2.5,ffn_int,mean,18,abtt_optimal,10,0.001,0.4170854271356784,0.9675890770029824,0.05342555919530086,0.4828793704509735,0.0010128930443897843,0.4818664774065837,0.7699530516431925,0.92018779342723,0.803125,0.7931034482758621,0.7981220657276995,0.9845968198725967,0.809076682316119,639,639,320,319
KaLM-Embedding/KaLM-embedding-multilingual-mini-instruct-v2.5,ffn_int,mean,18,whitening,10,0.001,0.0,0.5294432491808474,0.003364112919709791,0.07689433544874191,-0.0009559220634400845,0.077850257512182,0.07198748043818466,0.08763693270735524,1.0,0.0,0.5007824726134585,0.4999260112318323,0.006259780907668232,639,639,320,319
KaLM-Embedding/KaLM-embedding-multilingual-mini-instruct-v2.5,ffn_int,mean,19,baseline,10,0.001,0.9597989949748744,0.9436316076806404,0.05068823863266957,0.9552109241485596,0.888983428478241,0.0662274956703186,0.7918622848200313,0.9045383411580594,0.746875,0.8934169278996865,0.8200312989045383,0.9661351686892107,0.7621283255086072,639,639,320,319
KaLM-Embedding/KaLM-embedding-multilingual-mini-instruct-v2.5,ffn_int,mean,19,abtt_fixed,10,0.001,0.3969849246231156,0.9629606770001331,0.0528967297797021,0.48458272218704224,0.0007507034461013973,0.48383201874094084,0.8028169014084507,0.9358372456964006,0.84375,0.8119122257053292,0.8278560250391236,0.9847462365431452,0.8262910798122066,639,639,320,319
KaLM-Embedding/KaLM-embedding-multilingual-mini-instruct-v2.5,ffn_int,mean,19,abtt_optimal,10,0.001,0.3969849246231156,0.9629606770001331,0.0528967297797021,0.48458272218704224,0.0007507034461013973,0.48383201874094084,0.8028169014084507,0.9358372456964006,0.84375,0.8119122257053292,0.8278560250391236,0.9847462365431452,0.8262910798122066,639,639,320,319
KaLM-Embedding/KaLM-embedding-multilingual-mini-instruct-v2.5,ffn_int,mean,19,whitening,10,0.001,0.0,0.567145420286581,0.007671870411952021,0.14496375620365143,0.001996411709114909,0.14296734449453652,0.09389671361502347,0.10641627543035993,1.0,0.0,0.5007824726134585,0.5034409296079391,0.0,639,639,320,319
KaLM-Embedding/KaLM-embedding-multilingual-mini-instruct-v2.5,ffn_int,mean,20,baseline,10,0.001,0.9748743718592965,0.9296274564901265,0.049088159321200184,0.9686545133590698,0.9207679033279419,0.04788661003112793,0.812206572769953,0.92018779342723,0.703125,0.9561128526645768,0.8294209702660407,0.9546018722698617,0.7417840375586855,639,639,320,319
KaLM-Embedding/KaLM-embedding-multilingual-mini-instruct-v2.5,ffn_int,mean,20,abtt_fixed,10,0.001,0.4120603015075377,0.9642090781719206,0.05303936897720064,0.5017891526222229,0.0013248826144263148,0.5004642700077966,0.7902973395931142,0.9264475743348983,0.85625,0.7899686520376176,0.8231611893583725,0.9828818669526637,0.8294209702660407,639,639,320,319
KaLM-Embedding/KaLM-embedding-multilingual-mini-instruct-v2.5,ffn_int,mean,20,abtt_optimal,10,0.001,0.4120603015075377,0.9642090781719206,0.05303936897720064,0.5017891526222229,0.0013248826144263148,0.5004642700077966,0.7902973395931142,0.9264475743348983,0.85625,0.7899686520376176,0.8231611893583725,0.9828818669526637,0.8294209702660407,639,639,320,319
KaLM-Embedding/KaLM-embedding-multilingual-mini-instruct-v2.5,ffn_int,mean,20,whitening,10,0.001,0.0,0.5632787879005079,0.00723007699630257,0.1621081531047821,-0.0010491511784493923,0.1631573042832315,0.09389671361502347,0.107981220657277,1.0,0.0,0.5007824726134585,0.5070417240008143,0.017214397496087636,639,639,320,319
KaLM-Embedding/KaLM-embedding-multilingual-mini-instruct-v2.5,ffn_int,mean,21,baseline,10,0.001,0.9698492462311558,0.9481230490136829,0.051201419493071436,0.9623044729232788,0.9029424786567688,0.05936199426651001,0.7871674491392802,0.9374021909233177,0.61875,0.9780564263322884,0.7981220657276995,0.9622934171767552,0.7183098591549296,639,639,320,319
KaLM-Embedding/KaLM-embedding-multilingual-mini-instruct-v2.5,ffn_int,mean,21,abtt_fixed,10,0.001,0.4321608040201005,0.9671010497480522,0.05336979842098082,0.5191333293914795,0.0008310889243148267,0.5183022404671647,0.8028169014084507,0.945226917057903,0.8125,0.8401253918495298,0.8262910798122066,0.9855744179870685,0.8450704225352113,639,639,320,319
KaLM-Embedding/KaLM-embedding-multilingual-mini-instruct-v2.5,ffn_int,mean,21,abtt_optimal,10,0.001,0.4321608040201005,0.9671010497480522,0.05336979842098082,0.5191333293914795,0.0008310889243148267,0.5183022404671647,0.8028169014084507,0.945226917057903,0.8125,0.8401253918495298,0.8262910798122066,0.9855744179870685,0.8450704225352113,639,639,320,319
KaLM-Embedding/KaLM-embedding-multilingual-mini-instruct-v2.5,ffn_int,mean,21,whitening,10,0.001,0.0,0.5720727246775896,0.008234849989547285,0.17020076513290405,0.00026672662352211773,0.16993403850938194,0.09859154929577464,0.11267605633802817,1.0,0.0,0.5007824726134585,0.48749345165150326,0.004694835680751174,639,639,320,319
KaLM-Embedding/KaLM-embedding-multilingual-mini-instruct-v2.5,ffn_int,mean,22,baseline,10,0.001,0.9899497487437187,0.9108230598845423,0.046939615967201455,0.9819242358207703,0.9580386877059937,0.02388554811477661,0.7057902973395931,0.8826291079812206,0.45,0.9843260188087775,0.7167449139280125,0.9247101221032848,0.568075117370892,639,639,320,319
KaLM-Embedding/KaLM-embedding-multilingual-mini-instruct-v2.5,ffn_int,mean,22,abtt_fixed,10,0.001,0.4472361809045226,0.9653005443083972,0.05316407716982543,0.5288196802139282,0.0013698323164135218,0.5274498478975147,0.7824726134585289,0.92018779342723,0.803125,0.8087774294670846,0.8059467918622848,0.9765857008223258,0.8231611893583725,639,639,320,319
KaLM-Embedding/KaLM-embedding-multilingual-mini-instruct-v2.5,ffn_int,mean,22,abtt_optimal,2,0.001,0.5728643216080402,0.9637617668646208,0.05298826030528745,0.5686983466148376,0.0007259939447976649,0.56797235267004,0.8012519561815337,0.92018779342723,0.740625,0.9153605015673981,0.8278560250391236,0.9838954952312964,0.7699530516431925,639,639,320,319
KaLM-Embedding/KaLM-embedding-multilingual-mini-instruct-v2.5,ffn_int,mean,22,whitening,10,0.001,0.0,0.5385324844240761,0.004402625372347743,0.06774447113275528,-0.0008011152385734022,0.06854558637132868,0.0782472613458529,0.10015649452269171,1.0,0.0,0.5007824726134585,0.5000322423629119,0.003129890453834116,639,639,320,319
KaLM-Embedding/KaLM-embedding-multilingual-mini-instruct-v2.5,ffn_int,mean,23,baseline,10,0.001,0.0,0.8517616964274691,0.04019142404970607,0.9999803304672241,0.9999447464942932,3.55839729309082e-05,0.28325508607198746,0.3223787167449139,1.0,0.0,0.5007824726134585,0.8436277347550843,0.4726134585289515,639,639,320,319
KaLM-Embedding/KaLM-embedding-multilingual-mini-instruct-v2.5,ffn_int,mean,23,abtt_fixed,10,0.001,0.4723618090452261,0.9621055204276809,0.05279902172720472,0.5341354012489319,0.0005811520968563855,0.5335542491520755,0.7699530516431925,0.9092331768388107,0.8,0.7899686520376176,0.7949921752738655,0.9773375275614349,0.8294209702660407,639,639,320,319
KaLM-Embedding/KaLM-embedding-multilingual-mini-instruct-v2.5,ffn_int,mean,23,abtt_optimal,1,0.001,0.5829145728643216,0.9603384416638583,0.0525971197244803,0.5682214498519897,0.0007482115179300308,0.5674732383340597,0.7636932707355243,0.9029733959311425,0.7375,0.8652037617554859,0.8012519561815337,0.9789037085429471,0.7605633802816901,639,639,320,319
KaLM-Embedding/KaLM-embedding-multilingual-mini-instruct-v2.5,ffn_int,mean,23,whitening,10,0.001,0.04522613065326633,0.5547300980647083,0.006253324207441035,0.12212411314249039,-0.00131431024055928,0.12343842338304967,0.08450704225352113,0.09389671361502347,1.0,0.0,0.5007824726134585,0.504676126990032,0.16901408450704225,639,639,320,319
KaLM-Embedding/KaLM-embedding-multilingual-mini-instruct-v2.5,ffn_int,sif,1,sif_only,10,0.001,0.8793969849246231,0.9262412523760924,0.04870126010272694,0.7953809499740601,0.5293907523155212,0.2659901976585388,0.6776212832550861,0.9154929577464789,0.39375,0.9717868338557993,0.6823161189358372,0.9269525292254196,0.6025039123630673,639,639,320,319
KaLM-Embedding/KaLM-embedding-multilingual-mini-instruct-v2.5,ffn_int,sif,1,sif_abtt_fixed,10,0.001,0.3768844221105528,0.9753511338456751,0.05431243240881621,0.5065918564796448,0.0014033116167411208,0.5051885448629037,0.7871674491392802,0.9295774647887324,0.825,0.8025078369905956,0.8137715179968701,0.9870374763674015,0.8153364632237872,639,639,320,319
KaLM-Embedding/KaLM-embedding-multilingual-mini-instruct-v2.5,ffn_int,sif,1,sif_abtt_optimal,1,0.001,0.4623115577889447,0.9702162345334152,0.053725731648124435,0.5215306878089905,0.001620990689843893,0.5199096971191466,0.7856025039123631,0.9405320813771518,0.778125,0.8526645768025078,0.8153364632237872,0.992273956167748,0.809076682316119,639,639,320,319
KaLM-Embedding/KaLM-embedding-multilingual-mini-instruct-v2.5,ffn_int,sif,2,sif_only,10,0.001,0.9095477386934674,0.85759077997155,0.04085742871825185,0.8064064979553223,0.611407458782196,0.19499903917312622,0.6619718309859155,0.8951486697965572,0.409375,0.9498432601880877,0.6791862284820032,0.8942052777357488,0.596244131455399,639,639,320,319
KaLM-Embedding/KaLM-embedding-multilingual-mini-instruct-v2.5,ffn_int,sif,2,sif_abtt_fixed,10,0.001,0.35175879396984927,0.9652980002529898,0.05316378649241339,0.5051808953285217,0.0008322690264321864,0.5043486263020895,0.7699530516431925,0.9436619718309859,0.846875,0.7460815047021944,0.7965571205007824,0.9937706557494482,0.8622848200312989,639,639,320,319
KaLM-Embedding/KaLM-embedding-multilingual-mini-instruct-v2.5,ffn_int,sif,2,sif_abtt_optimal,10,0.001,0.35175879396984927,0.9652980002529898,0.05316378649241339,0.5051808953285217,0.0008322690264321864,0.5043486263020895,0.7699530516431925,0.9436619718309859,0.846875,0.7460815047021944,0.7965571205007824,0.9937706557494482,0.8622848200312989,639,639,320,319
KaLM-Embedding/KaLM-embedding-multilingual-mini-instruct-v2.5,ffn_int,sif,3,sif_only,10,0.001,0.9447236180904522,0.872662317261053,0.04257946489752556,0.8801916837692261,0.7354221940040588,0.14476948976516724,0.5978090766823161,0.8873239436619719,0.275,0.9467084639498433,0.6103286384976526,0.8812158135106795,0.5226917057902973,639,639,320,319
KaLM-Embedding/KaLM-embedding-multilingual-mini-instruct-v2.5,ffn_int,sif,3,sif_abtt_fixed,10,0.001,0.3969849246231156,0.969364462660766,0.053628410322966426,0.5077746510505676,0.0007103621028363705,0.5070642889477313,0.8169014084507042,0.9514866979655712,0.8375,0.8495297805642633,0.8435054773082942,0.9915953756035527,0.8403755868544601,639,639,320,319
KaLM-Embedding/KaLM-embedding-multilingual-mini-instruct-v2.5,ffn_int,sif,3,sif_abtt_optimal,5,0.001,0.40703517587939697,0.9710758155500542,0.05382394522655465,0.5153202414512634,0.0014258262235671282,0.5138944152276963,0.7918622848200313,0.9436619718309859,0.834375,0.8025078369905956,0.8184663536776213,0.992871703441458,0.8200312989045383,639,639,320,319
KaLM-Embedding/KaLM-embedding-multilingual-mini-instruct-v2.5,ffn_int,sif,4,sif_only,10,0.001,0.964824120603015,0.8180006542868065,0.03633395991339127,0.8769904971122742,0.7528695464134216,0.12412095069885254,0.5586854460093896,0.838810641627543,0.240625,0.9310344827586207,0.5852895148669797,0.8346598965495065,0.4475743348982786,639,639,320,319
KaLM-Embedding/KaLM-embedding-multilingual-mini-instruct-v2.5,ffn_int,sif,4,sif_abtt_fixed,10,0.001,0.34673366834170855,0.9531991364015882,0.05178140054996954,0.47937870025634766,0.0009129448444582522,0.4784657554118894,0.755868544600939,0.9217527386541471,0.85,0.7272727272727273,0.7887323943661971,0.9914213439814221,0.8591549295774648,639,639,320,319
KaLM-Embedding/KaLM-embedding-multilingual-mini-instruct-v2.5,ffn_int,sif,4,sif_abtt_optimal,10,0.001,0.34673366834170855,0.9531991364015882,0.05178140054996954,0.47937870025634766,0.0009129448444582522,0.4784657554118894,0.755868544600939,0.9217527386541471,0.85,0.7272727272727273,0.7887323943661971,0.9914213439814221,0.8591549295774648,639,639,320,319
KaLM-Embedding/KaLM-embedding-multilingual-mini-instruct-v2.5,ffn_int,sif,5,sif_only,10,0.001,0.9296482412060302,0.8553603402291393,0.040602584248290864,0.837952733039856,0.67790287733078,0.16004985570907593,0.5367762128325508,0.8278560250391236,0.21875,0.9247648902821317,0.5712050078247262,0.8599439188969351,0.4491392801251956,639,639,320,319
KaLM-Embedding/KaLM-embedding-multilingual-mini-instruct-v2.5,ffn_int,sif,5,sif_abtt_fixed,10,0.001,0.32663316582914576,0.9557347743040139,0.052071116198851686,0.45098045468330383,0.0008661588071845472,0.4501142958761193,0.7402190923317684,0.8779342723004695,0.865625,0.6865203761755486,0.7762128325508607,0.9859052346469189,0.837245696400626,639,639,320,319
KaLM-Embedding/KaLM-embedding-multilingual-mini-instruct-v2.5,ffn_int,sif,5,sif_abtt_optimal,10,0.001,0.32663316582914576,0.9557347743040139,0.052071116198851686,0.45098045468330383,0.0008661588071845472,0.4501142958761193,0.7402190923317684,0.8779342723004695,0.865625,0.6865203761755486,0.7762128325508607,0.9859052346469189,0.837245696400626,639,639,320,319
KaLM-Embedding/KaLM-embedding-multilingual-mini-instruct-v2.5,ffn_int,sif,6,sif_only,10,0.001,0.9296482412060302,0.8637965938770382,0.041566489503609375,0.8439635038375854,0.6767935156822205,0.167169988155365,0.5633802816901409,0.8779342723004695,0.265625,0.9184952978056427,0.5915492957746479,0.8848612210641631,0.49608763693270735,639,639,320,319
KaLM-Embedding/KaLM-embedding-multilingual-mini-instruct-v2.5,ffn_int,sif,6,sif_abtt_fixed,10,0.001,0.35678391959798994,0.9492174020999915,0.051326457541050044,0.4486006796360016,0.0010815068380907178,0.44751917279791087,0.7464788732394366,0.9139280125195618,0.828125,0.7335423197492164,0.7809076682316118,0.985497176775579,0.8262910798122066,639,639,320,319
KaLM-Embedding/KaLM-embedding-multilingual-mini-instruct-v2.5,ffn_int,sif,6,sif_abtt_optimal,10,0.001,0.35678391959798994,0.9492174020999915,0.051326457541050044,0.4486006796360016,0.0010815068380907178,0.44751917279791087,0.7464788732394366,0.9139280125195618,0.828125,0.7335423197492164,0.7809076682316118,0.985497176775579,0.8262910798122066,639,639,320,319
KaLM-Embedding/KaLM-embedding-multilingual-mini-instruct-v2.5,ffn_int,sif,7,sif_only,10,0.001,0.9045226130653267,0.8772784062479523,0.043106887687215205,0.8269466161727905,0.6609835624694824,0.1659630537033081,0.6071987480438185,0.8826291079812206,0.35625,0.9373040752351097,0.6463223787167449,0.9041879530926982,0.539906103286385,639,639,320,319
KaLM-Embedding/KaLM-embedding-multilingual-mini-instruct-v2.5,ffn_int,sif,7,sif_abtt_fixed,10,0.001,0.38190954773869346,0.9541833097665313,0.051893849738698,0.44898828864097595,0.0010786823695525527,0.4479096062714234,0.7480438184663537,0.8998435054773083,0.834375,0.7398119122257053,0.7871674491392802,0.9850311966304274,0.812206572769953,639,639,320,319
KaLM-Embedding/KaLM-embedding-multilingual-mini-instruct-v2.5,ffn_int,sif,7,sif_abtt_optimal,3,0.001,0.4271356783919598,0.9590657724157055,0.052451707717234015,0.47721755504608154,0.0014522593701258302,0.4757652956759557,0.6948356807511737,0.8873239436619719,0.809375,0.658307210031348,0.7339593114241002,0.9856773448659946,0.7887323943661971,639,639,320,319
KaLM-Embedding/KaLM-embedding-multilingual-mini-instruct-v2.5,ffn_int,sif,8,sif_only,10,0.001,0.9246231155778895,0.8836568398433942,0.04383567156689659,0.8697538375854492,0.7481521368026733,0.12160170078277588,0.5868544600938967,0.8325508607198748,0.359375,0.9216300940438872,0.6400625978090767,0.9148682919335099,0.5179968701095462,639,639,320,319
KaLM-Embedding/KaLM-embedding-multilingual-mini-instruct-v2.5,ffn_int,sif,8,sif_abtt_fixed,10,0.001,0.38190954773869346,0.9463508047112721,0.05099892728850054,0.41052940487861633,0.0010057801846414804,0.40952362469397485,0.7276995305164319,0.9107981220657277,0.753125,0.786833855799373,0.7699530516431925,0.9820369224734256,0.7730829420970265,639,639,320,319
KaLM-Embedding/KaLM-embedding-multilingual-mini-instruct-v2.5,ffn_int,sif,8,sif_abtt_optimal,10,0.001,0.38190954773869346,0.9463508047112721,0.05099892728850054,0.41052940487861633,0.0010057801846414804,0.40952362469397485,0.7276995305164319,0.9107981220657277,0.753125,0.786833855799373,0.7699530516431925,0.9820369224734256,0.7730829420970265,639,639,320,319
KaLM-Embedding/KaLM-embedding-multilingual-mini-instruct-v2.5,ffn_int,sif,9,sif_only,10,0.001,0.9045226130653267,0.8645291601621806,0.041650190696294595,0.8056254386901855,0.6390560865402222,0.16656935214996338,0.5352112676056338,0.7809076682316118,0.265625,0.9153605015673981,0.5899843505477308,0.8789549394183213,0.41001564945226915,639,639,320,319
KaLM-Embedding/KaLM-embedding-multilingual-mini-instruct-v2.5,ffn_int,sif,9,sif_abtt_fixed,10,0.001,0.34673366834170855,0.9509809855529068,0.05152796017828742,0.382427841424942,0.0012465543113648891,0.3811812871135771,0.6917057902973396,0.8591549295774648,0.784375,0.7053291536050157,0.7449139280125195,0.9745588875183983,0.7636932707355243,639,639,320,319
KaLM-Embedding/KaLM-embedding-multilingual-mini-instruct-v2.5,ffn_int,sif,9,sif_abtt_optimal,10,0.001,0.34673366834170855,0.9509809855529068,0.05152796017828742,0.382427841424942,0.0012465543113648891,0.3811812871135771,0.6917057902973396,0.8591549295774648,0.784375,0.7053291536050157,0.7449139280125195,0.9745588875183983,0.7636932707355243,639,639,320,319
KaLM-Embedding/KaLM-embedding-multilingual-mini-instruct-v2.5,ffn_int,sif,10,sif_only,10,0.001,0.9195979899497487,0.8614083673938109,0.04129361671505751,0.858707845211029,0.7521356344223022,0.1065722107887268,0.543035993740219,0.7699530516431925,0.365625,0.8526645768025078,0.6087636932707355,0.8929380049303127,0.4460093896713615,639,639,320,319
KaLM-Embedding/KaLM-embedding-multilingual-mini-instruct-v2.5,ffn_int,sif,10,sif_abtt_fixed,10,0.001,0.36683417085427134,0.9526108180580505,0.05171418076654442,0.37818095088005066,0.001068956684321165,0.3771119941957295,0.6807511737089202,0.8560250391236307,0.740625,0.7178683385579937,0.729264475743349,0.9711530152198918,0.7402190923317684,639,639,320,319
KaLM-Embedding/KaLM-embedding-multilingual-mini-instruct-v2.5,ffn_int,sif,10,sif_abtt_optimal,10,0.001,0.36683417085427134,0.9526108180580505,0.05171418076654442,0.37818095088005066,0.001068956684321165,0.3771119941957295,0.6807511737089202,0.8560250391236307,0.740625,0.7178683385579937,0.729264475743349,0.9711530152198918,0.7402190923317684,639,639,320,319
KaLM-Embedding/KaLM-embedding-multilingual-mini-instruct-v2.5,ffn_int,sif,11,sif_only,10,0.001,0.864321608040201,0.8846457363025071,0.04394866040454144,0.7921566367149353,0.6177900433540344,0.17436659336090088,0.6338028169014085,0.8262910798122066,0.440625,0.9153605015673981,0.6776212832550861,0.9244518493208518,0.5555555555555556,639,639,320,319
KaLM-Embedding/KaLM-embedding-multilingual-mini-instruct-v2.5,ffn_int,sif,11,sif_abtt_fixed,10,0.001,0.34673366834170855,0.9488372759776706,0.05128302528044239,0.39549052715301514,0.0009693941101431847,0.39452113304287195,0.6964006259780907,0.8967136150234741,0.7875,0.6927899686520376,0.7402190923317684,0.9752412846665268,0.784037558685446,639,639,320,319
KaLM-Embedding/KaLM-embedding-multilingual-mini-instruct-v2.5,ffn_int,sif,11,sif_abtt_optimal,5,0.001,0.4020100502512563,0.9505866348425245,0.05148290265180234,0.42233648896217346,0.001386765274219215,0.42094972368795425,0.6964006259780907,0.8779342723004695,0.740625,0.7272727272727273,0.7339593114241002,0.979565652715638,0.7355242566510172,639,639,320,319
KaLM-Embedding/KaLM-embedding-multilingual-mini-instruct-v2.5,ffn_int,sif,12,sif_only,10,0.001,0.864321608040201,0.8866456071972256,0.044177160654282836,0.7983303666114807,0.6437267065048218,0.15460366010665894,0.5805946791862285,0.7793427230046949,0.434375,0.8714733542319749,0.6525821596244131,0.9119986410428321,0.48826291079812206,639,639,320,319
KaLM-Embedding/KaLM-embedding-multilingual-mini-instruct-v2.5,ffn_int,sif,12,sif_abtt_fixed,10,0.001,0.33668341708542715,0.9420908502980903,0.05051219554504435,0.36908024549484253,0.0012962267501279712,0.36778401874471456,0.676056338028169,0.8513302034428795,0.809375,0.6520376175548589,0.730829420970266,0.9729959359540604,0.784037558685446,639,639,320,319
KaLM-Embedding/KaLM-embedding-multilingual-mini-instruct-v2.5,ffn_int,sif,12,sif_abtt_optimal,7,0.001,0.35678391959798994,0.9420733626824414,0.05051019745379044,0.3791114091873169,0.001132346922531724,0.37797906226478517,0.6557120500782473,0.8419405320813772,0.79375,0.6394984326018809,0.7167449139280125,0.9748239127185593,0.7276995305164319,639,639,320,319
KaLM-Embedding/KaLM-embedding-multilingual-mini-instruct-v2.5,ffn_int,sif,13,sif_only,10,0.001,0.9095477386934674,0.8648679287924644,0.041688897553253196,0.837063193321228,0.7093157768249512,0.12774741649627686,0.5758998435054773,0.7965571205007824,0.31875,0.9216300940438872,0.6197183098591549,0.8880452306758297,0.46322378716744916,639,639,320,319
KaLM-Embedding/KaLM-embedding-multilingual-mini-instruct-v2.5,ffn_int,sif,13,sif_abtt_fixed,10,0.001,0.36180904522613067,0.9448977951180593,0.05083291004419032,0.3724253177642822,0.0020483771804720163,0.3703769405838102,0.6838810641627543,0.8779342723004695,0.690625,0.7554858934169278,0.7230046948356808,0.9726208918215707,0.7605633802816901,639,639,320,319
KaLM-Embedding/KaLM-embedding-multilingual-mini-instruct-v2.5,ffn_int,sif,13,sif_abtt_optimal,10,0.001,0.36180904522613067,0.9448977951180593,0.05083291004419032,0.3724253177642822,0.0020483771804720163,0.3703769405838102,0.6838810641627543,0.8779342723004695,0.690625,0.7554858934169278,0.7230046948356808,0.9726208918215707,0.7605633802816901,639,639,320,319
KaLM-Embedding/KaLM-embedding-multilingual-mini-instruct-v2.5,ffn_int,sif,14,sif_only,10,0.001,0.9195979899497487,0.878230823164744,0.04321570846358425,0.8676287531852722,0.751968264579773,0.11566048860549927,0.6322378716744914,0.8356807511737089,0.40625,0.9467084639498433,0.676056338028169,0.9020817283628877,0.5242566510172144,639,639,320,319
KaLM-Embedding/KaLM-embedding-multilingual-mini-instruct-v2.5,ffn_int,sif,14,sif_abtt_fixed,10,0.001,0.37185929648241206,0.9504104755972214,0.05146277513674524,0.4076434075832367,0.0010362829780206084,0.4066071246052161,0.7183098591549296,0.8935837245696401,0.784375,0.7335423197492164,0.758998435054773,0.9765177621743905,0.7683881064162754,639,639,320,319
KaLM-Embedding/KaLM-embedding-multilingual-mini-instruct-v2.5,ffn_int,sif,14,sif_abtt_optimal,10,0.001,0.37185929648241206,0.9504104755972214,0.05146277513674524,0.4076434075832367,0.0010362829780206084,0.4066071246052161,0.7183098591549296,0.8935837245696401,0.784375,0.7335423197492164,0.758998435054773,0.9765177621743905,0.7683881064162754,639,639,320,319
KaLM-Embedding/KaLM-embedding-multilingual-mini-instruct-v2.5,ffn_int,sif,15,sif_only,10,0.001,0.9045226130653267,0.9043859249758502,0.046204125021596334,0.8582428097724915,0.7064182758331299,0.15182453393936157,0.6791862284820032,0.8935837245696401,0.471875,0.9404388714733543,0.7057902973395931,0.9321632312537398,0.6040688575899843,639,639,320,319
KaLM-Embedding/KaLM-embedding-multilingual-mini-instruct-v2.5,ffn_int,sif,15,sif_abtt_fixed,10,0.001,0.3919597989949749,0.9484296298125067,0.051236448648525834,0.4421084225177765,0.0010875986190512776,0.4410208238987252,0.7511737089201878,0.9092331768388107,0.78125,0.780564263322884,0.7809076682316118,0.9827111626088338,0.7996870109546166,639,639,320,319
KaLM-Embedding/KaLM-embedding-multilingual-mini-instruct-v2.5,ffn_int,sif,15,sif_abtt_optimal,7,0.001,0.4120603015075377,0.9524875087985603,0.05170009175876763,0.45353758335113525,0.0011823176173493266,0.4523552657337859,0.7464788732394366,0.917057902973396,0.74375,0.8056426332288401,0.7746478873239436,0.9844580182560047,0.7949921752738655,639,639,320,319
KaLM-Embedding/KaLM-embedding-multilingual-mini-instruct-v2.5,ffn_int,sif,16,sif_only,10,0.001,0.9195979899497487,0.9188863218263716,0.04786090412188785,0.8930959701538086,0.7621329426765442,0.1309630274772644,0.7339593114241002,0.92018779342723,0.578125,0.9404388714733543,0.758998435054773,0.9397181102192137,0.672926447574335,639,639,320,319
KaLM-Embedding/KaLM-embedding-multilingual-mini-instruct-v2.5,ffn_int,sif,16,sif_abtt_fixed,10,0.001,0.35678391959798994,0.959231600583832,0.052470654829234985,0.4954321086406708,0.0008629336371086538,0.4945691750035621,0.7496087636932708,0.9154929577464789,0.878125,0.6833855799373041,0.7809076682316118,0.9912728828959911,0.8403755868544601,639,639,320,319
KaLM-Embedding/KaLM-embedding-multilingual-mini-instruct-v2.5,ffn_int,sif,16,sif_abtt_optimal,10,0.001,0.35678391959798994,0.959231600583832,0.052470654829234985,0.4954321086406708,0.0008629336371086538,0.4945691750035621,0.7496087636932708,0.9154929577464789,0.878125,0.6833855799373041,0.7809076682316118,0.9912728828959911,0.8403755868544601,639,639,320,319
KaLM-Embedding/KaLM-embedding-multilingual-mini-instruct-v2.5,ffn_int,sif,17,sif_only,10,0.001,0.9597989949748744,0.9225702136064136,0.04828181638886468,0.949847400188446,0.8829632997512817,0.0668841004371643,0.784037558685446,0.9061032863849765,0.7,0.9184952978056427,0.809076682316119,0.9448631589447292,0.7151799687010955,639,639,320,319
KaLM-Embedding/KaLM-embedding-multilingual-mini-instruct-v2.5,ffn_int,sif,17,sif_abtt_fixed,10,0.001,0.4271356783919598,0.9609291713294779,0.052664615019539875,0.5127905607223511,0.0008091088966466486,0.5119814518257044,0.7887323943661971,0.9233176838810642,0.821875,0.8025078369905956,0.812206572769953,0.9872830732556848,0.8309859154929577,639,639,320,319
KaLM-Embedding/KaLM-embedding-multilingual-mini-instruct-v2.5,ffn_int,sif,17,sif_abtt_optimal,7,0.001,0.46733668341708545,0.9618521546313157,0.052770072784602426,0.5307329893112183,0.0008421872043982148,0.52989080210682,0.810641627543036,0.9327073552425665,0.803125,0.8620689655172413,0.8325508607198748,0.9904679233217317,0.8231611893583725,639,639,320,319
KaLM-Embedding/KaLM-embedding-multilingual-mini-instruct-v2.5,ffn_int,sif,18,sif_only,10,0.001,0.9597989949748744,0.9438975388984965,0.05071862326887712,0.9453575611114502,0.8667076826095581,0.07864987850189209,0.7370892018779343,0.9139280125195618,0.553125,0.9623824451410659,0.7574334898278561,0.947623274452174,0.6588419405320813,639,639,320,319
KaLM-Embedding/KaLM-embedding-multilingual-mini-instruct-v2.5,ffn_int,sif,18,sif_abtt_fixed,10,0.001,0.3869346733668342,0.9630136375970508,0.05290278092513062,0.49082234501838684,0.0013637698721140623,0.4894585751462728,0.784037558685446,0.9107981220657277,0.846875,0.7711598746081505,0.809076682316119,0.985576663036441,0.8403755868544601,639,639,320,319
KaLM-Embedding/KaLM-embedding-multilingual-mini-instruct-v2.5,ffn_int,sif,18,sif_abtt_optimal,7,0.001,0.4371859296482412,0.9638846115574712,0.05300229623284056,0.5105461478233337,0.0012131882831454277,0.5093329595401883,0.7856025039123631,0.9217527386541471,0.80625,0.8181818181818182,0.812206572769953,0.9856488615216475,0.8231611893583725,639,639,320,319
KaLM-Embedding/KaLM-embedding-multilingual-mini-instruct-v2.5,ffn_int,sif,19,sif_only,10,0.001,0.9547738693467337,0.9408381905987728,0.050369069779056475,0.9503960013389587,0.8774869441986084,0.07290905714035034,0.810641627543036,0.9295774647887324,0.740625,0.9216300940438872,0.8309859154929577,0.96562631385758,0.784037558685446,639,639,320,319
KaLM-Embedding/KaLM-embedding-multilingual-mini-instruct-v2.5,ffn_int,sif,19,sif_abtt_fixed,10,0.001,0.3919597989949749,0.9628417258181671,0.05288313871497004,0.49705496430397034,0.0012305715354159474,0.4958243927685544,0.8059467918622848,0.9436619718309859,0.828125,0.8307210031347962,0.8294209702660407,0.987076102729683,0.8325508607198748,639,639,320,319
KaLM-Embedding/KaLM-embedding-multilingual-mini-instruct-v2.5,ffn_int,sif,19,sif_abtt_optimal,10,0.001,0.3919597989949749,0.9628417258181671,0.05288313871497004,0.49705496430397034,0.0012305715354159474,0.4958243927685544,0.8059467918622848,0.9436619718309859,0.828125,0.8307210031347962,0.8294209702660407,0.987076102729683,0.8325508607198748,639,639,320,319
KaLM-Embedding/KaLM-embedding-multilingual-mini-instruct-v2.5,ffn_int,sif,20,sif_only,10,0.001,0.964824120603015,0.9301984752568933,0.04915340249816386,0.9564992785453796,0.8926280736923218,0.06387120485305786,0.8028169014084507,0.917057902973396,0.70625,0.9404388714733543,0.8231611893583725,0.9557446081570267,0.7386541471048513,639,639,320,319
KaLM-Embedding/KaLM-embedding-multilingual-mini-instruct-v2.5,ffn_int,sif,20,sif_abtt_fixed,10,0.001,0.4170854271356784,0.9564344006021845,0.05215105375095793,0.5139918327331543,0.0012273062020540237,0.5127645265311003,0.8169014084507042,0.9342723004694836,0.825,0.8557993730407524,0.8403755868544601,0.9886950020756922,0.8450704225352113,639,639,320,319
KaLM-Embedding/KaLM-embedding-multilingual-mini-instruct-v2.5,ffn_int,sif,20,sif_abtt_optimal,10,0.001,0.4170854271356784,0.9564344006021845,0.05215105375095793,0.5139918327331543,0.0012273062020540237,0.5127645265311003,0.8169014084507042,0.9342723004694836,0.825,0.8557993730407524,0.8403755868544601,0.9886950020756922,0.8450704225352113,639,639,320,319
KaLM-Embedding/KaLM-embedding-multilingual-mini-instruct-v2.5,ffn_int,sif,21,sif_only,10,0.001,0.964824120603015,0.9359144478853347,0.049806495243604684,0.9549636244773865,0.8879837393760681,0.06697988510131836,0.7871674491392802,0.9327073552425665,0.6375,0.9749216300940439,0.8059467918622848,0.9514325648533168,0.7136150234741784,639,639,320,319
KaLM-Embedding/KaLM-embedding-multilingual-mini-instruct-v2.5,ffn_int,sif,21,sif_abtt_fixed,10,0.001,0.4170854271356784,0.9624480387744131,0.052838157017374876,0.5271093845367432,0.0013390873791649938,0.5257702971575782,0.7809076682316118,0.9311424100156495,0.8375,0.7774294670846394,0.8075117370892019,0.9858841657220381,0.8466353677621283,639,639,320,319
KaLM-Embedding/KaLM-embedding-multilingual-mini-instruct-v2.5,ffn_int,sif,21,sif_abtt_optimal,2,0.001,0.47738693467336685,0.970366709880213,0.053742924585135216,0.5588291883468628,0.0010440144687891006,0.5577851738780737,0.7965571205007824,0.9311424100156495,0.825,0.8244514106583072,0.8247261345852895,0.985986401816542,0.8482003129890454,639,639,320,319
KaLM-Embedding/KaLM-embedding-multilingual-mini-instruct-v2.5,ffn_int,sif,22,sif_only,10,0.001,0.9899497487437187,0.892374687241571,0.044831751020664536,0.9746799468994141,0.9446145296096802,0.030065417289733887,0.6494522691705791,0.8779342723004695,0.35,0.9811912225705329,0.6651017214397497,0.8886934973169588,0.5242566510172144,639,639,320,319
KaLM-Embedding/KaLM-embedding-multilingual-mini-instruct-v2.5,ffn_int,sif,22,sif_abtt_fixed,10,0.001,0.4472361809045226,0.9641837039845085,0.053036469785969736,0.5272337794303894,0.0012471267255023122,0.5259866527048871,0.7824726134585289,0.92018779342723,0.809375,0.8056426332288401,0.8075117370892019,0.9830124194519461,0.8294209702660407,639,639,320,319
KaLM-Embedding/KaLM-embedding-multilingual-mini-instruct-v2.5,ffn_int,sif,22,sif_abtt_optimal,5,0.001,0.49748743718592964,0.9697565790268338,0.05367321255885531,0.5477092266082764,0.0013244906440377235,0.5463847359642386,0.7762128325508607,0.9107981220657277,0.79375,0.8119122257053292,0.8028169014084507,0.9847096940472044,0.8184663536776213,639,639,320,319
KaLM-Embedding/KaLM-embedding-multilingual-mini-instruct-v2.5,ffn_int,sif,23,sif_only,10,0.001,0.0,0.8386171151924839,0.03868955445940991,0.9999788999557495,0.9999404549598694,3.844499588012695e-05,0.3051643192488263,0.3411580594679186,1.0,0.0,0.5007824726134585,0.8362303719075106,0.486697965571205,639,639,320,319
KaLM-Embedding/KaLM-embedding-multilingual-mini-instruct-v2.5,ffn_int,sif,23,sif_abtt_fixed,10,0.001,0.49748743718592964,0.948961470125998,0.051297215393406016,0.5391129851341248,0.0006477750721387565,0.538465210061986,0.7746478873239436,0.9045383411580594,0.79375,0.8056426332288401,0.7996870109546166,0.9768459768795836,0.8137715179968701,639,639,320,319
KaLM-Embedding/KaLM-embedding-multilingual-mini-instruct-v2.5,ffn_int,sif,23,sif_abtt_optimal,2,0.001,0.5628140703517588,0.9588479127839404,0.05242681562025063,0.5726158618927002,0.0013947335537523031,0.5712211283389479,0.7668231611893583,0.918622848200313,0.75625,0.8369905956112853,0.7965571205007824,0.980183922043228,0.7715179968701096,639,639,320,319
