model,layer,ranking,k,split,coords,share,topk_mean_contribution,mean_cosine,n_negative_topk,n_negative_all,negative_share
bowphs/LaTa,1,mean_abs,1,train,146,0.09799935742,0.0491713942,0.5017522104,0,33,-3.373874183e-05
bowphs/LaTa,1,mean_abs,3,train,146;172;696,0.2415122863,0.1211793235,0.5017522104,0,33,-3.373874183e-05
bowphs/LaTa,1,mean_abs,5,train,146;172;696;615;181,0.3197563322,0.1604384465,0.5017522104,0,33,-3.373874183e-05
bowphs/LaTa,1,mean_abs,10,train,146;172;696;615;181;166;122;252;126;575,0.4481787687,0.2248746878,0.5017522104,0,33,-3.373874183e-05
bowphs/LaTa,1,variance,1,train,696,0.06818564321,0.0342122972,0.5017522104,0,33,-3.373874183e-05
bowphs/LaTa,1,variance,3,train,696;146;162,0.1701834473,0.08538992084,0.5017522104,0,33,-3.373874183e-05
bowphs/LaTa,1,variance,5,train,696;146;162;86;15,0.1734349958,0.08702139252,0.5017522104,0,33,-3.373874183e-05
bowphs/LaTa,1,variance,10,train,696;146;162;86;15;518;548;126;662;56,0.2150335794,0.1078935738,0.5017522104,0,33,-3.373874183e-05
bowphs/LaTa,1,mean_abs,1,test,146,0.10192059,0.05113598896,0.5017238321,0,26,-2.424724998e-05
bowphs/LaTa,1,mean_abs,3,test,146;172;696,0.2447202039,0.1227819585,0.5017238321,0,26,-2.424724998e-05
bowphs/LaTa,1,mean_abs,5,test,146;172;696;615;181,0.3229054799,0.1620093748,0.5017238321,0,26,-2.424724998e-05
bowphs/LaTa,1,mean_abs,10,test,146;172;696;615;181;166;122;252;126;575,0.4474298028,0.2244861953,0.5017238321,0,26,-2.424724998e-05
bowphs/LaTa,1,variance,1,test,696,0.06658375156,0.03340665499,0.5017238321,0,26,-2.424724998e-05
bowphs/LaTa,1,variance,3,test,696;146;162,0.1720057182,0.08629936809,0.5017238321,0,26,-2.424724998e-05
bowphs/LaTa,1,variance,5,test,696;146;162;86;15,0.1749454624,0.08777430782,0.5017238321,0,26,-2.424724998e-05
bowphs/LaTa,1,variance,10,test,696;146;162;86;15;518;548;126;662;56,0.2147408159,0.107740585,0.5017238321,0,26,-2.424724998e-05
bowphs/LaTa,2,mean_abs,1,train,172,0.00167585267,0.0004928409685,0.2940837087,0,27,-2.162432338e-05
bowphs/LaTa,2,mean_abs,3,train,172;252;65,0.1047357699,0.03080108366,0.2940837087,0,27,-2.162432338e-05
bowphs/LaTa,2,mean_abs,5,train,172;252;65;548;665,0.2394796445,0.07042706201,0.2940837087,0,27,-2.162432338e-05
bowphs/LaTa,2,mean_abs,10,train,172;252;65;548;665;124;166;615;223;630,0.4088972625,0.1202500235,0.2940837087,0,27,-2.162432338e-05
bowphs/LaTa,2,variance,1,train,172,0.00167585267,0.0004928409685,0.2940837087,0,27,-2.162432338e-05
bowphs/LaTa,2,variance,3,train,172;252;65,0.1047357699,0.03080108366,0.2940837087,0,27,-2.162432338e-05
bowphs/LaTa,2,variance,5,train,172;252;65;665;166,0.1383082623,0.04067420672,0.2940837087,0,27,-2.162432338e-05
bowphs/LaTa,2,variance,10,train,172;252;65;665;166;548;124;615;630;764,0.3700709255,0.1088318303,0.2940837087,0,27,-2.162432338e-05
bowphs/LaTa,2,mean_abs,1,test,172,0.0001459158539,4.416242189e-05,0.3026567759,0,31,-2.194620612e-05
bowphs/LaTa,2,mean_abs,3,test,172;252;65,0.1191137448,0.03605058196,0.3026567759,0,31,-2.194620612e-05
bowphs/LaTa,2,mean_abs,5,test,172;252;65;548;665,0.2580448912,0.07809903481,0.3026567759,0,31,-2.194620612e-05
bowphs/LaTa,2,mean_abs,10,test,172;252;65;548;665;124;166;615;223;630,0.4275073316,0.1293879906,0.3026567759,0,31,-2.194620612e-05
bowphs/LaTa,2,variance,1,test,172,0.0001459158539,4.416242189e-05,0.3026567759,0,31,-2.194620612e-05
bowphs/LaTa,2,variance,3,test,172;252;65,0.1191137448,0.03605058196,0.3026567759,0,31,-2.194620612e-05
bowphs/LaTa,2,variance,5,test,172;252;65;665;166,0.15436645,0.04672005207,0.3026567759,0,31,-2.194620612e-05
bowphs/LaTa,2,variance,10,test,172;252;65;665;166;548;124;615;630;764,0.3913765215,0.1184527562,0.3026567759,0,31,-2.194620612e-05
bowphs/LaTa,3,mean_abs,1,train,172,-1.613482161e-05,-4.159624675e-06,0.2578041937,1,31,-3.681861681e-05
bowphs/LaTa,3,mean_abs,3,train,172;665;252,0.07538846177,0.0194354616,0.2578041937,1,31,-3.681861681e-05
bowphs/LaTa,3,mean_abs,5,train,172;665;252;548;65,0.2833889651,0.07305886365,0.2578041937,1,31,-3.681861681e-05
bowphs/LaTa,3,mean_abs,10,train,172;665;252;548;65;764;583;192;166;630,0.5603081296,0.1444497856,0.2578041937,1,31,-3.681861681e-05
bowphs/LaTa,3,variance,1,train,172,-1.613482161e-05,-4.159624675e-06,0.2578041937,1,31,-3.681861681e-05
bowphs/LaTa,3,variance,3,train,172;665;252,0.07538846177,0.0194354616,0.2578041937,1,31,-3.681861681e-05
bowphs/LaTa,3,variance,5,train,172;665;252;65;764,0.230317245,0.05937675164,0.2578041937,1,31,-3.681861681e-05
bowphs/LaTa,3,variance,10,train,172;665;252;65;764;548;583;166;192;630,0.5603081296,0.1444497856,0.2578041937,1,31,-3.681861681e-05
bowphs/LaTa,3,mean_abs,1,test,172,-0.0007110355399,-0.0001900779729,0.2673255586,1,27,-0.0007233348383
bowphs/LaTa,3,mean_abs,3,test,172;665;252,0.09028886349,0.02413652087,0.2673255586,1,27,-0.0007233348383
bowphs/LaTa,3,mean_abs,5,test,172;665;252;548;65,0.315045727,0.08421977498,0.2673255586,1,27,-0.0007233348383
bowphs/LaTa,3,mean_abs,10,test,172;665;252;548;65;764;583;192;166;630,0.5934823426,0.1586529988,0.2673255586,1,27,-0.0007233348383
bowphs/LaTa,3,variance,1,test,172,-0.0007110355399,-0.0001900779729,0.2673255586,1,27,-0.0007233348383
bowphs/LaTa,3,variance,3,test,172;665;252,0.09028886349,0.02413652087,0.2673255586,1,27,-0.0007233348383
bowphs/LaTa,3,variance,5,test,172;665;252;65;764,0.2630905636,0.0703308319,0.2673255586,1,27,-0.0007233348383
bowphs/LaTa,3,variance,10,test,172;665;252;65;764;548;583;166;192;630,0.5934823426,0.1586529988,0.2673255586,1,27,-0.0007233348383
bowphs/LaTa,4,mean_abs,1,train,172,0.003735207666,0.0008425481768,0.2255692995,0,31,-2.665352908e-05
bowphs/LaTa,4,mean_abs,3,train,172;665;764,0.192545811,0.04343242371,0.2255692995,0,31,-2.665352908e-05
bowphs/LaTa,4,mean_abs,5,train,172;665;764;252;65,0.2749886035,0.06202898666,0.2255692995,0,31,-2.665352908e-05
bowphs/LaTa,4,mean_abs,10,train,172;665;764;252;65;548;583;166;192;507,0.5822712444,0.1313425167,0.2255692995,0,31,-2.665352908e-05
bowphs/LaTa,4,variance,1,train,172,0.003735207666,0.0008425481768,0.2255692995,0,31,-2.665352908e-05
bowphs/LaTa,4,variance,3,train,172;665;252,0.07494290971,0.01690481965,0.2255692995,0,31,-2.665352908e-05
bowphs/LaTa,4,variance,5,train,172;665;252;764;65,0.2749886035,0.06202898666,0.2255692995,0,31,-2.665352908e-05
bowphs/LaTa,4,variance,10,train,172;665;252;764;65;548;583;166;507;192,0.5822712444,0.1313425167,0.2255692995,0,31,-2.665352908e-05
bowphs/LaTa,4,mean_abs,1,test,172,0.0003784430448,8.842635639e-05,0.2336582944,0,29,-1.310688246e-05
bowphs/LaTa,4,mean_abs,3,test,172;665;764,0.2067067503,0.04829874673,0.2336582944,0,29,-1.310688246e-05
bowphs/LaTa,4,mean_abs,5,test,172;665;764;252;65,0.3030930504,0.07082020522,0.2336582944,0,29,-1.310688246e-05
bowphs/LaTa,4,mean_abs,10,test,172;665;764;252;65;548;583;166;192;507,0.6059788728,0.1415919899,0.2336582944,0,29,-1.310688246e-05
bowphs/LaTa,4,variance,1,test,172,0.0003784430448,8.842635639e-05,0.2336582944,0,29,-1.310688246e-05
bowphs/LaTa,4,variance,3,test,172;665;252,0.08694742341,0.02031598666,0.2336582944,0,29,-1.310688246e-05
bowphs/LaTa,4,variance,5,test,172;665;252;764;65,0.3030930504,0.07082020522,0.2336582944,0,29,-1.310688246e-05
bowphs/LaTa,4,variance,10,test,172;665;252;764;65;548;583;166;507;192,0.6059788728,0.1415919899,0.2336582944,0,29,-1.310688246e-05
bowphs/LaTa,5,mean_abs,1,train,665,0.01019455185,0.002312488754,0.2268357441,0,40,-1.661423727e-05
bowphs/LaTa,5,mean_abs,3,train,665;172;764,0.2323028086,0.05269458044,0.2268357441,0,40,-1.661423727e-05
bowphs/LaTa,5,mean_abs,5,train,665;172;764;252;65,0.3008605591,0.06824592879,0.2268357441,0,40,-1.661423727e-05
bowphs/LaTa,5,mean_abs,10,train,665;172;764;252;65;548;166;583;507;192,0.6084858426,0.1380263389,0.2268357441,0,40,-1.661423727e-05
bowphs/LaTa,5,variance,1,train,665,0.01019455185,0.002312488754,0.2268357441,0,40,-1.661423727e-05
bowphs/LaTa,5,variance,3,train,665;172;764,0.2323028086,0.05269458044,0.2268357441,0,40,-1.661423727e-05
bowphs/LaTa,5,variance,5,train,665;172;764;252;65,0.3008605591,0.06824592879,0.2268357441,0,40,-1.661423727e-05
bowphs/LaTa,5,variance,10,train,665;172;764;252;65;548;166;507;583;208,0.5729173796,0.1299581401,0.2268357441,0,40,-1.661423727e-05
bowphs/LaTa,5,mean_abs,1,test,665,0.01950495682,0.004537680046,0.232642404,0,32,-2.159551834e-05
bowphs/LaTa,5,mean_abs,3,test,665;172;764,0.2410295237,0.05607368783,0.232642404,0,32,-2.159551834e-05
bowphs/LaTa,5,mean_abs,5,test,665;172;764;252;65,0.3201315857,0.07447618171,0.232642404,0,32,-2.159551834e-05
bowphs/LaTa,5,mean_abs,10,test,665;172;764;252;65;548;166;583;507;192,0.6234084699,0.1450312451,0.232642404,0,32,-2.159551834e-05
bowphs/LaTa,5,variance,1,test,665,0.01950495682,0.004537680046,0.232642404,0,32,-2.159551834e-05
bowphs/LaTa,5,variance,3,test,665;172;764,0.2410295237,0.05607368783,0.232642404,0,32,-2.159551834e-05
bowphs/LaTa,5,variance,5,test,665;172;764;252;65,0.3201315857,0.07447618171,0.232642404,0,32,-2.159551834e-05
bowphs/LaTa,5,variance,10,test,665;172;764;252;65;548;166;507;583;208,0.5874164441,0.1366579737,0.232642404,0,32,-2.159551834e-05
bowphs/LaTa,6,mean_abs,1,train,665,0.004101081986,0.0009251336807,0.2255828301,0,40,-2.40163195e-05
bowphs/LaTa,6,mean_abs,3,train,665;172;764,0.2323280916,0.05240922841,0.2255828301,0,40,-2.40163195e-05
bowphs/LaTa,6,mean_abs,5,train,665;172;764;252;548,0.4060192476,0.09159097094,0.2255828301,0,40,-2.40163195e-05
bowphs/LaTa,6,mean_abs,10,train,665;172;764;252;548;65;166;583;507;208,0.5729582862,0.1292495517,0.2255828301,0,40,-2.40163195e-05
bowphs/LaTa,6,variance,1,train,665,0.004101081986,0.0009251336807,0.2255828301,0,40,-2.40163195e-05
bowphs/LaTa,6,variance,3,train,665;172;764,0.2323280916,0.05240922841,0.2255828301,0,40,-2.40163195e-05
bowphs/LaTa,6,variance,5,train,665;172;764;252;65,0.2980450421,0.0672338441,0.2255828301,0,40,-2.40163195e-05
bowphs/LaTa,6,variance,10,train,665;172;764;252;65;548;507;166;583;208,0.5729582862,0.1292495517,0.2255828301,0,40,-2.40163195e-05
bowphs/LaTa,6,mean_abs,1,test,665,0.01087445625,0.002510542322,0.2308660096,0,30,-3.294473903e-05
bowphs/LaTa,6,mean_abs,3,test,665;172;764,0.2398215133,0.05536663579,0.2308660096,0,30,-3.294473903e-05
bowphs/LaTa,6,mean_abs,5,test,665;172;764;252;548,0.421553605,0.09732239861,0.2308660096,0,30,-3.294473903e-05
bowphs/LaTa,6,mean_abs,10,test,665;172;764;252;548;65;166;583;507;208,0.5857045399,0.1352192699,0.2308660096,0,30,-3.294473903e-05
bowphs/LaTa,6,variance,1,test,665,0.01087445625,0.002510542322,0.2308660096,0,30,-3.294473903e-05
bowphs/LaTa,6,variance,3,test,665;172;764,0.2398215133,0.05536663579,0.2308660096,0,30,-3.294473903e-05
bowphs/LaTa,6,variance,5,test,665;172;764;252;65,0.3156390851,0.07287033605,0.2308660096,0,30,-3.294473903e-05
bowphs/LaTa,6,variance,10,test,665;172;764;252;65;548;507;166;583;208,0.5857045399,0.1352192699,0.2308660096,0,30,-3.294473903e-05
bowphs/LaTa,7,mean_abs,1,train,665,0.001786600299,0.0004078934037,0.2283070275,0,34,-1.50302387e-05
bowphs/LaTa,7,mean_abs,3,train,665;764;172,0.2175732509,0.04967350218,0.2283070275,0,34,-1.50302387e-05
bowphs/LaTa,7,mean_abs,5,train,665;764;172;252;548,0.3918039781,0.08945160162,0.2283070275,0,34,-1.50302387e-05
bowphs/LaTa,7,mean_abs,10,train,665;764;172;252;548;65;583;166;507;208,0.5823007092,0.132943344,0.2283070275,0,34,-1.50302387e-05
bowphs/LaTa,7,variance,1,train,665,0.001786600299,0.0004078934037,0.2283070275,0,34,-1.50302387e-05
bowphs/LaTa,7,variance,3,train,665;172;764,0.2175732509,0.04967350218,0.2283070275,0,34,-1.50302387e-05
bowphs/LaTa,7,variance,5,train,665;172;764;252;65,0.2729091166,0.06230706921,0.2283070275,0,34,-1.50302387e-05
bowphs/LaTa,7,variance,10,train,665;172;764;252;65;548;507;166;583;208,0.5823007092,0.132943344,0.2283070275,0,34,-1.50302387e-05
bowphs/LaTa,7,mean_abs,1,test,665,0.007168198564,0.001672037671,0.2332577225,0,38,-0.0001338925659
bowphs/LaTa,7,mean_abs,3,test,665;764;172,0.2235320724,0.05214058211,0.2332577225,0,38,-0.0001338925659
bowphs/LaTa,7,mean_abs,5,test,665;764;172;252;548,0.4059625902,0.09469390919,0.2332577225,0,38,-0.0001338925659
bowphs/LaTa,7,mean_abs,10,test,665;764;172;252;548;65;583;166;507;208,0.5928431205,0.1382852361,0.2332577225,1,38,-0.0001338925659
bowphs/LaTa,7,variance,1,test,665,0.007168198564,0.001672037671,0.2332577225,0,38,-0.0001338925659
bowphs/LaTa,7,variance,3,test,665;172;764,0.2235320724,0.05214058211,0.2332577225,0,38,-0.0001338925659
bowphs/LaTa,7,variance,5,test,665;172;764;252;65,0.2893208016,0.06748631125,0.2332577225,0,38,-0.0001338925659
bowphs/LaTa,7,variance,10,test,665;172;764;252;65;548;507;166;583;208,0.5928431205,0.1382852361,0.2332577225,1,38,-0.0001338925659
bowphs/LaTa,8,mean_abs,1,train,665,0.001148624864,0.0002578412428,0.2244782007,0,37,-0.000150464721
bowphs/LaTa,8,mean_abs,3,train,665;764;172,0.2054231429,0.04611301751,0.2244782007,0,37,-0.000150464721
bowphs/LaTa,8,mean_abs,5,train,665;764;172;252;548,0.3800355015,0.08530968558,0.2244782007,0,37,-0.000150464721
bowphs/LaTa,8,mean_abs,10,train,665;764;172;252;548;65;583;166;507;208,0.5676071643,0.1274154349,0.2244782007,1,37,-0.000150464721
bowphs/LaTa,8,variance,1,train,665,0.001148624864,0.0002578412428,0.2244782007,0,37,-0.000150464721
bowphs/LaTa,8,variance,3,train,665;764;172,0.2054231429,0.04611301751,0.2244782007,0,37,-0.000150464721
bowphs/LaTa,8,variance,5,train,665;764;172;252;65,0.2539816661,0.05701334742,0.2244782007,0,37,-0.000150464721
bowphs/LaTa,8,variance,10,train,665;764;172;252;65;548;166;507;583;208,0.5676071643,0.1274154349,0.2244782007,1,37,-0.000150464721
bowphs/LaTa,8,mean_abs,1,test,665,0.006361139702,0.001463051242,0.2299982881,0,26,-4.635100546e-05
bowphs/LaTa,8,mean_abs,3,test,665;764;172,0.2132434206,0.0490456217,0.2299982881,0,26,-4.635100546e-05
bowphs/LaTa,8,mean_abs,5,test,665;764;172;252;548,0.3951493971,0.09088368488,0.2299982881,0,26,-4.635100546e-05
bowphs/LaTa,8,mean_abs,10,test,665;764;172;252;548;65;583;166;507;208,0.5802829369,0.1334640821,0.2299982881,0,26,-4.635100546e-05
bowphs/LaTa,8,variance,1,test,665,0.006361139702,0.001463051242,0.2299982881,0,26,-4.635100546e-05
bowphs/LaTa,8,variance,3,test,665;764;172,0.2132434206,0.0490456217,0.2299982881,0,26,-4.635100546e-05
bowphs/LaTa,8,variance,5,test,665;764;172;252;65,0.2722287588,0.06261214851,0.2299982881,0,26,-4.635100546e-05
bowphs/LaTa,8,variance,10,test,665;764;172;252;65;548;166;507;583;208,0.5802829369,0.1334640821,0.2299982881,0,26,-4.635100546e-05
bowphs/LaTa,9,mean_abs,1,train,764,0.1815531301,0.04099801049,0.2258182521,0,24,-1.294588785e-05
bowphs/LaTa,9,mean_abs,3,train,764;665;172,0.189735535,0.04284574688,0.2258182521,0,24,-1.294588785e-05
bowphs/LaTa,9,mean_abs,5,train,764;665;172;252;548,0.3752652407,0.08474174073,0.2258182521,0,24,-1.294588785e-05
bowphs/LaTa,9,mean_abs,10,train,764;665;172;252;548;65;583;166;507;208,0.5691172388,0.1285170601,0.2258182521,0,24,-1.294588785e-05
bowphs/LaTa,9,variance,1,train,665,0.0006869815561,0.0001551329742,0.2258182521,0,24,-1.294588785e-05
bowphs/LaTa,9,variance,3,train,665;764;172,0.189735535,0.04284574688,0.2258182521,0,24,-1.294588785e-05
bowphs/LaTa,9,variance,5,train,665;764;172;252;65,0.2288521896,0.05167900144,0.2258182521,0,24,-1.294588785e-05
bowphs/LaTa,9,variance,10,train,665;764;172;252;65;548;166;507;583;208,0.5691172388,0.1285170601,0.2258182521,0,24,-1.294588785e-05
bowphs/LaTa,9,mean_abs,1,test,764,0.1900742955,0.04386963321,0.2308025559,0,31,-1.328735885e-05
bowphs/LaTa,9,mean_abs,3,test,764;665;172,0.1978364059,0.04566114814,0.2308025559,0,31,-1.328735885e-05
bowphs/LaTa,9,mean_abs,5,test,764;665;172;252;548,0.3900792541,0.09003128884,0.2308025559,0,31,-1.328735885e-05
bowphs/LaTa,9,mean_abs,10,test,764;665;172;252;548;65;583;166;507;208,0.5811801257,0.1341378584,0.2308025559,0,31,-1.328735885e-05
bowphs/LaTa,9,variance,1,test,665,0.005270495931,0.001216443932,0.2308025559,0,31,-1.328735885e-05
bowphs/LaTa,9,variance,3,test,665;764;172,0.1978364059,0.04566114814,0.2308025559,0,31,-1.328735885e-05
bowphs/LaTa,9,variance,5,test,665;764;172;252;65,0.2465701826,0.05690902835,0.2308025559,0,31,-1.328735885e-05
bowphs/LaTa,9,variance,10,test,665;764;172;252;65;548;166;507;583;208,0.5811801257,0.1341378584,0.2308025559,0,31,-1.328735885e-05
bowphs/LaTa,10,mean_abs,1,train,764,0.176201018,0.04068843468,0.2309205426,0,26,-0.0001841321701
bowphs/LaTa,10,mean_abs,3,train,764;665;172,0.1816384085,0.04194403984,0.2309205426,1,26,-0.0001841321701
bowphs/LaTa,10,mean_abs,5,train,764;665;172;252;548,0.3612056682,0.08340980888,0.2309205426,1,26,-0.0001841321701
bowphs/LaTa,10,mean_abs,10,train,764;665;172;252;548;65;583;166;507;208,0.5527229073,0.1276350737,0.2309205426,1,26,-0.0001841321701
bowphs/LaTa,10,variance,1,train,665,-0.0001743044083,-4.025046853e-05,0.2309205426,1,26,-0.0001841321701
bowphs/LaTa,10,variance,3,train,665;764;172,0.1816384085,0.04194403984,0.2309205426,1,26,-0.0001841321701
bowphs/LaTa,10,variance,5,train,665;764;172;252;65,0.2235082483,0.05161264597,0.2309205426,1,26,-0.0001841321701
bowphs/LaTa,10,variance,10,train,665;764;172;252;65;548;166;507;583;208,0.5527229073,0.1276350737,0.2309205426,1,26,-0.0001841321701
bowphs/LaTa,10,mean_abs,1,test,764,0.1857722445,0.04385375014,0.2360619061,0,25,-8.51769024e-06
bowphs/LaTa,10,mean_abs,3,test,764;665;172,0.1904399967,0.04495562863,0.2360619061,0,25,-8.51769024e-06
bowphs/LaTa,10,mean_abs,5,test,764;665;172;252;548,0.3768771147,0.08896633006,0.2360619061,0,25,-8.51769024e-06
bowphs/LaTa,10,mean_abs,10,test,764;665;172;252;548;65;583;166;507;208,0.5663981699,0.1337050316,0.2360619061,0,25,-8.51769024e-06
bowphs/LaTa,10,variance,1,test,665,0.003335723966,0.0007874373577,0.2360619061,0,25,-8.51769024e-06
bowphs/LaTa,10,variance,3,test,665;764;172,0.1904399967,0.04495562863,0.2360619061,0,25,-8.51769024e-06
bowphs/LaTa,10,variance,5,test,665;764;172;252;65,0.2422704798,0.05719083127,0.2360619061,0,25,-8.51769024e-06
bowphs/LaTa,10,variance,10,test,665;764;172;252;65;548;166;507;583;208,0.5663981699,0.1337050316,0.2360619061,0,25,-8.51769024e-06
bowphs/LaTa,11,mean_abs,1,train,764,0.1825128999,0.04363607828,0.2390848993,0,30,-1.349801603e-05
bowphs/LaTa,11,mean_abs,3,train,764;665;172,0.1897597081,0.04536868071,0.2390848993,0,30,-1.349801603e-05
bowphs/LaTa,11,mean_abs,5,train,764;665;172;252;548,0.3460792725,0.08274232801,0.2390848993,0,30,-1.349801603e-05
bowphs/LaTa,11,mean_abs,10,train,764;665;172;252;548;65;166;583;208;507,0.5254583613,0.1256291594,0.2390848993,0,30,-1.349801603e-05
bowphs/LaTa,11,variance,1,train,665,0.0008200309823,0.0001960570248,0.2390848993,0,30,-1.349801603e-05
bowphs/LaTa,11,variance,3,train,665;764;172,0.1897597081,0.04536868071,0.2390848993,0,30,-1.349801603e-05
bowphs/LaTa,11,variance,5,train,665;764;172;252;65,0.2334328005,0.05581025758,0.2390848993,0,30,-1.349801603e-05
bowphs/LaTa,11,variance,10,train,665;764;172;252;65;548;166;583;507;208,0.5254583613,0.1256291594,0.2390848993,0,30,-1.349801603e-05
bowphs/LaTa,11,mean_abs,1,test,764,0.192539489,0.04713021093,0.2447820505,0,35,-1.044721763e-05
bowphs/LaTa,11,mean_abs,3,test,764;665;172,0.1997470284,0.0488944872,0.2447820505,0,35,-1.044721763e-05
bowphs/LaTa,11,mean_abs,5,test,764;665;172;252;548,0.3637495433,0.08903935909,0.2447820505,0,35,-1.044721763e-05
bowphs/LaTa,11,mean_abs,10,test,764;665;172;252;548;65;166;583;208;507,0.5430925211,0.1329393009,0.2447820505,0,35,-1.044721763e-05
bowphs/LaTa,11,variance,1,test,665,0.005398855832,0.001321543001,0.2447820505,0,35,-1.044721763e-05
bowphs/LaTa,11,variance,3,test,665;764;172,0.1997470284,0.0488944872,0.2447820505,0,35,-1.044721763e-05
bowphs/LaTa,11,variance,5,test,665;764;172;252;65,0.2536732854,0.06209466697,0.2447820505,0,35,-1.044721763e-05
bowphs/LaTa,11,variance,10,test,665;764;172;252;65;548;166;583;507;208,0.5430925211,0.1329393009,0.2447820505,0,35,-1.044721763e-05
bowphs/LaTa,12,mean_abs,1,train,354,0.03683705302,0.02128399814,0.5777877544,0,22,-1.515154193e-05
bowphs/LaTa,12,mean_abs,3,train,354;270;382,0.09800355321,0.05662525294,0.5777877544,0,22,-1.515154193e-05
bowphs/LaTa,12,mean_abs,5,train,354;270;382;333;399,0.125926103,0.07275856031,0.5777877544,0,22,-1.515154193e-05
bowphs/LaTa,12,mean_abs,10,train,354;270;382;333;399;206;615;750;619;178,0.1804284548,0.1042493517,0.5777877544,0,22,-1.515154193e-05
bowphs/LaTa,12,variance,1,train,162,0.002689355493,0.001553876671,0.5777877544,0,22,-1.515154193e-05
bowphs/LaTa,12,variance,3,train,162;66;547,0.0111619715,0.006449250447,0.5777877544,0,22,-1.515154193e-05
bowphs/LaTa,12,variance,5,train,162;66;547;433;107,0.01898595203,0.01096985059,0.5777877544,0,22,-1.515154193e-05
bowphs/LaTa,12,variance,10,train,162;66;547;433;107;56;594;219;241;427,0.02274817227,0.01314361538,0.5777877544,0,22,-1.515154193e-05
bowphs/LaTa,12,mean_abs,1,test,354,0.03687425465,0.02134551804,0.5788732069,0,19,-1.695154981e-05
bowphs/LaTa,12,mean_abs,3,test,354;270;382,0.09815888863,0.05682155065,0.5788732069,0,19,-1.695154981e-05
bowphs/LaTa,12,mean_abs,5,test,354;270;382;333;399,0.1257873519,0.07281492776,0.5788732069,0,19,-1.695154981e-05
bowphs/LaTa,12,mean_abs,10,test,354;270;382;333;399;206;615;750;619;178,0.1803724343,0.1044127695,0.5788732069,0,19,-1.695154981e-05
bowphs/LaTa,12,variance,1,test,162,0.002465093557,0.001426976613,0.5788732069,0,19,-1.695154981e-05
bowphs/LaTa,12,variance,3,test,162;66;547,0.01079221951,0.006247326716,0.5788732069,0,19,-1.695154981e-05
bowphs/LaTa,12,variance,5,test,162;66;547;433;107,0.01866505409,0.01080469972,0.5788732069,0,19,-1.695154981e-05
bowphs/LaTa,12,variance,10,test,162;66;547;433;107;56;594;219;241;427,0.02300564752,0.01331735296,0.5788732069,0,19,-1.695154981e-05
bowphs/PhilTa,1,mean_abs,1,train,239,0.1888536797,0.1163132828,0.6158910062,0,24,-1.006789719e-05
bowphs/PhilTa,1,mean_abs,3,train,239;509;742,0.3235382588,0.1992643037,0.6158910062,0,24,-1.006789719e-05
bowphs/PhilTa,1,mean_abs,5,train,239;509;742;210;73,0.4116415395,0.253526322,0.6158910062,0,24,-1.006789719e-05
bowphs/PhilTa,1,mean_abs,10,train,239;509;742;210;73;547;23;470;672;451,0.512969133,0.3159330755,0.6158910062,0,24,-1.006789719e-05
bowphs/PhilTa,1,variance,1,train,200,0.006487923546,0.003995853761,0.6158910062,0,24,-1.006789719e-05
bowphs/PhilTa,1,variance,3,train,200;660;239,0.1964039295,0.1209634138,0.6158910062,0,24,-1.006789719e-05
bowphs/PhilTa,1,variance,5,train,200;660;239;509;470,0.2846951056,0.1753411551,0.6158910062,0,24,-1.006789719e-05
bowphs/PhilTa,1,variance,10,train,200;660;239;509;470;210;23;728;385;742,0.4449038712,0.2740122929,0.6158910062,0,24,-1.006789719e-05
bowphs/PhilTa,1,mean_abs,1,test,239,0.1865779497,0.1141752765,0.6119441053,0,26,-1.113529309e-05
bowphs/PhilTa,1,mean_abs,3,test,239;509;742,0.3215116744,0.196747174,0.6119441053,0,26,-1.113529309e-05
bowphs/PhilTa,1,mean_abs,5,test,239;509;742;210;73,0.4093490718,0.2504987515,0.6119441053,0,26,-1.113529309e-05
bowphs/PhilTa,1,mean_abs,10,test,239;509;742;210;73;547;23;470;672;451,0.5072648669,0.3104177451,0.6119441053,0,26,-1.113529309e-05
bowphs/PhilTa,1,variance,1,test,200,0.006846892971,0.004189915793,0.6119441053,0,26,-1.113529309e-05
bowphs/PhilTa,1,variance,3,test,200;660;239,0.1943969758,0.1189600834,0.6119441053,0,26,-1.113529309e-05
bowphs/PhilTa,1,variance,5,test,200;660;239;509;470,0.282423399,0.1728273342,0.6119441053,0,26,-1.113529309e-05
bowphs/PhilTa,1,variance,10,test,200;660;239;509;470;210;23;728;385;742,0.4418893057,0.2704115558,0.6119441053,0,26,-1.113529309e-05
bowphs/PhilTa,2,mean_abs,1,train,239,0.2623496352,0.186395155,0.7104837592,0,21,-6.321699077e-06
bowphs/PhilTa,2,mean_abs,3,train,239;210;73,0.4420208799,0.3140486564,0.7104837592,0,21,-6.321699077e-06
bowphs/PhilTa,2,mean_abs,5,train,239;210;73;742;23,0.5337282281,0.3792052379,0.7104837592,0,21,-6.321699077e-06
bowphs/PhilTa,2,mean_abs,10,train,239;210;73;742;23;509;470;166;728;547,0.6353196968,0.4513843264,0.7104837592,0,21,-6.321699077e-06
bowphs/PhilTa,2,variance,1,train,200,0.005801264027,0.004121703874,0.7104837592,0,21,-6.321699077e-06
bowphs/PhilTa,2,variance,3,train,200;660;728,0.02924992075,0.02078159365,0.7104837592,0,21,-6.321699077e-06
bowphs/PhilTa,2,variance,5,train,200;660;728;210;23,0.1747317911,0.1241440998,0.7104837592,0,21,-6.321699077e-06
bowphs/PhilTa,2,variance,10,train,200;660;728;210;23;87;742;470;400;537,0.2495163025,0.1772772805,0.7104837592,0,21,-6.321699077e-06
bowphs/PhilTa,2,mean_abs,1,test,239,0.2607787068,0.1848221052,0.7087315813,0,19,-5.598496331e-06
bowphs/PhilTa,2,mean_abs,3,test,239;210;73,0.4404228163,0.3121415591,0.7087315813,0,19,-5.598496331e-06
bowphs/PhilTa,2,mean_abs,5,test,239;210;73;742;23,0.531948874,0.3770089667,0.7087315813,0,19,-5.598496331e-06
bowphs/PhilTa,2,mean_abs,10,test,239;210;73;742;23;509;470;166;728;547,0.6323322292,0.4481538207,0.7087315813,0,19,-5.598496331e-06
bowphs/PhilTa,2,variance,1,test,200,0.005738131323,0.004066794886,0.7087315813,0,19,-5.598496331e-06
bowphs/PhilTa,2,variance,3,test,200;660;728,0.02905394443,0.02059144798,0.7087315813,0,19,-5.598496331e-06
bowphs/PhilTa,2,variance,5,test,200;660;728;210;23,0.1739377382,0.1232751682,0.7087315813,0,19,-5.598496331e-06
bowphs/PhilTa,2,variance,10,test,200;660;728;210;23;87;742;470;400;537,0.2470027725,0.1750586655,0.7087315813,0,19,-5.598496331e-06
bowphs/PhilTa,3,mean_abs,1,train,239,0.2929588361,0.1675304589,0.5718566509,0,17,-5.200371466e-06
bowphs/PhilTa,3,mean_abs,3,train,239;210;660,0.4795146008,0.2742136137,0.5718566509,0,17,-5.200371466e-06
bowphs/PhilTa,3,mean_abs,5,train,239;210;660;87;728,0.5091667711,0.2911704045,0.5718566509,0,17,-5.200371466e-06
bowphs/PhilTa,3,mean_abs,10,train,239;210;660;87;728;537;23;166;533;742,0.6410470733,0.3665870324,0.5718566509,0,17,-5.200371466e-06
bowphs/PhilTa,3,variance,1,train,660,0.01605559429,0.009181498378,0.5718566509,0,17,-5.200371466e-06
bowphs/PhilTa,3,variance,3,train,660;87;728,0.0457077646,0.02613828918,0.5718566509,0,17,-5.200371466e-06
bowphs/PhilTa,3,variance,5,train,660;87;728;23;400,0.05939091665,0.03396309069,0.5718566509,0,17,-5.200371466e-06
bowphs/PhilTa,3,variance,10,train,660;87;728;23;400;742;537;470;210;533,0.3131104286,0.1790542811,0.5718566509,0,17,-5.200371466e-06
bowphs/PhilTa,3,mean_abs,1,test,239,0.2901333591,0.1669628039,0.5754691721,0,20,-1.590631399e-05
bowphs/PhilTa,3,mean_abs,3,test,239;210;660,0.4771347234,0.2745763243,0.5754691721,0,20,-1.590631399e-05
bowphs/PhilTa,3,mean_abs,5,test,239;210;660;87;728,0.5078918362,0.2922760945,0.5754691721,0,20,-1.590631399e-05
bowphs/PhilTa,3,mean_abs,10,test,239;210;660;87;728;537;23;166;533;742,0.641535011,0.3691836217,0.5754691721,0,20,-1.590631399e-05
bowphs/PhilTa,3,variance,1,test,660,0.01669190951,0.009605679348,0.5754691721,0,20,-1.590631399e-05
bowphs/PhilTa,3,variance,3,test,660;87;728,0.04744902232,0.02730544959,0.5754691721,0,20,-1.590631399e-05
bowphs/PhilTa,3,variance,5,test,660;87;728;23;400,0.06249271828,0.03596263285,0.5754691721,0,20,-1.590631399e-05
bowphs/PhilTa,3,variance,10,test,660;87;728;23;400;742;537;470;210;533,0.3185793415,0.1833325899,0.5754691721,0,20,-1.590631399e-05
bowphs/PhilTa,4,mean_abs,1,train,210,0.1750888238,0.08845811985,0.5052185395,0,28,-1.272449789e-05
bowphs/PhilTa,4,mean_abs,3,train,210;239;660,0.4417759617,0.2231934062,0.5052185395,0,28,-1.272449789e-05
bowphs/PhilTa,4,mean_abs,5,train,210;239;660;87;280,0.5631627131,0.2845202434,0.5052185395,0,28,-1.272449789e-05
bowphs/PhilTa,4,mean_abs,10,train,210;239;660;87;280;742;166;430;23;533,0.7367439053,0.3722166798,0.5052185395,0,28,-1.272449789e-05
bowphs/PhilTa,4,variance,1,train,210,0.1750888238,0.08845811985,0.5052185395,0,28,-1.272449789e-05
bowphs/PhilTa,4,variance,3,train,210;660;280,0.2741822987,0.1385219805,0.5052185395,0,28,-1.272449789e-05
bowphs/PhilTa,4,variance,5,train,210;660;280;87;430,0.3615788145,0.1826763206,0.5052185395,0,28,-1.272449789e-05
bowphs/PhilTa,4,variance,10,train,210;660;280;87;430;742;166;23;478;728,0.4622863851,0.2335556523,0.5052185395,0,28,-1.272449789e-05
bowphs/PhilTa,4,mean_abs,1,test,210,0.1788791247,0.0952449146,0.5324540512,0,34,-5.359549289e-06
bowphs/PhilTa,4,mean_abs,3,test,210;239;660,0.4430154823,0.2358853883,0.5324540512,0,34,-5.359549289e-06
bowphs/PhilTa,4,mean_abs,5,test,210;239;660;87;280,0.567272599,0.3020465935,0.5324540512,0,34,-5.359549289e-06
bowphs/PhilTa,4,mean_abs,10,test,210;239;660;87;280;742;166;430;23;533,0.7464445561,0.3974474279,0.5324540512,0,34,-5.359549289e-06
bowphs/PhilTa,4,variance,1,test,210,0.1788791247,0.0952449146,0.5324540512,0,34,-5.359549289e-06
bowphs/PhilTa,4,variance,3,test,210;660;280,0.2818003999,0.1500457646,0.5324540512,0,34,-5.359549289e-06
bowphs/PhilTa,4,variance,5,test,210;660;280;87;430,0.3717505111,0.1979400657,0.5324540512,0,34,-5.359549289e-06
bowphs/PhilTa,4,variance,10,test,210;660;280;87;430;742;166;23;478;728,0.4753509728,0.2531025512,0.5324540512,0,34,-5.359549289e-06
bowphs/PhilTa,5,mean_abs,1,train,210,0.1625547484,0.08543644115,0.5255856379,0,30,-5.248208459e-05
bowphs/PhilTa,5,mean_abs,3,train,210;280;239,0.4489939504,0.2359847718,0.5255856379,0,30,-5.248208459e-05
bowphs/PhilTa,5,mean_abs,5,train,210;280;239;660;87,0.552867012,0.2905789612,0.5255856379,0,30,-5.248208459e-05
bowphs/PhilTa,5,mean_abs,10,train,210;280;239;660;87;430;742;166;533;23,0.7673023014,0.4032830695,0.5255856379,0,30,-5.248208459e-05
bowphs/PhilTa,5,variance,1,train,210,0.1625547484,0.08543644115,0.5255856379,0,30,-5.248208459e-05
bowphs/PhilTa,5,variance,3,train,210;280;660,0.2862639282,0.1504562093,0.5255856379,0,30,-5.248208459e-05
bowphs/PhilTa,5,variance,5,train,210;280;660;430;87,0.3955277937,0.2078837277,0.5255856379,0,30,-5.248208459e-05
bowphs/PhilTa,5,variance,10,train,210;280;660;430;87;742;166;478;239;23,0.7204590114,0.3786629091,0.5255856379,1,30,-5.248208459e-05
bowphs/PhilTa,5,mean_abs,1,test,210,0.165245291,0.0919723547,0.5565807907,0,22,-2.301315065e-06
bowphs/PhilTa,5,mean_abs,3,test,210;280;239,0.4492200707,0.2500272621,0.5565807907,0,22,-2.301315065e-06
bowphs/PhilTa,5,mean_abs,5,test,210;280;239;660;87,0.5551080143,0.3089624575,0.5565807907,0,22,-2.301315065e-06
bowphs/PhilTa,5,mean_abs,10,test,210;280;239;660;87;430;742;166;533;23,0.7754303968,0.4315896634,0.5565807907,0,22,-2.301315065e-06
bowphs/PhilTa,5,variance,1,test,210,0.165245291,0.0919723547,0.5565807907,0,22,-2.301315065e-06
bowphs/PhilTa,5,variance,3,test,210;280;660,0.2931712801,0.1631735029,0.5565807907,0,22,-2.301315065e-06
bowphs/PhilTa,5,variance,5,test,210;280;660;430;87,0.4055498946,0.225721281,0.5565807907,0,22,-2.301315065e-06
bowphs/PhilTa,5,variance,10,test,210;280;660;430;87;742;166;478;239;23,0.728382256,0.4054035719,0.5565807907,0,22,-2.301315065e-06
bowphs/PhilTa,6,mean_abs,1,train,210,0.1577244184,0.08642550232,0.5479525822,0,27,-3.421012728e-06
bowphs/PhilTa,6,mean_abs,3,train,210;280;239,0.4418566592,0.2421164974,0.5479525822,0,27,-3.421012728e-06
bowphs/PhilTa,6,mean_abs,5,train,210;280;239;660;87,0.542540782,0.2972866225,0.5479525822,0,27,-3.421012728e-06
bowphs/PhilTa,6,mean_abs,10,train,210;280;239;660;87;430;166;742;533;23,0.7843876617,0.4298072447,0.5479525822,0,27,-3.421012728e-06
bowphs/PhilTa,6,variance,1,train,210,0.1577244184,0.08642550232,0.5479525822,0,27,-3.421012728e-06
bowphs/PhilTa,6,variance,3,train,210;280;660,0.2919872594,0.1599951728,0.5479525822,0,27,-3.421012728e-06
bowphs/PhilTa,6,variance,5,train,210;280;660;430;87,0.402885823,0.2207623271,0.5479525822,0,27,-3.421012728e-06
bowphs/PhilTa,6,variance,10,train,210;280;660;430;87;166;742;478;239;533,0.7674316759,0.4205161685,0.5479525822,0,27,-3.421012728e-06
bowphs/PhilTa,6,mean_abs,1,test,210,0.1601524914,0.09346680339,0.5836112979,0,26,-2.650633903e-06
bowphs/PhilTa,6,mean_abs,3,test,210;280;239,0.4417855549,0.2578310411,0.5836112979,0,26,-2.650633903e-06
bowphs/PhilTa,6,mean_abs,5,test,210;280;239;660;87,0.5442515165,0.3176313339,0.5836112979,0,26,-2.650633903e-06
bowphs/PhilTa,6,mean_abs,10,test,210;280;239;660;87;430;166;742;533;23,0.7911687188,0.4617350029,0.5836112979,0,26,-2.650633903e-06
bowphs/PhilTa,6,variance,1,test,210,0.1601524914,0.09346680339,0.5836112979,0,26,-2.650633903e-06
bowphs/PhilTa,6,variance,3,test,210;280;660,0.2984989706,0.1742073716,0.5836112979,0,26,-2.650633903e-06
bowphs/PhilTa,6,variance,5,test,210;280;660;430;87,0.4122670639,0.2406037163,0.5836112979,0,26,-2.650633903e-06
bowphs/PhilTa,6,variance,10,test,210;280;660;430;87;166;742;478;239;533,0.7751909643,0.4524102048,0.5836112979,0,26,-2.650633903e-06
bowphs/PhilTa,7,mean_abs,1,train,210,0.1605511684,0.08881166475,0.5531673526,0,25,-2.687567009e-06
bowphs/PhilTa,7,mean_abs,3,train,210;239;280,0.445723945,0.2465599347,0.5531673526,0,25,-2.687567009e-06
bowphs/PhilTa,7,mean_abs,5,train,210;239;280;660;166,0.5846336317,0.3234002383,0.5531673526,0,25,-2.687567009e-06
bowphs/PhilTa,7,mean_abs,10,train,210;239;280;660;166;87;430;742;533;23,0.7869990897,0.4353422029,0.5531673526,0,25,-2.687567009e-06
bowphs/PhilTa,7,variance,1,train,210,0.1605511684,0.08881166475,0.5531673526,0,25,-2.687567009e-06
bowphs/PhilTa,7,variance,3,train,210;280;660,0.2946342297,0.1629820368,0.5531673526,0,25,-2.687567009e-06
bowphs/PhilTa,7,variance,5,train,210;280;660;430;166,0.4457942485,0.2465988243,0.5531673526,0,25,-2.687567009e-06
bowphs/PhilTa,7,variance,10,train,210;280;660;430;166;87;478;742;239;73,0.7518651261,0.4159072413,0.5531673526,0,25,-2.687567009e-06
bowphs/PhilTa,7,mean_abs,1,test,210,0.1629012766,0.09605707389,0.5896643407,0,28,-2.721126654e-06
bowphs/PhilTa,7,mean_abs,3,test,210;239;280,0.4458475283,0.2629003888,0.5896643407,0,28,-2.721126654e-06
bowphs/PhilTa,7,mean_abs,5,test,210;239;280;660;166,0.5853055542,0.3451338137,0.5896643407,0,28,-2.721126654e-06
bowphs/PhilTa,7,mean_abs,10,test,210;239;280;660;166;87;430;742;533;23,0.7933773687,0.467826343,0.5896643407,0,28,-2.721126654e-06
bowphs/PhilTa,7,variance,1,test,210,0.1629012766,0.09605707389,0.5896643407,0,28,-2.721126654e-06
bowphs/PhilTa,7,variance,3,test,210;280;660,0.3009452504,0.1774566827,0.5896643407,0,28,-2.721126654e-06
bowphs/PhilTa,7,variance,5,test,210;280;660;430;166,0.4536752546,0.2675161199,0.5896643407,0,28,-2.721126654e-06
bowphs/PhilTa,7,variance,10,test,210;280;660;430;166;87;478;742;239;73,0.7598593426,0.4480619583,0.5896643407,0,28,-2.721126654e-06
bowphs/PhilTa,8,mean_abs,1,train,210,0.1526698289,0.08462098368,0.5542744386,0,23,-2.388047394e-06
bowphs/PhilTa,8,mean_abs,3,train,210;280;239,0.4391935843,0.2434337774,0.5542744386,0,23,-2.388047394e-06
bowphs/PhilTa,8,mean_abs,5,train,210;280;239;166;660,0.5901145112,0.3270853894,0.5542744386,0,23,-2.388047394e-06
bowphs/PhilTa,8,mean_abs,10,train,210;280;239;166;660;87;430;742;533;23,0.7900241593,0.4378901974,0.5542744386,0,23,-2.388047394e-06
bowphs/PhilTa,8,variance,1,train,210,0.1526698289,0.08462098368,0.5542744386,0,23,-2.388047394e-06
bowphs/PhilTa,8,variance,3,train,210;280;660,0.2868357962,0.1589857499,0.5542744386,0,23,-2.388047394e-06
bowphs/PhilTa,8,variance,5,train,210;280;660;430;166,0.4573927451,0.253521107,0.5542744386,0,23,-2.388047394e-06
bowphs/PhilTa,8,variance,10,train,210;280;660;430;166;87;478;239;742;73,0.7525102062,0.4170971721,0.5542744386,0,23,-2.388047394e-06
bowphs/PhilTa,8,mean_abs,1,test,210,0.1552624061,0.09175479032,0.590965918,0,23,-1.985524838e-06
bowphs/PhilTa,8,mean_abs,3,test,210;280;239,0.4401462273,0.2601114192,0.590965918,0,23,-1.985524838e-06
bowphs/PhilTa,8,mean_abs,5,test,210;280;239;166;660,0.5909037232,0.3492039612,0.590965918,0,23,-1.985524838e-06
bowphs/PhilTa,8,mean_abs,10,test,210;280;239;166;660;87;430;742;533;23,0.7967515063,0.4708529853,0.590965918,0,23,-1.985524838e-06
bowphs/PhilTa,8,variance,1,test,210,0.1552624061,0.09175479032,0.590965918,0,23,-1.985524838e-06
bowphs/PhilTa,8,variance,3,test,210;280;660,0.2934204777,0.1734015019,0.590965918,0,23,-1.985524838e-06
bowphs/PhilTa,8,variance,5,test,210;280;660;430;166,0.4647537999,0.274653656,0.590965918,0,23,-1.985524838e-06
bowphs/PhilTa,8,variance,10,test,210;280;660;430;166;87;478;239;742;73,0.760013286,0.4491419492,0.590965918,0,23,-1.985524838e-06
bowphs/PhilTa,9,mean_abs,1,train,210,0.1343575282,0.07719956818,0.5745831231,0,20,-5.191056245e-06
bowphs/PhilTa,9,mean_abs,3,train,210;280;239,0.4277606655,0.2457840592,0.5745831231,0,20,-5.191056245e-06
bowphs/PhilTa,9,mean_abs,5,train,210;280;239;166;430,0.6236858834,0.3583593827,0.5745831231,0,20,-5.191056245e-06
bowphs/PhilTa,9,mean_abs,10,train,210;280;239;166;430;660;87;742;533;537,0.8269892784,0.4751740824,0.5745831231,0,20,-5.191056245e-06
bowphs/PhilTa,9,variance,1,train,210,0.1343575282,0.07719956818,0.5745831231,0,20,-5.191056245e-06
bowphs/PhilTa,9,variance,3,train,210;280;430,0.328730827,0.1888831852,0.5745831231,0,20,-5.191056245e-06
bowphs/PhilTa,9,variance,5,train,210;280;430;660;166,0.4861917434,0.2793575704,0.5745831231,0,20,-5.191056245e-06
bowphs/PhilTa,9,variance,10,train,210;280;430;660;166;87;478;239;742;73,0.7575449548,0.435272546,0.5745831231,0,20,-5.191056245e-06
bowphs/PhilTa,9,mean_abs,1,test,210,0.1367644181,0.08350656216,0.6105869007,0,20,-4.397434191e-06
bowphs/PhilTa,9,mean_abs,3,test,210;280;239,0.4286919703,0.2617537015,0.6105869007,0,20,-4.397434191e-06
bowphs/PhilTa,9,mean_abs,5,test,210;280;239;166;430,0.6251832163,0.3817286824,0.6105869007,0,20,-4.397434191e-06
bowphs/PhilTa,9,mean_abs,10,test,210;280;239;166;430;660;87;742;533;537,0.8309706385,0.5073797867,0.6105869007,0,20,-4.397434191e-06
bowphs/PhilTa,9,variance,1,test,210,0.1367644181,0.08350656216,0.6105869007,0,20,-4.397434191e-06
bowphs/PhilTa,9,variance,3,test,210;280;430,0.3354532892,0.2048233842,0.6105869007,0,20,-4.397434191e-06
bowphs/PhilTa,9,variance,5,test,210;280;430;660;166,0.4923403553,0.3006165716,0.6105869007,0,20,-4.397434191e-06
bowphs/PhilTa,9,variance,10,test,210;280;430;660;166;87;478;239;742;73,0.7643119545,0.4666788675,0.6105869007,0,20,-4.397434191e-06
bowphs/PhilTa,10,mean_abs,1,train,280,0.1404895,0.08210766615,0.5844398774,0,32,-4.344368879e-05
bowphs/PhilTa,10,mean_abs,3,train,280;210;239,0.4142663186,0.2421137565,0.5844398774,0,32,-4.344368879e-05
bowphs/PhilTa,10,mean_abs,5,train,280;210;239;166;430,0.6344355522,0.3707894364,0.5844398774,0,32,-4.344368879e-05
bowphs/PhilTa,10,mean_abs,10,train,280;210;239;166;430;660;87;742;533;537,0.8250348437,0.482183263,0.5844398774,0,32,-4.344368879e-05
bowphs/PhilTa,10,variance,1,train,210,0.1185870928,0.06930702596,0.5844398774,0,32,-4.344368879e-05
bowphs/PhilTa,10,variance,3,train,210;280;430,0.3478409304,0.2032921107,0.5844398774,0,32,-4.344368879e-05
bowphs/PhilTa,10,variance,5,train,210;280;430;660;166,0.5073363092,0.2965075704,0.5844398774,0,32,-4.344368879e-05
bowphs/PhilTa,10,variance,10,train,210;280;430;660;166;478;239;87;742;533,0.7847497674,0.4586390579,0.5844398774,0,32,-4.344368879e-05
bowphs/PhilTa,10,mean_abs,1,test,280,0.1416657423,0.08794677857,0.6208048408,0,26,-3.996264251e-06
bowphs/PhilTa,10,mean_abs,3,test,280;210;239,0.41614483,0.2583447249,0.6208048408,0,26,-3.996264251e-06
bowphs/PhilTa,10,mean_abs,5,test,280;210;239;166;430,0.6364714182,0.3951245374,0.6208048408,0,26,-3.996264251e-06
bowphs/PhilTa,10,mean_abs,10,test,280;210;239;166;430;660;87;742;533;537,0.8295126393,0.5149654619,0.6208048408,0,26,-3.996264251e-06
bowphs/PhilTa,10,variance,1,test,210,0.1212757896,0.07528859724,0.6208048408,0,26,-3.996264251e-06
bowphs/PhilTa,10,variance,3,test,210;280;430,0.3545704725,0.2201190657,0.6208048408,0,26,-3.996264251e-06
bowphs/PhilTa,10,variance,5,test,210;280;430;660;166,0.5129643485,0.3184507507,0.6208048408,0,26,-3.996264251e-06
bowphs/PhilTa,10,variance,10,test,210;280;430;660;166;478;239;87;742;533,0.7919647901,0.4916555754,0.6208048408,0,26,-3.996264251e-06
bowphs/PhilTa,11,mean_abs,1,train,280,0.132969601,0.07676725004,0.5773293254,0,29,-2.948608325e-05
bowphs/PhilTa,11,mean_abs,3,train,280;210;430,0.3358542735,0.1938985212,0.5773293254,0,29,-2.948608325e-05
bowphs/PhilTa,11,mean_abs,5,train,280;210;430;166;239,0.607533002,0.3507466182,0.5773293254,0,29,-2.948608325e-05
bowphs/PhilTa,11,mean_abs,10,train,280;210;430;166;239;660;87;742;533;537,0.8064389379,0.465580848,0.5773293254,0,29,-2.948608325e-05
bowphs/PhilTa,11,variance,1,train,210,0.1007743703,0.05817999921,0.5773293254,0,29,-2.948608325e-05
bowphs/PhilTa,11,variance,3,train,210;280;430,0.3358542735,0.1938985212,0.5773293254,0,29,-2.948608325e-05
bowphs/PhilTa,11,variance,5,train,210;280;430;660;166,0.5104616071,0.2947044553,0.5773293254,0,29,-2.948608325e-05
bowphs/PhilTa,11,variance,10,train,210;280;430;660;166;478;239;87;742;73,0.7357990267,0.4247983557,0.5773293254,0,29,-2.948608325e-05
bowphs/PhilTa,11,mean_abs,1,test,280,0.1351619119,0.08295254798,0.6137272462,0,29,-2.06450843e-05
bowphs/PhilTa,11,mean_abs,3,test,280;210;430,0.3440331604,0.2111425241,0.6137272462,0,29,-2.06450843e-05
bowphs/PhilTa,11,mean_abs,5,test,280;210;430;166;239,0.611820782,0.3754910837,0.6137272462,0,29,-2.06450843e-05
bowphs/PhilTa,11,mean_abs,10,test,280;210;430;166;239;660;87;742;533;537,0.8131354272,0.4990433665,0.6137272462,0,29,-2.06450843e-05
bowphs/PhilTa,11,variance,1,test,210,0.1039780004,0.06381413183,0.6137272462,0,29,-2.06450843e-05
bowphs/PhilTa,11,variance,3,test,210;280;430,0.3440331604,0.2111425241,0.6137272462,0,29,-2.06450843e-05
bowphs/PhilTa,11,variance,5,test,210;280;430;660;166,0.5169146739,0.3172446193,0.6137272462,0,29,-2.06450843e-05
bowphs/PhilTa,11,variance,10,test,210;280;430;660;166;478;239;87;742;73,0.7448704017,0.4571472604,0.6137272462,0,29,-2.06450843e-05
bowphs/PhilTa,12,mean_abs,1,train,369,0.03973854477,0.02603558421,0.6551720591,0,21,-1.042292023e-05
bowphs/PhilTa,12,mean_abs,3,train,369;429;522,0.1020826218,0.06688168155,0.6551720591,0,21,-1.042292023e-05
bowphs/PhilTa,12,mean_abs,5,train,369;429;522;639;424,0.1414096651,0.09264766145,0.6551720591,0,21,-1.042292023e-05
bowphs/PhilTa,12,mean_abs,10,train,369;429;522;639;424;155;593;704;551;339,0.217797386,0.1426947619,0.6551720591,0,21,-1.042292023e-05
bowphs/PhilTa,12,variance,1,train,639,0.02035785193,0.01333789577,0.6551720591,0,21,-1.042292023e-05
bowphs/PhilTa,12,variance,3,train,639;178;155,0.03758172711,0.02462249754,0.6551720591,0,21,-1.042292023e-05
bowphs/PhilTa,12,variance,5,train,639;178;155;555;522,0.06168234415,0.04041254843,0.6551720591,0,21,-1.042292023e-05
bowphs/PhilTa,12,variance,10,train,639;178;155;555;522;659;41;394;735;653,0.07204780393,0.04720370805,0.6551720591,1,21,-1.042292023e-05
bowphs/PhilTa,12,mean_abs,1,test,369,0.0391344677,0.02544280249,0.6501379472,0,23,-1.34401507e-05
bowphs/PhilTa,12,mean_abs,3,test,369;429;522,0.1012160088,0.06580436816,0.6501379472,0,23,-1.34401507e-05
bowphs/PhilTa,12,mean_abs,5,test,369;429;522;639;424,0.140489547,0.0913375857,0.6501379472,0,23,-1.34401507e-05
bowphs/PhilTa,12,mean_abs,10,test,369;429;522;639;424;155;593;704;551;339,0.2167814019,0.1409378157,0.6501379472,0,23,-1.34401507e-05
bowphs/PhilTa,12,variance,1,test,639,0.01991288497,0.01294612216,0.6501379472,0,23,-1.34401507e-05
bowphs/PhilTa,12,variance,3,test,639;178;155,0.0370167593,0.02406599991,0.6501379472,0,23,-1.34401507e-05
bowphs/PhilTa,12,variance,5,test,639;178;155;555;522,0.06117121194,0.03976972616,0.6501379472,0,23,-1.34401507e-05
bowphs/PhilTa,12,variance,10,test,639;178;155;555;522;659;41;394;735;653,0.07102476698,0.0461758962,0.6501379472,0,23,-1.34401507e-05
google/mt5-base,1,mean_abs,1,train,46,0.3974455654,0.3781534436,0.9514597131,0,10,-4.124330287e-07
google/mt5-base,1,mean_abs,3,train,46;475;407,0.8575054294,0.8158818699,0.9514597131,0,10,-4.124330287e-07
google/mt5-base,1,mean_abs,5,train,46;475;407;288;610,0.884009156,0.8410990979,0.9514597131,0,10,-4.124330287e-07
google/mt5-base,1,mean_abs,10,train,46;475;407;288;610;702;618;432;691;257,0.8935736333,0.8501993127,0.9514597131,0,10,-4.124330287e-07
google/mt5-base,1,variance,1,train,475,0.3738693207,0.3557215966,0.9514597131,0,10,-4.124330287e-07
google/mt5-base,1,variance,3,train,475;691;407,0.4601233605,0.4377888406,0.9514597131,0,10,-4.124330287e-07
google/mt5-base,1,variance,5,train,475;691;407;46;618,0.8598856095,0.8181465153,0.9514597131,0,10,-4.124330287e-07
google/mt5-base,1,variance,10,train,475;691;407;46;618;610;257;288;112;494,0.8893931101,0.8462217133,0.9514597131,0,10,-4.124330287e-07
google/mt5-base,1,mean_abs,1,test,46,0.3969283707,0.3778610921,0.9519629233,0,15,-3.618115078e-07
google/mt5-base,1,mean_abs,3,test,46;475;407,0.8562027826,0.8150733039,0.9519629233,0,15,-3.618115078e-07
google/mt5-base,1,mean_abs,5,test,46;475;407;288;610,0.8823215158,0.8399373695,0.9519629233,0,15,-3.618115078e-07
google/mt5-base,1,mean_abs,10,test,46;475;407;288;610;702;618;432;691;257,0.8920722028,0.849219662,0.9519629233,0,15,-3.618115078e-07
google/mt5-base,1,variance,1,test,475,0.3747850796,0.3567815,0.9519629233,0,15,-3.618115078e-07
google/mt5-base,1,variance,3,test,475;691;407,0.4593125867,0.4372485528,0.9519629233,0,15,-3.618115078e-07
google/mt5-base,1,variance,5,test,475;691;407;46;618,0.8586418062,0.8173951639,0.9519629233,0,15,-3.618115078e-07
google/mt5-base,1,variance,10,test,475;691;407;46;618;610;257;288;112;494,0.8878438072,0.8451943862,0.9519629233,0,15,-3.618115078e-07
google/mt5-base,2,mean_abs,1,train,46,0.396359632,0.3774640469,0.9523271707,0,9,-4.597200909e-07
google/mt5-base,2,mean_abs,3,train,46;475;407,0.7985183054,0.7604506786,0.9523271707,0,9,-4.597200909e-07
google/mt5-base,2,mean_abs,5,train,46;475;407;610;288,0.8326931081,0.7929962717,0.9523271707,0,9,-4.597200909e-07
google/mt5-base,2,mean_abs,10,train,46;475;407;610;288;618;432;702;11;726,0.8547611437,0.8140122616,0.9523271707,0,9,-4.597200909e-07
google/mt5-base,2,variance,1,train,691,0.001026335476,0.0009774071603,0.9523271707,0,9,-4.597200909e-07
google/mt5-base,2,variance,3,train,691;475;407,0.4031850089,0.3839640388,0.9523271707,0,9,-4.597200909e-07
google/mt5-base,2,variance,5,train,691;475;407;610;618,0.4344464155,0.4137351257,0.9523271707,0,9,-4.597200909e-07
google/mt5-base,2,variance,10,train,691;475;407;610;618;46;731;84;257;706,0.8320298007,0.7923645861,0.9523271707,0,9,-4.597200909e-07
google/mt5-base,2,mean_abs,1,test,46,0.3963848982,0.3777715203,0.9530421619,0,11,-5.259614018e-07
google/mt5-base,2,mean_abs,3,test,46;475;407,0.7982953826,0.7608091573,0.9530421619,0,11,-5.259614018e-07
google/mt5-base,2,mean_abs,5,test,46;475;407;610;288,0.8327162625,0.7936137071,0.9530421619,0,11,-5.259614018e-07
google/mt5-base,2,mean_abs,10,test,46;475;407;610;288;618;432;702;11;726,0.8550686212,0.8149164474,0.9530421619,0,11,-5.259614018e-07
google/mt5-base,2,variance,1,test,691,0.001042641973,0.0009936817598,0.9530421619,0,11,-5.259614018e-07
google/mt5-base,2,variance,3,test,691;475;407,0.4029531264,0.3840313187,0.9530421619,0,11,-5.259614018e-07
google/mt5-base,2,variance,5,test,691;475;407;610;618,0.4344632347,0.4140617805,0.9530421619,0,11,-5.259614018e-07
google/mt5-base,2,variance,10,test,691;475;407;610;618;46;731;84;257;706,0.8320917635,0.7930185333,0.9530421619,0,11,-5.259614018e-07
google/mt5-base,3,mean_abs,1,train,46,0.435429461,0.4143981681,0.9516998852,0,9,-2.619766199e-07
google/mt5-base,3,mean_abs,3,train,46;475;11,0.7752962915,0.7378493916,0.9516998852,0,9,-2.619766199e-07
google/mt5-base,3,mean_abs,5,train,46;475;11;407;610,0.830930646,0.7907966004,0.9516998852,0,9,-2.619766199e-07
google/mt5-base,3,mean_abs,10,train,46;475;11;407;610;288;702;618;112;374,0.851951053,0.8108017193,0.9516998852,0,9,-2.619766199e-07
google/mt5-base,3,variance,1,train,691,0.0006667757307,0.0006345703864,0.9516998852,0,9,-2.619766199e-07
google/mt5-base,3,variance,3,train,691;475;407,0.3394832102,0.3230861321,0.9516998852,0,9,-2.619766199e-07
google/mt5-base,3,variance,5,train,691;475;407;11;610,0.3961679607,0.3770330027,0.9516998852,0,9,-2.619766199e-07
google/mt5-base,3,variance,10,train,691;475;407;11;610;618;46;702;551;599,0.842745323,0.8020406271,0.9516998852,0,9,-2.619766199e-07
google/mt5-base,3,mean_abs,1,test,46,0.4359405214,0.4162753674,0.9548902819,0,6,-1.808944559e-07
google/mt5-base,3,mean_abs,3,test,46;475;11,0.7778862331,0.7427960044,0.9548902819,0,6,-1.808944559e-07
google/mt5-base,3,mean_abs,5,test,46;475;11;407;610,0.8324070876,0.7948574385,0.9548902819,0,6,-1.808944559e-07
google/mt5-base,3,mean_abs,10,test,46;475;11;407;610;288;702;618;112;374,0.8537061978,0.8151957519,0.9548902819,0,6,-1.808944559e-07
google/mt5-base,3,variance,1,test,691,0.0007157649147,0.0006834769612,0.9548902819,0,6,-1.808944559e-07
google/mt5-base,3,variance,3,test,691;475;407,0.3393119546,0.324005688,0.9548902819,0,6,-1.808944559e-07
google/mt5-base,3,variance,5,test,691;475;407;11;610,0.3971823311,0.3792655481,0.9548902819,0,6,-1.808944559e-07
google/mt5-base,3,variance,10,test,691;475;407;11;610;618;46;702;551;599,0.844525145,0.8064288538,0.9548902819,0,6,-1.808944559e-07
google/mt5-base,4,mean_abs,1,train,46,0.4528826878,0.4133504717,0.9127098095,0,11,-6.133739018e-07
google/mt5-base,4,mean_abs,3,train,46;475;11,0.8488104431,0.7747176178,0.9127098095,0,11,-6.133739018e-07
google/mt5-base,4,mean_abs,5,train,46;475;11;407;610,0.8806161251,0.8037469757,0.9127098095,0,11,-6.133739018e-07
google/mt5-base,4,mean_abs,10,train,46;475;11;407;610;288;374;280;618;106,0.8933058007,0.8153289672,0.9127098095,0,11,-6.133739018e-07
google/mt5-base,4,variance,1,train,11,0.0882160096,0.08051561732,0.9127098095,0,11,-6.133739018e-07
google/mt5-base,4,variance,3,train,11;475;580,0.3962162138,0.361630425,0.9127098095,0,11,-6.133739018e-07
google/mt5-base,4,variance,5,train,11;475;580;46;551,0.8491132672,0.7749940084,0.9127098095,0,11,-6.133739018e-07
google/mt5-base,4,variance,10,train,11;475;580;46;551;280;106;610;387;665,0.861342601,0.7861558413,0.9127098095,1,11,-6.133739018e-07
google/mt5-base,4,mean_abs,1,test,46,0.4522815231,0.4225491183,0.9342612879,0,8,-1.034312538e-07
google/mt5-base,4,mean_abs,3,test,46;475;11,0.8512539936,0.7952936524,0.9342612879,0,8,-1.034312538e-07
google/mt5-base,4,mean_abs,5,test,46;475;11;407;610,0.8823967556,0.8243891293,0.9342612879,0,8,-1.034312538e-07
google/mt5-base,4,mean_abs,10,test,46;475;11;407;610;288;374;280;618;106,0.8951211063,0.8362769976,0.9342612879,0,8,-1.034312538e-07
google/mt5-base,4,variance,1,test,11,0.09113777619,0.08514649616,0.9342612879,0,8,-1.034312538e-07
google/mt5-base,4,variance,3,test,11;475;580,0.3991692763,0.3729284022,0.9342612879,0,8,-1.034312538e-07
google/mt5-base,4,variance,5,test,11;475;580;46;551,0.8514800121,0.7955048128,0.9342612879,0,8,-1.034312538e-07
google/mt5-base,4,variance,10,test,11;475;580;46;551;280;106;610;387;665,0.8638093807,0.8070236645,0.9342612879,0,8,-1.034312538e-07
google/mt5-base,5,mean_abs,1,train,11,0.02201822331,0.007536689454,0.3422932607,0,12,-1.769434838e-06
google/mt5-base,5,mean_abs,3,train,11;475;580,0.2616457833,0.08955958832,0.3422932607,0,12,-1.769434838e-06
google/mt5-base,5,mean_abs,5,train,11;475;580;46;280,0.762337314,0.260942925,0.3422932607,0,12,-1.769434838e-06
google/mt5-base,5,mean_abs,10,train,11;475;580;46;280;106;551;387;665;409,0.7627254421,0.2610757786,0.3422932607,1,12,-1.769434838e-06
google/mt5-base,5,variance,1,train,11,0.02201822331,0.007536689454,0.3422932607,0,12,-1.769434838e-06
google/mt5-base,5,variance,3,train,11;475;580,0.2616457833,0.08955958832,0.3422932607,0,12,-1.769434838e-06
google/mt5-base,5,variance,5,train,11;475;580;46;280,0.762337314,0.260942925,0.3422932607,0,12,-1.769434838e-06
google/mt5-base,5,variance,10,train,11;475;580;46;280;106;551;387;665;409,0.7627254421,0.2610757786,0.3422932607,1,12,-1.769434838e-06
google/mt5-base,5,mean_abs,1,test,11,0.0179409079,0.00563983286,0.3143560455,0,16,-5.843762213e-06
google/mt5-base,5,mean_abs,3,test,11;475;580,0.2582113123,0.08117028705,0.3143560455,0,16,-5.843762213e-06
google/mt5-base,5,mean_abs,5,test,11;475;580;46;280,0.7570106501,0.2379708743,0.3143560455,0,16,-5.843762213e-06
google/mt5-base,5,mean_abs,10,test,11;475;580;46;280;106;551;387;665;409,0.7574252247,0.2381011984,0.3143560455,1,16,-5.843762213e-06
google/mt5-base,5,variance,1,test,11,0.0179409079,0.00563983286,0.3143560455,0,16,-5.843762213e-06
google/mt5-base,5,variance,3,test,11;475;580,0.2582113123,0.08117028705,0.3143560455,0,16,-5.843762213e-06
google/mt5-base,5,variance,5,test,11;475;580;46;280,0.7570106501,0.2379708743,0.3143560455,0,16,-5.843762213e-06
google/mt5-base,5,variance,10,test,11;475;580;46;280;106;551;387;665;409,0.7574252247,0.2381011984,0.3143560455,1,16,-5.843762213e-06
google/mt5-base,6,mean_abs,1,train,11,0.04096937596,0.01359074571,0.3317293806,0,16,-1.345438724e-06
google/mt5-base,6,mean_abs,3,train,11;475;580,0.2750205981,0.09123241264,0.3317293806,0,16,-1.345438724e-06
google/mt5-base,6,mean_abs,5,train,11;475;580;46;280,0.7295169903,0.2420022193,0.3317293806,0,16,-1.345438724e-06
google/mt5-base,6,mean_abs,10,train,11;475;580;46;280;106;551;387;665;610,0.7652825457,0.2538667048,0.3317293806,0,16,-1.345438724e-06
google/mt5-base,6,variance,1,train,11,0.04096937596,0.01359074571,0.3317293806,0,16,-1.345438724e-06
google/mt5-base,6,variance,3,train,11;475;580,0.2750205981,0.09123241264,0.3317293806,0,16,-1.345438724e-06
google/mt5-base,6,variance,5,train,11;475;580;46;280,0.7295169903,0.2420022193,0.3317293806,0,16,-1.345438724e-06
google/mt5-base,6,variance,10,train,11;475;580;46;280;106;551;387;665;409,0.7320094204,0.2428290316,0.3317293806,0,16,-1.345438724e-06
google/mt5-base,6,mean_abs,1,test,11,0.03764836234,0.01154655941,0.3066948652,0,11,-6.161443246e-07
google/mt5-base,6,mean_abs,3,test,11;475;580,0.2725574369,0.08359196638,0.3066948652,0,11,-6.161443246e-07
google/mt5-base,6,mean_abs,5,test,11;475;580;46;280,0.726370552,0.2227741186,0.3066948652,0,11,-6.161443246e-07
google/mt5-base,6,mean_abs,10,test,11;475;580;46;280;106;551;387;665;610,0.7628156856,0.2339516539,0.3066948652,0,11,-6.161443246e-07
google/mt5-base,6,variance,1,test,11,0.03764836234,0.01154655941,0.3066948652,0,11,-6.161443246e-07
google/mt5-base,6,variance,3,test,11;475;580,0.2725574369,0.08359196638,0.3066948652,0,11,-6.161443246e-07
google/mt5-base,6,variance,5,test,11;475;580;46;280,0.726370552,0.2227741186,0.3066948652,0,11,-6.161443246e-07
google/mt5-base,6,variance,10,test,11;475;580;46;280;106;551;387;665;409,0.7289047095,0.2235513316,0.3066948652,0,11,-6.161443246e-07
google/mt5-base,7,mean_abs,1,train,11,0.06660792915,0.02194645145,0.3294870705,0,9,-8.300893815e-07
google/mt5-base,7,mean_abs,3,train,11;475;46,0.601330796,0.1981307224,0.3294870705,0,9,-8.300893815e-07
google/mt5-base,7,mean_abs,5,train,11;475;46;580;280,0.7127884662,0.2348545836,0.3294870705,0,9,-8.300893815e-07
google/mt5-base,7,mean_abs,10,train,11;475;46;580;280;106;551;387;610;665,0.7543414937,0.2485457689,0.3294870705,0,9,-8.300893815e-07
google/mt5-base,7,variance,1,train,11,0.06660792915,0.02194645145,0.3294870705,0,9,-8.300893815e-07
google/mt5-base,7,variance,3,train,11;475;580,0.2729503827,0.089933622,0.3294870705,0,9,-8.300893815e-07
google/mt5-base,7,variance,5,train,11;475;580;46;280,0.7127884662,0.2348545836,0.3294870705,0,9,-8.300893815e-07
google/mt5-base,7,variance,10,train,11;475;580;46;280;106;551;387;665;409,0.7164598014,0.2360642411,0.3294870705,0,9,-8.300893815e-07
google/mt5-base,7,mean_abs,1,test,11,0.06241705945,0.01902228907,0.3047610579,0,8,-8.922037166e-07
google/mt5-base,7,mean_abs,3,test,11;475;46,0.5880314028,0.1792090724,0.3047610579,0,8,-8.922037166e-07
google/mt5-base,7,mean_abs,5,test,11;475;46;580;280,0.7095768658,0.2162513963,0.3047610579,0,8,-8.922037166e-07
google/mt5-base,7,mean_abs,10,test,11;475;46;580;280;106;551;387;610;665,0.7516996715,0.2290887871,0.3047610579,0,8,-8.922037166e-07
google/mt5-base,7,variance,1,test,11,0.06241705945,0.01902228907,0.3047610579,0,8,-8.922037166e-07
google/mt5-base,7,variance,3,test,11;475;580,0.2701968469,0.08234547692,0.3047610579,0,8,-8.922037166e-07
google/mt5-base,7,variance,5,test,11;475;580;46;280,0.7095768658,0.2162513963,0.3047610579,0,8,-8.922037166e-07
google/mt5-base,7,variance,10,test,11;475;580;46;280;106;551;387;665;409,0.7132189758,0.2173613696,0.3047610579,0,8,-8.922037166e-07
google/mt5-base,8,mean_abs,1,train,11,0.1202785667,0.03986570725,0.3314448146,0,14,-1.445009284e-06
google/mt5-base,8,mean_abs,3,train,11;475;46,0.5730870446,0.1899467292,0.3314448146,0,14,-1.445009284e-06
google/mt5-base,8,mean_abs,5,train,11;475;46;580;280,0.681399969,0.2258464864,0.3314448146,0,14,-1.445009284e-06
google/mt5-base,8,mean_abs,10,train,11;475;46;580;280;106;551;387;610;665,0.7287193712,0.2415302569,0.3314448146,1,14,-1.445009284e-06
google/mt5-base,8,variance,1,train,11,0.1202785667,0.03986570725,0.3314448146,0,14,-1.445009284e-06
google/mt5-base,8,variance,3,train,11;475;580,0.304585784,0.1009533787,0.3314448146,0,14,-1.445009284e-06
google/mt5-base,8,variance,5,train,11;475;580;46;280,0.681399969,0.2258464864,0.3314448146,0,14,-1.445009284e-06
google/mt5-base,8,variance,10,train,11;475;580;46;280;106;551;387;665;409,0.6887113196,0.2282697956,0.3314448146,1,14,-1.445009284e-06
google/mt5-base,8,mean_abs,1,test,11,0.1142094431,0.03504591837,0.3068565735,0,12,-1.645564972e-06
google/mt5-base,8,mean_abs,3,test,11;475;46,0.5578720451,0.1711867042,0.3068565735,0,12,-1.645564972e-06
google/mt5-base,8,mean_abs,5,test,11;475;46;580;280,0.6774799922,0.207889189,0.3068565735,0,12,-1.645564972e-06
google/mt5-base,8,mean_abs,10,test,11;475;46;580;280;106;551;387;610;665,0.7256821841,0.2226803484,0.3068565735,1,12,-1.645564972e-06
google/mt5-base,8,variance,1,test,11,0.1142094431,0.03504591837,0.3068565735,0,12,-1.645564972e-06
google/mt5-base,8,variance,3,test,11;475;580,0.3015489803,0.09253228682,0.3068565735,0,12,-1.645564972e-06
google/mt5-base,8,variance,5,test,11;475;580;46;280,0.6774799922,0.207889189,0.3068565735,0,12,-1.645564972e-06
google/mt5-base,8,variance,10,test,11;475;580;46;280;106;551;387;665;409,0.6848338706,0.2101457749,0.3068565735,1,12,-1.645564972e-06
google/mt5-base,9,mean_abs,1,train,11,0.261185597,0.09361266022,0.3584143279,0,12,-9.605623083e-07
google/mt5-base,9,mean_abs,3,train,11;475;46,0.6800078039,0.24372454,0.3584143279,0,12,-9.605623083e-07
google/mt5-base,9,mean_abs,5,train,11;475;46;580;280,0.7649745881,0.2741778529,0.3584143279,0,12,-9.605623083e-07
google/mt5-base,9,mean_abs,10,train,11;475;46;580;280;106;551;610;387;665,0.8040166764,0.2881710967,0.3584143279,0,12,-9.605623083e-07
google/mt5-base,9,variance,1,train,11,0.261185597,0.09361266022,0.3584143279,0,12,-9.605623083e-07
google/mt5-base,9,variance,3,train,11;475;580,0.3982220599,0.142728492,0.3584143279,0,12,-9.605623083e-07
google/mt5-base,9,variance,5,train,11;475;580;46;280,0.7649745881,0.2741778529,0.3584143279,0,12,-9.605623083e-07
google/mt5-base,9,variance,10,train,11;475;580;46;280;106;551;387;665;409,0.7723612153,0.2768253259,0.3584143279,0,12,-9.605623083e-07
google/mt5-base,9,mean_abs,1,test,11,0.2518934854,0.08431785475,0.334736147,0,12,-5.946786327e-07
google/mt5-base,9,mean_abs,3,test,11;475;46,0.6629731436,0.2219210757,0.334736147,0,12,-5.946786327e-07
google/mt5-base,9,mean_abs,5,test,11;475;46;580;280,0.7605233382,0.2545746519,0.334736147,0,12,-5.946786327e-07
google/mt5-base,9,mean_abs,10,test,11;475;46;580;280;106;551;610;387;665,0.800387822,0.2679187356,0.334736147,0,12,-5.946786327e-07
google/mt5-base,9,variance,1,test,11,0.2518934854,0.08431785475,0.334736147,0,12,-5.946786327e-07
google/mt5-base,9,variance,3,test,11;475;580,0.3937640272,0.1318070533,0.334736147,0,12,-5.946786327e-07
google/mt5-base,9,variance,5,test,11;475;580;46;280,0.7605233382,0.2545746519,0.334736147,0,12,-5.946786327e-07
google/mt5-base,9,variance,10,test,11;475;580;46;280;106;551;387;665;409,0.7679317003,0.2570544985,0.334736147,0,12,-5.946786327e-07
google/mt5-base,10,mean_abs,1,train,11,0.3007825149,0.1100283545,0.3658070168,0,18,-1.034000252e-06
google/mt5-base,10,mean_abs,3,train,11;475;46,0.6897119293,0.2523014633,0.3658070168,0,18,-1.034000252e-06
google/mt5-base,10,mean_abs,5,train,11;475;46;580;280,0.7537532257,0.2757282189,0.3658070168,0,18,-1.034000252e-06
google/mt5-base,10,mean_abs,10,train,11;475;46;580;280;106;551;610;387;665,0.7958025202,0.2911101459,0.3658070168,0,18,-1.034000252e-06
google/mt5-base,10,variance,1,train,11,0.3007825149,0.1100283545,0.3658070168,0,18,-1.034000252e-06
google/mt5-base,10,variance,3,train,11;475;580,0.4336412902,0.1586290267,0.3658070168,0,18,-1.034000252e-06
google/mt5-base,10,variance,5,train,11;475;580;46;280,0.7537532257,0.2757282189,0.3658070168,0,18,-1.034000252e-06
google/mt5-base,10,variance,10,train,11;475;580;46;280;106;551;387;665;409,0.7692762118,0.2814066361,0.3658070168,0,18,-1.034000252e-06
google/mt5-base,10,mean_abs,1,test,11,0.2917461007,0.09974784699,0.3418995035,0,18,-1.15601174e-06
google/mt5-base,10,mean_abs,3,test,11;475;46,0.672088222,0.2297866295,0.3418995035,0,18,-1.15601174e-06
google/mt5-base,10,mean_abs,5,test,11;475;46;580;280,0.7482735674,0.2558343612,0.3418995035,0,18,-1.15601174e-06
google/mt5-base,10,mean_abs,10,test,11;475;46;580;280;106;551;610;387;665,0.7910917824,0.2704738877,0.3418995035,0,18,-1.15601174e-06
google/mt5-base,10,variance,1,test,11,0.2917461007,0.09974784699,0.3418995035,0,18,-1.15601174e-06
google/mt5-base,10,variance,3,test,11;475;580,0.4276434947,0.1462110985,0.3418995035,0,18,-1.15601174e-06
google/mt5-base,10,variance,5,test,11;475;580;46;280,0.7482735674,0.2558343612,0.3418995035,0,18,-1.15601174e-06
google/mt5-base,10,variance,10,test,11;475;580;46;280;106;551;387;665;409,0.7639501193,0.2611941665,0.3418995035,0,18,-1.15601174e-06
google/mt5-base,11,mean_abs,1,train,11,0.3267639493,0.1253715744,0.3836762735,0,16,-1.395172162e-06
google/mt5-base,11,mean_abs,3,train,11;475;46,0.7040786464,0.2701382713,0.3836762735,0,16,-1.395172162e-06
google/mt5-base,11,mean_abs,5,train,11;475;46;580;106,0.7406511258,0.2841702639,0.3836762735,0,16,-1.395172162e-06
google/mt5-base,11,mean_abs,10,train,11;475;46;580;106;280;551;610;387;407,0.7950658735,0.3050479116,0.3836762735,0,16,-1.395172162e-06
google/mt5-base,11,variance,1,train,11,0.3267639493,0.1253715744,0.3836762735,0,16,-1.395172162e-06
google/mt5-base,11,variance,3,train,11;475;580,0.4425828527,0.1698085396,0.3836762735,0,16,-1.395172162e-06
google/mt5-base,11,variance,5,train,11;475;580;46;106,0.7406511258,0.2841702639,0.3836762735,0,16,-1.395172162e-06
google/mt5-base,11,variance,10,train,11;475;580;46;106;280;551;387;665;702,0.7694353353,0.2952140822,0.3836762735,0,16,-1.395172162e-06
google/mt5-base,11,mean_abs,1,test,11,0.318500721,0.1153469575,0.3621560326,0,17,-1.68865001e-06
google/mt5-base,11,mean_abs,3,test,11;475;46,0.6874821502,0.248975808,0.3621560326,0,17,-1.68865001e-06
google/mt5-base,11,mean_abs,5,test,11;475;46;580;106,0.7330789496,0.265488964,0.3621560326,0,17,-1.68865001e-06
google/mt5-base,11,mean_abs,10,test,11;475;46;580;106;280;551;610;387;407,0.7885639379,0.2855831872,0.3621560326,0,17,-1.68865001e-06
google/mt5-base,11,variance,1,test,11,0.318500721,0.1153469575,0.3621560326,0,17,-1.68865001e-06
google/mt5-base,11,variance,3,test,11;475;580,0.433999845,0.157175662,0.3621560326,0,17,-1.68865001e-06
google/mt5-base,11,variance,5,test,11;475;580;46;106,0.7330789496,0.265488964,0.3621560326,0,17,-1.68865001e-06
google/mt5-base,11,variance,10,test,11;475;580;46;106;280;551;387;665;702,0.7625254728,0.2761532,0.3621560326,0,17,-1.68865001e-06
google/mt5-base,12,mean_abs,1,train,551,0.1999809887,0.1649991599,0.8250742283,0,10,-3.414266399e-06
google/mt5-base,12,mean_abs,3,train,551;11;106,0.3111094142,0.2566883598,0.8250742283,0,10,-3.414266399e-06
google/mt5-base,12,mean_abs,5,train,551;11;106;255;280,0.3754000428,0.3097329006,0.8250742283,0,10,-3.414266399e-06
google/mt5-base,12,mean_abs,10,train,551;11;106;255;280;618;544;407;288;610,0.4522111688,0.3731077811,0.8250742283,0,10,-3.414266399e-06
google/mt5-base,12,variance,1,train,280,0.02312685341,0.01908137073,0.8250742283,0,10,-3.414266399e-06
google/mt5-base,12,variance,3,train,280;551;255,0.2642716173,0.2180437007,0.8250742283,0,10,-3.414266399e-06
google/mt5-base,12,variance,5,train,280;551;255;106;610,0.3198456058,0.2638963663,0.8250742283,0,10,-3.414266399e-06
google/mt5-base,12,variance,10,train,280;551;255;106;610;11;618;702;691;407,0.4254639178,0.3510393137,0.8250742283,0,10,-3.414266399e-06
google/mt5-base,12,mean_abs,1,test,551,0.2018190454,0.1687352471,0.8360719715,0,9,-1.891753622e-06
google/mt5-base,12,mean_abs,3,test,551;11;106,0.3154716122,0.2637569728,0.8360719715,0,9,-1.891753622e-06
google/mt5-base,12,mean_abs,5,test,551;11;106;255;280,0.3808281013,0.3183997015,0.8360719715,0,9,-1.891753622e-06
google/mt5-base,12,mean_abs,10,test,551;11;106;255;280;618;544;407;288;610,0.4567219969,0.3818524604,0.8360719715,0,9,-1.891753622e-06
google/mt5-base,12,variance,1,test,280,0.02301750417,0.01924429009,0.8360719715,0,9,-1.891753622e-06
google/mt5-base,12,variance,3,test,280;551;255,0.2671755345,0.2233779759,0.8360719715,0,9,-1.891753622e-06
google/mt5-base,12,variance,5,test,280;551;255;106;610,0.323620026,0.2705696332,0.8360719715,0,9,-1.891753622e-06
google/mt5-base,12,variance,10,test,280;551;255;106;610;11;618;702;691;407,0.4306344741,0.3600414137,0.8360719715,0,9,-1.891753622e-06
sentence-transformers/LaBSE,1,mean_abs,1,train,622,0.1964663203,0.1721984735,0.8764783359,0,8,-1.176423655e-06
sentence-transformers/LaBSE,1,mean_abs,3,train,622;7;526,0.2724517177,0.2387980281,0.8764783359,0,8,-1.176423655e-06
sentence-transformers/LaBSE,1,mean_abs,5,train,622;7;526;139;501,0.3231427198,0.2832275933,0.8764783359,0,8,-1.176423655e-06
sentence-transformers/LaBSE,1,mean_abs,10,train,622;7;526;139;501;725;593;489;290;607,0.3932633375,0.3446867956,0.8764783359,0,8,-1.176423655e-06
sentence-transformers/LaBSE,1,variance,1,train,489,0.004852357265,0.00425298602,0.8764783359,0,8,-1.176423655e-06
sentence-transformers/LaBSE,1,variance,3,train,489;7;622,0.2432767826,0.2132268296,0.8764783359,0,8,-1.176423655e-06
sentence-transformers/LaBSE,1,variance,5,train,489;7;622;160;139,0.2723596658,0.2387173467,0.8764783359,0,8,-1.176423655e-06
sentence-transformers/LaBSE,1,variance,10,train,489;7;622;160;139;526;533;158;80;116,0.3159210811,0.2768979834,0.8764783359,0,8,-1.176423655e-06
sentence-transformers/LaBSE,1,mean_abs,1,test,622,0.1993333797,0.1753743321,0.8798041367,0,7,-6.316791279e-07
sentence-transformers/LaBSE,1,mean_abs,3,test,622;7;526,0.2793219355,0.2457485943,0.8798041367,0,7,-6.316791279e-07
sentence-transformers/LaBSE,1,mean_abs,5,test,622;7;526;139;501,0.3287017937,0.2891931979,0.8798041367,0,7,-6.316791279e-07
sentence-transformers/LaBSE,1,mean_abs,10,test,622;7;526;139;501;725;593;489;290;607,0.3989409887,0.3509899322,0.8798041367,0,7,-6.316791279e-07
sentence-transformers/LaBSE,1,variance,1,test,489,0.005067563886,0.00445846367,0.8798041367,0,7,-6.316791279e-07
sentence-transformers/LaBSE,1,variance,3,test,489;7;622,0.2495781409,0.2195798808,0.8798041367,0,7,-6.316791279e-07
sentence-transformers/LaBSE,1,variance,5,test,489;7;622;160;139,0.2775942492,0.2442285688,0.8798041367,0,7,-6.316791279e-07
sentence-transformers/LaBSE,1,variance,10,test,489;7;622;160;139;526;533;158;80;116,0.3228941797,0.284083635,0.8798041367,0,7,-6.316791279e-07
sentence-transformers/LaBSE,2,mean_abs,1,train,501,0.3431779602,0.3192386153,0.9302421842,0,10,-4.023868596e-07
sentence-transformers/LaBSE,2,mean_abs,3,train,501;622;653,0.6558129696,0.6100648892,0.9302421842,0,10,-4.023868596e-07
sentence-transformers/LaBSE,2,mean_abs,5,train,501;622;653;526;7,0.6860419921,0.6381852012,0.9302421842,0,10,-4.023868596e-07
sentence-transformers/LaBSE,2,mean_abs,10,train,501;622;653;526;7;139;489;122;160;533,0.7216108022,0.6712728088,0.9302421842,0,10,-4.023868596e-07
sentence-transformers/LaBSE,2,variance,1,train,489,0.0008668585743,0.0008063884136,0.9302421842,0,10,-4.023868596e-07
sentence-transformers/LaBSE,2,variance,3,train,489;7;622,0.3075477396,0.286093881,0.9302421842,0,10,-4.023868596e-07
sentence-transformers/LaBSE,2,variance,5,train,489;7;622;139;160,0.3276249367,0.3047705368,0.9302421842,0,10,-4.023868596e-07
sentence-transformers/LaBSE,2,variance,10,train,489;7;622;139;160;533;526;501;122;158,0.702786442,0.6537615948,0.9302421842,0,10,-4.023868596e-07
sentence-transformers/LaBSE,2,mean_abs,1,test,501,0.3444988541,0.3212500644,0.932514174,0,9,-4.326883073e-07
sentence-transformers/LaBSE,2,mean_abs,3,test,501;622;653,0.6569468971,0.6126122931,0.932514174,0,9,-4.326883073e-07
sentence-transformers/LaBSE,2,mean_abs,5,test,501;622;653;526;7,0.6891760465,0.6426664317,0.932514174,0,9,-4.326883073e-07
sentence-transformers/LaBSE,2,mean_abs,10,test,501;622;653;526;7;139;489;122;160;533,0.7248459826,0.6759291528,0.932514174,0,9,-4.326883073e-07
sentence-transformers/LaBSE,2,variance,1,test,489,0.0008792261184,0.0008198908175,0.932514174,0,9,-4.326883073e-07
sentence-transformers/LaBSE,2,variance,3,test,489;7;622,0.3089620417,0.2881114832,0.932514174,0,9,-4.326883073e-07
sentence-transformers/LaBSE,2,variance,5,test,489;7;622;139;160,0.3291563772,0.3069429872,0.932514174,0,9,-4.326883073e-07
sentence-transformers/LaBSE,2,variance,10,test,489;7;622;139;160;533;526;501;122;158,0.7062591416,0.6585966601,0.932514174,0,9,-4.326883073e-07
sentence-transformers/LaBSE,3,mean_abs,1,train,475,0.4117721845,0.3646976853,0.8856782926,0,6,-5.443344914e-07
sentence-transformers/LaBSE,3,mean_abs,3,train,475;501;139,0.5419912662,0.4800298993,0.8856782926,0,6,-5.443344914e-07
sentence-transformers/LaBSE,3,mean_abs,5,train,475;501;139;7;122,0.6099411491,0.5402116356,0.8856782926,0,6,-5.443344914e-07
sentence-transformers/LaBSE,3,mean_abs,10,train,475;501;139;7;122;526;489;533;160;218,0.6686507563,0.5922094602,0.8856782926,0,6,-5.443344914e-07
sentence-transformers/LaBSE,3,variance,1,train,489,0.001215376799,0.001076432848,0.8856782926,0,6,-5.443344914e-07
sentence-transformers/LaBSE,3,variance,3,train,489;475;7,0.454895711,0.4028912566,0.8856782926,0,6,-5.443344914e-07
sentence-transformers/LaBSE,3,variance,5,train,489;475;7;139;160,0.5107948827,0.4523999396,0.8856782926,0,6,-5.443344914e-07
sentence-transformers/LaBSE,3,variance,10,train,489;475;7;139;160;122;533;526;158;80,0.5807683648,0.5143739337,0.8856782926,0,6,-5.443344914e-07
sentence-transformers/LaBSE,3,mean_abs,1,test,475,0.4111736525,0.3660218776,0.8901880639,0,10,-7.405756856e-07
sentence-transformers/LaBSE,3,mean_abs,3,test,475;501;139,0.5401591943,0.4808432674,0.8901880639,0,10,-7.405756856e-07
sentence-transformers/LaBSE,3,mean_abs,5,test,475;501;139;7;122,0.6112814022,0.5441554079,0.8901880639,0,10,-7.405756856e-07
sentence-transformers/LaBSE,3,mean_abs,10,test,475;501;139;7;122;526;489;533;160;218,0.6711326541,0.597434278,0.8901880639,0,10,-7.405756856e-07
sentence-transformers/LaBSE,3,variance,1,test,489,0.001188573315,0.001058053778,0.8901880639,0,10,-7.405756856e-07
sentence-transformers/LaBSE,3,variance,3,test,489;475;7,0.4573413855,0.4071198425,0.8901880639,0,10,-7.405756856e-07
sentence-transformers/LaBSE,3,variance,5,test,489;475;7;139;160,0.5128504155,0.4565333184,0.8901880639,0,10,-7.405756856e-07
sentence-transformers/LaBSE,3,variance,10,test,489;475;7;139;160;122;533;526;158;80,0.5837408304,0.5196391197,0.8901880639,0,10,-7.405756856e-07
sentence-transformers/LaBSE,4,mean_abs,1,train,7,0.226353472,0.1963945383,0.8676453538,0,15,-1.344243934e-06
sentence-transformers/LaBSE,4,mean_abs,3,train,7;622;139,0.553056961,0.4798573026,0.8676453538,0,15,-1.344243934e-06
sentence-transformers/LaBSE,4,mean_abs,5,train,7;622;139;526;489,0.6153848215,0.5339357812,0.8676453538,0,15,-1.344243934e-06
sentence-transformers/LaBSE,4,mean_abs,10,train,7;622;139;526;489;587;501;218;533;122,0.6917649476,0.6002066427,0.8676453538,0,15,-1.344243934e-06
sentence-transformers/LaBSE,4,variance,1,train,489,0.01653318366,0.01434493999,0.8676453538,0,15,-1.344243934e-06
sentence-transformers/LaBSE,4,variance,3,train,489;7;139,0.3519747114,0.305389223,0.8676453538,0,15,-1.344243934e-06
sentence-transformers/LaBSE,4,variance,5,train,489;7;139;622;160,0.5707603478,0.4952175639,0.8676453538,0,15,-1.344243934e-06
sentence-transformers/LaBSE,4,variance,10,train,489;7;139;622;160;122;526;158;80;533,0.6470008222,0.5613672573,0.8676453538,0,15,-1.344243934e-06
sentence-transformers/LaBSE,4,mean_abs,1,test,7,0.2337474424,0.2041553629,0.8734014836,0,13,-8.933109812e-07
sentence-transformers/LaBSE,4,mean_abs,3,test,7;622;139,0.5563609831,0.485926508,0.8734014836,0,13,-8.933109812e-07
sentence-transformers/LaBSE,4,mean_abs,5,test,7;622;139;526;489,0.6190627784,0.5406903491,0.8734014836,0,13,-8.933109812e-07
sentence-transformers/LaBSE,4,mean_abs,10,test,7;622;139;526;489;587;501;218;533;122,0.6948358377,0.6068706515,0.8734014836,0,13,-8.933109812e-07
sentence-transformers/LaBSE,4,variance,1,test,489,0.01646554446,0.01438103096,0.8734014836,0,13,-8.933109812e-07
sentence-transformers/LaBSE,4,variance,3,test,489;7;139,0.3563953008,0.3112761845,0.8734014836,0,13,-8.933109812e-07
sentence-transformers/LaBSE,4,variance,5,test,489;7;139;622;160,0.5744388149,0.5017157131,0.8734014836,0,13,-8.933109812e-07
sentence-transformers/LaBSE,4,variance,10,test,489;7;139;622;160;122;526;158;80;533,0.6515438394,0.569059356,0.8734014836,0,13,-8.933109812e-07
sentence-transformers/LaBSE,5,mean_abs,1,train,622,0.4021704621,0.3530156454,0.8777761637,0,22,-2.706343983e-06
sentence-transformers/LaBSE,5,mean_abs,3,train,622;7;653,0.5626070598,0.4938430666,0.8777761637,0,22,-2.706343983e-06
sentence-transformers/LaBSE,5,mean_abs,5,train,622;7;653;587;139,0.6485508436,0.5692824715,0.8777761637,0,22,-2.706343983e-06
sentence-transformers/LaBSE,5,mean_abs,10,train,622;7;653;587;139;526;218;489;122;501,0.7134788265,0.6262747072,0.8777761637,0,22,-2.706343983e-06
sentence-transformers/LaBSE,5,variance,1,train,489,0.007425708239,0.006518109691,0.8777761637,0,22,-2.706343983e-06
sentence-transformers/LaBSE,5,variance,3,train,489;622;139,0.4499728124,0.3949754091,0.8777761637,0,22,-2.706343983e-06
sentence-transformers/LaBSE,5,variance,5,train,489;622;139;7;160,0.5668950331,0.4976069474,0.8777761637,0,22,-2.706343983e-06
sentence-transformers/LaBSE,5,variance,10,train,489;622;139;7;160;122;526;158;80;533,0.6073649894,0.5331305104,0.8777761637,0,22,-2.706343983e-06
sentence-transformers/LaBSE,5,mean_abs,1,test,622,0.4016385205,0.3543956738,0.8823747119,0,11,-1.862402669e-06
sentence-transformers/LaBSE,5,mean_abs,3,test,622;7;653,0.5659290643,0.499361495,0.8823747119,0,11,-1.862402669e-06
sentence-transformers/LaBSE,5,mean_abs,5,test,622;7;653;587;139,0.6510088893,0.5744337811,0.8823747119,0,11,-1.862402669e-06
sentence-transformers/LaBSE,5,mean_abs,10,test,622;7;653;587;139;526;218;489;122;501,0.7165002929,0.6322217396,0.8823747119,0,11,-1.862402669e-06
sentence-transformers/LaBSE,5,variance,1,test,489,0.007608114133,0.006713207516,0.8823747119,0,11,-1.862402669e-06
sentence-transformers/LaBSE,5,variance,3,test,489;622;139,0.4487134606,0.3959334105,0.8823747119,0,11,-1.862402669e-06
sentence-transformers/LaBSE,5,variance,5,test,489;622;139;7;160,0.5701056495,0.5030468083,0.8823747119,0,11,-1.862402669e-06
sentence-transformers/LaBSE,5,variance,10,test,489;622;139;7;160;122;526;158;80;533,0.6111850508,0.5392942331,0.8823747119,0,11,-1.862402669e-06
sentence-transformers/LaBSE,6,mean_abs,1,train,7,0.384493228,0.3308919645,0.8605924379,0,8,-5.975210185e-07
sentence-transformers/LaBSE,6,mean_abs,3,train,7;139;501,0.5742785396,0.4942197684,0.8605924379,0,8,-5.975210185e-07
sentence-transformers/LaBSE,6,mean_abs,5,train,7;139;501;489;526,0.6603747991,0.5683135583,0.8605924379,0,8,-5.975210185e-07
sentence-transformers/LaBSE,6,mean_abs,10,train,7;139;501;489;526;218;653;160;80;622,0.726392937,0.6251282685,0.8605924379,0,8,-5.975210185e-07
sentence-transformers/LaBSE,6,variance,1,train,489,0.0425477959,0.0366163114,0.8605924379,0,8,-5.975210185e-07
sentence-transformers/LaBSE,6,variance,3,train,489;139;7,0.5278016866,0.4542221402,0.8605924379,0,8,-5.975210185e-07
sentence-transformers/LaBSE,6,variance,5,train,489;139;7;160;122,0.5377955871,0.4628228154,0.8605924379,0,8,-5.975210185e-07
sentence-transformers/LaBSE,6,variance,10,train,489;139;7;160;122;526;158;176;653;80,0.6005748031,0.516850134,0.8605924379,0,8,-5.975210185e-07
sentence-transformers/LaBSE,6,mean_abs,1,test,7,0.391504011,0.3390775662,0.8660896356,0,13,-1.276339821e-06
sentence-transformers/LaBSE,6,mean_abs,3,test,7;139;501,0.5791818123,0.5016233648,0.8660896356,0,13,-1.276339821e-06
sentence-transformers/LaBSE,6,mean_abs,5,test,7;139;501;489;526,0.6655740486,0.5764467852,0.8660896356,0,13,-1.276339821e-06
sentence-transformers/LaBSE,6,mean_abs,10,test,7;139;501;489;526;218;653;160;80;622,0.7306587695,0.6328159874,0.8660896356,0,13,-1.276339821e-06
sentence-transformers/LaBSE,6,variance,1,test,489,0.04269465309,0.03697739653,0.8660896356,0,13,-1.276339821e-06
sentence-transformers/LaBSE,6,variance,3,test,489;139;7,0.5332544413,0.4618461447,0.8660896356,0,13,-1.276339821e-06
sentence-transformers/LaBSE,6,variance,5,test,489;139;7;160;122,0.5425068558,0.469859565,0.8660896356,0,13,-1.276339821e-06
sentence-transformers/LaBSE,6,variance,10,test,489;139;7;160;122;526;158;176;653;80,0.6055399992,0.5244519172,0.8660896356,0,13,-1.276339821e-06
sentence-transformers/LaBSE,7,mean_abs,1,train,622,0.3067032473,0.2620575594,0.8544335988,0,11,-1.480340219e-06
sentence-transformers/LaBSE,7,mean_abs,3,train,622;7;139,0.6060131775,0.5177980202,0.8544335988,0,11,-1.480340219e-06
sentence-transformers/LaBSE,7,mean_abs,5,train,622;7;139;218;526,0.6820190973,0.5827400317,0.8544335988,0,11,-1.480340219e-06
sentence-transformers/LaBSE,7,mean_abs,10,train,622;7;139;218;526;489;122;501;160;158,0.7181802968,0.6136373756,0.8544335988,0,11,-1.480340219e-06
sentence-transformers/LaBSE,7,variance,1,train,489,0.009341540136,0.007981725757,0.8544335988,0,11,-1.480340219e-06
sentence-transformers/LaBSE,7,variance,3,train,489;139;7,0.3086514703,0.2637221865,0.8544335988,0,11,-1.480340219e-06
sentence-transformers/LaBSE,7,variance,5,train,489;139;7;622;122,0.6285863069,0.5370852604,0.8544335988,0,11,-1.480340219e-06
sentence-transformers/LaBSE,7,variance,10,train,489;139;7;622;122;160;526;158;208;533,0.6752445403,0.5769516226,0.8544335988,0,11,-1.480340219e-06
sentence-transformers/LaBSE,7,mean_abs,1,test,622,0.3065122922,0.2641666516,0.8618468438,0,15,-1.705801885e-06
sentence-transformers/LaBSE,7,mean_abs,3,test,622;7;139,0.6113902879,0.52692479,0.8618468438,0,15,-1.705801885e-06
sentence-transformers/LaBSE,7,mean_abs,5,test,622;7;139;218;526,0.6878744095,0.5928423888,0.8618468438,0,15,-1.705801885e-06
sentence-transformers/LaBSE,7,mean_abs,10,test,622;7;139;218;526;489;122;501;160;158,0.7249233898,0.6247729355,0.8618468438,0,15,-1.705801885e-06
sentence-transformers/LaBSE,7,variance,1,test,489,0.009517426386,0.008202563892,0.8618468438,0,15,-1.705801885e-06
sentence-transformers/LaBSE,7,variance,3,test,489;139;7,0.3143954221,0.2709607023,0.8618468438,0,15,-1.705801885e-06
sentence-transformers/LaBSE,7,variance,5,test,489;139;7;622;122,0.6342381697,0.5466161648,0.8618468438,0,15,-1.705801885e-06
sentence-transformers/LaBSE,7,variance,10,test,489;139;7;622;122;160;526;158;208;533,0.6817675072,0.5875791743,0.8618468438,0,15,-1.705801885e-06
sentence-transformers/LaBSE,8,mean_abs,1,train,501,0.283267441,0.2470279356,0.872066111,0,15,-2.000228242e-06
sentence-transformers/LaBSE,8,mean_abs,3,train,501;622;7,0.6805167679,0.5934556112,0.872066111,0,15,-2.000228242e-06
sentence-transformers/LaBSE,8,mean_abs,5,train,501;622;7;218;122,0.7498789695,0.6539440367,0.872066111,0,15,-2.000228242e-06
sentence-transformers/LaBSE,8,mean_abs,10,train,501;622;7;218;122;653;139;526;489;300,0.8151985468,0.7109070264,0.872066111,0,15,-2.000228242e-06
sentence-transformers/LaBSE,8,variance,1,train,489,0.004898148409,0.004271509234,0.872066111,0,15,-2.000228242e-06
sentence-transformers/LaBSE,8,variance,3,train,489;622;501,0.552799761,0.4820779377,0.872066111,0,15,-2.000228242e-06
sentence-transformers/LaBSE,8,variance,5,train,489;622;501;139;7,0.7079327583,0.6173641674,0.872066111,0,15,-2.000228242e-06
sentence-transformers/LaBSE,8,variance,10,train,489;622;501;139;7;122;160;409;158;554,0.7410239197,0.6462218478,0.872066111,0,15,-2.000228242e-06
sentence-transformers/LaBSE,8,mean_abs,1,test,501,0.2829893342,0.248594414,0.878458599,0,7,-7.277851484e-07
sentence-transformers/LaBSE,8,mean_abs,3,test,501;622;7,0.6842495662,0.6010849153,0.878458599,0,7,-7.277851484e-07
sentence-transformers/LaBSE,8,mean_abs,5,test,501;622;7;218;122,0.7531142301,0.6615796715,0.878458599,0,7,-7.277851484e-07
sentence-transformers/LaBSE,8,mean_abs,10,test,501;622;7;218;122;653;139;526;489;300,0.8185279277,0.7190428966,0.878458599,0,7,-7.277851484e-07
sentence-transformers/LaBSE,8,variance,1,test,489,0.00505184748,0.00443783886,0.878458599,0,7,-7.277851484e-07
sentence-transformers/LaBSE,8,variance,3,test,489;622;501,0.5526095282,0.4854445919,0.878458599,0,7,-7.277851484e-07
sentence-transformers/LaBSE,8,variance,5,test,489;622;501;139;7,0.7115703562,0.6250850982,0.878458599,0,7,-7.277851484e-07
sentence-transformers/LaBSE,8,variance,10,test,489;622;501;139;7;122;160;409;158;554,0.7441774157,0.65372905,0.878458599,0,7,-7.277851484e-07
sentence-transformers/LaBSE,9,mean_abs,1,train,475,0.4231215901,0.3637417003,0.8596623495,0,17,-2.380437757e-06
sentence-transformers/LaBSE,9,mean_abs,3,train,475;218;7,0.6669321803,0.5733364851,0.8596623495,0,17,-2.380437757e-06
sentence-transformers/LaBSE,9,mean_abs,5,train,475;218;7;139;122,0.7346396678,0.6315420629,0.8596623495,0,17,-2.380437757e-06
sentence-transformers/LaBSE,9,mean_abs,10,train,475;218;7;139;122;653;587;526;489;300,0.7874311053,0.6769248741,0.8596623495,0,17,-2.380437757e-06
sentence-transformers/LaBSE,9,variance,1,train,475,0.4231215901,0.3637417003,0.8596623495,0,17,-2.380437757e-06
sentence-transformers/LaBSE,9,variance,3,train,475;489;122,0.4559121824,0.3919305379,0.8596623495,0,17,-2.380437757e-06
sentence-transformers/LaBSE,9,variance,5,train,475;489;122;7;139,0.6113225973,0.5255310203,0.8596623495,0,17,-2.380437757e-06
sentence-transformers/LaBSE,9,variance,10,train,475;489;122;7;139;160;653;622;158;311,0.6409789014,0.5510254284,0.8596623495,0,17,-2.380437757e-06
sentence-transformers/LaBSE,9,mean_abs,1,test,475,0.4227461102,0.365343791,0.8642156184,0,19,-2.950042098e-06
sentence-transformers/LaBSE,9,mean_abs,3,test,475;218;7,0.6704891823,0.5794472233,0.8642156184,0,19,-2.950042098e-06
sentence-transformers/LaBSE,9,mean_abs,5,test,475;218;7;139;122,0.7368881728,0.6368302679,0.8642156184,0,19,-2.950042098e-06
sentence-transformers/LaBSE,9,mean_abs,10,test,475;218;7;139;122;653;587;526;489;300,0.789940288,0.6826787344,0.8642156184,0,19,-2.950042098e-06
sentence-transformers/LaBSE,9,variance,1,test,475,0.4227461102,0.365343791,0.8642156184,0,19,-2.950042098e-06
sentence-transformers/LaBSE,9,variance,3,test,475;489;122,0.4548348685,0.3930753972,0.8642156184,0,19,-2.950042098e-06
sentence-transformers/LaBSE,9,variance,5,test,475;489;122;7;139,0.6131240244,0.5298713579,0.8642156184,0,19,-2.950042098e-06
sentence-transformers/LaBSE,9,variance,10,test,475;489;122;7;139;160;653;622;158;311,0.6432875089,0.5559391123,0.8642156184,0,19,-2.950042098e-06
sentence-transformers/LaBSE,10,mean_abs,1,train,587,0.316568022,0.2670654649,0.8436274242,0,9,-1.059462954e-06
sentence-transformers/LaBSE,10,mean_abs,3,train,587;7;622,0.6292618753,0.530862575,0.8436274242,0,9,-1.059462954e-06
sentence-transformers/LaBSE,10,mean_abs,5,train,587;7;622;122;139,0.710433334,0.5993410436,0.8436274242,0,9,-1.059462954e-06
sentence-transformers/LaBSE,10,mean_abs,10,train,587;7;622;122;139;228;218;489;583;526,0.7776283776,0.6560286252,0.8436274242,0,9,-1.059462954e-06
sentence-transformers/LaBSE,10,variance,1,train,489,0.002620814236,0.002210990764,0.8436274242,0,9,-1.059462954e-06
sentence-transformers/LaBSE,10,variance,3,train,489;622;218,0.143256551,0.1208551551,0.8436274242,0,9,-1.059462954e-06
sentence-transformers/LaBSE,10,variance,5,train,489;622;218;7;587,0.652261103,0.5502653542,0.8436274242,0,9,-1.059462954e-06
sentence-transformers/LaBSE,10,variance,10,train,489;622;218;7;587;139;160;158;122;411,0.7435962867,0.62731822,0.8436274242,0,9,-1.059462954e-06
sentence-transformers/LaBSE,10,mean_abs,1,test,587,0.3165183598,0.2686139075,0.8486519,0,16,-1.235449701e-06
sentence-transformers/LaBSE,10,mean_abs,3,test,587;7;622,0.6326487078,0.5368985279,0.8486519,0,16,-1.235449701e-06
sentence-transformers/LaBSE,10,mean_abs,5,test,587;7;622;122;139,0.7122540049,0.6044557146,0.8486519,0,16,-1.235449701e-06
sentence-transformers/LaBSE,10,mean_abs,10,test,587;7;622;122;139;228;218;489;583;526,0.7810257674,0.6628190015,0.8486519,0,16,-1.235449701e-06
sentence-transformers/LaBSE,10,variance,1,test,489,0.002684488135,0.002278195956,0.8486519,0,16,-1.235449701e-06
sentence-transformers/LaBSE,10,variance,3,test,489;622;218,0.1428896584,0.1212635801,0.8486519,0,16,-1.235449701e-06
sentence-transformers/LaBSE,10,variance,5,test,489;622;218;7;587,0.6566610433,0.5572766421,0.8486519,0,16,-1.235449701e-06
sentence-transformers/LaBSE,10,variance,10,test,489;622;218;7;587;139;160;158;122;411,0.7466048741,0.6336076449,0.8486519,0,16,-1.235449701e-06
sentence-transformers/LaBSE,11,mean_abs,1,train,587,0.3939948291,0.3585768362,0.9101054374,0,24,-2.337798174e-06
sentence-transformers/LaBSE,11,mean_abs,3,train,587;501;585,0.7801244004,0.7099954586,0.9101054374,0,24,-2.337798174e-06
sentence-transformers/LaBSE,11,mean_abs,5,train,587;501;585;653;622,0.9108641476,0.8289824134,0.9101054374,0,24,-2.337798174e-06
sentence-transformers/LaBSE,11,mean_abs,10,train,587;501;585;653;622;218;7;122;158;503,0.9253434964,0.8421601475,0.9101054374,0,24,-2.337798174e-06
sentence-transformers/LaBSE,11,variance,1,train,501,0.2175964525,0.1980357146,0.9101054374,0,24,-2.337798174e-06
sentence-transformers/LaBSE,11,variance,3,train,501;585;622,0.4163121802,0.3788879788,0.9101054374,0,24,-2.337798174e-06
sentence-transformers/LaBSE,11,variance,5,train,501;585;622;489;218,0.4213547687,0.3834772661,0.9101054374,1,24,-2.337798174e-06
sentence-transformers/LaBSE,11,variance,10,train,501;585;622;489;218;158;514;122;587;251,0.8203379548,0.7465940331,0.9101054374,1,24,-2.337798174e-06
sentence-transformers/LaBSE,11,mean_abs,1,test,587,0.3955564058,0.3606838457,0.9118392229,0,30,-2.608696085e-06
sentence-transformers/LaBSE,11,mean_abs,3,test,587;501;585,0.7822491713,0.7132854765,0.9118392229,0,30,-2.608696085e-06
sentence-transformers/LaBSE,11,mean_abs,5,test,587;501;585;653;622,0.9133584371,0.8328360475,0.9118392229,0,30,-2.608696085e-06
sentence-transformers/LaBSE,11,mean_abs,10,test,587;501;585;653;622;218;7;122;158;503,0.9277024759,0.8459155047,0.9118392229,0,30,-2.608696085e-06
sentence-transformers/LaBSE,11,variance,1,test,501,0.2187851125,0.199496847,0.9118392229,0,30,-2.608696085e-06
sentence-transformers/LaBSE,11,variance,3,test,501;585;622,0.41735388,0.3805596376,0.9118392229,0,30,-2.608696085e-06
sentence-transformers/LaBSE,11,variance,5,test,501;585;622;489;218,0.4222521737,0.3850260939,0.9118392229,0,30,-2.608696085e-06
sentence-transformers/LaBSE,11,variance,10,test,501;585;622;489;218;158;514;122;587;251,0.8225022978,0.749989856,0.9118392229,0,30,-2.608696085e-06
sentence-transformers/LaBSE,12,mean_abs,1,train,585,0.1585900085,0.1150048361,0.7251707541,0,12,-5.094498129e-06
sentence-transformers/LaBSE,12,mean_abs,3,train,585;653;222,0.3404447005,0.2468805402,0.7251707541,0,12,-5.094498129e-06
sentence-transformers/LaBSE,12,mean_abs,5,train,585;653;222;501;622,0.4457203449,0.3232233586,0.7251707541,0,12,-5.094498129e-06
sentence-transformers/LaBSE,12,mean_abs,10,train,585;653;222;501;622;587;727;75;34;143,0.517013547,0.3749231038,0.7251707541,0,12,-5.094498129e-06
sentence-transformers/LaBSE,12,variance,1,train,222,0.08309297897,0.06025659822,0.7251707541,0,12,-5.094498129e-06
sentence-transformers/LaBSE,12,variance,3,train,222;565;34,0.09212723329,0.06680797524,0.7251707541,0,12,-5.094498129e-06
sentence-transformers/LaBSE,12,variance,5,train,222;565;34;501;585,0.3112407112,0.2257026612,0.7251707541,0,12,-5.094498129e-06
sentence-transformers/LaBSE,12,variance,10,train,222;565;34;501;585;438;503;521;591;441,0.3276074644,0.237571352,0.7251707541,0,12,-5.094498129e-06
sentence-transformers/LaBSE,12,mean_abs,1,test,585,0.1583606674,0.1148912063,0.7255034232,0,16,-6.788397383e-06
sentence-transformers/LaBSE,12,mean_abs,3,test,585;653;222,0.3422763954,0.2483226965,0.7255034232,0,16,-6.788397383e-06
sentence-transformers/LaBSE,12,mean_abs,5,test,585;653;222;501;622,0.4501416347,0.3265792969,0.7255034232,0,16,-6.788397383e-06
sentence-transformers/LaBSE,12,mean_abs,10,test,585;653;222;501;622;587;727;75;34;143,0.5215360764,0.3783762087,0.7255034232,0,16,-6.788397383e-06
sentence-transformers/LaBSE,12,variance,1,test,222,0.08295183848,0.06018184278,0.7255034232,0,16,-6.788397383e-06
sentence-transformers/LaBSE,12,variance,3,test,222;565;34,0.09185828291,0.06664349869,0.7255034232,0,16,-6.788397383e-06
sentence-transformers/LaBSE,12,variance,5,test,222;565;34;501;585,0.3125208849,0.2267349718,0.7255034232,0,16,-6.788397383e-06
sentence-transformers/LaBSE,12,variance,10,test,222;565;34;501;585;438;503;521;591;441,0.3288011047,0.238546327,0.7255034232,0,16,-6.788397383e-06
Qwen/Qwen3-Embedding-0.6B,1,mean_abs,1,train,35,0.4308010445,0.4044006671,0.9387179353,0,12,-3.302527336e-07
Qwen/Qwen3-Embedding-0.6B,1,mean_abs,3,train,35;277;0,0.6366472574,0.597632199,0.9387179353,0,12,-3.302527336e-07
Qwen/Qwen3-Embedding-0.6B,1,mean_abs,5,train,35;277;0;16;23,0.6978545049,0.6550885399,0.9387179353,0,12,-3.302527336e-07
Qwen/Qwen3-Embedding-0.6B,1,mean_abs,10,train,35;277;0;16;23;3;96;7;27;12,0.7794683337,0.7317009048,0.9387179353,0,12,-3.302527336e-07
Qwen/Qwen3-Embedding-0.6B,1,variance,1,train,35,0.4308010445,0.4044006671,0.9387179353,0,12,-3.302527336e-07
Qwen/Qwen3-Embedding-0.6B,1,variance,3,train,35;0;96,0.4958560865,0.4654690018,0.9387179353,0,12,-3.302527336e-07
Qwen/Qwen3-Embedding-0.6B,1,variance,5,train,35;0;96;244;167,0.4976893153,0.4671898865,0.9387179353,0,12,-3.302527336e-07
Qwen/Qwen3-Embedding-0.6B,1,variance,10,train,35;0;96;244;167;143;160;305;129;171,0.5038459289,0.4729692101,0.9387179353,0,12,-3.302527336e-07
Qwen/Qwen3-Embedding-0.6B,1,mean_abs,1,test,35,0.4296358781,0.4035616056,0.9393107656,0,18,-5.754288623e-07
Qwen/Qwen3-Embedding-0.6B,1,mean_abs,3,test,35;277;0,0.635254102,0.5967010169,0.9393107656,0,18,-5.754288623e-07
Qwen/Qwen3-Embedding-0.6B,1,mean_abs,5,test,35;277;0;16;23,0.6967255353,0.6544417959,0.9393107656,0,18,-5.754288623e-07
Qwen/Qwen3-Embedding-0.6B,1,mean_abs,10,test,35;277;0;16;23;3;96;7;27;12,0.7789261594,0.7316537271,0.9393107656,0,18,-5.754288623e-07
Qwen/Qwen3-Embedding-0.6B,1,variance,1,test,35,0.4296358781,0.4035616056,0.9393107656,0,18,-5.754288623e-07
Qwen/Qwen3-Embedding-0.6B,1,variance,3,test,35;0;96,0.4944975449,0.4644868675,0.9393107656,0,18,-5.754288623e-07
Qwen/Qwen3-Embedding-0.6B,1,variance,5,test,35;0;96;244;167,0.4963238833,0.4662023668,0.9393107656,0,18,-5.754288623e-07
Qwen/Qwen3-Embedding-0.6B,1,variance,10,test,35;0;96;244;167;143;160;305;129;171,0.5022521318,0.4717708345,0.9393107656,0,18,-5.754288623e-07
Qwen/Qwen3-Embedding-0.6B,2,mean_abs,1,train,35,0.5224483766,0.4992066309,0.9555137948,0,18,-5.65232978e-07
Qwen/Qwen3-Embedding-0.6B,2,mean_abs,3,train,35;277;0,0.665318613,0.6357211127,0.9555137948,0,18,-5.65232978e-07
Qwen/Qwen3-Embedding-0.6B,2,mean_abs,5,train,35;277;0;16;23,0.7200119626,0.6879813627,0.9555137948,0,18,-5.65232978e-07
Qwen/Qwen3-Embedding-0.6B,2,mean_abs,10,train,35;277;0;16;23;3;13;496;12;30,0.7872668163,0.7522443032,0.9555137948,0,18,-5.65232978e-07
Qwen/Qwen3-Embedding-0.6B,2,variance,1,train,35,0.5224483766,0.4992066309,0.9555137948,0,18,-5.65232978e-07
Qwen/Qwen3-Embedding-0.6B,2,variance,3,train,35;0;244,0.5617761133,0.5367848258,0.9555137948,0,18,-5.65232978e-07
Qwen/Qwen3-Embedding-0.6B,2,variance,5,train,35;0;244;167;96,0.5658853009,0.5407112113,0.9555137948,0,18,-5.65232978e-07
Qwen/Qwen3-Embedding-0.6B,2,variance,10,train,35;0;244;167;96;143;119;129;171;139,0.5750810015,0.5494978301,0.9555137948,0,18,-5.65232978e-07
Qwen/Qwen3-Embedding-0.6B,2,mean_abs,1,test,35,0.5222820702,0.4994715393,0.9563252651,0,13,-5.006744692e-07
Qwen/Qwen3-Embedding-0.6B,2,mean_abs,3,test,35;277;0,0.6649275354,0.6358870015,0.9563252651,0,13,-5.006744692e-07
Qwen/Qwen3-Embedding-0.6B,2,mean_abs,5,test,35;277;0;16;23,0.7197987434,0.688361724,0.9563252651,0,13,-5.006744692e-07
Qwen/Qwen3-Embedding-0.6B,2,mean_abs,10,test,35;277;0;16;23;3;13;496;12;30,0.7870866975,0.7527108946,0.9563252651,0,13,-5.006744692e-07
Qwen/Qwen3-Embedding-0.6B,2,variance,1,test,35,0.5222820702,0.4994715393,0.9563252651,0,13,-5.006744692e-07
Qwen/Qwen3-Embedding-0.6B,2,variance,3,test,35;0;244,0.5613301604,0.5368142144,0.9563252651,0,13,-5.006744692e-07
Qwen/Qwen3-Embedding-0.6B,2,variance,5,test,35;0;244;167;96,0.5655323703,0.5408328939,0.9563252651,0,13,-5.006744692e-07
Qwen/Qwen3-Embedding-0.6B,2,variance,10,test,35;0;244;167;96;143;119;129;171;139,0.5745681502,0.5494740385,0.9563252651,0,13,-5.006744692e-07
Qwen/Qwen3-Embedding-0.6B,3,mean_abs,1,train,35,0.4239502751,0.3951020513,0.9319537562,0,18,-8.099042201e-07
Qwen/Qwen3-Embedding-0.6B,3,mean_abs,3,train,35;277;0,0.5538999544,0.516209143,0.9319537562,0,18,-8.099042201e-07
Qwen/Qwen3-Embedding-0.6B,3,mean_abs,5,train,35;277;0;16;23,0.638249634,0.5948191438,0.9319537562,0,18,-8.099042201e-07
Qwen/Qwen3-Embedding-0.6B,3,mean_abs,10,train,35;277;0;16;23;496;13;3;30;12,0.7168613017,0.6680815828,0.9319537562,0,18,-8.099042201e-07
Qwen/Qwen3-Embedding-0.6B,3,variance,1,train,35,0.4239502751,0.3951020513,0.9319537562,0,18,-8.099042201e-07
Qwen/Qwen3-Embedding-0.6B,3,variance,3,train,35;0;10,0.4827479713,0.4498987852,0.9319537562,0,18,-8.099042201e-07
Qwen/Qwen3-Embedding-0.6B,3,variance,5,train,35;0;10;119;138,0.4845147745,0.4515453641,0.9319537562,0,18,-8.099042201e-07
Qwen/Qwen3-Embedding-0.6B,3,variance,10,train,35;0;10;119;138;244;167;143;171;96,0.4901479427,0.4567952163,0.9319537562,0,18,-8.099042201e-07
Qwen/Qwen3-Embedding-0.6B,3,mean_abs,1,test,35,0.4224056596,0.3943993012,0.9336979565,0,11,-3.432589338e-07
Qwen/Qwen3-Embedding-0.6B,3,mean_abs,3,test,35;277;0,0.5525960354,0.5159577891,0.9336979565,0,11,-3.432589338e-07
Qwen/Qwen3-Embedding-0.6B,3,mean_abs,5,test,35;277;0;16;23,0.6371168929,0.594874741,0.9336979565,0,11,-3.432589338e-07
Qwen/Qwen3-Embedding-0.6B,3,mean_abs,10,test,35;277;0;16;23;496;13;3;30;12,0.7155006959,0.6680615376,0.9336979565,0,11,-3.432589338e-07
Qwen/Qwen3-Embedding-0.6B,3,variance,1,test,35,0.4224056596,0.3943993012,0.9336979565,0,11,-3.432589338e-07
Qwen/Qwen3-Embedding-0.6B,3,variance,3,test,35;0;10,0.4812781125,0.4493683901,0.9336979565,0,11,-3.432589338e-07
Qwen/Qwen3-Embedding-0.6B,3,variance,5,test,35;0;10;119;138,0.4831070322,0.4510760487,0.9336979565,0,11,-3.432589338e-07
Qwen/Qwen3-Embedding-0.6B,3,variance,10,test,35;0;10;119;138;244;167;143;171;96,0.48867395,0.4562738686,0.9336979565,0,11,-3.432589338e-07
Qwen/Qwen3-Embedding-0.6B,4,mean_abs,1,train,35,0.3348291127,0.3116646233,0.9308169794,0,14,-5.59703499e-07
Qwen/Qwen3-Embedding-0.6B,4,mean_abs,3,train,35;277;0,0.4673077937,0.434978029,0.9308169794,0,14,-5.59703499e-07
Qwen/Qwen3-Embedding-0.6B,4,mean_abs,5,train,35;277;0;23;16,0.5775423851,0.5375862584,0.9308169794,0,14,-5.59703499e-07
Qwen/Qwen3-Embedding-0.6B,4,mean_abs,10,train,35;277;0;23;16;496;24;13;30;3,0.6691414246,0.6228481996,0.9308169794,0,14,-5.59703499e-07
Qwen/Qwen3-Embedding-0.6B,4,variance,1,train,35,0.3348291127,0.3116646233,0.9308169794,0,14,-5.59703499e-07
Qwen/Qwen3-Embedding-0.6B,4,variance,3,train,35;0;10,0.3974483917,0.3699517114,0.9308169794,0,14,-5.59703499e-07
Qwen/Qwen3-Embedding-0.6B,4,variance,5,train,35;0;10;23;25,0.4576470793,0.425985672,0.9308169794,0,14,-5.59703499e-07
Qwen/Qwen3-Embedding-0.6B,4,variance,10,train,35;0;10;23;25;138;119;129;30;167,0.478190843,0.4451081561,0.9308169794,0,14,-5.59703499e-07
Qwen/Qwen3-Embedding-0.6B,4,mean_abs,1,test,35,0.3332123063,0.3107130244,0.9324776383,0,15,-1.026919556e-06
Qwen/Qwen3-Embedding-0.6B,4,mean_abs,3,test,35;277;0,0.4658746107,0.4344176567,0.9324776383,0,15,-1.026919556e-06
Qwen/Qwen3-Embedding-0.6B,4,mean_abs,5,test,35;277;0;23;16,0.5761652783,0.537261238,0.9324776383,0,15,-1.026919556e-06
Qwen/Qwen3-Embedding-0.6B,4,mean_abs,10,test,35;277;0;23;16;496;24;13;30;3,0.6674247833,0.6223586857,0.9324776383,0,15,-1.026919556e-06
Qwen/Qwen3-Embedding-0.6B,4,variance,1,test,35,0.3332123063,0.3107130244,0.9324776383,0,15,-1.026919556e-06
Qwen/Qwen3-Embedding-0.6B,4,variance,3,test,35;0;10,0.3958358652,0.3691080927,0.9324776383,0,15,-1.026919556e-06
Qwen/Qwen3-Embedding-0.6B,4,variance,5,test,35;0;10;23;25,0.4556291863,0.4248640276,0.9324776383,0,15,-1.026919556e-06
Qwen/Qwen3-Embedding-0.6B,4,variance,10,test,35;0;10;23;25;138;119;129;30;167,0.4760605746,0.4439158403,0.9324776383,0,15,-1.026919556e-06
Qwen/Qwen3-Embedding-0.6B,5,mean_abs,1,train,35,0.3156867307,0.2969975142,0.9407982198,0,13,-4.373298765e-07
Qwen/Qwen3-Embedding-0.6B,5,mean_abs,3,train,35;23;0,0.4533715793,0.4265311747,0.9407982198,0,13,-4.373298765e-07
Qwen/Qwen3-Embedding-0.6B,5,mean_abs,5,train,35;23;0;277;16,0.5636196524,0.5302523657,0.9407982198,0,13,-4.373298765e-07
Qwen/Qwen3-Embedding-0.6B,5,mean_abs,10,train,35;23;0;277;16;30;24;13;3;496,0.6735259052,0.6336519726,0.9407982198,0,13,-4.373298765e-07
Qwen/Qwen3-Embedding-0.6B,5,variance,1,train,35,0.3156867307,0.2969975142,0.9407982198,0,13,-4.373298765e-07
Qwen/Qwen3-Embedding-0.6B,5,variance,3,train,35;0;10,0.3771638355,0.354835065,0.9407982198,0,13,-4.373298765e-07
Qwen/Qwen3-Embedding-0.6B,5,variance,5,train,35;0;10;25;22,0.3778039913,0.3554373225,0.9407982198,0,13,-4.373298765e-07
Qwen/Qwen3-Embedding-0.6B,5,variance,10,train,35;0;10;25;22;30;23;12;7;15,0.5012542698,0.4715791247,0.9407982198,0,13,-4.373298765e-07
Qwen/Qwen3-Embedding-0.6B,5,mean_abs,1,test,35,0.3144176122,0.2961800795,0.9419958296,0,13,-4.99954421e-07
Qwen/Qwen3-Embedding-0.6B,5,mean_abs,3,test,35;23;0,0.4517945748,0.4255886053,0.9419958296,0,13,-4.99954421e-07
Qwen/Qwen3-Embedding-0.6B,5,mean_abs,5,test,35;23;0;277;16,0.5623949138,0.5297736634,0.9419958296,0,13,-4.99954421e-07
Qwen/Qwen3-Embedding-0.6B,5,mean_abs,10,test,35;23;0;277;16;30;24;13;3;496,0.6720716211,0.6330886643,0.9419958296,0,13,-4.99954421e-07
Qwen/Qwen3-Embedding-0.6B,5,variance,1,test,35,0.3144176122,0.2961800795,0.9419958296,0,13,-4.99954421e-07
Qwen/Qwen3-Embedding-0.6B,5,variance,3,test,35;0;10,0.3758160986,0.3540171976,0.9419958296,0,13,-4.99954421e-07
Qwen/Qwen3-Embedding-0.6B,5,variance,5,test,35;0;10;25;22,0.376507254,0.3546682631,0.9419958296,0,13,-4.99954421e-07
Qwen/Qwen3-Embedding-0.6B,5,variance,10,test,35;0;10;25;22;30;23;12;7;15,0.4995625997,0.4705858856,0.9419958296,0,13,-4.99954421e-07
Qwen/Qwen3-Embedding-0.6B,6,mean_abs,1,train,35,0.3081713915,0.2878758984,0.9341421895,0,6,-7.765168431e-07
Qwen/Qwen3-Embedding-0.6B,6,mean_abs,3,train,35;23;0,0.4716291634,0.4405686993,0.9341421895,0,6,-7.765168431e-07
Qwen/Qwen3-Embedding-0.6B,6,mean_abs,5,train,35;23;0;16;277,0.569598121,0.5320856358,0.9341421895,0,6,-7.765168431e-07
Qwen/Qwen3-Embedding-0.6B,6,mean_abs,10,train,35;23;0;16;277;30;13;24;3;1,0.6791290999,0.6344031444,0.9341421895,0,6,-7.765168431e-07
Qwen/Qwen3-Embedding-0.6B,6,variance,1,train,0,0.06257094834,0.05845016268,0.9341421895,0,6,-7.765168431e-07
Qwen/Qwen3-Embedding-0.6B,6,variance,3,train,0;35;10,0.3710777126,0.346639347,0.9341421895,0,6,-7.765168431e-07
Qwen/Qwen3-Embedding-0.6B,6,variance,5,train,0;35;10;30;23,0.5053419745,0.4720612585,0.9341421895,0,6,-7.765168431e-07
Qwen/Qwen3-Embedding-0.6B,6,variance,10,train,0;35;10;30;23;25;138;15;12;22,0.5110855852,0.4774266076,0.9341421895,0,6,-7.765168431e-07
Qwen/Qwen3-Embedding-0.6B,6,mean_abs,1,test,35,0.3070100342,0.2872027999,0.9354834302,0,6,-3.085813182e-07
Qwen/Qwen3-Embedding-0.6B,6,mean_abs,3,test,35;23;0,0.4700363653,0.4397112313,0.9354834302,0,6,-3.085813182e-07
Qwen/Qwen3-Embedding-0.6B,6,mean_abs,5,test,35;23;0;16;277,0.5684582722,0.5317832944,0.9354834302,0,6,-3.085813182e-07
Qwen/Qwen3-Embedding-0.6B,6,mean_abs,10,test,35;23;0;16;277;30;13;24;3;1,0.6779839502,0.6342427514,0.9354834302,0,6,-3.085813182e-07
Qwen/Qwen3-Embedding-0.6B,6,variance,1,test,0,0.06240564931,0.05837945088,0.9354834302,0,6,-3.085813182e-07
Qwen/Qwen3-Embedding-0.6B,6,variance,3,test,0;35;10,0.3697297815,0.3458760842,0.9354834302,0,6,-3.085813182e-07
Qwen/Qwen3-Embedding-0.6B,6,variance,5,test,0;35;10;30;23,0.5034695936,0.4709874625,0.9354834302,0,6,-3.085813182e-07
Qwen/Qwen3-Embedding-0.6B,6,variance,10,test,0;35;10;30;23;25;138;15;12;22,0.5092515253,0.4763963637,0.9354834302,0,6,-3.085813182e-07
Qwen/Qwen3-Embedding-0.6B,7,mean_abs,1,train,35,0.3456017268,0.3248011568,0.9398134662,0,22,-1.627031591e-06
Qwen/Qwen3-Embedding-0.6B,7,mean_abs,3,train,35;23;0,0.5152142089,0.4842052515,0.9398134662,0,22,-1.627031591e-06
Qwen/Qwen3-Embedding-0.6B,7,mean_abs,5,train,35;23;0;16;30,0.6058650382,0.5694001216,0.9398134662,0,22,-1.627031591e-06
Qwen/Qwen3-Embedding-0.6B,7,mean_abs,10,train,35;23;0;16;30;277;13;3;24;18,0.7187398303,0.6754813712,0.9398134662,0,22,-1.627031591e-06
Qwen/Qwen3-Embedding-0.6B,7,variance,1,train,0,0.05242863271,0.04927313504,0.9398134662,0,22,-1.627031591e-06
Qwen/Qwen3-Embedding-0.6B,7,variance,3,train,0;10;35,0.3985518215,0.3745643688,0.9398134662,0,22,-1.627031591e-06
Qwen/Qwen3-Embedding-0.6B,7,variance,5,train,0;10;35;30;23,0.556457662,0.5229664042,0.9398134662,0,22,-1.627031591e-06
Qwen/Qwen3-Embedding-0.6B,7,variance,10,train,0;10;35;30;23;22;12;15;25;138,0.5637894669,0.5298569331,0.9398134662,1,22,-1.627031591e-06
Qwen/Qwen3-Embedding-0.6B,7,mean_abs,1,test,35,0.3440861928,0.3236758069,0.9406823454,0,25,-9.270313008e-07
Qwen/Qwen3-Embedding-0.6B,7,mean_abs,3,test,35;23;0,0.5136025486,0.48313685,0.9406823454,0,25,-9.270313008e-07
Qwen/Qwen3-Embedding-0.6B,7,mean_abs,5,test,35;23;0;16;30,0.6043999621,0.5685483739,0.9406823454,0,25,-9.270313008e-07
Qwen/Qwen3-Embedding-0.6B,7,mean_abs,10,test,35;23;0;16;30;277;13;3;24;18,0.7175112652,0.6749501799,0.9406823454,0,25,-9.270313008e-07
Qwen/Qwen3-Embedding-0.6B,7,variance,1,test,0,0.05247899813,0.04936606704,0.9406823454,0,25,-9.270313008e-07
Qwen/Qwen3-Embedding-0.6B,7,variance,3,test,0;10;35,0.3970608396,0.3735081219,0.9406823454,0,25,-9.270313008e-07
Qwen/Qwen3-Embedding-0.6B,7,variance,5,test,0;10;35;30;23,0.5546667541,0.5217652232,0.9406823454,0,25,-9.270313008e-07
Qwen/Qwen3-Embedding-0.6B,7,variance,10,test,0;10;35;30;23;22;12;15;25;138,0.5621186509,0.528775091,0.9406823454,0,25,-9.270313008e-07
Qwen/Qwen3-Embedding-0.6B,8,mean_abs,1,train,35,0.3016406731,0.2807850612,0.9308594171,0,15,-8.800601934e-07
Qwen/Qwen3-Embedding-0.6B,8,mean_abs,3,train,35;23;0,0.4901833997,0.4562918337,0.9308594171,0,15,-8.800601934e-07
Qwen/Qwen3-Embedding-0.6B,8,mean_abs,5,train,35;23;0;30;16,0.5902165634,0.5494086461,0.9308594171,0,15,-8.800601934e-07
Qwen/Qwen3-Embedding-0.6B,8,mean_abs,10,train,35;23;0;30;16;277;13;1;18;24,0.7148989276,0.665470399,0.9308594171,0,15,-8.800601934e-07
Qwen/Qwen3-Embedding-0.6B,8,variance,1,train,35,0.3016406731,0.2807850612,0.9308594171,0,15,-8.800601934e-07
Qwen/Qwen3-Embedding-0.6B,8,variance,3,train,35;10;0,0.3570416919,0.3323556212,0.9308594171,0,15,-8.800601934e-07
Qwen/Qwen3-Embedding-0.6B,8,variance,5,train,35;10;0;30;23,0.5409072336,0.5035085921,0.9308594171,0,15,-8.800601934e-07
Qwen/Qwen3-Embedding-0.6B,8,variance,10,train,35;10;0;30;23;15;277;32;25;12,0.5859221938,0.5454111918,0.9308594171,0,15,-8.800601934e-07
Qwen/Qwen3-Embedding-0.6B,8,mean_abs,1,test,35,0.3019281424,0.281421637,0.9320815041,0,21,-1.078247864e-06
Qwen/Qwen3-Embedding-0.6B,8,mean_abs,3,test,35;23;0,0.4898693193,0.4565981319,0.9320815041,0,21,-1.078247864e-06
Qwen/Qwen3-Embedding-0.6B,8,mean_abs,5,test,35;23;0;30;16,0.5897119571,0.5496596079,0.9320815041,0,21,-1.078247864e-06
Qwen/Qwen3-Embedding-0.6B,8,mean_abs,10,test,35;23;0;30;16;277;13;1;18;24,0.7144491639,0.6659248513,0.9320815041,0,21,-1.078247864e-06
Qwen/Qwen3-Embedding-0.6B,8,variance,1,test,35,0.3019281424,0.281421637,0.9320815041,0,21,-1.078247864e-06
Qwen/Qwen3-Embedding-0.6B,8,variance,3,test,35;10;0,0.3571742279,0.3329154916,0.9320815041,0,21,-1.078247864e-06
Qwen/Qwen3-Embedding-0.6B,8,variance,5,test,35;10;0;30;23,0.5402797713,0.5035847818,0.9320815041,0,21,-1.078247864e-06
Qwen/Qwen3-Embedding-0.6B,8,variance,10,test,35;10;0;30;23;15;277;32;25;12,0.585362032,0.5456051232,0.9320815041,0,21,-1.078247864e-06
Qwen/Qwen3-Embedding-0.6B,9,mean_abs,1,train,35,0.3060884821,0.2867814441,0.9369233436,0,10,-3.126279136e-07
Qwen/Qwen3-Embedding-0.6B,9,mean_abs,3,train,35;23;30,0.4851527335,0.4545509213,0.9369233436,0,10,-3.126279136e-07
Qwen/Qwen3-Embedding-0.6B,9,mean_abs,5,train,35;23;30;0;16,0.5783695019,0.5418878876,0.9369233436,0,10,-3.126279136e-07
Qwen/Qwen3-Embedding-0.6B,9,mean_abs,10,train,35;23;30;0;16;277;13;18;1;28,0.7191310929,0.6737707081,0.9369233436,0,10,-3.126279136e-07
Qwen/Qwen3-Embedding-0.6B,9,variance,1,train,0,0.04809246293,0.04505895117,0.9369233436,0,10,-3.126279136e-07
Qwen/Qwen3-Embedding-0.6B,9,variance,3,train,0;30;10,0.0974417528,0.09129545284,0.9369233436,0,10,-3.126279136e-07
Qwen/Qwen3-Embedding-0.6B,9,variance,5,train,0;30;10;35;23,0.5334966023,0.4998454204,0.9369233436,0,10,-3.126279136e-07
Qwen/Qwen3-Embedding-0.6B,9,variance,10,train,0;30;10;35;23;277;32;15;12;22,0.584245837,0.5473935631,0.9369233436,0,10,-3.126279136e-07
Qwen/Qwen3-Embedding-0.6B,9,mean_abs,1,test,35,0.3050074421,0.2860728591,0.9379209147,0,14,-4.573115827e-07
Qwen/Qwen3-Embedding-0.6B,9,mean_abs,3,test,35;23;30,0.4836550749,0.4536302103,0.9379209147,0,14,-4.573115827e-07
Qwen/Qwen3-Embedding-0.6B,9,mean_abs,5,test,35;23;30;0;16,0.5770379296,0.5412159427,0.9379209147,0,14,-4.573115827e-07
Qwen/Qwen3-Embedding-0.6B,9,mean_abs,10,test,35;23;30;0;16;277;13;18;1;28,0.7180011892,0.6734283322,0.9379209147,0,14,-4.573115827e-07
Qwen/Qwen3-Embedding-0.6B,9,variance,1,test,0,0.04808517991,0.04510009593,0.9379209147,0,14,-4.573115827e-07
Qwen/Qwen3-Embedding-0.6B,9,variance,3,test,0;30;10,0.09732230073,0.09128062132,0.9379209147,0,14,-4.573115827e-07
Qwen/Qwen3-Embedding-0.6B,9,variance,5,test,0;30;10;35;23,0.5319721315,0.4989477882,0.9379209147,0,14,-4.573115827e-07
Qwen/Qwen3-Embedding-0.6B,9,variance,10,test,0;30;10;35;23;277;32;15;12;22,0.5828440375,0.5466616128,0.9379209147,0,14,-4.573115827e-07
Qwen/Qwen3-Embedding-0.6B,10,mean_abs,1,train,35,0.3708929298,0.3494619436,0.9422178627,0,10,-4.008649722e-07
Qwen/Qwen3-Embedding-0.6B,10,mean_abs,3,train,35;23;30,0.5272591756,0.4967930135,0.9422178627,0,10,-4.008649722e-07
Qwen/Qwen3-Embedding-0.6B,10,mean_abs,5,train,35;23;30;277;16,0.6039415285,0.5690444962,0.9422178627,0,10,-4.008649722e-07
Qwen/Qwen3-Embedding-0.6B,10,mean_abs,10,train,35;23;30;277;16;13;18;0;1;28,0.7378552277,0.6952203756,0.9422178627,0,10,-4.008649722e-07
Qwen/Qwen3-Embedding-0.6B,10,variance,1,train,30,0.04502904882,0.04242717413,0.9422178627,0,10,-4.008649722e-07
Qwen/Qwen3-Embedding-0.6B,10,variance,3,train,30;0;10,0.07321088897,0.06898060732,0.9422178627,0,10,-4.008649722e-07
Qwen/Qwen3-Embedding-0.6B,10,variance,5,train,30;0;10;277;15,0.1156682824,0.1089847218,0.9422178627,0,10,-4.008649722e-07
Qwen/Qwen3-Embedding-0.6B,10,variance,10,train,30;0;10;277;15;35;23;18;12;77,0.6311415558,0.5946728478,0.9422178627,0,10,-4.008649722e-07
Qwen/Qwen3-Embedding-0.6B,10,mean_abs,1,test,35,0.3701178388,0.3490457702,0.9430665954,0,17,-8.053330138e-07
Qwen/Qwen3-Embedding-0.6B,10,mean_abs,3,test,35;23;30,0.5262568515,0.4962952572,0.9430665954,0,17,-8.053330138e-07
Qwen/Qwen3-Embedding-0.6B,10,mean_abs,5,test,35;23;30;277;16,0.6030476407,0.5687140854,0.9430665954,0,17,-8.053330138e-07
Qwen/Qwen3-Embedding-0.6B,10,mean_abs,10,test,35;23;30;277;16;13;18;0;1;28,0.7368986098,0.6949444631,0.9430665954,0,17,-8.053330138e-07
Qwen/Qwen3-Embedding-0.6B,10,variance,1,test,30,0.04502008021,0.04245693377,0.9430665954,0,17,-8.053330138e-07
Qwen/Qwen3-Embedding-0.6B,10,variance,3,test,30;0;10,0.07308499629,0.06892401862,0.9430665954,0,17,-8.053330138e-07
Qwen/Qwen3-Embedding-0.6B,10,variance,5,test,30;0;10;277;15,0.1156051135,0.1090233208,0.9430665954,0,17,-8.053330138e-07
Qwen/Qwen3-Embedding-0.6B,10,variance,10,test,30;0;10;277;15;35;23;18;12;77,0.6300637581,0.5941920833,0.9430665954,0,17,-8.053330138e-07
Qwen/Qwen3-Embedding-0.6B,11,mean_abs,1,train,35,0.4550000852,0.4299726524,0.9449946635,0,13,-3.031451603e-07
Qwen/Qwen3-Embedding-0.6B,11,mean_abs,3,train,35;23;30,0.5833121324,0.5512268523,0.9449946635,0,13,-3.031451603e-07
Qwen/Qwen3-Embedding-0.6B,11,mean_abs,5,train,35;23;30;18;277,0.6515179221,0.6156809595,0.9449946635,0,13,-3.031451603e-07
Qwen/Qwen3-Embedding-0.6B,11,mean_abs,10,train,35;23;30;18;277;13;16;1;0;28,0.7585329487,0.7168095886,0.9449946635,0,13,-3.031451603e-07
Qwen/Qwen3-Embedding-0.6B,11,variance,1,train,30,0.03496459553,0.03304135619,0.9449946635,0,13,-3.031451603e-07
Qwen/Qwen3-Embedding-0.6B,11,variance,3,train,30;23;0,0.1450074547,0.1370312708,0.9449946635,0,13,-3.031451603e-07
Qwen/Qwen3-Embedding-0.6B,11,variance,5,train,30;23;0;277;10,0.1791712205,0.1693158473,0.9449946635,0,13,-3.031451603e-07
Qwen/Qwen3-Embedding-0.6B,11,variance,10,train,30;23;0;277;10;18;77;15;32;19,0.2327969637,0.2199918884,0.9449946635,0,13,-3.031451603e-07
Qwen/Qwen3-Embedding-0.6B,11,mean_abs,1,test,35,0.4544125095,0.4298642941,0.9459781258,0,12,-3.794333091e-07
Qwen/Qwen3-Embedding-0.6B,11,mean_abs,3,test,35;23;30,0.5824200373,0.5509566154,0.9459781258,0,12,-3.794333091e-07
Qwen/Qwen3-Embedding-0.6B,11,mean_abs,5,test,35;23;30;18;277,0.6505593519,0.6154149164,0.9459781258,0,12,-3.794333091e-07
Qwen/Qwen3-Embedding-0.6B,11,mean_abs,10,test,35;23;30;18;277;13;16;1;0;28,0.7576019168,0.7166748413,0.9459781258,0,12,-3.794333091e-07
Qwen/Qwen3-Embedding-0.6B,11,variance,1,test,30,0.03493742981,0.03305004438,0.9459781258,0,12,-3.794333091e-07
Qwen/Qwen3-Embedding-0.6B,11,variance,3,test,30;23;0,0.1446801706,0.1368642767,0.9459781258,0,12,-3.794333091e-07
Qwen/Qwen3-Embedding-0.6B,11,variance,5,test,30;23;0;277;10,0.1789551776,0.1692876835,0.9459781258,0,12,-3.794333091e-07
Qwen/Qwen3-Embedding-0.6B,11,variance,10,test,30;23;0;277;10;18;77;15;32;19,0.2326014659,0.2200358988,0.9459781258,0,12,-3.794333091e-07
Qwen/Qwen3-Embedding-0.6B,12,mean_abs,1,train,35,0.5504296279,0.524119291,0.952200362,0,18,-7.385157253e-07
Qwen/Qwen3-Embedding-0.6B,12,mean_abs,3,train,35;23;277,0.6633103092,0.6316043165,0.952200362,0,18,-7.385157253e-07
Qwen/Qwen3-Embedding-0.6B,12,mean_abs,5,train,35;23;277;18;13,0.7263200838,0.6916022467,0.952200362,0,18,-7.385157253e-07
Qwen/Qwen3-Embedding-0.6B,12,mean_abs,10,train,35;23;277;18;13;30;16;28;1;0,0.8106577183,0.7719085729,0.952200362,0,18,-7.385157253e-07
Qwen/Qwen3-Embedding-0.6B,12,variance,1,train,30,0.0308999604,0.02942295347,0.952200362,0,18,-7.385157253e-07
Qwen/Qwen3-Embedding-0.6B,12,variance,3,train,30;35;23,0.6605736091,0.6289984297,0.952200362,0,18,-7.385157253e-07
Qwen/Qwen3-Embedding-0.6B,12,variance,5,train,30;35;23;0;277,0.7046302203,0.6709491508,0.952200362,0,18,-7.385157253e-07
Qwen/Qwen3-Embedding-0.6B,12,variance,10,train,30;35;23;0;277;18;10;77;15;32,0.7416937073,0.7062410166,0.952200362,0,18,-7.385157253e-07
Qwen/Qwen3-Embedding-0.6B,12,mean_abs,1,test,35,0.5504210029,0.5246673548,0.9532110004,0,21,-5.875283442e-07
Qwen/Qwen3-Embedding-0.6B,12,mean_abs,3,test,35;23;277,0.6629439484,0.6319254643,0.9532110004,0,21,-5.875283442e-07
Qwen/Qwen3-Embedding-0.6B,12,mean_abs,5,test,35;23;277;18;13,0.7256973104,0.6917426592,0.9532110004,0,21,-5.875283442e-07
Qwen/Qwen3-Embedding-0.6B,12,mean_abs,10,test,35;23;277;18;13;30;16;28;1;0,0.8100618039,0.7721598224,0.9532110004,0,21,-5.875283442e-07
Qwen/Qwen3-Embedding-0.6B,12,variance,1,test,30,0.03085062686,0.02940715689,0.9532110004,0,21,-5.875283442e-07
Qwen/Qwen3-Embedding-0.6B,12,variance,3,test,30;35;23,0.6601441383,0.6292566544,0.9532110004,0,21,-5.875283442e-07
Qwen/Qwen3-Embedding-0.6B,12,variance,5,test,30;35;23;0;277,0.7042040098,0.6712550086,0.9532110004,0,21,-5.875283442e-07
Qwen/Qwen3-Embedding-0.6B,12,variance,10,test,30;35;23;0;277;18;10;77;15;32,0.7410988332,0.7064235601,0.9532110004,0,21,-5.875283442e-07
Qwen/Qwen3-Embedding-0.6B,13,mean_abs,1,train,35,0.5549693473,0.5292932752,0.9537342518,0,15,-3.969868286e-07
Qwen/Qwen3-Embedding-0.6B,13,mean_abs,3,train,35;23;277,0.6715581508,0.6404880105,0.9537342518,0,15,-3.969868286e-07
Qwen/Qwen3-Embedding-0.6B,13,mean_abs,5,train,35;23;277;30;18,0.7359277717,0.7018795227,0.9537342518,0,15,-3.969868286e-07
Qwen/Qwen3-Embedding-0.6B,13,mean_abs,10,train,35;23;277;30;18;13;16;28;1;8,0.8204447532,0.7824862628,0.9537342518,0,15,-3.969868286e-07
Qwen/Qwen3-Embedding-0.6B,13,variance,1,train,35,0.5549693473,0.5292932752,0.9537342518,0,15,-3.969868286e-07
Qwen/Qwen3-Embedding-0.6B,13,variance,3,train,35;30;23,0.6678203135,0.636923107,0.9537342518,0,15,-3.969868286e-07
Qwen/Qwen3-Embedding-0.6B,13,variance,5,train,35;30;23;18;277,0.7359277717,0.7018795227,0.9537342518,0,15,-3.969868286e-07
Qwen/Qwen3-Embedding-0.6B,13,variance,10,train,35;30;23;18;277;10;0;77;17;15,0.748559401,0.7139267403,0.9537342518,0,15,-3.969868286e-07
Qwen/Qwen3-Embedding-0.6B,13,mean_abs,1,test,35,0.5555655859,0.5304492256,0.9547913676,0,19,-4.25121763e-07
Qwen/Qwen3-Embedding-0.6B,13,mean_abs,3,test,35;23;277,0.6716520162,0.6412875471,0.9547913676,0,19,-4.25121763e-07
Qwen/Qwen3-Embedding-0.6B,13,mean_abs,5,test,35;23;277;30;18,0.7357082476,0.7024478839,0.9547913676,0,19,-4.25121763e-07
Qwen/Qwen3-Embedding-0.6B,13,mean_abs,10,test,35;23;277;30;18;13;16;28;1;8,0.8202633136,0.783180331,0.9547913676,0,19,-4.25121763e-07
Qwen/Qwen3-Embedding-0.6B,13,variance,1,test,35,0.5555655859,0.5304492256,0.9547913676,0,19,-4.25121763e-07
Qwen/Qwen3-Embedding-0.6B,13,variance,3,test,35;30;23,0.6678897323,0.637695351,0.9547913676,0,19,-4.25121763e-07
Qwen/Qwen3-Embedding-0.6B,13,variance,5,test,35;30;23;18;277,0.7357082476,0.7024478839,0.9547913676,0,19,-4.25121763e-07
Qwen/Qwen3-Embedding-0.6B,13,variance,10,test,35;30;23;18;277;10;0;77;17;15,0.7483016219,0.714471929,0.9547913676,0,19,-4.25121763e-07
Qwen/Qwen3-Embedding-0.6B,14,mean_abs,1,train,35,0.5837557712,0.5584507287,0.9566513193,0,21,-6.327066447e-07
Qwen/Qwen3-Embedding-0.6B,14,mean_abs,3,train,35;23;277,0.69102268,0.6610677585,0.9566513193,0,21,-6.327066447e-07
Qwen/Qwen3-Embedding-0.6B,14,mean_abs,5,train,35;23;277;13;18,0.7568256632,0.7240182692,0.9566513193,0,21,-6.327066447e-07
Qwen/Qwen3-Embedding-0.6B,14,mean_abs,10,train,35;23;277;13;18;30;28;16;1;8,0.8356551646,0.7994306157,0.9566513193,0,21,-6.327066447e-07
Qwen/Qwen3-Embedding-0.6B,14,variance,1,train,35,0.5837557712,0.5584507287,0.9566513193,0,21,-6.327066447e-07
Qwen/Qwen3-Embedding-0.6B,14,variance,3,train,35;30;23,0.6850985477,0.6554004295,0.9566513193,0,21,-6.327066447e-07
Qwen/Qwen3-Embedding-0.6B,14,variance,5,train,35;30;23;18;10,0.7167537364,0.6856834076,0.9566513193,0,21,-6.327066447e-07
Qwen/Qwen3-Embedding-0.6B,14,variance,10,train,35;30;23;18;10;277;15;77;17;0,0.7635130555,0.7304157718,0.9566513193,0,21,-6.327066447e-07
Qwen/Qwen3-Embedding-0.6B,14,mean_abs,1,test,35,0.5841604077,0.5594254467,0.9576572451,0,11,-2.851084584e-07
Qwen/Qwen3-Embedding-0.6B,14,mean_abs,3,test,35;23;277,0.6910373981,0.6617769709,0.9576572451,0,11,-2.851084584e-07
Qwen/Qwen3-Embedding-0.6B,14,mean_abs,5,test,35;23;277;13;18,0.7564348354,0.7244053005,0.9576572451,0,11,-2.851084584e-07
Qwen/Qwen3-Embedding-0.6B,14,mean_abs,10,test,35;23;277;13;18;30;28;16;1;8,0.8354332458,0.8000587006,0.9576572451,0,11,-2.851084584e-07
Qwen/Qwen3-Embedding-0.6B,14,variance,1,test,35,0.5841604077,0.5594254467,0.9576572451,0,11,-2.851084584e-07
Qwen/Qwen3-Embedding-0.6B,14,variance,3,test,35;30;23,0.6851103712,0.6561009107,0.9576572451,0,11,-2.851084584e-07
Qwen/Qwen3-Embedding-0.6B,14,variance,5,test,35;30;23;18;10,0.7165144972,0.6861752994,0.9576572451,0,11,-2.851084584e-07
Qwen/Qwen3-Embedding-0.6B,14,variance,10,test,35;30;23;18;10;277;15;77;17;0,0.7631913272,0.7308757038,0.9576572451,0,11,-2.851084584e-07
Qwen/Qwen3-Embedding-0.6B,15,mean_abs,1,train,35,0.607418991,0.5824956069,0.9589683819,0,13,-5.32206004e-07
Qwen/Qwen3-Embedding-0.6B,15,mean_abs,3,train,35;23;13,0.7070804913,0.6780678346,0.9589683819,0,13,-5.32206004e-07
Qwen/Qwen3-Embedding-0.6B,15,mean_abs,5,train,35;23;13;277;30,0.7700277956,0.7384323092,0.9589683819,0,13,-5.32206004e-07
Qwen/Qwen3-Embedding-0.6B,15,mean_abs,10,train,35;23;13;277;30;18;28;16;8;1,0.8425844824,0.8080118777,0.9589683819,0,13,-5.32206004e-07
Qwen/Qwen3-Embedding-0.6B,15,variance,1,train,30,0.02960665026,0.02839184149,0.9589683819,0,13,-5.32206004e-07
Qwen/Qwen3-Embedding-0.6B,15,variance,3,train,30;35;23,0.7016397786,0.6728503631,0.9589683819,0,13,-5.32206004e-07
Qwen/Qwen3-Embedding-0.6B,15,variance,5,train,30;35;23;18;277,0.7634212563,0.7320968469,0.9589683819,0,13,-5.32206004e-07
Qwen/Qwen3-Embedding-0.6B,15,variance,10,train,30;35;23;18;277;10;15;77;32;22,0.7690124331,0.7374586086,0.9589683819,0,13,-5.32206004e-07
Qwen/Qwen3-Embedding-0.6B,15,mean_abs,1,test,35,0.6078523526,0.5835120157,0.959956827,0,22,-7.635007676e-07
Qwen/Qwen3-Embedding-0.6B,15,mean_abs,3,test,35;23;13,0.7070172754,0.6787060604,0.959956827,0,22,-7.635007676e-07
Qwen/Qwen3-Embedding-0.6B,15,mean_abs,5,test,35;23;13;277;30,0.7699376183,0.7391068731,0.959956827,0,22,-7.635007676e-07
Qwen/Qwen3-Embedding-0.6B,15,mean_abs,10,test,35;23;13;277;30;18;28;16;8;1,0.8424630033,0.8087281115,0.959956827,0,22,-7.635007676e-07
Qwen/Qwen3-Embedding-0.6B,15,variance,1,test,30,0.02963440623,0.02844775058,0.959956827,0,22,-7.635007676e-07
Qwen/Qwen3-Embedding-0.6B,15,variance,3,test,30;35;23,0.7018012435,0.6736988949,0.959956827,0,22,-7.635007676e-07
Qwen/Qwen3-Embedding-0.6B,15,variance,5,test,30;35;23;18;277,0.7632965292,0.7327317142,0.959956827,0,22,-7.635007676e-07
Qwen/Qwen3-Embedding-0.6B,15,variance,10,test,30;35;23;18;277;10;15;77;32;22,0.7688697412,0.7380817572,0.959956827,0,22,-7.635007676e-07
Qwen/Qwen3-Embedding-0.6B,16,mean_abs,1,train,35,0.5833351818,0.5551928332,0.9517561267,0,26,-6.695495212e-07
Qwen/Qwen3-Embedding-0.6B,16,mean_abs,3,train,35;23;13,0.6780256402,0.6453150571,0.9517561267,0,26,-6.695495212e-07
Qwen/Qwen3-Embedding-0.6B,16,mean_abs,5,train,35;23;13;30;277,0.7401842157,0.7044748622,0.9517561267,0,26,-6.695495212e-07
Qwen/Qwen3-Embedding-0.6B,16,mean_abs,10,train,35;23;13;30;277;18;28;16;1;14,0.8160125703,0.7766449633,0.9517561267,0,26,-6.695495212e-07
Qwen/Qwen3-Embedding-0.6B,16,variance,1,train,35,0.5833351818,0.5551928332,0.9517561267,0,26,-6.695495212e-07
Qwen/Qwen3-Embedding-0.6B,16,variance,3,train,35;30;18,0.6437509712,0.6126939309,0.9517561267,0,26,-6.695495212e-07
Qwen/Qwen3-Embedding-0.6B,16,variance,5,train,35;30;18;10;74,0.6439715532,0.6129038712,0.9517561267,0,26,-6.695495212e-07
Qwen/Qwen3-Embedding-0.6B,16,variance,10,train,35;30;18;10;74;277;15;23;77;81,0.7383419894,0.702721512,0.9517561267,0,26,-6.695495212e-07
Qwen/Qwen3-Embedding-0.6B,16,mean_abs,1,test,35,0.584113906,0.556621824,0.9529336972,0,18,-4.297700337e-07
Qwen/Qwen3-Embedding-0.6B,16,mean_abs,3,test,35;23;13,0.6782325846,0.6463106844,0.9529336972,0,18,-4.297700337e-07
Qwen/Qwen3-Embedding-0.6B,16,mean_abs,5,test,35;23;13;30;277,0.7402592139,0.7054179496,0.9529336972,0,18,-4.297700337e-07
Qwen/Qwen3-Embedding-0.6B,16,mean_abs,10,test,35;23;13;30;277;18;28;16;1;14,0.8159532025,0.7775493021,0.9529336972,0,18,-4.297700337e-07
Qwen/Qwen3-Embedding-0.6B,16,variance,1,test,35,0.584113906,0.556621824,0.9529336972,0,18,-4.297700337e-07
Qwen/Qwen3-Embedding-0.6B,16,variance,3,test,35;30;18,0.6442568614,0.6139340729,0.9529336972,0,18,-4.297700337e-07
Qwen/Qwen3-Embedding-0.6B,16,variance,5,test,35;30;18;10;74,0.6444833624,0.6141499134,0.9529336972,0,18,-4.297700337e-07
Qwen/Qwen3-Embedding-0.6B,16,variance,10,test,35;30;18;10;74;277;15;23;77;81,0.7383285882,0.7035781913,0.9529336972,0,18,-4.297700337e-07
Qwen/Qwen3-Embedding-0.6B,17,mean_abs,1,train,35,0.5482524704,0.5160046022,0.941180624,0,16,-2.603043363e-07
Qwen/Qwen3-Embedding-0.6B,17,mean_abs,3,train,35;23;30,0.640519545,0.602844585,0.941180624,0,16,-2.603043363e-07
Qwen/Qwen3-Embedding-0.6B,17,mean_abs,5,train,35;23;30;18;13,0.6986146485,0.6575225708,0.941180624,0,16,-2.603043363e-07
Qwen/Qwen3-Embedding-0.6B,17,mean_abs,10,train,35;23;30;18;13;277;28;14;16;19,0.7741962692,0.7286585277,0.941180624,0,16,-2.603043363e-07
Qwen/Qwen3-Embedding-0.6B,17,variance,1,train,35,0.5482524704,0.5160046022,0.941180624,0,16,-2.603043363e-07
Qwen/Qwen3-Embedding-0.6B,17,variance,3,train,35;30;10,0.5901407969,0.5554290834,0.941180624,0,16,-2.603043363e-07
Qwen/Qwen3-Embedding-0.6B,17,variance,5,train,35;30;10;74;18,0.6197293121,0.5832772207,0.941180624,0,16,-2.603043363e-07
Qwen/Qwen3-Embedding-0.6B,17,variance,10,train,35;30;10;74;18;277;22;58;19;15,0.6599523768,0.6211343897,0.941180624,0,16,-2.603043363e-07
Qwen/Qwen3-Embedding-0.6B,17,mean_abs,1,test,35,0.5491410098,0.5175819446,0.942530125,0,16,-3.089767192e-07
Qwen/Qwen3-Embedding-0.6B,17,mean_abs,3,test,35;23;30,0.641233911,0.6043822783,0.942530125,0,16,-3.089767192e-07
Qwen/Qwen3-Embedding-0.6B,17,mean_abs,5,test,35;23;30;18;13,0.6988308321,0.6586691115,0.942530125,0,16,-3.089767192e-07
Qwen/Qwen3-Embedding-0.6B,17,mean_abs,10,test,35;23;30;18;13;277;28;14;16;19,0.7748211198,0.7302922469,0.942530125,0,16,-3.089767192e-07
Qwen/Qwen3-Embedding-0.6B,17,variance,1,test,35,0.5491410098,0.5175819446,0.942530125,0,16,-3.089767192e-07
Qwen/Qwen3-Embedding-0.6B,17,variance,3,test,35;30;10,0.5911410504,0.5571682481,0.942530125,0,16,-3.089767192e-07
Qwen/Qwen3-Embedding-0.6B,17,variance,5,test,35;30;10;74;18,0.6204644423,0.5848064284,0.942530125,0,16,-3.089767192e-07
Qwen/Qwen3-Embedding-0.6B,17,variance,10,test,35;30;10;74;18;277;22;58;19;15,0.6607186092,0.6227471933,0.942530125,0,16,-3.089767192e-07
Qwen/Qwen3-Embedding-0.6B,18,mean_abs,1,train,35,0.6285528255,0.5930636517,0.9435382797,0,20,-6.463271562e-07
Qwen/Qwen3-Embedding-0.6B,18,mean_abs,3,train,35;30;23,0.6976642234,0.6582729012,0.9435382797,0,20,-6.463271562e-07
Qwen/Qwen3-Embedding-0.6B,18,mean_abs,5,train,35;30;23;277;18,0.7437433991,0.7017503673,0.9435382797,0,20,-6.463271562e-07
Qwen/Qwen3-Embedding-0.6B,18,mean_abs,10,train,35;30;23;277;18;13;28;16;4;19,0.8019312946,0.7566528742,0.9435382797,0,20,-6.463271562e-07
Qwen/Qwen3-Embedding-0.6B,18,variance,1,train,30,0.0367668443,0.03469092502,0.9435382797,0,20,-6.463271562e-07
Qwen/Qwen3-Embedding-0.6B,18,variance,3,train,30;74;35,0.6654336576,0.6278621285,0.9435382797,0,20,-6.463271562e-07
Qwen/Qwen3-Embedding-0.6B,18,variance,5,train,30;74;35;10;22,0.6663393807,0.628716713,0.9435382797,0,20,-6.463271562e-07
Qwen/Qwen3-Embedding-0.6B,18,variance,10,train,30;74;35;10;22;59;70;277;38;18,0.7170839046,0.6765961138,0.9435382797,0,20,-6.463271562e-07
Qwen/Qwen3-Embedding-0.6B,18,mean_abs,1,test,35,0.628652596,0.5940884614,0.9450187039,0,14,-4.812090647e-07
Qwen/Qwen3-Embedding-0.6B,18,mean_abs,3,test,35;30;23,0.6978613389,0.6594920179,0.9450187039,0,14,-4.812090647e-07
Qwen/Qwen3-Embedding-0.6B,18,mean_abs,5,test,35;30;23;277;18,0.743699537,0.7028099725,0.9450187039,0,14,-4.812090647e-07
Qwen/Qwen3-Embedding-0.6B,18,mean_abs,10,test,35;30;23;277;18;13;28;16;4;19,0.8022305383,0.7581228635,0.9450187039,0,14,-4.812090647e-07
Qwen/Qwen3-Embedding-0.6B,18,variance,1,test,30,0.03696940958,0.03493678353,0.9450187039,0,14,-4.812090647e-07
Qwen/Qwen3-Embedding-0.6B,18,variance,3,test,30;74;35,0.6657530303,0.6291490658,0.9450187039,0,14,-4.812090647e-07
Qwen/Qwen3-Embedding-0.6B,18,variance,5,test,30;74;35;10;22,0.6666877632,0.6300324058,0.9450187039,0,14,-4.812090647e-07
Qwen/Qwen3-Embedding-0.6B,18,variance,10,test,30;74;35;10;22;59;70;277;38;18,0.7172165067,0.6777830136,0.9450187039,0,14,-4.812090647e-07
Qwen/Qwen3-Embedding-0.6B,19,mean_abs,1,train,35,0.6009240043,0.5650519215,0.9403051258,0,21,-9.382418823e-07
Qwen/Qwen3-Embedding-0.6B,19,mean_abs,3,train,35;23;30,0.6666965951,0.6268982258,0.9403051258,0,21,-9.382418823e-07
Qwen/Qwen3-Embedding-0.6B,19,mean_abs,5,train,35;23;30;18;28,0.7109252102,0.6684866193,0.9403051258,0,21,-9.382418823e-07
Qwen/Qwen3-Embedding-0.6B,19,mean_abs,10,train,35;23;30;18;28;277;13;2;16;19,0.7688195039,0.7229249203,0.9403051258,0,21,-9.382418823e-07
Qwen/Qwen3-Embedding-0.6B,19,variance,1,train,30,0.03213950398,0.03022094033,0.9403051258,0,21,-9.382418823e-07
Qwen/Qwen3-Embedding-0.6B,19,variance,3,train,30;35;74,0.6330726191,0.5952814288,0.9403051258,0,21,-9.382418823e-07
Qwen/Qwen3-Embedding-0.6B,19,variance,5,train,30;35;74;22;10,0.6331542752,0.5953582104,0.9403051258,0,21,-9.382418823e-07
Qwen/Qwen3-Embedding-0.6B,19,variance,10,train,30;35;74;22;10;59;18;70;277;38,0.67973078,0.6391543366,0.9403051258,0,21,-9.382418823e-07
Qwen/Qwen3-Embedding-0.6B,19,mean_abs,1,test,35,0.6005439132,0.565495371,0.9416386688,0,15,-5.953853107e-07
Qwen/Qwen3-Embedding-0.6B,19,mean_abs,3,test,35;23;30,0.6663879596,0.6274966711,0.9416386688,0,15,-5.953853107e-07
Qwen/Qwen3-Embedding-0.6B,19,mean_abs,5,test,35;23;30;18;28,0.7107435104,0.6692635729,0.9416386688,0,15,-5.953853107e-07
Qwen/Qwen3-Embedding-0.6B,19,mean_abs,10,test,35;23;30;18;28;277;13;2;16;19,0.7686337778,0.7237752873,0.9416386688,0,15,-5.953853107e-07
Qwen/Qwen3-Embedding-0.6B,19,variance,1,test,30,0.0323255361,0.03043897478,0.9416386688,0,15,-5.953853107e-07
Qwen/Qwen3-Embedding-0.6B,19,variance,3,test,30;35;74,0.6328831419,0.5959472392,0.9416386688,0,15,-5.953853107e-07
Qwen/Qwen3-Embedding-0.6B,19,variance,5,test,30;35;74;22;10,0.6329670418,0.5960262426,0.9416386688,0,15,-5.953853107e-07
Qwen/Qwen3-Embedding-0.6B,19,variance,10,test,30;35;74;22;10;59;18;70;277;38,0.6792545418,0.6396123425,0.9416386688,0,15,-5.953853107e-07
Qwen/Qwen3-Embedding-0.6B,20,mean_abs,1,train,35,0.5609468963,0.5229703438,0.9322992021,0,13,-7.914244748e-07
Qwen/Qwen3-Embedding-0.6B,20,mean_abs,3,train,35;30;2,0.6260126902,0.5836311316,0.9322992021,0,13,-7.914244748e-07
Qwen/Qwen3-Embedding-0.6B,20,mean_abs,5,train,35;30;2;28;23,0.6770384465,0.6312024035,0.9322992021,0,13,-7.914244748e-07
Qwen/Qwen3-Embedding-0.6B,20,mean_abs,10,train,35;30;2;28;23;18;277;32;7;16,0.7477618944,0.6971378175,0.9322992021,0,13,-7.914244748e-07
Qwen/Qwen3-Embedding-0.6B,20,variance,1,train,35,0.5609468963,0.5229703438,0.9322992021,0,13,-7.914244748e-07
Qwen/Qwen3-Embedding-0.6B,20,variance,3,train,35;30;22,0.5968240792,0.5564186129,0.9322992021,0,13,-7.914244748e-07
Qwen/Qwen3-Embedding-0.6B,20,variance,5,train,35;30;22;74;10,0.5973018584,0.556864046,0.9322992021,0,13,-7.914244748e-07
Qwen/Qwen3-Embedding-0.6B,20,variance,10,train,35;30;22;74;10;59;58;70;38;18,0.6219563213,0.5798493821,0.9322992021,0,13,-7.914244748e-07
Qwen/Qwen3-Embedding-0.6B,20,mean_abs,1,test,35,0.5601881845,0.523101955,0.9337968373,0,17,-1.084409799e-06
Qwen/Qwen3-Embedding-0.6B,20,mean_abs,3,test,35;30;2,0.6252431546,0.5838500804,0.9337968373,0,17,-1.084409799e-06
Qwen/Qwen3-Embedding-0.6B,20,mean_abs,5,test,35;30;2;28;23,0.6763177803,0.6315434043,0.9337968373,0,17,-1.084409799e-06
Qwen/Qwen3-Embedding-0.6B,20,mean_abs,10,test,35;30;2;28;23;18;277;32;7;16,0.7463374656,0.6969275649,0.9337968373,0,17,-1.084409799e-06
Qwen/Qwen3-Embedding-0.6B,20,variance,1,test,35,0.5601881845,0.523101955,0.9337968373,0,17,-1.084409799e-06
Qwen/Qwen3-Embedding-0.6B,20,variance,3,test,35;30;22,0.5963084612,0.5568309551,0.9337968373,0,17,-1.084409799e-06
Qwen/Qwen3-Embedding-0.6B,20,variance,5,test,35;30;22;74;10,0.5968021959,0.5572920031,0.9337968373,0,17,-1.084409799e-06
Qwen/Qwen3-Embedding-0.6B,20,variance,10,test,35;30;22;74;10;59;58;70;38;18,0.6211690866,0.5800457285,0.9337968373,0,17,-1.084409799e-06
Qwen/Qwen3-Embedding-0.6B,21,mean_abs,1,train,35,0.5567298948,0.5152078829,0.9254180308,0,24,-1.688276079e-06
Qwen/Qwen3-Embedding-0.6B,21,mean_abs,3,train,35;2;30,0.6417017133,0.5938423359,0.9254180308,0,24,-1.688276079e-06
Qwen/Qwen3-Embedding-0.6B,21,mean_abs,5,train,35;2;30;23;28,0.6857782527,0.6346315602,0.9254180308,0,24,-1.688276079e-06
Qwen/Qwen3-Embedding-0.6B,21,mean_abs,10,train,35;2;30;23;28;18;13;277;7;32,0.7599351098,0.7032576529,0.9254180308,0,24,-1.688276079e-06
Qwen/Qwen3-Embedding-0.6B,21,variance,1,train,35,0.5567298948,0.5152078829,0.9254180308,0,24,-1.688276079e-06
Qwen/Qwen3-Embedding-0.6B,21,variance,3,train,35;30;22,0.5884808758,0.5445908133,0.9254180308,0,24,-1.688276079e-06
Qwen/Qwen3-Embedding-0.6B,21,variance,5,train,35;30;22;10;74,0.5887378103,0.544828585,0.9254180308,0,24,-1.688276079e-06
Qwen/Qwen3-Embedding-0.6B,21,variance,10,train,35;30;22;10;74;58;59;13;38;18,0.6257728883,0.579101514,0.9254180308,0,24,-1.688276079e-06
Qwen/Qwen3-Embedding-0.6B,21,mean_abs,1,test,35,0.5565613002,0.51587248,0.9268924732,0,10,-6.445481373e-07
Qwen/Qwen3-Embedding-0.6B,21,mean_abs,3,test,35;2;30,0.6416852401,0.5947732192,0.9268924732,0,10,-6.445481373e-07
Qwen/Qwen3-Embedding-0.6B,21,mean_abs,5,test,35;2;30;23;28,0.6857691871,0.6356342978,0.9268924732,0,10,-6.445481373e-07
Qwen/Qwen3-Embedding-0.6B,21,mean_abs,10,test,35;2;30;23;28;18;13;277;7;32,0.7590599774,0.7035669798,0.9268924732,0,10,-6.445481373e-07
Qwen/Qwen3-Embedding-0.6B,21,variance,1,test,35,0.5565613002,0.51587248,0.9268924732,0,10,-6.445481373e-07
Qwen/Qwen3-Embedding-0.6B,21,variance,3,test,35;30;22,0.5885511118,0.5455235956,0.9268924732,0,10,-6.445481373e-07
Qwen/Qwen3-Embedding-0.6B,21,variance,5,test,35;30;22;10;74,0.5888252372,0.5457776803,0.9268924732,0,10,-6.445481373e-07
Qwen/Qwen3-Embedding-0.6B,21,variance,10,test,35;30;22;10;74;58;59;13;38;18,0.6253844846,0.5796641716,0.9268924732,0,10,-6.445481373e-07
Qwen/Qwen3-Embedding-0.6B,22,mean_abs,1,train,35,0.5731180844,0.5339956928,0.9317376423,0,20,-1.208374396e-06
Qwen/Qwen3-Embedding-0.6B,22,mean_abs,3,train,35;13;2,0.7112483488,0.6626968596,0.9317376423,0,20,-1.208374396e-06
Qwen/Qwen3-Embedding-0.6B,22,mean_abs,5,train,35;13;2;30;277,0.749915271,0.6987242865,0.9317376423,0,20,-1.208374396e-06
Qwen/Qwen3-Embedding-0.6B,22,mean_abs,10,train,35;13;2;30;277;23;18;28;7;32,0.8127052755,0.7572280973,0.9317376423,0,20,-1.208374396e-06
Qwen/Qwen3-Embedding-0.6B,22,variance,1,train,35,0.5731180844,0.5339956928,0.9317376423,0,20,-1.208374396e-06
Qwen/Qwen3-Embedding-0.6B,22,variance,3,train,35;30;13,0.6725284274,0.6266200513,0.9317376423,0,20,-1.208374396e-06
Qwen/Qwen3-Embedding-0.6B,22,variance,5,train,35;30;13;22;10,0.6725465712,0.6266369566,0.9317376423,1,20,-1.208374396e-06
Qwen/Qwen3-Embedding-0.6B,22,variance,10,train,35;30;13;22;10;74;58;277;18;17,0.7027894094,0.6548153473,0.9317376423,1,20,-1.208374396e-06
Qwen/Qwen3-Embedding-0.6B,22,mean_abs,1,test,35,0.5729145541,0.5343134269,0.9326232387,0,17,-9.814357696e-07
Qwen/Qwen3-Embedding-0.6B,22,mean_abs,3,test,35;13;2,0.7103371767,0.6624769584,0.9326232387,0,17,-9.814357696e-07
Qwen/Qwen3-Embedding-0.6B,22,mean_abs,5,test,35;13;2;30;277,0.7490751086,0.6986048539,0.9326232387,0,17,-9.814357696e-07
Qwen/Qwen3-Embedding-0.6B,22,mean_abs,10,test,35;13;2;30;277;23;18;28;7;32,0.8115451547,0.7568658705,0.9326232387,0,17,-9.814357696e-07
Qwen/Qwen3-Embedding-0.6B,22,variance,1,test,35,0.5729145541,0.5343134269,0.9326232387,0,17,-9.814357696e-07
Qwen/Qwen3-Embedding-0.6B,22,variance,3,test,35;30;13,0.671744787,0.6264847989,0.9326232387,0,17,-9.814357696e-07
Qwen/Qwen3-Embedding-0.6B,22,variance,5,test,35;30;13;22;10,0.6717583647,0.6264974618,0.9326232387,1,17,-9.814357696e-07
Qwen/Qwen3-Embedding-0.6B,22,variance,10,test,35;30;13;22;10;74;58;277;18;17,0.7018229172,0.654536362,0.9326232387,1,17,-9.814357696e-07
Qwen/Qwen3-Embedding-0.6B,23,mean_abs,1,train,35,0.539507607,0.5080432804,0.9416795497,0,22,-1.160156879e-06
Qwen/Qwen3-Embedding-0.6B,23,mean_abs,3,train,35;13;2,0.7678186797,0.7230391485,0.9416795497,0,22,-1.160156879e-06
Qwen/Qwen3-Embedding-0.6B,23,mean_abs,5,train,35;13;2;30;277,0.7985538412,0.7519818216,0.9416795497,0,22,-1.160156879e-06
Qwen/Qwen3-Embedding-0.6B,23,mean_abs,10,train,35;13;2;30;277;18;7;23;28;32,0.8479847652,0.7985299119,0.9416795497,0,22,-1.160156879e-06
Qwen/Qwen3-Embedding-0.6B,23,variance,1,train,35,0.539507607,0.5080432804,0.9416795497,0,22,-1.160156879e-06
Qwen/Qwen3-Embedding-0.6B,23,variance,3,train,35;13;30,0.7068331087,0.6656102835,0.9416795497,0,22,-1.160156879e-06
Qwen/Qwen3-Embedding-0.6B,23,variance,5,train,35;13;30;22;2,0.7855329489,0.7397203136,0.9416795497,0,22,-1.160156879e-06
Qwen/Qwen3-Embedding-0.6B,23,variance,10,train,35;13;30;22;2;277;16;18;60;10,0.819105624,0.7713350152,0.9416795497,0,22,-1.160156879e-06
Qwen/Qwen3-Embedding-0.6B,23,mean_abs,1,test,35,0.5392938491,0.5081771045,0.9423009466,0,19,-1.093928233e-06
Qwen/Qwen3-Embedding-0.6B,23,mean_abs,3,test,35;13;2,0.767070312,0.7228110811,0.9423009466,0,19,-1.093928233e-06
Qwen/Qwen3-Embedding-0.6B,23,mean_abs,5,test,35;13;2;30;277,0.797823983,0.7517902944,0.9423009466,0,19,-1.093928233e-06
Qwen/Qwen3-Embedding-0.6B,23,mean_abs,10,test,35;13;2;30;277;18;7;23;28;32,0.8470220776,0.7981497055,0.9423009466,0,19,-1.093928233e-06
Qwen/Qwen3-Embedding-0.6B,23,variance,1,test,35,0.5392938491,0.5081771045,0.9423009466,0,19,-1.093928233e-06
Qwen/Qwen3-Embedding-0.6B,23,variance,3,test,35;13;30,0.7061092354,0.6653674009,0.9423009466,0,19,-1.093928233e-06
Qwen/Qwen3-Embedding-0.6B,23,variance,5,test,35;13;30;22;2,0.7848645297,0.7395785892,0.9423009466,0,19,-1.093928233e-06
Qwen/Qwen3-Embedding-0.6B,23,variance,10,test,35;13;30;22;2;277;16;18;60;10,0.8182080032,0.770998176,0.9423009466,0,19,-1.093928233e-06
Qwen/Qwen3-Embedding-0.6B,24,mean_abs,1,train,35,0.5041668771,0.479292479,0.9506623714,0,23,-8.936415167e-07
Qwen/Qwen3-Embedding-0.6B,24,mean_abs,3,train,35;13;2,0.8219180842,0.781366595,0.9506623714,0,23,-8.936415167e-07
Qwen/Qwen3-Embedding-0.6B,24,mean_abs,5,train,35;13;2;30;277,0.8431271909,0.8015292947,0.9506623714,0,23,-8.936415167e-07
Qwen/Qwen3-Embedding-0.6B,24,mean_abs,10,train,35;13;2;30;277;7;18;28;23;429,0.8786185769,0.8352696199,0.9506623714,0,23,-8.936415167e-07
Qwen/Qwen3-Embedding-0.6B,24,variance,1,train,35,0.5041668771,0.479292479,0.9506623714,0,23,-8.936415167e-07
Qwen/Qwen3-Embedding-0.6B,24,variance,3,train,35;13;2,0.8219180842,0.781366595,0.9506623714,0,23,-8.936415167e-07
Qwen/Qwen3-Embedding-0.6B,24,variance,5,train,35;13;2;30;22,0.8335766159,0.7924499224,0.9506623714,0,23,-8.936415167e-07
Qwen/Qwen3-Embedding-0.6B,24,variance,10,train,35;13;2;30;22;277;18;16;60;17,0.8581173833,0.8157799066,0.9506623714,0,23,-8.936415167e-07
Qwen/Qwen3-Embedding-0.6B,24,mean_abs,1,test,35,0.5040208866,0.4793920756,0.9511353366,0,18,-8.14621069e-07
Qwen/Qwen3-Embedding-0.6B,24,mean_abs,3,test,35;13;2,0.8212584823,0.7811279629,0.9511353366,0,18,-8.14621069e-07
Qwen/Qwen3-Embedding-0.6B,24,mean_abs,5,test,35;13;2;30;277,0.8424752988,0.8013080269,0.9511353366,0,18,-8.14621069e-07
Qwen/Qwen3-Embedding-0.6B,24,mean_abs,10,test,35;13;2;30;277;7;18;28;23;429,0.8779163793,0.8350172909,0.9511353366,0,18,-8.14621069e-07
Qwen/Qwen3-Embedding-0.6B,24,variance,1,test,35,0.5040208866,0.4793920756,0.9511353366,0,18,-8.14621069e-07
Qwen/Qwen3-Embedding-0.6B,24,variance,3,test,35;13;2,0.8212584823,0.7811279629,0.9511353366,0,18,-8.14621069e-07
Qwen/Qwen3-Embedding-0.6B,24,variance,5,test,35;13;2;30;22,0.8329766134,0.7922734916,0.9511353366,0,18,-8.14621069e-07
Qwen/Qwen3-Embedding-0.6B,24,variance,10,test,35;13;2;30;22;277;18;16;60;17,0.8573708605,0.815475722,0.9511353366,0,18,-8.14621069e-07
Qwen/Qwen3-Embedding-0.6B,25,mean_abs,1,train,35,0.4356272868,0.4175293695,0.9584555014,0,18,-5.73828317e-07
Qwen/Qwen3-Embedding-0.6B,25,mean_abs,3,train,35;13;2,0.8454266842,0.8103038565,0.9584555014,0,18,-5.73828317e-07
Qwen/Qwen3-Embedding-0.6B,25,mean_abs,5,train,35;13;2;7;30,0.8632152227,0.8273533791,0.9584555014,0,18,-5.73828317e-07
Qwen/Qwen3-Embedding-0.6B,25,mean_abs,10,train,35;13;2;7;30;18;28;429;277;23,0.8863487008,0.8495257884,0.9584555014,0,18,-5.73828317e-07
Qwen/Qwen3-Embedding-0.6B,25,variance,1,train,35,0.4356272868,0.4175293695,0.9584555014,0,18,-5.73828317e-07
Qwen/Qwen3-Embedding-0.6B,25,variance,3,train,35;13;2,0.8454266842,0.8103038565,0.9584555014,0,18,-5.73828317e-07
Qwen/Qwen3-Embedding-0.6B,25,variance,5,train,35;13;2;30;277,0.8575548419,0.8219281559,0.9584555014,0,18,-5.73828317e-07
Qwen/Qwen3-Embedding-0.6B,25,variance,10,train,35;13;2;30;277;22;18;60;16;264,0.869095584,0.8329894437,0.9584555014,0,18,-5.73828317e-07
Qwen/Qwen3-Embedding-0.6B,25,mean_abs,1,test,35,0.435207359,0.4173092525,0.9588745316,0,17,-5.80675721e-07
Qwen/Qwen3-Embedding-0.6B,25,mean_abs,3,test,35;13;2,0.8445801078,0.8098463553,0.9588745316,0,17,-5.80675721e-07
Qwen/Qwen3-Embedding-0.6B,25,mean_abs,5,test,35;13;2;7;30,0.8623659013,0.8269006996,0.9588745316,0,17,-5.80675721e-07
Qwen/Qwen3-Embedding-0.6B,25,mean_abs,10,test,35;13;2;7;30;18;28;429;277;23,0.8854744984,0.8490589449,0.9588745316,0,17,-5.80675721e-07
Qwen/Qwen3-Embedding-0.6B,25,variance,1,test,35,0.435207359,0.4173092525,0.9588745316,0,17,-5.80675721e-07
Qwen/Qwen3-Embedding-0.6B,25,variance,3,test,35;13;2,0.8445801078,0.8098463553,0.9588745316,0,17,-5.80675721e-07
Qwen/Qwen3-Embedding-0.6B,25,variance,5,test,35;13;2;30;277,0.8567304403,0.8214969996,0.9588745316,0,17,-5.80675721e-07
Qwen/Qwen3-Embedding-0.6B,25,variance,10,test,35;13;2;30;277;22;18;60;16;264,0.868168553,0.8324647146,0.9588745316,0,17,-5.80675721e-07
Qwen/Qwen3-Embedding-0.6B,26,mean_abs,1,train,35,0.3862482436,0.3717863203,0.9625579571,0,11,-3.645351717e-07
Qwen/Qwen3-Embedding-0.6B,26,mean_abs,3,train,35;13;2,0.8652419576,0.8328455311,0.9625579571,0,11,-3.645351717e-07
Qwen/Qwen3-Embedding-0.6B,26,mean_abs,5,train,35;13;2;7;30,0.8791190448,0.8462030318,0.9625579571,0,11,-3.645351717e-07
Qwen/Qwen3-Embedding-0.6B,26,mean_abs,10,train,35;13;2;7;30;429;18;28;23;16,0.8954131819,0.8618870831,0.9625579571,0,11,-3.645351717e-07
Qwen/Qwen3-Embedding-0.6B,26,variance,1,train,35,0.3862482436,0.3717863203,0.9625579571,0,11,-3.645351717e-07
Qwen/Qwen3-Embedding-0.6B,26,variance,3,train,35;13;2,0.8652419576,0.8328455311,0.9625579571,0,11,-3.645351717e-07
Qwen/Qwen3-Embedding-0.6B,26,variance,5,train,35;13;2;30;277,0.8728026881,0.8401231724,0.9625579571,0,11,-3.645351717e-07
Qwen/Qwen3-Embedding-0.6B,26,variance,10,train,35;13;2;30;277;18;60;22;264;7,0.8870149069,0.8538032567,0.9625579571,0,11,-3.645351717e-07
Qwen/Qwen3-Embedding-0.6B,26,mean_abs,1,test,35,0.385634918,0.3713297846,0.9629049841,0,25,-6.300839137e-07
Qwen/Qwen3-Embedding-0.6B,26,mean_abs,3,test,35;13;2,0.8644394644,0.8323730687,0.9629049841,0,25,-6.300839137e-07
Qwen/Qwen3-Embedding-0.6B,26,mean_abs,5,test,35;13;2;7;30,0.8783092056,0.8457283116,0.9629049841,0,25,-6.300839137e-07
Qwen/Qwen3-Embedding-0.6B,26,mean_abs,10,test,35;13;2;7;30;429;18;28;23;16,0.8946172414,0.8614314006,0.9629049841,0,25,-6.300839137e-07
Qwen/Qwen3-Embedding-0.6B,26,variance,1,test,35,0.385634918,0.3713297846,0.9629049841,0,25,-6.300839137e-07
Qwen/Qwen3-Embedding-0.6B,26,variance,3,test,35;13;2,0.8644394644,0.8323730687,0.9629049841,0,25,-6.300839137e-07
Qwen/Qwen3-Embedding-0.6B,26,variance,5,test,35;13;2;30;277,0.8719996592,0.839652818,0.9629049841,0,25,-6.300839137e-07
Qwen/Qwen3-Embedding-0.6B,26,variance,10,test,35;13;2;30;277;18;60;22;264;7,0.8861174513,0.8532469104,0.9629049841,0,25,-6.300839137e-07
Qwen/Qwen3-Embedding-0.6B,27,mean_abs,1,train,35,0.3484713218,0.3393212535,0.9737422631,0,8,-1.69243936e-07
Qwen/Qwen3-Embedding-0.6B,27,mean_abs,3,train,35;13;2,0.8727434493,0.8498271814,0.9737422631,0,8,-1.69243936e-07
Qwen/Qwen3-Embedding-0.6B,27,mean_abs,5,train,35;13;2;28;429,0.8811727663,0.8580351637,0.9737422631,0,8,-1.69243936e-07
Qwen/Qwen3-Embedding-0.6B,27,mean_abs,10,train,35;13;2;28;429;30;7;18;368;112,0.8936806389,0.8702146078,0.9737422631,0,8,-1.69243936e-07
Qwen/Qwen3-Embedding-0.6B,27,variance,1,train,35,0.3484713218,0.3393212535,0.9737422631,0,8,-1.69243936e-07
Qwen/Qwen3-Embedding-0.6B,27,variance,3,train,35;13;2,0.8727434493,0.8498271814,0.9737422631,0,8,-1.69243936e-07
Qwen/Qwen3-Embedding-0.6B,27,variance,5,train,35;13;2;277;22,0.8735321986,0.85059522,0.9737422631,0,8,-1.69243936e-07
Qwen/Qwen3-Embedding-0.6B,27,variance,10,train,35;13;2;277;22;30;18;61;341;264,0.880617789,0.8574947588,0.9737422631,0,8,-1.69243936e-07
Qwen/Qwen3-Embedding-0.6B,27,mean_abs,1,test,35,0.3480167638,0.3389314727,0.9738940993,0,8,-2.331519507e-07
Qwen/Qwen3-Embedding-0.6B,27,mean_abs,3,test,35;13;2,0.8722471933,0.8494763947,0.9738940993,0,8,-2.331519507e-07
Qwen/Qwen3-Embedding-0.6B,27,mean_abs,5,test,35;13;2;28;429,0.8807108461,0.8577190962,0.9738940993,0,8,-2.331519507e-07
Qwen/Qwen3-Embedding-0.6B,27,mean_abs,10,test,35;13;2;28;429;30;7;18;368;112,0.893248389,0.8699293352,0.9738940993,0,8,-2.331519507e-07
Qwen/Qwen3-Embedding-0.6B,27,variance,1,test,35,0.3480167638,0.3389314727,0.9738940993,0,8,-2.331519507e-07
Qwen/Qwen3-Embedding-0.6B,27,variance,3,test,35;13;2,0.8722471933,0.8494763947,0.9738940993,0,8,-2.331519507e-07
Qwen/Qwen3-Embedding-0.6B,27,variance,5,test,35;13;2;277;22,0.8730360226,0.8502446309,0.9738940993,0,8,-2.331519507e-07
Qwen/Qwen3-Embedding-0.6B,27,variance,10,test,35;13;2;277;22;30;18;61;341;264,0.8800934583,0.8571178258,0.9738940993,0,8,-2.331519507e-07
Qwen/Qwen3-Embedding-0.6B,28,mean_abs,1,train,370,0.03308463818,0.02792735524,0.8441185025,0,14,-1.727334987e-06
Qwen/Qwen3-Embedding-0.6B,28,mean_abs,3,train,370;429;416,0.08263463507,0.06975342441,0.8441185025,0,14,-1.727334987e-06
Qwen/Qwen3-Embedding-0.6B,28,mean_abs,5,train,370;429;416;27;61,0.1226913262,0.1035660185,0.8441185025,0,14,-1.727334987e-06
Qwen/Qwen3-Embedding-0.6B,28,mean_abs,10,train,370;429;416;27;61;619;12;19;396;28,0.1988138636,0.1678224608,0.8441185025,0,14,-1.727334987e-06
Qwen/Qwen3-Embedding-0.6B,28,variance,1,train,7,0.01101814421,0.009300619391,0.8441185025,0,14,-1.727334987e-06
Qwen/Qwen3-Embedding-0.6B,28,variance,3,train,7;277;61,0.03060361557,0.02583307815,0.8441185025,0,14,-1.727334987e-06
Qwen/Qwen3-Embedding-0.6B,28,variance,5,train,7;277;61;1;16,0.03405478847,0.02874627705,0.8441185025,0,14,-1.727334987e-06
Qwen/Qwen3-Embedding-0.6B,28,variance,10,train,7;277;61;1;16;18;23;106;55;429,0.06872696222,0.05801370043,0.8441185025,0,14,-1.727334987e-06
Qwen/Qwen3-Embedding-0.6B,28,mean_abs,1,test,370,0.03323951527,0.02812126093,0.8460189838,0,15,-1.576122697e-06
Qwen/Qwen3-Embedding-0.6B,28,mean_abs,3,test,370;429;416,0.08242846643,0.06973604741,0.8460189838,0,15,-1.576122697e-06
Qwen/Qwen3-Embedding-0.6B,28,mean_abs,5,test,370;429;416;27;61,0.1232257257,0.1042513032,0.8460189838,0,15,-1.576122697e-06
Qwen/Qwen3-Embedding-0.6B,28,mean_abs,10,test,370;429;416;27;61;619;12;19;396;28,0.1999583727,0.1691685793,0.8460189838,0,15,-1.576122697e-06
Qwen/Qwen3-Embedding-0.6B,28,variance,1,test,7,0.01101103519,0.009315544803,0.8460189838,0,15,-1.576122697e-06
Qwen/Qwen3-Embedding-0.6B,28,variance,3,test,7;277;61,0.03081135242,0.02606698906,0.8460189838,0,15,-1.576122697e-06
Qwen/Qwen3-Embedding-0.6B,28,variance,5,test,7;277;61;1;16,0.03424424295,0.02897127962,0.8460189838,0,15,-1.576122697e-06
Qwen/Qwen3-Embedding-0.6B,28,variance,10,test,7;277;61;1;16;18;23;106;55;429,0.06913140959,0.05848648489,0.8460189838,0,15,-1.576122697e-06
