model,layer,tag,intervention,ranking,k,D,coords,n_zero_sd,aucroc,train_aucroc,train_dir_acc_at_1,dir_acc_at_1,overall_assignment_acc,tau,gap,pc1_share_train,pc10_share_train,eff_rank_train
bowphs/LaTa,1,base,base,,-1,-1,,-1,0.9338288932,0.941114697,0.7319952774,0.7214452214,0.7377622378,0.8442211055,0.2864122391,0.05006385964,0.3196494914,134.3321875
bowphs/LaTa,1,zero_mean_abs_k1,zero,mean_abs,1,-1,146,-1,0.9358335057,0.9443746149,0.7343565525,0.7284382284,0.7447552448,0.8341708543,0.2997092009,0.05027452338,0.3184491887,135.0115285
bowphs/LaTa,1,zero_mean_abs_k3,zero,mean_abs,3,-1,146;172;696,-1,0.9356084638,0.9464538908,0.7378984652,0.7389277389,0.7540792541,0.8140703518,0.3195158839,0.04913618549,0.3159573721,136.778179
bowphs/LaTa,1,zero_mean_abs_k5,zero,mean_abs,5,-1,146;172;696;615;181,-1,0.9395814743,0.9495302053,0.7414403778,0.7470862471,0.7622377622,0.8040201005,0.3355895877,0.04933692709,0.314647193,137.5583342
bowphs/LaTa,1,zero_mean_abs_k10,zero,mean_abs,10,-1,146;172;696;615;181;166;122;252;126;575,-1,0.9477218902,0.9553798747,0.7485242031,0.7447552448,0.7599067599,0.7939698492,0.3611391485,0.04854320901,0.3075171713,140.5700632
bowphs/LaTa,1,zero_variance_k1,zero,variance,1,-1,696,-1,0.9320754578,0.9416575487,0.7402597403,0.7424242424,0.7587412587,0.8341708543,0.2922528386,0.04865482089,0.3179854589,135.4931553
bowphs/LaTa,1,zero_variance_k3,zero,variance,3,-1,696;146;162,-1,0.9344658204,0.9448691388,0.733175915,0.7424242424,0.7575757576,0.824120603,0.3041731417,0.04711271263,0.3116554638,138.080036
bowphs/LaTa,1,zero_variance_k5,zero,variance,5,-1,696;146;162;86;15,-1,0.9341437411,0.9447932938,0.7367178276,0.7354312354,0.7505827506,0.8291457286,0.3018521369,0.04627103696,0.3074687937,139.9781186
bowphs/LaTa,1,zero_variance_k10,zero,variance,10,-1,696;146;162;86;15;518;548;126;662;56,-1,0.9383465199,0.9486664459,0.7544273908,0.7505827506,0.7645687646,0.824120603,0.3085774183,0.04805480594,0.3000160044,143.7139025
bowphs/LaTa,1,standardize,standardize,,-1,-1,,0,0.9767241452,0.983019614,0.8028335301,0.81002331,0.8438228438,0.5376884422,0.5732352359,0.04028961306,0.2566198523,167.4347864
bowphs/LaTa,1,center,center,,-1,0,,-1,0.9721761116,0.9796112296,0.7815820543,0.7773892774,0.8088578089,0.5778894472,0.5681066589,0.05006385967,0.3196494915,134.3321874
bowphs/LaTa,1,abtt_D1,abtt,,-1,1,,-1,0.972264304,0.977443712,0.7851239669,0.7913752914,0.8228438228,0.5628140704,0.5582007888,0.04876360632,0.3023940556,141.0900732
bowphs/LaTa,1,abtt_D3,abtt,,-1,3,,-1,0.9754777082,0.9795017445,0.8181818182,0.844988345,0.8741258741,0.527638191,0.5579390349,0.04532649694,0.2671776823,155.8448874
bowphs/LaTa,1,abtt_D10,abtt,,-1,10,,-1,0.9695278112,0.9820699854,0.8536009445,0.87995338,0.9090909091,0.4371859296,0.5656441626,0.02597103997,0.2051230842,186.4212155
bowphs/LaTa,2,base,base,,-1,-1,,-1,0.5634379532,0.5769025351,0.3955135773,0.3834498834,0.4393939394,0.9798994975,0.01942062378,0.7711200621,0.8713543533,4.611853956
bowphs/LaTa,2,zero_mean_abs_k1,zero,mean_abs,1,-1,172,-1,0.5877251559,0.6014114524,0.4085005903,0.3869463869,0.4533799534,0.9748743719,0.05312985182,0.726803203,0.8434143122,5.954940047
bowphs/LaTa,2,zero_mean_abs_k3,zero,mean_abs,3,-1,172;252;65,-1,0.6055364268,0.6206179456,0.4167650531,0.3986013986,0.4417249417,0.9698492462,0.07945150137,0.6405270033,0.7914497618,9.379012638
bowphs/LaTa,2,zero_mean_abs_k5,zero,mean_abs,5,-1,172;252;65;548;665,-1,0.6211669724,0.6320633182,0.4203069658,0.4067599068,0.4755244755,0.9497487437,0.09885898232,0.5681306004,0.7469723141,13.44607896
bowphs/LaTa,2,zero_mean_abs_k10,zero,mean_abs,10,-1,172;252;65;548;665;124;166;615;223;630,-1,0.71003503,0.7259523944,0.4415584416,0.4195804196,0.4836829837,0.9145728643,0.169262141,0.3557201958,0.611214781,35.01535139
bowphs/LaTa,2,zero_variance_k1,zero,variance,1,-1,172,-1,0.5877251559,0.6014114524,0.4085005903,0.3869463869,0.4533799534,0.9748743719,0.05312985182,0.726803203,0.8434143122,5.954940047
bowphs/LaTa,2,zero_variance_k3,zero,variance,3,-1,172;252;65,-1,0.6055364268,0.6206179456,0.4167650531,0.3986013986,0.4417249417,0.9698492462,0.07945150137,0.6405270033,0.7914497618,9.379012638
bowphs/LaTa,2,zero_variance_k5,zero,variance,5,-1,172;252;65;665;166,-1,0.6335219149,0.6514769367,0.4238488784,0.4044289044,0.4533799534,0.959798995,0.1103710532,0.5681244001,0.7432909035,13.66515984
bowphs/LaTa,2,zero_variance_k10,zero,variance,10,-1,172;252;65;665;166;548;124;615;630;764,-1,0.729381942,0.7475480079,0.4415584416,0.4207459207,0.4755244755,0.9145728643,0.1747308373,0.3235315111,0.59171153,39.60772607
bowphs/LaTa,2,standardize,standardize,,-1,-1,,0,0.9215968469,0.9345857994,0.5383707202,0.541958042,0.6072261072,0.6432160804,0.4237738998,0.1222256037,0.3877601355,104.256798
bowphs/LaTa,2,center,center,,-1,0,,-1,0.5665684355,0.5732014605,0.427390791,0.3986013986,0.4673659674,0.9547738693,-0.04474736191,0.7711200618,0.8713543531,4.611853965
bowphs/LaTa,2,abtt_D1,abtt,,-1,1,,-1,0.9245729656,0.9259537872,0.6068476978,0.5862470862,0.6841491841,0.6231155779,0.4714368555,0.2051329281,0.4558752623,75.83168562
bowphs/LaTa,2,abtt_D3,abtt,,-1,3,,-1,0.9704364809,0.98296335,0.8110979929,0.7948717949,0.8344988345,0.5075376884,0.5716530703,0.04915444099,0.3168399284,130.0538515
bowphs/LaTa,2,abtt_D10,abtt,,-1,10,,-1,0.9694044739,0.9787609358,0.839433294,0.8694638695,0.8997668998,0.4623115578,0.553747133,0.03192032277,0.236605018,164.1528054
bowphs/LaTa,3,base,base,,-1,-1,,-1,0.5134397867,0.5293383232,0.3435655254,0.3496503497,0.4766899767,0.9949748744,-0.04768525064,0.9349749713,0.9745375844,1.589153273
bowphs/LaTa,3,zero_mean_abs_k1,zero,mean_abs,1,-1,172,-1,0.5275840294,0.5420491729,0.3553719008,0.358974359,0.4545454545,0.9949748744,-0.01619923115,0.9180021419,0.9674940962,1.762160702
bowphs/LaTa,3,zero_mean_abs_k3,zero,mean_abs,3,-1,172;665;252,-1,0.5351895449,0.548124522,0.3907910272,0.3776223776,0.4172494172,0.9949748744,0.01132616401,0.8774475555,0.9484681415,2.248200306
bowphs/LaTa,3,zero_mean_abs_k5,zero,mean_abs,5,-1,172;665;252;548;65,-1,0.5455346227,0.5570006319,0.3754427391,0.3741258741,0.4405594406,0.9899497487,0.01467236876,0.8221303888,0.9251025971,3.013188587
bowphs/LaTa,3,zero_mean_abs_k10,zero,mean_abs,10,-1,172;665;252;548;65;764;583;192;166;630,-1,0.585604337,0.5977747043,0.4014167651,0.3822843823,0.4312354312,0.9748743719,0.07659807801,0.6219070131,0.8257456569,8.117720594
bowphs/LaTa,3,zero_variance_k1,zero,variance,1,-1,172,-1,0.5275840294,0.5420491729,0.3553719008,0.358974359,0.4545454545,0.9949748744,-0.01619923115,0.9180021419,0.9674940962,1.762160702
bowphs/LaTa,3,zero_variance_k3,zero,variance,3,-1,172;665;252,-1,0.5351895449,0.548124522,0.3907910272,0.3776223776,0.4172494172,0.9949748744,0.01132616401,0.8774475555,0.9484681415,2.248200306
bowphs/LaTa,3,zero_variance_k5,zero,variance,5,-1,172;665;252;65;764,-1,0.5425017356,0.5580620836,0.3789846517,0.372960373,0.4393939394,0.9899497487,0.02090260386,0.8246449399,0.9247270869,3.000168254
bowphs/LaTa,3,zero_variance_k10,zero,variance,10,-1,172;665;252;65;764;548;583;166;192;630,-1,0.585604337,0.5977747043,0.4014167651,0.3822843823,0.4312354312,0.9748743719,0.07659807801,0.6219070131,0.8257456569,8.117720594
bowphs/LaTa,3,standardize,standardize,,-1,-1,,0,0.8227990183,0.8366401358,0.5123966942,0.5151515152,0.5769230769,0.6984924623,0.3547865121,0.1855157634,0.4496775877,79.75197316
bowphs/LaTa,3,center,center,,-1,0,,-1,0.5106199446,0.5188239284,0.3872491145,0.3811188811,0.4813519814,0.9899497487,-0.1438451144,0.9349749713,0.9745375844,1.589153273
bowphs/LaTa,3,abtt_D1,abtt,,-1,1,,-1,0.7933830701,0.7935949016,0.440377804,0.4160839161,0.5268065268,0.7638190955,0.3604809579,0.4107208003,0.6216329153,30.68241262
bowphs/LaTa,3,abtt_D3,abtt,,-1,3,,-1,0.9730197025,0.9828091168,0.7674144038,0.7808857809,0.8111888112,0.5778894472,0.5696793775,0.06665545182,0.347847235,117.1170877
bowphs/LaTa,3,abtt_D10,abtt,,-1,10,,-1,0.9725634844,0.9790469069,0.8441558442,0.8822843823,0.9079254079,0.4974874372,0.5554147629,0.03373934186,0.2535137996,155.535484
bowphs/LaTa,4,base,base,,-1,-1,,-1,0.5003441417,0.516269091,0.3034238489,0.303030303,0.5128205128,0.9949748744,-0.06651990116,0.9517941896,0.9870878556,1.382552771
bowphs/LaTa,4,zero_mean_abs_k1,zero,mean_abs,1,-1,172,-1,0.5105813348,0.5249308815,0.318772137,0.3088578089,0.4918414918,0.9949748744,-0.03660702705,0.9398023518,0.9838275087,1.478405801
bowphs/LaTa,4,zero_mean_abs_k3,zero,mean_abs,3,-1,172;665;764,-1,0.5181554104,0.5317131294,0.347107438,0.3496503497,0.4662004662,0.9949748744,-0.01794594526,0.9106325744,0.9734397114,1.752347505
bowphs/LaTa,4,zero_mean_abs_k5,zero,mean_abs,5,-1,172;665;764;252;65,-1,0.5218575606,0.5366105281,0.3931523022,0.372960373,0.4242424242,0.9949748744,0.006143510342,0.8684074225,0.9553187114,2.240496918
bowphs/LaTa,4,zero_mean_abs_k10,zero,mean_abs,10,-1,172;665;764;252;65;548;583;166;192;507,-1,0.5748441033,0.5832236247,0.3978748524,0.3787878788,0.4324009324,0.9849246231,0.05903354287,0.7168973797,0.8883886712,4.912046645
bowphs/LaTa,4,zero_variance_k1,zero,variance,1,-1,172,-1,0.5105813348,0.5249308815,0.318772137,0.3088578089,0.4918414918,0.9949748744,-0.03660702705,0.9398023518,0.9838275087,1.478405801
bowphs/LaTa,4,zero_variance_k3,zero,variance,3,-1,172;665;252,-1,0.5180393983,0.5306963739,0.3482880756,0.3543123543,0.4696969697,0.9949748744,-0.004924714565,0.9099713902,0.97311165,1.762449526
bowphs/LaTa,4,zero_variance_k5,zero,variance,5,-1,172;665;252;764;65,-1,0.5218575606,0.5366105281,0.3931523022,0.372960373,0.4242424242,0.9949748744,0.006143510342,0.8684074225,0.9553187114,2.240496918
bowphs/LaTa,4,zero_variance_k10,zero,variance,10,-1,172;665;252;764;65;548;583;166;507;192,-1,0.5748441033,0.5832236247,0.3978748524,0.3787878788,0.4324009324,0.9849246231,0.05903354287,0.7168973797,0.8883886712,4.912046645
bowphs/LaTa,4,standardize,standardize,,-1,-1,,0,0.7977156018,0.8087375687,0.4946871311,0.506993007,0.5617715618,0.7336683417,0.346645595,0.2111523811,0.4639380977,73.84961846
bowphs/LaTa,4,center,center,,-1,0,,-1,0.4951720028,0.4975151791,0.3754427391,0.3671328671,0.4627039627,0.9949748744,-0.1499404386,0.9517941891,0.9870878555,1.382552775
bowphs/LaTa,4,abtt_D1,abtt,,-1,1,,-1,0.7279033482,0.7178095725,0.4167650531,0.3951048951,0.4731934732,0.8492462312,0.3289360269,0.5313759396,0.7413429445,15.05917102
bowphs/LaTa,4,abtt_D3,abtt,,-1,3,,-1,0.9742497841,0.983523942,0.7768595041,0.7925407925,0.824009324,0.567839196,0.5796020516,0.07117584142,0.3567561039,115.7166757
bowphs/LaTa,4,abtt_D10,abtt,,-1,10,,-1,0.9708299378,0.9800430351,0.8500590319,0.8811188811,0.9032634033,0.4824120603,0.5647926153,0.03433755044,0.2483975132,158.7684949
bowphs/LaTa,5,base,base,,-1,-1,,-1,0.4964831528,0.5119440824,0.3152302243,0.2972027972,0.5023310023,0.9949748744,-0.06933155656,0.9427380795,0.9880518271,1.413870587
bowphs/LaTa,5,zero_mean_abs_k1,zero,mean_abs,1,-1,665,-1,0.4979225471,0.5114223183,0.3246753247,0.317016317,0.4953379953,0.9949748744,-0.05568213761,0.9301502411,0.9849400386,1.509904143
bowphs/LaTa,5,zero_mean_abs_k3,zero,mean_abs,3,-1,665;172;764,-1,0.5158432409,0.5303069266,0.3518299882,0.3566433566,0.4673659674,0.9949748744,-0.01821208,0.897772746,0.97474516,1.796918217
bowphs/LaTa,5,zero_mean_abs_k5,zero,mean_abs,5,-1,665;172;764;252;65,-1,0.5177068557,0.5345657954,0.4014167651,0.3717948718,0.4207459207,0.9949748744,0.006369501352,0.8633256799,0.9587630767,2.215770577
bowphs/LaTa,5,zero_mean_abs_k10,zero,mean_abs,10,-1,665;172;764;252;65;548;166;583;507;192,-1,0.5747323469,0.5844165817,0.4025974026,0.3881118881,0.4487179487,0.9849246231,0.06378608942,0.719364114,0.8980406082,4.594546448
bowphs/LaTa,5,zero_variance_k1,zero,variance,1,-1,665,-1,0.4979225471,0.5114223183,0.3246753247,0.317016317,0.4953379953,0.9949748744,-0.05568213761,0.9301502411,0.9849400386,1.509904143
bowphs/LaTa,5,zero_variance_k3,zero,variance,3,-1,665;172;764,-1,0.5158432409,0.5303069266,0.3518299882,0.3566433566,0.4673659674,0.9949748744,-0.01821208,0.897772746,0.97474516,1.796918217
bowphs/LaTa,5,zero_variance_k5,zero,variance,5,-1,665;172;764;252;65,-1,0.5177068557,0.5345657954,0.4014167651,0.3717948718,0.4207459207,0.9949748744,0.006369501352,0.8633256799,0.9587630767,2.215770577
bowphs/LaTa,5,zero_variance_k10,zero,variance,10,-1,665;172;764;252;65;548;166;507;583;208,-1,0.5777507779,0.5887420282,0.4049586777,0.3857808858,0.4545454545,0.9849246231,0.06646475196,0.7276779597,0.8934371605,4.63901468
bowphs/LaTa,5,standardize,standardize,,-1,-1,,0,0.8149876938,0.8240557472,0.5277449823,0.5396270396,0.6118881119,0.6934673367,0.3670520441,0.2134542554,0.4605020938,74.73982434
bowphs/LaTa,5,center,center,,-1,0,,-1,0.4880107611,0.4912305302,0.3825265643,0.3694638695,0.472027972,0.9949748744,-0.1445721081,0.9427380794,0.9880518269,1.413870589
bowphs/LaTa,5,abtt_D1,abtt,,-1,1,,-1,0.7017338304,0.6883553715,0.4096812279,0.3892773893,0.4498834499,0.8743718593,0.3184611257,0.6414488167,0.798356826,9.182186643
bowphs/LaTa,5,abtt_D3,abtt,,-1,3,,-1,0.9739437265,0.982679734,0.787485242,0.7983682984,0.8321678322,0.5829145729,0.5885232871,0.07113829221,0.3567170057,115.4348928
bowphs/LaTa,5,abtt_D10,abtt,,-1,10,,-1,0.9716507922,0.9815765278,0.852420307,0.8752913753,0.8997668998,0.4924623116,0.5722377801,0.03362000697,0.2476355932,159.254654
bowphs/LaTa,6,base,base,,-1,-1,,-1,0.4957430194,0.5100518956,0.3199527745,0.2972027972,0.5034965035,0.9949748744,-0.06914497912,0.9344018903,0.988716718,1.441042859
bowphs/LaTa,6,zero_mean_abs_k1,zero,mean_abs,1,-1,665,-1,0.4975435896,0.5092595481,0.3293978749,0.3158508159,0.5011655012,0.9949748744,-0.05352528393,0.9205675484,0.9857690029,1.539493369
bowphs/LaTa,6,zero_mean_abs_k3,zero,mean_abs,3,-1,665;172;764,-1,0.5142641882,0.5278839411,0.3624557261,0.3566433566,0.4708624709,0.9949748744,-0.01804536581,0.884803688,0.975481776,1.841466147
bowphs/LaTa,6,zero_mean_abs_k5,zero,mean_abs,5,-1,665;172;764;252;548,-1,0.5117130488,0.5276026258,0.4061393152,0.3682983683,0.4230769231,0.9949748744,-0.002769649029,0.8591879588,0.9619911144,2.178435427
bowphs/LaTa,6,zero_mean_abs_k10,zero,mean_abs,10,-1,665;172;764;252;548;65;166;583;507;208,-1,0.5735018127,0.5843812618,0.4014167651,0.3811188811,0.4627039627,0.9849246231,0.06443759799,0.7122370356,0.8978682576,4.612286893
bowphs/LaTa,6,zero_variance_k1,zero,variance,1,-1,665,-1,0.4975435896,0.5092595481,0.3293978749,0.3158508159,0.5011655012,0.9949748744,-0.05352528393,0.9205675484,0.9857690029,1.539493369
bowphs/LaTa,6,zero_variance_k3,zero,variance,3,-1,665;172;764,-1,0.5142641882,0.5278839411,0.3624557261,0.3566433566,0.4708624709,0.9949748744,-0.01804536581,0.884803688,0.975481776,1.841466147
bowphs/LaTa,6,zero_variance_k5,zero,variance,5,-1,665;172;764;252;65,-1,0.5158920671,0.5320221821,0.4049586777,0.3671328671,0.4230769231,0.9949748744,0.005618989468,0.851469646,0.9603198948,2.246856048
bowphs/LaTa,6,zero_variance_k10,zero,variance,10,-1,665;172;764;252;65;548;507;166;583;208,-1,0.5735018127,0.5843812618,0.4014167651,0.3811188811,0.4627039627,0.9849246231,0.06443759799,0.7122370356,0.8978682576,4.612286893
bowphs/LaTa,6,standardize,standardize,,-1,-1,,0,0.8217869459,0.8285682556,0.5301062574,0.5384615385,0.6048951049,0.7035175879,0.3723612684,0.2108665197,0.458047107,76.46350318
bowphs/LaTa,6,center,center,,-1,0,,-1,0.4818767244,0.4855910389,0.3837072019,0.3717948718,0.4766899767,0.9949748744,-0.1421474782,0.9344018901,0.988716718,1.441042861
bowphs/LaTa,6,abtt_D1,abtt,,-1,1,,-1,0.670623046,0.6564726806,0.3884297521,0.3857808858,0.4522144522,0.8844221106,0.285697015,0.7120897861,0.833684623,6.547692104
bowphs/LaTa,6,abtt_D3,abtt,,-1,3,,-1,0.9725739202,0.9816059474,0.7839433294,0.7878787879,0.8181818182,0.5929648241,0.5845086232,0.07063513765,0.3525541404,118.030526
bowphs/LaTa,6,abtt_D10,abtt,,-1,10,,-1,0.9636779252,0.9817165484,0.8536009445,0.8741258741,0.8951048951,0.4974874372,0.5691233008,0.03308502535,0.2446845485,162.7668907
bowphs/LaTa,7,base,base,,-1,-1,,-1,0.4975369433,0.5104300099,0.3199527745,0.3018648019,0.5011655012,0.9949748744,-0.07201194763,0.9365645827,0.9887346366,1.432516872
bowphs/LaTa,7,zero_mean_abs_k1,zero,mean_abs,1,-1,665,-1,0.4991908271,0.509692259,0.3353010626,0.324009324,0.5023310023,0.9949748744,-0.0557628572,0.9235756943,0.9858023334,1.527325506
bowphs/LaTa,7,zero_mean_abs_k3,zero,mean_abs,3,-1,665;764;172,-1,0.5168360233,0.5302649791,0.3683589138,0.3566433566,0.465034965,0.9949748744,-0.01842811704,0.8858635256,0.974773973,1.849205068
bowphs/LaTa,7,zero_mean_abs_k5,zero,mean_abs,5,-1,665;764;172;252;548,-1,0.5144346009,0.5304359903,0.4085005903,0.372960373,0.4172494172,0.9949748744,0.0007863342762,0.855519088,0.9598385952,2.237385784
bowphs/LaTa,7,zero_mean_abs_k10,zero,mean_abs,10,-1,665;764;172;252;548;65;583;166;507;208,-1,0.575945712,0.5867812054,0.4061393152,0.3846153846,0.458041958,0.9849246231,0.06385806203,0.7190108307,0.8954978281,4.64694958
bowphs/LaTa,7,zero_variance_k1,zero,variance,1,-1,665,-1,0.4991908271,0.509692259,0.3353010626,0.324009324,0.5023310023,0.9949748744,-0.0557628572,0.9235756943,0.9858023334,1.527325506
bowphs/LaTa,7,zero_variance_k3,zero,variance,3,-1,665;172;764,-1,0.5168360233,0.5302649791,0.3683589138,0.3566433566,0.465034965,0.9949748744,-0.01842811704,0.8858635256,0.974773973,1.849205068
bowphs/LaTa,7,zero_variance_k5,zero,variance,5,-1,665;172;764;252;65,-1,0.5189382675,0.5353661955,0.4073199528,0.372960373,0.4230769231,0.9949748744,0.008532255888,0.8489100208,0.9585193364,2.296673672
bowphs/LaTa,7,zero_variance_k10,zero,variance,10,-1,665;172;764;252;65;548;507;166;583;208,-1,0.575945712,0.5867812054,0.4061393152,0.3846153846,0.458041958,0.9849246231,0.06385806203,0.7190108307,0.8954978281,4.64694958
bowphs/LaTa,7,standardize,standardize,,-1,-1,,0,0.8310396143,0.8388546924,0.5478158205,0.5442890443,0.6223776224,0.6834170854,0.3786653166,0.2037635884,0.453685217,79.29290595
bowphs/LaTa,7,center,center,,-1,0,,-1,0.4820354785,0.4868101649,0.3848878394,0.3717948718,0.4743589744,0.9949748744,-0.1417169315,0.9365645825,0.9887346366,1.432516872
bowphs/LaTa,7,abtt_D1,abtt,,-1,1,,-1,0.6793521686,0.6659509516,0.3955135773,0.3811188811,0.5011655012,0.8391959799,0.2935371678,0.7013052905,0.8283568164,6.964331724
bowphs/LaTa,7,abtt_D3,abtt,,-1,3,,-1,0.9729340859,0.980199663,0.7827626919,0.7855477855,0.8193473193,0.5829145729,0.5799062452,0.07514155711,0.3625741005,116.8224283
bowphs/LaTa,7,abtt_D10,abtt,,-1,10,,-1,0.9618220744,0.9811710224,0.8595041322,0.8682983683,0.8904428904,0.5025125628,0.5641958761,0.0334748471,0.2453891317,166.0820979
bowphs/LaTa,8,base,base,,-1,-1,,-1,0.5018866851,0.5134516411,0.3152302243,0.3018648019,0.5023310023,0.9949748744,-0.07439696789,0.9498498339,0.9895601577,1.361929049
bowphs/LaTa,8,zero_mean_abs_k1,zero,mean_abs,1,-1,665,-1,0.5027893712,0.5121290118,0.3282172373,0.3111888112,0.4988344988,0.9949748744,-0.05772148073,0.9395398142,0.9868105496,1.441338946
bowphs/LaTa,8,zero_mean_abs_k3,zero,mean_abs,3,-1,665;764;172,-1,0.5189761139,0.5313326798,0.3624557261,0.3613053613,0.4766899767,0.9949748744,-0.01954817772,0.9047311792,0.9757600187,1.743025934
bowphs/LaTa,8,zero_mean_abs_k5,zero,mean_abs,5,-1,665;764;172;252;548,-1,0.5164474437,0.5312865662,0.4073199528,0.3717948718,0.4277389277,0.9949748744,0.001957416534,0.8732106029,0.9606125161,2.125433187
bowphs/LaTa,8,zero_mean_abs_k10,zero,mean_abs,10,-1,665;764;172;252;548;65;583;166;507;208,-1,0.572750215,0.5834317371,0.4108618654,0.3892773893,0.4195804196,0.9899497487,0.0593521893,0.7542099493,0.8996382531,4.220441639
bowphs/LaTa,8,zero_variance_k1,zero,variance,1,-1,665,-1,0.5027893712,0.5121290118,0.3282172373,0.3111888112,0.4988344988,0.9949748744,-0.05772148073,0.9395398142,0.9868105496,1.441338946
bowphs/LaTa,8,zero_variance_k3,zero,variance,3,-1,665;764;172,-1,0.5189761139,0.5313326798,0.3624557261,0.3613053613,0.4766899767,0.9949748744,-0.01954817772,0.9047311792,0.9757600187,1.743025934
bowphs/LaTa,8,zero_variance_k5,zero,variance,5,-1,665;764;172;252;65,-1,0.5199942727,0.5355858759,0.4061393152,0.372960373,0.4382284382,0.9949748744,0.008569955826,0.8699562821,0.9598213097,2.156443029
bowphs/LaTa,8,zero_variance_k10,zero,variance,10,-1,665;764;172;252;65;548;166;507;583;208,-1,0.572750215,0.5834317371,0.4108618654,0.3892773893,0.4195804196,0.9899497487,0.0593521893,0.7542099493,0.8996382531,4.220441639
bowphs/LaTa,8,standardize,standardize,,-1,-1,,0,0.8367053447,0.8436498198,0.5395513577,0.5442890443,0.6142191142,0.6934673367,0.3815842116,0.2008865708,0.4473168071,81.53343564
bowphs/LaTa,8,center,center,,-1,0,,-1,0.4844574274,0.4891687597,0.3789846517,0.3694638695,0.4801864802,0.9949748744,-0.145635807,0.949849833,0.9895601576,1.361929055
bowphs/LaTa,8,abtt_D1,abtt,,-1,1,,-1,0.7035474329,0.6908542491,0.4037780401,0.3916083916,0.5034965035,0.8190954774,0.3183464082,0.6578033146,0.7986343348,8.95592039
bowphs/LaTa,8,abtt_D3,abtt,,-1,3,,-1,0.9730663277,0.9785299224,0.7780401417,0.7855477855,0.817016317,0.5929648241,0.5746165602,0.0806253949,0.3658211581,116.6895188
bowphs/LaTa,8,abtt_D10,abtt,,-1,10,,-1,0.9645094393,0.9818805881,0.8606847698,0.8613053613,0.8846153846,0.472361809,0.558145296,0.03269404589,0.2426961484,169.2756966
bowphs/LaTa,9,base,base,,-1,-1,,-1,0.502605732,0.5133065762,0.3246753247,0.3088578089,0.5011655012,0.9949748744,-0.07251255214,0.943363278,0.988487197,1.403247199
bowphs/LaTa,9,zero_mean_abs_k1,zero,mean_abs,1,-1,764,-1,0.5029383866,0.5182076833,0.3447461629,0.3286713287,0.4965034965,0.9949748744,-0.07358182967,0.9425316058,0.9857957756,1.436772478
bowphs/LaTa,9,zero_mean_abs_k3,zero,mean_abs,3,-1,764;665;172,-1,0.5204724481,0.5324151275,0.3813459268,0.3636363636,0.4627039627,0.9949748744,-0.01815778017,0.8936370776,0.9732131856,1.830638693
bowphs/LaTa,9,zero_mean_abs_k5,zero,mean_abs,5,-1,764;665;172;252;548,-1,0.5189751082,0.5331837577,0.4108618654,0.3752913753,0.4160839161,0.9949748744,0.005667179823,0.8575263538,0.9565232695,2.276356811
bowphs/LaTa,9,zero_mean_abs_k10,zero,mean_abs,10,-1,764;665;172;252;548;65;583;166;507;208,-1,0.5708097236,0.5824791126,0.412042503,0.3869463869,0.4603729604,0.9849246231,0.05994728208,0.7408829755,0.8931545787,4.521033418
bowphs/LaTa,9,zero_variance_k1,zero,variance,1,-1,665,-1,0.5033623762,0.5120875714,0.3376623377,0.324009324,0.5,0.9949748744,-0.05572919548,0.9321371727,0.9854899232,1.490332849
bowphs/LaTa,9,zero_variance_k3,zero,variance,3,-1,665;764;172,-1,0.5204724481,0.5324151275,0.3813459268,0.3636363636,0.4627039627,0.9949748744,-0.01815778017,0.8936370776,0.9732131856,1.830638693
bowphs/LaTa,9,zero_variance_k5,zero,variance,5,-1,665;764;172;252;65,-1,0.5223215199,0.5379606252,0.4061393152,0.3752913753,0.4230769231,0.9949748744,0.01219025254,0.8542325048,0.9558080956,2.307564138
bowphs/LaTa,9,zero_variance_k10,zero,variance,10,-1,665;764;172;252;65;548;166;507;583;208,-1,0.5708097236,0.5824791126,0.412042503,0.3869463869,0.4603729604,0.9849246231,0.05994728208,0.7408829755,0.8931545787,4.521033418
bowphs/LaTa,9,standardize,standardize,,-1,-1,,0,0.8593403091,0.8667172267,0.5537190083,0.5454545455,0.5979020979,0.7085427136,0.399609616,0.1860853121,0.4390185647,86.4156816
bowphs/LaTa,9,center,center,,-1,0,,-1,0.4842597298,0.4898633954,0.3825265643,0.3741258741,0.4743589744,0.9949748744,-0.1421873542,0.9433632779,0.988487197,1.4032472
bowphs/LaTa,9,abtt_D1,abtt,,-1,1,,-1,0.7014067937,0.6913082876,0.4167650531,0.3951048951,0.4941724942,0.8291457286,0.3187149093,0.6714611907,0.8035831763,8.495707077
bowphs/LaTa,9,abtt_D3,abtt,,-1,3,,-1,0.9742447514,0.9786563093,0.787485242,0.7785547786,0.8158508159,0.567839196,0.5784505457,0.07876928045,0.3694060208,117.3454731
bowphs/LaTa,9,abtt_D10,abtt,,-1,10,,-1,0.9647606896,0.9812288079,0.8559622196,0.8578088578,0.8811188811,0.472361809,0.5567611635,0.03373617477,0.2422330798,171.9583798
bowphs/LaTa,10,base,base,,-1,-1,,-1,0.5049459452,0.5143957801,0.3376623377,0.317016317,0.4976689977,0.9949748744,-0.07184877992,0.9423594823,0.9868930102,1.427233913
bowphs/LaTa,10,zero_mean_abs_k1,zero,mean_abs,1,-1,764,-1,0.5053360995,0.5197786186,0.3530106257,0.3391608392,0.4871794872,0.9949748744,-0.07207588851,0.9404109432,0.9837595489,1.470937864
bowphs/LaTa,10,zero_mean_abs_k3,zero,mean_abs,3,-1,764;665;172,-1,0.5226782641,0.5337495177,0.3907910272,0.3694638695,0.4568764569,0.9949748744,-0.01818865538,0.8903397618,0.9695602486,1.901982674
bowphs/LaTa,10,zero_mean_abs_k5,zero,mean_abs,5,-1,764;665;172;252;548,-1,0.5226528077,0.535552921,0.4085005903,0.3811188811,0.4079254079,0.9949748744,0.006012111902,0.8507477445,0.950787856,2.41657684
bowphs/LaTa,10,zero_mean_abs_k10,zero,mean_abs,10,-1,764;665;172;252;548;65;583;166;507;208,-1,0.568263866,0.5780146202,0.4132231405,0.3834498834,0.4382284382,0.9849246231,0.05478665233,0.7337709655,0.883477389,4.890515239
bowphs/LaTa,10,zero_variance_k1,zero,variance,1,-1,665,-1,0.5056249607,0.5135268874,0.3494687131,0.3321678322,0.4906759907,0.9949748744,-0.05491659045,0.9309920621,0.9835281855,1.520676872
bowphs/LaTa,10,zero_variance_k3,zero,variance,3,-1,665;764;172,-1,0.5226782641,0.5337495177,0.3907910272,0.3694638695,0.4568764569,0.9949748744,-0.01818865538,0.8903397618,0.9695602486,1.901982674
bowphs/LaTa,10,zero_variance_k5,zero,variance,5,-1,665;764;172;252;65,-1,0.5255500225,0.5401369154,0.4096812279,0.3846153846,0.4149184149,0.9949748744,0.01106080413,0.8479449293,0.9500784619,2.447179047
bowphs/LaTa,10,zero_variance_k10,zero,variance,10,-1,665;764;172;252;65;548;166;507;583;208,-1,0.568263866,0.5780146202,0.4132231405,0.3834498834,0.4382284382,0.9849246231,0.05478665233,0.7337709655,0.883477389,4.890515239
bowphs/LaTa,10,standardize,standardize,,-1,-1,,0,0.8753194807,0.881914545,0.5560802834,0.5454545455,0.6095571096,0.6884422111,0.4107958533,0.1735260873,0.4323199309,90.20323971
bowphs/LaTa,10,center,center,,-1,0,,-1,0.4873985407,0.4925702369,0.3943329398,0.3706293706,0.4638694639,0.9949748744,-0.1395255239,0.942359482,0.9868930101,1.427233915
bowphs/LaTa,10,abtt_D1,abtt,,-1,1,,-1,0.7215085969,0.7124445536,0.427390791,0.4102564103,0.493006993,0.824120603,0.3389435681,0.6325810032,0.7803856157,10.45971104
bowphs/LaTa,10,abtt_D3,abtt,,-1,3,,-1,0.971792135,0.9773699054,0.7768595041,0.7703962704,0.8146853147,0.5879396985,0.5706944319,0.08958891588,0.3807683575,113.9165193
bowphs/LaTa,10,abtt_D10,abtt,,-1,10,,-1,0.9705249864,0.9821840028,0.8500590319,0.851981352,0.8764568765,0.4824120603,0.5514888432,0.03420335447,0.2422751221,173.5030162
bowphs/LaTa,11,base,base,,-1,-1,,-1,0.5082717069,0.5163291104,0.3459268005,0.331002331,0.4895104895,0.9949748744,-0.06692002714,0.9392550665,0.9845776102,1.469705177
bowphs/LaTa,11,zero_mean_abs_k1,zero,mean_abs,1,-1,764,-1,0.5082200467,0.5213875901,0.3636363636,0.3554778555,0.4801864802,0.9949748744,-0.06707821786,0.9360578042,0.9808277893,1.526794209
bowphs/LaTa,11,zero_mean_abs_k3,zero,mean_abs,3,-1,764;665;172,-1,0.5264637569,0.5361357287,0.4037780401,0.3776223776,0.4498834499,0.9949748744,-0.01432296634,0.8832393754,0.9643552855,2.018111391
bowphs/LaTa,11,zero_mean_abs_k5,zero,mean_abs,5,-1,764;665;172;252;548,-1,0.5276371661,0.5384202176,0.4061393152,0.3822843823,0.3974358974,0.9949748744,0.01032561064,0.837556398,0.9422915097,2.653768333
bowphs/LaTa,11,zero_mean_abs_k10,zero,mean_abs,10,-1,764;665;172;252;548;65;166;583;208;507,-1,0.5689850385,0.5767362021,0.4155844156,0.3892773893,0.4219114219,0.9849246231,0.05445739627,0.7093088186,0.8674871321,5.679502955
bowphs/LaTa,11,zero_variance_k1,zero,variance,1,-1,665,-1,0.508511422,0.5153403669,0.3565525384,0.3508158508,0.4848484848,0.9949748744,-0.05071507394,0.9273581478,0.9806868213,1.574097461
bowphs/LaTa,11,zero_variance_k3,zero,variance,3,-1,665;764;172,-1,0.5264637569,0.5361357287,0.4037780401,0.3776223776,0.4498834499,0.9949748744,-0.01432296634,0.8832393754,0.9643552855,2.018111391
bowphs/LaTa,11,zero_variance_k5,zero,variance,5,-1,665;764;172;252;65,-1,0.5308793476,0.5433320466,0.4061393152,0.3822843823,0.3997668998,0.9949748744,0.01432955265,0.8352139865,0.941597783,2.6830848
bowphs/LaTa,11,zero_variance_k10,zero,variance,10,-1,665;764;172;252;65;548;166;583;507;208,-1,0.5689850385,0.5767362021,0.4155844156,0.3892773893,0.4219114219,0.9849246231,0.05445739627,0.7093088186,0.8674871321,5.679502955
bowphs/LaTa,11,standardize,standardize,,-1,-1,,0,0.8968195154,0.9048656783,0.5749704841,0.5536130536,0.6503496503,0.6432160804,0.4272876309,0.1559253086,0.4196284217,95.88289001
bowphs/LaTa,11,center,center,,-1,0,,-1,0.490334244,0.495560316,0.39905549,0.3752913753,0.4533799534,0.9949748744,-0.1356172371,0.9392550668,0.9845776102,1.469705175
bowphs/LaTa,11,abtt_D1,abtt,,-1,1,,-1,0.7429007126,0.7366908163,0.4415584416,0.4172494172,0.4941724942,0.8040201005,0.357282917,0.5892287182,0.7546396552,13.05185295
bowphs/LaTa,11,abtt_D3,abtt,,-1,3,,-1,0.9572949627,0.965214601,0.7249114522,0.7156177156,0.7820512821,0.567839196,0.5115499862,0.08921243638,0.3819702813,114.1650074
bowphs/LaTa,11,abtt_D10,abtt,,-1,10,,-1,0.9728696723,0.9838063508,0.8571428571,0.8566433566,0.87995338,0.4924623116,0.5495607937,0.0335870185,0.2431302121,174.919474
bowphs/LaTa,12,base,base,,-1,-1,,-1,0.9375956856,0.9426237673,0.6835891381,0.6888111888,0.7097902098,0.8743718593,0.2374739647,0.08089965839,0.3516324168,132.2202347
bowphs/LaTa,12,zero_mean_abs_k1,zero,mean_abs,1,-1,354,-1,0.9379142726,0.942660203,0.6965761511,0.7062937063,0.7272727273,0.864321608,0.2424372435,0.08056658879,0.3507466052,132.5715771
bowphs/LaTa,12,zero_mean_abs_k3,zero,mean_abs,3,-1,354;270;382,-1,0.9385926848,0.9433428501,0.6847697757,0.6958041958,0.7167832168,0.864321608,0.2511541247,0.08030956349,0.3504078385,132.7160737
bowphs/LaTa,12,zero_mean_abs_k5,zero,mean_abs,5,-1,354;270;382;333;399,-1,0.9390648515,0.9434310498,0.7024793388,0.7132867133,0.7365967366,0.8492462312,0.2554546595,0.08023075896,0.3498895132,132.8872562
bowphs/LaTa,12,zero_mean_abs_k10,zero,mean_abs,10,-1,354;270;382;333;399;206;615;750;619;178,-1,0.9413332138,0.9456751299,0.6965761511,0.7086247086,0.7307692308,0.8492462312,0.2637307048,0.08039518306,0.349101193,133.0275281
bowphs/LaTa,12,zero_variance_k1,zero,variance,1,-1,162,-1,0.9378636272,0.9423502399,0.6835891381,0.6911421911,0.710955711,0.8743718593,0.237064898,0.08091951786,0.3511284368,132.430175
bowphs/LaTa,12,zero_variance_k3,zero,variance,3,-1,162;66;547,-1,0.9378945232,0.942015461,0.6847697757,0.6911421911,0.7121212121,0.8743718593,0.2373158932,0.08111722288,0.3504130889,132.6284802
bowphs/LaTa,12,zero_variance_k5,zero,variance,5,-1,162;66;547;433;107,-1,0.9382150118,0.942367107,0.6859504132,0.68997669,0.710955711,0.8743718593,0.2374773622,0.08018482232,0.3496607367,132.924374
bowphs/LaTa,12,zero_variance_k10,zero,variance,10,-1,162;66;547;433;107;56;594;219;241;427,-1,0.9375619669,0.9416218477,0.6847697757,0.6888111888,0.710955711,0.8743718593,0.2360963821,0.07882981072,0.3484892903,133.3099846
bowphs/LaTa,12,standardize,standardize,,-1,-1,,0,0.9704159841,0.9779377114,0.7142857143,0.7191142191,0.7610722611,0.5979899497,0.5256302666,0.07696937968,0.3417018249,136.5650469
bowphs/LaTa,12,center,center,,-1,0,,-1,0.972039077,0.979716195,0.7308146399,0.7389277389,0.7820512821,0.5879396985,0.5351780956,0.08089965834,0.3516324167,132.2202347
bowphs/LaTa,12,abtt_D1,abtt,,-1,1,,-1,0.9592538505,0.9787855833,0.7662337662,0.7494172494,0.796037296,0.5527638191,0.5128274815,0.05599183108,0.3119589497,149.7116034
bowphs/LaTa,12,abtt_D3,abtt,,-1,3,,-1,0.9699596517,0.9832736297,0.8181818182,0.8123543124,0.8438228438,0.5326633166,0.5439046958,0.04659685887,0.2685925013,169.8871631
bowphs/LaTa,12,abtt_D10,abtt,,-1,10,,-1,0.9713791206,0.9890475531,0.8571428571,0.8414918415,0.8682983683,0.4221105528,0.5252421752,0.02466011463,0.1952163829,210.6947656
bowphs/PhilTa,1,base,base,,-1,-1,,-1,0.939341053,0.9315584633,0.7119244392,0.6934731935,0.7086247086,0.8944723618,0.2314296365,0.0596826996,0.3319720985,138.4583843
bowphs/PhilTa,1,zero_mean_abs_k1,zero,mean_abs,1,-1,239,-1,0.9452886599,0.9382032857,0.7260920897,0.7062937063,0.7226107226,0.8743718593,0.2580815554,0.06019385591,0.3288330984,139.6493781
bowphs/PhilTa,1,zero_mean_abs_k3,zero,mean_abs,3,-1,239;509;742,-1,0.9468146079,0.9420533093,0.746162928,0.7412587413,0.7575757576,0.8492462312,0.2820383906,0.06056219764,0.3252954282,141.02152
bowphs/PhilTa,1,zero_mean_abs_k5,zero,mean_abs,5,-1,239;509;742;210;73,-1,0.9485744863,0.9470153611,0.7426210153,0.7331002331,0.7447552448,0.8492462312,0.3000375032,0.0610721345,0.3220465669,142.3082314
bowphs/PhilTa,1,zero_mean_abs_k10,zero,mean_abs,10,-1,239;509;742;210;73;547;23;470;672;451,-1,0.9510627389,0.9522760356,0.7674144038,0.7762237762,0.7925407925,0.8140703518,0.3220098019,0.0608848823,0.3149753798,145.4223681
bowphs/PhilTa,1,zero_variance_k1,zero,variance,1,-1,200,-1,0.9404220918,0.9332045385,0.7166469894,0.6958041958,0.710955711,0.8944723618,0.2310112715,0.05911163658,0.3263768777,140.7247576
bowphs/PhilTa,1,zero_variance_k3,zero,variance,3,-1,200;660;239,-1,0.9479854618,0.9409011,0.7449822904,0.7307692308,0.7470862471,0.8693467337,0.2578263879,0.05915746945,0.3193570808,143.5784787
bowphs/PhilTa,1,zero_variance_k5,zero,variance,5,-1,200;660;239;509;470,-1,0.9503966024,0.9454342878,0.7473435655,0.7470862471,0.7622377622,0.8592964824,0.2728918195,0.05707192447,0.3135126859,146.1621909
bowphs/PhilTa,1,zero_variance_k10,zero,variance,10,-1,200;660;239;509;470;210;23;728;385;742,-1,0.9548358485,0.9510674286,0.7650531287,0.7680652681,0.7820512821,0.8391959799,0.3078083396,0.05765257444,0.3041614203,149.943713
bowphs/PhilTa,1,standardize,standardize,,-1,-1,,0,0.9789621715,0.9873650596,0.8347107438,0.8368298368,0.8624708625,0.4924623116,0.5878162492,0.05090006228,0.273569457,167.7471614
bowphs/PhilTa,1,center,center,,-1,0,,-1,0.9745902187,0.9838173794,0.8122786305,0.817016317,0.837995338,0.5477386935,0.577044382,0.05968269973,0.3319720987,138.4583843
bowphs/PhilTa,1,abtt_D1,abtt,,-1,1,,-1,0.9741128159,0.980005219,0.8181818182,0.8251748252,0.8484848485,0.5477386935,0.5642098763,0.05937080075,0.3067875783,148.8699571
bowphs/PhilTa,1,abtt_D3,abtt,,-1,3,,-1,0.9765001341,0.982924804,0.8347107438,0.8508158508,0.8776223776,0.4773869347,0.5670648692,0.03973058734,0.264472464,168.3690186
bowphs/PhilTa,1,abtt_D10,abtt,,-1,10,,-1,0.9768425366,0.989412291,0.8866587957,0.8834498834,0.9114219114,0.4170854271,0.574403006,0.02423292275,0.1953636032,205.475705
bowphs/PhilTa,2,base,base,,-1,-1,,-1,0.9109577745,0.9033507473,0.6198347107,0.6025641026,0.6247086247,0.9246231156,0.16083318,0.06821803691,0.3927504854,109.7174662
bowphs/PhilTa,2,zero_mean_abs_k1,zero,mean_abs,1,-1,239,-1,0.9191420821,0.9109799196,0.6375442739,0.6095571096,0.6317016317,0.9045226131,0.1946223378,0.06837994045,0.3899518198,110.3867332
bowphs/PhilTa,2,zero_mean_abs_k3,zero,mean_abs,3,-1,239;210;73,-1,0.9280463714,0.922127862,0.6552538371,0.634032634,0.6538461538,0.8844221106,0.2285673022,0.06837881176,0.3850020628,112.2180672
bowphs/PhilTa,2,zero_mean_abs_k5,zero,mean_abs,5,-1,239;210;73;742;23,-1,0.9303439796,0.9252041319,0.6753246753,0.6503496503,0.6701631702,0.8693467337,0.2499348521,0.06927846476,0.3783643438,114.9329321
bowphs/PhilTa,2,zero_mean_abs_k10,zero,mean_abs,10,-1,239;210;73;742;23;509;470;166;728;547,-1,0.9358654553,0.9354506076,0.7036599764,0.6794871795,0.6958041958,0.8442211055,0.2803444266,0.06933828768,0.3651957014,119.6244485
bowphs/PhilTa,2,zero_variance_k1,zero,variance,1,-1,200,-1,0.9128900198,0.9063290382,0.6221959858,0.5932400932,0.6095571096,0.9296482412,0.1595593691,0.06938206435,0.3837092676,112.7630164
bowphs/PhilTa,2,zero_variance_k3,zero,variance,3,-1,200;660;728,-1,0.9195932995,0.912843941,0.6328217237,0.6107226107,0.627039627,0.9296482412,0.1610170603,0.06073085299,0.3683074279,118.0608233
bowphs/PhilTa,2,zero_variance_k5,zero,variance,5,-1,200;660;728;210;23,-1,0.9262104574,0.9209679736,0.652892562,0.6351981352,0.6515151515,0.9195979899,0.1797078252,0.05926825566,0.3574326615,121.9466234
bowphs/PhilTa,2,zero_variance_k10,zero,variance,10,-1,200;660;728;210;23;87;742;470;400;537,-1,0.9335595597,0.9284465271,0.681227863,0.6561771562,0.6736596737,0.9095477387,0.1863549948,0.05755082516,0.3395542954,129.1599766
bowphs/PhilTa,2,standardize,standardize,,-1,-1,,0,0.9757690104,0.9846739991,0.7969303424,0.8041958042,0.8286713287,0.5427135678,0.5563733021,0.05257669799,0.3074762025,145.4953874
bowphs/PhilTa,2,center,center,,-1,0,,-1,0.962804405,0.9696883977,0.7402597403,0.7226107226,0.7622377622,0.5728643216,0.5288807624,0.068218037,0.3927504855,109.7174661
bowphs/PhilTa,2,abtt_D1,abtt,,-1,1,,-1,0.9711695245,0.9830614948,0.7992916175,0.7797202797,0.803030303,0.5879396985,0.5748870187,0.07219065734,0.3676776206,118.4651361
bowphs/PhilTa,2,abtt_D3,abtt,,-1,3,,-1,0.9814278246,0.9858454405,0.8122786305,0.8181818182,0.8426573427,0.5175879397,0.5722851316,0.06153000694,0.3112765337,140.4317931
bowphs/PhilTa,2,abtt_D10,abtt,,-1,10,,-1,0.9727977005,0.985677351,0.8606847698,0.8694638695,0.8916083916,0.432160804,0.5525161912,0.02974547717,0.2257552499,182.7283598
bowphs/PhilTa,3,base,base,,-1,-1,,-1,0.6011084804,0.6077223643,0.3872491145,0.3892773893,0.4545454545,0.9748743719,0.08503949642,0.7641646451,0.8961724299,4.33675406
bowphs/PhilTa,3,zero_mean_abs_k1,zero,mean_abs,1,-1,239,-1,0.5995944836,0.6077344246,0.4002361275,0.3927738928,0.4405594406,0.9748743719,0.09936225414,0.7631569072,0.8958638375,4.357634574
bowphs/PhilTa,3,zero_mean_abs_k3,zero,mean_abs,3,-1,239;210;660,-1,0.6067324972,0.6136560847,0.3896103896,0.3951048951,0.451048951,0.9648241206,0.1136109531,0.7391459834,0.8811830695,5.020707943
bowphs/PhilTa,3,zero_mean_abs_k5,zero,mean_abs,5,-1,239;210;660;87;728,-1,0.6249633078,0.6306458938,0.3966942149,0.3962703963,0.4498834499,0.959798995,0.1243266165,0.6915015073,0.8560550092,6.442848876
bowphs/PhilTa,3,zero_mean_abs_k10,zero,mean_abs,10,-1,239;210;660;87;728;537;23;166;533;742,-1,0.6823803338,0.6853518864,0.414403778,0.4137529138,0.4731934732,0.9346733668,0.1587616205,0.5853218966,0.7911464515,11.32434903
bowphs/PhilTa,3,zero_variance_k1,zero,variance,1,-1,660,-1,0.6077824366,0.6145366023,0.4037780401,0.3869463869,0.4393939394,0.9748743719,0.08737468719,0.7449403999,0.8865613348,4.79756272
bowphs/PhilTa,3,zero_variance_k3,zero,variance,3,-1,660;87;728,-1,0.6242009909,0.6303485476,0.3907910272,0.3904428904,0.4615384615,0.9698492462,0.09187555313,0.6998967069,0.8645819977,6.034426042
bowphs/PhilTa,3,zero_variance_k5,zero,variance,5,-1,660;87;728;23;400,-1,0.6394858749,0.6456668819,0.412042503,0.3916083916,0.4417249417,0.9698492462,0.09175658226,0.6488982088,0.8366962166,7.864120285
bowphs/PhilTa,3,zero_variance_k10,zero,variance,10,-1,660;87;728;23;400;742;537;470;210;533,-1,0.7087666495,0.7120630327,0.4344746163,0.4114219114,0.465034965,0.9497487437,0.1122136116,0.4935607221,0.7460553357,16.77571724
bowphs/PhilTa,3,standardize,standardize,,-1,-1,,0,0.946241964,0.945999694,0.5537190083,0.5431235431,0.5967365967,0.6633165829,0.4619856195,0.1960800246,0.4561174206,81.56737062
bowphs/PhilTa,3,center,center,,-1,0,,-1,0.5853317192,0.5855687465,0.3801652893,0.3752913753,0.4114219114,0.9547738693,0.1657600636,0.7641646451,0.8961724298,4.33675406
bowphs/PhilTa,3,abtt_D1,abtt,,-1,1,,-1,0.8468315081,0.8334226504,0.4451003542,0.4044289044,0.4440559441,0.824120603,0.365927693,0.2545610906,0.5745896367,49.64111278
bowphs/PhilTa,3,abtt_D3,abtt,,-1,3,,-1,0.9710067387,0.9809710838,0.7851239669,0.7680652681,0.8018648019,0.5577889447,0.5524970189,0.0714733613,0.3787547057,113.7550982
bowphs/PhilTa,3,abtt_D10,abtt,,-1,10,,-1,0.9730615143,0.9836049105,0.8559622196,0.8648018648,0.8904428904,0.4522613065,0.5494376933,0.03371711629,0.2456732365,168.3480953
bowphs/PhilTa,4,base,base,,-1,-1,,-1,0.5505192508,0.5749614219,0.3884297521,0.3694638695,0.4393939394,0.9949748744,0.06315886974,0.8306812856,0.9759615938,2.172404662
bowphs/PhilTa,4,zero_mean_abs_k1,zero,mean_abs,1,-1,210,-1,0.5499929509,0.5732677982,0.3907910272,0.3764568765,0.4324009324,0.9949748744,0.06504827738,0.8138847368,0.972745601,2.32018178
bowphs/PhilTa,4,zero_mean_abs_k3,zero,mean_abs,3,-1,210;239;660,-1,0.5570166027,0.5794629264,0.3943329398,0.3787878788,0.4195804196,0.9949748744,0.08093777299,0.7834835975,0.9676080479,2.574919801
bowphs/PhilTa,4,zero_mean_abs_k5,zero,mean_abs,5,-1,210;239;660;87;280,-1,0.559875907,0.5821962857,0.3907910272,0.3717948718,0.4405594406,0.9899497487,0.08139395714,0.7214988475,0.9571502815,3.14042252
bowphs/PhilTa,4,zero_mean_abs_k10,zero,mean_abs,10,-1,210;239;660;87;280;742;166;430;23;533,-1,0.57934521,0.5965182791,0.4014167651,0.3869463869,0.4125874126,0.9849246231,0.09859195352,0.5231337551,0.9162158823,5.617458459
bowphs/PhilTa,4,zero_variance_k1,zero,variance,1,-1,210,-1,0.5499929509,0.5732677982,0.3907910272,0.3764568765,0.4324009324,0.9949748744,0.06504827738,0.8138847368,0.972745601,2.32018178
bowphs/PhilTa,4,zero_variance_k3,zero,variance,3,-1,210;660;280,-1,0.5556267864,0.5782821682,0.3931523022,0.37995338,0.4172494172,0.9949748744,0.0688547492,0.7641007468,0.9646983648,2.742037827
bowphs/PhilTa,4,zero_variance_k5,zero,variance,5,-1,210;660;280;87;430,-1,0.5610306296,0.5838173126,0.3919716647,0.3741258741,0.4382284382,0.9899497487,0.07104444504,0.7040877036,0.9539285177,3.328004845
bowphs/PhilTa,4,zero_variance_k10,zero,variance,10,-1,210;660;280;87;430;742;166;23;478;728,-1,0.5965994771,0.6154082682,0.39905549,0.3857808858,0.4102564103,0.9899497487,0.08738869429,0.6078531111,0.9134888536,5.326061789
bowphs/PhilTa,4,standardize,standardize,,-1,-1,,0,0.9102030914,0.9008654812,0.492325856,0.4708624709,0.5174825175,0.7336683417,0.4141433375,0.1704716329,0.483020525,72.77499256
bowphs/PhilTa,4,center,center,,-1,0,,-1,0.5068958919,0.5110084512,0.3884297521,0.3776223776,0.4324009324,0.9899497487,-0.03106239019,0.8306812853,0.9759615937,2.172404665
bowphs/PhilTa,4,abtt_D1,abtt,,-1,1,,-1,0.6965436425,0.6953356754,0.3707201889,0.37995338,0.4102564103,0.9296482412,0.3198143598,0.6518244952,0.8633670411,6.659287243
bowphs/PhilTa,4,abtt_D3,abtt,,-1,3,,-1,0.9442789667,0.9449678798,0.6387249115,0.6212121212,0.6888111888,0.6231155779,0.4912970366,0.1555017886,0.4507510868,84.38246277
bowphs/PhilTa,4,abtt_D10,abtt,,-1,10,,-1,0.9778170665,0.9821407639,0.8229043684,0.858974359,0.8811188811,0.472361809,0.5511643732,0.03760188037,0.2655114121,157.9119105
bowphs/PhilTa,5,base,base,,-1,-1,,-1,0.542236539,0.5770460786,0.3494687131,0.3344988345,0.4568764569,0.9949748744,0.05276215076,0.8464232238,0.9847450066,1.939976019
bowphs/PhilTa,5,zero_mean_abs_k1,zero,mean_abs,1,-1,210,-1,0.5426962883,0.576000361,0.360094451,0.3496503497,0.4615384615,0.9949748744,0.05554229021,0.828929568,0.9826320473,2.059730195
bowphs/PhilTa,5,zero_mean_abs_k3,zero,mean_abs,3,-1,210;280;239,-1,0.5455337314,0.5762062766,0.3789846517,0.3624708625,0.4463869464,0.9949748744,0.06745946407,0.8059214402,0.9793051917,2.231301947
bowphs/PhilTa,5,zero_mean_abs_k5,zero,mean_abs,5,-1,210;280;239;660;87,-1,0.5512951507,0.5844367144,0.3931523022,0.37995338,0.4289044289,0.9949748744,0.07052841783,0.7523485026,0.972828082,2.61693418
bowphs/PhilTa,5,zero_mean_abs_k10,zero,mean_abs,10,-1,210;280;239;660;87;430;742;166;533;23,-1,0.5681358754,0.595101159,0.4002361275,0.3846153846,0.4149184149,0.9899497487,0.08758893609,0.5350576255,0.9441933585,4.440208169
bowphs/PhilTa,5,zero_variance_k1,zero,variance,1,-1,210,-1,0.5426962883,0.576000361,0.360094451,0.3496503497,0.4615384615,0.9949748744,0.05554229021,0.828929568,0.9826320473,2.059730195
bowphs/PhilTa,5,zero_variance_k3,zero,variance,3,-1,210;280;660,-1,0.5471996029,0.5803388573,0.3848878394,0.3671328671,0.4393939394,0.9949748744,0.05956828594,0.784734979,0.9776373336,2.359353811
bowphs/PhilTa,5,zero_variance_k5,zero,variance,5,-1,210;280;660;430;87,-1,0.5511013477,0.5849205362,0.4002361275,0.3822843823,0.4277389277,0.9949748744,0.06188964844,0.7294756765,0.9706863912,2.771573242
bowphs/PhilTa,5,zero_variance_k10,zero,variance,10,-1,210;280;660;430;87;742;166;478;239;23,-1,0.5692081971,0.5947527168,0.39905549,0.3904428904,0.4347319347,0.9899497487,0.0873760283,0.6532329791,0.9402626416,4.116376772
bowphs/PhilTa,5,standardize,standardize,,-1,-1,,0,0.8873099378,0.8748720669,0.4828807556,0.4545454545,0.4941724942,0.7638190955,0.4016355593,0.1520453099,0.4945146644,68.99581724
bowphs/PhilTa,5,center,center,,-1,0,,-1,0.5034465095,0.508533469,0.3907910272,0.3741258741,0.4137529138,0.9949748744,-0.05222238367,0.8464232244,0.9847450066,1.939976016
bowphs/PhilTa,5,abtt_D1,abtt,,-1,1,,-1,0.6448511449,0.6347610385,0.3435655254,0.3636363636,0.4265734266,0.9246231156,0.2492459044,0.7043000311,0.9042121005,4.583414832
bowphs/PhilTa,5,abtt_D3,abtt,,-1,3,,-1,0.9459313741,0.946513126,0.6623376623,0.6305361305,0.7004662005,0.6130653266,0.4926147178,0.1558996311,0.4417633697,85.08080208
bowphs/PhilTa,5,abtt_D10,abtt,,-1,10,,-1,0.9788087953,0.9852170264,0.839433294,0.8543123543,0.8764568765,0.472361809,0.5511483318,0.0356733453,0.2671821881,155.3441357
bowphs/PhilTa,6,base,base,,-1,-1,,-1,0.5405621812,0.5789238029,0.3258559622,0.31002331,0.4743589744,0.9949748744,0.04661369324,0.8583896607,0.9888016098,1.805382447
bowphs/PhilTa,6,zero_mean_abs_k1,zero,mean_abs,1,-1,210,-1,0.5404215949,0.5778996701,0.3364817001,0.3216783217,0.4662004662,0.9949748744,0.04945778847,0.8406046384,0.9871864008,1.910537495
bowphs/PhilTa,6,zero_mean_abs_k3,zero,mean_abs,3,-1,210;280;239,-1,0.5437231138,0.5792862079,0.3565525384,0.3461538462,0.4615384615,0.9949748744,0.06086659431,0.8145071497,0.9844454233,2.074348194
bowphs/PhilTa,6,zero_mean_abs_k5,zero,mean_abs,5,-1,210;280;239;660;87,-1,0.5494711902,0.5871919257,0.3813459268,0.3752913753,0.451048951,0.9949748744,0.06380420923,0.7752258529,0.9799934258,2.33642441
bowphs/PhilTa,6,zero_mean_abs_k10,zero,mean_abs,10,-1,210;280;239;660;87;430;166;742;533;23,-1,0.5634712331,0.5971786364,0.3919716647,0.3834498834,0.4370629371,0.9899497487,0.08022293448,0.579864904,0.9581781268,3.734183693
bowphs/PhilTa,6,zero_variance_k1,zero,variance,1,-1,210,-1,0.5404215949,0.5778996701,0.3364817001,0.3216783217,0.4662004662,0.9949748744,0.04945778847,0.8406046384,0.9871864008,1.910537495
bowphs/PhilTa,6,zero_variance_k3,zero,variance,3,-1,210;280;660,-1,0.5445455429,0.582067232,0.3659976387,0.3508158508,0.4615384615,0.9949748744,0.05351221561,0.8016302653,0.9836278652,2.142984774
bowphs/PhilTa,6,zero_variance_k5,zero,variance,5,-1,210;280;660;430;87,-1,0.5481040237,0.5864767467,0.3825265643,0.3694638695,0.4428904429,0.9949748744,0.05535882711,0.7570325561,0.9787838629,2.43624486
bowphs/PhilTa,6,zero_variance_k10,zero,variance,10,-1,210;280;660;430;87;166;742;478;239;533,-1,0.5602469268,0.5893258972,0.3978748524,0.3892773893,0.4055944056,0.9949748744,0.07916030288,0.6518295005,0.9532183381,3.652066859
bowphs/PhilTa,6,standardize,standardize,,-1,-1,,0,0.8626183966,0.844780662,0.4876033058,0.4603729604,0.5046620047,0.7638190955,0.3859788296,0.1791734415,0.511094996,64.9410727
bowphs/PhilTa,6,center,center,,-1,0,,-1,0.4998255007,0.5055052448,0.3872491145,0.372960373,0.4324009324,0.9949748744,-0.06269222032,0.8583896604,0.9888016098,1.805382448
bowphs/PhilTa,6,abtt_D1,abtt,,-1,1,,-1,0.6014265624,0.5935909408,0.3624557261,0.3706293706,0.4032634033,0.9547738693,0.1864653183,0.7544035195,0.9237814733,3.63841236
bowphs/PhilTa,6,abtt_D3,abtt,,-1,3,,-1,0.9501852806,0.9510231902,0.6670602125,0.6351981352,0.703962704,0.6130653266,0.4952793968,0.1445532678,0.4341215806,88.52418441
bowphs/PhilTa,6,abtt_D10,abtt,,-1,10,,-1,0.9808113005,0.986024064,0.8382526564,0.844988345,0.8717948718,0.4522613065,0.5514256551,0.03617116619,0.2651353687,156.8463963
bowphs/PhilTa,7,base,base,,-1,-1,,-1,0.5415730217,0.5799990713,0.3400236128,0.3251748252,0.4685314685,0.9949748744,0.04638421535,0.8449757284,0.9870892812,1.881540101
bowphs/PhilTa,7,zero_mean_abs_k1,zero,mean_abs,1,-1,210,-1,0.5415098126,0.5792076886,0.3518299882,0.344988345,0.4685314685,0.9949748744,0.04944694042,0.8254284581,0.9852182574,1.998377546
bowphs/PhilTa,7,zero_mean_abs_k3,zero,mean_abs,3,-1,210;239;280,-1,0.5453835435,0.5811936685,0.3766233766,0.3601398601,0.4615384615,0.9949748744,0.0608035624,0.7970766829,0.9820360817,2.180173568
bowphs/PhilTa,7,zero_mean_abs_k5,zero,mean_abs,5,-1,210;239;280;660;166,-1,0.5497198966,0.5842527844,0.3907910272,0.3776223776,0.4440559441,0.9949748744,0.06807169318,0.7568664195,0.9770067406,2.461034725
bowphs/PhilTa,7,zero_mean_abs_k10,zero,mean_abs,10,-1,210;239;280;660;166;87;430;742;533;23,-1,0.5673754212,0.6019366924,0.4025974026,0.3857808858,0.4254079254,0.9899497487,0.08378273249,0.5666440063,0.9530403787,3.904002564
bowphs/PhilTa,7,zero_variance_k1,zero,variance,1,-1,210,-1,0.5415098126,0.5792076886,0.3518299882,0.344988345,0.4685314685,0.9949748744,0.04944694042,0.8254284581,0.9852182574,1.998377546
bowphs/PhilTa,7,zero_variance_k3,zero,variance,3,-1,210;280;660,-1,0.5459620109,0.5836549106,0.3778040142,0.365967366,0.4592074592,0.9949748744,0.05397081375,0.7848879673,0.9812344832,2.244694508
bowphs/PhilTa,7,zero_variance_k5,zero,variance,5,-1,210;280;660;430;166,-1,0.5476550439,0.5832540611,0.3907910272,0.3752913753,0.4428904429,0.9949748744,0.05798894167,0.735150658,0.9758226204,2.57255469
bowphs/PhilTa,7,zero_variance_k10,zero,variance,10,-1,210;280;660;430;166;87;478;742;239;73,-1,0.5604318619,0.5857949283,0.4073199528,0.3892773893,0.4067599068,0.9949748744,0.07803913951,0.7433566916,0.9456404438,3.375782485
bowphs/PhilTa,7,standardize,standardize,,-1,-1,,0,0.8874718688,0.870922283,0.4994096812,0.4755244755,0.5163170163,0.7487437186,0.4064331269,0.1619791677,0.4871164024,72.93805118
bowphs/PhilTa,7,center,center,,-1,0,,-1,0.502413001,0.5083505954,0.3884297521,0.372960373,0.4184149184,0.9949748744,-0.05514458101,0.8449757287,0.9870892813,1.881540097
bowphs/PhilTa,7,abtt_D1,abtt,,-1,1,,-1,0.5998109729,0.5917281836,0.3482880756,0.3543123543,0.4382284382,0.9396984925,0.1837950051,0.7668134575,0.9197380071,3.651187113
bowphs/PhilTa,7,abtt_D3,abtt,,-1,3,,-1,0.9578625715,0.9592036972,0.6894923259,0.6573426573,0.7331002331,0.5829145729,0.5075628234,0.1240261029,0.4229053306,94.4162049
bowphs/PhilTa,7,abtt_D10,abtt,,-1,10,,-1,0.9793530961,0.9884768626,0.8476977568,0.8473193473,0.8741258741,0.4572864322,0.5544630743,0.03626148411,0.2607110846,160.4630917
bowphs/PhilTa,8,base,base,,-1,-1,,-1,0.5420649058,0.5803382017,0.3636363636,0.3496503497,0.4673659674,0.9949748744,0.04595774412,0.8294374147,0.9847110528,1.97889395
bowphs/PhilTa,8,zero_mean_abs_k1,zero,mean_abs,1,-1,210,-1,0.5421390032,0.5797427054,0.3754427391,0.3601398601,0.4627039627,0.9949748744,0.04894852638,0.808134131,0.9825136067,2.109486442
bowphs/PhilTa,8,zero_mean_abs_k3,zero,mean_abs,3,-1,210;280;239,-1,0.5459550126,0.581790528,0.3955135773,0.37995338,0.4592074592,0.9949748744,0.05926454067,0.7770541809,0.9787146824,2.316297055
bowphs/PhilTa,8,zero_mean_abs_k5,zero,mean_abs,5,-1,210;280;239;166;660,-1,0.5510763918,0.5856886864,0.4037780401,0.3904428904,0.4463869464,0.9949748744,0.06768357754,0.734987191,0.9727841938,2.627826204
bowphs/PhilTa,8,zero_mean_abs_k10,zero,mean_abs,10,-1,210;280;239;166;660;87;430;742;533;23,-1,0.5699608598,0.6049219448,0.4002361275,0.3846153846,0.4102564103,0.9899497487,0.08548146486,0.5505992719,0.9460812001,4.154482884
bowphs/PhilTa,8,zero_variance_k1,zero,variance,1,-1,210,-1,0.5421390032,0.5797427054,0.3754427391,0.3601398601,0.4627039627,0.9949748744,0.04894852638,0.808134131,0.9825136067,2.109486442
bowphs/PhilTa,8,zero_variance_k3,zero,variance,3,-1,210;280;660,-1,0.5469935539,0.58479526,0.3955135773,0.3776223776,0.4498834499,0.9949748744,0.05377757549,0.7656706524,0.9779012549,2.376941591
bowphs/PhilTa,8,zero_variance_k5,zero,variance,5,-1,210;280;660;430;166,-1,0.548497467,0.5842516093,0.4073199528,0.3857808858,0.4370629371,0.9949748744,0.05790650845,0.7119531108,0.9715890334,2.742632062
bowphs/PhilTa,8,zero_variance_k10,zero,variance,10,-1,210;280;660;430;166;87;478;239;742;73,-1,0.5623514726,0.5881243112,0.4238488784,0.3962703963,0.451048951,0.9899497487,0.07839021087,0.7213284556,0.9361386478,3.746681475
bowphs/PhilTa,8,standardize,standardize,,-1,-1,,0,0.9068834937,0.8925742644,0.5265643447,0.5046620047,0.5582750583,0.7135678392,0.4211789065,0.1483724865,0.4640108443,81.19429339
bowphs/PhilTa,8,center,center,,-1,0,,-1,0.5048811385,0.5116780682,0.3872491145,0.3741258741,0.4090909091,0.9949748744,-0.04752689227,0.8294374152,0.9847110529,1.978893946
bowphs/PhilTa,8,abtt_D1,abtt,,-1,1,,-1,0.5983667903,0.5915498175,0.3589138135,0.3624708625,0.4160839161,0.9447236181,0.1805806747,0.7721606758,0.913457851,3.757016612
bowphs/PhilTa,8,abtt_D3,abtt,,-1,3,,-1,0.9634388432,0.9648957837,0.7154663518,0.6794871795,0.7400932401,0.5829145729,0.5162659645,0.1074221996,0.4118221406,100.0434777
bowphs/PhilTa,8,abtt_D10,abtt,,-1,10,,-1,0.9835188765,0.9892347981,0.8595041322,0.8566433566,0.8787878788,0.4773869347,0.5553088484,0.03454092899,0.2552549234,164.5295483
bowphs/PhilTa,9,base,base,,-1,-1,,-1,0.5387671534,0.5769856015,0.3541912633,0.3368298368,0.4755244755,0.9949748744,0.04094076157,0.8457328265,0.9855989017,1.894933413
bowphs/PhilTa,9,zero_mean_abs_k1,zero,mean_abs,1,-1,210,-1,0.5389284194,0.5766456942,0.3707201889,0.3531468531,0.4743589744,0.9949748744,0.04323917627,0.8272299008,0.9835890312,2.009583986
bowphs/PhilTa,9,zero_mean_abs_k3,zero,mean_abs,3,-1,210;280;239,-1,0.5419552909,0.5786349769,0.3955135773,0.3706293706,0.4627039627,0.9949748744,0.05093675852,0.7967064111,0.9797677073,2.213405069
bowphs/PhilTa,9,zero_mean_abs_k5,zero,mean_abs,5,-1,210;280;239;166;430,-1,0.5420746399,0.5752997286,0.4096812279,0.3846153846,0.4522144522,0.9949748744,0.05535969138,0.7631506662,0.9738704172,2.491990195
bowphs/PhilTa,9,zero_mean_abs_k10,zero,mean_abs,10,-1,210;280;239;166;430;660;87;742;533;537,-1,0.5588500871,0.5952294483,0.4061393152,0.3822843823,0.4172494172,0.9899497487,0.07451200485,0.5778457956,0.9490799696,3.94631097
bowphs/PhilTa,9,zero_variance_k1,zero,variance,1,-1,210,-1,0.5389284194,0.5766456942,0.3707201889,0.3531468531,0.4743589744,0.9949748744,0.04323917627,0.8272299008,0.9835890312,2.009583986
bowphs/PhilTa,9,zero_variance_k3,zero,variance,3,-1,210;280;430,-1,0.5391451395,0.5762891499,0.3919716647,0.3706293706,0.4592074592,0.9949748744,0.04539227486,0.7790045784,0.9788834549,2.300498811
bowphs/PhilTa,9,zero_variance_k5,zero,variance,5,-1,210;280;430;660;166,-1,0.5445909202,0.5813014838,0.4085005903,0.3822843823,0.4440559441,0.9949748744,0.05142462254,0.733868757,0.9726991927,2.628084033
bowphs/PhilTa,9,zero_variance_k10,zero,variance,10,-1,210;280;430;660;166;87;478;239;742;73,-1,0.5570539599,0.5854157453,0.4073199528,0.3892773893,0.4009324009,0.9949748744,0.06861042976,0.7381019696,0.9390543447,3.549452195
bowphs/PhilTa,9,standardize,standardize,,-1,-1,,0,0.8983976722,0.8862185971,0.5159386068,0.4918414918,0.5337995338,0.7236180905,0.4090543046,0.1534807305,0.4600412966,83.5923124
bowphs/PhilTa,9,center,center,,-1,0,,-1,0.5006400904,0.5073735881,0.3907910272,0.3764568765,0.4195804196,0.9949748744,-0.06015759334,0.8457328269,0.9855989018,1.89493341
bowphs/PhilTa,9,abtt_D1,abtt,,-1,1,,-1,0.5983768787,0.5917313329,0.3707201889,0.3717948718,0.4137529138,0.9447236181,0.1792723946,0.7675999289,0.9099018742,3.879566641
bowphs/PhilTa,9,abtt_D3,abtt,,-1,3,,-1,0.9645216807,0.9669044321,0.7107438017,0.6853146853,0.7400932401,0.5778894472,0.5090176613,0.09739319349,0.4047404616,104.427717
bowphs/PhilTa,9,abtt_D10,abtt,,-1,10,,-1,0.9826002739,0.989792753,0.8512396694,0.8566433566,0.8822843823,0.4522613065,0.539983362,0.03485255588,0.2507291158,168.1755113
bowphs/PhilTa,10,base,base,,-1,-1,,-1,0.5380481888,0.5757484902,0.3565525384,0.3438228438,0.4801864802,0.9949748744,0.03952813148,0.8467020591,0.9847153574,1.903943843
bowphs/PhilTa,10,zero_mean_abs_k1,zero,mean_abs,1,-1,280,-1,0.5373628742,0.5754725408,0.3719008264,0.3543123543,0.4755244755,0.9949748744,0.03999519348,0.8269934757,0.9828420564,2.019526647
bowphs/PhilTa,10,zero_mean_abs_k3,zero,mean_abs,3,-1,280;210;239,-1,0.5402982302,0.576901271,0.3931523022,0.3776223776,0.4638694639,0.9949748744,0.0474345088,0.7959534786,0.9784001635,2.239803157
bowphs/PhilTa,10,zero_mean_abs_k5,zero,mean_abs,5,-1,280;210;239;166;430,-1,0.5404681332,0.5735247282,0.4132231405,0.3811188811,0.4440559441,0.9949748744,0.05194893479,0.7600469128,0.9718051594,2.545437315
bowphs/PhilTa,10,zero_mean_abs_k10,zero,mean_abs,10,-1,280;210;239;166;430;660;87;742;533;537,-1,0.557102297,0.5934473207,0.4049586777,0.3822843823,0.4137529138,0.9899497487,0.07065039873,0.5802795908,0.9457367385,4.034800004
bowphs/PhilTa,10,zero_variance_k1,zero,variance,1,-1,210,-1,0.5383290551,0.5756078016,0.3719008264,0.3543123543,0.4743589744,0.9949748744,0.0415314436,0.8283892677,0.9826216542,2.019716461
bowphs/PhilTa,10,zero_variance_k3,zero,variance,3,-1,210;280;430,-1,0.5381400586,0.5751030728,0.3943329398,0.37995338,0.4662004662,0.9949748744,0.04374706745,0.7774684631,0.9773818189,2.334082055
bowphs/PhilTa,10,zero_variance_k5,zero,variance,5,-1,210;280;430;660;166,-1,0.5438043171,0.5804104324,0.414403778,0.3811188811,0.4405594406,0.9949748744,0.05001276731,0.7333395847,0.9708166172,2.66867244
bowphs/PhilTa,10,zero_variance_k10,zero,variance,10,-1,210;280;430;660;166;478;239;87;742;533,-1,0.5578030732,0.5906465944,0.4238488784,0.3857808858,0.4277389277,0.9899497487,0.0693897903,0.6078130216,0.9352839306,4.335220527
bowphs/PhilTa,10,standardize,standardize,,-1,-1,,0,0.9067286753,0.8957139233,0.5301062574,0.4965034965,0.5477855478,0.6984924623,0.4107609845,0.1426605733,0.450077726,88.2304066
bowphs/PhilTa,10,center,center,,-1,0,,-1,0.5006597233,0.5069369783,0.3907910272,0.3776223776,0.4172494172,0.9949748744,-0.05966819823,0.8467020597,0.9847153573,1.903943841
bowphs/PhilTa,10,abtt_D1,abtt,,-1,1,,-1,0.6018396065,0.5952335674,0.3577331759,0.3624708625,0.4324009324,0.9346733668,0.1841014652,0.7628468117,0.9037369001,4.079690432
bowphs/PhilTa,10,abtt_D3,abtt,,-1,3,,-1,0.9642504068,0.9667686938,0.7024793388,0.6748251748,0.7319347319,0.567839196,0.5033840119,0.08846011397,0.4001710093,107.2035528
bowphs/PhilTa,10,abtt_D10,abtt,,-1,10,,-1,0.9823866369,0.9890661668,0.8417945691,0.8333333333,0.8648018648,0.4271356784,0.5306773911,0.03452535762,0.2507583993,170.7241959
bowphs/PhilTa,11,base,base,,-1,-1,,-1,0.5391559525,0.5768111367,0.3766233766,0.3554778555,0.4696969697,0.9949748744,0.04076766968,0.8379079981,0.9818428112,1.987473058
bowphs/PhilTa,11,zero_mean_abs_k1,zero,mean_abs,1,-1,280,-1,0.538575668,0.5767030121,0.3884297521,0.3706293706,0.4662004662,0.9949748744,0.04107004404,0.8165989406,0.9795843177,2.119048666
bowphs/PhilTa,11,zero_mean_abs_k3,zero,mean_abs,3,-1,280;210;430,-1,0.5393702774,0.5766212174,0.4061393152,0.3741258741,0.4417249417,0.9949748744,0.04496347904,0.7634956262,0.9730904004,2.476448713
bowphs/PhilTa,11,zero_mean_abs_k5,zero,mean_abs,5,-1,280;210;430;166;239,-1,0.5412071993,0.5747038067,0.4179456907,0.3834498834,0.4300699301,0.9949748744,0.05185800791,0.7429636513,0.9663149802,2.735288092
bowphs/PhilTa,11,zero_mean_abs_k10,zero,mean_abs,10,-1,280;210;430;166;239;660;87;742;533;537,-1,0.5583439275,0.593505695,0.414403778,0.3811188811,0.4370629371,0.9849246231,0.07101759315,0.5653676058,0.9366693821,4.382372139
bowphs/PhilTa,11,zero_variance_k1,zero,variance,1,-1,210,-1,0.5398196297,0.577013569,0.3896103896,0.3694638695,0.4673659674,0.9949748744,0.04294550419,0.8181524426,0.9793685557,2.118540136
bowphs/PhilTa,11,zero_variance_k3,zero,variance,3,-1,210;280;430,-1,0.5393702774,0.5766212174,0.4061393152,0.3741258741,0.4417249417,0.9949748744,0.04496347904,0.7634956262,0.9730904004,2.476448713
bowphs/PhilTa,11,zero_variance_k5,zero,variance,5,-1,210;280;430;660;166,-1,0.544041246,0.5809087636,0.4214876033,0.3857808858,0.4277389277,0.9949748744,0.05071175098,0.7170650444,0.9653410068,2.856326827
bowphs/PhilTa,11,zero_variance_k10,zero,variance,10,-1,210;280;430;660;166;478;239;87;742;73,-1,0.5532841849,0.5823899975,0.4238488784,0.3881118881,0.4335664336,0.9899497487,0.06193768978,0.7111578469,0.9233376111,4.145179277
bowphs/PhilTa,11,standardize,standardize,,-1,-1,,0,0.9132361088,0.9064343128,0.5430932704,0.5104895105,0.5687645688,0.6733668342,0.4097061548,0.1324355689,0.4364853312,93.58995268
bowphs/PhilTa,11,center,center,,-1,0,,-1,0.502471751,0.5084303146,0.3907910272,0.3752913753,0.4044289044,0.9949748744,-0.05205492862,0.8379079982,0.9818428112,1.987473058
bowphs/PhilTa,11,abtt_D1,abtt,,-1,1,,-1,0.6068654521,0.5993615888,0.3565525384,0.3601398601,0.4312354312,0.9296482412,0.190533055,0.7519234763,0.8916701943,4.498401893
bowphs/PhilTa,11,abtt_D3,abtt,,-1,3,,-1,0.9643090014,0.9684747687,0.694214876,0.6538461538,0.7156177156,0.5628140704,0.4928749063,0.0821706578,0.3936293039,109.0838594
bowphs/PhilTa,11,abtt_D10,abtt,,-1,10,,-1,0.982290941,0.9882269857,0.8382526564,0.8286713287,0.8566433566,0.4472361809,0.5114327534,0.03292325732,0.2483415329,172.0848595
bowphs/PhilTa,12,base,base,,-1,-1,,-1,0.9112764073,0.8968296647,0.5796930342,0.527972028,0.548951049,0.9095477387,0.1811824441,0.07737138929,0.3417586183,136.1390511
bowphs/PhilTa,12,zero_mean_abs_k1,zero,mean_abs,1,-1,369,-1,0.912360623,0.898260948,0.60094451,0.5710955711,0.5979020979,0.8944723618,0.1849863529,0.07672034506,0.3411766663,136.4355727
bowphs/PhilTa,12,zero_mean_abs_k3,zero,mean_abs,3,-1,369;429;522,-1,0.9158422933,0.9018858709,0.6080283353,0.5745920746,0.6013986014,0.8894472362,0.1920933127,0.07483593414,0.3395681503,137.2117814
bowphs/PhilTa,12,zero_mean_abs_k5,zero,mean_abs,5,-1,369;429;522;639;424,-1,0.9174930711,0.9033016848,0.6127508855,0.5850815851,0.6118881119,0.8844221106,0.1959567666,0.07188998446,0.3352597961,139.0461948
bowphs/PhilTa,12,zero_mean_abs_k10,zero,mean_abs,10,-1,369;429;522;639;424;155;593;704;551;339,-1,0.9205257662,0.9068724787,0.6186540732,0.5827505828,0.6083916084,0.8793969849,0.2052924633,0.07100292868,0.3331029108,140.0545036
bowphs/PhilTa,12,zero_variance_k1,zero,variance,1,-1,639,-1,0.9125061438,0.897775199,0.5867768595,0.5407925408,0.5629370629,0.9045226131,0.1826491952,0.07475378893,0.3379602247,137.7633051
bowphs/PhilTa,12,zero_variance_k3,zero,variance,3,-1,639;178;155,-1,0.9133389744,0.898137463,0.60094451,0.5745920746,0.6013986014,0.8944723618,0.1838563085,0.07465595994,0.3351054592,139.0618549
bowphs/PhilTa,12,zero_variance_k5,zero,variance,5,-1,639;178;155;555;522,-1,0.9138900404,0.8986291592,0.5891381346,0.5337995338,0.5536130536,0.9045226131,0.1858705878,0.07351559762,0.3339336496,139.7336574
bowphs/PhilTa,12,zero_variance_k10,zero,variance,10,-1,639;178;155;555;522;659;41;394;735;653,-1,0.9141782274,0.8984733155,0.6021251476,0.5687645688,0.5944055944,0.8944723618,0.184900403,0.07298498705,0.331052943,141.1268818
bowphs/PhilTa,12,standardize,standardize,,-1,-1,,0,0.9655335748,0.9725164037,0.7036599764,0.6608391608,0.7261072261,0.5175879397,0.4666361185,0.06943987109,0.3220629474,145.5885993
bowphs/PhilTa,12,center,center,,-1,0,,-1,0.9625032681,0.9702581481,0.6859504132,0.6515151515,0.7121212121,0.5376884422,0.4677362028,0.07737138935,0.3417586184,136.1390511
bowphs/PhilTa,12,abtt_D1,abtt,,-1,1,,-1,0.9754052244,0.9790934065,0.7449822904,0.7086247086,0.7447552448,0.5427135678,0.4932376561,0.07162307509,0.3034902226,153.0246896
bowphs/PhilTa,12,abtt_D3,abtt,,-1,3,,-1,0.9819504516,0.9883604109,0.8170011806,0.8053613054,0.8438228438,0.4924623116,0.5046214563,0.04184768059,0.2460697827,181.7949643
bowphs/PhilTa,12,abtt_D10,abtt,,-1,10,,-1,0.9821841214,0.9871982367,0.8441558442,0.8543123543,0.8787878788,0.4120603015,0.4874442197,0.02373222639,0.1873605417,216.0983304
google/mt5-base,1,base,base,,-1,-1,,-1,0.8215975746,0.8068907732,0.4722550177,0.451048951,0.4533799534,0.9949748744,0.02686303854,0.228882843,0.5469534845,58.25333267
google/mt5-base,1,zero_mean_abs_k1,zero,mean_abs,1,-1,46,-1,0.8179794753,0.8030457246,0.5088547816,0.4941724942,0.5023310023,0.9899497487,0.04080677032,0.2319539249,0.5400282206,59.76513627
google/mt5-base,1,zero_mean_abs_k3,zero,mean_abs,3,-1,46;475;407,-1,0.8181225666,0.8086549205,0.5135773318,0.5058275058,0.5116550117,0.9648241206,0.1193714738,0.2057486206,0.4906009761,74.53649793
google/mt5-base,1,zero_mean_abs_k5,zero,mean_abs,5,-1,46;475;407;288;610,-1,0.8211454682,0.8112335148,0.5171192444,0.5023310023,0.5093240093,0.959798995,0.1375040412,0.207611366,0.4872088039,75.42925344
google/mt5-base,1,zero_mean_abs_k10,zero,mean_abs,10,-1,46;475;407;288;610;702;618;432;691;257,-1,0.8426251341,0.8371806596,0.5501770956,0.5384615385,0.541958042,0.959798995,0.1427918077,0.1894095667,0.4266860337,95.16730611
google/mt5-base,1,zero_variance_k1,zero,variance,1,-1,475,-1,0.8340949387,0.8185940555,0.5135773318,0.4976689977,0.5046620047,0.9899497487,0.03729897738,0.2137581806,0.5083399922,69.87843134
google/mt5-base,1,zero_variance_k3,zero,variance,3,-1,475;691;407,-1,0.8534696178,0.8403367723,0.5253837072,0.5186480186,0.5244755245,0.9899497487,0.0412145853,0.1957201888,0.4539109806,86.33566038
google/mt5-base,1,zero_variance_k5,zero,variance,5,-1,475;691;407;46;618,-1,0.8384931387,0.8322644171,0.5572609209,0.541958042,0.5454545455,0.9648241206,0.1193915606,0.1934553423,0.4350251638,92.19173858
google/mt5-base,1,zero_variance_k10,zero,variance,10,-1,475;691;407;46;618;610;257;288;112;494,-1,0.8426712862,0.8369200806,0.5761511216,0.5769230769,0.5839160839,0.9547738693,0.1381684542,0.1862053592,0.4242834396,96.25900404
google/mt5-base,1,standardize,standardize,,-1,-1,,0,0.9394867407,0.9449476705,0.7225501771,0.7051282051,0.7307692308,0.6281407035,0.5235151624,0.1605775654,0.3930438218,110.363125
google/mt5-base,1,center,center,,-1,0,,-1,0.8975668414,0.8921973104,0.6162927981,0.6072261072,0.6585081585,0.6884422111,0.4894881928,0.2288828433,0.5469534828,58.25333314
google/mt5-base,1,abtt_D1,abtt,,-1,1,,-1,0.943823064,0.950834968,0.7225501771,0.7086247086,0.7645687646,0.5527638191,0.4697098376,0.1751108922,0.4272705526,96.90447668
google/mt5-base,1,abtt_D3,abtt,,-1,3,,-1,0.9771989311,0.975859759,0.8099173554,0.8251748252,0.8473193473,0.5025125628,0.526104971,0.05571861818,0.2861395214,161.2321396
google/mt5-base,1,abtt_D10,abtt,,-1,10,,-1,0.9793743197,0.9844432727,0.8783943329,0.8846153846,0.9032634033,0.4371859296,0.5499180425,0.02517404648,0.1857689896,211.697048
google/mt5-base,2,base,base,,-1,-1,,-1,0.8222526765,0.810473276,0.4616292798,0.4347319347,0.4358974359,0.9949748744,0.02573877573,0.199110394,0.5711960268,55.61177224
google/mt5-base,2,zero_mean_abs_k1,zero,mean_abs,1,-1,46,-1,0.8179244188,0.8072571018,0.5017709563,0.4568764569,0.4638694639,0.9899497487,0.03973293304,0.2007973307,0.5695754578,55.97299093
google/mt5-base,2,zero_mean_abs_k3,zero,mean_abs,3,-1,46;475;407,-1,0.8185135918,0.8139163297,0.4935064935,0.465034965,0.4696969697,0.9748743719,0.08959382772,0.1715015469,0.539520488,63.96802971
google/mt5-base,2,zero_mean_abs_k5,zero,mean_abs,5,-1,46;475;407;610;288,-1,0.8292866429,0.823294467,0.5100354191,0.4813519814,0.4848484848,0.9698492462,0.1003150344,0.1556484523,0.528565611,67.65970218
google/mt5-base,2,zero_mean_abs_k10,zero,mean_abs,10,-1,46;475;407;610;288;618;432;702;11;726,-1,0.831293301,0.8285508616,0.5147579693,0.4906759907,0.5,0.9648241206,0.106929183,0.1465198733,0.5191110087,70.47994301
google/mt5-base,2,zero_variance_k1,zero,variance,1,-1,691,-1,0.8367875535,0.8247402869,0.4946871311,0.458041958,0.4592074592,0.9949748744,0.02560847998,0.2097240247,0.5513598058,59.47251494
google/mt5-base,2,zero_variance_k3,zero,variance,3,-1,691;475;407,-1,0.8431424701,0.8326821312,0.5218417946,0.5011655012,0.506993007,0.9899497487,0.03653991222,0.179824985,0.5178418556,68.97598015
google/mt5-base,2,zero_variance_k5,zero,variance,5,-1,691;475;407;610;618,-1,0.8488276847,0.8365296759,0.5194805195,0.5011655012,0.5058275058,0.9899497487,0.03604483604,0.1554838401,0.4967648822,75.90819279
google/mt5-base,2,zero_variance_k10,zero,variance,10,-1,691;475;407;610;618;46;731;84;257;706,-1,0.8436654422,0.8402068156,0.53364817,0.5093240093,0.513986014,0.9698492462,0.09468382597,0.1532271389,0.4881873771,78.48630547
google/mt5-base,2,standardize,standardize,,-1,-1,,0,0.9449676616,0.9458821043,0.6765053129,0.6585081585,0.6841491841,0.6381909548,0.4977912074,0.1316315394,0.4535107518,91.46574188
google/mt5-base,2,center,center,,-1,0,,-1,0.909817035,0.9086853669,0.6033057851,0.5641025641,0.6142191142,0.6733668342,0.4777271524,0.1991103938,0.5711960268,55.61177228
google/mt5-base,2,abtt_D1,abtt,,-1,1,,-1,0.9360701855,0.9389625101,0.6682408501,0.6491841492,0.7121212121,0.6030150754,0.4583887684,0.1486223958,0.4816674995,80.97568656
google/mt5-base,2,abtt_D3,abtt,,-1,3,,-1,0.9582433391,0.9613110198,0.7308146399,0.7459207459,0.796037296,0.5477386935,0.4839014576,0.07977378848,0.3725563222,119.7213983
google/mt5-base,2,abtt_D10,abtt,,-1,10,,-1,0.9747448474,0.9845786597,0.8476977568,0.8741258741,0.8974358974,0.4221105528,0.5360302177,0.03189536807,0.2207897342,182.953414
google/mt5-base,3,base,base,,-1,-1,,-1,0.8041575817,0.7873566829,0.4817001181,0.4452214452,0.4487179487,0.9949748744,0.02458238602,0.2199750312,0.60417676,47.20047927
google/mt5-base,3,zero_mean_abs_k1,zero,mean_abs,1,-1,46,-1,0.7967412958,0.7818091887,0.5053128689,0.4673659674,0.4836829837,0.9899497487,0.0404779911,0.2235759344,0.6012093556,47.74172505
google/mt5-base,3,zero_mean_abs_k3,zero,mean_abs,3,-1,46;475;11,-1,0.8097542953,0.799004191,0.520661157,0.4755244755,0.4976689977,0.9748743719,0.07810610533,0.1872608253,0.5780700114,54.19635733
google/mt5-base,3,zero_mean_abs_k5,zero,mean_abs,5,-1,46;475;11;407;610,-1,0.8152375178,0.8018380701,0.5277449823,0.486013986,0.5011655012,0.9698492462,0.09252721071,0.1846861508,0.559261687,57.75316942
google/mt5-base,3,zero_mean_abs_k10,zero,mean_abs,10,-1,46;475;11;407;610;288;702;618;112;374,-1,0.8175237852,0.8046105691,0.5088547816,0.4813519814,0.4906759907,0.9698492462,0.09851545095,0.1789544456,0.5504912189,59.97725319
google/mt5-base,3,zero_variance_k1,zero,variance,1,-1,691,-1,0.8147566067,0.7966835509,0.5064935065,0.4603729604,0.465034965,0.9949748744,0.02413523197,0.2282763216,0.5888172546,49.40927505
google/mt5-base,3,zero_variance_k3,zero,variance,3,-1,691;475;407,-1,0.8225145934,0.8035565961,0.5324675325,0.5314685315,0.5582750583,0.9899497487,0.03160101175,0.2113074012,0.5628491096,55.04242044
google/mt5-base,3,zero_variance_k5,zero,variance,5,-1,691;475;407;11;610,-1,0.8310226716,0.8093797898,0.5324675325,0.5221445221,0.5396270396,0.9899497487,0.03204423189,0.188045767,0.5419846763,60.82023786
google/mt5-base,3,zero_variance_k10,zero,variance,10,-1,691;475;407;11;610;618;46;702;551;599,-1,0.8259113351,0.8133631792,0.5383707202,0.5104895105,0.5198135198,0.9698492462,0.09226799011,0.177828208,0.5204818939,66.54721424
google/mt5-base,3,standardize,standardize,,-1,-1,,0,0.9385744004,0.9306245019,0.6210153483,0.6351981352,0.662004662,0.648241206,0.4880259176,0.1561456191,0.4887567265,77.37706059
google/mt5-base,3,center,center,,-1,0,,-1,0.8993625937,0.8988063799,0.5478158205,0.5034965035,0.5256410256,0.7587939698,0.469532216,0.2199750313,0.6041767597,47.20047932
google/mt5-base,3,abtt_D1,abtt,,-1,1,,-1,0.9230061017,0.9271628395,0.6422668241,0.6282051282,0.682983683,0.6331658291,0.4463358715,0.1257164312,0.5090685728,71.23074843
google/mt5-base,3,abtt_D3,abtt,,-1,3,,-1,0.9454759628,0.9536021358,0.6753246753,0.6724941725,0.7179487179,0.5728643216,0.4641016632,0.09213161073,0.3928614388,106.3542007
google/mt5-base,3,abtt_D10,abtt,,-1,10,,-1,0.9683046594,0.9772513806,0.813459268,0.8298368298,0.8496503497,0.4824120603,0.5167551558,0.03255106835,0.2418739583,167.0699542
google/mt5-base,4,base,base,,-1,-1,,-1,0.7987307528,0.7711817339,0.4864226682,0.4673659674,0.4906759907,0.9949748744,0.03982490301,0.8932041566,0.9531295215,2.145677276
google/mt5-base,4,zero_mean_abs_k1,zero,mean_abs,1,-1,46,-1,0.788950868,0.7639346737,0.4840613932,0.479020979,0.5337995338,0.9899497487,0.05264651775,0.8876152048,0.9491034568,2.237832057
google/mt5-base,4,zero_mean_abs_k3,zero,mean_abs,3,-1,46;475;11,-1,0.8129615217,0.7975633931,0.4958677686,0.4731934732,0.5058275058,0.9698492462,0.09348523617,0.7564513502,0.8898527038,4.659144293
google/mt5-base,4,zero_mean_abs_k5,zero,mean_abs,5,-1,46;475;11;407;610,-1,0.8207901844,0.8011204963,0.4970484061,0.4731934732,0.4953379953,0.9648241206,0.1039485335,0.7597037362,0.8874324728,4.63624547
google/mt5-base,4,zero_mean_abs_k10,zero,mean_abs,10,-1,46;475;11;407;610;288;374;280;618;106,-1,0.824476041,0.8051946039,0.5017709563,0.472027972,0.486013986,0.9648241206,0.1078505516,0.7344590341,0.8742712779,5.31157484
google/mt5-base,4,zero_variance_k1,zero,variance,1,-1,11,-1,0.805000759,0.7779327191,0.4899645809,0.4708624709,0.486013986,0.9949748744,0.03828626871,0.8345709969,0.9273771852,3.019574142
google/mt5-base,4,zero_variance_k3,zero,variance,3,-1,11;475;580,-1,0.8148721434,0.790789836,0.5029515939,0.5,0.548951049,0.9899497487,0.04198825359,0.7462437746,0.8881112488,4.83494936
google/mt5-base,4,zero_variance_k5,zero,variance,5,-1,11;475;580;46;551,-1,0.8142248261,0.7996789538,0.4970484061,0.4755244755,0.5081585082,0.9698492462,0.09277015924,0.6501874762,0.8416595759,7.853678068
google/mt5-base,4,zero_variance_k10,zero,variance,10,-1,11;475;580;46;551;280;106;610;387;665,-1,0.8245561243,0.8086668596,0.5017709563,0.4755244755,0.4941724942,0.9698492462,0.09361857176,0.5529616589,0.7952272172,12.22872451
google/mt5-base,4,standardize,standardize,,-1,-1,,0,0.9388921875,0.9189546965,0.5914994097,0.5990675991,0.6317016317,0.6582914573,0.4733854041,0.3675878378,0.6673723204,29.53288318
google/mt5-base,4,center,center,,-1,0,,-1,0.8648665228,0.8440976883,0.492325856,0.458041958,0.4825174825,0.8291457286,0.3992059231,0.8932041559,0.9531295212,2.145677285
google/mt5-base,4,abtt_D1,abtt,,-1,1,,-1,0.9026968783,0.9005917979,0.5100354191,0.4801864802,0.5011655012,0.7587939698,0.4668835439,0.2019841157,0.5771506247,52.84201769
google/mt5-base,4,abtt_D3,abtt,,-1,3,,-1,0.9350866551,0.9455815965,0.6245572609,0.6072261072,0.6433566434,0.6231155779,0.4416780968,0.08221144991,0.4249408539,97.70062683
google/mt5-base,4,abtt_D10,abtt,,-1,10,,-1,0.9735060556,0.9781143062,0.7804014168,0.7983682984,0.8228438228,0.4673366834,0.5016874719,0.03652454226,0.2570144575,160.5010131
google/mt5-base,5,base,base,,-1,-1,,-1,0.6537486461,0.6639210277,0.3837072019,0.351981352,0.5116550117,0.9949748744,0.218919009,0.9999509754,0.9999880956,1.000674311
google/mt5-base,5,zero_mean_abs_k1,zero,mean_abs,1,-1,11,-1,0.6550619947,0.6636197282,0.3813459268,0.3601398601,0.4965034965,0.9949748744,0.2084398568,0.9999253988,0.9999818484,1.000994414
google/mt5-base,5,zero_mean_abs_k3,zero,mean_abs,3,-1,11;475;580,-1,0.6599087883,0.6715476197,0.3884297521,0.3706293706,0.5221445221,0.9899497487,0.2024697065,0.9997257058,0.9999300503,1.003324622
google/mt5-base,5,zero_mean_abs_k5,zero,mean_abs,5,-1,11;475;580;46;280,-1,0.6939455328,0.7051855123,0.4108618654,0.3904428904,0.5326340326,0.959798995,0.1523181796,0.9979454765,0.9993160244,1.022133994
google/mt5-base,5,zero_mean_abs_k10,zero,mean_abs,10,-1,11;475;580;46;280;106;551;387;665;409,-1,0.7160909467,0.71187676,0.4321133412,0.4090909091,0.4778554779,0.9648241206,0.1393575072,0.9946637193,0.9978708412,1.055214638
google/mt5-base,5,zero_variance_k1,zero,variance,1,-1,11,-1,0.6550619947,0.6636197282,0.3813459268,0.3601398601,0.4965034965,0.9949748744,0.2084398568,0.9999253988,0.9999818484,1.000994414
google/mt5-base,5,zero_variance_k3,zero,variance,3,-1,11;475;580,-1,0.6599087883,0.6715476197,0.3884297521,0.3706293706,0.5221445221,0.9899497487,0.2024697065,0.9997257058,0.9999300503,1.003324622
google/mt5-base,5,zero_variance_k5,zero,variance,5,-1,11;475;580;46;280,-1,0.6939455328,0.7051855123,0.4108618654,0.3904428904,0.5326340326,0.959798995,0.1523181796,0.9979454765,0.9993160244,1.022133994
google/mt5-base,5,zero_variance_k10,zero,variance,10,-1,11;475;580;46;280;106;551;387;665;409,-1,0.7160909467,0.71187676,0.4321133412,0.4090909091,0.4778554779,0.9648241206,0.1393575072,0.9946637193,0.9978708412,1.055214638
google/mt5-base,5,standardize,standardize,,-1,-1,,0,0.8060733321,0.795427633,0.4675324675,0.4918414918,0.520979021,0.8492462312,0.3562053603,0.910127236,0.9608462849,1.898963175
google/mt5-base,5,center,center,,-1,0,,-1,0.6700981723,0.6607837438,0.2373081464,0.2622377622,0.6235431235,0.6130653266,0.1089699268,0.9999509754,0.9999880956,1.000674311
google/mt5-base,5,abtt_D1,abtt,,-1,1,,-1,0.8349481929,0.8270420387,0.4510035419,0.4219114219,0.4941724942,0.783919598,0.4198235627,0.4581950934,0.767255098,16.89036069
google/mt5-base,5,abtt_D3,abtt,,-1,3,,-1,0.9144711866,0.9210524006,0.5749704841,0.5571095571,0.6573426573,0.5829145729,0.417226178,0.1380006143,0.4956205031,77.06496786
google/mt5-base,5,abtt_D10,abtt,,-1,10,,-1,0.9779059263,0.9775337918,0.7473435655,0.7564102564,0.7902097902,0.4673366834,0.4818214651,0.0415144763,0.2710815051,157.2355003
google/mt5-base,6,base,base,,-1,-1,,-1,0.6565177856,0.6679388316,0.3423848878,0.3461538462,0.5804195804,0.9899497487,0.238314867,0.9999326881,0.9999815268,1.000922554
google/mt5-base,6,zero_mean_abs_k1,zero,mean_abs,1,-1,11,-1,0.6589275708,0.6699933363,0.3766233766,0.365967366,0.5559440559,0.9899497487,0.2208018303,0.9998996445,0.9999716427,1.00133799
google/mt5-base,6,zero_mean_abs_k3,zero,mean_abs,3,-1,11;475;580,-1,0.6650307594,0.6760423061,0.3884297521,0.3962703963,0.5559440559,0.9849246231,0.2172447741,0.9996347247,0.9998928651,1.004410004
google/mt5-base,6,zero_mean_abs_k5,zero,mean_abs,5,-1,11;475;580;46;280,-1,0.7069019559,0.7173325613,0.4332939787,0.4230769231,0.5466200466,0.9547738693,0.1600517035,0.9970323385,0.998904969,1.031523201
google/mt5-base,6,zero_mean_abs_k10,zero,mean_abs,10,-1,11;475;580;46;280;106;551;387;665;610,-1,0.7369471405,0.734730466,0.4687131051,0.4662004662,0.534965035,0.9497487437,0.1500419974,0.9923645284,0.9966117701,1.0783793
google/mt5-base,6,zero_variance_k1,zero,variance,1,-1,11,-1,0.6589275708,0.6699933363,0.3766233766,0.365967366,0.5559440559,0.9899497487,0.2208018303,0.9998996445,0.9999716427,1.00133799
google/mt5-base,6,zero_variance_k3,zero,variance,3,-1,11;475;580,-1,0.6650307594,0.6760423061,0.3884297521,0.3962703963,0.5559440559,0.9849246231,0.2172447741,0.9996347247,0.9998928651,1.004410004
google/mt5-base,6,zero_variance_k5,zero,variance,5,-1,11;475;580;46;280,-1,0.7069019559,0.7173325613,0.4332939787,0.4230769231,0.5466200466,0.9547738693,0.1600517035,0.9970323385,0.998904969,1.031523201
google/mt5-base,6,zero_variance_k10,zero,variance,10,-1,11;475;580;46;280;106;551;387;665;409,-1,0.727282061,0.7256899674,0.4628099174,0.4440559441,0.493006993,0.959798995,0.1461222768,0.9917481987,0.9964079669,1.08392703
google/mt5-base,6,standardize,standardize,,-1,-1,,0,0.8406569373,0.8356668666,0.5159386068,0.5314685315,0.5582750583,0.7939698492,0.3821766851,0.8807500783,0.9428424163,2.316556194
google/mt5-base,6,center,center,,-1,0,,-1,0.677776622,0.6661519936,0.2715466352,0.2937062937,0.6235431235,0.06030150754,0.1076089144,0.9999326882,0.9999815268,1.000922553
google/mt5-base,6,abtt_D1,abtt,,-1,1,,-1,0.8560908207,0.8437877574,0.4439197166,0.4289044289,0.4918414918,0.7889447236,0.4310535584,0.3788784256,0.7364766485,22.04759048
google/mt5-base,6,abtt_D3,abtt,,-1,3,,-1,0.9282987987,0.9232713211,0.5844155844,0.5804195804,0.655011655,0.5778894472,0.4216088352,0.171605748,0.5173584399,66.77855234
google/mt5-base,6,abtt_D10,abtt,,-1,10,,-1,0.9784946925,0.975745232,0.7556080283,0.7750582751,0.8076923077,0.4673366834,0.4830602703,0.03978246595,0.2753385529,154.7026927
google/mt5-base,7,base,base,,-1,-1,,-1,0.6564922606,0.6679442346,0.3565525384,0.351981352,0.5652680653,0.9899497487,0.2439570725,0.999914743,0.9999754562,1.001157337
google/mt5-base,7,zero_mean_abs_k1,zero,mean_abs,1,-1,11,-1,0.6593174509,0.6709713282,0.4002361275,0.3741258741,0.5442890443,0.9899497487,0.2244539857,0.9998741912,0.9999621928,1.001666708
google/mt5-base,7,zero_mean_abs_k3,zero,mean_abs,3,-1,11;475;46,-1,0.6920306989,0.7078465668,0.3707201889,0.3857808858,0.6153846154,0.9396984925,0.1699954867,0.9996403789,0.9998800066,1.004449763
google/mt5-base,7,zero_mean_abs_k5,zero,mean_abs,5,-1,11;475;46;580;280,-1,0.7129443788,0.7208573529,0.4356552538,0.4405594406,0.5431235431,0.9547738693,0.1603523493,0.9961911334,0.9985179908,1.040069856
google/mt5-base,7,zero_mean_abs_k10,zero,mean_abs,10,-1,11;475;46;580;280;106;551;387;610;665,-1,0.7446622869,0.7428856006,0.4769775679,0.4825174825,0.5384615385,0.9447236181,0.1513184309,0.9897149143,0.9952683043,1.104406874
google/mt5-base,7,zero_variance_k1,zero,variance,1,-1,11,-1,0.6593174509,0.6709713282,0.4002361275,0.3741258741,0.5442890443,0.9899497487,0.2244539857,0.9998741912,0.9999621928,1.001666708
google/mt5-base,7,zero_variance_k3,zero,variance,3,-1,11;475;580,-1,0.6644903578,0.6763448573,0.4073199528,0.4079254079,0.5559440559,0.9849246231,0.2188797295,0.9995556971,0.9998589741,1.005350097
google/mt5-base,7,zero_variance_k5,zero,variance,5,-1,11;475;580;46;280,-1,0.7129443788,0.7208573529,0.4356552538,0.4405594406,0.5431235431,0.9547738693,0.1603523493,0.9961911334,0.9985179908,1.040069856
google/mt5-base,7,zero_variance_k10,zero,variance,10,-1,11;475;580;46;280;106;551;387;665;409,-1,0.7327129171,0.7323859923,0.4580873672,0.4475524476,0.479020979,0.959798995,0.1469658017,0.9888059945,0.9949715585,1.112402182
google/mt5-base,7,standardize,standardize,,-1,-1,,0,0.863294361,0.853389177,0.5407319953,0.5431235431,0.5699300699,0.7587939698,0.3955619305,0.8621483176,0.9301436365,2.623254362
google/mt5-base,7,center,center,,-1,0,,-1,0.6775245878,0.6658897695,0.2656434475,0.2925407925,0.6223776224,0.4572864322,0.1077267528,0.999914743,0.9999754562,1.001157337
google/mt5-base,7,abtt_D1,abtt,,-1,1,,-1,0.8610463605,0.8429039198,0.4557260921,0.4405594406,0.5058275058,0.7738693467,0.4316171752,0.3469474428,0.7233961251,24.46005014
google/mt5-base,7,abtt_D3,abtt,,-1,3,,-1,0.9287851426,0.9193458409,0.5985832349,0.6060606061,0.6794871795,0.5728643216,0.4187514689,0.1929907847,0.5210154906,64.90778399
google/mt5-base,7,abtt_D10,abtt,,-1,10,,-1,0.9804539049,0.9730250809,0.7615112161,0.7750582751,0.8146853147,0.4472361809,0.4815830814,0.03917041381,0.269743856,160.2010665
google/mt5-base,8,base,base,,-1,-1,,-1,0.6562558276,0.6670600284,0.3719008264,0.365967366,0.5582750583,0.9899497487,0.2489305139,0.9998760249,0.9999623119,1.001645853
google/mt5-base,8,zero_mean_abs_k1,zero,mean_abs,1,-1,11,-1,0.6593816748,0.6712886858,0.412042503,0.3752913753,0.5081585082,0.9899497487,0.2278072238,0.9998188186,0.9999416184,1.002356224
google/mt5-base,8,zero_mean_abs_k3,zero,mean_abs,3,-1,11;475;46,-1,0.6946984515,0.7121458418,0.3884297521,0.3892773893,0.5874125874,0.9447236181,0.1699576974,0.99948768,0.9998126524,1.006261816
google/mt5-base,8,zero_mean_abs_k5,zero,mean_abs,5,-1,11;475;46;580;280,-1,0.7206475146,0.7250014101,0.4498229044,0.4358974359,0.5151515152,0.9547738693,0.1565781236,0.9942007096,0.9976523241,1.05945709
google/mt5-base,8,zero_mean_abs_k10,zero,mean_abs,10,-1,11;475;46;580;280;106;551;387;610;665,-1,0.7549021655,0.7534407653,0.4876033058,0.493006993,0.5198135198,0.9447236181,0.145508647,0.9828878241,0.991835403,1.17065398
google/mt5-base,8,zero_variance_k1,zero,variance,1,-1,11,-1,0.6593816748,0.6712886858,0.412042503,0.3752913753,0.5081585082,0.9899497487,0.2278072238,0.9998188186,0.9999416184,1.002356224
google/mt5-base,8,zero_variance_k3,zero,variance,3,-1,11;475;580,-1,0.6651619613,0.6766245225,0.4214876033,0.3974358974,0.520979021,0.9849246231,0.2205971777,0.9993807284,0.9997861996,1.007358561
google/mt5-base,8,zero_variance_k5,zero,variance,5,-1,11;475;580;46;280,-1,0.7206475146,0.7250014101,0.4498229044,0.4358974359,0.5151515152,0.9547738693,0.1565781236,0.9942007096,0.9976523241,1.05945709
google/mt5-base,8,zero_variance_k10,zero,variance,10,-1,11;475;580;46;280;106;551;387;665;409,-1,0.7410429671,0.7421761536,0.4734356553,0.4766899767,0.5011655012,0.9547738693,0.1428884268,0.9811785466,0.9913318737,1.185266378
google/mt5-base,8,standardize,standardize,,-1,-1,,0,0.888386842,0.8662605684,0.5218417946,0.5442890443,0.5675990676,0.743718593,0.4030090204,0.8266279919,0.9086546723,3.278802165
google/mt5-base,8,center,center,,-1,0,,-1,0.6766112442,0.6640006479,0.2727272727,0.3111888112,0.6072261072,0.9949748744,0.1093794107,0.9998760249,0.9999623119,1.001645853
google/mt5-base,8,abtt_D1,abtt,,-1,1,,-1,0.8651577723,0.8397753317,0.4651711924,0.4417249417,0.5023310023,0.7688442211,0.4320209557,0.3494473565,0.7064792411,26.2955349
google/mt5-base,8,abtt_D3,abtt,,-1,3,,-1,0.9342766662,0.9193148601,0.5974025974,0.6130536131,0.7074592075,0.5477386935,0.4148586473,0.168310737,0.4930290545,73.23671278
google/mt5-base,8,abtt_D10,abtt,,-1,10,,-1,0.9815393045,0.9706402083,0.7520661157,0.7843822844,0.8216783217,0.4271356784,0.4705633326,0.0344618738,0.2549707046,165.2299294
google/mt5-base,9,base,base,,-1,-1,,-1,0.6596536298,0.6658095457,0.4262101535,0.3939393939,0.5081585082,0.9949748744,0.2351748645,0.9998315699,0.9999445736,1.002204042
google/mt5-base,9,zero_mean_abs_k1,zero,mean_abs,1,-1,11,-1,0.6632676265,0.6719788437,0.4214876033,0.3951048951,0.527972028,0.9899497487,0.2204225361,0.9997522494,0.999913756,1.003175654
google/mt5-base,9,zero_mean_abs_k3,zero,mean_abs,3,-1,11;475;46,-1,0.7013807202,0.719114026,0.3966942149,0.4032634033,0.6177156177,0.9346733668,0.1775597334,0.9993034435,0.9997199823,1.008435555
google/mt5-base,9,zero_mean_abs_k5,zero,mean_abs,5,-1,11;475;46;580;280,-1,0.7335919683,0.7341203241,0.4817001181,0.479020979,0.5442890443,0.9497487437,0.1594853401,0.991836471,0.996479624,1.082640946
google/mt5-base,9,zero_mean_abs_k10,zero,mean_abs,10,-1,11;475;46;580;280;106;551;610;387;665,-1,0.7788817586,0.7736298692,0.5100354191,0.5291375291,0.5477855478,0.9396984925,0.1476707458,0.9739246482,0.9870245547,1.259759717
google/mt5-base,9,zero_variance_k1,zero,variance,1,-1,11,-1,0.6632676265,0.6719788437,0.4214876033,0.3951048951,0.527972028,0.9899497487,0.2204225361,0.9997522494,0.999913756,1.003175654
google/mt5-base,9,zero_variance_k3,zero,variance,3,-1,11;475;580,-1,0.67121719,0.67637139,0.4214876033,0.4324009324,0.5372960373,0.9849246231,0.2072042823,0.9991822607,0.9996897371,1.00964377
google/mt5-base,9,zero_variance_k5,zero,variance,5,-1,11;475;580;46;280,-1,0.7335919683,0.7341203241,0.4817001181,0.479020979,0.5442890443,0.9497487437,0.1594853401,0.991836471,0.996479624,1.082640946
google/mt5-base,9,zero_variance_k10,zero,variance,10,-1,11;475;580;46;280;106;551;387;665;409,-1,0.7625367532,0.760284705,0.5053128689,0.513986014,0.5314685315,0.9497487437,0.1442911029,0.9713718877,0.9862900146,1.281825041
google/mt5-base,9,standardize,standardize,,-1,-1,,0,0.9208762366,0.8905283887,0.5667060213,0.5792540793,0.6037296037,0.7035175879,0.4347769689,0.7903933254,0.8846559242,4.1105224
google/mt5-base,9,center,center,,-1,0,,-1,0.6813947006,0.6680623883,0.292798111,0.3368298368,0.6060606061,0.9949748744,0.1103378534,0.9998315699,0.9999445736,1.002204042
google/mt5-base,9,abtt_D1,abtt,,-1,1,,-1,0.8800522551,0.8527983167,0.4958677686,0.472027972,0.5303030303,0.7487437186,0.4447935205,0.3484071417,0.6815560599,29.44408223
google/mt5-base,9,abtt_D3,abtt,,-1,3,,-1,0.9489141095,0.9379587871,0.6316410862,0.6398601399,0.7412587413,0.5175879397,0.4341682519,0.1366465648,0.4584875141,85.1589083
google/mt5-base,9,abtt_D10,abtt,,-1,10,,-1,0.9823226301,0.9719161154,0.7650531287,0.7867132867,0.831002331,0.4120603015,0.4749351944,0.03231122891,0.2436574991,171.1471054
google/mt5-base,10,base,base,,-1,-1,,-1,0.658869431,0.6650147959,0.4179456907,0.3869463869,0.4906759907,0.9949748744,0.2257661819,0.9998034299,0.9999302336,1.002576256
google/mt5-base,10,zero_mean_abs_k1,zero,mean_abs,1,-1,11,-1,0.662254137,0.6716282047,0.4250295159,0.3927738928,0.520979021,0.9899497487,0.2148019075,0.9997093435,0.9998913646,1.003727664
google/mt5-base,10,zero_mean_abs_k3,zero,mean_abs,3,-1,11;475;46,-1,0.697302458,0.7152645466,0.4085005903,0.3951048951,0.5792540793,0.9447236181,0.1786016226,0.9991720166,0.9996475348,1.010000645
google/mt5-base,10,zero_mean_abs_k5,zero,mean_abs,5,-1,11;475;46;580;280,-1,0.7309288828,0.7298866323,0.4757969303,0.4568764569,0.5034965035,0.9547738693,0.1546611786,0.9901764677,0.995573963,1.099391962
google/mt5-base,10,zero_mean_abs_k10,zero,mean_abs,10,-1,11;475;46;580;280;106;551;610;387;665,-1,0.7810178655,0.7728938426,0.5017709563,0.5186480186,0.541958042,0.9396984925,0.1426439285,0.9676550432,0.9835700458,1.324476796
google/mt5-base,10,zero_variance_k1,zero,variance,1,-1,11,-1,0.662254137,0.6716282047,0.4250295159,0.3927738928,0.520979021,0.9899497487,0.2148019075,0.9997093435,0.9998913646,1.003727664
google/mt5-base,10,zero_variance_k3,zero,variance,3,-1,11;475;580,-1,0.6703305371,0.6761002697,0.4344746163,0.4207459207,0.5186480186,0.9849246231,0.1982847452,0.9990400151,0.9996113972,1.011328087
google/mt5-base,10,zero_variance_k5,zero,variance,5,-1,11;475;580;46;280,-1,0.7309288828,0.7298866323,0.4757969303,0.4568764569,0.5034965035,0.9547738693,0.1546611786,0.9901764677,0.995573963,1.099391962
google/mt5-base,10,zero_variance_k10,zero,variance,10,-1,11;475;580;46;280;106;551;387;665;409,-1,0.7647336808,0.7603623016,0.4994096812,0.4906759907,0.5058275058,0.9497487437,0.1399359107,0.9647162659,0.9826929113,1.350845169
google/mt5-base,10,standardize,standardize,,-1,-1,,0,0.9189183773,0.8891752314,0.5572609209,0.5652680653,0.5932400932,0.6934673367,0.4262701108,0.763481312,0.8677041592,4.831319062
google/mt5-base,10,center,center,,-1,0,,-1,0.6794009011,0.6675573132,0.2845336482,0.3135198135,0.6002331002,0.9949748744,0.1123033762,0.9998034298,0.9999302336,1.002576256
google/mt5-base,10,abtt_D1,abtt,,-1,1,,-1,0.8787152876,0.8562887061,0.4805194805,0.4475524476,0.5046620047,0.7386934673,0.4288052479,0.3043362818,0.6567987693,34.98061592
google/mt5-base,10,abtt_D3,abtt,,-1,3,,-1,0.9453413006,0.9360397683,0.6151121606,0.6165501166,0.7121212121,0.5226130653,0.4183792748,0.1105600753,0.446689702,91.72160962
google/mt5-base,10,abtt_D10,abtt,,-1,10,,-1,0.9771820638,0.9684617411,0.759149941,0.7878787879,0.8251748252,0.4221105528,0.4586163881,0.03301495686,0.2413990517,174.2245243
google/mt5-base,11,base,base,,-1,-1,,-1,0.6594673554,0.6637982675,0.4085005903,0.3776223776,0.479020979,0.9949748744,0.2133562863,0.9997424303,0.9999011806,1.003349429
google/mt5-base,11,zero_mean_abs_k1,zero,mean_abs,1,-1,11,-1,0.6637930967,0.6709010272,0.4214876033,0.3857808858,0.5081585082,0.9899497487,0.2083486617,0.9996127789,0.9998471568,1.004901266
google/mt5-base,11,zero_mean_abs_k3,zero,mean_abs,3,-1,11;475;46,-1,0.6970449065,0.71331783,0.4214876033,0.3881118881,0.5396270396,0.9547738693,0.1868272424,0.9988920395,0.999507934,1.013158712
google/mt5-base,11,zero_mean_abs_k5,zero,mean_abs,5,-1,11;475;46;580;106,-1,0.7357821215,0.7333790107,0.4769775679,0.4685314685,0.506993007,0.9547738693,0.1442452073,0.9862580869,0.9935038181,1.137745906
google/mt5-base,11,zero_mean_abs_k10,zero,mean_abs,10,-1,11;475;46;580;106;280;551;610;387;407,-1,0.7938866882,0.7809311376,0.507674144,0.5093240093,0.534965035,0.9396984925,0.1354928613,0.9576443374,0.9780394896,1.42967278
google/mt5-base,11,zero_variance_k1,zero,variance,1,-1,11,-1,0.6637930967,0.6709010272,0.4214876033,0.3857808858,0.5081585082,0.9899497487,0.2083486617,0.9996127789,0.9998471568,1.004901266
google/mt5-base,11,zero_variance_k3,zero,variance,3,-1,11;475;580,-1,0.6717194071,0.6755401848,0.427390791,0.4125874126,0.506993007,0.9849246231,0.1859513223,0.9987204614,0.999457479,1.014880548
google/mt5-base,11,zero_variance_k5,zero,variance,5,-1,11;475;580;46;106,-1,0.7357821215,0.7333790107,0.4769775679,0.4685314685,0.506993007,0.9547738693,0.1442452073,0.9862580869,0.9935038181,1.137745906
google/mt5-base,11,zero_variance_k10,zero,variance,10,-1,11;475;580;46;106;280;551;387;665;702,-1,0.7751455903,0.76818193,0.4781582054,0.4871794872,0.5081585082,0.9497487437,0.1290794611,0.9503362771,0.9746832304,1.506064412
google/mt5-base,11,standardize,standardize,,-1,-1,,0,0.9216978087,0.897355063,0.5608028335,0.5454545455,0.5780885781,0.6733668342,0.4313037606,0.7226766148,0.8443936239,6.063371485
google/mt5-base,11,center,center,,-1,0,,-1,0.6796769769,0.6687865649,0.2975206612,0.3205128205,0.5920745921,0.9949748744,0.1128192544,0.9997424303,0.9999011806,1.003349429
google/mt5-base,11,abtt_D1,abtt,,-1,1,,-1,0.8775615844,0.8635114503,0.4651711924,0.4289044289,0.4755244755,0.7336683417,0.4212712962,0.2503776063,0.6288732106,41.18815186
google/mt5-base,11,abtt_D3,abtt,,-1,3,,-1,0.9389582215,0.9336797783,0.6245572609,0.6083916084,0.6864801865,0.5427135678,0.4109375737,0.09513232911,0.4334629258,95.44663724
google/mt5-base,11,abtt_D10,abtt,,-1,10,,-1,0.9737890384,0.9682586384,0.7272727273,0.7645687646,0.7972027972,0.4371859296,0.4493437324,0.03266937752,0.2470289554,168.9029822
google/mt5-base,12,base,base,,-1,-1,,-1,0.8375412699,0.8149791841,0.4958677686,0.4662004662,0.472027972,0.9698492462,0.08149707317,0.2171549185,0.5486691334,58.83745625
google/mt5-base,12,zero_mean_abs_k1,zero,mean_abs,1,-1,551,-1,0.8423120393,0.8215808789,0.5029515939,0.4813519814,0.4953379953,0.959798995,0.09499919415,0.2169186065,0.5396378842,60.90983201
google/mt5-base,12,zero_mean_abs_k3,zero,mean_abs,3,-1,551;11;106,-1,0.8462300526,0.8267042342,0.5100354191,0.4825174825,0.4965034965,0.9547738693,0.1040453315,0.2167081145,0.5319242941,62.44831191
google/mt5-base,12,zero_mean_abs_k5,zero,mean_abs,5,-1,551;11;106;255;280,-1,0.8528362034,0.8335496038,0.5218417946,0.493006993,0.5081585082,0.9497487437,0.1075600386,0.1972393365,0.5120521836,68.83511562
google/mt5-base,12,zero_mean_abs_k10,zero,mean_abs,10,-1,551;11;106;255;280;618;544;407;288;610,-1,0.8604967001,0.8388761857,0.5277449823,0.506993007,0.5174825175,0.9447236181,0.1149628162,0.1939980045,0.5020791922,71.38497276
google/mt5-base,12,zero_variance_k1,zero,variance,1,-1,280,-1,0.8442176647,0.8210769467,0.5230224321,0.4988344988,0.5128205128,0.9648241206,0.08024829626,0.1984185996,0.535899892,63.19850998
google/mt5-base,12,zero_variance_k3,zero,variance,3,-1,280;551;255,-1,0.8481312144,0.8269624012,0.5159386068,0.5046620047,0.5186480186,0.9547738693,0.0973803401,0.1974513551,0.5204972597,67.02109301
google/mt5-base,12,zero_variance_k5,zero,variance,5,-1,280;551;255;106;610,-1,0.8547360419,0.8327446517,0.5159386068,0.4941724942,0.5046620047,0.9547738693,0.1010546088,0.1916105008,0.5116638213,69.43054474
google/mt5-base,12,zero_variance_k10,zero,variance,10,-1,280;551;255;106;610;11;618;702;691;407,-1,0.8593142493,0.8378029187,0.5324675325,0.5268065268,0.5384615385,0.9447236181,0.1105802059,0.1910817329,0.5003519286,72.14890357
google/mt5-base,12,standardize,standardize,,-1,-1,,0,0.93035021,0.9204383722,0.5430932704,0.5501165501,0.5839160839,0.6281407035,0.445984876,0.1552350944,0.4620956556,85.08688654
google/mt5-base,12,center,center,,-1,0,,-1,0.9062526095,0.896833571,0.5053128689,0.4813519814,0.5128205128,0.6934673367,0.4480017875,0.2171549184,0.5486691332,58.83745629
google/mt5-base,12,abtt_D1,abtt,,-1,1,,-1,0.9392198939,0.9299417558,0.5985832349,0.5827505828,0.6853146853,0.527638191,0.4041053437,0.1041532781,0.4420453305,93.37759786
google/mt5-base,12,abtt_D3,abtt,,-1,3,,-1,0.95030785,0.9491408001,0.6340023613,0.6107226107,0.7074592075,0.5025125628,0.4121412841,0.07353229837,0.3620882298,122.1044146
google/mt5-base,12,abtt_D10,abtt,,-1,10,,-1,0.9723860391,0.9656127588,0.774498229,0.7785547786,0.8205128205,0.3869346734,0.4417008313,0.03221317055,0.2429259211,177.9850431
sentence-transformers/LaBSE,1,base,base,,-1,-1,,-1,0.8056922765,0.8231055818,0.4887839433,0.465034965,0.4766899767,0.9849246231,0.05995458364,0.2626509753,0.6141613199,44.97974218
sentence-transformers/LaBSE,1,zero_mean_abs_k1,zero,mean_abs,1,-1,622,-1,0.8043700005,0.8238906659,0.5135773318,0.5046620047,0.5244755245,0.9798994975,0.06941080093,0.2633742356,0.6035216001,46.10799563
sentence-transformers/LaBSE,1,zero_mean_abs_k3,zero,mean_abs,3,-1,622;7;526,-1,0.7931743928,0.8130201004,0.4935064935,0.4813519814,0.5,0.9798994975,0.0707886219,0.2665774001,0.5815050014,49.49421994
sentence-transformers/LaBSE,1,zero_mean_abs_k5,zero,mean_abs,5,-1,622;7;526;139;501,-1,0.7942231688,0.8133136095,0.4935064935,0.4766899767,0.4883449883,0.9798994975,0.07243537903,0.2583939322,0.5701330741,52.1066746
sentence-transformers/LaBSE,1,zero_mean_abs_k10,zero,mean_abs,10,-1,622;7;526;139;501;725;593;489;290;607,-1,0.787792196,0.8076940331,0.4958677686,0.4696969697,0.4766899767,0.9798994975,0.06450331211,0.1991747136,0.4979903141,73.59505615
sentence-transformers/LaBSE,1,zero_variance_k1,zero,variance,1,-1,489,-1,0.8018861087,0.8187563363,0.5029515939,0.4755244755,0.486013986,0.9849246231,0.05106973648,0.2017027119,0.5620981572,58.58580298
sentence-transformers/LaBSE,1,zero_variance_k3,zero,variance,3,-1,489;7;622,-1,0.7875998055,0.8048420203,0.4994096812,0.493006993,0.506993007,0.9798994975,0.05839163065,0.2064232978,0.5291353622,65.22644503
sentence-transformers/LaBSE,1,zero_variance_k5,zero,variance,5,-1,489;7;622;160;139,-1,0.7751696205,0.7900666317,0.5029515939,0.4941724942,0.5104895105,0.9798994975,0.05581200123,0.2049787645,0.4990223323,71.85204961
sentence-transformers/LaBSE,1,zero_variance_k10,zero,variance,10,-1,489;7;622;160;139;526;533;158;80;116,-1,0.7896344524,0.8043889368,0.5182998819,0.5058275058,0.5198135198,0.9798994975,0.05424827337,0.2132425165,0.459084942,80.11872471
sentence-transformers/LaBSE,1,standardize,standardize,,-1,-1,,0,0.9073370241,0.9315462051,0.6151121606,0.5792540793,0.6212121212,0.6934673367,0.4735611436,0.1887405055,0.4256285203,95.07372579
sentence-transformers/LaBSE,1,center,center,,-1,0,,-1,0.867336411,0.8803540496,0.4899645809,0.4766899767,0.4988344988,0.8291457286,0.4796245173,0.2626509751,0.61416132,44.9797422
sentence-transformers/LaBSE,1,abtt_D1,abtt,,-1,1,,-1,0.8863162046,0.9042594278,0.5230224321,0.5116550117,0.5606060606,0.7286432161,0.4316107417,0.138154597,0.4914573054,79.92599821
sentence-transformers/LaBSE,1,abtt_D3,abtt,,-1,3,,-1,0.9288351709,0.954646938,0.6198347107,0.5874125874,0.6188811189,0.6231155779,0.4432185874,0.07701898992,0.3613782985,126.6024745
sentence-transformers/LaBSE,1,abtt_D10,abtt,,-1,10,,-1,0.9767213248,0.9787112152,0.8453364817,0.8508158508,0.8764568765,0.4170854271,0.5196645188,0.02816000886,0.2048188706,194.4782388
sentence-transformers/LaBSE,2,base,base,,-1,-1,,-1,0.8334551477,0.8469874406,0.5147579693,0.4941724942,0.5431235431,0.9899497487,0.03744322062,0.340054632,0.6635719758,32.32631784
sentence-transformers/LaBSE,2,zero_mean_abs_k1,zero,mean_abs,1,-1,501,-1,0.8316135267,0.8458314239,0.5123966942,0.4918414918,0.5466200466,0.9849246231,0.05258673429,0.3423364605,0.6608663685,32.55491667
sentence-transformers/LaBSE,2,zero_mean_abs_k3,zero,mean_abs,3,-1,501;622;653,-1,0.8307487716,0.8485564783,0.5182998819,0.4883449883,0.534965035,0.9748743719,0.08710920811,0.3328323767,0.656297235,33.84966378
sentence-transformers/LaBSE,2,zero_mean_abs_k5,zero,mean_abs,5,-1,501;622;653;526;7,-1,0.8239362198,0.8396621283,0.5041322314,0.4941724942,0.5314685315,0.9748743719,0.08693230152,0.3292206496,0.6304867802,37.31261485
sentence-transformers/LaBSE,2,zero_mean_abs_k10,zero,mean_abs,10,-1,501;622;653;526;7;139;489;122;160;533,-1,0.801240677,0.8139637619,0.4852420307,0.4673659674,0.4766899767,0.9798994975,0.06364709139,0.1895709336,0.4989000092,71.97864557
sentence-transformers/LaBSE,2,zero_variance_k1,zero,variance,1,-1,489,-1,0.8298962647,0.8417272609,0.5324675325,0.5128205128,0.5512820513,0.9899497487,0.02990287542,0.2417088579,0.5956336994,47.73290937
sentence-transformers/LaBSE,2,zero_variance_k3,zero,variance,3,-1,489;7;622,-1,0.8217707894,0.8321238399,0.5442739079,0.5174825175,0.5710955711,0.9849246231,0.03656500578,0.2079039331,0.5553241129,57.97760959
sentence-transformers/LaBSE,2,zero_variance_k5,zero,variance,5,-1,489;7;622;139;160,-1,0.8176939373,0.8253463666,0.492325856,0.479020979,0.4848484848,0.9899497487,0.03465181589,0.2011484824,0.5287396547,63.90958246
sentence-transformers/LaBSE,2,zero_variance_k10,zero,variance,10,-1,489;7;622;139;160;533;526;501;122;158,-1,0.8053312994,0.81782758,0.4970484061,0.4755244755,0.4883449883,0.9798994975,0.05833703279,0.1904518392,0.4910575803,73.41356246
sentence-transformers/LaBSE,2,standardize,standardize,,-1,-1,,0,0.9080971423,0.9259296271,0.5537190083,0.5303030303,0.5687645688,0.7336683417,0.4702937965,0.1645738218,0.4752627278,80.69569715
sentence-transformers/LaBSE,2,center,center,,-1,0,,-1,0.862681976,0.8726481392,0.4687131051,0.4440559441,0.4615384615,0.8743718593,0.506803087,0.340054631,0.6635719748,32.32631801
sentence-transformers/LaBSE,2,abtt_D1,abtt,,-1,1,,-1,0.8987662281,0.9133838314,0.5785123967,0.5326340326,0.6002331002,0.6934673367,0.4468400939,0.1202772602,0.5092921934,73.37051915
sentence-transformers/LaBSE,2,abtt_D3,abtt,,-1,3,,-1,0.9218322697,0.9491045104,0.6753246753,0.6223776224,0.6923076923,0.5929648241,0.450715877,0.08676444247,0.4063355033,104.5206905
sentence-transformers/LaBSE,2,abtt_D10,abtt,,-1,10,,-1,0.9787282823,0.97510974,0.8229043684,0.8298368298,0.8566433566,0.432160804,0.5313991503,0.03741567142,0.2458684311,167.8721149
sentence-transformers/LaBSE,3,base,base,,-1,-1,,-1,0.8533285492,0.8621472495,0.5301062574,0.5,0.513986014,0.9849246231,0.06240105629,0.3303455092,0.609310143,38.3955779
sentence-transformers/LaBSE,3,zero_mean_abs_k1,zero,mean_abs,1,-1,475,-1,0.8614739293,0.8755012975,0.5678866588,0.5466200466,0.5710955711,0.9698492462,0.09006845951,0.2970193215,0.5874110643,44.05437063
sentence-transformers/LaBSE,3,zero_mean_abs_k3,zero,mean_abs,3,-1,475;501;139,-1,0.8639110337,0.8778484281,0.5690672963,0.5431235431,0.5664335664,0.9648241206,0.1082160473,0.2948527018,0.5811383819,45.11917537
sentence-transformers/LaBSE,3,zero_mean_abs_k5,zero,mean_abs,5,-1,475;501;139;7;122,-1,0.8521865114,0.8619185195,0.5395513577,0.5163170163,0.5303030303,0.9648241206,0.1137347817,0.285031936,0.5606583383,49.41759145
sentence-transformers/LaBSE,3,zero_mean_abs_k10,zero,mean_abs,10,-1,475;501;139;7;122;526;489;533;160;218,-1,0.8442437588,0.855112349,0.5478158205,0.5163170163,0.534965035,0.959798995,0.1013750434,0.181783207,0.4717290362,76.36838465
sentence-transformers/LaBSE,3,zero_variance_k1,zero,variance,1,-1,489,-1,0.851519431,0.8597059496,0.5407319953,0.5034965035,0.5163170163,0.9849246231,0.05354553461,0.2565584343,0.5552283343,51.7589929
sentence-transformers/LaBSE,3,zero_variance_k3,zero,variance,3,-1,489;475;7,-1,0.8549628184,0.8643749103,0.5690672963,0.5396270396,0.5559440559,0.9698492462,0.07671177387,0.1962524645,0.4995248806,68.00726035
sentence-transformers/LaBSE,3,zero_variance_k5,zero,variance,5,-1,489;475;7;139;160,-1,0.851325628,0.8584845055,0.5548996458,0.5233100233,0.541958042,0.9698492462,0.08050829172,0.1898891638,0.4834873298,72.57349111
sentence-transformers/LaBSE,3,zero_variance_k10,zero,variance,10,-1,489;475;7;139;160;122;533;526;158;80,-1,0.8484884295,0.8583721976,0.5478158205,0.506993007,0.520979021,0.9698492462,0.08299058676,0.1761271951,0.4656868938,78.37536016
sentence-transformers/LaBSE,3,standardize,standardize,,-1,-1,,0,0.9257722906,0.939055242,0.6092089728,0.5839160839,0.6305361305,0.6934673367,0.4963254975,0.1664127738,0.4573917033,82.93178894
sentence-transformers/LaBSE,3,center,center,,-1,0,,-1,0.8821804791,0.8919134149,0.5029515939,0.479020979,0.4965034965,0.8442211055,0.5189706418,0.3303455076,0.609310142,38.39557814
sentence-transformers/LaBSE,3,abtt_D1,abtt,,-1,1,,-1,0.93393164,0.9444256961,0.6292798111,0.5839160839,0.641025641,0.6633165829,0.4777785372,0.09670666682,0.437403392,90.02708384
sentence-transformers/LaBSE,3,abtt_D3,abtt,,-1,3,,-1,0.9435849146,0.9724493213,0.7308146399,0.7004662005,0.7599067599,0.5527638191,0.4868708396,0.06662628518,0.3636234545,114.0576917
sentence-transformers/LaBSE,3,abtt_D10,abtt,,-1,10,,-1,0.9776056488,0.9806913964,0.8595041322,0.8484848485,0.8787878788,0.432160804,0.5426991509,0.03569202347,0.2473889014,159.4421367
sentence-transformers/LaBSE,4,base,base,,-1,-1,,-1,0.8620640942,0.869687987,0.5537190083,0.541958042,0.5652680653,0.9798994975,0.07339543104,0.3404026576,0.6297696542,35.58834446
sentence-transformers/LaBSE,4,zero_mean_abs_k1,zero,mean_abs,1,-1,7,-1,0.8552832133,0.8573761585,0.5407319953,0.527972028,0.5641025641,0.9748743719,0.08557879925,0.3410924257,0.6153138997,37.61591053
sentence-transformers/LaBSE,4,zero_mean_abs_k3,zero,mean_abs,3,-1,7;622;139,-1,0.8605318792,0.8623589564,0.5289256198,0.5093240093,0.5326340326,0.9648241206,0.1258332133,0.3210487303,0.5938470762,41.84820602
sentence-transformers/LaBSE,4,zero_mean_abs_k5,zero,mean_abs,5,-1,7;622;139;526;489,-1,0.8673880804,0.8716311313,0.5442739079,0.5104895105,0.527972028,0.959798995,0.1122131944,0.2035913452,0.5008732927,67.48097226
sentence-transformers/LaBSE,4,zero_mean_abs_k10,zero,mean_abs,10,-1,7;622;139;526;489;587;501;218;533;122,-1,0.8626555208,0.8684888205,0.53364817,0.4988344988,0.5128205128,0.9547738693,0.1257945895,0.1904723451,0.4935111501,70.74685508
sentence-transformers/LaBSE,4,zero_variance_k1,zero,variance,1,-1,489,-1,0.8645865752,0.8714694739,0.5643447462,0.5431235431,0.5582750583,0.9798994975,0.06116932631,0.2414509288,0.5616625693,52.1301121
sentence-transformers/LaBSE,4,zero_variance_k3,zero,variance,3,-1,489;7;139,-1,0.8614616788,0.8600901546,0.5383707202,0.5058275058,0.5233100233,0.9748743719,0.07899004221,0.2177624236,0.5223857505,62.09998445
sentence-transformers/LaBSE,4,zero_variance_k5,zero,variance,5,-1,489;7;139;622;160,-1,0.8603612586,0.8618291274,0.5407319953,0.5326340326,0.5559440559,0.959798995,0.1018461585,0.1988365524,0.4987321558,68.87457036
sentence-transformers/LaBSE,4,zero_variance_k10,zero,variance,10,-1,489;7;139;622;160;122;526;158;80;533,-1,0.8584066996,0.8635192827,0.5395513577,0.4976689977,0.5151515152,0.959798995,0.1067188382,0.1814551526,0.4746710059,76.35645513
sentence-transformers/LaBSE,4,standardize,standardize,,-1,-1,,0,0.9311302079,0.940960491,0.5796930342,0.5699300699,0.5990675991,0.6984924623,0.4878179752,0.1608855041,0.4515735784,85.54448678
sentence-transformers/LaBSE,4,center,center,,-1,0,,-1,0.8836402491,0.8898924563,0.4876033058,0.4603729604,0.472027972,0.8592964824,0.5237378809,0.3404026577,0.6297696543,35.58834444
sentence-transformers/LaBSE,4,abtt_D1,abtt,,-1,1,,-1,0.9285195277,0.9386316376,0.6635182999,0.6212121212,0.7004662005,0.6130653266,0.4734924422,0.1112562095,0.4569129273,85.04576282
sentence-transformers/LaBSE,4,abtt_D3,abtt,,-1,3,,-1,0.9398057985,0.970595913,0.7190082645,0.6923076923,0.7703962704,0.5477386935,0.4747823239,0.07435361806,0.3755161858,110.7650747
sentence-transformers/LaBSE,4,abtt_D10,abtt,,-1,10,,-1,0.9766282299,0.9797738395,0.8358913813,0.8414918415,0.8741258741,0.4221105528,0.5248696008,0.03244346733,0.2511015778,162.8582392
sentence-transformers/LaBSE,5,base,base,,-1,-1,,-1,0.8642594059,0.8661079952,0.5430932704,0.520979021,0.5431235431,0.9798994975,0.06604146957,0.308153412,0.5837372659,44.45496438
sentence-transformers/LaBSE,5,zero_mean_abs_k1,zero,mean_abs,1,-1,622,-1,0.8711465076,0.8762145048,0.5584415584,0.5652680653,0.5967365967,0.9648241206,0.09624260664,0.2865443011,0.5693598694,48.54273672
sentence-transformers/LaBSE,5,zero_mean_abs_k3,zero,mean_abs,3,-1,622;7;653,-1,0.8654837988,0.8681795971,0.5430932704,0.5244755245,0.5466200466,0.959798995,0.1198813915,0.28729529,0.562842828,49.56838764
sentence-transformers/LaBSE,5,zero_mean_abs_k5,zero,mean_abs,5,-1,622;7;653;587;139,-1,0.8641784358,0.8658760814,0.5277449823,0.5116550117,0.5337995338,0.9547738693,0.1378282309,0.2735036343,0.5517367483,52.66323771
sentence-transformers/LaBSE,5,zero_mean_abs_k10,zero,mean_abs,10,-1,622;7;653;587;139;526;218;489;122;501,-1,0.8639308745,0.8672049276,0.5371900826,0.5081585082,0.527972028,0.9447236181,0.1402493715,0.2066377465,0.5004185064,68.3813494
sentence-transformers/LaBSE,5,zero_variance_k1,zero,variance,1,-1,489,-1,0.8677600441,0.8681647116,0.5537190083,0.527972028,0.5477855478,0.9798994975,0.06033980846,0.2554910864,0.5468461529,54.68275243
sentence-transformers/LaBSE,5,zero_variance_k3,zero,variance,3,-1,489;622;139,-1,0.8782665638,0.881048856,0.5832349469,0.5827505828,0.62004662,0.959798995,0.09094047546,0.2128390898,0.5153912211,64.79054038
sentence-transformers/LaBSE,5,zero_variance_k5,zero,variance,5,-1,489;622;139;7;160,-1,0.8690496665,0.8695846346,0.5419126328,0.5244755245,0.541958042,0.959798995,0.1049126983,0.2123664836,0.5058399762,67.05287876
sentence-transformers/LaBSE,5,zero_variance_k10,zero,variance,10,-1,489;622;139;7;160;122;526;158;80;533,-1,0.8673660088,0.8692888544,0.5312868949,0.5046620047,0.5198135198,0.959798995,0.1078200936,0.2072495432,0.497807547,69.2345008
sentence-transformers/LaBSE,5,standardize,standardize,,-1,-1,,0,0.9361859942,0.9394199601,0.5950413223,0.5780885781,0.6048951049,0.6984924623,0.497326369,0.1658203315,0.4572835672,83.89900494
sentence-transformers/LaBSE,5,center,center,,-1,0,,-1,0.8985768957,0.9023145023,0.507674144,0.4918414918,0.5128205128,0.8090452261,0.5140298018,0.308153411,0.5837372651,44.45496458
sentence-transformers/LaBSE,5,abtt_D1,abtt,,-1,1,,-1,0.9372585148,0.9426572615,0.6363636364,0.6188811189,0.6864801865,0.6231155779,0.461978239,0.08797499768,0.4171179113,98.67762542
sentence-transformers/LaBSE,5,abtt_D3,abtt,,-1,3,,-1,0.9578129203,0.976204765,0.7249114522,0.7272727273,0.7703962704,0.5577889447,0.4950279687,0.06148281541,0.3454797451,123.5730577
sentence-transformers/LaBSE,5,abtt_D10,abtt,,-1,10,,-1,0.9677035833,0.9807847096,0.8347107438,0.8111888112,0.8473193473,0.4271356784,0.5006135256,0.03122487087,0.2485964105,170.014457
sentence-transformers/LaBSE,6,base,base,,-1,-1,,-1,0.8936214015,0.8921253074,0.6316410862,0.6398601399,0.6736596737,0.9698492462,0.07798576355,0.2564816788,0.5371750285,55.25579682
sentence-transformers/LaBSE,6,zero_mean_abs_k1,zero,mean_abs,1,-1,7,-1,0.889732762,0.8875098548,0.5891381346,0.5932400932,0.6142191142,0.959798995,0.111954987,0.2629047132,0.5318554885,55.59295728
sentence-transformers/LaBSE,6,zero_mean_abs_k3,zero,mean_abs,3,-1,7;139;501,-1,0.8847619227,0.8821582049,0.5737898465,0.5687645688,0.5897435897,0.9497487437,0.1454715729,0.2532282857,0.5241011013,58.03065499
sentence-transformers/LaBSE,6,zero_mean_abs_k5,zero,mean_abs,5,-1,7;139;501;489;526,-1,0.9012070968,0.9014207988,0.5832349469,0.5745920746,0.5897435897,0.9396984925,0.1521904469,0.1758060853,0.4667280095,77.288897
sentence-transformers/LaBSE,6,zero_mean_abs_k10,zero,mean_abs,10,-1,7;139;501;489;526;218;653;160;80;622,-1,0.9011118763,0.9030486438,0.5985832349,0.5792540793,0.5944055944,0.9296482412,0.1714534163,0.1611713021,0.4577972287,81.30615731
sentence-transformers/LaBSE,6,zero_variance_k1,zero,variance,1,-1,489,-1,0.903799968,0.9003969778,0.6304604486,0.6433566434,0.6643356643,0.9698492462,0.07206189632,0.1817811622,0.4869764329,71.90183187
sentence-transformers/LaBSE,6,zero_variance_k3,zero,variance,3,-1,489;139;7,-1,0.9016726445,0.8991636911,0.5785123967,0.5757575758,0.5874125874,0.9547738693,0.1214104891,0.176161226,0.4677634058,76.88308635
sentence-transformers/LaBSE,6,zero_variance_k5,zero,variance,5,-1,489;139;7;160;122,-1,0.8955529062,0.8938836831,0.5761511216,0.5722610723,0.5804195804,0.9547738693,0.1196622849,0.1613152812,0.4601114492,80.5865698
sentence-transformers/LaBSE,6,zero_variance_k10,zero,variance,10,-1,489;139;7;160;122;526;158;176;653;80,-1,0.900639056,0.9008175022,0.5832349469,0.5699300699,0.5804195804,0.9497487437,0.1296312809,0.1551115853,0.4524261788,83.54020355
sentence-transformers/LaBSE,6,standardize,standardize,,-1,-1,,0,0.9568099238,0.9615263188,0.665879575,0.6491841492,0.6771561772,0.6532663317,0.5288142978,0.1294223147,0.4257086879,95.12498787
sentence-transformers/LaBSE,6,center,center,,-1,0,,-1,0.9246316722,0.929752173,0.5678866588,0.5617715618,0.5815850816,0.7688442211,0.5384187112,0.2564816789,0.5371750285,55.2557968
sentence-transformers/LaBSE,6,abtt_D1,abtt,,-1,1,,-1,0.9601942961,0.9614332975,0.7142857143,0.6841491841,0.7494172494,0.5778894472,0.5033170709,0.079368523,0.3976584112,102.533207
sentence-transformers/LaBSE,6,abtt_D3,abtt,,-1,3,,-1,0.964899964,0.9802727397,0.7851239669,0.7610722611,0.8006993007,0.5376884422,0.5220369343,0.05979946312,0.334704543,125.1168279
sentence-transformers/LaBSE,6,abtt_D10,abtt,,-1,10,,-1,0.9758555183,0.9843443016,0.8476977568,0.831002331,0.8566433566,0.4371859296,0.5320857404,0.03235124623,0.2470197702,164.5322505
sentence-transformers/LaBSE,7,base,base,,-1,-1,,-1,0.8870614553,0.8878139968,0.5844155844,0.5606060606,0.5839160839,0.9798994975,0.08825451136,0.4271264035,0.6714095383,25.59398918
sentence-transformers/LaBSE,7,zero_mean_abs_k1,zero,mean_abs,1,-1,622,-1,0.8893123767,0.8921436341,0.6033057851,0.5955710956,0.6282051282,0.9698492462,0.1158445477,0.426112516,0.6686309878,25.97801532
sentence-transformers/LaBSE,7,zero_mean_abs_k3,zero,mean_abs,3,-1,622;7;139,-1,0.8829660835,0.8782180717,0.5324675325,0.5081585082,0.520979021,0.9648241206,0.1639081836,0.4075525384,0.6477163102,29.21174249
sentence-transformers/LaBSE,7,zero_mean_abs_k5,zero,mean_abs,5,-1,622;7;139;218;526,-1,0.8757939992,0.870840899,0.5242030697,0.4906759907,0.5081585082,0.959798995,0.1866912246,0.4110216852,0.6454110739,29.09597434
sentence-transformers/LaBSE,7,zero_mean_abs_k10,zero,mean_abs,10,-1,622;7;139;218;526;489;122;501;160;158,-1,0.8797475939,0.8733379607,0.4970484061,0.4825174825,0.4941724942,0.959798995,0.1796960235,0.3577175035,0.6009959197,37.69342425
sentence-transformers/LaBSE,7,zero_variance_k1,zero,variance,1,-1,489,-1,0.8947802609,0.8930136969,0.5808736718,0.5815850816,0.6025641026,0.9798994975,0.08099043369,0.3818193092,0.6385171627,31.41032327
sentence-transformers/LaBSE,7,zero_variance_k3,zero,variance,3,-1,489;139;7,-1,0.8946633277,0.8864607084,0.5548996458,0.5314685315,0.5501165501,0.9748743719,0.09903079271,0.3577822718,0.6111027834,36.30809237
sentence-transformers/LaBSE,7,zero_variance_k5,zero,variance,5,-1,489;139;7;622;122,-1,0.889664559,0.8829076995,0.5230224321,0.5034965035,0.5104895105,0.9648241206,0.1534643769,0.3500853476,0.6048546033,37.89762357
sentence-transformers/LaBSE,7,zero_variance_k10,zero,variance,10,-1,489;139;7;622;122;160;526;158;208;533,-1,0.8865601502,0.8799529725,0.507674144,0.4836829837,0.493006993,0.9648241206,0.1624523401,0.354441785,0.6008414367,38.11911489
sentence-transformers/LaBSE,7,standardize,standardize,,-1,-1,,0,0.92879351,0.9333055629,0.4958677686,0.4743589744,0.4883449883,0.8291457286,0.5602170159,0.2773716579,0.5399180749,53.99131363
sentence-transformers/LaBSE,7,center,center,,-1,0,,-1,0.8933565911,0.8969625308,0.4710743802,0.4312354312,0.4393939394,0.8894472362,0.5738196163,0.4271264036,0.6714095383,25.59398918
sentence-transformers/LaBSE,7,abtt_D1,abtt,,-1,1,,-1,0.952342458,0.9500957971,0.6765053129,0.6526806527,0.6946386946,0.6432160804,0.4996142981,0.1000947271,0.4459697857,87.22330848
sentence-transformers/LaBSE,7,abtt_D3,abtt,,-1,3,,-1,0.9634625718,0.9749546335,0.7284533648,0.7086247086,0.7820512821,0.5175879397,0.505791969,0.06547603716,0.3693084431,111.8057651
sentence-transformers/LaBSE,7,abtt_D10,abtt,,-1,10,,-1,0.9749244572,0.9818692774,0.8441558442,0.81002331,0.8414918415,0.4472361809,0.5235368227,0.03408857378,0.2602004727,157.0522596
sentence-transformers/LaBSE,8,base,base,,-1,-1,,-1,0.8790039042,0.8767610351,0.5501770956,0.5442890443,0.5675990676,0.9849246231,0.07984495163,0.5241238664,0.7351214179,16.1912059
sentence-transformers/LaBSE,8,zero_mean_abs_k1,zero,mean_abs,1,-1,501,-1,0.8788079391,0.8770282021,0.5478158205,0.5396270396,0.5629370629,0.9798994975,0.1040006876,0.5182369027,0.7316093835,16.67979869
sentence-transformers/LaBSE,8,zero_mean_abs_k3,zero,mean_abs,3,-1,501;622;7,-1,0.8755189701,0.8699441748,0.5218417946,0.4825174825,0.4906759907,0.9698492462,0.1812620163,0.5130253162,0.7228985976,17.50122441
sentence-transformers/LaBSE,8,zero_mean_abs_k5,zero,mean_abs,5,-1,501;622;7;218;122,-1,0.8723793891,0.8652370962,0.5064935065,0.4801864802,0.4883449883,0.9648241206,0.2092792392,0.5102498521,0.7205721582,17.75131235
sentence-transformers/LaBSE,8,zero_mean_abs_k10,zero,mean_abs,10,-1,501;622;7;218;122;653;139;526;489;300,-1,0.8696123591,0.859706662,0.4734356553,0.4522144522,0.4592074592,0.9648241206,0.2350462675,0.48062005,0.6968964406,20.70816878
sentence-transformers/LaBSE,8,zero_variance_k1,zero,variance,1,-1,489,-1,0.8827989277,0.8794929819,0.5501770956,0.5454545455,0.5664335664,0.9849246231,0.07545471191,0.5016553413,0.720296716,18.06541538
sentence-transformers/LaBSE,8,zero_variance_k3,zero,variance,3,-1,489;622;501,-1,0.8857021603,0.8847498243,0.5454545455,0.5291375291,0.5372960373,0.9748743719,0.1391912103,0.4830767046,0.7084019543,19.78546303
sentence-transformers/LaBSE,8,zero_variance_k5,zero,variance,5,-1,489;622;501;139;7,-1,0.8785730031,0.8709954166,0.507674144,0.4871794872,0.4941724942,0.9698492462,0.1791913509,0.4821705435,0.6999772842,20.42993655
sentence-transformers/LaBSE,8,zero_variance_k10,zero,variance,10,-1,489;622;501;139;7;122;160;409;158;554,-1,0.8797502177,0.8719583845,0.5159386068,0.4825174825,0.4988344988,0.9648241206,0.1880975366,0.4767413487,0.6926335921,21.26961522
sentence-transformers/LaBSE,8,standardize,standardize,,-1,-1,,0,0.9123560953,0.9170551177,0.4805194805,0.4487179487,0.458041958,0.8592964824,0.5754431804,0.3512281027,0.6062152178,37.55195234
sentence-transformers/LaBSE,8,center,center,,-1,0,,-1,0.8766999879,0.8805915916,0.4604486423,0.4114219114,0.4195804196,0.9195979899,0.5974523486,0.5241238656,0.7351214174,16.19120595
sentence-transformers/LaBSE,8,abtt_D1,abtt,,-1,1,,-1,0.9560179268,0.9482010374,0.6706021251,0.6351981352,0.6864801865,0.6432160804,0.5049602643,0.1108538818,0.4639225344,81.21679441
sentence-transformers/LaBSE,8,abtt_D3,abtt,,-1,3,,-1,0.9699603579,0.9723773455,0.7131050767,0.6818181818,0.7377622378,0.5527638191,0.5054111104,0.0671115638,0.3823108036,106.2743422
sentence-transformers/LaBSE,8,abtt_D10,abtt,,-1,10,,-1,0.9745040742,0.9811352176,0.8299881936,0.7785547786,0.8216783217,0.432160804,0.5224481108,0.0368927922,0.2706882438,151.6946794
sentence-transformers/LaBSE,9,base,base,,-1,-1,,-1,0.9160517912,0.905771734,0.6210153483,0.6083916084,0.6118881119,0.9798994975,0.09029984474,0.3704537414,0.6230045945,32.2101944
sentence-transformers/LaBSE,9,zero_mean_abs_k1,zero,mean_abs,1,-1,475,-1,0.9220956562,0.9157176747,0.6446280992,0.6328671329,0.641025641,0.9648241206,0.1367521286,0.3419245501,0.6063954862,36.06922834
sentence-transformers/LaBSE,9,zero_mean_abs_k3,zero,mean_abs,3,-1,475;218;7,-1,0.9182851207,0.9086228339,0.6115702479,0.5862470862,0.5909090909,0.9547738693,0.199922502,0.3466129044,0.6058775895,35.80966475
sentence-transformers/LaBSE,9,zero_mean_abs_k5,zero,mean_abs,5,-1,475;218;7;139;122,-1,0.9171923982,0.9073515481,0.6021251476,0.5804195804,0.5839160839,0.9497487437,0.2288905382,0.3392451487,0.6010071918,36.90052874
sentence-transformers/LaBSE,9,zero_mean_abs_k10,zero,mean_abs,10,-1,475;218;7;139;122;653;587;526;489;300,-1,0.9177780103,0.9066621051,0.5962219599,0.5675990676,0.5710955711,0.9447236181,0.2519876361,0.3089114878,0.5821525217,41.45137928
sentence-transformers/LaBSE,9,zero_variance_k1,zero,variance,1,-1,475,-1,0.9220956562,0.9157176747,0.6446280992,0.6328671329,0.641025641,0.9648241206,0.1367521286,0.3419245501,0.6063954862,36.06922834
sentence-transformers/LaBSE,9,zero_variance_k3,zero,variance,3,-1,475;489;122,-1,0.9270188784,0.9201772217,0.6351829988,0.6328671329,0.6363636364,0.9648241206,0.1367573142,0.3128175013,0.5894760801,40.26793364
sentence-transformers/LaBSE,9,zero_variance_k5,zero,variance,5,-1,475;489;122;7;139,-1,0.9263936006,0.9167963224,0.6375442739,0.6247086247,0.6305361305,0.9547738693,0.1723169684,0.3136044238,0.5849491231,40.72569024
sentence-transformers/LaBSE,9,zero_variance_k10,zero,variance,10,-1,475;489;122;7;139;160;653;622;158;311,-1,0.9253374926,0.9149549225,0.626918536,0.6060606061,0.6118881119,0.9547738693,0.177811265,0.3034493663,0.5770960906,42.49243498
sentence-transformers/LaBSE,9,standardize,standardize,,-1,-1,,0,0.9424053436,0.9485654314,0.6717827627,0.6363636364,0.648018648,0.7587939698,0.6135735968,0.2469402234,0.5305431471,55.17325948
sentence-transformers/LaBSE,9,center,center,,-1,0,,-1,0.9219985204,0.9277537889,0.5572609209,0.5361305361,0.5431235431,0.8492462312,0.6223587526,0.3704537414,0.6230045944,32.21019439
sentence-transformers/LaBSE,9,abtt_D1,abtt,,-1,1,,-1,0.9770934942,0.971359249,0.7615112161,0.7459207459,0.7925407925,0.5929648241,0.5802417482,0.08486999594,0.4222498542,87.22007981
sentence-transformers/LaBSE,9,abtt_D3,abtt,,-1,3,,-1,0.9761247444,0.969119575,0.7756788666,0.7797202797,0.8275058275,0.5376884422,0.5610437281,0.07098390978,0.3663812578,103.8065248
sentence-transformers/LaBSE,9,abtt_D10,abtt,,-1,10,,-1,0.9787692484,0.9800414914,0.8606847698,0.8228438228,0.8508158508,0.4522613065,0.5649100657,0.03521253229,0.2769754381,138.2872437
sentence-transformers/LaBSE,10,base,base,,-1,-1,,-1,0.9343121539,0.925530398,0.7060212515,0.6934731935,0.7132867133,0.9698492462,0.1028808951,0.3390993684,0.5980729532,35.63932183
sentence-transformers/LaBSE,10,zero_mean_abs_k1,zero,mean_abs,1,-1,587,-1,0.9305758073,0.9194782171,0.6729634002,0.6503496503,0.6608391608,0.9648241206,0.1382004619,0.3379000987,0.5954316132,36.0315615
sentence-transformers/LaBSE,10,zero_mean_abs_k3,zero,mean_abs,3,-1,587;7;622,-1,0.9354168344,0.9264659056,0.6824085006,0.6515151515,0.6608391608,0.9447236181,0.2063877583,0.3189378555,0.5763052921,39.44287128
sentence-transformers/LaBSE,10,zero_mean_abs_k5,zero,mean_abs,5,-1,587;7;622;122;139,-1,0.9340109508,0.9248515186,0.6587957497,0.6398601399,0.6468531469,0.9396984925,0.2395427227,0.3129697323,0.5724933443,40.33312877
sentence-transformers/LaBSE,10,zero_mean_abs_k10,zero,mean_abs,10,-1,587;7;622;122;139;228;218;489;583;526,-1,0.9345702013,0.9225176234,0.639905549,0.6188811189,0.6223776224,0.9346733668,0.2637029886,0.2558763103,0.5377717217,49.58196222
sentence-transformers/LaBSE,10,zero_variance_k1,zero,variance,1,-1,489,-1,0.9391228267,0.9291798175,0.7154663518,0.6958041958,0.7156177156,0.9698492462,0.09744679928,0.3029995883,0.5765551659,40.77914725
sentence-transformers/LaBSE,10,zero_variance_k3,zero,variance,3,-1,489;622;218,-1,0.9440920981,0.9360712488,0.7402597403,0.7272727273,0.7470862471,0.9648241206,0.1033237576,0.2613542167,0.5491893045,47.72641419
sentence-transformers/LaBSE,10,zero_variance_k5,zero,variance,5,-1,489;622;218;7;587,-1,0.9409228369,0.9293639429,0.6741440378,0.6573426573,0.6643356643,0.9447236181,0.2010637522,0.2631213687,0.5427720088,48.37519516
sentence-transformers/LaBSE,10,zero_variance_k10,zero,variance,10,-1,489;622;218;7;587;139;160;158;122;411,-1,0.9397202573,0.9287612599,0.6599763872,0.6456876457,0.6503496503,0.9346733668,0.2381778359,0.245175062,0.5286428266,51.66956961
sentence-transformers/LaBSE,10,standardize,standardize,,-1,-1,,0,0.9531510687,0.9599201552,0.7390791027,0.6981351981,0.7132867133,0.7236180905,0.6303465321,0.1989719133,0.4899033839,64.91884682
sentence-transformers/LaBSE,10,center,center,,-1,0,,-1,0.9309892925,0.9374509338,0.6363636364,0.6118881119,0.6235431235,0.8090452261,0.635125449,0.3390993682,0.598072953,35.63932184
sentence-transformers/LaBSE,10,abtt_D1,abtt,,-1,1,,-1,0.9787020534,0.9773933135,0.7804014168,0.7808857809,0.8193473193,0.5879396985,0.6035966184,0.07720510355,0.412553552,84.59740506
sentence-transformers/LaBSE,10,abtt_D3,abtt,,-1,3,,-1,0.9776423799,0.9738513605,0.8051948052,0.8146853147,0.8461538462,0.5477386935,0.5856949316,0.06679638501,0.3571440231,99.50977868
sentence-transformers/LaBSE,10,abtt_D10,abtt,,-1,10,,-1,0.981864963,0.9823075843,0.8713105077,0.8321678322,0.858974359,0.4673366834,0.585602723,0.03404428341,0.2784292764,126.3737872
sentence-transformers/LaBSE,11,base,base,,-1,-1,,-1,0.9599257374,0.956656378,0.8170011806,0.8146853147,0.8333333333,0.9748743719,0.06075841188,0.1885832651,0.483588056,64.3016177
sentence-transformers/LaBSE,11,zero_mean_abs_k1,zero,mean_abs,1,-1,587,-1,0.9609237994,0.9577795882,0.8170011806,0.8065268065,0.8205128205,0.9648241206,0.09359580278,0.1890428513,0.4824283783,64.42051453
sentence-transformers/LaBSE,11,zero_mean_abs_k3,zero,mean_abs,3,-1,587;501;585,-1,0.9593844193,0.9588598861,0.813459268,0.8006993007,0.81002331,0.9246231156,0.2017688155,0.1838231831,0.4666761975,67.66130674
sentence-transformers/LaBSE,11,zero_mean_abs_k5,zero,mean_abs,5,-1,587;501;585;653;622,-1,0.9537649347,0.9527017676,0.759149941,0.7470862471,0.7517482517,0.8894472362,0.3468072116,0.1755504355,0.4594219447,69.63831059
sentence-transformers/LaBSE,11,zero_mean_abs_k10,zero,mean_abs,10,-1,587;501;585;653;622;218;7;122;158;503,-1,0.9546650107,0.9541283529,0.7780401417,0.7599067599,0.7645687646,0.8793969849,0.3751496673,0.1730604949,0.4529118468,70.82446181
sentence-transformers/LaBSE,11,zero_variance_k1,zero,variance,1,-1,501,-1,0.9610219614,0.9607649124,0.8158205431,0.8088578089,0.8251748252,0.9698492462,0.07359480858,0.1805926085,0.4746274275,66.72028946
sentence-transformers/LaBSE,11,zero_variance_k3,zero,variance,3,-1,501;585;622,-1,0.9605928613,0.9611559355,0.8193624557,0.8146853147,0.8251748252,0.9648241206,0.09321790934,0.1751274535,0.4597881725,69.62358016
sentence-transformers/LaBSE,11,zero_variance_k5,zero,variance,5,-1,501;585;622;489;218,-1,0.9616256385,0.9624225309,0.826446281,0.8205128205,0.8321678322,0.9648241206,0.09202879667,0.1681740394,0.4519826154,71.57272481
sentence-transformers/LaBSE,11,zero_variance_k10,zero,variance,10,-1,501;585;622;489;218;158;514;122;587;251,-1,0.9622647164,0.9622514504,0.8229043684,0.7995337995,0.8088578089,0.9195979899,0.2231577039,0.1588745545,0.4458816991,73.49052897
sentence-transformers/LaBSE,11,standardize,standardize,,-1,-1,,0,0.9657894053,0.972293767,0.8465171192,0.8333333333,0.851981352,0.6582914573,0.6617507376,0.1421104481,0.4213160066,82.8484761
sentence-transformers/LaBSE,11,center,center,,-1,0,,-1,0.9579788396,0.9663691778,0.7992916175,0.7680652681,0.7867132867,0.7035175879,0.6599566715,0.1885832651,0.483588056,64.30161769
sentence-transformers/LaBSE,11,abtt_D1,abtt,,-1,1,,-1,0.9843060327,0.9841032195,0.8547815821,0.8461538462,0.8671328671,0.5879396985,0.6494522361,0.09691506789,0.3822614029,93.18305374
sentence-transformers/LaBSE,11,abtt_D3,abtt,,-1,3,,-1,0.9872494201,0.9816839645,0.8748524203,0.8787878788,0.8974358974,0.527638191,0.6306469343,0.05711159141,0.3051116518,115.7861799
sentence-transformers/LaBSE,11,abtt_D10,abtt,,-1,10,,-1,0.98660485,0.9856071119,0.9102715466,0.8846153846,0.9079254079,0.4522613065,0.6106886165,0.02937288556,0.2349534067,138.1011372
sentence-transformers/LaBSE,12,base,base,,-1,-1,,-1,0.9562104179,0.9583379488,0.800472255,0.7913752914,0.8076923077,0.9246231156,0.1832662225,0.1539136579,0.4341993305,74.05688491
sentence-transformers/LaBSE,12,zero_mean_abs_k1,zero,mean_abs,1,-1,585,-1,0.9572537885,0.9593163712,0.8099173554,0.8006993007,0.8146853147,0.9145728643,0.2065660357,0.1503216184,0.4320609805,74.75970474
sentence-transformers/LaBSE,12,zero_mean_abs_k3,zero,mean_abs,3,-1,585;653;222,-1,0.9583354513,0.959258895,0.800472255,0.8006993007,0.8158508159,0.8994974874,0.2418911457,0.1483240868,0.4287930654,75.64364419
sentence-transformers/LaBSE,12,zero_mean_abs_k5,zero,mean_abs,5,-1,585;653;222;501;622,-1,0.9569496165,0.957121126,0.7898465171,0.7855477855,0.7972027972,0.8944723618,0.2669144869,0.1441566368,0.4249108453,76.71883297
sentence-transformers/LaBSE,12,zero_mean_abs_k10,zero,mean_abs,10,-1,585;653;222;501;622;587;727;75;34;143,-1,0.957924807,0.9582297154,0.7910271547,0.7820512821,0.7902097902,0.8894472362,0.2876185179,0.1408187273,0.4226498936,77.4628197
sentence-transformers/LaBSE,12,zero_variance_k1,zero,variance,1,-1,222,-1,0.9573875708,0.9589857362,0.7957497048,0.7983682984,0.8146853147,0.9195979899,0.1950725913,0.1532987285,0.4320711928,74.60290986
sentence-transformers/LaBSE,12,zero_variance_k3,zero,variance,3,-1,222;565;34,-1,0.958155421,0.9602084172,0.800472255,0.8053613054,0.8216783217,0.9195979899,0.1941951513,0.1518714498,0.4301816703,75.15743115
sentence-transformers/LaBSE,12,zero_variance_k5,zero,variance,5,-1,222;565;34;501;585,-1,0.9596438929,0.9612444643,0.8063754427,0.7995337995,0.8135198135,0.9045226131,0.231838882,0.144462227,0.4244763821,76.8678781
sentence-transformers/LaBSE,12,zero_variance_k10,zero,variance,10,-1,222;565;34;501;585;438;503;521;591;441,-1,0.9606479499,0.962307994,0.8087367178,0.7995337995,0.8123543124,0.9045226131,0.2327815294,0.1394932816,0.4192216499,78.32710204
sentence-transformers/LaBSE,12,standardize,standardize,,-1,-1,,0,0.9626046413,0.9721475246,0.8512396694,0.8251748252,0.8414918415,0.6532663317,0.6515110288,0.1248437205,0.4025300619,83.95882358
sentence-transformers/LaBSE,12,center,center,,-1,0,,-1,0.9556775699,0.9675365844,0.8406139315,0.8205128205,0.8391608392,0.6633165829,0.6536594837,0.1539136579,0.4341993305,74.05688491
sentence-transformers/LaBSE,12,abtt_D1,abtt,,-1,1,,-1,0.9850180151,0.9855072378,0.8583234947,0.8648018648,0.8764568765,0.5879396985,0.6467406825,0.09068104284,0.3487701283,97.55128048
sentence-transformers/LaBSE,12,abtt_D3,abtt,,-1,3,,-1,0.9866729822,0.9804475237,0.8842975207,0.865967366,0.8881118881,0.5075376884,0.6162154688,0.04463606523,0.2710679359,119.2220328
sentence-transformers/LaBSE,12,abtt_D10,abtt,,-1,10,,-1,0.9811952473,0.9788735603,0.893742621,0.8682983683,0.8951048951,0.432160804,0.5922473611,0.02616463765,0.2205258121,133.0763701
Qwen/Qwen3-Embedding-0.6B,1,base,base,,-1,-1,,-1,0.8577685884,0.8492320897,0.5442739079,0.520979021,0.5256410256,0.9899497487,0.03266918659,0.09983437276,0.392240157,109.9304539
Qwen/Qwen3-Embedding-0.6B,1,zero_mean_abs_k1,zero,mean_abs,1,-1,35,-1,0.8655387662,0.8569020913,0.5678866588,0.534965035,0.541958042,0.9798994975,0.05330741405,0.1005066493,0.3881451608,111.4112001
Qwen/Qwen3-Embedding-0.6B,1,zero_mean_abs_k3,zero,mean_abs,3,-1,35;277;0,-1,0.873824639,0.8693800055,0.5808736718,0.541958042,0.548951049,0.9698492462,0.07562959194,0.09628890799,0.3829843615,113.5913421
Qwen/Qwen3-Embedding-0.6B,1,zero_mean_abs_k5,zero,mean_abs,5,-1,35;277;0;16;23,-1,0.8768826648,0.8753855434,0.5891381346,0.548951049,0.5559440559,0.9648241206,0.08776664734,0.09543526335,0.3801670532,114.5536955
Qwen/Qwen3-Embedding-0.6B,1,zero_mean_abs_k10,zero,mean_abs,10,-1,35;277;0;16;23;3;96;7;27;12,-1,0.8797988039,0.8813188606,0.6198347107,0.5874125874,0.5944055944,0.9497487437,0.1116230488,0.09456421716,0.3736081044,116.7253454
Qwen/Qwen3-Embedding-0.6B,1,zero_variance_k1,zero,variance,1,-1,35,-1,0.8655387662,0.8569020913,0.5678866588,0.534965035,0.541958042,0.9798994975,0.05330741405,0.1005066493,0.3881451608,111.4112001
Qwen/Qwen3-Embedding-0.6B,1,zero_variance_k3,zero,variance,3,-1,35;0;96,-1,0.8696046454,0.8621577314,0.5667060213,0.5326340326,0.5372960373,0.9798994975,0.0581086874,0.09613010592,0.3800897423,114.4017649
Qwen/Qwen3-Embedding-0.6B,1,zero_variance_k5,zero,variance,5,-1,35;0;96;244;167,-1,0.8727661334,0.8653487114,0.5667060213,0.5326340326,0.5372960373,0.9798994975,0.05775886774,0.09706641156,0.3757412665,116.165775
Qwen/Qwen3-Embedding-0.6B,1,zero_variance_k10,zero,variance,10,-1,35;0;96;244;167;143;160;305;129;171,-1,0.8741934532,0.8662968878,0.5678866588,0.5396270396,0.5442890443,0.9798994975,0.05662983656,0.09829938318,0.3728712551,117.7998574
Qwen/Qwen3-Embedding-0.6B,1,standardize,standardize,,-1,-1,,0,0.9631135915,0.9704631063,0.7603305785,0.7668997669,0.8041958042,0.5477386935,0.5093940502,0.1020330585,0.3394928152,142.8732249
Qwen/Qwen3-Embedding-0.6B,1,center,center,,-1,0,,-1,0.9536324484,0.9620738116,0.720188902,0.7319347319,0.7855477855,0.5829145729,0.5041883835,0.09983437287,0.3922401571,109.9304539
Qwen/Qwen3-Embedding-0.6B,1,abtt_D1,abtt,,-1,1,,-1,0.9590680721,0.9691150106,0.7438016529,0.7505827506,0.8041958042,0.5728643216,0.504921227,0.07665546706,0.3433718104,129.0706621
Qwen/Qwen3-Embedding-0.6B,1,abtt_D3,abtt,,-1,3,,-1,0.9700018086,0.982222336,0.8417945691,0.8601398601,0.8822843823,0.5175879397,0.5754349008,0.04946652989,0.2836088284,154.5854815
Qwen/Qwen3-Embedding-0.6B,1,abtt_D10,abtt,,-1,10,,-1,0.977973142,0.9814603185,0.8795749705,0.8752913753,0.9079254079,0.4070351759,0.5642468324,0.02745445749,0.2079923793,192.972366
Qwen/Qwen3-Embedding-0.6B,2,base,base,,-1,-1,,-1,0.8633011353,0.8522943153,0.5773317591,0.5582750583,0.5792540793,0.9899497487,0.02394449711,0.1341720183,0.4392679632,90.45280963
Qwen/Qwen3-Embedding-0.6B,2,zero_mean_abs_k1,zero,mean_abs,1,-1,35,-1,0.8652279501,0.8545262237,0.5584415584,0.5233100233,0.5314685315,0.9849246231,0.04693305492,0.1360105688,0.4349505537,91.44236815
Qwen/Qwen3-Embedding-0.6B,2,zero_mean_abs_k3,zero,mean_abs,3,-1,35;277;0,-1,0.869466516,0.8604486409,0.5525383707,0.5244755245,0.5291375291,0.9798994975,0.06256866455,0.1311651011,0.4297673991,93.38672995
Qwen/Qwen3-Embedding-0.6B,2,zero_mean_abs_k5,zero,mean_abs,5,-1,35;277;0;16;23,-1,0.8706635006,0.862564726,0.5702479339,0.5337995338,0.5407925408,0.9748743719,0.07281541824,0.1314599559,0.4285351014,93.7528241
Qwen/Qwen3-Embedding-0.6B,2,zero_mean_abs_k10,zero,mean_abs,10,-1,35;277;0;16;23;3;13;496;12;30,-1,0.8685399254,0.8620895035,0.5655253837,0.5291375291,0.5361305361,0.9698492462,0.09046381712,0.1311805046,0.4252236527,94.82451168
Qwen/Qwen3-Embedding-0.6B,2,zero_variance_k1,zero,variance,1,-1,35,-1,0.8652279501,0.8545262237,0.5584415584,0.5233100233,0.5314685315,0.9849246231,0.04693305492,0.1360105688,0.4349505537,91.44236815
Qwen/Qwen3-Embedding-0.6B,2,zero_variance_k3,zero,variance,3,-1,35;0;244,-1,0.869503887,0.8596693852,0.546635183,0.5174825175,0.5221445221,0.9849246231,0.04960727692,0.1306173734,0.4275441085,94.08731172
Qwen/Qwen3-Embedding-0.6B,2,zero_variance_k5,zero,variance,5,-1,35;0;244;167;96,-1,0.8706656628,0.8608595567,0.5478158205,0.5198135198,0.5244755245,0.9849246231,0.04960530996,0.1315715264,0.4260418425,94.72053058
Qwen/Qwen3-Embedding-0.6B,2,zero_variance_k10,zero,variance,10,-1,35;0;244;167;96;143;119;129;171;139,-1,0.8715895496,0.8609839917,0.546635183,0.5221445221,0.5268065268,0.9849246231,0.04888862371,0.1342732018,0.4250842278,95.63601558
Qwen/Qwen3-Embedding-0.6B,2,standardize,standardize,,-1,-1,,0,0.9413518296,0.9452952295,0.6611570248,0.6596736597,0.6736596737,0.6733668342,0.5157032196,0.1400523077,0.4007761866,111.9435244
Qwen/Qwen3-Embedding-0.6B,2,center,center,,-1,0,,-1,0.9395827245,0.9446586242,0.652892562,0.6608391608,0.6923076923,0.6683417085,0.5157423588,0.1341720182,0.439267963,90.45280966
Qwen/Qwen3-Embedding-0.6B,2,abtt_D1,abtt,,-1,1,,-1,0.9635267385,0.9725299137,0.7626918536,0.7482517483,0.7855477855,0.567839196,0.5123173718,0.07244451066,0.3715633374,115.3048266
Qwen/Qwen3-Embedding-0.6B,2,abtt_D3,abtt,,-1,3,,-1,0.9741933654,0.9839180328,0.8229043684,0.8356643357,0.8601398601,0.5226130653,0.5514564036,0.05410236012,0.3152868774,137.3427038
Qwen/Qwen3-Embedding-0.6B,2,abtt_D10,abtt,,-1,10,,-1,0.9725992784,0.9850147301,0.8736717828,0.8706293706,0.8869463869,0.4522613065,0.5527527684,0.02962910697,0.2318846743,178.1758866
Qwen/Qwen3-Embedding-0.6B,3,base,base,,-1,-1,,-1,0.8624138127,0.8518803071,0.5383707202,0.5081585082,0.5128205128,0.9899497487,0.03699994087,0.1432124924,0.4223704678,97.53160931
Qwen/Qwen3-Embedding-0.6B,3,zero_mean_abs_k1,zero,mean_abs,1,-1,35,-1,0.8708363223,0.8639742859,0.5796930342,0.5396270396,0.5477855478,0.9798994975,0.05944412947,0.1320036214,0.4093516501,102.5624742
Qwen/Qwen3-Embedding-0.6B,3,zero_mean_abs_k3,zero,mean_abs,3,-1,35;277;0,-1,0.8765832535,0.86976568,0.5832349469,0.5396270396,0.5454545455,0.9748743719,0.07256233692,0.1272248025,0.4036998866,104.8626412
Qwen/Qwen3-Embedding-0.6B,3,zero_mean_abs_k5,zero,mean_abs,5,-1,35;277;0;16;23,-1,0.8780427607,0.8722025269,0.5867768595,0.541958042,0.5477855478,0.9698492462,0.08603602648,0.1251664821,0.4007541789,106.0400913
Qwen/Qwen3-Embedding-0.6B,3,zero_mean_abs_k10,zero,mean_abs,10,-1,35;277;0;16;23;496;13;3;30;12,-1,0.8769747015,0.8728972838,0.5761511216,0.5466200466,0.5512820513,0.9648241206,0.103307426,0.1235384659,0.3955701746,107.7274054
Qwen/Qwen3-Embedding-0.6B,3,zero_variance_k1,zero,variance,1,-1,35,-1,0.8708363223,0.8639742859,0.5796930342,0.5396270396,0.5477855478,0.9798994975,0.05944412947,0.1320036214,0.4093516501,102.5624742
Qwen/Qwen3-Embedding-0.6B,3,zero_variance_k3,zero,variance,3,-1,35;0;10,-1,0.872933344,0.8675374107,0.5655253837,0.5326340326,0.5372960373,0.9798994975,0.06361788511,0.1224457322,0.3991164798,106.5903784
Qwen/Qwen3-Embedding-0.6B,3,zero_variance_k5,zero,variance,5,-1,35;0;10;119;138,-1,0.8738020875,0.8676815924,0.5643447462,0.5326340326,0.5372960373,0.9798994975,0.06309461594,0.1226282518,0.398400605,107.122635
Qwen/Qwen3-Embedding-0.6B,3,zero_variance_k10,zero,variance,10,-1,35;0;10;119;138;244;167;143;171;96,-1,0.8753179196,0.8689815137,0.5690672963,0.5407925408,0.5454545455,0.9798994975,0.06228917837,0.1255351687,0.3972341083,108.0737152
Qwen/Qwen3-Embedding-0.6B,3,standardize,standardize,,-1,-1,,0,0.952421979,0.9572113122,0.733175915,0.7400932401,0.7540792541,0.6231155779,0.5300219475,0.119351295,0.363118124,131.8137017
Qwen/Qwen3-Embedding-0.6B,3,center,center,,-1,0,,-1,0.94081034,0.9455390033,0.6623376623,0.6596736597,0.675990676,0.6783919598,0.5243768729,0.1432124924,0.4223704679,97.53160926
Qwen/Qwen3-Embedding-0.6B,3,abtt_D1,abtt,,-1,1,,-1,0.9691203072,0.9784490628,0.800472255,0.8018648019,0.837995338,0.5326633166,0.5260039782,0.07020578039,0.3435285352,129.8455264
Qwen/Qwen3-Embedding-0.6B,3,abtt_D3,abtt,,-1,3,,-1,0.9762961879,0.9824910912,0.8311688312,0.844988345,0.865967366,0.5125628141,0.5448425935,0.04846606428,0.2880184996,154.041365
Qwen/Qwen3-Embedding-0.6B,3,abtt_D10,abtt,,-1,10,,-1,0.9802377995,0.9838119665,0.8854781582,0.8904428904,0.9114219114,0.4120603015,0.5556243347,0.02626767034,0.2133847266,193.6707925
Qwen/Qwen3-Embedding-0.6B,4,base,base,,-1,-1,,-1,0.8601709959,0.8563671957,0.5785123967,0.5594405594,0.5757575758,0.9849246231,0.03601121902,0.1354214105,0.4185039471,103.6805228
Qwen/Qwen3-Embedding-0.6B,4,zero_mean_abs_k1,zero,mean_abs,1,-1,35,-1,0.8634552955,0.8595977112,0.5832349469,0.5512820513,0.5629370629,0.9798994975,0.05192822218,0.1371402851,0.4110874573,105.8092266
Qwen/Qwen3-Embedding-0.6B,4,zero_mean_abs_k3,zero,mean_abs,3,-1,35;277;0,-1,0.868354227,0.8640865394,0.5974025974,0.5594405594,0.5710955711,0.9748743719,0.06204319,0.1326380301,0.4050345369,108.4204757
Qwen/Qwen3-Embedding-0.6B,4,zero_mean_abs_k5,zero,mean_abs,5,-1,35;277;0;23;16,-1,0.8700920269,0.8664905328,0.572609209,0.5244755245,0.5303030303,0.9748743719,0.07523655891,0.1309966211,0.4017790237,109.6538787
Qwen/Qwen3-Embedding-0.6B,4,zero_mean_abs_k10,zero,mean_abs,10,-1,35;277;0;23;16;496;24;13;30;3,-1,0.8683427626,0.8651579485,0.5714285714,0.5221445221,0.527972028,0.9698492462,0.09124404192,0.1280019778,0.3980961337,111.230603
Qwen/Qwen3-Embedding-0.6B,4,zero_variance_k1,zero,variance,1,-1,35,-1,0.8634552955,0.8595977112,0.5832349469,0.5512820513,0.5629370629,0.9798994975,0.05192822218,0.1371402851,0.4110874573,105.8092266
Qwen/Qwen3-Embedding-0.6B,4,zero_variance_k3,zero,variance,3,-1,35;0;10,-1,0.8653530564,0.8627385328,0.5761511216,0.5372960373,0.5431235431,0.9798994975,0.05516850948,0.1284011682,0.4006056738,110.1094075
Qwen/Qwen3-Embedding-0.6B,4,zero_variance_k5,zero,variance,5,-1,35;0;10;23;25,-1,0.8677681417,0.8653854662,0.5690672963,0.5151515152,0.520979021,0.9798994975,0.05995547771,0.1243904948,0.3954775289,112.1859254
Qwen/Qwen3-Embedding-0.6B,4,zero_variance_k10,zero,variance,10,-1,35;0;10;23;25;138;119;129;30;167,-1,0.8678122528,0.8650597666,0.5667060213,0.5198135198,0.5256410256,0.9798994975,0.06067502499,0.1243170727,0.3931913348,113.5960792
Qwen/Qwen3-Embedding-0.6B,4,standardize,standardize,,-1,-1,,0,0.9466817947,0.9571938069,0.7107438017,0.6888111888,0.7062937063,0.6381909548,0.5112900267,0.1205456846,0.3713127126,131.4955559
Qwen/Qwen3-Embedding-0.6B,4,center,center,,-1,0,,-1,0.9366307823,0.9473457166,0.6646989374,0.668997669,0.68997669,0.6582914573,0.5058483114,0.1354214104,0.418503947,103.6805229
Qwen/Qwen3-Embedding-0.6B,4,abtt_D1,abtt,,-1,1,,-1,0.9645353117,0.9766450955,0.7697756789,0.7517482517,0.7995337995,0.5326633166,0.5122339702,0.07038347042,0.3438520961,135.5875345
Qwen/Qwen3-Embedding-0.6B,4,abtt_D3,abtt,,-1,3,,-1,0.9791758679,0.9819926808,0.8217237308,0.8414918415,0.8648018648,0.5025125628,0.5366690697,0.05018269853,0.2761665743,165.5802427
Qwen/Qwen3-Embedding-0.6B,4,abtt_D10,abtt,,-1,10,,-1,0.9855853908,0.9784547825,0.8890200708,0.8741258741,0.9009324009,0.3819095477,0.5466596798,0.02442772137,0.1973649525,209.9885221
Qwen/Qwen3-Embedding-0.6B,5,base,base,,-1,-1,,-1,0.8608762404,0.8620981721,0.4970484061,0.4498834499,0.4638694639,0.9899497487,0.0300270915,0.1334853736,0.434453406,97.83224979
Qwen/Qwen3-Embedding-0.6B,5,zero_mean_abs_k1,zero,mean_abs,1,-1,35,-1,0.8651609995,0.8632797517,0.5312868949,0.4871794872,0.5081585082,0.9849246231,0.04280138016,0.1351824288,0.4293243604,99.27971919
Qwen/Qwen3-Embedding-0.6B,5,zero_mean_abs_k3,zero,mean_abs,3,-1,35;23;0,-1,0.8707621769,0.8700698963,0.559622196,0.5104895105,0.534965035,0.9798994975,0.05114555359,0.1277683502,0.4192676813,103.1514257
Qwen/Qwen3-Embedding-0.6B,5,zero_mean_abs_k5,zero,mean_abs,5,-1,35;23;0;277;16,-1,0.873111923,0.870328605,0.5655253837,0.5186480186,0.5407925408,0.9748743719,0.06234973669,0.1285707827,0.4194346125,103.1630181
Qwen/Qwen3-Embedding-0.6B,5,zero_mean_abs_k10,zero,mean_abs,10,-1,35;23;0;277;16;30;24;13;3;496,-1,0.8710278786,0.8687672685,0.5608028335,0.5116550117,0.5314685315,0.9698492462,0.07861965895,0.124065271,0.4145368733,105.1874366
Qwen/Qwen3-Embedding-0.6B,5,zero_variance_k1,zero,variance,1,-1,35,-1,0.8651609995,0.8632797517,0.5312868949,0.4871794872,0.5081585082,0.9849246231,0.04280138016,0.1351824288,0.4293243604,99.27971919
Qwen/Qwen3-Embedding-0.6B,5,zero_variance_k3,zero,variance,3,-1,35;0;10,-1,0.8674375625,0.8666164769,0.559622196,0.5163170163,0.5501165501,0.9798994975,0.04515272379,0.124684106,0.4169685764,104.0739311
Qwen/Qwen3-Embedding-0.6B,5,zero_variance_k5,zero,variance,5,-1,35;0;10;25;22,-1,0.86665668,0.8656249181,0.5619834711,0.5314685315,0.5617715618,0.9798994975,0.0445778966,0.120435248,0.410713111,106.3921404
Qwen/Qwen3-Embedding-0.6B,5,zero_variance_k10,zero,variance,10,-1,35;0;10;25;22;30;23;12;7;15,-1,0.8711373357,0.8697983974,0.5643447462,0.5221445221,0.5372960373,0.9798994975,0.05333995819,0.1152385173,0.3982866376,110.7206886
Qwen/Qwen3-Embedding-0.6B,5,standardize,standardize,,-1,-1,,0,0.9486553009,0.9560958033,0.681227863,0.6375291375,0.6608391608,0.6432160804,0.5002540919,0.1118351801,0.3853820521,126.3611518
Qwen/Qwen3-Embedding-0.6B,5,center,center,,-1,0,,-1,0.9326684408,0.9453607039,0.6458087367,0.6165501166,0.6561771562,0.6532663317,0.4915225585,0.1334853737,0.4344534061,97.83224975
Qwen/Qwen3-Embedding-0.6B,5,abtt_D1,abtt,,-1,1,,-1,0.9593152334,0.9707038916,0.7272727273,0.6993006993,0.7715617716,0.5477386935,0.4917951631,0.07749899864,0.3639468911,125.9398595
Qwen/Qwen3-Embedding-0.6B,5,abtt_D3,abtt,,-1,3,,-1,0.981910226,0.9795931157,0.7945690673,0.7948717949,0.8251748252,0.5175879397,0.5311619299,0.05306222673,0.2958208465,155.036271
Qwen/Qwen3-Embedding-0.6B,5,abtt_D10,abtt,,-1,10,,-1,0.9811533875,0.9823542422,0.8949232586,0.8939393939,0.9149184149,0.4170854271,0.5449507374,0.02545726926,0.2031679718,202.5806899
Qwen/Qwen3-Embedding-0.6B,6,base,base,,-1,-1,,-1,0.8667111766,0.8664445083,0.587957497,0.5512820513,0.5757575758,0.9849246231,0.03452545404,0.1313650964,0.4306448961,92.97215281
Qwen/Qwen3-Embedding-0.6B,6,zero_mean_abs_k1,zero,mean_abs,1,-1,35,-1,0.8716792208,0.8699901004,0.5950413223,0.5547785548,0.5745920746,0.9798994975,0.0485137701,0.1332946479,0.4252098521,94.24712337
Qwen/Qwen3-Embedding-0.6B,6,zero_mean_abs_k3,zero,mean_abs,3,-1,35;23;0,-1,0.8802513697,0.8803608157,0.5737898465,0.5268065268,0.5314685315,0.9798994975,0.05985355377,0.1247511196,0.4137642794,98.38492576
Qwen/Qwen3-Embedding-0.6B,6,zero_mean_abs_k5,zero,mean_abs,5,-1,35;23;0;16;277,-1,0.8830617519,0.8827575779,0.5903187721,0.5407925408,0.5477855478,0.9748743719,0.07089918852,0.1249840917,0.4130221164,98.55984094
Qwen/Qwen3-Embedding-0.6B,6,zero_mean_abs_k10,zero,mean_abs,10,-1,35;23;0;16;277;30;13;24;3;1,-1,0.8800097485,0.8800127099,0.6080283353,0.5606060606,0.5710955711,0.9648241206,0.08941906691,0.1168614465,0.4055317874,101.3967791
Qwen/Qwen3-Embedding-0.6B,6,zero_variance_k1,zero,variance,1,-1,0,-1,0.8691805301,0.8692481166,0.5950413223,0.5501165501,0.5699300699,0.9849246231,0.03590613604,0.1255996617,0.4226724535,95.73169012
Qwen/Qwen3-Embedding-0.6B,6,zero_variance_k3,zero,variance,3,-1,0;35;10,-1,0.8742265342,0.8737729624,0.6056670602,0.5536130536,0.5641025641,0.9798994975,0.05094671249,0.1201037725,0.4111292605,99.40539005
Qwen/Qwen3-Embedding-0.6B,6,zero_variance_k5,zero,variance,5,-1,0;35;10;30;23,-1,0.878627822,0.8786354395,0.6092089728,0.5675990676,0.5780885781,0.9748743719,0.06230503321,0.1121915977,0.4033608001,102.4553076
Qwen/Qwen3-Embedding-0.6B,6,zero_variance_k10,zero,variance,10,-1,0;35;10;30;23;25;138;15;12;22,-1,0.8783954618,0.8778620791,0.6174734357,0.5722610723,0.5839160839,0.9748743719,0.06108218431,0.1051120778,0.3914231156,106.5525816
Qwen/Qwen3-Embedding-0.6B,6,standardize,standardize,,-1,-1,,0,0.9565339165,0.9609669044,0.7272727273,0.6946386946,0.7191142191,0.6180904523,0.5164640293,0.1055957692,0.373238749,127.6797329
Qwen/Qwen3-Embedding-0.6B,6,center,center,,-1,0,,-1,0.9406752047,0.9504175211,0.6753246753,0.6351981352,0.655011655,0.6733668342,0.5105209742,0.1313650963,0.4306448961,92.97215283
Qwen/Qwen3-Embedding-0.6B,6,abtt_D1,abtt,,-1,1,,-1,0.9657806608,0.9762759046,0.7603305785,0.7319347319,0.7878787879,0.5376884422,0.5069828442,0.07792964128,0.3625509265,117.9108312
Qwen/Qwen3-Embedding-0.6B,6,abtt_D3,abtt,,-1,3,,-1,0.9838147223,0.9844191026,0.8122786305,0.8158508159,0.844988345,0.4824120603,0.543801822,0.05287842336,0.2964527593,143.4716682
Qwen/Qwen3-Embedding-0.6B,6,abtt_D10,abtt,,-1,10,,-1,0.9828674589,0.9795617466,0.8842975207,0.8578088578,0.8822843823,0.3969849246,0.5452347048,0.02747773615,0.2164268733,181.5909301
Qwen/Qwen3-Embedding-0.6B,7,base,base,,-1,-1,,-1,0.8756395122,0.8780730588,0.5584415584,0.506993007,0.5128205128,0.9899497487,0.03250390291,0.1280185693,0.4332487135,92.80486421
Qwen/Qwen3-Embedding-0.6B,7,zero_mean_abs_k1,zero,mean_abs,1,-1,35,-1,0.8792203913,0.8806785123,0.5808736718,0.5151515152,0.520979021,0.9849246231,0.04785358906,0.1295664359,0.4289647104,93.7546754
Qwen/Qwen3-Embedding-0.6B,7,zero_mean_abs_k3,zero,mean_abs,3,-1,35;23;0,-1,0.8881475315,0.8917967851,0.6221959858,0.5780885781,0.5897435897,0.9748743719,0.06052976847,0.1191345958,0.416468465,98.33729335
Qwen/Qwen3-Embedding-0.6B,7,zero_mean_abs_k5,zero,mean_abs,5,-1,35;23;0;16;30,-1,0.8864773448,0.8898729249,0.6033057851,0.5431235431,0.5501165501,0.9748743719,0.07200402021,0.1141329128,0.41006535,100.4820539
Qwen/Qwen3-Embedding-0.6B,7,zero_mean_abs_k10,zero,mean_abs,10,-1,35;23;0;16;30;277;13;3;24;18,-1,0.8895523066,0.8936302784,0.6127508855,0.5641025641,0.5699300699,0.9648241206,0.09335690737,0.1124597099,0.4069707158,101.5808839
Qwen/Qwen3-Embedding-0.6B,7,zero_variance_k1,zero,variance,1,-1,0,-1,0.8778031348,0.8806685004,0.613931523,0.5804195804,0.6013986014,0.9849246231,0.03343510628,0.1205652462,0.4243984778,95.97992111
Qwen/Qwen3-Embedding-0.6B,7,zero_variance_k3,zero,variance,3,-1,0;10;35,-1,0.8816912394,0.8845204981,0.6174734357,0.5675990676,0.5792540793,0.9798994975,0.04962271452,0.113641355,0.4132562595,99.61530922
Qwen/Qwen3-Embedding-0.6B,7,zero_variance_k5,zero,variance,5,-1,0;10;35;30;23,-1,0.8868351564,0.8902477463,0.6115702479,0.5769230769,0.5874125874,0.9748743719,0.064201653,0.1052509772,0.4041137458,103.0184251
Qwen/Qwen3-Embedding-0.6B,7,zero_variance_k10,zero,variance,10,-1,0;10;35;30;23;22;12;15;25;138,-1,0.8860763593,0.8888610651,0.613931523,0.5804195804,0.5885780886,0.9748743719,0.06319487095,0.09761611347,0.3915210758,107.2050252
Qwen/Qwen3-Embedding-0.6B,7,standardize,standardize,,-1,-1,,0,0.9582481091,0.9660418702,0.772136954,0.7156177156,0.7424242424,0.6030150754,0.5249249663,0.09494568612,0.3673257577,130.8984185
Qwen/Qwen3-Embedding-0.6B,7,center,center,,-1,0,,-1,0.9456546423,0.9564131659,0.6977567887,0.662004662,0.6876456876,0.6582914573,0.523048047,0.1280185692,0.4332487136,92.80486419
Qwen/Qwen3-Embedding-0.6B,7,abtt_D1,abtt,,-1,1,,-1,0.9691145522,0.9781903838,0.7792207792,0.7470862471,0.7913752914,0.5577889447,0.5175299149,0.08922564452,0.3673131351,116.3802936
Qwen/Qwen3-Embedding-0.6B,7,abtt_D3,abtt,,-1,3,,-1,0.9842569346,0.9850288561,0.8299881936,0.8333333333,0.858974359,0.5075376884,0.5514208642,0.05278262182,0.2965571982,144.3097636
Qwen/Qwen3-Embedding-0.6B,7,abtt_D10,abtt,,-1,10,,-1,0.9770848229,0.9785440757,0.8606847698,0.8671328671,0.8962703963,0.391959799,0.5412921633,0.02657265908,0.2147283702,183.124066
Qwen/Qwen3-Embedding-0.6B,8,base,base,,-1,-1,,-1,0.8823642577,0.8873845292,0.6174734357,0.5804195804,0.5920745921,0.9849246231,0.0371453166,0.1411345006,0.4488082111,87.04641995
Qwen/Qwen3-Embedding-0.6B,8,zero_mean_abs_k1,zero,mean_abs,1,-1,35,-1,0.8832116816,0.8869194275,0.6198347107,0.5734265734,0.5815850816,0.9798994975,0.05170369148,0.1391965767,0.44246814,88.73820913
Qwen/Qwen3-Embedding-0.6B,8,zero_mean_abs_k3,zero,mean_abs,3,-1,35;23;0,-1,0.8928294388,0.8987283233,0.6162927981,0.5687645688,0.5722610723,0.9748743719,0.0658916831,0.1331323641,0.4319030334,92.17454553
Qwen/Qwen3-Embedding-0.6B,8,zero_mean_abs_k5,zero,mean_abs,5,-1,35;23;0;30;16,-1,0.8912037746,0.8967947159,0.6210153483,0.5792540793,0.5839160839,0.9698492462,0.07892620564,0.1257081801,0.4244410248,94.7751963
Qwen/Qwen3-Embedding-0.6B,8,zero_mean_abs_k10,zero,mean_abs,10,-1,35;23;0;30;16;277;13;1;18;24,-1,0.894254089,0.9007806336,0.6375442739,0.6130536131,0.6235431235,0.9547738693,0.103526473,0.123319768,0.4209025541,96.11136253
Qwen/Qwen3-Embedding-0.6B,8,zero_variance_k1,zero,variance,1,-1,35,-1,0.8832116816,0.8869194275,0.6198347107,0.5734265734,0.5815850816,0.9798994975,0.05170369148,0.1391965767,0.44246814,88.73820913
Qwen/Qwen3-Embedding-0.6B,8,zero_variance_k3,zero,variance,3,-1,35;10;0,-1,0.886231941,0.8912036686,0.6127508855,0.5652680653,0.5687645688,0.9798994975,0.05340498686,0.1232231854,0.4269349439,94.33451795
Qwen/Qwen3-Embedding-0.6B,8,zero_variance_k5,zero,variance,5,-1,35;10;0;30;23,-1,0.8917977015,0.8973163192,0.626918536,0.5990675991,0.6060606061,0.9698492462,0.07069802284,0.1144856909,0.4171061864,97.78302334
Qwen/Qwen3-Embedding-0.6B,8,zero_variance_k10,zero,variance,10,-1,35;10;0;30;23;15;277;32;25;12,-1,0.8924388524,0.8985811729,0.626918536,0.6002331002,0.6060606061,0.9698492462,0.07434898615,0.1052942856,0.4054666419,102.0246119
Qwen/Qwen3-Embedding-0.6B,8,standardize,standardize,,-1,-1,,0,0.957671374,0.963577652,0.759149941,0.7121212121,0.7482517483,0.5929648241,0.5221471041,0.1005594318,0.378289342,123.6547771
Qwen/Qwen3-Embedding-0.6B,8,center,center,,-1,0,,-1,0.9446276567,0.9534568012,0.6776859504,0.641025641,0.6713286713,0.6683417085,0.5272539619,0.1411345009,0.4488082114,87.04641985
Qwen/Qwen3-Embedding-0.6B,8,abtt_D1,abtt,,-1,1,,-1,0.9666370851,0.9756341437,0.7662337662,0.7307692308,0.7808857809,0.5527638191,0.5150513314,0.09175269679,0.3756702992,112.8992157
Qwen/Qwen3-Embedding-0.6B,8,abtt_D3,abtt,,-1,3,,-1,0.9820475691,0.9846745878,0.8276269185,0.8205128205,0.8461538462,0.5075376884,0.5452433007,0.0596412336,0.302633226,140.9022079
Qwen/Qwen3-Embedding-0.6B,8,abtt_D10,abtt,,-1,10,,-1,0.9722427147,0.9805706005,0.8665879575,0.851981352,0.8811188811,0.3819095477,0.5324328649,0.02717121114,0.2163251618,181.2715194
Qwen/Qwen3-Embedding-0.6B,9,base,base,,-1,-1,,-1,0.880595324,0.8852754402,0.6210153483,0.5874125874,0.6072261072,0.9849246231,0.03370386362,0.1415725135,0.4600791828,84.7546702
Qwen/Qwen3-Embedding-0.6B,9,zero_mean_abs_k1,zero,mean_abs,1,-1,35,-1,0.8831230595,0.8867704909,0.6257378985,0.5920745921,0.6060606061,0.9798994975,0.04721444845,0.1421331839,0.4571089378,85.34020102
Qwen/Qwen3-Embedding-0.6B,9,zero_mean_abs_k3,zero,mean_abs,3,-1,35;23;30,-1,0.8878423743,0.8917614997,0.6340023613,0.5944055944,0.6060606061,0.9748743719,0.06071215868,0.1343237347,0.4468662571,88.63059106
Qwen/Qwen3-Embedding-0.6B,9,zero_mean_abs_k5,zero,mean_abs,5,-1,35;23;30;0;16,-1,0.8916494221,0.8970023384,0.6387249115,0.5990675991,0.6107226107,0.9698492462,0.0701996088,0.1265935892,0.4376517607,91.72162153
Qwen/Qwen3-Embedding-0.6B,9,zero_mean_abs_k10,zero,mean_abs,10,-1,35;23;30;0;16;277;13;18;1;28,-1,0.8938383228,0.9011712832,0.639905549,0.5944055944,0.6013986014,0.959798995,0.09525388479,0.1238916558,0.4322952133,93.54033646
Qwen/Qwen3-Embedding-0.6B,9,zero_variance_k1,zero,variance,1,-1,0,-1,0.882755148,0.8879193951,0.6304604486,0.5885780886,0.6048951049,0.9849246231,0.03443294764,0.1350647547,0.452239162,87.44685105
Qwen/Qwen3-Embedding-0.6B,9,zero_variance_k3,zero,variance,3,-1,0;30;10,-1,0.8835085353,0.8884666058,0.6292798111,0.5885780886,0.5955710956,0.9849246231,0.03546959162,0.1183385814,0.4388960815,92.2851173
Qwen/Qwen3-Embedding-0.6B,9,zero_variance_k5,zero,variance,5,-1,0;30;10;35;23,-1,0.8921251496,0.8975172696,0.6257378985,0.5850815851,0.5885780886,0.9748743719,0.06358426809,0.1173211466,0.4313220674,94.23162151
Qwen/Qwen3-Embedding-0.6B,9,zero_variance_k10,zero,variance,10,-1,0;30;10;35;23;277;32;15;12;22,-1,0.891869726,0.898176187,0.6481700118,0.6130536131,0.6235431235,0.9698492462,0.06723308563,0.1086709039,0.4182339957,98.70794806
Qwen/Qwen3-Embedding-0.6B,9,standardize,standardize,,-1,-1,,0,0.9547456174,0.9610822775,0.7438016529,0.6981351981,0.7389277389,0.5979899497,0.5143560797,0.1005334413,0.3890619621,120.0621663
Qwen/Qwen3-Embedding-0.6B,9,center,center,,-1,0,,-1,0.9443256513,0.9523750982,0.6717827627,0.6328671329,0.662004662,0.6884422111,0.5241020964,0.1415725134,0.4600791826,84.75467025
Qwen/Qwen3-Embedding-0.6B,9,abtt_D1,abtt,,-1,1,,-1,0.964260365,0.9725103031,0.7508854782,0.7074592075,0.7634032634,0.5728643216,0.5127248145,0.1018323144,0.3888340128,109.607499
Qwen/Qwen3-Embedding-0.6B,9,abtt_D3,abtt,,-1,3,,-1,0.9811211133,0.9836579288,0.8181818182,0.8158508159,0.844988345,0.4924623116,0.5410628932,0.06093326162,0.308193534,141.4057857
Qwen/Qwen3-Embedding-0.6B,9,abtt_D10,abtt,,-1,10,,-1,0.9694733466,0.9776492837,0.8536009445,0.8578088578,0.8939393939,0.391959799,0.5211590819,0.02829884422,0.2177752315,184.5452693
Qwen/Qwen3-Embedding-0.6B,10,base,base,,-1,-1,,-1,0.8866936033,0.8913108802,0.6481700118,0.6223776224,0.6468531469,0.9849246231,0.03109896183,0.134127855,0.4540229478,85.9983355
Qwen/Qwen3-Embedding-0.6B,10,zero_mean_abs_k1,zero,mean_abs,1,-1,35,-1,0.8877693968,0.8919445638,0.6375442739,0.5932400932,0.6048951049,0.9798994975,0.04763579369,0.1331199758,0.4526247356,86.46145828
Qwen/Qwen3-Embedding-0.6B,10,zero_mean_abs_k3,zero,mean_abs,3,-1,35;23;30,-1,0.8908961696,0.8956409554,0.6410861865,0.5932400932,0.6037296037,0.9748743719,0.06044590473,0.1231718049,0.4411736287,90.08601376
Qwen/Qwen3-Embedding-0.6B,10,zero_mean_abs_k5,zero,mean_abs,5,-1,35;23;30;277;16,-1,0.8928272538,0.8984014733,0.6493506494,0.6118881119,0.6235431235,0.9698492462,0.06909364462,0.1204034764,0.4377136943,91.16003766
Qwen/Qwen3-Embedding-0.6B,10,zero_mean_abs_k10,zero,mean_abs,10,-1,35;23;30;277;16;13;18;0;1;28,-1,0.8953303282,0.9035995926,0.6670602125,0.6247086247,0.6375291375,0.9547738693,0.09362280369,0.1138860577,0.4271890423,94.9494261
Qwen/Qwen3-Embedding-0.6B,10,zero_variance_k1,zero,variance,1,-1,30,-1,0.8863021393,0.8909936117,0.6446280992,0.6165501166,0.6375291375,0.9849246231,0.03216773272,0.1247977653,0.4459656834,88.75447927
Qwen/Qwen3-Embedding-0.6B,10,zero_variance_k3,zero,variance,3,-1,30;0;10,-1,0.8886342182,0.8935225942,0.6410861865,0.6165501166,0.6363636364,0.9849246231,0.03221809864,0.1132718605,0.4351767529,92.55406612
Qwen/Qwen3-Embedding-0.6B,10,zero_variance_k5,zero,variance,5,-1,30;0;10;277;15,-1,0.8893339134,0.8942979609,0.6505312869,0.6223776224,0.6386946387,0.9849246231,0.0328207016,0.1083546661,0.4290944982,94.76038195
Qwen/Qwen3-Embedding-0.6B,10,zero_variance_k10,zero,variance,10,-1,30;0;10;277;15;35;23;18;12;77,-1,0.895012989,0.9023142821,0.6776859504,0.6398601399,0.6585081585,0.9648241206,0.06939375401,0.1031977966,0.4154935255,99.1833566
Qwen/Qwen3-Embedding-0.6B,10,standardize,standardize,,-1,-1,,0,0.9549367074,0.9621312334,0.7378984652,0.7074592075,0.7447552448,0.5979899497,0.5136894969,0.09706685505,0.3912899405,118.4167211
Qwen/Qwen3-Embedding-0.6B,10,center,center,,-1,0,,-1,0.9477400466,0.9555085524,0.6871310508,0.6433566434,0.6748251748,0.6733668342,0.525143289,0.1341278552,0.4540229479,85.99833547
Qwen/Qwen3-Embedding-0.6B,10,abtt_D1,abtt,,-1,1,,-1,0.9650721343,0.9740693438,0.7650531287,0.7272727273,0.7808857809,0.567839196,0.5144681227,0.1001091621,0.3884797229,108.7562531
Qwen/Qwen3-Embedding-0.6B,10,abtt_D3,abtt,,-1,3,,-1,0.9810708084,0.9839423809,0.813459268,0.8146853147,0.844988345,0.4974874372,0.5483162484,0.05465514457,0.3117270666,138.4254879
Qwen/Qwen3-Embedding-0.6B,10,abtt_D10,abtt,,-1,10,,-1,0.9692169036,0.9757002515,0.8476977568,0.8554778555,0.8834498834,0.4271356784,0.5196702361,0.03018199765,0.2224110025,179.3000551
Qwen/Qwen3-Embedding-0.6B,11,base,base,,-1,-1,,-1,0.8945772083,0.8952536679,0.5962219599,0.5477855478,0.5512820513,0.9899497487,0.0301707983,0.144525312,0.4601505475,84.28321562
Qwen/Qwen3-Embedding-0.6B,11,zero_mean_abs_k1,zero,mean_abs,1,-1,35,-1,0.8955674308,0.898168795,0.6363636364,0.5897435897,0.5979020979,0.9798994975,0.05217593908,0.1454075176,0.4596026449,84.32728742
Qwen/Qwen3-Embedding-0.6B,11,zero_mean_abs_k3,zero,mean_abs,3,-1,35;23;30,-1,0.8999254235,0.9035138247,0.6753246753,0.6398601399,0.6526806527,0.9698492462,0.06464409828,0.1316976964,0.4460682139,88.77749051
Qwen/Qwen3-Embedding-0.6B,11,zero_mean_abs_k5,zero,mean_abs,5,-1,35;23;30;18;277,-1,0.9013929575,0.9058727559,0.6824085006,0.6456876457,0.6561771562,0.9648241206,0.07346135378,0.1301903249,0.441243058,90.52439441
Qwen/Qwen3-Embedding-0.6B,11,zero_mean_abs_k10,zero,mean_abs,10,-1,35;23;30;18;277;13;16;1;0;28,-1,0.9023809859,0.9093953828,0.6800472255,0.6375291375,0.6445221445,0.9547738693,0.0965821743,0.1240288585,0.4334867388,93.39047907
Qwen/Qwen3-Embedding-0.6B,11,zero_variance_k1,zero,variance,1,-1,30,-1,0.8940289603,0.89501811,0.6753246753,0.6433566434,0.668997669,0.9849246231,0.03080391884,0.133568813,0.4516023154,87.30999496
Qwen/Qwen3-Embedding-0.6B,11,zero_variance_k3,zero,variance,3,-1,30;23;0,-1,0.8997506226,0.900917265,0.6623376623,0.6247086247,0.6386946387,0.9849246231,0.03371202946,0.1268634256,0.4423820295,90.32089988
Qwen/Qwen3-Embedding-0.6B,11,zero_variance_k5,zero,variance,5,-1,30;23;0;277;10,-1,0.9012443032,0.9023149254,0.6611570248,0.6212121212,0.6305361305,0.9849246231,0.03428930044,0.1187633246,0.4362566565,92.82406947
Qwen/Qwen3-Embedding-0.6B,11,zero_variance_k10,zero,variance,10,-1,30;23;0;277;10;18;77;15;32;19,-1,0.9028177243,0.9042178786,0.6576151122,0.6083916084,0.6153846154,0.9849246231,0.03525102139,0.1109825116,0.4214381424,97.85287499
Qwen/Qwen3-Embedding-0.6B,11,standardize,standardize,,-1,-1,,0,0.9570418337,0.9631437437,0.7556080283,0.7144522145,0.7494172494,0.5929648241,0.5268582277,0.1068945028,0.3870205817,116.5639784
Qwen/Qwen3-Embedding-0.6B,11,center,center,,-1,0,,-1,0.9480111811,0.9547921315,0.6894923259,0.6351981352,0.6631701632,0.6834170854,0.5342627733,0.1445253121,0.4601505476,84.28321557
Qwen/Qwen3-Embedding-0.6B,11,abtt_D1,abtt,,-1,1,,-1,0.9683697289,0.973850841,0.7697756789,0.7272727273,0.7808857809,0.5577889447,0.5213561988,0.09477377939,0.3879784335,109.9931619
Qwen/Qwen3-Embedding-0.6B,11,abtt_D3,abtt,,-1,3,,-1,0.9752442715,0.9822262621,0.8122786305,0.7948717949,0.824009324,0.5226130653,0.5367207589,0.05790957093,0.3208041957,136.1110867
Qwen/Qwen3-Embedding-0.6B,11,abtt_D10,abtt,,-1,10,,-1,0.970020397,0.9760526594,0.8429752066,0.8566433566,0.8834498834,0.4422110553,0.5153473065,0.03015747066,0.226389405,180.3039266
Qwen/Qwen3-Embedding-0.6B,12,base,base,,-1,-1,,-1,0.9014982732,0.9017248765,0.6375442739,0.6025641026,0.6072261072,0.9899497487,0.02674037218,0.1367721756,0.4483068976,83.67282543
Qwen/Qwen3-Embedding-0.6B,12,zero_mean_abs_k1,zero,mean_abs,1,-1,35,-1,0.9026902753,0.9050054466,0.6859504132,0.6526806527,0.6631701632,0.9748743719,0.05528533459,0.1358338208,0.4426620448,85.47076044
Qwen/Qwen3-Embedding-0.6B,12,zero_mean_abs_k3,zero,mean_abs,3,-1,35;23;277,-1,0.9104073736,0.9155065689,0.6824085006,0.6491841492,0.6561771562,0.9698492462,0.06879985332,0.1324651435,0.436513748,87.27466431
Qwen/Qwen3-Embedding-0.6B,12,zero_mean_abs_k5,zero,mean_abs,5,-1,35;23;277;18;13,-1,0.9122368834,0.9191455238,0.7083825266,0.6748251748,0.6853146853,0.959798995,0.08072793484,0.1335450947,0.43347666,88.13452541
Qwen/Qwen3-Embedding-0.6B,12,zero_mean_abs_k10,zero,mean_abs,10,-1,35;23;277;18;13;30;16;28;1;0,-1,0.9110260233,0.9198658163,0.7119244392,0.6841491841,0.6946386946,0.9447236181,0.1057321429,0.115617479,0.4165519184,93.96766444
Qwen/Qwen3-Embedding-0.6B,12,zero_variance_k1,zero,variance,1,-1,30,-1,0.9010855788,0.9018498657,0.6410861865,0.5979020979,0.6025641026,0.9899497487,0.02716636658,0.1234686701,0.4384297948,87.03972568
Qwen/Qwen3-Embedding-0.6B,12,zero_variance_k3,zero,variance,3,-1,30;35;23,-1,0.9068855462,0.9106295527,0.6765053129,0.641025641,0.6503496503,0.9698492462,0.06895834208,0.1200292616,0.4277744346,90.17659424
Qwen/Qwen3-Embedding-0.6B,12,zero_variance_k5,zero,variance,5,-1,30;35;23;0;277,-1,0.9093549316,0.9150247683,0.6953955136,0.6538461538,0.6643356643,0.9648241206,0.07532119751,0.1159004799,0.4221373171,92.29049121
Qwen/Qwen3-Embedding-0.6B,12,zero_variance_k10,zero,variance,10,-1,30;35;23;0;277;18;10;77;15;32,-1,0.9098922546,0.9168167099,0.7001180638,0.6748251748,0.6864801865,0.959798995,0.08173543215,0.1050317769,0.4071736448,97.39876823
Qwen/Qwen3-Embedding-0.6B,12,standardize,standardize,,-1,-1,,0,0.9551908877,0.9619363539,0.7579693034,0.7121212121,0.7435897436,0.5979899497,0.5202744258,0.1069272772,0.3836331164,117.1356288
Qwen/Qwen3-Embedding-0.6B,12,center,center,,-1,0,,-1,0.9521032915,0.958349121,0.7142857143,0.6596736597,0.68997669,0.6683417085,0.5422676331,0.1367721757,0.4483068977,83.67282542
Qwen/Qwen3-Embedding-0.6B,12,abtt_D1,abtt,,-1,1,,-1,0.9697059239,0.9756599812,0.7957497048,0.7517482517,0.7972027972,0.5577889447,0.5303479471,0.09803825241,0.3798382891,106.2758336
Qwen/Qwen3-Embedding-0.6B,12,abtt_D3,abtt,,-1,3,,-1,0.9705002796,0.9756933814,0.8099173554,0.796037296,0.8403263403,0.4924623116,0.5162538482,0.05584778995,0.3111288975,131.8424413
Qwen/Qwen3-Embedding-0.6B,12,abtt_D10,abtt,,-1,10,,-1,0.97321122,0.9800710768,0.8606847698,0.8484848485,0.8764568765,0.3969849246,0.53008719,0.02964013483,0.2303531147,166.9279139
Qwen/Qwen3-Embedding-0.6B,13,base,base,,-1,-1,,-1,0.9069107443,0.9072508824,0.6505312869,0.6177156177,0.6247086247,0.9899497487,0.02587276697,0.1458172933,0.4635292746,79.98379296
Qwen/Qwen3-Embedding-0.6B,13,zero_mean_abs_k1,zero,mean_abs,1,-1,35,-1,0.9048251572,0.9071277561,0.6871310508,0.655011655,0.6655011655,0.9748743719,0.05444443226,0.137764868,0.4524913549,83.45479989
Qwen/Qwen3-Embedding-0.6B,13,zero_mean_abs_k3,zero,mean_abs,3,-1,35;23;277,-1,0.9130149272,0.9183563725,0.6871310508,0.6433566434,0.6503496503,0.9698492462,0.0684043169,0.1331132338,0.4454284571,85.50778544
Qwen/Qwen3-Embedding-0.6B,13,zero_mean_abs_k5,zero,mean_abs,5,-1,35;23;277;30;18,-1,0.9116702802,0.9173746474,0.6977567887,0.6724941725,0.6864801865,0.959798995,0.08078342676,0.1200869403,0.4317072249,90.17124427
Qwen/Qwen3-Embedding-0.6B,13,zero_mean_abs_k10,zero,mean_abs,10,-1,35;23;277;30;18;13;16;28;1;8,-1,0.9129797846,0.9211682784,0.6930342385,0.6608391608,0.6678321678,0.9497487437,0.1088898182,0.1202345818,0.4294823975,90.71599382
Qwen/Qwen3-Embedding-0.6B,13,zero_variance_k1,zero,variance,1,-1,35,-1,0.9048251572,0.9071277561,0.6871310508,0.655011655,0.6655011655,0.9748743719,0.05444443226,0.137764868,0.4524913549,83.45479989
Qwen/Qwen3-Embedding-0.6B,13,zero_variance_k3,zero,variance,3,-1,35;30;23,-1,0.9094620666,0.9132083993,0.6776859504,0.6433566434,0.6526806527,0.9698492462,0.06845778227,0.1210223677,0.4369922795,88.32543842
Qwen/Qwen3-Embedding-0.6B,13,zero_variance_k5,zero,variance,5,-1,35;30;23;18;277,-1,0.9116702802,0.9173746474,0.6977567887,0.6724941725,0.6864801865,0.959798995,0.08078342676,0.1200869403,0.4317072249,90.17124427
Qwen/Qwen3-Embedding-0.6B,13,zero_variance_k10,zero,variance,10,-1,35;30;23;18;277;10;0;77;17;15,-1,0.91278512,0.9195469571,0.7060212515,0.6748251748,0.6853146853,0.959798995,0.08115679026,0.1055870765,0.4165413329,95.34532871
Qwen/Qwen3-Embedding-0.6B,13,standardize,standardize,,-1,-1,,0,0.9536630724,0.9607785362,0.7544273908,0.7051282051,0.7272727273,0.6130653266,0.5169415177,0.1060952924,0.3905007903,116.0943951
Qwen/Qwen3-Embedding-0.6B,13,center,center,,-1,0,,-1,0.9496455418,0.956348441,0.6918536009,0.6585081585,0.682983683,0.6834170854,0.5429966303,0.1458172933,0.4635292745,79.98379297
Qwen/Qwen3-Embedding-0.6B,13,abtt_D1,abtt,,-1,1,,-1,0.9683554122,0.9732598867,0.7898465171,0.7459207459,0.7902097902,0.5577889447,0.5275205247,0.1005263192,0.3902308908,103.912498
Qwen/Qwen3-Embedding-0.6B,13,abtt_D3,abtt,,-1,3,,-1,0.9706438303,0.9770807875,0.8063754427,0.7948717949,0.8321678322,0.5025125628,0.5176049596,0.05796380242,0.3183086093,129.9530659
Qwen/Qwen3-Embedding-0.6B,13,abtt_D10,abtt,,-1,10,,-1,0.9739644427,0.9799853782,0.8583234947,0.8508158508,0.8811188811,0.4020100503,0.5234589098,0.02910969151,0.2313928338,168.1641544
Qwen/Qwen3-Embedding-0.6B,14,base,base,,-1,-1,,-1,0.9050135594,0.9059936829,0.6505312869,0.6212121212,0.6328671329,0.9899497487,0.02402424812,0.1547724905,0.4640442314,80.47208432
Qwen/Qwen3-Embedding-0.6B,14,zero_mean_abs_k1,zero,mean_abs,1,-1,35,-1,0.9032884305,0.9060451649,0.6776859504,0.6456876457,0.6573426573,0.9748743719,0.05373579264,0.1471513206,0.4560705591,83.33940358
Qwen/Qwen3-Embedding-0.6B,14,zero_mean_abs_k3,zero,mean_abs,3,-1,35;23;277,-1,0.9108834851,0.9166105197,0.7048406139,0.6794871795,0.6946386946,0.9648241206,0.06726306677,0.143750946,0.4496375467,85.21186264
Qwen/Qwen3-Embedding-0.6B,14,zero_mean_abs_k5,zero,mean_abs,5,-1,35;23;277;13;18,-1,0.9132143389,0.920832933,0.7036599764,0.6631701632,0.675990676,0.959798995,0.08079123497,0.1452133254,0.4462564331,86.23563603
Qwen/Qwen3-Embedding-0.6B,14,zero_mean_abs_k10,zero,mean_abs,10,-1,35;23;277;13;18;30;28;16;1;8,-1,0.9111166887,0.9195934294,0.7001180638,0.6666666667,0.6771561772,0.9447236181,0.1090058088,0.1301109792,0.4322646614,91.10247351
Qwen/Qwen3-Embedding-0.6B,14,zero_variance_k1,zero,variance,1,-1,35,-1,0.9032884305,0.9060451649,0.6776859504,0.6456876457,0.6573426573,0.9748743719,0.05373579264,0.1471513206,0.4560705591,83.33940358
Qwen/Qwen3-Embedding-0.6B,14,zero_variance_k3,zero,variance,3,-1,35;30;23,-1,0.9071714819,0.9112532095,0.665879575,0.6398601399,0.6491841492,0.9698492462,0.06668239832,0.1300064894,0.4399985404,88.53869972
Qwen/Qwen3-Embedding-0.6B,14,zero_variance_k5,zero,variance,5,-1,35;30;23;18;10,-1,0.909038173,0.9127433346,0.6859504132,0.6596736597,0.6713286713,0.9648241206,0.0719948411,0.1269285034,0.4330236165,90.96228304
Qwen/Qwen3-Embedding-0.6B,14,zero_variance_k10,zero,variance,10,-1,35;30;23;18;10;277;15;77;17;0,-1,0.9107588428,0.9174493025,0.6965761511,0.6631701632,0.6736596737,0.959798995,0.07961726189,0.1150761723,0.4194383072,95.85212947
Qwen/Qwen3-Embedding-0.6B,14,standardize,standardize,,-1,-1,,0,0.9480856191,0.958008286,0.733175915,0.6911421911,0.7191142191,0.5979899497,0.5030923495,0.1112686353,0.3874538075,119.0268429
Qwen/Qwen3-Embedding-0.6B,14,center,center,,-1,0,,-1,0.945202561,0.9540849432,0.6635182999,0.6375291375,0.6596736597,0.6984924623,0.5345084885,0.1547724903,0.4640442314,80.47208435
Qwen/Qwen3-Embedding-0.6B,14,abtt_D1,abtt,,-1,1,,-1,0.9675949192,0.9741711945,0.7792207792,0.7400932401,0.7878787879,0.5477386935,0.5182476337,0.09793941522,0.3842700363,107.9419192
Qwen/Qwen3-Embedding-0.6B,14,abtt_D3,abtt,,-1,3,,-1,0.9692568276,0.9750651602,0.787485242,0.7832167832,0.8181818182,0.5025125628,0.5042751459,0.0563683452,0.3143457795,134.4849182
Qwen/Qwen3-Embedding-0.6B,14,abtt_D10,abtt,,-1,10,,-1,0.9739938303,0.9802818264,0.8583234947,0.8403263403,0.8706293706,0.3969849246,0.5185860417,0.02896482426,0.2300560056,174.0722117
Qwen/Qwen3-Embedding-0.6B,15,base,base,,-1,-1,,-1,0.900660467,0.9026934355,0.6564344746,0.627039627,0.6386946387,0.9899497487,0.02231627703,0.1571338291,0.4729274722,78.35185605
Qwen/Qwen3-Embedding-0.6B,15,zero_mean_abs_k1,zero,mean_abs,1,-1,35,-1,0.8993429723,0.9031021668,0.6646989374,0.6317016317,0.641025641,0.9748743719,0.05276340246,0.1524372865,0.4667486474,80.31804955
Qwen/Qwen3-Embedding-0.6B,15,zero_mean_abs_k3,zero,mean_abs,3,-1,35;23;13,-1,0.9067005471,0.9128589007,0.6906729634,0.6643356643,0.6841491841,0.9648241206,0.06670814753,0.1497001949,0.4616029204,81.59811504
Qwen/Qwen3-Embedding-0.6B,15,zero_mean_abs_k5,zero,mean_abs,5,-1,35;23;13;277;30,-1,0.9047005834,0.9128704884,0.6835891381,0.6445221445,0.655011655,0.959798995,0.07914292812,0.1307368016,0.4473117233,86.84849622
Qwen/Qwen3-Embedding-0.6B,15,zero_mean_abs_k10,zero,mean_abs,10,-1,35;23;13;277;30;18;28;16;8;1,-1,0.9070848345,0.9162640665,0.6930342385,0.6561771562,0.6678321678,0.9447236181,0.1055369377,0.1326415108,0.4416075188,88.58195223
Qwen/Qwen3-Embedding-0.6B,15,zero_variance_k1,zero,variance,1,-1,30,-1,0.9005360258,0.9031625548,0.6505312869,0.6223776224,0.6328671329,0.9899497487,0.02253544331,0.1409712402,0.4607949153,82.50053879
Qwen/Qwen3-Embedding-0.6B,15,zero_variance_k3,zero,variance,3,-1,30;35;23,-1,0.9025768665,0.907558045,0.6552538371,0.6258741259,0.634032634,0.9698492462,0.06511312723,0.1329488384,0.4492544789,85.95144627
Qwen/Qwen3-Embedding-0.6B,15,zero_variance_k5,zero,variance,5,-1,30;35;23;18;277,-1,0.9046341654,0.9114161459,0.6623376623,0.6247086247,0.6317016317,0.9648241206,0.07717210054,0.1325492047,0.444623057,87.69681199
Qwen/Qwen3-Embedding-0.6B,15,zero_variance_k10,zero,variance,10,-1,30;35;23;18;277;10;15;77;32;22,-1,0.9046312879,0.9119969424,0.6871310508,0.6643356643,0.6771561772,0.959798995,0.07614332438,0.1162375062,0.4287606938,93.31632297
Qwen/Qwen3-Embedding-0.6B,15,standardize,standardize,,-1,-1,,0,0.9448877086,0.9552369571,0.7225501771,0.6853146853,0.7237762238,0.5728643216,0.4856558377,0.1062054366,0.3893049519,120.4325626
Qwen/Qwen3-Embedding-0.6B,15,center,center,,-1,0,,-1,0.9416530259,0.9518479113,0.6670602125,0.6456876457,0.6794871795,0.6733668342,0.5250995226,0.1571338293,0.4729274725,78.35185598
Qwen/Qwen3-Embedding-0.6B,15,abtt_D1,abtt,,-1,1,,-1,0.9629103081,0.9715739643,0.772136954,0.7249417249,0.7832167832,0.5427135678,0.5056270503,0.09931603417,0.3937236004,105.4566246
Qwen/Qwen3-Embedding-0.6B,15,abtt_D3,abtt,,-1,3,,-1,0.9707014078,0.9799476264,0.8016528926,0.7855477855,0.8228438228,0.5025125628,0.5131028408,0.06074049451,0.3226941055,131.9147986
Qwen/Qwen3-Embedding-0.6B,15,abtt_D10,abtt,,-1,10,,-1,0.9710858003,0.9801553207,0.8512396694,0.8484848485,0.87995338,0.4120603015,0.5141841358,0.03047523675,0.2308137227,173.7513526
Qwen/Qwen3-Embedding-0.6B,16,base,base,,-1,-1,,-1,0.910147212,0.9143583376,0.7036599764,0.6818181818,0.710955711,0.9849246231,0.02616715431,0.1832988454,0.4951037378,71.59709026
Qwen/Qwen3-Embedding-0.6B,16,zero_mean_abs_k1,zero,mean_abs,1,-1,35,-1,0.9044406915,0.9093638875,0.6930342385,0.6608391608,0.6771561772,0.9698492462,0.05817389488,0.1603052991,0.4791250279,77.29666901
Qwen/Qwen3-Embedding-0.6B,16,zero_mean_abs_k3,zero,mean_abs,3,-1,35;23;13,-1,0.9099974949,0.9167506393,0.6883116883,0.6491841492,0.6608391608,0.9648241206,0.07155108452,0.1588936051,0.4756099063,78.10624196
Qwen/Qwen3-Embedding-0.6B,16,zero_mean_abs_k5,zero,mean_abs,5,-1,35;23;13;30;277,-1,0.9077714152,0.9164370173,0.7048406139,0.675990676,0.6876456876,0.9547738693,0.0832387805,0.1418733135,0.462512784,82.82962783
Qwen/Qwen3-Embedding-0.6B,16,zero_mean_abs_k10,zero,mean_abs,10,-1,35;23;13;30;277;18;28;16;1;14,-1,0.9086565849,0.9179482968,0.6918536009,0.6573426573,0.6678321678,0.9447236181,0.1078674793,0.1437851072,0.456960763,84.59823234
Qwen/Qwen3-Embedding-0.6B,16,zero_variance_k1,zero,variance,1,-1,35,-1,0.9044406915,0.9093638875,0.6930342385,0.6608391608,0.6771561772,0.9698492462,0.05817389488,0.1603052991,0.4791250279,77.29666901
Qwen/Qwen3-Embedding-0.6B,16,zero_variance_k3,zero,variance,3,-1,35;30;18,-1,0.9023302788,0.9068978708,0.652892562,0.627039627,0.6351981352,0.9698492462,0.0650344491,0.1459223954,0.4645589401,82.17862827
Qwen/Qwen3-Embedding-0.6B,16,zero_variance_k5,zero,variance,5,-1,35;30;18;10;74,-1,0.9031595348,0.90796809,0.6587957497,0.6351981352,0.6433566434,0.9698492462,0.06417107582,0.1385567429,0.4586568772,84.33437136
Qwen/Qwen3-Embedding-0.6B,16,zero_variance_k10,zero,variance,10,-1,35;30;18;10;74;277;15;23;77;81,-1,0.9100326604,0.9178023759,0.6824085006,0.6573426573,0.6678321678,0.959798995,0.07965809107,0.1263325031,0.4454966927,88.9503803
Qwen/Qwen3-Embedding-0.6B,16,standardize,standardize,,-1,-1,,0,0.9463482008,0.9548506765,0.7024793388,0.6748251748,0.710955711,0.608040201,0.491277504,0.1161373638,0.3995245224,112.6580565
Qwen/Qwen3-Embedding-0.6B,16,center,center,,-1,0,,-1,0.9365628376,0.9474883422,0.6375442739,0.6107226107,0.6421911422,0.6984924623,0.5244250195,0.1832988453,0.4951037376,71.5970903
Qwen/Qwen3-Embedding-0.6B,16,abtt_D1,abtt,,-1,1,,-1,0.9612069765,0.9699574523,0.7508854782,0.7156177156,0.7668997669,0.567839196,0.5003357669,0.1013996485,0.4008531386,104.2059918
Qwen/Qwen3-Embedding-0.6B,16,abtt_D3,abtt,,-1,3,,-1,0.9706977829,0.9751324999,0.7863046045,0.7692307692,0.803030303,0.5226130653,0.5002609288,0.05959579663,0.3272231395,131.9965896
Qwen/Qwen3-Embedding-0.6B,16,abtt_D10,abtt,,-1,10,,-1,0.975465252,0.9789271872,0.8358913813,0.8298368298,0.8636363636,0.4020100503,0.508968373,0.03084263028,0.2359021296,175.5980664
Qwen/Qwen3-Embedding-0.6B,17,base,base,,-1,-1,,-1,0.9156464859,0.9165626076,0.6646989374,0.641025641,0.6515151515,0.9849246231,0.0321199894,0.1690256422,0.4626257969,78.05992986
Qwen/Qwen3-Embedding-0.6B,17,zero_mean_abs_k1,zero,mean_abs,1,-1,35,-1,0.91152907,0.9138952496,0.6977567887,0.6794871795,0.6958041958,0.9648241206,0.06599241495,0.1493207534,0.4472858633,83.55425505
Qwen/Qwen3-Embedding-0.6B,17,zero_mean_abs_k3,zero,mean_abs,3,-1,35;23;30,-1,0.9114861657,0.9148984877,0.6835891381,0.6655011655,0.675990676,0.959798995,0.07832795382,0.131074188,0.4321635677,88.62573872
Qwen/Qwen3-Embedding-0.6B,17,zero_mean_abs_k5,zero,mean_abs,5,-1,35;23;30;18;13,-1,0.9132810335,0.9172722475,0.7060212515,0.6806526807,0.6981351981,0.9497487437,0.08977502584,0.1321473293,0.4294483133,89.53033119
Qwen/Qwen3-Embedding-0.6B,17,zero_mean_abs_k10,zero,mean_abs,10,-1,35;23;30;18;13;277;28;14;16;19,-1,0.9159448938,0.9220107448,0.707201889,0.68997669,0.7016317016,0.9396984925,0.1104689837,0.1331045465,0.4225086737,91.58689413
Qwen/Qwen3-Embedding-0.6B,17,zero_variance_k1,zero,variance,1,-1,35,-1,0.91152907,0.9138952496,0.6977567887,0.6794871795,0.6958041958,0.9648241206,0.06599241495,0.1493207534,0.4472858633,83.55425505
Qwen/Qwen3-Embedding-0.6B,17,zero_variance_k3,zero,variance,3,-1,35;30;10,-1,0.9089116268,0.9114597881,0.681227863,0.6631701632,0.6724941725,0.9648241206,0.07021796703,0.12834436,0.4306945952,89.33505026
Qwen/Qwen3-Embedding-0.6B,17,zero_variance_k5,zero,variance,5,-1,35;30;10;74;18,-1,0.9085563499,0.9111006264,0.6646989374,0.6445221445,0.6515151515,0.9648241206,0.07359480858,0.1251919048,0.4249383458,91.38838968
Qwen/Qwen3-Embedding-0.6B,17,zero_variance_k10,zero,variance,10,-1,35;30;10;74;18;277;22;58;19;15,-1,0.9102240156,0.9144311941,0.6918536009,0.6678321678,0.6783216783,0.959798995,0.07798349857,0.1157637569,0.4118459605,95.86343972
Qwen/Qwen3-Embedding-0.6B,17,standardize,standardize,,-1,-1,,0,0.9455951632,0.9529301635,0.6894923259,0.6585081585,0.6911421911,0.6231155779,0.4880973719,0.1209973333,0.4011794733,111.0036972
Qwen/Qwen3-Embedding-0.6B,17,center,center,,-1,0,,-1,0.941532141,0.9519197906,0.6635182999,0.6398601399,0.6678321678,0.6783919598,0.523612632,0.1690256422,0.462625797,78.05992987
Qwen/Qwen3-Embedding-0.6B,17,abtt_D1,abtt,,-1,1,,-1,0.9662049727,0.9733230727,0.7638724911,0.7342657343,0.7878787879,0.5376884422,0.5029202023,0.0980918837,0.3717718603,109.6247417
Qwen/Qwen3-Embedding-0.6B,17,abtt_D3,abtt,,-1,3,,-1,0.9725408232,0.9762211992,0.7945690673,0.7797202797,0.8205128205,0.4874371859,0.495584919,0.05265477026,0.3006805576,136.4707859
Qwen/Qwen3-Embedding-0.6B,17,abtt_D10,abtt,,-1,10,,-1,0.9781287695,0.9810088975,0.8536009445,0.8531468531,0.8834498834,0.4070351759,0.5191934617,0.02853268371,0.2254183048,170.2796994
Qwen/Qwen3-Embedding-0.6B,18,base,base,,-1,-1,,-1,0.9334828613,0.929384417,0.7213695396,0.6911421911,0.7004662005,0.9849246231,0.03246968985,0.1722903971,0.4614798241,80.12745011
Qwen/Qwen3-Embedding-0.6B,18,zero_mean_abs_k1,zero,mean_abs,1,-1,35,-1,0.9321193951,0.9323541482,0.746162928,0.7086247086,0.7214452214,0.959798995,0.07879519463,0.1705679064,0.4561480787,81.70310648
Qwen/Qwen3-Embedding-0.6B,18,zero_mean_abs_k3,zero,mean_abs,3,-1,35;30;23,-1,0.9316100998,0.9323644965,0.7343565525,0.7097902098,0.7202797203,0.9547738693,0.09195071459,0.1561871716,0.4445088325,85.84953572
Qwen/Qwen3-Embedding-0.6B,18,zero_mean_abs_k5,zero,mean_abs,5,-1,35;30;23;277;18,-1,0.9322485263,0.934970561,0.7414403778,0.7132867133,0.7261072261,0.9447236181,0.1035954952,0.1563468339,0.4406118469,87.11664135
Qwen/Qwen3-Embedding-0.6B,18,zero_mean_abs_k10,zero,mean_abs,10,-1,35;30;23;277;18;13;28;16;4;19,-1,0.9319016213,0.9354013348,0.7497048406,0.7097902098,0.7214452214,0.9346733668,0.1247990131,0.1559664416,0.4361502873,88.43907695
Qwen/Qwen3-Embedding-0.6B,18,zero_variance_k1,zero,variance,1,-1,30,-1,0.9329686771,0.9294297093,0.707201889,0.675990676,0.6841491841,0.9849246231,0.03306257725,0.1587702807,0.4512571613,83.82822225
Qwen/Qwen3-Embedding-0.6B,18,zero_variance_k3,zero,variance,3,-1,30;74;35,-1,0.9293830372,0.930111545,0.7378984652,0.7202797203,0.7342657343,0.9547738693,0.0830950737,0.1446726291,0.437056533,88.98338632
Qwen/Qwen3-Embedding-0.6B,18,zero_variance_k5,zero,variance,5,-1,30;74;35;10;22,-1,0.9301852278,0.9319144386,0.7402597403,0.7051282051,0.7144522145,0.959798995,0.08191269636,0.1351678599,0.426348717,92.59154638
Qwen/Qwen3-Embedding-0.6B,18,zero_variance_k10,zero,variance,10,-1,30;74;35;10;22;59;70;277;38;18,-1,0.9299938132,0.9325498168,0.7473435655,0.7261072261,0.7389277389,0.9497487437,0.09049463272,0.1242161727,0.4122599027,97.94053214
Qwen/Qwen3-Embedding-0.6B,18,standardize,standardize,,-1,-1,,0,0.9591168594,0.9636959294,0.7626918536,0.7377622378,0.7657342657,0.5829145729,0.5298788389,0.1153400567,0.3822584013,116.6597565
Qwen/Qwen3-Embedding-0.6B,18,center,center,,-1,0,,-1,0.9506645051,0.9562096104,0.6859504132,0.6631701632,0.6794871795,0.6984924623,0.5502456158,0.1722903975,0.4614798245,80.12745
Qwen/Qwen3-Embedding-0.6B,18,abtt_D1,abtt,,-1,1,,-1,0.9738656499,0.9758155478,0.7969303424,0.7587412587,0.7995337995,0.5376884422,0.5284464108,0.09288908801,0.367401109,114.5414776
Qwen/Qwen3-Embedding-0.6B,18,abtt_D3,abtt,,-1,3,,-1,0.9784223206,0.9766301333,0.813459268,0.7913752914,0.8193473193,0.4974874372,0.5180360043,0.04770025156,0.2982568117,142.0544052
Qwen/Qwen3-Embedding-0.6B,18,abtt_D10,abtt,,-1,10,,-1,0.9798688367,0.9812304357,0.8370720189,0.8426573427,0.8752913753,0.3869346734,0.5270459719,0.02769069696,0.2247165745,177.9698849
Qwen/Qwen3-Embedding-0.6B,19,base,base,,-1,-1,,-1,0.9358558058,0.9328386775,0.7083825266,0.675990676,0.6841491841,0.9849246231,0.0348482728,0.1573120734,0.4564843507,80.65113956
Qwen/Qwen3-Embedding-0.6B,19,zero_mean_abs_k1,zero,mean_abs,1,-1,35,-1,0.9332269326,0.9343837827,0.7485242031,0.7249417249,0.7377622378,0.959798995,0.07922405005,0.1542013464,0.4494242338,82.68241485
Qwen/Qwen3-Embedding-0.6B,19,zero_mean_abs_k3,zero,mean_abs,3,-1,35;23;30,-1,0.932643766,0.9348397235,0.7473435655,0.7144522145,0.7272727273,0.9547738693,0.09049606323,0.1405083561,0.438070649,86.56531781
Qwen/Qwen3-Embedding-0.6B,19,zero_mean_abs_k5,zero,mean_abs,5,-1,35;23;30;18;28,-1,0.9334498671,0.9358735243,0.7390791027,0.7132867133,0.7249417249,0.9497487437,0.1007508636,0.1423641568,0.4351299417,87.44856767
Qwen/Qwen3-Embedding-0.6B,19,zero_mean_abs_k10,zero,mean_abs,10,-1,35;23;30;18;28;277;13;2;16;19,-1,0.9345333195,0.9398386588,0.7508854782,0.7296037296,0.7400932401,0.9396984925,0.1175789833,0.1416622819,0.4291228187,89.10527523
Qwen/Qwen3-Embedding-0.6B,19,zero_variance_k1,zero,variance,1,-1,30,-1,0.9351994445,0.9329492833,0.6989374262,0.6724941725,0.6806526807,0.9849246231,0.03533107042,0.144947949,0.4467495098,84.01357302
Qwen/Qwen3-Embedding-0.6B,19,zero_variance_k3,zero,variance,3,-1,30;35;74,-1,0.9306006123,0.9324137,0.7378984652,0.7074592075,0.7202797203,0.959798995,0.08230215311,0.1313171856,0.4323949015,88.96955498
Qwen/Qwen3-Embedding-0.6B,19,zero_variance_k5,zero,variance,5,-1,30;35;74;22;10,-1,0.9313110633,0.9342351034,0.7402597403,0.7144522145,0.7272727273,0.959798995,0.08084726334,0.1217293266,0.4218639681,92.31774913
Qwen/Qwen3-Embedding-0.6B,19,zero_variance_k10,zero,variance,10,-1,30;35;74;22;10;59;18;70;277;38,-1,0.9315129571,0.9346957299,0.746162928,0.7191142191,0.7307692308,0.9547738693,0.08754020929,0.1132031741,0.4092523537,96.79275454
Qwen/Qwen3-Embedding-0.6B,19,standardize,standardize,,-1,-1,,0,0.964201183,0.9681819869,0.7804014168,0.7622377622,0.7913752914,0.5728643216,0.5455156898,0.1060844888,0.3750370708,116.1752151
Qwen/Qwen3-Embedding-0.6B,19,center,center,,-1,0,,-1,0.955889271,0.9614463869,0.7296340024,0.696969697,0.7284382284,0.648241206,0.5611588567,0.1573120733,0.4564843507,80.65113957
Qwen/Qwen3-Embedding-0.6B,19,abtt_D1,abtt,,-1,1,,-1,0.9750538306,0.977402561,0.7969303424,0.7657342657,0.8076923077,0.5376884422,0.5419305332,0.09306686174,0.3736832788,109.2078055
Qwen/Qwen3-Embedding-0.6B,19,abtt_D3,abtt,,-1,3,,-1,0.9771083457,0.9757169454,0.8146399055,0.7913752914,0.8263403263,0.4974874372,0.5232569602,0.04766593092,0.3047002557,134.9598041
Qwen/Qwen3-Embedding-0.6B,19,abtt_D10,abtt,,-1,10,,-1,0.9794067859,0.9774277182,0.839433294,0.8333333333,0.8613053613,0.391959799,0.5310759573,0.02893405194,0.2332242046,168.3848927
Qwen/Qwen3-Embedding-0.6B,20,base,base,,-1,-1,,-1,0.9428969534,0.9384073731,0.7438016529,0.7331002331,0.7459207459,0.9798994975,0.04060792923,0.1422570734,0.4449070933,81.77334419
Qwen/Qwen3-Embedding-0.6B,20,zero_mean_abs_k1,zero,mean_abs,1,-1,35,-1,0.9404968315,0.9413800531,0.7532467532,0.7412587413,0.7517482517,0.959798995,0.08404320478,0.140123318,0.4378328236,83.6352438
Qwen/Qwen3-Embedding-0.6B,20,zero_mean_abs_k3,zero,mean_abs,3,-1,35;30;2,-1,0.9393897146,0.9423697169,0.7520661157,0.7342657343,0.7412587413,0.9547738693,0.0943197608,0.125866,0.42645253,87.44690028
Qwen/Qwen3-Embedding-0.6B,20,zero_mean_abs_k5,zero,mean_abs,5,-1,35;30;2;28;23,-1,0.9408273331,0.9454470704,0.7485242031,0.7657342657,0.7773892774,0.9447236181,0.1054956913,0.1261386198,0.4251285391,87.81549142
Qwen/Qwen3-Embedding-0.6B,20,zero_mean_abs_k10,zero,mean_abs,10,-1,35;30;2;28;23;18;277;32;7;16,-1,0.9401415248,0.9482968889,0.7579693034,0.7657342657,0.7727272727,0.9346733668,0.1250930429,0.1262581924,0.4189141979,89.55848728
Qwen/Qwen3-Embedding-0.6B,20,zero_variance_k1,zero,variance,1,-1,35,-1,0.9404968315,0.9413800531,0.7532467532,0.7412587413,0.7517482517,0.959798995,0.08404320478,0.140123318,0.4378328236,83.6352438
Qwen/Qwen3-Embedding-0.6B,20,zero_variance_k3,zero,variance,3,-1,35;30;22,-1,0.9379137378,0.9396271868,0.7497048406,0.7412587413,0.7564102564,0.9547738693,0.08794605732,0.1187810178,0.4205438782,89.41007591
Qwen/Qwen3-Embedding-0.6B,20,zero_variance_k5,zero,variance,5,-1,35;30;22;74;10,-1,0.9381144111,0.9408072993,0.7485242031,0.7505827506,0.7622377622,0.9547738693,0.08651292324,0.1107546049,0.4125484022,92.17260002
Qwen/Qwen3-Embedding-0.6B,20,zero_variance_k10,zero,variance,10,-1,35;30;22;74;10;59;58;70;38;18,-1,0.9386083934,0.9398027105,0.746162928,0.7517482517,0.7622377622,0.9547738693,0.08855617046,0.1005172223,0.3992358495,96.62542145
Qwen/Qwen3-Embedding-0.6B,20,standardize,standardize,,-1,-1,,0,0.9741086105,0.9744762667,0.826446281,0.8053613054,0.8251748252,0.5879396985,0.5779865282,0.08866592215,0.3658058426,115.1526631
Qwen/Qwen3-Embedding-0.6B,20,center,center,,-1,0,,-1,0.9626615765,0.9667987469,0.7473435655,0.7202797203,0.7424242424,0.6633165829,0.5771461142,0.1422570735,0.4449070935,81.77334413
Qwen/Qwen3-Embedding-0.6B,20,abtt_D1,abtt,,-1,1,,-1,0.9781560315,0.9805549753,0.8276269185,0.7878787879,0.817016317,0.5628140704,0.5634245212,0.08903029778,0.3722719997,105.3691251
Qwen/Qwen3-Embedding-0.6B,20,abtt_D3,abtt,,-1,3,,-1,0.9790293666,0.9778725586,0.8240850059,0.8333333333,0.8624708625,0.4824120603,0.5470243635,0.04551389901,0.3057978131,128.1008588
Qwen/Qwen3-Embedding-0.6B,20,abtt_D10,abtt,,-1,10,,-1,0.9811957913,0.979328957,0.8559622196,0.8554778555,0.8857808858,0.4221105528,0.5475913754,0.03001957754,0.236751062,157.0862294
Qwen/Qwen3-Embedding-0.6B,21,base,base,,-1,-1,,-1,0.9529046501,0.9502281189,0.7709563164,0.7517482517,0.7610722611,0.9798994975,0.04673427343,0.1075189742,0.4177282652,91.87895073
Qwen/Qwen3-Embedding-0.6B,21,zero_mean_abs_k1,zero,mean_abs,1,-1,35,-1,0.9489948167,0.9508479164,0.7780401417,0.7773892774,0.7867132867,0.9547738693,0.09544467926,0.1045280794,0.4085902341,94.05245437
Qwen/Qwen3-Embedding-0.6B,21,zero_mean_abs_k3,zero,mean_abs,3,-1,35;2;30,-1,0.9481354417,0.9522887613,0.7768595041,0.7610722611,0.7703962704,0.9497487437,0.1120936871,0.09594911802,0.3994495635,97.09564675
Qwen/Qwen3-Embedding-0.6B,21,zero_mean_abs_k5,zero,mean_abs,5,-1,35;2;30;23;28,-1,0.9497299905,0.9548321791,0.7780401417,0.7622377622,0.7715617716,0.9447236181,0.1237185001,0.09548912894,0.3981775175,97.47844956
Qwen/Qwen3-Embedding-0.6B,21,zero_mean_abs_k10,zero,mean_abs,10,-1,35;2;30;23;28;18;13;277;7;32,-1,0.9489304328,0.9565102073,0.7910271547,0.7867132867,0.7925407925,0.9296482412,0.1494468451,0.09460110176,0.3926656224,99.27994334
Qwen/Qwen3-Embedding-0.6B,21,zero_variance_k1,zero,variance,1,-1,35,-1,0.9489948167,0.9508479164,0.7780401417,0.7773892774,0.7867132867,0.9547738693,0.09544467926,0.1045280794,0.4085902341,94.05245437
Qwen/Qwen3-Embedding-0.6B,21,zero_variance_k3,zero,variance,3,-1,35;30;22,-1,0.9470798754,0.9497726827,0.7697756789,0.7564102564,0.7657342657,0.9547738693,0.0998532176,0.09347037496,0.3960964895,98.12516952
Qwen/Qwen3-Embedding-0.6B,21,zero_variance_k5,zero,variance,5,-1,35;30;22;10;74,-1,0.9470267798,0.9503066555,0.7709563164,0.7634032634,0.7727272727,0.9547738693,0.09900438786,0.0930695838,0.3925780782,99.36206202
Qwen/Qwen3-Embedding-0.6B,21,zero_variance_k10,zero,variance,10,-1,35;30;22;10;74;58;59;13;38;18,-1,0.9477862924,0.9500447257,0.7626918536,0.7587412587,0.7645687646,0.9547738693,0.1052241921,0.08959944275,0.3834144055,102.1001345
Qwen/Qwen3-Embedding-0.6B,21,standardize,standardize,,-1,-1,,0,0.9784070989,0.9787858851,0.8571428571,0.8496503497,0.8682983683,0.5577889447,0.6080993219,0.07985330882,0.3539775193,118.8800732
Qwen/Qwen3-Embedding-0.6B,21,center,center,,-1,0,,-1,0.9705951756,0.9746216853,0.8205430933,0.7902097902,0.8111888112,0.6281407035,0.6080837949,0.1075189743,0.4177282653,91.87895072
Qwen/Qwen3-Embedding-0.6B,21,abtt_D1,abtt,,-1,1,,-1,0.9835136975,0.9833908385,0.839433294,0.8333333333,0.8543123543,0.5628140704,0.6010219122,0.09673487915,0.3666818729,108.0559422
Qwen/Qwen3-Embedding-0.6B,21,abtt_D3,abtt,,-1,3,,-1,0.9847204528,0.9800307769,0.8417945691,0.8554778555,0.8764568765,0.5175879397,0.5781374786,0.04391215659,0.2939050208,134.4443798
Qwen/Qwen3-Embedding-0.6B,21,abtt_D10,abtt,,-1,10,,-1,0.9822835884,0.9788040634,0.8618654073,0.8811188811,0.9067599068,0.432160804,0.5621348749,0.0292772638,0.2277997406,162.5465298
Qwen/Qwen3-Embedding-0.6B,22,base,base,,-1,-1,,-1,0.963465191,0.9557234136,0.7898465171,0.7948717949,0.8088578089,0.9798994975,0.04415404797,0.0947704257,0.4005607212,100.2525979
Qwen/Qwen3-Embedding-0.6B,22,zero_mean_abs_k1,zero,mean_abs,1,-1,35,-1,0.9605765745,0.9568599384,0.7863046045,0.7843822844,0.7937062937,0.959798995,0.09391397238,0.09366794989,0.388183636,103.5771344
Qwen/Qwen3-Embedding-0.6B,22,zero_mean_abs_k3,zero,mean_abs,3,-1,35;13;2,-1,0.9590195065,0.9583078166,0.7933884298,0.7832167832,0.789044289,0.9447236181,0.1280682683,0.09404284939,0.3845153194,104.3934063
Qwen/Qwen3-Embedding-0.6B,22,zero_mean_abs_k5,zero,mean_abs,5,-1,35;13;2;30;277,-1,0.9574169218,0.9585421054,0.7922077922,0.7785547786,0.7843822844,0.9396984925,0.1419528723,0.0952825374,0.3786845193,106.473481
Qwen/Qwen3-Embedding-0.6B,22,zero_mean_abs_k10,zero,mean_abs,10,-1,35;13;2;30;277;23;18;28;7;32,-1,0.9579869579,0.9613736986,0.8099173554,0.824009324,0.8333333333,0.9145728643,0.1735808253,0.09520165385,0.3757089949,107.5668221
Qwen/Qwen3-Embedding-0.6B,22,zero_variance_k1,zero,variance,1,-1,35,-1,0.9605765745,0.9568599384,0.7863046045,0.7843822844,0.7937062937,0.959798995,0.09391397238,0.09366794989,0.388183636,103.5771344
Qwen/Qwen3-Embedding-0.6B,22,zero_variance_k3,zero,variance,3,-1,35;30;13,-1,0.957889109,0.9556958123,0.7886658796,0.7797202797,0.7878787879,0.9497487437,0.1158074737,0.09460750307,0.380362461,105.9215156
Qwen/Qwen3-Embedding-0.6B,22,zero_variance_k5,zero,variance,5,-1,35;30;13;22;10,-1,0.9579448147,0.9560351975,0.7863046045,0.7843822844,0.7925407925,0.9497487437,0.1148039103,0.09491864814,0.3762859921,107.1551165
Qwen/Qwen3-Embedding-0.6B,22,zero_variance_k10,zero,variance,10,-1,35;30;13;22;10;74;58;277;18;17,-1,0.958644231,0.9572959297,0.7957497048,0.803030303,0.8135198135,0.9447236181,0.122102499,0.09546982144,0.3702549347,109.0832009
Qwen/Qwen3-Embedding-0.6B,22,standardize,standardize,,-1,-1,,0,0.9822104692,0.9796769663,0.8713105077,0.8531468531,0.872960373,0.5477386935,0.6263696605,0.08234007546,0.3414694188,125.034602
Qwen/Qwen3-Embedding-0.6B,22,center,center,,-1,0,,-1,0.9760101493,0.977436404,0.8453364817,0.8251748252,0.8426573427,0.6130653266,0.6263913655,0.09477042561,0.4005607213,100.2525979
Qwen/Qwen3-Embedding-0.6B,22,abtt_D1,abtt,,-1,1,,-1,0.9804284919,0.9790190359,0.8429752066,0.8321678322,0.8484848485,0.5879396985,0.6111548765,0.0842799097,0.3569773375,114.8732868
Qwen/Qwen3-Embedding-0.6B,22,abtt_D3,abtt,,-1,3,,-1,0.9867064563,0.9816416187,0.8583234947,0.8624708625,0.87995338,0.5427135678,0.6014066537,0.04522180063,0.2886743564,140.2706431
Qwen/Qwen3-Embedding-0.6B,22,abtt_D10,abtt,,-1,10,,-1,0.9814999131,0.9784475117,0.86540732,0.865967366,0.8881118881,0.4221105528,0.5744478531,0.02895397103,0.2238440895,170.6613719
Qwen/Qwen3-Embedding-0.6B,23,base,base,,-1,-1,,-1,0.9605027765,0.9543619638,0.7579693034,0.7424242424,0.7517482517,0.9849246231,0.03760117292,0.09161627125,0.3948563019,105.6157513
Qwen/Qwen3-Embedding-0.6B,23,zero_mean_abs_k1,zero,mean_abs,1,-1,35,-1,0.9583009235,0.95546849,0.7804014168,0.7948717949,0.8065268065,0.9648241206,0.07583397627,0.09239404036,0.3765421262,111.2078621
Qwen/Qwen3-Embedding-0.6B,23,zero_mean_abs_k3,zero,mean_abs,3,-1,35;13;2,-1,0.9565874738,0.9576036638,0.7898465171,0.7983682984,0.8065268065,0.9396984925,0.1326426864,0.09389368152,0.3696644031,112.9667895
Qwen/Qwen3-Embedding-0.6B,23,zero_mean_abs_k5,zero,mean_abs,5,-1,35;13;2;30;277,-1,0.9550305566,0.9579994072,0.7839433294,0.7913752914,0.7972027972,0.9346733668,0.1466413736,0.09506643235,0.3642553462,114.9228888
Qwen/Qwen3-Embedding-0.6B,23,zero_mean_abs_k10,zero,mean_abs,10,-1,35;13;2;30;277;18;7;23;28;32,-1,0.9560789052,0.9611201431,0.7945690673,0.8135198135,0.8216783217,0.9145728643,0.1779159307,0.0951305282,0.3603988579,116.2846641
Qwen/Qwen3-Embedding-0.6B,23,zero_variance_k1,zero,variance,1,-1,35,-1,0.9583009235,0.95546849,0.7804014168,0.7948717949,0.8065268065,0.9648241206,0.07583397627,0.09239404036,0.3765421262,111.2078621
Qwen/Qwen3-Embedding-0.6B,23,zero_variance_k3,zero,variance,3,-1,35;13;30,-1,0.9550775863,0.9540831027,0.7839433294,0.7948717949,0.8053613054,0.9497487437,0.1101483107,0.09426926788,0.3663869416,114.1431238
Qwen/Qwen3-Embedding-0.6B,23,zero_variance_k5,zero,variance,5,-1,35;13;30;22;2,-1,0.9550356054,0.9568274734,0.7898465171,0.81002331,0.8205128205,0.9346733668,0.139690578,0.09499391708,0.3626288836,115.3311659
Qwen/Qwen3-Embedding-0.6B,23,zero_variance_k10,zero,variance,10,-1,35;13;30;22;2;277;16;18;60;10,-1,0.955427371,0.9599411364,0.7945690673,0.8006993007,0.8065268065,0.9296482412,0.1560047269,0.09291027707,0.3571478293,117.5104061
Qwen/Qwen3-Embedding-0.6B,23,standardize,standardize,,-1,-1,,0,0.9823796865,0.981586317,0.8713105077,0.8624708625,0.8822843823,0.5376884422,0.6221770461,0.08146475232,0.3265927188,133.9716459
Qwen/Qwen3-Embedding-0.6B,23,center,center,,-1,0,,-1,0.9750976308,0.9785079121,0.8429752066,0.8205128205,0.8414918415,0.5929648241,0.6215925044,0.09161627134,0.3948563019,105.6157513
Qwen/Qwen3-Embedding-0.6B,23,abtt_D1,abtt,,-1,1,,-1,0.9768359679,0.9780664634,0.8406139315,0.831002331,0.8484848485,0.5829145729,0.6032776724,0.07815834541,0.3519801041,120.6180435
Qwen/Qwen3-Embedding-0.6B,23,abtt_D3,abtt,,-1,3,,-1,0.9864031048,0.9831994323,0.8642266824,0.8624708625,0.8811188811,0.5376884422,0.6014901079,0.04534393057,0.2805769243,149.1254324
Qwen/Qwen3-Embedding-0.6B,23,abtt_D10,abtt,,-1,10,,-1,0.983561118,0.9801462266,0.8724911452,0.8857808858,0.9067599068,0.4371859296,0.5776460028,0.02725463245,0.2154321101,181.5408749
Qwen/Qwen3-Embedding-0.6B,24,base,base,,-1,-1,,-1,0.9627164457,0.9547626401,0.7957497048,0.8076923077,0.8181818182,0.9849246231,0.03201973438,0.08964170604,0.3952200998,108.5681095
Qwen/Qwen3-Embedding-0.6B,24,zero_mean_abs_k1,zero,mean_abs,1,-1,35,-1,0.9606855334,0.9550358509,0.7827626919,0.7587412587,0.7668997669,0.9748743719,0.0611089468,0.09033107595,0.3749430848,115.3964081
Qwen/Qwen3-Embedding-0.6B,24,zero_mean_abs_k3,zero,mean_abs,3,-1,35;13;2,-1,0.9588654103,0.9584719925,0.8063754427,0.8193473193,0.8286713287,0.9296482412,0.1429468989,0.09229191409,0.364219325,118.3548911
Qwen/Qwen3-Embedding-0.6B,24,zero_mean_abs_k5,zero,mean_abs,5,-1,35;13;2;30;277,-1,0.9576316032,0.9590419581,0.800472255,0.8193473193,0.8286713287,0.9246231156,0.1560018063,0.09326080132,0.3595578311,120.1457207
Qwen/Qwen3-Embedding-0.6B,24,zero_mean_abs_k10,zero,mean_abs,10,-1,35;13;2;30;277;7;18;28;23;429,-1,0.9589179665,0.9624404518,0.8193624557,0.8333333333,0.8438228438,0.9045226131,0.1858057976,0.09296979047,0.3561540855,121.4881103
Qwen/Qwen3-Embedding-0.6B,24,zero_variance_k1,zero,variance,1,-1,35,-1,0.9606855334,0.9550358509,0.7827626919,0.7587412587,0.7668997669,0.9748743719,0.0611089468,0.09033107595,0.3749430848,115.3964081
Qwen/Qwen3-Embedding-0.6B,24,zero_variance_k3,zero,variance,3,-1,35;13;2,-1,0.9588654103,0.9584719925,0.8063754427,0.8193473193,0.8286713287,0.9296482412,0.1429468989,0.09229191409,0.364219325,118.3548911
Qwen/Qwen3-Embedding-0.6B,24,zero_variance_k5,zero,variance,5,-1,35;13;2;30;22,-1,0.9576339619,0.9578131369,0.7957497048,0.8228438228,0.8321678322,0.9296482412,0.1493151188,0.09315451629,0.3588953172,120.1770619
Qwen/Qwen3-Embedding-0.6B,24,zero_variance_k10,zero,variance,10,-1,35;13;2;30;22;277;18;16;60;17,-1,0.9579161905,0.9605049099,0.8028335301,0.8228438228,0.8333333333,0.9195979899,0.1648252606,0.0913854436,0.3517256212,123.0429814
Qwen/Qwen3-Embedding-0.6B,24,standardize,standardize,,-1,-1,,0,0.9820659586,0.9810693845,0.8736717828,0.8694638695,0.8869463869,0.5376884422,0.6244208994,0.07906856071,0.3217571652,139.5329096
Qwen/Qwen3-Embedding-0.6B,24,center,center,,-1,0,,-1,0.9760973772,0.9784847811,0.8500590319,0.831002331,0.8496503497,0.6130653266,0.6246618882,0.089641706,0.3952200997,108.5681095
Qwen/Qwen3-Embedding-0.6B,24,abtt_D1,abtt,,-1,1,,-1,0.9774691468,0.9773347463,0.8465171192,0.837995338,0.8566433566,0.5829145729,0.6079168605,0.0785245736,0.3531860139,123.6580855
Qwen/Qwen3-Embedding-0.6B,24,abtt_D3,abtt,,-1,3,,-1,0.9865653215,0.9831548674,0.86540732,0.8636363636,0.87995338,0.5427135678,0.6052697241,0.04684337985,0.2797695828,154.9688931
Qwen/Qwen3-Embedding-0.6B,24,abtt_D10,abtt,,-1,10,,-1,0.9838395297,0.9800475079,0.8748524203,0.8962703963,0.9137529138,0.4572864322,0.5762873338,0.02636897032,0.214131319,190.711142
Qwen/Qwen3-Embedding-0.6B,25,base,base,,-1,-1,,-1,0.9612699159,0.9529611368,0.7438016529,0.7179487179,0.7249417249,0.9899497487,0.0267124176,0.0939145239,0.4006184213,109.5916243
Qwen/Qwen3-Embedding-0.6B,25,zero_mean_abs_k1,zero,mean_abs,1,-1,35,-1,0.960216875,0.9534101334,0.7709563164,0.7797202797,0.789044289,0.9798994975,0.04559230804,0.09664829695,0.3807133263,116.6239789
Qwen/Qwen3-Embedding-0.6B,25,zero_mean_abs_k3,zero,mean_abs,3,-1,35;13;2,-1,0.9572385074,0.9580096491,0.7945690673,0.8123543124,0.8216783217,0.9346733668,0.1371085048,0.09921154573,0.3692978548,120.1908308
Qwen/Qwen3-Embedding-0.6B,25,zero_mean_abs_k5,zero,mean_abs,5,-1,35;13;2;7;30,-1,0.9559277094,0.9584814873,0.7945690673,0.8076923077,0.8146853147,0.9296482412,0.1494315267,0.1000756211,0.3659812293,121.4981199
Qwen/Qwen3-Embedding-0.6B,25,zero_mean_abs_k10,zero,mean_abs,10,-1,35;13;2;7;30;18;28;429;277;23,-1,0.956932804,0.9618383378,0.8040141677,0.8123543124,0.8193473193,0.9195979899,0.16964221,0.1002308825,0.3624377109,123.0611545
Qwen/Qwen3-Embedding-0.6B,25,zero_variance_k1,zero,variance,1,-1,35,-1,0.960216875,0.9534101334,0.7709563164,0.7797202797,0.789044289,0.9798994975,0.04559230804,0.09664829695,0.3807133263,116.6239789
Qwen/Qwen3-Embedding-0.6B,25,zero_variance_k3,zero,variance,3,-1,35;13;2,-1,0.9572385074,0.9580096491,0.7945690673,0.8123543124,0.8216783217,0.9346733668,0.1371085048,0.09921154573,0.3692978548,120.1908308
Qwen/Qwen3-Embedding-0.6B,25,zero_variance_k5,zero,variance,5,-1,35;13;2;30;277,-1,0.9563659151,0.9585541336,0.7969303424,0.817016317,0.8251748252,0.9296482412,0.1449659467,0.1001801137,0.3657014431,121.7056897
Qwen/Qwen3-Embedding-0.6B,25,zero_variance_k10,zero,variance,10,-1,35;13;2;30;277;22;18;60;16;264,-1,0.9566243328,0.9604202602,0.7945690673,0.8065268065,0.8135198135,0.9296482412,0.1518424749,0.09785849881,0.3593924183,124.2891972
Qwen/Qwen3-Embedding-0.6B,25,standardize,standardize,,-1,-1,,0,0.9800415487,0.9806003319,0.8724911452,0.8566433566,0.8741258741,0.567839196,0.6178738796,0.08678230906,0.331192441,139.4173125
Qwen/Qwen3-Embedding-0.6B,25,center,center,,-1,0,,-1,0.97488622,0.9778789932,0.8547815821,0.831002331,0.8543123543,0.5929648241,0.6191572243,0.09391452389,0.4006184213,109.5916243
Qwen/Qwen3-Embedding-0.6B,25,abtt_D1,abtt,,-1,1,,-1,0.9744514426,0.9754987221,0.8406139315,0.8414918415,0.8648018648,0.5829145729,0.5979518715,0.08628769621,0.3558454851,126.4421367
Qwen/Qwen3-Embedding-0.6B,25,abtt_D3,abtt,,-1,3,,-1,0.9852537258,0.9830588254,0.8630460449,0.8682983683,0.8857808858,0.5427135678,0.6015106818,0.0451392147,0.2800179079,160.644224
Qwen/Qwen3-Embedding-0.6B,25,abtt_D10,abtt,,-1,10,,-1,0.9849780614,0.9823831275,0.8724911452,0.8869463869,0.9044289044,0.4472361809,0.5729133575,0.02623125012,0.2099568854,200.1515146
Qwen/Qwen3-Embedding-0.6B,26,base,base,,-1,-1,,-1,0.9664460179,0.9572016121,0.7556080283,0.7400932401,0.7494172494,0.9899497487,0.024076581,0.0984930483,0.3915460085,115.0884602
Qwen/Qwen3-Embedding-0.6B,26,zero_mean_abs_k1,zero,mean_abs,1,-1,35,-1,0.9655316321,0.9575038269,0.8075560803,0.7995337995,0.8146853147,0.9798994975,0.03812515736,0.1002437936,0.3741113925,121.298884
Qwen/Qwen3-Embedding-0.6B,26,zero_mean_abs_k3,zero,mean_abs,3,-1,35;13;2,-1,0.9604289464,0.9595452323,0.8205430933,0.8181818182,0.8333333333,0.9246231156,0.1404790878,0.1021896378,0.3643136757,124.2803537
Qwen/Qwen3-Embedding-0.6B,26,zero_mean_abs_k5,zero,mean_abs,5,-1,35;13;2;7;30,-1,0.9593123994,0.9600130751,0.8170011806,0.8181818182,0.831002331,0.9195979899,0.1515348554,0.102994321,0.3611659885,125.4796925
Qwen/Qwen3-Embedding-0.6B,26,zero_mean_abs_k10,zero,mean_abs,10,-1,35;13;2;7;30;429;18;28;23;16,-1,0.9595362436,0.962006598,0.8193624557,0.824009324,0.8344988345,0.9145728643,0.1671857834,0.1021494738,0.3579286863,126.8958178
Qwen/Qwen3-Embedding-0.6B,26,zero_variance_k1,zero,variance,1,-1,35,-1,0.9655316321,0.9575038269,0.8075560803,0.7995337995,0.8146853147,0.9798994975,0.03812515736,0.1002437936,0.3741113925,121.298884
Qwen/Qwen3-Embedding-0.6B,26,zero_variance_k3,zero,variance,3,-1,35;13;2,-1,0.9604289464,0.9595452323,0.8205430933,0.8181818182,0.8333333333,0.9246231156,0.1404790878,0.1021896378,0.3643136757,124.2803537
Qwen/Qwen3-Embedding-0.6B,26,zero_variance_k5,zero,variance,5,-1,35;13;2;30;277,-1,0.9598218456,0.9600081792,0.8158205431,0.817016317,0.8286713287,0.9246231156,0.1459194422,0.1031154384,0.3608526505,125.690339
Qwen/Qwen3-Embedding-0.6B,26,zero_variance_k10,zero,variance,10,-1,35;13;2;30;277;18;60;22;264;7,-1,0.9598304415,0.9622912036,0.8205430933,0.824009324,0.8391608392,0.9145728643,0.1571912766,0.1023491135,0.3555584135,127.9735589
Qwen/Qwen3-Embedding-0.6B,26,standardize,standardize,,-1,-1,,0,0.978585271,0.9802345797,0.86540732,0.8554778555,0.872960373,0.5829145729,0.6178428926,0.08895780096,0.3288209873,142.2289935
Qwen/Qwen3-Embedding-0.6B,26,center,center,,-1,0,,-1,0.9735131568,0.9777179692,0.852420307,0.8321678322,0.8566433566,0.5979899497,0.6193488678,0.0984930483,0.3915460084,115.0884602
Qwen/Qwen3-Embedding-0.6B,26,abtt_D1,abtt,,-1,1,,-1,0.9757443882,0.976230031,0.8370720189,0.8391608392,0.8648018648,0.567839196,0.596768033,0.0777879484,0.3423914582,135.2702004
Qwen/Qwen3-Embedding-0.6B,26,abtt_D3,abtt,,-1,3,,-1,0.9865748682,0.9832804058,0.8583234947,0.8624708625,0.8811188811,0.5477386935,0.6015950115,0.04570289994,0.2723627342,167.7681443
Qwen/Qwen3-Embedding-0.6B,26,abtt_D10,abtt,,-1,10,,-1,0.9853648354,0.9810815388,0.8795749705,0.8811188811,0.8974358974,0.4371859296,0.5679803338,0.02566392792,0.2039629806,208.6190493
Qwen/Qwen3-Embedding-0.6B,27,base,base,,-1,-1,,-1,0.9666312616,0.9561666683,0.8028335301,0.7867132867,0.8076923077,0.9899497487,0.01661723852,0.1175729998,0.4131695092,108.4429736
Qwen/Qwen3-Embedding-0.6B,27,zero_mean_abs_k1,zero,mean_abs,1,-1,35,-1,0.9660810617,0.9565140517,0.8051948052,0.7867132867,0.8076923077,0.9849246231,0.02499765158,0.1052061784,0.3864973645,119.7695404
Qwen/Qwen3-Embedding-0.6B,27,zero_mean_abs_k3,zero,mean_abs,3,-1,35;13;2,-1,0.9612149096,0.9579692799,0.8087367178,0.8135198135,0.8344988345,0.9396984925,0.1084285378,0.1056544612,0.3656754444,127.1934451
Qwen/Qwen3-Embedding-0.6B,27,zero_mean_abs_k5,zero,mean_abs,5,-1,35;13;2;28;429,-1,0.9613066355,0.9586990377,0.7969303424,0.8053613054,0.8228438228,0.9396984925,0.1144874096,0.1058877004,0.3652825787,127.4156509
Qwen/Qwen3-Embedding-0.6B,27,zero_mean_abs_k10,zero,mean_abs,10,-1,35;13;2;28;429;30;7;18;368;112,-1,0.9613444887,0.9599466952,0.7957497048,0.8053613054,0.8228438228,0.9346733668,0.1239812374,0.106392027,0.3623897009,128.5924502
Qwen/Qwen3-Embedding-0.6B,27,zero_variance_k1,zero,variance,1,-1,35,-1,0.9660810617,0.9565140517,0.8051948052,0.7867132867,0.8076923077,0.9849246231,0.02499765158,0.1052061784,0.3864973645,119.7695404
Qwen/Qwen3-Embedding-0.6B,27,zero_variance_k3,zero,variance,3,-1,35;13;2,-1,0.9612149096,0.9579692799,0.8087367178,0.8135198135,0.8344988345,0.9396984925,0.1084285378,0.1056544612,0.3656754444,127.1934451
Qwen/Qwen3-Embedding-0.6B,27,zero_variance_k5,zero,variance,5,-1,35;13;2;277;22,-1,0.9615762615,0.9587533795,0.8063754427,0.8135198135,0.8344988345,0.9396984925,0.1083291769,0.1058870332,0.3623663209,128.4278539
Qwen/Qwen3-Embedding-0.6B,27,zero_variance_k10,zero,variance,10,-1,35;13;2;277;22;30;18;61;341;264,-1,0.9616094705,0.9596529288,0.7981109799,0.81002331,0.8286713287,0.9396984925,0.1120845675,0.1044293589,0.3579878225,130.6035015
Qwen/Qwen3-Embedding-0.6B,27,standardize,standardize,,-1,-1,,0,0.9769944112,0.9779659634,0.8583234947,0.8461538462,0.8706293706,0.5577889447,0.6093605521,0.09161124852,0.3337360429,143.2939085
Qwen/Qwen3-Embedding-0.6B,27,center,center,,-1,0,,-1,0.9685968278,0.9750239251,0.8323494687,0.8018648019,0.8321678322,0.608040201,0.609290407,0.1175729997,0.4131695091,108.4429736
Qwen/Qwen3-Embedding-0.6B,27,abtt_D1,abtt,,-1,1,,-1,0.9792267373,0.9766304104,0.8288075561,0.817016317,0.8438228438,0.5778894472,0.5991674492,0.09200892856,0.3513098006,134.3310025
Qwen/Qwen3-Embedding-0.6B,27,abtt_D3,abtt,,-1,3,,-1,0.9845934769,0.9822763537,0.8453364817,0.844988345,0.8601398601,0.5728643216,0.5930045261,0.04580589006,0.2709511027,173.0725372
Qwen/Qwen3-Embedding-0.6B,27,abtt_D10,abtt,,-1,10,,-1,0.9824323501,0.9780758766,0.867768595,0.8764568765,0.8939393939,0.4572864322,0.5594054076,0.02455350303,0.1981903944,217.4090341
Qwen/Qwen3-Embedding-0.6B,28,base,base,,-1,-1,,-1,0.9580425104,0.9565238311,0.8075560803,0.803030303,0.8228438228,0.9447236181,0.0980912447,0.1110635019,0.386253282,113.2954854
Qwen/Qwen3-Embedding-0.6B,28,zero_mean_abs_k1,zero,mean_abs,1,-1,370,-1,0.9580018733,0.9566462944,0.7969303424,0.8065268065,0.8263403263,0.9447236181,0.1008332372,0.111256072,0.3863478496,113.2556144
Qwen/Qwen3-Embedding-0.6B,28,zero_mean_abs_k3,zero,mean_abs,3,-1,370;429;416,-1,0.9582945057,0.957504955,0.7945690673,0.8111888112,0.8286713287,0.9447236181,0.1049442291,0.1116507098,0.3856366938,113.6199051
Qwen/Qwen3-Embedding-0.6B,28,zero_mean_abs_k5,zero,mean_abs,5,-1,370;429;416;27;61,-1,0.9584425246,0.9584379985,0.8075560803,0.8076923077,0.8275058275,0.9396984925,0.1083707809,0.112518469,0.3847059781,113.9568232
Qwen/Qwen3-Embedding-0.6B,28,zero_mean_abs_k10,zero,mean_abs,10,-1,370;429;416;27;61;619;12;19;396;28,-1,0.9593930221,0.9596685119,0.8075560803,0.803030303,0.8228438228,0.9346733668,0.1159226894,0.112954855,0.3840067077,114.2465064
Qwen/Qwen3-Embedding-0.6B,28,zero_variance_k1,zero,variance,1,-1,7,-1,0.9584015173,0.9580604087,0.8051948052,0.81002331,0.8298368298,0.9447236181,0.09802651405,0.1121800605,0.3817959875,114.9287278
Qwen/Qwen3-Embedding-0.6B,28,zero_variance_k3,zero,variance,3,-1,7;277;61,-1,0.9587379705,0.9601317137,0.8075560803,0.8135198135,0.8321678322,0.9447236181,0.09889882803,0.1136301645,0.3782729411,116.4335047
Qwen/Qwen3-Embedding-0.6B,28,zero_variance_k5,zero,variance,5,-1,7;277;61;1;16,-1,0.9585706432,0.9600789626,0.8110979929,0.8111888112,0.8298368298,0.9447236181,0.09832310677,0.1123858367,0.3763326424,117.4641605
Qwen/Qwen3-Embedding-0.6B,28,zero_variance_k10,zero,variance,10,-1,7;277;61;1;16;18;23;106;55;429,-1,0.9589993594,0.9621408618,0.8170011806,0.8216783217,0.8403263403,0.9447236181,0.1001200676,0.1133163626,0.373436121,119.0850608
Qwen/Qwen3-Embedding-0.6B,28,standardize,standardize,,-1,-1,,0,0.973870653,0.9772475757,0.8595041322,0.8484848485,0.8706293706,0.5829145729,0.6200170498,0.1006961547,0.3444700821,133.5668827
Qwen/Qwen3-Embedding-0.6B,28,center,center,,-1,0,,-1,0.9717201311,0.9747795304,0.8335301063,0.8181818182,0.8484848485,0.6030150754,0.620503873,0.1110635019,0.3862532821,113.2954854
Qwen/Qwen3-Embedding-0.6B,28,abtt_D1,abtt,,-1,1,,-1,0.9777895348,0.9744969634,0.8193624557,0.824009324,0.8554778555,0.5879396985,0.5967876238,0.08017013206,0.3279735782,138.194282
Qwen/Qwen3-Embedding-0.6B,28,abtt_D3,abtt,,-1,3,,-1,0.9829301012,0.9816554478,0.8465171192,0.844988345,0.865967366,0.5577889447,0.5848375677,0.04270575821,0.2718866463,165.2342053
Qwen/Qwen3-Embedding-0.6B,28,abtt_D10,abtt,,-1,10,,-1,0.9747922405,0.9748980701,0.8512396694,0.8717948718,0.8904428904,0.4623115578,0.556018689,0.02665253171,0.2125069616,201.845944
