model,layer,ranking,rank,coord,mean,mean_abs,sd,variance,r,rank_other,dim,median_mean_abs,median_abs_mean,median_sd
bowphs/LaTa,1,mean_abs,1,146,23.38645585,23.53996402,8.398731449,70.53868996,0.3591280143,2,768,2.264697275,1.204976746,2.490733573
bowphs/LaTa,1,mean_abs,2,172,-20.91566782,20.99303271,6.500908374,42.26180968,0.3108152429,12,768,2.264697275,1.204976746,2.490733573
bowphs/LaTa,1,mean_abs,3,696,-19.0186144,19.38266239,8.75215961,76.60029784,0.4601891296,1,768,2.264697275,1.204976746,2.490733573
bowphs/LaTa,1,mean_abs,4,615,-15.93775908,15.95745938,5.61370552,31.51368966,0.3522267773,21,768,2.264697275,1.204976746,2.490733573
bowphs/LaTa,1,mean_abs,5,181,-14.28265247,14.28265247,5.133222822,26.34997654,0.3594026273,25,768,2.264697275,1.204976746,2.490733573
bowphs/LaTa,1,mean_abs,6,166,-13.94366584,13.97310526,6.281944251,39.46282358,0.4505231496,14,768,2.264697275,1.204976746,2.490733573
bowphs/LaTa,1,mean_abs,7,122,-13.32429443,13.38418472,5.599374859,31.35299881,0.4202380011,22,768,2.264697275,1.204976746,2.490733573
bowphs/LaTa,1,mean_abs,8,252,-11.83707593,11.92240975,5.723334265,32.75655511,0.4835091283,20,768,2.264697275,1.204976746,2.490733573
bowphs/LaTa,1,mean_abs,9,126,11.57921063,11.84709325,7.13267032,50.8749859,0.6159893404,8,768,2.264697275,1.204976746,2.490733573
bowphs/LaTa,1,mean_abs,10,575,9.8021139,10.19730384,6.182520009,38.22355367,0.630733337,15,768,2.264697275,1.204976746,2.490733573
bowphs/LaTa,1,variance,1,696,-19.0186144,19.38266239,8.75215961,76.60029784,0.4601891296,3,768,2.264697275,1.204976746,2.490733573
bowphs/LaTa,1,variance,2,146,23.38645585,23.53996402,8.398731449,70.53868996,0.3591280143,1,768,2.264697275,1.204976746,2.490733573
bowphs/LaTa,1,variance,3,162,4.727391758,7.831768895,8.398017214,70.52669312,1.776458911,16,768,2.264697275,1.204976746,2.490733573
bowphs/LaTa,1,variance,4,86,-2.035845072,6.274874655,7.794606799,60.75589515,3.828683679,25,768,2.264697275,1.204976746,2.490733573
bowphs/LaTa,1,variance,5,15,-3.48643084,6.637652098,7.527198872,56.65872286,2.158998477,22,768,2.264697275,1.204976746,2.490733573
bowphs/LaTa,1,variance,6,518,1.326369171,5.399660305,7.375151954,54.39286634,5.560406646,39,768,2.264697275,1.204976746,2.490733573
bowphs/LaTa,1,variance,7,548,4.562560696,6.671200116,7.135876492,50.92073331,1.564006918,21,768,2.264697275,1.204976746,2.490733573
bowphs/LaTa,1,variance,8,126,11.57921063,11.84709325,7.13267032,50.8749859,0.6159893404,9,768,2.264697275,1.204976746,2.490733573
bowphs/LaTa,1,variance,9,662,8.688628831,8.775383206,6.851979161,46.94961843,0.7886145553,14,768,2.264697275,1.204976746,2.490733573
bowphs/LaTa,1,variance,10,56,-1.305956786,5.48368729,6.792425844,46.13704884,5.201110725,36,768,2.264697275,1.204976746,2.490733573
bowphs/LaTa,2,mean_abs,1,172,31.80589857,97.42301006,107.7511007,11610.29971,3.387770998,1,768,3.498523382,1.753992455,3.766663845
bowphs/LaTa,2,mean_abs,2,252,53.77513832,87.26427868,95.56972793,9133.572896,1.777210267,2,768,3.498523382,1.753992455,3.766663845
bowphs/LaTa,2,mean_abs,3,65,58.50366787,64.39671988,64.72096593,4188.803431,1.106271936,3,768,3.498523382,1.753992455,3.766663845
bowphs/LaTa,2,mean_abs,4,548,61.59148941,62.24926122,53.25072482,2835.639694,0.8645792679,6,768,3.498523382,1.753992455,3.766663845
bowphs/LaTa,2,mean_abs,5,665,-43.00482321,58.45651154,64.57631499,4170.100458,1.501606336,4,768,3.498523382,1.753992455,3.766663845
bowphs/LaTa,2,mean_abs,6,124,50.62788381,53.51983702,53.11106577,2820.785307,1.049047714,7,768,3.498523382,1.753992455,3.766663845
bowphs/LaTa,2,mean_abs,7,166,7.139194641,51.45109088,56.90841744,3238.567975,7.971265709,5,768,3.498523382,1.753992455,3.766663845
bowphs/LaTa,2,mean_abs,8,615,5.049270363,48.08304673,51.35152046,2636.978654,10.17008731,8,768,3.498523382,1.753992455,3.766663845
bowphs/LaTa,2,mean_abs,9,223,-41.44589232,42.19934572,30.14582177,908.7705701,0.7273536671,14,768,3.498523382,1.753992455,3.766663845
bowphs/LaTa,2,mean_abs,10,630,35.80790064,39.04899332,42.52310819,1808.21473,1.187534243,9,768,3.498523382,1.753992455,3.766663845
bowphs/LaTa,2,variance,1,172,31.80589857,97.42301006,107.7511007,11610.29971,3.387770998,1,768,3.498523382,1.753992455,3.766663845
bowphs/LaTa,2,variance,2,252,53.77513832,87.26427868,95.56972793,9133.572896,1.777210267,2,768,3.498523382,1.753992455,3.766663845
bowphs/LaTa,2,variance,3,65,58.50366787,64.39671988,64.72096593,4188.803431,1.106271936,3,768,3.498523382,1.753992455,3.766663845
bowphs/LaTa,2,variance,4,665,-43.00482321,58.45651154,64.57631499,4170.100458,1.501606336,5,768,3.498523382,1.753992455,3.766663845
bowphs/LaTa,2,variance,5,166,7.139194641,51.45109088,56.90841744,3238.567975,7.971265709,7,768,3.498523382,1.753992455,3.766663845
bowphs/LaTa,2,variance,6,548,61.59148941,62.24926122,53.25072482,2835.639694,0.8645792679,4,768,3.498523382,1.753992455,3.766663845
bowphs/LaTa,2,variance,7,124,50.62788381,53.51983702,53.11106577,2820.785307,1.049047714,6,768,3.498523382,1.753992455,3.766663845
bowphs/LaTa,2,variance,8,615,5.049270363,48.08304673,51.35152046,2636.978654,10.17008731,8,768,3.498523382,1.753992455,3.766663845
bowphs/LaTa,2,variance,9,630,35.80790064,39.04899332,42.52310819,1808.21473,1.187534243,10,768,3.498523382,1.753992455,3.766663845
bowphs/LaTa,2,variance,10,764,-33.98778563,39.03894013,41.78271616,1745.79537,1.229345054,11,768,3.498523382,1.753992455,3.766663845
bowphs/LaTa,3,mean_abs,1,172,183.0837288,288.9319739,329.7005501,108702.4527,1.800818414,1,768,4.486762146,2.407847707,4.890265728
bowphs/LaTa,3,mean_abs,2,665,-196.75655,241.6473225,280.031137,78417.43769,1.42323667,2,768,4.486762146,2.407847707,4.890265728
bowphs/LaTa,3,mean_abs,3,252,191.4124965,232.9916013,254.66855,64856.07037,1.330469821,3,768,4.486762146,2.407847707,4.890265728
bowphs/LaTa,3,mean_abs,4,548,185.8732343,187.6802095,190.1310975,36149.83422,1.02290735,6,768,4.486762146,2.407847707,4.890265728
bowphs/LaTa,3,mean_abs,5,65,169.1881068,186.3521629,202.9691482,41196.47513,1.19966558,4,768,4.486762146,2.407847707,4.890265728
bowphs/LaTa,3,mean_abs,6,764,-174.5185477,180.5572488,192.4802138,37048.63272,1.102921244,5,768,4.486762146,2.407847707,4.890265728
bowphs/LaTa,3,mean_abs,7,583,121.8512232,122.5230493,130.8773432,17128.87897,1.074074923,7,768,4.486762146,2.407847707,4.890265728
bowphs/LaTa,3,mean_abs,8,192,-114.7630281,114.9190026,117.4828297,13802.21527,1.023699284,9,768,4.486762146,2.407847707,4.890265728
bowphs/LaTa,3,mean_abs,9,166,14.88549171,104.6765679,124.6734119,15543.45963,8.37549839,8,768,4.486762146,2.407847707,4.890265728
bowphs/LaTa,3,mean_abs,10,630,94.32355625,98.2052552,103.7021994,10754.14616,1.099430551,10,768,4.486762146,2.407847707,4.890265728
bowphs/LaTa,3,variance,1,172,183.0837288,288.9319739,329.7005501,108702.4527,1.800818414,1,768,4.486762146,2.407847707,4.890265728
bowphs/LaTa,3,variance,2,665,-196.75655,241.6473225,280.031137,78417.43769,1.42323667,2,768,4.486762146,2.407847707,4.890265728
bowphs/LaTa,3,variance,3,252,191.4124965,232.9916013,254.66855,64856.07037,1.330469821,3,768,4.486762146,2.407847707,4.890265728
bowphs/LaTa,3,variance,4,65,169.1881068,186.3521629,202.9691482,41196.47513,1.19966558,5,768,4.486762146,2.407847707,4.890265728
bowphs/LaTa,3,variance,5,764,-174.5185477,180.5572488,192.4802138,37048.63272,1.102921244,6,768,4.486762146,2.407847707,4.890265728
bowphs/LaTa,3,variance,6,548,185.8732343,187.6802095,190.1310975,36149.83422,1.02290735,4,768,4.486762146,2.407847707,4.890265728
bowphs/LaTa,3,variance,7,583,121.8512232,122.5230493,130.8773432,17128.87897,1.074074923,7,768,4.486762146,2.407847707,4.890265728
bowphs/LaTa,3,variance,8,166,14.88549171,104.6765679,124.6734119,15543.45963,8.37549839,9,768,4.486762146,2.407847707,4.890265728
bowphs/LaTa,3,variance,9,192,-114.7630281,114.9190026,117.4828297,13802.21527,1.023699284,8,768,4.486762146,2.407847707,4.890265728
bowphs/LaTa,3,variance,10,630,94.32355625,98.2052552,103.7021994,10754.14616,1.099430551,10,768,4.486762146,2.407847707,4.890265728
bowphs/LaTa,4,mean_abs,1,172,305.1807129,473.8528495,550.338876,302872.8784,1.803321287,1,768,5.829917353,3.116561146,6.244138405
bowphs/LaTa,4,mean_abs,2,665,-352.1693413,458.910732,540.0066983,291607.2342,1.533372259,2,768,5.829917353,3.116561146,6.244138405
bowphs/LaTa,4,mean_abs,3,764,-373.992494,385.8853593,416.07362,173117.2573,1.112518638,4,768,5.829917353,3.116561146,6.244138405
bowphs/LaTa,4,mean_abs,4,252,329.9920741,384.4654473,425.6970756,181218.0002,1.290022122,3,768,5.829917353,3.116561146,6.244138405
bowphs/LaTa,4,mean_abs,5,65,240.2683883,291.1632379,330.7513428,109396.4508,1.376591174,5,768,5.829917353,3.116561146,6.244138405
bowphs/LaTa,4,mean_abs,6,548,277.7324416,283.5679922,295.6406574,87403.39832,1.064480101,6,768,5.829917353,3.116561146,6.244138405
bowphs/LaTa,4,mean_abs,7,583,192.1849323,198.1248991,222.1037561,49330.07849,1.155677261,7,768,5.829917353,3.116561146,6.244138405
bowphs/LaTa,4,mean_abs,8,166,36.58667871,180.7695813,216.2588463,46767.88862,5.910863023,8,768,5.829917353,3.116561146,6.244138405
bowphs/LaTa,4,mean_abs,9,192,-161.5684079,161.7252728,169.6920535,28795.39303,1.050279914,10,768,5.829917353,3.116561146,6.244138405
bowphs/LaTa,4,mean_abs,10,507,-75.44206837,149.164563,200.3748219,40150.06923,2.656009123,9,768,5.829917353,3.116561146,6.244138405
bowphs/LaTa,4,variance,1,172,305.1807129,473.8528495,550.338876,302872.8784,1.803321287,1,768,5.829917353,3.116561146,6.244138405
bowphs/LaTa,4,variance,2,665,-352.1693413,458.910732,540.0066983,291607.2342,1.533372259,2,768,5.829917353,3.116561146,6.244138405
bowphs/LaTa,4,variance,3,252,329.9920741,384.4654473,425.6970756,181218.0002,1.290022122,4,768,5.829917353,3.116561146,6.244138405
bowphs/LaTa,4,variance,4,764,-373.992494,385.8853593,416.07362,173117.2573,1.112518638,3,768,5.829917353,3.116561146,6.244138405
bowphs/LaTa,4,variance,5,65,240.2683883,291.1632379,330.7513428,109396.4508,1.376591174,5,768,5.829917353,3.116561146,6.244138405
bowphs/LaTa,4,variance,6,548,277.7324416,283.5679922,295.6406574,87403.39832,1.064480101,6,768,5.829917353,3.116561146,6.244138405
bowphs/LaTa,4,variance,7,583,192.1849323,198.1248991,222.1037561,49330.07849,1.155677261,7,768,5.829917353,3.116561146,6.244138405
bowphs/LaTa,4,variance,8,166,36.58667871,180.7695813,216.2588463,46767.88862,5.910863023,8,768,5.829917353,3.116561146,6.244138405
bowphs/LaTa,4,variance,9,507,-75.44206837,149.164563,200.3748219,40150.06923,2.656009123,10,768,5.829917353,3.116561146,6.244138405
bowphs/LaTa,4,variance,10,192,-161.5684079,161.7252728,169.6920535,28795.39303,1.050279914,9,768,5.829917353,3.116561146,6.244138405
bowphs/LaTa,5,mean_abs,1,665,-427.3067741,604.6649103,710.4116874,504684.7656,1.662533174,1,768,7.271772741,3.964411204,7.637738715
bowphs/LaTa,5,mean_abs,2,172,355.3421626,585.8753731,680.9264318,463660.8055,1.916255664,2,768,7.271772741,3.964411204,7.637738715
bowphs/LaTa,5,mean_abs,3,764,-518.1839455,533.716341,560.0326229,313636.5387,1.080760274,3,768,7.271772741,3.964411204,7.637738715
bowphs/LaTa,5,mean_abs,4,252,412.0070407,481.5393924,530.9700081,281929.1495,1.288740132,4,768,7.271772741,3.964411204,7.637738715
bowphs/LaTa,5,mean_abs,5,65,265.8203242,346.4538526,398.2957111,158639.4734,1.498364402,5,768,7.271772741,3.964411204,7.637738715
bowphs/LaTa,5,mean_abs,6,548,333.1786197,341.2058871,351.7385277,123719.9918,1.055705579,6,768,7.271772741,3.964411204,7.637738715
bowphs/LaTa,5,mean_abs,7,166,33.99954284,249.0031574,297.220804,88340.20632,8.741905894,7,768,7.271772741,3.964411204,7.637738715
bowphs/LaTa,5,mean_abs,8,583,236.6712832,242.2873897,271.081728,73485.30327,1.14539341,9,768,7.271772741,3.964411204,7.637738715
bowphs/LaTa,5,mean_abs,9,507,-106.7008128,223.5629859,291.9992524,85263.5634,2.736616947,8,768,7.271772741,3.964411204,7.637738715
bowphs/LaTa,5,mean_abs,10,192,-190.245644,190.4212699,195.3295167,38153.6201,1.026722676,11,768,7.271772741,3.964411204,7.637738715
bowphs/LaTa,5,variance,1,665,-427.3067741,604.6649103,710.4116874,504684.7656,1.662533174,1,768,7.271772741,3.964411204,7.637738715
bowphs/LaTa,5,variance,2,172,355.3421626,585.8753731,680.9264318,463660.8055,1.916255664,2,768,7.271772741,3.964411204,7.637738715
bowphs/LaTa,5,variance,3,764,-518.1839455,533.716341,560.0326229,313636.5387,1.080760274,3,768,7.271772741,3.964411204,7.637738715
bowphs/LaTa,5,variance,4,252,412.0070407,481.5393924,530.9700081,281929.1495,1.288740132,4,768,7.271772741,3.964411204,7.637738715
bowphs/LaTa,5,variance,5,65,265.8203242,346.4538526,398.2957111,158639.4734,1.498364402,5,768,7.271772741,3.964411204,7.637738715
bowphs/LaTa,5,variance,6,548,333.1786197,341.2058871,351.7385277,123719.9918,1.055705579,6,768,7.271772741,3.964411204,7.637738715
bowphs/LaTa,5,variance,7,166,33.99954284,249.0031574,297.220804,88340.20632,8.741905894,7,768,7.271772741,3.964411204,7.637738715
bowphs/LaTa,5,variance,8,507,-106.7008128,223.5629859,291.9992524,85263.5634,2.736616947,9,768,7.271772741,3.964411204,7.637738715
bowphs/LaTa,5,variance,9,583,236.6712832,242.2873897,271.081728,73485.30327,1.14539341,8,768,7.271772741,3.964411204,7.637738715
bowphs/LaTa,5,variance,10,208,121.0926681,175.4062953,223.5990985,49996.55687,1.846512279,11,768,7.271772741,3.964411204,7.637738715
bowphs/LaTa,6,mean_abs,1,665,-480.2572048,720.4602452,847.0504672,717494.494,1.763743383,1,768,8.474611356,4.886245565,8.821903193
bowphs/LaTa,6,mean_abs,2,172,406.5056504,683.6670959,796.2329395,633986.8939,1.958725392,2,768,8.474611356,4.886245565,8.821903193
bowphs/LaTa,6,mean_abs,3,764,-647.0803396,675.5456397,713.0265305,508406.8332,1.101913452,3,768,8.474611356,4.886245565,8.821903193
bowphs/LaTa,6,mean_abs,4,252,484.571211,569.3141364,628.7679042,395349.0773,1.297575857,4,768,8.474611356,4.886245565,8.821903193
bowphs/LaTa,6,mean_abs,5,548,381.4755764,391.0469682,404.295856,163455.1391,1.059821076,6,768,8.474611356,4.886245565,8.821903193
bowphs/LaTa,6,mean_abs,6,65,291.9794026,390.8617736,452.7184508,204953.9956,1.550515025,5,768,8.474611356,4.886245565,8.821903193
bowphs/LaTa,6,mean_abs,7,166,21.08381098,294.3463791,350.3258803,122728.2224,16.61587085,8,768,8.474611356,4.886245565,8.821903193
bowphs/LaTa,6,mean_abs,8,583,275.8025178,281.4202091,314.2056119,98725.16652,1.139241274,9,768,8.474611356,4.886245565,8.821903193
bowphs/LaTa,6,mean_abs,9,507,-118.3253168,271.1490817,352.5087663,124262.4304,2.979149145,7,768,8.474611356,4.886245565,8.821903193
bowphs/LaTa,6,mean_abs,10,208,151.8047619,220.2516986,275.9552553,76151.30294,1.817830033,10,768,8.474611356,4.886245565,8.821903193
bowphs/LaTa,6,variance,1,665,-480.2572048,720.4602452,847.0504672,717494.494,1.763743383,1,768,8.474611356,4.886245565,8.821903193
bowphs/LaTa,6,variance,2,172,406.5056504,683.6670959,796.2329395,633986.8939,1.958725392,2,768,8.474611356,4.886245565,8.821903193
bowphs/LaTa,6,variance,3,764,-647.0803396,675.5456397,713.0265305,508406.8332,1.101913452,3,768,8.474611356,4.886245565,8.821903193
bowphs/LaTa,6,variance,4,252,484.571211,569.3141364,628.7679042,395349.0773,1.297575857,4,768,8.474611356,4.886245565,8.821903193
bowphs/LaTa,6,variance,5,65,291.9794026,390.8617736,452.7184508,204953.9956,1.550515025,6,768,8.474611356,4.886245565,8.821903193
bowphs/LaTa,6,variance,6,548,381.4755764,391.0469682,404.295856,163455.1391,1.059821076,5,768,8.474611356,4.886245565,8.821903193
bowphs/LaTa,6,variance,7,507,-118.3253168,271.1490817,352.5087663,124262.4304,2.979149145,9,768,8.474611356,4.886245565,8.821903193
bowphs/LaTa,6,variance,8,166,21.08381098,294.3463791,350.3258803,122728.2224,16.61587085,7,768,8.474611356,4.886245565,8.821903193
bowphs/LaTa,6,variance,9,583,275.8025178,281.4202091,314.2056119,98725.16652,1.139241274,8,768,8.474611356,4.886245565,8.821903193
bowphs/LaTa,6,variance,10,208,151.8047619,220.2516986,275.9552553,76151.30294,1.817830033,10,768,8.474611356,4.886245565,8.821903193
bowphs/LaTa,7,mean_abs,1,665,-517.7701384,804.6943772,945.0186367,893060.2236,1.825170219,1,768,9.46653481,5.479866983,9.705016494
bowphs/LaTa,7,mean_abs,2,764,-736.2428991,779.7838072,844.8468381,713766.1798,1.147511017,3,768,9.46653481,5.479866983,9.705016494
bowphs/LaTa,7,mean_abs,3,172,424.6202485,752.9505887,876.7932128,768766.338,2.064887899,2,768,9.46653481,5.479866983,9.705016494
bowphs/LaTa,7,mean_abs,4,252,519.5339791,635.4661649,712.8591517,508168.1702,1.372112663,4,768,9.46653481,5.479866983,9.705016494
bowphs/LaTa,7,mean_abs,5,548,436.0958864,444.1712471,446.7801515,199612.5038,1.024499807,6,768,9.46653481,5.479866983,9.705016494
bowphs/LaTa,7,mean_abs,6,65,321.9629985,421.2652008,486.8832661,237055.3148,1.512233606,5,768,9.46653481,5.479866983,9.705016494
bowphs/LaTa,7,mean_abs,7,583,313.4305489,317.3844328,350.3266557,122728.7657,1.117717009,9,768,9.46653481,5.479866983,9.705016494
bowphs/LaTa,7,mean_abs,8,166,-13.57840625,310.6350115,365.8960708,133879.9346,26.94690851,8,768,9.46653481,5.479866983,9.705016494
bowphs/LaTa,7,mean_abs,9,507,-126.2189488,288.6835165,372.0879901,138449.4724,2.947956655,7,768,9.46653481,5.479866983,9.705016494
bowphs/LaTa,7,mean_abs,10,208,172.0973502,247.3226302,305.0789875,93073.18863,1.772711707,10,768,9.46653481,5.479866983,9.705016494
bowphs/LaTa,7,variance,1,665,-517.7701384,804.6943772,945.0186367,893060.2236,1.825170219,1,768,9.46653481,5.479866983,9.705016494
bowphs/LaTa,7,variance,2,172,424.6202485,752.9505887,876.7932128,768766.338,2.064887899,3,768,9.46653481,5.479866983,9.705016494
bowphs/LaTa,7,variance,3,764,-736.2428991,779.7838072,844.8468381,713766.1798,1.147511017,2,768,9.46653481,5.479866983,9.705016494
bowphs/LaTa,7,variance,4,252,519.5339791,635.4661649,712.8591517,508168.1702,1.372112663,4,768,9.46653481,5.479866983,9.705016494
bowphs/LaTa,7,variance,5,65,321.9629985,421.2652008,486.8832661,237055.3148,1.512233606,6,768,9.46653481,5.479866983,9.705016494
bowphs/LaTa,7,variance,6,548,436.0958864,444.1712471,446.7801515,199612.5038,1.024499807,5,768,9.46653481,5.479866983,9.705016494
bowphs/LaTa,7,variance,7,507,-126.2189488,288.6835165,372.0879901,138449.4724,2.947956655,9,768,9.46653481,5.479866983,9.705016494
bowphs/LaTa,7,variance,8,166,-13.57840625,310.6350115,365.8960708,133879.9346,26.94690851,8,768,9.46653481,5.479866983,9.705016494
bowphs/LaTa,7,variance,9,583,313.4305489,317.3844328,350.3266557,122728.7657,1.117717009,7,768,9.46653481,5.479866983,9.705016494
bowphs/LaTa,7,variance,10,208,172.0973502,247.3226302,305.0789875,93073.18863,1.772711707,10,768,9.46653481,5.479866983,9.705016494
bowphs/LaTa,8,mean_abs,1,665,-625.3972481,952.7278798,1117.882239,1249660.701,1.787475469,1,768,10.70375845,6.123329581,10.89108668
bowphs/LaTa,8,mean_abs,2,764,-879.9123229,940.8340721,1047.706302,1097688.496,1.190693976,2,768,10.70375845,6.123329581,10.89108668
bowphs/LaTa,8,mean_abs,3,172,505.7526335,873.5947739,1017.581255,1035471.61,2.012013755,3,768,10.70375845,6.123329581,10.89108668
bowphs/LaTa,8,mean_abs,4,252,596.3846379,744.3865609,845.740007,715276.1595,1.418111657,4,768,10.70375845,6.123329581,10.89108668
bowphs/LaTa,8,mean_abs,5,548,509.8400503,517.1547964,511.030341,261152.0094,1.002334635,6,768,10.70375845,6.123329581,10.89108668
bowphs/LaTa,8,mean_abs,6,65,372.8351263,469.3734864,539.8388376,291425.9706,1.447929123,5,768,10.70375845,6.123329581,10.89108668
bowphs/LaTa,8,mean_abs,7,583,363.0924217,367.2845167,404.2648404,163430.0612,1.113393771,9,768,10.70375845,6.123329581,10.89108668
bowphs/LaTa,8,mean_abs,8,166,8.746248356,357.5023867,418.4072651,175064.6395,47.83848435,7,768,10.70375845,6.123329581,10.89108668
bowphs/LaTa,8,mean_abs,9,507,-172.8541742,330.2861946,415.8039845,172892.9536,2.405518909,8,768,10.70375845,6.123329581,10.89108668
bowphs/LaTa,8,mean_abs,10,208,234.482733,305.8516724,368.6368406,135893.1203,1.572127874,10,768,10.70375845,6.123329581,10.89108668
bowphs/LaTa,8,variance,1,665,-625.3972481,952.7278798,1117.882239,1249660.701,1.787475469,1,768,10.70375845,6.123329581,10.89108668
bowphs/LaTa,8,variance,2,764,-879.9123229,940.8340721,1047.706302,1097688.496,1.190693976,2,768,10.70375845,6.123329581,10.89108668
bowphs/LaTa,8,variance,3,172,505.7526335,873.5947739,1017.581255,1035471.61,2.012013755,3,768,10.70375845,6.123329581,10.89108668
bowphs/LaTa,8,variance,4,252,596.3846379,744.3865609,845.740007,715276.1595,1.418111657,4,768,10.70375845,6.123329581,10.89108668
bowphs/LaTa,8,variance,5,65,372.8351263,469.3734864,539.8388376,291425.9706,1.447929123,6,768,10.70375845,6.123329581,10.89108668
bowphs/LaTa,8,variance,6,548,509.8400503,517.1547964,511.030341,261152.0094,1.002334635,5,768,10.70375845,6.123329581,10.89108668
bowphs/LaTa,8,variance,7,166,8.746248356,357.5023867,418.4072651,175064.6395,47.83848435,8,768,10.70375845,6.123329581,10.89108668
bowphs/LaTa,8,variance,8,507,-172.8541742,330.2861946,415.8039845,172892.9536,2.405518909,9,768,10.70375845,6.123329581,10.89108668
bowphs/LaTa,8,variance,9,583,363.0924217,367.2845167,404.2648404,163430.0612,1.113393771,7,768,10.70375845,6.123329581,10.89108668
bowphs/LaTa,8,variance,10,208,234.482733,305.8516724,368.6368406,135893.1203,1.572127874,10,768,10.70375845,6.123329581,10.89108668
bowphs/LaTa,9,mean_abs,1,764,-932.074578,1017.274387,1131.094016,1279373.674,1.213523084,2,768,11.74082012,7.331182,12.05480044
bowphs/LaTa,9,mean_abs,2,665,-636.9456817,1006.089094,1180.192759,1392854.947,1.852893885,1,768,11.74082012,7.331182,12.05480044
bowphs/LaTa,9,mean_abs,3,172,512.435728,916.2069889,1066.355409,1137113.859,2.080954451,3,768,11.74082012,7.331182,12.05480044
bowphs/LaTa,9,mean_abs,4,252,603.5602092,793.4003767,904.2279258,817628.1419,1.498156956,4,768,11.74082012,7.331182,12.05480044
bowphs/LaTa,9,mean_abs,5,548,553.6312115,558.8543771,527.295174,278040.2005,0.9524303598,6,768,11.74082012,7.331182,12.05480044
bowphs/LaTa,9,mean_abs,6,65,380.7365692,481.5364023,553.7219374,306607.9839,1.45434398,5,768,11.74082012,7.331182,12.05480044
bowphs/LaTa,9,mean_abs,7,583,386.395983,389.5909076,423.6303286,179462.6553,1.09636318,9,768,11.74082012,7.331182,12.05480044
bowphs/LaTa,9,mean_abs,8,166,-14.55901721,381.6894616,448.2016074,200884.6809,30.78515542,7,768,11.74082012,7.331182,12.05480044
bowphs/LaTa,9,mean_abs,9,507,-176.4483615,346.7839865,438.4294328,192220.3675,2.48474641,8,768,11.74082012,7.331182,12.05480044
bowphs/LaTa,9,mean_abs,10,208,251.9866713,328.0595482,391.2527714,153078.7311,1.552672486,10,768,11.74082012,7.331182,12.05480044
bowphs/LaTa,9,variance,1,665,-636.9456817,1006.089094,1180.192759,1392854.947,1.852893885,2,768,11.74082012,7.331182,12.05480044
bowphs/LaTa,9,variance,2,764,-932.074578,1017.274387,1131.094016,1279373.674,1.213523084,1,768,11.74082012,7.331182,12.05480044
bowphs/LaTa,9,variance,3,172,512.435728,916.2069889,1066.355409,1137113.859,2.080954451,3,768,11.74082012,7.331182,12.05480044
bowphs/LaTa,9,variance,4,252,603.5602092,793.4003767,904.2279258,817628.1419,1.498156956,4,768,11.74082012,7.331182,12.05480044
bowphs/LaTa,9,variance,5,65,380.7365692,481.5364023,553.7219374,306607.9839,1.45434398,6,768,11.74082012,7.331182,12.05480044
bowphs/LaTa,9,variance,6,548,553.6312115,558.8543771,527.295174,278040.2005,0.9524303598,5,768,11.74082012,7.331182,12.05480044
bowphs/LaTa,9,variance,7,166,-14.55901721,381.6894616,448.2016074,200884.6809,30.78515542,8,768,11.74082012,7.331182,12.05480044
bowphs/LaTa,9,variance,8,507,-176.4483615,346.7839865,438.4294328,192220.3675,2.48474641,9,768,11.74082012,7.331182,12.05480044
bowphs/LaTa,9,variance,9,583,386.395983,389.5909076,423.6303286,179462.6553,1.09636318,7,768,11.74082012,7.331182,12.05480044
bowphs/LaTa,9,variance,10,208,251.9866713,328.0595482,391.2527714,153078.7311,1.552672486,10,768,11.74082012,7.331182,12.05480044
bowphs/LaTa,10,mean_abs,1,764,-955.9549131,1054.052214,1177.445797,1386378.606,1.231695953,2,768,13.11575483,8.331849923,13.16267868
bowphs/LaTa,10,mean_abs,2,665,-625.6879967,1034.975233,1212.096993,1469179.121,1.937222705,1,768,13.11575483,8.331849923,13.16267868
bowphs/LaTa,10,mean_abs,3,172,509.2074046,941.9062262,1094.20162,1197277.184,2.148832892,3,768,13.11575483,8.331849923,13.16267868
bowphs/LaTa,10,mean_abs,4,252,602.1628225,819.0401086,936.3976869,876840.6279,1.55505729,4,768,13.11575483,8.331849923,13.16267868
bowphs/LaTa,10,mean_abs,5,548,571.8967708,576.9369266,534.0312695,285189.3968,0.9337896222,6,768,13.11575483,8.331849923,13.16267868
bowphs/LaTa,10,mean_abs,6,65,395.7990856,490.9118182,560.1704059,313790.8836,1.415289793,5,768,13.11575483,8.331849923,13.16267868
bowphs/LaTa,10,mean_abs,7,583,396.2016948,400.2101733,435.8591411,189973.1909,1.100094086,9,768,13.11575483,8.331849923,13.16267868
bowphs/LaTa,10,mean_abs,8,166,-26.32579387,399.2659205,466.1885558,217331.7696,17.70843296,7,768,13.11575483,8.331849923,13.16267868
bowphs/LaTa,10,mean_abs,9,507,-178.5815744,350.4263982,442.8019562,196073.5724,2.479550075,8,768,13.11575483,8.331849923,13.16267868
bowphs/LaTa,10,mean_abs,10,208,267.8191863,342.8442763,403.3027851,162653.1364,1.505877121,10,768,13.11575483,8.331849923,13.16267868
bowphs/LaTa,10,variance,1,665,-625.6879967,1034.975233,1212.096993,1469179.121,1.937222705,2,768,13.11575483,8.331849923,13.16267868
bowphs/LaTa,10,variance,2,764,-955.9549131,1054.052214,1177.445797,1386378.606,1.231695953,1,768,13.11575483,8.331849923,13.16267868
bowphs/LaTa,10,variance,3,172,509.2074046,941.9062262,1094.20162,1197277.184,2.148832892,3,768,13.11575483,8.331849923,13.16267868
bowphs/LaTa,10,variance,4,252,602.1628225,819.0401086,936.3976869,876840.6279,1.55505729,4,768,13.11575483,8.331849923,13.16267868
bowphs/LaTa,10,variance,5,65,395.7990856,490.9118182,560.1704059,313790.8836,1.415289793,6,768,13.11575483,8.331849923,13.16267868
bowphs/LaTa,10,variance,6,548,571.8967708,576.9369266,534.0312695,285189.3968,0.9337896222,5,768,13.11575483,8.331849923,13.16267868
bowphs/LaTa,10,variance,7,166,-26.32579387,399.2659205,466.1885558,217331.7696,17.70843296,8,768,13.11575483,8.331849923,13.16267868
bowphs/LaTa,10,variance,8,507,-178.5815744,350.4263982,442.8019562,196073.5724,2.479550075,9,768,13.11575483,8.331849923,13.16267868
bowphs/LaTa,10,variance,9,583,396.2016948,400.2101733,435.8591411,189973.1909,1.100094086,7,768,13.11575483,8.331849923,13.16267868
bowphs/LaTa,10,variance,10,208,267.8191863,342.8442763,403.3027851,162653.1364,1.505877121,10,768,13.11575483,8.331849923,13.16267868
bowphs/LaTa,11,mean_abs,1,764,-979.3568375,1079.537104,1204.29644,1450329.915,1.229680944,2,768,14.28920579,8.907620498,14.35146745
bowphs/LaTa,11,mean_abs,2,665,-628.0569944,1046.420122,1224.867381,1500300.101,1.950248771,1,768,14.28920579,8.907620498,14.35146745
bowphs/LaTa,11,mean_abs,3,172,490.1980759,953.7290913,1106.569633,1224496.353,2.257392853,3,768,14.28920579,8.907620498,14.35146745
bowphs/LaTa,11,mean_abs,4,252,612.4285254,837.2837305,958.38036,918492.9145,1.56488524,4,768,14.28920579,8.907620498,14.35146745
bowphs/LaTa,11,mean_abs,5,548,565.6924477,572.0855341,540.6475917,292299.8184,0.9557270808,6,768,14.28920579,8.907620498,14.35146745
bowphs/LaTa,11,mean_abs,6,65,398.5161271,494.2635604,563.8658381,317944.6834,1.414913475,5,768,14.28920579,8.907620498,14.35146745
bowphs/LaTa,11,mean_abs,7,166,-24.06315449,408.0568598,474.3593959,225016.8365,19.71310105,7,768,14.28920579,8.907620498,14.35146745
bowphs/LaTa,11,mean_abs,8,583,398.1401615,403.7779454,440.7199689,194234.091,1.106946778,8,768,14.28920579,8.907620498,14.35146745
bowphs/LaTa,11,mean_abs,9,208,296.9229822,360.2825549,407.4997026,166056.0076,1.372408763,10,768,14.28920579,8.907620498,14.35146745
bowphs/LaTa,11,mean_abs,10,507,-175.06308,346.9137382,438.7993871,192544.9022,2.506521576,9,768,14.28920579,8.907620498,14.35146745
bowphs/LaTa,11,variance,1,665,-628.0569944,1046.420122,1224.867381,1500300.101,1.950248771,2,768,14.28920579,8.907620498,14.35146745
bowphs/LaTa,11,variance,2,764,-979.3568375,1079.537104,1204.29644,1450329.915,1.229680944,1,768,14.28920579,8.907620498,14.35146745
bowphs/LaTa,11,variance,3,172,490.1980759,953.7290913,1106.569633,1224496.353,2.257392853,3,768,14.28920579,8.907620498,14.35146745
bowphs/LaTa,11,variance,4,252,612.4285254,837.2837305,958.38036,918492.9145,1.56488524,4,768,14.28920579,8.907620498,14.35146745
bowphs/LaTa,11,variance,5,65,398.5161271,494.2635604,563.8658381,317944.6834,1.414913475,6,768,14.28920579,8.907620498,14.35146745
bowphs/LaTa,11,variance,6,548,565.6924477,572.0855341,540.6475917,292299.8184,0.9557270808,5,768,14.28920579,8.907620498,14.35146745
bowphs/LaTa,11,variance,7,166,-24.06315449,408.0568598,474.3593959,225016.8365,19.71310105,7,768,14.28920579,8.907620498,14.35146745
bowphs/LaTa,11,variance,8,583,398.1401615,403.7779454,440.7199689,194234.091,1.106946778,8,768,14.28920579,8.907620498,14.35146745
bowphs/LaTa,11,variance,9,507,-175.06308,346.9137382,438.7993871,192544.9022,2.506521576,10,768,14.28920579,8.907620498,14.35146745
bowphs/LaTa,11,variance,10,208,296.9229822,360.2825549,407.4997026,166056.0076,1.372408763,9,768,14.28920579,8.907620498,14.35146745
bowphs/LaTa,12,mean_abs,1,354,0.132649742,0.132649742,0.02706009336,0.0007322486527,0.2039965774,29,768,0.02146356776,0.0152895919,0.021747181
bowphs/LaTa,12,mean_abs,2,270,0.124384573,0.124384573,0.01612064491,0.0002598751925,0.12960325,744,768,0.02146356776,0.0152895919,0.021747181
bowphs/LaTa,12,mean_abs,3,382,0.1144156571,0.1144156571,0.02166704315,0.0004694607591,0.1893713126,392,768,0.02146356776,0.0152895919,0.021747181
bowphs/LaTa,12,mean_abs,4,333,-0.08905461341,0.08906595881,0.01992159173,0.0003968698171,0.2237008389,599,768,0.02146356776,0.0152895919,0.021747181
bowphs/LaTa,12,mean_abs,5,399,0.07309216965,0.07309216965,0.01778711211,0.0003163813571,0.2433518145,717,768,0.02146356776,0.0152895919,0.021747181
bowphs/LaTa,12,mean_abs,6,206,-0.07272464858,0.07278526577,0.01701566555,0.0002895328742,0.2339738436,736,768,0.02146356776,0.0152895919,0.021747181
bowphs/LaTa,12,mean_abs,7,615,-0.07265766779,0.07265766779,0.01129561881,0.0001275910042,0.1554635478,761,768,0.02146356776,0.0152895919,0.021747181
bowphs/LaTa,12,mean_abs,8,750,-0.07085733332,0.07144324531,0.02695766319,0.0007267156045,0.3804498691,32,768,0.02146356776,0.0152895919,0.021747181
bowphs/LaTa,12,mean_abs,9,619,0.07022814958,0.07042480064,0.02335544232,0.0005454766859,0.3325652528,204,768,0.02146356776,0.0152895919,0.021747181
bowphs/LaTa,12,mean_abs,10,178,-0.06926180327,0.06955253688,0.02610264861,0.0006813482643,0.3768693187,54,768,0.02146356776,0.0152895919,0.021747181
bowphs/LaTa,12,variance,1,162,0.03421892115,0.04241459346,0.03690341243,0.001361861849,1.078450494,59,768,0.02146356776,0.0152895919,0.021747181
bowphs/LaTa,12,variance,2,66,-0.05833232539,0.05929289603,0.0306210512,0.0009376487766,0.5249413768,19,768,0.02146356776,0.0152895919,0.021747181
bowphs/LaTa,12,variance,3,547,0.02419500483,0.03032055709,0.029987659,0.0008992596922,1.239415293,174,768,0.02146356776,0.0152895919,0.021747181
bowphs/LaTa,12,variance,4,433,0.01635270125,0.02602163907,0.02942271598,0.0008656962154,1.799257231,248,768,0.02146356776,0.0152895919,0.021747181
bowphs/LaTa,12,variance,5,107,-0.05715485865,0.05828490481,0.02927305581,0.0008569117965,0.5121709073,24,768,0.02146356776,0.0152895919,0.021747181
bowphs/LaTa,12,variance,6,56,0.02742290099,0.0322248922,0.02926546937,0.0008564676974,1.067190863,144,768,0.02146356776,0.0152895919,0.021747181
bowphs/LaTa,12,variance,7,594,-0.008872924321,0.02446051156,0.02921507163,0.0008535204103,3.29260913,281,768,0.02146356776,0.0152895919,0.021747181
bowphs/LaTa,12,variance,8,219,0.02670427414,0.03303171816,0.02862303787,0.0008192782967,1.071852308,136,768,0.02146356776,0.0152895919,0.021747181
bowphs/LaTa,12,variance,9,241,0.01445877336,0.02381929383,0.02859860762,0.000817880358,1.977941482,303,768,0.02146356776,0.0152895919,0.021747181
bowphs/LaTa,12,variance,10,427,0.002144918657,0.02244310707,0.02850926378,0.0008127781214,13.29153611,348,768,0.02146356776,0.0152895919,0.021747181
bowphs/PhilTa,1,mean_abs,1,239,240.7455169,240.7455169,44.67202043,1995.589409,0.1855570189,3,768,14.22734144,8.585956336,14.80906701
bowphs/PhilTa,1,mean_abs,2,509,-144.344872,144.344872,41.19444912,1696.982638,0.2853890724,4,768,14.22734144,8.585956336,14.80906701
bowphs/PhilTa,1,mean_abs,3,742,-142.9062101,143.0391846,34.18129643,1168.361026,0.2391869214,10,768,14.22734144,8.585956336,14.80906701
bowphs/PhilTa,1,mean_abs,4,210,-129.7568404,130.6385819,40.29770588,1623.905099,0.3105632485,6,768,14.22734144,8.585956336,14.80906701
bowphs/PhilTa,1,mean_abs,5,73,100.1124483,100.2850493,28.72941841,825.379482,0.2869714896,16,768,14.22734144,8.585956336,14.80906701
bowphs/PhilTa,1,mean_abs,6,547,-88.83791228,89.08376666,28.46663166,810.3491183,0.3204333705,17,768,14.22734144,8.585956336,14.80906701
bowphs/PhilTa,1,mean_abs,7,23,-88.39866982,88.76617429,37.53704247,1409.029558,0.4246335669,7,768,14.22734144,8.585956336,14.80906701
bowphs/PhilTa,1,mean_abs,8,470,-77.88406364,79.66924269,40.49759273,1640.055017,0.5199727755,5,768,14.22734144,8.585956336,14.80906701
bowphs/PhilTa,1,mean_abs,9,672,74.46821156,74.5118057,24.11561334,581.5628067,0.3238376864,41,768,14.22734144,8.585956336,14.80906701
bowphs/PhilTa,1,mean_abs,10,451,-64.51697953,65.2672806,26.34054926,693.8245354,0.4082731314,27,768,14.22734144,8.585956336,14.80906701
bowphs/PhilTa,1,variance,1,200,-44.39665943,56.70603853,49.57419932,2457.601239,1.116620033,13,768,14.22734144,8.585956336,14.80906701
bowphs/PhilTa,1,variance,2,660,-18.96057314,38.48705433,45.36988043,2058.42605,2.392853849,26,768,14.22734144,8.585956336,14.80906701
bowphs/PhilTa,1,variance,3,239,240.7455169,240.7455169,44.67202043,1995.589409,0.1855570189,1,768,14.22734144,8.585956336,14.80906701
bowphs/PhilTa,1,variance,4,509,-144.344872,144.344872,41.19444912,1696.982638,0.2853890724,2,768,14.22734144,8.585956336,14.80906701
bowphs/PhilTa,1,variance,5,470,-77.88406364,79.66924269,40.49759273,1640.055017,0.5199727755,8,768,14.22734144,8.585956336,14.80906701
bowphs/PhilTa,1,variance,6,210,-129.7568404,130.6385819,40.29770588,1623.905099,0.3105632485,4,768,14.22734144,8.585956336,14.80906701
bowphs/PhilTa,1,variance,7,23,-88.39866982,88.76617429,37.53704247,1409.029558,0.4246335669,7,768,14.22734144,8.585956336,14.80906701
bowphs/PhilTa,1,variance,8,728,42.50922862,46.40254855,36.07580815,1301.463933,0.8486582636,16,768,14.22734144,8.585956336,14.80906701
bowphs/PhilTa,1,variance,9,385,52.13291336,53.03037028,34.77962523,1209.622331,0.6671337355,14,768,14.22734144,8.585956336,14.80906701
bowphs/PhilTa,1,variance,10,742,-142.9062101,143.0391846,34.18129643,1168.361026,0.2391869214,3,768,14.22734144,8.585956336,14.80906701
bowphs/PhilTa,2,mean_abs,1,239,451.8066982,451.8066982,52.81255025,2789.165464,0.1168919152,11,768,17.83120359,10.57559773,18.21318699
bowphs/PhilTa,2,mean_abs,2,210,-278.0480746,278.3877333,66.18973463,4381.08097,0.2380514043,4,768,17.83120359,10.57559773,18.21318699
bowphs/PhilTa,2,mean_abs,3,73,247.6400534,247.6400534,37.73473116,1423.909936,0.1523773341,17,768,17.83120359,10.57559773,18.21318699
bowphs/PhilTa,2,mean_abs,4,742,-191.2297279,191.7652158,60.06563567,3607.880588,0.3141019774,7,768,17.83120359,10.57559773,18.21318699
bowphs/PhilTa,2,mean_abs,5,23,-189.9992674,190.0321548,65.12556734,4241.339522,0.3427674656,5,768,17.83120359,10.57559773,18.21318699
bowphs/PhilTa,2,mean_abs,6,509,-174.1251565,174.1251565,47.66751324,2272.191819,0.2737543167,12,768,17.83120359,10.57559773,18.21318699
bowphs/PhilTa,2,mean_abs,7,470,-117.2437451,119.4598501,57.70326531,3329.666827,0.4921649786,8,768,17.83120359,10.57559773,18.21318699
bowphs/PhilTa,2,mean_abs,8,166,117.2879943,117.2879943,33.79889885,1142.365563,0.2881701495,26,768,17.83120359,10.57559773,18.21318699
bowphs/PhilTa,2,mean_abs,9,728,104.774552,109.9780825,73.00153024,5329.223417,0.6967486743,3,768,17.83120359,10.57559773,18.21318699
bowphs/PhilTa,2,mean_abs,10,547,-100.8317841,101.2394701,35.39950648,1253.125059,0.3510748798,20,768,17.83120359,10.57559773,18.21318699
bowphs/PhilTa,2,variance,1,200,-66.50038022,87.58585785,79.15506222,6265.523876,1.190294882,13,768,17.83120359,10.57559773,18.21318699
bowphs/PhilTa,2,variance,2,660,-88.28432652,98.46676797,76.18692033,5804.44683,0.8629722096,11,768,17.83120359,10.57559773,18.21318699
bowphs/PhilTa,2,variance,3,728,104.774552,109.9780825,73.00153024,5329.223417,0.6967486743,9,768,17.83120359,10.57559773,18.21318699
bowphs/PhilTa,2,variance,4,210,-278.0480746,278.3877333,66.18973463,4381.08097,0.2380514043,2,768,17.83120359,10.57559773,18.21318699
bowphs/PhilTa,2,variance,5,23,-189.9992674,190.0321548,65.12556734,4241.339522,0.3427674656,5,768,17.83120359,10.57559773,18.21318699
bowphs/PhilTa,2,variance,6,87,26.80737873,50.47907642,63.93856205,4088.139717,2.385110558,31,768,17.83120359,10.57559773,18.21318699
bowphs/PhilTa,2,variance,7,742,-191.2297279,191.7652158,60.06563567,3607.880588,0.3141019774,4,768,17.83120359,10.57559773,18.21318699
bowphs/PhilTa,2,variance,8,470,-117.2437451,119.4598501,57.70326531,3329.666827,0.4921649786,7,768,17.83120359,10.57559773,18.21318699
bowphs/PhilTa,2,variance,9,400,79.41603524,86.10431939,57.45445304,3301.014174,0.7234616141,14,768,17.83120359,10.57559773,18.21318699
bowphs/PhilTa,2,variance,10,537,35.74455644,52.93882011,55.78977733,3112.499254,1.56079087,28,768,17.83120359,10.57559773,18.21318699
bowphs/PhilTa,3,mean_abs,1,239,832.4299214,832.4299214,171.6106472,29450.21422,0.2061562694,17,768,23.85147052,14.7613444,24.49929472
bowphs/PhilTa,3,mean_abs,2,210,-701.8112576,702.364547,356.2173951,126890.8326,0.5075686536,9,768,23.85147052,14.7613444,24.49929472
bowphs/PhilTa,3,mean_abs,3,660,339.6657829,478.4597407,515.1027434,265330.8362,1.516498774,1,768,23.85147052,14.7613444,24.49929472
bowphs/PhilTa,3,mean_abs,4,87,-381.0541443,476.6291082,480.6001695,230976.5229,1.261238532,2,768,23.85147052,14.7613444,24.49929472
bowphs/PhilTa,3,mean_abs,5,728,-221.0694965,418.1066366,476.0196569,226594.7137,2.153257977,3,768,23.85147052,14.7613444,24.49929472
bowphs/PhilTa,3,mean_abs,6,537,-376.9225295,417.074421,395.3925709,156335.2851,1.049002222,7,768,23.85147052,14.7613444,24.49929472
bowphs/PhilTa,3,mean_abs,7,23,214.2526927,409.9215736,468.3804423,219380.2387,2.186112279,4,768,23.85147052,14.7613444,24.49929472
bowphs/PhilTa,3,mean_abs,8,166,394.8089085,394.8089085,189.5324416,35922.54644,0.4800612083,14,768,23.85147052,14.7613444,24.49929472
bowphs/PhilTa,3,mean_abs,9,533,-372.7116355,373.8931188,310.8958261,96656.21469,0.8341457483,10,768,23.85147052,14.7613444,24.49929472
bowphs/PhilTa,3,mean_abs,10,742,235.4705279,360.9239373,403.4466765,162769.2208,1.713363792,6,768,23.85147052,14.7613444,24.49929472
bowphs/PhilTa,3,variance,1,660,339.6657829,478.4597407,515.1027434,265330.8362,1.516498774,3,768,23.85147052,14.7613444,24.49929472
bowphs/PhilTa,3,variance,2,87,-381.0541443,476.6291082,480.6001695,230976.5229,1.261238532,4,768,23.85147052,14.7613444,24.49929472
bowphs/PhilTa,3,variance,3,728,-221.0694965,418.1066366,476.0196569,226594.7137,2.153257977,5,768,23.85147052,14.7613444,24.49929472
bowphs/PhilTa,3,variance,4,23,214.2526927,409.9215736,468.3804423,219380.2387,2.186112279,7,768,23.85147052,14.7613444,24.49929472
bowphs/PhilTa,3,variance,5,400,-269.1250545,345.1528105,421.600386,177746.8855,1.566559408,11,768,23.85147052,14.7613444,24.49929472
bowphs/PhilTa,3,variance,6,742,235.4705279,360.9239373,403.4466765,162769.2208,1.713363792,10,768,23.85147052,14.7613444,24.49929472
bowphs/PhilTa,3,variance,7,537,-376.9225295,417.074421,395.3925709,156335.2851,1.049002222,6,768,23.85147052,14.7613444,24.49929472
bowphs/PhilTa,3,variance,8,470,237.2864828,313.9168592,365.2710617,133422.9485,1.539367339,13,768,23.85147052,14.7613444,24.49929472
bowphs/PhilTa,3,variance,9,210,-701.8112576,702.364547,356.2173951,126890.8326,0.5075686536,2,768,23.85147052,14.7613444,24.49929472
bowphs/PhilTa,3,variance,10,533,-372.7116355,373.8931188,310.8958261,96656.21469,0.8341457483,9,768,23.85147052,14.7613444,24.49929472
bowphs/PhilTa,4,mean_abs,1,210,-1415.318343,1590.774321,1475.169506,2176125.073,1.042288128,1,768,28.94184558,17.83033556,29.88188841
bowphs/PhilTa,4,mean_abs,2,239,1259.907347,1344.737542,773.8617362,598861.9868,0.6142211472,12,768,28.94184558,17.83033556,29.88188841
bowphs/PhilTa,4,mean_abs,3,660,1033.102377,1296.31856,1424.798251,2030050.057,1.379145265,2,768,28.94184558,17.83033556,29.88188841
bowphs/PhilTa,4,mean_abs,4,87,-1093.405687,1251.351753,1269.944239,1612758.371,1.161457503,4,768,28.94184558,17.83033556,29.88188841
bowphs/PhilTa,4,mean_abs,5,280,-1028.050828,1184.365398,1280.150514,1638785.338,1.245221033,3,768,28.94184558,17.83033556,29.88188841
bowphs/PhilTa,4,mean_abs,6,742,850.6868713,1028.892169,1122.013117,1258913.434,1.31894961,6,768,28.94184558,17.83033556,29.88188841
bowphs/PhilTa,4,mean_abs,7,166,844.1685449,980.649569,950.4401249,903336.431,1.125889055,7,768,28.94184558,17.83033556,29.88188841
bowphs/PhilTa,4,mean_abs,8,430,-782.222029,941.8366964,1122.637778,1260315.58,1.435190695,5,768,28.94184558,17.83033556,29.88188841
bowphs/PhilTa,4,mean_abs,9,23,661.4887113,881.077544,927.9145048,861025.3283,1.402766954,8,768,28.94184558,17.83033556,29.88188841
bowphs/PhilTa,4,mean_abs,10,533,-793.004074,847.8833224,789.2407026,622900.8867,0.995254285,11,768,28.94184558,17.83033556,29.88188841
bowphs/PhilTa,4,variance,1,210,-1415.318343,1590.774321,1475.169506,2176125.073,1.042288128,1,768,28.94184558,17.83033556,29.88188841
bowphs/PhilTa,4,variance,2,660,1033.102377,1296.31856,1424.798251,2030050.057,1.379145265,3,768,28.94184558,17.83033556,29.88188841
bowphs/PhilTa,4,variance,3,280,-1028.050828,1184.365398,1280.150514,1638785.338,1.245221033,5,768,28.94184558,17.83033556,29.88188841
bowphs/PhilTa,4,variance,4,87,-1093.405687,1251.351753,1269.944239,1612758.371,1.161457503,4,768,28.94184558,17.83033556,29.88188841
bowphs/PhilTa,4,variance,5,430,-782.222029,941.8366964,1122.637778,1260315.58,1.435190695,8,768,28.94184558,17.83033556,29.88188841
bowphs/PhilTa,4,variance,6,742,850.6868713,1028.892169,1122.013117,1258913.434,1.31894961,6,768,28.94184558,17.83033556,29.88188841
bowphs/PhilTa,4,variance,7,166,844.1685449,980.649569,950.4401249,903336.431,1.125889055,7,768,28.94184558,17.83033556,29.88188841
bowphs/PhilTa,4,variance,8,23,661.4887113,881.077544,927.9145048,861025.3283,1.402766954,9,768,28.94184558,17.83033556,29.88188841
bowphs/PhilTa,4,variance,9,478,56.38116343,517.2865763,856.2397696,733146.5431,15.18662826,14,768,28.94184558,17.83033556,29.88188841
bowphs/PhilTa,4,variance,10,728,-508.9817495,767.1333665,813.2481605,661372.5706,1.597794344,12,768,28.94184558,17.83033556,29.88188841
bowphs/PhilTa,5,mean_abs,1,210,-1879.508063,2278.22527,2245.76701,5043469.461,1.19486958,1,768,35.9835556,24.34121976,35.87632471
bowphs/PhilTa,5,mean_abs,2,280,-1531.791901,1874.581101,2010.125818,4040605.803,1.312270822,2,768,35.9835556,24.34121976,35.87632471
bowphs/PhilTa,5,mean_abs,3,239,1632.840777,1863.447958,1327.364968,1761897.759,0.812917577,9,768,35.9835556,24.34121976,35.87632471
bowphs/PhilTa,5,mean_abs,4,660,1517.340713,1852.363348,1999.582877,3998331.683,1.317820619,3,768,35.9835556,24.34121976,35.87632471
bowphs/PhilTa,5,mean_abs,5,87,-1590.530315,1796.15201,1784.970711,3186120.439,1.122248783,5,768,35.9835556,24.34121976,35.87632471
bowphs/PhilTa,5,mean_abs,6,430,-1221.970773,1572.473854,1823.195096,3324040.358,1.492012032,4,768,35.9835556,24.34121976,35.87632471
bowphs/PhilTa,5,mean_abs,7,742,1276.083377,1520.135992,1620.707461,2626692.675,1.270063924,6,768,35.9835556,24.34121976,35.87632471
bowphs/PhilTa,5,mean_abs,8,166,1190.517441,1516.527597,1551.002128,2405607.601,1.302796645,7,768,35.9835556,24.34121976,35.87632471
bowphs/PhilTa,5,mean_abs,9,533,-1150.405441,1280.866593,1208.817751,1461240.356,1.050775412,11,768,35.9835556,24.34121976,35.87632471
bowphs/PhilTa,5,mean_abs,10,23,1027.771332,1246.067389,1279.191668,1636331.322,1.244626726,10,768,35.9835556,24.34121976,35.87632471
bowphs/PhilTa,5,variance,1,210,-1879.508063,2278.22527,2245.76701,5043469.461,1.19486958,1,768,35.9835556,24.34121976,35.87632471
bowphs/PhilTa,5,variance,2,280,-1531.791901,1874.581101,2010.125818,4040605.803,1.312270822,2,768,35.9835556,24.34121976,35.87632471
bowphs/PhilTa,5,variance,3,660,1517.340713,1852.363348,1999.582877,3998331.683,1.317820619,4,768,35.9835556,24.34121976,35.87632471
bowphs/PhilTa,5,variance,4,430,-1221.970773,1572.473854,1823.195096,3324040.358,1.492012032,6,768,35.9835556,24.34121976,35.87632471
bowphs/PhilTa,5,variance,5,87,-1590.530315,1796.15201,1784.970711,3186120.439,1.122248783,5,768,35.9835556,24.34121976,35.87632471
bowphs/PhilTa,5,variance,6,742,1276.083377,1520.135992,1620.707461,2626692.675,1.270063924,7,768,35.9835556,24.34121976,35.87632471
bowphs/PhilTa,5,variance,7,166,1190.517441,1516.527597,1551.002128,2405607.601,1.302796645,8,768,35.9835556,24.34121976,35.87632471
bowphs/PhilTa,5,variance,8,478,9.350517233,779.3709226,1463.553909,2141990.044,156.5211712,13,768,35.9835556,24.34121976,35.87632471
bowphs/PhilTa,5,variance,9,239,1632.840777,1863.447958,1327.364968,1761897.759,0.812917577,3,768,35.9835556,24.34121976,35.87632471
bowphs/PhilTa,5,variance,10,23,1027.771332,1246.067389,1279.191668,1636331.322,1.244626726,10,768,35.9835556,24.34121976,35.87632471
bowphs/PhilTa,6,mean_abs,1,210,-2381.684243,2990.032699,3035.033925,9211430.924,1.274322545,1,768,41.68715186,28.44697868,41.06249226
bowphs/PhilTa,6,mean_abs,2,280,-2030.770458,2526.39502,2692.245177,7248184.093,1.325725991,2,768,41.68715186,28.44697868,41.06249226
bowphs/PhilTa,6,mean_abs,3,239,2096.709626,2484.330749,1966.480966,3867047.388,0.937889034,9,768,41.68715186,28.44697868,41.06249226
bowphs/PhilTa,6,mean_abs,4,660,1970.548777,2391.426417,2551.044257,6507826.799,1.294585695,3,768,41.68715186,28.44697868,41.06249226
bowphs/PhilTa,6,mean_abs,5,87,-1999.677633,2276.953819,2255.256306,5086181.005,1.127809937,5,768,41.68715186,28.44697868,41.06249226
bowphs/PhilTa,6,mean_abs,6,430,-1654.554116,2150.614977,2445.273716,5979363.547,1.477904949,4,768,41.68715186,28.44697868,41.06249226
bowphs/PhilTa,6,mean_abs,7,166,1622.250972,2132.681367,2218.185718,4920347.879,1.367350525,6,768,41.68715186,28.44697868,41.06249226
bowphs/PhilTa,6,mean_abs,8,742,1703.575434,2002.977547,2087.248741,4356607.305,1.225216506,7,768,41.68715186,28.44697868,41.06249226
bowphs/PhilTa,6,mean_abs,9,533,-1470.317563,1684.369013,1626.66064,2646024.836,1.106332864,10,768,41.68715186,28.44697868,41.06249226
bowphs/PhilTa,6,mean_abs,10,23,1326.086706,1556.7015,1568.141853,2459068.87,1.182533424,12,768,41.68715186,28.44697868,41.06249226
bowphs/PhilTa,6,variance,1,210,-2381.684243,2990.032699,3035.033925,9211430.924,1.274322545,1,768,41.68715186,28.44697868,41.06249226
bowphs/PhilTa,6,variance,2,280,-2030.770458,2526.39502,2692.245177,7248184.093,1.325725991,2,768,41.68715186,28.44697868,41.06249226
bowphs/PhilTa,6,variance,3,660,1970.548777,2391.426417,2551.044257,6507826.799,1.294585695,4,768,41.68715186,28.44697868,41.06249226
bowphs/PhilTa,6,variance,4,430,-1654.554116,2150.614977,2445.273716,5979363.547,1.477904949,6,768,41.68715186,28.44697868,41.06249226
bowphs/PhilTa,6,variance,5,87,-1999.677633,2276.953819,2255.256306,5086181.005,1.127809937,5,768,41.68715186,28.44697868,41.06249226
bowphs/PhilTa,6,variance,6,166,1622.250972,2132.681367,2218.185718,4920347.879,1.367350525,7,768,41.68715186,28.44697868,41.06249226
bowphs/PhilTa,6,variance,7,742,1703.575434,2002.977547,2087.248741,4356607.305,1.225216506,8,768,41.68715186,28.44697868,41.06249226
bowphs/PhilTa,6,variance,8,478,-142.2153596,1095.447901,2079.622939,4324831.568,14.62305439,14,768,41.68715186,28.44697868,41.06249226
bowphs/PhilTa,6,variance,9,239,2096.709626,2484.330749,1966.480966,3867047.388,0.937889034,3,768,41.68715186,28.44697868,41.06249226
bowphs/PhilTa,6,variance,10,533,-1470.317563,1684.369013,1626.66064,2646024.836,1.106332864,9,768,41.68715186,28.44697868,41.06249226
bowphs/PhilTa,7,mean_abs,1,210,-2499.957541,3152.538915,3163.329893,10006656.01,1.265353447,1,768,45.21704998,31.6722892,44.49660871
bowphs/PhilTa,7,mean_abs,2,239,2222.386824,2651.692464,2094.523169,4387027.305,0.9424656168,9,768,45.21704998,31.6722892,44.49660871
bowphs/PhilTa,7,mean_abs,3,280,-2130.078868,2649.784277,2783.75185,7749274.361,1.306877361,2,768,45.21704998,31.6722892,44.49660871
bowphs/PhilTa,7,mean_abs,4,660,2004.13156,2442.78773,2615.180356,6839168.293,1.304894553,3,768,45.21704998,31.6722892,44.49660871
bowphs/PhilTa,7,mean_abs,5,166,1789.829747,2340.025001,2358.773735,5563813.532,1.317876038,5,768,45.21704998,31.6722892,44.49660871
bowphs/PhilTa,7,mean_abs,6,87,-2017.071225,2316.69218,2317.597253,5371257.028,1.148991282,6,768,45.21704998,31.6722892,44.49660871
bowphs/PhilTa,7,mean_abs,7,430,-1707.294907,2225.583241,2516.382317,6332179.963,1.473900207,4,768,45.21704998,31.6722892,44.49660871
bowphs/PhilTa,7,mean_abs,8,742,1749.309744,2057.289515,2141.339774,4585336.026,1.224105554,8,768,45.21704998,31.6722892,44.49660871
bowphs/PhilTa,7,mean_abs,9,533,-1514.045732,1734.318885,1668.683608,2784504.984,1.102135538,11,768,45.21704998,31.6722892,44.49660871
bowphs/PhilTa,7,mean_abs,10,23,1374.858907,1604.733123,1610.244062,2592885.94,1.171206772,12,768,45.21704998,31.6722892,44.49660871
bowphs/PhilTa,7,variance,1,210,-2499.957541,3152.538915,3163.329893,10006656.01,1.265353447,1,768,45.21704998,31.6722892,44.49660871
bowphs/PhilTa,7,variance,2,280,-2130.078868,2649.784277,2783.75185,7749274.361,1.306877361,3,768,45.21704998,31.6722892,44.49660871
bowphs/PhilTa,7,variance,3,660,2004.13156,2442.78773,2615.180356,6839168.293,1.304894553,4,768,45.21704998,31.6722892,44.49660871
bowphs/PhilTa,7,variance,4,430,-1707.294907,2225.583241,2516.382317,6332179.963,1.473900207,7,768,45.21704998,31.6722892,44.49660871
bowphs/PhilTa,7,variance,5,166,1789.829747,2340.025001,2358.773735,5563813.532,1.317876038,5,768,45.21704998,31.6722892,44.49660871
bowphs/PhilTa,7,variance,6,87,-2017.071225,2316.69218,2317.597253,5371257.028,1.148991282,6,768,45.21704998,31.6722892,44.49660871
bowphs/PhilTa,7,variance,7,478,-172.8884799,1155.317326,2221.121579,4933381.069,12.84713464,14,768,45.21704998,31.6722892,44.49660871
bowphs/PhilTa,7,variance,8,742,1749.309744,2057.289515,2141.339774,4585336.026,1.224105554,8,768,45.21704998,31.6722892,44.49660871
bowphs/PhilTa,7,variance,9,239,2222.386824,2651.692464,2094.523169,4387027.305,0.9424656168,2,768,45.21704998,31.6722892,44.49660871
bowphs/PhilTa,7,variance,10,73,602.2506862,1199.975051,1749.949045,3062321.659,2.90568211,13,768,45.21704998,31.6722892,44.49660871
bowphs/PhilTa,8,mean_abs,1,210,-2542.120205,3238.894896,3265.278438,10662043.28,1.284470511,1,768,49.43549147,34.88358008,48.71246958
bowphs/PhilTa,8,mean_abs,2,280,-2245.484381,2792.552003,2887.616119,8338326.853,1.2859658,2,768,49.43549147,34.88358008,48.71246958
bowphs/PhilTa,8,mean_abs,3,239,2317.109987,2784.223327,2202.885483,4852704.453,0.9507038924,8,768,49.43549147,34.88358008,48.71246958
bowphs/PhilTa,8,mean_abs,4,166,1981.402339,2562.916513,2480.813214,6154434.205,1.252049201,5,768,49.43549147,34.88358008,48.71246958
bowphs/PhilTa,8,mean_abs,5,660,1993.091595,2466.281578,2666.589652,7110700.373,1.33791626,3,768,49.43549147,34.88358008,48.71246958
bowphs/PhilTa,8,mean_abs,6,87,-2090.812454,2387.807566,2377.289416,5651504.967,1.137017054,6,768,49.43549147,34.88358008,48.71246958
bowphs/PhilTa,8,mean_abs,7,430,-1769.288311,2307.041898,2577.917546,6645658.874,1.457036442,4,768,49.43549147,34.88358008,48.71246958
bowphs/PhilTa,8,mean_abs,8,742,1756.638538,2086.893726,2184.207118,4770760.732,1.243401571,9,768,49.43549147,34.88358008,48.71246958
bowphs/PhilTa,8,mean_abs,9,533,-1553.656707,1779.287926,1707.307585,2914899.19,1.098896286,11,768,49.43549147,34.88358008,48.71246958
bowphs/PhilTa,8,mean_abs,10,23,1415.512827,1649.206917,1655.255407,2739870.462,1.169368002,12,768,49.43549147,34.88358008,48.71246958
bowphs/PhilTa,8,variance,1,210,-2542.120205,3238.894896,3265.278438,10662043.28,1.284470511,1,768,49.43549147,34.88358008,48.71246958
bowphs/PhilTa,8,variance,2,280,-2245.484381,2792.552003,2887.616119,8338326.853,1.2859658,2,768,49.43549147,34.88358008,48.71246958
bowphs/PhilTa,8,variance,3,660,1993.091595,2466.281578,2666.589652,7110700.373,1.33791626,5,768,49.43549147,34.88358008,48.71246958
bowphs/PhilTa,8,variance,4,430,-1769.288311,2307.041898,2577.917546,6645658.874,1.457036442,7,768,49.43549147,34.88358008,48.71246958
bowphs/PhilTa,8,variance,5,166,1981.402339,2562.916513,2480.813214,6154434.205,1.252049201,4,768,49.43549147,34.88358008,48.71246958
bowphs/PhilTa,8,variance,6,87,-2090.812454,2387.807566,2377.289416,5651504.967,1.137017054,6,768,49.43549147,34.88358008,48.71246958
bowphs/PhilTa,8,variance,7,478,-98.73163395,1159.822834,2343.846535,5493616.577,23.73956999,14,768,49.43549147,34.88358008,48.71246958
bowphs/PhilTa,8,variance,8,239,2317.109987,2784.223327,2202.885483,4852704.453,0.9507038924,3,768,49.43549147,34.88358008,48.71246958
bowphs/PhilTa,8,variance,9,742,1756.638538,2086.893726,2184.207118,4770760.732,1.243401571,8,768,49.43549147,34.88358008,48.71246958
bowphs/PhilTa,8,variance,10,73,582.7397857,1231.809581,1860.523833,3461548.934,3.192718052,13,768,49.43549147,34.88358008,48.71246958
bowphs/PhilTa,9,mean_abs,1,210,-2916.821876,3684.493501,3706.12231,13735342.58,1.270602892,1,768,54.0584458,38.67058908,53.23185378
bowphs/PhilTa,9,mean_abs,2,280,-2945.9965,3540.909459,3460.2643,11973429.02,1.174564973,2,768,54.0584458,38.67058908,53.23185378
bowphs/PhilTa,9,mean_abs,3,239,2695.789229,3219.901466,2554.287714,6524385.726,0.9475101712,8,768,54.0584458,38.67058908,53.23185378
bowphs/PhilTa,9,mean_abs,4,166,2462.068833,3085.552981,2829.323325,8005070.477,1.149164998,5,768,54.0584458,38.67058908,53.23185378
bowphs/PhilTa,9,mean_abs,5,430,-2363.909011,2948.733011,3104.378324,9637164.777,1.313239346,3,768,54.0584458,38.67058908,53.23185378
bowphs/PhilTa,9,mean_abs,6,660,2294.696336,2810.936794,3012.286954,9073872.691,1.312717028,4,768,54.0584458,38.67058908,53.23185378
bowphs/PhilTa,9,mean_abs,7,87,-2378.665875,2689.262689,2654.187849,7044713.137,1.115830465,6,768,54.0584458,38.67058908,53.23185378
bowphs/PhilTa,9,mean_abs,8,742,2064.348706,2415.822255,2480.674832,6153747.622,1.201674322,9,768,54.0584458,38.67058908,53.23185378
bowphs/PhilTa,9,mean_abs,9,533,-1969.110316,2212.030975,2060.779548,4246812.347,1.04655363,11,768,54.0584458,38.67058908,53.23185378
bowphs/PhilTa,9,mean_abs,10,537,-1863.879107,1916.805717,1553.693229,2413962.649,0.8335804737,13,768,54.0584458,38.67058908,53.23185378
bowphs/PhilTa,9,variance,1,210,-2916.821876,3684.493501,3706.12231,13735342.58,1.270602892,1,768,54.0584458,38.67058908,53.23185378
bowphs/PhilTa,9,variance,2,280,-2945.9965,3540.909459,3460.2643,11973429.02,1.174564973,2,768,54.0584458,38.67058908,53.23185378
bowphs/PhilTa,9,variance,3,430,-2363.909011,2948.733011,3104.378324,9637164.777,1.313239346,5,768,54.0584458,38.67058908,53.23185378
bowphs/PhilTa,9,variance,4,660,2294.696336,2810.936794,3012.286954,9073872.691,1.312717028,6,768,54.0584458,38.67058908,53.23185378
bowphs/PhilTa,9,variance,5,166,2462.068833,3085.552981,2829.323325,8005070.477,1.149164998,4,768,54.0584458,38.67058908,53.23185378
bowphs/PhilTa,9,variance,6,87,-2378.665875,2689.262689,2654.187849,7044713.137,1.115830465,7,768,54.0584458,38.67058908,53.23185378
bowphs/PhilTa,9,variance,7,478,-294.4470483,1385.251233,2636.638459,6951862.361,8.954541991,13,768,54.0584458,38.67058908,53.23185378
bowphs/PhilTa,9,variance,8,239,2695.789229,3219.901466,2554.287714,6524385.726,0.9475101712,3,768,54.0584458,38.67058908,53.23185378
bowphs/PhilTa,9,variance,9,742,2064.348706,2415.822255,2480.674832,6153747.622,1.201674322,8,768,54.0584458,38.67058908,53.23185378
bowphs/PhilTa,9,variance,10,73,680.2831648,1394.177748,2063.906405,4259709.649,3.033893108,12,768,54.0584458,38.67058908,53.23185378
bowphs/PhilTa,10,mean_abs,1,280,-3428.054303,4057.601914,3796.057628,14410053.51,1.107350495,2,768,58.75346735,41.4502049,58.26653973
bowphs/PhilTa,10,mean_abs,2,210,-3088.876577,3910.515391,3961.047455,15689896.94,1.282358604,1,768,58.75346735,41.4502049,58.26653973
bowphs/PhilTa,10,mean_abs,3,239,2912.152931,3484.275759,2793.737441,7804968.887,0.9593374753,7,768,58.75346735,41.4502049,58.26653973
bowphs/PhilTa,10,mean_abs,4,166,2806.161346,3456.190856,3039.338176,9237576.549,1.083094591,5,768,58.75346735,41.4502049,58.26653973
bowphs/PhilTa,10,mean_abs,5,430,-2796.543709,3420.61143,3434.58193,11796353.03,1.228152422,3,768,58.75346735,41.4502049,58.26653973
bowphs/PhilTa,10,mean_abs,6,660,2359.653903,2935.624881,3170.591405,10052649.86,1.343667985,4,768,58.75346735,41.4502049,58.26653973
bowphs/PhilTa,10,mean_abs,7,87,-2463.134634,2804.337234,2785.944011,7761484.03,1.131056326,8,768,58.75346735,41.4502049,58.26653973
bowphs/PhilTa,10,mean_abs,8,742,2228.645512,2574.884702,2602.802934,6774583.113,1.16788557,9,768,58.75346735,41.4502049,58.26653973
bowphs/PhilTa,10,mean_abs,9,533,-2172.389797,2437.417708,2252.865114,5075401.224,1.037044603,10,768,58.75346735,41.4502049,58.26653973
bowphs/PhilTa,10,mean_abs,10,537,-2021.729814,2069.423906,1633.742401,2669114.232,0.8080913628,13,768,58.75346735,41.4502049,58.26653973
bowphs/PhilTa,10,variance,1,210,-3088.876577,3910.515391,3961.047455,15689896.94,1.282358604,2,768,58.75346735,41.4502049,58.26653973
bowphs/PhilTa,10,variance,2,280,-3428.054303,4057.601914,3796.057628,14410053.51,1.107350495,1,768,58.75346735,41.4502049,58.26653973
bowphs/PhilTa,10,variance,3,430,-2796.543709,3420.61143,3434.58193,11796353.03,1.228152422,5,768,58.75346735,41.4502049,58.26653973
bowphs/PhilTa,10,variance,4,660,2359.653903,2935.624881,3170.591405,10052649.86,1.343667985,6,768,58.75346735,41.4502049,58.26653973
bowphs/PhilTa,10,variance,5,166,2806.161346,3456.190856,3039.338176,9237576.549,1.083094591,4,768,58.75346735,41.4502049,58.26653973
bowphs/PhilTa,10,variance,6,478,-355.2203104,1504.899196,2820.401347,7954663.761,7.939865106,13,768,58.75346735,41.4502049,58.26653973
bowphs/PhilTa,10,variance,7,239,2912.152931,3484.275759,2793.737441,7804968.887,0.9593374753,3,768,58.75346735,41.4502049,58.26653973
bowphs/PhilTa,10,variance,8,87,-2463.134634,2804.337234,2785.944011,7761484.03,1.131056326,7,768,58.75346735,41.4502049,58.26653973
bowphs/PhilTa,10,variance,9,742,2228.645512,2574.884702,2602.802934,6774583.113,1.16788557,8,768,58.75346735,41.4502049,58.26653973
bowphs/PhilTa,10,variance,10,533,-2172.389797,2437.417708,2252.865114,5075401.224,1.037044603,9,768,58.75346735,41.4502049,58.26653973
bowphs/PhilTa,11,mean_abs,1,280,-3400.495265,4067.596738,3885.391973,15096270.78,1.142595907,2,768,65.6292914,45.26384682,63.74252063
bowphs/PhilTa,11,mean_abs,2,210,-2936.945655,3796.92284,4004.782906,16038286.13,1.363587678,1,768,65.6292914,45.26384682,63.74252063
bowphs/PhilTa,11,mean_abs,3,430,-2923.743398,3562.984691,3476.920014,12088972.78,1.189201493,3,768,65.6292914,45.26384682,63.74252063
bowphs/PhilTa,11,mean_abs,4,166,2896.533051,3561.321461,3098.021182,9597735.245,1.069561827,5,768,65.6292914,45.26384682,63.74252063
bowphs/PhilTa,11,mean_abs,5,239,2768.773486,3383.61623,2851.819218,8132872.85,1.029993689,7,768,65.6292914,45.26384682,63.74252063
bowphs/PhilTa,11,mean_abs,6,660,2468.571406,2979.495063,3155.280256,9955793.494,1.278180671,4,768,65.6292914,45.26384682,63.74252063
bowphs/PhilTa,11,mean_abs,7,87,-2471.44209,2823.705276,2805.251761,7869437.445,1.135066759,8,768,65.6292914,45.26384682,63.74252063
bowphs/PhilTa,11,mean_abs,8,742,2294.95607,2605.488248,2582.022795,6666841.712,1.125085935,9,768,65.6292914,45.26384682,63.74252063
bowphs/PhilTa,11,mean_abs,9,533,-2163.994921,2435.526668,2263.690658,5124295.393,1.046070227,11,768,65.6292914,45.26384682,63.74252063
bowphs/PhilTa,11,mean_abs,10,537,-1946.962536,2000.407323,1622.772613,2633390.955,0.8334893882,13,768,65.6292914,45.26384682,63.74252063
bowphs/PhilTa,11,variance,1,210,-2936.945655,3796.92284,4004.782906,16038286.13,1.363587678,2,768,65.6292914,45.26384682,63.74252063
bowphs/PhilTa,11,variance,2,280,-3400.495265,4067.596738,3885.391973,15096270.78,1.142595907,1,768,65.6292914,45.26384682,63.74252063
bowphs/PhilTa,11,variance,3,430,-2923.743398,3562.984691,3476.920014,12088972.78,1.189201493,3,768,65.6292914,45.26384682,63.74252063
bowphs/PhilTa,11,variance,4,660,2468.571406,2979.495063,3155.280256,9955793.494,1.278180671,6,768,65.6292914,45.26384682,63.74252063
bowphs/PhilTa,11,variance,5,166,2896.533051,3561.321461,3098.021182,9597735.245,1.069561827,4,768,65.6292914,45.26384682,63.74252063
bowphs/PhilTa,11,variance,6,478,-334.957123,1507.926608,2867.125191,8220406.863,8.559678222,12,768,65.6292914,45.26384682,63.74252063
bowphs/PhilTa,11,variance,7,239,2768.773486,3383.61623,2851.819218,8132872.85,1.029993689,5,768,65.6292914,45.26384682,63.74252063
bowphs/PhilTa,11,variance,8,87,-2471.44209,2823.705276,2805.251761,7869437.445,1.135066759,7,768,65.6292914,45.26384682,63.74252063
bowphs/PhilTa,11,variance,9,742,2294.95607,2605.488248,2582.022795,6666841.712,1.125085935,8,768,65.6292914,45.26384682,63.74252063
bowphs/PhilTa,11,variance,10,73,623.3828623,1442.145787,2311.216701,5341722.639,3.707539685,13,768,65.6292914,45.26384682,63.74252063
bowphs/PhilTa,12,mean_abs,1,369,0.03894247548,0.0389445201,0.007272196447,5.288484116e-05,0.1867420177,14,768,0.005376674479,0.00390170754,0.005283568042
bowphs/PhilTa,12,mean_abs,2,429,-0.03820484484,0.03820484484,0.006088783137,3.707328009e-05,0.1593720158,96,768,0.005376674479,0.00390170754,0.005283568042
bowphs/PhilTa,12,mean_abs,3,522,-0.03082257952,0.03082827608,0.008451145236,7.14218558e-05,0.2741868256,5,768,0.005376674479,0.00390170754,0.005283568042
bowphs/PhilTa,12,mean_abs,4,639,-0.02815982275,0.02861337319,0.01224159701,0.0001498566973,0.4347185391,1,768,0.005376674479,0.00390170754,0.005283568042
bowphs/PhilTa,12,mean_abs,5,424,0.02704200951,0.02704812491,0.005768196932,3.327209585e-05,0.2133050404,180,768,0.005376674479,0.00390170754,0.005283568042
bowphs/PhilTa,12,mean_abs,6,155,0.02466014216,0.02470494151,0.009511093866,9.046090654e-05,0.3856869034,3,768,0.005376674479,0.00390170754,0.005283568042
bowphs/PhilTa,12,mean_abs,7,593,0.02466352693,0.02466971171,0.007181319461,5.15713492e-05,0.291171635,16,768,0.005376674479,0.00390170754,0.005283568042
bowphs/PhilTa,12,mean_abs,8,704,-0.02457497821,0.02457962103,0.005694495605,3.24272802e-05,0.2317192535,207,768,0.005376674479,0.00390170754,0.005283568042
bowphs/PhilTa,12,mean_abs,9,551,0.02382914537,0.02382914537,0.005608241994,3.145237826e-05,0.2353522086,238,768,0.005376674479,0.00390170754,0.005283568042
bowphs/PhilTa,12,mean_abs,10,339,-0.02367360873,0.02372656191,0.006226764555,3.877259683e-05,0.2630255753,70,768,0.005376674479,0.00390170754,0.005283568042
bowphs/PhilTa,12,variance,1,639,-0.02815982275,0.02861337319,0.01224159701,0.0001498566973,0.4347185391,4,768,0.005376674479,0.00390170754,0.005283568042
bowphs/PhilTa,12,variance,2,178,0.008224189957,0.01109229153,0.01012605005,0.0001025368897,1.231251966,74,768,0.005376674479,0.00390170754,0.005283568042
bowphs/PhilTa,12,variance,3,155,0.02466014216,0.02470494151,0.009511093866,9.046090654e-05,0.3856869034,6,768,0.005376674479,0.00390170754,0.005283568042
bowphs/PhilTa,12,variance,4,555,0.0007934771152,0.006885562756,0.00862524822,7.439490686e-05,10.87019153,233,768,0.005376674479,0.00390170754,0.005283568042
bowphs/PhilTa,12,variance,5,522,-0.03082257952,0.03082827608,0.008451145236,7.14218558e-05,0.2741868256,3,768,0.005376674479,0.00390170754,0.005283568042
bowphs/PhilTa,12,variance,6,659,-0.01824080423,0.01847577501,0.008365865759,6.99877099e-05,0.4586346991,18,768,0.005376674479,0.00390170754,0.005283568042
bowphs/PhilTa,12,variance,7,41,0.003006465905,0.007151404914,0.008309343241,6.904518509e-05,2.763824205,214,768,0.005376674479,0.00390170754,0.005283568042
bowphs/PhilTa,12,variance,8,394,-0.0002412393462,0.006116743374,0.007695679752,5.922348685e-05,31.90059944,305,768,0.005376674479,0.00390170754,0.005283568042
bowphs/PhilTa,12,variance,9,735,0.006943185762,0.008679669837,0.007553939957,5.706200887e-05,1.087964548,136,768,0.005376674479,0.00390170754,0.005283568042
bowphs/PhilTa,12,variance,10,653,0.001177253772,0.005858063017,0.007500376713,5.625565083e-05,6.371078938,328,768,0.005376674479,0.00390170754,0.005283568042
google/mt5-base,1,mean_abs,1,46,-135.0199469,135.0469075,7.054756157,49.76958443,0.05224973286,4,768,1.866744673,1.635008219,1.494190863
google/mt5-base,1,mean_abs,2,475,-131.0885545,131.4832252,14.34732795,205.8458194,0.1094476021,1,768,1.866744673,1.635008219,1.494190863
google/mt5-base,1,mean_abs,3,407,-62.86190104,62.86190104,7.680058854,58.983304,0.1221735062,3,768,1.866744673,1.635008219,1.494190863
google/mt5-base,1,mean_abs,4,288,27.25017348,27.36884382,3.357872074,11.27530486,0.1232238788,8,768,1.866744673,1.635008219,1.494190863
google/mt5-base,1,mean_abs,5,610,-21.83157262,21.84303864,4.628025525,21.41862026,0.2119877302,6,768,1.866744673,1.635008219,1.494190863
google/mt5-base,1,mean_abs,6,702,11.60017598,11.60017598,1.915069737,3.667492099,0.1650897142,109,768,1.866744673,1.635008219,1.494190863
google/mt5-base,1,mean_abs,7,618,10.32309304,10.97149513,6.174594982,38.12562319,0.5981341987,5,768,1.866744673,1.635008219,1.494190863
google/mt5-base,1,mean_abs,8,432,10.35845622,10.39115794,2.15318724,4.636215291,0.2078675812,53,768,1.866744673,1.635008219,1.494190863
google/mt5-base,1,mean_abs,9,691,1.741852418,10.01620045,13.96939966,195.1441268,8.019852608,2,768,1.866744673,1.635008219,1.494190863
google/mt5-base,1,mean_abs,10,257,9.462920078,9.572881797,4.225029843,17.85087718,0.4464826722,7,768,1.866744673,1.635008219,1.494190863
google/mt5-base,1,variance,1,475,-131.0885545,131.4832252,14.34732795,205.8458194,0.1094476021,2,768,1.866744673,1.635008219,1.494190863
google/mt5-base,1,variance,2,691,1.741852418,10.01620045,13.96939966,195.1441268,8.019852608,9,768,1.866744673,1.635008219,1.494190863
google/mt5-base,1,variance,3,407,-62.86190104,62.86190104,7.680058854,58.983304,0.1221735062,3,768,1.866744673,1.635008219,1.494190863
google/mt5-base,1,variance,4,46,-135.0199469,135.0469075,7.054756157,49.76958443,0.05224973286,1,768,1.866744673,1.635008219,1.494190863
google/mt5-base,1,variance,5,618,10.32309304,10.97149513,6.174594982,38.12562319,0.5981341987,7,768,1.866744673,1.635008219,1.494190863
google/mt5-base,1,variance,6,610,-21.83157262,21.84303864,4.628025525,21.41862026,0.2119877302,5,768,1.866744673,1.635008219,1.494190863
google/mt5-base,1,variance,7,257,9.462920078,9.572881797,4.225029843,17.85087718,0.4464826722,10,768,1.866744673,1.635008219,1.494190863
google/mt5-base,1,variance,8,288,27.25017348,27.36884382,3.357872074,11.27530486,0.1232238788,4,768,1.866744673,1.635008219,1.494190863
google/mt5-base,1,variance,9,112,6.64021871,6.764357771,3.154163201,9.948745496,0.4750089325,24,768,1.866744673,1.635008219,1.494190863
google/mt5-base,1,variance,10,494,2.327490167,2.963992371,3.019900081,9.119796499,1.29749209,182,768,1.866744673,1.635008219,1.494190863
google/mt5-base,2,mean_abs,1,46,-160.3958095,160.3958095,5.898179364,34.7885198,0.03677265249,6,768,2.533311292,2.208371145,1.757276145
google/mt5-base,2,mean_abs,2,475,-143.7477092,144.0097195,12.76524123,162.9513836,0.08880309327,2,768,2.533311292,2.208371145,1.757276145
google/mt5-base,2,mean_abs,3,407,-73.69711805,73.69711805,10.93482066,119.5703029,0.1483751461,3,768,2.533311292,2.208371145,1.757276145
google/mt5-base,2,mean_abs,4,610,-40.5650117,40.74634936,10.16460294,103.319153,0.2505756197,4,768,2.533311292,2.208371145,1.757276145
google/mt5-base,2,mean_abs,5,288,23.89784788,24.04059534,3.891126888,15.14086846,0.1628233181,12,768,2.533311292,2.208371145,1.757276145
google/mt5-base,2,mean_abs,6,618,19.53259254,20.00240523,8.664723267,75.07742929,0.4436033387,5,768,2.533311292,2.208371145,1.757276145
google/mt5-base,2,mean_abs,7,432,16.92475179,17.03636629,3.553163315,12.62496954,0.2099388729,19,768,2.533311292,2.208371145,1.757276145
google/mt5-base,2,mean_abs,8,702,16.36326881,16.42127268,3.82384614,14.6217993,0.2336847353,14,768,2.533311292,2.208371145,1.757276145
google/mt5-base,2,mean_abs,9,11,-16.3831648,16.38566099,3.70034734,13.69257044,0.2258627918,16,768,2.533311292,2.208371145,1.757276145
google/mt5-base,2,mean_abs,10,726,-15.00965613,15.00965613,3.105770697,9.645811623,0.2069181779,31,768,2.533311292,2.208371145,1.757276145
google/mt5-base,2,variance,1,691,-8.164567816,12.21374875,13.53104779,183.0892542,1.657288921,13,768,2.533311292,2.208371145,1.757276145
google/mt5-base,2,variance,2,475,-143.7477092,144.0097195,12.76524123,162.9513836,0.08880309327,2,768,2.533311292,2.208371145,1.757276145
google/mt5-base,2,variance,3,407,-73.69711805,73.69711805,10.93482066,119.5703029,0.1483751461,3,768,2.533311292,2.208371145,1.757276145
google/mt5-base,2,variance,4,610,-40.5650117,40.74634936,10.16460294,103.319153,0.2505756197,4,768,2.533311292,2.208371145,1.757276145
google/mt5-base,2,variance,5,618,19.53259254,20.00240523,8.664723267,75.07742929,0.4436033387,6,768,2.533311292,2.208371145,1.757276145
google/mt5-base,2,variance,6,46,-160.3958095,160.3958095,5.898179364,34.7885198,0.03677265249,1,768,2.533311292,2.208371145,1.757276145
google/mt5-base,2,variance,7,731,0.8656938212,3.859374816,4.774705133,22.7978091,5.515466341,214,768,2.533311292,2.208371145,1.757276145
google/mt5-base,2,variance,8,84,-2.106688632,3.582860973,4.390019491,19.27227113,2.083848284,239,768,2.533311292,2.208371145,1.757276145
google/mt5-base,2,variance,9,257,8.540929246,8.75423283,4.364655546,19.05021803,0.5110281821,26,768,2.533311292,2.208371145,1.757276145
google/mt5-base,2,variance,10,706,1.229337316,2.983831327,4.075493238,16.60964514,3.315195258,304,768,2.533311292,2.208371145,1.757276145
google/mt5-base,3,mean_abs,1,46,-218.6450445,218.6450445,9.829815847,96.62527958,0.04495787165,7,768,3.399691733,3.137623435,2.17890041
google/mt5-base,3,mean_abs,2,475,-179.0017106,179.0017106,15.48422625,239.7612626,0.0865032306,2,768,3.399691733,3.137623435,2.17890041
google/mt5-base,3,mean_abs,3,11,-72.69197839,73.04358499,13.7940299,190.275261,0.1897600012,4,768,3.399691733,3.137623435,2.17890041
google/mt5-base,3,mean_abs,4,407,-71.6006349,71.70688734,13.95628471,194.7778828,0.194918449,3,768,3.399691733,3.137623435,2.17890041
google/mt5-base,3,mean_abs,5,610,-30.95518375,31.24343877,11.61020245,134.796801,0.3750648856,5,768,3.399691733,3.137623435,2.17890041
google/mt5-base,3,mean_abs,6,288,24.07238725,24.1647461,4.222266521,17.82753458,0.1753987454,28,768,3.399691733,3.137623435,2.17890041
google/mt5-base,3,mean_abs,7,702,23.59161676,23.69999637,8.206811884,67.35176131,0.3478698374,8,768,3.399691733,3.137623435,2.17890041
google/mt5-base,3,mean_abs,8,618,20.73445705,21.48490936,10.57455185,111.8211468,0.5099989751,6,768,3.399691733,3.137623435,2.17890041
google/mt5-base,3,mean_abs,9,112,19.63830922,19.63830922,3.654951645,13.35867153,0.1861133565,61,768,3.399691733,3.137623435,2.17890041
google/mt5-base,3,mean_abs,10,374,18.75538254,18.76178773,4.255978664,18.11335439,0.226920387,27,768,3.399691733,3.137623435,2.17890041
google/mt5-base,3,variance,1,691,8.697751163,14.08564514,16.68488718,278.3854602,1.918298979,16,768,3.399691733,3.137623435,2.17890041
google/mt5-base,3,variance,2,475,-179.0017106,179.0017106,15.48422625,239.7612626,0.0865032306,2,768,3.399691733,3.137623435,2.17890041
google/mt5-base,3,variance,3,407,-71.6006349,71.70688734,13.95628471,194.7778828,0.194918449,4,768,3.399691733,3.137623435,2.17890041
google/mt5-base,3,variance,4,11,-72.69197839,73.04358499,13.7940299,190.275261,0.1897600012,3,768,3.399691733,3.137623435,2.17890041
google/mt5-base,3,variance,5,610,-30.95518375,31.24343877,11.61020245,134.796801,0.3750648856,5,768,3.399691733,3.137623435,2.17890041
google/mt5-base,3,variance,6,618,20.73445705,21.48490936,10.57455185,111.8211468,0.5099989751,8,768,3.399691733,3.137623435,2.17890041
google/mt5-base,3,variance,7,46,-218.6450445,218.6450445,9.829815847,96.62527958,0.04495787165,1,768,3.399691733,3.137623435,2.17890041
google/mt5-base,3,variance,8,702,23.59161676,23.69999637,8.206811884,67.35176131,0.3478698374,7,768,3.399691733,3.137623435,2.17890041
google/mt5-base,3,variance,9,551,-0.8340624466,2.286058607,6.55396003,42.95439208,7.857876897,525,768,3.399691733,3.137623435,2.17890041
google/mt5-base,3,variance,10,599,15.21060016,15.48858095,6.349495191,40.31608918,0.4174388336,13,768,3.399691733,3.137623435,2.17890041
google/mt5-base,4,mean_abs,1,46,-305.3777687,314.1192857,82.58165691,6819.730058,0.2704245868,4,768,4.269144565,3.624277383,3.614462542
google/mt5-base,4,mean_abs,2,475,-248.2729105,265.2610552,105.322734,11092.8783,0.4242216109,2,768,4.269144565,3.624277383,3.614462542
google/mt5-base,4,mean_abs,3,11,-123.2069995,162.287901,168.1284192,28267.16535,1.364601199,1,768,4.269144565,3.624277383,3.614462542
google/mt5-base,4,mean_abs,4,407,-67.0870191,68.85742443,23.09092838,533.1909735,0.3441936859,11,768,4.269144565,3.624277383,3.614462542
google/mt5-base,4,mean_abs,5,610,-43.82337181,48.85164546,29.09951098,846.7815392,0.6640180747,8,768,4.269144565,3.624277383,3.614462542
google/mt5-base,4,mean_abs,6,288,33.75890446,33.8295823,5.684878886,32.31784795,0.1683964269,123,768,4.269144565,3.624277383,3.614462542
google/mt5-base,4,mean_abs,7,374,24.39692793,24.68810252,7.276060572,52.94105745,0.2982367531,55,768,4.269144565,3.624277383,3.614462542
google/mt5-base,4,mean_abs,8,280,-11.46507134,23.88316512,48.3933536,2341.916672,4.220937853,6,768,4.269144565,3.624277383,3.614462542
google/mt5-base,4,mean_abs,9,618,21.33016451,23.35639125,13.71479965,188.0957293,0.6429767404,23,768,4.269144565,3.624277383,3.614462542
google/mt5-base,4,mean_abs,10,106,13.28651747,21.54503406,33.37144456,1113.653312,2.511677317,7,768,4.269144565,3.624277383,3.614462542
google/mt5-base,4,variance,1,11,-123.2069995,162.287901,168.1284192,28267.16535,1.364601199,3,768,4.269144565,3.624277383,3.614462542
google/mt5-base,4,variance,2,475,-248.2729105,265.2610552,105.322734,11092.8783,0.4242216109,2,768,4.269144565,3.624277383,3.614462542
google/mt5-base,4,variance,3,580,15.20373159,15.23315135,83.87187398,7034.491245,5.516532141,21,768,4.269144565,3.624277383,3.614462542
google/mt5-base,4,variance,4,46,-305.3777687,314.1192857,82.58165691,6819.730058,0.2704245868,1,768,4.269144565,3.624277383,3.614462542
google/mt5-base,4,variance,5,551,-2.862187335,12.67935376,54.47975664,2968.043883,19.03430847,39,768,4.269144565,3.624277383,3.614462542
google/mt5-base,4,variance,6,280,-11.46507134,23.88316512,48.3933536,2341.916672,4.220937853,8,768,4.269144565,3.624277383,3.614462542
google/mt5-base,4,variance,7,106,13.28651747,21.54503406,33.37144456,1113.653312,2.511677317,10,768,4.269144565,3.624277383,3.614462542
google/mt5-base,4,variance,8,610,-43.82337181,48.85164546,29.09951098,846.7815392,0.6640180747,5,768,4.269144565,3.624277383,3.614462542
google/mt5-base,4,variance,9,387,2.890687608,5.079268826,23.68920684,561.1785208,8.195007575,307,768,4.269144565,3.624277383,3.614462542
google/mt5-base,4,variance,10,665,1.972290372,5.523981727,23.42648612,548.8002517,11.87780788,261,768,4.269144565,3.624277383,3.614462542
google/mt5-base,5,mean_abs,1,11,2430.804534,2720.404851,12720.78134,161818277.8,5.233156825,1,768,10.55616307,6.403965999,32.33808349
google/mt5-base,5,mean_abs,2,475,2168.740982,2577.008598,11845.83333,140323767.3,5.462078427,2,768,10.55616307,6.403965999,32.33808349
google/mt5-base,5,mean_abs,3,580,1921.67406,1925.093915,9192.393932,84500106.2,4.783534378,3,768,10.55616307,6.403965999,32.33808349
google/mt5-base,5,mean_abs,4,46,1299.063837,1841.392581,8076.701199,65233102.26,6.217324329,4,768,10.55616307,6.403965999,32.33808349
google/mt5-base,5,mean_abs,5,280,389.5133712,426.0119795,2041.714311,4168597.327,5.241705322,5,768,10.55616307,6.403965999,32.33808349
google/mt5-base,5,mean_abs,6,106,-384.3230306,418.3620408,1990.598386,3962481.936,5.179492843,6,768,10.55616307,6.403965999,32.33808349
google/mt5-base,5,mean_abs,7,551,-137.7078994,146.8620653,737.8259442,544387.1239,5.357905737,7,768,10.55616307,6.403965999,32.33808349
google/mt5-base,5,mean_abs,8,387,131.8835076,137.3267616,686.4545121,471219.7972,5.205006485,8,768,10.55616307,6.403965999,32.33808349
google/mt5-base,5,mean_abs,9,665,94.34621792,99.13842369,499.0362185,249037.1474,5.289414133,9,768,10.55616307,6.403965999,32.33808349
google/mt5-base,5,mean_abs,10,409,78.65093192,79.55680504,388.5796357,150994.1333,4.940559841,10,768,10.55616307,6.403965999,32.33808349
google/mt5-base,5,variance,1,11,2430.804534,2720.404851,12720.78134,161818277.8,5.233156825,1,768,10.55616307,6.403965999,32.33808349
google/mt5-base,5,variance,2,475,2168.740982,2577.008598,11845.83333,140323767.3,5.462078427,2,768,10.55616307,6.403965999,32.33808349
google/mt5-base,5,variance,3,580,1921.67406,1925.093915,9192.393932,84500106.2,4.783534378,3,768,10.55616307,6.403965999,32.33808349
google/mt5-base,5,variance,4,46,1299.063837,1841.392581,8076.701199,65233102.26,6.217324329,4,768,10.55616307,6.403965999,32.33808349
google/mt5-base,5,variance,5,280,389.5133712,426.0119795,2041.714311,4168597.327,5.241705322,5,768,10.55616307,6.403965999,32.33808349
google/mt5-base,5,variance,6,106,-384.3230306,418.3620408,1990.598386,3962481.936,5.179492843,6,768,10.55616307,6.403965999,32.33808349
google/mt5-base,5,variance,7,551,-137.7078994,146.8620653,737.8259442,544387.1239,5.357905737,7,768,10.55616307,6.403965999,32.33808349
google/mt5-base,5,variance,8,387,131.8835076,137.3267616,686.4545121,471219.7972,5.205006485,8,768,10.55616307,6.403965999,32.33808349
google/mt5-base,5,variance,9,665,94.34621792,99.13842369,499.0362185,249037.1474,5.289414133,9,768,10.55616307,6.403965999,32.33808349
google/mt5-base,5,variance,10,409,78.65093192,79.55680504,388.5796357,150994.1333,4.940559841,10,768,10.55616307,6.403965999,32.33808349
google/mt5-base,6,mean_abs,1,11,2460.707627,2839.973763,13055.99153,170458914.7,5.305787402,1,768,10.76386727,6.261824995,30.99742098
google/mt5-base,6,mean_abs,2,475,2198.822524,2638.100004,12035.06327,144842748,5.473412767,2,768,10.76386727,6.261824995,30.99742098
google/mt5-base,6,mean_abs,3,580,1965.12208,1965.243657,9292.457768,86349771.36,4.728692362,3,768,10.76386727,6.261824995,30.99742098
google/mt5-base,6,mean_abs,4,46,1328.582437,1924.959184,8332.665344,69433311.73,6.271846676,4,768,10.76386727,6.261824995,30.99742098
google/mt5-base,6,mean_abs,5,280,393.518245,439.4206521,2079.011843,4322290.245,5.28313965,5,768,10.76386727,6.261824995,30.99742098
google/mt5-base,6,mean_abs,6,106,-390.1328219,433.798271,2036.218977,4146187.724,5.21929677,6,768,10.76386727,6.261824995,30.99742098
google/mt5-base,6,mean_abs,7,551,-125.9017971,153.8627236,741.5934177,549960.7972,5.890252841,7,768,10.76386727,6.261824995,30.99742098
google/mt5-base,6,mean_abs,8,387,132.4610704,139.791191,693.2816676,480639.4706,5.233852222,8,768,10.76386727,6.261824995,30.99742098
google/mt5-base,6,mean_abs,9,665,89.80289684,99.16102897,494.237534,244270.74,5.503581191,9,768,10.76386727,6.261824995,30.99742098
google/mt5-base,6,mean_abs,10,610,-49.67574408,97.19871189,167.3073044,27991.73411,3.367987888,22,768,10.76386727,6.261824995,30.99742098
google/mt5-base,6,variance,1,11,2460.707627,2839.973763,13055.99153,170458914.7,5.305787402,1,768,10.76386727,6.261824995,30.99742098
google/mt5-base,6,variance,2,475,2198.822524,2638.100004,12035.06327,144842748,5.473412767,2,768,10.76386727,6.261824995,30.99742098
google/mt5-base,6,variance,3,580,1965.12208,1965.243657,9292.457768,86349771.36,4.728692362,3,768,10.76386727,6.261824995,30.99742098
google/mt5-base,6,variance,4,46,1328.582437,1924.959184,8332.665344,69433311.73,6.271846676,4,768,10.76386727,6.261824995,30.99742098
google/mt5-base,6,variance,5,280,393.518245,439.4206521,2079.011843,4322290.245,5.28313965,5,768,10.76386727,6.261824995,30.99742098
google/mt5-base,6,variance,6,106,-390.1328219,433.798271,2036.218977,4146187.724,5.21929677,6,768,10.76386727,6.261824995,30.99742098
google/mt5-base,6,variance,7,551,-125.9017971,153.8627236,741.5934177,549960.7972,5.890252841,7,768,10.76386727,6.261824995,30.99742098
google/mt5-base,6,variance,8,387,132.4610704,139.791191,693.2816676,480639.4706,5.233852222,8,768,10.76386727,6.261824995,30.99742098
google/mt5-base,6,variance,9,665,89.80289684,99.16102897,494.237534,244270.74,5.503581191,9,768,10.76386727,6.261824995,30.99742098
google/mt5-base,6,variance,10,409,87.72293702,88.22464394,381.976248,145905.8541,4.354348601,11,768,10.76386727,6.261824995,30.99742098
google/mt5-base,7,mean_abs,1,11,2452.270422,2924.03615,13271.44486,176131248.6,5.411901043,1,768,11.40460043,6.553512206,29.44112408
google/mt5-base,7,mean_abs,2,475,2209.945899,2680.023067,12158.84208,147837440.8,5.501873185,2,768,11.40460043,6.553512206,29.44112408
google/mt5-base,7,mean_abs,3,46,1326.41871,1993.013869,8510.44326,72427644.48,6.416106164,4,768,11.40460043,6.553512206,29.44112408
google/mt5-base,7,mean_abs,4,580,1980.515712,1981.45456,9351.756765,87455354.6,4.721879613,3,768,11.40460043,6.553512206,29.44112408
google/mt5-base,7,mean_abs,5,280,388.9389612,450.584564,2102.226737,4419357.254,5.405029958,5,768,11.40460043,6.553512206,29.44112408
google/mt5-base,7,mean_abs,6,106,-392.7393118,443.3209172,2064.566752,4262435.875,5.256837525,6,768,11.40460043,6.553512206,29.44112408
google/mt5-base,7,mean_abs,7,551,-115.9834104,161.3623103,747.5409291,558817.4408,6.445240111,7,768,11.40460043,6.553512206,29.44112408
google/mt5-base,7,mean_abs,8,387,135.8926669,141.556727,699.4716237,489260.5523,5.147235976,8,768,11.40460043,6.553512206,29.44112408
google/mt5-base,7,mean_abs,9,610,-64.37216483,111.0161456,168.7924805,28490.90148,2.622134598,21,768,11.40460043,6.553512206,29.44112408
google/mt5-base,7,mean_abs,10,665,90.26134366,100.9590284,499.5841753,249584.3482,5.534863044,9,768,11.40460043,6.553512206,29.44112408
google/mt5-base,7,variance,1,11,2452.270422,2924.03615,13271.44486,176131248.6,5.411901043,1,768,11.40460043,6.553512206,29.44112408
google/mt5-base,7,variance,2,475,2209.945899,2680.023067,12158.84208,147837440.8,5.501873185,2,768,11.40460043,6.553512206,29.44112408
google/mt5-base,7,variance,3,580,1980.515712,1981.45456,9351.756765,87455354.6,4.721879613,4,768,11.40460043,6.553512206,29.44112408
google/mt5-base,7,variance,4,46,1326.41871,1993.013869,8510.44326,72427644.48,6.416106164,3,768,11.40460043,6.553512206,29.44112408
google/mt5-base,7,variance,5,280,388.9389612,450.584564,2102.226737,4419357.254,5.405029958,5,768,11.40460043,6.553512206,29.44112408
google/mt5-base,7,variance,6,106,-392.7393118,443.3209172,2064.566752,4262435.875,5.256837525,6,768,11.40460043,6.553512206,29.44112408
google/mt5-base,7,variance,7,551,-115.9834104,161.3623103,747.5409291,558817.4408,6.445240111,7,768,11.40460043,6.553512206,29.44112408
google/mt5-base,7,variance,8,387,135.8926669,141.556727,699.4716237,489260.5523,5.147235976,8,768,11.40460043,6.553512206,29.44112408
google/mt5-base,7,variance,9,665,90.26134366,100.9590284,499.5841753,249584.3482,5.534863044,10,768,11.40460043,6.553512206,29.44112408
google/mt5-base,7,variance,10,409,87.78913008,88.3611915,381.6356903,145645.8001,4.347186149,11,768,11.40460043,6.553512206,29.44112408
google/mt5-base,8,mean_abs,1,11,2418.312479,3067.005191,13608.92486,185202835.8,5.627446815,1,768,13.18770713,7.41957283,28.03001573
google/mt5-base,8,mean_abs,2,475,2213.771834,2750.523167,12349.28513,152504843.2,5.578391115,2,768,13.18770713,7.41957283,28.03001573
google/mt5-base,8,mean_abs,3,46,1328.851331,2092.232022,8775.878043,77016035.43,6.604108253,4,768,13.18770713,7.41957283,28.03001573
google/mt5-base,8,mean_abs,4,580,2017.210396,2021.013505,9478.055786,89833541.47,4.698595547,3,768,13.18770713,7.41957283,28.03001573
google/mt5-base,8,mean_abs,5,280,386.3169931,468.7199165,2145.385149,4602677.439,5.553431994,5,768,13.18770713,7.41957283,28.03001573
google/mt5-base,8,mean_abs,6,106,-395.0477855,460.9451041,2112.877338,4464250.645,5.348409523,6,768,13.18770713,7.41957283,28.03001573
google/mt5-base,8,mean_abs,7,551,-99.9116019,175.7991184,762.0830358,580770.5534,7.627572988,7,768,13.18770713,7.41957283,28.03001573
google/mt5-base,8,mean_abs,8,387,148.5311764,150.0840874,718.9947953,516953.5157,4.840699526,8,768,13.18770713,7.41957283,28.03001573
google/mt5-base,8,mean_abs,9,610,-86.81149601,131.6663532,169.9035967,28867.23217,1.957155498,21,768,13.18770713,7.41957283,28.03001573
google/mt5-base,8,mean_abs,10,665,93.74218518,103.7584912,509.2910635,259377.3874,5.432890886,9,768,13.18770713,7.41957283,28.03001573
google/mt5-base,8,variance,1,11,2418.312479,3067.005191,13608.92486,185202835.8,5.627446815,1,768,13.18770713,7.41957283,28.03001573
google/mt5-base,8,variance,2,475,2213.771834,2750.523167,12349.28513,152504843.2,5.578391115,2,768,13.18770713,7.41957283,28.03001573
google/mt5-base,8,variance,3,580,2017.210396,2021.013505,9478.055786,89833541.47,4.698595547,4,768,13.18770713,7.41957283,28.03001573
google/mt5-base,8,variance,4,46,1328.851331,2092.232022,8775.878043,77016035.43,6.604108253,3,768,13.18770713,7.41957283,28.03001573
google/mt5-base,8,variance,5,280,386.3169931,468.7199165,2145.385149,4602677.439,5.553431994,5,768,13.18770713,7.41957283,28.03001573
google/mt5-base,8,variance,6,106,-395.0477855,460.9451041,2112.877338,4464250.645,5.348409523,6,768,13.18770713,7.41957283,28.03001573
google/mt5-base,8,variance,7,551,-99.9116019,175.7991184,762.0830358,580770.5534,7.627572988,7,768,13.18770713,7.41957283,28.03001573
google/mt5-base,8,variance,8,387,148.5311764,150.0840874,718.9947953,516953.5157,4.840699526,8,768,13.18770713,7.41957283,28.03001573
google/mt5-base,8,variance,9,665,93.74218518,103.7584912,509.2910635,259377.3874,5.432890886,10,768,13.18770713,7.41957283,28.03001573
google/mt5-base,8,variance,10,409,91.80723115,92.31598983,370.1614317,137019.4855,4.031942006,12,768,13.18770713,7.41957283,28.03001573
google/mt5-base,9,mean_abs,1,11,2174.045404,3290.968287,13896.22893,193105178.4,6.391876133,1,768,14.52194321,8.629883005,27.79430343
google/mt5-base,9,mean_abs,2,475,2148.989857,2846.302554,12517.85913,156696797.1,5.82499684,2,768,14.52194321,8.629883005,27.79430343
google/mt5-base,9,mean_abs,3,46,1183.236084,2262.942867,9019.67019,81354450.33,7.622882966,4,768,14.52194321,8.629883005,27.79430343
google/mt5-base,9,mean_abs,4,580,2031.077341,2050.244956,9573.262112,91647347.47,4.713391222,3,768,14.52194321,8.629883005,27.79430343
google/mt5-base,9,mean_abs,5,280,368.1505024,490.1066088,2178.274661,4744880.498,5.916804802,5,768,14.52194321,8.629883005,27.79430343
google/mt5-base,9,mean_abs,6,106,-388.940699,477.6711941,2150.920799,4626460.284,5.530202431,6,768,14.52194321,8.629883005,27.79430343
google/mt5-base,9,mean_abs,7,551,-77.84505613,197.4719656,782.8562472,612863.9038,10.05659558,7,768,14.52194321,8.629883005,27.79430343
google/mt5-base,9,mean_abs,8,610,-115.7576118,161.1612401,180.0147504,32405.31037,1.555100763,18,768,14.52194321,8.629883005,27.79430343
google/mt5-base,9,mean_abs,9,387,147.1203803,152.1970808,730.6146155,533797.7164,4.966100646,8,768,14.52194321,8.629883005,27.79430343
google/mt5-base,9,mean_abs,10,665,82.90725912,112.0505056,523.1545778,273690.7123,6.310117875,9,768,14.52194321,8.629883005,27.79430343
google/mt5-base,9,variance,1,11,2174.045404,3290.968287,13896.22893,193105178.4,6.391876133,1,768,14.52194321,8.629883005,27.79430343
google/mt5-base,9,variance,2,475,2148.989857,2846.302554,12517.85913,156696797.1,5.82499684,2,768,14.52194321,8.629883005,27.79430343
google/mt5-base,9,variance,3,580,2031.077341,2050.244956,9573.262112,91647347.47,4.713391222,4,768,14.52194321,8.629883005,27.79430343
google/mt5-base,9,variance,4,46,1183.236084,2262.942867,9019.67019,81354450.33,7.622882966,3,768,14.52194321,8.629883005,27.79430343
google/mt5-base,9,variance,5,280,368.1505024,490.1066088,2178.274661,4744880.498,5.916804802,5,768,14.52194321,8.629883005,27.79430343
google/mt5-base,9,variance,6,106,-388.940699,477.6711941,2150.920799,4626460.284,5.530202431,6,768,14.52194321,8.629883005,27.79430343
google/mt5-base,9,variance,7,551,-77.84505613,197.4719656,782.8562472,612863.9038,10.05659558,7,768,14.52194321,8.629883005,27.79430343
google/mt5-base,9,variance,8,387,147.1203803,152.1970808,730.6146155,533797.7164,4.966100646,9,768,14.52194321,8.629883005,27.79430343
google/mt5-base,9,variance,9,665,82.90725912,112.0505056,523.1545778,273690.7123,6.310117875,10,768,14.52194321,8.629883005,27.79430343
google/mt5-base,9,variance,10,409,88.68530951,89.64751096,359.7109311,129391.9539,4.056037387,13,768,14.52194321,8.629883005,27.79430343
google/mt5-base,10,mean_abs,1,11,2070.528788,3369.433586,13971.75693,195209991.8,6.747917254,1,768,15.92382835,9.43874718,27.99338764
google/mt5-base,10,mean_abs,2,475,2076.330718,2897.69702,12567.83885,157950573.5,6.052908019,2,768,15.92382835,9.43874718,27.99338764
google/mt5-base,10,mean_abs,3,46,1150.728851,2302.683659,9089.213415,82613800.5,7.8986578,4,768,15.92382835,9.43874718,27.99338764
google/mt5-base,10,mean_abs,4,580,2010.706956,2061.676626,9619.260134,92530165.53,4.784018928,3,768,15.92382835,9.43874718,27.99338764
google/mt5-base,10,mean_abs,5,280,368.3410026,493.1504237,2184.311012,4771214.596,5.930132666,5,768,15.92382835,9.43874718,27.99338764
google/mt5-base,10,mean_abs,6,106,-367.97143,491.2775235,2164.185681,4683699.663,5.881395959,6,768,15.92382835,9.43874718,27.99338764
google/mt5-base,10,mean_abs,7,551,-38.61173518,224.7018852,788.5209467,621765.2833,20.42179516,7,768,15.92382835,9.43874718,27.99338764
google/mt5-base,10,mean_abs,8,610,-120.4856564,165.3485677,179.4046479,32186.02768,1.489012495,18,768,15.92382835,9.43874718,27.99338764
google/mt5-base,10,mean_abs,9,387,145.1163876,153.241917,733.6014068,538171.0241,5.055262324,8,768,15.92382835,9.43874718,27.99338764
google/mt5-base,10,mean_abs,10,665,65.21858274,121.2138335,522.3676723,272867.9851,8.00949132,9,768,15.92382835,9.43874718,27.99338764
google/mt5-base,10,variance,1,11,2070.528788,3369.433586,13971.75693,195209991.8,6.747917254,1,768,15.92382835,9.43874718,27.99338764
google/mt5-base,10,variance,2,475,2076.330718,2897.69702,12567.83885,157950573.5,6.052908019,2,768,15.92382835,9.43874718,27.99338764
google/mt5-base,10,variance,3,580,2010.706956,2061.676626,9619.260134,92530165.53,4.784018928,4,768,15.92382835,9.43874718,27.99338764
google/mt5-base,10,variance,4,46,1150.728851,2302.683659,9089.213415,82613800.5,7.8986578,3,768,15.92382835,9.43874718,27.99338764
google/mt5-base,10,variance,5,280,368.3410026,493.1504237,2184.311012,4771214.596,5.930132666,5,768,15.92382835,9.43874718,27.99338764
google/mt5-base,10,variance,6,106,-367.97143,491.2775235,2164.185681,4683699.663,5.881395959,6,768,15.92382835,9.43874718,27.99338764
google/mt5-base,10,variance,7,551,-38.61173518,224.7018852,788.5209467,621765.2833,20.42179516,7,768,15.92382835,9.43874718,27.99338764
google/mt5-base,10,variance,8,387,145.1163876,153.241917,733.6014068,538171.0241,5.055262324,9,768,15.92382835,9.43874718,27.99338764
google/mt5-base,10,variance,9,665,65.21858274,121.2138335,522.3676723,272867.9851,8.00949132,10,768,15.92382835,9.43874718,27.99338764
google/mt5-base,10,variance,10,409,96.29418617,96.71773798,357.0560692,127489.0365,3.707971201,13,768,15.92382835,9.43874718,27.99338764
google/mt5-base,11,mean_abs,1,11,1890.930023,3517.473067,14114.68969,199224464.9,7.464416722,1,768,18.99099588,12.73796893,28.38062057
google/mt5-base,11,mean_abs,2,475,1967.621232,3004.216326,12706.12318,161445566.2,6.457606256,2,768,18.99099588,12.73796893,28.38062057
google/mt5-base,11,mean_abs,3,46,1052.479758,2439.433967,9313.749606,86745931.72,8.849338466,4,768,18.99099588,12.73796893,28.38062057
google/mt5-base,11,mean_abs,4,580,1994.24028,2142.957408,9853.083054,97083245.67,4.940770253,3,768,18.99099588,12.73796893,28.38062057
google/mt5-base,11,mean_abs,5,106,-344.325011,516.0701155,2199.828514,4839245.491,6.388814183,5,768,18.99099588,12.73796893,28.38062057
google/mt5-base,11,mean_abs,6,280,349.8461419,495.6144371,2161.539744,4672254.066,6.178543895,6,768,18.99099588,12.73796893,28.38062057
google/mt5-base,11,mean_abs,7,551,32.92165396,277.3754399,784.4301102,615330.5978,23.82717804,7,768,18.99099588,12.73796893,28.38062057
google/mt5-base,11,mean_abs,8,610,-117.0777628,175.957062,216.1607209,46725.45728,1.846300406,13,768,18.99099588,12.73796893,28.38062057
google/mt5-base,11,mean_abs,9,387,147.1012574,155.5516853,735.1161733,540395.7882,4.997347992,8,768,18.99099588,12.73796893,28.38062057
google/mt5-base,11,mean_abs,10,407,-96.69383849,136.6838118,165.3247036,27332.25761,1.709774957,21,768,18.99099588,12.73796893,28.38062057
google/mt5-base,11,variance,1,11,1890.930023,3517.473067,14114.68969,199224464.9,7.464416722,1,768,18.99099588,12.73796893,28.38062057
google/mt5-base,11,variance,2,475,1967.621232,3004.216326,12706.12318,161445566.2,6.457606256,2,768,18.99099588,12.73796893,28.38062057
google/mt5-base,11,variance,3,580,1994.24028,2142.957408,9853.083054,97083245.67,4.940770253,4,768,18.99099588,12.73796893,28.38062057
google/mt5-base,11,variance,4,46,1052.479758,2439.433967,9313.749606,86745931.72,8.849338466,3,768,18.99099588,12.73796893,28.38062057
google/mt5-base,11,variance,5,106,-344.325011,516.0701155,2199.828514,4839245.491,6.388814183,5,768,18.99099588,12.73796893,28.38062057
google/mt5-base,11,variance,6,280,349.8461419,495.6144371,2161.539744,4672254.066,6.178543895,6,768,18.99099588,12.73796893,28.38062057
google/mt5-base,11,variance,7,551,32.92165396,277.3754399,784.4301102,615330.5978,23.82717804,7,768,18.99099588,12.73796893,28.38062057
google/mt5-base,11,variance,8,387,147.1012574,155.5516853,735.1161733,540395.7882,4.997347992,9,768,18.99099588,12.73796893,28.38062057
google/mt5-base,11,variance,9,665,38.08231321,136.5689775,518.2757314,268609.7338,13.60935531,11,768,18.99099588,12.73796893,28.38062057
google/mt5-base,11,variance,10,702,126.275998,130.2747863,348.385677,121372.5799,2.758922381,12,768,18.99099588,12.73796893,28.38062057
google/mt5-base,12,mean_abs,1,551,1.071752361,1.07253206,0.1696341838,0.02877575631,0.1582774062,2,768,0.04852599671,0.04415739613,0.0356710714
google/mt5-base,12,mean_abs,2,11,-0.6213248734,0.6268194663,0.1154420361,0.0133268637,0.1857997982,6,768,0.04852599671,0.04415739613,0.0356710714
google/mt5-base,12,mean_abs,3,106,0.5062333925,0.5133617442,0.1263592839,0.01596666864,0.2496067739,4,768,0.04852599671,0.04415739613,0.0356710714
google/mt5-base,12,mean_abs,4,255,-0.4881807309,0.4881807309,0.1441389157,0.02077602703,0.295257282,3,768,0.04852599671,0.04415739613,0.0356710714
google/mt5-base,12,mean_abs,5,280,-0.368688465,0.3897011508,0.2126475963,0.04521900023,0.5767676955,1,768,0.04852599671,0.04415739613,0.0356710714
google/mt5-base,12,mean_abs,6,618,0.3481142797,0.3486765937,0.1045980004,0.01094074169,0.3004702953,7,768,0.04852599671,0.04415739613,0.0356710714
google/mt5-base,12,mean_abs,7,544,0.3053392555,0.3060156532,0.05662060549,0.003205892966,0.1854350676,29,768,0.04852599671,0.04415739613,0.0356710714
google/mt5-base,12,mean_abs,8,407,-0.2986977399,0.2987767076,0.08821381879,0.007781677825,0.2953280423,10,768,0.04852599671,0.04415739613,0.0356710714
google/mt5-base,12,mean_abs,9,288,0.260435065,0.2629628754,0.07303807608,0.005334560557,0.2804463987,13,768,0.04852599671,0.04415739613,0.0356710714
google/mt5-base,12,mean_abs,10,610,-0.2538974511,0.2575136558,0.118594097,0.01406455984,0.4670944765,5,768,0.04852599671,0.04415739613,0.0356710714
google/mt5-base,12,variance,1,280,-0.368688465,0.3897011508,0.2126475963,0.04521900023,0.5767676955,5,768,0.04852599671,0.04415739613,0.0356710714
google/mt5-base,12,variance,2,551,1.071752361,1.07253206,0.1696341838,0.02877575631,0.1582774062,1,768,0.04852599671,0.04415739613,0.0356710714
google/mt5-base,12,variance,3,255,-0.4881807309,0.4881807309,0.1441389157,0.02077602703,0.295257282,4,768,0.04852599671,0.04415739613,0.0356710714
google/mt5-base,12,variance,4,106,0.5062333925,0.5133617442,0.1263592839,0.01596666864,0.2496067739,3,768,0.04852599671,0.04415739613,0.0356710714
google/mt5-base,12,variance,5,610,-0.2538974511,0.2575136558,0.118594097,0.01406455984,0.4670944765,10,768,0.04852599671,0.04415739613,0.0356710714
google/mt5-base,12,variance,6,11,-0.6213248734,0.6268194663,0.1154420361,0.0133268637,0.1857997982,2,768,0.04852599671,0.04415739613,0.0356710714
google/mt5-base,12,variance,7,618,0.3481142797,0.3486765937,0.1045980004,0.01094074169,0.3004702953,6,768,0.04852599671,0.04415739613,0.0356710714
google/mt5-base,12,variance,8,702,0.08034742213,0.09613528277,0.09718439334,0.00944480631,1.209552102,106,768,0.04852599671,0.04415739613,0.0356710714
google/mt5-base,12,variance,9,691,0.05348956235,0.08337694009,0.09586407238,0.009189920373,1.792201472,149,768,0.04852599671,0.04415739613,0.0356710714
google/mt5-base,12,variance,10,407,-0.2986977399,0.2987767076,0.08821381879,0.007781677825,0.2953280423,8,768,0.04852599671,0.04415739613,0.0356710714
sentence-transformers/LaBSE,1,mean_abs,1,622,-2.930484211,2.946068773,0.4519247738,0.2042360012,0.1542150516,3,768,0.1274762987,0.1232164545,0.0703935867
sentence-transformers/LaBSE,1,mean_abs,2,7,1.344343798,1.344953467,0.5016891793,0.2516920326,0.3731851778,2,768,0.1274762987,0.1232164545,0.0703935867
sentence-transformers/LaBSE,1,mean_abs,3,526,-1.227498052,1.229402957,0.345982541,0.1197039187,0.2818599511,6,768,0.1274762987,0.1232164545,0.0703935867
sentence-transformers/LaBSE,1,mean_abs,4,139,-1.090452189,1.090452189,0.4271870776,0.1824887993,0.391752231,5,768,0.1274762987,0.1232164545,0.0703935867
sentence-transformers/LaBSE,1,mean_abs,5,501,1.00143902,1.01326886,0.2488784255,0.06194047068,0.248520799,11,768,0.1274762987,0.1232164545,0.0703935867
sentence-transformers/LaBSE,1,mean_abs,6,725,0.9841553086,0.9846745737,0.196626926,0.03866214802,0.1997925777,15,768,0.1274762987,0.1232164545,0.0703935867
sentence-transformers/LaBSE,1,mean_abs,7,593,0.9143232699,0.9145891793,0.04462908135,0.001991754902,0.04881105274,702,768,0.1274762987,0.1232164545,0.0703935867
sentence-transformers/LaBSE,1,mean_abs,8,489,0.4885381151,0.8548760122,0.8740600034,0.7639808896,1.789133696,1,768,0.1274762987,0.1232164545,0.0703935867
sentence-transformers/LaBSE,1,mean_abs,9,290,0.7578478041,0.7578478041,0.1422022501,0.02022147994,0.1876395885,22,768,0.1274762987,0.1232164545,0.0703935867
sentence-transformers/LaBSE,1,mean_abs,10,607,-0.7074928856,0.7075281061,0.1472014488,0.02166826653,0.2080606771,21,768,0.1274762987,0.1232164545,0.0703935867
sentence-transformers/LaBSE,1,variance,1,489,0.4885381151,0.8548760122,0.8740600034,0.7639808896,1.789133696,8,768,0.1274762987,0.1232164545,0.0703935867
sentence-transformers/LaBSE,1,variance,2,7,1.344343798,1.344953467,0.5016891793,0.2516920326,0.3731851778,2,768,0.1274762987,0.1232164545,0.0703935867
sentence-transformers/LaBSE,1,variance,3,622,-2.930484211,2.946068773,0.4519247738,0.2042360012,0.1542150516,1,768,0.1274762987,0.1232164545,0.0703935867
sentence-transformers/LaBSE,1,variance,4,160,0.2241180225,0.4545687363,0.4329780002,0.1874699486,1.931919599,30,768,0.1274762987,0.1232164545,0.0703935867
sentence-transformers/LaBSE,1,variance,5,139,-1.090452189,1.090452189,0.4271870776,0.1824887993,0.391752231,4,768,0.1274762987,0.1232164545,0.0703935867
sentence-transformers/LaBSE,1,variance,6,526,-1.227498052,1.229402957,0.345982541,0.1197039187,0.2818599511,3,768,0.1274762987,0.1232164545,0.0703935867
sentence-transformers/LaBSE,1,variance,7,533,0.3549961763,0.4163297073,0.3201591296,0.1025018683,0.901866417,35,768,0.1274762987,0.1232164545,0.0703935867
sentence-transformers/LaBSE,1,variance,8,158,0.2954345173,0.381062177,0.3153491466,0.09944508423,1.06740793,50,768,0.1274762987,0.1232164545,0.0703935867
sentence-transformers/LaBSE,1,variance,9,80,-0.3947073538,0.4484467109,0.3008057455,0.09048409654,0.7620981535,31,768,0.1274762987,0.1232164545,0.0703935867
sentence-transformers/LaBSE,1,variance,10,116,-0.2509497936,0.3069004638,0.2818399823,0.07943377561,1.123093103,87,768,0.1274762987,0.1232164545,0.0703935867
sentence-transformers/LaBSE,2,mean_abs,1,501,4.975279254,4.98056438,0.3198135278,0.1022806926,0.06428051805,8,768,0.1140578997,0.1100641347,0.06229513292
sentence-transformers/LaBSE,2,mean_abs,2,622,-4.601876899,4.605249751,0.4052870315,0.1642575779,0.08806994197,3,768,0.1140578997,0.1100641347,0.06229513292
sentence-transformers/LaBSE,2,mean_abs,3,653,1.189488824,1.189488824,0.07312766562,0.00534765548,0.06147822842,163,768,0.1140578997,0.1100641347,0.06229513292
sentence-transformers/LaBSE,2,mean_abs,4,526,-1.088468393,1.091572356,0.3286789666,0.1080298631,0.3019646402,7,768,0.1140578997,0.1100641347,0.06229513292
sentence-transformers/LaBSE,2,mean_abs,5,7,0.9869376154,1.016839614,0.5476100272,0.2998767419,0.5548577931,2,768,0.1140578997,0.1100641347,0.06229513292
sentence-transformers/LaBSE,2,mean_abs,6,139,-0.9576145576,0.9576145576,0.3963805304,0.1571175248,0.4139249213,4,768,0.1140578997,0.1100641347,0.06229513292
sentence-transformers/LaBSE,2,mean_abs,7,489,0.285338002,0.8848679234,0.9677143476,0.9364710585,3.391466755,1,768,0.1140578997,0.1100641347,0.06229513292
sentence-transformers/LaBSE,2,mean_abs,8,122,-0.7983028449,0.8361473806,0.3149533489,0.09919561195,0.3945286565,9,768,0.1140578997,0.1100641347,0.06229513292
sentence-transformers/LaBSE,2,mean_abs,9,160,0.7060683243,0.750652144,0.3782879799,0.1431017957,0.5357668187,5,768,0.1140578997,0.1100641347,0.06229513292
sentence-transformers/LaBSE,2,mean_abs,10,533,0.6421709198,0.643401114,0.3439232866,0.1182832271,0.5355634707,6,768,0.1140578997,0.1100641347,0.06229513292
sentence-transformers/LaBSE,2,variance,1,489,0.285338002,0.8848679234,0.9677143476,0.9364710585,3.391466755,7,768,0.1140578997,0.1100641347,0.06229513292
sentence-transformers/LaBSE,2,variance,2,7,0.9869376154,1.016839614,0.5476100272,0.2998767419,0.5548577931,5,768,0.1140578997,0.1100641347,0.06229513292
sentence-transformers/LaBSE,2,variance,3,622,-4.601876899,4.605249751,0.4052870315,0.1642575779,0.08806994197,2,768,0.1140578997,0.1100641347,0.06229513292
sentence-transformers/LaBSE,2,variance,4,139,-0.9576145576,0.9576145576,0.3963805304,0.1571175248,0.4139249213,6,768,0.1140578997,0.1100641347,0.06229513292
sentence-transformers/LaBSE,2,variance,5,160,0.7060683243,0.750652144,0.3782879799,0.1431017957,0.5357668187,9,768,0.1140578997,0.1100641347,0.06229513292
sentence-transformers/LaBSE,2,variance,6,533,0.6421709198,0.643401114,0.3439232866,0.1182832271,0.5355634707,10,768,0.1140578997,0.1100641347,0.06229513292
sentence-transformers/LaBSE,2,variance,7,526,-1.088468393,1.091572356,0.3286789666,0.1080298631,0.3019646402,4,768,0.1140578997,0.1100641347,0.06229513292
sentence-transformers/LaBSE,2,variance,8,501,4.975279254,4.98056438,0.3198135278,0.1022806926,0.06428051805,1,768,0.1140578997,0.1100641347,0.06229513292
sentence-transformers/LaBSE,2,variance,9,122,-0.7983028449,0.8361473806,0.3149533489,0.09919561195,0.3945286565,8,768,0.1140578997,0.1100641347,0.06229513292
sentence-transformers/LaBSE,2,variance,10,158,0.2824830853,0.35794149,0.2899494422,0.08407067904,1.026431165,42,768,0.1140578997,0.1100641347,0.06229513292
sentence-transformers/LaBSE,3,mean_abs,1,475,3.70546704,3.714669545,0.5485260022,0.3008807751,0.1480315427,2,768,0.08228068151,0.07345892747,0.05936454202
sentence-transformers/LaBSE,3,mean_abs,2,501,1.673903775,1.676297316,0.1100831175,0.01211829276,0.06576430447,15,768,0.08228068151,0.07345892747,0.05936454202
sentence-transformers/LaBSE,3,mean_abs,3,139,-1.218230748,1.218506014,0.3047490674,0.09287199405,0.250157097,4,768,0.08228068151,0.07345892747,0.05936454202
sentence-transformers/LaBSE,3,mean_abs,4,7,1.161847489,1.162785915,0.4443023198,0.1974045514,0.3824101907,3,768,0.08228068151,0.07345892747,0.05936454202
sentence-transformers/LaBSE,3,mean_abs,5,122,-0.9196594643,0.9339255049,0.2665805216,0.07106517451,0.2898687307,6,768,0.08228068151,0.07345892747,0.05936454202
sentence-transformers/LaBSE,3,mean_abs,6,526,-0.8841500292,0.8848197326,0.2335711255,0.05455547069,0.2641758953,8,768,0.08228068151,0.07345892747,0.05936454202
sentence-transformers/LaBSE,3,mean_abs,7,489,0.2292331993,0.6819051082,0.7449402051,0.5549359092,3.249704699,1,768,0.08228068151,0.07345892747,0.05936454202
sentence-transformers/LaBSE,3,mean_abs,8,533,0.6418261769,0.6418261769,0.2404612923,0.05782163311,0.3746517375,7,768,0.08228068151,0.07345892747,0.05936454202
sentence-transformers/LaBSE,3,mean_abs,9,160,0.5809659165,0.6127016826,0.2940644706,0.08647391285,0.5061647547,5,768,0.08228068151,0.07345892747,0.05936454202
sentence-transformers/LaBSE,3,mean_abs,10,218,-0.6066148787,0.6066148787,0.05041175397,0.002541344938,0.08310339185,483,768,0.08228068151,0.07345892747,0.05936454202
sentence-transformers/LaBSE,3,variance,1,489,0.2292331993,0.6819051082,0.7449402051,0.5549359092,3.249704699,7,768,0.08228068151,0.07345892747,0.05936454202
sentence-transformers/LaBSE,3,variance,2,475,3.70546704,3.714669545,0.5485260022,0.3008807751,0.1480315427,1,768,0.08228068151,0.07345892747,0.05936454202
sentence-transformers/LaBSE,3,variance,3,7,1.161847489,1.162785915,0.4443023198,0.1974045514,0.3824101907,4,768,0.08228068151,0.07345892747,0.05936454202
sentence-transformers/LaBSE,3,variance,4,139,-1.218230748,1.218506014,0.3047490674,0.09287199405,0.250157097,3,768,0.08228068151,0.07345892747,0.05936454202
sentence-transformers/LaBSE,3,variance,5,160,0.5809659165,0.6127016826,0.2940644706,0.08647391285,0.5061647547,9,768,0.08228068151,0.07345892747,0.05936454202
sentence-transformers/LaBSE,3,variance,6,122,-0.9196594643,0.9339255049,0.2665805216,0.07106517451,0.2898687307,5,768,0.08228068151,0.07345892747,0.05936454202
sentence-transformers/LaBSE,3,variance,7,533,0.6418261769,0.6418261769,0.2404612923,0.05782163311,0.3746517375,8,768,0.08228068151,0.07345892747,0.05936454202
sentence-transformers/LaBSE,3,variance,8,526,-0.8841500292,0.8848197326,0.2335711255,0.05455547069,0.2641758953,6,768,0.08228068151,0.07345892747,0.05936454202
sentence-transformers/LaBSE,3,variance,9,158,0.256238342,0.3027565115,0.2154748232,0.04642939943,0.840915616,24,768,0.08228068151,0.07345892747,0.05936454202
sentence-transformers/LaBSE,3,variance,10,80,-0.4543535771,0.4605561634,0.2120769242,0.04497662178,0.4667662695,12,768,0.08228068151,0.07345892747,0.05936454202
sentence-transformers/LaBSE,4,mean_abs,1,7,2.384813737,2.386572564,0.4370050888,0.1909734477,0.1832449562,2,768,0.07035212017,0.06148438622,0.05620426569
sentence-transformers/LaBSE,4,mean_abs,2,622,-2.34228358,2.349586478,0.3370802471,0.113623093,0.1439109466,4,768,0.07035212017,0.06148438622,0.05620426569
sentence-transformers/LaBSE,4,mean_abs,3,139,-1.657199545,1.657394377,0.3779475871,0.1428443786,0.2280640181,3,768,0.07035212017,0.06148438622,0.05620426569
sentence-transformers/LaBSE,4,mean_abs,4,526,-1.073255431,1.07368216,0.2412197548,0.05818697011,0.2247552146,7,768,0.07035212017,0.06148438622,0.05620426569
sentence-transformers/LaBSE,4,mean_abs,5,489,0.6501411102,0.8314522818,0.7790855203,0.606974248,1.198332959,1,768,0.07035212017,0.06148438622,0.05620426569
sentence-transformers/LaBSE,4,mean_abs,6,587,0.7422065884,0.7422065884,0.01399956121,0.0001959877139,0.01886208156,766,768,0.07035212017,0.06148438622,0.05620426569
sentence-transformers/LaBSE,4,mean_abs,7,501,0.7192302539,0.7222617954,0.0831490658,0.006913767143,0.1156084096,26,768,0.07035212017,0.06148438622,0.05620426569
sentence-transformers/LaBSE,4,mean_abs,8,218,-0.5864766679,0.5864766679,0.05577041328,0.003110338998,0.09509400175,399,768,0.07035212017,0.06148438622,0.05620426569
sentence-transformers/LaBSE,4,mean_abs,9,533,0.5538226204,0.5538226204,0.2136846359,0.04566112364,0.3858358761,10,768,0.07035212017,0.06148438622,0.05620426569
sentence-transformers/LaBSE,4,mean_abs,10,122,-0.4483933321,0.5042003811,0.2830876136,0.08013859697,0.6313376968,6,768,0.07035212017,0.06148438622,0.05620426569
sentence-transformers/LaBSE,4,variance,1,489,0.6501411102,0.8314522818,0.7790855203,0.606974248,1.198332959,5,768,0.07035212017,0.06148438622,0.05620426569
sentence-transformers/LaBSE,4,variance,2,7,2.384813737,2.386572564,0.4370050888,0.1909734477,0.1832449562,1,768,0.07035212017,0.06148438622,0.05620426569
sentence-transformers/LaBSE,4,variance,3,139,-1.657199545,1.657394377,0.3779475871,0.1428443786,0.2280640181,3,768,0.07035212017,0.06148438622,0.05620426569
sentence-transformers/LaBSE,4,variance,4,622,-2.34228358,2.349586478,0.3370802471,0.113623093,0.1439109466,2,768,0.07035212017,0.06148438622,0.05620426569
sentence-transformers/LaBSE,4,variance,5,160,0.1719409076,0.3320545329,0.3194616623,0.1020557537,1.857973572,18,768,0.07035212017,0.06148438622,0.05620426569
sentence-transformers/LaBSE,4,variance,6,122,-0.4483933321,0.5042003811,0.2830876136,0.08013859697,0.6313376968,10,768,0.07035212017,0.06148438622,0.05620426569
sentence-transformers/LaBSE,4,variance,7,526,-1.073255431,1.07368216,0.2412197548,0.05818697011,0.2247552146,4,768,0.07035212017,0.06148438622,0.05620426569
sentence-transformers/LaBSE,4,variance,8,158,0.2832802321,0.3333521874,0.2291745353,0.05252096764,0.8090029214,17,768,0.07035212017,0.06148438622,0.05620426569
sentence-transformers/LaBSE,4,variance,9,80,-0.421779411,0.4312499564,0.2141480764,0.04585939863,0.5077252963,11,768,0.07035212017,0.06148438622,0.05620426569
sentence-transformers/LaBSE,4,variance,10,533,0.5538226204,0.5538226204,0.2136846359,0.04566112364,0.3858358761,9,768,0.07035212017,0.06148438622,0.05620426569
sentence-transformers/LaBSE,5,mean_abs,1,622,-3.18749489,3.192141711,0.3975577414,0.1580521577,0.1247241972,2,768,0.07085241359,0.06169604968,0.05711034399
sentence-transformers/LaBSE,5,mean_abs,2,7,1.676398098,1.676849324,0.2810146303,0.07896922246,0.1676300102,4,768,0.07085241359,0.06169604968,0.05711034399
sentence-transformers/LaBSE,5,mean_abs,3,653,1.078966165,1.078966165,0.006272505895,3.93443302e-05,0.005813440771,768,768,0.07085241359,0.06169604968,0.05711034399
sentence-transformers/LaBSE,5,mean_abs,4,587,-1.068597257,1.069752667,0.07167549817,0.005137377038,0.0670743797,91,768,0.07085241359,0.06169604968,0.05711034399
sentence-transformers/LaBSE,5,mean_abs,5,139,-0.9933888657,0.9934435184,0.3219325923,0.103640594,0.3240750963,3,768,0.07085241359,0.06169604968,0.05711034399
sentence-transformers/LaBSE,5,mean_abs,6,526,-0.7547892271,0.7549668183,0.1777762706,0.0316044024,0.2355310121,7,768,0.07085241359,0.06169604968,0.05711034399
sentence-transformers/LaBSE,5,mean_abs,7,218,-0.7038400756,0.704005216,0.04777887304,0.002282820709,0.06788313808,627,768,0.07085241359,0.06169604968,0.05711034399
sentence-transformers/LaBSE,5,mean_abs,8,489,0.4538049018,0.5929274371,0.5568321387,0.3100620307,1.227029802,1,768,0.07085241359,0.06169604968,0.05711034399
sentence-transformers/LaBSE,5,mean_abs,9,122,-0.4176015398,0.4492385195,0.2086716185,0.04354384437,0.4996907306,6,768,0.07085241359,0.06169604968,0.05711034399
sentence-transformers/LaBSE,5,mean_abs,10,501,0.4388136908,0.4392812521,0.06571639941,0.004318645151,0.1497592276,161,768,0.07085241359,0.06169604968,0.05711034399
sentence-transformers/LaBSE,5,variance,1,489,0.4538049018,0.5929274371,0.5568321387,0.3100620307,1.227029802,8,768,0.07085241359,0.06169604968,0.05711034399
sentence-transformers/LaBSE,5,variance,2,622,-3.18749489,3.192141711,0.3975577414,0.1580521577,0.1247241972,1,768,0.07085241359,0.06169604968,0.05711034399
sentence-transformers/LaBSE,5,variance,3,139,-0.9933888657,0.9934435184,0.3219325923,0.103640594,0.3240750963,5,768,0.07085241359,0.06169604968,0.05711034399
sentence-transformers/LaBSE,5,variance,4,7,1.676398098,1.676849324,0.2810146303,0.07896922246,0.1676300102,2,768,0.07085241359,0.06169604968,0.05711034399
sentence-transformers/LaBSE,5,variance,5,160,0.2848267831,0.3297177067,0.2098402289,0.04403292166,0.7367292731,12,768,0.07085241359,0.06169604968,0.05711034399
sentence-transformers/LaBSE,5,variance,6,122,-0.4176015398,0.4492385195,0.2086716185,0.04354384437,0.4996907306,9,768,0.07085241359,0.06169604968,0.05711034399
sentence-transformers/LaBSE,5,variance,7,526,-0.7547892271,0.7549668183,0.1777762706,0.0316044024,0.2355310121,6,768,0.07085241359,0.06169604968,0.05711034399
sentence-transformers/LaBSE,5,variance,8,158,0.2529477941,0.2836662751,0.173109759,0.02996698865,0.6843695141,20,768,0.07085241359,0.06169604968,0.05711034399
sentence-transformers/LaBSE,5,variance,9,80,-0.2856184338,0.2933226822,0.1538891484,0.02368186999,0.5387927744,19,768,0.07085241359,0.06169604968,0.05711034399
sentence-transformers/LaBSE,5,variance,10,533,0.3491243814,0.3491264887,0.1414165132,0.01999863021,0.4050605479,11,768,0.07085241359,0.06169604968,0.05711034399
sentence-transformers/LaBSE,6,mean_abs,1,7,2.727921407,2.730660675,0.278150037,0.07736744309,0.1019640948,3,768,0.06455324136,0.0527846243,0.05546553212
sentence-transformers/LaBSE,6,mean_abs,2,139,-1.390923904,1.391580288,0.2817798699,0.07939989509,0.202584677,2,768,0.06455324136,0.0527846243,0.05546553212
sentence-transformers/LaBSE,6,mean_abs,3,501,1.314815976,1.318022313,0.1189824173,0.01415681563,0.0904935896,13,768,0.06455324136,0.0527846243,0.05546553212
sentence-transformers/LaBSE,6,mean_abs,4,489,0.9219892571,0.9334308348,0.5796137304,0.3359520765,0.6286556225,1,768,0.06455324136,0.0527846243,0.05546553212
sentence-transformers/LaBSE,6,mean_abs,5,526,-0.919340314,0.9197832844,0.1659561508,0.027541444,0.1805165599,6,768,0.06455324136,0.0527846243,0.05546553212
sentence-transformers/LaBSE,6,mean_abs,6,218,-0.8389787316,0.8391147647,0.06943498258,0.004821216806,0.08276131441,103,768,0.06455324136,0.0527846243,0.05546553212
sentence-transformers/LaBSE,6,mean_abs,7,653,-0.4668346984,0.4679179626,0.131737395,0.01735474124,0.2821928092,9,768,0.06455324136,0.0527846243,0.05546553212
sentence-transformers/LaBSE,6,mean_abs,8,160,-0.4186318875,0.421139716,0.2335342692,0.05453825487,0.5578511243,4,768,0.06455324136,0.0527846243,0.05546553212
sentence-transformers/LaBSE,6,mean_abs,9,80,-0.3085175087,0.310378715,0.1293946462,0.01674297448,0.4194077892,10,768,0.06455324136,0.0527846243,0.05546553212
sentence-transformers/LaBSE,6,mean_abs,10,622,-0.3042112478,0.3052063352,0.1222840793,0.01495339605,0.4019709337,11,768,0.06455324136,0.0527846243,0.05546553212
sentence-transformers/LaBSE,6,variance,1,489,0.9219892571,0.9334308348,0.5796137304,0.3359520765,0.6286556225,4,768,0.06455324136,0.0527846243,0.05546553212
sentence-transformers/LaBSE,6,variance,2,139,-1.390923904,1.391580288,0.2817798699,0.07939989509,0.202584677,2,768,0.06455324136,0.0527846243,0.05546553212
sentence-transformers/LaBSE,6,variance,3,7,2.727921407,2.730660675,0.278150037,0.07736744309,0.1019640948,1,768,0.06455324136,0.0527846243,0.05546553212
sentence-transformers/LaBSE,6,variance,4,160,-0.4186318875,0.421139716,0.2335342692,0.05453825487,0.5578511243,8,768,0.06455324136,0.0527846243,0.05546553212
sentence-transformers/LaBSE,6,variance,5,122,-0.1414760045,0.2069589136,0.2104059358,0.04427065782,1.487219947,30,768,0.06455324136,0.0527846243,0.05546553212
sentence-transformers/LaBSE,6,variance,6,526,-0.919340314,0.9197832844,0.1659561508,0.027541444,0.1805165599,5,768,0.06455324136,0.0527846243,0.05546553212
sentence-transformers/LaBSE,6,variance,7,158,0.2419902552,0.2627425714,0.1489390179,0.02218283106,0.615475271,16,768,0.06455324136,0.0527846243,0.05546553212
sentence-transformers/LaBSE,6,variance,8,176,0.07573943742,0.1290042911,0.1340305475,0.01796418767,1.769626922,107,768,0.06455324136,0.0527846243,0.05546553212
sentence-transformers/LaBSE,6,variance,9,653,-0.4668346984,0.4679179626,0.131737395,0.01735474124,0.2821928092,7,768,0.06455324136,0.0527846243,0.05546553212
sentence-transformers/LaBSE,6,variance,10,80,-0.3085175087,0.310378715,0.1293946462,0.01674297448,0.4194077892,9,768,0.06455324136,0.0527846243,0.05546553212
sentence-transformers/LaBSE,7,mean_abs,1,622,-2.796803572,2.802789017,0.3039336232,0.09237564731,0.1086717803,4,768,0.07488102904,0.06090704387,0.05983120379
sentence-transformers/LaBSE,7,mean_abs,2,7,2.464102744,2.465364672,0.3546515238,0.1257777034,0.1439272468,3,768,0.07488102904,0.06090704387,0.05983120379
sentence-transformers/LaBSE,7,mean_abs,3,139,-1.213647089,1.213886253,0.4738897104,0.2245714576,0.3904674717,2,768,0.07488102904,0.06090704387,0.05983120379
sentence-transformers/LaBSE,7,mean_abs,4,218,-1.033710391,1.033710391,0.1411810188,0.01993208007,0.1365769563,12,768,0.07488102904,0.06090704387,0.05983120379
sentence-transformers/LaBSE,7,mean_abs,5,526,-0.9230481652,0.9232750619,0.2043066935,0.04174122501,0.221339147,7,768,0.07488102904,0.06090704387,0.05983120379
sentence-transformers/LaBSE,7,mean_abs,6,489,0.504166899,0.6926359454,0.6575827025,0.4324150107,1.304295668,1,768,0.07488102904,0.06090704387,0.05983120379
sentence-transformers/LaBSE,7,mean_abs,7,122,-0.5744763215,0.5973224018,0.2411104209,0.05813423505,0.4197047151,5,768,0.07488102904,0.06090704387,0.05983120379
sentence-transformers/LaBSE,7,mean_abs,8,501,0.4022122021,0.4068840454,0.09465593562,0.008959746149,0.2353382993,50,768,0.07488102904,0.06090704387,0.05983120379
sentence-transformers/LaBSE,7,mean_abs,9,160,0.3105023904,0.3564214981,0.2207583867,0.04873426529,0.7109716173,6,768,0.07488102904,0.06090704387,0.05983120379
sentence-transformers/LaBSE,7,mean_abs,10,158,0.2977314276,0.3288707307,0.1980126212,0.03920899814,0.6650712783,8,768,0.07488102904,0.06090704387,0.05983120379
sentence-transformers/LaBSE,7,variance,1,489,0.504166899,0.6926359454,0.6575827025,0.4324150107,1.304295668,6,768,0.07488102904,0.06090704387,0.05983120379
sentence-transformers/LaBSE,7,variance,2,139,-1.213647089,1.213886253,0.4738897104,0.2245714576,0.3904674717,3,768,0.07488102904,0.06090704387,0.05983120379
sentence-transformers/LaBSE,7,variance,3,7,2.464102744,2.465364672,0.3546515238,0.1257777034,0.1439272468,2,768,0.07488102904,0.06090704387,0.05983120379
sentence-transformers/LaBSE,7,variance,4,622,-2.796803572,2.802789017,0.3039336232,0.09237564731,0.1086717803,1,768,0.07488102904,0.06090704387,0.05983120379
sentence-transformers/LaBSE,7,variance,5,122,-0.5744763215,0.5973224018,0.2411104209,0.05813423505,0.4197047151,7,768,0.07488102904,0.06090704387,0.05983120379
sentence-transformers/LaBSE,7,variance,6,160,0.3105023904,0.3564214981,0.2207583867,0.04873426529,0.7109716173,9,768,0.07488102904,0.06090704387,0.05983120379
sentence-transformers/LaBSE,7,variance,7,526,-0.9230481652,0.9232750619,0.2043066935,0.04174122501,0.221339147,5,768,0.07488102904,0.06090704387,0.05983120379
sentence-transformers/LaBSE,7,variance,8,158,0.2977314276,0.3288707307,0.1980126212,0.03920899814,0.6650712783,10,768,0.07488102904,0.06090704387,0.05983120379
sentence-transformers/LaBSE,7,variance,9,208,-0.2847839348,0.2855294137,0.1700726977,0.02892472249,0.5971990582,17,768,0.07488102904,0.06090704387,0.05983120379
sentence-transformers/LaBSE,7,variance,10,533,0.2571333428,0.2588348785,0.1557783507,0.02426689453,0.6058271128,23,768,0.07488102904,0.06090704387,0.05983120379
sentence-transformers/LaBSE,8,mean_abs,1,501,3.148170929,3.151089313,0.3437206467,0.118143883,0.1091810624,3,768,0.07869601723,0.05820558266,0.06554745006
sentence-transformers/LaBSE,8,mean_abs,2,622,-3.050051596,3.051701435,0.4126211535,0.1702562163,0.1352833355,2,768,0.07869601723,0.05820558266,0.06554745006
sentence-transformers/LaBSE,8,mean_abs,3,7,2.119684231,2.119768428,0.3119326016,0.09730194795,0.1471599387,5,768,0.07869601723,0.05820558266,0.06554745006
sentence-transformers/LaBSE,8,mean_abs,4,218,-1.1978485,1.198883212,0.1527660675,0.02333747138,0.1275337135,21,768,0.07869601723,0.05820558266,0.06554745006
sentence-transformers/LaBSE,8,mean_abs,5,122,-0.9795104381,0.9795104381,0.276649991,0.07653521753,0.2824370014,6,768,0.07869601723,0.05820558266,0.06554745006
sentence-transformers/LaBSE,8,mean_abs,6,653,0.8630569975,0.8630569975,0.002483959901,6.170056789e-06,0.002878094851,768,768,0.07869601723,0.05820558266,0.06554745006
sentence-transformers/LaBSE,8,mean_abs,7,139,-0.8503767753,0.8503767753,0.3307945937,0.1094250632,0.3889976812,4,768,0.07869601723,0.05820558266,0.06554745006
sentence-transformers/LaBSE,8,mean_abs,8,526,-0.649381562,0.649381562,0.1689721445,0.02855158563,0.2602047154,12,768,0.07869601723,0.05820558266,0.06554745006
sentence-transformers/LaBSE,8,mean_abs,9,489,0.4637051079,0.6262374524,0.5888981394,0.3468010186,1.269984155,1,768,0.07869601723,0.05820558266,0.06554745006
sentence-transformers/LaBSE,8,mean_abs,10,300,-0.3633811085,0.3633821677,0.1221887642,0.01493009411,0.3362551365,44,768,0.07869601723,0.05820558266,0.06554745006
sentence-transformers/LaBSE,8,variance,1,489,0.4637051079,0.6262374524,0.5888981394,0.3468010186,1.269984155,9,768,0.07869601723,0.05820558266,0.06554745006
sentence-transformers/LaBSE,8,variance,2,622,-3.050051596,3.051701435,0.4126211535,0.1702562163,0.1352833355,2,768,0.07869601723,0.05820558266,0.06554745006
sentence-transformers/LaBSE,8,variance,3,501,3.148170929,3.151089313,0.3437206467,0.118143883,0.1091810624,1,768,0.07869601723,0.05820558266,0.06554745006
sentence-transformers/LaBSE,8,variance,4,139,-0.8503767753,0.8503767753,0.3307945937,0.1094250632,0.3889976812,7,768,0.07869601723,0.05820558266,0.06554745006
sentence-transformers/LaBSE,8,variance,5,7,2.119684231,2.119768428,0.3119326016,0.09730194795,0.1471599387,3,768,0.07869601723,0.05820558266,0.06554745006
sentence-transformers/LaBSE,8,variance,6,122,-0.9795104381,0.9795104381,0.276649991,0.07653521753,0.2824370014,5,768,0.07869601723,0.05820558266,0.06554745006
sentence-transformers/LaBSE,8,variance,7,160,0.2805518739,0.3452404533,0.2476724216,0.06134162843,0.8828043747,12,768,0.07869601723,0.05820558266,0.06554745006
sentence-transformers/LaBSE,8,variance,8,409,0.1026491707,0.1739522433,0.1869826732,0.03496252007,1.821570227,71,768,0.07869601723,0.05820558266,0.06554745006
sentence-transformers/LaBSE,8,variance,9,158,0.3322990136,0.3525352315,0.1849242006,0.03419695995,0.5564993966,11,768,0.07869601723,0.05820558266,0.06554745006
sentence-transformers/LaBSE,8,variance,10,554,-0.1625826961,0.1886055956,0.1823657064,0.03325725089,1.12167968,54,768,0.07869601723,0.05820558266,0.06554745006
sentence-transformers/LaBSE,9,mean_abs,1,475,3.397275842,3.401207322,0.4939285555,0.2439654179,0.1453895941,1,768,0.07313962822,0.05379254252,0.06724088205
sentence-transformers/LaBSE,9,mean_abs,2,218,-1.825625127,1.827731843,0.136214464,0.01855438021,0.07461250505,18,768,0.07313962822,0.05379254252,0.06724088205
sentence-transformers/LaBSE,9,mean_abs,3,7,1.776606633,1.777540527,0.234566742,0.05502155645,0.1320307702,4,768,0.07313962822,0.05379254252,0.06724088205
sentence-transformers/LaBSE,9,mean_abs,4,139,-0.9784876277,0.9785871758,0.2141325907,0.04585276642,0.2188403662,5,768,0.07313962822,0.05379254252,0.06724088205
sentence-transformers/LaBSE,9,mean_abs,5,122,-0.9248264031,0.9248264031,0.2346193519,0.05504624028,0.2536901532,3,768,0.07313962822,0.05379254252,0.06724088205
sentence-transformers/LaBSE,9,mean_abs,6,653,0.744484529,0.744484529,0.1663176908,0.02766157426,0.2233997945,7,768,0.07313962822,0.05379254252,0.06724088205
sentence-transformers/LaBSE,9,mean_abs,7,587,0.6258783883,0.6258783883,0.06354787679,0.004038332645,0.101533905,438,768,0.07313962822,0.05379254252,0.06724088205
sentence-transformers/LaBSE,9,mean_abs,8,526,-0.505418783,0.5055315427,0.1247081057,0.01555211163,0.2467421273,24,768,0.07313962822,0.05379254252,0.06724088205
sentence-transformers/LaBSE,9,mean_abs,9,489,0.2493714516,0.418452209,0.4277092067,0.1829351655,1.715149044,2,768,0.07313962822,0.05379254252,0.06724088205
sentence-transformers/LaBSE,9,mean_abs,10,300,-0.3917804033,0.3918710137,0.1375393249,0.01891706589,0.3510622883,17,768,0.07313962822,0.05379254252,0.06724088205
sentence-transformers/LaBSE,9,variance,1,475,3.397275842,3.401207322,0.4939285555,0.2439654179,0.1453895941,1,768,0.07313962822,0.05379254252,0.06724088205
sentence-transformers/LaBSE,9,variance,2,489,0.2493714516,0.418452209,0.4277092067,0.1829351655,1.715149044,9,768,0.07313962822,0.05379254252,0.06724088205
sentence-transformers/LaBSE,9,variance,3,122,-0.9248264031,0.9248264031,0.2346193519,0.05504624028,0.2536901532,5,768,0.07313962822,0.05379254252,0.06724088205
sentence-transformers/LaBSE,9,variance,4,7,1.776606633,1.777540527,0.234566742,0.05502155645,0.1320307702,3,768,0.07313962822,0.05379254252,0.06724088205
sentence-transformers/LaBSE,9,variance,5,139,-0.9784876277,0.9785871758,0.2141325907,0.04585276642,0.2188403662,4,768,0.07313962822,0.05379254252,0.06724088205
sentence-transformers/LaBSE,9,variance,6,160,0.256361565,0.2949596423,0.1879252671,0.035315906,0.7330477448,14,768,0.07313962822,0.05379254252,0.06724088205
sentence-transformers/LaBSE,9,variance,7,653,0.744484529,0.744484529,0.1663176908,0.02766157426,0.2233997945,6,768,0.07313962822,0.05379254252,0.06724088205
sentence-transformers/LaBSE,9,variance,8,622,-0.2304737426,0.2430293333,0.1544303562,0.02384873492,0.6700561829,26,768,0.07313962822,0.05379254252,0.06724088205
sentence-transformers/LaBSE,9,variance,9,158,0.272524735,0.2866875962,0.1530416228,0.02342173831,0.5615696601,16,768,0.07313962822,0.05379254252,0.06724088205
sentence-transformers/LaBSE,9,variance,10,311,0.1880835491,0.2099824412,0.1528989015,0.02337807409,0.8129307546,35,768,0.07313962822,0.05379254252,0.06724088205
sentence-transformers/LaBSE,10,mean_abs,1,587,2.62328705,2.62328705,0.2274134138,0.05171686076,0.08669025135,5,768,0.06926415945,0.04828048319,0.06391212499
sentence-transformers/LaBSE,10,mean_abs,2,7,2.045768305,2.04831517,0.2394445637,0.05733369908,0.1170438329,4,768,0.06926415945,0.04828048319,0.06391212499
sentence-transformers/LaBSE,10,mean_abs,3,622,-1.629297237,1.631144196,0.4310990367,0.1858463794,0.2645920136,2,768,0.06926415945,0.04828048319,0.06391212499
sentence-transformers/LaBSE,10,mean_abs,4,122,-0.950409724,0.950409724,0.1729380895,0.02990758282,0.1819616163,9,768,0.06926415945,0.04828048319,0.06391212499
sentence-transformers/LaBSE,10,mean_abs,5,139,-0.929785686,0.929785686,0.2264338426,0.05127228508,0.2435333712,6,768,0.06926415945,0.04828048319,0.06391212499
sentence-transformers/LaBSE,10,mean_abs,6,228,-0.7943047354,0.7944299266,0.06668026129,0.004446257246,0.08394795891,340,768,0.06926415945,0.04828048319,0.06391212499
sentence-transformers/LaBSE,10,mean_abs,7,218,-0.6589884143,0.6683769653,0.3554079244,0.1263147927,0.5393234793,3,768,0.06926415945,0.04828048319,0.06391212499
sentence-transformers/LaBSE,10,mean_abs,8,489,0.2514009493,0.4820894971,0.5054258154,0.2554552549,2.010437179,1,768,0.06926415945,0.04828048319,0.06391212499
sentence-transformers/LaBSE,10,mean_abs,9,583,0.4117007874,0.4117007874,0.019777921,0.0003911661592,0.04803955107,734,768,0.06926415945,0.04828048319,0.06391212499
sentence-transformers/LaBSE,10,mean_abs,10,526,-0.3992822625,0.3995924947,0.1369973042,0.01876826135,0.3431089158,11,768,0.06926415945,0.04828048319,0.06391212499
sentence-transformers/LaBSE,10,variance,1,489,0.2514009493,0.4820894971,0.5054258154,0.2554552549,2.010437179,8,768,0.06926415945,0.04828048319,0.06391212499
sentence-transformers/LaBSE,10,variance,2,622,-1.629297237,1.631144196,0.4310990367,0.1858463794,0.2645920136,3,768,0.06926415945,0.04828048319,0.06391212499
sentence-transformers/LaBSE,10,variance,3,218,-0.6589884143,0.6683769653,0.3554079244,0.1263147927,0.5393234793,7,768,0.06926415945,0.04828048319,0.06391212499
sentence-transformers/LaBSE,10,variance,4,7,2.045768305,2.04831517,0.2394445637,0.05733369908,0.1170438329,2,768,0.06926415945,0.04828048319,0.06391212499
sentence-transformers/LaBSE,10,variance,5,587,2.62328705,2.62328705,0.2274134138,0.05171686076,0.08669025135,1,768,0.06926415945,0.04828048319,0.06391212499
sentence-transformers/LaBSE,10,variance,6,139,-0.929785686,0.929785686,0.2264338426,0.05127228508,0.2435333712,5,768,0.06926415945,0.04828048319,0.06391212499
sentence-transformers/LaBSE,10,variance,7,160,0.2343715449,0.296701381,0.218076544,0.04755737905,0.9304736379,15,768,0.06926415945,0.04828048319,0.06391212499
sentence-transformers/LaBSE,10,variance,8,158,0.3827763052,0.3969336058,0.2110171694,0.04452824579,0.5512806476,11,768,0.06926415945,0.04828048319,0.06391212499
sentence-transformers/LaBSE,10,variance,9,122,-0.950409724,0.950409724,0.1729380895,0.02990758282,0.1819616163,4,768,0.06926415945,0.04828048319,0.06391212499
sentence-transformers/LaBSE,10,variance,10,411,-0.1480972204,0.1743446789,0.1397816489,0.01953890936,0.9438505904,45,768,0.06926415945,0.04828048319,0.06391212499
sentence-transformers/LaBSE,11,mean_abs,1,587,3.001139255,3.001139255,0.09746305697,0.009499047474,0.03247535309,9,768,0.05069920068,0.03181263309,0.05151939469
sentence-transformers/LaBSE,11,mean_abs,2,501,2.236838661,2.242985629,0.2745104327,0.07535597766,0.1227225001,1,768,0.05069920068,0.03181263309,0.05151939469
sentence-transformers/LaBSE,11,mean_abs,3,585,-1.966932194,1.966932194,0.2198883427,0.04835088326,0.1117925383,2,768,0.05069920068,0.03181263309,0.05151939469
sentence-transformers/LaBSE,11,mean_abs,4,653,1.516598054,1.516598054,0.01216357352,0.0001479525208,0.00802030142,768,768,0.05069920068,0.03181263309,0.05151939469
sentence-transformers/LaBSE,11,mean_abs,5,622,0.8266130557,0.8266130557,0.1838843611,0.03381345827,0.2224551861,3,768,0.05069920068,0.03181263309,0.05151939469
sentence-transformers/LaBSE,11,mean_abs,6,218,0.3383043413,0.3391638326,0.1523013602,0.02319570431,0.4501903807,5,768,0.05069920068,0.03181263309,0.05151939469
sentence-transformers/LaBSE,11,mean_abs,7,7,0.2931521269,0.2935293987,0.08221706534,0.006759645833,0.2804587032,20,768,0.05069920068,0.03181263309,0.05151939469
sentence-transformers/LaBSE,11,mean_abs,8,122,-0.2641936163,0.2643811526,0.0977733909,0.009559635967,0.3700823368,8,768,0.05069920068,0.03181263309,0.05151939469
sentence-transformers/LaBSE,11,mean_abs,9,158,0.1957971027,0.1993813989,0.1033628934,0.01068388774,0.5279081867,6,768,0.05069920068,0.03181263309,0.05151939469
sentence-transformers/LaBSE,11,mean_abs,10,503,0.1543540552,0.1567671339,0.08708048409,0.00758301071,0.56416065,14,768,0.05069920068,0.03181263309,0.05151939469
sentence-transformers/LaBSE,11,variance,1,501,2.236838661,2.242985629,0.2745104327,0.07535597766,0.1227225001,2,768,0.05069920068,0.03181263309,0.05151939469
sentence-transformers/LaBSE,11,variance,2,585,-1.966932194,1.966932194,0.2198883427,0.04835088326,0.1117925383,3,768,0.05069920068,0.03181263309,0.05151939469
sentence-transformers/LaBSE,11,variance,3,622,0.8266130557,0.8266130557,0.1838843611,0.03381345827,0.2224551861,5,768,0.05069920068,0.03181263309,0.05151939469
sentence-transformers/LaBSE,11,variance,4,489,0.007811708997,0.1520629169,0.1733802704,0.03006071816,22.19492181,12,768,0.05069920068,0.03181263309,0.05151939469
sentence-transformers/LaBSE,11,variance,5,218,0.3383043413,0.3391638326,0.1523013602,0.02319570431,0.4501903807,6,768,0.05069920068,0.03181263309,0.05151939469
sentence-transformers/LaBSE,11,variance,6,158,0.1957971027,0.1993813989,0.1033628934,0.01068388774,0.5279081867,9,768,0.05069920068,0.03181263309,0.05151939469
sentence-transformers/LaBSE,11,variance,7,514,-0.05431511784,0.08931683095,0.09954028164,0.00990826767,1.832644126,79,768,0.05069920068,0.03181263309,0.05151939469
sentence-transformers/LaBSE,11,variance,8,122,-0.2641936163,0.2643811526,0.0977733909,0.009559635967,0.3700823368,8,768,0.05069920068,0.03181263309,0.05151939469
sentence-transformers/LaBSE,11,variance,9,587,3.001139255,3.001139255,0.09746305697,0.009499047474,0.03247535309,1,768,0.05069920068,0.03181263309,0.05151939469
sentence-transformers/LaBSE,11,variance,10,251,0.07015387754,0.09663496124,0.09400319297,0.008836600288,1.339957195,57,768,0.05069920068,0.03181263309,0.05151939469
sentence-transformers/LaBSE,12,mean_abs,1,585,7.334080107,7.334080107,0.8496633566,0.7219278196,0.1158513875,5,768,0.4195638307,0.2980579324,0.4019945852
sentence-transformers/LaBSE,12,mean_abs,2,653,5.689915119,5.689915119,0.5886291856,0.3464843182,0.1034513122,15,768,0.4195638307,0.2980579324,0.4019945852
sentence-transformers/LaBSE,12,mean_abs,3,222,5.345591199,5.345591199,1.123554109,1.262373835,0.2101833206,1,768,0.4195638307,0.2980579324,0.4019945852
sentence-transformers/LaBSE,12,mean_abs,4,501,-4.404949568,4.404949568,1.007881726,1.015825573,0.2288066436,4,768,0.4195638307,0.2980579324,0.4019945852
sentence-transformers/LaBSE,12,mean_abs,5,622,3.832186565,3.832186565,0.3801927616,0.144546536,0.09921039991,482,768,0.4195638307,0.2980579324,0.4019945852
sentence-transformers/LaBSE,12,mean_abs,6,587,2.878752859,2.878752859,0.2860974072,0.08185172639,0.09938241357,724,768,0.4195638307,0.2980579324,0.4019945852
sentence-transformers/LaBSE,12,mean_abs,7,727,2.699692778,2.699692778,0.3775435011,0.1425390952,0.1398468389,496,768,0.4195638307,0.2980579324,0.4019945852
sentence-transformers/LaBSE,12,mean_abs,8,75,1.749318773,1.749318773,0.5178033597,0.2681203193,0.29600286,43,768,0.4195638307,0.2980579324,0.4019945852
sentence-transformers/LaBSE,12,mean_abs,9,34,1.647282429,1.705125867,1.018242728,1.036818253,0.6181348806,3,768,0.4195638307,0.2980579324,0.4019945852
sentence-transformers/LaBSE,12,mean_abs,10,143,1.699575287,1.699575287,0.3635755083,0.1321871502,0.2139213903,563,768,0.4195638307,0.2980579324,0.4019945852
sentence-transformers/LaBSE,12,variance,1,222,5.345591199,5.345591199,1.123554109,1.262373835,0.2101833206,3,768,0.4195638307,0.2980579324,0.4019945852
sentence-transformers/LaBSE,12,variance,2,565,-0.6762099071,1.029784321,1.063204792,1.13040443,1.572299933,37,768,0.4195638307,0.2980579324,0.4019945852
sentence-transformers/LaBSE,12,variance,3,34,1.647282429,1.705125867,1.018242728,1.036818253,0.6181348806,9,768,0.4195638307,0.2980579324,0.4019945852
sentence-transformers/LaBSE,12,variance,4,501,-4.404949568,4.404949568,1.007881726,1.015825573,0.2288066436,4,768,0.4195638307,0.2980579324,0.4019945852
sentence-transformers/LaBSE,12,variance,5,585,7.334080107,7.334080107,0.8496633566,0.7219278196,0.1158513875,1,768,0.4195638307,0.2980579324,0.4019945852
sentence-transformers/LaBSE,12,variance,6,438,1.060428953,1.139535215,0.7889447719,0.6224338532,0.7439864495,23,768,0.4195638307,0.2980579324,0.4019945852
sentence-transformers/LaBSE,12,variance,7,503,1.200511061,1.206652042,0.6371176561,0.4059189077,0.5307053609,21,768,0.4195638307,0.2980579324,0.4019945852
sentence-transformers/LaBSE,12,variance,8,521,1.608494919,1.609515325,0.634213873,0.4022272367,0.3942902558,12,768,0.4195638307,0.2980579324,0.4019945852
sentence-transformers/LaBSE,12,variance,9,591,-0.7222452398,0.7934468482,0.6331021917,0.4008183851,0.8765750977,88,768,0.4195638307,0.2980579324,0.4019945852
sentence-transformers/LaBSE,12,variance,10,441,-0.3156805973,0.5618982201,0.6209326666,0.3855573765,1.966964938,213,768,0.4195638307,0.2980579324,0.4019945852
Qwen/Qwen3-Embedding-0.6B,1,mean_abs,1,35,2.639051668,2.639051668,0.1241435476,0.01541162042,0.04704096897,1,1024,0.03094384098,0.02635018412,0.02618922164
Qwen/Qwen3-Embedding-0.6B,1,mean_abs,2,277,1.592112013,1.592112013,0.06093626791,0.003713228747,0.03827385724,78,1024,0.03094384098,0.02635018412,0.02618922164
Qwen/Qwen3-Embedding-0.6B,1,mean_abs,3,0,-0.887693313,0.8885172047,0.1045196404,0.01092435522,0.1177429624,2,1024,0.03094384098,0.02635018412,0.02618922164
Qwen/Qwen3-Embedding-0.6B,1,mean_abs,4,16,-0.7568131454,0.7568131454,0.07404835527,0.005483158918,0.09784232174,31,1024,0.03094384098,0.02635018412,0.02618922164
Qwen/Qwen3-Embedding-0.6B,1,mean_abs,5,23,-0.6451245135,0.6451245135,0.04704451316,0.002213186218,0.07292315232,99,1024,0.03094384098,0.02635018412,0.02618922164
Qwen/Qwen3-Embedding-0.6B,1,mean_abs,6,3,-0.599253731,0.599253731,0.04132053775,0.00170738684,0.0689533258,111,1024,0.03094384098,0.02635018412,0.02618922164
Qwen/Qwen3-Embedding-0.6B,1,mean_abs,7,96,0.5126928828,0.5126928828,0.09918100312,0.00983687138,0.1934511019,3,1024,0.03094384098,0.02635018412,0.02618922164
Qwen/Qwen3-Embedding-0.6B,1,mean_abs,8,7,-0.5092417436,0.5092417436,0.05813569374,0.003379758887,0.1141612888,88,1024,0.03094384098,0.02635018412,0.02618922164
Qwen/Qwen3-Embedding-0.6B,1,mean_abs,9,27,-0.502923547,0.502923547,0.05757060412,0.003314374458,0.1144718804,89,1024,0.03094384098,0.02635018412,0.02618922164
Qwen/Qwen3-Embedding-0.6B,1,mean_abs,10,12,0.4310879107,0.4313379743,0.06278904858,0.003942464622,0.1456525387,73,1024,0.03094384098,0.02635018412,0.02618922164
Qwen/Qwen3-Embedding-0.6B,1,variance,1,35,2.639051668,2.639051668,0.1241435476,0.01541162042,0.04704096897,1,1024,0.03094384098,0.02635018412,0.02618922164
Qwen/Qwen3-Embedding-0.6B,1,variance,2,0,-0.887693313,0.8885172047,0.1045196404,0.01092435522,0.1177429624,3,1024,0.03094384098,0.02635018412,0.02618922164
Qwen/Qwen3-Embedding-0.6B,1,variance,3,96,0.5126928828,0.5126928828,0.09918100312,0.00983687138,0.1934511019,7,1024,0.03094384098,0.02635018412,0.02618922164
Qwen/Qwen3-Embedding-0.6B,1,variance,4,244,0.1680469435,0.1782889943,0.09691737476,0.00939297753,0.5767279829,36,1024,0.03094384098,0.02635018412,0.02618922164
Qwen/Qwen3-Embedding-0.6B,1,variance,5,167,-0.03979653585,0.0718820197,0.09256672868,0.008568599259,2.325999656,128,1024,0.03094384098,0.02635018412,0.02618922164
Qwen/Qwen3-Embedding-0.6B,1,variance,6,143,-0.199724992,0.2015992975,0.08852032934,0.007835848707,0.4432110796,29,1024,0.03094384098,0.02635018412,0.02618922164
Qwen/Qwen3-Embedding-0.6B,1,variance,7,160,0.1318065124,0.1423640684,0.08560797164,0.007328724809,0.6494972827,41,1024,0.03094384098,0.02635018412,0.02618922164
Qwen/Qwen3-Embedding-0.6B,1,variance,8,305,0.02437259632,0.07065395552,0.08514352591,0.007249420005,3.493412224,131,1024,0.03094384098,0.02635018412,0.02618922164
Qwen/Qwen3-Embedding-0.6B,1,variance,9,129,-0.1724604558,0.175844918,0.08471188928,0.007176104186,0.4911960187,38,1024,0.03094384098,0.02635018412,0.02618922164
Qwen/Qwen3-Embedding-0.6B,1,variance,10,171,0.1098070727,0.11530061,0.08469346236,0.007172982567,0.7712933261,64,1024,0.03094384098,0.02635018412,0.02618922164
Qwen/Qwen3-Embedding-0.6B,2,mean_abs,1,35,5.000144388,5.000144388,0.1803677196,0.03253251428,0.03607250224,1,1024,0.05815267044,0.05245644698,0.03787175315
Qwen/Qwen3-Embedding-0.6B,2,mean_abs,2,277,2.23461192,2.23461192,0.07753513872,0.006011697737,0.034697362,88,1024,0.05815267044,0.05245644698,0.03787175315
Qwen/Qwen3-Embedding-0.6B,2,mean_abs,3,0,-1.353052376,1.354017022,0.1707146395,0.02914348815,0.1261700157,2,1024,0.05815267044,0.05245644698,0.03787175315
Qwen/Qwen3-Embedding-0.6B,2,mean_abs,4,16,-1.152498623,1.152498623,0.09105145543,0.008290367536,0.07900352645,60,1024,0.05815267044,0.05245644698,0.03787175315
Qwen/Qwen3-Embedding-0.6B,2,mean_abs,5,23,-1.134465506,1.134465506,0.07167978055,0.00513799094,0.06318374614,96,1024,0.05815267044,0.05245644698,0.03787175315
Qwen/Qwen3-Embedding-0.6B,2,mean_abs,6,3,-1.029914476,1.029914476,0.09428494398,0.008889650661,0.09154638191,51,1024,0.05815267044,0.05245644698,0.03787175315
Qwen/Qwen3-Embedding-0.6B,2,mean_abs,7,13,-0.7971418921,0.7971418921,0.04093894173,0.00167599695,0.05135715754,354,1024,0.05815267044,0.05245644698,0.03787175315
Qwen/Qwen3-Embedding-0.6B,2,mean_abs,8,496,0.7784029791,0.7784029791,0.08303891283,0.006895461045,0.106678565,74,1024,0.05815267044,0.05245644698,0.03787175315
Qwen/Qwen3-Embedding-0.6B,2,mean_abs,9,12,0.6982373008,0.6982373008,0.1036062446,0.01073425392,0.1483825692,31,1024,0.05815267044,0.05245644698,0.03787175315
Qwen/Qwen3-Embedding-0.6B,2,mean_abs,10,30,0.6523588333,0.654837859,0.0827827547,0.006852984475,0.1268975761,75,1024,0.05815267044,0.05245644698,0.03787175315
Qwen/Qwen3-Embedding-0.6B,2,variance,1,35,5.000144388,5.000144388,0.1803677196,0.03253251428,0.03607250224,1,1024,0.05815267044,0.05245644698,0.03787175315
Qwen/Qwen3-Embedding-0.6B,2,variance,2,0,-1.353052376,1.354017022,0.1707146395,0.02914348815,0.1261700157,3,1024,0.05815267044,0.05245644698,0.03787175315
Qwen/Qwen3-Embedding-0.6B,2,variance,3,244,0.2194263641,0.2344184232,0.1356686629,0.01840598609,0.6182878865,47,1024,0.05815267044,0.05245644698,0.03787175315
Qwen/Qwen3-Embedding-0.6B,2,variance,4,167,-0.07945781519,0.1136465601,0.1282251846,0.01644169797,1.613751703,189,1024,0.05815267044,0.05245644698,0.03787175315
Qwen/Qwen3-Embedding-0.6B,2,variance,5,96,0.4357619919,0.4357619919,0.127572165,0.01627465729,0.2927565217,13,1024,0.05815267044,0.05245644698,0.03787175315
Qwen/Qwen3-Embedding-0.6B,2,variance,6,143,-0.323895846,0.3249799363,0.1271239856,0.01616050771,0.3924841494,24,1024,0.05815267044,0.05245644698,0.03787175315
Qwen/Qwen3-Embedding-0.6B,2,variance,7,119,0.2386646236,0.2431800788,0.1259097686,0.01585326984,0.5275594126,44,1024,0.05815267044,0.05245644698,0.03787175315
Qwen/Qwen3-Embedding-0.6B,2,variance,8,129,-0.2952735239,0.2976578246,0.1224048545,0.01498294841,0.4145473421,28,1024,0.05815267044,0.05245644698,0.03787175315
Qwen/Qwen3-Embedding-0.6B,2,variance,9,171,0.1458599512,0.1581980887,0.1214959522,0.0147612664,0.8329630663,101,1024,0.05815267044,0.05245644698,0.03787175315
Qwen/Qwen3-Embedding-0.6B,2,variance,10,139,0.4136729579,0.4148266471,0.1202066827,0.01444964658,0.2905838548,18,1024,0.05815267044,0.05245644698,0.03787175315
Qwen/Qwen3-Embedding-0.6B,3,mean_abs,1,35,4.714296974,4.714296974,0.3253656632,0.1058628148,0.06901679402,1,1024,0.07146383864,0.06259643147,0.04900965347
Qwen/Qwen3-Embedding-0.6B,3,mean_abs,2,277,1.940506214,1.940506214,0.1252913664,0.0156979265,0.06456633096,42,1024,0.07146383864,0.06259643147,0.04900965347
Qwen/Qwen3-Embedding-0.6B,3,mean_abs,3,0,-1.739285883,1.741516823,0.2144740901,0.04599913533,0.1233115799,2,1024,0.07146383864,0.06259643147,0.04900965347
Qwen/Qwen3-Embedding-0.6B,3,mean_abs,4,16,-1.499428518,1.499428518,0.11968161,0.01432368777,0.07981814975,53,1024,0.07146383864,0.06259643147,0.04900965347
Qwen/Qwen3-Embedding-0.6B,3,mean_abs,5,23,-1.471714179,1.471714179,0.1416719048,0.0200709286,0.09626319213,21,1024,0.07146383864,0.06259643147,0.04900965347
Qwen/Qwen3-Embedding-0.6B,3,mean_abs,6,496,0.9693929957,0.9693929957,0.1022403382,0.01045308675,0.1054684103,82,1024,0.07146383864,0.06259643147,0.04900965347
Qwen/Qwen3-Embedding-0.6B,3,mean_abs,7,13,-0.959408961,0.959408961,0.1002475953,0.01004958036,0.1044889087,84,1024,0.07146383864,0.06259643147,0.04900965347
Qwen/Qwen3-Embedding-0.6B,3,mean_abs,8,3,-0.934112768,0.934112768,0.1000476499,0.01000953226,0.1071044668,85,1024,0.07146383864,0.06259643147,0.04900965347
Qwen/Qwen3-Embedding-0.6B,3,mean_abs,9,30,0.9043538933,0.905813643,0.1175799567,0.01382504621,0.130015426,56,1024,0.07146383864,0.06259643147,0.04900965347
Qwen/Qwen3-Embedding-0.6B,3,mean_abs,10,12,0.7408021887,0.7417275455,0.1465443988,0.02147526081,0.1978185283,13,1024,0.07146383864,0.06259643147,0.04900965347
Qwen/Qwen3-Embedding-0.6B,3,variance,1,35,4.714296974,4.714296974,0.3253656632,0.1058628148,0.06901679402,1,1024,0.07146383864,0.06259643147,0.04900965347
Qwen/Qwen3-Embedding-0.6B,3,variance,2,0,-1.739285883,1.741516823,0.2144740901,0.04599913533,0.1233115799,3,1024,0.07146383864,0.06259643147,0.04900965347
Qwen/Qwen3-Embedding-0.6B,3,variance,3,10,0.2232235408,0.2491886621,0.1900482177,0.03611832504,0.8513807144,51,1024,0.07146383864,0.06259643147,0.04900965347
Qwen/Qwen3-Embedding-0.6B,3,variance,4,119,0.2115132459,0.2255805671,0.1539415287,0.02369799427,0.7278103464,68,1024,0.07146383864,0.06259643147,0.04900965347
Qwen/Qwen3-Embedding-0.6B,3,variance,5,138,0.2189850495,0.2359499017,0.15384675,0.02366882248,0.7025445359,62,1024,0.07146383864,0.06259643147,0.04900965347
Qwen/Qwen3-Embedding-0.6B,3,variance,6,244,0.2339539551,0.2497593457,0.1522777332,0.02318850804,0.650887621,50,1024,0.07146383864,0.06259643147,0.04900965347
Qwen/Qwen3-Embedding-0.6B,3,variance,7,167,-0.09008192703,0.1345471215,0.1507622417,0.02272925352,1.673612529,203,1024,0.07146383864,0.06259643147,0.04900965347
Qwen/Qwen3-Embedding-0.6B,3,variance,8,143,-0.3612489675,0.3632846943,0.1500182469,0.0225054744,0.4152766108,27,1024,0.07146383864,0.06259643147,0.04900965347
Qwen/Qwen3-Embedding-0.6B,3,variance,9,171,0.01589917943,0.1141515731,0.1492946158,0.02228888232,9.390083083,270,1024,0.07146383864,0.06259643147,0.04900965347
Qwen/Qwen3-Embedding-0.6B,3,variance,10,96,0.3198959736,0.3212022428,0.1490682184,0.02222133374,0.4659896676,36,1024,0.07146383864,0.06259643147,0.04900965347
Qwen/Qwen3-Embedding-0.6B,4,mean_abs,1,35,4.999954061,4.999954061,0.319780777,0.1022597453,0.06395674302,1,1024,0.09840424988,0.08841986048,0.06085565518
Qwen/Qwen3-Embedding-0.6B,4,mean_abs,2,277,2.303448234,2.303448234,0.1497325374,0.02241983274,0.06500364764,33,1024,0.09840424988,0.08841986048,0.06085565518
Qwen/Qwen3-Embedding-0.6B,4,mean_abs,3,0,-2.13541558,2.138534875,0.2690409479,0.07238303162,0.1259899714,2,1024,0.09840424988,0.08841986048,0.06085565518
Qwen/Qwen3-Embedding-0.6B,4,mean_abs,4,23,-2.111334367,2.111334367,0.1881201707,0.03538919863,0.08910013195,4,1024,0.09840424988,0.08841986048,0.06085565518
Qwen/Qwen3-Embedding-0.6B,4,mean_abs,5,16,-1.940633497,1.940633497,0.1255818577,0.01577080299,0.06471178504,65,1024,0.09840424988,0.08841986048,0.06085565518
Qwen/Qwen3-Embedding-0.6B,4,mean_abs,6,496,1.315412707,1.315412707,0.1147163197,0.013159834,0.08720937476,86,1024,0.09840424988,0.08841986048,0.06085565518
Qwen/Qwen3-Embedding-0.6B,4,mean_abs,7,24,1.313798984,1.313798984,0.08771094537,0.007693209937,0.06676131316,140,1024,0.09840424988,0.08841986048,0.06085565518
Qwen/Qwen3-Embedding-0.6B,4,mean_abs,8,13,-1.111259652,1.111259652,0.09048066665,0.008186751038,0.08142171501,134,1024,0.09840424988,0.08841986048,0.06085565518
Qwen/Qwen3-Embedding-0.6B,4,mean_abs,9,30,1.093139219,1.093884179,0.1676245173,0.02809797879,0.1533423322,9,1024,0.09840424988,0.08841986048,0.06085565518
Qwen/Qwen3-Embedding-0.6B,4,mean_abs,10,3,-0.9613586743,0.9613586743,0.1405237004,0.01974691039,0.1461719795,44,1024,0.09840424988,0.08841986048,0.06085565518
Qwen/Qwen3-Embedding-0.6B,4,variance,1,35,4.999954061,4.999954061,0.319780777,0.1022597453,0.06395674302,1,1024,0.09840424988,0.08841986048,0.06085565518
Qwen/Qwen3-Embedding-0.6B,4,variance,2,0,-2.13541558,2.138534875,0.2690409479,0.07238303162,0.1259899714,3,1024,0.09840424988,0.08841986048,0.06085565518
Qwen/Qwen3-Embedding-0.6B,4,variance,3,10,0.315274189,0.3345694352,0.2196345628,0.04823934117,0.6966461908,48,1024,0.09840424988,0.08841986048,0.06085565518
Qwen/Qwen3-Embedding-0.6B,4,variance,4,23,-2.111334367,2.111334367,0.1881201707,0.03538919863,0.08910013195,4,1024,0.09840424988,0.08841986048,0.06085565518
Qwen/Qwen3-Embedding-0.6B,4,variance,5,25,0.1908134478,0.2076065658,0.1750707638,0.03064977234,0.917496989,136,1024,0.09840424988,0.08841986048,0.06085565518
Qwen/Qwen3-Embedding-0.6B,4,variance,6,138,0.2574512505,0.2748886199,0.1739680378,0.03026487819,0.675731959,76,1024,0.09840424988,0.08841986048,0.06085565518
Qwen/Qwen3-Embedding-0.6B,4,variance,7,119,0.2856659265,0.2963352393,0.1727492524,0.0298423042,0.6047247375,64,1024,0.09840424988,0.08841986048,0.06085565518
Qwen/Qwen3-Embedding-0.6B,4,variance,8,129,-0.4221441802,0.4245876238,0.1705855361,0.02909942512,0.4040930661,27,1024,0.09840424988,0.08841986048,0.06085565518
Qwen/Qwen3-Embedding-0.6B,4,variance,9,30,1.093139219,1.093884179,0.1676245173,0.02809797879,0.1533423322,9,1024,0.09840424988,0.08841986048,0.06085565518
Qwen/Qwen3-Embedding-0.6B,4,variance,10,167,-0.02523356575,0.1235606621,0.1646340125,0.02710435809,6.524405395,370,1024,0.09840424988,0.08841986048,0.06085565518
Qwen/Qwen3-Embedding-0.6B,5,mean_abs,1,35,6.054193567,6.054193567,0.3418273031,0.1168459051,0.05646124448,1,1024,0.1068721657,0.09745585906,0.06723819232
Qwen/Qwen3-Embedding-0.6B,5,mean_abs,2,23,-2.980510933,2.980510933,0.2176838856,0.04738627406,0.0730357615,7,1024,0.1068721657,0.09745585906,0.06723819232
Qwen/Qwen3-Embedding-0.6B,5,mean_abs,3,0,-2.663547352,2.666222538,0.3392008501,0.1150572167,0.1273492847,2,1024,0.1068721657,0.09745585906,0.06723819232
Qwen/Qwen3-Embedding-0.6B,5,mean_abs,4,277,2.657657034,2.657657034,0.1722842331,0.02968185696,0.06482560799,30,1024,0.1068721657,0.09745585906,0.06723819232
Qwen/Qwen3-Embedding-0.6B,5,mean_abs,5,16,-2.393001486,2.393001486,0.138598444,0.01920952867,0.05791824399,74,1024,0.1068721657,0.09745585906,0.06723819232
Qwen/Qwen3-Embedding-0.6B,5,mean_abs,6,30,1.815061003,1.815061003,0.2228409935,0.04965810837,0.1227732804,6,1024,0.1068721657,0.09745585906,0.06723819232
Qwen/Qwen3-Embedding-0.6B,5,mean_abs,7,24,1.661058647,1.661058647,0.1271956361,0.01617872985,0.07657504228,97,1024,0.1068721657,0.09745585906,0.06723819232
Qwen/Qwen3-Embedding-0.6B,5,mean_abs,8,13,-1.659721777,1.659721777,0.1371506183,0.0188102921,0.08263470434,76,1024,0.1068721657,0.09745585906,0.06723819232
Qwen/Qwen3-Embedding-0.6B,5,mean_abs,9,3,-1.443155696,1.443155696,0.1563969876,0.02446001773,0.1083715278,54,1024,0.1068721657,0.09745585906,0.06723819232
Qwen/Qwen3-Embedding-0.6B,5,mean_abs,10,496,1.358696014,1.358696014,0.1253324147,0.01570821418,0.09224463267,106,1024,0.1068721657,0.09745585906,0.06723819232
Qwen/Qwen3-Embedding-0.6B,5,variance,1,35,6.054193567,6.054193567,0.3418273031,0.1168459051,0.05646124448,1,1024,0.1068721657,0.09745585906,0.06723819232
Qwen/Qwen3-Embedding-0.6B,5,variance,2,0,-2.663547352,2.666222538,0.3392008501,0.1150572167,0.1273492847,3,1024,0.1068721657,0.09745585906,0.06723819232
Qwen/Qwen3-Embedding-0.6B,5,variance,3,10,0.1882292095,0.276793695,0.2753323559,0.07580790619,1.462750423,112,1024,0.1068721657,0.09745585906,0.06723819232
Qwen/Qwen3-Embedding-0.6B,5,variance,4,25,-0.1939849823,0.2655937722,0.2517911908,0.06339880377,1.297993215,122,1024,0.1068721657,0.09745585906,0.06723819232
Qwen/Qwen3-Embedding-0.6B,5,variance,5,22,-0.1916332705,0.2438548404,0.2247442151,0.05050996221,1.17278286,145,1024,0.1068721657,0.09745585906,0.06723819232
Qwen/Qwen3-Embedding-0.6B,5,variance,6,30,1.815061003,1.815061003,0.2228409935,0.04965810837,0.1227732804,6,1024,0.1068721657,0.09745585906,0.06723819232
Qwen/Qwen3-Embedding-0.6B,5,variance,7,23,-2.980510933,2.980510933,0.2176838856,0.04738627406,0.0730357615,2,1024,0.1068721657,0.09745585906,0.06723819232
Qwen/Qwen3-Embedding-0.6B,5,variance,8,12,0.844669636,0.8461297075,0.2118263619,0.04487040759,0.2507801309,18,1024,0.1068721657,0.09745585906,0.06723819232
Qwen/Qwen3-Embedding-0.6B,5,variance,9,7,-1.105839346,1.105839346,0.2017803203,0.04071529767,0.182468024,13,1024,0.1068721657,0.09745585906,0.06723819232
Qwen/Qwen3-Embedding-0.6B,5,variance,10,15,0.4528368326,0.4547870216,0.1999943337,0.03999773351,0.4416476737,41,1024,0.1068721657,0.09745585906,0.06723819232
Qwen/Qwen3-Embedding-0.6B,6,mean_abs,1,35,7.288899153,7.288899153,0.4287129536,0.1837947966,0.05881724313,2,1024,0.1282982333,0.1141098575,0.07873384997
Qwen/Qwen3-Embedding-0.6B,6,mean_abs,2,23,-4.168724309,4.168724309,0.3313419758,0.1097875049,0.07948282285,5,1024,0.1282982333,0.1141098575,0.07873384997
Qwen/Qwen3-Embedding-0.6B,6,mean_abs,3,0,-3.280670251,3.285138736,0.4506106204,0.2030499312,0.1373532193,1,1024,0.1282982333,0.1141098575,0.07873384997
Qwen/Qwen3-Embedding-0.6B,6,mean_abs,4,16,-2.961643393,2.961643393,0.1826462889,0.03335966684,0.06167058779,93,1024,0.1282982333,0.1141098575,0.07873384997
Qwen/Qwen3-Embedding-0.6B,6,mean_abs,5,277,2.845529844,2.845529844,0.2437819433,0.05942963589,0.08567189827,32,1024,0.1282982333,0.1141098575,0.07873384997
Qwen/Qwen3-Embedding-0.6B,6,mean_abs,6,30,2.395465741,2.395465741,0.3388897282,0.1148462479,0.1414713316,4,1024,0.1282982333,0.1141098575,0.07873384997
Qwen/Qwen3-Embedding-0.6B,6,mean_abs,7,13,-1.997027744,1.997027744,0.1512601637,0.02287963714,0.07574264514,130,1024,0.1282982333,0.1141098575,0.07873384997
Qwen/Qwen3-Embedding-0.6B,6,mean_abs,8,24,1.994161504,1.994161504,0.1726706721,0.02981516101,0.08658810821,104,1024,0.1282982333,0.1141098575,0.07873384997
Qwen/Qwen3-Embedding-0.6B,6,mean_abs,9,3,-1.670718606,1.670718606,0.1908221445,0.03641309082,0.1142156098,84,1024,0.1282982333,0.1141098575,0.07873384997
Qwen/Qwen3-Embedding-0.6B,6,mean_abs,10,1,1.535187523,1.535187523,0.209796495,0.0440145693,0.1366585462,61,1024,0.1282982333,0.1141098575,0.07873384997
Qwen/Qwen3-Embedding-0.6B,6,variance,1,0,-3.280670251,3.285138736,0.4506106204,0.2030499312,0.1373532193,3,1024,0.1282982333,0.1141098575,0.07873384997
Qwen/Qwen3-Embedding-0.6B,6,variance,2,35,7.288899153,7.288899153,0.4287129536,0.1837947966,0.05881724313,1,1024,0.1282982333,0.1141098575,0.07873384997
Qwen/Qwen3-Embedding-0.6B,6,variance,3,10,0.2375616304,0.3759576069,0.3885970671,0.1510076805,1.635773699,91,1024,0.1282982333,0.1141098575,0.07873384997
Qwen/Qwen3-Embedding-0.6B,6,variance,4,30,2.395465741,2.395465741,0.3388897282,0.1148462479,0.1414713316,6,1024,0.1282982333,0.1141098575,0.07873384997
Qwen/Qwen3-Embedding-0.6B,6,variance,5,23,-4.168724309,4.168724309,0.3313419758,0.1097875049,0.07948282285,2,1024,0.1282982333,0.1141098575,0.07873384997
Qwen/Qwen3-Embedding-0.6B,6,variance,6,25,-0.01392815533,0.2403075404,0.3046588352,0.09281700585,21.87359545,196,1024,0.1282982333,0.1141098575,0.07873384997
Qwen/Qwen3-Embedding-0.6B,6,variance,7,138,0.2838654,0.3439478761,0.2841002296,0.08071294047,1.000827257,104,1024,0.1282982333,0.1141098575,0.07873384997
Qwen/Qwen3-Embedding-0.6B,6,variance,8,15,0.5660753815,0.5728710391,0.2830062538,0.08009253966,0.499944465,42,1024,0.1282982333,0.1141098575,0.07873384997
Qwen/Qwen3-Embedding-0.6B,6,variance,9,12,0.7475739418,0.7508346606,0.2789418651,0.07780856409,0.3731294652,27,1024,0.1282982333,0.1141098575,0.07873384997
Qwen/Qwen3-Embedding-0.6B,6,variance,10,22,-0.1572358864,0.2514008153,0.2745270243,0.07536508706,1.74595654,181,1024,0.1282982333,0.1141098575,0.07873384997
Qwen/Qwen3-Embedding-0.6B,7,mean_abs,1,35,8.825450642,8.825450642,0.4390346611,0.1927514337,0.04974642984,3,1024,0.1244421439,0.1063282376,0.08378776708
Qwen/Qwen3-Embedding-0.6B,7,mean_abs,2,23,-5.136578613,5.136578613,0.3701566943,0.1370159783,0.07206288897,5,1024,0.1244421439,0.1063282376,0.08378776708
Qwen/Qwen3-Embedding-0.6B,7,mean_abs,3,0,-3.43578823,3.441402132,0.5151209959,0.2653496404,0.1499280402,1,1024,0.1244421439,0.1063282376,0.08378776708
Qwen/Qwen3-Embedding-0.6B,7,mean_abs,4,16,-3.352838006,3.352838006,0.2261661939,0.05115114728,0.06745515099,65,1024,0.1244421439,0.1063282376,0.08378776708
Qwen/Qwen3-Embedding-0.6B,7,mean_abs,5,30,3.026822845,3.026822845,0.4082180767,0.1666419981,0.1348668546,4,1024,0.1244421439,0.1063282376,0.08378776708
Qwen/Qwen3-Embedding-0.6B,7,mean_abs,6,277,3.00556563,3.00556563,0.2923459436,0.08546615075,0.09726819494,12,1024,0.1244421439,0.1063282376,0.08378776708
Qwen/Qwen3-Embedding-0.6B,7,mean_abs,7,13,-2.307055468,2.307055468,0.1730724026,0.02995405655,0.0750187436,127,1024,0.1244421439,0.1063282376,0.08378776708
Qwen/Qwen3-Embedding-0.6B,7,mean_abs,8,3,-1.989432545,1.989432545,0.2205281823,0.04863267918,0.1108497912,68,1024,0.1244421439,0.1063282376,0.08378776708
Qwen/Qwen3-Embedding-0.6B,7,mean_abs,9,24,1.890147055,1.890147055,0.1933905153,0.03739989139,0.1023150631,100,1024,0.1244421439,0.1063282376,0.08378776708
Qwen/Qwen3-Embedding-0.6B,7,mean_abs,10,18,1.878360997,1.878360997,0.2443442056,0.05970409082,0.1300837304,46,1024,0.1244421439,0.1063282376,0.08378776708
Qwen/Qwen3-Embedding-0.6B,7,variance,1,0,-3.43578823,3.441402132,0.5151209959,0.2653496404,0.1499280402,3,1024,0.1244421439,0.1063282376,0.08378776708
Qwen/Qwen3-Embedding-0.6B,7,variance,2,10,0.3403994741,0.4628897282,0.4485152249,0.2011659069,1.317614329,73,1024,0.1244421439,0.1063282376,0.08378776708
Qwen/Qwen3-Embedding-0.6B,7,variance,3,35,8.825450642,8.825450642,0.4390346611,0.1927514337,0.04974642984,1,1024,0.1244421439,0.1063282376,0.08378776708
Qwen/Qwen3-Embedding-0.6B,7,variance,4,30,3.026822845,3.026822845,0.4082180767,0.1666419981,0.1348668546,5,1024,0.1244421439,0.1063282376,0.08378776708
Qwen/Qwen3-Embedding-0.6B,7,variance,5,23,-5.136578613,5.136578613,0.3701566943,0.1370159783,0.07206288897,2,1024,0.1244421439,0.1063282376,0.08378776708
Qwen/Qwen3-Embedding-0.6B,7,variance,6,22,-0.5115885259,0.5249671155,0.3214196228,0.103310574,0.6282776227,62,1024,0.1244421439,0.1063282376,0.08378776708
Qwen/Qwen3-Embedding-0.6B,7,variance,7,12,0.934489051,0.9372738005,0.3176139727,0.1008786357,0.3398798225,24,1024,0.1244421439,0.1063282376,0.08378776708
Qwen/Qwen3-Embedding-0.6B,7,variance,8,15,0.6612722366,0.6682976008,0.3163476637,0.1000758443,0.4783924778,38,1024,0.1244421439,0.1063282376,0.08378776708
Qwen/Qwen3-Embedding-0.6B,7,variance,9,25,0.003288289506,0.2479814233,0.3126425219,0.0977453465,95.07755365,183,1024,0.1244421439,0.1063282376,0.08378776708
Qwen/Qwen3-Embedding-0.6B,7,variance,10,138,0.2758482395,0.3469731351,0.2992196614,0.08953240576,1.084725652,103,1024,0.1244421439,0.1063282376,0.08378776708
Qwen/Qwen3-Embedding-0.6B,8,mean_abs,1,35,8.591893416,8.591893416,0.5652753797,0.3195362549,0.0657917123,1,1024,0.1331050579,0.1104610282,0.09520632382
Qwen/Qwen3-Embedding-0.6B,8,mean_abs,2,23,-5.70011084,5.70011084,0.4001774014,0.1601419526,0.07020519647,5,1024,0.1331050579,0.1104610282,0.09520632382
Qwen/Qwen3-Embedding-0.6B,8,mean_abs,3,0,-3.662870371,3.668350939,0.5438518029,0.2957747835,0.1484769451,3,1024,0.1331050579,0.1104610282,0.09520632382
Qwen/Qwen3-Embedding-0.6B,8,mean_abs,4,30,3.5185386,3.5185386,0.5011206599,0.2511219158,0.1424229536,4,1024,0.1331050579,0.1104610282,0.09520632382
Qwen/Qwen3-Embedding-0.6B,8,mean_abs,5,16,-3.476658765,3.476658765,0.2637150262,0.06954561505,0.07585300831,47,1024,0.1331050579,0.1104610282,0.09520632382
Qwen/Qwen3-Embedding-0.6B,8,mean_abs,6,277,2.871256203,2.871256203,0.3608698324,0.1302270359,0.1256836057,7,1024,0.1331050579,0.1104610282,0.09520632382
Qwen/Qwen3-Embedding-0.6B,8,mean_abs,7,13,-2.56347003,2.56347003,0.1543428836,0.02382172573,0.06020857737,185,1024,0.1331050579,0.1104610282,0.09520632382
Qwen/Qwen3-Embedding-0.6B,8,mean_abs,8,1,2.468247564,2.468247564,0.2433678776,0.05922792385,0.09859946026,74,1024,0.1331050579,0.1104610282,0.09520632382
Qwen/Qwen3-Embedding-0.6B,8,mean_abs,9,18,2.453292523,2.453292523,0.2951242882,0.0870983455,0.1202972273,24,1024,0.1331050579,0.1104610282,0.09520632382
Qwen/Qwen3-Embedding-0.6B,8,mean_abs,10,24,1.867619788,1.867619788,0.2269715288,0.0515160749,0.1215298372,90,1024,0.1331050579,0.1104610282,0.09520632382
Qwen/Qwen3-Embedding-0.6B,8,variance,1,35,8.591893416,8.591893416,0.5652753797,0.3195362549,0.0657917123,1,1024,0.1331050579,0.1104610282,0.09520632382
Qwen/Qwen3-Embedding-0.6B,8,variance,2,10,0.1980510762,0.4787908201,0.5448675061,0.2968805992,2.751146404,77,1024,0.1331050579,0.1104610282,0.09520632382
Qwen/Qwen3-Embedding-0.6B,8,variance,3,0,-3.662870371,3.668350939,0.5438518029,0.2957747835,0.1484769451,3,1024,0.1331050579,0.1104610282,0.09520632382
Qwen/Qwen3-Embedding-0.6B,8,variance,4,30,3.5185386,3.5185386,0.5011206599,0.2511219158,0.1424229536,4,1024,0.1331050579,0.1104610282,0.09520632382
Qwen/Qwen3-Embedding-0.6B,8,variance,5,23,-5.70011084,5.70011084,0.4001774014,0.1601419526,0.07020519647,2,1024,0.1331050579,0.1104610282,0.09520632382
Qwen/Qwen3-Embedding-0.6B,8,variance,6,15,0.7262959632,0.7377892685,0.3804023175,0.1447059232,0.5237566183,36,1024,0.1331050579,0.1104610282,0.09520632382
Qwen/Qwen3-Embedding-0.6B,8,variance,7,277,2.871256203,2.871256203,0.3608698324,0.1302270359,0.1256836057,6,1024,0.1331050579,0.1104610282,0.09520632382
Qwen/Qwen3-Embedding-0.6B,8,variance,8,32,1.206621099,1.206621099,0.3457451223,0.1195396896,0.2865399276,16,1024,0.1331050579,0.1104610282,0.09520632382
Qwen/Qwen3-Embedding-0.6B,8,variance,9,25,0.03558348614,0.2557627461,0.3351947261,0.1123555044,9.41995185,198,1024,0.1331050579,0.1104610282,0.09520632382
Qwen/Qwen3-Embedding-0.6B,8,variance,10,12,0.8518845882,0.855176428,0.3326001544,0.1106228627,0.3904286555,27,1024,0.1331050579,0.1104610282,0.09520632382
Qwen/Qwen3-Embedding-0.6B,9,mean_abs,1,35,9.857366785,9.857366785,0.4951725231,0.2451958277,0.05023375248,4,1024,0.1491430871,0.1266682713,0.1027298156
Qwen/Qwen3-Embedding-0.6B,9,mean_abs,2,23,-6.417607812,6.417607812,0.4641613604,0.2154457685,0.07232622716,5,1024,0.1491430871,0.1266682713,0.1027298156
Qwen/Qwen3-Embedding-0.6B,9,mean_abs,3,30,3.950889734,3.950889734,0.5606505705,0.3143290622,0.1419048893,2,1024,0.1491430871,0.1266682713,0.1027298156
Qwen/Qwen3-Embedding-0.6B,9,mean_abs,4,0,-3.897828318,3.90304374,0.6111291882,0.3734788846,0.1567870974,1,1024,0.1491430871,0.1266682713,0.1027298156
Qwen/Qwen3-Embedding-0.6B,9,mean_abs,5,16,-3.782840301,3.782840301,0.2782216982,0.07740731337,0.07354835946,50,1024,0.1491430871,0.1266682713,0.1027298156
Qwen/Qwen3-Embedding-0.6B,9,mean_abs,6,277,3.604000974,3.604000974,0.4162894741,0.1732969263,0.115507592,6,1024,0.1491430871,0.1266682713,0.1027298156
Qwen/Qwen3-Embedding-0.6B,9,mean_abs,7,13,-3.017804448,3.017804448,0.1746599082,0.03050608353,0.05787648312,181,1024,0.1491430871,0.1266682713,0.1027298156
Qwen/Qwen3-Embedding-0.6B,9,mean_abs,8,18,2.957085426,2.957085426,0.3618391732,0.1309275872,0.1223634495,11,1024,0.1491430871,0.1266682713,0.1027298156
Qwen/Qwen3-Embedding-0.6B,9,mean_abs,9,1,2.888153574,2.888153574,0.2684489363,0.07206483138,0.0929482901,58,1024,0.1491430871,0.1266682713,0.1027298156
Qwen/Qwen3-Embedding-0.6B,9,mean_abs,10,28,2.330666019,2.330666019,0.2806319642,0.07875429934,0.1204084849,46,1024,0.1491430871,0.1266682713,0.1027298156
Qwen/Qwen3-Embedding-0.6B,9,variance,1,0,-3.897828318,3.90304374,0.6111291882,0.3734788846,0.1567870974,4,1024,0.1491430871,0.1266682713,0.1027298156
Qwen/Qwen3-Embedding-0.6B,9,variance,2,30,3.950889734,3.950889734,0.5606505705,0.3143290622,0.1419048893,3,1024,0.1491430871,0.1266682713,0.1027298156
Qwen/Qwen3-Embedding-0.6B,9,variance,3,10,0.2713140353,0.5113533894,0.5500711131,0.3025782294,2.027433312,75,1024,0.1491430871,0.1266682713,0.1027298156
Qwen/Qwen3-Embedding-0.6B,9,variance,4,35,9.857366785,9.857366785,0.4951725231,0.2451958277,0.05023375248,1,1024,0.1491430871,0.1266682713,0.1027298156
Qwen/Qwen3-Embedding-0.6B,9,variance,5,23,-6.417607812,6.417607812,0.4641613604,0.2154457685,0.07232622716,2,1024,0.1491430871,0.1266682713,0.1027298156
Qwen/Qwen3-Embedding-0.6B,9,variance,6,277,3.604000974,3.604000974,0.4162894741,0.1732969263,0.115507592,6,1024,0.1491430871,0.1266682713,0.1027298156
Qwen/Qwen3-Embedding-0.6B,9,variance,7,32,1.179543174,1.179543174,0.4017931382,0.1614377259,0.340634533,19,1024,0.1491430871,0.1266682713,0.1027298156
Qwen/Qwen3-Embedding-0.6B,9,variance,8,15,0.8769943798,0.8840355397,0.3965583276,0.1572585072,0.4521788699,34,1024,0.1491430871,0.1266682713,0.1027298156
Qwen/Qwen3-Embedding-0.6B,9,variance,9,12,0.6306180929,0.6424635176,0.3855509287,0.1486495186,0.6113857706,58,1024,0.1491430871,0.1266682713,0.1027298156
Qwen/Qwen3-Embedding-0.6B,9,variance,10,22,-0.7228462548,0.7264437463,0.3696365662,0.1366311911,0.5113626359,44,1024,0.1491430871,0.1266682713,0.1027298156
Qwen/Qwen3-Embedding-0.6B,10,mean_abs,1,35,12.74613141,12.74613141,0.5002876797,0.2502877625,0.03925015862,6,1024,0.1722992782,0.1422373264,0.1151116281
Qwen/Qwen3-Embedding-0.6B,10,mean_abs,2,23,-6.976585101,6.976585101,0.4915127464,0.2415847799,0.07045176678,7,1024,0.1722992782,0.1422373264,0.1151116281
Qwen/Qwen3-Embedding-0.6B,10,mean_abs,3,30,4.449527487,4.449527487,0.6834028875,0.4670395067,0.1535899912,1,1024,0.1722992782,0.1422373264,0.1151116281
Qwen/Qwen3-Embedding-0.6B,10,mean_abs,4,277,4.197395139,4.197395139,0.5079836001,0.258047338,0.1210235356,4,1024,0.1722992782,0.1422373264,0.1151116281
Qwen/Qwen3-Embedding-0.6B,10,mean_abs,5,16,-3.98446425,3.98446425,0.3260433741,0.1063042818,0.08182866092,27,1024,0.1722992782,0.1422373264,0.1151116281
Qwen/Qwen3-Embedding-0.6B,10,mean_abs,6,13,-3.791265544,3.791265544,0.2155379947,0.04645662715,0.05685119974,164,1024,0.1722992782,0.1422373264,0.1151116281
Qwen/Qwen3-Embedding-0.6B,10,mean_abs,7,18,3.653973243,3.653973243,0.4424167494,0.1957325802,0.1210782674,8,1024,0.1722992782,0.1422373264,0.1151116281
Qwen/Qwen3-Embedding-0.6B,10,mean_abs,8,0,-3.485114378,3.491748426,0.5995301898,0.3594364485,0.1720259724,2,1024,0.1722992782,0.1422373264,0.1151116281
Qwen/Qwen3-Embedding-0.6B,10,mean_abs,9,1,3.07531062,3.07531062,0.2941908057,0.08654823014,0.09566214343,60,1024,0.1722992782,0.1422373264,0.1151116281
Qwen/Qwen3-Embedding-0.6B,10,mean_abs,10,28,3.040683983,3.040683983,0.3392919788,0.1151190469,0.1115840978,19,1024,0.1722992782,0.1422373264,0.1151116281
Qwen/Qwen3-Embedding-0.6B,10,variance,1,30,4.449527487,4.449527487,0.6834028875,0.4670395067,0.1535899912,3,1024,0.1722992782,0.1422373264,0.1151116281
Qwen/Qwen3-Embedding-0.6B,10,variance,2,0,-3.485114378,3.491748426,0.5995301898,0.3594364485,0.1720259724,8,1024,0.1722992782,0.1422373264,0.1151116281
Qwen/Qwen3-Embedding-0.6B,10,variance,3,10,0.3599286127,0.5445931023,0.5402875271,0.2919106119,1.501096351,86,1024,0.1722992782,0.1422373264,0.1151116281
Qwen/Qwen3-Embedding-0.6B,10,variance,4,277,4.197395139,4.197395139,0.5079836001,0.258047338,0.1210235356,4,1024,0.1722992782,0.1422373264,0.1151116281
Qwen/Qwen3-Embedding-0.6B,10,variance,5,15,0.9436801977,0.9571366462,0.5041282604,0.254145303,0.5342151522,33,1024,0.1722992782,0.1422373264,0.1151116281
Qwen/Qwen3-Embedding-0.6B,10,variance,6,35,12.74613141,12.74613141,0.5002876797,0.2502877625,0.03925015862,1,1024,0.1722992782,0.1422373264,0.1151116281
Qwen/Qwen3-Embedding-0.6B,10,variance,7,23,-6.976585101,6.976585101,0.4915127464,0.2415847799,0.07045176678,2,1024,0.1722992782,0.1422373264,0.1151116281
Qwen/Qwen3-Embedding-0.6B,10,variance,8,18,3.653973243,3.653973243,0.4424167494,0.1957325802,0.1210782674,7,1024,0.1722992782,0.1422373264,0.1151116281
Qwen/Qwen3-Embedding-0.6B,10,variance,9,12,0.4869941203,0.5333320901,0.4409136848,0.1944048775,0.9053778402,88,1024,0.1722992782,0.1422373264,0.1151116281
Qwen/Qwen3-Embedding-0.6B,10,variance,10,77,-0.9930804983,0.9930804983,0.440505806,0.1940453651,0.4435751249,30,1024,0.1722992782,0.1422373264,0.1151116281
Qwen/Qwen3-Embedding-0.6B,11,mean_abs,1,35,18.00705183,18.00705183,0.5150442211,0.2652705496,0.02860236233,11,1024,0.2263429766,0.1930781666,0.1474377241
Qwen/Qwen3-Embedding-0.6B,11,mean_abs,2,23,-8.150075816,8.150075816,0.6880799938,0.4734540779,0.08442620772,2,1024,0.2263429766,0.1930781666,0.1474377241
Qwen/Qwen3-Embedding-0.6B,11,mean_abs,3,30,5.000805216,5.000805216,0.8604413383,0.7403592967,0.1720605585,1,1024,0.2263429766,0.1930781666,0.1474377241
Qwen/Qwen3-Embedding-0.6B,11,mean_abs,4,18,4.933272561,4.933272561,0.5937631454,0.3525546729,0.120358877,6,1024,0.2263429766,0.1930781666,0.1474377241
Qwen/Qwen3-Embedding-0.6B,11,mean_abs,5,277,4.925971798,4.925971798,0.6352846087,0.4035865341,0.1289663512,4,1024,0.2263429766,0.1930781666,0.1474377241
Qwen/Qwen3-Embedding-0.6B,11,mean_abs,6,13,-4.875938132,4.875938132,0.2576596283,0.06638848405,0.0528430881,193,1024,0.2263429766,0.1930781666,0.1474377241
Qwen/Qwen3-Embedding-0.6B,11,mean_abs,7,16,-3.978267048,3.978267048,0.3885982079,0.1510085672,0.09768027212,25,1024,0.2263429766,0.1930781666,0.1474377241
Qwen/Qwen3-Embedding-0.6B,11,mean_abs,8,1,3.687242539,3.687242539,0.4086502057,0.1669949906,0.1108281328,22,1024,0.2263429766,0.1930781666,0.1474377241
Qwen/Qwen3-Embedding-0.6B,11,mean_abs,9,0,-3.445992481,3.454560283,0.6687441209,0.4472186993,0.1940643007,3,1024,0.2263429766,0.1930781666,0.1474377241
Qwen/Qwen3-Embedding-0.6B,11,mean_abs,10,28,3.345634205,3.345634205,0.4380153179,0.1918574187,0.1309214609,19,1024,0.2263429766,0.1930781666,0.1474377241
Qwen/Qwen3-Embedding-0.6B,11,variance,1,30,5.000805216,5.000805216,0.8604413383,0.7403592967,0.1720605585,3,1024,0.2263429766,0.1930781666,0.1474377241
Qwen/Qwen3-Embedding-0.6B,11,variance,2,23,-8.150075816,8.150075816,0.6880799938,0.4734540779,0.08442620772,2,1024,0.2263429766,0.1930781666,0.1474377241
Qwen/Qwen3-Embedding-0.6B,11,variance,3,0,-3.445992481,3.454560283,0.6687441209,0.4472186993,0.1940643007,9,1024,0.2263429766,0.1930781666,0.1474377241
Qwen/Qwen3-Embedding-0.6B,11,variance,4,277,4.925971798,4.925971798,0.6352846087,0.4035865341,0.1289663512,5,1024,0.2263429766,0.1930781666,0.1474377241
Qwen/Qwen3-Embedding-0.6B,11,variance,5,10,-0.201774799,0.5185024353,0.618392825,0.382409686,3.064767395,136,1024,0.2263429766,0.1930781666,0.1474377241
Qwen/Qwen3-Embedding-0.6B,11,variance,6,18,4.933272561,4.933272561,0.5937631454,0.3525546729,0.120358877,4,1024,0.2263429766,0.1930781666,0.1474377241
Qwen/Qwen3-Embedding-0.6B,11,variance,7,77,-0.9297912499,0.9317041173,0.5833704141,0.3403210401,0.6274208476,41,1024,0.2263429766,0.1930781666,0.1474377241
Qwen/Qwen3-Embedding-0.6B,11,variance,8,15,1.180763161,1.19009228,0.5712211701,0.3262936252,0.4837728588,28,1024,0.2263429766,0.1930781666,0.1474377241
Qwen/Qwen3-Embedding-0.6B,11,variance,9,32,1.493020654,1.493020654,0.5395419044,0.2911054666,0.3613760487,23,1024,0.2263429766,0.1930781666,0.1474377241
Qwen/Qwen3-Embedding-0.6B,11,variance,10,19,-3.070798675,3.070798675,0.5277750469,0.2785465001,0.1718689835,11,1024,0.2263429766,0.1930781666,0.1474377241
Qwen/Qwen3-Embedding-0.6B,12,mean_abs,1,35,25.17933415,25.17933415,0.9911104234,0.9822998713,0.03936205848,2,1024,0.2295319626,0.186094447,0.157481803
Qwen/Qwen3-Embedding-0.6B,12,mean_abs,2,23,-9.536977654,9.536977654,0.7807440348,0.6095612479,0.0818649328,3,1024,0.2295319626,0.186094447,0.157481803
Qwen/Qwen3-Embedding-0.6B,12,mean_abs,3,277,6.214858273,6.214858273,0.7278912553,0.5298256796,0.1171211351,5,1024,0.2295319626,0.186094447,0.157481803
Qwen/Qwen3-Embedding-0.6B,12,mean_abs,4,18,6.063171651,6.063171651,0.7219675751,0.5212371795,0.1190742431,6,1024,0.2295319626,0.186094447,0.157481803
Qwen/Qwen3-Embedding-0.6B,12,mean_abs,5,13,-5.983905735,5.983905735,0.262831429,0.06908036007,0.04392305639,247,1024,0.2295319626,0.186094447,0.157481803
Qwen/Qwen3-Embedding-0.6B,12,mean_abs,6,30,5.98311463,5.98311463,1.090707758,1.189643414,0.1822976536,1,1024,0.2295319626,0.186094447,0.157481803
Qwen/Qwen3-Embedding-0.6B,12,mean_abs,7,16,-4.281703652,4.281703652,0.447119065,0.1999154583,0.1044255047,60,1024,0.2295319626,0.186094447,0.157481803
Qwen/Qwen3-Embedding-0.6B,12,mean_abs,8,28,4.095222948,4.095222948,0.492325951,0.2423848421,0.1202195722,30,1024,0.2295319626,0.186094447,0.157481803
Qwen/Qwen3-Embedding-0.6B,12,mean_abs,9,1,3.797331485,3.797331485,0.4090118667,0.1672907071,0.1077103404,91,1024,0.2295319626,0.186094447,0.157481803
Qwen/Qwen3-Embedding-0.6B,12,mean_abs,10,0,-3.458016024,3.468355707,0.7291902146,0.531718369,0.2108695303,4,1024,0.2295319626,0.186094447,0.157481803
Qwen/Qwen3-Embedding-0.6B,12,variance,1,30,5.98311463,5.98311463,1.090707758,1.189643414,0.1822976536,6,1024,0.2295319626,0.186094447,0.157481803
Qwen/Qwen3-Embedding-0.6B,12,variance,2,35,25.17933415,25.17933415,0.9911104234,0.9822998713,0.03936205848,1,1024,0.2295319626,0.186094447,0.157481803
Qwen/Qwen3-Embedding-0.6B,12,variance,3,23,-9.536977654,9.536977654,0.7807440348,0.6095612479,0.0818649328,2,1024,0.2295319626,0.186094447,0.157481803
Qwen/Qwen3-Embedding-0.6B,12,variance,4,0,-3.458016024,3.468355707,0.7291902146,0.531718369,0.2108695303,10,1024,0.2295319626,0.186094447,0.157481803
Qwen/Qwen3-Embedding-0.6B,12,variance,5,277,6.214858273,6.214858273,0.7278912553,0.5298256796,0.1171211351,3,1024,0.2295319626,0.186094447,0.157481803
Qwen/Qwen3-Embedding-0.6B,12,variance,6,18,6.063171651,6.063171651,0.7219675751,0.5212371795,0.1190742431,4,1024,0.2295319626,0.186094447,0.157481803
Qwen/Qwen3-Embedding-0.6B,12,variance,7,10,-0.5375690897,0.6730116701,0.6783287038,0.4601298304,1.261844695,111,1024,0.2295319626,0.186094447,0.157481803
Qwen/Qwen3-Embedding-0.6B,12,variance,8,77,-1.412249152,1.412249152,0.664334278,0.441340033,0.470408693,29,1024,0.2295319626,0.186094447,0.157481803
Qwen/Qwen3-Embedding-0.6B,12,variance,9,15,1.248588715,1.26597145,0.6459980677,0.4173135035,0.5173825934,35,1024,0.2295319626,0.186094447,0.157481803
Qwen/Qwen3-Embedding-0.6B,12,variance,10,32,1.465908491,1.465908491,0.6154451245,0.3787727012,0.4198387064,27,1024,0.2295319626,0.186094447,0.157481803
Qwen/Qwen3-Embedding-0.6B,13,mean_abs,1,35,26.71080925,26.71080925,1.308198411,1.711383082,0.04897636754,1,1024,0.2308011042,0.1831575777,0.162594802
Qwen/Qwen3-Embedding-0.6B,13,mean_abs,2,23,-10.15151859,10.15151859,0.859584255,0.7388850915,0.08467543527,3,1024,0.2308011042,0.1831575777,0.162594802
Qwen/Qwen3-Embedding-0.6B,13,mean_abs,3,277,6.783148963,6.783148963,0.7659019878,0.5866058549,0.1129124529,5,1024,0.2308011042,0.1831575777,0.162594802
Qwen/Qwen3-Embedding-0.6B,13,mean_abs,4,30,6.45788558,6.45788558,1.149362575,1.321034329,0.1779781572,2,1024,0.2308011042,0.1831575777,0.162594802
Qwen/Qwen3-Embedding-0.6B,13,mean_abs,5,18,6.425585318,6.425585318,0.7880279824,0.620988101,0.1226390972,4,1024,0.2308011042,0.1831575777,0.162594802
Qwen/Qwen3-Embedding-0.6B,13,mean_abs,6,13,-6.403133798,6.403133798,0.2705009746,0.07317077727,0.04224509172,261,1024,0.2308011042,0.1831575777,0.162594802
Qwen/Qwen3-Embedding-0.6B,13,mean_abs,7,16,-4.355734597,4.355734597,0.4925768959,0.2426319984,0.1130869857,39,1024,0.2308011042,0.1831575777,0.162594802
Qwen/Qwen3-Embedding-0.6B,13,mean_abs,8,28,4.34447027,4.34447027,0.5432364659,0.2951058579,0.1250408984,19,1024,0.2308011042,0.1831575777,0.162594802
Qwen/Qwen3-Embedding-0.6B,13,mean_abs,9,1,4.104545513,4.104545513,0.3424515562,0.1172730683,0.08343227163,163,1024,0.2308011042,0.1831575777,0.162594802
Qwen/Qwen3-Embedding-0.6B,13,mean_abs,10,8,3.560434605,3.560434605,0.372551053,0.1387942871,0.1046363982,137,1024,0.2308011042,0.1831575777,0.162594802
Qwen/Qwen3-Embedding-0.6B,13,variance,1,35,26.71080925,26.71080925,1.308198411,1.711383082,0.04897636754,1,1024,0.2308011042,0.1831575777,0.162594802
Qwen/Qwen3-Embedding-0.6B,13,variance,2,30,6.45788558,6.45788558,1.149362575,1.321034329,0.1779781572,4,1024,0.2308011042,0.1831575777,0.162594802
Qwen/Qwen3-Embedding-0.6B,13,variance,3,23,-10.15151859,10.15151859,0.859584255,0.7388850915,0.08467543527,2,1024,0.2308011042,0.1831575777,0.162594802
Qwen/Qwen3-Embedding-0.6B,13,variance,4,18,6.425585318,6.425585318,0.7880279824,0.620988101,0.1226390972,5,1024,0.2308011042,0.1831575777,0.162594802
Qwen/Qwen3-Embedding-0.6B,13,variance,5,277,6.783148963,6.783148963,0.7659019878,0.5866058549,0.1129124529,3,1024,0.2308011042,0.1831575777,0.162594802
Qwen/Qwen3-Embedding-0.6B,13,variance,6,10,-0.5470600599,0.7121734095,0.746567769,0.5573634337,1.364690687,108,1024,0.2308011042,0.1831575777,0.162594802
Qwen/Qwen3-Embedding-0.6B,13,variance,7,0,-3.421530016,3.432927953,0.7154469219,0.511864298,0.20910146,11,1024,0.2308011042,0.1831575777,0.162594802
Qwen/Qwen3-Embedding-0.6B,13,variance,8,77,-1.474810243,1.474810243,0.6965365689,0.4851631917,0.4722889418,28,1024,0.2308011042,0.1831575777,0.162594802
Qwen/Qwen3-Embedding-0.6B,13,variance,9,17,-0.09932679117,0.5357122289,0.6644803081,0.4415340798,6.689839672,156,1024,0.2308011042,0.1831575777,0.162594802
Qwen/Qwen3-Embedding-0.6B,13,variance,10,15,1.397454846,1.410252501,0.6537270674,0.4273590787,0.4677983473,32,1024,0.2308011042,0.1831575777,0.162594802
Qwen/Qwen3-Embedding-0.6B,14,mean_abs,1,35,29.62051806,29.62051806,1.2421174,1.542855635,0.0419343577,1,1024,0.2379063603,0.1855497148,0.1707737102
Qwen/Qwen3-Embedding-0.6B,14,mean_abs,2,23,-10.30924616,10.30924616,0.8815313907,0.7770975927,0.08550881187,3,1024,0.2379063603,0.1855497148,0.1707737102
Qwen/Qwen3-Embedding-0.6B,14,mean_abs,3,277,7.360810544,7.360810544,0.7864265693,0.6184667489,0.10683967,6,1024,0.2379063603,0.1855497148,0.1707737102
Qwen/Qwen3-Embedding-0.6B,14,mean_abs,4,13,-7.191679756,7.191679756,0.3050861894,0.09307758297,0.0424221044,225,1024,0.2379063603,0.1855497148,0.1707737102
Qwen/Qwen3-Embedding-0.6B,14,mean_abs,5,18,6.858975225,6.858975225,0.8559303465,0.732616758,0.1247898292,4,1024,0.2379063603,0.1855497148,0.1707737102
Qwen/Qwen3-Embedding-0.6B,14,mean_abs,6,30,6.768741743,6.768741743,1.236985229,1.530132457,0.1827496566,2,1024,0.2379063603,0.1855497148,0.1707737102
Qwen/Qwen3-Embedding-0.6B,14,mean_abs,7,28,4.525408422,4.525408422,0.5999903256,0.3599883908,0.1325825803,17,1024,0.2379063603,0.1855497148,0.1707737102
Qwen/Qwen3-Embedding-0.6B,14,mean_abs,8,16,-4.517275002,4.517275002,0.5192642623,0.2696353741,0.114950775,30,1024,0.2379063603,0.1855497148,0.1707737102
Qwen/Qwen3-Embedding-0.6B,14,mean_abs,9,1,4.206926655,4.206926655,0.4007486011,0.1605994413,0.09525923173,124,1024,0.2379063603,0.1855497148,0.1707737102
Qwen/Qwen3-Embedding-0.6B,14,mean_abs,10,8,3.782435977,3.782435977,0.3957908134,0.1566503679,0.1046391309,130,1024,0.2379063603,0.1855497148,0.1707737102
Qwen/Qwen3-Embedding-0.6B,14,variance,1,35,29.62051806,29.62051806,1.2421174,1.542855635,0.0419343577,1,1024,0.2379063603,0.1855497148,0.1707737102
Qwen/Qwen3-Embedding-0.6B,14,variance,2,30,6.768741743,6.768741743,1.236985229,1.530132457,0.1827496566,6,1024,0.2379063603,0.1855497148,0.1707737102
Qwen/Qwen3-Embedding-0.6B,14,variance,3,23,-10.30924616,10.30924616,0.8815313907,0.7770975927,0.08550881187,2,1024,0.2379063603,0.1855497148,0.1707737102
Qwen/Qwen3-Embedding-0.6B,14,variance,4,18,6.858975225,6.858975225,0.8559303465,0.732616758,0.1247898292,5,1024,0.2379063603,0.1855497148,0.1707737102
Qwen/Qwen3-Embedding-0.6B,14,variance,5,10,-0.771579814,0.8896003227,0.8218432531,0.6754263327,1.065143538,75,1024,0.2379063603,0.1855497148,0.1707737102
Qwen/Qwen3-Embedding-0.6B,14,variance,6,277,7.360810544,7.360810544,0.7864265693,0.6184667489,0.10683967,3,1024,0.2379063603,0.1855497148,0.1707737102
Qwen/Qwen3-Embedding-0.6B,14,variance,7,15,1.525951605,1.542374832,0.7275134724,0.5292758525,0.4767605147,29,1024,0.2379063603,0.1855497148,0.1707737102
Qwen/Qwen3-Embedding-0.6B,14,variance,8,77,-1.573416128,1.573416128,0.7145287937,0.510551397,0.4541257591,28,1024,0.2379063603,0.1855497148,0.1707737102
Qwen/Qwen3-Embedding-0.6B,14,variance,9,17,-0.2157477542,0.5927931923,0.701021246,0.4914307874,3.249263236,151,1024,0.2379063603,0.1855497148,0.1707737102
Qwen/Qwen3-Embedding-0.6B,14,variance,10,0,-3.30093454,3.311405152,0.6920482096,0.4789307244,0.2096522065,12,1024,0.2379063603,0.1855497148,0.1707737102
Qwen/Qwen3-Embedding-0.6B,15,mean_abs,1,35,32.44731225,32.44731225,1.152720654,1.328764907,0.03552592108,2,1024,0.2450523715,0.1923366986,0.1827392895
Qwen/Qwen3-Embedding-0.6B,15,mean_abs,2,23,-10.56319178,10.56319178,0.9075405511,0.8236298519,0.08591537196,3,1024,0.2450523715,0.1923366986,0.1827392895
Qwen/Qwen3-Embedding-0.6B,15,mean_abs,3,13,-7.783888764,7.783888764,0.3729434752,0.1390868357,0.04791223083,160,1024,0.2450523715,0.1923366986,0.1827392895
Qwen/Qwen3-Embedding-0.6B,15,mean_abs,4,277,7.587618438,7.587618438,0.8256555787,0.6817071347,0.1088161701,5,1024,0.2450523715,0.1923366986,0.1827392895
Qwen/Qwen3-Embedding-0.6B,15,mean_abs,5,30,7.186979086,7.186979086,1.379059438,1.901804934,0.191883046,1,1024,0.2450523715,0.1923366986,0.1827392895
Qwen/Qwen3-Embedding-0.6B,15,mean_abs,6,18,7.023435309,7.023435309,0.8832791698,0.7801820918,0.1257617008,4,1024,0.2450523715,0.1923366986,0.1827392895
Qwen/Qwen3-Embedding-0.6B,15,mean_abs,7,28,4.877371674,4.877371674,0.6893896129,0.4752580383,0.1413444902,14,1024,0.2450523715,0.1923366986,0.1827392895
Qwen/Qwen3-Embedding-0.6B,15,mean_abs,8,16,-4.644123077,4.644123077,0.5338876169,0.2850359874,0.1149598338,35,1024,0.2450523715,0.1923366986,0.1827392895
Qwen/Qwen3-Embedding-0.6B,15,mean_abs,9,8,4.021743032,4.021743032,0.4175890431,0.1743806089,0.1038328505,124,1024,0.2450523715,0.1923366986,0.1827392895
Qwen/Qwen3-Embedding-0.6B,15,mean_abs,10,1,3.857579608,3.857579608,0.4214807396,0.1776460138,0.1092604126,121,1024,0.2450523715,0.1923366986,0.1827392895
Qwen/Qwen3-Embedding-0.6B,15,variance,1,30,7.186979086,7.186979086,1.379059438,1.901804934,0.191883046,5,1024,0.2450523715,0.1923366986,0.1827392895
Qwen/Qwen3-Embedding-0.6B,15,variance,2,35,32.44731225,32.44731225,1.152720654,1.328764907,0.03552592108,1,1024,0.2450523715,0.1923366986,0.1827392895
Qwen/Qwen3-Embedding-0.6B,15,variance,3,23,-10.56319178,10.56319178,0.9075405511,0.8236298519,0.08591537196,2,1024,0.2450523715,0.1923366986,0.1827392895
Qwen/Qwen3-Embedding-0.6B,15,variance,4,18,7.023435309,7.023435309,0.8832791698,0.7801820918,0.1257617008,6,1024,0.2450523715,0.1923366986,0.1827392895
Qwen/Qwen3-Embedding-0.6B,15,variance,5,277,7.587618438,7.587618438,0.8256555787,0.6817071347,0.1088161701,4,1024,0.2450523715,0.1923366986,0.1827392895
Qwen/Qwen3-Embedding-0.6B,15,variance,6,10,-0.6022576181,0.7799202347,0.8187822246,0.6704043313,1.359521574,109,1024,0.2450523715,0.1923366986,0.1827392895
Qwen/Qwen3-Embedding-0.6B,15,variance,7,15,1.82210394,1.833619729,0.8171776613,0.6677793302,0.4484802669,24,1024,0.2450523715,0.1923366986,0.1827392895
Qwen/Qwen3-Embedding-0.6B,15,variance,8,77,-1.61519515,1.615422213,0.8080767216,0.6529879881,0.5002966495,28,1024,0.2450523715,0.1923366986,0.1827392895
Qwen/Qwen3-Embedding-0.6B,15,variance,9,32,1.725364863,1.725364863,0.7548095659,0.5697374808,0.4374782297,26,1024,0.2450523715,0.1923366986,0.1827392895
Qwen/Qwen3-Embedding-0.6B,15,variance,10,22,-0.6609541091,0.8103009203,0.7263904943,0.5276431503,1.099002918,99,1024,0.2450523715,0.1923366986,0.1827392895
Qwen/Qwen3-Embedding-0.6B,16,mean_abs,1,35,33.57536788,33.57536788,1.940450796,3.765349291,0.0577938804,1,1024,0.3332880096,0.2624699973,0.2228403688
Qwen/Qwen3-Embedding-0.6B,16,mean_abs,2,23,-10.67855439,10.67861367,0.8767336068,0.7686618173,0.08210227478,8,1024,0.3332880096,0.2624699973,0.2228403688
Qwen/Qwen3-Embedding-0.6B,16,mean_abs,3,13,-8.225186385,8.225186385,0.4179499151,0.1746821315,0.05081342787,158,1024,0.3332880096,0.2624699973,0.2228403688
Qwen/Qwen3-Embedding-0.6B,16,mean_abs,4,30,7.89231997,7.89231997,1.540309418,2.372553104,0.1951656071,2,1024,0.3332880096,0.2624699973,0.2228403688
Qwen/Qwen3-Embedding-0.6B,16,mean_abs,5,277,7.614720976,7.614720976,0.9259020416,0.8572945907,0.1215936926,6,1024,0.3332880096,0.2624699973,0.2228403688
Qwen/Qwen3-Embedding-0.6B,16,mean_abs,6,18,7.410069343,7.410069343,1.012466158,1.025087721,0.1366338304,3,1024,0.3332880096,0.2624699973,0.2228403688
Qwen/Qwen3-Embedding-0.6B,16,mean_abs,7,28,5.624389838,5.624389838,0.8000960039,0.6401536155,0.1422547204,12,1024,0.3332880096,0.2624699973,0.2228403688
Qwen/Qwen3-Embedding-0.6B,16,mean_abs,8,16,-4.679645421,4.679645421,0.6124754737,0.3751262058,0.1308807438,29,1024,0.3332880096,0.2624699973,0.2228403688
Qwen/Qwen3-Embedding-0.6B,16,mean_abs,9,1,4.422794289,4.422794289,0.493391852,0.2434355196,0.1115565906,84,1024,0.3332880096,0.2624699973,0.2228403688
Qwen/Qwen3-Embedding-0.6B,16,mean_abs,10,14,-4.27597688,4.27597688,0.5769115822,0.3328269737,0.1349192473,42,1024,0.3332880096,0.2624699973,0.2228403688
Qwen/Qwen3-Embedding-0.6B,16,variance,1,35,33.57536788,33.57536788,1.940450796,3.765349291,0.0577938804,1,1024,0.3332880096,0.2624699973,0.2228403688
Qwen/Qwen3-Embedding-0.6B,16,variance,2,30,7.89231997,7.89231997,1.540309418,2.372553104,0.1951656071,4,1024,0.3332880096,0.2624699973,0.2228403688
Qwen/Qwen3-Embedding-0.6B,16,variance,3,18,7.410069343,7.410069343,1.012466158,1.025087721,0.1366338304,6,1024,0.3332880096,0.2624699973,0.2228403688
Qwen/Qwen3-Embedding-0.6B,16,variance,4,10,-0.6723292298,0.8908062263,0.9718676272,0.9445266848,1.44552339,110,1024,0.3332880096,0.2624699973,0.2228403688
Qwen/Qwen3-Embedding-0.6B,16,variance,5,74,0.1657828303,0.7586950499,0.9477273595,0.898187148,5.716679815,154,1024,0.3332880096,0.2624699973,0.2228403688
Qwen/Qwen3-Embedding-0.6B,16,variance,6,277,7.614720976,7.614720976,0.9259020416,0.8572945907,0.1215936926,5,1024,0.3332880096,0.2624699973,0.2228403688
Qwen/Qwen3-Embedding-0.6B,16,variance,7,15,1.684699534,1.70911894,0.8776162067,0.7702102063,0.5209333707,31,1024,0.3332880096,0.2624699973,0.2228403688
Qwen/Qwen3-Embedding-0.6B,16,variance,8,23,-10.67855439,10.67861367,0.8767336068,0.7686618173,0.08210227478,2,1024,0.3332880096,0.2624699973,0.2228403688
Qwen/Qwen3-Embedding-0.6B,16,variance,9,77,-1.724028857,1.724741759,0.8568565363,0.7342031238,0.4970082333,30,1024,0.3332880096,0.2624699973,0.2228403688
Qwen/Qwen3-Embedding-0.6B,16,variance,10,81,-1.742090782,1.768694034,0.8473932611,0.7180753389,0.4864231357,28,1024,0.3332880096,0.2624699973,0.2228403688
Qwen/Qwen3-Embedding-0.6B,17,mean_abs,1,35,38.18980573,38.18980573,2.446696128,5.986321943,0.06406673407,1,1024,0.4415799135,0.3665064068,0.2770234475
Qwen/Qwen3-Embedding-0.6B,17,mean_abs,2,23,-11.5393976,11.54058107,1.022790417,1.046100237,0.08863464565,11,1024,0.4415799135,0.3665064068,0.2770234475
Qwen/Qwen3-Embedding-0.6B,17,mean_abs,3,30,10.58169365,10.58169365,2.02067478,4.083126568,0.1909594859,2,1024,0.4415799135,0.3665064068,0.2770234475
Qwen/Qwen3-Embedding-0.6B,17,mean_abs,4,18,8.818924572,8.818924572,1.195152923,1.42839051,0.1355213908,5,1024,0.4415799135,0.3665064068,0.2770234475
Qwen/Qwen3-Embedding-0.6B,17,mean_abs,5,13,-8.722738113,8.722738113,0.5066877692,0.2567324955,0.05808815565,174,1024,0.4415799135,0.3665064068,0.2770234475
Qwen/Qwen3-Embedding-0.6B,17,mean_abs,6,277,8.54627577,8.54627577,1.183770561,1.40131274,0.138513031,6,1024,0.4415799135,0.3665064068,0.2770234475
Qwen/Qwen3-Embedding-0.6B,17,mean_abs,7,28,6.784414236,6.784414236,1.002153882,1.004312402,0.1477141352,14,1024,0.4415799135,0.3665064068,0.2770234475
Qwen/Qwen3-Embedding-0.6B,17,mean_abs,8,14,-5.757391637,5.757391637,0.8526716241,0.7270488986,0.1481003339,31,1024,0.4415799135,0.3665064068,0.2770234475
Qwen/Qwen3-Embedding-0.6B,17,mean_abs,9,16,-5.048251807,5.048251807,0.7609815519,0.5790929223,0.1507415995,58,1024,0.4415799135,0.3665064068,0.2770234475
Qwen/Qwen3-Embedding-0.6B,17,mean_abs,10,19,-4.744375037,4.744375037,1.059374458,1.122274243,0.2232906231,9,1024,0.4415799135,0.3665064068,0.2770234475
Qwen/Qwen3-Embedding-0.6B,17,variance,1,35,38.18980573,38.18980573,2.446696128,5.986321943,0.06406673407,1,1024,0.4415799135,0.3665064068,0.2770234475
Qwen/Qwen3-Embedding-0.6B,17,variance,2,30,10.58169365,10.58169365,2.02067478,4.083126568,0.1909594859,3,1024,0.4415799135,0.3665064068,0.2770234475
Qwen/Qwen3-Embedding-0.6B,17,variance,3,10,-0.7401961227,1.158580704,1.378325336,1.899780732,1.86210829,115,1024,0.4415799135,0.3665064068,0.2770234475
Qwen/Qwen3-Embedding-0.6B,17,variance,4,74,0.9132723479,1.270871059,1.228988928,1.510413786,1.345698171,93,1024,0.4415799135,0.3665064068,0.2770234475
Qwen/Qwen3-Embedding-0.6B,17,variance,5,18,8.818924572,8.818924572,1.195152923,1.42839051,0.1355213908,4,1024,0.4415799135,0.3665064068,0.2770234475
Qwen/Qwen3-Embedding-0.6B,17,variance,6,277,8.54627577,8.54627577,1.183770561,1.40131274,0.138513031,6,1024,0.4415799135,0.3665064068,0.2770234475
Qwen/Qwen3-Embedding-0.6B,17,variance,7,22,-1.395314475,1.523924605,1.13495441,1.288121513,0.8134040247,65,1024,0.4415799135,0.3665064068,0.2770234475
Qwen/Qwen3-Embedding-0.6B,17,variance,8,58,0.7450017717,1.008705124,1.089469539,1.186943877,1.462371743,149,1024,0.4415799135,0.3665064068,0.2770234475
Qwen/Qwen3-Embedding-0.6B,17,variance,9,19,-4.744375037,4.744375037,1.059374458,1.122274243,0.2232906231,10,1024,0.4415799135,0.3665064068,0.2770234475
Qwen/Qwen3-Embedding-0.6B,17,variance,10,15,2.870840952,2.881177632,1.03022275,1.061358915,0.3588574803,22,1024,0.4415799135,0.3665064068,0.2770234475
Qwen/Qwen3-Embedding-0.6B,18,mean_abs,1,35,52.92333424,52.92333424,2.133714893,4.552739245,0.0403170912,3,1024,0.5982185743,0.5234891957,0.3802505116
Qwen/Qwen3-Embedding-0.6B,18,mean_abs,2,30,12.83668212,12.83668212,2.382067353,5.674244876,0.1855672152,1,1024,0.5982185743,0.5234891957,0.3802505116
Qwen/Qwen3-Embedding-0.6B,18,mean_abs,3,23,-11.98001353,11.98207791,0.9553346354,0.9126642656,0.07974403643,34,1024,0.5982185743,0.5234891957,0.3802505116
Qwen/Qwen3-Embedding-0.6B,18,mean_abs,4,277,10.64356993,10.64356993,1.385964211,1.920896795,0.1302161042,8,1024,0.5982185743,0.5234891957,0.3802505116
Qwen/Qwen3-Embedding-0.6B,18,mean_abs,5,18,9.585416972,9.585416972,1.34425429,1.807019595,0.1402395215,10,1024,0.5982185743,0.5234891957,0.3802505116
Qwen/Qwen3-Embedding-0.6B,18,mean_abs,6,13,-9.232280594,9.232280594,0.6035676501,0.3642939082,0.06537579138,201,1024,0.5982185743,0.5234891957,0.3802505116
Qwen/Qwen3-Embedding-0.6B,18,mean_abs,7,28,9.002483991,9.002483991,1.227092886,1.50575695,0.1363060336,19,1024,0.5982185743,0.5234891957,0.3802505116
Qwen/Qwen3-Embedding-0.6B,18,mean_abs,8,16,-6.511464735,6.511464735,0.8858914879,0.7848037284,0.1360510306,53,1024,0.5982185743,0.5234891957,0.3802505116
Qwen/Qwen3-Embedding-0.6B,18,mean_abs,9,4,5.204783494,5.204783494,1.277023004,1.630787753,0.2453556436,13,1024,0.5982185743,0.5234891957,0.3802505116
Qwen/Qwen3-Embedding-0.6B,18,mean_abs,10,19,-4.845267799,4.845267799,1.243649705,1.546664589,0.2566730585,17,1024,0.5982185743,0.5234891957,0.3802505116
Qwen/Qwen3-Embedding-0.6B,18,variance,1,30,12.83668212,12.83668212,2.382067353,5.674244876,0.1855672152,2,1024,0.5982185743,0.5234891957,0.3802505116
Qwen/Qwen3-Embedding-0.6B,18,variance,2,74,0.7734718796,1.995362885,2.308469189,5.329029997,2.984554772,52,1024,0.5982185743,0.5234891957,0.3802505116
Qwen/Qwen3-Embedding-0.6B,18,variance,3,35,52.92333424,52.92333424,2.133714893,4.552739245,0.0403170912,1,1024,0.5982185743,0.5234891957,0.3802505116
Qwen/Qwen3-Embedding-0.6B,18,variance,4,10,-1.176511166,1.655028893,1.883979354,3.549378205,1.601327218,79,1024,0.5982185743,0.5234891957,0.3802505116
Qwen/Qwen3-Embedding-0.6B,18,variance,5,22,-1.722546609,2.075217939,1.808337982,3.270086258,1.049804965,45,1024,0.5982185743,0.5234891957,0.3802505116
Qwen/Qwen3-Embedding-0.6B,18,variance,6,59,-1.915686977,2.128055096,1.667475071,2.780473114,0.8704319083,44,1024,0.5982185743,0.5234891957,0.3802505116
Qwen/Qwen3-Embedding-0.6B,18,variance,7,70,-3.078598148,3.095457068,1.493748886,2.231285735,0.4852042438,24,1024,0.5982185743,0.5234891957,0.3802505116
Qwen/Qwen3-Embedding-0.6B,18,variance,8,277,10.64356993,10.64356993,1.385964211,1.920896795,0.1302161042,4,1024,0.5982185743,0.5234891957,0.3802505116
Qwen/Qwen3-Embedding-0.6B,18,variance,9,38,2.850290338,2.854378371,1.378184934,1.899393712,0.4835244029,28,1024,0.5982185743,0.5234891957,0.3802505116
Qwen/Qwen3-Embedding-0.6B,18,variance,10,18,9.585416972,9.585416972,1.34425429,1.807019595,0.1402395215,5,1024,0.5982185743,0.5234891957,0.3802505116
Qwen/Qwen3-Embedding-0.6B,19,mean_abs,1,35,61.63274498,61.63274498,2.813491939,7.91573689,0.04564930443,2,1024,0.7332952691,0.6503236096,0.4669815745
Qwen/Qwen3-Embedding-0.6B,19,mean_abs,2,23,-14.54566481,14.55387296,1.271376217,1.616397485,0.08740585137,30,1024,0.7332952691,0.6503236096,0.4669815745
Qwen/Qwen3-Embedding-0.6B,19,mean_abs,3,30,14.28959677,14.28959677,2.855476426,8.153745618,0.1998290415,1,1024,0.7332952691,0.6503236096,0.4669815745
Qwen/Qwen3-Embedding-0.6B,19,mean_abs,4,18,12.2848091,12.2848091,1.780063898,3.168627479,0.1448995978,7,1024,0.7332952691,0.6503236096,0.4669815745
Qwen/Qwen3-Embedding-0.6B,19,mean_abs,5,28,11.35073364,11.35073364,1.473446323,2.171044068,0.1298106686,15,1024,0.7332952691,0.6503236096,0.4669815745
Qwen/Qwen3-Embedding-0.6B,19,mean_abs,6,277,11.11011825,11.11011825,1.621782528,2.630178567,0.1459734714,9,1024,0.7332952691,0.6503236096,0.4669815745
Qwen/Qwen3-Embedding-0.6B,19,mean_abs,7,13,-8.019985263,8.019985263,0.5635079156,0.3175411709,0.07026296148,355,1024,0.7332952691,0.6503236096,0.4669815745
Qwen/Qwen3-Embedding-0.6B,19,mean_abs,8,2,7.979859496,7.979859496,1.375400218,1.891725759,0.1723589517,20,1024,0.7332952691,0.6503236096,0.4669815745
Qwen/Qwen3-Embedding-0.6B,19,mean_abs,9,16,-7.636488648,7.636488648,1.154694086,1.333318432,0.1512074645,39,1024,0.7332952691,0.6503236096,0.4669815745
Qwen/Qwen3-Embedding-0.6B,19,mean_abs,10,19,-7.415178586,7.415178586,1.608906343,2.588579622,0.2169747262,11,1024,0.7332952691,0.6503236096,0.4669815745
Qwen/Qwen3-Embedding-0.6B,19,variance,1,30,14.28959677,14.28959677,2.855476426,8.153745618,0.1998290415,3,1024,0.7332952691,0.6503236096,0.4669815745
Qwen/Qwen3-Embedding-0.6B,19,variance,2,35,61.63274498,61.63274498,2.813491939,7.91573689,0.04564930443,1,1024,0.7332952691,0.6503236096,0.4669815745
Qwen/Qwen3-Embedding-0.6B,19,variance,3,74,0.3188692584,2.165884528,2.654614352,7.046977356,8.325087107,71,1024,0.7332952691,0.6503236096,0.4669815745
Qwen/Qwen3-Embedding-0.6B,19,variance,4,22,-0.4197395991,1.904519516,2.285278717,5.222498813,5.444515414,98,1024,0.7332952691,0.6503236096,0.4669815745
Qwen/Qwen3-Embedding-0.6B,19,variance,5,10,-0.6999459376,1.738017368,2.179122876,4.748576511,3.113273125,125,1024,0.7332952691,0.6503236096,0.4669815745
Qwen/Qwen3-Embedding-0.6B,19,variance,6,59,-2.615814165,2.754814276,1.947543293,3.792924877,0.7445266252,45,1024,0.7332952691,0.6503236096,0.4669815745
Qwen/Qwen3-Embedding-0.6B,19,variance,7,18,12.2848091,12.2848091,1.780063898,3.168627479,0.1448995978,4,1024,0.7332952691,0.6503236096,0.4669815745
Qwen/Qwen3-Embedding-0.6B,19,variance,8,70,-2.653877356,2.741555967,1.735897417,3.013339841,0.6540985826,46,1024,0.7332952691,0.6503236096,0.4669815745
Qwen/Qwen3-Embedding-0.6B,19,variance,9,277,11.11011825,11.11011825,1.621782528,2.630178567,0.1459734714,6,1024,0.7332952691,0.6503236096,0.4669815745
Qwen/Qwen3-Embedding-0.6B,19,variance,10,38,2.561850399,2.619348694,1.620359706,2.625565576,0.6324958344,51,1024,0.7332952691,0.6503236096,0.4669815745
Qwen/Qwen3-Embedding-0.6B,20,mean_abs,1,35,73.17694526,73.17694526,3.719871977,13.83744752,0.05083393361,1,1024,0.9853257724,0.8707716156,0.6371854888
Qwen/Qwen3-Embedding-0.6B,20,mean_abs,2,30,18.5225615,18.5225615,3.62024332,13.1061617,0.1954504684,2,1024,0.9853257724,0.8707716156,0.6371854888
Qwen/Qwen3-Embedding-0.6B,20,mean_abs,3,2,16.68717725,16.68717725,1.913731773,3.6623693,0.1146827737,15,1024,0.9853257724,0.8707716156,0.6371854888
Qwen/Qwen3-Embedding-0.6B,20,mean_abs,4,28,15.79551007,15.79551007,1.846595825,3.409916139,0.1169063751,19,1024,0.9853257724,0.8707716156,0.6371854888
Qwen/Qwen3-Embedding-0.6B,20,mean_abs,5,23,-15.34701393,15.36251212,1.503215053,2.259655497,0.09794837355,37,1024,0.9853257724,0.8707716156,0.6371854888
Qwen/Qwen3-Embedding-0.6B,20,mean_abs,6,18,14.26188439,14.26188439,2.074501797,4.303557705,0.1454577628,10,1024,0.9853257724,0.8707716156,0.6371854888
Qwen/Qwen3-Embedding-0.6B,20,mean_abs,7,277,13.08566527,13.08566527,1.973567154,3.894967313,0.1508190156,13,1024,0.9853257724,0.8707716156,0.6371854888
Qwen/Qwen3-Embedding-0.6B,20,mean_abs,8,32,11.03270641,11.03270641,2.022801119,4.091724368,0.1833458668,11,1024,0.9853257724,0.8707716156,0.6371854888
Qwen/Qwen3-Embedding-0.6B,20,mean_abs,9,7,-9.661187983,9.661187983,1.224218284,1.498710408,0.1267150879,107,1024,0.9853257724,0.8707716156,0.6371854888
Qwen/Qwen3-Embedding-0.6B,20,mean_abs,10,16,-9.124963126,9.124963126,1.391649819,1.93668922,0.1525101855,58,1024,0.9853257724,0.8707716156,0.6371854888
Qwen/Qwen3-Embedding-0.6B,20,variance,1,35,73.17694526,73.17694526,3.719871977,13.83744752,0.05083393361,1,1024,0.9853257724,0.8707716156,0.6371854888
Qwen/Qwen3-Embedding-0.6B,20,variance,2,30,18.5225615,18.5225615,3.62024332,13.1061617,0.1954504684,2,1024,0.9853257724,0.8707716156,0.6371854888
Qwen/Qwen3-Embedding-0.6B,20,variance,3,22,-1.344192892,2.958069924,3.332535757,11.10579457,2.479209476,72,1024,0.9853257724,0.8707716156,0.6371854888
Qwen/Qwen3-Embedding-0.6B,20,variance,4,74,2.031290038,2.95203631,2.953272528,8.721818623,1.453890125,73,1024,0.9853257724,0.8707716156,0.6371854888
Qwen/Qwen3-Embedding-0.6B,20,variance,5,10,-0.945987697,2.314375957,2.880156563,8.295301826,3.044602559,113,1024,0.9853257724,0.8707716156,0.6371854888
Qwen/Qwen3-Embedding-0.6B,20,variance,6,59,-2.542578755,2.876370407,2.479322369,6.147039411,0.9751211698,76,1024,0.9853257724,0.8707716156,0.6371854888
Qwen/Qwen3-Embedding-0.6B,20,variance,7,58,2.063222118,2.41457615,2.449007614,5.997638292,1.186982047,106,1024,0.9853257724,0.8707716156,0.6371854888
Qwen/Qwen3-Embedding-0.6B,20,variance,8,70,-3.543958008,3.628928549,2.247833273,5.052754425,0.6342719831,46,1024,0.9853257724,0.8707716156,0.6371854888
Qwen/Qwen3-Embedding-0.6B,20,variance,9,38,3.207305614,3.33266469,2.244991985,5.039989011,0.6999619789,54,1024,0.9853257724,0.8707716156,0.6371854888
Qwen/Qwen3-Embedding-0.6B,20,variance,10,18,14.26188439,14.26188439,2.074501797,4.303557705,0.1454577628,6,1024,0.9853257724,0.8707716156,0.6371854888
Qwen/Qwen3-Embedding-0.6B,21,mean_abs,1,35,92.43847246,92.43847246,5.093531233,25.94406042,0.05510185421,1,1024,1.291626829,1.076119725,0.9008943258
Qwen/Qwen3-Embedding-0.6B,21,mean_abs,2,2,28.51757005,28.51757005,2.233222053,4.987280739,0.07831039074,16,1024,1.291626829,1.076119725,0.9008943258
Qwen/Qwen3-Embedding-0.6B,21,mean_abs,3,30,22.1262755,22.1262755,4.322931623,18.68773782,0.1953754767,2,1024,1.291626829,1.076119725,0.9008943258
Qwen/Qwen3-Embedding-0.6B,21,mean_abs,4,23,-19.40481204,19.42102508,1.986864238,3.947629499,0.1023902851,30,1024,1.291626829,1.076119725,0.9008943258
Qwen/Qwen3-Embedding-0.6B,21,mean_abs,5,28,17.2070406,17.2070406,2.004733287,4.018955554,0.1165065704,28,1024,1.291626829,1.076119725,0.9008943258
Qwen/Qwen3-Embedding-0.6B,21,mean_abs,6,18,17.13835551,17.13835551,2.447511558,5.990312826,0.1428090085,10,1024,1.291626829,1.076119725,0.9008943258
Qwen/Qwen3-Embedding-0.6B,21,mean_abs,7,13,16.03938615,16.03938615,2.569896699,6.604369042,0.1602241305,8,1024,1.291626829,1.076119725,0.9008943258
Qwen/Qwen3-Embedding-0.6B,21,mean_abs,8,277,15.88266811,15.88266811,2.339647387,5.473949897,0.1473082086,14,1024,1.291626829,1.076119725,0.9008943258
Qwen/Qwen3-Embedding-0.6B,21,mean_abs,9,7,-14.5660995,14.5660995,1.592302292,2.535426591,0.1093156265,110,1024,1.291626829,1.076119725,0.9008943258
Qwen/Qwen3-Embedding-0.6B,21,mean_abs,10,32,11.01069211,11.01069211,2.355178228,5.546864485,0.2138991995,12,1024,1.291626829,1.076119725,0.9008943258
Qwen/Qwen3-Embedding-0.6B,21,variance,1,35,92.43847246,92.43847246,5.093531233,25.94406042,0.05510185421,1,1024,1.291626829,1.076119725,0.9008943258
Qwen/Qwen3-Embedding-0.6B,21,variance,2,30,22.1262755,22.1262755,4.322931623,18.68773782,0.1953754767,3,1024,1.291626829,1.076119725,0.9008943258
Qwen/Qwen3-Embedding-0.6B,21,variance,3,22,-0.6137186119,2.869372603,3.456298373,11.94599844,5.631731393,114,1024,1.291626829,1.076119725,0.9008943258
Qwen/Qwen3-Embedding-0.6B,21,variance,4,10,-0.3555183121,2.382205738,3.01129917,9.067922689,8.470166142,177,1024,1.291626829,1.076119725,0.9008943258
Qwen/Qwen3-Embedding-0.6B,21,variance,5,74,2.046835816,2.928680144,2.911829381,8.478750343,1.422600366,110,1024,1.291626829,1.076119725,0.9008943258
Qwen/Qwen3-Embedding-0.6B,21,variance,6,58,3.37558579,3.464474536,2.602128077,6.771070528,0.7708671143,80,1024,1.291626829,1.076119725,0.9008943258
Qwen/Qwen3-Embedding-0.6B,21,variance,7,59,-0.9581685162,2.180858038,2.57890508,6.650751412,2.691494279,206,1024,1.291626829,1.076119725,0.9008943258
Qwen/Qwen3-Embedding-0.6B,21,variance,8,13,16.03938615,16.03938615,2.569896699,6.604369042,0.1602241305,7,1024,1.291626829,1.076119725,0.9008943258
Qwen/Qwen3-Embedding-0.6B,21,variance,9,38,2.714888687,3.041400959,2.548190875,6.493276737,0.9385986569,103,1024,1.291626829,1.076119725,0.9008943258
Qwen/Qwen3-Embedding-0.6B,21,variance,10,18,17.13835551,17.13835551,2.447511558,5.990312826,0.1428090085,6,1024,1.291626829,1.076119725,0.9008943258
Qwen/Qwen3-Embedding-0.6B,22,mean_abs,1,35,123.809984,123.809984,7.116147926,50.63956131,0.05747636577,1,1024,1.562492966,1.272676758,1.190940383
Qwen/Qwen3-Embedding-0.6B,22,mean_abs,2,13,45.21696288,45.21696288,4.126157099,17.02517241,0.09125241583,3,1024,1.562492966,1.272676758,1.190940383
Qwen/Qwen3-Embedding-0.6B,22,mean_abs,3,2,40.61099097,40.61099097,2.472065297,6.111106834,0.06087182898,20,1024,1.562492966,1.272676758,1.190940383
Qwen/Qwen3-Embedding-0.6B,22,mean_abs,4,30,24.89107427,24.89107427,4.441254434,19.72474095,0.1784275916,2,1024,1.562492966,1.272676758,1.190940383
Qwen/Qwen3-Embedding-0.6B,22,mean_abs,5,277,20.34400857,20.34400857,2.792833035,7.799916363,0.1372803706,8,1024,1.562492966,1.272676758,1.190940383
Qwen/Qwen3-Embedding-0.6B,22,mean_abs,6,23,-19.55750879,19.58306275,2.255650497,5.087959166,0.1153342443,40,1024,1.562492966,1.272676758,1.190940383
Qwen/Qwen3-Embedding-0.6B,22,mean_abs,7,18,19.42630525,19.42630525,2.764910191,7.644728363,0.1423281553,9,1024,1.562492966,1.272676758,1.190940383
Qwen/Qwen3-Embedding-0.6B,22,mean_abs,8,28,19.11591578,19.11591578,2.078347292,4.319527467,0.1087233965,62,1024,1.562492966,1.272676758,1.190940383
Qwen/Qwen3-Embedding-0.6B,22,mean_abs,9,7,-18.23508631,18.23508631,2.002568555,4.010280817,0.1098195271,81,1024,1.562492966,1.272676758,1.190940383
Qwen/Qwen3-Embedding-0.6B,22,mean_abs,10,32,14.61751108,14.61751108,2.633912726,6.93749625,0.1801888647,17,1024,1.562492966,1.272676758,1.190940383
Qwen/Qwen3-Embedding-0.6B,22,variance,1,35,123.809984,123.809984,7.116147926,50.63956131,0.05747636577,1,1024,1.562492966,1.272676758,1.190940383
Qwen/Qwen3-Embedding-0.6B,22,variance,2,30,24.89107427,24.89107427,4.441254434,19.72474095,0.1784275916,4,1024,1.562492966,1.272676758,1.190940383
Qwen/Qwen3-Embedding-0.6B,22,variance,3,13,45.21696288,45.21696288,4.126157099,17.02517241,0.09125241583,2,1024,1.562492966,1.272676758,1.190940383
Qwen/Qwen3-Embedding-0.6B,22,variance,4,22,0.5759791512,3.172560692,3.912579144,15.30827556,6.792918001,137,1024,1.562492966,1.272676758,1.190940383
Qwen/Qwen3-Embedding-0.6B,22,variance,5,10,-0.09464510669,2.437743536,3.063573746,9.3854841,32.36906644,238,1024,1.562492966,1.272676758,1.190940383
Qwen/Qwen3-Embedding-0.6B,22,variance,6,74,1.122075624,2.622317597,3.046315553,9.28003845,2.714893265,201,1024,1.562492966,1.272676758,1.190940383
Qwen/Qwen3-Embedding-0.6B,22,variance,7,58,3.761422967,3.849067357,2.806812351,7.878195572,0.7462102443,83,1024,1.562492966,1.272676758,1.190940383
Qwen/Qwen3-Embedding-0.6B,22,variance,8,277,20.34400857,20.34400857,2.792833035,7.799916363,0.1372803706,5,1024,1.562492966,1.272676758,1.190940383
Qwen/Qwen3-Embedding-0.6B,22,variance,9,18,19.42630525,19.42630525,2.764910191,7.644728363,0.1423281553,7,1024,1.562492966,1.272676758,1.190940383
Qwen/Qwen3-Embedding-0.6B,22,variance,10,17,-0.8951233649,2.340031183,2.760151708,7.618437453,3.08354336,262,1024,1.562492966,1.272676758,1.190940383
Qwen/Qwen3-Embedding-0.6B,23,mean_abs,1,35,146.8395995,146.8395995,9.227228368,85.14174336,0.06283882821,1,1024,1.726408173,1.42311209,1.37776131
Qwen/Qwen3-Embedding-0.6B,23,mean_abs,2,13,77.37224154,77.37224154,5.881034084,34.58656189,0.07600961232,2,1024,1.726408173,1.42311209,1.37776131
Qwen/Qwen3-Embedding-0.6B,23,mean_abs,3,2,55.98682236,55.98682236,3.319018411,11.01588321,0.05928213589,5,1024,1.726408173,1.42311209,1.37776131
Qwen/Qwen3-Embedding-0.6B,23,mean_abs,4,30,26.57103427,26.57103427,4.61431644,21.29191621,0.1736596473,3,1024,1.726408173,1.42311209,1.37776131
Qwen/Qwen3-Embedding-0.6B,23,mean_abs,5,277,22.78192911,22.78224743,3.164132297,10.01173319,0.1388878124,6,1024,1.726408173,1.42311209,1.37776131
Qwen/Qwen3-Embedding-0.6B,23,mean_abs,6,18,21.27306571,21.27306571,3.108540981,9.663027028,0.14612567,8,1024,1.726408173,1.42311209,1.37776131
Qwen/Qwen3-Embedding-0.6B,23,mean_abs,7,7,-20.97100027,20.97100027,2.69773189,7.277757348,0.1286410688,19,1024,1.726408173,1.42311209,1.37776131
Qwen/Qwen3-Embedding-0.6B,23,mean_abs,8,23,-20.54841698,20.57084977,2.534061893,6.421469679,0.123321514,35,1024,1.726408173,1.42311209,1.37776131
Qwen/Qwen3-Embedding-0.6B,23,mean_abs,9,28,19.78453241,19.78453241,2.096221625,4.394145102,0.1059525483,99,1024,1.726408173,1.42311209,1.37776131
Qwen/Qwen3-Embedding-0.6B,23,mean_abs,10,32,16.09422331,16.09422331,2.883544846,8.314830877,0.1791664493,14,1024,1.726408173,1.42311209,1.37776131
Qwen/Qwen3-Embedding-0.6B,23,variance,1,35,146.8395995,146.8395995,9.227228368,85.14174336,0.06283882821,1,1024,1.726408173,1.42311209,1.37776131
Qwen/Qwen3-Embedding-0.6B,23,variance,2,13,77.37224154,77.37224154,5.881034084,34.58656189,0.07600961232,2,1024,1.726408173,1.42311209,1.37776131
Qwen/Qwen3-Embedding-0.6B,23,variance,3,30,26.57103427,26.57103427,4.61431644,21.29191621,0.1736596473,4,1024,1.726408173,1.42311209,1.37776131
Qwen/Qwen3-Embedding-0.6B,23,variance,4,22,0.9692814536,3.318811932,4.021056846,16.16889816,4.148492506,154,1024,1.726408173,1.42311209,1.37776131
Qwen/Qwen3-Embedding-0.6B,23,variance,5,2,55.98682236,55.98682236,3.319018411,11.01588321,0.05928213589,3,1024,1.726408173,1.42311209,1.37776131
Qwen/Qwen3-Embedding-0.6B,23,variance,6,277,22.78192911,22.78224743,3.164132297,10.01173319,0.1388878124,5,1024,1.726408173,1.42311209,1.37776131
Qwen/Qwen3-Embedding-0.6B,23,variance,7,16,-13.8174339,13.8174339,3.125072139,9.766075872,0.2261687779,12,1024,1.726408173,1.42311209,1.37776131
Qwen/Qwen3-Embedding-0.6B,23,variance,8,18,21.27306571,21.27306571,3.108540981,9.663027028,0.14612567,6,1024,1.726408173,1.42311209,1.37776131
Qwen/Qwen3-Embedding-0.6B,23,variance,9,60,13.13576576,13.14885478,3.059029079,9.357658904,0.2328778646,13,1024,1.726408173,1.42311209,1.37776131
Qwen/Qwen3-Embedding-0.6B,23,variance,10,10,0.02815148035,2.438831598,3.044177111,9.267014285,108.1355962,280,1024,1.726408173,1.42311209,1.37776131
Qwen/Qwen3-Embedding-0.6B,24,mean_abs,1,35,176.888715,176.888715,10.96194567,120.1642528,0.06197085928,1,1024,2.022717873,1.678170296,1.60774532
Qwen/Qwen3-Embedding-0.6B,24,mean_abs,2,13,114.3913645,114.3913645,7.569163576,57.29223723,0.06616901205,2,1024,2.022717873,1.678170296,1.60774532
Qwen/Qwen3-Embedding-0.6B,24,mean_abs,3,2,81.39989597,81.39989597,4.813464152,23.16943714,0.05913354181,3,1024,2.022717873,1.678170296,1.60774532
Qwen/Qwen3-Embedding-0.6B,24,mean_abs,4,30,26.82940943,26.82940943,4.691373516,22.00898547,0.1748593658,4,1024,2.022717873,1.678170296,1.60774532
Qwen/Qwen3-Embedding-0.6B,24,mean_abs,5,277,24.31785764,24.31785764,3.797137382,14.4182523,0.1561460486,6,1024,2.022717873,1.678170296,1.60774532
Qwen/Qwen3-Embedding-0.6B,24,mean_abs,6,7,-23.59355521,23.59355521,3.213768756,10.32830962,0.1362138401,14,1024,2.022717873,1.678170296,1.60774532
Qwen/Qwen3-Embedding-0.6B,24,mean_abs,7,18,22.43456219,22.43456219,3.700262474,13.69194237,0.1649358005,7,1024,2.022717873,1.678170296,1.60774532
Qwen/Qwen3-Embedding-0.6B,24,mean_abs,8,28,20.53766281,20.53766281,2.133025973,4.549799801,0.1038592362,147,1024,2.022717873,1.678170296,1.60774532
Qwen/Qwen3-Embedding-0.6B,24,mean_abs,9,23,-20.395681,20.42174112,2.797606757,7.826603565,0.1371666264,35,1024,2.022717873,1.678170296,1.60774532
Qwen/Qwen3-Embedding-0.6B,24,mean_abs,10,429,17.22967318,17.22967318,2.462002703,6.061457308,0.1428931749,68,1024,2.022717873,1.678170296,1.60774532
Qwen/Qwen3-Embedding-0.6B,24,variance,1,35,176.888715,176.888715,10.96194567,120.1642528,0.06197085928,1,1024,2.022717873,1.678170296,1.60774532
Qwen/Qwen3-Embedding-0.6B,24,variance,2,13,114.3913645,114.3913645,7.569163576,57.29223723,0.06616901205,2,1024,2.022717873,1.678170296,1.60774532
Qwen/Qwen3-Embedding-0.6B,24,variance,3,2,81.39989597,81.39989597,4.813464152,23.16943714,0.05913354181,3,1024,2.022717873,1.678170296,1.60774532
Qwen/Qwen3-Embedding-0.6B,24,variance,4,30,26.82940943,26.82940943,4.691373516,22.00898547,0.1748593658,4,1024,2.022717873,1.678170296,1.60774532
Qwen/Qwen3-Embedding-0.6B,24,variance,5,22,0.7403730935,3.333072662,4.077758023,16.62811049,5.507706937,182,1024,2.022717873,1.678170296,1.60774532
Qwen/Qwen3-Embedding-0.6B,24,variance,6,277,24.31785764,24.31785764,3.797137382,14.4182523,0.1561460486,5,1024,2.022717873,1.678170296,1.60774532
Qwen/Qwen3-Embedding-0.6B,24,variance,7,18,22.43456219,22.43456219,3.700262474,13.69194237,0.1649358005,7,1024,2.022717873,1.678170296,1.60774532
Qwen/Qwen3-Embedding-0.6B,24,variance,8,16,-15.04472117,15.04472117,3.56682493,12.72224008,0.2370814912,12,1024,2.022717873,1.678170296,1.60774532
Qwen/Qwen3-Embedding-0.6B,24,variance,9,60,14.01098117,14.02351529,3.462057277,11.98584059,0.2470959911,13,1024,2.022717873,1.678170296,1.60774532
Qwen/Qwen3-Embedding-0.6B,24,variance,10,17,0.5015148379,2.684295242,3.374131059,11.3847604,6.727878826,314,1024,2.022717873,1.678170296,1.60774532
Qwen/Qwen3-Embedding-0.6B,25,mean_abs,1,35,202.222343,202.222343,12.26576877,150.4490834,0.06065486427,1,1024,2.321970755,1.951981796,1.848901778
Qwen/Qwen3-Embedding-0.6B,25,mean_abs,2,13,158.9776718,158.9776718,8.708434162,75.83682556,0.05477771857,2,1024,2.321970755,1.951981796,1.848901778
Qwen/Qwen3-Embedding-0.6B,25,mean_abs,3,2,114.7191261,114.7191261,6.317568995,39.91167801,0.05506988425,3,1024,2.321970755,1.951981796,1.848901778
Qwen/Qwen3-Embedding-0.6B,25,mean_abs,4,7,-30.74668206,30.74668206,3.63822438,13.23667664,0.1183290078,11,1024,2.321970755,1.951981796,1.848901778
Qwen/Qwen3-Embedding-0.6B,25,mean_abs,5,30,26.80446941,26.80446941,4.81953125,23.22788147,0.17980327,4,1024,2.321970755,1.951981796,1.848901778
Qwen/Qwen3-Embedding-0.6B,25,mean_abs,6,18,23.49526181,23.49526181,4.015599812,16.12504185,0.1709110477,7,1024,2.321970755,1.951981796,1.848901778
Qwen/Qwen3-Embedding-0.6B,25,mean_abs,7,28,21.27098793,21.27098793,2.178478865,4.745770166,0.1024155001,213,1024,2.321970755,1.951981796,1.848901778
Qwen/Qwen3-Embedding-0.6B,25,mean_abs,8,429,20.4155607,20.4155607,2.851425606,8.130627988,0.1396692282,45,1024,2.321970755,1.951981796,1.848901778
Qwen/Qwen3-Embedding-0.6B,25,mean_abs,9,277,20.36796673,20.3876979,4.1718843,17.40461862,0.2048257618,5,1024,2.321970755,1.951981796,1.848901778
Qwen/Qwen3-Embedding-0.6B,25,mean_abs,10,23,-18.16156997,18.20027064,3.12044689,9.737188793,0.171815922,28,1024,2.321970755,1.951981796,1.848901778
Qwen/Qwen3-Embedding-0.6B,25,variance,1,35,202.222343,202.222343,12.26576877,150.4490834,0.06065486427,1,1024,2.321970755,1.951981796,1.848901778
Qwen/Qwen3-Embedding-0.6B,25,variance,2,13,158.9776718,158.9776718,8.708434162,75.83682556,0.05477771857,2,1024,2.321970755,1.951981796,1.848901778
Qwen/Qwen3-Embedding-0.6B,25,variance,3,2,114.7191261,114.7191261,6.317568995,39.91167801,0.05506988425,3,1024,2.321970755,1.951981796,1.848901778
Qwen/Qwen3-Embedding-0.6B,25,variance,4,30,26.80446941,26.80446941,4.81953125,23.22788147,0.17980327,5,1024,2.321970755,1.951981796,1.848901778
Qwen/Qwen3-Embedding-0.6B,25,variance,5,277,20.36796673,20.3876979,4.1718843,17.40461862,0.2048257618,9,1024,2.321970755,1.951981796,1.848901778
Qwen/Qwen3-Embedding-0.6B,25,variance,6,22,0.18839331,3.34274873,4.132417284,17.07687261,21.93505324,292,1024,2.321970755,1.951981796,1.848901778
Qwen/Qwen3-Embedding-0.6B,25,variance,7,18,23.49526181,23.49526181,4.015599812,16.12504185,0.1709110477,6,1024,2.321970755,1.951981796,1.848901778
Qwen/Qwen3-Embedding-0.6B,25,variance,8,60,16.35640261,16.37173479,4.014010835,16.11228299,0.2454091484,11,1024,2.321970755,1.951981796,1.848901778
Qwen/Qwen3-Embedding-0.6B,25,variance,9,16,-15.86800409,15.86800409,3.748436647,14.05077729,0.2362260953,13,1024,2.321970755,1.951981796,1.848901778
Qwen/Qwen3-Embedding-0.6B,25,variance,10,264,-3.013133086,4.008479516,3.646932977,13.30012014,1.210345801,200,1024,2.321970755,1.951981796,1.848901778
Qwen/Qwen3-Embedding-0.6B,26,mean_abs,1,35,228.7656294,228.7656294,12.9849552,168.6090615,0.05676095327,1,1024,2.705208243,2.34210161,2.146339585
Qwen/Qwen3-Embedding-0.6B,26,mean_abs,2,13,203.943868,203.943868,9.180836758,84.28776358,0.04501648836,2,1024,2.705208243,2.34210161,2.146339585
Qwen/Qwen3-Embedding-0.6B,26,mean_abs,3,2,152.4124472,152.4124472,6.735925655,45.37269443,0.0441953776,3,1024,2.705208243,2.34210161,2.146339585
Qwen/Qwen3-Embedding-0.6B,26,mean_abs,4,7,-33.10422955,33.10422955,4.09762173,16.79050384,0.1237794018,10,1024,2.705208243,2.34210161,2.146339585
Qwen/Qwen3-Embedding-0.6B,26,mean_abs,5,30,27.89453874,27.89453874,5.023864665,25.23921617,0.1801020878,4,1024,2.705208243,2.34210161,2.146339585
Qwen/Qwen3-Embedding-0.6B,26,mean_abs,6,429,23.90701515,23.90701515,3.354377906,11.25185114,0.1403093563,27,1024,2.705208243,2.34210161,2.146339585
Qwen/Qwen3-Embedding-0.6B,26,mean_abs,7,18,23.71692658,23.71692658,4.431240905,19.63589596,0.1868387495,6,1024,2.705208243,2.34210161,2.146339585
Qwen/Qwen3-Embedding-0.6B,26,mean_abs,8,28,23.35257596,23.35257596,2.280090162,5.198811145,0.09763762961,356,1024,2.705208243,2.34210161,2.146339585
Qwen/Qwen3-Embedding-0.6B,26,mean_abs,9,23,-16.30260529,16.34273423,3.295594439,10.86094271,0.2021513973,33,1024,2.705208243,2.34210161,2.146339585
Qwen/Qwen3-Embedding-0.6B,26,mean_abs,10,16,-16.05270159,16.05270159,3.878931444,15.04610915,0.2416372984,13,1024,2.705208243,2.34210161,2.146339585
Qwen/Qwen3-Embedding-0.6B,26,variance,1,35,228.7656294,228.7656294,12.9849552,168.6090615,0.05676095327,1,1024,2.705208243,2.34210161,2.146339585
Qwen/Qwen3-Embedding-0.6B,26,variance,2,13,203.943868,203.943868,9.180836758,84.28776358,0.04501648836,2,1024,2.705208243,2.34210161,2.146339585
Qwen/Qwen3-Embedding-0.6B,26,variance,3,2,152.4124472,152.4124472,6.735925655,45.37269443,0.0441953776,3,1024,2.705208243,2.34210161,2.146339585
Qwen/Qwen3-Embedding-0.6B,26,variance,4,30,27.89453874,27.89453874,5.023864665,25.23921617,0.1801020878,5,1024,2.705208243,2.34210161,2.146339585
Qwen/Qwen3-Embedding-0.6B,26,variance,5,277,15.5474377,15.60012951,4.790026928,22.94435797,0.3080910836,12,1024,2.705208243,2.34210161,2.146339585
Qwen/Qwen3-Embedding-0.6B,26,variance,6,18,23.71692658,23.71692658,4.431240905,19.63589596,0.1868387495,7,1024,2.705208243,2.34210161,2.146339585
Qwen/Qwen3-Embedding-0.6B,26,variance,7,60,15.66094898,15.6694808,4.296146787,18.45687722,0.2743222517,11,1024,2.705208243,2.34210161,2.146339585
Qwen/Qwen3-Embedding-0.6B,26,variance,8,22,-2.544954031,4.079418792,4.245206834,18.02178107,1.668087825,257,1024,2.705208243,2.34210161,2.146339585
Qwen/Qwen3-Embedding-0.6B,26,variance,9,264,-3.648484098,4.702402582,4.160758124,17.31190816,1.140407362,213,1024,2.705208243,2.34210161,2.146339585
Qwen/Qwen3-Embedding-0.6B,26,variance,10,7,-33.10422955,33.10422955,4.09762173,16.79050384,0.1237794018,4,1024,2.705208243,2.34210161,2.146339585
Qwen/Qwen3-Embedding-0.6B,27,mean_abs,1,35,283.6246472,283.6246472,17.65005419,311.5244129,0.06223032577,1,1024,3.444375449,3.239333148,2.377094793
Qwen/Qwen3-Embedding-0.6B,27,mean_abs,2,13,268.4569637,268.4569637,13.15342333,173.0125453,0.04899639461,2,1024,3.444375449,3.239333148,2.377094793
Qwen/Qwen3-Embedding-0.6B,27,mean_abs,3,2,220.9080152,220.9080152,9.983800629,99.676275,0.0451943793,3,1024,3.444375449,3.239333148,2.377094793
Qwen/Qwen3-Embedding-0.6B,27,mean_abs,4,28,32.55968158,32.55968158,3.253553468,10.58561017,0.09992583803,51,1024,3.444375449,3.239333148,2.377094793
Qwen/Qwen3-Embedding-0.6B,27,mean_abs,5,429,29.65590978,29.65590978,4.057802428,16.46576054,0.1368294703,12,1024,3.444375449,3.239333148,2.377094793
Qwen/Qwen3-Embedding-0.6B,27,mean_abs,6,30,29.36539765,29.36539765,4.558522928,20.78013128,0.1552345036,6,1024,3.444375449,3.239333148,2.377094793
Qwen/Qwen3-Embedding-0.6B,27,mean_abs,7,7,-26.76478666,26.76478666,4.091792012,16.74276187,0.1528796797,11,1024,3.444375449,3.239333148,2.377094793
Qwen/Qwen3-Embedding-0.6B,27,mean_abs,8,18,24.12182931,24.12182931,4.427362998,19.60154312,0.1835417597,7,1024,3.444375449,3.239333148,2.377094793
Qwen/Qwen3-Embedding-0.6B,27,mean_abs,9,368,19.49597136,19.49597136,2.287842277,5.234222285,0.117349489,631,1024,3.444375449,3.239333148,2.377094793
Qwen/Qwen3-Embedding-0.6B,27,mean_abs,10,112,18.33488645,18.33488645,2.92949378,8.581933808,0.1597770343,111,1024,3.444375449,3.239333148,2.377094793
Qwen/Qwen3-Embedding-0.6B,27,variance,1,35,283.6246472,283.6246472,17.65005419,311.5244129,0.06223032577,1,1024,3.444375449,3.239333148,2.377094793
Qwen/Qwen3-Embedding-0.6B,27,variance,2,13,268.4569637,268.4569637,13.15342333,173.0125453,0.04899639461,2,1024,3.444375449,3.239333148,2.377094793
Qwen/Qwen3-Embedding-0.6B,27,variance,3,2,220.9080152,220.9080152,9.983800629,99.676275,0.0451943793,3,1024,3.444375449,3.239333148,2.377094793
Qwen/Qwen3-Embedding-0.6B,27,variance,4,277,10.81579882,11.16967609,5.391405864,29.06725719,0.4984750505,39,1024,3.444375449,3.239333148,2.377094793
Qwen/Qwen3-Embedding-0.6B,27,variance,5,22,-8.165405563,8.244077564,5.352608767,28.65042061,0.655522708,115,1024,3.444375449,3.239333148,2.377094793
Qwen/Qwen3-Embedding-0.6B,27,variance,6,30,29.36539765,29.36539765,4.558522928,20.78013128,0.1552345036,6,1024,3.444375449,3.239333148,2.377094793
Qwen/Qwen3-Embedding-0.6B,27,variance,7,18,24.12182931,24.12182931,4.427362998,19.60154312,0.1835417597,8,1024,3.444375449,3.239333148,2.377094793
Qwen/Qwen3-Embedding-0.6B,27,variance,8,61,-12.2183071,12.40769801,4.413928326,19.48276327,0.3612553106,25,1024,3.444375449,3.239333148,2.377094793
Qwen/Qwen3-Embedding-0.6B,27,variance,9,341,-5.200263997,5.822617902,4.394704586,19.31342839,0.845092593,245,1024,3.444375449,3.239333148,2.377094793
Qwen/Qwen3-Embedding-0.6B,27,variance,10,264,-3.003924519,4.371697106,4.262722384,18.17080213,1.419051097,375,1024,3.444375449,3.239333148,2.377094793
Qwen/Qwen3-Embedding-0.6B,28,mean_abs,1,370,-11.53959035,11.53959035,1.141047241,1.301988807,0.09888108735,63,1024,1.173125329,1.098093087,0.7896708436
Qwen/Qwen3-Embedding-0.6B,28,mean_abs,2,429,10.06454598,10.06483066,1.762611815,3.10680041,0.1751307826,10,1024,1.173125329,1.098093087,0.7896708436
Qwen/Qwen3-Embedding-0.6B,28,mean_abs,3,416,9.959022901,9.959022901,1.323848596,1.752575106,0.1329295664,28,1024,1.173125329,1.098093087,0.7896708436
Qwen/Qwen3-Embedding-0.6B,28,mean_abs,4,27,-9.592745023,9.604498769,1.370487933,1.878237174,0.1428671282,22,1024,1.173125329,1.098093087,0.7896708436
Qwen/Qwen3-Embedding-0.6B,28,mean_abs,5,61,-8.362623224,8.401349052,2.092013872,4.376522042,0.2501623972,3,1024,1.173125329,1.098093087,0.7896708436
Qwen/Qwen3-Embedding-0.6B,28,mean_abs,6,619,-8.242923951,8.242923951,0.8321782047,0.6925205643,0.1009566763,380,1024,1.173125329,1.098093087,0.7896708436
Qwen/Qwen3-Embedding-0.6B,28,mean_abs,7,12,8.240917858,8.240917858,1.104649111,1.220249658,0.1340444268,73,1024,1.173125329,1.098093087,0.7896708436
Qwen/Qwen3-Embedding-0.6B,28,mean_abs,8,19,-7.821188738,7.821188738,1.564165482,2.446613656,0.1999907603,14,1024,1.173125329,1.098093087,0.7896708436
Qwen/Qwen3-Embedding-0.6B,28,mean_abs,9,396,-7.562514164,7.562514164,1.341410214,1.799381362,0.177376225,25,1024,1.173125329,1.098093087,0.7896708436
Qwen/Qwen3-Embedding-0.6B,28,mean_abs,10,28,7.307875699,7.307989982,1.068128983,1.140899525,0.1461613508,87,1024,1.173125329,1.098093087,0.7896708436
Qwen/Qwen3-Embedding-0.6B,28,variance,1,7,-6.713325947,6.817808333,3.028605319,9.172450177,0.4511333641,15,1024,1.173125329,1.098093087,0.7896708436
Qwen/Qwen3-Embedding-0.6B,28,variance,2,277,-3.042850559,3.17414458,2.535787211,6.430216778,0.8333591024,69,1024,1.173125329,1.098093087,0.7896708436
Qwen/Qwen3-Embedding-0.6B,28,variance,3,61,-8.362623224,8.401349052,2.092013872,4.376522042,0.2501623972,5,1024,1.173125329,1.098093087,0.7896708436
Qwen/Qwen3-Embedding-0.6B,28,variance,4,1,-2.928203211,3.169506239,2.011848604,4.047534805,0.6870590798,72,1024,1.173125329,1.098093087,0.7896708436
Qwen/Qwen3-Embedding-0.6B,28,variance,5,16,2.3395185,2.514521924,1.954193568,3.818872501,0.835297335,146,1024,1.173125329,1.098093087,0.7896708436
Qwen/Qwen3-Embedding-0.6B,28,variance,6,18,-1.862636299,2.183558343,1.924943458,3.705407316,1.03345106,211,1024,1.173125329,1.098093087,0.7896708436
Qwen/Qwen3-Embedding-0.6B,28,variance,7,23,5.315563001,5.315563001,1.9073259,3.63789209,0.3588191693,25,1024,1.173125329,1.098093087,0.7896708436
Qwen/Qwen3-Embedding-0.6B,28,variance,8,106,-0.4576812027,1.403330513,1.831595171,3.354740871,4.001901673,424,1024,1.173125329,1.098093087,0.7896708436
Qwen/Qwen3-Embedding-0.6B,28,variance,9,55,-2.61421153,2.781876373,1.795542946,3.223974471,0.6868391962,101,1024,1.173125329,1.098093087,0.7896708436
Qwen/Qwen3-Embedding-0.6B,28,variance,10,429,10.06454598,10.06483066,1.762611815,3.10680041,0.1751307826,2,1024,1.173125329,1.098093087,0.7896708436
