example_id,model_name,model_short,model_type,layer,method,repr,pooling,D,tau,baseline_tau,abtt_tau,query_index,candidate_index,query_file_id,candidate_file_id,query_path,candidate_path,query_folder_id,candidate_folder_id,candidate_label,candidate_role,gold_similar,baseline_score,abtt_score,baseline_pred,abtt_pred,bucket,baseline_disagrees,baseline_margin,abtt_margin,baseline_margin_abs,abtt_margin_abs,bucket_slot,methods_available
1,bowphs/LaTa,LaTa,t5,7,abtt_optimal,hidden,mean,10,0.5025125628140703,0.9949748743718592,0.5025125628140703,,,532,529,/projects/beto/irowerojas/localLatin/data/canon_labelled/CGAN.355.14/Hat42.165v.2.txt,/projects/beto/irowerojas/localLatin/data/canon_labelled/CGAN.355.14/BN1454.60r.2.txt,CGAN.355.14,CGAN.355.14,CGAN.355.14,pair_example,1,,,,,rand_similar,,,,,,,"ig,bertscore,ot,attention_weighted,dla,attention_standalone,retrieval_mark"
2,bowphs/LaTa,LaTa,t5,7,abtt_optimal,hidden,mean,10,0.5025125628140703,0.9949748743718592,0.5025125628140703,,,991,992,/projects/beto/irowerojas/localLatin/data/canon_labelled/CORL.511.26/BN2123.90v.3.txt,/projects/beto/irowerojas/localLatin/data/canon_labelled/CORL.511.26/Brn425.43v.2.txt,CORL.511.26,CORL.511.26,CORL.511.26,pair_example,1,,,,,rand_similar,,,,,,,"ig,bertscore,ot,attention_weighted,dla,attention_standalone,retrieval_mark"
3,bowphs/LaTa,LaTa,t5,7,abtt_optimal,hidden,mean,10,0.5025125628140703,0.9949748743718592,0.5025125628140703,,,803,801,/projects/beto/irowerojas/localLatin/data/canon_labelled/CNIC.325.11/C1525.12v.1.txt,/projects/beto/irowerojas/localLatin/data/canon_labelled/CNIC.325.11/BN1454.48r.1.txt,CNIC.325.11,CNIC.325.11,CNIC.325.11,pair_example,1,,,,,rand_similar,,,,,,,"ig,bertscore,ot,attention_weighted,dla,attention_standalone,retrieval_mark"
4,bowphs/LaTa,LaTa,t5,7,abtt_optimal,hidden,mean,10,0.5025125628140703,0.9949748743718592,0.5025125628140703,,,555,553,/projects/beto/irowerojas/localLatin/data/canon_labelled/CGAN.355.19/KoeD213.30v.4.txt,/projects/beto/irowerojas/localLatin/data/canon_labelled/CGAN.355.19/C1525.26r.2.txt,CGAN.355.19,CGAN.355.19,CGAN.355.19,pair_example,1,,,,,rand_similar,,,,,,,"ig,bertscore,ot,attention_weighted,dla,attention_standalone,retrieval_mark"
5,bowphs/LaTa,LaTa,t5,7,abtt_optimal,hidden,mean,10,0.5025125628140703,0.9949748743718592,0.5025125628140703,,,228,227,/projects/beto/irowerojas/localLatin/data/canon_labelled/CANT.328.1/C1525.27r.6.txt,/projects/beto/irowerojas/localLatin/data/canon_labelled/CANT.328.1/BAV1341.16v.26.txt,CANT.328.1,CANT.328.1,CANT.328.1,pair_example,1,,,,,rand_similar,,,,,,,"ig,bertscore,ot,attention_weighted,dla,attention_standalone,retrieval_mark"
6,bowphs/LaTa,LaTa,t5,7,abtt_optimal,hidden,mean,10,0.5025125628140703,0.9949748743718592,0.5025125628140703,,,1543,1547,/projects/beto/irowerojas/localLatin/data/canon_labelled/Can.apost.46/BAV1341.7v.16.txt,/projects/beto/irowerojas/localLatin/data/canon_labelled/Can.apost.46/Vat5845.10r.5.txt,Can.apost.46,Can.apost.46,Can.apost.46,pair_example,1,,,,,rand_similar,,,,,,,"ig,bertscore,ot,attention_weighted,dla,attention_standalone,retrieval_mark"
7,bowphs/LaTa,LaTa,t5,7,abtt_optimal,hidden,mean,10,0.5025125628140703,0.9949748743718592,0.5025125628140703,,,1438,1435,/projects/beto/irowerojas/localLatin/data/canon_labelled/Can.apost.27/KoeD213.7r.2.txt,/projects/beto/irowerojas/localLatin/data/canon_labelled/Can.apost.27/BAV1341.7r.21.txt,Can.apost.27,Can.apost.27,Can.apost.27,pair_example,1,,,,,rand_similar,,,,,,,"ig,bertscore,ot,attention_weighted,dla,attention_standalone,retrieval_mark"
8,bowphs/LaTa,LaTa,t5,7,abtt_optimal,hidden,mean,10,0.5025125628140703,0.9949748743718592,0.5025125628140703,,,885,887,/projects/beto/irowerojas/localLatin/data/canon_labelled/CNIC.325.5/BN1454.47r.3.txt,/projects/beto/irowerojas/localLatin/data/canon_labelled/CNIC.325.5/C1525.11v.2.txt,CNIC.325.5,CNIC.325.5,CNIC.325.5,pair_example,1,,,,,rand_similar,,,,,,,"ig,bertscore,ot,attention_weighted,dla,attention_standalone,retrieval_mark"
9,bowphs/LaTa,LaTa,t5,7,abtt_optimal,hidden,mean,10,0.5025125628140703,0.9949748743718592,0.5025125628140703,,,931,930,/projects/beto/irowerojas/localLatin/data/canon_labelled/CORA.441.2/Brn425.55v.11.txt,/projects/beto/irowerojas/localLatin/data/canon_labelled/CORA.441.2/BN2123.89r.4.txt,CORA.441.2,CORA.441.2,CORA.441.2,pair_example,1,,,,,rand_similar,,,,,,,"ig,bertscore,ot,attention_weighted,dla,attention_standalone,retrieval_mark"
10,bowphs/LaTa,LaTa,t5,7,abtt_optimal,hidden,mean,10,0.5025125628140703,0.9949748743718592,0.5025125628140703,,,568,571,/projects/beto/irowerojas/localLatin/data/canon_labelled/CGAN.355.4/Brn425.57r.6.txt,/projects/beto/irowerojas/localLatin/data/canon_labelled/CGAN.355.4/Hat42.164v.3.txt,CGAN.355.4,CGAN.355.4,CGAN.355.4,pair_example,1,,,,,rand_similar,,,,,,,"ig,bertscore,ot,attention_weighted,dla,attention_standalone,retrieval_mark"
11,bowphs/LaTa,LaTa,t5,7,abtt_optimal,hidden,mean,10,0.5025125628140703,0.9949748743718592,0.5025125628140703,,,1376,1378,/projects/beto/irowerojas/localLatin/data/canon_labelled/Can.apost.16/Hat42.145v.2.txt,/projects/beto/irowerojas/localLatin/data/canon_labelled/Can.apost.16/Vat5845.8r.1.txt,Can.apost.16,Can.apost.16,Can.apost.16,pair_example,1,,,,,rand_similar,,,,,,,"ig,bertscore,ot,attention_weighted,dla,attention_standalone,retrieval_mark"
12,bowphs/LaTa,LaTa,t5,7,abtt_optimal,hidden,mean,10,0.5025125628140703,0.9949748743718592,0.5025125628140703,,,1522,1525,/projects/beto/irowerojas/localLatin/data/canon_labelled/Can.apost.42/BAV1341.7v.12.txt,/projects/beto/irowerojas/localLatin/data/canon_labelled/Can.apost.42/Hat42.148v.1.txt,Can.apost.42,Can.apost.42,Can.apost.42,pair_example,1,,,,,rand_similar,,,,,,,"ig,bertscore,ot,attention_weighted,dla,attention_standalone,retrieval_mark"
13,bowphs/LaTa,LaTa,t5,7,abtt_optimal,hidden,mean,10,0.5025125628140703,0.9949748743718592,0.5025125628140703,,,1462,1460,/projects/beto/irowerojas/localLatin/data/canon_labelled/Can.apost.31/Hat42.147r.1.txt,/projects/beto/irowerojas/localLatin/data/canon_labelled/Can.apost.31/BAV1341.7v.1.txt,Can.apost.31,Can.apost.31,Can.apost.31,pair_example,1,,,,,rand_similar,,,,,,,"ig,bertscore,ot,attention_weighted,dla,attention_standalone,retrieval_mark"
14,bowphs/LaTa,LaTa,t5,7,abtt_optimal,hidden,mean,10,0.5025125628140703,0.9949748743718592,0.5025125628140703,,,753,755,/projects/beto/irowerojas/localLatin/data/canon_labelled/CNEO.315.3/BN1454.58v.1.txt,/projects/beto/irowerojas/localLatin/data/canon_labelled/CNEO.315.3/C1525.22v.3.txt,CNEO.315.3,CNEO.315.3,CNEO.315.3,pair_example,1,,,,,rand_similar,,,,,,,"ig,bertscore,ot,attention_weighted,dla,attention_standalone,retrieval_mark"
15,bowphs/LaTa,LaTa,t5,7,abtt_optimal,hidden,mean,10,0.5025125628140703,0.9949748743718592,0.5025125628140703,,,514,512,/projects/beto/irowerojas/localLatin/data/canon_labelled/CGAN.355.10/Hat42.165r.3.txt,/projects/beto/irowerojas/localLatin/data/canon_labelled/CGAN.355.10/BN1454.59v.9.txt,CGAN.355.10,CGAN.355.10,CGAN.355.10,pair_example,1,,,,,rand_similar,,,,,,,"ig,bertscore,ot,attention_weighted,dla,attention_standalone,retrieval_mark"
16,bowphs/LaTa,LaTa,t5,7,abtt_optimal,hidden,mean,10,0.5025125628140703,0.9949748743718592,0.5025125628140703,,,853,856,/projects/beto/irowerojas/localLatin/data/canon_labelled/CNIC.325.19/BN2123.102r.3.txt,/projects/beto/irowerojas/localLatin/data/canon_labelled/CNIC.325.19/KoeD213.15v.2.txt,CNIC.325.19,CNIC.325.19,CNIC.325.19,pair_example,1,,,,,rand_similar,,,,,,,"ig,bertscore,ot,attention_weighted,dla,attention_standalone,retrieval_mark"
17,bowphs/LaTa,LaTa,t5,7,abtt_optimal,hidden,mean,10,0.5025125628140703,0.9949748743718592,0.5025125628140703,,,220,222,/projects/beto/irowerojas/localLatin/data/canon_labelled/CANC.314.9/BAV1341.11v.5.txt,/projects/beto/irowerojas/localLatin/data/canon_labelled/CANC.314.9/Brn425.55r.5.txt,CANC.314.9,CANC.314.9,CANC.314.9,pair_example,1,,,,,rand_similar,,,,,,,"ig,bertscore,ot,attention_weighted,dla,attention_standalone,retrieval_mark"
18,bowphs/LaTa,LaTa,t5,7,abtt_optimal,hidden,mean,10,0.5025125628140703,0.9949748743718592,0.5025125628140703,,,343,344,/projects/beto/irowerojas/localLatin/data/canon_labelled/CARL.314.11/BAV1341.45r.33.txt,/projects/beto/irowerojas/localLatin/data/canon_labelled/CARL.314.11/BN2123.98r.6.txt,CARL.314.11,CARL.314.11,CARL.314.11,pair_example,1,,,,,rand_similar,,,,,,,"ig,bertscore,ot,attention_weighted,dla,attention_standalone,retrieval_mark"
19,bowphs/LaTa,LaTa,t5,7,abtt_optimal,hidden,mean,10,0.5025125628140703,0.9949748743718592,0.5025125628140703,,,1109,1110,/projects/beto/irowerojas/localLatin/data/canon_labelled/CTOL.527.2/BAV1341.63v.7.txt,/projects/beto/irowerojas/localLatin/data/canon_labelled/CTOL.527.2/BAVPal575.6r.1.txt,CTOL.527.2,CTOL.527.2,CTOL.527.2,pair_example,1,,,,,rand_similar,,,,,,,"ig,bertscore,ot,attention_weighted,dla,attention_standalone,retrieval_mark"
20,bowphs/LaTa,LaTa,t5,7,abtt_optimal,hidden,mean,10,0.5025125628140703,0.9949748743718592,0.5025125628140703,,,1262,1263,/projects/beto/irowerojas/localLatin/data/canon_labelled/CTOL.655.1/BAV1341.94r.18.txt,/projects/beto/irowerojas/localLatin/data/canon_labelled/CTOL.655.1/WlfH1062.12v.1.txt,CTOL.655.1,CTOL.655.1,CTOL.655.1,pair_example,1,,,,,rand_similar,,,,,,,"ig,bertscore,ot,attention_weighted,dla,attention_standalone,retrieval_mark"
21,bowphs/LaTa,LaTa,t5,7,abtt_optimal,hidden,mean,10,0.5025125628140703,0.9949748743718592,0.5025125628140703,,,1343,1348,/projects/beto/irowerojas/localLatin/data/canon_labelled/Can.apost.10/BAV1341.7r.4.txt,/projects/beto/irowerojas/localLatin/data/canon_labelled/Can.apost.10/Vat5845.7v.2.txt,Can.apost.10,Can.apost.10,Can.apost.10,pair_example,1,,,,,rand_similar,,,,,,,"ig,bertscore,ot,attention_weighted,dla,attention_standalone,retrieval_mark"
22,bowphs/LaTa,LaTa,t5,7,abtt_optimal,hidden,mean,10,0.5025125628140703,0.9949748743718592,0.5025125628140703,,,201,200,/projects/beto/irowerojas/localLatin/data/canon_labelled/CANC.314.5/BN1454.56v.6.txt,/projects/beto/irowerojas/localLatin/data/canon_labelled/CANC.314.5/BAV1341.11v.1.txt,CANC.314.5,CANC.314.5,CANC.314.5,pair_example,1,,,,,rand_similar,,,,,,,"ig,bertscore,ot,attention_weighted,dla,attention_standalone,retrieval_mark"
23,bowphs/LaTa,LaTa,t5,7,abtt_optimal,hidden,mean,10,0.5025125628140703,0.9949748743718592,0.5025125628140703,,,466,467,/projects/beto/irowerojas/localLatin/data/canon_labelled/CCHA.451.26/Brn425.39r.1.txt,/projects/beto/irowerojas/localLatin/data/canon_labelled/CCHA.451.26/D1723.541.1.txt,CCHA.451.26,CCHA.451.26,CCHA.451.26,pair_example,1,,,,,rand_similar,,,,,,,"ig,bertscore,ot,attention_weighted,dla,attention_standalone,retrieval_mark"
24,bowphs/LaTa,LaTa,t5,7,abtt_optimal,hidden,mean,10,0.5025125628140703,0.9949748743718592,0.5025125628140703,,,645,646,/projects/beto/irowerojas/localLatin/data/canon_labelled/CLAO.300.13/Brn425.57v.2.txt,/projects/beto/irowerojas/localLatin/data/canon_labelled/CLAO.300.13/D1723.557.6.txt,CLAO.300.13,CLAO.300.13,CLAO.300.13,pair_example,1,,,,,rand_similar,,,,,,,"ig,bertscore,ot,attention_weighted,dla,attention_standalone,retrieval_mark"
25,bowphs/LaTa,LaTa,t5,7,abtt_optimal,hidden,mean,10,0.5025125628140703,0.9949748743718592,0.5025125628140703,,,145,146,/projects/beto/irowerojas/localLatin/data/canon_labelled/CANC.314.20/BAV1341.12r.7.txt,/projects/beto/irowerojas/localLatin/data/canon_labelled/CANC.314.20/BN1454.58r.2.txt,CANC.314.20,CANC.314.20,CANC.314.20,pair_example,1,,,,,rand_similar,,,,,,,"ig,bertscore,ot,attention_weighted,dla,attention_standalone,retrieval_mark"
26,bowphs/LaTa,LaTa,t5,7,abtt_optimal,hidden,mean,10,0.5025125628140703,0.9949748743718592,0.5025125628140703,,,1405,1404,/projects/beto/irowerojas/localLatin/data/canon_labelled/Can.apost.21/BN2123.81v.5.txt,/projects/beto/irowerojas/localLatin/data/canon_labelled/Can.apost.21/BAV1341.7r.15.txt,Can.apost.21,Can.apost.21,Can.apost.21,pair_example,1,,,,,rand_similar,,,,,,,"ig,bertscore,ot,attention_weighted,dla,attention_standalone,retrieval_mark"
27,bowphs/LaTa,LaTa,t5,7,abtt_optimal,hidden,mean,10,0.5025125628140703,0.9949748743718592,0.5025125628140703,,,89,88,/projects/beto/irowerojas/localLatin/data/canon_labelled/CANC.314.11/Hat42.158r.2.txt,/projects/beto/irowerojas/localLatin/data/canon_labelled/CANC.314.11/C1525.20r.3.txt,CANC.314.11,CANC.314.11,CANC.314.11,pair_example,1,,,,,rand_similar,,,,,,,"ig,bertscore,ot,attention_weighted,dla,attention_standalone,retrieval_mark"
28,bowphs/LaTa,LaTa,t5,7,abtt_optimal,hidden,mean,10,0.5025125628140703,0.9949748743718592,0.5025125628140703,,,1387,1385,/projects/beto/irowerojas/localLatin/data/canon_labelled/Can.apost.18/KoeD213.6v.1.txt,/projects/beto/irowerojas/localLatin/data/canon_labelled/Can.apost.18/C1525.5v.2.txt,Can.apost.18,Can.apost.18,Can.apost.18,pair_example,1,,,,,rand_similar,,,,,,,"ig,bertscore,ot,attention_weighted,dla,attention_standalone,retrieval_mark"
29,bowphs/LaTa,LaTa,t5,7,abtt_optimal,hidden,mean,10,0.5025125628140703,0.9949748743718592,0.5025125628140703,,,205,208,/projects/beto/irowerojas/localLatin/data/canon_labelled/CANC.314.6/BAV1341.11v.2.txt,/projects/beto/irowerojas/localLatin/data/canon_labelled/CANC.314.6/Hat42.157v.1.txt,CANC.314.6,CANC.314.6,CANC.314.6,pair_example,1,,,,,rand_similar,,,,,,,"ig,bertscore,ot,attention_weighted,dla,attention_standalone,retrieval_mark"
30,bowphs/LaTa,LaTa,t5,7,abtt_optimal,hidden,mean,10,0.5025125628140703,0.9949748743718592,0.5025125628140703,,,751,750,/projects/beto/irowerojas/localLatin/data/canon_labelled/CNEO.315.2/KoeD213.25v.2.txt,/projects/beto/irowerojas/localLatin/data/canon_labelled/CNEO.315.2/Hat42.160v.7.txt,CNEO.315.2,CNEO.315.2,CNEO.315.2,pair_example,1,,,,,rand_similar,,,,,,,"ig,bertscore,ot,attention_weighted,dla,attention_standalone,retrieval_mark"
31,bowphs/LaTa,LaTa,t5,7,abtt_optimal,hidden,mean,10,0.5025125628140703,0.9949748743718592,0.5025125628140703,,,876,880,/projects/beto/irowerojas/localLatin/data/canon_labelled/CNIC.325.4/BN1454.46v.4.txt,/projects/beto/irowerojas/localLatin/data/canon_labelled/CNIC.325.4/C1525.11v.1.txt,CNIC.325.4,CNIC.325.4,CNIC.325.4,pair_example,1,,,,,rand_similar,,,,,,,"ig,bertscore,ot,attention_weighted,dla,attention_standalone,retrieval_mark"
32,bowphs/LaTa,LaTa,t5,7,abtt_optimal,hidden,mean,10,0.5025125628140703,0.9949748743718592,0.5025125628140703,,,853,854,/projects/beto/irowerojas/localLatin/data/canon_labelled/CNIC.325.19/BN2123.102r.3.txt,/projects/beto/irowerojas/localLatin/data/canon_labelled/CNIC.325.19/C1525.13v.1.txt,CNIC.325.19,CNIC.325.19,CNIC.325.19,pair_example,1,,,,,rand_similar,,,,,,,"ig,bertscore,ot,attention_weighted,dla,attention_standalone,retrieval_mark"
33,bowphs/LaTa,LaTa,t5,7,abtt_optimal,hidden,mean,10,0.5025125628140703,0.9949748743718592,0.5025125628140703,,,270,269,/projects/beto/irowerojas/localLatin/data/canon_labelled/CANT.328.18/Hat42.171v.1.txt,/projects/beto/irowerojas/localLatin/data/canon_labelled/CANT.328.18/C1525.29v.2.txt,CANT.328.18,CANT.328.18,CANT.328.18,pair_example,1,,,,,rand_similar,,,,,,,"ig,bertscore,ot,attention_weighted,dla,attention_standalone,retrieval_mark"
34,bowphs/LaTa,LaTa,t5,7,abtt_optimal,hidden,mean,10,0.5025125628140703,0.9949748743718592,0.5025125628140703,,,1517,1518,/projects/beto/irowerojas/localLatin/data/canon_labelled/Can.apost.41/C1525.7r.3.txt,/projects/beto/irowerojas/localLatin/data/canon_labelled/Can.apost.41/Hat42.148r.3.txt,Can.apost.41,Can.apost.41,Can.apost.41,pair_example,1,,,,,rand_similar,,,,,,,"ig,bertscore,ot,attention_weighted,dla,attention_standalone,retrieval_mark"
35,bowphs/LaTa,LaTa,t5,7,abtt_optimal,hidden,mean,10,0.5025125628140703,0.9949748743718592,0.5025125628140703,,,469,468,/projects/beto/irowerojas/localLatin/data/canon_labelled/CCHA.451.27/D1723.527.2.txt,/projects/beto/irowerojas/localLatin/data/canon_labelled/CCHA.451.27/Brn425.23v.3.txt,CCHA.451.27,CCHA.451.27,CCHA.451.27,pair_example,1,,,,,rand_similar,,,,,,,"ig,bertscore,ot,attention_weighted,dla,attention_standalone,retrieval_mark"
36,bowphs/LaTa,LaTa,t5,7,abtt_optimal,hidden,mean,10,0.5025125628140703,0.9949748743718592,0.5025125628140703,,,1113,1114,/projects/beto/irowerojas/localLatin/data/canon_labelled/CTOL.527.4/BAV1341.64r.2.txt,/projects/beto/irowerojas/localLatin/data/canon_labelled/CTOL.527.4/BAVPal575.6r.3.txt,CTOL.527.4,CTOL.527.4,CTOL.527.4,pair_example,1,,,,,rand_similar,,,,,,,"ig,bertscore,ot,attention_weighted,dla,attention_standalone,retrieval_mark"
37,bowphs/LaTa,LaTa,t5,7,abtt_optimal,hidden,mean,10,0.5025125628140703,0.9949748743718592,0.5025125628140703,,,1071,1070,/projects/beto/irowerojas/localLatin/data/canon_labelled/CTOL.397.11/BAVPal575.4r.5.txt,/projects/beto/irowerojas/localLatin/data/canon_labelled/CTOL.397.11/BAV1341.62v.4.txt,CTOL.397.11,CTOL.397.11,CTOL.397.11,pair_example,1,,,,,rand_similar,,,,,,,"ig,bertscore,ot,attention_weighted,dla,attention_standalone,retrieval_mark"
38,bowphs/LaTa,LaTa,t5,7,abtt_optimal,hidden,mean,10,0.5025125628140703,0.9949748743718592,0.5025125628140703,,,912,913,/projects/beto/irowerojas/localLatin/data/canon_labelled/CORA.441.1/BAV1341.49v.12.txt,/projects/beto/irowerojas/localLatin/data/canon_labelled/CORA.441.1/Brn425.19r.3.txt,CORA.441.1,CORA.441.1,CORA.441.1,pair_example,1,,,,,rand_similar,,,,,,,"ig,bertscore,ot,attention_weighted,dla,attention_standalone,retrieval_mark"
39,bowphs/LaTa,LaTa,t5,7,abtt_optimal,hidden,mean,10,0.5025125628140703,0.9949748743718592,0.5025125628140703,,,1374,1376,/projects/beto/irowerojas/localLatin/data/canon_labelled/Can.apost.16/BAV1341.7r.10.txt,/projects/beto/irowerojas/localLatin/data/canon_labelled/Can.apost.16/Hat42.145v.2.txt,Can.apost.16,Can.apost.16,Can.apost.16,pair_example,1,,,,,rand_similar,,,,,,,"ig,bertscore,ot,attention_weighted,dla,attention_standalone,retrieval_mark"
40,bowphs/LaTa,LaTa,t5,7,abtt_optimal,hidden,mean,10,0.5025125628140703,0.9949748743718592,0.5025125628140703,,,273,275,/projects/beto/irowerojas/localLatin/data/canon_labelled/CANT.328.19/C1525.29v.3.txt,/projects/beto/irowerojas/localLatin/data/canon_labelled/CANT.328.19/Hat42.171v.2.txt,CANT.328.19,CANT.328.19,CANT.328.19,pair_example,1,,,,,rand_similar,,,,,,,"ig,bertscore,ot,attention_weighted,dla,attention_standalone,retrieval_mark"
41,bowphs/LaTa,LaTa,t5,7,abtt_optimal,hidden,mean,10,0.5025125628140703,0.9949748743718592,0.5025125628140703,,,1365,1367,/projects/beto/irowerojas/localLatin/data/canon_labelled/Can.apost.14/C1525.5r.5.txt,/projects/beto/irowerojas/localLatin/data/canon_labelled/Can.apost.14/KoeD213.5v.5.txt,Can.apost.14,Can.apost.14,Can.apost.14,pair_example,1,,,,,rand_similar,,,,,,,"ig,bertscore,ot,attention_weighted,dla,attention_standalone,retrieval_mark"
42,bowphs/LaTa,LaTa,t5,7,abtt_optimal,hidden,mean,10,0.5025125628140703,0.9949748743718592,0.5025125628140703,,,952,953,/projects/beto/irowerojas/localLatin/data/canon_labelled/CORL.511.1/BAV1341.54v.16.txt,/projects/beto/irowerojas/localLatin/data/canon_labelled/CORL.511.1/CamCC279.68.1.txt,CORL.511.1,CORL.511.1,CORL.511.1,pair_example,1,,,,,rand_similar,,,,,,,"ig,bertscore,ot,attention_weighted,dla,attention_standalone,retrieval_mark"
43,bowphs/LaTa,LaTa,t5,7,abtt_optimal,hidden,mean,10,0.5025125628140703,0.9949748743718592,0.5025125628140703,,,1283,1282,/projects/beto/irowerojas/localLatin/data/canon_labelled/CTOL.655.8/WlfH1062.13v.2.txt,/projects/beto/irowerojas/localLatin/data/canon_labelled/CTOL.655.8/BAV1341.95r.1.txt,CTOL.655.8,CTOL.655.8,CTOL.655.8,pair_example,1,,,,,rand_similar,,,,,,,"ig,bertscore,ot,attention_weighted,dla,attention_standalone,retrieval_mark"
44,bowphs/LaTa,LaTa,t5,7,abtt_optimal,hidden,mean,10,0.5025125628140703,0.9949748743718592,0.5025125628140703,,,1509,1507,/projects/beto/irowerojas/localLatin/data/canon_labelled/Can.apost.4/KoeD213.4v.7.txt,/projects/beto/irowerojas/localLatin/data/canon_labelled/Can.apost.4/C1525.4v.2.txt,Can.apost.4,Can.apost.4,Can.apost.4,pair_example,1,,,,,rand_similar,,,,,,,"ig,bertscore,ot,attention_weighted,dla,attention_standalone,retrieval_mark"
45,bowphs/LaTa,LaTa,t5,7,abtt_optimal,hidden,mean,10,0.5025125628140703,0.9949748743718592,0.5025125628140703,,,321,322,/projects/beto/irowerojas/localLatin/data/canon_labelled/CANT.328.6/Brn425.34v.5.txt,/projects/beto/irowerojas/localLatin/data/canon_labelled/CANT.328.6/C1525.28r.3.txt,CANT.328.6,CANT.328.6,CANT.328.6,pair_example,1,,,,,rand_similar,,,,,,,"ig,bertscore,ot,attention_weighted,dla,attention_standalone,retrieval_mark"
46,bowphs/LaTa,LaTa,t5,7,abtt_optimal,hidden,mean,10,0.5025125628140703,0.9949748743718592,0.5025125628140703,,,122,125,/projects/beto/irowerojas/localLatin/data/canon_labelled/CANC.314.17/BN1454.57v.3.txt,/projects/beto/irowerojas/localLatin/data/canon_labelled/CANC.314.17/KoeD213.24r.1.txt,CANC.314.17,CANC.314.17,CANC.314.17,pair_example,1,,,,,rand_similar,,,,,,,"ig,bertscore,ot,attention_weighted,dla,attention_standalone,retrieval_mark"
47,bowphs/LaTa,LaTa,t5,7,abtt_optimal,hidden,mean,10,0.5025125628140703,0.9949748743718592,0.5025125628140703,,,48,49,/projects/beto/irowerojas/localLatin/data/canon_labelled/CAGD.506.41/Brn425.53v.3.txt,/projects/beto/irowerojas/localLatin/data/canon_labelled/CAGD.506.41/D1723.553.3.txt,CAGD.506.41,CAGD.506.41,CAGD.506.41,pair_example,1,,,,,rand_similar,,,,,,,"ig,bertscore,ot,attention_weighted,dla,attention_standalone,retrieval_mark"
48,bowphs/LaTa,LaTa,t5,7,abtt_optimal,hidden,mean,10,0.5025125628140703,0.9949748743718592,0.5025125628140703,,,1549,1552,/projects/beto/irowerojas/localLatin/data/canon_labelled/Can.apost.47/C1525.7v.4.txt,/projects/beto/irowerojas/localLatin/data/canon_labelled/Can.apost.47/Vat5845.10r.6.txt,Can.apost.47,Can.apost.47,Can.apost.47,pair_example,1,,,,,rand_similar,,,,,,,"ig,bertscore,ot,attention_weighted,dla,attention_standalone,retrieval_mark"
49,bowphs/LaTa,LaTa,t5,7,abtt_optimal,hidden,mean,10,0.5025125628140703,0.9949748743718592,0.5025125628140703,,,85,83,/projects/beto/irowerojas/localLatin/data/canon_labelled/CANC.314.10/KoeD213.22v.1.txt,/projects/beto/irowerojas/localLatin/data/canon_labelled/CANC.314.10/D1723.527.3.txt,CANC.314.10,CANC.314.10,CANC.314.10,pair_example,1,,,,,rand_similar,,,,,,,"ig,bertscore,ot,attention_weighted,dla,attention_standalone,retrieval_mark"
50,bowphs/LaTa,LaTa,t5,7,abtt_optimal,hidden,mean,10,0.5025125628140703,0.9949748743718592,0.5025125628140703,,,906,910,/projects/beto/irowerojas/localLatin/data/canon_labelled/CNIC.325.9/BN1454.47v.3.txt,/projects/beto/irowerojas/localLatin/data/canon_labelled/CNIC.325.9/Hat42.152v.1.txt,CNIC.325.9,CNIC.325.9,CNIC.325.9,pair_example,1,,,,,rand_similar,,,,,,,"ig,bertscore,ot,attention_weighted,dla,attention_standalone,retrieval_mark"
51,bowphs/LaTa,LaTa,t5,7,abtt_optimal,hidden,mean,10,0.5025125628140703,0.9949748743718592,0.5025125628140703,,,1449,1446,/projects/beto/irowerojas/localLatin/data/canon_labelled/Can.apost.29/Vat5845.8v.6.txt,/projects/beto/irowerojas/localLatin/data/canon_labelled/Can.apost.29/C1525.6r.4.txt,Can.apost.29,Can.apost.29,Can.apost.29,pair_example,1,,,,,rand_similar,,,,,,,"ig,bertscore,ot,attention_weighted,dla,attention_standalone,retrieval_mark"
52,bowphs/LaTa,LaTa,t5,7,abtt_optimal,hidden,mean,10,0.5025125628140703,0.9949748743718592,0.5025125628140703,,,827,825,/projects/beto/irowerojas/localLatin/data/canon_labelled/CNIC.325.15/C1525.13r.1.txt,/projects/beto/irowerojas/localLatin/data/canon_labelled/CNIC.325.15/BN1454.48v.2.txt,CNIC.325.15,CNIC.325.15,CNIC.325.15,pair_example,1,,,,,rand_similar,,,,,,,"ig,bertscore,ot,attention_weighted,dla,attention_standalone,retrieval_mark"
53,bowphs/LaTa,LaTa,t5,7,abtt_optimal,hidden,mean,10,0.5025125628140703,0.9949748743718592,0.5025125628140703,,,590,595,/projects/beto/irowerojas/localLatin/data/canon_labelled/CGAN.355.8/BN1454.59v.7.txt,/projects/beto/irowerojas/localLatin/data/canon_labelled/CGAN.355.8/KoeD213.29v.6.txt,CGAN.355.8,CGAN.355.8,CGAN.355.8,pair_example,1,,,,,rand_similar,,,,,,,"ig,bertscore,ot,attention_weighted,dla,attention_standalone,retrieval_mark"
54,bowphs/LaTa,LaTa,t5,7,abtt_optimal,hidden,mean,10,0.5025125628140703,0.9949748743718592,0.5025125628140703,,,671,672,/projects/beto/irowerojas/localLatin/data/canon_labelled/CLAO.300.52/Brn425.21v.5.txt,/projects/beto/irowerojas/localLatin/data/canon_labelled/CLAO.300.52/D1723.525.7.txt,CLAO.300.52,CLAO.300.52,CLAO.300.52,pair_example,1,,,,,rand_similar,,,,,,,"ig,bertscore,ot,attention_weighted,dla,attention_standalone,retrieval_mark"
55,bowphs/LaTa,LaTa,t5,7,abtt_optimal,hidden,mean,10,0.5025125628140703,0.9949748743718592,0.5025125628140703,,,1530,1529,/projects/beto/irowerojas/localLatin/data/canon_labelled/Can.apost.43/Hat42.148v.2.txt,/projects/beto/irowerojas/localLatin/data/canon_labelled/Can.apost.43/C1525.7r.5.txt,Can.apost.43,Can.apost.43,Can.apost.43,pair_example,1,,,,,rand_similar,,,,,,,"ig,bertscore,ot,attention_weighted,dla,attention_standalone,retrieval_mark"
56,bowphs/LaTa,LaTa,t5,7,abtt_optimal,hidden,mean,10,0.5025125628140703,0.9949748743718592,0.5025125628140703,,,923,921,/projects/beto/irowerojas/localLatin/data/canon_labelled/CORA.441.14/D1723.546.2.txt,/projects/beto/irowerojas/localLatin/data/canon_labelled/CORA.441.14/BAV1341.49v.25.txt,CORA.441.14,CORA.441.14,CORA.441.14,pair_example,1,,,,,rand_similar,,,,,,,"ig,bertscore,ot,attention_weighted,dla,attention_standalone,retrieval_mark"
57,bowphs/LaTa,LaTa,t5,7,abtt_optimal,hidden,mean,10,0.5025125628140703,0.9949748743718592,0.5025125628140703,,,977,975,/projects/beto/irowerojas/localLatin/data/canon_labelled/CORL.511.2/Brn425.23v.5.txt,/projects/beto/irowerojas/localLatin/data/canon_labelled/CORL.511.2/BN2123.98r.3.txt,CORL.511.2,CORL.511.2,CORL.511.2,pair_example,1,,,,,rand_similar,,,,,,,"ig,bertscore,ot,attention_weighted,dla,attention_standalone,retrieval_mark"
58,bowphs/LaTa,LaTa,t5,7,abtt_optimal,hidden,mean,10,0.5025125628140703,0.9949748743718592,0.5025125628140703,,,236,235,/projects/beto/irowerojas/localLatin/data/canon_labelled/CANT.328.11/Brn425.35r.1.txt,/projects/beto/irowerojas/localLatin/data/canon_labelled/CANT.328.11/BAV1341.17v.1.txt,CANT.328.11,CANT.328.11,CANT.328.11,pair_example,1,,,,,rand_similar,,,,,,,"ig,bertscore,ot,attention_weighted,dla,attention_standalone,retrieval_mark"
59,bowphs/LaTa,LaTa,t5,7,abtt_optimal,hidden,mean,10,0.5025125628140703,0.9949748743718592,0.5025125628140703,,,140,143,/projects/beto/irowerojas/localLatin/data/canon_labelled/CANC.314.2/BAV1341.11r.10.txt,/projects/beto/irowerojas/localLatin/data/canon_labelled/CANC.314.2/Hat42.156r.2.txt,CANC.314.2,CANC.314.2,CANC.314.2,pair_example,1,,,,,rand_similar,,,,,,,"ig,bertscore,ot,attention_weighted,dla,attention_standalone,retrieval_mark"
60,bowphs/LaTa,LaTa,t5,7,abtt_optimal,hidden,mean,10,0.5025125628140703,0.9949748743718592,0.5025125628140703,,,442,441,/projects/beto/irowerojas/localLatin/data/canon_labelled/CCHA.451.10/BN2123.85r.5.txt,/projects/beto/irowerojas/localLatin/data/canon_labelled/CCHA.451.10/BN2123.103v.3.txt,CCHA.451.10,CCHA.451.10,CCHA.451.10,pair_example,1,,,,,rand_similar,,,,,,,"ig,bertscore,ot,attention_weighted,dla,attention_standalone,retrieval_mark"
61,bowphs/LaTa,LaTa,t5,7,abtt_optimal,hidden,mean,10,0.5025125628140703,0.9949748743718592,0.5025125628140703,,,896,895,/projects/beto/irowerojas/localLatin/data/canon_labelled/CNIC.325.6/Hat42.152r.1.txt,/projects/beto/irowerojas/localLatin/data/canon_labelled/CNIC.325.6/C1525.11v.3.txt,CNIC.325.6,CNIC.325.6,CNIC.325.6,pair_example,1,,,,,rand_similar,,,,,,,"ig,bertscore,ot,attention_weighted,dla,attention_standalone,retrieval_mark"
62,bowphs/LaTa,LaTa,t5,7,abtt_optimal,hidden,mean,10,0.5025125628140703,0.9949748743718592,0.5025125628140703,,,805,803,/projects/beto/irowerojas/localLatin/data/canon_labelled/CNIC.325.11/Hat42.153r.1.txt,/projects/beto/irowerojas/localLatin/data/canon_labelled/CNIC.325.11/C1525.12v.1.txt,CNIC.325.11,CNIC.325.11,CNIC.325.11,pair_example,1,,,,,rand_similar,,,,,,,"ig,bertscore,ot,attention_weighted,dla,attention_standalone,retrieval_mark"
63,bowphs/LaTa,LaTa,t5,7,abtt_optimal,hidden,mean,10,0.5025125628140703,0.9949748743718592,0.5025125628140703,,,165,168,/projects/beto/irowerojas/localLatin/data/canon_labelled/CANC.314.22/Brn425.27r.5.txt,/projects/beto/irowerojas/localLatin/data/canon_labelled/CANC.314.22/Hat42.159v.4.txt,CANC.314.22,CANC.314.22,CANC.314.22,pair_example,1,,,,,rand_similar,,,,,,,"ig,bertscore,ot,attention_weighted,dla,attention_standalone,retrieval_mark"
64,bowphs/LaTa,LaTa,t5,7,abtt_optimal,hidden,mean,10,0.5025125628140703,0.9949748743718592,0.5025125628140703,,,1452,1454,/projects/beto/irowerojas/localLatin/data/canon_labelled/Can.apost.3/Hat42.144r.3.txt,/projects/beto/irowerojas/localLatin/data/canon_labelled/Can.apost.3/Vat5845.7r.6.txt,Can.apost.3,Can.apost.3,Can.apost.3,pair_example,1,,,,,rand_similar,,,,,,,"ig,bertscore,ot,attention_weighted,dla,attention_standalone,retrieval_mark"
65,bowphs/LaTa,LaTa,t5,7,abtt_optimal,hidden,mean,10,0.5025125628140703,0.9949748743718592,0.5025125628140703,,,77,78,/projects/beto/irowerojas/localLatin/data/canon_labelled/CANC.314.1/Hat42.156r.1.txt,/projects/beto/irowerojas/localLatin/data/canon_labelled/CANC.314.1/KoeD213.20r.1.txt,CANC.314.1,CANC.314.1,CANC.314.1,pair_example,1,,,,,rand_similar,,,,,,,"ig,bertscore,ot,attention_weighted,dla,attention_standalone,retrieval_mark"
66,bowphs/LaTa,LaTa,t5,7,abtt_optimal,hidden,mean,10,0.5025125628140703,0.9949748743718592,0.5025125628140703,,,1518,1519,/projects/beto/irowerojas/localLatin/data/canon_labelled/Can.apost.41/Hat42.148r.3.txt,/projects/beto/irowerojas/localLatin/data/canon_labelled/Can.apost.41/KoeD213.9r.1.txt,Can.apost.41,Can.apost.41,Can.apost.41,pair_example,1,,,,,rand_similar,,,,,,,"ig,bertscore,ot,attention_weighted,dla,attention_standalone,retrieval_mark"
67,bowphs/LaTa,LaTa,t5,7,abtt_optimal,hidden,mean,10,0.5025125628140703,0.9949748743718592,0.5025125628140703,,,1460,1461,/projects/beto/irowerojas/localLatin/data/canon_labelled/Can.apost.31/BAV1341.7v.1.txt,/projects/beto/irowerojas/localLatin/data/canon_labelled/Can.apost.31/C1525.6r.6.txt,Can.apost.31,Can.apost.31,Can.apost.31,pair_example,1,,,,,rand_similar,,,,,,,"ig,bertscore,ot,attention_weighted,dla,attention_standalone,retrieval_mark"
68,bowphs/LaTa,LaTa,t5,7,abtt_optimal,hidden,mean,10,0.5025125628140703,0.9949748743718592,0.5025125628140703,,,648,647,/projects/beto/irowerojas/localLatin/data/canon_labelled/CLAO.300.2/D1723.520.3.txt,/projects/beto/irowerojas/localLatin/data/canon_labelled/CLAO.300.2/Brn425.15v.1.txt,CLAO.300.2,CLAO.300.2,CLAO.300.2,pair_example,1,,,,,rand_similar,,,,,,,"ig,bertscore,ot,attention_weighted,dla,attention_standalone,retrieval_mark"
69,bowphs/LaTa,LaTa,t5,7,abtt_optimal,hidden,mean,10,0.5025125628140703,0.9949748743718592,0.5025125628140703,,,1540,1541,/projects/beto/irowerojas/localLatin/data/canon_labelled/Can.apost.45/Hat42.148v.4.txt,/projects/beto/irowerojas/localLatin/data/canon_labelled/Can.apost.45/KoeD213.9v.5.txt,Can.apost.45,Can.apost.45,Can.apost.45,pair_example,1,,,,,rand_similar,,,,,,,"ig,bertscore,ot,attention_weighted,dla,attention_standalone,retrieval_mark"
70,bowphs/LaTa,LaTa,t5,7,abtt_optimal,hidden,mean,10,0.5025125628140703,0.9949748743718592,0.5025125628140703,,,823,821,/projects/beto/irowerojas/localLatin/data/canon_labelled/CNIC.325.14/Hat42.153v.2.txt,/projects/beto/irowerojas/localLatin/data/canon_labelled/CNIC.325.14/BN1454.48v.1.txt,CNIC.325.14,CNIC.325.14,CNIC.325.14,pair_example,1,,,,,rand_similar,,,,,,,"ig,bertscore,ot,attention_weighted,dla,attention_standalone,retrieval_mark"
71,bowphs/LaTa,LaTa,t5,7,abtt_optimal,hidden,mean,10,0.5025125628140703,0.9949748743718592,0.5025125628140703,,,155,158,/projects/beto/irowerojas/localLatin/data/canon_labelled/CANC.314.21/BN1454.58r.3.txt,/projects/beto/irowerojas/localLatin/data/canon_labelled/CANC.314.21/C1525.21r.4.txt,CANC.314.21,CANC.314.21,CANC.314.21,pair_example,1,,,,,rand_similar,,,,,,,"ig,bertscore,ot,attention_weighted,dla,attention_standalone,retrieval_mark"
72,bowphs/LaTa,LaTa,t5,7,abtt_optimal,hidden,mean,10,0.5025125628140703,0.9949748743718592,0.5025125628140703,,,1431,1432,/projects/beto/irowerojas/localLatin/data/canon_labelled/Can.apost.26/C1525.6r.1.txt,/projects/beto/irowerojas/localLatin/data/canon_labelled/Can.apost.26/Hat42.146v.1.txt,Can.apost.26,Can.apost.26,Can.apost.26,pair_example,1,,,,,rand_similar,,,,,,,"ig,bertscore,ot,attention_weighted,dla,attention_standalone,retrieval_mark"
73,bowphs/LaTa,LaTa,t5,7,abtt_optimal,hidden,mean,10,0.5025125628140703,0.9949748743718592,0.5025125628140703,,,1509,1510,/projects/beto/irowerojas/localLatin/data/canon_labelled/Can.apost.4/KoeD213.4v.7.txt,/projects/beto/irowerojas/localLatin/data/canon_labelled/Can.apost.4/Vat5845.7r.7.txt,Can.apost.4,Can.apost.4,Can.apost.4,pair_example,1,,,,,rand_similar,,,,,,,"ig,bertscore,ot,attention_weighted,dla,attention_standalone,retrieval_mark"
74,bowphs/LaTa,LaTa,t5,7,abtt_optimal,hidden,mean,10,0.5025125628140703,0.9949748743718592,0.5025125628140703,,,559,558,/projects/beto/irowerojas/localLatin/data/canon_labelled/CGAN.355.2/KoeD213.29r.2.txt,/projects/beto/irowerojas/localLatin/data/canon_labelled/CGAN.355.2/Hat42.164v.1.txt,CGAN.355.2,CGAN.355.2,CGAN.355.2,pair_example,1,,,,,rand_similar,,,,,,,"ig,bertscore,ot,attention_weighted,dla,attention_standalone,retrieval_mark"
75,bowphs/LaTa,LaTa,t5,7,abtt_optimal,hidden,mean,10,0.5025125628140703,0.9949748743718592,0.5025125628140703,,,1117,1116,/projects/beto/irowerojas/localLatin/data/canon_labelled/CTOL.527.5/BAVPal575.6r.4.txt,/projects/beto/irowerojas/localLatin/data/canon_labelled/CTOL.527.5/BAV1341.64r.3.txt,CTOL.527.5,CTOL.527.5,CTOL.527.5,pair_example,1,,,,,rand_similar,,,,,,,"ig,bertscore,ot,attention_weighted,dla,attention_standalone,retrieval_mark"
76,bowphs/LaTa,LaTa,t5,7,abtt_optimal,hidden,mean,10,0.5025125628140703,0.9949748743718592,0.5025125628140703,,,1305,1303,/projects/beto/irowerojas/localLatin/data/canon_labelled/CVAI.442.2/D1723.521.3.txt,/projects/beto/irowerojas/localLatin/data/canon_labelled/CVAI.442.2/BAV1341.50v.2.txt,CVAI.442.2,CVAI.442.2,CVAI.442.2,pair_example,1,,,,,rand_similar,,,,,,,"ig,bertscore,ot,attention_weighted,dla,attention_standalone,retrieval_mark"
77,bowphs/LaTa,LaTa,t5,7,abtt_optimal,hidden,mean,10,0.5025125628140703,0.9949748743718592,0.5025125628140703,,,543,545,/projects/beto/irowerojas/localLatin/data/canon_labelled/CGAN.355.17/Brn425.28r.3.txt,/projects/beto/irowerojas/localLatin/data/canon_labelled/CGAN.355.17/D1723.531.5.txt,CGAN.355.17,CGAN.355.17,CGAN.355.17,pair_example,1,,,,,rand_similar,,,,,,,"ig,bertscore,ot,attention_weighted,dla,attention_standalone,retrieval_mark"
78,bowphs/LaTa,LaTa,t5,7,abtt_optimal,hidden,mean,10,0.5025125628140703,0.9949748743718592,0.5025125628140703,,,729,732,/projects/beto/irowerojas/localLatin/data/canon_labelled/CNEO.315.13/BN1454.58v.11.txt,/projects/beto/irowerojas/localLatin/data/canon_labelled/CNEO.315.13/Brn425.56v.2.txt,CNEO.315.13,CNEO.315.13,CNEO.315.13,pair_example,1,,,,,rand_similar,,,,,,,"ig,bertscore,ot,attention_weighted,dla,attention_standalone,retrieval_mark"
79,bowphs/LaTa,LaTa,t5,7,abtt_optimal,hidden,mean,10,0.5025125628140703,0.9949748743718592,0.5025125628140703,,,773,768,/projects/beto/irowerojas/localLatin/data/canon_labelled/CNEO.315.6/Hat42.161r.3.txt,/projects/beto/irowerojas/localLatin/data/canon_labelled/CNEO.315.6/BAV1341.12v.21.txt,CNEO.315.6,CNEO.315.6,CNEO.315.6,pair_example,1,,,,,rand_similar,,,,,,,"ig,bertscore,ot,attention_weighted,dla,attention_standalone,retrieval_mark"
80,bowphs/LaTa,LaTa,t5,7,abtt_optimal,hidden,mean,10,0.5025125628140703,0.9949748743718592,0.5025125628140703,,,302,300,/projects/beto/irowerojas/localLatin/data/canon_labelled/CANT.328.24/D1723.543.2.txt,/projects/beto/irowerojas/localLatin/data/canon_labelled/CANT.328.24/Brn425.41v.2.txt,CANT.328.24,CANT.328.24,CANT.328.24,pair_example,1,,,,,rand_similar,,,,,,,"ig,bertscore,ot,attention_weighted,dla,attention_standalone,retrieval_mark"
81,bowphs/LaTa,LaTa,t5,7,abtt_optimal,hidden,mean,10,0.5025125628140703,0.9949748743718592,0.5025125628140703,,,86,88,/projects/beto/irowerojas/localLatin/data/canon_labelled/CANC.314.11/BAV1341.11v.7.txt,/projects/beto/irowerojas/localLatin/data/canon_labelled/CANC.314.11/C1525.20r.3.txt,CANC.314.11,CANC.314.11,CANC.314.11,pair_example,1,,,,,rand_similar,,,,,,,"ig,bertscore,ot,attention_weighted,dla,attention_standalone,retrieval_mark"
82,bowphs/LaTa,LaTa,t5,7,abtt_optimal,hidden,mean,10,0.5025125628140703,0.9949748743718592,0.5025125628140703,,,886,889,/projects/beto/irowerojas/localLatin/data/canon_labelled/CNIC.325.5/BN2123.76r.3.txt,/projects/beto/irowerojas/localLatin/data/canon_labelled/CNIC.325.5/KoeD213.12r.3.txt,CNIC.325.5,CNIC.325.5,CNIC.325.5,pair_example,1,,,,,rand_similar,,,,,,,"ig,bertscore,ot,attention_weighted,dla,attention_standalone,retrieval_mark"
83,bowphs/LaTa,LaTa,t5,7,abtt_optimal,hidden,mean,10,0.5025125628140703,0.9949748743718592,0.5025125628140703,,,1348,1347,/projects/beto/irowerojas/localLatin/data/canon_labelled/Can.apost.10/Vat5845.7v.2.txt,/projects/beto/irowerojas/localLatin/data/canon_labelled/Can.apost.10/KoeD213.5v.1.txt,Can.apost.10,Can.apost.10,Can.apost.10,pair_example,1,,,,,rand_similar,,,,,,,"ig,bertscore,ot,attention_weighted,dla,attention_standalone,retrieval_mark"
84,bowphs/LaTa,LaTa,t5,7,abtt_optimal,hidden,mean,10,0.5025125628140703,0.9949748743718592,0.5025125628140703,,,1136,1135,/projects/beto/irowerojas/localLatin/data/canon_labelled/CTOL.589.3/WlfH1062.7r.2.txt,/projects/beto/irowerojas/localLatin/data/canon_labelled/CTOL.589.3/BAV1341.69r.3.txt,CTOL.589.3,CTOL.589.3,CTOL.589.3,pair_example,1,,,,,rand_similar,,,,,,,"ig,bertscore,ot,attention_weighted,dla,attention_standalone,retrieval_mark"
85,bowphs/LaTa,LaTa,t5,7,abtt_optimal,hidden,mean,10,0.5025125628140703,0.9949748743718592,0.5025125628140703,,,917,916,/projects/beto/irowerojas/localLatin/data/canon_labelled/CORA.441.11/BN2123.89r.7.txt,/projects/beto/irowerojas/localLatin/data/canon_labelled/CORA.441.11/BAV1341.49v.22.txt,CORA.441.11,CORA.441.11,CORA.441.11,pair_example,1,,,,,rand_similar,,,,,,,"ig,bertscore,ot,attention_weighted,dla,attention_standalone,retrieval_mark"
86,bowphs/LaTa,LaTa,t5,7,abtt_optimal,hidden,mean,10,0.5025125628140703,0.9949748743718592,0.5025125628140703,,,1434,1432,/projects/beto/irowerojas/localLatin/data/canon_labelled/Can.apost.26/Vat5845.8v.3.txt,/projects/beto/irowerojas/localLatin/data/canon_labelled/Can.apost.26/Hat42.146v.1.txt,Can.apost.26,Can.apost.26,Can.apost.26,pair_example,1,,,,,rand_similar,,,,,,,"ig,bertscore,ot,attention_weighted,dla,attention_standalone,retrieval_mark"
87,bowphs/LaTa,LaTa,t5,7,abtt_optimal,hidden,mean,10,0.5025125628140703,0.9949748743718592,0.5025125628140703,,,295,291,/projects/beto/irowerojas/localLatin/data/canon_labelled/CANT.328.22/Hat42.172v.1.txt,/projects/beto/irowerojas/localLatin/data/canon_labelled/CANT.328.22/BAV1341.18r.3.txt,CANT.328.22,CANT.328.22,CANT.328.22,pair_example,1,,,,,rand_similar,,,,,,,"ig,bertscore,ot,attention_weighted,dla,attention_standalone,retrieval_mark"
88,bowphs/LaTa,LaTa,t5,7,abtt_optimal,hidden,mean,10,0.5025125628140703,0.9949748743718592,0.5025125628140703,,,959,961,/projects/beto/irowerojas/localLatin/data/canon_labelled/CORL.511.15/BAV1341.55r.3.txt,/projects/beto/irowerojas/localLatin/data/canon_labelled/CORL.511.15/Brn425.39r.3.txt,CORL.511.15,CORL.511.15,CORL.511.15,pair_example,1,,,,,rand_similar,,,,,,,"ig,bertscore,ot,attention_weighted,dla,attention_standalone,retrieval_mark"
89,bowphs/LaTa,LaTa,t5,7,abtt_optimal,hidden,mean,10,0.5025125628140703,0.9949748743718592,0.5025125628140703,,,861,862,/projects/beto/irowerojas/localLatin/data/canon_labelled/CNIC.325.2/C1525.11r.2.txt,/projects/beto/irowerojas/localLatin/data/canon_labelled/CNIC.325.2/Hat42.150v.2.txt,CNIC.325.2,CNIC.325.2,CNIC.325.2,pair_example,1,,,,,rand_similar,,,,,,,"ig,bertscore,ot,attention_weighted,dla,attention_standalone,retrieval_mark"
90,bowphs/LaTa,LaTa,t5,7,abtt_optimal,hidden,mean,10,0.5025125628140703,0.9949748743718592,0.5025125628140703,,,1596,1594,/projects/beto/irowerojas/localLatin/data/canon_labelled/Can.apost.9/Vat5845.7v.1.txt,/projects/beto/irowerojas/localLatin/data/canon_labelled/Can.apost.9/Hat42.144v.4.txt,Can.apost.9,Can.apost.9,Can.apost.9,pair_example,1,,,,,rand_similar,,,,,,,"ig,bertscore,ot,attention_weighted,dla,attention_standalone,retrieval_mark"
91,bowphs/LaTa,LaTa,t5,7,abtt_optimal,hidden,mean,10,0.5025125628140703,0.9949748743718592,0.5025125628140703,,,71,70,/projects/beto/irowerojas/localLatin/data/canon_labelled/CAGD.506.63/D1723.531.11.txt,/projects/beto/irowerojas/localLatin/data/canon_labelled/CAGD.506.63/Brn425.28v.3.txt,CAGD.506.63,CAGD.506.63,CAGD.506.63,pair_example,1,,,,,rand_similar,,,,,,,"ig,bertscore,ot,attention_weighted,dla,attention_standalone,retrieval_mark"
92,bowphs/LaTa,LaTa,t5,7,abtt_optimal,hidden,mean,10,0.5025125628140703,0.9949748743718592,0.5025125628140703,,,715,714,/projects/beto/irowerojas/localLatin/data/canon_labelled/CNEO.315.11/BN1454.58v.8.txt,/projects/beto/irowerojas/localLatin/data/canon_labelled/CNEO.315.11/BAV1341.13r.4.txt,CNEO.315.11,CNEO.315.11,CNEO.315.11,pair_example,1,,,,,rand_similar,,,,,,,"ig,bertscore,ot,attention_weighted,dla,attention_standalone,retrieval_mark"
93,bowphs/LaTa,LaTa,t5,7,abtt_optimal,hidden,mean,10,0.5025125628140703,0.9949748743718592,0.5025125628140703,,,810,808,/projects/beto/irowerojas/localLatin/data/canon_labelled/CNIC.325.12/C1525.12v.2.txt,/projects/beto/irowerojas/localLatin/data/canon_labelled/CNIC.325.12/BN2123.100r.5.txt,CNIC.325.12,CNIC.325.12,CNIC.325.12,pair_example,1,,,,,rand_similar,,,,,,,"ig,bertscore,ot,attention_weighted,dla,attention_standalone,retrieval_mark"
94,bowphs/LaTa,LaTa,t5,7,abtt_optimal,hidden,mean,10,0.5025125628140703,0.9949748743718592,0.5025125628140703,,,1431,1434,/projects/beto/irowerojas/localLatin/data/canon_labelled/Can.apost.26/C1525.6r.1.txt,/projects/beto/irowerojas/localLatin/data/canon_labelled/Can.apost.26/Vat5845.8v.3.txt,Can.apost.26,Can.apost.26,Can.apost.26,pair_example,1,,,,,rand_similar,,,,,,,"ig,bertscore,ot,attention_weighted,dla,attention_standalone,retrieval_mark"
95,bowphs/LaTa,LaTa,t5,7,abtt_optimal,hidden,mean,10,0.5025125628140703,0.9949748743718592,0.5025125628140703,,,825,828,/projects/beto/irowerojas/localLatin/data/canon_labelled/CNIC.325.15/BN1454.48v.2.txt,/projects/beto/irowerojas/localLatin/data/canon_labelled/CNIC.325.15/Hat42.153v.3.txt,CNIC.325.15,CNIC.325.15,CNIC.325.15,pair_example,1,,,,,rand_similar,,,,,,,"ig,bertscore,ot,attention_weighted,dla,attention_standalone,retrieval_mark"
96,bowphs/LaTa,LaTa,t5,7,abtt_optimal,hidden,mean,10,0.5025125628140703,0.9949748743718592,0.5025125628140703,,,40,42,/projects/beto/irowerojas/localLatin/data/canon_labelled/CAGD.506.38/BN2123.86v.7.txt,/projects/beto/irowerojas/localLatin/data/canon_labelled/CAGD.506.38/D1723.563.9.txt,CAGD.506.38,CAGD.506.38,CAGD.506.38,pair_example,1,,,,,rand_similar,,,,,,,"ig,bertscore,ot,attention_weighted,dla,attention_standalone,retrieval_mark"
97,bowphs/LaTa,LaTa,t5,7,abtt_optimal,hidden,mean,10,0.5025125628140703,0.9949748743718592,0.5025125628140703,,,1029,1030,/projects/beto/irowerojas/localLatin/data/canon_labelled/CORL.549.19/BN2123.97v.8.txt,/projects/beto/irowerojas/localLatin/data/canon_labelled/CORL.549.19/WlfH1062.5r.1.txt,CORL.549.19,CORL.549.19,CORL.549.19,pair_example,1,,,,,rand_similar,,,,,,,"ig,bertscore,ot,attention_weighted,dla,attention_standalone,retrieval_mark"
98,bowphs/LaTa,LaTa,t5,7,abtt_optimal,hidden,mean,10,0.5025125628140703,0.9949748743718592,0.5025125628140703,,,1572,1573,/projects/beto/irowerojas/localLatin/data/canon_labelled/Can.apost.50/Hat42.149r.4.txt,/projects/beto/irowerojas/localLatin/data/canon_labelled/Can.apost.50/KoeD213.10r.3.txt,Can.apost.50,Can.apost.50,Can.apost.50,pair_example,1,,,,,rand_similar,,,,,,,"ig,bertscore,ot,attention_weighted,dla,attention_standalone,retrieval_mark"
99,bowphs/LaTa,LaTa,t5,7,abtt_optimal,hidden,mean,10,0.5025125628140703,0.9949748743718592,0.5025125628140703,,,39,38,/projects/beto/irowerojas/localLatin/data/canon_labelled/CAGD.506.37/D1723.530.11.txt,/projects/beto/irowerojas/localLatin/data/canon_labelled/CAGD.506.37/Brn425.27v.2.txt,CAGD.506.37,CAGD.506.37,CAGD.506.37,pair_example,1,,,,,rand_similar,,,,,,,"ig,bertscore,ot,attention_weighted,dla,attention_standalone,retrieval_mark"
100,bowphs/LaTa,LaTa,t5,7,abtt_optimal,hidden,mean,10,0.5025125628140703,0.9949748743718592,0.5025125628140703,,,330,332,/projects/beto/irowerojas/localLatin/data/canon_labelled/CANT.328.8/BN2123.86v.3.txt,/projects/beto/irowerojas/localLatin/data/canon_labelled/CANT.328.8/Brn425.64r.1.txt,CANT.328.8,CANT.328.8,CANT.328.8,pair_example,1,,,,,rand_similar,,,,,,,"ig,bertscore,ot,attention_weighted,dla,attention_standalone,retrieval_mark"
101,bowphs/LaTa,LaTa,t5,7,abtt_optimal,hidden,mean,10,0.5025125628140703,0.9949748743718592,0.5025125628140703,,,1446,1448,/projects/beto/irowerojas/localLatin/data/canon_labelled/Can.apost.29/C1525.6r.4.txt,/projects/beto/irowerojas/localLatin/data/canon_labelled/Can.apost.29/KoeD213.7r.4.txt,Can.apost.29,Can.apost.29,Can.apost.29,pair_example,1,,,,,rand_similar,,,,,,,"ig,bertscore,ot,attention_weighted,dla,attention_standalone,retrieval_mark"
102,bowphs/LaTa,LaTa,t5,7,abtt_optimal,hidden,mean,10,0.5025125628140703,0.9949748743718592,0.5025125628140703,,,946,947,/projects/beto/irowerojas/localLatin/data/canon_labelled/CORA.441.5/BAV1341.49v.15.txt,/projects/beto/irowerojas/localLatin/data/canon_labelled/CORA.441.5/BAV1341.49v.16.txt,CORA.441.5,CORA.441.5,CORA.441.5,pair_example,1,,,,,rand_similar,,,,,,,"ig,bertscore,ot,attention_weighted,dla,attention_standalone,retrieval_mark"
103,bowphs/LaTa,LaTa,t5,7,abtt_optimal,hidden,mean,10,0.5025125628140703,0.9949748743718592,0.5025125628140703,,,1451,1452,/projects/beto/irowerojas/localLatin/data/canon_labelled/Can.apost.3/C1525.4v.1.txt,/projects/beto/irowerojas/localLatin/data/canon_labelled/Can.apost.3/Hat42.144r.3.txt,Can.apost.3,Can.apost.3,Can.apost.3,pair_example,1,,,,,rand_similar,,,,,,,"ig,bertscore,ot,attention_weighted,dla,attention_standalone,retrieval_mark"
104,bowphs/LaTa,LaTa,t5,7,abtt_optimal,hidden,mean,10,0.5025125628140703,0.9949748743718592,0.5025125628140703,,,21,20,/projects/beto/irowerojas/localLatin/data/canon_labelled/CAGD.506.15/D1723.519.6.txt,/projects/beto/irowerojas/localLatin/data/canon_labelled/CAGD.506.15/Brn425.14v.1.txt,CAGD.506.15,CAGD.506.15,CAGD.506.15,pair_example,1,,,,,rand_similar,,,,,,,"ig,bertscore,ot,attention_weighted,dla,attention_standalone,retrieval_mark"
105,bowphs/LaTa,LaTa,t5,7,abtt_optimal,hidden,mean,10,0.5025125628140703,0.9949748743718592,0.5025125628140703,,,1381,1383,/projects/beto/irowerojas/localLatin/data/canon_labelled/Can.apost.17/Hat42.145v.3.txt,/projects/beto/irowerojas/localLatin/data/canon_labelled/Can.apost.17/Vat5845.8r.2.txt,Can.apost.17,Can.apost.17,Can.apost.17,pair_example,1,,,,,rand_similar,,,,,,,"ig,bertscore,ot,attention_weighted,dla,attention_standalone,retrieval_mark"
106,bowphs/LaTa,LaTa,t5,7,abtt_optimal,hidden,mean,10,0.5025125628140703,0.9949748743718592,0.5025125628140703,,,91,93,/projects/beto/irowerojas/localLatin/data/canon_labelled/CANC.314.12/BAV1341.11v.8.txt,/projects/beto/irowerojas/localLatin/data/canon_labelled/CANC.314.12/C1525.20r.4.txt,CANC.314.12,CANC.314.12,CANC.314.12,pair_example,1,,,,,rand_similar,,,,,,,"ig,bertscore,ot,attention_weighted,dla,attention_standalone,retrieval_mark"
107,bowphs/LaTa,LaTa,t5,7,abtt_optimal,hidden,mean,10,0.5025125628140703,0.9949748743718592,0.5025125628140703,,,459,458,/projects/beto/irowerojas/localLatin/data/canon_labelled/CCHA.451.2/D1723.558.1.txt,/projects/beto/irowerojas/localLatin/data/canon_labelled/CCHA.451.2/Brn425.58r.2.txt,CCHA.451.2,CCHA.451.2,CCHA.451.2,pair_example,1,,,,,rand_similar,,,,,,,"ig,bertscore,ot,attention_weighted,dla,attention_standalone,retrieval_mark"
108,bowphs/LaTa,LaTa,t5,7,abtt_optimal,hidden,mean,10,0.5025125628140703,0.9949748743718592,0.5025125628140703,,,840,841,/projects/beto/irowerojas/localLatin/data/canon_labelled/CNIC.325.17/BN2123.96r.5.txt,/projects/beto/irowerojas/localLatin/data/canon_labelled/CNIC.325.17/C1525.13r.3.txt,CNIC.325.17,CNIC.325.17,CNIC.325.17,pair_example,1,,,,,rand_similar,,,,,,,"ig,bertscore,ot,attention_weighted,dla,attention_standalone,retrieval_mark"
109,bowphs/LaTa,LaTa,t5,7,abtt_optimal,hidden,mean,10,0.5025125628140703,0.9949748743718592,0.5025125628140703,,,1203,1202,/projects/beto/irowerojas/localLatin/data/canon_labelled/CTOL.633.56/WlfH1062.11v.3.txt,/projects/beto/irowerojas/localLatin/data/canon_labelled/CTOL.633.56/BAV1341.76r.5.txt,CTOL.633.56,CTOL.633.56,CTOL.633.56,pair_example,1,,,,,rand_similar,,,,,,,"ig,bertscore,ot,attention_weighted,dla,attention_standalone,retrieval_mark"
110,bowphs/LaTa,LaTa,t5,7,abtt_optimal,hidden,mean,10,0.5025125628140703,0.9949748743718592,0.5025125628140703,,,767,763,/projects/beto/irowerojas/localLatin/data/canon_labelled/CNEO.315.5/KoeD213.26r.1.txt,/projects/beto/irowerojas/localLatin/data/canon_labelled/CNEO.315.5/BAV1341.12v.20.txt,CNEO.315.5,CNEO.315.5,CNEO.315.5,pair_example,1,,,,,rand_similar,,,,,,,"ig,bertscore,ot,attention_weighted,dla,attention_standalone,retrieval_mark"
111,bowphs/LaTa,LaTa,t5,7,abtt_optimal,hidden,mean,10,0.5025125628140703,0.9949748743718592,0.5025125628140703,,,1073,1072,/projects/beto/irowerojas/localLatin/data/canon_labelled/CTOL.397.12/BAVPal575.4r.6.txt,/projects/beto/irowerojas/localLatin/data/canon_labelled/CTOL.397.12/BAV1341.62v.5.txt,CTOL.397.12,CTOL.397.12,CTOL.397.12,pair_example,1,,,,,rand_similar,,,,,,,"ig,bertscore,ot,attention_weighted,dla,attention_standalone,retrieval_mark"
112,bowphs/LaTa,LaTa,t5,7,abtt_optimal,hidden,mean,10,0.5025125628140703,0.9949748743718592,0.5025125628140703,,,29,30,/projects/beto/irowerojas/localLatin/data/canon_labelled/CAGD.506.26/Brn425.53v.1.txt,/projects/beto/irowerojas/localLatin/data/canon_labelled/CAGD.506.26/D1723.553.1.txt,CAGD.506.26,CAGD.506.26,CAGD.506.26,pair_example,1,,,,,rand_similar,,,,,,,"ig,bertscore,ot,attention_weighted,dla,attention_standalone,retrieval_mark"
113,bowphs/LaTa,LaTa,t5,7,abtt_optimal,hidden,mean,10,0.5025125628140703,0.9949748743718592,0.5025125628140703,,,703,704,/projects/beto/irowerojas/localLatin/data/canon_labelled/CNEO.315.1/C1525.22v.1.txt,/projects/beto/irowerojas/localLatin/data/canon_labelled/CNEO.315.1/D1723.524.5.txt,CNEO.315.1,CNEO.315.1,CNEO.315.1,pair_example,1,,,,,rand_similar,,,,,,,"ig,bertscore,ot,attention_weighted,dla,attention_standalone,retrieval_mark"
114,bowphs/LaTa,LaTa,t5,7,abtt_optimal,hidden,mean,10,0.5025125628140703,0.9949748743718592,0.5025125628140703,,,577,578,/projects/beto/irowerojas/localLatin/data/canon_labelled/CGAN.355.6/BN1454.59v.5.txt,/projects/beto/irowerojas/localLatin/data/canon_labelled/CGAN.355.6/Brn425.36r.4.txt,CGAN.355.6,CGAN.355.6,CGAN.355.6,pair_example,1,,,,,rand_similar,,,,,,,"ig,bertscore,ot,attention_weighted,dla,attention_standalone,retrieval_mark"
115,bowphs/LaTa,LaTa,t5,7,abtt_optimal,hidden,mean,10,0.5025125628140703,0.9949748743718592,0.5025125628140703,,,291,294,/projects/beto/irowerojas/localLatin/data/canon_labelled/CANT.328.22/BAV1341.18r.3.txt,/projects/beto/irowerojas/localLatin/data/canon_labelled/CANT.328.22/D1723.558.6.txt,CANT.328.22,CANT.328.22,CANT.328.22,pair_example,1,,,,,rand_similar,,,,,,,"ig,bertscore,ot,attention_weighted,dla,attention_standalone,retrieval_mark"
116,bowphs/LaTa,LaTa,t5,7,abtt_optimal,hidden,mean,10,0.5025125628140703,0.9949748743718592,0.5025125628140703,,,583,585,/projects/beto/irowerojas/localLatin/data/canon_labelled/CGAN.355.7/BN1454.59v.6.txt,/projects/beto/irowerojas/localLatin/data/canon_labelled/CGAN.355.7/Brn425.36r.5.txt,CGAN.355.7,CGAN.355.7,CGAN.355.7,pair_example,1,,,,,rand_similar,,,,,,,"ig,bertscore,ot,attention_weighted,dla,attention_standalone,retrieval_mark"
117,bowphs/LaTa,LaTa,t5,7,abtt_optimal,hidden,mean,10,0.5025125628140703,0.9949748743718592,0.5025125628140703,,,792,795,/projects/beto/irowerojas/localLatin/data/canon_labelled/CNIC.325.1/BN2123.76v.6.txt,/projects/beto/irowerojas/localLatin/data/canon_labelled/CNIC.325.1/KoeD213.11r.2.txt,CNIC.325.1,CNIC.325.1,CNIC.325.1,pair_example,1,,,,,rand_similar,,,,,,,"ig,bertscore,ot,attention_weighted,dla,attention_standalone,retrieval_mark"
118,bowphs/LaTa,LaTa,t5,7,abtt_optimal,hidden,mean,10,0.5025125628140703,0.9949748743718592,0.5025125628140703,,,569,570,/projects/beto/irowerojas/localLatin/data/canon_labelled/CGAN.355.4/C1525.25r.1.txt,/projects/beto/irowerojas/localLatin/data/canon_labelled/CGAN.355.4/D1723.557.3.txt,CGAN.355.4,CGAN.355.4,CGAN.355.4,pair_example,1,,,,,rand_similar,,,,,,,"ig,bertscore,ot,attention_weighted,dla,attention_standalone,retrieval_mark"
119,bowphs/LaTa,LaTa,t5,7,abtt_optimal,hidden,mean,10,0.5025125628140703,0.9949748743718592,0.5025125628140703,,,1583,1581,/projects/beto/irowerojas/localLatin/data/canon_labelled/Can.apost.7/C1525.4v.5.txt,/projects/beto/irowerojas/localLatin/data/canon_labelled/Can.apost.7/BAV1341.7r.1.txt,Can.apost.7,Can.apost.7,Can.apost.7,pair_example,1,,,,,rand_similar,,,,,,,"ig,bertscore,ot,attention_weighted,dla,attention_standalone,retrieval_mark"
120,bowphs/LaTa,LaTa,t5,7,abtt_optimal,hidden,mean,10,0.5025125628140703,0.9949748743718592,0.5025125628140703,,,596,597,/projects/beto/irowerojas/localLatin/data/canon_labelled/CGAN.355.9/BN1454.59v.8.txt,/projects/beto/irowerojas/localLatin/data/canon_labelled/CGAN.355.9/C1525.25r.6.txt,CGAN.355.9,CGAN.355.9,CGAN.355.9,pair_example,1,,,,,rand_similar,,,,,,,"ig,bertscore,ot,attention_weighted,dla,attention_standalone,retrieval_mark"
121,bowphs/LaTa,LaTa,t5,7,abtt_optimal,hidden,mean,10,0.5025125628140703,0.9949748743718592,0.5025125628140703,,,485,484,/projects/beto/irowerojas/localLatin/data/canon_labelled/CCHA.451.9/D1723.536.3.txt,/projects/beto/irowerojas/localLatin/data/canon_labelled/CCHA.451.9/Brn425.33v.2.txt,CCHA.451.9,CCHA.451.9,CCHA.451.9,pair_example,1,,,,,rand_similar,,,,,,,"ig,bertscore,ot,attention_weighted,dla,attention_standalone,retrieval_mark"
122,bowphs/LaTa,LaTa,t5,7,abtt_optimal,hidden,mean,10,0.5025125628140703,0.9949748743718592,0.5025125628140703,,,1172,1171,/projects/beto/irowerojas/localLatin/data/canon_labelled/CTOL.633.33/WlfH1062.10v.1.txt,/projects/beto/irowerojas/localLatin/data/canon_labelled/CTOL.633.33/BAV1341.75r.6.txt,CTOL.633.33,CTOL.633.33,CTOL.633.33,pair_example,1,,,,,rand_similar,,,,,,,"ig,bertscore,ot,attention_weighted,dla,attention_standalone,retrieval_mark"
123,bowphs/LaTa,LaTa,t5,7,abtt_optimal,hidden,mean,10,0.5025125628140703,0.9949748743718592,0.5025125628140703,,,1098,1097,/projects/beto/irowerojas/localLatin/data/canon_labelled/CTOL.397.5/WlfH1062.9r.3.txt,/projects/beto/irowerojas/localLatin/data/canon_labelled/CTOL.397.5/BAVPal575.3v.5.txt,CTOL.397.5,CTOL.397.5,CTOL.397.5,pair_example,1,,,,,rand_similar,,,,,,,"ig,bertscore,ot,attention_weighted,dla,attention_standalone,retrieval_mark"
124,bowphs/LaTa,LaTa,t5,7,abtt_optimal,hidden,mean,10,0.5025125628140703,0.9949748743718592,0.5025125628140703,,,776,777,/projects/beto/irowerojas/localLatin/data/canon_labelled/CNEO.315.7/BN1454.58v.4.txt,/projects/beto/irowerojas/localLatin/data/canon_labelled/CNEO.315.7/C1525.22v.7.txt,CNEO.315.7,CNEO.315.7,CNEO.315.7,pair_example,1,,,,,rand_similar,,,,,,,"ig,bertscore,ot,attention_weighted,dla,attention_standalone,retrieval_mark"
125,bowphs/LaTa,LaTa,t5,7,abtt_optimal,hidden,mean,10,0.5025125628140703,0.9949748743718592,0.5025125628140703,,,969,967,/projects/beto/irowerojas/localLatin/data/canon_labelled/CORL.511.17/Brn425.37v.2.txt,/projects/beto/irowerojas/localLatin/data/canon_labelled/CORL.511.17/BAV1341.55r.5.txt,CORL.511.17,CORL.511.17,CORL.511.17,pair_example,1,,,,,rand_similar,,,,,,,"ig,bertscore,ot,attention_weighted,dla,attention_standalone,retrieval_mark"
126,bowphs/LaTa,LaTa,t5,7,abtt_optimal,hidden,mean,10,0.5025125628140703,0.9949748743718592,0.5025125628140703,,,1482,1481,/projects/beto/irowerojas/localLatin/data/canon_labelled/Can.apost.35/Hat42.147r.5.txt,/projects/beto/irowerojas/localLatin/data/canon_labelled/Can.apost.35/C1525.6v.3.txt,Can.apost.35,Can.apost.35,Can.apost.35,pair_example,1,,,,,rand_similar,,,,,,,"ig,bertscore,ot,attention_weighted,dla,attention_standalone,retrieval_mark"
127,bowphs/LaTa,LaTa,t5,7,abtt_optimal,hidden,mean,10,0.5025125628140703,0.9949748743718592,0.5025125628140703,,,392,389,/projects/beto/irowerojas/localLatin/data/canon_labelled/CARL.501?.25/D1723.534.6.txt,/projects/beto/irowerojas/localLatin/data/canon_labelled/CARL.501?.25/Brn425.14r.1.txt,CARL.501?.25,CARL.501?.25,CARL.501?.25,pair_example,1,,,,,rand_similar,,,,,,,"ig,bertscore,ot,attention_weighted,dla,attention_standalone,retrieval_mark"
128,bowphs/LaTa,LaTa,t5,7,abtt_optimal,hidden,mean,10,0.5025125628140703,0.9949748743718592,0.5025125628140703,,,767,765,/projects/beto/irowerojas/localLatin/data/canon_labelled/CNEO.315.5/KoeD213.26r.1.txt,/projects/beto/irowerojas/localLatin/data/canon_labelled/CNEO.315.5/C1525.22v.5.txt,CNEO.315.5,CNEO.315.5,CNEO.315.5,pair_example,1,,,,,rand_similar,,,,,,,"ig,bertscore,ot,attention_weighted,dla,attention_standalone,retrieval_mark"
129,bowphs/LaTa,LaTa,t5,7,abtt_optimal,hidden,mean,10,0.5025125628140703,0.9949748743718592,0.5025125628140703,,,539,540,/projects/beto/irowerojas/localLatin/data/canon_labelled/CGAN.355.16/C1525.25v.6.txt,/projects/beto/irowerojas/localLatin/data/canon_labelled/CGAN.355.16/Hat42.165v.4.txt,CGAN.355.16,CGAN.355.16,CGAN.355.16,pair_example,1,,,,,rand_similar,,,,,,,"ig,bertscore,ot,attention_weighted,dla,attention_standalone,retrieval_mark"
130,bowphs/LaTa,LaTa,t5,7,abtt_optimal,hidden,mean,10,0.5025125628140703,0.9949748743718592,0.5025125628140703,,,908,906,/projects/beto/irowerojas/localLatin/data/canon_labelled/CNIC.325.9/C1525.12r.3.txt,/projects/beto/irowerojas/localLatin/data/canon_labelled/CNIC.325.9/BN1454.47v.3.txt,CNIC.325.9,CNIC.325.9,CNIC.325.9,pair_example,1,,,,,rand_similar,,,,,,,"ig,bertscore,ot,attention_weighted,dla,attention_standalone,retrieval_mark"
131,bowphs/LaTa,LaTa,t5,7,abtt_optimal,hidden,mean,10,0.5025125628140703,0.9949748743718592,0.5025125628140703,,,288,287,/projects/beto/irowerojas/localLatin/data/canon_labelled/CANT.328.21/C1525.30r.1.txt,/projects/beto/irowerojas/localLatin/data/canon_labelled/CANT.328.21/Brn425.59r.1.txt,CANT.328.21,CANT.328.21,CANT.328.21,pair_example,1,,,,,rand_similar,,,,,,,"ig,bertscore,ot,attention_weighted,dla,attention_standalone,retrieval_mark"
132,bowphs/LaTa,LaTa,t5,7,abtt_optimal,hidden,mean,10,0.5025125628140703,0.9949748743718592,0.5025125628140703,,,292,294,/projects/beto/irowerojas/localLatin/data/canon_labelled/CANT.328.22/Brn425.59r.2.txt,/projects/beto/irowerojas/localLatin/data/canon_labelled/CANT.328.22/D1723.558.6.txt,CANT.328.22,CANT.328.22,CANT.328.22,pair_example,1,,,,,rand_similar,,,,,,,"ig,bertscore,ot,attention_weighted,dla,attention_standalone,retrieval_mark"
133,bowphs/LaTa,LaTa,t5,7,abtt_optimal,hidden,mean,10,0.5025125628140703,0.9949748743718592,0.5025125628140703,,,392,391,/projects/beto/irowerojas/localLatin/data/canon_labelled/CARL.501?.25/D1723.534.6.txt,/projects/beto/irowerojas/localLatin/data/canon_labelled/CARL.501?.25/D1723.519.3.txt,CARL.501?.25,CARL.501?.25,CARL.501?.25,pair_example,1,,,,,rand_similar,,,,,,,"ig,bertscore,ot,attention_weighted,dla,attention_standalone,retrieval_mark"
134,bowphs/LaTa,LaTa,t5,7,abtt_optimal,hidden,mean,10,0.5025125628140703,0.9949748743718592,0.5025125628140703,,,378,377,/projects/beto/irowerojas/localLatin/data/canon_labelled/CARL.501?.18/D1723.538.5.txt,/projects/beto/irowerojas/localLatin/data/canon_labelled/CARL.501?.18/Brn425.36r.2.txt,CARL.501?.18,CARL.501?.18,CARL.501?.18,pair_example,1,,,,,rand_similar,,,,,,,"ig,bertscore,ot,attention_weighted,dla,attention_standalone,retrieval_mark"
135,bowphs/LaTa,LaTa,t5,7,abtt_optimal,hidden,mean,10,0.5025125628140703,0.9949748743718592,0.5025125628140703,,,847,845,/projects/beto/irowerojas/localLatin/data/canon_labelled/CNIC.325.18/C1525.13r.4.txt,/projects/beto/irowerojas/localLatin/data/canon_labelled/CNIC.325.18/BN2123.87v.8.txt,CNIC.325.18,CNIC.325.18,CNIC.325.18,pair_example,1,,,,,rand_similar,,,,,,,"ig,bertscore,ot,attention_weighted,dla,attention_standalone,retrieval_mark"
136,bowphs/LaTa,LaTa,t5,7,abtt_optimal,hidden,mean,10,0.5025125628140703,0.9949748743718592,0.5025125628140703,,,964,963,/projects/beto/irowerojas/localLatin/data/canon_labelled/CORL.511.16/BN2123.93r.8.txt,/projects/beto/irowerojas/localLatin/data/canon_labelled/CORL.511.16/BAV1341.55r.4.txt,CORL.511.16,CORL.511.16,CORL.511.16,pair_example,1,,,,,rand_similar,,,,,,,"ig,bertscore,ot,attention_weighted,dla,attention_standalone,retrieval_mark"
137,bowphs/LaTa,LaTa,t5,7,abtt_optimal,hidden,mean,10,0.5025125628140703,0.9949748743718592,0.5025125628140703,,,856,857,/projects/beto/irowerojas/localLatin/data/canon_labelled/CNIC.325.19/KoeD213.15v.2.txt,/projects/beto/irowerojas/localLatin/data/canon_labelled/CNIC.325.19/KoeD213.16r.1.txt,CNIC.325.19,CNIC.325.19,CNIC.325.19,pair_example,1,,,,,rand_similar,,,,,,,"ig,bertscore,ot,attention_weighted,dla,attention_standalone,retrieval_mark"
138,bowphs/LaTa,LaTa,t5,7,abtt_optimal,hidden,mean,10,0.5025125628140703,0.9949748743718592,0.5025125628140703,,,216,219,/projects/beto/irowerojas/localLatin/data/canon_labelled/CANC.314.8/BN1454.57r.3.txt,/projects/beto/irowerojas/localLatin/data/canon_labelled/CANC.314.8/KoeD213.22r.2.txt,CANC.314.8,CANC.314.8,CANC.314.8,pair_example,1,,,,,rand_similar,,,,,,,"ig,bertscore,ot,attention_weighted,dla,attention_standalone,retrieval_mark"
139,bowphs/LaTa,LaTa,t5,7,abtt_optimal,hidden,mean,10,0.5025125628140703,0.9949748743718592,0.5025125628140703,,,1080,1081,/projects/beto/irowerojas/localLatin/data/canon_labelled/CTOL.397.16/BAV1341.62v.9.txt,/projects/beto/irowerojas/localLatin/data/canon_labelled/CTOL.397.16/BAVPal575.4r.10.txt,CTOL.397.16,CTOL.397.16,CTOL.397.16,pair_example,1,,,,,rand_similar,,,,,,,"ig,bertscore,ot,attention_weighted,dla,attention_standalone,retrieval_mark"
140,bowphs/LaTa,LaTa,t5,7,abtt_optimal,hidden,mean,10,0.5025125628140703,0.9949748743718592,0.5025125628140703,,,986,987,/projects/beto/irowerojas/localLatin/data/canon_labelled/CORL.511.25/BAV1341.55r.12.txt,/projects/beto/irowerojas/localLatin/data/canon_labelled/CORL.511.25/BN2123.90r.7.txt,CORL.511.25,CORL.511.25,CORL.511.25,pair_example,1,,,,,rand_similar,,,,,,,"ig,bertscore,ot,attention_weighted,dla,attention_standalone,retrieval_mark"
141,bowphs/LaTa,LaTa,t5,7,abtt_optimal,hidden,mean,10,0.5025125628140703,0.9949748743718592,0.5025125628140703,,,1562,1558,/projects/beto/irowerojas/localLatin/data/canon_labelled/Can.apost.49/KoeD213.10r.2.txt,/projects/beto/irowerojas/localLatin/data/canon_labelled/Can.apost.49/BAV1341.7v.19.txt,Can.apost.49,Can.apost.49,Can.apost.49,pair_example,1,,,,,rand_similar,,,,,,,"ig,bertscore,ot,attention_weighted,dla,attention_standalone,retrieval_mark"
142,bowphs/LaTa,LaTa,t5,7,abtt_optimal,hidden,mean,10,0.5025125628140703,0.9949748743718592,0.5025125628140703,,,568,570,/projects/beto/irowerojas/localLatin/data/canon_labelled/CGAN.355.4/Brn425.57r.6.txt,/projects/beto/irowerojas/localLatin/data/canon_labelled/CGAN.355.4/D1723.557.3.txt,CGAN.355.4,CGAN.355.4,CGAN.355.4,pair_example,1,,,,,rand_similar,,,,,,,"ig,bertscore,ot,attention_weighted,dla,attention_standalone,retrieval_mark"
143,bowphs/LaTa,LaTa,t5,7,abtt_optimal,hidden,mean,10,0.5025125628140703,0.9949748743718592,0.5025125628140703,,,1468,1467,/projects/beto/irowerojas/localLatin/data/canon_labelled/Can.apost.32/KoeD213.7v.2.txt,/projects/beto/irowerojas/localLatin/data/canon_labelled/Can.apost.32/Hat42.147r.2.txt,Can.apost.32,Can.apost.32,Can.apost.32,pair_example,1,,,,,rand_similar,,,,,,,"ig,bertscore,ot,attention_weighted,dla,attention_standalone,retrieval_mark"
144,bowphs/LaTa,LaTa,t5,7,abtt_optimal,hidden,mean,10,0.5025125628140703,0.9949748743718592,0.5025125628140703,,,670,669,/projects/beto/irowerojas/localLatin/data/canon_labelled/CLAO.300.51/D1723.544.9.txt,/projects/beto/irowerojas/localLatin/data/canon_labelled/CLAO.300.51/Brn425.43v.6.txt,CLAO.300.51,CLAO.300.51,CLAO.300.51,pair_example,1,,,,,rand_similar,,,,,,,"ig,bertscore,ot,attention_weighted,dla,attention_standalone,retrieval_mark"
145,bowphs/LaTa,LaTa,t5,7,abtt_optimal,hidden,mean,10,0.5025125628140703,0.9949748743718592,0.5025125628140703,,,599,596,/projects/beto/irowerojas/localLatin/data/canon_labelled/CGAN.355.9/KoeD213.29v.7.txt,/projects/beto/irowerojas/localLatin/data/canon_labelled/CGAN.355.9/BN1454.59v.8.txt,CGAN.355.9,CGAN.355.9,CGAN.355.9,pair_example,1,,,,,rand_similar,,,,,,,"ig,bertscore,ot,attention_weighted,dla,attention_standalone,retrieval_mark"
146,bowphs/LaTa,LaTa,t5,7,abtt_optimal,hidden,mean,10,0.5025125628140703,0.9949748743718592,0.5025125628140703,,,1091,1090,/projects/beto/irowerojas/localLatin/data/canon_labelled/CTOL.397.20/BAVPal575.4v.4.txt,/projects/beto/irowerojas/localLatin/data/canon_labelled/CTOL.397.20/BAV1341.62v.13.txt,CTOL.397.20,CTOL.397.20,CTOL.397.20,pair_example,1,,,,,rand_similar,,,,,,,"ig,bertscore,ot,attention_weighted,dla,attention_standalone,retrieval_mark"
147,bowphs/LaTa,LaTa,t5,7,abtt_optimal,hidden,mean,10,0.5025125628140703,0.9949748743718592,0.5025125628140703,,,1517,1519,/projects/beto/irowerojas/localLatin/data/canon_labelled/Can.apost.41/C1525.7r.3.txt,/projects/beto/irowerojas/localLatin/data/canon_labelled/Can.apost.41/KoeD213.9r.1.txt,Can.apost.41,Can.apost.41,Can.apost.41,pair_example,1,,,,,rand_similar,,,,,,,"ig,bertscore,ot,attention_weighted,dla,attention_standalone,retrieval_mark"
148,bowphs/LaTa,LaTa,t5,7,abtt_optimal,hidden,mean,10,0.5025125628140703,0.9949748743718592,0.5025125628140703,,,1536,1535,/projects/beto/irowerojas/localLatin/data/canon_labelled/Can.apost.44/KoeD213.9v.4.txt,/projects/beto/irowerojas/localLatin/data/canon_labelled/Can.apost.44/Hat42.148v.3.txt,Can.apost.44,Can.apost.44,Can.apost.44,pair_example,1,,,,,rand_similar,,,,,,,"ig,bertscore,ot,attention_weighted,dla,attention_standalone,retrieval_mark"
149,bowphs/LaTa,LaTa,t5,7,abtt_optimal,hidden,mean,10,0.5025125628140703,0.9949748743718592,0.5025125628140703,,,710,709,/projects/beto/irowerojas/localLatin/data/canon_labelled/CNEO.315.10/C1525.23r.3.txt,/projects/beto/irowerojas/localLatin/data/canon_labelled/CNEO.315.10/Brn425.20r.4.txt,CNEO.315.10,CNEO.315.10,CNEO.315.10,pair_example,1,,,,,rand_similar,,,,,,,"ig,bertscore,ot,attention_weighted,dla,attention_standalone,retrieval_mark"
150,bowphs/LaTa,LaTa,t5,7,abtt_optimal,hidden,mean,10,0.5025125628140703,0.9949748743718592,0.5025125628140703,,,100,101,/projects/beto/irowerojas/localLatin/data/canon_labelled/CANC.314.13/Hat42.158r.4.txt,/projects/beto/irowerojas/localLatin/data/canon_labelled/CANC.314.13/KoeD213.22v.4.txt,CANC.314.13,CANC.314.13,CANC.314.13,pair_example,1,,,,,rand_similar,,,,,,,"ig,bertscore,ot,attention_weighted,dla,attention_standalone,retrieval_mark"
151,bowphs/LaTa,LaTa,t5,7,abtt_optimal,hidden,mean,10,0.5025125628140703,0.9949748743718592,0.5025125628140703,,,732,735,/projects/beto/irowerojas/localLatin/data/canon_labelled/CNEO.315.13/Brn425.56v.2.txt,/projects/beto/irowerojas/localLatin/data/canon_labelled/CNEO.315.13/Hat42.161v.4.txt,CNEO.315.13,CNEO.315.13,CNEO.315.13,pair_example,1,,,,,rand_similar,,,,,,,"ig,bertscore,ot,attention_weighted,dla,attention_standalone,retrieval_mark"
152,bowphs/LaTa,LaTa,t5,7,abtt_optimal,hidden,mean,10,0.5025125628140703,0.9949748743718592,0.5025125628140703,,,1472,1471,/projects/beto/irowerojas/localLatin/data/canon_labelled/Can.apost.33/Hat42.147r.3.txt,/projects/beto/irowerojas/localLatin/data/canon_labelled/Can.apost.33/C1525.6v.1.txt,Can.apost.33,Can.apost.33,Can.apost.33,pair_example,1,,,,,rand_similar,,,,,,,"ig,bertscore,ot,attention_weighted,dla,attention_standalone,retrieval_mark"
153,bowphs/LaTa,LaTa,t5,7,abtt_optimal,hidden,mean,10,0.5025125628140703,0.9949748743718592,0.5025125628140703,,,34,33,/projects/beto/irowerojas/localLatin/data/canon_labelled/CAGD.506.31/D1723.531.2.txt,/projects/beto/irowerojas/localLatin/data/canon_labelled/CAGD.506.31/Brn425.27v.6.txt,CAGD.506.31,CAGD.506.31,CAGD.506.31,pair_example,1,,,,,rand_similar,,,,,,,"ig,bertscore,ot,attention_weighted,dla,attention_standalone,retrieval_mark"
154,bowphs/LaTa,LaTa,t5,7,abtt_optimal,hidden,mean,10,0.5025125628140703,0.9949748743718592,0.5025125628140703,,,1466,1468,/projects/beto/irowerojas/localLatin/data/canon_labelled/Can.apost.32/C1525.6r.7.txt,/projects/beto/irowerojas/localLatin/data/canon_labelled/Can.apost.32/KoeD213.7v.2.txt,Can.apost.32,Can.apost.32,Can.apost.32,pair_example,1,,,,,rand_similar,,,,,,,"ig,bertscore,ot,attention_weighted,dla,attention_standalone,retrieval_mark"
155,bowphs/LaTa,LaTa,t5,7,abtt_optimal,hidden,mean,10,0.5025125628140703,0.9949748743718592,0.5025125628140703,,,1546,1543,/projects/beto/irowerojas/localLatin/data/canon_labelled/Can.apost.46/KoeD213.9v.6.txt,/projects/beto/irowerojas/localLatin/data/canon_labelled/Can.apost.46/BAV1341.7v.16.txt,Can.apost.46,Can.apost.46,Can.apost.46,pair_example,1,,,,,rand_similar,,,,,,,"ig,bertscore,ot,attention_weighted,dla,attention_standalone,retrieval_mark"
156,bowphs/LaTa,LaTa,t5,7,abtt_optimal,hidden,mean,10,0.5025125628140703,0.9949748743718592,0.5025125628140703,,,1399,1403,/projects/beto/irowerojas/localLatin/data/canon_labelled/Can.apost.20/BAV1341.7r.14.txt,/projects/beto/irowerojas/localLatin/data/canon_labelled/Can.apost.20/Vat5845.8r.5.txt,Can.apost.20,Can.apost.20,Can.apost.20,pair_example,1,,,,,rand_similar,,,,,,,"ig,bertscore,ot,attention_weighted,dla,attention_standalone,retrieval_mark"
157,bowphs/LaTa,LaTa,t5,7,abtt_optimal,hidden,mean,10,0.5025125628140703,0.9949748743718592,0.5025125628140703,,,698,697,/projects/beto/irowerojas/localLatin/data/canon_labelled/CNEO.315./D1723.557.1.txt,/projects/beto/irowerojas/localLatin/data/canon_labelled/CNEO.315./Brn425.57r.4.txt,CNEO.315.,CNEO.315.,CNEO.315.,pair_example,1,,,,,rand_similar,,,,,,,"ig,bertscore,ot,attention_weighted,dla,attention_standalone,retrieval_mark"
158,bowphs/LaTa,LaTa,t5,7,abtt_optimal,hidden,mean,10,0.5025125628140703,0.9949748743718592,0.5025125628140703,,,352,353,/projects/beto/irowerojas/localLatin/data/canon_labelled/CARL.314.18/BAV1341.45v.7.txt,/projects/beto/irowerojas/localLatin/data/canon_labelled/CARL.314.18/BAV1341.45v.8.txt,CARL.314.18,CARL.314.18,CARL.314.18,pair_example,1,,,,,rand_similar,,,,,,,"ig,bertscore,ot,attention_weighted,dla,attention_standalone,retrieval_mark"
159,bowphs/LaTa,LaTa,t5,7,abtt_optimal,hidden,mean,10,0.5025125628140703,0.9949748743718592,0.5025125628140703,,,266,265,/projects/beto/irowerojas/localLatin/data/canon_labelled/CANT.328.17/D1723.558.3.txt,/projects/beto/irowerojas/localLatin/data/canon_labelled/CANT.328.17/C1525.29v.1.txt,CANT.328.17,CANT.328.17,CANT.328.17,pair_example,1,,,,,rand_similar,,,,,,,"ig,bertscore,ot,attention_weighted,dla,attention_standalone,retrieval_mark"
160,bowphs/LaTa,LaTa,t5,7,abtt_optimal,hidden,mean,10,0.5025125628140703,0.9949748743718592,0.5025125628140703,,,746,751,/projects/beto/irowerojas/localLatin/data/canon_labelled/CNEO.315.2/BN2123.98r.9.txt,/projects/beto/irowerojas/localLatin/data/canon_labelled/CNEO.315.2/KoeD213.25v.2.txt,CNEO.315.2,CNEO.315.2,CNEO.315.2,pair_example,1,,,,,rand_similar,,,,,,,"ig,bertscore,ot,attention_weighted,dla,attention_standalone,retrieval_mark"
161,bowphs/LaTa,LaTa,t5,7,abtt_optimal,hidden,mean,10,0.5025125628140703,0.9949748743718592,0.5025125628140703,,,1190,1189,/projects/beto/irowerojas/localLatin/data/canon_labelled/CTOL.633.49/WlfH1062.10v.2.txt,/projects/beto/irowerojas/localLatin/data/canon_labelled/CTOL.633.49/BAV1341.75v.12.txt,CTOL.633.49,CTOL.633.49,CTOL.633.49,pair_example,1,,,,,rand_similar,,,,,,,"ig,bertscore,ot,attention_weighted,dla,attention_standalone,retrieval_mark"
162,bowphs/LaTa,LaTa,t5,7,abtt_optimal,hidden,mean,10,0.5025125628140703,0.9949748743718592,0.5025125628140703,,,869,870,/projects/beto/irowerojas/localLatin/data/canon_labelled/CNIC.325.3/BN1454.46v.3.txt,/projects/beto/irowerojas/localLatin/data/canon_labelled/CNIC.325.3/BN2123.96v.8.txt,CNIC.325.3,CNIC.325.3,CNIC.325.3,pair_example,1,,,,,rand_similar,,,,,,,"ig,bertscore,ot,attention_weighted,dla,attention_standalone,retrieval_mark"
163,bowphs/LaTa,LaTa,t5,7,abtt_optimal,hidden,mean,10,0.5025125628140703,0.9949748743718592,0.5025125628140703,,,557,559,/projects/beto/irowerojas/localLatin/data/canon_labelled/CGAN.355.2/C1525.24v.20.txt,/projects/beto/irowerojas/localLatin/data/canon_labelled/CGAN.355.2/KoeD213.29r.2.txt,CGAN.355.2,CGAN.355.2,CGAN.355.2,pair_example,1,,,,,rand_similar,,,,,,,"ig,bertscore,ot,attention_weighted,dla,attention_standalone,retrieval_mark"
164,bowphs/LaTa,LaTa,t5,7,abtt_optimal,hidden,mean,10,0.5025125628140703,0.9949748743718592,0.5025125628140703,,,1488,1489,/projects/beto/irowerojas/localLatin/data/canon_labelled/Can.apost.36/KoeD213.8r.2.txt,/projects/beto/irowerojas/localLatin/data/canon_labelled/Can.apost.36/Vat5845.9r.5.txt,Can.apost.36,Can.apost.36,Can.apost.36,pair_example,1,,,,,rand_similar,,,,,,,"ig,bertscore,ot,attention_weighted,dla,attention_standalone,retrieval_mark"
165,bowphs/LaTa,LaTa,t5,7,abtt_optimal,hidden,mean,10,0.5025125628140703,0.9949748743718592,0.5025125628140703,,,885,889,/projects/beto/irowerojas/localLatin/data/canon_labelled/CNIC.325.5/BN1454.47r.3.txt,/projects/beto/irowerojas/localLatin/data/canon_labelled/CNIC.325.5/KoeD213.12r.3.txt,CNIC.325.5,CNIC.325.5,CNIC.325.5,pair_example,1,,,,,rand_similar,,,,,,,"ig,bertscore,ot,attention_weighted,dla,attention_standalone,retrieval_mark"
166,bowphs/LaTa,LaTa,t5,7,abtt_optimal,hidden,mean,10,0.5025125628140703,0.9949748743718592,0.5025125628140703,,,1094,1095,/projects/beto/irowerojas/localLatin/data/canon_labelled/CTOL.397.4/BAV1341.62r.11.txt,/projects/beto/irowerojas/localLatin/data/canon_labelled/CTOL.397.4/BAVPal575.3v.4.txt,CTOL.397.4,CTOL.397.4,CTOL.397.4,pair_example,1,,,,,rand_similar,,,,,,,"ig,bertscore,ot,attention_weighted,dla,attention_standalone,retrieval_mark"
167,bowphs/LaTa,LaTa,t5,7,abtt_optimal,hidden,mean,10,0.5025125628140703,0.9949748743718592,0.5025125628140703,,,712,707,/projects/beto/irowerojas/localLatin/data/canon_labelled/CNEO.315.10/Hat42.161v.1.txt,/projects/beto/irowerojas/localLatin/data/canon_labelled/CNEO.315.10/BAV1341.13r.3.txt,CNEO.315.10,CNEO.315.10,CNEO.315.10,pair_example,1,,,,,rand_similar,,,,,,,"ig,bertscore,ot,attention_weighted,dla,attention_standalone,retrieval_mark"
168,bowphs/LaTa,LaTa,t5,7,abtt_optimal,hidden,mean,10,0.5025125628140703,0.9949748743718592,0.5025125628140703,,,512,513,/projects/beto/irowerojas/localLatin/data/canon_labelled/CGAN.355.10/BN1454.59v.9.txt,/projects/beto/irowerojas/localLatin/data/canon_labelled/CGAN.355.10/C1525.25r.7.txt,CGAN.355.10,CGAN.355.10,CGAN.355.10,pair_example,1,,,,,rand_similar,,,,,,,"ig,bertscore,ot,attention_weighted,dla,attention_standalone,retrieval_mark"
169,bowphs/LaTa,LaTa,t5,7,abtt_optimal,hidden,mean,10,0.5025125628140703,0.9949748743718592,0.5025125628140703,,,60,61,/projects/beto/irowerojas/localLatin/data/canon_labelled/CAGD.506.52/Brn425.64v.5.txt,/projects/beto/irowerojas/localLatin/data/canon_labelled/CAGD.506.52/D1723.563.8.txt,CAGD.506.52,CAGD.506.52,CAGD.506.52,pair_example,1,,,,,rand_similar,,,,,,,"ig,bertscore,ot,attention_weighted,dla,attention_standalone,retrieval_mark"
170,bowphs/LaTa,LaTa,t5,7,abtt_optimal,hidden,mean,10,0.5025125628140703,0.9949748743718592,0.5025125628140703,,,1475,1478,/projects/beto/irowerojas/localLatin/data/canon_labelled/Can.apost.34/BAV1341.7v.4.txt,/projects/beto/irowerojas/localLatin/data/canon_labelled/Can.apost.34/KoeD213.7v.4.txt,Can.apost.34,Can.apost.34,Can.apost.34,pair_example,1,,,,,rand_similar,,,,,,,"ig,bertscore,ot,attention_weighted,dla,attention_standalone,retrieval_mark"
171,bowphs/LaTa,LaTa,t5,7,abtt_optimal,hidden,mean,10,0.5025125628140703,0.9949748743718592,0.5025125628140703,,,1104,1105,/projects/beto/irowerojas/localLatin/data/canon_labelled/CTOL.397.8/BAV1341.62v.1.txt,/projects/beto/irowerojas/localLatin/data/canon_labelled/CTOL.397.8/BAVPal575.4r.2.txt,CTOL.397.8,CTOL.397.8,CTOL.397.8,pair_example,1,,,,,rand_similar,,,,,,,"ig,bertscore,ot,attention_weighted,dla,attention_standalone,retrieval_mark"
172,bowphs/LaTa,LaTa,t5,7,abtt_optimal,hidden,mean,10,0.5025125628140703,0.9949748743718592,0.5025125628140703,,,1493,1492,/projects/beto/irowerojas/localLatin/data/canon_labelled/Can.apost.37/Hat42.147v.2.txt,/projects/beto/irowerojas/localLatin/data/canon_labelled/Can.apost.37/C1525.6v.5.txt,Can.apost.37,Can.apost.37,Can.apost.37,pair_example,1,,,,,rand_similar,,,,,,,"ig,bertscore,ot,attention_weighted,dla,attention_standalone,retrieval_mark"
173,bowphs/LaTa,LaTa,t5,7,abtt_optimal,hidden,mean,10,0.5025125628140703,0.9949748743718592,0.5025125628140703,,,871,869,/projects/beto/irowerojas/localLatin/data/canon_labelled/CNIC.325.3/Brn425.20v.2.txt,/projects/beto/irowerojas/localLatin/data/canon_labelled/CNIC.325.3/BN1454.46v.3.txt,CNIC.325.3,CNIC.325.3,CNIC.325.3,pair_example,1,,,,,rand_similar,,,,,,,"ig,bertscore,ot,attention_weighted,dla,attention_standalone,retrieval_mark"
174,bowphs/LaTa,LaTa,t5,7,abtt_optimal,hidden,mean,10,0.5025125628140703,0.9949748743718592,0.5025125628140703,,,716,715,/projects/beto/irowerojas/localLatin/data/canon_labelled/CNEO.315.11/C1525.23r.4.txt,/projects/beto/irowerojas/localLatin/data/canon_labelled/CNEO.315.11/BN1454.58v.8.txt,CNEO.315.11,CNEO.315.11,CNEO.315.11,pair_example,1,,,,,rand_similar,,,,,,,"ig,bertscore,ot,attention_weighted,dla,attention_standalone,retrieval_mark"
175,bowphs/LaTa,LaTa,t5,7,abtt_optimal,hidden,mean,10,0.5025125628140703,0.9949748743718592,0.5025125628140703,,,820,814,/projects/beto/irowerojas/localLatin/data/canon_labelled/CNIC.325.13/KoeD213.14v.1.txt,/projects/beto/irowerojas/localLatin/data/canon_labelled/CNIC.325.13/BN1454.48r.3.txt,CNIC.325.13,CNIC.325.13,CNIC.325.13,pair_example,1,,,,,rand_similar,,,,,,,"ig,bertscore,ot,attention_weighted,dla,attention_standalone,retrieval_mark"
176,bowphs/LaTa,LaTa,t5,7,abtt_optimal,hidden,mean,10,0.5025125628140703,0.9949748743718592,0.5025125628140703,,,258,259,/projects/beto/irowerojas/localLatin/data/canon_labelled/CANT.328.16/BAV1341.17v.6.txt,/projects/beto/irowerojas/localLatin/data/canon_labelled/CANT.328.16/Brn425.64r.3.txt,CANT.328.16,CANT.328.16,CANT.328.16,pair_example,1,,,,,rand_similar,,,,,,,"ig,bertscore,ot,attention_weighted,dla,attention_standalone,retrieval_mark"
177,bowphs/LaTa,LaTa,t5,7,abtt_optimal,hidden,mean,10,0.5025125628140703,0.9949748743718592,0.5025125628140703,,,389,391,/projects/beto/irowerojas/localLatin/data/canon_labelled/CARL.501?.25/Brn425.14r.1.txt,/projects/beto/irowerojas/localLatin/data/canon_labelled/CARL.501?.25/D1723.519.3.txt,CARL.501?.25,CARL.501?.25,CARL.501?.25,pair_example,1,,,,,rand_similar,,,,,,,"ig,bertscore,ot,attention_weighted,dla,attention_standalone,retrieval_mark"
178,bowphs/LaTa,LaTa,t5,7,abtt_optimal,hidden,mean,10,0.5025125628140703,0.9949748743718592,0.5025125628140703,,,265,263,/projects/beto/irowerojas/localLatin/data/canon_labelled/CANT.328.17/C1525.29v.1.txt,/projects/beto/irowerojas/localLatin/data/canon_labelled/CANT.328.17/BAV1341.17v.7.txt,CANT.328.17,CANT.328.17,CANT.328.17,pair_example,1,,,,,rand_similar,,,,,,,"ig,bertscore,ot,attention_weighted,dla,attention_standalone,retrieval_mark"
179,bowphs/LaTa,LaTa,t5,7,abtt_optimal,hidden,mean,10,0.5025125628140703,0.9949748743718592,0.5025125628140703,,,550,549,/projects/beto/irowerojas/localLatin/data/canon_labelled/CGAN.355.18/Hat42.165v.6.txt,/projects/beto/irowerojas/localLatin/data/canon_labelled/CGAN.355.18/C1525.26r.1.txt,CGAN.355.18,CGAN.355.18,CGAN.355.18,pair_example,1,,,,,rand_similar,,,,,,,"ig,bertscore,ot,attention_weighted,dla,attention_standalone,retrieval_mark"
180,bowphs/LaTa,LaTa,t5,7,abtt_optimal,hidden,mean,10,0.5025125628140703,0.9949748743718592,0.5025125628140703,,,383,385,/projects/beto/irowerojas/localLatin/data/canon_labelled/CARL.501?.22/BAV1341.46v.8.txt,/projects/beto/irowerojas/localLatin/data/canon_labelled/CARL.501?.22/D1723.520.1.txt,CARL.501?.22,CARL.501?.22,CARL.501?.22,pair_example,1,,,,,rand_similar,,,,,,,"ig,bertscore,ot,attention_weighted,dla,attention_standalone,retrieval_mark"
181,bowphs/LaTa,LaTa,t5,7,abtt_optimal,hidden,mean,10,0.5025125628140703,0.9949748743718592,0.5025125628140703,,,652,653,/projects/beto/irowerojas/localLatin/data/canon_labelled/CLAO.300.23/Brn425.55r.4.txt,/projects/beto/irowerojas/localLatin/data/canon_labelled/CLAO.300.23/D1723.554.11.txt,CLAO.300.23,CLAO.300.23,CLAO.300.23,pair_example,1,,,,,rand_similar,,,,,,,"ig,bertscore,ot,attention_weighted,dla,attention_standalone,retrieval_mark"
182,bowphs/LaTa,LaTa,t5,7,abtt_optimal,hidden,mean,10,0.5025125628140703,0.9949748743718592,0.5025125628140703,,,996,997,/projects/beto/irowerojas/localLatin/data/canon_labelled/CORL.511.28/BAV1341.55v.2.txt,/projects/beto/irowerojas/localLatin/data/canon_labelled/CORL.511.28/BN2123.91v.1.txt,CORL.511.28,CORL.511.28,CORL.511.28,pair_example,1,,,,,rand_similar,,,,,,,"ig,bertscore,ot,attention_weighted,dla,attention_standalone,retrieval_mark"
183,bowphs/LaTa,LaTa,t5,7,abtt_optimal,hidden,mean,10,0.5025125628140703,0.9949748743718592,0.5025125628140703,,,461,462,/projects/beto/irowerojas/localLatin/data/canon_labelled/CCHA.451.21/Brn425.32r.3.txt,/projects/beto/irowerojas/localLatin/data/canon_labelled/CCHA.451.21/D1723.535.1.txt,CCHA.451.21,CCHA.451.21,CCHA.451.21,pair_example,1,,,,,rand_similar,,,,,,,"ig,bertscore,ot,attention_weighted,dla,attention_standalone,retrieval_mark"
184,bowphs/LaTa,LaTa,t5,7,abtt_optimal,hidden,mean,10,0.5025125628140703,0.9949748743718592,0.5025125628140703,,,771,774,/projects/beto/irowerojas/localLatin/data/canon_labelled/CNEO.315.6/C1525.22v.6.txt,/projects/beto/irowerojas/localLatin/data/canon_labelled/CNEO.315.6/KoeD213.26r.2.txt,CNEO.315.6,CNEO.315.6,CNEO.315.6,pair_example,1,,,,,rand_similar,,,,,,,"ig,bertscore,ot,attention_weighted,dla,attention_standalone,retrieval_mark"
185,bowphs/LaTa,LaTa,t5,7,abtt_optimal,hidden,mean,10,0.5025125628140703,0.9949748743718592,0.5025125628140703,,,475,474,/projects/beto/irowerojas/localLatin/data/canon_labelled/CCHA.451.5/D1723.551.5.txt,/projects/beto/irowerojas/localLatin/data/canon_labelled/CCHA.451.5/Brn425.51v.6.txt,CCHA.451.5,CCHA.451.5,CCHA.451.5,pair_example,1,,,,,rand_similar,,,,,,,"ig,bertscore,ot,attention_weighted,dla,attention_standalone,retrieval_mark"
186,bowphs/LaTa,LaTa,t5,7,abtt_optimal,hidden,mean,10,0.5025125628140703,0.9949748743718592,0.5025125628140703,,,1554,1553,/projects/beto/irowerojas/localLatin/data/canon_labelled/Can.apost.48/C1525.7v.5.txt,/projects/beto/irowerojas/localLatin/data/canon_labelled/Can.apost.48/BAV1341.7v.18.txt,Can.apost.48,Can.apost.48,Can.apost.48,pair_example,1,,,,,rand_similar,,,,,,,"ig,bertscore,ot,attention_weighted,dla,attention_standalone,retrieval_mark"
187,bowphs/LaTa,LaTa,t5,7,abtt_optimal,hidden,mean,10,0.5025125628140703,0.9949748743718592,0.5025125628140703,,,867,865,/projects/beto/irowerojas/localLatin/data/canon_labelled/CNIC.325.20/Hat42.155r.1.txt,/projects/beto/irowerojas/localLatin/data/canon_labelled/CNIC.325.20/C1525.13v.2.txt,CNIC.325.20,CNIC.325.20,CNIC.325.20,pair_example,1,,,,,rand_similar,,,,,,,"ig,bertscore,ot,attention_weighted,dla,attention_standalone,retrieval_mark"
188,bowphs/LaTa,LaTa,t5,7,abtt_optimal,hidden,mean,10,0.5025125628140703,0.9949748743718592,0.5025125628140703,,,1564,1566,/projects/beto/irowerojas/localLatin/data/canon_labelled/Can.apost.5/BAV1341.6v.55.txt,/projects/beto/irowerojas/localLatin/data/canon_labelled/Can.apost.5/Hat42.144r.5.txt,Can.apost.5,Can.apost.5,Can.apost.5,pair_example,1,,,,,rand_similar,,,,,,,"ig,bertscore,ot,attention_weighted,dla,attention_standalone,retrieval_mark"
189,bowphs/LaTa,LaTa,t5,7,abtt_optimal,hidden,mean,10,0.5025125628140703,0.9949748743718592,0.5025125628140703,,,1596,1592,/projects/beto/irowerojas/localLatin/data/canon_labelled/Can.apost.9/Vat5845.7v.1.txt,/projects/beto/irowerojas/localLatin/data/canon_labelled/Can.apost.9/BAV1341.7r.3.txt,Can.apost.9,Can.apost.9,Can.apost.9,pair_example,1,,,,,rand_similar,,,,,,,"ig,bertscore,ot,attention_weighted,dla,attention_standalone,retrieval_mark"
190,bowphs/LaTa,LaTa,t5,7,abtt_optimal,hidden,mean,10,0.5025125628140703,0.9949748743718592,0.5025125628140703,,,251,252,/projects/beto/irowerojas/localLatin/data/canon_labelled/CANT.328.14/C1525.29r.2.txt,/projects/beto/irowerojas/localLatin/data/canon_labelled/CANT.328.14/Hat42.170v.2.txt,CANT.328.14,CANT.328.14,CANT.328.14,pair_example,1,,,,,rand_similar,,,,,,,"ig,bertscore,ot,attention_weighted,dla,attention_standalone,retrieval_mark"
191,bowphs/LaTa,LaTa,t5,7,abtt_optimal,hidden,mean,10,0.5025125628140703,0.9949748743718592,0.5025125628140703,,,1588,1587,/projects/beto/irowerojas/localLatin/data/canon_labelled/Can.apost.8/C1525.4v.6.txt,/projects/beto/irowerojas/localLatin/data/canon_labelled/Can.apost.8/BAV1341.7r.2.txt,Can.apost.8,Can.apost.8,Can.apost.8,pair_example,1,,,,,rand_similar,,,,,,,"ig,bertscore,ot,attention_weighted,dla,attention_standalone,retrieval_mark"
192,bowphs/LaTa,LaTa,t5,7,abtt_optimal,hidden,mean,10,0.5025125628140703,0.9949748743718592,0.5025125628140703,,,451,452,/projects/beto/irowerojas/localLatin/data/canon_labelled/CCHA.451.16/Brn425.21r.1.txt,/projects/beto/irowerojas/localLatin/data/canon_labelled/CCHA.451.16/D1723.525.1.txt,CCHA.451.16,CCHA.451.16,CCHA.451.16,pair_example,1,,,,,rand_similar,,,,,,,"ig,bertscore,ot,attention_weighted,dla,attention_standalone,retrieval_mark"
193,bowphs/LaTa,LaTa,t5,7,abtt_optimal,hidden,mean,10,0.5025125628140703,0.9949748743718592,0.5025125628140703,,,549,551,/projects/beto/irowerojas/localLatin/data/canon_labelled/CGAN.355.18/C1525.26r.1.txt,/projects/beto/irowerojas/localLatin/data/canon_labelled/CGAN.355.18/KoeD213.30v.3.txt,CGAN.355.18,CGAN.355.18,CGAN.355.18,pair_example,1,,,,,rand_similar,,,,,,,"ig,bertscore,ot,attention_weighted,dla,attention_standalone,retrieval_mark"
194,bowphs/LaTa,LaTa,t5,7,abtt_optimal,hidden,mean,10,0.5025125628140703,0.9949748743718592,0.5025125628140703,,,1558,1563,/projects/beto/irowerojas/localLatin/data/canon_labelled/Can.apost.49/BAV1341.7v.19.txt,/projects/beto/irowerojas/localLatin/data/canon_labelled/Can.apost.49/Vat5845.10v.1.txt,Can.apost.49,Can.apost.49,Can.apost.49,pair_example,1,,,,,rand_similar,,,,,,,"ig,bertscore,ot,attention_weighted,dla,attention_standalone,retrieval_mark"
195,bowphs/LaTa,LaTa,t5,7,abtt_optimal,hidden,mean,10,0.5025125628140703,0.9949748743718592,0.5025125628140703,,,64,63,/projects/beto/irowerojas/localLatin/data/canon_labelled/CAGD.506.55/D1723.555.9.txt,/projects/beto/irowerojas/localLatin/data/canon_labelled/CAGD.506.55/Brn425.55v.8.txt,CAGD.506.55,CAGD.506.55,CAGD.506.55,pair_example,1,,,,,rand_similar,,,,,,,"ig,bertscore,ot,attention_weighted,dla,attention_standalone,retrieval_mark"
196,bowphs/LaTa,LaTa,t5,7,abtt_optimal,hidden,mean,10,0.5025125628140703,0.9949748743718592,0.5025125628140703,,,716,718,/projects/beto/irowerojas/localLatin/data/canon_labelled/CNEO.315.11/C1525.23r.4.txt,/projects/beto/irowerojas/localLatin/data/canon_labelled/CNEO.315.11/KoeD213.26v.2.txt,CNEO.315.11,CNEO.315.11,CNEO.315.11,pair_example,1,,,,,rand_similar,,,,,,,"ig,bertscore,ot,attention_weighted,dla,attention_standalone,retrieval_mark"
197,bowphs/LaTa,LaTa,t5,7,abtt_optimal,hidden,mean,10,0.5025125628140703,0.9949748743718592,0.5025125628140703,,,813,811,/projects/beto/irowerojas/localLatin/data/canon_labelled/CNIC.325.12/KoeD213.14r.1.txt,/projects/beto/irowerojas/localLatin/data/canon_labelled/CNIC.325.12/D1723.522.3.txt,CNIC.325.12,CNIC.325.12,CNIC.325.12,pair_example,1,,,,,rand_similar,,,,,,,"ig,bertscore,ot,attention_weighted,dla,attention_standalone,retrieval_mark"
198,bowphs/LaTa,LaTa,t5,7,abtt_optimal,hidden,mean,10,0.5025125628140703,0.9949748743718592,0.5025125628140703,,,1054,1055,/projects/beto/irowerojas/localLatin/data/canon_labelled/CSAR.347.3/BN1454.49v.2.txt,/projects/beto/irowerojas/localLatin/data/canon_labelled/CSAR.347.3/BN1454.49v.3.txt,CSAR.347.3,CSAR.347.3,CSAR.347.3,pair_example,1,,,,,rand_similar,,,,,,,"ig,bertscore,ot,attention_weighted,dla,attention_standalone,retrieval_mark"
199,bowphs/LaTa,LaTa,t5,7,abtt_optimal,hidden,mean,10,0.5025125628140703,0.9949748743718592,0.5025125628140703,,,145,152,/projects/beto/irowerojas/localLatin/data/canon_labelled/CANC.314.20/BAV1341.12r.7.txt,/projects/beto/irowerojas/localLatin/data/canon_labelled/CANC.314.20/Hat42.159v.2.txt,CANC.314.20,CANC.314.20,CANC.314.20,pair_example,1,,,,,rand_similar,,,,,,,"ig,bertscore,ot,attention_weighted,dla,attention_standalone,retrieval_mark"
200,bowphs/LaTa,LaTa,t5,7,abtt_optimal,hidden,mean,10,0.5025125628140703,0.9949748743718592,0.5025125628140703,,,1196,1197,/projects/beto/irowerojas/localLatin/data/canon_labelled/CTOL.633.52/BAV1341.76r.1.txt,/projects/beto/irowerojas/localLatin/data/canon_labelled/CTOL.633.52/WlfH1062.11v.2.txt,CTOL.633.52,CTOL.633.52,CTOL.633.52,pair_example,1,,,,,rand_similar,,,,,,,"ig,bertscore,ot,attention_weighted,dla,attention_standalone,retrieval_mark"
201,bowphs/PhilTa,PhilTa,t5,1,abtt_optimal,hidden,mean,10,0.4170854271356784,0.8944723618090452,0.4170854271356784,,,1308,1306,/projects/beto/irowerojas/localLatin/data/canon_labelled/CVAI.442.3/D1723.555.13.txt,/projects/beto/irowerojas/localLatin/data/canon_labelled/CVAI.442.3/BAV1341.50v.3.txt,CVAI.442.3,CVAI.442.3,CVAI.442.3,pair_example,1,,,,,rand_similar,,,,,,,"ig,bertscore,ot,attention_weighted,dla,attention_standalone,retrieval_mark"
202,bowphs/PhilTa,PhilTa,t5,1,abtt_optimal,hidden,mean,10,0.4170854271356784,0.8944723618090452,0.4170854271356784,,,1461,1462,/projects/beto/irowerojas/localLatin/data/canon_labelled/Can.apost.31/C1525.6r.6.txt,/projects/beto/irowerojas/localLatin/data/canon_labelled/Can.apost.31/Hat42.147r.1.txt,Can.apost.31,Can.apost.31,Can.apost.31,pair_example,1,,,,,rand_similar,,,,,,,"ig,bertscore,ot,attention_weighted,dla,attention_standalone,retrieval_mark"
203,bowphs/PhilTa,PhilTa,t5,1,abtt_optimal,hidden,mean,10,0.4170854271356784,0.8944723618090452,0.4170854271356784,,,1283,1282,/projects/beto/irowerojas/localLatin/data/canon_labelled/CTOL.655.8/WlfH1062.13v.2.txt,/projects/beto/irowerojas/localLatin/data/canon_labelled/CTOL.655.8/BAV1341.95r.1.txt,CTOL.655.8,CTOL.655.8,CTOL.655.8,pair_example,1,,,,,rand_similar,,,,,,,"ig,bertscore,ot,attention_weighted,dla,attention_standalone,retrieval_mark"
204,bowphs/PhilTa,PhilTa,t5,1,abtt_optimal,hidden,mean,10,0.4170854271356784,0.8944723618090452,0.4170854271356784,,,671,672,/projects/beto/irowerojas/localLatin/data/canon_labelled/CLAO.300.52/Brn425.21v.5.txt,/projects/beto/irowerojas/localLatin/data/canon_labelled/CLAO.300.52/D1723.525.7.txt,CLAO.300.52,CLAO.300.52,CLAO.300.52,pair_example,1,,,,,rand_similar,,,,,,,"ig,bertscore,ot,attention_weighted,dla,attention_standalone,retrieval_mark"
205,bowphs/PhilTa,PhilTa,t5,1,abtt_optimal,hidden,mean,10,0.4170854271356784,0.8944723618090452,0.4170854271356784,,,987,986,/projects/beto/irowerojas/localLatin/data/canon_labelled/CORL.511.25/BN2123.90r.7.txt,/projects/beto/irowerojas/localLatin/data/canon_labelled/CORL.511.25/BAV1341.55r.12.txt,CORL.511.25,CORL.511.25,CORL.511.25,pair_example,1,,,,,rand_similar,,,,,,,"ig,bertscore,ot,attention_weighted,dla,attention_standalone,retrieval_mark"
206,bowphs/PhilTa,PhilTa,t5,1,abtt_optimal,hidden,mean,10,0.4170854271356784,0.8944723618090452,0.4170854271356784,,,155,158,/projects/beto/irowerojas/localLatin/data/canon_labelled/CANC.314.21/BN1454.58r.3.txt,/projects/beto/irowerojas/localLatin/data/canon_labelled/CANC.314.21/C1525.21r.4.txt,CANC.314.21,CANC.314.21,CANC.314.21,pair_example,1,,,,,rand_similar,,,,,,,"ig,bertscore,ot,attention_weighted,dla,attention_standalone,retrieval_mark"
207,bowphs/PhilTa,PhilTa,t5,1,abtt_optimal,hidden,mean,10,0.4170854271356784,0.8944723618090452,0.4170854271356784,,,929,931,/projects/beto/irowerojas/localLatin/data/canon_labelled/CORA.441.2/BAV1341.49v.11.txt,/projects/beto/irowerojas/localLatin/data/canon_labelled/CORA.441.2/Brn425.55v.11.txt,CORA.441.2,CORA.441.2,CORA.441.2,pair_example,1,,,,,rand_similar,,,,,,,"ig,bertscore,ot,attention_weighted,dla,attention_standalone,retrieval_mark"
208,bowphs/PhilTa,PhilTa,t5,1,abtt_optimal,hidden,mean,10,0.4170854271356784,0.8944723618090452,0.4170854271356784,,,1577,1578,/projects/beto/irowerojas/localLatin/data/canon_labelled/Can.apost.6/C1525.4v.4.txt,/projects/beto/irowerojas/localLatin/data/canon_labelled/Can.apost.6/Hat42.144v.1.txt,Can.apost.6,Can.apost.6,Can.apost.6,pair_example,1,,,,,rand_similar,,,,,,,"ig,bertscore,ot,attention_weighted,dla,attention_standalone,retrieval_mark"
209,bowphs/PhilTa,PhilTa,t5,1,abtt_optimal,hidden,mean,10,0.4170854271356784,0.8944723618090452,0.4170854271356784,,,546,545,/projects/beto/irowerojas/localLatin/data/canon_labelled/CGAN.355.17/Hat42.165v.5.txt,/projects/beto/irowerojas/localLatin/data/canon_labelled/CGAN.355.17/D1723.531.5.txt,CGAN.355.17,CGAN.355.17,CGAN.355.17,pair_example,1,,,,,rand_similar,,,,,,,"ig,bertscore,ot,attention_weighted,dla,attention_standalone,retrieval_mark"
210,bowphs/PhilTa,PhilTa,t5,1,abtt_optimal,hidden,mean,10,0.4170854271356784,0.8944723618090452,0.4170854271356784,,,36,37,/projects/beto/irowerojas/localLatin/data/canon_labelled/CAGD.506.35/Brn425.36v.5.txt,/projects/beto/irowerojas/localLatin/data/canon_labelled/CAGD.506.35/D1723.539.3.txt,CAGD.506.35,CAGD.506.35,CAGD.506.35,pair_example,1,,,,,rand_similar,,,,,,,"ig,bertscore,ot,attention_weighted,dla,attention_standalone,retrieval_mark"
211,bowphs/PhilTa,PhilTa,t5,1,abtt_optimal,hidden,mean,10,0.4170854271356784,0.8944723618090452,0.4170854271356784,,,959,961,/projects/beto/irowerojas/localLatin/data/canon_labelled/CORL.511.15/BAV1341.55r.3.txt,/projects/beto/irowerojas/localLatin/data/canon_labelled/CORL.511.15/Brn425.39r.3.txt,CORL.511.15,CORL.511.15,CORL.511.15,pair_example,1,,,,,rand_similar,,,,,,,"ig,bertscore,ot,attention_weighted,dla,attention_standalone,retrieval_mark"
212,bowphs/PhilTa,PhilTa,t5,1,abtt_optimal,hidden,mean,10,0.4170854271356784,0.8944723618090452,0.4170854271356784,,,895,893,/projects/beto/irowerojas/localLatin/data/canon_labelled/CNIC.325.6/C1525.11v.3.txt,/projects/beto/irowerojas/localLatin/data/canon_labelled/CNIC.325.6/BN2123.81r.6.txt,CNIC.325.6,CNIC.325.6,CNIC.325.6,pair_example,1,,,,,rand_similar,,,,,,,"ig,bertscore,ot,attention_weighted,dla,attention_standalone,retrieval_mark"
213,bowphs/PhilTa,PhilTa,t5,1,abtt_optimal,hidden,mean,10,0.4170854271356784,0.8944723618090452,0.4170854271356784,,,29,30,/projects/beto/irowerojas/localLatin/data/canon_labelled/CAGD.506.26/Brn425.53v.1.txt,/projects/beto/irowerojas/localLatin/data/canon_labelled/CAGD.506.26/D1723.553.1.txt,CAGD.506.26,CAGD.506.26,CAGD.506.26,pair_example,1,,,,,rand_similar,,,,,,,"ig,bertscore,ot,attention_weighted,dla,attention_standalone,retrieval_mark"
214,bowphs/PhilTa,PhilTa,t5,1,abtt_optimal,hidden,mean,10,0.4170854271356784,0.8944723618090452,0.4170854271356784,,,825,828,/projects/beto/irowerojas/localLatin/data/canon_labelled/CNIC.325.15/BN1454.48v.2.txt,/projects/beto/irowerojas/localLatin/data/canon_labelled/CNIC.325.15/Hat42.153v.3.txt,CNIC.325.15,CNIC.325.15,CNIC.325.15,pair_example,1,,,,,rand_similar,,,,,,,"ig,bertscore,ot,attention_weighted,dla,attention_standalone,retrieval_mark"
215,bowphs/PhilTa,PhilTa,t5,1,abtt_optimal,hidden,mean,10,0.4170854271356784,0.8944723618090452,0.4170854271356784,,,1514,1515,/projects/beto/irowerojas/localLatin/data/canon_labelled/Can.apost.40/KoeD213.8v.3.txt,/projects/beto/irowerojas/localLatin/data/canon_labelled/Can.apost.40/Vat5845.9v.3.txt,Can.apost.40,Can.apost.40,Can.apost.40,pair_example,1,,,,,rand_similar,,,,,,,"ig,bertscore,ot,attention_weighted,dla,attention_standalone,retrieval_mark"
216,bowphs/PhilTa,PhilTa,t5,1,abtt_optimal,hidden,mean,10,0.4170854271356784,0.8944723618090452,0.4170854271356784,,,819,820,/projects/beto/irowerojas/localLatin/data/canon_labelled/CNIC.325.13/Hat42.153v.1.txt,/projects/beto/irowerojas/localLatin/data/canon_labelled/CNIC.325.13/KoeD213.14v.1.txt,CNIC.325.13,CNIC.325.13,CNIC.325.13,pair_example,1,,,,,rand_similar,,,,,,,"ig,bertscore,ot,attention_weighted,dla,attention_standalone,retrieval_mark"
217,bowphs/PhilTa,PhilTa,t5,1,abtt_optimal,hidden,mean,10,0.4170854271356784,0.8944723618090452,0.4170854271356784,,,124,121,/projects/beto/irowerojas/localLatin/data/canon_labelled/CANC.314.17/Hat42.159r.2.txt,/projects/beto/irowerojas/localLatin/data/canon_labelled/CANC.314.17/BAV1341.12r.4.txt,CANC.314.17,CANC.314.17,CANC.314.17,pair_example,1,,,,,rand_similar,,,,,,,"ig,bertscore,ot,attention_weighted,dla,attention_standalone,retrieval_mark"
218,bowphs/PhilTa,PhilTa,t5,1,abtt_optimal,hidden,mean,10,0.4170854271356784,0.8944723618090452,0.4170854271356784,,,68,69,/projects/beto/irowerojas/localLatin/data/canon_labelled/CAGD.506.62/Brn425.27v.3.txt,/projects/beto/irowerojas/localLatin/data/canon_labelled/CAGD.506.62/D1723.530.12.txt,CAGD.506.62,CAGD.506.62,CAGD.506.62,pair_example,1,,,,,rand_similar,,,,,,,"ig,bertscore,ot,attention_weighted,dla,attention_standalone,retrieval_mark"
219,bowphs/PhilTa,PhilTa,t5,1,abtt_optimal,hidden,mean,10,0.4170854271356784,0.8944723618090452,0.4170854271356784,,,1438,1435,/projects/beto/irowerojas/localLatin/data/canon_labelled/Can.apost.27/KoeD213.7r.2.txt,/projects/beto/irowerojas/localLatin/data/canon_labelled/Can.apost.27/BAV1341.7r.21.txt,Can.apost.27,Can.apost.27,Can.apost.27,pair_example,1,,,,,rand_similar,,,,,,,"ig,bertscore,ot,attention_weighted,dla,attention_standalone,retrieval_mark"
220,bowphs/PhilTa,PhilTa,t5,1,abtt_optimal,hidden,mean,10,0.4170854271356784,0.8944723618090452,0.4170854271356784,,,165,168,/projects/beto/irowerojas/localLatin/data/canon_labelled/CANC.314.22/Brn425.27r.5.txt,/projects/beto/irowerojas/localLatin/data/canon_labelled/CANC.314.22/Hat42.159v.4.txt,CANC.314.22,CANC.314.22,CANC.314.22,pair_example,1,,,,,rand_similar,,,,,,,"ig,bertscore,ot,attention_weighted,dla,attention_standalone,retrieval_mark"
221,bowphs/PhilTa,PhilTa,t5,1,abtt_optimal,hidden,mean,10,0.4170854271356784,0.8944723618090452,0.4170854271356784,,,857,853,/projects/beto/irowerojas/localLatin/data/canon_labelled/CNIC.325.19/KoeD213.16r.1.txt,/projects/beto/irowerojas/localLatin/data/canon_labelled/CNIC.325.19/BN2123.102r.3.txt,CNIC.325.19,CNIC.325.19,CNIC.325.19,pair_example,1,,,,,rand_similar,,,,,,,"ig,bertscore,ot,attention_weighted,dla,attention_standalone,retrieval_mark"
222,bowphs/PhilTa,PhilTa,t5,1,abtt_optimal,hidden,mean,10,0.4170854271356784,0.8944723618090452,0.4170854271356784,,,165,169,/projects/beto/irowerojas/localLatin/data/canon_labelled/CANC.314.22/Brn425.27r.5.txt,/projects/beto/irowerojas/localLatin/data/canon_labelled/CANC.314.22/KoeD213.24v.2.txt,CANC.314.22,CANC.314.22,CANC.314.22,pair_example,1,,,,,rand_similar,,,,,,,"ig,bertscore,ot,attention_weighted,dla,attention_standalone,retrieval_mark"
223,bowphs/PhilTa,PhilTa,t5,1,abtt_optimal,hidden,mean,10,0.4170854271356784,0.8944723618090452,0.4170854271356784,,,42,40,/projects/beto/irowerojas/localLatin/data/canon_labelled/CAGD.506.38/D1723.563.9.txt,/projects/beto/irowerojas/localLatin/data/canon_labelled/CAGD.506.38/BN2123.86v.7.txt,CAGD.506.38,CAGD.506.38,CAGD.506.38,pair_example,1,,,,,rand_similar,,,,,,,"ig,bertscore,ot,attention_weighted,dla,attention_standalone,retrieval_mark"
224,bowphs/PhilTa,PhilTa,t5,1,abtt_optimal,hidden,mean,10,0.4170854271356784,0.8944723618090452,0.4170854271356784,,,1519,1518,/projects/beto/irowerojas/localLatin/data/canon_labelled/Can.apost.41/KoeD213.9r.1.txt,/projects/beto/irowerojas/localLatin/data/canon_labelled/Can.apost.41/Hat42.148r.3.txt,Can.apost.41,Can.apost.41,Can.apost.41,pair_example,1,,,,,rand_similar,,,,,,,"ig,bertscore,ot,attention_weighted,dla,attention_standalone,retrieval_mark"
225,bowphs/PhilTa,PhilTa,t5,1,abtt_optimal,hidden,mean,10,0.4170854271356784,0.8944723618090452,0.4170854271356784,,,477,478,/projects/beto/irowerojas/localLatin/data/canon_labelled/CCHA.451.6/Brn425.52r.1.txt,/projects/beto/irowerojas/localLatin/data/canon_labelled/CCHA.451.6/D1723.551.6.txt,CCHA.451.6,CCHA.451.6,CCHA.451.6,pair_example,1,,,,,rand_similar,,,,,,,"ig,bertscore,ot,attention_weighted,dla,attention_standalone,retrieval_mark"
226,bowphs/PhilTa,PhilTa,t5,1,abtt_optimal,hidden,mean,10,0.4170854271356784,0.8944723618090452,0.4170854271356784,,,63,64,/projects/beto/irowerojas/localLatin/data/canon_labelled/CAGD.506.55/Brn425.55v.8.txt,/projects/beto/irowerojas/localLatin/data/canon_labelled/CAGD.506.55/D1723.555.9.txt,CAGD.506.55,CAGD.506.55,CAGD.506.55,pair_example,1,,,,,rand_similar,,,,,,,"ig,bertscore,ot,attention_weighted,dla,attention_standalone,retrieval_mark"
227,bowphs/PhilTa,PhilTa,t5,1,abtt_optimal,hidden,mean,10,0.4170854271356784,0.8944723618090452,0.4170854271356784,,,1591,1587,/projects/beto/irowerojas/localLatin/data/canon_labelled/Can.apost.8/Vat5845.7r.11.txt,/projects/beto/irowerojas/localLatin/data/canon_labelled/Can.apost.8/BAV1341.7r.2.txt,Can.apost.8,Can.apost.8,Can.apost.8,pair_example,1,,,,,rand_similar,,,,,,,"ig,bertscore,ot,attention_weighted,dla,attention_standalone,retrieval_mark"
228,bowphs/PhilTa,PhilTa,t5,1,abtt_optimal,hidden,mean,10,0.4170854271356784,0.8944723618090452,0.4170854271356784,,,135,133,/projects/beto/irowerojas/localLatin/data/canon_labelled/CANC.314.19/Brn425.21v.2.txt,/projects/beto/irowerojas/localLatin/data/canon_labelled/CANC.314.19/BAV1341.12r.6.txt,CANC.314.19,CANC.314.19,CANC.314.19,pair_example,1,,,,,rand_similar,,,,,,,"ig,bertscore,ot,attention_weighted,dla,attention_standalone,retrieval_mark"
229,bowphs/PhilTa,PhilTa,t5,1,abtt_optimal,hidden,mean,10,0.4170854271356784,0.8944723618090452,0.4170854271356784,,,302,300,/projects/beto/irowerojas/localLatin/data/canon_labelled/CANT.328.24/D1723.543.2.txt,/projects/beto/irowerojas/localLatin/data/canon_labelled/CANT.328.24/Brn425.41v.2.txt,CANT.328.24,CANT.328.24,CANT.328.24,pair_example,1,,,,,rand_similar,,,,,,,"ig,bertscore,ot,attention_weighted,dla,attention_standalone,retrieval_mark"
230,bowphs/PhilTa,PhilTa,t5,1,abtt_optimal,hidden,mean,10,0.4170854271356784,0.8944723618090452,0.4170854271356784,,,563,560,/projects/beto/irowerojas/localLatin/data/canon_labelled/CGAN.355.20/KoeD213.30v.5.txt,/projects/beto/irowerojas/localLatin/data/canon_labelled/CGAN.355.20/BN1454.60r.8.txt,CGAN.355.20,CGAN.355.20,CGAN.355.20,pair_example,1,,,,,rand_similar,,,,,,,"ig,bertscore,ot,attention_weighted,dla,attention_standalone,retrieval_mark"
231,bowphs/PhilTa,PhilTa,t5,1,abtt_optimal,hidden,mean,10,0.4170854271356784,0.8944723618090452,0.4170854271356784,,,888,889,/projects/beto/irowerojas/localLatin/data/canon_labelled/CNIC.325.5/Hat42.151v.1.txt,/projects/beto/irowerojas/localLatin/data/canon_labelled/CNIC.325.5/KoeD213.12r.3.txt,CNIC.325.5,CNIC.325.5,CNIC.325.5,pair_example,1,,,,,rand_similar,,,,,,,"ig,bertscore,ot,attention_weighted,dla,attention_standalone,retrieval_mark"
232,bowphs/PhilTa,PhilTa,t5,1,abtt_optimal,hidden,mean,10,0.4170854271356784,0.8944723618090452,0.4170854271356784,,,79,85,/projects/beto/irowerojas/localLatin/data/canon_labelled/CANC.314.10/BAV1341.11v.6.txt,/projects/beto/irowerojas/localLatin/data/canon_labelled/CANC.314.10/KoeD213.22v.1.txt,CANC.314.10,CANC.314.10,CANC.314.10,pair_example,1,,,,,rand_similar,,,,,,,"ig,bertscore,ot,attention_weighted,dla,attention_standalone,retrieval_mark"
233,bowphs/PhilTa,PhilTa,t5,1,abtt_optimal,hidden,mean,10,0.4170854271356784,0.8944723618090452,0.4170854271356784,,,996,997,/projects/beto/irowerojas/localLatin/data/canon_labelled/CORL.511.28/BAV1341.55v.2.txt,/projects/beto/irowerojas/localLatin/data/canon_labelled/CORL.511.28/BN2123.91v.1.txt,CORL.511.28,CORL.511.28,CORL.511.28,pair_example,1,,,,,rand_similar,,,,,,,"ig,bertscore,ot,attention_weighted,dla,attention_standalone,retrieval_mark"
234,bowphs/PhilTa,PhilTa,t5,1,abtt_optimal,hidden,mean,10,0.4170854271356784,0.8944723618090452,0.4170854271356784,,,553,554,/projects/beto/irowerojas/localLatin/data/canon_labelled/CGAN.355.19/C1525.26r.2.txt,/projects/beto/irowerojas/localLatin/data/canon_labelled/CGAN.355.19/Hat42.165v.7.txt,CGAN.355.19,CGAN.355.19,CGAN.355.19,pair_example,1,,,,,rand_similar,,,,,,,"ig,bertscore,ot,attention_weighted,dla,attention_standalone,retrieval_mark"
235,bowphs/PhilTa,PhilTa,t5,1,abtt_optimal,hidden,mean,10,0.4170854271356784,0.8944723618090452,0.4170854271356784,,,660,661,/projects/beto/irowerojas/localLatin/data/canon_labelled/CLAO.300.32/Brn425.19v.3.txt,/projects/beto/irowerojas/localLatin/data/canon_labelled/CLAO.300.32/D1723.524.2.txt,CLAO.300.32,CLAO.300.32,CLAO.300.32,pair_example,1,,,,,rand_similar,,,,,,,"ig,bertscore,ot,attention_weighted,dla,attention_standalone,retrieval_mark"
236,bowphs/PhilTa,PhilTa,t5,1,abtt_optimal,hidden,mean,10,0.4170854271356784,0.8944723618090452,0.4170854271356784,,,1468,1466,/projects/beto/irowerojas/localLatin/data/canon_labelled/Can.apost.32/KoeD213.7v.2.txt,/projects/beto/irowerojas/localLatin/data/canon_labelled/Can.apost.32/C1525.6r.7.txt,Can.apost.32,Can.apost.32,Can.apost.32,pair_example,1,,,,,rand_similar,,,,,,,"ig,bertscore,ot,attention_weighted,dla,attention_standalone,retrieval_mark"
237,bowphs/PhilTa,PhilTa,t5,1,abtt_optimal,hidden,mean,10,0.4170854271356784,0.8944723618090452,0.4170854271356784,,,466,467,/projects/beto/irowerojas/localLatin/data/canon_labelled/CCHA.451.26/Brn425.39r.1.txt,/projects/beto/irowerojas/localLatin/data/canon_labelled/CCHA.451.26/D1723.541.1.txt,CCHA.451.26,CCHA.451.26,CCHA.451.26,pair_example,1,,,,,rand_similar,,,,,,,"ig,bertscore,ot,attention_weighted,dla,attention_standalone,retrieval_mark"
238,bowphs/PhilTa,PhilTa,t5,1,abtt_optimal,hidden,mean,10,0.4170854271356784,0.8944723618090452,0.4170854271356784,,,718,714,/projects/beto/irowerojas/localLatin/data/canon_labelled/CNEO.315.11/KoeD213.26v.2.txt,/projects/beto/irowerojas/localLatin/data/canon_labelled/CNEO.315.11/BAV1341.13r.4.txt,CNEO.315.11,CNEO.315.11,CNEO.315.11,pair_example,1,,,,,rand_similar,,,,,,,"ig,bertscore,ot,attention_weighted,dla,attention_standalone,retrieval_mark"
239,bowphs/PhilTa,PhilTa,t5,1,abtt_optimal,hidden,mean,10,0.4170854271356784,0.8944723618090452,0.4170854271356784,,,480,479,/projects/beto/irowerojas/localLatin/data/canon_labelled/CCHA.451.7/D1723.524.10.txt,/projects/beto/irowerojas/localLatin/data/canon_labelled/CCHA.451.7/Brn425.20v.3.txt,CCHA.451.7,CCHA.451.7,CCHA.451.7,pair_example,1,,,,,rand_similar,,,,,,,"ig,bertscore,ot,attention_weighted,dla,attention_standalone,retrieval_mark"
240,bowphs/PhilTa,PhilTa,t5,1,abtt_optimal,hidden,mean,10,0.4170854271356784,0.8944723618090452,0.4170854271356784,,,732,729,/projects/beto/irowerojas/localLatin/data/canon_labelled/CNEO.315.13/Brn425.56v.2.txt,/projects/beto/irowerojas/localLatin/data/canon_labelled/CNEO.315.13/BN1454.58v.11.txt,CNEO.315.13,CNEO.315.13,CNEO.315.13,pair_example,1,,,,,rand_similar,,,,,,,"ig,bertscore,ot,attention_weighted,dla,attention_standalone,retrieval_mark"
241,bowphs/PhilTa,PhilTa,t5,1,abtt_optimal,hidden,mean,10,0.4170854271356784,0.8944723618090452,0.4170854271356784,,,841,840,/projects/beto/irowerojas/localLatin/data/canon_labelled/CNIC.325.17/C1525.13r.3.txt,/projects/beto/irowerojas/localLatin/data/canon_labelled/CNIC.325.17/BN2123.96r.5.txt,CNIC.325.17,CNIC.325.17,CNIC.325.17,pair_example,1,,,,,rand_similar,,,,,,,"ig,bertscore,ot,attention_weighted,dla,attention_standalone,retrieval_mark"
242,bowphs/PhilTa,PhilTa,t5,1,abtt_optimal,hidden,mean,10,0.4170854271356784,0.8944723618090452,0.4170854271356784,,,441,442,/projects/beto/irowerojas/localLatin/data/canon_labelled/CCHA.451.10/BN2123.103v.3.txt,/projects/beto/irowerojas/localLatin/data/canon_labelled/CCHA.451.10/BN2123.85r.5.txt,CCHA.451.10,CCHA.451.10,CCHA.451.10,pair_example,1,,,,,rand_similar,,,,,,,"ig,bertscore,ot,attention_weighted,dla,attention_standalone,retrieval_mark"
243,bowphs/PhilTa,PhilTa,t5,1,abtt_optimal,hidden,mean,10,0.4170854271356784,0.8944723618090452,0.4170854271356784,,,583,585,/projects/beto/irowerojas/localLatin/data/canon_labelled/CGAN.355.7/BN1454.59v.6.txt,/projects/beto/irowerojas/localLatin/data/canon_labelled/CGAN.355.7/Brn425.36r.5.txt,CGAN.355.7,CGAN.355.7,CGAN.355.7,pair_example,1,,,,,rand_similar,,,,,,,"ig,bertscore,ot,attention_weighted,dla,attention_standalone,retrieval_mark"
244,bowphs/PhilTa,PhilTa,t5,1,abtt_optimal,hidden,mean,10,0.4170854271356784,0.8944723618090452,0.4170854271356784,,,963,964,/projects/beto/irowerojas/localLatin/data/canon_labelled/CORL.511.16/BAV1341.55r.4.txt,/projects/beto/irowerojas/localLatin/data/canon_labelled/CORL.511.16/BN2123.93r.8.txt,CORL.511.16,CORL.511.16,CORL.511.16,pair_example,1,,,,,rand_similar,,,,,,,"ig,bertscore,ot,attention_weighted,dla,attention_standalone,retrieval_mark"
245,bowphs/PhilTa,PhilTa,t5,1,abtt_optimal,hidden,mean,10,0.4170854271356784,0.8944723618090452,0.4170854271356784,,,816,819,/projects/beto/irowerojas/localLatin/data/canon_labelled/CNIC.325.13/Brn425.15v.4.txt,/projects/beto/irowerojas/localLatin/data/canon_labelled/CNIC.325.13/Hat42.153v.1.txt,CNIC.325.13,CNIC.325.13,CNIC.325.13,pair_example,1,,,,,rand_similar,,,,,,,"ig,bertscore,ot,attention_weighted,dla,attention_standalone,retrieval_mark"
246,bowphs/PhilTa,PhilTa,t5,1,abtt_optimal,hidden,mean,10,0.4170854271356784,0.8944723618090452,0.4170854271356784,,,296,298,/projects/beto/irowerojas/localLatin/data/canon_labelled/CANT.328.23/BAV1341.18r.4.txt,/projects/beto/irowerojas/localLatin/data/canon_labelled/CANT.328.23/Hat42.172v.2.txt,CANT.328.23,CANT.328.23,CANT.328.23,pair_example,1,,,,,rand_similar,,,,,,,"ig,bertscore,ot,attention_weighted,dla,attention_standalone,retrieval_mark"
247,bowphs/PhilTa,PhilTa,t5,1,abtt_optimal,hidden,mean,10,0.4170854271356784,0.8944723618090452,0.4170854271356784,,,1365,1367,/projects/beto/irowerojas/localLatin/data/canon_labelled/Can.apost.14/C1525.5r.5.txt,/projects/beto/irowerojas/localLatin/data/canon_labelled/Can.apost.14/KoeD213.5v.5.txt,Can.apost.14,Can.apost.14,Can.apost.14,pair_example,1,,,,,rand_similar,,,,,,,"ig,bertscore,ot,attention_weighted,dla,attention_standalone,retrieval_mark"
248,bowphs/PhilTa,PhilTa,t5,1,abtt_optimal,hidden,mean,10,0.4170854271356784,0.8944723618090452,0.4170854271356784,,,330,332,/projects/beto/irowerojas/localLatin/data/canon_labelled/CANT.328.8/BN2123.86v.3.txt,/projects/beto/irowerojas/localLatin/data/canon_labelled/CANT.328.8/Brn425.64r.1.txt,CANT.328.8,CANT.328.8,CANT.328.8,pair_example,1,,,,,rand_similar,,,,,,,"ig,bertscore,ot,attention_weighted,dla,attention_standalone,retrieval_mark"
249,bowphs/PhilTa,PhilTa,t5,1,abtt_optimal,hidden,mean,10,0.4170854271356784,0.8944723618090452,0.4170854271356784,,,513,512,/projects/beto/irowerojas/localLatin/data/canon_labelled/CGAN.355.10/C1525.25r.7.txt,/projects/beto/irowerojas/localLatin/data/canon_labelled/CGAN.355.10/BN1454.59v.9.txt,CGAN.355.10,CGAN.355.10,CGAN.355.10,pair_example,1,,,,,rand_similar,,,,,,,"ig,bertscore,ot,attention_weighted,dla,attention_standalone,retrieval_mark"
250,bowphs/PhilTa,PhilTa,t5,1,abtt_optimal,hidden,mean,10,0.4170854271356784,0.8944723618090452,0.4170854271356784,,,86,89,/projects/beto/irowerojas/localLatin/data/canon_labelled/CANC.314.11/BAV1341.11v.7.txt,/projects/beto/irowerojas/localLatin/data/canon_labelled/CANC.314.11/Hat42.158r.2.txt,CANC.314.11,CANC.314.11,CANC.314.11,pair_example,1,,,,,rand_similar,,,,,,,"ig,bertscore,ot,attention_weighted,dla,attention_standalone,retrieval_mark"
251,bowphs/PhilTa,PhilTa,t5,1,abtt_optimal,hidden,mean,10,0.4170854271356784,0.8944723618090452,0.4170854271356784,,,1117,1116,/projects/beto/irowerojas/localLatin/data/canon_labelled/CTOL.527.5/BAVPal575.6r.4.txt,/projects/beto/irowerojas/localLatin/data/canon_labelled/CTOL.527.5/BAV1341.64r.3.txt,CTOL.527.5,CTOL.527.5,CTOL.527.5,pair_example,1,,,,,rand_similar,,,,,,,"ig,bertscore,ot,attention_weighted,dla,attention_standalone,retrieval_mark"
252,bowphs/PhilTa,PhilTa,t5,1,abtt_optimal,hidden,mean,10,0.4170854271356784,0.8944723618090452,0.4170854271356784,,,1432,1434,/projects/beto/irowerojas/localLatin/data/canon_labelled/Can.apost.26/Hat42.146v.1.txt,/projects/beto/irowerojas/localLatin/data/canon_labelled/Can.apost.26/Vat5845.8v.3.txt,Can.apost.26,Can.apost.26,Can.apost.26,pair_example,1,,,,,rand_similar,,,,,,,"ig,bertscore,ot,attention_weighted,dla,attention_standalone,retrieval_mark"
253,bowphs/PhilTa,PhilTa,t5,1,abtt_optimal,hidden,mean,10,0.4170854271356784,0.8944723618090452,0.4170854271356784,,,1091,1090,/projects/beto/irowerojas/localLatin/data/canon_labelled/CTOL.397.20/BAVPal575.4v.4.txt,/projects/beto/irowerojas/localLatin/data/canon_labelled/CTOL.397.20/BAV1341.62v.13.txt,CTOL.397.20,CTOL.397.20,CTOL.397.20,pair_example,1,,,,,rand_similar,,,,,,,"ig,bertscore,ot,attention_weighted,dla,attention_standalone,retrieval_mark"
254,bowphs/PhilTa,PhilTa,t5,1,abtt_optimal,hidden,mean,10,0.4170854271356784,0.8944723618090452,0.4170854271356784,,,514,513,/projects/beto/irowerojas/localLatin/data/canon_labelled/CGAN.355.10/Hat42.165r.3.txt,/projects/beto/irowerojas/localLatin/data/canon_labelled/CGAN.355.10/C1525.25r.7.txt,CGAN.355.10,CGAN.355.10,CGAN.355.10,pair_example,1,,,,,rand_similar,,,,,,,"ig,bertscore,ot,attention_weighted,dla,attention_standalone,retrieval_mark"
255,bowphs/PhilTa,PhilTa,t5,1,abtt_optimal,hidden,mean,10,0.4170854271356784,0.8944723618090452,0.4170854271356784,,,1489,1485,/projects/beto/irowerojas/localLatin/data/canon_labelled/Can.apost.36/Vat5845.9r.5.txt,/projects/beto/irowerojas/localLatin/data/canon_labelled/Can.apost.36/BAV1341.7v.6.txt,Can.apost.36,Can.apost.36,Can.apost.36,pair_example,1,,,,,rand_similar,,,,,,,"ig,bertscore,ot,attention_weighted,dla,attention_standalone,retrieval_mark"
256,bowphs/PhilTa,PhilTa,t5,1,abtt_optimal,hidden,mean,10,0.4170854271356784,0.8944723618090452,0.4170854271356784,,,1479,1475,/projects/beto/irowerojas/localLatin/data/canon_labelled/Can.apost.34/Vat5845.9r.3.txt,/projects/beto/irowerojas/localLatin/data/canon_labelled/Can.apost.34/BAV1341.7v.4.txt,Can.apost.34,Can.apost.34,Can.apost.34,pair_example,1,,,,,rand_similar,,,,,,,"ig,bertscore,ot,attention_weighted,dla,attention_standalone,retrieval_mark"
257,bowphs/PhilTa,PhilTa,t5,1,abtt_optimal,hidden,mean,10,0.4170854271356784,0.8944723618090452,0.4170854271356784,,,1577,1579,/projects/beto/irowerojas/localLatin/data/canon_labelled/Can.apost.6/C1525.4v.4.txt,/projects/beto/irowerojas/localLatin/data/canon_labelled/Can.apost.6/KoeD213.5r.2.txt,Can.apost.6,Can.apost.6,Can.apost.6,pair_example,1,,,,,rand_similar,,,,,,,"ig,bertscore,ot,attention_weighted,dla,attention_standalone,retrieval_mark"
258,bowphs/PhilTa,PhilTa,t5,1,abtt_optimal,hidden,mean,10,0.4170854271356784,0.8944723618090452,0.4170854271356784,,,558,557,/projects/beto/irowerojas/localLatin/data/canon_labelled/CGAN.355.2/Hat42.164v.1.txt,/projects/beto/irowerojas/localLatin/data/canon_labelled/CGAN.355.2/C1525.24v.20.txt,CGAN.355.2,CGAN.355.2,CGAN.355.2,pair_example,1,,,,,rand_similar,,,,,,,"ig,bertscore,ot,attention_weighted,dla,attention_standalone,retrieval_mark"
259,bowphs/PhilTa,PhilTa,t5,1,abtt_optimal,hidden,mean,10,0.4170854271356784,0.8944723618090452,0.4170854271356784,,,219,216,/projects/beto/irowerojas/localLatin/data/canon_labelled/CANC.314.8/KoeD213.22r.2.txt,/projects/beto/irowerojas/localLatin/data/canon_labelled/CANC.314.8/BN1454.57r.3.txt,CANC.314.8,CANC.314.8,CANC.314.8,pair_example,1,,,,,rand_similar,,,,,,,"ig,bertscore,ot,attention_weighted,dla,attention_standalone,retrieval_mark"
260,bowphs/PhilTa,PhilTa,t5,1,abtt_optimal,hidden,mean,10,0.4170854271356784,0.8944723618090452,0.4170854271356784,,,275,273,/projects/beto/irowerojas/localLatin/data/canon_labelled/CANT.328.19/Hat42.171v.2.txt,/projects/beto/irowerojas/localLatin/data/canon_labelled/CANT.328.19/C1525.29v.3.txt,CANT.328.19,CANT.328.19,CANT.328.19,pair_example,1,,,,,rand_similar,,,,,,,"ig,bertscore,ot,attention_weighted,dla,attention_standalone,retrieval_mark"
261,bowphs/PhilTa,PhilTa,t5,1,abtt_optimal,hidden,mean,10,0.4170854271356784,0.8944723618090452,0.4170854271356784,,,1421,1423,/projects/beto/irowerojas/localLatin/data/canon_labelled/Can.apost.24/C1525.5v.8.txt,/projects/beto/irowerojas/localLatin/data/canon_labelled/Can.apost.24/KoeD213.6v.7.txt,Can.apost.24,Can.apost.24,Can.apost.24,pair_example,1,,,,,rand_similar,,,,,,,"ig,bertscore,ot,attention_weighted,dla,attention_standalone,retrieval_mark"
262,bowphs/PhilTa,PhilTa,t5,1,abtt_optimal,hidden,mean,10,0.4170854271356784,0.8944723618090452,0.4170854271356784,,,389,391,/projects/beto/irowerojas/localLatin/data/canon_labelled/CARL.501?.25/Brn425.14r.1.txt,/projects/beto/irowerojas/localLatin/data/canon_labelled/CARL.501?.25/D1723.519.3.txt,CARL.501?.25,CARL.501?.25,CARL.501?.25,pair_example,1,,,,,rand_similar,,,,,,,"ig,bertscore,ot,attention_weighted,dla,attention_standalone,retrieval_mark"
263,bowphs/PhilTa,PhilTa,t5,1,abtt_optimal,hidden,mean,10,0.4170854271356784,0.8944723618090452,0.4170854271356784,,,1109,1110,/projects/beto/irowerojas/localLatin/data/canon_labelled/CTOL.527.2/BAV1341.63v.7.txt,/projects/beto/irowerojas/localLatin/data/canon_labelled/CTOL.527.2/BAVPal575.6r.1.txt,CTOL.527.2,CTOL.527.2,CTOL.527.2,pair_example,1,,,,,rand_similar,,,,,,,"ig,bertscore,ot,attention_weighted,dla,attention_standalone,retrieval_mark"
264,bowphs/PhilTa,PhilTa,t5,1,abtt_optimal,hidden,mean,10,0.4170854271356784,0.8944723618090452,0.4170854271356784,,,1347,1348,/projects/beto/irowerojas/localLatin/data/canon_labelled/Can.apost.10/KoeD213.5v.1.txt,/projects/beto/irowerojas/localLatin/data/canon_labelled/Can.apost.10/Vat5845.7v.2.txt,Can.apost.10,Can.apost.10,Can.apost.10,pair_example,1,,,,,rand_similar,,,,,,,"ig,bertscore,ot,attention_weighted,dla,attention_standalone,retrieval_mark"
265,bowphs/PhilTa,PhilTa,t5,1,abtt_optimal,hidden,mean,10,0.4170854271356784,0.8944723618090452,0.4170854271356784,,,814,820,/projects/beto/irowerojas/localLatin/data/canon_labelled/CNIC.325.13/BN1454.48r.3.txt,/projects/beto/irowerojas/localLatin/data/canon_labelled/CNIC.325.13/KoeD213.14v.1.txt,CNIC.325.13,CNIC.325.13,CNIC.325.13,pair_example,1,,,,,rand_similar,,,,,,,"ig,bertscore,ot,attention_weighted,dla,attention_standalone,retrieval_mark"
266,bowphs/PhilTa,PhilTa,t5,1,abtt_optimal,hidden,mean,10,0.4170854271356784,0.8944723618090452,0.4170854271356784,,,776,777,/projects/beto/irowerojas/localLatin/data/canon_labelled/CNEO.315.7/BN1454.58v.4.txt,/projects/beto/irowerojas/localLatin/data/canon_labelled/CNEO.315.7/C1525.22v.7.txt,CNEO.315.7,CNEO.315.7,CNEO.315.7,pair_example,1,,,,,rand_similar,,,,,,,"ig,bertscore,ot,attention_weighted,dla,attention_standalone,retrieval_mark"
267,bowphs/PhilTa,PhilTa,t5,1,abtt_optimal,hidden,mean,10,0.4170854271356784,0.8944723618090452,0.4170854271356784,,,1265,1264,/projects/beto/irowerojas/localLatin/data/canon_labelled/CTOL.655.10/WlfH1062.14r.1.txt,/projects/beto/irowerojas/localLatin/data/canon_labelled/CTOL.655.10/BAV1341.95r.3.txt,CTOL.655.10,CTOL.655.10,CTOL.655.10,pair_example,1,,,,,rand_similar,,,,,,,"ig,bertscore,ot,attention_weighted,dla,attention_standalone,retrieval_mark"
268,bowphs/PhilTa,PhilTa,t5,1,abtt_optimal,hidden,mean,10,0.4170854271356784,0.8944723618090452,0.4170854271356784,,,485,484,/projects/beto/irowerojas/localLatin/data/canon_labelled/CCHA.451.9/D1723.536.3.txt,/projects/beto/irowerojas/localLatin/data/canon_labelled/CCHA.451.9/Brn425.33v.2.txt,CCHA.451.9,CCHA.451.9,CCHA.451.9,pair_example,1,,,,,rand_similar,,,,,,,"ig,bertscore,ot,attention_weighted,dla,attention_standalone,retrieval_mark"
269,bowphs/PhilTa,PhilTa,t5,1,abtt_optimal,hidden,mean,10,0.4170854271356784,0.8944723618090452,0.4170854271356784,,,1452,1454,/projects/beto/irowerojas/localLatin/data/canon_labelled/Can.apost.3/Hat42.144r.3.txt,/projects/beto/irowerojas/localLatin/data/canon_labelled/Can.apost.3/Vat5845.7r.6.txt,Can.apost.3,Can.apost.3,Can.apost.3,pair_example,1,,,,,rand_similar,,,,,,,"ig,bertscore,ot,attention_weighted,dla,attention_standalone,retrieval_mark"
270,bowphs/PhilTa,PhilTa,t5,1,abtt_optimal,hidden,mean,10,0.4170854271356784,0.8944723618090452,0.4170854271356784,,,1519,1516,/projects/beto/irowerojas/localLatin/data/canon_labelled/Can.apost.41/KoeD213.9r.1.txt,/projects/beto/irowerojas/localLatin/data/canon_labelled/Can.apost.41/BAV1341.7v.11.txt,Can.apost.41,Can.apost.41,Can.apost.41,pair_example,1,,,,,rand_similar,,,,,,,"ig,bertscore,ot,attention_weighted,dla,attention_standalone,retrieval_mark"
271,bowphs/PhilTa,PhilTa,t5,1,abtt_optimal,hidden,mean,10,0.4170854271356784,0.8944723618090452,0.4170854271356784,,,131,129,/projects/beto/irowerojas/localLatin/data/canon_labelled/CANC.314.18/Hat42.159r.3.txt,/projects/beto/irowerojas/localLatin/data/canon_labelled/CANC.314.18/C1525.21r.1.txt,CANC.314.18,CANC.314.18,CANC.314.18,pair_example,1,,,,,rand_similar,,,,,,,"ig,bertscore,ot,attention_weighted,dla,attention_standalone,retrieval_mark"
272,bowphs/PhilTa,PhilTa,t5,1,abtt_optimal,hidden,mean,10,0.4170854271356784,0.8944723618090452,0.4170854271356784,,,98,101,/projects/beto/irowerojas/localLatin/data/canon_labelled/CANC.314.13/BN2123.101v.8.txt,/projects/beto/irowerojas/localLatin/data/canon_labelled/CANC.314.13/KoeD213.22v.4.txt,CANC.314.13,CANC.314.13,CANC.314.13,pair_example,1,,,,,rand_similar,,,,,,,"ig,bertscore,ot,attention_weighted,dla,attention_standalone,retrieval_mark"
273,bowphs/PhilTa,PhilTa,t5,1,abtt_optimal,hidden,mean,10,0.4170854271356784,0.8944723618090452,0.4170854271356784,,,1070,1071,/projects/beto/irowerojas/localLatin/data/canon_labelled/CTOL.397.11/BAV1341.62v.4.txt,/projects/beto/irowerojas/localLatin/data/canon_labelled/CTOL.397.11/BAVPal575.4r.5.txt,CTOL.397.11,CTOL.397.11,CTOL.397.11,pair_example,1,,,,,rand_similar,,,,,,,"ig,bertscore,ot,attention_weighted,dla,attention_standalone,retrieval_mark"
274,bowphs/PhilTa,PhilTa,t5,1,abtt_optimal,hidden,mean,10,0.4170854271356784,0.8944723618090452,0.4170854271356784,,,112,111,/projects/beto/irowerojas/localLatin/data/canon_labelled/CANC.314.15/Hat42.158v.2.txt,/projects/beto/irowerojas/localLatin/data/canon_labelled/CANC.314.15/D1723.525.2.txt,CANC.314.15,CANC.314.15,CANC.314.15,pair_example,1,,,,,rand_similar,,,,,,,"ig,bertscore,ot,attention_weighted,dla,attention_standalone,retrieval_mark"
275,bowphs/PhilTa,PhilTa,t5,1,abtt_optimal,hidden,mean,10,0.4170854271356784,0.8944723618090452,0.4170854271356784,,,893,896,/projects/beto/irowerojas/localLatin/data/canon_labelled/CNIC.325.6/BN2123.81r.6.txt,/projects/beto/irowerojas/localLatin/data/canon_labelled/CNIC.325.6/Hat42.152r.1.txt,CNIC.325.6,CNIC.325.6,CNIC.325.6,pair_example,1,,,,,rand_similar,,,,,,,"ig,bertscore,ot,attention_weighted,dla,attention_standalone,retrieval_mark"
276,bowphs/PhilTa,PhilTa,t5,1,abtt_optimal,hidden,mean,10,0.4170854271356784,0.8944723618090452,0.4170854271356784,,,39,38,/projects/beto/irowerojas/localLatin/data/canon_labelled/CAGD.506.37/D1723.530.11.txt,/projects/beto/irowerojas/localLatin/data/canon_labelled/CAGD.506.37/Brn425.27v.2.txt,CAGD.506.37,CAGD.506.37,CAGD.506.37,pair_example,1,,,,,rand_similar,,,,,,,"ig,bertscore,ot,attention_weighted,dla,attention_standalone,retrieval_mark"
277,bowphs/PhilTa,PhilTa,t5,1,abtt_optimal,hidden,mean,10,0.4170854271356784,0.8944723618090452,0.4170854271356784,,,1382,1383,/projects/beto/irowerojas/localLatin/data/canon_labelled/Can.apost.17/KoeD213.6r.3.txt,/projects/beto/irowerojas/localLatin/data/canon_labelled/Can.apost.17/Vat5845.8r.2.txt,Can.apost.17,Can.apost.17,Can.apost.17,pair_example,1,,,,,rand_similar,,,,,,,"ig,bertscore,ot,attention_weighted,dla,attention_standalone,retrieval_mark"
278,bowphs/PhilTa,PhilTa,t5,1,abtt_optimal,hidden,mean,10,0.4170854271356784,0.8944723618090452,0.4170854271356784,,,343,344,/projects/beto/irowerojas/localLatin/data/canon_labelled/CARL.314.11/BAV1341.45r.33.txt,/projects/beto/irowerojas/localLatin/data/canon_labelled/CARL.314.11/BN2123.98r.6.txt,CARL.314.11,CARL.314.11,CARL.314.11,pair_example,1,,,,,rand_similar,,,,,,,"ig,bertscore,ot,attention_weighted,dla,attention_standalone,retrieval_mark"
279,bowphs/PhilTa,PhilTa,t5,1,abtt_optimal,hidden,mean,10,0.4170854271356784,0.8944723618090452,0.4170854271356784,,,744,751,/projects/beto/irowerojas/localLatin/data/canon_labelled/CNEO.315.2/BAV1341.12v.17.txt,/projects/beto/irowerojas/localLatin/data/canon_labelled/CNEO.315.2/KoeD213.25v.2.txt,CNEO.315.2,CNEO.315.2,CNEO.315.2,pair_example,1,,,,,rand_similar,,,,,,,"ig,bertscore,ot,attention_weighted,dla,attention_standalone,retrieval_mark"
280,bowphs/PhilTa,PhilTa,t5,1,abtt_optimal,hidden,mean,10,0.4170854271356784,0.8944723618090452,0.4170854271356784,,,1587,1588,/projects/beto/irowerojas/localLatin/data/canon_labelled/Can.apost.8/BAV1341.7r.2.txt,/projects/beto/irowerojas/localLatin/data/canon_labelled/Can.apost.8/C1525.4v.6.txt,Can.apost.8,Can.apost.8,Can.apost.8,pair_example,1,,,,,rand_similar,,,,,,,"ig,bertscore,ot,attention_weighted,dla,attention_standalone,retrieval_mark"
281,bowphs/PhilTa,PhilTa,t5,1,abtt_optimal,hidden,mean,10,0.4170854271356784,0.8944723618090452,0.4170854271356784,,,1080,1081,/projects/beto/irowerojas/localLatin/data/canon_labelled/CTOL.397.16/BAV1341.62v.9.txt,/projects/beto/irowerojas/localLatin/data/canon_labelled/CTOL.397.16/BAVPal575.4r.10.txt,CTOL.397.16,CTOL.397.16,CTOL.397.16,pair_example,1,,,,,rand_similar,,,,,,,"ig,bertscore,ot,attention_weighted,dla,attention_standalone,retrieval_mark"
282,bowphs/PhilTa,PhilTa,t5,1,abtt_optimal,hidden,mean,10,0.4170854271356784,0.8944723618090452,0.4170854271356784,,,706,704,/projects/beto/irowerojas/localLatin/data/canon_labelled/CNEO.315.1/KoeD213.25v.1.txt,/projects/beto/irowerojas/localLatin/data/canon_labelled/CNEO.315.1/D1723.524.5.txt,CNEO.315.1,CNEO.315.1,CNEO.315.1,pair_example,1,,,,,rand_similar,,,,,,,"ig,bertscore,ot,attention_weighted,dla,attention_standalone,retrieval_mark"
283,bowphs/PhilTa,PhilTa,t5,1,abtt_optimal,hidden,mean,10,0.4170854271356784,0.8944723618090452,0.4170854271356784,,,462,461,/projects/beto/irowerojas/localLatin/data/canon_labelled/CCHA.451.21/D1723.535.1.txt,/projects/beto/irowerojas/localLatin/data/canon_labelled/CCHA.451.21/Brn425.32r.3.txt,CCHA.451.21,CCHA.451.21,CCHA.451.21,pair_example,1,,,,,rand_similar,,,,,,,"ig,bertscore,ot,attention_weighted,dla,attention_standalone,retrieval_mark"
284,bowphs/PhilTa,PhilTa,t5,1,abtt_optimal,hidden,mean,10,0.4170854271356784,0.8944723618090452,0.4170854271356784,,,992,991,/projects/beto/irowerojas/localLatin/data/canon_labelled/CORL.511.26/Brn425.43v.2.txt,/projects/beto/irowerojas/localLatin/data/canon_labelled/CORL.511.26/BN2123.90v.3.txt,CORL.511.26,CORL.511.26,CORL.511.26,pair_example,1,,,,,rand_similar,,,,,,,"ig,bertscore,ot,attention_weighted,dla,attention_standalone,retrieval_mark"
285,bowphs/PhilTa,PhilTa,t5,1,abtt_optimal,hidden,mean,10,0.4170854271356784,0.8944723618090452,0.4170854271356784,,,829,825,/projects/beto/irowerojas/localLatin/data/canon_labelled/CNIC.325.15/KoeD213.15r.2.txt,/projects/beto/irowerojas/localLatin/data/canon_labelled/CNIC.325.15/BN1454.48v.2.txt,CNIC.325.15,CNIC.325.15,CNIC.325.15,pair_example,1,,,,,rand_similar,,,,,,,"ig,bertscore,ot,attention_weighted,dla,attention_standalone,retrieval_mark"
286,bowphs/PhilTa,PhilTa,t5,1,abtt_optimal,hidden,mean,10,0.4170854271356784,0.8944723618090452,0.4170854271356784,,,946,947,/projects/beto/irowerojas/localLatin/data/canon_labelled/CORA.441.5/BAV1341.49v.15.txt,/projects/beto/irowerojas/localLatin/data/canon_labelled/CORA.441.5/BAV1341.49v.16.txt,CORA.441.5,CORA.441.5,CORA.441.5,pair_example,1,,,,,rand_similar,,,,,,,"ig,bertscore,ot,attention_weighted,dla,attention_standalone,retrieval_mark"
287,bowphs/PhilTa,PhilTa,t5,1,abtt_optimal,hidden,mean,10,0.4170854271356784,0.8944723618090452,0.4170854271356784,,,804,805,/projects/beto/irowerojas/localLatin/data/canon_labelled/CNIC.325.11/D1723.522.2.txt,/projects/beto/irowerojas/localLatin/data/canon_labelled/CNIC.325.11/Hat42.153r.1.txt,CNIC.325.11,CNIC.325.11,CNIC.325.11,pair_example,1,,,,,rand_similar,,,,,,,"ig,bertscore,ot,attention_weighted,dla,attention_standalone,retrieval_mark"
288,bowphs/PhilTa,PhilTa,t5,1,abtt_optimal,hidden,mean,10,0.4170854271356784,0.8944723618090452,0.4170854271356784,,,862,861,/projects/beto/irowerojas/localLatin/data/canon_labelled/CNIC.325.2/Hat42.150v.2.txt,/projects/beto/irowerojas/localLatin/data/canon_labelled/CNIC.325.2/C1525.11r.2.txt,CNIC.325.2,CNIC.325.2,CNIC.325.2,pair_example,1,,,,,rand_similar,,,,,,,"ig,bertscore,ot,attention_weighted,dla,attention_standalone,retrieval_mark"
289,bowphs/PhilTa,PhilTa,t5,1,abtt_optimal,hidden,mean,10,0.4170854271356784,0.8944723618090452,0.4170854271356784,,,820,816,/projects/beto/irowerojas/localLatin/data/canon_labelled/CNIC.325.13/KoeD213.14v.1.txt,/projects/beto/irowerojas/localLatin/data/canon_labelled/CNIC.325.13/Brn425.15v.4.txt,CNIC.325.13,CNIC.325.13,CNIC.325.13,pair_example,1,,,,,rand_similar,,,,,,,"ig,bertscore,ot,attention_weighted,dla,attention_standalone,retrieval_mark"
290,bowphs/PhilTa,PhilTa,t5,1,abtt_optimal,hidden,mean,10,0.4170854271356784,0.8944723618090452,0.4170854271356784,,,1546,1547,/projects/beto/irowerojas/localLatin/data/canon_labelled/Can.apost.46/KoeD213.9v.6.txt,/projects/beto/irowerojas/localLatin/data/canon_labelled/Can.apost.46/Vat5845.10r.5.txt,Can.apost.46,Can.apost.46,Can.apost.46,pair_example,1,,,,,rand_similar,,,,,,,"ig,bertscore,ot,attention_weighted,dla,attention_standalone,retrieval_mark"
291,bowphs/PhilTa,PhilTa,t5,1,abtt_optimal,hidden,mean,10,0.4170854271356784,0.8944723618090452,0.4170854271356784,,,646,645,/projects/beto/irowerojas/localLatin/data/canon_labelled/CLAO.300.13/D1723.557.6.txt,/projects/beto/irowerojas/localLatin/data/canon_labelled/CLAO.300.13/Brn425.57v.2.txt,CLAO.300.13,CLAO.300.13,CLAO.300.13,pair_example,1,,,,,rand_similar,,,,,,,"ig,bertscore,ot,attention_weighted,dla,attention_standalone,retrieval_mark"
292,bowphs/PhilTa,PhilTa,t5,1,abtt_optimal,hidden,mean,10,0.4170854271356784,0.8944723618090452,0.4170854271356784,,,1348,1346,/projects/beto/irowerojas/localLatin/data/canon_labelled/Can.apost.10/Vat5845.7v.2.txt,/projects/beto/irowerojas/localLatin/data/canon_labelled/Can.apost.10/Hat42.144v.5.txt,Can.apost.10,Can.apost.10,Can.apost.10,pair_example,1,,,,,rand_similar,,,,,,,"ig,bertscore,ot,attention_weighted,dla,attention_standalone,retrieval_mark"
293,bowphs/PhilTa,PhilTa,t5,1,abtt_optimal,hidden,mean,10,0.4170854271356784,0.8944723618090452,0.4170854271356784,,,908,907,/projects/beto/irowerojas/localLatin/data/canon_labelled/CNIC.325.9/C1525.12r.3.txt,/projects/beto/irowerojas/localLatin/data/canon_labelled/CNIC.325.9/Brn425.20r.2.txt,CNIC.325.9,CNIC.325.9,CNIC.325.9,pair_example,1,,,,,rand_similar,,,,,,,"ig,bertscore,ot,attention_weighted,dla,attention_standalone,retrieval_mark"
294,bowphs/PhilTa,PhilTa,t5,1,abtt_optimal,hidden,mean,10,0.4170854271356784,0.8944723618090452,0.4170854271356784,,,1280,1279,/projects/beto/irowerojas/localLatin/data/canon_labelled/CTOL.655.6/WlfH1062.13v.1.txt,/projects/beto/irowerojas/localLatin/data/canon_labelled/CTOL.655.6/BAV1341.94v.4.txt,CTOL.655.6,CTOL.655.6,CTOL.655.6,pair_example,1,,,,,rand_similar,,,,,,,"ig,bertscore,ot,attention_weighted,dla,attention_standalone,retrieval_mark"
295,bowphs/PhilTa,PhilTa,t5,1,abtt_optimal,hidden,mean,10,0.4170854271356784,0.8944723618090452,0.4170854271356784,,,216,215,/projects/beto/irowerojas/localLatin/data/canon_labelled/CANC.314.8/BN1454.57r.3.txt,/projects/beto/irowerojas/localLatin/data/canon_labelled/CANC.314.8/BAV1341.11v.4.txt,CANC.314.8,CANC.314.8,CANC.314.8,pair_example,1,,,,,rand_similar,,,,,,,"ig,bertscore,ot,attention_weighted,dla,attention_standalone,retrieval_mark"
296,bowphs/PhilTa,PhilTa,t5,1,abtt_optimal,hidden,mean,10,0.4170854271356784,0.8944723618090452,0.4170854271356784,,,1529,1528,/projects/beto/irowerojas/localLatin/data/canon_labelled/Can.apost.43/C1525.7r.5.txt,/projects/beto/irowerojas/localLatin/data/canon_labelled/Can.apost.43/BAV1341.7v.13.txt,Can.apost.43,Can.apost.43,Can.apost.43,pair_example,1,,,,,rand_similar,,,,,,,"ig,bertscore,ot,attention_weighted,dla,attention_standalone,retrieval_mark"
297,bowphs/PhilTa,PhilTa,t5,1,abtt_optimal,hidden,mean,10,0.4170854271356784,0.8944723618090452,0.4170854271356784,,,1489,1488,/projects/beto/irowerojas/localLatin/data/canon_labelled/Can.apost.36/Vat5845.9r.5.txt,/projects/beto/irowerojas/localLatin/data/canon_labelled/Can.apost.36/KoeD213.8r.2.txt,Can.apost.36,Can.apost.36,Can.apost.36,pair_example,1,,,,,rand_similar,,,,,,,"ig,bertscore,ot,attention_weighted,dla,attention_standalone,retrieval_mark"
298,bowphs/PhilTa,PhilTa,t5,1,abtt_optimal,hidden,mean,10,0.4170854271356784,0.8944723618090452,0.4170854271356784,,,205,208,/projects/beto/irowerojas/localLatin/data/canon_labelled/CANC.314.6/BAV1341.11v.2.txt,/projects/beto/irowerojas/localLatin/data/canon_labelled/CANC.314.6/Hat42.157v.1.txt,CANC.314.6,CANC.314.6,CANC.314.6,pair_example,1,,,,,rand_similar,,,,,,,"ig,bertscore,ot,attention_weighted,dla,attention_standalone,retrieval_mark"
299,bowphs/PhilTa,PhilTa,t5,1,abtt_optimal,hidden,mean,10,0.4170854271356784,0.8944723618090452,0.4170854271356784,,,1524,1526,/projects/beto/irowerojas/localLatin/data/canon_labelled/Can.apost.42/C1525.7r.4.txt,/projects/beto/irowerojas/localLatin/data/canon_labelled/Can.apost.42/KoeD213.9v.2.txt,Can.apost.42,Can.apost.42,Can.apost.42,pair_example,1,,,,,rand_similar,,,,,,,"ig,bertscore,ot,attention_weighted,dla,attention_standalone,retrieval_mark"
300,bowphs/PhilTa,PhilTa,t5,1,abtt_optimal,hidden,mean,10,0.4170854271356784,0.8944723618090452,0.4170854271356784,,,135,134,/projects/beto/irowerojas/localLatin/data/canon_labelled/CANC.314.19/Brn425.21v.2.txt,/projects/beto/irowerojas/localLatin/data/canon_labelled/CANC.314.19/BN1454.58r.1.txt,CANC.314.19,CANC.314.19,CANC.314.19,pair_example,1,,,,,rand_similar,,,,,,,"ig,bertscore,ot,attention_weighted,dla,attention_standalone,retrieval_mark"
301,bowphs/PhilTa,PhilTa,t5,1,abtt_optimal,hidden,mean,10,0.4170854271356784,0.8944723618090452,0.4170854271356784,,,235,236,/projects/beto/irowerojas/localLatin/data/canon_labelled/CANT.328.11/BAV1341.17v.1.txt,/projects/beto/irowerojas/localLatin/data/canon_labelled/CANT.328.11/Brn425.35r.1.txt,CANT.328.11,CANT.328.11,CANT.328.11,pair_example,1,,,,,rand_similar,,,,,,,"ig,bertscore,ot,attention_weighted,dla,attention_standalone,retrieval_mark"
302,bowphs/PhilTa,PhilTa,t5,1,abtt_optimal,hidden,mean,10,0.4170854271356784,0.8944723618090452,0.4170854271356784,,,1105,1104,/projects/beto/irowerojas/localLatin/data/canon_labelled/CTOL.397.8/BAVPal575.4r.2.txt,/projects/beto/irowerojas/localLatin/data/canon_labelled/CTOL.397.8/BAV1341.62v.1.txt,CTOL.397.8,CTOL.397.8,CTOL.397.8,pair_example,1,,,,,rand_similar,,,,,,,"ig,bertscore,ot,attention_weighted,dla,attention_standalone,retrieval_mark"
303,bowphs/PhilTa,PhilTa,t5,1,abtt_optimal,hidden,mean,10,0.4170854271356784,0.8944723618090452,0.4170854271356784,,,880,877,/projects/beto/irowerojas/localLatin/data/canon_labelled/CNIC.325.4/C1525.11v.1.txt,/projects/beto/irowerojas/localLatin/data/canon_labelled/CNIC.325.4/BN1454.47r.1.txt,CNIC.325.4,CNIC.325.4,CNIC.325.4,pair_example,1,,,,,rand_similar,,,,,,,"ig,bertscore,ot,attention_weighted,dla,attention_standalone,retrieval_mark"
304,bowphs/PhilTa,PhilTa,t5,1,abtt_optimal,hidden,mean,10,0.4170854271356784,0.8944723618090452,0.4170854271356784,,,1572,1573,/projects/beto/irowerojas/localLatin/data/canon_labelled/Can.apost.50/Hat42.149r.4.txt,/projects/beto/irowerojas/localLatin/data/canon_labelled/Can.apost.50/KoeD213.10r.3.txt,Can.apost.50,Can.apost.50,Can.apost.50,pair_example,1,,,,,rand_similar,,,,,,,"ig,bertscore,ot,attention_weighted,dla,attention_standalone,retrieval_mark"
305,bowphs/PhilTa,PhilTa,t5,1,abtt_optimal,hidden,mean,10,0.4170854271356784,0.8944723618090452,0.4170854271356784,,,647,648,/projects/beto/irowerojas/localLatin/data/canon_labelled/CLAO.300.2/Brn425.15v.1.txt,/projects/beto/irowerojas/localLatin/data/canon_labelled/CLAO.300.2/D1723.520.3.txt,CLAO.300.2,CLAO.300.2,CLAO.300.2,pair_example,1,,,,,rand_similar,,,,,,,"ig,bertscore,ot,attention_weighted,dla,attention_standalone,retrieval_mark"
306,bowphs/PhilTa,PhilTa,t5,1,abtt_optimal,hidden,mean,10,0.4170854271356784,0.8944723618090452,0.4170854271356784,,,1553,1555,/projects/beto/irowerojas/localLatin/data/canon_labelled/Can.apost.48/BAV1341.7v.18.txt,/projects/beto/irowerojas/localLatin/data/canon_labelled/Can.apost.48/Hat42.149r.2.txt,Can.apost.48,Can.apost.48,Can.apost.48,pair_example,1,,,,,rand_similar,,,,,,,"ig,bertscore,ot,attention_weighted,dla,attention_standalone,retrieval_mark"
307,bowphs/PhilTa,PhilTa,t5,1,abtt_optimal,hidden,mean,10,0.4170854271356784,0.8944723618090452,0.4170854271356784,,,547,545,/projects/beto/irowerojas/localLatin/data/canon_labelled/CGAN.355.17/KoeD213.30v.2.txt,/projects/beto/irowerojas/localLatin/data/canon_labelled/CGAN.355.17/D1723.531.5.txt,CGAN.355.17,CGAN.355.17,CGAN.355.17,pair_example,1,,,,,rand_similar,,,,,,,"ig,bertscore,ot,attention_weighted,dla,attention_standalone,retrieval_mark"
308,bowphs/PhilTa,PhilTa,t5,1,abtt_optimal,hidden,mean,10,0.4170854271356784,0.8944723618090452,0.4170854271356784,,,1518,1516,/projects/beto/irowerojas/localLatin/data/canon_labelled/Can.apost.41/Hat42.148r.3.txt,/projects/beto/irowerojas/localLatin/data/canon_labelled/Can.apost.41/BAV1341.7v.11.txt,Can.apost.41,Can.apost.41,Can.apost.41,pair_example,1,,,,,rand_similar,,,,,,,"ig,bertscore,ot,attention_weighted,dla,attention_standalone,retrieval_mark"
309,bowphs/PhilTa,PhilTa,t5,1,abtt_optimal,hidden,mean,10,0.4170854271356784,0.8944723618090452,0.4170854271356784,,,70,71,/projects/beto/irowerojas/localLatin/data/canon_labelled/CAGD.506.63/Brn425.28v.3.txt,/projects/beto/irowerojas/localLatin/data/canon_labelled/CAGD.506.63/D1723.531.11.txt,CAGD.506.63,CAGD.506.63,CAGD.506.63,pair_example,1,,,,,rand_similar,,,,,,,"ig,bertscore,ot,attention_weighted,dla,attention_standalone,retrieval_mark"
310,bowphs/PhilTa,PhilTa,t5,1,abtt_optimal,hidden,mean,10,0.4170854271356784,0.8944723618090452,0.4170854271356784,,,1570,1574,/projects/beto/irowerojas/localLatin/data/canon_labelled/Can.apost.50/BN2123.89r.6.txt,/projects/beto/irowerojas/localLatin/data/canon_labelled/Can.apost.50/Vat5845.10v.2.txt,Can.apost.50,Can.apost.50,Can.apost.50,pair_example,1,,,,,rand_similar,,,,,,,"ig,bertscore,ot,attention_weighted,dla,attention_standalone,retrieval_mark"
311,bowphs/PhilTa,PhilTa,t5,1,abtt_optimal,hidden,mean,10,0.4170854271356784,0.8944723618090452,0.4170854271356784,,,266,263,/projects/beto/irowerojas/localLatin/data/canon_labelled/CANT.328.17/D1723.558.3.txt,/projects/beto/irowerojas/localLatin/data/canon_labelled/CANT.328.17/BAV1341.17v.7.txt,CANT.328.17,CANT.328.17,CANT.328.17,pair_example,1,,,,,rand_similar,,,,,,,"ig,bertscore,ot,attention_weighted,dla,attention_standalone,retrieval_mark"
312,bowphs/PhilTa,PhilTa,t5,1,abtt_optimal,hidden,mean,10,0.4170854271356784,0.8944723618090452,0.4170854271356784,,,952,953,/projects/beto/irowerojas/localLatin/data/canon_labelled/CORL.511.1/BAV1341.54v.16.txt,/projects/beto/irowerojas/localLatin/data/canon_labelled/CORL.511.1/CamCC279.68.1.txt,CORL.511.1,CORL.511.1,CORL.511.1,pair_example,1,,,,,rand_similar,,,,,,,"ig,bertscore,ot,attention_weighted,dla,attention_standalone,retrieval_mark"
313,bowphs/PhilTa,PhilTa,t5,1,abtt_optimal,hidden,mean,10,0.4170854271356784,0.8944723618090452,0.4170854271356784,,,1405,1406,/projects/beto/irowerojas/localLatin/data/canon_labelled/Can.apost.21/BN2123.81v.5.txt,/projects/beto/irowerojas/localLatin/data/canon_labelled/Can.apost.21/C1525.5v.5.txt,Can.apost.21,Can.apost.21,Can.apost.21,pair_example,1,,,,,rand_similar,,,,,,,"ig,bertscore,ot,attention_weighted,dla,attention_standalone,retrieval_mark"
314,bowphs/PhilTa,PhilTa,t5,1,abtt_optimal,hidden,mean,10,0.4170854271356784,0.8944723618090452,0.4170854271356784,,,590,595,/projects/beto/irowerojas/localLatin/data/canon_labelled/CGAN.355.8/BN1454.59v.7.txt,/projects/beto/irowerojas/localLatin/data/canon_labelled/CGAN.355.8/KoeD213.29v.6.txt,CGAN.355.8,CGAN.355.8,CGAN.355.8,pair_example,1,,,,,rand_similar,,,,,,,"ig,bertscore,ot,attention_weighted,dla,attention_standalone,retrieval_mark"
315,bowphs/PhilTa,PhilTa,t5,1,abtt_optimal,hidden,mean,10,0.4170854271356784,0.8944723618090452,0.4170854271356784,,,702,704,/projects/beto/irowerojas/localLatin/data/canon_labelled/CNEO.315.1/Brn425.20r.3.txt,/projects/beto/irowerojas/localLatin/data/canon_labelled/CNEO.315.1/D1723.524.5.txt,CNEO.315.1,CNEO.315.1,CNEO.315.1,pair_example,1,,,,,rand_similar,,,,,,,"ig,bertscore,ot,attention_weighted,dla,attention_standalone,retrieval_mark"
316,bowphs/PhilTa,PhilTa,t5,1,abtt_optimal,hidden,mean,10,0.4170854271356784,0.8944723618090452,0.4170854271356784,,,1558,1563,/projects/beto/irowerojas/localLatin/data/canon_labelled/Can.apost.49/BAV1341.7v.19.txt,/projects/beto/irowerojas/localLatin/data/canon_labelled/Can.apost.49/Vat5845.10v.1.txt,Can.apost.49,Can.apost.49,Can.apost.49,pair_example,1,,,,,rand_similar,,,,,,,"ig,bertscore,ot,attention_weighted,dla,attention_standalone,retrieval_mark"
317,bowphs/PhilTa,PhilTa,t5,1,abtt_optimal,hidden,mean,10,0.4170854271356784,0.8944723618090452,0.4170854271356784,,,1202,1203,/projects/beto/irowerojas/localLatin/data/canon_labelled/CTOL.633.56/BAV1341.76r.5.txt,/projects/beto/irowerojas/localLatin/data/canon_labelled/CTOL.633.56/WlfH1062.11v.3.txt,CTOL.633.56,CTOL.633.56,CTOL.633.56,pair_example,1,,,,,rand_similar,,,,,,,"ig,bertscore,ot,attention_weighted,dla,attention_standalone,retrieval_mark"
318,bowphs/PhilTa,PhilTa,t5,1,abtt_optimal,hidden,mean,10,0.4170854271356784,0.8944723618090452,0.4170854271356784,,,870,871,/projects/beto/irowerojas/localLatin/data/canon_labelled/CNIC.325.3/BN2123.96v.8.txt,/projects/beto/irowerojas/localLatin/data/canon_labelled/CNIC.325.3/Brn425.20v.2.txt,CNIC.325.3,CNIC.325.3,CNIC.325.3,pair_example,1,,,,,rand_similar,,,,,,,"ig,bertscore,ot,attention_weighted,dla,attention_standalone,retrieval_mark"
319,bowphs/PhilTa,PhilTa,t5,1,abtt_optimal,hidden,mean,10,0.4170854271356784,0.8944723618090452,0.4170854271356784,,,994,995,/projects/beto/irowerojas/localLatin/data/canon_labelled/CORL.511.27/BAV1341.55v.1.txt,/projects/beto/irowerojas/localLatin/data/canon_labelled/CORL.511.27/BN2123.91r.8.txt,CORL.511.27,CORL.511.27,CORL.511.27,pair_example,1,,,,,rand_similar,,,,,,,"ig,bertscore,ot,attention_weighted,dla,attention_standalone,retrieval_mark"
320,bowphs/PhilTa,PhilTa,t5,1,abtt_optimal,hidden,mean,10,0.4170854271356784,0.8944723618090452,0.4170854271356784,,,1484,1482,/projects/beto/irowerojas/localLatin/data/canon_labelled/Can.apost.35/Vat5845.9r.4.txt,/projects/beto/irowerojas/localLatin/data/canon_labelled/Can.apost.35/Hat42.147r.5.txt,Can.apost.35,Can.apost.35,Can.apost.35,pair_example,1,,,,,rand_similar,,,,,,,"ig,bertscore,ot,attention_weighted,dla,attention_standalone,retrieval_mark"
321,bowphs/PhilTa,PhilTa,t5,1,abtt_optimal,hidden,mean,10,0.4170854271356784,0.8944723618090452,0.4170854271356784,,,469,468,/projects/beto/irowerojas/localLatin/data/canon_labelled/CCHA.451.27/D1723.527.2.txt,/projects/beto/irowerojas/localLatin/data/canon_labelled/CCHA.451.27/Brn425.23v.3.txt,CCHA.451.27,CCHA.451.27,CCHA.451.27,pair_example,1,,,,,rand_similar,,,,,,,"ig,bertscore,ot,attention_weighted,dla,attention_standalone,retrieval_mark"
322,bowphs/PhilTa,PhilTa,t5,1,abtt_optimal,hidden,mean,10,0.4170854271356784,0.8944723618090452,0.4170854271356784,,,706,702,/projects/beto/irowerojas/localLatin/data/canon_labelled/CNEO.315.1/KoeD213.25v.1.txt,/projects/beto/irowerojas/localLatin/data/canon_labelled/CNEO.315.1/Brn425.20r.3.txt,CNEO.315.1,CNEO.315.1,CNEO.315.1,pair_example,1,,,,,rand_similar,,,,,,,"ig,bertscore,ot,attention_weighted,dla,attention_standalone,retrieval_mark"
323,bowphs/PhilTa,PhilTa,t5,1,abtt_optimal,hidden,mean,10,0.4170854271356784,0.8944723618090452,0.4170854271356784,,,704,705,/projects/beto/irowerojas/localLatin/data/canon_labelled/CNEO.315.1/D1723.524.5.txt,/projects/beto/irowerojas/localLatin/data/canon_labelled/CNEO.315.1/Hat42.160v.6.txt,CNEO.315.1,CNEO.315.1,CNEO.315.1,pair_example,1,,,,,rand_similar,,,,,,,"ig,bertscore,ot,attention_weighted,dla,attention_standalone,retrieval_mark"
324,bowphs/PhilTa,PhilTa,t5,1,abtt_optimal,hidden,mean,10,0.4170854271356784,0.8944723618090452,0.4170854271356784,,,664,663,/projects/beto/irowerojas/localLatin/data/canon_labelled/CLAO.300.42/D1723.555.8.txt,/projects/beto/irowerojas/localLatin/data/canon_labelled/CLAO.300.42/Brn425.55v.7.txt,CLAO.300.42,CLAO.300.42,CLAO.300.42,pair_example,1,,,,,rand_similar,,,,,,,"ig,bertscore,ot,attention_weighted,dla,attention_standalone,retrieval_mark"
325,bowphs/PhilTa,PhilTa,t5,1,abtt_optimal,hidden,mean,10,0.4170854271356784,0.8944723618090452,0.4170854271356784,,,133,137,/projects/beto/irowerojas/localLatin/data/canon_labelled/CANC.314.19/BAV1341.12r.6.txt,/projects/beto/irowerojas/localLatin/data/canon_labelled/CANC.314.19/D1723.525.4.txt,CANC.314.19,CANC.314.19,CANC.314.19,pair_example,1,,,,,rand_similar,,,,,,,"ig,bertscore,ot,attention_weighted,dla,attention_standalone,retrieval_mark"
326,bowphs/PhilTa,PhilTa,t5,1,abtt_optimal,hidden,mean,10,0.4170854271356784,0.8944723618090452,0.4170854271356784,,,1518,1517,/projects/beto/irowerojas/localLatin/data/canon_labelled/Can.apost.41/Hat42.148r.3.txt,/projects/beto/irowerojas/localLatin/data/canon_labelled/Can.apost.41/C1525.7r.3.txt,Can.apost.41,Can.apost.41,Can.apost.41,pair_example,1,,,,,rand_similar,,,,,,,"ig,bertscore,ot,attention_weighted,dla,attention_standalone,retrieval_mark"
327,bowphs/PhilTa,PhilTa,t5,1,abtt_optimal,hidden,mean,10,0.4170854271356784,0.8944723618090452,0.4170854271356784,,,378,377,/projects/beto/irowerojas/localLatin/data/canon_labelled/CARL.501?.18/D1723.538.5.txt,/projects/beto/irowerojas/localLatin/data/canon_labelled/CARL.501?.18/Brn425.36r.2.txt,CARL.501?.18,CARL.501?.18,CARL.501?.18,pair_example,1,,,,,rand_similar,,,,,,,"ig,bertscore,ot,attention_weighted,dla,attention_standalone,retrieval_mark"
328,bowphs/PhilTa,PhilTa,t5,1,abtt_optimal,hidden,mean,10,0.4170854271356784,0.8944723618090452,0.4170854271356784,,,652,653,/projects/beto/irowerojas/localLatin/data/canon_labelled/CLAO.300.23/Brn425.55r.4.txt,/projects/beto/irowerojas/localLatin/data/canon_labelled/CLAO.300.23/D1723.554.11.txt,CLAO.300.23,CLAO.300.23,CLAO.300.23,pair_example,1,,,,,rand_similar,,,,,,,"ig,bertscore,ot,attention_weighted,dla,attention_standalone,retrieval_mark"
329,bowphs/PhilTa,PhilTa,t5,1,abtt_optimal,hidden,mean,10,0.4170854271356784,0.8944723618090452,0.4170854271356784,,,538,539,/projects/beto/irowerojas/localLatin/data/canon_labelled/CGAN.355.16/BN1454.60r.4.txt,/projects/beto/irowerojas/localLatin/data/canon_labelled/CGAN.355.16/C1525.25v.6.txt,CGAN.355.16,CGAN.355.16,CGAN.355.16,pair_example,1,,,,,rand_similar,,,,,,,"ig,bertscore,ot,attention_weighted,dla,attention_standalone,retrieval_mark"
330,bowphs/PhilTa,PhilTa,t5,1,abtt_optimal,hidden,mean,10,0.4170854271356784,0.8944723618090452,0.4170854271356784,,,828,829,/projects/beto/irowerojas/localLatin/data/canon_labelled/CNIC.325.15/Hat42.153v.3.txt,/projects/beto/irowerojas/localLatin/data/canon_labelled/CNIC.325.15/KoeD213.15r.2.txt,CNIC.325.15,CNIC.325.15,CNIC.325.15,pair_example,1,,,,,rand_similar,,,,,,,"ig,bertscore,ot,attention_weighted,dla,attention_standalone,retrieval_mark"
331,bowphs/PhilTa,PhilTa,t5,1,abtt_optimal,hidden,mean,10,0.4170854271356784,0.8944723618090452,0.4170854271356784,,,322,321,/projects/beto/irowerojas/localLatin/data/canon_labelled/CANT.328.6/C1525.28r.3.txt,/projects/beto/irowerojas/localLatin/data/canon_labelled/CANT.328.6/Brn425.34v.5.txt,CANT.328.6,CANT.328.6,CANT.328.6,pair_example,1,,,,,rand_similar,,,,,,,"ig,bertscore,ot,attention_weighted,dla,attention_standalone,retrieval_mark"
332,bowphs/PhilTa,PhilTa,t5,1,abtt_optimal,hidden,mean,10,0.4170854271356784,0.8944723618090452,0.4170854271356784,,,276,277,/projects/beto/irowerojas/localLatin/data/canon_labelled/CANT.328.2/BAV1341.16v.27.txt,/projects/beto/irowerojas/localLatin/data/canon_labelled/CANT.328.2/BN2123.92r.7.txt,CANT.328.2,CANT.328.2,CANT.328.2,pair_example,1,,,,,rand_similar,,,,,,,"ig,bertscore,ot,attention_weighted,dla,attention_standalone,retrieval_mark"
333,bowphs/PhilTa,PhilTa,t5,1,abtt_optimal,hidden,mean,10,0.4170854271356784,0.8944723618090452,0.4170854271356784,,,475,474,/projects/beto/irowerojas/localLatin/data/canon_labelled/CCHA.451.5/D1723.551.5.txt,/projects/beto/irowerojas/localLatin/data/canon_labelled/CCHA.451.5/Brn425.51v.6.txt,CCHA.451.5,CCHA.451.5,CCHA.451.5,pair_example,1,,,,,rand_similar,,,,,,,"ig,bertscore,ot,attention_weighted,dla,attention_standalone,retrieval_mark"
334,bowphs/PhilTa,PhilTa,t5,1,abtt_optimal,hidden,mean,10,0.4170854271356784,0.8944723618090452,0.4170854271356784,,,383,385,/projects/beto/irowerojas/localLatin/data/canon_labelled/CARL.501?.22/BAV1341.46v.8.txt,/projects/beto/irowerojas/localLatin/data/canon_labelled/CARL.501?.22/D1723.520.1.txt,CARL.501?.22,CARL.501?.22,CARL.501?.22,pair_example,1,,,,,rand_similar,,,,,,,"ig,bertscore,ot,attention_weighted,dla,attention_standalone,retrieval_mark"
335,bowphs/PhilTa,PhilTa,t5,1,abtt_optimal,hidden,mean,10,0.4170854271356784,0.8944723618090452,0.4170854271356784,,,1482,1483,/projects/beto/irowerojas/localLatin/data/canon_labelled/Can.apost.35/Hat42.147r.5.txt,/projects/beto/irowerojas/localLatin/data/canon_labelled/Can.apost.35/KoeD213.8r.1.txt,Can.apost.35,Can.apost.35,Can.apost.35,pair_example,1,,,,,rand_similar,,,,,,,"ig,bertscore,ot,attention_weighted,dla,attention_standalone,retrieval_mark"
336,bowphs/PhilTa,PhilTa,t5,1,abtt_optimal,hidden,mean,10,0.4170854271356784,0.8944723618090452,0.4170854271356784,,,1460,1461,/projects/beto/irowerojas/localLatin/data/canon_labelled/Can.apost.31/BAV1341.7v.1.txt,/projects/beto/irowerojas/localLatin/data/canon_labelled/Can.apost.31/C1525.6r.6.txt,Can.apost.31,Can.apost.31,Can.apost.31,pair_example,1,,,,,rand_similar,,,,,,,"ig,bertscore,ot,attention_weighted,dla,attention_standalone,retrieval_mark"
337,bowphs/PhilTa,PhilTa,t5,1,abtt_optimal,hidden,mean,10,0.4170854271356784,0.8944723618090452,0.4170854271356784,,,656,657,/projects/beto/irowerojas/localLatin/data/canon_labelled/CLAO.300.26/Brn425.52r.6.txt,/projects/beto/irowerojas/localLatin/data/canon_labelled/CLAO.300.26/D1723.551.11.txt,CLAO.300.26,CLAO.300.26,CLAO.300.26,pair_example,1,,,,,rand_similar,,,,,,,"ig,bertscore,ot,attention_weighted,dla,attention_standalone,retrieval_mark"
338,bowphs/PhilTa,PhilTa,t5,1,abtt_optimal,hidden,mean,10,0.4170854271356784,0.8944723618090452,0.4170854271356784,,,545,543,/projects/beto/irowerojas/localLatin/data/canon_labelled/CGAN.355.17/D1723.531.5.txt,/projects/beto/irowerojas/localLatin/data/canon_labelled/CGAN.355.17/Brn425.28r.3.txt,CGAN.355.17,CGAN.355.17,CGAN.355.17,pair_example,1,,,,,rand_similar,,,,,,,"ig,bertscore,ot,attention_weighted,dla,attention_standalone,retrieval_mark"
339,bowphs/PhilTa,PhilTa,t5,1,abtt_optimal,hidden,mean,10,0.4170854271356784,0.8944723618090452,0.4170854271356784,,,710,707,/projects/beto/irowerojas/localLatin/data/canon_labelled/CNEO.315.10/C1525.23r.3.txt,/projects/beto/irowerojas/localLatin/data/canon_labelled/CNEO.315.10/BAV1341.13r.3.txt,CNEO.315.10,CNEO.315.10,CNEO.315.10,pair_example,1,,,,,rand_similar,,,,,,,"ig,bertscore,ot,attention_weighted,dla,attention_standalone,retrieval_mark"
340,bowphs/PhilTa,PhilTa,t5,1,abtt_optimal,hidden,mean,10,0.4170854271356784,0.8944723618090452,0.4170854271356784,,,1190,1189,/projects/beto/irowerojas/localLatin/data/canon_labelled/CTOL.633.49/WlfH1062.10v.2.txt,/projects/beto/irowerojas/localLatin/data/canon_labelled/CTOL.633.49/BAV1341.75v.12.txt,CTOL.633.49,CTOL.633.49,CTOL.633.49,pair_example,1,,,,,rand_similar,,,,,,,"ig,bertscore,ot,attention_weighted,dla,attention_standalone,retrieval_mark"
341,bowphs/PhilTa,PhilTa,t5,1,abtt_optimal,hidden,mean,10,0.4170854271356784,0.8944723618090452,0.4170854271356784,,,328,326,/projects/beto/irowerojas/localLatin/data/canon_labelled/CANT.328.7/Hat42.169r.3.txt,/projects/beto/irowerojas/localLatin/data/canon_labelled/CANT.328.7/BN2123.86v.2.txt,CANT.328.7,CANT.328.7,CANT.328.7,pair_example,1,,,,,rand_similar,,,,,,,"ig,bertscore,ot,attention_weighted,dla,attention_standalone,retrieval_mark"
342,bowphs/PhilTa,PhilTa,t5,1,abtt_optimal,hidden,mean,10,0.4170854271356784,0.8944723618090452,0.4170854271356784,,,1412,1411,/projects/beto/irowerojas/localLatin/data/canon_labelled/Can.apost.22/Hat42.146r.4.txt,/projects/beto/irowerojas/localLatin/data/canon_labelled/Can.apost.22/C1525.5v.6.txt,Can.apost.22,Can.apost.22,Can.apost.22,pair_example,1,,,,,rand_similar,,,,,,,"ig,bertscore,ot,attention_weighted,dla,attention_standalone,retrieval_mark"
343,bowphs/PhilTa,PhilTa,t5,1,abtt_optimal,hidden,mean,10,0.4170854271356784,0.8944723618090452,0.4170854271356784,,,549,550,/projects/beto/irowerojas/localLatin/data/canon_labelled/CGAN.355.18/C1525.26r.1.txt,/projects/beto/irowerojas/localLatin/data/canon_labelled/CGAN.355.18/Hat42.165v.6.txt,CGAN.355.18,CGAN.355.18,CGAN.355.18,pair_example,1,,,,,rand_similar,,,,,,,"ig,bertscore,ot,attention_weighted,dla,attention_standalone,retrieval_mark"
344,bowphs/PhilTa,PhilTa,t5,1,abtt_optimal,hidden,mean,10,0.4170854271356784,0.8944723618090452,0.4170854271356784,,,1477,1479,/projects/beto/irowerojas/localLatin/data/canon_labelled/Can.apost.34/Hat42.147r.4.txt,/projects/beto/irowerojas/localLatin/data/canon_labelled/Can.apost.34/Vat5845.9r.3.txt,Can.apost.34,Can.apost.34,Can.apost.34,pair_example,1,,,,,rand_similar,,,,,,,"ig,bertscore,ot,attention_weighted,dla,attention_standalone,retrieval_mark"
345,bowphs/PhilTa,PhilTa,t5,1,abtt_optimal,hidden,mean,10,0.4170854271356784,0.8944723618090452,0.4170854271356784,,,222,220,/projects/beto/irowerojas/localLatin/data/canon_labelled/CANC.314.9/Brn425.55r.5.txt,/projects/beto/irowerojas/localLatin/data/canon_labelled/CANC.314.9/BAV1341.11v.5.txt,CANC.314.9,CANC.314.9,CANC.314.9,pair_example,1,,,,,rand_similar,,,,,,,"ig,bertscore,ot,attention_weighted,dla,attention_standalone,retrieval_mark"
346,bowphs/PhilTa,PhilTa,t5,1,abtt_optimal,hidden,mean,10,0.4170854271356784,0.8944723618090452,0.4170854271356784,,,78,75,/projects/beto/irowerojas/localLatin/data/canon_labelled/CANC.314.1/KoeD213.20r.1.txt,/projects/beto/irowerojas/localLatin/data/canon_labelled/CANC.314.1/BN1454.56r.2.txt,CANC.314.1,CANC.314.1,CANC.314.1,pair_example,1,,,,,rand_similar,,,,,,,"ig,bertscore,ot,attention_weighted,dla,attention_standalone,retrieval_mark"
347,bowphs/PhilTa,PhilTa,t5,1,abtt_optimal,hidden,mean,10,0.4170854271356784,0.8944723618090452,0.4170854271356784,,,578,582,/projects/beto/irowerojas/localLatin/data/canon_labelled/CGAN.355.6/Brn425.36r.4.txt,/projects/beto/irowerojas/localLatin/data/canon_labelled/CGAN.355.6/KoeD213.29v.4.txt,CGAN.355.6,CGAN.355.6,CGAN.355.6,pair_example,1,,,,,rand_similar,,,,,,,"ig,bertscore,ot,attention_weighted,dla,attention_standalone,retrieval_mark"
348,bowphs/PhilTa,PhilTa,t5,1,abtt_optimal,hidden,mean,10,0.4170854271356784,0.8944723618090452,0.4170854271356784,,,847,845,/projects/beto/irowerojas/localLatin/data/canon_labelled/CNIC.325.18/C1525.13r.4.txt,/projects/beto/irowerojas/localLatin/data/canon_labelled/CNIC.325.18/BN2123.87v.8.txt,CNIC.325.18,CNIC.325.18,CNIC.325.18,pair_example,1,,,,,rand_similar,,,,,,,"ig,bertscore,ot,attention_weighted,dla,attention_standalone,retrieval_mark"
349,bowphs/PhilTa,PhilTa,t5,1,abtt_optimal,hidden,mean,10,0.4170854271356784,0.8944723618090452,0.4170854271356784,,,568,570,/projects/beto/irowerojas/localLatin/data/canon_labelled/CGAN.355.4/Brn425.57r.6.txt,/projects/beto/irowerojas/localLatin/data/canon_labelled/CGAN.355.4/D1723.557.3.txt,CGAN.355.4,CGAN.355.4,CGAN.355.4,pair_example,1,,,,,rand_similar,,,,,,,"ig,bertscore,ot,attention_weighted,dla,attention_standalone,retrieval_mark"
350,bowphs/PhilTa,PhilTa,t5,1,abtt_optimal,hidden,mean,10,0.4170854271356784,0.8944723618090452,0.4170854271356784,,,259,258,/projects/beto/irowerojas/localLatin/data/canon_labelled/CANT.328.16/Brn425.64r.3.txt,/projects/beto/irowerojas/localLatin/data/canon_labelled/CANT.328.16/BAV1341.17v.6.txt,CANT.328.16,CANT.328.16,CANT.328.16,pair_example,1,,,,,rand_similar,,,,,,,"ig,bertscore,ot,attention_weighted,dla,attention_standalone,retrieval_mark"
351,bowphs/PhilTa,PhilTa,t5,1,abtt_optimal,hidden,mean,10,0.4170854271356784,0.8944723618090452,0.4170854271356784,,,1562,1563,/projects/beto/irowerojas/localLatin/data/canon_labelled/Can.apost.49/KoeD213.10r.2.txt,/projects/beto/irowerojas/localLatin/data/canon_labelled/Can.apost.49/Vat5845.10v.1.txt,Can.apost.49,Can.apost.49,Can.apost.49,pair_example,1,,,,,rand_similar,,,,,,,"ig,bertscore,ot,attention_weighted,dla,attention_standalone,retrieval_mark"
352,bowphs/PhilTa,PhilTa,t5,1,abtt_optimal,hidden,mean,10,0.4170854271356784,0.8944723618090452,0.4170854271356784,,,1029,1030,/projects/beto/irowerojas/localLatin/data/canon_labelled/CORL.549.19/BN2123.97v.8.txt,/projects/beto/irowerojas/localLatin/data/canon_labelled/CORL.549.19/WlfH1062.5r.1.txt,CORL.549.19,CORL.549.19,CORL.549.19,pair_example,1,,,,,rand_similar,,,,,,,"ig,bertscore,ot,attention_weighted,dla,attention_standalone,retrieval_mark"
353,bowphs/PhilTa,PhilTa,t5,1,abtt_optimal,hidden,mean,10,0.4170854271356784,0.8944723618090452,0.4170854271356784,,,1076,1077,/projects/beto/irowerojas/localLatin/data/canon_labelled/CTOL.397.14/BAV1341.62v.7.txt,/projects/beto/irowerojas/localLatin/data/canon_labelled/CTOL.397.14/BAVPal575.4r.8.txt,CTOL.397.14,CTOL.397.14,CTOL.397.14,pair_example,1,,,,,rand_similar,,,,,,,"ig,bertscore,ot,attention_weighted,dla,attention_standalone,retrieval_mark"
354,bowphs/PhilTa,PhilTa,t5,1,abtt_optimal,hidden,mean,10,0.4170854271356784,0.8944723618090452,0.4170854271356784,,,156,161,/projects/beto/irowerojas/localLatin/data/canon_labelled/CANC.314.21/BN2123.100v.7.txt,/projects/beto/irowerojas/localLatin/data/canon_labelled/CANC.314.21/KoeD213.24v.1.txt,CANC.314.21,CANC.314.21,CANC.314.21,pair_example,1,,,,,rand_similar,,,,,,,"ig,bertscore,ot,attention_weighted,dla,attention_standalone,retrieval_mark"
355,bowphs/PhilTa,PhilTa,t5,1,abtt_optimal,hidden,mean,10,0.4170854271356784,0.8944723618090452,0.4170854271356784,,,140,143,/projects/beto/irowerojas/localLatin/data/canon_labelled/CANC.314.2/BAV1341.11r.10.txt,/projects/beto/irowerojas/localLatin/data/canon_labelled/CANC.314.2/Hat42.156r.2.txt,CANC.314.2,CANC.314.2,CANC.314.2,pair_example,1,,,,,rand_similar,,,,,,,"ig,bertscore,ot,attention_weighted,dla,attention_standalone,retrieval_mark"
356,bowphs/PhilTa,PhilTa,t5,1,abtt_optimal,hidden,mean,10,0.4170854271356784,0.8944723618090452,0.4170854271356784,,,845,844,/projects/beto/irowerojas/localLatin/data/canon_labelled/CNIC.325.18/BN2123.87v.8.txt,/projects/beto/irowerojas/localLatin/data/canon_labelled/CNIC.325.18/BN1454.49r.1.txt,CNIC.325.18,CNIC.325.18,CNIC.325.18,pair_example,1,,,,,rand_similar,,,,,,,"ig,bertscore,ot,attention_weighted,dla,attention_standalone,retrieval_mark"
357,bowphs/PhilTa,PhilTa,t5,1,abtt_optimal,hidden,mean,10,0.4170854271356784,0.8944723618090452,0.4170854271356784,,,352,353,/projects/beto/irowerojas/localLatin/data/canon_labelled/CARL.314.18/BAV1341.45v.7.txt,/projects/beto/irowerojas/localLatin/data/canon_labelled/CARL.314.18/BAV1341.45v.8.txt,CARL.314.18,CARL.314.18,CARL.314.18,pair_example,1,,,,,rand_similar,,,,,,,"ig,bertscore,ot,attention_weighted,dla,attention_standalone,retrieval_mark"
358,bowphs/PhilTa,PhilTa,t5,1,abtt_optimal,hidden,mean,10,0.4170854271356784,0.8944723618090452,0.4170854271356784,,,1406,1404,/projects/beto/irowerojas/localLatin/data/canon_labelled/Can.apost.21/C1525.5v.5.txt,/projects/beto/irowerojas/localLatin/data/canon_labelled/Can.apost.21/BAV1341.7r.15.txt,Can.apost.21,Can.apost.21,Can.apost.21,pair_example,1,,,,,rand_similar,,,,,,,"ig,bertscore,ot,attention_weighted,dla,attention_standalone,retrieval_mark"
359,bowphs/PhilTa,PhilTa,t5,1,abtt_optimal,hidden,mean,10,0.4170854271356784,0.8944723618090452,0.4170854271356784,,,1374,1376,/projects/beto/irowerojas/localLatin/data/canon_labelled/Can.apost.16/BAV1341.7r.10.txt,/projects/beto/irowerojas/localLatin/data/canon_labelled/Can.apost.16/Hat42.145v.2.txt,Can.apost.16,Can.apost.16,Can.apost.16,pair_example,1,,,,,rand_similar,,,,,,,"ig,bertscore,ot,attention_weighted,dla,attention_standalone,retrieval_mark"
360,bowphs/PhilTa,PhilTa,t5,1,abtt_optimal,hidden,mean,10,0.4170854271356784,0.8944723618090452,0.4170854271356784,,,894,893,/projects/beto/irowerojas/localLatin/data/canon_labelled/CNIC.325.6/BN2123.82r.1.txt,/projects/beto/irowerojas/localLatin/data/canon_labelled/CNIC.325.6/BN2123.81r.6.txt,CNIC.325.6,CNIC.325.6,CNIC.325.6,pair_example,1,,,,,rand_similar,,,,,,,"ig,bertscore,ot,attention_weighted,dla,attention_standalone,retrieval_mark"
361,bowphs/PhilTa,PhilTa,t5,1,abtt_optimal,hidden,mean,10,0.4170854271356784,0.8944723618090452,0.4170854271356784,,,868,865,/projects/beto/irowerojas/localLatin/data/canon_labelled/CNIC.325.20/KoeD213.16r.2.txt,/projects/beto/irowerojas/localLatin/data/canon_labelled/CNIC.325.20/C1525.13v.2.txt,CNIC.325.20,CNIC.325.20,CNIC.325.20,pair_example,1,,,,,rand_similar,,,,,,,"ig,bertscore,ot,attention_weighted,dla,attention_standalone,retrieval_mark"
362,bowphs/PhilTa,PhilTa,t5,1,abtt_optimal,hidden,mean,10,0.4170854271356784,0.8944723618090452,0.4170854271356784,,,1097,1098,/projects/beto/irowerojas/localLatin/data/canon_labelled/CTOL.397.5/BAVPal575.3v.5.txt,/projects/beto/irowerojas/localLatin/data/canon_labelled/CTOL.397.5/WlfH1062.9r.3.txt,CTOL.397.5,CTOL.397.5,CTOL.397.5,pair_example,1,,,,,rand_similar,,,,,,,"ig,bertscore,ot,attention_weighted,dla,attention_standalone,retrieval_mark"
363,bowphs/PhilTa,PhilTa,t5,1,abtt_optimal,hidden,mean,10,0.4170854271356784,0.8944723618090452,0.4170854271356784,,,1303,1305,/projects/beto/irowerojas/localLatin/data/canon_labelled/CVAI.442.2/BAV1341.50v.2.txt,/projects/beto/irowerojas/localLatin/data/canon_labelled/CVAI.442.2/D1723.521.3.txt,CVAI.442.2,CVAI.442.2,CVAI.442.2,pair_example,1,,,,,rand_similar,,,,,,,"ig,bertscore,ot,attention_weighted,dla,attention_standalone,retrieval_mark"
364,bowphs/PhilTa,PhilTa,t5,1,abtt_optimal,hidden,mean,10,0.4170854271356784,0.8944723618090452,0.4170854271356784,,,770,768,/projects/beto/irowerojas/localLatin/data/canon_labelled/CNEO.315.6/Brn425.44r.5.txt,/projects/beto/irowerojas/localLatin/data/canon_labelled/CNEO.315.6/BAV1341.12v.21.txt,CNEO.315.6,CNEO.315.6,CNEO.315.6,pair_example,1,,,,,rand_similar,,,,,,,"ig,bertscore,ot,attention_weighted,dla,attention_standalone,retrieval_mark"
365,bowphs/PhilTa,PhilTa,t5,1,abtt_optimal,hidden,mean,10,0.4170854271356784,0.8944723618090452,0.4170854271356784,,,813,811,/projects/beto/irowerojas/localLatin/data/canon_labelled/CNIC.325.12/KoeD213.14r.1.txt,/projects/beto/irowerojas/localLatin/data/canon_labelled/CNIC.325.12/D1723.522.3.txt,CNIC.325.12,CNIC.325.12,CNIC.325.12,pair_example,1,,,,,rand_similar,,,,,,,"ig,bertscore,ot,attention_weighted,dla,attention_standalone,retrieval_mark"
366,bowphs/PhilTa,PhilTa,t5,1,abtt_optimal,hidden,mean,10,0.4170854271356784,0.8944723618090452,0.4170854271356784,,,716,718,/projects/beto/irowerojas/localLatin/data/canon_labelled/CNEO.315.11/C1525.23r.4.txt,/projects/beto/irowerojas/localLatin/data/canon_labelled/CNEO.315.11/KoeD213.26v.2.txt,CNEO.315.11,CNEO.315.11,CNEO.315.11,pair_example,1,,,,,rand_similar,,,,,,,"ig,bertscore,ot,attention_weighted,dla,attention_standalone,retrieval_mark"
367,bowphs/PhilTa,PhilTa,t5,1,abtt_optimal,hidden,mean,10,0.4170854271356784,0.8944723618090452,0.4170854271356784,,,1171,1172,/projects/beto/irowerojas/localLatin/data/canon_labelled/CTOL.633.33/BAV1341.75r.6.txt,/projects/beto/irowerojas/localLatin/data/canon_labelled/CTOL.633.33/WlfH1062.10v.1.txt,CTOL.633.33,CTOL.633.33,CTOL.633.33,pair_example,1,,,,,rand_similar,,,,,,,"ig,bertscore,ot,attention_weighted,dla,attention_standalone,retrieval_mark"
368,bowphs/PhilTa,PhilTa,t5,1,abtt_optimal,hidden,mean,10,0.4170854271356784,0.8944723618090452,0.4170854271356784,,,1574,1573,/projects/beto/irowerojas/localLatin/data/canon_labelled/Can.apost.50/Vat5845.10v.2.txt,/projects/beto/irowerojas/localLatin/data/canon_labelled/Can.apost.50/KoeD213.10r.3.txt,Can.apost.50,Can.apost.50,Can.apost.50,pair_example,1,,,,,rand_similar,,,,,,,"ig,bertscore,ot,attention_weighted,dla,attention_standalone,retrieval_mark"
369,bowphs/PhilTa,PhilTa,t5,1,abtt_optimal,hidden,mean,10,0.4170854271356784,0.8944723618090452,0.4170854271356784,,,1073,1072,/projects/beto/irowerojas/localLatin/data/canon_labelled/CTOL.397.12/BAVPal575.4r.6.txt,/projects/beto/irowerojas/localLatin/data/canon_labelled/CTOL.397.12/BAV1341.62v.5.txt,CTOL.397.12,CTOL.397.12,CTOL.397.12,pair_example,1,,,,,rand_similar,,,,,,,"ig,bertscore,ot,attention_weighted,dla,attention_standalone,retrieval_mark"
370,bowphs/PhilTa,PhilTa,t5,1,abtt_optimal,hidden,mean,10,0.4170854271356784,0.8944723618090452,0.4170854271356784,,,247,246,/projects/beto/irowerojas/localLatin/data/canon_labelled/CANT.328.13/C1525.29r.1.txt,/projects/beto/irowerojas/localLatin/data/canon_labelled/CANT.328.13/Brn425.58v.1.txt,CANT.328.13,CANT.328.13,CANT.328.13,pair_example,1,,,,,rand_similar,,,,,,,"ig,bertscore,ot,attention_weighted,dla,attention_standalone,retrieval_mark"
371,bowphs/PhilTa,PhilTa,t5,1,abtt_optimal,hidden,mean,10,0.4170854271356784,0.8944723618090452,0.4170854271356784,,,1411,1410,/projects/beto/irowerojas/localLatin/data/canon_labelled/Can.apost.22/C1525.5v.6.txt,/projects/beto/irowerojas/localLatin/data/canon_labelled/Can.apost.22/BAV1341.7r.16.txt,Can.apost.22,Can.apost.22,Can.apost.22,pair_example,1,,,,,rand_similar,,,,,,,"ig,bertscore,ot,attention_weighted,dla,attention_standalone,retrieval_mark"
372,bowphs/PhilTa,PhilTa,t5,1,abtt_optimal,hidden,mean,10,0.4170854271356784,0.8944723618090452,0.4170854271356784,,,1387,1388,/projects/beto/irowerojas/localLatin/data/canon_labelled/Can.apost.18/KoeD213.6v.1.txt,/projects/beto/irowerojas/localLatin/data/canon_labelled/Can.apost.18/Vat5845.8r.3.txt,Can.apost.18,Can.apost.18,Can.apost.18,pair_example,1,,,,,rand_similar,,,,,,,"ig,bertscore,ot,attention_weighted,dla,attention_standalone,retrieval_mark"
373,bowphs/PhilTa,PhilTa,t5,1,abtt_optimal,hidden,mean,10,0.4170854271356784,0.8944723618090452,0.4170854271356784,,,1135,1136,/projects/beto/irowerojas/localLatin/data/canon_labelled/CTOL.589.3/BAV1341.69r.3.txt,/projects/beto/irowerojas/localLatin/data/canon_labelled/CTOL.589.3/WlfH1062.7r.2.txt,CTOL.589.3,CTOL.589.3,CTOL.589.3,pair_example,1,,,,,rand_similar,,,,,,,"ig,bertscore,ot,attention_weighted,dla,attention_standalone,retrieval_mark"
374,bowphs/PhilTa,PhilTa,t5,1,abtt_optimal,hidden,mean,10,0.4170854271356784,0.8944723618090452,0.4170854271356784,,,638,639,/projects/beto/irowerojas/localLatin/data/canon_labelled/CLAO.300.1/Brn425.24v.4.txt,/projects/beto/irowerojas/localLatin/data/canon_labelled/CLAO.300.1/D1723.528.2.txt,CLAO.300.1,CLAO.300.1,CLAO.300.1,pair_example,1,,,,,rand_similar,,,,,,,"ig,bertscore,ot,attention_weighted,dla,attention_standalone,retrieval_mark"
375,bowphs/PhilTa,PhilTa,t5,1,abtt_optimal,hidden,mean,10,0.4170854271356784,0.8944723618090452,0.4170854271356784,,,570,571,/projects/beto/irowerojas/localLatin/data/canon_labelled/CGAN.355.4/D1723.557.3.txt,/projects/beto/irowerojas/localLatin/data/canon_labelled/CGAN.355.4/Hat42.164v.3.txt,CGAN.355.4,CGAN.355.4,CGAN.355.4,pair_example,1,,,,,rand_similar,,,,,,,"ig,bertscore,ot,attention_weighted,dla,attention_standalone,retrieval_mark"
376,bowphs/PhilTa,PhilTa,t5,1,abtt_optimal,hidden,mean,10,0.4170854271356784,0.8944723618090452,0.4170854271356784,,,1541,1540,/projects/beto/irowerojas/localLatin/data/canon_labelled/Can.apost.45/KoeD213.9v.5.txt,/projects/beto/irowerojas/localLatin/data/canon_labelled/Can.apost.45/Hat42.148v.4.txt,Can.apost.45,Can.apost.45,Can.apost.45,pair_example,1,,,,,rand_similar,,,,,,,"ig,bertscore,ot,attention_weighted,dla,attention_standalone,retrieval_mark"
377,bowphs/PhilTa,PhilTa,t5,1,abtt_optimal,hidden,mean,10,0.4170854271356784,0.8944723618090452,0.4170854271356784,,,1397,1395,/projects/beto/irowerojas/localLatin/data/canon_labelled/Can.apost.2/KoeD213.4v.5.txt,/projects/beto/irowerojas/localLatin/data/canon_labelled/Can.apost.2/C1525.4r.24.txt,Can.apost.2,Can.apost.2,Can.apost.2,pair_example,1,,,,,rand_similar,,,,,,,"ig,bertscore,ot,attention_weighted,dla,attention_standalone,retrieval_mark"
378,bowphs/PhilTa,PhilTa,t5,1,abtt_optimal,hidden,mean,10,0.4170854271356784,0.8944723618090452,0.4170854271356784,,,51,52,/projects/beto/irowerojas/localLatin/data/canon_labelled/CAGD.506.44/Brn425.56v.4.txt,/projects/beto/irowerojas/localLatin/data/canon_labelled/CAGD.506.44/D1723.556.5.txt,CAGD.506.44,CAGD.506.44,CAGD.506.44,pair_example,1,,,,,rand_similar,,,,,,,"ig,bertscore,ot,attention_weighted,dla,attention_standalone,retrieval_mark"
379,bowphs/PhilTa,PhilTa,t5,1,abtt_optimal,hidden,mean,10,0.4170854271356784,0.8944723618090452,0.4170854271356784,,,1387,1384,/projects/beto/irowerojas/localLatin/data/canon_labelled/Can.apost.18/KoeD213.6v.1.txt,/projects/beto/irowerojas/localLatin/data/canon_labelled/Can.apost.18/BAV1341.7r.12.txt,Can.apost.18,Can.apost.18,Can.apost.18,pair_example,1,,,,,rand_similar,,,,,,,"ig,bertscore,ot,attention_weighted,dla,attention_standalone,retrieval_mark"
380,bowphs/PhilTa,PhilTa,t5,1,abtt_optimal,hidden,mean,10,0.4170854271356784,0.8944723618090452,0.4170854271356784,,,869,875,/projects/beto/irowerojas/localLatin/data/canon_labelled/CNIC.325.3/BN1454.46v.3.txt,/projects/beto/irowerojas/localLatin/data/canon_labelled/CNIC.325.3/KoeD213.12r.1.txt,CNIC.325.3,CNIC.325.3,CNIC.325.3,pair_example,1,,,,,rand_similar,,,,,,,"ig,bertscore,ot,attention_weighted,dla,attention_standalone,retrieval_mark"
381,bowphs/PhilTa,PhilTa,t5,1,abtt_optimal,hidden,mean,10,0.4170854271356784,0.8944723618090452,0.4170854271356784,,,830,832,/projects/beto/irowerojas/localLatin/data/canon_labelled/CNIC.325.16/BN1454.48v.3.txt,/projects/beto/irowerojas/localLatin/data/canon_labelled/CNIC.325.16/BN2123.86r.1.txt,CNIC.325.16,CNIC.325.16,CNIC.325.16,pair_example,1,,,,,rand_similar,,,,,,,"ig,bertscore,ot,attention_weighted,dla,attention_standalone,retrieval_mark"
382,bowphs/PhilTa,PhilTa,t5,1,abtt_optimal,hidden,mean,10,0.4170854271356784,0.8944723618090452,0.4170854271356784,,,90,86,/projects/beto/irowerojas/localLatin/data/canon_labelled/CANC.314.11/KoeD213.22v.2.txt,/projects/beto/irowerojas/localLatin/data/canon_labelled/CANC.314.11/BAV1341.11v.7.txt,CANC.314.11,CANC.314.11,CANC.314.11,pair_example,1,,,,,rand_similar,,,,,,,"ig,bertscore,ot,attention_weighted,dla,attention_standalone,retrieval_mark"
383,bowphs/PhilTa,PhilTa,t5,1,abtt_optimal,hidden,mean,10,0.4170854271356784,0.8944723618090452,0.4170854271356784,,,1488,1485,/projects/beto/irowerojas/localLatin/data/canon_labelled/Can.apost.36/KoeD213.8r.2.txt,/projects/beto/irowerojas/localLatin/data/canon_labelled/Can.apost.36/BAV1341.7v.6.txt,Can.apost.36,Can.apost.36,Can.apost.36,pair_example,1,,,,,rand_similar,,,,,,,"ig,bertscore,ot,attention_weighted,dla,attention_standalone,retrieval_mark"
384,bowphs/PhilTa,PhilTa,t5,1,abtt_optimal,hidden,mean,10,0.4170854271356784,0.8944723618090452,0.4170854271356784,,,111,107,/projects/beto/irowerojas/localLatin/data/canon_labelled/CANC.314.15/D1723.525.2.txt,/projects/beto/irowerojas/localLatin/data/canon_labelled/CANC.314.15/BAV1341.12r.2.txt,CANC.314.15,CANC.314.15,CANC.314.15,pair_example,1,,,,,rand_similar,,,,,,,"ig,bertscore,ot,attention_weighted,dla,attention_standalone,retrieval_mark"
385,bowphs/PhilTa,PhilTa,t5,1,abtt_optimal,hidden,mean,10,0.4170854271356784,0.8944723618090452,0.4170854271356784,,,763,765,/projects/beto/irowerojas/localLatin/data/canon_labelled/CNEO.315.5/BAV1341.12v.20.txt,/projects/beto/irowerojas/localLatin/data/canon_labelled/CNEO.315.5/C1525.22v.5.txt,CNEO.315.5,CNEO.315.5,CNEO.315.5,pair_example,1,,,,,rand_similar,,,,,,,"ig,bertscore,ot,attention_weighted,dla,attention_standalone,retrieval_mark"
386,bowphs/PhilTa,PhilTa,t5,1,abtt_optimal,hidden,mean,10,0.4170854271356784,0.8944723618090452,0.4170854271356784,,,1451,1452,/projects/beto/irowerojas/localLatin/data/canon_labelled/Can.apost.3/C1525.4v.1.txt,/projects/beto/irowerojas/localLatin/data/canon_labelled/Can.apost.3/Hat42.144r.3.txt,Can.apost.3,Can.apost.3,Can.apost.3,pair_example,1,,,,,rand_similar,,,,,,,"ig,bertscore,ot,attention_weighted,dla,attention_standalone,retrieval_mark"
387,bowphs/PhilTa,PhilTa,t5,1,abtt_optimal,hidden,mean,10,0.4170854271356784,0.8944723618090452,0.4170854271356784,,,1522,1524,/projects/beto/irowerojas/localLatin/data/canon_labelled/Can.apost.42/BAV1341.7v.12.txt,/projects/beto/irowerojas/localLatin/data/canon_labelled/Can.apost.42/C1525.7r.4.txt,Can.apost.42,Can.apost.42,Can.apost.42,pair_example,1,,,,,rand_similar,,,,,,,"ig,bertscore,ot,attention_weighted,dla,attention_standalone,retrieval_mark"
388,bowphs/PhilTa,PhilTa,t5,1,abtt_optimal,hidden,mean,10,0.4170854271356784,0.8944723618090452,0.4170854271356784,,,766,767,/projects/beto/irowerojas/localLatin/data/canon_labelled/CNEO.315.5/Hat42.161r.2.txt,/projects/beto/irowerojas/localLatin/data/canon_labelled/CNEO.315.5/KoeD213.26r.1.txt,CNEO.315.5,CNEO.315.5,CNEO.315.5,pair_example,1,,,,,rand_similar,,,,,,,"ig,bertscore,ot,attention_weighted,dla,attention_standalone,retrieval_mark"
389,bowphs/PhilTa,PhilTa,t5,1,abtt_optimal,hidden,mean,10,0.4170854271356784,0.8944723618090452,0.4170854271356784,,,100,101,/projects/beto/irowerojas/localLatin/data/canon_labelled/CANC.314.13/Hat42.158r.4.txt,/projects/beto/irowerojas/localLatin/data/canon_labelled/CANC.314.13/KoeD213.22v.4.txt,CANC.314.13,CANC.314.13,CANC.314.13,pair_example,1,,,,,rand_similar,,,,,,,"ig,bertscore,ot,attention_weighted,dla,attention_standalone,retrieval_mark"
390,bowphs/PhilTa,PhilTa,t5,1,abtt_optimal,hidden,mean,10,0.4170854271356784,0.8944723618090452,0.4170854271356784,,,1528,1531,/projects/beto/irowerojas/localLatin/data/canon_labelled/Can.apost.43/BAV1341.7v.13.txt,/projects/beto/irowerojas/localLatin/data/canon_labelled/Can.apost.43/KoeD213.9v.3.txt,Can.apost.43,Can.apost.43,Can.apost.43,pair_example,1,,,,,rand_similar,,,,,,,"ig,bertscore,ot,attention_weighted,dla,attention_standalone,retrieval_mark"
391,bowphs/PhilTa,PhilTa,t5,1,abtt_optimal,hidden,mean,10,0.4170854271356784,0.8944723618090452,0.4170854271356784,,,596,599,/projects/beto/irowerojas/localLatin/data/canon_labelled/CGAN.355.9/BN1454.59v.8.txt,/projects/beto/irowerojas/localLatin/data/canon_labelled/CGAN.355.9/KoeD213.29v.7.txt,CGAN.355.9,CGAN.355.9,CGAN.355.9,pair_example,1,,,,,rand_similar,,,,,,,"ig,bertscore,ot,attention_weighted,dla,attention_standalone,retrieval_mark"
392,bowphs/PhilTa,PhilTa,t5,1,abtt_optimal,hidden,mean,10,0.4170854271356784,0.8944723618090452,0.4170854271356784,,,129,130,/projects/beto/irowerojas/localLatin/data/canon_labelled/CANC.314.18/C1525.21r.1.txt,/projects/beto/irowerojas/localLatin/data/canon_labelled/CANC.314.18/D1723.547.5.txt,CANC.314.18,CANC.314.18,CANC.314.18,pair_example,1,,,,,rand_similar,,,,,,,"ig,bertscore,ot,attention_weighted,dla,attention_standalone,retrieval_mark"
393,bowphs/PhilTa,PhilTa,t5,1,abtt_optimal,hidden,mean,10,0.4170854271356784,0.8944723618090452,0.4170854271356784,,,854,856,/projects/beto/irowerojas/localLatin/data/canon_labelled/CNIC.325.19/C1525.13v.1.txt,/projects/beto/irowerojas/localLatin/data/canon_labelled/CNIC.325.19/KoeD213.15v.2.txt,CNIC.325.19,CNIC.325.19,CNIC.325.19,pair_example,1,,,,,rand_similar,,,,,,,"ig,bertscore,ot,attention_weighted,dla,attention_standalone,retrieval_mark"
394,bowphs/PhilTa,PhilTa,t5,1,abtt_optimal,hidden,mean,10,0.4170854271356784,0.8944723618090452,0.4170854271356784,,,1533,1535,/projects/beto/irowerojas/localLatin/data/canon_labelled/Can.apost.44/BAV1341.7v.14.txt,/projects/beto/irowerojas/localLatin/data/canon_labelled/Can.apost.44/Hat42.148v.3.txt,Can.apost.44,Can.apost.44,Can.apost.44,pair_example,1,,,,,rand_similar,,,,,,,"ig,bertscore,ot,attention_weighted,dla,attention_standalone,retrieval_mark"
395,bowphs/PhilTa,PhilTa,t5,1,abtt_optimal,hidden,mean,10,0.4170854271356784,0.8944723618090452,0.4170854271356784,,,896,895,/projects/beto/irowerojas/localLatin/data/canon_labelled/CNIC.325.6/Hat42.152r.1.txt,/projects/beto/irowerojas/localLatin/data/canon_labelled/CNIC.325.6/C1525.11v.3.txt,CNIC.325.6,CNIC.325.6,CNIC.325.6,pair_example,1,,,,,rand_similar,,,,,,,"ig,bertscore,ot,attention_weighted,dla,attention_standalone,retrieval_mark"
396,bowphs/PhilTa,PhilTa,t5,1,abtt_optimal,hidden,mean,10,0.4170854271356784,0.8944723618090452,0.4170854271356784,,,20,21,/projects/beto/irowerojas/localLatin/data/canon_labelled/CAGD.506.15/Brn425.14v.1.txt,/projects/beto/irowerojas/localLatin/data/canon_labelled/CAGD.506.15/D1723.519.6.txt,CAGD.506.15,CAGD.506.15,CAGD.506.15,pair_example,1,,,,,rand_similar,,,,,,,"ig,bertscore,ot,attention_weighted,dla,attention_standalone,retrieval_mark"
397,bowphs/PhilTa,PhilTa,t5,1,abtt_optimal,hidden,mean,10,0.4170854271356784,0.8944723618090452,0.4170854271356784,,,773,771,/projects/beto/irowerojas/localLatin/data/canon_labelled/CNEO.315.6/Hat42.161r.3.txt,/projects/beto/irowerojas/localLatin/data/canon_labelled/CNEO.315.6/C1525.22v.6.txt,CNEO.315.6,CNEO.315.6,CNEO.315.6,pair_example,1,,,,,rand_similar,,,,,,,"ig,bertscore,ot,attention_weighted,dla,attention_standalone,retrieval_mark"
398,bowphs/PhilTa,PhilTa,t5,1,abtt_optimal,hidden,mean,10,0.4170854271356784,0.8944723618090452,0.4170854271356784,,,182,184,/projects/beto/irowerojas/localLatin/data/canon_labelled/CANC.314.24/D1723.525.6.txt,/projects/beto/irowerojas/localLatin/data/canon_labelled/CANC.314.24/KoeD213.24v.4.txt,CANC.314.24,CANC.314.24,CANC.314.24,pair_example,1,,,,,rand_similar,,,,,,,"ig,bertscore,ot,attention_weighted,dla,attention_standalone,retrieval_mark"
399,bowphs/PhilTa,PhilTa,t5,1,abtt_optimal,hidden,mean,10,0.4170854271356784,0.8944723618090452,0.4170854271356784,,,765,767,/projects/beto/irowerojas/localLatin/data/canon_labelled/CNEO.315.5/C1525.22v.5.txt,/projects/beto/irowerojas/localLatin/data/canon_labelled/CNEO.315.5/KoeD213.26r.1.txt,CNEO.315.5,CNEO.315.5,CNEO.315.5,pair_example,1,,,,,rand_similar,,,,,,,"ig,bertscore,ot,attention_weighted,dla,attention_standalone,retrieval_mark"
400,bowphs/PhilTa,PhilTa,t5,1,abtt_optimal,hidden,mean,10,0.4170854271356784,0.8944723618090452,0.4170854271356784,,,452,451,/projects/beto/irowerojas/localLatin/data/canon_labelled/CCHA.451.16/D1723.525.1.txt,/projects/beto/irowerojas/localLatin/data/canon_labelled/CCHA.451.16/Brn425.21r.1.txt,CCHA.451.16,CCHA.451.16,CCHA.451.16,pair_example,1,,,,,rand_similar,,,,,,,"ig,bertscore,ot,attention_weighted,dla,attention_standalone,retrieval_mark"
401,google/mt5-base,mT5-base,t5,1,abtt_optimal,hidden,mean,10,0.4371859296482412,0.9949748743718592,0.4371859296482412,,,136,138,/projects/beto/irowerojas/localLatin/data/canon_labelled/CANC.314.19/C1525.21r.2.txt,/projects/beto/irowerojas/localLatin/data/canon_labelled/CANC.314.19/Hat42.159v.1.txt,CANC.314.19,CANC.314.19,CANC.314.19,pair_example,1,,,,,rand_similar,,,,,,,"ig,bertscore,ot,attention_weighted,dla,attention_standalone,retrieval_mark"
402,google/mt5-base,mT5-base,t5,1,abtt_optimal,hidden,mean,10,0.4371859296482412,0.9949748743718592,0.4371859296482412,,,1493,1492,/projects/beto/irowerojas/localLatin/data/canon_labelled/Can.apost.37/Hat42.147v.2.txt,/projects/beto/irowerojas/localLatin/data/canon_labelled/Can.apost.37/C1525.6v.5.txt,Can.apost.37,Can.apost.37,Can.apost.37,pair_example,1,,,,,rand_similar,,,,,,,"ig,bertscore,ot,attention_weighted,dla,attention_standalone,retrieval_mark"
403,google/mt5-base,mT5-base,t5,1,abtt_optimal,hidden,mean,10,0.4371859296482412,0.9949748743718592,0.4371859296482412,,,1510,1507,/projects/beto/irowerojas/localLatin/data/canon_labelled/Can.apost.4/Vat5845.7r.7.txt,/projects/beto/irowerojas/localLatin/data/canon_labelled/Can.apost.4/C1525.4v.2.txt,Can.apost.4,Can.apost.4,Can.apost.4,pair_example,1,,,,,rand_similar,,,,,,,"ig,bertscore,ot,attention_weighted,dla,attention_standalone,retrieval_mark"
404,google/mt5-base,mT5-base,t5,1,abtt_optimal,hidden,mean,10,0.4371859296482412,0.9949748743718592,0.4371859296482412,,,137,135,/projects/beto/irowerojas/localLatin/data/canon_labelled/CANC.314.19/D1723.525.4.txt,/projects/beto/irowerojas/localLatin/data/canon_labelled/CANC.314.19/Brn425.21v.2.txt,CANC.314.19,CANC.314.19,CANC.314.19,pair_example,1,,,,,rand_similar,,,,,,,"ig,bertscore,ot,attention_weighted,dla,attention_standalone,retrieval_mark"
405,google/mt5-base,mT5-base,t5,1,abtt_optimal,hidden,mean,10,0.4371859296482412,0.9949748743718592,0.4371859296482412,,,1305,1303,/projects/beto/irowerojas/localLatin/data/canon_labelled/CVAI.442.2/D1723.521.3.txt,/projects/beto/irowerojas/localLatin/data/canon_labelled/CVAI.442.2/BAV1341.50v.2.txt,CVAI.442.2,CVAI.442.2,CVAI.442.2,pair_example,1,,,,,rand_similar,,,,,,,"ig,bertscore,ot,attention_weighted,dla,attention_standalone,retrieval_mark"
406,google/mt5-base,mT5-base,t5,1,abtt_optimal,hidden,mean,10,0.4371859296482412,0.9949748743718592,0.4371859296482412,,,540,538,/projects/beto/irowerojas/localLatin/data/canon_labelled/CGAN.355.16/Hat42.165v.4.txt,/projects/beto/irowerojas/localLatin/data/canon_labelled/CGAN.355.16/BN1454.60r.4.txt,CGAN.355.16,CGAN.355.16,CGAN.355.16,pair_example,1,,,,,rand_similar,,,,,,,"ig,bertscore,ot,attention_weighted,dla,attention_standalone,retrieval_mark"
407,google/mt5-base,mT5-base,t5,1,abtt_optimal,hidden,mean,10,0.4371859296482412,0.9949748743718592,0.4371859296482412,,,947,946,/projects/beto/irowerojas/localLatin/data/canon_labelled/CORA.441.5/BAV1341.49v.16.txt,/projects/beto/irowerojas/localLatin/data/canon_labelled/CORA.441.5/BAV1341.49v.15.txt,CORA.441.5,CORA.441.5,CORA.441.5,pair_example,1,,,,,rand_similar,,,,,,,"ig,bertscore,ot,attention_weighted,dla,attention_standalone,retrieval_mark"
408,google/mt5-base,mT5-base,t5,1,abtt_optimal,hidden,mean,10,0.4371859296482412,0.9949748743718592,0.4371859296482412,,,296,298,/projects/beto/irowerojas/localLatin/data/canon_labelled/CANT.328.23/BAV1341.18r.4.txt,/projects/beto/irowerojas/localLatin/data/canon_labelled/CANT.328.23/Hat42.172v.2.txt,CANT.328.23,CANT.328.23,CANT.328.23,pair_example,1,,,,,rand_similar,,,,,,,"ig,bertscore,ot,attention_weighted,dla,attention_standalone,retrieval_mark"
409,google/mt5-base,mT5-base,t5,1,abtt_optimal,hidden,mean,10,0.4371859296482412,0.9949748743718592,0.4371859296482412,,,553,554,/projects/beto/irowerojas/localLatin/data/canon_labelled/CGAN.355.19/C1525.26r.2.txt,/projects/beto/irowerojas/localLatin/data/canon_labelled/CGAN.355.19/Hat42.165v.7.txt,CGAN.355.19,CGAN.355.19,CGAN.355.19,pair_example,1,,,,,rand_similar,,,,,,,"ig,bertscore,ot,attention_weighted,dla,attention_standalone,retrieval_mark"
410,google/mt5-base,mT5-base,t5,1,abtt_optimal,hidden,mean,10,0.4371859296482412,0.9949748743718592,0.4371859296482412,,,1503,1504,/projects/beto/irowerojas/localLatin/data/canon_labelled/Can.apost.39/Hat42.148r.1.txt,/projects/beto/irowerojas/localLatin/data/canon_labelled/Can.apost.39/KoeD213.8v.2.txt,Can.apost.39,Can.apost.39,Can.apost.39,pair_example,1,,,,,rand_similar,,,,,,,"ig,bertscore,ot,attention_weighted,dla,attention_standalone,retrieval_mark"
411,google/mt5-base,mT5-base,t5,1,abtt_optimal,hidden,mean,10,0.4371859296482412,0.9949748743718592,0.4371859296482412,,,1531,1530,/projects/beto/irowerojas/localLatin/data/canon_labelled/Can.apost.43/KoeD213.9v.3.txt,/projects/beto/irowerojas/localLatin/data/canon_labelled/Can.apost.43/Hat42.148v.2.txt,Can.apost.43,Can.apost.43,Can.apost.43,pair_example,1,,,,,rand_similar,,,,,,,"ig,bertscore,ot,attention_weighted,dla,attention_standalone,retrieval_mark"
412,google/mt5-base,mT5-base,t5,1,abtt_optimal,hidden,mean,10,0.4371859296482412,0.9949748743718592,0.4371859296482412,,,60,61,/projects/beto/irowerojas/localLatin/data/canon_labelled/CAGD.506.52/Brn425.64v.5.txt,/projects/beto/irowerojas/localLatin/data/canon_labelled/CAGD.506.52/D1723.563.8.txt,CAGD.506.52,CAGD.506.52,CAGD.506.52,pair_example,1,,,,,rand_similar,,,,,,,"ig,bertscore,ot,attention_weighted,dla,attention_standalone,retrieval_mark"
413,google/mt5-base,mT5-base,t5,1,abtt_optimal,hidden,mean,10,0.4371859296482412,0.9949748743718592,0.4371859296482412,,,1478,1479,/projects/beto/irowerojas/localLatin/data/canon_labelled/Can.apost.34/KoeD213.7v.4.txt,/projects/beto/irowerojas/localLatin/data/canon_labelled/Can.apost.34/Vat5845.9r.3.txt,Can.apost.34,Can.apost.34,Can.apost.34,pair_example,1,,,,,rand_similar,,,,,,,"ig,bertscore,ot,attention_weighted,dla,attention_standalone,retrieval_mark"
414,google/mt5-base,mT5-base,t5,1,abtt_optimal,hidden,mean,10,0.4371859296482412,0.9949748743718592,0.4371859296482412,,,377,378,/projects/beto/irowerojas/localLatin/data/canon_labelled/CARL.501?.18/Brn425.36r.2.txt,/projects/beto/irowerojas/localLatin/data/canon_labelled/CARL.501?.18/D1723.538.5.txt,CARL.501?.18,CARL.501?.18,CARL.501?.18,pair_example,1,,,,,rand_similar,,,,,,,"ig,bertscore,ot,attention_weighted,dla,attention_standalone,retrieval_mark"
415,google/mt5-base,mT5-base,t5,1,abtt_optimal,hidden,mean,10,0.4371859296482412,0.9949748743718592,0.4371859296482412,,,332,330,/projects/beto/irowerojas/localLatin/data/canon_labelled/CANT.328.8/Brn425.64r.1.txt,/projects/beto/irowerojas/localLatin/data/canon_labelled/CANT.328.8/BN2123.86v.3.txt,CANT.328.8,CANT.328.8,CANT.328.8,pair_example,1,,,,,rand_similar,,,,,,,"ig,bertscore,ot,attention_weighted,dla,attention_standalone,retrieval_mark"
416,google/mt5-base,mT5-base,t5,1,abtt_optimal,hidden,mean,10,0.4371859296482412,0.9949748743718592,0.4371859296482412,,,1540,1541,/projects/beto/irowerojas/localLatin/data/canon_labelled/Can.apost.45/Hat42.148v.4.txt,/projects/beto/irowerojas/localLatin/data/canon_labelled/Can.apost.45/KoeD213.9v.5.txt,Can.apost.45,Can.apost.45,Can.apost.45,pair_example,1,,,,,rand_similar,,,,,,,"ig,bertscore,ot,attention_weighted,dla,attention_standalone,retrieval_mark"
417,google/mt5-base,mT5-base,t5,1,abtt_optimal,hidden,mean,10,0.4371859296482412,0.9949748743718592,0.4371859296482412,,,571,569,/projects/beto/irowerojas/localLatin/data/canon_labelled/CGAN.355.4/Hat42.164v.3.txt,/projects/beto/irowerojas/localLatin/data/canon_labelled/CGAN.355.4/C1525.25r.1.txt,CGAN.355.4,CGAN.355.4,CGAN.355.4,pair_example,1,,,,,rand_similar,,,,,,,"ig,bertscore,ot,attention_weighted,dla,attention_standalone,retrieval_mark"
418,google/mt5-base,mT5-base,t5,1,abtt_optimal,hidden,mean,10,0.4371859296482412,0.9949748743718592,0.4371859296482412,,,1470,1472,/projects/beto/irowerojas/localLatin/data/canon_labelled/Can.apost.33/BAV1341.7v.3.txt,/projects/beto/irowerojas/localLatin/data/canon_labelled/Can.apost.33/Hat42.147r.3.txt,Can.apost.33,Can.apost.33,Can.apost.33,pair_example,1,,,,,rand_similar,,,,,,,"ig,bertscore,ot,attention_weighted,dla,attention_standalone,retrieval_mark"
419,google/mt5-base,mT5-base,t5,1,abtt_optimal,hidden,mean,10,0.4371859296482412,0.9949748743718592,0.4371859296482412,,,832,836,/projects/beto/irowerojas/localLatin/data/canon_labelled/CNIC.325.16/BN2123.86r.1.txt,/projects/beto/irowerojas/localLatin/data/canon_labelled/CNIC.325.16/D1723.556.6.txt,CNIC.325.16,CNIC.325.16,CNIC.325.16,pair_example,1,,,,,rand_similar,,,,,,,"ig,bertscore,ot,attention_weighted,dla,attention_standalone,retrieval_mark"
420,google/mt5-base,mT5-base,t5,1,abtt_optimal,hidden,mean,10,0.4371859296482412,0.9949748743718592,0.4371859296482412,,,931,930,/projects/beto/irowerojas/localLatin/data/canon_labelled/CORA.441.2/Brn425.55v.11.txt,/projects/beto/irowerojas/localLatin/data/canon_labelled/CORA.441.2/BN2123.89r.4.txt,CORA.441.2,CORA.441.2,CORA.441.2,pair_example,1,,,,,rand_similar,,,,,,,"ig,bertscore,ot,attention_weighted,dla,attention_standalone,retrieval_mark"
421,google/mt5-base,mT5-base,t5,1,abtt_optimal,hidden,mean,10,0.4371859296482412,0.9949748743718592,0.4371859296482412,,,844,845,/projects/beto/irowerojas/localLatin/data/canon_labelled/CNIC.325.18/BN1454.49r.1.txt,/projects/beto/irowerojas/localLatin/data/canon_labelled/CNIC.325.18/BN2123.87v.8.txt,CNIC.325.18,CNIC.325.18,CNIC.325.18,pair_example,1,,,,,rand_similar,,,,,,,"ig,bertscore,ot,attention_weighted,dla,attention_standalone,retrieval_mark"
422,google/mt5-base,mT5-base,t5,1,abtt_optimal,hidden,mean,10,0.4371859296482412,0.9949748743718592,0.4371859296482412,,,995,994,/projects/beto/irowerojas/localLatin/data/canon_labelled/CORL.511.27/BN2123.91r.8.txt,/projects/beto/irowerojas/localLatin/data/canon_labelled/CORL.511.27/BAV1341.55v.1.txt,CORL.511.27,CORL.511.27,CORL.511.27,pair_example,1,,,,,rand_similar,,,,,,,"ig,bertscore,ot,attention_weighted,dla,attention_standalone,retrieval_mark"
423,google/mt5-base,mT5-base,t5,1,abtt_optimal,hidden,mean,10,0.4371859296482412,0.9949748743718592,0.4371859296482412,,,201,200,/projects/beto/irowerojas/localLatin/data/canon_labelled/CANC.314.5/BN1454.56v.6.txt,/projects/beto/irowerojas/localLatin/data/canon_labelled/CANC.314.5/BAV1341.11v.1.txt,CANC.314.5,CANC.314.5,CANC.314.5,pair_example,1,,,,,rand_similar,,,,,,,"ig,bertscore,ot,attention_weighted,dla,attention_standalone,retrieval_mark"
424,google/mt5-base,mT5-base,t5,1,abtt_optimal,hidden,mean,10,0.4371859296482412,0.9949748743718592,0.4371859296482412,,,70,71,/projects/beto/irowerojas/localLatin/data/canon_labelled/CAGD.506.63/Brn425.28v.3.txt,/projects/beto/irowerojas/localLatin/data/canon_labelled/CAGD.506.63/D1723.531.11.txt,CAGD.506.63,CAGD.506.63,CAGD.506.63,pair_example,1,,,,,rand_similar,,,,,,,"ig,bertscore,ot,attention_weighted,dla,attention_standalone,retrieval_mark"
425,google/mt5-base,mT5-base,t5,1,abtt_optimal,hidden,mean,10,0.4371859296482412,0.9949748743718592,0.4371859296482412,,,906,908,/projects/beto/irowerojas/localLatin/data/canon_labelled/CNIC.325.9/BN1454.47v.3.txt,/projects/beto/irowerojas/localLatin/data/canon_labelled/CNIC.325.9/C1525.12r.3.txt,CNIC.325.9,CNIC.325.9,CNIC.325.9,pair_example,1,,,,,rand_similar,,,,,,,"ig,bertscore,ot,attention_weighted,dla,attention_standalone,retrieval_mark"
426,google/mt5-base,mT5-base,t5,1,abtt_optimal,hidden,mean,10,0.4371859296482412,0.9949748743718592,0.4371859296482412,,,63,64,/projects/beto/irowerojas/localLatin/data/canon_labelled/CAGD.506.55/Brn425.55v.8.txt,/projects/beto/irowerojas/localLatin/data/canon_labelled/CAGD.506.55/D1723.555.9.txt,CAGD.506.55,CAGD.506.55,CAGD.506.55,pair_example,1,,,,,rand_similar,,,,,,,"ig,bertscore,ot,attention_weighted,dla,attention_standalone,retrieval_mark"
427,google/mt5-base,mT5-base,t5,1,abtt_optimal,hidden,mean,10,0.4371859296482412,0.9949748743718592,0.4371859296482412,,,1456,1459,/projects/beto/irowerojas/localLatin/data/canon_labelled/Can.apost.30/C1525.6r.5.txt,/projects/beto/irowerojas/localLatin/data/canon_labelled/Can.apost.30/Vat5845.8v.7.txt,Can.apost.30,Can.apost.30,Can.apost.30,pair_example,1,,,,,rand_similar,,,,,,,"ig,bertscore,ot,attention_weighted,dla,attention_standalone,retrieval_mark"
428,google/mt5-base,mT5-base,t5,1,abtt_optimal,hidden,mean,10,0.4371859296482412,0.9949748743718592,0.4371859296482412,,,259,258,/projects/beto/irowerojas/localLatin/data/canon_labelled/CANT.328.16/Brn425.64r.3.txt,/projects/beto/irowerojas/localLatin/data/canon_labelled/CANT.328.16/BAV1341.17v.6.txt,CANT.328.16,CANT.328.16,CANT.328.16,pair_example,1,,,,,rand_similar,,,,,,,"ig,bertscore,ot,attention_weighted,dla,attention_standalone,retrieval_mark"
429,google/mt5-base,mT5-base,t5,1,abtt_optimal,hidden,mean,10,0.4371859296482412,0.9949748743718592,0.4371859296482412,,,1454,1452,/projects/beto/irowerojas/localLatin/data/canon_labelled/Can.apost.3/Vat5845.7r.6.txt,/projects/beto/irowerojas/localLatin/data/canon_labelled/Can.apost.3/Hat42.144r.3.txt,Can.apost.3,Can.apost.3,Can.apost.3,pair_example,1,,,,,rand_similar,,,,,,,"ig,bertscore,ot,attention_weighted,dla,attention_standalone,retrieval_mark"
430,google/mt5-base,mT5-base,t5,1,abtt_optimal,hidden,mean,10,0.4371859296482412,0.9949748743718592,0.4371859296482412,,,104,103,/projects/beto/irowerojas/localLatin/data/canon_labelled/CANC.314.14/C1525.20v.1.txt,/projects/beto/irowerojas/localLatin/data/canon_labelled/CANC.314.14/BN1454.57v.1.txt,CANC.314.14,CANC.314.14,CANC.314.14,pair_example,1,,,,,rand_similar,,,,,,,"ig,bertscore,ot,attention_weighted,dla,attention_standalone,retrieval_mark"
431,google/mt5-base,mT5-base,t5,1,abtt_optimal,hidden,mean,10,0.4371859296482412,0.9949748743718592,0.4371859296482412,,,466,467,/projects/beto/irowerojas/localLatin/data/canon_labelled/CCHA.451.26/Brn425.39r.1.txt,/projects/beto/irowerojas/localLatin/data/canon_labelled/CCHA.451.26/D1723.541.1.txt,CCHA.451.26,CCHA.451.26,CCHA.451.26,pair_example,1,,,,,rand_similar,,,,,,,"ig,bertscore,ot,attention_weighted,dla,attention_standalone,retrieval_mark"
432,google/mt5-base,mT5-base,t5,1,abtt_optimal,hidden,mean,10,0.4371859296482412,0.9949748743718592,0.4371859296482412,,,1479,1475,/projects/beto/irowerojas/localLatin/data/canon_labelled/Can.apost.34/Vat5845.9r.3.txt,/projects/beto/irowerojas/localLatin/data/canon_labelled/Can.apost.34/BAV1341.7v.4.txt,Can.apost.34,Can.apost.34,Can.apost.34,pair_example,1,,,,,rand_similar,,,,,,,"ig,bertscore,ot,attention_weighted,dla,attention_standalone,retrieval_mark"
433,google/mt5-base,mT5-base,t5,1,abtt_optimal,hidden,mean,10,0.4371859296482412,0.9949748743718592,0.4371859296482412,,,1431,1434,/projects/beto/irowerojas/localLatin/data/canon_labelled/Can.apost.26/C1525.6r.1.txt,/projects/beto/irowerojas/localLatin/data/canon_labelled/Can.apost.26/Vat5845.8v.3.txt,Can.apost.26,Can.apost.26,Can.apost.26,pair_example,1,,,,,rand_similar,,,,,,,"ig,bertscore,ot,attention_weighted,dla,attention_standalone,retrieval_mark"
434,google/mt5-base,mT5-base,t5,1,abtt_optimal,hidden,mean,10,0.4371859296482412,0.9949748743718592,0.4371859296482412,,,1379,1382,/projects/beto/irowerojas/localLatin/data/canon_labelled/Can.apost.17/BAV1341.7r.11.txt,/projects/beto/irowerojas/localLatin/data/canon_labelled/Can.apost.17/KoeD213.6r.3.txt,Can.apost.17,Can.apost.17,Can.apost.17,pair_example,1,,,,,rand_similar,,,,,,,"ig,bertscore,ot,attention_weighted,dla,attention_standalone,retrieval_mark"
435,google/mt5-base,mT5-base,t5,1,abtt_optimal,hidden,mean,10,0.4371859296482412,0.9949748743718592,0.4371859296482412,,,29,30,/projects/beto/irowerojas/localLatin/data/canon_labelled/CAGD.506.26/Brn425.53v.1.txt,/projects/beto/irowerojas/localLatin/data/canon_labelled/CAGD.506.26/D1723.553.1.txt,CAGD.506.26,CAGD.506.26,CAGD.506.26,pair_example,1,,,,,rand_similar,,,,,,,"ig,bertscore,ot,attention_weighted,dla,attention_standalone,retrieval_mark"
436,google/mt5-base,mT5-base,t5,1,abtt_optimal,hidden,mean,10,0.4371859296482412,0.9949748743718592,0.4371859296482412,,,1507,1508,/projects/beto/irowerojas/localLatin/data/canon_labelled/Can.apost.4/C1525.4v.2.txt,/projects/beto/irowerojas/localLatin/data/canon_labelled/Can.apost.4/Hat42.144r.4.txt,Can.apost.4,Can.apost.4,Can.apost.4,pair_example,1,,,,,rand_similar,,,,,,,"ig,bertscore,ot,attention_weighted,dla,attention_standalone,retrieval_mark"
437,google/mt5-base,mT5-base,t5,1,abtt_optimal,hidden,mean,10,0.4371859296482412,0.9949748743718592,0.4371859296482412,,,817,814,/projects/beto/irowerojas/localLatin/data/canon_labelled/CNIC.325.13/C1525.12v.3.txt,/projects/beto/irowerojas/localLatin/data/canon_labelled/CNIC.325.13/BN1454.48r.3.txt,CNIC.325.13,CNIC.325.13,CNIC.325.13,pair_example,1,,,,,rand_similar,,,,,,,"ig,bertscore,ot,attention_weighted,dla,attention_standalone,retrieval_mark"
438,google/mt5-base,mT5-base,t5,1,abtt_optimal,hidden,mean,10,0.4371859296482412,0.9949748743718592,0.4371859296482412,,,702,703,/projects/beto/irowerojas/localLatin/data/canon_labelled/CNEO.315.1/Brn425.20r.3.txt,/projects/beto/irowerojas/localLatin/data/canon_labelled/CNEO.315.1/C1525.22v.1.txt,CNEO.315.1,CNEO.315.1,CNEO.315.1,pair_example,1,,,,,rand_similar,,,,,,,"ig,bertscore,ot,attention_weighted,dla,attention_standalone,retrieval_mark"
439,google/mt5-base,mT5-base,t5,1,abtt_optimal,hidden,mean,10,0.4371859296482412,0.9949748743718592,0.4371859296482412,,,171,170,/projects/beto/irowerojas/localLatin/data/canon_labelled/CANC.314.23/BN1454.58r.5.txt,/projects/beto/irowerojas/localLatin/data/canon_labelled/CANC.314.23/BAV1341.12r.10.txt,CANC.314.23,CANC.314.23,CANC.314.23,pair_example,1,,,,,rand_similar,,,,,,,"ig,bertscore,ot,attention_weighted,dla,attention_standalone,retrieval_mark"
440,google/mt5-base,mT5-base,t5,1,abtt_optimal,hidden,mean,10,0.4371859296482412,0.9949748743718592,0.4371859296482412,,,1308,1306,/projects/beto/irowerojas/localLatin/data/canon_labelled/CVAI.442.3/D1723.555.13.txt,/projects/beto/irowerojas/localLatin/data/canon_labelled/CVAI.442.3/BAV1341.50v.3.txt,CVAI.442.3,CVAI.442.3,CVAI.442.3,pair_example,1,,,,,rand_similar,,,,,,,"ig,bertscore,ot,attention_weighted,dla,attention_standalone,retrieval_mark"
441,google/mt5-base,mT5-base,t5,1,abtt_optimal,hidden,mean,10,0.4371859296482412,0.9949748743718592,0.4371859296482412,,,540,539,/projects/beto/irowerojas/localLatin/data/canon_labelled/CGAN.355.16/Hat42.165v.4.txt,/projects/beto/irowerojas/localLatin/data/canon_labelled/CGAN.355.16/C1525.25v.6.txt,CGAN.355.16,CGAN.355.16,CGAN.355.16,pair_example,1,,,,,rand_similar,,,,,,,"ig,bertscore,ot,attention_weighted,dla,attention_standalone,retrieval_mark"
442,google/mt5-base,mT5-base,t5,1,abtt_optimal,hidden,mean,10,0.4371859296482412,0.9949748743718592,0.4371859296482412,,,553,555,/projects/beto/irowerojas/localLatin/data/canon_labelled/CGAN.355.19/C1525.26r.2.txt,/projects/beto/irowerojas/localLatin/data/canon_labelled/CGAN.355.19/KoeD213.30v.4.txt,CGAN.355.19,CGAN.355.19,CGAN.355.19,pair_example,1,,,,,rand_similar,,,,,,,"ig,bertscore,ot,attention_weighted,dla,attention_standalone,retrieval_mark"
443,google/mt5-base,mT5-base,t5,1,abtt_optimal,hidden,mean,10,0.4371859296482412,0.9949748743718592,0.4371859296482412,,,975,977,/projects/beto/irowerojas/localLatin/data/canon_labelled/CORL.511.2/BN2123.98r.3.txt,/projects/beto/irowerojas/localLatin/data/canon_labelled/CORL.511.2/Brn425.23v.5.txt,CORL.511.2,CORL.511.2,CORL.511.2,pair_example,1,,,,,rand_similar,,,,,,,"ig,bertscore,ot,attention_weighted,dla,attention_standalone,retrieval_mark"
444,google/mt5-base,mT5-base,t5,1,abtt_optimal,hidden,mean,10,0.4371859296482412,0.9949748743718592,0.4371859296482412,,,1583,1581,/projects/beto/irowerojas/localLatin/data/canon_labelled/Can.apost.7/C1525.4v.5.txt,/projects/beto/irowerojas/localLatin/data/canon_labelled/Can.apost.7/BAV1341.7r.1.txt,Can.apost.7,Can.apost.7,Can.apost.7,pair_example,1,,,,,rand_similar,,,,,,,"ig,bertscore,ot,attention_weighted,dla,attention_standalone,retrieval_mark"
445,google/mt5-base,mT5-base,t5,1,abtt_optimal,hidden,mean,10,0.4371859296482412,0.9949748743718592,0.4371859296482412,,,1579,1578,/projects/beto/irowerojas/localLatin/data/canon_labelled/Can.apost.6/KoeD213.5r.2.txt,/projects/beto/irowerojas/localLatin/data/canon_labelled/Can.apost.6/Hat42.144v.1.txt,Can.apost.6,Can.apost.6,Can.apost.6,pair_example,1,,,,,rand_similar,,,,,,,"ig,bertscore,ot,attention_weighted,dla,attention_standalone,retrieval_mark"
446,google/mt5-base,mT5-base,t5,1,abtt_optimal,hidden,mean,10,0.4371859296482412,0.9949748743718592,0.4371859296482412,,,1594,1596,/projects/beto/irowerojas/localLatin/data/canon_labelled/Can.apost.9/Hat42.144v.4.txt,/projects/beto/irowerojas/localLatin/data/canon_labelled/Can.apost.9/Vat5845.7v.1.txt,Can.apost.9,Can.apost.9,Can.apost.9,pair_example,1,,,,,rand_similar,,,,,,,"ig,bertscore,ot,attention_weighted,dla,attention_standalone,retrieval_mark"
447,google/mt5-base,mT5-base,t5,1,abtt_optimal,hidden,mean,10,0.4371859296482412,0.9949748743718592,0.4371859296482412,,,222,220,/projects/beto/irowerojas/localLatin/data/canon_labelled/CANC.314.9/Brn425.55r.5.txt,/projects/beto/irowerojas/localLatin/data/canon_labelled/CANC.314.9/BAV1341.11v.5.txt,CANC.314.9,CANC.314.9,CANC.314.9,pair_example,1,,,,,rand_similar,,,,,,,"ig,bertscore,ot,attention_weighted,dla,attention_standalone,retrieval_mark"
448,google/mt5-base,mT5-base,t5,1,abtt_optimal,hidden,mean,10,0.4371859296482412,0.9949748743718592,0.4371859296482412,,,1398,1396,/projects/beto/irowerojas/localLatin/data/canon_labelled/Can.apost.2/Vat5845.7r.5.txt,/projects/beto/irowerojas/localLatin/data/canon_labelled/Can.apost.2/Hat42.144r.2.txt,Can.apost.2,Can.apost.2,Can.apost.2,pair_example,1,,,,,rand_similar,,,,,,,"ig,bertscore,ot,attention_weighted,dla,attention_standalone,retrieval_mark"
449,google/mt5-base,mT5-base,t5,1,abtt_optimal,hidden,mean,10,0.4371859296482412,0.9949748743718592,0.4371859296482412,,,98,101,/projects/beto/irowerojas/localLatin/data/canon_labelled/CANC.314.13/BN2123.101v.8.txt,/projects/beto/irowerojas/localLatin/data/canon_labelled/CANC.314.13/KoeD213.22v.4.txt,CANC.314.13,CANC.314.13,CANC.314.13,pair_example,1,,,,,rand_similar,,,,,,,"ig,bertscore,ot,attention_weighted,dla,attention_standalone,retrieval_mark"
450,google/mt5-base,mT5-base,t5,1,abtt_optimal,hidden,mean,10,0.4371859296482412,0.9949748743718592,0.4371859296482412,,,646,645,/projects/beto/irowerojas/localLatin/data/canon_labelled/CLAO.300.13/D1723.557.6.txt,/projects/beto/irowerojas/localLatin/data/canon_labelled/CLAO.300.13/Brn425.57v.2.txt,CLAO.300.13,CLAO.300.13,CLAO.300.13,pair_example,1,,,,,rand_similar,,,,,,,"ig,bertscore,ot,attention_weighted,dla,attention_standalone,retrieval_mark"
451,google/mt5-base,mT5-base,t5,1,abtt_optimal,hidden,mean,10,0.4371859296482412,0.9949748743718592,0.4371859296482412,,,1461,1460,/projects/beto/irowerojas/localLatin/data/canon_labelled/Can.apost.31/C1525.6r.6.txt,/projects/beto/irowerojas/localLatin/data/canon_labelled/Can.apost.31/BAV1341.7v.1.txt,Can.apost.31,Can.apost.31,Can.apost.31,pair_example,1,,,,,rand_similar,,,,,,,"ig,bertscore,ot,attention_weighted,dla,attention_standalone,retrieval_mark"
452,google/mt5-base,mT5-base,t5,1,abtt_optimal,hidden,mean,10,0.4371859296482412,0.9949748743718592,0.4371859296482412,,,102,103,/projects/beto/irowerojas/localLatin/data/canon_labelled/CANC.314.14/BAV1341.12r.1.txt,/projects/beto/irowerojas/localLatin/data/canon_labelled/CANC.314.14/BN1454.57v.1.txt,CANC.314.14,CANC.314.14,CANC.314.14,pair_example,1,,,,,rand_similar,,,,,,,"ig,bertscore,ot,attention_weighted,dla,attention_standalone,retrieval_mark"
453,google/mt5-base,mT5-base,t5,1,abtt_optimal,hidden,mean,10,0.4371859296482412,0.9949748743718592,0.4371859296482412,,,1535,1536,/projects/beto/irowerojas/localLatin/data/canon_labelled/Can.apost.44/Hat42.148v.3.txt,/projects/beto/irowerojas/localLatin/data/canon_labelled/Can.apost.44/KoeD213.9v.4.txt,Can.apost.44,Can.apost.44,Can.apost.44,pair_example,1,,,,,rand_similar,,,,,,,"ig,bertscore,ot,attention_weighted,dla,attention_standalone,retrieval_mark"
454,google/mt5-base,mT5-base,t5,1,abtt_optimal,hidden,mean,10,0.4371859296482412,0.9949748743718592,0.4371859296482412,,,102,104,/projects/beto/irowerojas/localLatin/data/canon_labelled/CANC.314.14/BAV1341.12r.1.txt,/projects/beto/irowerojas/localLatin/data/canon_labelled/CANC.314.14/C1525.20v.1.txt,CANC.314.14,CANC.314.14,CANC.314.14,pair_example,1,,,,,rand_similar,,,,,,,"ig,bertscore,ot,attention_weighted,dla,attention_standalone,retrieval_mark"
455,google/mt5-base,mT5-base,t5,1,abtt_optimal,hidden,mean,10,0.4371859296482412,0.9949748743718592,0.4371859296482412,,,577,582,/projects/beto/irowerojas/localLatin/data/canon_labelled/CGAN.355.6/BN1454.59v.5.txt,/projects/beto/irowerojas/localLatin/data/canon_labelled/CGAN.355.6/KoeD213.29v.4.txt,CGAN.355.6,CGAN.355.6,CGAN.355.6,pair_example,1,,,,,rand_similar,,,,,,,"ig,bertscore,ot,attention_weighted,dla,attention_standalone,retrieval_mark"
456,google/mt5-base,mT5-base,t5,1,abtt_optimal,hidden,mean,10,0.4371859296482412,0.9949748743718592,0.4371859296482412,,,289,288,/projects/beto/irowerojas/localLatin/data/canon_labelled/CANT.328.21/D1723.558.5.txt,/projects/beto/irowerojas/localLatin/data/canon_labelled/CANT.328.21/C1525.30r.1.txt,CANT.328.21,CANT.328.21,CANT.328.21,pair_example,1,,,,,rand_similar,,,,,,,"ig,bertscore,ot,attention_weighted,dla,attention_standalone,retrieval_mark"
457,google/mt5-base,mT5-base,t5,1,abtt_optimal,hidden,mean,10,0.4371859296482412,0.9949748743718592,0.4371859296482412,,,912,913,/projects/beto/irowerojas/localLatin/data/canon_labelled/CORA.441.1/BAV1341.49v.12.txt,/projects/beto/irowerojas/localLatin/data/canon_labelled/CORA.441.1/Brn425.19r.3.txt,CORA.441.1,CORA.441.1,CORA.441.1,pair_example,1,,,,,rand_similar,,,,,,,"ig,bertscore,ot,attention_weighted,dla,attention_standalone,retrieval_mark"
458,google/mt5-base,mT5-base,t5,1,abtt_optimal,hidden,mean,10,0.4371859296482412,0.9949748743718592,0.4371859296482412,,,452,451,/projects/beto/irowerojas/localLatin/data/canon_labelled/CCHA.451.16/D1723.525.1.txt,/projects/beto/irowerojas/localLatin/data/canon_labelled/CCHA.451.16/Brn425.21r.1.txt,CCHA.451.16,CCHA.451.16,CCHA.451.16,pair_example,1,,,,,rand_similar,,,,,,,"ig,bertscore,ot,attention_weighted,dla,attention_standalone,retrieval_mark"
459,google/mt5-base,mT5-base,t5,1,abtt_optimal,hidden,mean,10,0.4371859296482412,0.9949748743718592,0.4371859296482412,,,1279,1280,/projects/beto/irowerojas/localLatin/data/canon_labelled/CTOL.655.6/BAV1341.94v.4.txt,/projects/beto/irowerojas/localLatin/data/canon_labelled/CTOL.655.6/WlfH1062.13v.1.txt,CTOL.655.6,CTOL.655.6,CTOL.655.6,pair_example,1,,,,,rand_similar,,,,,,,"ig,bertscore,ot,attention_weighted,dla,attention_standalone,retrieval_mark"
460,google/mt5-base,mT5-base,t5,1,abtt_optimal,hidden,mean,10,0.4371859296482412,0.9949748743718592,0.4371859296482412,,,929,930,/projects/beto/irowerojas/localLatin/data/canon_labelled/CORA.441.2/BAV1341.49v.11.txt,/projects/beto/irowerojas/localLatin/data/canon_labelled/CORA.441.2/BN2123.89r.4.txt,CORA.441.2,CORA.441.2,CORA.441.2,pair_example,1,,,,,rand_similar,,,,,,,"ig,bertscore,ot,attention_weighted,dla,attention_standalone,retrieval_mark"
461,google/mt5-base,mT5-base,t5,1,abtt_optimal,hidden,mean,10,0.4371859296482412,0.9949748743718592,0.4371859296482412,,,38,39,/projects/beto/irowerojas/localLatin/data/canon_labelled/CAGD.506.37/Brn425.27v.2.txt,/projects/beto/irowerojas/localLatin/data/canon_labelled/CAGD.506.37/D1723.530.11.txt,CAGD.506.37,CAGD.506.37,CAGD.506.37,pair_example,1,,,,,rand_similar,,,,,,,"ig,bertscore,ot,attention_weighted,dla,attention_standalone,retrieval_mark"
462,google/mt5-base,mT5-base,t5,1,abtt_optimal,hidden,mean,10,0.4371859296482412,0.9949748743718592,0.4371859296482412,,,1563,1558,/projects/beto/irowerojas/localLatin/data/canon_labelled/Can.apost.49/Vat5845.10v.1.txt,/projects/beto/irowerojas/localLatin/data/canon_labelled/Can.apost.49/BAV1341.7v.19.txt,Can.apost.49,Can.apost.49,Can.apost.49,pair_example,1,,,,,rand_similar,,,,,,,"ig,bertscore,ot,attention_weighted,dla,attention_standalone,retrieval_mark"
463,google/mt5-base,mT5-base,t5,1,abtt_optimal,hidden,mean,10,0.4371859296482412,0.9949748743718592,0.4371859296482412,,,52,51,/projects/beto/irowerojas/localLatin/data/canon_labelled/CAGD.506.44/D1723.556.5.txt,/projects/beto/irowerojas/localLatin/data/canon_labelled/CAGD.506.44/Brn425.56v.4.txt,CAGD.506.44,CAGD.506.44,CAGD.506.44,pair_example,1,,,,,rand_similar,,,,,,,"ig,bertscore,ot,attention_weighted,dla,attention_standalone,retrieval_mark"
464,google/mt5-base,mT5-base,t5,1,abtt_optimal,hidden,mean,10,0.4371859296482412,0.9949748743718592,0.4371859296482412,,,21,20,/projects/beto/irowerojas/localLatin/data/canon_labelled/CAGD.506.15/D1723.519.6.txt,/projects/beto/irowerojas/localLatin/data/canon_labelled/CAGD.506.15/Brn425.14v.1.txt,CAGD.506.15,CAGD.506.15,CAGD.506.15,pair_example,1,,,,,rand_similar,,,,,,,"ig,bertscore,ot,attention_weighted,dla,attention_standalone,retrieval_mark"
465,google/mt5-base,mT5-base,t5,1,abtt_optimal,hidden,mean,10,0.4371859296482412,0.9949748743718592,0.4371859296482412,,,1448,1449,/projects/beto/irowerojas/localLatin/data/canon_labelled/Can.apost.29/KoeD213.7r.4.txt,/projects/beto/irowerojas/localLatin/data/canon_labelled/Can.apost.29/Vat5845.8v.6.txt,Can.apost.29,Can.apost.29,Can.apost.29,pair_example,1,,,,,rand_similar,,,,,,,"ig,bertscore,ot,attention_weighted,dla,attention_standalone,retrieval_mark"
466,google/mt5-base,mT5-base,t5,1,abtt_optimal,hidden,mean,10,0.4371859296482412,0.9949748743718592,0.4371859296482412,,,1374,1376,/projects/beto/irowerojas/localLatin/data/canon_labelled/Can.apost.16/BAV1341.7r.10.txt,/projects/beto/irowerojas/localLatin/data/canon_labelled/Can.apost.16/Hat42.145v.2.txt,Can.apost.16,Can.apost.16,Can.apost.16,pair_example,1,,,,,rand_similar,,,,,,,"ig,bertscore,ot,attention_weighted,dla,attention_standalone,retrieval_mark"
467,google/mt5-base,mT5-base,t5,1,abtt_optimal,hidden,mean,10,0.4371859296482412,0.9949748743718592,0.4371859296482412,,,774,770,/projects/beto/irowerojas/localLatin/data/canon_labelled/CNEO.315.6/KoeD213.26r.2.txt,/projects/beto/irowerojas/localLatin/data/canon_labelled/CNEO.315.6/Brn425.44r.5.txt,CNEO.315.6,CNEO.315.6,CNEO.315.6,pair_example,1,,,,,rand_similar,,,,,,,"ig,bertscore,ot,attention_weighted,dla,attention_standalone,retrieval_mark"
468,google/mt5-base,mT5-base,t5,1,abtt_optimal,hidden,mean,10,0.4371859296482412,0.9949748743718592,0.4371859296482412,,,868,865,/projects/beto/irowerojas/localLatin/data/canon_labelled/CNIC.325.20/KoeD213.16r.2.txt,/projects/beto/irowerojas/localLatin/data/canon_labelled/CNIC.325.20/C1525.13v.2.txt,CNIC.325.20,CNIC.325.20,CNIC.325.20,pair_example,1,,,,,rand_similar,,,,,,,"ig,bertscore,ot,attention_weighted,dla,attention_standalone,retrieval_mark"
469,google/mt5-base,mT5-base,t5,1,abtt_optimal,hidden,mean,10,0.4371859296482412,0.9949748743718592,0.4371859296482412,,,37,36,/projects/beto/irowerojas/localLatin/data/canon_labelled/CAGD.506.35/D1723.539.3.txt,/projects/beto/irowerojas/localLatin/data/canon_labelled/CAGD.506.35/Brn425.36v.5.txt,CAGD.506.35,CAGD.506.35,CAGD.506.35,pair_example,1,,,,,rand_similar,,,,,,,"ig,bertscore,ot,attention_weighted,dla,attention_standalone,retrieval_mark"
470,google/mt5-base,mT5-base,t5,1,abtt_optimal,hidden,mean,10,0.4371859296482412,0.9949748743718592,0.4371859296482412,,,182,184,/projects/beto/irowerojas/localLatin/data/canon_labelled/CANC.314.24/D1723.525.6.txt,/projects/beto/irowerojas/localLatin/data/canon_labelled/CANC.314.24/KoeD213.24v.4.txt,CANC.314.24,CANC.314.24,CANC.314.24,pair_example,1,,,,,rand_similar,,,,,,,"ig,bertscore,ot,attention_weighted,dla,attention_standalone,retrieval_mark"
471,google/mt5-base,mT5-base,t5,1,abtt_optimal,hidden,mean,10,0.4371859296482412,0.9949748743718592,0.4371859296482412,,,1449,1446,/projects/beto/irowerojas/localLatin/data/canon_labelled/Can.apost.29/Vat5845.8v.6.txt,/projects/beto/irowerojas/localLatin/data/canon_labelled/Can.apost.29/C1525.6r.4.txt,Can.apost.29,Can.apost.29,Can.apost.29,pair_example,1,,,,,rand_similar,,,,,,,"ig,bertscore,ot,attention_weighted,dla,attention_standalone,retrieval_mark"
472,google/mt5-base,mT5-base,t5,1,abtt_optimal,hidden,mean,10,0.4371859296482412,0.9949748743718592,0.4371859296482412,,,861,862,/projects/beto/irowerojas/localLatin/data/canon_labelled/CNIC.325.2/C1525.11r.2.txt,/projects/beto/irowerojas/localLatin/data/canon_labelled/CNIC.325.2/Hat42.150v.2.txt,CNIC.325.2,CNIC.325.2,CNIC.325.2,pair_example,1,,,,,rand_similar,,,,,,,"ig,bertscore,ot,attention_weighted,dla,attention_standalone,retrieval_mark"
473,google/mt5-base,mT5-base,t5,1,abtt_optimal,hidden,mean,10,0.4371859296482412,0.9949748743718592,0.4371859296482412,,,88,89,/projects/beto/irowerojas/localLatin/data/canon_labelled/CANC.314.11/C1525.20r.3.txt,/projects/beto/irowerojas/localLatin/data/canon_labelled/CANC.314.11/Hat42.158r.2.txt,CANC.314.11,CANC.314.11,CANC.314.11,pair_example,1,,,,,rand_similar,,,,,,,"ig,bertscore,ot,attention_weighted,dla,attention_standalone,retrieval_mark"
474,google/mt5-base,mT5-base,t5,1,abtt_optimal,hidden,mean,10,0.4371859296482412,0.9949748743718592,0.4371859296482412,,,829,828,/projects/beto/irowerojas/localLatin/data/canon_labelled/CNIC.325.15/KoeD213.15r.2.txt,/projects/beto/irowerojas/localLatin/data/canon_labelled/CNIC.325.15/Hat42.153v.3.txt,CNIC.325.15,CNIC.325.15,CNIC.325.15,pair_example,1,,,,,rand_similar,,,,,,,"ig,bertscore,ot,attention_weighted,dla,attention_standalone,retrieval_mark"
475,google/mt5-base,mT5-base,t5,1,abtt_optimal,hidden,mean,10,0.4371859296482412,0.9949748743718592,0.4371859296482412,,,554,555,/projects/beto/irowerojas/localLatin/data/canon_labelled/CGAN.355.19/Hat42.165v.7.txt,/projects/beto/irowerojas/localLatin/data/canon_labelled/CGAN.355.19/KoeD213.30v.4.txt,CGAN.355.19,CGAN.355.19,CGAN.355.19,pair_example,1,,,,,rand_similar,,,,,,,"ig,bertscore,ot,attention_weighted,dla,attention_standalone,retrieval_mark"
476,google/mt5-base,mT5-base,t5,1,abtt_optimal,hidden,mean,10,0.4371859296482412,0.9949748743718592,0.4371859296482412,,,111,107,/projects/beto/irowerojas/localLatin/data/canon_labelled/CANC.314.15/D1723.525.2.txt,/projects/beto/irowerojas/localLatin/data/canon_labelled/CANC.314.15/BAV1341.12r.2.txt,CANC.314.15,CANC.314.15,CANC.314.15,pair_example,1,,,,,rand_similar,,,,,,,"ig,bertscore,ot,attention_weighted,dla,attention_standalone,retrieval_mark"
477,google/mt5-base,mT5-base,t5,1,abtt_optimal,hidden,mean,10,0.4371859296482412,0.9949748743718592,0.4371859296482412,,,1382,1381,/projects/beto/irowerojas/localLatin/data/canon_labelled/Can.apost.17/KoeD213.6r.3.txt,/projects/beto/irowerojas/localLatin/data/canon_labelled/Can.apost.17/Hat42.145v.3.txt,Can.apost.17,Can.apost.17,Can.apost.17,pair_example,1,,,,,rand_similar,,,,,,,"ig,bertscore,ot,attention_weighted,dla,attention_standalone,retrieval_mark"
478,google/mt5-base,mT5-base,t5,1,abtt_optimal,hidden,mean,10,0.4371859296482412,0.9949748743718592,0.4371859296482412,,,821,822,/projects/beto/irowerojas/localLatin/data/canon_labelled/CNIC.325.14/BN1454.48v.1.txt,/projects/beto/irowerojas/localLatin/data/canon_labelled/CNIC.325.14/C1525.12v.4.txt,CNIC.325.14,CNIC.325.14,CNIC.325.14,pair_example,1,,,,,rand_similar,,,,,,,"ig,bertscore,ot,attention_weighted,dla,attention_standalone,retrieval_mark"
479,google/mt5-base,mT5-base,t5,1,abtt_optimal,hidden,mean,10,0.4371859296482412,0.9949748743718592,0.4371859296482412,,,752,753,/projects/beto/irowerojas/localLatin/data/canon_labelled/CNEO.315.3/BAV1341.12v.18.txt,/projects/beto/irowerojas/localLatin/data/canon_labelled/CNEO.315.3/BN1454.58v.1.txt,CNEO.315.3,CNEO.315.3,CNEO.315.3,pair_example,1,,,,,rand_similar,,,,,,,"ig,bertscore,ot,attention_weighted,dla,attention_standalone,retrieval_mark"
480,google/mt5-base,mT5-base,t5,1,abtt_optimal,hidden,mean,10,0.4371859296482412,0.9949748743718592,0.4371859296482412,,,997,996,/projects/beto/irowerojas/localLatin/data/canon_labelled/CORL.511.28/BN2123.91v.1.txt,/projects/beto/irowerojas/localLatin/data/canon_labelled/CORL.511.28/BAV1341.55v.2.txt,CORL.511.28,CORL.511.28,CORL.511.28,pair_example,1,,,,,rand_similar,,,,,,,"ig,bertscore,ot,attention_weighted,dla,attention_standalone,retrieval_mark"
481,google/mt5-base,mT5-base,t5,1,abtt_optimal,hidden,mean,10,0.4371859296482412,0.9949748743718592,0.4371859296482412,,,952,953,/projects/beto/irowerojas/localLatin/data/canon_labelled/CORL.511.1/BAV1341.54v.16.txt,/projects/beto/irowerojas/localLatin/data/canon_labelled/CORL.511.1/CamCC279.68.1.txt,CORL.511.1,CORL.511.1,CORL.511.1,pair_example,1,,,,,rand_similar,,,,,,,"ig,bertscore,ot,attention_weighted,dla,attention_standalone,retrieval_mark"
482,google/mt5-base,mT5-base,t5,1,abtt_optimal,hidden,mean,10,0.4371859296482412,0.9949748743718592,0.4371859296482412,,,1263,1262,/projects/beto/irowerojas/localLatin/data/canon_labelled/CTOL.655.1/WlfH1062.12v.1.txt,/projects/beto/irowerojas/localLatin/data/canon_labelled/CTOL.655.1/BAV1341.94r.18.txt,CTOL.655.1,CTOL.655.1,CTOL.655.1,pair_example,1,,,,,rand_similar,,,,,,,"ig,bertscore,ot,attention_weighted,dla,attention_standalone,retrieval_mark"
483,google/mt5-base,mT5-base,t5,1,abtt_optimal,hidden,mean,10,0.4371859296482412,0.9949748743718592,0.4371859296482412,,,475,474,/projects/beto/irowerojas/localLatin/data/canon_labelled/CCHA.451.5/D1723.551.5.txt,/projects/beto/irowerojas/localLatin/data/canon_labelled/CCHA.451.5/Brn425.51v.6.txt,CCHA.451.5,CCHA.451.5,CCHA.451.5,pair_example,1,,,,,rand_similar,,,,,,,"ig,bertscore,ot,attention_weighted,dla,attention_standalone,retrieval_mark"
484,google/mt5-base,mT5-base,t5,1,abtt_optimal,hidden,mean,10,0.4371859296482412,0.9949748743718592,0.4371859296482412,,,590,595,/projects/beto/irowerojas/localLatin/data/canon_labelled/CGAN.355.8/BN1454.59v.7.txt,/projects/beto/irowerojas/localLatin/data/canon_labelled/CGAN.355.8/KoeD213.29v.6.txt,CGAN.355.8,CGAN.355.8,CGAN.355.8,pair_example,1,,,,,rand_similar,,,,,,,"ig,bertscore,ot,attention_weighted,dla,attention_standalone,retrieval_mark"
485,google/mt5-base,mT5-base,t5,1,abtt_optimal,hidden,mean,10,0.4371859296482412,0.9949748743718592,0.4371859296482412,,,819,817,/projects/beto/irowerojas/localLatin/data/canon_labelled/CNIC.325.13/Hat42.153v.1.txt,/projects/beto/irowerojas/localLatin/data/canon_labelled/CNIC.325.13/C1525.12v.3.txt,CNIC.325.13,CNIC.325.13,CNIC.325.13,pair_example,1,,,,,rand_similar,,,,,,,"ig,bertscore,ot,attention_weighted,dla,attention_standalone,retrieval_mark"
486,google/mt5-base,mT5-base,t5,1,abtt_optimal,hidden,mean,10,0.4371859296482412,0.9949748743718592,0.4371859296482412,,,854,856,/projects/beto/irowerojas/localLatin/data/canon_labelled/CNIC.325.19/C1525.13v.1.txt,/projects/beto/irowerojas/localLatin/data/canon_labelled/CNIC.325.19/KoeD213.15v.2.txt,CNIC.325.19,CNIC.325.19,CNIC.325.19,pair_example,1,,,,,rand_similar,,,,,,,"ig,bertscore,ot,attention_weighted,dla,attention_standalone,retrieval_mark"
487,google/mt5-base,mT5-base,t5,1,abtt_optimal,hidden,mean,10,0.4371859296482412,0.9949748743718592,0.4371859296482412,,,1374,1378,/projects/beto/irowerojas/localLatin/data/canon_labelled/Can.apost.16/BAV1341.7r.10.txt,/projects/beto/irowerojas/localLatin/data/canon_labelled/Can.apost.16/Vat5845.8r.1.txt,Can.apost.16,Can.apost.16,Can.apost.16,pair_example,1,,,,,rand_similar,,,,,,,"ig,bertscore,ot,attention_weighted,dla,attention_standalone,retrieval_mark"
488,google/mt5-base,mT5-base,t5,1,abtt_optimal,hidden,mean,10,0.4371859296482412,0.9949748743718592,0.4371859296482412,,,100,101,/projects/beto/irowerojas/localLatin/data/canon_labelled/CANC.314.13/Hat42.158r.4.txt,/projects/beto/irowerojas/localLatin/data/canon_labelled/CANC.314.13/KoeD213.22v.4.txt,CANC.314.13,CANC.314.13,CANC.314.13,pair_example,1,,,,,rand_similar,,,,,,,"ig,bertscore,ot,attention_weighted,dla,attention_standalone,retrieval_mark"
489,google/mt5-base,mT5-base,t5,1,abtt_optimal,hidden,mean,10,0.4371859296482412,0.9949748743718592,0.4371859296482412,,,480,479,/projects/beto/irowerojas/localLatin/data/canon_labelled/CCHA.451.7/D1723.524.10.txt,/projects/beto/irowerojas/localLatin/data/canon_labelled/CCHA.451.7/Brn425.20v.3.txt,CCHA.451.7,CCHA.451.7,CCHA.451.7,pair_example,1,,,,,rand_similar,,,,,,,"ig,bertscore,ot,attention_weighted,dla,attention_standalone,retrieval_mark"
490,google/mt5-base,mT5-base,t5,1,abtt_optimal,hidden,mean,10,0.4371859296482412,0.9949748743718592,0.4371859296482412,,,991,992,/projects/beto/irowerojas/localLatin/data/canon_labelled/CORL.511.26/BN2123.90v.3.txt,/projects/beto/irowerojas/localLatin/data/canon_labelled/CORL.511.26/Brn425.43v.2.txt,CORL.511.26,CORL.511.26,CORL.511.26,pair_example,1,,,,,rand_similar,,,,,,,"ig,bertscore,ot,attention_weighted,dla,attention_standalone,retrieval_mark"
491,google/mt5-base,mT5-base,t5,1,abtt_optimal,hidden,mean,10,0.4371859296482412,0.9949748743718592,0.4371859296482412,,,140,143,/projects/beto/irowerojas/localLatin/data/canon_labelled/CANC.314.2/BAV1341.11r.10.txt,/projects/beto/irowerojas/localLatin/data/canon_labelled/CANC.314.2/Hat42.156r.2.txt,CANC.314.2,CANC.314.2,CANC.314.2,pair_example,1,,,,,rand_similar,,,,,,,"ig,bertscore,ot,attention_weighted,dla,attention_standalone,retrieval_mark"
492,google/mt5-base,mT5-base,t5,1,abtt_optimal,hidden,mean,10,0.4371859296482412,0.9949748743718592,0.4371859296482412,,,1528,1530,/projects/beto/irowerojas/localLatin/data/canon_labelled/Can.apost.43/BAV1341.7v.13.txt,/projects/beto/irowerojas/localLatin/data/canon_labelled/Can.apost.43/Hat42.148v.2.txt,Can.apost.43,Can.apost.43,Can.apost.43,pair_example,1,,,,,rand_similar,,,,,,,"ig,bertscore,ot,attention_weighted,dla,attention_standalone,retrieval_mark"
493,google/mt5-base,mT5-base,t5,1,abtt_optimal,hidden,mean,10,0.4371859296482412,0.9949748743718592,0.4371859296482412,,,1117,1116,/projects/beto/irowerojas/localLatin/data/canon_labelled/CTOL.527.5/BAVPal575.6r.4.txt,/projects/beto/irowerojas/localLatin/data/canon_labelled/CTOL.527.5/BAV1341.64r.3.txt,CTOL.527.5,CTOL.527.5,CTOL.527.5,pair_example,1,,,,,rand_similar,,,,,,,"ig,bertscore,ot,attention_weighted,dla,attention_standalone,retrieval_mark"
494,google/mt5-base,mT5-base,t5,1,abtt_optimal,hidden,mean,10,0.4371859296482412,0.9949748743718592,0.4371859296482412,,,870,869,/projects/beto/irowerojas/localLatin/data/canon_labelled/CNIC.325.3/BN2123.96v.8.txt,/projects/beto/irowerojas/localLatin/data/canon_labelled/CNIC.325.3/BN1454.46v.3.txt,CNIC.325.3,CNIC.325.3,CNIC.325.3,pair_example,1,,,,,rand_similar,,,,,,,"ig,bertscore,ot,attention_weighted,dla,attention_standalone,retrieval_mark"
495,google/mt5-base,mT5-base,t5,1,abtt_optimal,hidden,mean,10,0.4371859296482412,0.9949748743718592,0.4371859296482412,,,929,931,/projects/beto/irowerojas/localLatin/data/canon_labelled/CORA.441.2/BAV1341.49v.11.txt,/projects/beto/irowerojas/localLatin/data/canon_labelled/CORA.441.2/Brn425.55v.11.txt,CORA.441.2,CORA.441.2,CORA.441.2,pair_example,1,,,,,rand_similar,,,,,,,"ig,bertscore,ot,attention_weighted,dla,attention_standalone,retrieval_mark"
496,google/mt5-base,mT5-base,t5,1,abtt_optimal,hidden,mean,10,0.4371859296482412,0.9949748743718592,0.4371859296482412,,,755,752,/projects/beto/irowerojas/localLatin/data/canon_labelled/CNEO.315.3/C1525.22v.3.txt,/projects/beto/irowerojas/localLatin/data/canon_labelled/CNEO.315.3/BAV1341.12v.18.txt,CNEO.315.3,CNEO.315.3,CNEO.315.3,pair_example,1,,,,,rand_similar,,,,,,,"ig,bertscore,ot,attention_weighted,dla,attention_standalone,retrieval_mark"
497,google/mt5-base,mT5-base,t5,1,abtt_optimal,hidden,mean,10,0.4371859296482412,0.9949748743718592,0.4371859296482412,,,1197,1196,/projects/beto/irowerojas/localLatin/data/canon_labelled/CTOL.633.52/WlfH1062.11v.2.txt,/projects/beto/irowerojas/localLatin/data/canon_labelled/CTOL.633.52/BAV1341.76r.1.txt,CTOL.633.52,CTOL.633.52,CTOL.633.52,pair_example,1,,,,,rand_similar,,,,,,,"ig,bertscore,ot,attention_weighted,dla,attention_standalone,retrieval_mark"
498,google/mt5-base,mT5-base,t5,1,abtt_optimal,hidden,mean,10,0.4371859296482412,0.9949748743718592,0.4371859296482412,,,661,660,/projects/beto/irowerojas/localLatin/data/canon_labelled/CLAO.300.32/D1723.524.2.txt,/projects/beto/irowerojas/localLatin/data/canon_labelled/CLAO.300.32/Brn425.19v.3.txt,CLAO.300.32,CLAO.300.32,CLAO.300.32,pair_example,1,,,,,rand_similar,,,,,,,"ig,bertscore,ot,attention_weighted,dla,attention_standalone,retrieval_mark"
499,google/mt5-base,mT5-base,t5,1,abtt_optimal,hidden,mean,10,0.4371859296482412,0.9949748743718592,0.4371859296482412,,,287,289,/projects/beto/irowerojas/localLatin/data/canon_labelled/CANT.328.21/Brn425.59r.1.txt,/projects/beto/irowerojas/localLatin/data/canon_labelled/CANT.328.21/D1723.558.5.txt,CANT.328.21,CANT.328.21,CANT.328.21,pair_example,1,,,,,rand_similar,,,,,,,"ig,bertscore,ot,attention_weighted,dla,attention_standalone,retrieval_mark"
500,google/mt5-base,mT5-base,t5,1,abtt_optimal,hidden,mean,10,0.4371859296482412,0.9949748743718592,0.4371859296482412,,,1573,1574,/projects/beto/irowerojas/localLatin/data/canon_labelled/Can.apost.50/KoeD213.10r.3.txt,/projects/beto/irowerojas/localLatin/data/canon_labelled/Can.apost.50/Vat5845.10v.2.txt,Can.apost.50,Can.apost.50,Can.apost.50,pair_example,1,,,,,rand_similar,,,,,,,"ig,bertscore,ot,attention_weighted,dla,attention_standalone,retrieval_mark"
501,google/mt5-base,mT5-base,t5,1,abtt_optimal,hidden,mean,10,0.4371859296482412,0.9949748743718592,0.4371859296482412,,,1573,1570,/projects/beto/irowerojas/localLatin/data/canon_labelled/Can.apost.50/KoeD213.10r.3.txt,/projects/beto/irowerojas/localLatin/data/canon_labelled/Can.apost.50/BN2123.89r.6.txt,Can.apost.50,Can.apost.50,Can.apost.50,pair_example,1,,,,,rand_similar,,,,,,,"ig,bertscore,ot,attention_weighted,dla,attention_standalone,retrieval_mark"
502,google/mt5-base,mT5-base,t5,1,abtt_optimal,hidden,mean,10,0.4371859296482412,0.9949748743718592,0.4371859296482412,,,155,156,/projects/beto/irowerojas/localLatin/data/canon_labelled/CANC.314.21/BN1454.58r.3.txt,/projects/beto/irowerojas/localLatin/data/canon_labelled/CANC.314.21/BN2123.100v.7.txt,CANC.314.21,CANC.314.21,CANC.314.21,pair_example,1,,,,,rand_similar,,,,,,,"ig,bertscore,ot,attention_weighted,dla,attention_standalone,retrieval_mark"
503,google/mt5-base,mT5-base,t5,1,abtt_optimal,hidden,mean,10,0.4371859296482412,0.9949748743718592,0.4371859296482412,,,808,811,/projects/beto/irowerojas/localLatin/data/canon_labelled/CNIC.325.12/BN2123.100r.5.txt,/projects/beto/irowerojas/localLatin/data/canon_labelled/CNIC.325.12/D1723.522.3.txt,CNIC.325.12,CNIC.325.12,CNIC.325.12,pair_example,1,,,,,rand_similar,,,,,,,"ig,bertscore,ot,attention_weighted,dla,attention_standalone,retrieval_mark"
504,google/mt5-base,mT5-base,t5,1,abtt_optimal,hidden,mean,10,0.4371859296482412,0.9949748743718592,0.4371859296482412,,,1596,1592,/projects/beto/irowerojas/localLatin/data/canon_labelled/Can.apost.9/Vat5845.7v.1.txt,/projects/beto/irowerojas/localLatin/data/canon_labelled/Can.apost.9/BAV1341.7r.3.txt,Can.apost.9,Can.apost.9,Can.apost.9,pair_example,1,,,,,rand_similar,,,,,,,"ig,bertscore,ot,attention_weighted,dla,attention_standalone,retrieval_mark"
505,google/mt5-base,mT5-base,t5,1,abtt_optimal,hidden,mean,10,0.4371859296482412,0.9949748743718592,0.4371859296482412,,,1458,1456,/projects/beto/irowerojas/localLatin/data/canon_labelled/Can.apost.30/KoeD213.7r.5.txt,/projects/beto/irowerojas/localLatin/data/canon_labelled/Can.apost.30/C1525.6r.5.txt,Can.apost.30,Can.apost.30,Can.apost.30,pair_example,1,,,,,rand_similar,,,,,,,"ig,bertscore,ot,attention_weighted,dla,attention_standalone,retrieval_mark"
506,google/mt5-base,mT5-base,t5,1,abtt_optimal,hidden,mean,10,0.4371859296482412,0.9949748743718592,0.4371859296482412,,,1189,1190,/projects/beto/irowerojas/localLatin/data/canon_labelled/CTOL.633.49/BAV1341.75v.12.txt,/projects/beto/irowerojas/localLatin/data/canon_labelled/CTOL.633.49/WlfH1062.10v.2.txt,CTOL.633.49,CTOL.633.49,CTOL.633.49,pair_example,1,,,,,rand_similar,,,,,,,"ig,bertscore,ot,attention_weighted,dla,attention_standalone,retrieval_mark"
507,google/mt5-base,mT5-base,t5,1,abtt_optimal,hidden,mean,10,0.4371859296482412,0.9949748743718592,0.4371859296482412,,,1347,1343,/projects/beto/irowerojas/localLatin/data/canon_labelled/Can.apost.10/KoeD213.5v.1.txt,/projects/beto/irowerojas/localLatin/data/canon_labelled/Can.apost.10/BAV1341.7r.4.txt,Can.apost.10,Can.apost.10,Can.apost.10,pair_example,1,,,,,rand_similar,,,,,,,"ig,bertscore,ot,attention_weighted,dla,attention_standalone,retrieval_mark"
508,google/mt5-base,mT5-base,t5,1,abtt_optimal,hidden,mean,10,0.4371859296482412,0.9949748743718592,0.4371859296482412,,,819,816,/projects/beto/irowerojas/localLatin/data/canon_labelled/CNIC.325.13/Hat42.153v.1.txt,/projects/beto/irowerojas/localLatin/data/canon_labelled/CNIC.325.13/Brn425.15v.4.txt,CNIC.325.13,CNIC.325.13,CNIC.325.13,pair_example,1,,,,,rand_similar,,,,,,,"ig,bertscore,ot,attention_weighted,dla,attention_standalone,retrieval_mark"
509,google/mt5-base,mT5-base,t5,1,abtt_optimal,hidden,mean,10,0.4371859296482412,0.9949748743718592,0.4371859296482412,,,560,563,/projects/beto/irowerojas/localLatin/data/canon_labelled/CGAN.355.20/BN1454.60r.8.txt,/projects/beto/irowerojas/localLatin/data/canon_labelled/CGAN.355.20/KoeD213.30v.5.txt,CGAN.355.20,CGAN.355.20,CGAN.355.20,pair_example,1,,,,,rand_similar,,,,,,,"ig,bertscore,ot,attention_weighted,dla,attention_standalone,retrieval_mark"
510,google/mt5-base,mT5-base,t5,1,abtt_optimal,hidden,mean,10,0.4371859296482412,0.9949748743718592,0.4371859296482412,,,228,227,/projects/beto/irowerojas/localLatin/data/canon_labelled/CANT.328.1/C1525.27r.6.txt,/projects/beto/irowerojas/localLatin/data/canon_labelled/CANT.328.1/BAV1341.16v.26.txt,CANT.328.1,CANT.328.1,CANT.328.1,pair_example,1,,,,,rand_similar,,,,,,,"ig,bertscore,ot,attention_weighted,dla,attention_standalone,retrieval_mark"
511,google/mt5-base,mT5-base,t5,1,abtt_optimal,hidden,mean,10,0.4371859296482412,0.9949748743718592,0.4371859296482412,,,69,68,/projects/beto/irowerojas/localLatin/data/canon_labelled/CAGD.506.62/D1723.530.12.txt,/projects/beto/irowerojas/localLatin/data/canon_labelled/CAGD.506.62/Brn425.27v.3.txt,CAGD.506.62,CAGD.506.62,CAGD.506.62,pair_example,1,,,,,rand_similar,,,,,,,"ig,bertscore,ot,attention_weighted,dla,attention_standalone,retrieval_mark"
512,google/mt5-base,mT5-base,t5,1,abtt_optimal,hidden,mean,10,0.4371859296482412,0.9949748743718592,0.4371859296482412,,,100,96,/projects/beto/irowerojas/localLatin/data/canon_labelled/CANC.314.13/Hat42.158r.4.txt,/projects/beto/irowerojas/localLatin/data/canon_labelled/CANC.314.13/BAV1341.11v.9.txt,CANC.314.13,CANC.314.13,CANC.314.13,pair_example,1,,,,,rand_similar,,,,,,,"ig,bertscore,ot,attention_weighted,dla,attention_standalone,retrieval_mark"
513,google/mt5-base,mT5-base,t5,1,abtt_optimal,hidden,mean,10,0.4371859296482412,0.9949748743718592,0.4371859296482412,,,963,964,/projects/beto/irowerojas/localLatin/data/canon_labelled/CORL.511.16/BAV1341.55r.4.txt,/projects/beto/irowerojas/localLatin/data/canon_labelled/CORL.511.16/BN2123.93r.8.txt,CORL.511.16,CORL.511.16,CORL.511.16,pair_example,1,,,,,rand_similar,,,,,,,"ig,bertscore,ot,attention_weighted,dla,attention_standalone,retrieval_mark"
514,google/mt5-base,mT5-base,t5,1,abtt_optimal,hidden,mean,10,0.4371859296482412,0.9949748743718592,0.4371859296482412,,,889,886,/projects/beto/irowerojas/localLatin/data/canon_labelled/CNIC.325.5/KoeD213.12r.3.txt,/projects/beto/irowerojas/localLatin/data/canon_labelled/CNIC.325.5/BN2123.76r.3.txt,CNIC.325.5,CNIC.325.5,CNIC.325.5,pair_example,1,,,,,rand_similar,,,,,,,"ig,bertscore,ot,attention_weighted,dla,attention_standalone,retrieval_mark"
515,google/mt5-base,mT5-base,t5,1,abtt_optimal,hidden,mean,10,0.4371859296482412,0.9949748743718592,0.4371859296482412,,,96,98,/projects/beto/irowerojas/localLatin/data/canon_labelled/CANC.314.13/BAV1341.11v.9.txt,/projects/beto/irowerojas/localLatin/data/canon_labelled/CANC.314.13/BN2123.101v.8.txt,CANC.314.13,CANC.314.13,CANC.314.13,pair_example,1,,,,,rand_similar,,,,,,,"ig,bertscore,ot,attention_weighted,dla,attention_standalone,retrieval_mark"
516,google/mt5-base,mT5-base,t5,1,abtt_optimal,hidden,mean,10,0.4371859296482412,0.9949748743718592,0.4371859296482412,,,805,803,/projects/beto/irowerojas/localLatin/data/canon_labelled/CNIC.325.11/Hat42.153r.1.txt,/projects/beto/irowerojas/localLatin/data/canon_labelled/CNIC.325.11/C1525.12v.1.txt,CNIC.325.11,CNIC.325.11,CNIC.325.11,pair_example,1,,,,,rand_similar,,,,,,,"ig,bertscore,ot,attention_weighted,dla,attention_standalone,retrieval_mark"
517,google/mt5-base,mT5-base,t5,1,abtt_optimal,hidden,mean,10,0.4371859296482412,0.9949748743718592,0.4371859296482412,,,596,599,/projects/beto/irowerojas/localLatin/data/canon_labelled/CGAN.355.9/BN1454.59v.8.txt,/projects/beto/irowerojas/localLatin/data/canon_labelled/CGAN.355.9/KoeD213.29v.7.txt,CGAN.355.9,CGAN.355.9,CGAN.355.9,pair_example,1,,,,,rand_similar,,,,,,,"ig,bertscore,ot,attention_weighted,dla,attention_standalone,retrieval_mark"
518,google/mt5-base,mT5-base,t5,1,abtt_optimal,hidden,mean,10,0.4371859296482412,0.9949748743718592,0.4371859296482412,,,247,246,/projects/beto/irowerojas/localLatin/data/canon_labelled/CANT.328.13/C1525.29r.1.txt,/projects/beto/irowerojas/localLatin/data/canon_labelled/CANT.328.13/Brn425.58v.1.txt,CANT.328.13,CANT.328.13,CANT.328.13,pair_example,1,,,,,rand_similar,,,,,,,"ig,bertscore,ot,attention_weighted,dla,attention_standalone,retrieval_mark"
519,google/mt5-base,mT5-base,t5,1,abtt_optimal,hidden,mean,10,0.4371859296482412,0.9949748743718592,0.4371859296482412,,,265,263,/projects/beto/irowerojas/localLatin/data/canon_labelled/CANT.328.17/C1525.29v.1.txt,/projects/beto/irowerojas/localLatin/data/canon_labelled/CANT.328.17/BAV1341.17v.7.txt,CANT.328.17,CANT.328.17,CANT.328.17,pair_example,1,,,,,rand_similar,,,,,,,"ig,bertscore,ot,attention_weighted,dla,attention_standalone,retrieval_mark"
520,google/mt5-base,mT5-base,t5,1,abtt_optimal,hidden,mean,10,0.4371859296482412,0.9949748743718592,0.4371859296482412,,,235,236,/projects/beto/irowerojas/localLatin/data/canon_labelled/CANT.328.11/BAV1341.17v.1.txt,/projects/beto/irowerojas/localLatin/data/canon_labelled/CANT.328.11/Brn425.35r.1.txt,CANT.328.11,CANT.328.11,CANT.328.11,pair_example,1,,,,,rand_similar,,,,,,,"ig,bertscore,ot,attention_weighted,dla,attention_standalone,retrieval_mark"
521,google/mt5-base,mT5-base,t5,1,abtt_optimal,hidden,mean,10,0.4371859296482412,0.9949748743718592,0.4371859296482412,,,1410,1412,/projects/beto/irowerojas/localLatin/data/canon_labelled/Can.apost.22/BAV1341.7r.16.txt,/projects/beto/irowerojas/localLatin/data/canon_labelled/Can.apost.22/Hat42.146r.4.txt,Can.apost.22,Can.apost.22,Can.apost.22,pair_example,1,,,,,rand_similar,,,,,,,"ig,bertscore,ot,attention_weighted,dla,attention_standalone,retrieval_mark"
522,google/mt5-base,mT5-base,t5,1,abtt_optimal,hidden,mean,10,0.4371859296482412,0.9949748743718592,0.4371859296482412,,,34,33,/projects/beto/irowerojas/localLatin/data/canon_labelled/CAGD.506.31/D1723.531.2.txt,/projects/beto/irowerojas/localLatin/data/canon_labelled/CAGD.506.31/Brn425.27v.6.txt,CAGD.506.31,CAGD.506.31,CAGD.506.31,pair_example,1,,,,,rand_similar,,,,,,,"ig,bertscore,ot,attention_weighted,dla,attention_standalone,retrieval_mark"
523,google/mt5-base,mT5-base,t5,1,abtt_optimal,hidden,mean,10,0.4371859296482412,0.9949748743718592,0.4371859296482412,,,869,875,/projects/beto/irowerojas/localLatin/data/canon_labelled/CNIC.325.3/BN1454.46v.3.txt,/projects/beto/irowerojas/localLatin/data/canon_labelled/CNIC.325.3/KoeD213.12r.1.txt,CNIC.325.3,CNIC.325.3,CNIC.325.3,pair_example,1,,,,,rand_similar,,,,,,,"ig,bertscore,ot,attention_weighted,dla,attention_standalone,retrieval_mark"
524,google/mt5-base,mT5-base,t5,1,abtt_optimal,hidden,mean,10,0.4371859296482412,0.9949748743718592,0.4371859296482412,,,832,833,/projects/beto/irowerojas/localLatin/data/canon_labelled/CNIC.325.16/BN2123.86r.1.txt,/projects/beto/irowerojas/localLatin/data/canon_labelled/CNIC.325.16/BN2123.86r.2.txt,CNIC.325.16,CNIC.325.16,CNIC.325.16,pair_example,1,,,,,rand_similar,,,,,,,"ig,bertscore,ot,attention_weighted,dla,attention_standalone,retrieval_mark"
525,google/mt5-base,mT5-base,t5,1,abtt_optimal,hidden,mean,10,0.4371859296482412,0.9949748743718592,0.4371859296482412,,,1516,1518,/projects/beto/irowerojas/localLatin/data/canon_labelled/Can.apost.41/BAV1341.7v.11.txt,/projects/beto/irowerojas/localLatin/data/canon_labelled/Can.apost.41/Hat42.148r.3.txt,Can.apost.41,Can.apost.41,Can.apost.41,pair_example,1,,,,,rand_similar,,,,,,,"ig,bertscore,ot,attention_weighted,dla,attention_standalone,retrieval_mark"
526,google/mt5-base,mT5-base,t5,1,abtt_optimal,hidden,mean,10,0.4371859296482412,0.9949748743718592,0.4371859296482412,,,1547,1546,/projects/beto/irowerojas/localLatin/data/canon_labelled/Can.apost.46/Vat5845.10r.5.txt,/projects/beto/irowerojas/localLatin/data/canon_labelled/Can.apost.46/KoeD213.9v.6.txt,Can.apost.46,Can.apost.46,Can.apost.46,pair_example,1,,,,,rand_similar,,,,,,,"ig,bertscore,ot,attention_weighted,dla,attention_standalone,retrieval_mark"
527,google/mt5-base,mT5-base,t5,1,abtt_optimal,hidden,mean,10,0.4371859296482412,0.9949748743718592,0.4371859296482412,,,208,205,/projects/beto/irowerojas/localLatin/data/canon_labelled/CANC.314.6/Hat42.157v.1.txt,/projects/beto/irowerojas/localLatin/data/canon_labelled/CANC.314.6/BAV1341.11v.2.txt,CANC.314.6,CANC.314.6,CANC.314.6,pair_example,1,,,,,rand_similar,,,,,,,"ig,bertscore,ot,attention_weighted,dla,attention_standalone,retrieval_mark"
528,google/mt5-base,mT5-base,t5,1,abtt_optimal,hidden,mean,10,0.4371859296482412,0.9949748743718592,0.4371859296482412,,,269,270,/projects/beto/irowerojas/localLatin/data/canon_labelled/CANT.328.18/C1525.29v.2.txt,/projects/beto/irowerojas/localLatin/data/canon_labelled/CANT.328.18/Hat42.171v.1.txt,CANT.328.18,CANT.328.18,CANT.328.18,pair_example,1,,,,,rand_similar,,,,,,,"ig,bertscore,ot,attention_weighted,dla,attention_standalone,retrieval_mark"
529,google/mt5-base,mT5-base,t5,1,abtt_optimal,hidden,mean,10,0.4371859296482412,0.9949748743718592,0.4371859296482412,,,469,468,/projects/beto/irowerojas/localLatin/data/canon_labelled/CCHA.451.27/D1723.527.2.txt,/projects/beto/irowerojas/localLatin/data/canon_labelled/CCHA.451.27/Brn425.23v.3.txt,CCHA.451.27,CCHA.451.27,CCHA.451.27,pair_example,1,,,,,rand_similar,,,,,,,"ig,bertscore,ot,attention_weighted,dla,attention_standalone,retrieval_mark"
530,google/mt5-base,mT5-base,t5,1,abtt_optimal,hidden,mean,10,0.4371859296482412,0.9949748743718592,0.4371859296482412,,,1462,1461,/projects/beto/irowerojas/localLatin/data/canon_labelled/Can.apost.31/Hat42.147r.1.txt,/projects/beto/irowerojas/localLatin/data/canon_labelled/Can.apost.31/C1525.6r.6.txt,Can.apost.31,Can.apost.31,Can.apost.31,pair_example,1,,,,,rand_similar,,,,,,,"ig,bertscore,ot,attention_weighted,dla,attention_standalone,retrieval_mark"
531,google/mt5-base,mT5-base,t5,1,abtt_optimal,hidden,mean,10,0.4371859296482412,0.9949748743718592,0.4371859296482412,,,1549,1552,/projects/beto/irowerojas/localLatin/data/canon_labelled/Can.apost.47/C1525.7v.4.txt,/projects/beto/irowerojas/localLatin/data/canon_labelled/Can.apost.47/Vat5845.10r.6.txt,Can.apost.47,Can.apost.47,Can.apost.47,pair_example,1,,,,,rand_similar,,,,,,,"ig,bertscore,ot,attention_weighted,dla,attention_standalone,retrieval_mark"
532,google/mt5-base,mT5-base,t5,1,abtt_optimal,hidden,mean,10,0.4371859296482412,0.9949748743718592,0.4371859296482412,,,195,194,/projects/beto/irowerojas/localLatin/data/canon_labelled/CANC.314.4/Brn425.17r.3.txt,/projects/beto/irowerojas/localLatin/data/canon_labelled/CANC.314.4/BN1454.56v.5.txt,CANC.314.4,CANC.314.4,CANC.314.4,pair_example,1,,,,,rand_similar,,,,,,,"ig,bertscore,ot,attention_weighted,dla,attention_standalone,retrieval_mark"
533,google/mt5-base,mT5-base,t5,1,abtt_optimal,hidden,mean,10,0.4371859296482412,0.9949748743718592,0.4371859296482412,,,750,751,/projects/beto/irowerojas/localLatin/data/canon_labelled/CNEO.315.2/Hat42.160v.7.txt,/projects/beto/irowerojas/localLatin/data/canon_labelled/CNEO.315.2/KoeD213.25v.2.txt,CNEO.315.2,CNEO.315.2,CNEO.315.2,pair_example,1,,,,,rand_similar,,,,,,,"ig,bertscore,ot,attention_weighted,dla,attention_standalone,retrieval_mark"
534,google/mt5-base,mT5-base,t5,1,abtt_optimal,hidden,mean,10,0.4371859296482412,0.9949748743718592,0.4371859296482412,,,1535,1533,/projects/beto/irowerojas/localLatin/data/canon_labelled/Can.apost.44/Hat42.148v.3.txt,/projects/beto/irowerojas/localLatin/data/canon_labelled/Can.apost.44/BAV1341.7v.14.txt,Can.apost.44,Can.apost.44,Can.apost.44,pair_example,1,,,,,rand_similar,,,,,,,"ig,bertscore,ot,attention_weighted,dla,attention_standalone,retrieval_mark"
535,google/mt5-base,mT5-base,t5,1,abtt_optimal,hidden,mean,10,0.4371859296482412,0.9949748743718592,0.4371859296482412,,,795,792,/projects/beto/irowerojas/localLatin/data/canon_labelled/CNIC.325.1/KoeD213.11r.2.txt,/projects/beto/irowerojas/localLatin/data/canon_labelled/CNIC.325.1/BN2123.76v.6.txt,CNIC.325.1,CNIC.325.1,CNIC.325.1,pair_example,1,,,,,rand_similar,,,,,,,"ig,bertscore,ot,attention_weighted,dla,attention_standalone,retrieval_mark"
536,google/mt5-base,mT5-base,t5,1,abtt_optimal,hidden,mean,10,0.4371859296482412,0.9949748743718592,0.4371859296482412,,,559,558,/projects/beto/irowerojas/localLatin/data/canon_labelled/CGAN.355.2/KoeD213.29r.2.txt,/projects/beto/irowerojas/localLatin/data/canon_labelled/CGAN.355.2/Hat42.164v.1.txt,CGAN.355.2,CGAN.355.2,CGAN.355.2,pair_example,1,,,,,rand_similar,,,,,,,"ig,bertscore,ot,attention_weighted,dla,attention_standalone,retrieval_mark"
537,google/mt5-base,mT5-base,t5,1,abtt_optimal,hidden,mean,10,0.4371859296482412,0.9949748743718592,0.4371859296482412,,,216,215,/projects/beto/irowerojas/localLatin/data/canon_labelled/CANC.314.8/BN1454.57r.3.txt,/projects/beto/irowerojas/localLatin/data/canon_labelled/CANC.314.8/BAV1341.11v.4.txt,CANC.314.8,CANC.314.8,CANC.314.8,pair_example,1,,,,,rand_similar,,,,,,,"ig,bertscore,ot,attention_weighted,dla,attention_standalone,retrieval_mark"
538,google/mt5-base,mT5-base,t5,1,abtt_optimal,hidden,mean,10,0.4371859296482412,0.9949748743718592,0.4371859296482412,,,138,133,/projects/beto/irowerojas/localLatin/data/canon_labelled/CANC.314.19/Hat42.159v.1.txt,/projects/beto/irowerojas/localLatin/data/canon_labelled/CANC.314.19/BAV1341.12r.6.txt,CANC.314.19,CANC.314.19,CANC.314.19,pair_example,1,,,,,rand_similar,,,,,,,"ig,bertscore,ot,attention_weighted,dla,attention_standalone,retrieval_mark"
539,google/mt5-base,mT5-base,t5,1,abtt_optimal,hidden,mean,10,0.4371859296482412,0.9949748743718592,0.4371859296482412,,,716,714,/projects/beto/irowerojas/localLatin/data/canon_labelled/CNEO.315.11/C1525.23r.4.txt,/projects/beto/irowerojas/localLatin/data/canon_labelled/CNEO.315.11/BAV1341.13r.4.txt,CNEO.315.11,CNEO.315.11,CNEO.315.11,pair_example,1,,,,,rand_similar,,,,,,,"ig,bertscore,ot,attention_weighted,dla,attention_standalone,retrieval_mark"
540,google/mt5-base,mT5-base,t5,1,abtt_optimal,hidden,mean,10,0.4371859296482412,0.9949748743718592,0.4371859296482412,,,93,91,/projects/beto/irowerojas/localLatin/data/canon_labelled/CANC.314.12/C1525.20r.4.txt,/projects/beto/irowerojas/localLatin/data/canon_labelled/CANC.314.12/BAV1341.11v.8.txt,CANC.314.12,CANC.314.12,CANC.314.12,pair_example,1,,,,,rand_similar,,,,,,,"ig,bertscore,ot,attention_weighted,dla,attention_standalone,retrieval_mark"
541,google/mt5-base,mT5-base,t5,1,abtt_optimal,hidden,mean,10,0.4371859296482412,0.9949748743718592,0.4371859296482412,,,1524,1527,/projects/beto/irowerojas/localLatin/data/canon_labelled/Can.apost.42/C1525.7r.4.txt,/projects/beto/irowerojas/localLatin/data/canon_labelled/Can.apost.42/Vat5845.10r.1.txt,Can.apost.42,Can.apost.42,Can.apost.42,pair_example,1,,,,,rand_similar,,,,,,,"ig,bertscore,ot,attention_weighted,dla,attention_standalone,retrieval_mark"
542,google/mt5-base,mT5-base,t5,1,abtt_optimal,hidden,mean,10,0.4371859296482412,0.9949748743718592,0.4371859296482412,,,1105,1104,/projects/beto/irowerojas/localLatin/data/canon_labelled/CTOL.397.8/BAVPal575.4r.2.txt,/projects/beto/irowerojas/localLatin/data/canon_labelled/CTOL.397.8/BAV1341.62v.1.txt,CTOL.397.8,CTOL.397.8,CTOL.397.8,pair_example,1,,,,,rand_similar,,,,,,,"ig,bertscore,ot,attention_weighted,dla,attention_standalone,retrieval_mark"
543,google/mt5-base,mT5-base,t5,1,abtt_optimal,hidden,mean,10,0.4371859296482412,0.9949748743718592,0.4371859296482412,,,1080,1081,/projects/beto/irowerojas/localLatin/data/canon_labelled/CTOL.397.16/BAV1341.62v.9.txt,/projects/beto/irowerojas/localLatin/data/canon_labelled/CTOL.397.16/BAVPal575.4r.10.txt,CTOL.397.16,CTOL.397.16,CTOL.397.16,pair_example,1,,,,,rand_similar,,,,,,,"ig,bertscore,ot,attention_weighted,dla,attention_standalone,retrieval_mark"
544,google/mt5-base,mT5-base,t5,1,abtt_optimal,hidden,mean,10,0.4371859296482412,0.9949748743718592,0.4371859296482412,,,777,776,/projects/beto/irowerojas/localLatin/data/canon_labelled/CNEO.315.7/C1525.22v.7.txt,/projects/beto/irowerojas/localLatin/data/canon_labelled/CNEO.315.7/BN1454.58v.4.txt,CNEO.315.7,CNEO.315.7,CNEO.315.7,pair_example,1,,,,,rand_similar,,,,,,,"ig,bertscore,ot,attention_weighted,dla,attention_standalone,retrieval_mark"
545,google/mt5-base,mT5-base,t5,1,abtt_optimal,hidden,mean,10,0.4371859296482412,0.9949748743718592,0.4371859296482412,,,344,343,/projects/beto/irowerojas/localLatin/data/canon_labelled/CARL.314.11/BN2123.98r.6.txt,/projects/beto/irowerojas/localLatin/data/canon_labelled/CARL.314.11/BAV1341.45r.33.txt,CARL.314.11,CARL.314.11,CARL.314.11,pair_example,1,,,,,rand_similar,,,,,,,"ig,bertscore,ot,attention_weighted,dla,attention_standalone,retrieval_mark"
546,google/mt5-base,mT5-base,t5,1,abtt_optimal,hidden,mean,10,0.4371859296482412,0.9949748743718592,0.4371859296482412,,,583,585,/projects/beto/irowerojas/localLatin/data/canon_labelled/CGAN.355.7/BN1454.59v.6.txt,/projects/beto/irowerojas/localLatin/data/canon_labelled/CGAN.355.7/Brn425.36r.5.txt,CGAN.355.7,CGAN.355.7,CGAN.355.7,pair_example,1,,,,,rand_similar,,,,,,,"ig,bertscore,ot,attention_weighted,dla,attention_standalone,retrieval_mark"
547,google/mt5-base,mT5-base,t5,1,abtt_optimal,hidden,mean,10,0.4371859296482412,0.9949748743718592,0.4371859296482412,,,321,322,/projects/beto/irowerojas/localLatin/data/canon_labelled/CANT.328.6/Brn425.34v.5.txt,/projects/beto/irowerojas/localLatin/data/canon_labelled/CANT.328.6/C1525.28r.3.txt,CANT.328.6,CANT.328.6,CANT.328.6,pair_example,1,,,,,rand_similar,,,,,,,"ig,bertscore,ot,attention_weighted,dla,attention_standalone,retrieval_mark"
548,google/mt5-base,mT5-base,t5,1,abtt_optimal,hidden,mean,10,0.4371859296482412,0.9949748743718592,0.4371859296482412,,,671,672,/projects/beto/irowerojas/localLatin/data/canon_labelled/CLAO.300.52/Brn425.21v.5.txt,/projects/beto/irowerojas/localLatin/data/canon_labelled/CLAO.300.52/D1723.525.7.txt,CLAO.300.52,CLAO.300.52,CLAO.300.52,pair_example,1,,,,,rand_similar,,,,,,,"ig,bertscore,ot,attention_weighted,dla,attention_standalone,retrieval_mark"
549,google/mt5-base,mT5-base,t5,1,abtt_optimal,hidden,mean,10,0.4371859296482412,0.9949748743718592,0.4371859296482412,,,277,276,/projects/beto/irowerojas/localLatin/data/canon_labelled/CANT.328.2/BN2123.92r.7.txt,/projects/beto/irowerojas/localLatin/data/canon_labelled/CANT.328.2/BAV1341.16v.27.txt,CANT.328.2,CANT.328.2,CANT.328.2,pair_example,1,,,,,rand_similar,,,,,,,"ig,bertscore,ot,attention_weighted,dla,attention_standalone,retrieval_mark"
550,google/mt5-base,mT5-base,t5,1,abtt_optimal,hidden,mean,10,0.4371859296482412,0.9949748743718592,0.4371859296482412,,,832,834,/projects/beto/irowerojas/localLatin/data/canon_labelled/CNIC.325.16/BN2123.86r.1.txt,/projects/beto/irowerojas/localLatin/data/canon_labelled/CNIC.325.16/Brn425.57r.1.txt,CNIC.325.16,CNIC.325.16,CNIC.325.16,pair_example,1,,,,,rand_similar,,,,,,,"ig,bertscore,ot,attention_weighted,dla,attention_standalone,retrieval_mark"
551,google/mt5-base,mT5-base,t5,1,abtt_optimal,hidden,mean,10,0.4371859296482412,0.9949748743718592,0.4371859296482412,,,746,744,/projects/beto/irowerojas/localLatin/data/canon_labelled/CNEO.315.2/BN2123.98r.9.txt,/projects/beto/irowerojas/localLatin/data/canon_labelled/CNEO.315.2/BAV1341.12v.17.txt,CNEO.315.2,CNEO.315.2,CNEO.315.2,pair_example,1,,,,,rand_similar,,,,,,,"ig,bertscore,ot,attention_weighted,dla,attention_standalone,retrieval_mark"
552,google/mt5-base,mT5-base,t5,1,abtt_optimal,hidden,mean,10,0.4371859296482412,0.9949748743718592,0.4371859296482412,,,201,204,/projects/beto/irowerojas/localLatin/data/canon_labelled/CANC.314.5/BN1454.56v.6.txt,/projects/beto/irowerojas/localLatin/data/canon_labelled/CANC.314.5/KoeD213.21v.1.txt,CANC.314.5,CANC.314.5,CANC.314.5,pair_example,1,,,,,rand_similar,,,,,,,"ig,bertscore,ot,attention_weighted,dla,attention_standalone,retrieval_mark"
553,google/mt5-base,mT5-base,t5,1,abtt_optimal,hidden,mean,10,0.4371859296482412,0.9949748743718592,0.4371859296482412,,,1528,1529,/projects/beto/irowerojas/localLatin/data/canon_labelled/Can.apost.43/BAV1341.7v.13.txt,/projects/beto/irowerojas/localLatin/data/canon_labelled/Can.apost.43/C1525.7r.5.txt,Can.apost.43,Can.apost.43,Can.apost.43,pair_example,1,,,,,rand_similar,,,,,,,"ig,bertscore,ot,attention_weighted,dla,attention_standalone,retrieval_mark"
554,google/mt5-base,mT5-base,t5,1,abtt_optimal,hidden,mean,10,0.4371859296482412,0.9949748743718592,0.4371859296482412,,,125,124,/projects/beto/irowerojas/localLatin/data/canon_labelled/CANC.314.17/KoeD213.24r.1.txt,/projects/beto/irowerojas/localLatin/data/canon_labelled/CANC.314.17/Hat42.159r.2.txt,CANC.314.17,CANC.314.17,CANC.314.17,pair_example,1,,,,,rand_similar,,,,,,,"ig,bertscore,ot,attention_weighted,dla,attention_standalone,retrieval_mark"
555,google/mt5-base,mT5-base,t5,1,abtt_optimal,hidden,mean,10,0.4371859296482412,0.9949748743718592,0.4371859296482412,,,1446,1448,/projects/beto/irowerojas/localLatin/data/canon_labelled/Can.apost.29/C1525.6r.4.txt,/projects/beto/irowerojas/localLatin/data/canon_labelled/Can.apost.29/KoeD213.7r.4.txt,Can.apost.29,Can.apost.29,Can.apost.29,pair_example,1,,,,,rand_similar,,,,,,,"ig,bertscore,ot,attention_weighted,dla,attention_standalone,retrieval_mark"
556,google/mt5-base,mT5-base,t5,1,abtt_optimal,hidden,mean,10,0.4371859296482412,0.9949748743718592,0.4371859296482412,,,568,571,/projects/beto/irowerojas/localLatin/data/canon_labelled/CGAN.355.4/Brn425.57r.6.txt,/projects/beto/irowerojas/localLatin/data/canon_labelled/CGAN.355.4/Hat42.164v.3.txt,CGAN.355.4,CGAN.355.4,CGAN.355.4,pair_example,1,,,,,rand_similar,,,,,,,"ig,bertscore,ot,attention_weighted,dla,attention_standalone,retrieval_mark"
557,google/mt5-base,mT5-base,t5,1,abtt_optimal,hidden,mean,10,0.4371859296482412,0.9949748743718592,0.4371859296482412,,,219,215,/projects/beto/irowerojas/localLatin/data/canon_labelled/CANC.314.8/KoeD213.22r.2.txt,/projects/beto/irowerojas/localLatin/data/canon_labelled/CANC.314.8/BAV1341.11v.4.txt,CANC.314.8,CANC.314.8,CANC.314.8,pair_example,1,,,,,rand_similar,,,,,,,"ig,bertscore,ot,attention_weighted,dla,attention_standalone,retrieval_mark"
558,google/mt5-base,mT5-base,t5,1,abtt_optimal,hidden,mean,10,0.4371859296482412,0.9949748743718592,0.4371859296482412,,,152,153,/projects/beto/irowerojas/localLatin/data/canon_labelled/CANC.314.20/Hat42.159v.2.txt,/projects/beto/irowerojas/localLatin/data/canon_labelled/CANC.314.20/KoeD213.24r.4.txt,CANC.314.20,CANC.314.20,CANC.314.20,pair_example,1,,,,,rand_similar,,,,,,,"ig,bertscore,ot,attention_weighted,dla,attention_standalone,retrieval_mark"
559,google/mt5-base,mT5-base,t5,1,abtt_optimal,hidden,mean,10,0.4371859296482412,0.9949748743718592,0.4371859296482412,,,734,732,/projects/beto/irowerojas/localLatin/data/canon_labelled/CNEO.315.13/D1723.556.3.txt,/projects/beto/irowerojas/localLatin/data/canon_labelled/CNEO.315.13/Brn425.56v.2.txt,CNEO.315.13,CNEO.315.13,CNEO.315.13,pair_example,1,,,,,rand_similar,,,,,,,"ig,bertscore,ot,attention_weighted,dla,attention_standalone,retrieval_mark"
560,google/mt5-base,mT5-base,t5,1,abtt_optimal,hidden,mean,10,0.4371859296482412,0.9949748743718592,0.4371859296482412,,,1462,1460,/projects/beto/irowerojas/localLatin/data/canon_labelled/Can.apost.31/Hat42.147r.1.txt,/projects/beto/irowerojas/localLatin/data/canon_labelled/Can.apost.31/BAV1341.7v.1.txt,Can.apost.31,Can.apost.31,Can.apost.31,pair_example,1,,,,,rand_similar,,,,,,,"ig,bertscore,ot,attention_weighted,dla,attention_standalone,retrieval_mark"
561,google/mt5-base,mT5-base,t5,1,abtt_optimal,hidden,mean,10,0.4371859296482412,0.9949748743718592,0.4371859296482412,,,326,328,/projects/beto/irowerojas/localLatin/data/canon_labelled/CANT.328.7/BN2123.86v.2.txt,/projects/beto/irowerojas/localLatin/data/canon_labelled/CANT.328.7/Hat42.169r.3.txt,CANT.328.7,CANT.328.7,CANT.328.7,pair_example,1,,,,,rand_similar,,,,,,,"ig,bertscore,ot,attention_weighted,dla,attention_standalone,retrieval_mark"
562,google/mt5-base,mT5-base,t5,1,abtt_optimal,hidden,mean,10,0.4371859296482412,0.9949748743718592,0.4371859296482412,,,1098,1097,/projects/beto/irowerojas/localLatin/data/canon_labelled/CTOL.397.5/WlfH1062.9r.3.txt,/projects/beto/irowerojas/localLatin/data/canon_labelled/CTOL.397.5/BAVPal575.3v.5.txt,CTOL.397.5,CTOL.397.5,CTOL.397.5,pair_example,1,,,,,rand_similar,,,,,,,"ig,bertscore,ot,attention_weighted,dla,attention_standalone,retrieval_mark"
563,google/mt5-base,mT5-base,t5,1,abtt_optimal,hidden,mean,10,0.4371859296482412,0.9949748743718592,0.4371859296482412,,,302,300,/projects/beto/irowerojas/localLatin/data/canon_labelled/CANT.328.24/D1723.543.2.txt,/projects/beto/irowerojas/localLatin/data/canon_labelled/CANT.328.24/Brn425.41v.2.txt,CANT.328.24,CANT.328.24,CANT.328.24,pair_example,1,,,,,rand_similar,,,,,,,"ig,bertscore,ot,attention_weighted,dla,attention_standalone,retrieval_mark"
564,google/mt5-base,mT5-base,t5,1,abtt_optimal,hidden,mean,10,0.4371859296482412,0.9949748743718592,0.4371859296482412,,,819,820,/projects/beto/irowerojas/localLatin/data/canon_labelled/CNIC.325.13/Hat42.153v.1.txt,/projects/beto/irowerojas/localLatin/data/canon_labelled/CNIC.325.13/KoeD213.14v.1.txt,CNIC.325.13,CNIC.325.13,CNIC.325.13,pair_example,1,,,,,rand_similar,,,,,,,"ig,bertscore,ot,attention_weighted,dla,attention_standalone,retrieval_mark"
565,google/mt5-base,mT5-base,t5,1,abtt_optimal,hidden,mean,10,0.4371859296482412,0.9949748743718592,0.4371859296482412,,,48,49,/projects/beto/irowerojas/localLatin/data/canon_labelled/CAGD.506.41/Brn425.53v.3.txt,/projects/beto/irowerojas/localLatin/data/canon_labelled/CAGD.506.41/D1723.553.3.txt,CAGD.506.41,CAGD.506.41,CAGD.506.41,pair_example,1,,,,,rand_similar,,,,,,,"ig,bertscore,ot,attention_weighted,dla,attention_standalone,retrieval_mark"
566,google/mt5-base,mT5-base,t5,1,abtt_optimal,hidden,mean,10,0.4371859296482412,0.9949748743718592,0.4371859296482412,,,89,86,/projects/beto/irowerojas/localLatin/data/canon_labelled/CANC.314.11/Hat42.158r.2.txt,/projects/beto/irowerojas/localLatin/data/canon_labelled/CANC.314.11/BAV1341.11v.7.txt,CANC.314.11,CANC.314.11,CANC.314.11,pair_example,1,,,,,rand_similar,,,,,,,"ig,bertscore,ot,attention_weighted,dla,attention_standalone,retrieval_mark"
567,google/mt5-base,mT5-base,t5,1,abtt_optimal,hidden,mean,10,0.4371859296482412,0.9949748743718592,0.4371859296482412,,,1264,1265,/projects/beto/irowerojas/localLatin/data/canon_labelled/CTOL.655.10/BAV1341.95r.3.txt,/projects/beto/irowerojas/localLatin/data/canon_labelled/CTOL.655.10/WlfH1062.14r.1.txt,CTOL.655.10,CTOL.655.10,CTOL.655.10,pair_example,1,,,,,rand_similar,,,,,,,"ig,bertscore,ot,attention_weighted,dla,attention_standalone,retrieval_mark"
568,google/mt5-base,mT5-base,t5,1,abtt_optimal,hidden,mean,10,0.4371859296482412,0.9949748743718592,0.4371859296482412,,,638,639,/projects/beto/irowerojas/localLatin/data/canon_labelled/CLAO.300.1/Brn425.24v.4.txt,/projects/beto/irowerojas/localLatin/data/canon_labelled/CLAO.300.1/D1723.528.2.txt,CLAO.300.1,CLAO.300.1,CLAO.300.1,pair_example,1,,,,,rand_similar,,,,,,,"ig,bertscore,ot,attention_weighted,dla,attention_standalone,retrieval_mark"
569,google/mt5-base,mT5-base,t5,1,abtt_optimal,hidden,mean,10,0.4371859296482412,0.9949748743718592,0.4371859296482412,,,1509,1507,/projects/beto/irowerojas/localLatin/data/canon_labelled/Can.apost.4/KoeD213.4v.7.txt,/projects/beto/irowerojas/localLatin/data/canon_labelled/Can.apost.4/C1525.4v.2.txt,Can.apost.4,Can.apost.4,Can.apost.4,pair_example,1,,,,,rand_similar,,,,,,,"ig,bertscore,ot,attention_weighted,dla,attention_standalone,retrieval_mark"
570,google/mt5-base,mT5-base,t5,1,abtt_optimal,hidden,mean,10,0.4371859296482412,0.9949748743718592,0.4371859296482412,,,134,136,/projects/beto/irowerojas/localLatin/data/canon_labelled/CANC.314.19/BN1454.58r.1.txt,/projects/beto/irowerojas/localLatin/data/canon_labelled/CANC.314.19/C1525.21r.2.txt,CANC.314.19,CANC.314.19,CANC.314.19,pair_example,1,,,,,rand_similar,,,,,,,"ig,bertscore,ot,attention_weighted,dla,attention_standalone,retrieval_mark"
571,google/mt5-base,mT5-base,t5,1,abtt_optimal,hidden,mean,10,0.4371859296482412,0.9949748743718592,0.4371859296482412,,,251,252,/projects/beto/irowerojas/localLatin/data/canon_labelled/CANT.328.14/C1525.29r.2.txt,/projects/beto/irowerojas/localLatin/data/canon_labelled/CANT.328.14/Hat42.170v.2.txt,CANT.328.14,CANT.328.14,CANT.328.14,pair_example,1,,,,,rand_similar,,,,,,,"ig,bertscore,ot,attention_weighted,dla,attention_standalone,retrieval_mark"
572,google/mt5-base,mT5-base,t5,1,abtt_optimal,hidden,mean,10,0.4371859296482412,0.9949748743718592,0.4371859296482412,,,137,133,/projects/beto/irowerojas/localLatin/data/canon_labelled/CANC.314.19/D1723.525.4.txt,/projects/beto/irowerojas/localLatin/data/canon_labelled/CANC.314.19/BAV1341.12r.6.txt,CANC.314.19,CANC.314.19,CANC.314.19,pair_example,1,,,,,rand_similar,,,,,,,"ig,bertscore,ot,attention_weighted,dla,attention_standalone,retrieval_mark"
573,google/mt5-base,mT5-base,t5,1,abtt_optimal,hidden,mean,10,0.4371859296482412,0.9949748743718592,0.4371859296482412,,,653,652,/projects/beto/irowerojas/localLatin/data/canon_labelled/CLAO.300.23/D1723.554.11.txt,/projects/beto/irowerojas/localLatin/data/canon_labelled/CLAO.300.23/Brn425.55r.4.txt,CLAO.300.23,CLAO.300.23,CLAO.300.23,pair_example,1,,,,,rand_similar,,,,,,,"ig,bertscore,ot,attention_weighted,dla,attention_standalone,retrieval_mark"
574,google/mt5-base,mT5-base,t5,1,abtt_optimal,hidden,mean,10,0.4371859296482412,0.9949748743718592,0.4371859296482412,,,1508,1510,/projects/beto/irowerojas/localLatin/data/canon_labelled/Can.apost.4/Hat42.144r.4.txt,/projects/beto/irowerojas/localLatin/data/canon_labelled/Can.apost.4/Vat5845.7r.7.txt,Can.apost.4,Can.apost.4,Can.apost.4,pair_example,1,,,,,rand_similar,,,,,,,"ig,bertscore,ot,attention_weighted,dla,attention_standalone,retrieval_mark"
575,google/mt5-base,mT5-base,t5,1,abtt_optimal,hidden,mean,10,0.4371859296482412,0.9949748743718592,0.4371859296482412,,,145,146,/projects/beto/irowerojas/localLatin/data/canon_labelled/CANC.314.20/BAV1341.12r.7.txt,/projects/beto/irowerojas/localLatin/data/canon_labelled/CANC.314.20/BN1454.58r.2.txt,CANC.314.20,CANC.314.20,CANC.314.20,pair_example,1,,,,,rand_similar,,,,,,,"ig,bertscore,ot,attention_weighted,dla,attention_standalone,retrieval_mark"
576,google/mt5-base,mT5-base,t5,1,abtt_optimal,hidden,mean,10,0.4371859296482412,0.9949748743718592,0.4371859296482412,,,1518,1519,/projects/beto/irowerojas/localLatin/data/canon_labelled/Can.apost.41/Hat42.148r.3.txt,/projects/beto/irowerojas/localLatin/data/canon_labelled/Can.apost.41/KoeD213.9r.1.txt,Can.apost.41,Can.apost.41,Can.apost.41,pair_example,1,,,,,rand_similar,,,,,,,"ig,bertscore,ot,attention_weighted,dla,attention_standalone,retrieval_mark"
577,google/mt5-base,mT5-base,t5,1,abtt_optimal,hidden,mean,10,0.4371859296482412,0.9949748743718592,0.4371859296482412,,,751,744,/projects/beto/irowerojas/localLatin/data/canon_labelled/CNEO.315.2/KoeD213.25v.2.txt,/projects/beto/irowerojas/localLatin/data/canon_labelled/CNEO.315.2/BAV1341.12v.17.txt,CNEO.315.2,CNEO.315.2,CNEO.315.2,pair_example,1,,,,,rand_similar,,,,,,,"ig,bertscore,ot,attention_weighted,dla,attention_standalone,retrieval_mark"
578,google/mt5-base,mT5-base,t5,1,abtt_optimal,hidden,mean,10,0.4371859296482412,0.9949748743718592,0.4371859296482412,,,921,923,/projects/beto/irowerojas/localLatin/data/canon_labelled/CORA.441.14/BAV1341.49v.25.txt,/projects/beto/irowerojas/localLatin/data/canon_labelled/CORA.441.14/D1723.546.2.txt,CORA.441.14,CORA.441.14,CORA.441.14,pair_example,1,,,,,rand_similar,,,,,,,"ig,bertscore,ot,attention_weighted,dla,attention_standalone,retrieval_mark"
579,google/mt5-base,mT5-base,t5,1,abtt_optimal,hidden,mean,10,0.4371859296482412,0.9949748743718592,0.4371859296482412,,,917,916,/projects/beto/irowerojas/localLatin/data/canon_labelled/CORA.441.11/BN2123.89r.7.txt,/projects/beto/irowerojas/localLatin/data/canon_labelled/CORA.441.11/BAV1341.49v.22.txt,CORA.441.11,CORA.441.11,CORA.441.11,pair_example,1,,,,,rand_similar,,,,,,,"ig,bertscore,ot,attention_weighted,dla,attention_standalone,retrieval_mark"
580,google/mt5-base,mT5-base,t5,1,abtt_optimal,hidden,mean,10,0.4371859296482412,0.9949748743718592,0.4371859296482412,,,878,882,/projects/beto/irowerojas/localLatin/data/canon_labelled/CNIC.325.4/BN2123.81v.6.txt,/projects/beto/irowerojas/localLatin/data/canon_labelled/CNIC.325.4/Hat42.151r.2.txt,CNIC.325.4,CNIC.325.4,CNIC.325.4,pair_example,1,,,,,rand_similar,,,,,,,"ig,bertscore,ot,attention_weighted,dla,attention_standalone,retrieval_mark"
581,google/mt5-base,mT5-base,t5,1,abtt_optimal,hidden,mean,10,0.4371859296482412,0.9949748743718592,0.4371859296482412,,,514,512,/projects/beto/irowerojas/localLatin/data/canon_labelled/CGAN.355.10/Hat42.165r.3.txt,/projects/beto/irowerojas/localLatin/data/canon_labelled/CGAN.355.10/BN1454.59v.9.txt,CGAN.355.10,CGAN.355.10,CGAN.355.10,pair_example,1,,,,,rand_similar,,,,,,,"ig,bertscore,ot,attention_weighted,dla,attention_standalone,retrieval_mark"
582,google/mt5-base,mT5-base,t5,1,abtt_optimal,hidden,mean,10,0.4371859296482412,0.9949748743718592,0.4371859296482412,,,1094,1095,/projects/beto/irowerojas/localLatin/data/canon_labelled/CTOL.397.4/BAV1341.62r.11.txt,/projects/beto/irowerojas/localLatin/data/canon_labelled/CTOL.397.4/BAVPal575.3v.4.txt,CTOL.397.4,CTOL.397.4,CTOL.397.4,pair_example,1,,,,,rand_similar,,,,,,,"ig,bertscore,ot,attention_weighted,dla,attention_standalone,retrieval_mark"
583,google/mt5-base,mT5-base,t5,1,abtt_optimal,hidden,mean,10,0.4371859296482412,0.9949748743718592,0.4371859296482412,,,550,551,/projects/beto/irowerojas/localLatin/data/canon_labelled/CGAN.355.18/Hat42.165v.6.txt,/projects/beto/irowerojas/localLatin/data/canon_labelled/CGAN.355.18/KoeD213.30v.3.txt,CGAN.355.18,CGAN.355.18,CGAN.355.18,pair_example,1,,,,,rand_similar,,,,,,,"ig,bertscore,ot,attention_weighted,dla,attention_standalone,retrieval_mark"
584,google/mt5-base,mT5-base,t5,1,abtt_optimal,hidden,mean,10,0.4371859296482412,0.9949748743718592,0.4371859296482412,,,707,709,/projects/beto/irowerojas/localLatin/data/canon_labelled/CNEO.315.10/BAV1341.13r.3.txt,/projects/beto/irowerojas/localLatin/data/canon_labelled/CNEO.315.10/Brn425.20r.4.txt,CNEO.315.10,CNEO.315.10,CNEO.315.10,pair_example,1,,,,,rand_similar,,,,,,,"ig,bertscore,ot,attention_weighted,dla,attention_standalone,retrieval_mark"
585,google/mt5-base,mT5-base,t5,1,abtt_optimal,hidden,mean,10,0.4371859296482412,0.9949748743718592,0.4371859296482412,,,833,834,/projects/beto/irowerojas/localLatin/data/canon_labelled/CNIC.325.16/BN2123.86r.2.txt,/projects/beto/irowerojas/localLatin/data/canon_labelled/CNIC.325.16/Brn425.57r.1.txt,CNIC.325.16,CNIC.325.16,CNIC.325.16,pair_example,1,,,,,rand_similar,,,,,,,"ig,bertscore,ot,attention_weighted,dla,attention_standalone,retrieval_mark"
586,google/mt5-base,mT5-base,t5,1,abtt_optimal,hidden,mean,10,0.4371859296482412,0.9949748743718592,0.4371859296482412,,,1030,1029,/projects/beto/irowerojas/localLatin/data/canon_labelled/CORL.549.19/WlfH1062.5r.1.txt,/projects/beto/irowerojas/localLatin/data/canon_labelled/CORL.549.19/BN2123.97v.8.txt,CORL.549.19,CORL.549.19,CORL.549.19,pair_example,1,,,,,rand_similar,,,,,,,"ig,bertscore,ot,attention_weighted,dla,attention_standalone,retrieval_mark"
587,google/mt5-base,mT5-base,t5,1,abtt_optimal,hidden,mean,10,0.4371859296482412,0.9949748743718592,0.4371859296482412,,,462,461,/projects/beto/irowerojas/localLatin/data/canon_labelled/CCHA.451.21/D1723.535.1.txt,/projects/beto/irowerojas/localLatin/data/canon_labelled/CCHA.451.21/Brn425.32r.3.txt,CCHA.451.21,CCHA.451.21,CCHA.451.21,pair_example,1,,,,,rand_similar,,,,,,,"ig,bertscore,ot,attention_weighted,dla,attention_standalone,retrieval_mark"
588,google/mt5-base,mT5-base,t5,1,abtt_optimal,hidden,mean,10,0.4371859296482412,0.9949748743718592,0.4371859296482412,,,132,131,/projects/beto/irowerojas/localLatin/data/canon_labelled/CANC.314.18/KoeD213.24r.2.txt,/projects/beto/irowerojas/localLatin/data/canon_labelled/CANC.314.18/Hat42.159r.3.txt,CANC.314.18,CANC.314.18,CANC.314.18,pair_example,1,,,,,rand_similar,,,,,,,"ig,bertscore,ot,attention_weighted,dla,attention_standalone,retrieval_mark"
589,google/mt5-base,mT5-base,t5,1,abtt_optimal,hidden,mean,10,0.4371859296482412,0.9949748743718592,0.4371859296482412,,,1579,1577,/projects/beto/irowerojas/localLatin/data/canon_labelled/Can.apost.6/KoeD213.5r.2.txt,/projects/beto/irowerojas/localLatin/data/canon_labelled/Can.apost.6/C1525.4v.4.txt,Can.apost.6,Can.apost.6,Can.apost.6,pair_example,1,,,,,rand_similar,,,,,,,"ig,bertscore,ot,attention_weighted,dla,attention_standalone,retrieval_mark"
590,google/mt5-base,mT5-base,t5,1,abtt_optimal,hidden,mean,10,0.4371859296482412,0.9949748743718592,0.4371859296482412,,,959,961,/projects/beto/irowerojas/localLatin/data/canon_labelled/CORL.511.15/BAV1341.55r.3.txt,/projects/beto/irowerojas/localLatin/data/canon_labelled/CORL.511.15/Brn425.39r.3.txt,CORL.511.15,CORL.511.15,CORL.511.15,pair_example,1,,,,,rand_similar,,,,,,,"ig,bertscore,ot,attention_weighted,dla,attention_standalone,retrieval_mark"
591,google/mt5-base,mT5-base,t5,1,abtt_optimal,hidden,mean,10,0.4371859296482412,0.9949748743718592,0.4371859296482412,,,840,841,/projects/beto/irowerojas/localLatin/data/canon_labelled/CNIC.325.17/BN2123.96r.5.txt,/projects/beto/irowerojas/localLatin/data/canon_labelled/CNIC.325.17/C1525.13r.3.txt,CNIC.325.17,CNIC.325.17,CNIC.325.17,pair_example,1,,,,,rand_similar,,,,,,,"ig,bertscore,ot,attention_weighted,dla,attention_standalone,retrieval_mark"
592,google/mt5-base,mT5-base,t5,1,abtt_optimal,hidden,mean,10,0.4371859296482412,0.9949748743718592,0.4371859296482412,,,1378,1376,/projects/beto/irowerojas/localLatin/data/canon_labelled/Can.apost.16/Vat5845.8r.1.txt,/projects/beto/irowerojas/localLatin/data/canon_labelled/Can.apost.16/Hat42.145v.2.txt,Can.apost.16,Can.apost.16,Can.apost.16,pair_example,1,,,,,rand_similar,,,,,,,"ig,bertscore,ot,attention_weighted,dla,attention_standalone,retrieval_mark"
593,google/mt5-base,mT5-base,t5,1,abtt_optimal,hidden,mean,10,0.4371859296482412,0.9949748743718592,0.4371859296482412,,,750,746,/projects/beto/irowerojas/localLatin/data/canon_labelled/CNEO.315.2/Hat42.160v.7.txt,/projects/beto/irowerojas/localLatin/data/canon_labelled/CNEO.315.2/BN2123.98r.9.txt,CNEO.315.2,CNEO.315.2,CNEO.315.2,pair_example,1,,,,,rand_similar,,,,,,,"ig,bertscore,ot,attention_weighted,dla,attention_standalone,retrieval_mark"
594,google/mt5-base,mT5-base,t5,1,abtt_optimal,hidden,mean,10,0.4371859296482412,0.9949748743718592,0.4371859296482412,,,1514,1515,/projects/beto/irowerojas/localLatin/data/canon_labelled/Can.apost.40/KoeD213.8v.3.txt,/projects/beto/irowerojas/localLatin/data/canon_labelled/Can.apost.40/Vat5845.9v.3.txt,Can.apost.40,Can.apost.40,Can.apost.40,pair_example,1,,,,,rand_similar,,,,,,,"ig,bertscore,ot,attention_weighted,dla,attention_standalone,retrieval_mark"
595,google/mt5-base,mT5-base,t5,1,abtt_optimal,hidden,mean,10,0.4371859296482412,0.9949748743718592,0.4371859296482412,,,458,459,/projects/beto/irowerojas/localLatin/data/canon_labelled/CCHA.451.2/Brn425.58r.2.txt,/projects/beto/irowerojas/localLatin/data/canon_labelled/CCHA.451.2/D1723.558.1.txt,CCHA.451.2,CCHA.451.2,CCHA.451.2,pair_example,1,,,,,rand_similar,,,,,,,"ig,bertscore,ot,attention_weighted,dla,attention_standalone,retrieval_mark"
596,google/mt5-base,mT5-base,t5,1,abtt_optimal,hidden,mean,10,0.4371859296482412,0.9949748743718592,0.4371859296482412,,,1396,1397,/projects/beto/irowerojas/localLatin/data/canon_labelled/Can.apost.2/Hat42.144r.2.txt,/projects/beto/irowerojas/localLatin/data/canon_labelled/Can.apost.2/KoeD213.4v.5.txt,Can.apost.2,Can.apost.2,Can.apost.2,pair_example,1,,,,,rand_similar,,,,,,,"ig,bertscore,ot,attention_weighted,dla,attention_standalone,retrieval_mark"
597,google/mt5-base,mT5-base,t5,1,abtt_optimal,hidden,mean,10,0.4371859296482412,0.9949748743718592,0.4371859296482412,,,847,845,/projects/beto/irowerojas/localLatin/data/canon_labelled/CNIC.325.18/C1525.13r.4.txt,/projects/beto/irowerojas/localLatin/data/canon_labelled/CNIC.325.18/BN2123.87v.8.txt,CNIC.325.18,CNIC.325.18,CNIC.325.18,pair_example,1,,,,,rand_similar,,,,,,,"ig,bertscore,ot,attention_weighted,dla,attention_standalone,retrieval_mark"
598,google/mt5-base,mT5-base,t5,1,abtt_optimal,hidden,mean,10,0.4371859296482412,0.9949748743718592,0.4371859296482412,,,808,807,/projects/beto/irowerojas/localLatin/data/canon_labelled/CNIC.325.12/BN2123.100r.5.txt,/projects/beto/irowerojas/localLatin/data/canon_labelled/CNIC.325.12/BN1454.48r.2.txt,CNIC.325.12,CNIC.325.12,CNIC.325.12,pair_example,1,,,,,rand_similar,,,,,,,"ig,bertscore,ot,attention_weighted,dla,attention_standalone,retrieval_mark"
599,google/mt5-base,mT5-base,t5,1,abtt_optimal,hidden,mean,10,0.4371859296482412,0.9949748743718592,0.4371859296482412,,,707,712,/projects/beto/irowerojas/localLatin/data/canon_labelled/CNEO.315.10/BAV1341.13r.3.txt,/projects/beto/irowerojas/localLatin/data/canon_labelled/CNEO.315.10/Hat42.161v.1.txt,CNEO.315.10,CNEO.315.10,CNEO.315.10,pair_example,1,,,,,rand_similar,,,,,,,"ig,bertscore,ot,attention_weighted,dla,attention_standalone,retrieval_mark"
600,google/mt5-base,mT5-base,t5,1,abtt_optimal,hidden,mean,10,0.4371859296482412,0.9949748743718592,0.4371859296482412,,,698,697,/projects/beto/irowerojas/localLatin/data/canon_labelled/CNEO.315./D1723.557.1.txt,/projects/beto/irowerojas/localLatin/data/canon_labelled/CNEO.315./Brn425.57r.4.txt,CNEO.315.,CNEO.315.,CNEO.315.,pair_example,1,,,,,rand_similar,,,,,,,"ig,bertscore,ot,attention_weighted,dla,attention_standalone,retrieval_mark"
